policy,profile,seed,deadline_ms,frames,mean_latency_ms,p95_latency_ms,p99_latency_ms,max_latency_ms,mean_final_latency_ms,deadline_miss_rate,mean_output_confidence,usable_confidence_proxy,total_bandwidth_kb,bandwidth_per_frame_kb,bandwidth_per_1000_frames_kb,fallback_rate,reuse_rate,stale_acceptance_rate,remote_attempt_rate,remote_success_rate,remote_accept_rate,remote_accepted_per_frame,remote_rejected_deadline_rate,remote_rejected_freshness_rate,remote_failed_loss_rate,remote_unreachable_rate,pct_local_fast,pct_edge_accurate,pct_hybrid,pct_degraded_safe,mode_switches,mode_switches_per_1000
local_only,stable,100,100.0,1000,25.279403323317702,33.96035223762113,34.73962355895296,34.988775105687154,25.279403323317702,0.0,0.7265268897628933,0.7265268897628933,0.0,0.0,0.0,0.0,0.0,0.0,0.0,0.0,0.0,0.0,0.0,0.0,0.0,0.0,100.0,0.0,0.0,0.0,0,0.0
edge_only,stable,100,100.0,1000,106.73843083952504,133.15476439951445,134.65661206008934,134.87078683707244,106.73843083952504,0.512,0.7975273110848559,0.42632796099977804,25000.0,25.0,25000.0,0.512,0.0,0.0,1.0,0.989,0.488,0.488,0.501,0.0,0.011,0.0,0.0,100.0,0.0,0.0,0,0.0
cloud_only,stable,100,100.0,1000,125.27940332331771,133.96035223762112,134.73962355895296,134.98877510568715,125.27940332331771,1.0,0.7265268897628933,0.0,35000.0,35.0,35000.0,1.0,0.0,0.0,1.0,0.993,0.0,0.0,0.993,0.0,0.007,0.0,0.0,100.0,0.0,0.0,0,0.0
dapper,stable,100,100.0,1000,25.279403323317702,33.96035223762113,34.73962355895296,34.988775105687154,51.53514833678389,0.0,0.7265268897628933,0.792417917211626,21350.0,21.35,21350.0,0.0,0.0,0.0,0.854,0.9918032786885246,0.4953161592505855,0.423,0.4964871194379391,0.0,0.00819672131147541,0.0,14.6,0.0,85.39999999999999,0.0,259,259.0
deadline_greedy,stable,100,100.0,1000,25.279403323317702,33.96035223762113,34.73962355895296,34.988775105687154,25.279403323317702,0.0,0.7265268897628933,0.7265268897628933,0.0,0.0,0.0,0.0,0.0,0.0,0.0,0.0,0.0,0.0,0.0,0.0,0.0,0.0,100.0,0.0,0.0,0.0,0,0.0
confidence_deadline,stable,100,100.0,1000,25.279403323317702,33.96035223762113,34.73962355895296,34.988775105687154,25.279403323317702,0.0,0.7265268897628933,0.7265268897628933,0.0,0.0,0.0,0.0,0.0,0.0,0.0,0.0,0.0,0.0,0.0,0.0,0.0,0.0,100.0,0.0,0.0,0.0,0,0.0
rtt_threshold,stable,100,100.0,1000,25.279403323317702,33.96035223762113,34.73962355895296,34.988775105687154,25.279403323317702,0.0,0.7265268897628933,0.7265268897628933,0.0,0.0,0.0,0.0,0.0,0.0,0.0,0.0,0.0,0.0,0.0,0.0,0.0,0.0,100.0,0.0,0.0,0.0,0,0.0
oracle_feasible,stable,100,100.0,1000,55.538430839525034,97.41926364455749,99.45192583722417,99.96467990585603,55.538430839525034,0.0,0.7975273110848559,0.7975273110848559,12200.0,12.2,12200.0,0.0,0.0,0.0,0.488,1.0,1.0,0.488,0.0,0.0,0.0,0.0,51.2,48.8,0.0,0.0,484,484.0
local_only,stable,101,100.0,1000,24.820657080469697,33.96040511204254,34.788072376532675,34.99828909781833,24.820657080469697,0.0,0.7249338588619687,0.7249338588619687,0.0,0.0,0.0,0.0,0.0,0.0,0.0,0.0,0.0,0.0,0.0,0.0,0.0,0.0,100.0,0.0,0.0,0.0,0,0.0
edge_only,stable,101,100.0,1000,105.23285853009577,132.8934416176251,134.49242049382806,134.99828909781831,105.23285853009577,0.477,0.8032529537777608,0.45747116307205377,25000.0,25.0,25000.0,0.477,0.0,0.0,1.0,0.99,0.523,0.523,0.467,0.0,0.01,0.0,0.0,100.0,0.0,0.0,0,0.0
cloud_only,stable,101,100.0,1000,124.8206570804697,133.96040511204254,134.78807237653268,134.99828909781831,124.8206570804697,1.0,0.7249338588619687,0.0,35000.0,35.0,35000.0,1.0,0.0,0.0,1.0,0.997,0.0,0.0,0.997,0.0,0.003,0.0,0.0,100.0,0.0,0.0,0,0.0
dapper,stable,101,100.0,1000,24.820657080469697,33.96040511204254,34.788072376532675,34.99828909781833,53.53675771177409,0.0,0.7249338588619687,0.7978649635318986,21700.0,21.7,21700.0,0.0,0.0,0.0,0.868,0.9896313364055299,0.5288018433179723,0.459,0.4608294930875576,0.0,0.010368663594470046,0.0,13.200000000000001,0.0,86.8,0.0,231,231.0
deadline_greedy,stable,101,100.0,1000,24.820657080469697,33.96040511204254,34.788072376532675,34.99828909781833,24.820657080469697,0.0,0.7249338588619687,0.7249338588619687,0.0,0.0,0.0,0.0,0.0,0.0,0.0,0.0,0.0,0.0,0.0,0.0,0.0,0.0,100.0,0.0,0.0,0.0,0,0.0
confidence_deadline,stable,101,100.0,1000,24.820657080469697,33.96040511204254,34.788072376532675,34.99828909781833,24.820657080469697,0.0,0.7249338588619687,0.7249338588619687,0.0,0.0,0.0,0.0,0.0,0.0,0.0,0.0,0.0,0.0,0.0,0.0,0.0,0.0,100.0,0.0,0.0,0.0,0,0.0
rtt_threshold,stable,101,100.0,1000,24.820657080469697,33.96040511204254,34.788072376532675,34.99828909781833,24.820657080469697,0.0,0.7249338588619687,0.7249338588619687,0.0,0.0,0.0,0.0,0.0,0.0,0.0,0.0,0.0,0.0,0.0,0.0,0.0,0.0,100.0,0.0,0.0,0.0,0,0.0
oracle_feasible,stable,101,100.0,1000,57.532858530095766,97.25789167991198,99.55104637242388,99.93542911409344,57.532858530095766,0.0,0.8032529537777608,0.8032529537777608,13075.0,13.075,13075.0,0.0,0.0,0.0,0.523,1.0,1.0,0.523,0.0,0.0,0.0,0.0,47.699999999999996,52.300000000000004,0.0,0.0,506,506.0
local_only,stable,102,100.0,1000,24.835880473076735,33.70682378335116,34.74818297607158,34.965240972972765,24.835880473076735,0.0,0.727324394359075,0.727324394359075,0.0,0.0,0.0,0.0,0.0,0.0,0.0,0.0,0.0,0.0,0.0,0.0,0.0,0.0,100.0,0.0,0.0,0.0,0,0.0
edge_only,stable,102,100.0,1000,104.68670183537698,132.32707388173262,134.5321330596091,134.85872690967577,104.68670183537698,0.479,0.8069662402478758,0.45747807009296027,25000.0,25.0,25000.0,0.479,0.0,0.0,1.0,0.99,0.521,0.521,0.469,0.0,0.01,0.0,0.0,100.0,0.0,0.0,0,0.0
cloud_only,stable,102,100.0,1000,124.83588047307674,133.70682378335115,134.7481829760716,134.96524097297277,124.83588047307674,1.0,0.727324394359075,0.0,35000.0,35.0,35000.0,1.0,0.0,0.0,1.0,0.992,0.0,0.0,0.992,0.0,0.008,0.0,0.0,100.0,0.0,0.0,0,0.0
dapper,stable,102,100.0,1000,24.835880473076735,33.70682378335116,34.74818297607158,34.965240972972765,51.8627260021259,0.0,0.727324394359075,0.800034845226407,20900.0,20.9,20900.0,0.0,0.0,0.0,0.836,0.992822966507177,0.5263157894736842,0.44,0.4665071770334928,0.0,0.007177033492822967,0.0,16.400000000000002,0.0,83.6,0.0,284,284.0
deadline_greedy,stable,102,100.0,1000,24.835880473076735,33.70682378335116,34.74818297607158,34.965240972972765,24.835880473076735,0.0,0.727324394359075,0.727324394359075,0.0,0.0,0.0,0.0,0.0,0.0,0.0,0.0,0.0,0.0,0.0,0.0,0.0,0.0,100.0,0.0,0.0,0.0,0,0.0
confidence_deadline,stable,102,100.0,1000,24.835880473076735,33.70682378335116,34.74818297607158,34.965240972972765,24.835880473076735,0.0,0.727324394359075,0.727324394359075,0.0,0.0,0.0,0.0,0.0,0.0,0.0,0.0,0.0,0.0,0.0,0.0,0.0,0.0,100.0,0.0,0.0,0.0,0,0.0
rtt_threshold,stable,102,100.0,1000,24.835880473076735,33.70682378335116,34.74818297607158,34.965240972972765,24.835880473076735,0.0,0.727324394359075,0.727324394359075,0.0,0.0,0.0,0.0,0.0,0.0,0.0,0.0,0.0,0.0,0.0,0.0,0.0,0.0,100.0,0.0,0.0,0.0,0,0.0
oracle_feasible,stable,102,100.0,1000,56.78670183537698,97.29990149168188,99.61919577919697,99.99287041643481,56.78670183537698,0.0,0.8069662402478758,0.8069662402478758,13025.0,13.025,13025.0,0.0,0.0,0.0,0.521,1.0,1.0,0.521,0.0,0.0,0.0,0.0,47.9,52.1,0.0,0.0,495,495.0
local_only,stable,103,100.0,1000,24.972078044518216,34.293187186352334,34.89307765319619,34.99802137082616,24.972078044518216,0.0,0.7236659440861409,0.7236659440861409,0.0,0.0,0.0,0.0,0.0,0.0,0.0,0.0,0.0,0.0,0.0,0.0,0.0,0.0,100.0,0.0,0.0,0.0,0,0.0
edge_only,stable,103,100.0,1000,104.47162987433781,132.82712163108778,134.58642332367074,134.99802137082617,104.47162987433781,0.465,0.8049199076525545,0.46840056911051803,25000.0,25.0,25000.0,0.465,0.0,0.0,1.0,0.99,0.535,0.535,0.455,0.0,0.01,0.0,0.0,100.0,0.0,0.0,0,0.0
cloud_only,stable,103,100.0,1000,124.97207804451821,134.29318718635236,134.8930776531962,134.99802137082617,124.97207804451821,1.0,0.7236659440861409,0.0,35000.0,35.0,35000.0,1.0,0.0,0.0,1.0,0.993,0.0,0.0,0.993,0.0,0.007,0.0,0.0,100.0,0.0,0.0,0,0.0
dapper,stable,103,100.0,1000,24.972078044518216,34.293187186352334,34.89307765319619,34.99802137082616,53.372703891643845,0.0,0.7236659440861409,0.7991290672988378,21525.0,21.525,21525.0,0.0,0.0,0.0,0.861,0.9883855981416957,0.5342624854819977,0.46,0.454123112659698,0.0,0.011614401858304297,0.0,13.900000000000002,0.0,86.1,0.0,237,237.0
deadline_greedy,stable,103,100.0,1000,24.972078044518216,34.293187186352334,34.89307765319619,34.99802137082616,24.972078044518216,0.0,0.7236659440861409,0.7236659440861409,0.0,0.0,0.0,0.0,0.0,0.0,0.0,0.0,0.0,0.0,0.0,0.0,0.0,0.0,100.0,0.0,0.0,0.0,0,0.0
confidence_deadline,stable,103,100.0,1000,24.972078044518216,34.293187186352334,34.89307765319619,34.99802137082616,24.972078044518216,0.0,0.7236659440861409,0.7236659440861409,0.0,0.0,0.0,0.0,0.0,0.0,0.0,0.0,0.0,0.0,0.0,0.0,0.0,0.0,100.0,0.0,0.0,0.0,0,0.0
rtt_threshold,stable,103,100.0,1000,24.972078044518216,34.293187186352334,34.89307765319619,34.99802137082616,24.972078044518216,0.0,0.7236659440861409,0.7236659440861409,0.0,0.0,0.0,0.0,0.0,0.0,0.0,0.0,0.0,0.0,0.0,0.0,0.0,0.0,100.0,0.0,0.0,0.0,0,0.0
oracle_feasible,stable,103,100.0,1000,57.97162987433782,97.06669181125064,99.64152832967919,99.94440270696336,57.97162987433782,0.0,0.8049199076525545,0.8049199076525545,13375.0,13.375,13375.0,0.0,0.0,0.0,0.535,1.0,1.0,0.535,0.0,0.0,0.0,0.0,46.5,53.5,0.0,0.0,480,480.0
local_only,stable,104,100.0,1000,24.98622097286207,33.860115377670134,34.74837408619961,34.98656616097203,24.98622097286207,0.0,0.7240926018777877,0.7240926018777877,0.0,0.0,0.0,0.0,0.0,0.0,0.0,0.0,0.0,0.0,0.0,0.0,0.0,0.0,100.0,0.0,0.0,0.0,0,0.0
edge_only,stable,104,100.0,1000,106.16948485185432,132.7801771601493,134.46232822327607,134.96157453832586,106.16948485185432,0.507,0.7955304872992183,0.4285441259472964,25000.0,25.0,25000.0,0.507,0.0,0.0,1.0,0.99,0.493,0.493,0.497,0.0,0.01,0.0,0.0,100.0,0.0,0.0,0,0.0
cloud_only,stable,104,100.0,1000,124.98622097286207,133.86011537767013,134.74837408619962,134.98656616097202,124.98622097286207,1.0,0.7240926018777877,0.0,35000.0,35.0,35000.0,1.0,0.0,0.0,1.0,0.991,0.0,0.0,0.991,0.0,0.009,0.0,0.0,100.0,0.0,0.0,0,0.0
dapper,stable,104,100.0,1000,24.98622097286207,33.860115377670134,34.74837408619961,34.98656616097203,51.037343944723006,0.0,0.7240926018777877,0.7898578469524961,21900.0,21.9,21900.0,0.0,0.0,0.0,0.876,0.9920091324200914,0.4794520547945205,0.42,0.5125570776255708,0.0,0.007990867579908675,0.0,12.4,0.0,87.6,0.0,220,220.0
deadline_greedy,stable,104,100.0,1000,24.98622097286207,33.860115377670134,34.74837408619961,34.98656616097203,24.98622097286207,0.0,0.7240926018777877,0.7240926018777877,0.0,0.0,0.0,0.0,0.0,0.0,0.0,0.0,0.0,0.0,0.0,0.0,0.0,0.0,100.0,0.0,0.0,0.0,0,0.0
confidence_deadline,stable,104,100.0,1000,24.98622097286207,33.860115377670134,34.74837408619961,34.98656616097203,24.98622097286207,0.0,0.7240926018777877,0.7240926018777877,0.0,0.0,0.0,0.0,0.0,0.0,0.0,0.0,0.0,0.0,0.0,0.0,0.0,0.0,100.0,0.0,0.0,0.0,0,0.0
rtt_threshold,stable,104,100.0,1000,24.98622097286207,33.860115377670134,34.74837408619961,34.98656616097203,24.98622097286207,0.0,0.7240926018777877,0.7240926018777877,0.0,0.0,0.0,0.0,0.0,0.0,0.0,0.0,0.0,0.0,0.0,0.0,0.0,0.0,100.0,0.0,0.0,0.0,0,0.0
oracle_feasible,stable,104,100.0,1000,55.46948485185432,97.10246884026466,99.55270045583732,99.95590014068037,55.46948485185432,0.0,0.7955304872992183,0.7955304872992183,12325.0,12.325,12325.0,0.0,0.0,0.0,0.493,1.0,1.0,0.493,0.0,0.0,0.0,0.0,50.7,49.3,0.0,0.0,495,495.0
local_only,stable,105,100.0,1000,24.85634769037545,33.82025179084476,34.62504012903672,34.93314580405199,24.85634769037545,0.0,0.7262361051095783,0.7262361051095783,0.0,0.0,0.0,0.0,0.0,0.0,0.0,0.0,0.0,0.0,0.0,0.0,0.0,0.0,100.0,0.0,0.0,0.0,0,0.0
edge_only,stable,105,100.0,1000,105.38973286328965,132.856653682397,134.31918363574712,134.93218081177963,105.38973286328965,0.487,0.8023095380631553,0.4487845969569811,25000.0,25.0,25000.0,0.487,0.0,0.0,1.0,0.99,0.513,0.513,0.477,0.0,0.01,0.0,0.0,100.0,0.0,0.0,0,0.0
cloud_only,stable,105,100.0,1000,124.85634769037544,133.82025179084474,134.62504012903673,134.933145804052,124.85634769037544,1.0,0.7262361051095783,0.0,35000.0,35.0,35000.0,1.0,0.0,0.0,1.0,0.991,0.0,0.0,0.991,0.0,0.009,0.0,0.0,100.0,0.0,0.0,0,0.0
dapper,stable,105,100.0,1000,24.85634769037545,33.82025179084476,34.62504012903672,34.93314580405199,51.59710330911793,0.0,0.7262361051095783,0.7959250227091806,21250.0,21.25,21250.0,0.0,0.0,0.0,0.85,0.9905882352941177,0.5105882352941177,0.434,0.48,0.0,0.009411764705882352,0.0,15.0,0.0,85.0,0.0,256,256.0
deadline_greedy,stable,105,100.0,1000,24.85634769037545,33.82025179084476,34.62504012903672,34.93314580405199,24.85634769037545,0.0,0.7262361051095783,0.7262361051095783,0.0,0.0,0.0,0.0,0.0,0.0,0.0,0.0,0.0,0.0,0.0,0.0,0.0,0.0,100.0,0.0,0.0,0.0,0,0.0
confidence_deadline,stable,105,100.0,1000,24.85634769037545,33.82025179084476,34.62504012903672,34.93314580405199,24.85634769037545,0.0,0.7262361051095783,0.7262361051095783,0.0,0.0,0.0,0.0,0.0,0.0,0.0,0.0,0.0,0.0,0.0,0.0,0.0,0.0,100.0,0.0,0.0,0.0,0,0.0
rtt_threshold,stable,105,100.0,1000,24.85634769037545,33.82025179084476,34.62504012903672,34.93314580405199,24.85634769037545,0.0,0.7262361051095783,0.7262361051095783,0.0,0.0,0.0,0.0,0.0,0.0,0.0,0.0,0.0,0.0,0.0,0.0,0.0,0.0,100.0,0.0,0.0,0.0,0,0.0
oracle_feasible,stable,105,100.0,1000,56.68973286328967,97.59552149900497,99.52339955638455,99.99946656959455,56.68973286328967,0.0,0.8023095380631553,0.8023095380631553,12825.0,12.825,12825.0,0.0,0.0,0.0,0.513,1.0,1.0,0.513,0.0,0.0,0.0,0.0,48.699999999999996,51.300000000000004,0.0,0.0,490,490.0
local_only,stable,106,100.0,1000,24.716410963251104,33.86074949026578,34.68730165917939,34.933586993197196,24.716410963251104,0.0,0.7229428904328138,0.7229428904328138,0.0,0.0,0.0,0.0,0.0,0.0,0.0,0.0,0.0,0.0,0.0,0.0,0.0,0.0,100.0,0.0,0.0,0.0,0,0.0
edge_only,stable,106,100.0,1000,105.34519597361763,132.45929219711033,134.24671536262272,134.90175616213577,105.34519597361763,0.48,0.8020520489183882,0.4549016892175814,25000.0,25.0,25000.0,0.48,0.0,0.0,1.0,0.992,0.52,0.52,0.472,0.0,0.008,0.0,0.0,100.0,0.0,0.0,0,0.0
cloud_only,stable,106,100.0,1000,124.7164109632511,133.8607494902658,134.68730165917938,134.9335869931972,124.7164109632511,1.0,0.7229428904328138,0.0,35000.0,35.0,35000.0,1.0,0.0,0.0,1.0,0.991,0.0,0.0,0.991,0.0,0.009,0.0,0.0,100.0,0.0,0.0,0,0.0
dapper,stable,106,100.0,1000,24.716410963251104,33.86074949026578,34.68730165917939,34.933586993197196,52.69637342008328,0.0,0.7229428904328138,0.7962430814491968,21425.0,21.425,21425.0,0.0,0.0,0.0,0.857,0.9918319719953326,0.5227537922987164,0.448,0.4690781796966161,0.0,0.008168028004667444,0.0,14.299999999999999,0.0,85.7,0.0,252,252.0
deadline_greedy,stable,106,100.0,1000,24.716410963251104,33.86074949026578,34.68730165917939,34.933586993197196,24.716410963251104,0.0,0.7229428904328138,0.7229428904328138,0.0,0.0,0.0,0.0,0.0,0.0,0.0,0.0,0.0,0.0,0.0,0.0,0.0,0.0,100.0,0.0,0.0,0.0,0,0.0
confidence_deadline,stable,106,100.0,1000,24.716410963251104,33.86074949026578,34.68730165917939,34.933586993197196,24.716410963251104,0.0,0.7229428904328138,0.7229428904328138,0.0,0.0,0.0,0.0,0.0,0.0,0.0,0.0,0.0,0.0,0.0,0.0,0.0,0.0,100.0,0.0,0.0,0.0,0,0.0
rtt_threshold,stable,106,100.0,1000,24.716410963251104,33.86074949026578,34.68730165917939,34.933586993197196,24.716410963251104,0.0,0.7229428904328138,0.7229428904328138,0.0,0.0,0.0,0.0,0.0,0.0,0.0,0.0,0.0,0.0,0.0,0.0,0.0,0.0,100.0,0.0,0.0,0.0,0,0.0
oracle_feasible,stable,106,100.0,1000,57.345195973617635,97.73766516628743,99.64672504922358,99.93590560440205,57.345195973617635,0.0,0.8020520489183882,0.8020520489183882,13000.0,13.0,13000.0,0.0,0.0,0.0,0.52,1.0,1.0,0.52,0.0,0.0,0.0,0.0,48.0,52.0,0.0,0.0,490,490.0
local_only,stable,107,100.0,1000,24.88557902804772,33.83424628214373,34.89267109559948,34.9936438529993,24.88557902804772,0.0,0.7245133185042392,0.7245133185042392,0.0,0.0,0.0,0.0,0.0,0.0,0.0,0.0,0.0,0.0,0.0,0.0,0.0,0.0,100.0,0.0,0.0,0.0,0,0.0
edge_only,stable,107,100.0,1000,105.50337617146596,132.48741712360993,134.58423417745837,134.9657272324397,105.50337617146596,0.481,0.8041775947303632,0.4556838064151667,25000.0,25.0,25000.0,0.481,0.0,0.0,1.0,0.989,0.519,0.519,0.47,0.0,0.011,0.0,0.0,100.0,0.0,0.0,0,0.0
cloud_only,stable,107,100.0,1000,124.88557902804772,133.8342462821437,134.89267109559947,134.9936438529993,124.88557902804772,1.0,0.7245133185042392,0.0,35000.0,35.0,35000.0,1.0,0.0,0.0,1.0,0.988,0.0,0.0,0.988,0.0,0.012,0.0,0.0,100.0,0.0,0.0,0,0.0
dapper,stable,107,100.0,1000,24.88557902804772,33.83424628214373,34.89267109559948,34.9936438529993,53.380353744565205,0.0,0.7245133185042392,0.7993133636844371,22025.0,22.025,22025.0,0.0,0.0,0.0,0.881,0.9886492622020431,0.5187287173666288,0.457,0.4699205448354143,0.0,0.011350737797956867,0.0,11.899999999999999,0.0,88.1,0.0,198,198.0
deadline_greedy,stable,107,100.0,1000,24.88557902804772,33.83424628214373,34.89267109559948,34.9936438529993,24.88557902804772,0.0,0.7245133185042392,0.7245133185042392,0.0,0.0,0.0,0.0,0.0,0.0,0.0,0.0,0.0,0.0,0.0,0.0,0.0,0.0,100.0,0.0,0.0,0.0,0,0.0
confidence_deadline,stable,107,100.0,1000,24.88557902804772,33.83424628214373,34.89267109559948,34.9936438529993,24.88557902804772,0.0,0.7245133185042392,0.7245133185042392,0.0,0.0,0.0,0.0,0.0,0.0,0.0,0.0,0.0,0.0,0.0,0.0,0.0,0.0,100.0,0.0,0.0,0.0,0,0.0
rtt_threshold,stable,107,100.0,1000,24.88557902804772,33.83424628214373,34.89267109559948,34.9936438529993,24.88557902804772,0.0,0.7245133185042392,0.7245133185042392,0.0,0.0,0.0,0.0,0.0,0.0,0.0,0.0,0.0,0.0,0.0,0.0,0.0,0.0,100.0,0.0,0.0,0.0,0,0.0
oracle_feasible,stable,107,100.0,1000,57.40337617146596,97.41224014232954,99.54068031472279,99.98590462447163,57.40337617146596,0.0,0.8041775947303632,0.8041775947303632,12975.0,12.975,12975.0,0.0,0.0,0.0,0.519,1.0,1.0,0.519,0.0,0.0,0.0,0.0,48.1,51.9,0.0,0.0,512,512.0
local_only,stable,108,100.0,1000,25.235897183714567,34.2868707566229,34.87218349603604,34.989690121554816,25.235897183714567,0.0,0.7254394152220247,0.7254394152220247,0.0,0.0,0.0,0.0,0.0,0.0,0.0,0.0,0.0,0.0,0.0,0.0,0.0,0.0,100.0,0.0,0.0,0.0,0,0.0
edge_only,stable,108,100.0,1000,106.14243581597466,133.0363034869318,134.73968005313682,134.95199263789533,106.14243581597466,0.501,0.8029251703471986,0.43843361365761213,25000.0,25.0,25000.0,0.501,0.0,0.0,1.0,0.988,0.499,0.499,0.489,0.0,0.012,0.0,0.0,100.0,0.0,0.0,0,0.0
cloud_only,stable,108,100.0,1000,125.23589718371456,134.2868707566229,134.87218349603603,134.98969012155482,125.23589718371456,1.0,0.7254394152220247,0.0,35000.0,35.0,35000.0,1.0,0.0,0.0,1.0,0.987,0.0,0.0,0.987,0.0,0.013,0.0,0.0,100.0,0.0,0.0,0,0.0
dapper,stable,108,100.0,1000,25.235897183714567,34.2868707566229,34.87218349603604,34.989690121554816,51.92467360201944,0.0,0.7254394152220247,0.7967132376294662,21500.0,21.5,21500.0,0.0,0.0,0.0,0.86,0.9872093023255814,0.5023255813953489,0.432,0.4848837209302326,0.0,0.012790697674418604,0.0,14.000000000000002,0.0,86.0,0.0,231,231.0
deadline_greedy,stable,108,100.0,1000,25.235897183714567,34.2868707566229,34.87218349603604,34.989690121554816,25.235897183714567,0.0,0.7254394152220247,0.7254394152220247,0.0,0.0,0.0,0.0,0.0,0.0,0.0,0.0,0.0,0.0,0.0,0.0,0.0,0.0,100.0,0.0,0.0,0.0,0,0.0
confidence_deadline,stable,108,100.0,1000,25.235897183714567,34.2868707566229,34.87218349603604,34.989690121554816,25.235897183714567,0.0,0.7254394152220247,0.7254394152220247,0.0,0.0,0.0,0.0,0.0,0.0,0.0,0.0,0.0,0.0,0.0,0.0,0.0,0.0,100.0,0.0,0.0,0.0,0,0.0
rtt_threshold,stable,108,100.0,1000,25.235897183714567,34.2868707566229,34.87218349603604,34.989690121554816,25.235897183714567,0.0,0.7254394152220247,0.7254394152220247,0.0,0.0,0.0,0.0,0.0,0.0,0.0,0.0,0.0,0.0,0.0,0.0,0.0,0.0,100.0,0.0,0.0,0.0,0,0.0
oracle_feasible,stable,108,100.0,1000,56.042435815974656,97.42237334970365,99.42385114513206,99.98356323898543,56.042435815974656,0.0,0.8029251703471986,0.8029251703471986,12475.0,12.475,12475.0,0.0,0.0,0.0,0.499,1.0,1.0,0.499,0.0,0.0,0.0,0.0,50.1,49.9,0.0,0.0,522,522.0
local_only,stable,109,100.0,1000,25.268964708760926,34.15910526808331,34.79620852522923,34.94284900848466,25.268964708760926,0.0,0.7225069831603355,0.7225069831603355,0.0,0.0,0.0,0.0,0.0,0.0,0.0,0.0,0.0,0.0,0.0,0.0,0.0,0.0,100.0,0.0,0.0,0.0,0,0.0
edge_only,stable,109,100.0,1000,106.47881528857747,133.14886098013875,134.5996764190314,134.94284900848464,106.47881528857747,0.501,0.7973055668677762,0.43655414927936553,25000.0,25.0,25000.0,0.501,0.0,0.0,1.0,0.987,0.499,0.499,0.488,0.0,0.013,0.0,0.0,100.0,0.0,0.0,0,0.0
cloud_only,stable,109,100.0,1000,125.26896470876093,134.15910526808332,134.79620852522922,134.94284900848464,125.26896470876093,1.0,0.7225069831603355,0.0,35000.0,35.0,35000.0,1.0,0.0,0.0,1.0,0.995,0.0,0.0,0.995,0.0,0.005,0.0,0.0,100.0,0.0,0.0,0,0.0
dapper,stable,109,100.0,1000,25.268964708760926,34.15910526808331,34.79620852522923,34.94284900848466,51.53790445445115,0.0,0.7225069831603355,0.7908717000411818,21775.0,21.775,21775.0,0.0,0.0,0.0,0.871,0.9850746268656716,0.4845005740528129,0.422,0.5005740528128588,0.0,0.014925373134328358,0.0,12.9,0.0,87.1,0.0,228,228.0
deadline_greedy,stable,109,100.0,1000,25.268964708760926,34.15910526808331,34.79620852522923,34.94284900848466,25.268964708760926,0.0,0.7225069831603355,0.7225069831603355,0.0,0.0,0.0,0.0,0.0,0.0,0.0,0.0,0.0,0.0,0.0,0.0,0.0,0.0,100.0,0.0,0.0,0.0,0,0.0
confidence_deadline,stable,109,100.0,1000,25.268964708760926,34.15910526808331,34.79620852522923,34.94284900848466,25.268964708760926,0.0,0.7225069831603355,0.7225069831603355,0.0,0.0,0.0,0.0,0.0,0.0,0.0,0.0,0.0,0.0,0.0,0.0,0.0,0.0,100.0,0.0,0.0,0.0,0,0.0
rtt_threshold,stable,109,100.0,1000,25.268964708760926,34.15910526808331,34.79620852522923,34.94284900848466,25.268964708760926,0.0,0.7225069831603355,0.7225069831603355,0.0,0.0,0.0,0.0,0.0,0.0,0.0,0.0,0.0,0.0,0.0,0.0,0.0,0.0,100.0,0.0,0.0,0.0,0,0.0
oracle_feasible,stable,109,100.0,1000,56.37881528857746,97.92925014786559,99.55592899487701,99.97702084981091,56.37881528857746,0.0,0.7973055668677762,0.7973055668677762,12475.0,12.475,12475.0,0.0,0.0,0.0,0.499,1.0,1.0,0.499,0.0,0.0,0.0,0.0,50.1,49.9,0.0,0.0,534,534.0
local_only,stable,110,100.0,1000,24.978043487255007,33.957417382454665,34.80033649104111,34.99011804008187,24.978043487255007,0.0,0.7239727698806182,0.7239727698806182,0.0,0.0,0.0,0.0,0.0,0.0,0.0,0.0,0.0,0.0,0.0,0.0,0.0,0.0,100.0,0.0,0.0,0.0,0,0.0
edge_only,stable,110,100.0,1000,105.76326702683136,133.14207905407991,134.7004342621706,134.99011804008188,105.76326702683136,0.498,0.7992950985226189,0.4387737515443482,25000.0,25.0,25000.0,0.498,0.0,0.0,1.0,0.984,0.502,0.502,0.482,0.0,0.016,0.0,0.0,100.0,0.0,0.0,0,0.0
cloud_only,stable,110,100.0,1000,124.978043487255,133.95741738245465,134.80033649104112,134.99011804008188,124.978043487255,1.0,0.7239727698806182,0.0,35000.0,35.0,35000.0,1.0,0.0,0.0,1.0,0.994,0.0,0.0,0.994,0.0,0.006,0.0,0.0,100.0,0.0,0.0,0,0.0
dapper,stable,110,100.0,1000,24.978043487255007,33.957417382454665,34.80033649104111,34.99011804008187,51.64725260956925,0.0,0.7239727698806182,0.7935801521646344,21400.0,21.4,21400.0,0.0,0.0,0.0,0.856,0.985981308411215,0.5035046728971962,0.431,0.4824766355140187,0.0,0.014018691588785047,0.0,14.399999999999999,0.0,85.6,0.0,261,261.0
deadline_greedy,stable,110,100.0,1000,24.978043487255007,33.957417382454665,34.80033649104111,34.99011804008187,24.978043487255007,0.0,0.7239727698806182,0.7239727698806182,0.0,0.0,0.0,0.0,0.0,0.0,0.0,0.0,0.0,0.0,0.0,0.0,0.0,0.0,100.0,0.0,0.0,0.0,0,0.0
confidence_deadline,stable,110,100.0,1000,24.978043487255007,33.957417382454665,34.80033649104111,34.99011804008187,24.978043487255007,0.0,0.7239727698806182,0.7239727698806182,0.0,0.0,0.0,0.0,0.0,0.0,0.0,0.0,0.0,0.0,0.0,0.0,0.0,0.0,100.0,0.0,0.0,0.0,0,0.0
rtt_threshold,stable,110,100.0,1000,24.978043487255007,33.957417382454665,34.80033649104111,34.99011804008187,24.978043487255007,0.0,0.7239727698806182,0.7239727698806182,0.0,0.0,0.0,0.0,0.0,0.0,0.0,0.0,0.0,0.0,0.0,0.0,0.0,0.0,100.0,0.0,0.0,0.0,0,0.0
oracle_feasible,stable,110,100.0,1000,55.963267026831346,96.86905989699393,99.40395153337323,99.99160638060678,55.963267026831346,0.0,0.7992950985226189,0.7992950985226189,12550.0,12.55,12550.0,0.0,0.0,0.0,0.502,1.0,1.0,0.502,0.0,0.0,0.0,0.0,49.8,50.2,0.0,0.0,487,487.0
local_only,stable,111,100.0,1000,25.491345575881343,33.99942489704205,34.77294614292747,34.98882482505357,25.491345575881343,0.0,0.7264559107913696,0.7264559107913696,0.0,0.0,0.0,0.0,0.0,0.0,0.0,0.0,0.0,0.0,0.0,0.0,0.0,0.0,100.0,0.0,0.0,0.0,0,0.0
edge_only,stable,111,100.0,1000,105.41149285476436,133.19749459179906,134.6464093319633,134.98882482505357,105.41149285476436,0.472,0.8057664818955173,0.46254213412647577,25000.0,25.0,25000.0,0.472,0.0,0.0,1.0,0.991,0.528,0.528,0.463,0.0,0.009,0.0,0.0,100.0,0.0,0.0,0,0.0
cloud_only,stable,111,100.0,1000,125.49134557588134,133.99942489704205,134.77294614292748,134.98882482505357,125.49134557588134,1.0,0.7264559107913696,0.0,35000.0,35.0,35000.0,1.0,0.0,0.0,1.0,0.987,0.0,0.0,0.987,0.0,0.013,0.0,0.0,100.0,0.0,0.0,0,0.0
dapper,stable,111,100.0,1000,25.491345575881343,33.99942489704205,34.77294614292747,34.98882482505357,52.77932606666301,0.0,0.7264559107913696,0.7988751227250941,20975.0,20.975,20975.0,0.0,0.0,0.0,0.839,0.9916567342073898,0.5256257449344458,0.441,0.466030989272944,0.0,0.00834326579261025,0.0,16.1,0.0,83.89999999999999,0.0,276,276.0
deadline_greedy,stable,111,100.0,1000,25.491345575881343,33.99942489704205,34.77294614292747,34.98882482505357,25.491345575881343,0.0,0.7264559107913696,0.7264559107913696,0.0,0.0,0.0,0.0,0.0,0.0,0.0,0.0,0.0,0.0,0.0,0.0,0.0,0.0,100.0,0.0,0.0,0.0,0,0.0
confidence_deadline,stable,111,100.0,1000,25.491345575881343,33.99942489704205,34.77294614292747,34.98882482505357,25.491345575881343,0.0,0.7264559107913696,0.7264559107913696,0.0,0.0,0.0,0.0,0.0,0.0,0.0,0.0,0.0,0.0,0.0,0.0,0.0,0.0,100.0,0.0,0.0,0.0,0,0.0
rtt_threshold,stable,111,100.0,1000,25.491345575881343,33.99942489704205,34.77294614292747,34.98882482505357,25.491345575881343,0.0,0.7264559107913696,0.7264559107913696,0.0,0.0,0.0,0.0,0.0,0.0,0.0,0.0,0.0,0.0,0.0,0.0,0.0,0.0,100.0,0.0,0.0,0.0,0,0.0
oracle_feasible,stable,111,100.0,1000,58.211492854764366,97.22955690364827,99.28322751488075,99.98933192887984,58.211492854764366,0.0,0.8057664818955173,0.8057664818955173,13200.0,13.2,13200.0,0.0,0.0,0.0,0.528,1.0,1.0,0.528,0.0,0.0,0.0,0.0,47.199999999999996,52.800000000000004,0.0,0.0,495,495.0
local_only,stable,112,100.0,1000,25.044635098675773,33.93678625080242,34.80594764992258,34.978994945141224,25.044635098675773,0.0,0.7245903067601731,0.7245903067601731,0.0,0.0,0.0,0.0,0.0,0.0,0.0,0.0,0.0,0.0,0.0,0.0,0.0,0.0,100.0,0.0,0.0,0.0,0,0.0
edge_only,stable,112,100.0,1000,105.54036132371513,132.87165480049612,134.46470677587956,134.9678063714935,105.54036132371513,0.483,0.8009226898693003,0.4515695013758096,25000.0,25.0,25000.0,0.483,0.0,0.0,1.0,0.992,0.517,0.517,0.475,0.0,0.008,0.0,0.0,100.0,0.0,0.0,0,0.0
cloud_only,stable,112,100.0,1000,125.04463509867576,133.9367862508024,134.8059476499226,134.9789949451412,125.04463509867576,1.0,0.7245903067601731,0.0,35000.0,35.0,35000.0,1.0,0.0,0.0,1.0,0.983,0.0,0.0,0.983,0.0,0.017,0.0,0.0,100.0,0.0,0.0,0,0.0
dapper,stable,112,100.0,1000,25.044635098675773,33.93678625080242,34.80594764992258,34.978994945141224,52.774438295965986,0.0,0.7245903067601731,0.7942867336915719,21700.0,21.7,21700.0,0.0,0.0,0.0,0.868,0.9919354838709677,0.5103686635944701,0.443,0.4815668202764977,0.0,0.008064516129032258,0.0,13.200000000000001,0.0,86.8,0.0,220,220.0
deadline_greedy,stable,112,100.0,1000,25.044635098675773,33.93678625080242,34.80594764992258,34.978994945141224,25.044635098675773,0.0,0.7245903067601731,0.7245903067601731,0.0,0.0,0.0,0.0,0.0,0.0,0.0,0.0,0.0,0.0,0.0,0.0,0.0,0.0,100.0,0.0,0.0,0.0,0,0.0
confidence_deadline,stable,112,100.0,1000,25.044635098675773,33.93678625080242,34.80594764992258,34.978994945141224,25.044635098675773,0.0,0.7245903067601731,0.7245903067601731,0.0,0.0,0.0,0.0,0.0,0.0,0.0,0.0,0.0,0.0,0.0,0.0,0.0,0.0,100.0,0.0,0.0,0.0,0,0.0
rtt_threshold,stable,112,100.0,1000,25.044635098675773,33.93678625080242,34.80594764992258,34.978994945141224,25.044635098675773,0.0,0.7245903067601731,0.7245903067601731,0.0,0.0,0.0,0.0,0.0,0.0,0.0,0.0,0.0,0.0,0.0,0.0,0.0,0.0,100.0,0.0,0.0,0.0,0,0.0
oracle_feasible,stable,112,100.0,1000,57.24036132371512,98.08923227432281,99.63918524730202,99.99701652765957,57.24036132371512,0.0,0.8009226898693003,0.8009226898693003,12925.0,12.925,12925.0,0.0,0.0,0.0,0.517,1.0,1.0,0.517,0.0,0.0,0.0,0.0,48.3,51.7,0.0,0.0,471,471.0
local_only,stable,113,100.0,1000,24.924957379086543,33.92528008813723,34.852479041190236,34.99387303551587,24.924957379086543,0.0,0.725184772552611,0.725184772552611,0.0,0.0,0.0,0.0,0.0,0.0,0.0,0.0,0.0,0.0,0.0,0.0,0.0,0.0,100.0,0.0,0.0,0.0,0,0.0
edge_only,stable,113,100.0,1000,106.21031668246768,133.0837726968204,134.83630651695333,134.99387303551586,106.21031668246768,0.512,0.7975242994668902,0.4263747360373735,25000.0,25.0,25000.0,0.512,0.0,0.0,1.0,0.985,0.488,0.488,0.497,0.0,0.015,0.0,0.0,100.0,0.0,0.0,0,0.0
cloud_only,stable,113,100.0,1000,124.92495737908654,133.9252800881372,134.85247904119024,134.99387303551586,124.92495737908654,1.0,0.725184772552611,0.0,35000.0,35.0,35000.0,1.0,0.0,0.0,1.0,0.988,0.0,0.0,0.988,0.0,0.012,0.0,0.0,100.0,0.0,0.0,0,0.0
dapper,stable,113,100.0,1000,24.924957379086543,33.92528008813723,34.852479041190236,34.99387303551587,50.565197370598845,0.0,0.725184772552611,0.7910288053494875,21600.0,21.6,21600.0,0.0,0.0,0.0,0.864,0.9826388888888888,0.48032407407407407,0.415,0.5023148148148148,0.0,0.017361111111111112,0.0,13.600000000000001,0.0,86.4,0.0,239,239.0
deadline_greedy,stable,113,100.0,1000,24.924957379086543,33.92528008813723,34.852479041190236,34.99387303551587,24.924957379086543,0.0,0.725184772552611,0.725184772552611,0.0,0.0,0.0,0.0,0.0,0.0,0.0,0.0,0.0,0.0,0.0,0.0,0.0,0.0,100.0,0.0,0.0,0.0,0,0.0
confidence_deadline,stable,113,100.0,1000,24.924957379086543,33.92528008813723,34.852479041190236,34.99387303551587,24.924957379086543,0.0,0.725184772552611,0.725184772552611,0.0,0.0,0.0,0.0,0.0,0.0,0.0,0.0,0.0,0.0,0.0,0.0,0.0,0.0,100.0,0.0,0.0,0.0,0,0.0
rtt_threshold,stable,113,100.0,1000,24.924957379086543,33.92528008813723,34.852479041190236,34.99387303551587,24.924957379086543,0.0,0.725184772552611,0.725184772552611,0.0,0.0,0.0,0.0,0.0,0.0,0.0,0.0,0.0,0.0,0.0,0.0,0.0,0.0,100.0,0.0,0.0,0.0,0,0.0
oracle_feasible,stable,113,100.0,1000,55.010316682467696,97.10402639669663,99.44189579505483,99.96792723994841,55.010316682467696,0.0,0.7975242994668902,0.7975242994668902,12200.0,12.2,12200.0,0.0,0.0,0.0,0.488,1.0,1.0,0.488,0.0,0.0,0.0,0.0,51.2,48.8,0.0,0.0,492,492.0
local_only,stable,114,100.0,1000,25.128438548268,33.86993382489312,34.786318253661975,34.99771913787838,25.128438548268,0.0,0.7237524930795687,0.7237524930795687,0.0,0.0,0.0,0.0,0.0,0.0,0.0,0.0,0.0,0.0,0.0,0.0,0.0,0.0,100.0,0.0,0.0,0.0,0,0.0
edge_only,stable,114,100.0,1000,104.93248284979347,132.2034348022165,134.3816769335388,134.9971709860199,104.93248284979347,0.47,0.8033240545658997,0.4631901647914629,25000.0,25.0,25000.0,0.47,0.0,0.0,1.0,0.989,0.53,0.53,0.459,0.0,0.011,0.0,0.0,100.0,0.0,0.0,0,0.0
cloud_only,stable,114,100.0,1000,125.128438548268,133.8699338248931,134.78631825366196,134.9977191378784,125.128438548268,1.0,0.7237524930795687,0.0,35000.0,35.0,35000.0,1.0,0.0,0.0,1.0,0.992,0.0,0.0,0.992,0.0,0.008,0.0,0.0,100.0,0.0,0.0,0,0.0
dapper,stable,114,100.0,1000,25.128438548268,33.86993382489312,34.786318253661975,34.99771913787838,53.866453690073165,0.0,0.7237524930795687,0.7977940224588013,21900.0,21.9,21900.0,0.0,0.0,0.0,0.876,0.9908675799086758,0.5308219178082192,0.465,0.4600456621004566,0.0,0.0091324200913242,0.0,12.4,0.0,87.6,0.0,214,214.0
deadline_greedy,stable,114,100.0,1000,25.128438548268,33.86993382489312,34.786318253661975,34.99771913787838,25.128438548268,0.0,0.7237524930795687,0.7237524930795687,0.0,0.0,0.0,0.0,0.0,0.0,0.0,0.0,0.0,0.0,0.0,0.0,0.0,0.0,100.0,0.0,0.0,0.0,0,0.0
confidence_deadline,stable,114,100.0,1000,25.128438548268,33.86993382489312,34.786318253661975,34.99771913787838,25.128438548268,0.0,0.7237524930795687,0.7237524930795687,0.0,0.0,0.0,0.0,0.0,0.0,0.0,0.0,0.0,0.0,0.0,0.0,0.0,0.0,100.0,0.0,0.0,0.0,0,0.0
rtt_threshold,stable,114,100.0,1000,25.128438548268,33.86993382489312,34.786318253661975,34.99771913787838,25.128438548268,0.0,0.7237524930795687,0.7237524930795687,0.0,0.0,0.0,0.0,0.0,0.0,0.0,0.0,0.0,0.0,0.0,0.0,0.0,0.0,100.0,0.0,0.0,0.0,0,0.0
oracle_feasible,stable,114,100.0,1000,57.93248284979347,97.4505471955967,99.55760271724056,99.9637033653552,57.93248284979347,0.0,0.8033240545658997,0.8033240545658997,13250.0,13.25,13250.0,0.0,0.0,0.0,0.53,1.0,1.0,0.53,0.0,0.0,0.0,0.0,47.0,53.0,0.0,0.0,480,480.0
local_only,stable,115,100.0,1000,25.094705607799348,34.162413089123824,34.74465384721523,34.970565607066455,25.094705607799348,0.0,0.7245886848920773,0.7245886848920773,0.0,0.0,0.0,0.0,0.0,0.0,0.0,0.0,0.0,0.0,0.0,0.0,0.0,0.0,100.0,0.0,0.0,0.0,0,0.0
edge_only,stable,115,100.0,1000,105.51356387984073,132.5375471496968,134.48978188049588,134.95798079032085,105.51356387984073,0.49,0.8010527993695287,0.44693765120150136,25000.0,25.0,25000.0,0.49,0.0,0.0,1.0,0.988,0.51,0.51,0.478,0.0,0.012,0.0,0.0,100.0,0.0,0.0,0,0.0
cloud_only,stable,115,100.0,1000,125.09470560779934,134.16241308912382,134.74465384721523,134.97056560706645,125.09470560779934,1.0,0.7245886848920773,0.0,35000.0,35.0,35000.0,1.0,0.0,0.0,1.0,0.986,0.0,0.0,0.986,0.0,0.014,0.0,0.0,100.0,0.0,0.0,0,0.0
dapper,stable,115,100.0,1000,25.094705607799348,34.162413089123824,34.74465384721523,34.970565607066455,51.94937303752475,0.0,0.7245886848920773,0.7944537871206474,21750.0,21.75,21750.0,0.0,0.0,0.0,0.87,0.9873563218390805,0.5011494252873563,0.436,0.4862068965517241,0.0,0.01264367816091954,0.0,13.0,0.0,87.0,0.0,219,219.0
deadline_greedy,stable,115,100.0,1000,25.094705607799348,34.162413089123824,34.74465384721523,34.970565607066455,25.094705607799348,0.0,0.7245886848920773,0.7245886848920773,0.0,0.0,0.0,0.0,0.0,0.0,0.0,0.0,0.0,0.0,0.0,0.0,0.0,0.0,100.0,0.0,0.0,0.0,0,0.0
confidence_deadline,stable,115,100.0,1000,25.094705607799348,34.162413089123824,34.74465384721523,34.970565607066455,25.094705607799348,0.0,0.7245886848920773,0.7245886848920773,0.0,0.0,0.0,0.0,0.0,0.0,0.0,0.0,0.0,0.0,0.0,0.0,0.0,0.0,100.0,0.0,0.0,0.0,0,0.0
rtt_threshold,stable,115,100.0,1000,25.094705607799348,34.162413089123824,34.74465384721523,34.970565607066455,25.094705607799348,0.0,0.7245886848920773,0.7245886848920773,0.0,0.0,0.0,0.0,0.0,0.0,0.0,0.0,0.0,0.0,0.0,0.0,0.0,0.0,100.0,0.0,0.0,0.0,0,0.0
oracle_feasible,stable,115,100.0,1000,56.513563879840724,97.63059040295308,99.55378424364275,99.9286660289549,56.513563879840724,0.0,0.8010527993695287,0.8010527993695287,12750.0,12.75,12750.0,0.0,0.0,0.0,0.51,1.0,1.0,0.51,0.0,0.0,0.0,0.0,49.0,51.0,0.0,0.0,476,476.0
local_only,stable,116,100.0,1000,25.028301912688907,34.05041769477859,34.88445460350265,34.99403448766891,25.028301912688907,0.0,0.7244573126145593,0.7244573126145593,0.0,0.0,0.0,0.0,0.0,0.0,0.0,0.0,0.0,0.0,0.0,0.0,0.0,0.0,100.0,0.0,0.0,0.0,0,0.0
edge_only,stable,116,100.0,1000,104.46742048439566,132.83743921121356,134.58157853148563,134.95476792560578,104.46742048439566,0.461,0.8041615182100852,0.47017192409184316,25000.0,25.0,25000.0,0.461,0.0,0.0,1.0,0.995,0.539,0.539,0.456,0.0,0.005,0.0,0.0,100.0,0.0,0.0,0,0.0
cloud_only,stable,116,100.0,1000,125.02830191268892,134.0504176947786,134.88445460350266,134.9940344876689,125.02830191268892,1.0,0.7244573126145593,0.0,35000.0,35.0,35000.0,1.0,0.0,0.0,1.0,0.988,0.0,0.0,0.988,0.0,0.012,0.0,0.0,100.0,0.0,0.0,0,0.0
dapper,stable,116,100.0,1000,25.028301912688907,34.05041769477859,34.88445460350265,34.99403448766891,54.211607535281885,0.0,0.7244573126145593,0.798391101095973,21750.0,21.75,21750.0,0.0,0.0,0.0,0.87,0.9942528735632183,0.5448275862068965,0.474,0.4494252873563218,0.0,0.005747126436781609,0.0,13.0,0.0,87.0,0.0,221,221.0
deadline_greedy,stable,116,100.0,1000,25.028301912688907,34.05041769477859,34.88445460350265,34.99403448766891,25.028301912688907,0.0,0.7244573126145593,0.7244573126145593,0.0,0.0,0.0,0.0,0.0,0.0,0.0,0.0,0.0,0.0,0.0,0.0,0.0,0.0,100.0,0.0,0.0,0.0,0,0.0
confidence_deadline,stable,116,100.0,1000,25.028301912688907,34.05041769477859,34.88445460350265,34.99403448766891,25.028301912688907,0.0,0.7244573126145593,0.7244573126145593,0.0,0.0,0.0,0.0,0.0,0.0,0.0,0.0,0.0,0.0,0.0,0.0,0.0,0.0,100.0,0.0,0.0,0.0,0,0.0
rtt_threshold,stable,116,100.0,1000,25.028301912688907,34.05041769477859,34.88445460350265,34.99403448766891,25.028301912688907,0.0,0.7244573126145593,0.7244573126145593,0.0,0.0,0.0,0.0,0.0,0.0,0.0,0.0,0.0,0.0,0.0,0.0,0.0,0.0,100.0,0.0,0.0,0.0,0,0.0
oracle_feasible,stable,116,100.0,1000,58.36742048439565,97.5774075681097,99.55755165891864,99.98300827336888,58.36742048439565,0.0,0.8041615182100852,0.8041615182100852,13475.0,13.475,13475.0,0.0,0.0,0.0,0.539,1.0,1.0,0.539,0.0,0.0,0.0,0.0,46.1,53.900000000000006,0.0,0.0,482,482.0
local_only,stable,117,100.0,1000,24.997182216762514,33.94211020128963,34.806950360419165,34.98156739475102,24.997182216762514,0.0,0.7238166310991714,0.7238166310991714,0.0,0.0,0.0,0.0,0.0,0.0,0.0,0.0,0.0,0.0,0.0,0.0,0.0,0.0,100.0,0.0,0.0,0.0,0,0.0
edge_only,stable,117,100.0,1000,106.68851512449491,132.85371095198883,134.68857628456198,134.981567394751,106.68851512449491,0.507,0.7982096397317744,0.43088219615752676,25000.0,25.0,25000.0,0.507,0.0,0.0,1.0,0.988,0.493,0.493,0.495,0.0,0.012,0.0,0.0,100.0,0.0,0.0,0,0.0
cloud_only,stable,117,100.0,1000,124.99718221676251,133.9421102012896,134.80695036041914,134.981567394751,124.99718221676251,1.0,0.7238166310991714,0.0,35000.0,35.0,35000.0,1.0,0.0,0.0,1.0,0.994,0.0,0.0,0.994,0.0,0.006,0.0,0.0,100.0,0.0,0.0,0,0.0
dapper,stable,117,100.0,1000,24.997182216762514,33.94211020128963,34.806950360419165,34.98156739475102,51.94396103000347,0.0,0.7238166310991714,0.7935256482510197,21850.0,21.85,21850.0,0.0,0.0,0.0,0.874,0.9862700228832952,0.4897025171624714,0.428,0.4965675057208238,0.0,0.013729977116704805,0.0,12.6,0.0,87.4,0.0,226,226.0
deadline_greedy,stable,117,100.0,1000,24.997182216762514,33.94211020128963,34.806950360419165,34.98156739475102,24.997182216762514,0.0,0.7238166310991714,0.7238166310991714,0.0,0.0,0.0,0.0,0.0,0.0,0.0,0.0,0.0,0.0,0.0,0.0,0.0,0.0,100.0,0.0,0.0,0.0,0,0.0
confidence_deadline,stable,117,100.0,1000,24.997182216762514,33.94211020128963,34.806950360419165,34.98156739475102,24.997182216762514,0.0,0.7238166310991714,0.7238166310991714,0.0,0.0,0.0,0.0,0.0,0.0,0.0,0.0,0.0,0.0,0.0,0.0,0.0,0.0,100.0,0.0,0.0,0.0,0,0.0
rtt_threshold,stable,117,100.0,1000,24.997182216762514,33.94211020128963,34.806950360419165,34.98156739475102,24.997182216762514,0.0,0.7238166310991714,0.7238166310991714,0.0,0.0,0.0,0.0,0.0,0.0,0.0,0.0,0.0,0.0,0.0,0.0,0.0,0.0,100.0,0.0,0.0,0.0,0,0.0
oracle_feasible,stable,117,100.0,1000,55.98851512449491,97.87838016742626,99.16741252007583,99.9873681855982,55.98851512449491,0.0,0.7982096397317744,0.7982096397317744,12325.0,12.325,12325.0,0.0,0.0,0.0,0.493,1.0,1.0,0.493,0.0,0.0,0.0,0.0,50.7,49.3,0.0,0.0,484,484.0
local_only,stable,118,100.0,1000,25.026589048763064,34.146334679362305,34.835239525322194,34.964244111574146,25.026589048763064,0.0,0.7280528994609765,0.7280528994609765,0.0,0.0,0.0,0.0,0.0,0.0,0.0,0.0,0.0,0.0,0.0,0.0,0.0,0.0,100.0,0.0,0.0,0.0,0,0.0
edge_only,stable,118,100.0,1000,105.71298899532538,132.9617798730513,134.70973833645,134.96424411157415,105.71298899532538,0.49,0.8024783280256713,0.44621366392744916,25000.0,25.0,25000.0,0.49,0.0,0.0,1.0,0.991,0.51,0.51,0.481,0.0,0.009,0.0,0.0,100.0,0.0,0.0,0,0.0
cloud_only,stable,118,100.0,1000,125.02658904876307,134.1463346793623,134.8352395253222,134.96424411157415,125.02658904876307,1.0,0.7280528994609765,0.0,35000.0,35.0,35000.0,1.0,0.0,0.0,1.0,0.993,0.0,0.0,0.993,0.0,0.007,0.0,0.0,100.0,0.0,0.0,0,0.0
dapper,stable,118,100.0,1000,25.026589048763064,34.146334679362305,34.835239525322194,34.964244111574146,52.20873167600773,0.0,0.7280528994609765,0.7960765304196257,21475.0,21.475,21475.0,0.0,0.0,0.0,0.859,0.9906868451688009,0.5075669383003493,0.436,0.4831199068684517,0.0,0.009313154831199068,0.0,14.099999999999998,0.0,85.9,0.0,244,244.0
deadline_greedy,stable,118,100.0,1000,25.026589048763064,34.146334679362305,34.835239525322194,34.964244111574146,25.026589048763064,0.0,0.7280528994609765,0.7280528994609765,0.0,0.0,0.0,0.0,0.0,0.0,0.0,0.0,0.0,0.0,0.0,0.0,0.0,0.0,100.0,0.0,0.0,0.0,0,0.0
confidence_deadline,stable,118,100.0,1000,25.026589048763064,34.146334679362305,34.835239525322194,34.964244111574146,25.026589048763064,0.0,0.7280528994609765,0.7280528994609765,0.0,0.0,0.0,0.0,0.0,0.0,0.0,0.0,0.0,0.0,0.0,0.0,0.0,0.0,100.0,0.0,0.0,0.0,0,0.0
rtt_threshold,stable,118,100.0,1000,25.026589048763064,34.146334679362305,34.835239525322194,34.964244111574146,25.026589048763064,0.0,0.7280528994609765,0.7280528994609765,0.0,0.0,0.0,0.0,0.0,0.0,0.0,0.0,0.0,0.0,0.0,0.0,0.0,0.0,100.0,0.0,0.0,0.0,0,0.0
oracle_feasible,stable,118,100.0,1000,56.71298899532537,97.86256103004956,99.49231206084096,99.96747743132428,56.71298899532537,0.0,0.8024783280256713,0.8024783280256713,12750.0,12.75,12750.0,0.0,0.0,0.0,0.51,1.0,1.0,0.51,0.0,0.0,0.0,0.0,49.0,51.0,0.0,0.0,498,498.0
local_only,stable,119,100.0,1000,24.80107188012856,34.00280379558126,34.81754573602827,34.936826663719394,24.80107188012856,0.0,0.7243707963012889,0.7243707963012889,0.0,0.0,0.0,0.0,0.0,0.0,0.0,0.0,0.0,0.0,0.0,0.0,0.0,0.0,100.0,0.0,0.0,0.0,0,0.0
edge_only,stable,119,100.0,1000,104.94306347543639,132.8868530243962,134.7250991167985,134.9368266637194,104.94306347543639,0.475,0.8045675847475898,0.4594667707056063,25000.0,25.0,25000.0,0.475,0.0,0.0,1.0,0.989,0.525,0.525,0.464,0.0,0.011,0.0,0.0,100.0,0.0,0.0,0,0.0
cloud_only,stable,119,100.0,1000,124.80107188012856,134.00280379558126,134.81754573602828,134.9368266637194,124.80107188012856,1.0,0.7243707963012889,0.0,35000.0,35.0,35000.0,1.0,0.0,0.0,1.0,0.985,0.0,0.0,0.985,0.0,0.015,0.0,0.0,100.0,0.0,0.0,0,0.0
dapper,stable,119,100.0,1000,24.80107188012856,34.00280379558126,34.81754573602827,34.936826663719394,53.78667209236602,0.0,0.7243707963012889,0.799875204249307,21925.0,21.925,21925.0,0.0,0.0,0.0,0.877,0.9874572405929305,0.5324971493728621,0.467,0.4549600912200684,0.0,0.012542759407069556,0.0,12.3,0.0,87.7,0.0,228,228.0
deadline_greedy,stable,119,100.0,1000,24.80107188012856,34.00280379558126,34.81754573602827,34.936826663719394,24.80107188012856,0.0,0.7243707963012889,0.7243707963012889,0.0,0.0,0.0,0.0,0.0,0.0,0.0,0.0,0.0,0.0,0.0,0.0,0.0,0.0,100.0,0.0,0.0,0.0,0,0.0
confidence_deadline,stable,119,100.0,1000,24.80107188012856,34.00280379558126,34.81754573602827,34.936826663719394,24.80107188012856,0.0,0.7243707963012889,0.7243707963012889,0.0,0.0,0.0,0.0,0.0,0.0,0.0,0.0,0.0,0.0,0.0,0.0,0.0,0.0,100.0,0.0,0.0,0.0,0,0.0
rtt_threshold,stable,119,100.0,1000,24.80107188012856,34.00280379558126,34.81754573602827,34.936826663719394,24.80107188012856,0.0,0.7243707963012889,0.7243707963012889,0.0,0.0,0.0,0.0,0.0,0.0,0.0,0.0,0.0,0.0,0.0,0.0,0.0,0.0,100.0,0.0,0.0,0.0,0,0.0
oracle_feasible,stable,119,100.0,1000,57.443063475436375,97.81417964267692,99.48292782166016,99.93400958560132,57.443063475436375,0.0,0.8045675847475898,0.8045675847475898,13125.0,13.125,13125.0,0.0,0.0,0.0,0.525,1.0,1.0,0.525,0.0,0.0,0.0,0.0,47.5,52.5,0.0,0.0,511,511.0
local_only,stable,120,100.0,1000,25.000139802139184,33.83887438020657,34.75482963071029,34.96519781982063,25.000139802139184,0.0,0.7247996031934949,0.7247996031934949,0.0,0.0,0.0,0.0,0.0,0.0,0.0,0.0,0.0,0.0,0.0,0.0,0.0,0.0,100.0,0.0,0.0,0.0,0,0.0
edge_only,stable,120,100.0,1000,105.87791575709599,132.43111474392677,134.3933099716681,134.96519781982062,105.87791575709599,0.496,0.8003864086787547,0.44065178763475205,25000.0,25.0,25000.0,0.496,0.0,0.0,1.0,0.985,0.504,0.504,0.481,0.0,0.015,0.0,0.0,100.0,0.0,0.0,0,0.0
cloud_only,stable,120,100.0,1000,125.00013980213917,133.83887438020656,134.7548296307103,134.96519781982062,125.00013980213917,1.0,0.7247996031934949,0.0,35000.0,35.0,35000.0,1.0,0.0,0.0,1.0,0.994,0.0,0.0,0.994,0.0,0.006,0.0,0.0,100.0,0.0,0.0,0,0.0
dapper,stable,120,100.0,1000,25.000139802139184,33.83887438020657,34.75482963071029,34.96519781982063,52.586658253654925,0.0,0.7247996031934949,0.7950348677637523,21800.0,21.8,21800.0,0.0,0.0,0.0,0.872,0.9839449541284404,0.5103211009174312,0.445,0.4736238532110092,0.0,0.016055045871559634,0.0,12.8,0.0,87.2,0.0,212,212.0
deadline_greedy,stable,120,100.0,1000,25.000139802139184,33.83887438020657,34.75482963071029,34.96519781982063,25.000139802139184,0.0,0.7247996031934949,0.7247996031934949,0.0,0.0,0.0,0.0,0.0,0.0,0.0,0.0,0.0,0.0,0.0,0.0,0.0,0.0,100.0,0.0,0.0,0.0,0,0.0
confidence_deadline,stable,120,100.0,1000,25.000139802139184,33.83887438020657,34.75482963071029,34.96519781982063,25.000139802139184,0.0,0.7247996031934949,0.7247996031934949,0.0,0.0,0.0,0.0,0.0,0.0,0.0,0.0,0.0,0.0,0.0,0.0,0.0,0.0,100.0,0.0,0.0,0.0,0,0.0
rtt_threshold,stable,120,100.0,1000,25.000139802139184,33.83887438020657,34.75482963071029,34.96519781982063,25.000139802139184,0.0,0.7247996031934949,0.7247996031934949,0.0,0.0,0.0,0.0,0.0,0.0,0.0,0.0,0.0,0.0,0.0,0.0,0.0,0.0,100.0,0.0,0.0,0.0,0,0.0
oracle_feasible,stable,120,100.0,1000,56.277915757096,97.58441043372895,99.4754191850498,99.98825879457256,56.277915757096,0.0,0.8003864086787547,0.8003864086787547,12600.0,12.6,12600.0,0.0,0.0,0.0,0.504,1.0,1.0,0.504,0.0,0.0,0.0,0.0,49.6,50.4,0.0,0.0,487,487.0
local_only,stable,121,100.0,1000,24.870142370806825,34.08802278656587,34.79782372711737,34.96061084968983,24.870142370806825,0.0,0.7235062491591376,0.7235062491591376,0.0,0.0,0.0,0.0,0.0,0.0,0.0,0.0,0.0,0.0,0.0,0.0,0.0,0.0,100.0,0.0,0.0,0.0,0,0.0
edge_only,stable,121,100.0,1000,106.59192828265313,132.7668747133578,134.60003966653932,134.90598819060784,106.59192828265313,0.514,0.7971068302156246,0.4255563202771208,25000.0,25.0,25000.0,0.514,0.0,0.0,1.0,0.987,0.486,0.486,0.501,0.0,0.013,0.0,0.0,100.0,0.0,0.0,0,0.0
cloud_only,stable,121,100.0,1000,124.87014237080683,134.0880227865659,134.79782372711736,134.96061084968983,124.87014237080683,1.0,0.7235062491591376,0.0,35000.0,35.0,35000.0,1.0,0.0,0.0,1.0,0.988,0.0,0.0,0.988,0.0,0.012,0.0,0.0,100.0,0.0,0.0,0,0.0
dapper,stable,121,100.0,1000,24.870142370806825,34.08802278656587,34.79782372711737,34.96061084968983,51.218892289603616,0.0,0.7235062491591376,0.7917923991779289,21800.0,21.8,21800.0,0.0,0.0,0.0,0.872,0.9862385321100917,0.48394495412844035,0.422,0.5022935779816514,0.0,0.013761467889908258,0.0,12.8,0.0,87.2,0.0,219,219.0
deadline_greedy,stable,121,100.0,1000,24.870142370806825,34.08802278656587,34.79782372711737,34.96061084968983,24.870142370806825,0.0,0.7235062491591376,0.7235062491591376,0.0,0.0,0.0,0.0,0.0,0.0,0.0,0.0,0.0,0.0,0.0,0.0,0.0,0.0,100.0,0.0,0.0,0.0,0,0.0
confidence_deadline,stable,121,100.0,1000,24.870142370806825,34.08802278656587,34.79782372711737,34.96061084968983,24.870142370806825,0.0,0.7235062491591376,0.7235062491591376,0.0,0.0,0.0,0.0,0.0,0.0,0.0,0.0,0.0,0.0,0.0,0.0,0.0,0.0,100.0,0.0,0.0,0.0,0,0.0
rtt_threshold,stable,121,100.0,1000,24.870142370806825,34.08802278656587,34.79782372711737,34.96061084968983,24.870142370806825,0.0,0.7235062491591376,0.7235062491591376,0.0,0.0,0.0,0.0,0.0,0.0,0.0,0.0,0.0,0.0,0.0,0.0,0.0,0.0,100.0,0.0,0.0,0.0,0,0.0
oracle_feasible,stable,121,100.0,1000,55.19192828265312,97.4872856079239,99.29192518655096,99.99796411092191,55.19192828265312,0.0,0.7971068302156246,0.7971068302156246,12150.0,12.15,12150.0,0.0,0.0,0.0,0.486,1.0,1.0,0.486,0.0,0.0,0.0,0.0,51.4,48.6,0.0,0.0,495,495.0
local_only,stable,122,100.0,1000,24.829111935230273,33.958468133447,34.74506049633189,34.924143640943036,24.829111935230273,0.0,0.7259117747422895,0.7259117747422895,0.0,0.0,0.0,0.0,0.0,0.0,0.0,0.0,0.0,0.0,0.0,0.0,0.0,0.0,100.0,0.0,0.0,0.0,0,0.0
edge_only,stable,122,100.0,1000,105.6885535834798,133.24141074905427,134.6273068141826,134.8758123470122,105.6885535834798,0.486,0.8033261191388481,0.4505218709785554,25000.0,25.0,25000.0,0.486,0.0,0.0,1.0,0.989,0.514,0.514,0.475,0.0,0.011,0.0,0.0,100.0,0.0,0.0,0,0.0
cloud_only,stable,122,100.0,1000,124.82911193523027,133.958468133447,134.7450604963319,134.92414364094304,124.82911193523027,1.0,0.7259117747422895,0.0,35000.0,35.0,35000.0,1.0,0.0,0.0,1.0,0.993,0.0,0.0,0.993,0.0,0.007,0.0,0.0,100.0,0.0,0.0,0,0.0
dapper,stable,122,100.0,1000,24.829111935230273,33.958468133447,34.74506049633189,34.924143640943036,53.271418624119164,0.0,0.7259117747422895,0.7982645293058339,21950.0,21.95,21950.0,0.0,0.0,0.0,0.878,0.9886104783599089,0.5148063781321185,0.452,0.47380410022779046,0.0,0.011389521640091117,0.0,12.2,0.0,87.8,0.0,200,200.0
deadline_greedy,stable,122,100.0,1000,24.829111935230273,33.958468133447,34.74506049633189,34.924143640943036,24.829111935230273,0.0,0.7259117747422895,0.7259117747422895,0.0,0.0,0.0,0.0,0.0,0.0,0.0,0.0,0.0,0.0,0.0,0.0,0.0,0.0,100.0,0.0,0.0,0.0,0,0.0
confidence_deadline,stable,122,100.0,1000,24.829111935230273,33.958468133447,34.74506049633189,34.924143640943036,24.829111935230273,0.0,0.7259117747422895,0.7259117747422895,0.0,0.0,0.0,0.0,0.0,0.0,0.0,0.0,0.0,0.0,0.0,0.0,0.0,0.0,100.0,0.0,0.0,0.0,0,0.0
rtt_threshold,stable,122,100.0,1000,24.829111935230273,33.958468133447,34.74506049633189,34.924143640943036,24.829111935230273,0.0,0.7259117747422895,0.7259117747422895,0.0,0.0,0.0,0.0,0.0,0.0,0.0,0.0,0.0,0.0,0.0,0.0,0.0,0.0,100.0,0.0,0.0,0.0,0,0.0
oracle_feasible,stable,122,100.0,1000,57.0885535834798,97.8408811468943,99.59220616569203,99.98080403607597,57.0885535834798,0.0,0.8033261191388481,0.8033261191388481,12850.0,12.85,12850.0,0.0,0.0,0.0,0.514,1.0,1.0,0.514,0.0,0.0,0.0,0.0,48.6,51.4,0.0,0.0,495,495.0
local_only,stable,123,100.0,1000,25.35470141463279,34.01400394209814,34.728637206489786,34.90743937957425,25.35470141463279,0.0,0.7231039957478556,0.7231039957478556,0.0,0.0,0.0,0.0,0.0,0.0,0.0,0.0,0.0,0.0,0.0,0.0,0.0,0.0,100.0,0.0,0.0,0.0,0,0.0
edge_only,stable,123,100.0,1000,107.27079715867194,133.33644711781125,134.60623463161673,134.90743937957424,107.27079715867194,0.525,0.7969516899915418,0.41628295461497966,25000.0,25.0,25000.0,0.525,0.0,0.0,1.0,0.983,0.475,0.475,0.508,0.0,0.017,0.0,0.0,100.0,0.0,0.0,0,0.0
cloud_only,stable,123,100.0,1000,125.35470141463279,134.01400394209816,134.72863720648976,134.90743937957424,125.35470141463279,1.0,0.7231039957478556,0.0,35000.0,35.0,35000.0,1.0,0.0,0.0,1.0,0.987,0.0,0.0,0.987,0.0,0.013,0.0,0.0,100.0,0.0,0.0,0,0.0
dapper,stable,123,100.0,1000,25.35470141463279,34.01400394209814,34.728637206489786,34.90743937957425,51.64158095400979,0.0,0.7231039957478556,0.7928850748486099,22225.0,22.225,22225.0,0.0,0.0,0.0,0.889,0.9820022497187851,0.4769403824521935,0.424,0.5050618672665916,0.0,0.01799775028121485,0.0,11.1,0.0,88.9,0.0,196,196.0
deadline_greedy,stable,123,100.0,1000,25.35470141463279,34.01400394209814,34.728637206489786,34.90743937957425,25.35470141463279,0.0,0.7231039957478556,0.7231039957478556,0.0,0.0,0.0,0.0,0.0,0.0,0.0,0.0,0.0,0.0,0.0,0.0,0.0,0.0,100.0,0.0,0.0,0.0,0,0.0
confidence_deadline,stable,123,100.0,1000,25.35470141463279,34.01400394209814,34.728637206489786,34.90743937957425,25.35470141463279,0.0,0.7231039957478556,0.7231039957478556,0.0,0.0,0.0,0.0,0.0,0.0,0.0,0.0,0.0,0.0,0.0,0.0,0.0,0.0,100.0,0.0,0.0,0.0,0,0.0
rtt_threshold,stable,123,100.0,1000,25.35470141463279,34.01400394209814,34.728637206489786,34.90743937957425,25.35470141463279,0.0,0.7231039957478556,0.7231039957478556,0.0,0.0,0.0,0.0,0.0,0.0,0.0,0.0,0.0,0.0,0.0,0.0,0.0,0.0,100.0,0.0,0.0,0.0,0,0.0
oracle_feasible,stable,123,100.0,1000,54.77079715867195,97.13851088627946,99.28580663556694,99.95149928378972,54.77079715867195,0.0,0.7969516899915418,0.7969516899915418,11875.0,11.875,11875.0,0.0,0.0,0.0,0.475,1.0,1.0,0.475,0.0,0.0,0.0,0.0,52.5,47.5,0.0,0.0,502,502.0
local_only,stable,124,100.0,1000,25.00583269004324,34.03261405514325,34.80612955591713,34.95256595801938,25.00583269004324,0.0,0.7270004160651047,0.7270004160651047,0.0,0.0,0.0,0.0,0.0,0.0,0.0,0.0,0.0,0.0,0.0,0.0,0.0,0.0,100.0,0.0,0.0,0.0,0,0.0
edge_only,stable,124,100.0,1000,106.13766821891825,132.72344486014518,134.59360876489964,134.95256595801936,106.13766821891825,0.502,0.8013141844269079,0.4366087139194104,25000.0,25.0,25000.0,0.502,0.0,0.0,1.0,0.993,0.498,0.498,0.495,0.0,0.007,0.0,0.0,100.0,0.0,0.0,0,0.0
cloud_only,stable,124,100.0,1000,125.00583269004323,134.03261405514326,134.80612955591712,134.95256595801936,125.00583269004323,1.0,0.7270004160651047,0.0,35000.0,35.0,35000.0,1.0,0.0,0.0,1.0,0.992,0.0,0.0,0.992,0.0,0.008,0.0,0.0,100.0,0.0,0.0,0,0.0
dapper,stable,124,100.0,1000,25.00583269004324,34.03261405514325,34.80612955591713,34.95256595801938,50.8126236179597,0.0,0.7270004160651047,0.7942088997255117,21000.0,21.0,21000.0,0.0,0.0,0.0,0.84,0.9928571428571429,0.49642857142857144,0.417,0.49642857142857144,0.0,0.007142857142857143,0.0,16.0,0.0,84.0,0.0,280,280.0
deadline_greedy,stable,124,100.0,1000,25.00583269004324,34.03261405514325,34.80612955591713,34.95256595801938,25.00583269004324,0.0,0.7270004160651047,0.7270004160651047,0.0,0.0,0.0,0.0,0.0,0.0,0.0,0.0,0.0,0.0,0.0,0.0,0.0,0.0,100.0,0.0,0.0,0.0,0,0.0
confidence_deadline,stable,124,100.0,1000,25.00583269004324,34.03261405514325,34.80612955591713,34.95256595801938,25.00583269004324,0.0,0.7270004160651047,0.7270004160651047,0.0,0.0,0.0,0.0,0.0,0.0,0.0,0.0,0.0,0.0,0.0,0.0,0.0,0.0,100.0,0.0,0.0,0.0,0,0.0
rtt_threshold,stable,124,100.0,1000,25.00583269004324,34.03261405514325,34.80612955591713,34.95256595801938,25.00583269004324,0.0,0.7270004160651047,0.7270004160651047,0.0,0.0,0.0,0.0,0.0,0.0,0.0,0.0,0.0,0.0,0.0,0.0,0.0,0.0,100.0,0.0,0.0,0.0,0,0.0
oracle_feasible,stable,124,100.0,1000,55.93766821891825,97.91199862299287,99.64014884284248,99.97795258486593,55.93766821891825,0.0,0.8013141844269079,0.8013141844269079,12450.0,12.45,12450.0,0.0,0.0,0.0,0.498,1.0,1.0,0.498,0.0,0.0,0.0,0.0,50.2,49.8,0.0,0.0,489,489.0
local_only,stable,125,100.0,1000,24.9867591189863,33.982185709447386,34.8021659840167,34.99165214842439,24.9867591189863,0.0,0.7268533605073024,0.7268533605073024,0.0,0.0,0.0,0.0,0.0,0.0,0.0,0.0,0.0,0.0,0.0,0.0,0.0,0.0,100.0,0.0,0.0,0.0,0,0.0
edge_only,stable,125,100.0,1000,105.14056236817831,132.94790640576252,134.4629369863075,134.9562050929862,105.14056236817831,0.467,0.8052622659120062,0.46604241050029716,25000.0,25.0,25000.0,0.467,0.0,0.0,1.0,0.993,0.533,0.533,0.46,0.0,0.007,0.0,0.0,100.0,0.0,0.0,0,0.0
cloud_only,stable,125,100.0,1000,124.98675911898628,133.98218570944738,134.8021659840167,134.9916521484244,124.98675911898628,1.0,0.7268533605073024,0.0,35000.0,35.0,35000.0,1.0,0.0,0.0,1.0,0.994,0.0,0.0,0.994,0.0,0.006,0.0,0.0,100.0,0.0,0.0,0,0.0
dapper,stable,125,100.0,1000,24.9867591189863,33.982185709447386,34.8021659840167,34.99165214842439,53.959249959158115,0.0,0.7268533605073024,0.7989657788847586,21650.0,21.65,21650.0,0.0,0.0,0.0,0.866,0.9919168591224018,0.5323325635103926,0.461,0.45958429561200925,0.0,0.008083140877598153,0.0,13.4,0.0,86.6,0.0,238,238.0
deadline_greedy,stable,125,100.0,1000,24.9867591189863,33.982185709447386,34.8021659840167,34.99165214842439,24.9867591189863,0.0,0.7268533605073024,0.7268533605073024,0.0,0.0,0.0,0.0,0.0,0.0,0.0,0.0,0.0,0.0,0.0,0.0,0.0,0.0,100.0,0.0,0.0,0.0,0,0.0
confidence_deadline,stable,125,100.0,1000,24.9867591189863,33.982185709447386,34.8021659840167,34.99165214842439,24.9867591189863,0.0,0.7268533605073024,0.7268533605073024,0.0,0.0,0.0,0.0,0.0,0.0,0.0,0.0,0.0,0.0,0.0,0.0,0.0,0.0,100.0,0.0,0.0,0.0,0,0.0
rtt_threshold,stable,125,100.0,1000,24.9867591189863,33.982185709447386,34.8021659840167,34.99165214842439,24.9867591189863,0.0,0.7268533605073024,0.7268533605073024,0.0,0.0,0.0,0.0,0.0,0.0,0.0,0.0,0.0,0.0,0.0,0.0,0.0,0.0,100.0,0.0,0.0,0.0,0,0.0
oracle_feasible,stable,125,100.0,1000,58.4405623681783,97.51318406177316,99.44127778160988,99.94291290803906,58.4405623681783,0.0,0.8052622659120062,0.8052622659120062,13325.0,13.325,13325.0,0.0,0.0,0.0,0.533,1.0,1.0,0.533,0.0,0.0,0.0,0.0,46.7,53.300000000000004,0.0,0.0,520,520.0
local_only,stable,126,100.0,1000,24.628886386363657,33.70638744138536,34.672811784104226,34.983867296625746,24.628886386363657,0.0,0.726794351381784,0.726794351381784,0.0,0.0,0.0,0.0,0.0,0.0,0.0,0.0,0.0,0.0,0.0,0.0,0.0,0.0,100.0,0.0,0.0,0.0,0,0.0
edge_only,stable,126,100.0,1000,104.66466437126897,132.10094646850504,134.30220256869848,134.98386729662576,104.66466437126897,0.474,0.8067886727815479,0.460873905084004,25000.0,25.0,25000.0,0.474,0.0,0.0,1.0,0.987,0.526,0.526,0.461,0.0,0.013,0.0,0.0,100.0,0.0,0.0,0,0.0
cloud_only,stable,126,100.0,1000,124.62888638636366,133.70638744138537,134.67281178410425,134.98386729662576,124.62888638636366,1.0,0.726794351381784,0.0,35000.0,35.0,35000.0,1.0,0.0,0.0,1.0,0.996,0.0,0.0,0.996,0.0,0.004,0.0,0.0,100.0,0.0,0.0,0,0.0
dapper,stable,126,100.0,1000,24.628886386363657,33.70638744138536,34.672811784104226,34.983867296625746,53.134621864449656,0.0,0.726794351381784,0.8009463128693688,21175.0,21.175,21175.0,0.0,0.0,0.0,0.847,0.9881936245572609,0.5419126328217237,0.459,0.4462809917355372,0.0,0.011806375442739079,0.0,15.299999999999999,0.0,84.7,0.0,252,252.0
deadline_greedy,stable,126,100.0,1000,24.628886386363657,33.70638744138536,34.672811784104226,34.983867296625746,24.628886386363657,0.0,0.726794351381784,0.726794351381784,0.0,0.0,0.0,0.0,0.0,0.0,0.0,0.0,0.0,0.0,0.0,0.0,0.0,0.0,100.0,0.0,0.0,0.0,0,0.0
confidence_deadline,stable,126,100.0,1000,24.628886386363657,33.70638744138536,34.672811784104226,34.983867296625746,24.628886386363657,0.0,0.726794351381784,0.726794351381784,0.0,0.0,0.0,0.0,0.0,0.0,0.0,0.0,0.0,0.0,0.0,0.0,0.0,0.0,100.0,0.0,0.0,0.0,0,0.0
rtt_threshold,stable,126,100.0,1000,24.628886386363657,33.70638744138536,34.672811784104226,34.983867296625746,24.628886386363657,0.0,0.726794351381784,0.726794351381784,0.0,0.0,0.0,0.0,0.0,0.0,0.0,0.0,0.0,0.0,0.0,0.0,0.0,0.0,100.0,0.0,0.0,0.0,0,0.0
oracle_feasible,stable,126,100.0,1000,57.26466437126896,97.31298827196665,99.65644472631652,99.99889935952551,57.26466437126896,0.0,0.8067886727815479,0.8067886727815479,13150.0,13.15,13150.0,0.0,0.0,0.0,0.526,1.0,1.0,0.526,0.0,0.0,0.0,0.0,47.4,52.6,0.0,0.0,472,472.0
local_only,stable,127,100.0,1000,25.164646066804526,34.17312143282042,34.80106095916998,34.970740898815485,25.164646066804526,0.0,0.7237258806201099,0.7237258806201099,0.0,0.0,0.0,0.0,0.0,0.0,0.0,0.0,0.0,0.0,0.0,0.0,0.0,0.0,100.0,0.0,0.0,0.0,0,0.0
edge_only,stable,127,100.0,1000,105.07553534198826,132.88566340813446,134.52834280686392,134.83194059062015,105.07553534198826,0.468,0.8025952454116121,0.46508432494084656,25000.0,25.0,25000.0,0.468,0.0,0.0,1.0,0.99,0.532,0.532,0.458,0.0,0.01,0.0,0.0,100.0,0.0,0.0,0,0.0
cloud_only,stable,127,100.0,1000,125.16464606680454,134.1731214328204,134.80106095917,134.97074089881548,125.16464606680454,1.0,0.7237258806201099,0.0,35000.0,35.0,35000.0,1.0,0.0,0.0,1.0,0.986,0.0,0.0,0.986,0.0,0.014,0.0,0.0,100.0,0.0,0.0,0,0.0
dapper,stable,127,100.0,1000,25.164646066804526,34.17312143282042,34.80106095916998,34.970740898815485,54.30743225703345,0.0,0.7237258806201099,0.7969399991420358,22125.0,22.125,22125.0,0.0,0.0,0.0,0.885,0.9909604519774011,0.5276836158192091,0.467,0.4632768361581921,0.0,0.00903954802259887,0.0,11.5,0.0,88.5,0.0,207,207.0
deadline_greedy,stable,127,100.0,1000,25.164646066804526,34.17312143282042,34.80106095916998,34.970740898815485,25.164646066804526,0.0,0.7237258806201099,0.7237258806201099,0.0,0.0,0.0,0.0,0.0,0.0,0.0,0.0,0.0,0.0,0.0,0.0,0.0,0.0,100.0,0.0,0.0,0.0,0,0.0
confidence_deadline,stable,127,100.0,1000,25.164646066804526,34.17312143282042,34.80106095916998,34.970740898815485,25.164646066804526,0.0,0.7237258806201099,0.7237258806201099,0.0,0.0,0.0,0.0,0.0,0.0,0.0,0.0,0.0,0.0,0.0,0.0,0.0,0.0,100.0,0.0,0.0,0.0,0,0.0
rtt_threshold,stable,127,100.0,1000,25.164646066804526,34.17312143282042,34.80106095916998,34.970740898815485,25.164646066804526,0.0,0.7237258806201099,0.7237258806201099,0.0,0.0,0.0,0.0,0.0,0.0,0.0,0.0,0.0,0.0,0.0,0.0,0.0,0.0,100.0,0.0,0.0,0.0,0,0.0
oracle_feasible,stable,127,100.0,1000,58.27553534198825,97.66786742013754,99.65787748398317,99.98860772695247,58.27553534198825,0.0,0.8025952454116121,0.8025952454116121,13300.0,13.3,13300.0,0.0,0.0,0.0,0.532,1.0,1.0,0.532,0.0,0.0,0.0,0.0,46.800000000000004,53.2,0.0,0.0,486,486.0
local_only,stable,128,100.0,1000,25.178185128090664,33.92859815320874,34.67968897440042,34.972660274630584,25.178185128090664,0.0,0.7271450910033325,0.7271450910033325,0.0,0.0,0.0,0.0,0.0,0.0,0.0,0.0,0.0,0.0,0.0,0.0,0.0,0.0,100.0,0.0,0.0,0.0,0,0.0
edge_only,stable,128,100.0,1000,104.85627045310898,132.75459002721982,134.41181628112207,134.86981267589454,104.85627045310898,0.462,0.8060690486263641,0.47076594873895955,25000.0,25.0,25000.0,0.462,0.0,0.0,1.0,0.985,0.538,0.538,0.447,0.0,0.015,0.0,0.0,100.0,0.0,0.0,0,0.0
cloud_only,stable,128,100.0,1000,125.17818512809067,133.92859815320872,134.67968897440042,134.97266027463058,125.17818512809067,1.0,0.7271450910033325,0.0,35000.0,35.0,35000.0,1.0,0.0,0.0,1.0,0.99,0.0,0.0,0.99,0.0,0.01,0.0,0.0,100.0,0.0,0.0,0,0.0
dapper,stable,128,100.0,1000,25.178185128090664,33.92859815320874,34.67968897440042,34.972660274630584,53.589153958153254,0.0,0.7271450910033325,0.7988558762020542,21425.0,21.425,21425.0,0.0,0.0,0.0,0.857,0.9836639439906651,0.5309218203033839,0.455,0.45274212368728123,0.0,0.01633605600933489,0.0,14.299999999999999,0.0,85.7,0.0,237,237.0
deadline_greedy,stable,128,100.0,1000,25.178185128090664,33.92859815320874,34.67968897440042,34.972660274630584,25.178185128090664,0.0,0.7271450910033325,0.7271450910033325,0.0,0.0,0.0,0.0,0.0,0.0,0.0,0.0,0.0,0.0,0.0,0.0,0.0,0.0,100.0,0.0,0.0,0.0,0,0.0
confidence_deadline,stable,128,100.0,1000,25.178185128090664,33.92859815320874,34.67968897440042,34.972660274630584,25.178185128090664,0.0,0.7271450910033325,0.7271450910033325,0.0,0.0,0.0,0.0,0.0,0.0,0.0,0.0,0.0,0.0,0.0,0.0,0.0,0.0,100.0,0.0,0.0,0.0,0,0.0
rtt_threshold,stable,128,100.0,1000,25.178185128090664,33.92859815320874,34.67968897440042,34.972660274630584,25.178185128090664,0.0,0.7271450910033325,0.7271450910033325,0.0,0.0,0.0,0.0,0.0,0.0,0.0,0.0,0.0,0.0,0.0,0.0,0.0,0.0,100.0,0.0,0.0,0.0,0,0.0
oracle_feasible,stable,128,100.0,1000,58.65627045310895,97.87117380515237,99.48945231161329,99.96994842257018,58.65627045310895,0.0,0.8060690486263641,0.8060690486263641,13450.0,13.45,13450.0,0.0,0.0,0.0,0.538,1.0,1.0,0.538,0.0,0.0,0.0,0.0,46.2,53.800000000000004,0.0,0.0,477,477.0
local_only,stable,129,100.0,1000,25.217209562918274,34.07064808785484,34.83459462785327,34.9933571344785,25.217209562918274,0.0,0.722736266433297,0.722736266433297,0.0,0.0,0.0,0.0,0.0,0.0,0.0,0.0,0.0,0.0,0.0,0.0,0.0,0.0,100.0,0.0,0.0,0.0,0,0.0
edge_only,stable,129,100.0,1000,105.68754349246286,132.7846709782084,134.75539377357296,134.99335713447852,105.68754349246286,0.488,0.8011230361874909,0.44817316119524536,25000.0,25.0,25000.0,0.488,0.0,0.0,1.0,0.989,0.512,0.512,0.477,0.0,0.011,0.0,0.0,100.0,0.0,0.0,0,0.0
cloud_only,stable,129,100.0,1000,125.21720956291827,134.07064808785483,134.83459462785328,134.99335713447852,125.21720956291827,1.0,0.722736266433297,0.0,35000.0,35.0,35000.0,1.0,0.0,0.0,1.0,0.992,0.0,0.0,0.992,0.0,0.008,0.0,0.0,100.0,0.0,0.0,0,0.0
dapper,stable,129,100.0,1000,25.217209562918274,34.07064808785484,34.83459462785327,34.9933571344785,53.065152250426124,0.0,0.722736266433297,0.7957788932941594,21825.0,21.825,21825.0,0.0,0.0,0.0,0.873,0.9896907216494846,0.5131729667812142,0.448,0.4765177548682703,0.0,0.010309278350515464,0.0,12.7,0.0,87.3,0.0,214,214.0
deadline_greedy,stable,129,100.0,1000,25.217209562918274,34.07064808785484,34.83459462785327,34.9933571344785,25.217209562918274,0.0,0.722736266433297,0.722736266433297,0.0,0.0,0.0,0.0,0.0,0.0,0.0,0.0,0.0,0.0,0.0,0.0,0.0,0.0,100.0,0.0,0.0,0.0,0,0.0
confidence_deadline,stable,129,100.0,1000,25.217209562918274,34.07064808785484,34.83459462785327,34.9933571344785,25.217209562918274,0.0,0.722736266433297,0.722736266433297,0.0,0.0,0.0,0.0,0.0,0.0,0.0,0.0,0.0,0.0,0.0,0.0,0.0,0.0,100.0,0.0,0.0,0.0,0,0.0
rtt_threshold,stable,129,100.0,1000,25.217209562918274,34.07064808785484,34.83459462785327,34.9933571344785,25.217209562918274,0.0,0.722736266433297,0.722736266433297,0.0,0.0,0.0,0.0,0.0,0.0,0.0,0.0,0.0,0.0,0.0,0.0,0.0,0.0,100.0,0.0,0.0,0.0,0,0.0
oracle_feasible,stable,129,100.0,1000,56.88754349246287,97.82421455935183,99.53475176346649,99.99605659981151,56.88754349246287,0.0,0.8011230361874909,0.8011230361874909,12800.0,12.8,12800.0,0.0,0.0,0.0,0.512,1.0,1.0,0.512,0.0,0.0,0.0,0.0,48.8,51.2,0.0,0.0,492,492.0
local_only,congested,100,100.0,1000,24.931615048786146,33.928407620489025,34.77556075006328,34.97404020175507,24.931615048786146,0.0,0.7231503929045445,0.7231503929045445,0.0,0.0,0.0,0.0,0.0,0.0,0.0,0.0,0.0,0.0,0.0,0.0,0.0,0.0,100.0,0.0,0.0,0.0,0,0.0
edge_only,congested,100,100.0,1000,124.93161504878614,133.92840762048903,134.77556075006328,134.97404020175506,124.93161504878614,1.0,0.7231503929045445,0.0,25000.0,25.0,25000.0,1.0,0.0,0.0,1.0,0.946,0.0,0.0,0.946,0.0,0.054,0.0,0.0,100.0,0.0,0.0,0,0.0
cloud_only,congested,100,100.0,1000,124.93161504878614,133.92840762048903,134.77556075006328,134.97404020175506,124.93161504878614,1.0,0.7231503929045445,0.0,35000.0,35.0,35000.0,1.0,0.0,0.0,1.0,0.96,0.0,0.0,0.96,0.0,0.04,0.0,0.0,100.0,0.0,0.0,0,0.0
dapper,congested,100,100.0,1000,24.824557271985057,33.928407620489025,34.77556075006328,34.97404020175507,24.824557271985057,0.0,0.7231225654703062,0.7231225654703062,0.0,0.0,0.0,0.004,0.004,0.0,0.0,0.0,0.0,0.0,0.0,0.0,0.0,0.0,99.6,0.0,0.0,0.4,8,8.0
deadline_greedy,congested,100,100.0,1000,24.931615048786146,33.928407620489025,34.77556075006328,34.97404020175507,24.931615048786146,0.0,0.7231503929045445,0.7231503929045445,0.0,0.0,0.0,0.0,0.0,0.0,0.0,0.0,0.0,0.0,0.0,0.0,0.0,0.0,100.0,0.0,0.0,0.0,0,0.0
confidence_deadline,congested,100,100.0,1000,24.931615048786146,33.928407620489025,34.77556075006328,34.97404020175507,24.931615048786146,0.0,0.7231503929045445,0.7231503929045445,0.0,0.0,0.0,0.0,0.0,0.0,0.0,0.0,0.0,0.0,0.0,0.0,0.0,0.0,100.0,0.0,0.0,0.0,0,0.0
rtt_threshold,congested,100,100.0,1000,24.931615048786146,33.928407620489025,34.77556075006328,34.97404020175507,24.931615048786146,0.0,0.7231503929045445,0.7231503929045445,0.0,0.0,0.0,0.0,0.0,0.0,0.0,0.0,0.0,0.0,0.0,0.0,0.0,0.0,100.0,0.0,0.0,0.0,0,0.0
oracle_feasible,congested,100,100.0,1000,24.931615048786146,33.928407620489025,34.77556075006328,34.97404020175507,24.931615048786146,0.0,0.7231503929045445,0.7231503929045445,0.0,0.0,0.0,0.0,0.0,0.0,0.0,0.0,0.0,0.0,0.0,0.0,0.0,0.0,100.0,0.0,0.0,0.0,0,0.0
local_only,congested,101,100.0,1000,25.188437717504375,34.03466107987438,34.84243479054015,34.99327875607795,25.188437717504375,0.0,0.7240147265422211,0.7240147265422211,0.0,0.0,0.0,0.0,0.0,0.0,0.0,0.0,0.0,0.0,0.0,0.0,0.0,0.0,100.0,0.0,0.0,0.0,0,0.0
edge_only,congested,101,100.0,1000,125.18843771750437,134.03466107987438,134.84243479054012,134.99327875607796,125.18843771750437,1.0,0.7240147265422211,0.0,25000.0,25.0,25000.0,1.0,0.0,0.0,1.0,0.94,0.0,0.0,0.94,0.0,0.06,0.0,0.0,100.0,0.0,0.0,0,0.0
cloud_only,congested,101,100.0,1000,125.18843771750437,134.03466107987438,134.84243479054012,134.99327875607796,125.18843771750437,1.0,0.7240147265422211,0.0,35000.0,35.0,35000.0,1.0,0.0,0.0,1.0,0.939,0.0,0.0,0.939,0.0,0.061,0.0,0.0,100.0,0.0,0.0,0,0.0
dapper,congested,101,100.0,1000,25.026673523971784,34.03466107987438,34.84243479054015,34.99327875607795,25.026673523971784,0.0,0.7239603822715144,0.7239603822715144,0.0,0.0,0.0,0.007,0.007,0.0,0.0,0.0,0.0,0.0,0.0,0.0,0.0,0.0,99.3,0.0,0.0,0.7000000000000001,12,12.0
deadline_greedy,congested,101,100.0,1000,25.188437717504375,34.03466107987438,34.84243479054015,34.99327875607795,25.188437717504375,0.0,0.7240147265422211,0.7240147265422211,0.0,0.0,0.0,0.0,0.0,0.0,0.0,0.0,0.0,0.0,0.0,0.0,0.0,0.0,100.0,0.0,0.0,0.0,0,0.0
confidence_deadline,congested,101,100.0,1000,25.188437717504375,34.03466107987438,34.84243479054015,34.99327875607795,25.188437717504375,0.0,0.7240147265422211,0.7240147265422211,0.0,0.0,0.0,0.0,0.0,0.0,0.0,0.0,0.0,0.0,0.0,0.0,0.0,0.0,100.0,0.0,0.0,0.0,0,0.0
rtt_threshold,congested,101,100.0,1000,25.188437717504375,34.03466107987438,34.84243479054015,34.99327875607795,25.188437717504375,0.0,0.7240147265422211,0.7240147265422211,0.0,0.0,0.0,0.0,0.0,0.0,0.0,0.0,0.0,0.0,0.0,0.0,0.0,0.0,100.0,0.0,0.0,0.0,0,0.0
oracle_feasible,congested,101,100.0,1000,25.188437717504375,34.03466107987438,34.84243479054015,34.99327875607795,25.188437717504375,0.0,0.7240147265422211,0.7240147265422211,0.0,0.0,0.0,0.0,0.0,0.0,0.0,0.0,0.0,0.0,0.0,0.0,0.0,0.0,100.0,0.0,0.0,0.0,0,0.0
local_only,congested,102,100.0,1000,25.03548939727799,33.96479457393766,34.69588731781126,34.989536221406055,25.03548939727799,0.0,0.7265290036152598,0.7265290036152598,0.0,0.0,0.0,0.0,0.0,0.0,0.0,0.0,0.0,0.0,0.0,0.0,0.0,0.0,100.0,0.0,0.0,0.0,0,0.0
edge_only,congested,102,100.0,1000,125.03548939727798,133.96479457393767,134.69588731781124,134.98953622140607,125.03548939727798,1.0,0.7265290036152598,0.0,25000.0,25.0,25000.0,1.0,0.0,0.0,1.0,0.952,0.0,0.0,0.952,0.0,0.048,0.0,0.0,100.0,0.0,0.0,0,0.0
cloud_only,congested,102,100.0,1000,125.03548939727798,133.96479457393767,134.69588731781124,134.98953622140607,125.03548939727798,1.0,0.7265290036152598,0.0,35000.0,35.0,35000.0,1.0,0.0,0.0,1.0,0.957,0.0,0.0,0.957,0.0,0.043,0.0,0.0,100.0,0.0,0.0,0,0.0
dapper,congested,102,100.0,1000,24.829712790777762,33.96479457393766,34.69588731781126,34.989536221406055,24.829712790777762,0.0,0.7270052366898776,0.7270052366898776,0.0,0.0,0.0,0.008,0.008,0.0,0.0,0.0,0.0,0.0,0.0,0.0,0.0,0.0,99.2,0.0,0.0,0.8,14,14.0
deadline_greedy,congested,102,100.0,1000,25.03548939727799,33.96479457393766,34.69588731781126,34.989536221406055,25.03548939727799,0.0,0.7265290036152598,0.7265290036152598,0.0,0.0,0.0,0.0,0.0,0.0,0.0,0.0,0.0,0.0,0.0,0.0,0.0,0.0,100.0,0.0,0.0,0.0,0,0.0
confidence_deadline,congested,102,100.0,1000,25.03548939727799,33.96479457393766,34.69588731781126,34.989536221406055,25.03548939727799,0.0,0.7265290036152598,0.7265290036152598,0.0,0.0,0.0,0.0,0.0,0.0,0.0,0.0,0.0,0.0,0.0,0.0,0.0,0.0,100.0,0.0,0.0,0.0,0,0.0
rtt_threshold,congested,102,100.0,1000,25.03548939727799,33.96479457393766,34.69588731781126,34.989536221406055,25.03548939727799,0.0,0.7265290036152598,0.7265290036152598,0.0,0.0,0.0,0.0,0.0,0.0,0.0,0.0,0.0,0.0,0.0,0.0,0.0,0.0,100.0,0.0,0.0,0.0,0,0.0
oracle_feasible,congested,102,100.0,1000,25.03548939727799,33.96479457393766,34.69588731781126,34.989536221406055,25.03548939727799,0.0,0.7265290036152598,0.7265290036152598,0.0,0.0,0.0,0.0,0.0,0.0,0.0,0.0,0.0,0.0,0.0,0.0,0.0,0.0,100.0,0.0,0.0,0.0,0,0.0
local_only,congested,103,100.0,1000,25.03328827891089,34.09454856492267,34.78542999553827,34.985893217625524,25.03328827891089,0.0,0.7249975495254066,0.7249975495254066,0.0,0.0,0.0,0.0,0.0,0.0,0.0,0.0,0.0,0.0,0.0,0.0,0.0,0.0,100.0,0.0,0.0,0.0,0,0.0
edge_only,congested,103,100.0,1000,125.03328827891089,134.0945485649227,134.78542999553827,134.98589321762552,125.03328827891089,1.0,0.7249975495254066,0.0,25000.0,25.0,25000.0,1.0,0.0,0.0,1.0,0.949,0.0,0.0,0.949,0.0,0.051,0.0,0.0,100.0,0.0,0.0,0,0.0
cloud_only,congested,103,100.0,1000,125.03328827891089,134.0945485649227,134.78542999553827,134.98589321762552,125.03328827891089,1.0,0.7249975495254066,0.0,35000.0,35.0,35000.0,1.0,0.0,0.0,1.0,0.951,0.0,0.0,0.951,0.0,0.049,0.0,0.0,100.0,0.0,0.0,0,0.0
dapper,congested,103,100.0,1000,24.892785643695664,34.09454856492267,34.78542999553827,34.985893217625524,24.892785643695664,0.0,0.7249187188165734,0.7249187188165734,0.0,0.0,0.0,0.006,0.006,0.0,0.0,0.0,0.0,0.0,0.0,0.0,0.0,0.0,99.4,0.0,0.0,0.6,12,12.0
deadline_greedy,congested,103,100.0,1000,25.03328827891089,34.09454856492267,34.78542999553827,34.985893217625524,25.03328827891089,0.0,0.7249975495254066,0.7249975495254066,0.0,0.0,0.0,0.0,0.0,0.0,0.0,0.0,0.0,0.0,0.0,0.0,0.0,0.0,100.0,0.0,0.0,0.0,0,0.0
confidence_deadline,congested,103,100.0,1000,25.03328827891089,34.09454856492267,34.78542999553827,34.985893217625524,25.03328827891089,0.0,0.7249975495254066,0.7249975495254066,0.0,0.0,0.0,0.0,0.0,0.0,0.0,0.0,0.0,0.0,0.0,0.0,0.0,0.0,100.0,0.0,0.0,0.0,0,0.0
rtt_threshold,congested,103,100.0,1000,25.03328827891089,34.09454856492267,34.78542999553827,34.985893217625524,25.03328827891089,0.0,0.7249975495254066,0.7249975495254066,0.0,0.0,0.0,0.0,0.0,0.0,0.0,0.0,0.0,0.0,0.0,0.0,0.0,0.0,100.0,0.0,0.0,0.0,0,0.0
oracle_feasible,congested,103,100.0,1000,25.03328827891089,34.09454856492267,34.78542999553827,34.985893217625524,25.03328827891089,0.0,0.7249975495254066,0.7249975495254066,0.0,0.0,0.0,0.0,0.0,0.0,0.0,0.0,0.0,0.0,0.0,0.0,0.0,0.0,100.0,0.0,0.0,0.0,0,0.0
local_only,congested,104,100.0,1000,24.969774547081954,33.81394766067372,34.81048977789511,34.94578824107255,24.969774547081954,0.0,0.7273630134211108,0.7273630134211108,0.0,0.0,0.0,0.0,0.0,0.0,0.0,0.0,0.0,0.0,0.0,0.0,0.0,0.0,100.0,0.0,0.0,0.0,0,0.0
edge_only,congested,104,100.0,1000,124.96977454708197,133.81394766067373,134.8104897778951,134.94578824107253,124.96977454708197,1.0,0.7273630134211108,0.0,25000.0,25.0,25000.0,1.0,0.0,0.0,1.0,0.942,0.0,0.0,0.942,0.0,0.058,0.0,0.0,100.0,0.0,0.0,0,0.0
cloud_only,congested,104,100.0,1000,124.96977454708197,133.81394766067373,134.8104897778951,134.94578824107253,124.96977454708197,1.0,0.7273630134211108,0.0,35000.0,35.0,35000.0,1.0,0.0,0.0,1.0,0.952,0.0,0.0,0.952,0.0,0.048,0.0,0.0,100.0,0.0,0.0,0,0.0
dapper,congested,104,100.0,1000,24.77796847513708,33.81394766067372,34.81048977789511,34.94578824107255,24.77796847513708,0.0,0.7272547943451833,0.7272547943451833,0.0,0.0,0.0,0.008,0.008,0.0,0.0,0.0,0.0,0.0,0.0,0.0,0.0,0.0,99.2,0.0,0.0,0.8,14,14.0
deadline_greedy,congested,104,100.0,1000,24.969774547081954,33.81394766067372,34.81048977789511,34.94578824107255,24.969774547081954,0.0,0.7273630134211108,0.7273630134211108,0.0,0.0,0.0,0.0,0.0,0.0,0.0,0.0,0.0,0.0,0.0,0.0,0.0,0.0,100.0,0.0,0.0,0.0,0,0.0
confidence_deadline,congested,104,100.0,1000,24.969774547081954,33.81394766067372,34.81048977789511,34.94578824107255,24.969774547081954,0.0,0.7273630134211108,0.7273630134211108,0.0,0.0,0.0,0.0,0.0,0.0,0.0,0.0,0.0,0.0,0.0,0.0,0.0,0.0,100.0,0.0,0.0,0.0,0,0.0
rtt_threshold,congested,104,100.0,1000,24.969774547081954,33.81394766067372,34.81048977789511,34.94578824107255,24.969774547081954,0.0,0.7273630134211108,0.7273630134211108,0.0,0.0,0.0,0.0,0.0,0.0,0.0,0.0,0.0,0.0,0.0,0.0,0.0,0.0,100.0,0.0,0.0,0.0,0,0.0
oracle_feasible,congested,104,100.0,1000,24.969774547081954,33.81394766067372,34.81048977789511,34.94578824107255,24.969774547081954,0.0,0.7273630134211108,0.7273630134211108,0.0,0.0,0.0,0.0,0.0,0.0,0.0,0.0,0.0,0.0,0.0,0.0,0.0,0.0,100.0,0.0,0.0,0.0,0,0.0
local_only,congested,105,100.0,1000,24.881530354040223,34.02785562253984,34.86009343610894,34.98145078352877,24.881530354040223,0.0,0.7241433821596263,0.7241433821596263,0.0,0.0,0.0,0.0,0.0,0.0,0.0,0.0,0.0,0.0,0.0,0.0,0.0,0.0,100.0,0.0,0.0,0.0,0,0.0
edge_only,congested,105,100.0,1000,124.88153035404022,134.02785562253982,134.86009343610894,134.98145078352877,124.88153035404022,1.0,0.7241433821596263,0.0,25000.0,25.0,25000.0,1.0,0.0,0.0,1.0,0.942,0.0,0.0,0.942,0.0,0.058,0.0,0.0,100.0,0.0,0.0,0,0.0
cloud_only,congested,105,100.0,1000,124.88153035404022,134.02785562253982,134.86009343610894,134.98145078352877,124.88153035404022,1.0,0.7241433821596263,0.0,35000.0,35.0,35000.0,1.0,0.0,0.0,1.0,0.952,0.0,0.0,0.952,0.0,0.048,0.0,0.0,100.0,0.0,0.0,0,0.0
dapper,congested,105,100.0,1000,24.677162661323955,34.007432758127685,34.86009343610894,34.98145078352877,24.677162661323955,0.0,0.7241646482306923,0.7241646482306923,25.0,0.025,25.0,0.008,0.008,0.0,0.001,1.0,0.0,0.0,1.0,0.0,0.0,0.0,99.1,0.0,0.1,0.8,14,14.0
deadline_greedy,congested,105,100.0,1000,24.881530354040223,34.02785562253984,34.86009343610894,34.98145078352877,24.881530354040223,0.0,0.7241433821596263,0.7241433821596263,0.0,0.0,0.0,0.0,0.0,0.0,0.0,0.0,0.0,0.0,0.0,0.0,0.0,0.0,100.0,0.0,0.0,0.0,0,0.0
confidence_deadline,congested,105,100.0,1000,24.881530354040223,34.02785562253984,34.86009343610894,34.98145078352877,24.881530354040223,0.0,0.7241433821596263,0.7241433821596263,0.0,0.0,0.0,0.0,0.0,0.0,0.0,0.0,0.0,0.0,0.0,0.0,0.0,0.0,100.0,0.0,0.0,0.0,0,0.0
rtt_threshold,congested,105,100.0,1000,24.881530354040223,34.02785562253984,34.86009343610894,34.98145078352877,24.881530354040223,0.0,0.7241433821596263,0.7241433821596263,0.0,0.0,0.0,0.0,0.0,0.0,0.0,0.0,0.0,0.0,0.0,0.0,0.0,0.0,100.0,0.0,0.0,0.0,0,0.0
oracle_feasible,congested,105,100.0,1000,24.881530354040223,34.02785562253984,34.86009343610894,34.98145078352877,24.881530354040223,0.0,0.7241433821596263,0.7241433821596263,0.0,0.0,0.0,0.0,0.0,0.0,0.0,0.0,0.0,0.0,0.0,0.0,0.0,0.0,100.0,0.0,0.0,0.0,0,0.0
local_only,congested,106,100.0,1000,24.9413023153378,33.98450796903268,34.753821099438774,34.98979405154197,24.9413023153378,0.0,0.7260421946156992,0.7260421946156992,0.0,0.0,0.0,0.0,0.0,0.0,0.0,0.0,0.0,0.0,0.0,0.0,0.0,0.0,100.0,0.0,0.0,0.0,0,0.0
edge_only,congested,106,100.0,1000,124.94130231533781,133.98450796903268,134.7538210994388,134.98979405154196,124.94130231533781,1.0,0.7260421946156992,0.0,25000.0,25.0,25000.0,1.0,0.0,0.0,1.0,0.962,0.0,0.0,0.962,0.0,0.038,0.0,0.0,100.0,0.0,0.0,0,0.0
cloud_only,congested,106,100.0,1000,124.94130231533781,133.98450796903268,134.7538210994388,134.98979405154196,124.94130231533781,1.0,0.7260421946156992,0.0,35000.0,35.0,35000.0,1.0,0.0,0.0,1.0,0.94,0.0,0.0,0.94,0.0,0.06,0.0,0.0,100.0,0.0,0.0,0,0.0
dapper,congested,106,100.0,1000,24.772684967250918,33.98450796903268,34.753821099438774,34.98979405154197,24.772684967250918,0.0,0.7262080408789683,0.7262080408789683,0.0,0.0,0.0,0.007,0.007,0.0,0.0,0.0,0.0,0.0,0.0,0.0,0.0,0.0,99.3,0.0,0.0,0.7000000000000001,8,8.0
deadline_greedy,congested,106,100.0,1000,24.9413023153378,33.98450796903268,34.753821099438774,34.98979405154197,24.9413023153378,0.0,0.7260421946156992,0.7260421946156992,0.0,0.0,0.0,0.0,0.0,0.0,0.0,0.0,0.0,0.0,0.0,0.0,0.0,0.0,100.0,0.0,0.0,0.0,0,0.0
confidence_deadline,congested,106,100.0,1000,24.9413023153378,33.98450796903268,34.753821099438774,34.98979405154197,24.9413023153378,0.0,0.7260421946156992,0.7260421946156992,0.0,0.0,0.0,0.0,0.0,0.0,0.0,0.0,0.0,0.0,0.0,0.0,0.0,0.0,100.0,0.0,0.0,0.0,0,0.0
rtt_threshold,congested,106,100.0,1000,24.9413023153378,33.98450796903268,34.753821099438774,34.98979405154197,24.9413023153378,0.0,0.7260421946156992,0.7260421946156992,0.0,0.0,0.0,0.0,0.0,0.0,0.0,0.0,0.0,0.0,0.0,0.0,0.0,0.0,100.0,0.0,0.0,0.0,0,0.0
oracle_feasible,congested,106,100.0,1000,24.9413023153378,33.98450796903268,34.753821099438774,34.98979405154197,24.9413023153378,0.0,0.7260421946156992,0.7260421946156992,0.0,0.0,0.0,0.0,0.0,0.0,0.0,0.0,0.0,0.0,0.0,0.0,0.0,0.0,100.0,0.0,0.0,0.0,0,0.0
local_only,congested,107,100.0,1000,24.886925897119337,33.88426057014752,34.77470672268729,34.998762184541775,24.886925897119337,0.0,0.7258328653791636,0.7258328653791636,0.0,0.0,0.0,0.0,0.0,0.0,0.0,0.0,0.0,0.0,0.0,0.0,0.0,0.0,100.0,0.0,0.0,0.0,0,0.0
edge_only,congested,107,100.0,1000,124.88692589711934,133.88426057014752,134.77470672268728,134.99876218454176,124.88692589711934,1.0,0.7258328653791636,0.0,25000.0,25.0,25000.0,1.0,0.0,0.0,1.0,0.937,0.0,0.0,0.937,0.0,0.063,0.0,0.0,100.0,0.0,0.0,0,0.0
cloud_only,congested,107,100.0,1000,124.88692589711934,133.88426057014752,134.77470672268728,134.99876218454176,124.88692589711934,1.0,0.7258328653791636,0.0,35000.0,35.0,35000.0,1.0,0.0,0.0,1.0,0.957,0.0,0.0,0.957,0.0,0.043,0.0,0.0,100.0,0.0,0.0,0,0.0
dapper,congested,107,100.0,1000,24.763848167260303,33.88426057014752,34.77470672268729,34.998762184541775,24.763848167260303,0.0,0.7257346306649486,0.7257346306649486,0.0,0.0,0.0,0.005,0.005,0.0,0.0,0.0,0.0,0.0,0.0,0.0,0.0,0.0,99.5,0.0,0.0,0.5,8,8.0
deadline_greedy,congested,107,100.0,1000,24.886925897119337,33.88426057014752,34.77470672268729,34.998762184541775,24.886925897119337,0.0,0.7258328653791636,0.7258328653791636,0.0,0.0,0.0,0.0,0.0,0.0,0.0,0.0,0.0,0.0,0.0,0.0,0.0,0.0,100.0,0.0,0.0,0.0,0,0.0
confidence_deadline,congested,107,100.0,1000,24.886925897119337,33.88426057014752,34.77470672268729,34.998762184541775,24.886925897119337,0.0,0.7258328653791636,0.7258328653791636,0.0,0.0,0.0,0.0,0.0,0.0,0.0,0.0,0.0,0.0,0.0,0.0,0.0,0.0,100.0,0.0,0.0,0.0,0,0.0
rtt_threshold,congested,107,100.0,1000,24.886925897119337,33.88426057014752,34.77470672268729,34.998762184541775,24.886925897119337,0.0,0.7258328653791636,0.7258328653791636,0.0,0.0,0.0,0.0,0.0,0.0,0.0,0.0,0.0,0.0,0.0,0.0,0.0,0.0,100.0,0.0,0.0,0.0,0,0.0
oracle_feasible,congested,107,100.0,1000,24.886925897119337,33.88426057014752,34.77470672268729,34.998762184541775,24.886925897119337,0.0,0.7258328653791636,0.7258328653791636,0.0,0.0,0.0,0.0,0.0,0.0,0.0,0.0,0.0,0.0,0.0,0.0,0.0,0.0,100.0,0.0,0.0,0.0,0,0.0
local_only,congested,108,100.0,1000,25.12572335979201,33.943119032195405,34.814499351033405,34.99655745974279,25.12572335979201,0.0,0.7241104019978909,0.7241104019978909,0.0,0.0,0.0,0.0,0.0,0.0,0.0,0.0,0.0,0.0,0.0,0.0,0.0,0.0,100.0,0.0,0.0,0.0,0,0.0
edge_only,congested,108,100.0,1000,125.125723359792,133.94311903219543,134.8144993510334,134.9965574597428,125.125723359792,1.0,0.7241104019978909,0.0,25000.0,25.0,25000.0,1.0,0.0,0.0,1.0,0.954,0.0,0.0,0.954,0.0,0.046,0.0,0.0,100.0,0.0,0.0,0,0.0
cloud_only,congested,108,100.0,1000,125.125723359792,133.94311903219543,134.8144993510334,134.9965574597428,125.125723359792,1.0,0.7241104019978909,0.0,35000.0,35.0,35000.0,1.0,0.0,0.0,1.0,0.964,0.0,0.0,0.964,0.0,0.036,0.0,0.0,100.0,0.0,0.0,0,0.0
dapper,congested,108,100.0,1000,24.953177155047733,33.943119032195405,34.814499351033405,34.99655745974279,24.953177155047733,0.0,0.7244295155267036,0.7244295155267036,0.0,0.0,0.0,0.008,0.008,0.0,0.0,0.0,0.0,0.0,0.0,0.0,0.0,0.0,99.2,0.0,0.0,0.8,14,14.0
deadline_greedy,congested,108,100.0,1000,25.12572335979201,33.943119032195405,34.814499351033405,34.99655745974279,25.12572335979201,0.0,0.7241104019978909,0.7241104019978909,0.0,0.0,0.0,0.0,0.0,0.0,0.0,0.0,0.0,0.0,0.0,0.0,0.0,0.0,100.0,0.0,0.0,0.0,0,0.0
confidence_deadline,congested,108,100.0,1000,25.12572335979201,33.943119032195405,34.814499351033405,34.99655745974279,25.12572335979201,0.0,0.7241104019978909,0.7241104019978909,0.0,0.0,0.0,0.0,0.0,0.0,0.0,0.0,0.0,0.0,0.0,0.0,0.0,0.0,100.0,0.0,0.0,0.0,0,0.0
rtt_threshold,congested,108,100.0,1000,25.12572335979201,33.943119032195405,34.814499351033405,34.99655745974279,25.12572335979201,0.0,0.7241104019978909,0.7241104019978909,0.0,0.0,0.0,0.0,0.0,0.0,0.0,0.0,0.0,0.0,0.0,0.0,0.0,0.0,100.0,0.0,0.0,0.0,0,0.0
oracle_feasible,congested,108,100.0,1000,25.12572335979201,33.943119032195405,34.814499351033405,34.99655745974279,25.12572335979201,0.0,0.7241104019978909,0.7241104019978909,0.0,0.0,0.0,0.0,0.0,0.0,0.0,0.0,0.0,0.0,0.0,0.0,0.0,0.0,100.0,0.0,0.0,0.0,0,0.0
local_only,congested,109,100.0,1000,25.037194206353533,33.93181537323021,34.785030538309286,34.98925809716232,25.037194206353533,0.0,0.7232170518910273,0.7232170518910273,0.0,0.0,0.0,0.0,0.0,0.0,0.0,0.0,0.0,0.0,0.0,0.0,0.0,0.0,100.0,0.0,0.0,0.0,0,0.0
edge_only,congested,109,100.0,1000,125.03719420635353,133.93181537323022,134.7850305383093,134.98925809716232,125.03719420635353,1.0,0.7232170518910273,0.0,25000.0,25.0,25000.0,1.0,0.0,0.0,1.0,0.951,0.0,0.0,0.951,0.0,0.049,0.0,0.0,100.0,0.0,0.0,0,0.0
cloud_only,congested,109,100.0,1000,125.03719420635353,133.93181537323022,134.7850305383093,134.98925809716232,125.03719420635353,1.0,0.7232170518910273,0.0,35000.0,35.0,35000.0,1.0,0.0,0.0,1.0,0.951,0.0,0.0,0.951,0.0,0.049,0.0,0.0,100.0,0.0,0.0,0,0.0
dapper,congested,109,100.0,1000,24.847059358357548,33.93181537323021,34.785030538309286,34.98925809716232,24.847059358357548,0.0,0.7234323551786083,0.7234323551786083,0.0,0.0,0.0,0.007,0.007,0.0,0.0,0.0,0.0,0.0,0.0,0.0,0.0,0.0,99.3,0.0,0.0,0.7000000000000001,10,10.0
deadline_greedy,congested,109,100.0,1000,25.037194206353533,33.93181537323021,34.785030538309286,34.98925809716232,25.037194206353533,0.0,0.7232170518910273,0.7232170518910273,0.0,0.0,0.0,0.0,0.0,0.0,0.0,0.0,0.0,0.0,0.0,0.0,0.0,0.0,100.0,0.0,0.0,0.0,0,0.0
confidence_deadline,congested,109,100.0,1000,25.037194206353533,33.93181537323021,34.785030538309286,34.98925809716232,25.037194206353533,0.0,0.7232170518910273,0.7232170518910273,0.0,0.0,0.0,0.0,0.0,0.0,0.0,0.0,0.0,0.0,0.0,0.0,0.0,0.0,100.0,0.0,0.0,0.0,0,0.0
rtt_threshold,congested,109,100.0,1000,25.037194206353533,33.93181537323021,34.785030538309286,34.98925809716232,25.037194206353533,0.0,0.7232170518910273,0.7232170518910273,0.0,0.0,0.0,0.0,0.0,0.0,0.0,0.0,0.0,0.0,0.0,0.0,0.0,0.0,100.0,0.0,0.0,0.0,0,0.0
oracle_feasible,congested,109,100.0,1000,25.037194206353533,33.93181537323021,34.785030538309286,34.98925809716232,25.037194206353533,0.0,0.7232170518910273,0.7232170518910273,0.0,0.0,0.0,0.0,0.0,0.0,0.0,0.0,0.0,0.0,0.0,0.0,0.0,0.0,100.0,0.0,0.0,0.0,0,0.0
local_only,congested,110,100.0,1000,24.809401201588823,33.71973175922034,34.60151524624712,34.90888622322395,24.809401201588823,0.0,0.7246041378695668,0.7246041378695668,0.0,0.0,0.0,0.0,0.0,0.0,0.0,0.0,0.0,0.0,0.0,0.0,0.0,0.0,100.0,0.0,0.0,0.0,0,0.0
edge_only,congested,110,100.0,1000,124.80940120158881,133.71973175922034,134.60151524624712,134.90888622322396,124.80940120158881,1.0,0.7246041378695668,0.0,25000.0,25.0,25000.0,1.0,0.0,0.0,1.0,0.948,0.0,0.0,0.948,0.0,0.052,0.0,0.0,100.0,0.0,0.0,0,0.0
cloud_only,congested,110,100.0,1000,124.80940120158881,133.71973175922034,134.60151524624712,134.90888622322396,124.80940120158881,1.0,0.7246041378695668,0.0,35000.0,35.0,35000.0,1.0,0.0,0.0,1.0,0.949,0.0,0.0,0.949,0.0,0.051,0.0,0.0,100.0,0.0,0.0,0,0.0
dapper,congested,110,100.0,1000,24.70223165713215,33.71973175922034,34.60151524624712,34.90888622322395,24.70223165713215,0.0,0.7246938266396346,0.7246938266396346,0.0,0.0,0.0,0.005,0.005,0.0,0.0,0.0,0.0,0.0,0.0,0.0,0.0,0.0,99.5,0.0,0.0,0.5,8,8.0
deadline_greedy,congested,110,100.0,1000,24.809401201588823,33.71973175922034,34.60151524624712,34.90888622322395,24.809401201588823,0.0,0.7246041378695668,0.7246041378695668,0.0,0.0,0.0,0.0,0.0,0.0,0.0,0.0,0.0,0.0,0.0,0.0,0.0,0.0,100.0,0.0,0.0,0.0,0,0.0
confidence_deadline,congested,110,100.0,1000,24.809401201588823,33.71973175922034,34.60151524624712,34.90888622322395,24.809401201588823,0.0,0.7246041378695668,0.7246041378695668,0.0,0.0,0.0,0.0,0.0,0.0,0.0,0.0,0.0,0.0,0.0,0.0,0.0,0.0,100.0,0.0,0.0,0.0,0,0.0
rtt_threshold,congested,110,100.0,1000,24.809401201588823,33.71973175922034,34.60151524624712,34.90888622322395,24.809401201588823,0.0,0.7246041378695668,0.7246041378695668,0.0,0.0,0.0,0.0,0.0,0.0,0.0,0.0,0.0,0.0,0.0,0.0,0.0,0.0,100.0,0.0,0.0,0.0,0,0.0
oracle_feasible,congested,110,100.0,1000,24.809401201588823,33.71973175922034,34.60151524624712,34.90888622322395,24.809401201588823,0.0,0.7246041378695668,0.7246041378695668,0.0,0.0,0.0,0.0,0.0,0.0,0.0,0.0,0.0,0.0,0.0,0.0,0.0,0.0,100.0,0.0,0.0,0.0,0,0.0
local_only,congested,111,100.0,1000,25.119606788303717,34.001774933641265,34.74455155405684,34.96241421096305,25.119606788303717,0.0,0.725386178810248,0.725386178810248,0.0,0.0,0.0,0.0,0.0,0.0,0.0,0.0,0.0,0.0,0.0,0.0,0.0,0.0,100.0,0.0,0.0,0.0,0,0.0
edge_only,congested,111,100.0,1000,125.11960678830371,134.00177493364126,134.74455155405684,134.96241421096306,125.11960678830371,1.0,0.725386178810248,0.0,25000.0,25.0,25000.0,1.0,0.0,0.0,1.0,0.961,0.0,0.0,0.961,0.0,0.039,0.0,0.0,100.0,0.0,0.0,0,0.0
cloud_only,congested,111,100.0,1000,125.11960678830371,134.00177493364126,134.74455155405684,134.96241421096306,125.11960678830371,1.0,0.725386178810248,0.0,35000.0,35.0,35000.0,1.0,0.0,0.0,1.0,0.949,0.0,0.0,0.949,0.0,0.051,0.0,0.0,100.0,0.0,0.0,0,0.0
dapper,congested,111,100.0,1000,24.94253826558974,33.995133250212476,34.74455155405684,34.96241421096305,24.94253826558974,0.0,0.7254545302713125,0.7254545302713125,0.0,0.0,0.0,0.008,0.008,0.0,0.0,0.0,0.0,0.0,0.0,0.0,0.0,0.0,99.2,0.0,0.0,0.8,14,14.0
deadline_greedy,congested,111,100.0,1000,25.119606788303717,34.001774933641265,34.74455155405684,34.96241421096305,25.119606788303717,0.0,0.725386178810248,0.725386178810248,0.0,0.0,0.0,0.0,0.0,0.0,0.0,0.0,0.0,0.0,0.0,0.0,0.0,0.0,100.0,0.0,0.0,0.0,0,0.0
confidence_deadline,congested,111,100.0,1000,25.119606788303717,34.001774933641265,34.74455155405684,34.96241421096305,25.119606788303717,0.0,0.725386178810248,0.725386178810248,0.0,0.0,0.0,0.0,0.0,0.0,0.0,0.0,0.0,0.0,0.0,0.0,0.0,0.0,100.0,0.0,0.0,0.0,0,0.0
rtt_threshold,congested,111,100.0,1000,25.119606788303717,34.001774933641265,34.74455155405684,34.96241421096305,25.119606788303717,0.0,0.725386178810248,0.725386178810248,0.0,0.0,0.0,0.0,0.0,0.0,0.0,0.0,0.0,0.0,0.0,0.0,0.0,0.0,100.0,0.0,0.0,0.0,0,0.0
oracle_feasible,congested,111,100.0,1000,25.119606788303717,34.001774933641265,34.74455155405684,34.96241421096305,25.119606788303717,0.0,0.725386178810248,0.725386178810248,0.0,0.0,0.0,0.0,0.0,0.0,0.0,0.0,0.0,0.0,0.0,0.0,0.0,0.0,100.0,0.0,0.0,0.0,0,0.0
local_only,congested,112,100.0,1000,25.185269217607274,33.90095224371657,34.76580213455383,34.985906989642146,25.185269217607274,0.0,0.7266896434568639,0.7266896434568639,0.0,0.0,0.0,0.0,0.0,0.0,0.0,0.0,0.0,0.0,0.0,0.0,0.0,0.0,100.0,0.0,0.0,0.0,0,0.0
edge_only,congested,112,100.0,1000,125.18526921760727,133.90095224371657,134.76580213455384,134.98590698964216,125.18526921760727,1.0,0.7266896434568639,0.0,25000.0,25.0,25000.0,1.0,0.0,0.0,1.0,0.958,0.0,0.0,0.958,0.0,0.042,0.0,0.0,100.0,0.0,0.0,0,0.0
cloud_only,congested,112,100.0,1000,125.18526921760727,133.90095224371657,134.76580213455384,134.98590698964216,125.18526921760727,1.0,0.7266896434568639,0.0,35000.0,35.0,35000.0,1.0,0.0,0.0,1.0,0.949,0.0,0.0,0.949,0.0,0.051,0.0,0.0,100.0,0.0,0.0,0,0.0
dapper,congested,112,100.0,1000,24.86963877249279,33.90095224371657,34.76580213455383,34.985906989642146,24.86963877249279,0.0,0.7266076329631779,0.7266076329631779,0.0,0.0,0.0,0.013,0.013,0.0,0.0,0.0,0.0,0.0,0.0,0.0,0.0,0.0,98.7,0.0,0.0,1.3,18,18.0
deadline_greedy,congested,112,100.0,1000,25.185269217607274,33.90095224371657,34.76580213455383,34.985906989642146,25.185269217607274,0.0,0.7266896434568639,0.7266896434568639,0.0,0.0,0.0,0.0,0.0,0.0,0.0,0.0,0.0,0.0,0.0,0.0,0.0,0.0,100.0,0.0,0.0,0.0,0,0.0
confidence_deadline,congested,112,100.0,1000,25.185269217607274,33.90095224371657,34.76580213455383,34.985906989642146,25.185269217607274,0.0,0.7266896434568639,0.7266896434568639,0.0,0.0,0.0,0.0,0.0,0.0,0.0,0.0,0.0,0.0,0.0,0.0,0.0,0.0,100.0,0.0,0.0,0.0,0,0.0
rtt_threshold,congested,112,100.0,1000,25.185269217607274,33.90095224371657,34.76580213455383,34.985906989642146,25.185269217607274,0.0,0.7266896434568639,0.7266896434568639,0.0,0.0,0.0,0.0,0.0,0.0,0.0,0.0,0.0,0.0,0.0,0.0,0.0,0.0,100.0,0.0,0.0,0.0,0,0.0
oracle_feasible,congested,112,100.0,1000,25.185269217607274,33.90095224371657,34.76580213455383,34.985906989642146,25.185269217607274,0.0,0.7266896434568639,0.7266896434568639,0.0,0.0,0.0,0.0,0.0,0.0,0.0,0.0,0.0,0.0,0.0,0.0,0.0,0.0,100.0,0.0,0.0,0.0,0,0.0
local_only,congested,113,100.0,1000,24.906335043070264,33.941743755105556,34.77247181035648,34.98424994294581,24.906335043070264,0.0,0.7265627615919971,0.7265627615919971,0.0,0.0,0.0,0.0,0.0,0.0,0.0,0.0,0.0,0.0,0.0,0.0,0.0,0.0,100.0,0.0,0.0,0.0,0,0.0
edge_only,congested,113,100.0,1000,124.90633504307027,133.94174375510556,134.77247181035648,134.9842499429458,124.90633504307027,1.0,0.7265627615919971,0.0,25000.0,25.0,25000.0,1.0,0.0,0.0,1.0,0.948,0.0,0.0,0.948,0.0,0.052,0.0,0.0,100.0,0.0,0.0,0,0.0
cloud_only,congested,113,100.0,1000,124.90633504307027,133.94174375510556,134.77247181035648,134.9842499429458,124.90633504307027,1.0,0.7265627615919971,0.0,35000.0,35.0,35000.0,1.0,0.0,0.0,1.0,0.955,0.0,0.0,0.955,0.0,0.045,0.0,0.0,100.0,0.0,0.0,0,0.0
dapper,congested,113,100.0,1000,24.72292431672843,33.938019364553725,34.77247181035648,34.98424994294581,24.72292431672843,0.0,0.7265134749764945,0.7265134749764945,0.0,0.0,0.0,0.007,0.007,0.0,0.0,0.0,0.0,0.0,0.0,0.0,0.0,0.0,99.3,0.0,0.0,0.7000000000000001,12,12.0
deadline_greedy,congested,113,100.0,1000,24.906335043070264,33.941743755105556,34.77247181035648,34.98424994294581,24.906335043070264,0.0,0.7265627615919971,0.7265627615919971,0.0,0.0,0.0,0.0,0.0,0.0,0.0,0.0,0.0,0.0,0.0,0.0,0.0,0.0,100.0,0.0,0.0,0.0,0,0.0
confidence_deadline,congested,113,100.0,1000,24.906335043070264,33.941743755105556,34.77247181035648,34.98424994294581,24.906335043070264,0.0,0.7265627615919971,0.7265627615919971,0.0,0.0,0.0,0.0,0.0,0.0,0.0,0.0,0.0,0.0,0.0,0.0,0.0,0.0,100.0,0.0,0.0,0.0,0,0.0
rtt_threshold,congested,113,100.0,1000,24.906335043070264,33.941743755105556,34.77247181035648,34.98424994294581,24.906335043070264,0.0,0.7265627615919971,0.7265627615919971,0.0,0.0,0.0,0.0,0.0,0.0,0.0,0.0,0.0,0.0,0.0,0.0,0.0,0.0,100.0,0.0,0.0,0.0,0,0.0
oracle_feasible,congested,113,100.0,1000,24.906335043070264,33.941743755105556,34.77247181035648,34.98424994294581,24.906335043070264,0.0,0.7265627615919971,0.7265627615919971,0.0,0.0,0.0,0.0,0.0,0.0,0.0,0.0,0.0,0.0,0.0,0.0,0.0,0.0,100.0,0.0,0.0,0.0,0,0.0
local_only,congested,114,100.0,1000,25.106436885026124,33.99518413696301,34.87476614646897,34.96282987218834,25.106436885026124,0.0,0.7286951154525153,0.7286951154525153,0.0,0.0,0.0,0.0,0.0,0.0,0.0,0.0,0.0,0.0,0.0,0.0,0.0,0.0,100.0,0.0,0.0,0.0,0,0.0
edge_only,congested,114,100.0,1000,125.10643688502614,133.99518413696302,134.87476614646897,134.96282987218834,125.10643688502614,1.0,0.7286951154525153,0.0,25000.0,25.0,25000.0,1.0,0.0,0.0,1.0,0.95,0.0,0.0,0.95,0.0,0.05,0.0,0.0,100.0,0.0,0.0,0,0.0
cloud_only,congested,114,100.0,1000,125.10643688502614,133.99518413696302,134.87476614646897,134.96282987218834,125.10643688502614,1.0,0.7286951154525153,0.0,35000.0,35.0,35000.0,1.0,0.0,0.0,1.0,0.95,0.0,0.0,0.95,0.0,0.05,0.0,0.0,100.0,0.0,0.0,0,0.0
dapper,congested,114,100.0,1000,24.915906991902833,33.99518413696301,34.87476614646897,34.96282987218834,24.915906991902833,0.0,0.7286233928366593,0.7286233928366593,0.0,0.0,0.0,0.008,0.008,0.0,0.0,0.0,0.0,0.0,0.0,0.0,0.0,0.0,99.2,0.0,0.0,0.8,10,10.0
deadline_greedy,congested,114,100.0,1000,25.106436885026124,33.99518413696301,34.87476614646897,34.96282987218834,25.106436885026124,0.0,0.7286951154525153,0.7286951154525153,0.0,0.0,0.0,0.0,0.0,0.0,0.0,0.0,0.0,0.0,0.0,0.0,0.0,0.0,100.0,0.0,0.0,0.0,0,0.0
confidence_deadline,congested,114,100.0,1000,25.106436885026124,33.99518413696301,34.87476614646897,34.96282987218834,25.106436885026124,0.0,0.7286951154525153,0.7286951154525153,0.0,0.0,0.0,0.0,0.0,0.0,0.0,0.0,0.0,0.0,0.0,0.0,0.0,0.0,100.0,0.0,0.0,0.0,0,0.0
rtt_threshold,congested,114,100.0,1000,25.106436885026124,33.99518413696301,34.87476614646897,34.96282987218834,25.106436885026124,0.0,0.7286951154525153,0.7286951154525153,0.0,0.0,0.0,0.0,0.0,0.0,0.0,0.0,0.0,0.0,0.0,0.0,0.0,0.0,100.0,0.0,0.0,0.0,0,0.0
oracle_feasible,congested,114,100.0,1000,25.106436885026124,33.99518413696301,34.87476614646897,34.96282987218834,25.106436885026124,0.0,0.7286951154525153,0.7286951154525153,0.0,0.0,0.0,0.0,0.0,0.0,0.0,0.0,0.0,0.0,0.0,0.0,0.0,0.0,100.0,0.0,0.0,0.0,0,0.0
local_only,congested,115,100.0,1000,25.22862077033868,34.01033183391731,34.751795785617006,34.96593743598228,25.22862077033868,0.0,0.7228431329922943,0.7228431329922943,0.0,0.0,0.0,0.0,0.0,0.0,0.0,0.0,0.0,0.0,0.0,0.0,0.0,0.0,100.0,0.0,0.0,0.0,0,0.0
edge_only,congested,115,100.0,1000,125.22862077033868,134.01033183391732,134.751795785617,134.96593743598228,125.22862077033868,1.0,0.7228431329922943,0.0,25000.0,25.0,25000.0,1.0,0.0,0.0,1.0,0.947,0.0,0.0,0.947,0.0,0.053,0.0,0.0,100.0,0.0,0.0,0,0.0
cloud_only,congested,115,100.0,1000,125.22862077033868,134.01033183391732,134.751795785617,134.96593743598228,125.22862077033868,1.0,0.7228431329922943,0.0,35000.0,35.0,35000.0,1.0,0.0,0.0,1.0,0.952,0.0,0.0,0.952,0.0,0.048,0.0,0.0,100.0,0.0,0.0,0,0.0
dapper,congested,115,100.0,1000,25.085740611498316,34.01033183391731,34.751795785617006,34.96593743598228,25.085740611498316,0.0,0.722824442674691,0.722824442674691,0.0,0.0,0.0,0.006,0.006,0.0,0.0,0.0,0.0,0.0,0.0,0.0,0.0,0.0,99.4,0.0,0.0,0.6,10,10.0
deadline_greedy,congested,115,100.0,1000,25.22862077033868,34.01033183391731,34.751795785617006,34.96593743598228,25.22862077033868,0.0,0.7228431329922943,0.7228431329922943,0.0,0.0,0.0,0.0,0.0,0.0,0.0,0.0,0.0,0.0,0.0,0.0,0.0,0.0,100.0,0.0,0.0,0.0,0,0.0
confidence_deadline,congested,115,100.0,1000,25.22862077033868,34.01033183391731,34.751795785617006,34.96593743598228,25.22862077033868,0.0,0.7228431329922943,0.7228431329922943,0.0,0.0,0.0,0.0,0.0,0.0,0.0,0.0,0.0,0.0,0.0,0.0,0.0,0.0,100.0,0.0,0.0,0.0,0,0.0
rtt_threshold,congested,115,100.0,1000,25.22862077033868,34.01033183391731,34.751795785617006,34.96593743598228,25.22862077033868,0.0,0.7228431329922943,0.7228431329922943,0.0,0.0,0.0,0.0,0.0,0.0,0.0,0.0,0.0,0.0,0.0,0.0,0.0,0.0,100.0,0.0,0.0,0.0,0,0.0
oracle_feasible,congested,115,100.0,1000,25.22862077033868,34.01033183391731,34.751795785617006,34.96593743598228,25.22862077033868,0.0,0.7228431329922943,0.7228431329922943,0.0,0.0,0.0,0.0,0.0,0.0,0.0,0.0,0.0,0.0,0.0,0.0,0.0,0.0,100.0,0.0,0.0,0.0,0,0.0
local_only,congested,116,100.0,1000,25.532666746770744,33.96456327797874,34.77240430108412,34.9771698353159,25.532666746770744,0.0,0.725945101429929,0.725945101429929,0.0,0.0,0.0,0.0,0.0,0.0,0.0,0.0,0.0,0.0,0.0,0.0,0.0,0.0,100.0,0.0,0.0,0.0,0,0.0
edge_only,congested,116,100.0,1000,125.53266674677074,133.96456327797875,134.77240430108415,134.9771698353159,125.53266674677074,1.0,0.725945101429929,0.0,25000.0,25.0,25000.0,1.0,0.0,0.0,1.0,0.97,0.0,0.0,0.97,0.0,0.03,0.0,0.0,100.0,0.0,0.0,0,0.0
cloud_only,congested,116,100.0,1000,125.53266674677074,133.96456327797875,134.77240430108415,134.9771698353159,125.53266674677074,1.0,0.725945101429929,0.0,35000.0,35.0,35000.0,1.0,0.0,0.0,1.0,0.953,0.0,0.0,0.953,0.0,0.047,0.0,0.0,100.0,0.0,0.0,0,0.0
dapper,congested,116,100.0,1000,25.324934204252145,33.95730249293956,34.77240430108412,34.9771698353159,25.324934204252145,0.0,0.7260315559209485,0.7260315559209485,0.0,0.0,0.0,0.008,0.008,0.0,0.0,0.0,0.0,0.0,0.0,0.0,0.0,0.0,99.2,0.0,0.0,0.8,16,16.0
deadline_greedy,congested,116,100.0,1000,25.532666746770744,33.96456327797874,34.77240430108412,34.9771698353159,25.532666746770744,0.0,0.725945101429929,0.725945101429929,0.0,0.0,0.0,0.0,0.0,0.0,0.0,0.0,0.0,0.0,0.0,0.0,0.0,0.0,100.0,0.0,0.0,0.0,0,0.0
confidence_deadline,congested,116,100.0,1000,25.532666746770744,33.96456327797874,34.77240430108412,34.9771698353159,25.532666746770744,0.0,0.725945101429929,0.725945101429929,0.0,0.0,0.0,0.0,0.0,0.0,0.0,0.0,0.0,0.0,0.0,0.0,0.0,0.0,100.0,0.0,0.0,0.0,0,0.0
rtt_threshold,congested,116,100.0,1000,25.532666746770744,33.96456327797874,34.77240430108412,34.9771698353159,25.532666746770744,0.0,0.725945101429929,0.725945101429929,0.0,0.0,0.0,0.0,0.0,0.0,0.0,0.0,0.0,0.0,0.0,0.0,0.0,0.0,100.0,0.0,0.0,0.0,0,0.0
oracle_feasible,congested,116,100.0,1000,25.532666746770744,33.96456327797874,34.77240430108412,34.9771698353159,25.532666746770744,0.0,0.725945101429929,0.725945101429929,0.0,0.0,0.0,0.0,0.0,0.0,0.0,0.0,0.0,0.0,0.0,0.0,0.0,0.0,100.0,0.0,0.0,0.0,0,0.0
local_only,congested,117,100.0,1000,24.586721544902087,33.766185707586004,34.70675091481512,34.994340946660934,24.586721544902087,0.0,0.7255476583450682,0.7255476583450682,0.0,0.0,0.0,0.0,0.0,0.0,0.0,0.0,0.0,0.0,0.0,0.0,0.0,0.0,100.0,0.0,0.0,0.0,0,0.0
edge_only,congested,117,100.0,1000,124.58672154490208,133.766185707586,134.7067509148151,134.99434094666094,124.58672154490208,1.0,0.7255476583450682,0.0,25000.0,25.0,25000.0,1.0,0.0,0.0,1.0,0.949,0.0,0.0,0.949,0.0,0.051,0.0,0.0,100.0,0.0,0.0,0,0.0
cloud_only,congested,117,100.0,1000,124.58672154490208,133.766185707586,134.7067509148151,134.99434094666094,124.58672154490208,1.0,0.7255476583450682,0.0,35000.0,35.0,35000.0,1.0,0.0,0.0,1.0,0.948,0.0,0.0,0.948,0.0,0.052,0.0,0.0,100.0,0.0,0.0,0,0.0
dapper,congested,117,100.0,1000,24.38620885543388,33.706919736517364,34.66361864084976,34.994340946660934,24.38620885543388,0.0,0.7253330615138619,0.7253330615138619,25.0,0.025,25.0,0.008,0.008,0.0,0.001,1.0,0.0,0.0,1.0,0.0,0.0,0.0,99.1,0.0,0.1,0.8,18,18.0
deadline_greedy,congested,117,100.0,1000,24.586721544902087,33.766185707586004,34.70675091481512,34.994340946660934,24.586721544902087,0.0,0.7255476583450682,0.7255476583450682,0.0,0.0,0.0,0.0,0.0,0.0,0.0,0.0,0.0,0.0,0.0,0.0,0.0,0.0,100.0,0.0,0.0,0.0,0,0.0
confidence_deadline,congested,117,100.0,1000,24.586721544902087,33.766185707586004,34.70675091481512,34.994340946660934,24.586721544902087,0.0,0.7255476583450682,0.7255476583450682,0.0,0.0,0.0,0.0,0.0,0.0,0.0,0.0,0.0,0.0,0.0,0.0,0.0,0.0,100.0,0.0,0.0,0.0,0,0.0
rtt_threshold,congested,117,100.0,1000,24.586721544902087,33.766185707586004,34.70675091481512,34.994340946660934,24.586721544902087,0.0,0.7255476583450682,0.7255476583450682,0.0,0.0,0.0,0.0,0.0,0.0,0.0,0.0,0.0,0.0,0.0,0.0,0.0,0.0,100.0,0.0,0.0,0.0,0,0.0
oracle_feasible,congested,117,100.0,1000,24.586721544902087,33.766185707586004,34.70675091481512,34.994340946660934,24.586721544902087,0.0,0.7255476583450682,0.7255476583450682,0.0,0.0,0.0,0.0,0.0,0.0,0.0,0.0,0.0,0.0,0.0,0.0,0.0,0.0,100.0,0.0,0.0,0.0,0,0.0
local_only,congested,118,100.0,1000,25.162494743028066,34.01490807545646,34.75940662114508,34.968506891824205,25.162494743028066,0.0,0.7267436342489003,0.7267436342489003,0.0,0.0,0.0,0.0,0.0,0.0,0.0,0.0,0.0,0.0,0.0,0.0,0.0,0.0,100.0,0.0,0.0,0.0,0,0.0
edge_only,congested,118,100.0,1000,125.16249474302808,134.01490807545645,134.75940662114508,134.9685068918242,125.16249474302808,1.0,0.7267436342489003,0.0,25000.0,25.0,25000.0,1.0,0.0,0.0,1.0,0.937,0.0,0.0,0.937,0.0,0.063,0.0,0.0,100.0,0.0,0.0,0,0.0
cloud_only,congested,118,100.0,1000,125.16249474302808,134.01490807545645,134.75940662114508,134.9685068918242,125.16249474302808,1.0,0.7267436342489003,0.0,35000.0,35.0,35000.0,1.0,0.0,0.0,1.0,0.934,0.0,0.0,0.934,0.0,0.066,0.0,0.0,100.0,0.0,0.0,0,0.0
dapper,congested,118,100.0,1000,25.01023416650803,34.01490807545646,34.75940662114508,34.968506891824205,25.01023416650803,0.0,0.7268033495517163,0.7268033495517163,0.0,0.0,0.0,0.007,0.007,0.0,0.0,0.0,0.0,0.0,0.0,0.0,0.0,0.0,99.3,0.0,0.0,0.7000000000000001,12,12.0
deadline_greedy,congested,118,100.0,1000,25.162494743028066,34.01490807545646,34.75940662114508,34.968506891824205,25.162494743028066,0.0,0.7267436342489003,0.7267436342489003,0.0,0.0,0.0,0.0,0.0,0.0,0.0,0.0,0.0,0.0,0.0,0.0,0.0,0.0,100.0,0.0,0.0,0.0,0,0.0
confidence_deadline,congested,118,100.0,1000,25.162494743028066,34.01490807545646,34.75940662114508,34.968506891824205,25.162494743028066,0.0,0.7267436342489003,0.7267436342489003,0.0,0.0,0.0,0.0,0.0,0.0,0.0,0.0,0.0,0.0,0.0,0.0,0.0,0.0,100.0,0.0,0.0,0.0,0,0.0
rtt_threshold,congested,118,100.0,1000,25.162494743028066,34.01490807545646,34.75940662114508,34.968506891824205,25.162494743028066,0.0,0.7267436342489003,0.7267436342489003,0.0,0.0,0.0,0.0,0.0,0.0,0.0,0.0,0.0,0.0,0.0,0.0,0.0,0.0,100.0,0.0,0.0,0.0,0,0.0
oracle_feasible,congested,118,100.0,1000,25.162494743028066,34.01490807545646,34.75940662114508,34.968506891824205,25.162494743028066,0.0,0.7267436342489003,0.7267436342489003,0.0,0.0,0.0,0.0,0.0,0.0,0.0,0.0,0.0,0.0,0.0,0.0,0.0,0.0,100.0,0.0,0.0,0.0,0,0.0
local_only,congested,119,100.0,1000,25.33798431808029,33.930297923071485,34.79939395844596,34.97944595589328,25.33798431808029,0.0,0.7233345714577454,0.7233345714577454,0.0,0.0,0.0,0.0,0.0,0.0,0.0,0.0,0.0,0.0,0.0,0.0,0.0,0.0,100.0,0.0,0.0,0.0,0,0.0
edge_only,congested,119,100.0,1000,125.3379843180803,133.9302979230715,134.79939395844596,134.97944595589328,125.3379843180803,1.0,0.7233345714577454,0.0,25000.0,25.0,25000.0,1.0,0.0,0.0,1.0,0.959,0.0,0.0,0.959,0.0,0.041,0.0,0.0,100.0,0.0,0.0,0,0.0
cloud_only,congested,119,100.0,1000,125.3379843180803,133.9302979230715,134.79939395844596,134.97944595589328,125.3379843180803,1.0,0.7233345714577454,0.0,35000.0,35.0,35000.0,1.0,0.0,0.0,1.0,0.957,0.0,0.0,0.957,0.0,0.043,0.0,0.0,100.0,0.0,0.0,0,0.0
dapper,congested,119,100.0,1000,25.237974362405513,33.930297923071485,34.79939395844596,34.97944595589328,25.237974362405513,0.0,0.7235998627315303,0.7235998627315303,0.0,0.0,0.0,0.005,0.005,0.0,0.0,0.0,0.0,0.0,0.0,0.0,0.0,0.0,99.5,0.0,0.0,0.5,8,8.0
deadline_greedy,congested,119,100.0,1000,25.33798431808029,33.930297923071485,34.79939395844596,34.97944595589328,25.33798431808029,0.0,0.7233345714577454,0.7233345714577454,0.0,0.0,0.0,0.0,0.0,0.0,0.0,0.0,0.0,0.0,0.0,0.0,0.0,0.0,100.0,0.0,0.0,0.0,0,0.0
confidence_deadline,congested,119,100.0,1000,25.33798431808029,33.930297923071485,34.79939395844596,34.97944595589328,25.33798431808029,0.0,0.7233345714577454,0.7233345714577454,0.0,0.0,0.0,0.0,0.0,0.0,0.0,0.0,0.0,0.0,0.0,0.0,0.0,0.0,100.0,0.0,0.0,0.0,0,0.0
rtt_threshold,congested,119,100.0,1000,25.33798431808029,33.930297923071485,34.79939395844596,34.97944595589328,25.33798431808029,0.0,0.7233345714577454,0.7233345714577454,0.0,0.0,0.0,0.0,0.0,0.0,0.0,0.0,0.0,0.0,0.0,0.0,0.0,0.0,100.0,0.0,0.0,0.0,0,0.0
oracle_feasible,congested,119,100.0,1000,25.33798431808029,33.930297923071485,34.79939395844596,34.97944595589328,25.33798431808029,0.0,0.7233345714577454,0.7233345714577454,0.0,0.0,0.0,0.0,0.0,0.0,0.0,0.0,0.0,0.0,0.0,0.0,0.0,0.0,100.0,0.0,0.0,0.0,0,0.0
local_only,congested,120,100.0,1000,24.938916091364213,33.99634834863332,34.78821886321599,34.985958566309606,24.938916091364213,0.0,0.7244242831436923,0.7244242831436923,0.0,0.0,0.0,0.0,0.0,0.0,0.0,0.0,0.0,0.0,0.0,0.0,0.0,0.0,100.0,0.0,0.0,0.0,0,0.0
edge_only,congested,120,100.0,1000,124.93891609136422,133.99634834863332,134.788218863216,134.9859585663096,124.93891609136422,1.0,0.7244242831436923,0.0,25000.0,25.0,25000.0,1.0,0.0,0.0,1.0,0.944,0.0,0.0,0.944,0.0,0.056,0.0,0.0,100.0,0.0,0.0,0,0.0
cloud_only,congested,120,100.0,1000,124.93891609136422,133.99634834863332,134.788218863216,134.9859585663096,124.93891609136422,1.0,0.7244242831436923,0.0,35000.0,35.0,35000.0,1.0,0.0,0.0,1.0,0.955,0.0,0.0,0.955,0.0,0.045,0.0,0.0,100.0,0.0,0.0,0,0.0
dapper,congested,120,100.0,1000,24.770729236686982,33.99634834863332,34.78821886321599,34.985958566309606,24.770729236686982,0.0,0.724149083598059,0.724149083598059,0.0,0.0,0.0,0.008,0.008,0.0,0.0,0.0,0.0,0.0,0.0,0.0,0.0,0.0,99.2,0.0,0.0,0.8,16,16.0
deadline_greedy,congested,120,100.0,1000,24.938916091364213,33.99634834863332,34.78821886321599,34.985958566309606,24.938916091364213,0.0,0.7244242831436923,0.7244242831436923,0.0,0.0,0.0,0.0,0.0,0.0,0.0,0.0,0.0,0.0,0.0,0.0,0.0,0.0,100.0,0.0,0.0,0.0,0,0.0
confidence_deadline,congested,120,100.0,1000,24.938916091364213,33.99634834863332,34.78821886321599,34.985958566309606,24.938916091364213,0.0,0.7244242831436923,0.7244242831436923,0.0,0.0,0.0,0.0,0.0,0.0,0.0,0.0,0.0,0.0,0.0,0.0,0.0,0.0,100.0,0.0,0.0,0.0,0,0.0
rtt_threshold,congested,120,100.0,1000,24.938916091364213,33.99634834863332,34.78821886321599,34.985958566309606,24.938916091364213,0.0,0.7244242831436923,0.7244242831436923,0.0,0.0,0.0,0.0,0.0,0.0,0.0,0.0,0.0,0.0,0.0,0.0,0.0,0.0,100.0,0.0,0.0,0.0,0,0.0
oracle_feasible,congested,120,100.0,1000,24.938916091364213,33.99634834863332,34.78821886321599,34.985958566309606,24.938916091364213,0.0,0.7244242831436923,0.7244242831436923,0.0,0.0,0.0,0.0,0.0,0.0,0.0,0.0,0.0,0.0,0.0,0.0,0.0,0.0,100.0,0.0,0.0,0.0,0,0.0
local_only,congested,121,100.0,1000,24.80917420207108,33.750343569648706,34.75280697328194,34.996277370025744,24.80917420207108,0.0,0.7240164055794182,0.7240164055794182,0.0,0.0,0.0,0.0,0.0,0.0,0.0,0.0,0.0,0.0,0.0,0.0,0.0,0.0,100.0,0.0,0.0,0.0,0,0.0
edge_only,congested,121,100.0,1000,124.80917420207108,133.7503435696487,134.75280697328193,134.99627737002575,124.80917420207108,1.0,0.7240164055794182,0.0,25000.0,25.0,25000.0,1.0,0.0,0.0,1.0,0.957,0.0,0.0,0.957,0.0,0.043,0.0,0.0,100.0,0.0,0.0,0,0.0
cloud_only,congested,121,100.0,1000,124.80917420207108,133.7503435696487,134.75280697328193,134.99627737002575,124.80917420207108,1.0,0.7240164055794182,0.0,35000.0,35.0,35000.0,1.0,0.0,0.0,1.0,0.942,0.0,0.0,0.942,0.0,0.058,0.0,0.0,100.0,0.0,0.0,0,0.0
dapper,congested,121,100.0,1000,24.670024513531853,33.750343569648706,34.75280697328194,34.996277370025744,24.670024513531853,0.0,0.7242193034879331,0.7242193034879331,0.0,0.0,0.0,0.006,0.006,0.0,0.0,0.0,0.0,0.0,0.0,0.0,0.0,0.0,99.4,0.0,0.0,0.6,10,10.0
deadline_greedy,congested,121,100.0,1000,24.80917420207108,33.750343569648706,34.75280697328194,34.996277370025744,24.80917420207108,0.0,0.7240164055794182,0.7240164055794182,0.0,0.0,0.0,0.0,0.0,0.0,0.0,0.0,0.0,0.0,0.0,0.0,0.0,0.0,100.0,0.0,0.0,0.0,0,0.0
confidence_deadline,congested,121,100.0,1000,24.80917420207108,33.750343569648706,34.75280697328194,34.996277370025744,24.80917420207108,0.0,0.7240164055794182,0.7240164055794182,0.0,0.0,0.0,0.0,0.0,0.0,0.0,0.0,0.0,0.0,0.0,0.0,0.0,0.0,100.0,0.0,0.0,0.0,0,0.0
rtt_threshold,congested,121,100.0,1000,24.80917420207108,33.750343569648706,34.75280697328194,34.996277370025744,24.80917420207108,0.0,0.7240164055794182,0.7240164055794182,0.0,0.0,0.0,0.0,0.0,0.0,0.0,0.0,0.0,0.0,0.0,0.0,0.0,0.0,100.0,0.0,0.0,0.0,0,0.0
oracle_feasible,congested,121,100.0,1000,24.80917420207108,33.750343569648706,34.75280697328194,34.996277370025744,24.80917420207108,0.0,0.7240164055794182,0.7240164055794182,0.0,0.0,0.0,0.0,0.0,0.0,0.0,0.0,0.0,0.0,0.0,0.0,0.0,0.0,100.0,0.0,0.0,0.0,0,0.0
local_only,congested,122,100.0,1000,24.869545093034485,33.85721546067485,34.770700984913006,34.91653465760954,24.869545093034485,0.0,0.7271559083016325,0.7271559083016325,0.0,0.0,0.0,0.0,0.0,0.0,0.0,0.0,0.0,0.0,0.0,0.0,0.0,0.0,100.0,0.0,0.0,0.0,0,0.0
edge_only,congested,122,100.0,1000,124.86954509303447,133.85721546067487,134.770700984913,134.91653465760953,124.86954509303447,1.0,0.7271559083016325,0.0,25000.0,25.0,25000.0,1.0,0.0,0.0,1.0,0.959,0.0,0.0,0.959,0.0,0.041,0.0,0.0,100.0,0.0,0.0,0,0.0
cloud_only,congested,122,100.0,1000,124.86954509303447,133.85721546067487,134.770700984913,134.91653465760953,124.86954509303447,1.0,0.7271559083016325,0.0,35000.0,35.0,35000.0,1.0,0.0,0.0,1.0,0.941,0.0,0.0,0.941,0.0,0.059,0.0,0.0,100.0,0.0,0.0,0,0.0
dapper,congested,122,100.0,1000,24.53787182490916,33.83751458842038,34.770700984913006,34.91653465760954,24.53787182490916,0.0,0.726925307989091,0.726925307989091,0.0,0.0,0.0,0.013,0.013,0.0,0.0,0.0,0.0,0.0,0.0,0.0,0.0,0.0,98.7,0.0,0.0,1.3,14,14.0
deadline_greedy,congested,122,100.0,1000,24.869545093034485,33.85721546067485,34.770700984913006,34.91653465760954,24.869545093034485,0.0,0.7271559083016325,0.7271559083016325,0.0,0.0,0.0,0.0,0.0,0.0,0.0,0.0,0.0,0.0,0.0,0.0,0.0,0.0,100.0,0.0,0.0,0.0,0,0.0
confidence_deadline,congested,122,100.0,1000,24.869545093034485,33.85721546067485,34.770700984913006,34.91653465760954,24.869545093034485,0.0,0.7271559083016325,0.7271559083016325,0.0,0.0,0.0,0.0,0.0,0.0,0.0,0.0,0.0,0.0,0.0,0.0,0.0,0.0,100.0,0.0,0.0,0.0,0,0.0
rtt_threshold,congested,122,100.0,1000,24.869545093034485,33.85721546067485,34.770700984913006,34.91653465760954,24.869545093034485,0.0,0.7271559083016325,0.7271559083016325,0.0,0.0,0.0,0.0,0.0,0.0,0.0,0.0,0.0,0.0,0.0,0.0,0.0,0.0,100.0,0.0,0.0,0.0,0,0.0
oracle_feasible,congested,122,100.0,1000,24.869545093034485,33.85721546067485,34.770700984913006,34.91653465760954,24.869545093034485,0.0,0.7271559083016325,0.7271559083016325,0.0,0.0,0.0,0.0,0.0,0.0,0.0,0.0,0.0,0.0,0.0,0.0,0.0,0.0,100.0,0.0,0.0,0.0,0,0.0
local_only,congested,123,100.0,1000,25.019147835962976,34.0068905091913,34.771507219222585,34.98883073588995,25.019147835962976,0.0,0.723120628404554,0.723120628404554,0.0,0.0,0.0,0.0,0.0,0.0,0.0,0.0,0.0,0.0,0.0,0.0,0.0,0.0,100.0,0.0,0.0,0.0,0,0.0
edge_only,congested,123,100.0,1000,125.01914783596297,134.0068905091913,134.7715072192226,134.98883073588996,125.01914783596297,1.0,0.723120628404554,0.0,25000.0,25.0,25000.0,1.0,0.0,0.0,1.0,0.943,0.0,0.0,0.943,0.0,0.057,0.0,0.0,100.0,0.0,0.0,0,0.0
cloud_only,congested,123,100.0,1000,125.01914783596297,134.0068905091913,134.7715072192226,134.98883073588996,125.01914783596297,1.0,0.723120628404554,0.0,35000.0,35.0,35000.0,1.0,0.0,0.0,1.0,0.951,0.0,0.0,0.951,0.0,0.049,0.0,0.0,100.0,0.0,0.0,0,0.0
dapper,congested,123,100.0,1000,24.972968667791022,34.0068905091913,34.771507219222585,34.98883073588995,24.972968667791022,0.0,0.7231981737549722,0.7231981737549722,0.0,0.0,0.0,0.002,0.002,0.0,0.0,0.0,0.0,0.0,0.0,0.0,0.0,0.0,99.8,0.0,0.0,0.2,4,4.0
deadline_greedy,congested,123,100.0,1000,25.019147835962976,34.0068905091913,34.771507219222585,34.98883073588995,25.019147835962976,0.0,0.723120628404554,0.723120628404554,0.0,0.0,0.0,0.0,0.0,0.0,0.0,0.0,0.0,0.0,0.0,0.0,0.0,0.0,100.0,0.0,0.0,0.0,0,0.0
confidence_deadline,congested,123,100.0,1000,25.019147835962976,34.0068905091913,34.771507219222585,34.98883073588995,25.019147835962976,0.0,0.723120628404554,0.723120628404554,0.0,0.0,0.0,0.0,0.0,0.0,0.0,0.0,0.0,0.0,0.0,0.0,0.0,0.0,100.0,0.0,0.0,0.0,0,0.0
rtt_threshold,congested,123,100.0,1000,25.019147835962976,34.0068905091913,34.771507219222585,34.98883073588995,25.019147835962976,0.0,0.723120628404554,0.723120628404554,0.0,0.0,0.0,0.0,0.0,0.0,0.0,0.0,0.0,0.0,0.0,0.0,0.0,0.0,100.0,0.0,0.0,0.0,0,0.0
oracle_feasible,congested,123,100.0,1000,25.019147835962976,34.0068905091913,34.771507219222585,34.98883073588995,25.019147835962976,0.0,0.723120628404554,0.723120628404554,0.0,0.0,0.0,0.0,0.0,0.0,0.0,0.0,0.0,0.0,0.0,0.0,0.0,0.0,100.0,0.0,0.0,0.0,0,0.0
local_only,congested,124,100.0,1000,24.84861311989367,33.78084958434015,34.66363593071505,34.94326242767353,24.84861311989367,0.0,0.7246412727356085,0.7246412727356085,0.0,0.0,0.0,0.0,0.0,0.0,0.0,0.0,0.0,0.0,0.0,0.0,0.0,0.0,100.0,0.0,0.0,0.0,0,0.0
edge_only,congested,124,100.0,1000,124.84861311989368,133.78084958434016,134.66363593071503,134.94326242767352,124.84861311989368,1.0,0.7246412727356085,0.0,25000.0,25.0,25000.0,1.0,0.0,0.0,1.0,0.953,0.0,0.0,0.953,0.0,0.047,0.0,0.0,100.0,0.0,0.0,0,0.0
cloud_only,congested,124,100.0,1000,124.84861311989368,133.78084958434016,134.66363593071503,134.94326242767352,124.84861311989368,1.0,0.7246412727356085,0.0,35000.0,35.0,35000.0,1.0,0.0,0.0,1.0,0.942,0.0,0.0,0.942,0.0,0.058,0.0,0.0,100.0,0.0,0.0,0,0.0
dapper,congested,124,100.0,1000,24.68398444976012,33.74309287533703,34.66363593071505,34.94326242767353,24.68398444976012,0.0,0.7246698111318651,0.7246698111318651,0.0,0.0,0.0,0.006,0.006,0.0,0.0,0.0,0.0,0.0,0.0,0.0,0.0,0.0,99.4,0.0,0.0,0.6,10,10.0
deadline_greedy,congested,124,100.0,1000,24.84861311989367,33.78084958434015,34.66363593071505,34.94326242767353,24.84861311989367,0.0,0.7246412727356085,0.7246412727356085,0.0,0.0,0.0,0.0,0.0,0.0,0.0,0.0,0.0,0.0,0.0,0.0,0.0,0.0,100.0,0.0,0.0,0.0,0,0.0
confidence_deadline,congested,124,100.0,1000,24.84861311989367,33.78084958434015,34.66363593071505,34.94326242767353,24.84861311989367,0.0,0.7246412727356085,0.7246412727356085,0.0,0.0,0.0,0.0,0.0,0.0,0.0,0.0,0.0,0.0,0.0,0.0,0.0,0.0,100.0,0.0,0.0,0.0,0,0.0
rtt_threshold,congested,124,100.0,1000,24.84861311989367,33.78084958434015,34.66363593071505,34.94326242767353,24.84861311989367,0.0,0.7246412727356085,0.7246412727356085,0.0,0.0,0.0,0.0,0.0,0.0,0.0,0.0,0.0,0.0,0.0,0.0,0.0,0.0,100.0,0.0,0.0,0.0,0,0.0
oracle_feasible,congested,124,100.0,1000,24.84861311989367,33.78084958434015,34.66363593071505,34.94326242767353,24.84861311989367,0.0,0.7246412727356085,0.7246412727356085,0.0,0.0,0.0,0.0,0.0,0.0,0.0,0.0,0.0,0.0,0.0,0.0,0.0,0.0,100.0,0.0,0.0,0.0,0,0.0
local_only,congested,125,100.0,1000,25.028806878728822,34.05786747219948,34.83418763630404,34.99974319601896,25.028806878728822,0.0,0.7225453340361464,0.7225453340361464,0.0,0.0,0.0,0.0,0.0,0.0,0.0,0.0,0.0,0.0,0.0,0.0,0.0,0.0,100.0,0.0,0.0,0.0,0,0.0
edge_only,congested,125,100.0,1000,125.02880687872882,134.0578674721995,134.83418763630405,134.99974319601895,125.02880687872882,1.0,0.7225453340361464,0.0,25000.0,25.0,25000.0,1.0,0.0,0.0,1.0,0.954,0.0,0.0,0.954,0.0,0.046,0.0,0.0,100.0,0.0,0.0,0,0.0
cloud_only,congested,125,100.0,1000,125.02880687872882,134.0578674721995,134.83418763630405,134.99974319601895,125.02880687872882,1.0,0.7225453340361464,0.0,35000.0,35.0,35000.0,1.0,0.0,0.0,1.0,0.96,0.0,0.0,0.96,0.0,0.04,0.0,0.0,100.0,0.0,0.0,0,0.0
dapper,congested,125,100.0,1000,24.725669553063664,34.05786747219948,34.83418763630404,34.99974319601896,24.725669553063664,0.0,0.7228975062228786,0.7228975062228786,25.0,0.025,25.0,0.012,0.012,0.0,0.001,1.0,0.0,0.0,1.0,0.0,0.0,0.0,98.7,0.0,0.1,1.2,16,16.0
deadline_greedy,congested,125,100.0,1000,25.028806878728822,34.05786747219948,34.83418763630404,34.99974319601896,25.028806878728822,0.0,0.7225453340361464,0.7225453340361464,0.0,0.0,0.0,0.0,0.0,0.0,0.0,0.0,0.0,0.0,0.0,0.0,0.0,0.0,100.0,0.0,0.0,0.0,0,0.0
confidence_deadline,congested,125,100.0,1000,25.028806878728822,34.05786747219948,34.83418763630404,34.99974319601896,25.028806878728822,0.0,0.7225453340361464,0.7225453340361464,0.0,0.0,0.0,0.0,0.0,0.0,0.0,0.0,0.0,0.0,0.0,0.0,0.0,0.0,100.0,0.0,0.0,0.0,0,0.0
rtt_threshold,congested,125,100.0,1000,25.028806878728822,34.05786747219948,34.83418763630404,34.99974319601896,25.028806878728822,0.0,0.7225453340361464,0.7225453340361464,0.0,0.0,0.0,0.0,0.0,0.0,0.0,0.0,0.0,0.0,0.0,0.0,0.0,0.0,100.0,0.0,0.0,0.0,0,0.0
oracle_feasible,congested,125,100.0,1000,25.028806878728822,34.05786747219948,34.83418763630404,34.99974319601896,25.028806878728822,0.0,0.7225453340361464,0.7225453340361464,0.0,0.0,0.0,0.0,0.0,0.0,0.0,0.0,0.0,0.0,0.0,0.0,0.0,0.0,100.0,0.0,0.0,0.0,0,0.0
local_only,congested,126,100.0,1000,25.01200503410485,33.97988585528562,34.774114294105054,34.99086328598782,25.01200503410485,0.0,0.7260325028592299,0.7260325028592299,0.0,0.0,0.0,0.0,0.0,0.0,0.0,0.0,0.0,0.0,0.0,0.0,0.0,0.0,100.0,0.0,0.0,0.0,0,0.0
edge_only,congested,126,100.0,1000,125.01200503410485,133.97988585528563,134.77411429410506,134.9908632859878,125.01200503410485,1.0,0.7260325028592299,0.0,25000.0,25.0,25000.0,1.0,0.0,0.0,1.0,0.945,0.0,0.0,0.945,0.0,0.055,0.0,0.0,100.0,0.0,0.0,0,0.0
cloud_only,congested,126,100.0,1000,125.01200503410485,133.97988585528563,134.77411429410506,134.9908632859878,125.01200503410485,1.0,0.7260325028592299,0.0,35000.0,35.0,35000.0,1.0,0.0,0.0,1.0,0.943,0.0,0.0,0.943,0.0,0.057,0.0,0.0,100.0,0.0,0.0,0,0.0
dapper,congested,126,100.0,1000,24.961010734873252,33.97988585528562,34.774114294105054,34.99086328598782,24.961010734873252,0.0,0.7258907807888281,0.7258907807888281,0.0,0.0,0.0,0.002,0.002,0.0,0.0,0.0,0.0,0.0,0.0,0.0,0.0,0.0,99.8,0.0,0.0,0.2,4,4.0
deadline_greedy,congested,126,100.0,1000,25.01200503410485,33.97988585528562,34.774114294105054,34.99086328598782,25.01200503410485,0.0,0.7260325028592299,0.7260325028592299,0.0,0.0,0.0,0.0,0.0,0.0,0.0,0.0,0.0,0.0,0.0,0.0,0.0,0.0,100.0,0.0,0.0,0.0,0,0.0
confidence_deadline,congested,126,100.0,1000,25.01200503410485,33.97988585528562,34.774114294105054,34.99086328598782,25.01200503410485,0.0,0.7260325028592299,0.7260325028592299,0.0,0.0,0.0,0.0,0.0,0.0,0.0,0.0,0.0,0.0,0.0,0.0,0.0,0.0,100.0,0.0,0.0,0.0,0,0.0
rtt_threshold,congested,126,100.0,1000,25.01200503410485,33.97988585528562,34.774114294105054,34.99086328598782,25.01200503410485,0.0,0.7260325028592299,0.7260325028592299,0.0,0.0,0.0,0.0,0.0,0.0,0.0,0.0,0.0,0.0,0.0,0.0,0.0,0.0,100.0,0.0,0.0,0.0,0,0.0
oracle_feasible,congested,126,100.0,1000,25.01200503410485,33.97988585528562,34.774114294105054,34.99086328598782,25.01200503410485,0.0,0.7260325028592299,0.7260325028592299,0.0,0.0,0.0,0.0,0.0,0.0,0.0,0.0,0.0,0.0,0.0,0.0,0.0,0.0,100.0,0.0,0.0,0.0,0,0.0
local_only,congested,127,100.0,1000,25.067778068181923,34.00531179234195,34.71031183612322,34.99801668883106,25.067778068181923,0.0,0.7239904038714414,0.7239904038714414,0.0,0.0,0.0,0.0,0.0,0.0,0.0,0.0,0.0,0.0,0.0,0.0,0.0,0.0,100.0,0.0,0.0,0.0,0,0.0
edge_only,congested,127,100.0,1000,125.06777806818191,134.00531179234196,134.71031183612322,134.99801668883106,125.06777806818191,1.0,0.7239904038714414,0.0,25000.0,25.0,25000.0,1.0,0.0,0.0,1.0,0.952,0.0,0.0,0.952,0.0,0.048,0.0,0.0,100.0,0.0,0.0,0,0.0
cloud_only,congested,127,100.0,1000,125.06777806818191,134.00531179234196,134.71031183612322,134.99801668883106,125.06777806818191,1.0,0.7239904038714414,0.0,35000.0,35.0,35000.0,1.0,0.0,0.0,1.0,0.961,0.0,0.0,0.961,0.0,0.039,0.0,0.0,100.0,0.0,0.0,0,0.0
dapper,congested,127,100.0,1000,24.79915459305446,33.97839515917549,34.71031183612322,34.99801668883106,24.79915459305446,0.0,0.7241769809830646,0.7241769809830646,0.0,0.0,0.0,0.01,0.01,0.0,0.0,0.0,0.0,0.0,0.0,0.0,0.0,0.0,99.0,0.0,0.0,1.0,18,18.0
deadline_greedy,congested,127,100.0,1000,25.067778068181923,34.00531179234195,34.71031183612322,34.99801668883106,25.067778068181923,0.0,0.7239904038714414,0.7239904038714414,0.0,0.0,0.0,0.0,0.0,0.0,0.0,0.0,0.0,0.0,0.0,0.0,0.0,0.0,100.0,0.0,0.0,0.0,0,0.0
confidence_deadline,congested,127,100.0,1000,25.067778068181923,34.00531179234195,34.71031183612322,34.99801668883106,25.067778068181923,0.0,0.7239904038714414,0.7239904038714414,0.0,0.0,0.0,0.0,0.0,0.0,0.0,0.0,0.0,0.0,0.0,0.0,0.0,0.0,100.0,0.0,0.0,0.0,0,0.0
rtt_threshold,congested,127,100.0,1000,25.067778068181923,34.00531179234195,34.71031183612322,34.99801668883106,25.067778068181923,0.0,0.7239904038714414,0.7239904038714414,0.0,0.0,0.0,0.0,0.0,0.0,0.0,0.0,0.0,0.0,0.0,0.0,0.0,0.0,100.0,0.0,0.0,0.0,0,0.0
oracle_feasible,congested,127,100.0,1000,25.067778068181923,34.00531179234195,34.71031183612322,34.99801668883106,25.067778068181923,0.0,0.7239904038714414,0.7239904038714414,0.0,0.0,0.0,0.0,0.0,0.0,0.0,0.0,0.0,0.0,0.0,0.0,0.0,0.0,100.0,0.0,0.0,0.0,0,0.0
local_only,congested,128,100.0,1000,24.85704421534759,34.08647701991846,34.783499539553866,34.99302751306131,24.85704421534759,0.0,0.7235741311250974,0.7235741311250974,0.0,0.0,0.0,0.0,0.0,0.0,0.0,0.0,0.0,0.0,0.0,0.0,0.0,0.0,100.0,0.0,0.0,0.0,0,0.0
edge_only,congested,128,100.0,1000,124.85704421534759,134.08647701991848,134.78349953955384,134.9930275130613,124.85704421534759,1.0,0.7235741311250974,0.0,25000.0,25.0,25000.0,1.0,0.0,0.0,1.0,0.954,0.0,0.0,0.954,0.0,0.046,0.0,0.0,100.0,0.0,0.0,0,0.0
cloud_only,congested,128,100.0,1000,124.85704421534759,134.08647701991848,134.78349953955384,134.9930275130613,124.85704421534759,1.0,0.7235741311250974,0.0,35000.0,35.0,35000.0,1.0,0.0,0.0,1.0,0.95,0.0,0.0,0.95,0.0,0.05,0.0,0.0,100.0,0.0,0.0,0,0.0
dapper,congested,128,100.0,1000,24.671514882986425,34.08647701991846,34.783499539553866,34.99302751306131,24.671514882986425,0.0,0.72324842617587,0.72324842617587,0.0,0.0,0.0,0.008,0.008,0.0,0.0,0.0,0.0,0.0,0.0,0.0,0.0,0.0,99.2,0.0,0.0,0.8,12,12.0
deadline_greedy,congested,128,100.0,1000,24.85704421534759,34.08647701991846,34.783499539553866,34.99302751306131,24.85704421534759,0.0,0.7235741311250974,0.7235741311250974,0.0,0.0,0.0,0.0,0.0,0.0,0.0,0.0,0.0,0.0,0.0,0.0,0.0,0.0,100.0,0.0,0.0,0.0,0,0.0
confidence_deadline,congested,128,100.0,1000,24.85704421534759,34.08647701991846,34.783499539553866,34.99302751306131,24.85704421534759,0.0,0.7235741311250974,0.7235741311250974,0.0,0.0,0.0,0.0,0.0,0.0,0.0,0.0,0.0,0.0,0.0,0.0,0.0,0.0,100.0,0.0,0.0,0.0,0,0.0
rtt_threshold,congested,128,100.0,1000,24.85704421534759,34.08647701991846,34.783499539553866,34.99302751306131,24.85704421534759,0.0,0.7235741311250974,0.7235741311250974,0.0,0.0,0.0,0.0,0.0,0.0,0.0,0.0,0.0,0.0,0.0,0.0,0.0,0.0,100.0,0.0,0.0,0.0,0,0.0
oracle_feasible,congested,128,100.0,1000,24.85704421534759,34.08647701991846,34.783499539553866,34.99302751306131,24.85704421534759,0.0,0.7235741311250974,0.7235741311250974,0.0,0.0,0.0,0.0,0.0,0.0,0.0,0.0,0.0,0.0,0.0,0.0,0.0,0.0,100.0,0.0,0.0,0.0,0,0.0
local_only,congested,129,100.0,1000,24.920063724669387,33.90591045177916,34.77957296022762,34.981958638619645,24.920063724669387,0.0,0.7225927676936471,0.7225927676936471,0.0,0.0,0.0,0.0,0.0,0.0,0.0,0.0,0.0,0.0,0.0,0.0,0.0,0.0,100.0,0.0,0.0,0.0,0,0.0
edge_only,congested,129,100.0,1000,124.92006372466938,133.90591045177916,134.7795729602276,134.98195863861963,124.92006372466938,1.0,0.7225927676936471,0.0,25000.0,25.0,25000.0,1.0,0.0,0.0,1.0,0.951,0.0,0.0,0.951,0.0,0.049,0.0,0.0,100.0,0.0,0.0,0,0.0
cloud_only,congested,129,100.0,1000,124.92006372466938,133.90591045177916,134.7795729602276,134.98195863861963,124.92006372466938,1.0,0.7225927676936471,0.0,35000.0,35.0,35000.0,1.0,0.0,0.0,1.0,0.953,0.0,0.0,0.953,0.0,0.047,0.0,0.0,100.0,0.0,0.0,0,0.0
dapper,congested,129,100.0,1000,24.599702966215787,33.90591045177916,34.77957296022762,34.981958638619645,24.599702966215787,0.0,0.7227863941222297,0.7227863941222297,0.0,0.0,0.0,0.013,0.013,0.0,0.0,0.0,0.0,0.0,0.0,0.0,0.0,0.0,98.7,0.0,0.0,1.3,20,20.0
deadline_greedy,congested,129,100.0,1000,24.920063724669387,33.90591045177916,34.77957296022762,34.981958638619645,24.920063724669387,0.0,0.7225927676936471,0.7225927676936471,0.0,0.0,0.0,0.0,0.0,0.0,0.0,0.0,0.0,0.0,0.0,0.0,0.0,0.0,100.0,0.0,0.0,0.0,0,0.0
confidence_deadline,congested,129,100.0,1000,24.920063724669387,33.90591045177916,34.77957296022762,34.981958638619645,24.920063724669387,0.0,0.7225927676936471,0.7225927676936471,0.0,0.0,0.0,0.0,0.0,0.0,0.0,0.0,0.0,0.0,0.0,0.0,0.0,0.0,100.0,0.0,0.0,0.0,0,0.0
rtt_threshold,congested,129,100.0,1000,24.920063724669387,33.90591045177916,34.77957296022762,34.981958638619645,24.920063724669387,0.0,0.7225927676936471,0.7225927676936471,0.0,0.0,0.0,0.0,0.0,0.0,0.0,0.0,0.0,0.0,0.0,0.0,0.0,0.0,100.0,0.0,0.0,0.0,0,0.0
oracle_feasible,congested,129,100.0,1000,24.920063724669387,33.90591045177916,34.77957296022762,34.981958638619645,24.920063724669387,0.0,0.7225927676936471,0.7225927676936471,0.0,0.0,0.0,0.0,0.0,0.0,0.0,0.0,0.0,0.0,0.0,0.0,0.0,0.0,100.0,0.0,0.0,0.0,0,0.0
local_only,lossy,100,100.0,1000,25.284238375351617,34.04718924628941,34.84826155800029,34.98907189172226,25.284238375351617,0.0,0.7261089761349956,0.7261089761349956,0.0,0.0,0.0,0.0,0.0,0.0,0.0,0.0,0.0,0.0,0.0,0.0,0.0,0.0,100.0,0.0,0.0,0.0,0,0.0
edge_only,lossy,100,100.0,1000,121.69837819576382,133.99874120331472,134.81297005384312,134.98907189172226,121.69837819576382,0.878,0.7453185195359671,0.10755903372948356,25000.0,25.0,25000.0,0.878,0.0,0.0,1.0,0.798,0.122,0.122,0.676,0.0,0.202,0.0,0.0,100.0,0.0,0.0,0,0.0
cloud_only,lossy,100,100.0,1000,125.28423837535162,134.0471892462894,134.84826155800027,134.98907189172226,125.28423837535162,1.0,0.7261089761349956,0.0,35000.0,35.0,35000.0,1.0,0.0,0.0,1.0,0.797,0.0,0.0,0.797,0.0,0.203,0.0,0.0,100.0,0.0,0.0,0,0.0
dapper,lossy,100,100.0,1000,25.284238375351617,34.04718924628941,34.84826155800029,34.98907189172226,31.857325313088005,0.0,0.7261089761349956,0.7418683904352356,18000.0,18.0,18000.0,0.0,0.0,0.0,0.72,0.8111111111111111,0.13055555555555556,0.094,0.6805555555555556,0.0,0.18888888888888888,0.0,28.000000000000004,0.0,72.0,0.0,364,364.0
deadline_greedy,lossy,100,100.0,1000,25.284238375351617,34.04718924628941,34.84826155800029,34.98907189172226,25.284238375351617,0.0,0.7261089761349956,0.7261089761349956,0.0,0.0,0.0,0.0,0.0,0.0,0.0,0.0,0.0,0.0,0.0,0.0,0.0,0.0,100.0,0.0,0.0,0.0,0,0.0
confidence_deadline,lossy,100,100.0,1000,25.284238375351617,34.04718924628941,34.84826155800029,34.98907189172226,25.284238375351617,0.0,0.7261089761349956,0.7261089761349956,0.0,0.0,0.0,0.0,0.0,0.0,0.0,0.0,0.0,0.0,0.0,0.0,0.0,0.0,100.0,0.0,0.0,0.0,0,0.0
rtt_threshold,lossy,100,100.0,1000,25.284238375351617,34.04718924628941,34.84826155800029,34.98907189172226,25.284238375351617,0.0,0.7261089761349956,0.7261089761349956,0.0,0.0,0.0,0.0,0.0,0.0,0.0,0.0,0.0,0.0,0.0,0.0,0.0,0.0,100.0,0.0,0.0,0.0,0,0.0
oracle_feasible,lossy,100,100.0,1000,33.89837819576383,97.0112720908851,99.23378977361989,99.89975532476839,33.89837819576383,0.0,0.7453185195359671,0.7453185195359671,3050.0,3.05,3050.0,0.0,0.0,0.0,0.122,1.0,1.0,0.122,0.0,0.0,0.0,0.0,87.8,12.2,0.0,0.0,195,195.0
local_only,lossy,101,100.0,1000,25.059527190349893,34.120642165867906,34.8265496982896,34.99538718567808,25.059527190349893,0.0,0.7233638220296621,0.7233638220296621,0.0,0.0,0.0,0.0,0.0,0.0,0.0,0.0,0.0,0.0,0.0,0.0,0.0,0.0,100.0,0.0,0.0,0.0,0,0.0
edge_only,lossy,101,100.0,1000,121.76143830150302,134.09918118302096,134.8265496982896,134.99538718567808,121.76143830150302,0.89,0.7404717526708423,0.09632817999098368,25000.0,25.0,25000.0,0.89,0.0,0.0,1.0,0.805,0.11,0.11,0.695,0.0,0.195,0.0,0.0,100.0,0.0,0.0,0,0.0
cloud_only,lossy,101,100.0,1000,125.05952719034988,134.1206421658679,134.8265496982896,134.99538718567808,125.05952719034988,1.0,0.7233638220296621,0.0,35000.0,35.0,35000.0,1.0,0.0,0.0,1.0,0.79,0.0,0.0,0.79,0.0,0.21,0.0,0.0,100.0,0.0,0.0,0,0.0
dapper,lossy,101,100.0,1000,25.059527190349893,34.120642165867906,34.8265496982896,34.99538718567808,31.68360404093288,0.0,0.7233638220296621,0.7383227658545507,17675.0,17.675,17675.0,0.0,0.0,0.0,0.707,0.8330975954738331,0.13295615275813297,0.094,0.7001414427157001,0.0,0.1669024045261669,0.0,29.299999999999997,0.0,70.7,0.0,366,366.0
deadline_greedy,lossy,101,100.0,1000,25.059527190349893,34.120642165867906,34.8265496982896,34.99538718567808,25.059527190349893,0.0,0.7233638220296621,0.7233638220296621,0.0,0.0,0.0,0.0,0.0,0.0,0.0,0.0,0.0,0.0,0.0,0.0,0.0,0.0,100.0,0.0,0.0,0.0,0,0.0
confidence_deadline,lossy,101,100.0,1000,25.059527190349893,34.120642165867906,34.8265496982896,34.99538718567808,25.059527190349893,0.0,0.7233638220296621,0.7233638220296621,0.0,0.0,0.0,0.0,0.0,0.0,0.0,0.0,0.0,0.0,0.0,0.0,0.0,0.0,100.0,0.0,0.0,0.0,0,0.0
rtt_threshold,lossy,101,100.0,1000,25.059527190349893,34.120642165867906,34.8265496982896,34.99538718567808,25.059527190349893,0.0,0.7233638220296621,0.7233638220296621,0.0,0.0,0.0,0.0,0.0,0.0,0.0,0.0,0.0,0.0,0.0,0.0,0.0,0.0,100.0,0.0,0.0,0.0,0,0.0
oracle_feasible,lossy,101,100.0,1000,32.76143830150301,94.86583819135063,98.74560317007304,99.84783836724549,32.76143830150301,0.0,0.7404717526708423,0.7404717526708423,2750.0,2.75,2750.0,0.0,0.0,0.0,0.11,1.0,1.0,0.11,0.0,0.0,0.0,0.0,89.0,11.0,0.0,0.0,190,190.0
local_only,lossy,102,100.0,1000,24.993003502753638,33.78557770295638,34.81151542684563,34.990087052311324,24.993003502753638,0.0,0.7247993890094673,0.7247993890094673,0.0,0.0,0.0,0.0,0.0,0.0,0.0,0.0,0.0,0.0,0.0,0.0,0.0,0.0,100.0,0.0,0.0,0.0,0,0.0
edge_only,lossy,102,100.0,1000,121.91316515188733,133.68539483744098,134.8115154268456,134.9900870523113,121.91316515188733,0.897,0.7409605397145638,0.0902912109591998,25000.0,25.0,25000.0,0.897,0.0,0.0,1.0,0.793,0.103,0.103,0.69,0.0,0.207,0.0,0.0,100.0,0.0,0.0,0,0.0
cloud_only,lossy,102,100.0,1000,124.99300350275364,133.78557770295637,134.8115154268456,134.9900870523113,124.99300350275364,1.0,0.7247993890094673,0.0,35000.0,35.0,35000.0,1.0,0.0,0.0,1.0,0.807,0.0,0.0,0.807,0.0,0.193,0.0,0.0,100.0,0.0,0.0,0,0.0
dapper,lossy,102,100.0,1000,24.993003502753638,33.78557770295638,34.81151542684563,34.990087052311324,30.926238985640797,0.0,0.7247993890094673,0.7385327568542848,17225.0,17.225,17225.0,0.0,0.0,0.0,0.689,0.8113207547169812,0.12336719883889695,0.085,0.6879535558780842,0.0,0.18867924528301888,0.0,31.1,0.0,68.89999999999999,0.0,390,390.0
deadline_greedy,lossy,102,100.0,1000,24.993003502753638,33.78557770295638,34.81151542684563,34.990087052311324,24.993003502753638,0.0,0.7247993890094673,0.7247993890094673,0.0,0.0,0.0,0.0,0.0,0.0,0.0,0.0,0.0,0.0,0.0,0.0,0.0,0.0,100.0,0.0,0.0,0.0,0,0.0
confidence_deadline,lossy,102,100.0,1000,24.993003502753638,33.78557770295638,34.81151542684563,34.990087052311324,24.993003502753638,0.0,0.7247993890094673,0.7247993890094673,0.0,0.0,0.0,0.0,0.0,0.0,0.0,0.0,0.0,0.0,0.0,0.0,0.0,0.0,100.0,0.0,0.0,0.0,0,0.0
rtt_threshold,lossy,102,100.0,1000,24.993003502753638,33.78557770295638,34.81151542684563,34.990087052311324,24.993003502753638,0.0,0.7247993890094673,0.7247993890094673,0.0,0.0,0.0,0.0,0.0,0.0,0.0,0.0,0.0,0.0,0.0,0.0,0.0,0.0,100.0,0.0,0.0,0.0,0,0.0
oracle_feasible,lossy,102,100.0,1000,32.21316515188733,95.9166735635337,99.03605854554291,99.95094446088129,32.21316515188733,0.0,0.7409605397145638,0.7409605397145638,2575.0,2.575,2575.0,0.0,0.0,0.0,0.103,1.0,1.0,0.103,0.0,0.0,0.0,0.0,89.7,10.299999999999999,0.0,0.0,190,190.0
local_only,lossy,103,100.0,1000,25.072925546868568,34.23372242321619,34.794279965090745,34.9768308072483,25.072925546868568,0.0,0.7255664298957895,0.7255664298957895,0.0,0.0,0.0,0.0,0.0,0.0,0.0,0.0,0.0,0.0,0.0,0.0,0.0,0.0,100.0,0.0,0.0,0.0,0,0.0
edge_only,lossy,103,100.0,1000,120.94785285232298,134.17244445780406,134.7799971668446,134.9768308072483,120.94785285232298,0.863,0.746423716764376,0.12011914351697578,25000.0,25.0,25000.0,0.863,0.0,0.0,1.0,0.797,0.137,0.137,0.66,0.0,0.203,0.0,0.0,100.0,0.0,0.0,0,0.0
cloud_only,lossy,103,100.0,1000,125.07292554686857,134.2337224232162,134.79427996509074,134.9768308072483,125.07292554686857,1.0,0.7255664298957895,0.0,35000.0,35.0,35000.0,1.0,0.0,0.0,1.0,0.798,0.0,0.0,0.798,0.0,0.202,0.0,0.0,100.0,0.0,0.0,0,0.0
dapper,lossy,103,100.0,1000,25.072925546868568,34.23372242321619,34.794279965090745,34.9768308072483,32.53725996440561,0.0,0.7255664298957895,0.7431153918263849,18675.0,18.675,18675.0,0.0,0.0,0.0,0.747,0.7991967871485943,0.14457831325301204,0.108,0.6546184738955824,0.0,0.20080321285140562,0.0,25.3,0.0,74.7,0.0,340,340.0
deadline_greedy,lossy,103,100.0,1000,25.072925546868568,34.23372242321619,34.794279965090745,34.9768308072483,25.072925546868568,0.0,0.7255664298957895,0.7255664298957895,0.0,0.0,0.0,0.0,0.0,0.0,0.0,0.0,0.0,0.0,0.0,0.0,0.0,0.0,100.0,0.0,0.0,0.0,0,0.0
confidence_deadline,lossy,103,100.0,1000,25.072925546868568,34.23372242321619,34.794279965090745,34.9768308072483,25.072925546868568,0.0,0.7255664298957895,0.7255664298957895,0.0,0.0,0.0,0.0,0.0,0.0,0.0,0.0,0.0,0.0,0.0,0.0,0.0,0.0,100.0,0.0,0.0,0.0,0,0.0
rtt_threshold,lossy,103,100.0,1000,25.072925546868568,34.23372242321619,34.794279965090745,34.9768308072483,25.072925546868568,0.0,0.7255664298957895,0.7255664298957895,0.0,0.0,0.0,0.0,0.0,0.0,0.0,0.0,0.0,0.0,0.0,0.0,0.0,0.0,100.0,0.0,0.0,0.0,0,0.0
oracle_feasible,lossy,103,100.0,1000,34.64785285232298,97.00033755247642,99.30875350310151,99.98498291139225,34.64785285232298,0.0,0.746423716764376,0.746423716764376,3425.0,3.425,3425.0,0.0,0.0,0.0,0.137,1.0,1.0,0.137,0.0,0.0,0.0,0.0,86.3,13.700000000000001,0.0,0.0,230,230.0
local_only,lossy,104,100.0,1000,24.952721574773207,33.7641107522445,34.821547122134376,34.99174516374082,24.952721574773207,0.0,0.725270205207262,0.725270205207262,0.0,0.0,0.0,0.0,0.0,0.0,0.0,0.0,0.0,0.0,0.0,0.0,0.0,0.0,100.0,0.0,0.0,0.0,0,0.0
edge_only,lossy,104,100.0,1000,120.74396590689398,133.6423566241537,134.82154712213438,134.99174516374083,120.74396590689398,0.862,0.7455885598365561,0.12066527282652188,25000.0,25.0,25000.0,0.862,0.0,0.0,1.0,0.791,0.138,0.138,0.653,0.0,0.209,0.0,0.0,100.0,0.0,0.0,0,0.0
cloud_only,lossy,104,100.0,1000,124.95272157477321,133.7641107522445,134.82154712213438,134.99174516374083,124.95272157477321,1.0,0.725270205207262,0.0,35000.0,35.0,35000.0,1.0,0.0,0.0,1.0,0.792,0.0,0.0,0.792,0.0,0.208,0.0,0.0,100.0,0.0,0.0,0,0.0
dapper,lossy,104,100.0,1000,24.952721574773207,33.7641107522445,34.821547122134376,34.99174516374082,32.954498342235674,0.0,0.725270205207262,0.7428455742749839,18200.0,18.2,18200.0,0.0,0.0,0.0,0.728,0.8063186813186813,0.15796703296703296,0.115,0.6483516483516484,0.0,0.1936813186813187,0.0,27.200000000000003,0.0,72.8,0.0,362,362.0
deadline_greedy,lossy,104,100.0,1000,24.952721574773207,33.7641107522445,34.821547122134376,34.99174516374082,24.952721574773207,0.0,0.725270205207262,0.725270205207262,0.0,0.0,0.0,0.0,0.0,0.0,0.0,0.0,0.0,0.0,0.0,0.0,0.0,0.0,100.0,0.0,0.0,0.0,0,0.0
confidence_deadline,lossy,104,100.0,1000,24.952721574773207,33.7641107522445,34.821547122134376,34.99174516374082,24.952721574773207,0.0,0.725270205207262,0.725270205207262,0.0,0.0,0.0,0.0,0.0,0.0,0.0,0.0,0.0,0.0,0.0,0.0,0.0,0.0,100.0,0.0,0.0,0.0,0,0.0
rtt_threshold,lossy,104,100.0,1000,24.952721574773207,33.7641107522445,34.821547122134376,34.99174516374082,24.952721574773207,0.0,0.725270205207262,0.725270205207262,0.0,0.0,0.0,0.0,0.0,0.0,0.0,0.0,0.0,0.0,0.0,0.0,0.0,0.0,100.0,0.0,0.0,0.0,0,0.0
oracle_feasible,lossy,104,100.0,1000,34.54396590689398,96.5655020287448,98.90346532463222,99.99187175291537,34.54396590689398,0.0,0.7455885598365561,0.7455885598365561,3450.0,3.45,3450.0,0.0,0.0,0.0,0.138,1.0,1.0,0.138,0.0,0.0,0.0,0.0,86.2,13.8,0.0,0.0,242,242.0
local_only,lossy,105,100.0,1000,25.095152971928933,33.826524025580916,34.67873591147265,34.99594666457182,25.095152971928933,0.0,0.7248747477212536,0.7248747477212536,0.0,0.0,0.0,0.0,0.0,0.0,0.0,0.0,0.0,0.0,0.0,0.0,0.0,0.0,100.0,0.0,0.0,0.0,0,0.0
edge_only,lossy,105,100.0,1000,121.4575637085578,133.75452197931654,134.67873591147264,134.99594666457182,121.4575637085578,0.88,0.741740871328811,0.10446675890334473,25000.0,25.0,25000.0,0.88,0.0,0.0,1.0,0.817,0.12,0.12,0.697,0.0,0.183,0.0,0.0,100.0,0.0,0.0,0,0.0
cloud_only,lossy,105,100.0,1000,125.09515297192894,133.82652402558094,134.67873591147264,134.99594666457182,125.09515297192894,1.0,0.7248747477212536,0.0,35000.0,35.0,35000.0,1.0,0.0,0.0,1.0,0.811,0.0,0.0,0.811,0.0,0.189,0.0,0.0,100.0,0.0,0.0,0,0.0
dapper,lossy,105,100.0,1000,25.095152971928933,33.826524025580916,34.67873591147265,34.99594666457182,31.650482579457197,0.0,0.7248747477212536,0.7392192203397958,18825.0,18.825,18825.0,0.0,0.0,0.0,0.753,0.8273572377158035,0.12350597609561753,0.093,0.703851261620186,0.0,0.17264276228419656,0.0,24.7,0.0,75.3,0.0,344,344.0
deadline_greedy,lossy,105,100.0,1000,25.095152971928933,33.826524025580916,34.67873591147265,34.99594666457182,25.095152971928933,0.0,0.7248747477212536,0.7248747477212536,0.0,0.0,0.0,0.0,0.0,0.0,0.0,0.0,0.0,0.0,0.0,0.0,0.0,0.0,100.0,0.0,0.0,0.0,0,0.0
confidence_deadline,lossy,105,100.0,1000,25.095152971928933,33.826524025580916,34.67873591147265,34.99594666457182,25.095152971928933,0.0,0.7248747477212536,0.7248747477212536,0.0,0.0,0.0,0.0,0.0,0.0,0.0,0.0,0.0,0.0,0.0,0.0,0.0,0.0,100.0,0.0,0.0,0.0,0,0.0
rtt_threshold,lossy,105,100.0,1000,25.095152971928933,33.826524025580916,34.67873591147265,34.99594666457182,25.095152971928933,0.0,0.7248747477212536,0.7248747477212536,0.0,0.0,0.0,0.0,0.0,0.0,0.0,0.0,0.0,0.0,0.0,0.0,0.0,0.0,100.0,0.0,0.0,0.0,0,0.0
oracle_feasible,lossy,105,100.0,1000,33.457563708557814,95.9084527635026,98.87393968187692,99.82480789342881,33.457563708557814,0.0,0.741740871328811,0.741740871328811,3000.0,3.0,3000.0,0.0,0.0,0.0,0.12,1.0,1.0,0.12,0.0,0.0,0.0,0.0,88.0,12.0,0.0,0.0,203,203.0
local_only,lossy,106,100.0,1000,24.856568122610433,33.832964597231225,34.72189143706977,34.99784375073101,24.856568122610433,0.0,0.7235813767870335,0.7235813767870335,0.0,0.0,0.0,0.0,0.0,0.0,0.0,0.0,0.0,0.0,0.0,0.0,0.0,0.0,100.0,0.0,0.0,0.0,0,0.0
edge_only,lossy,106,100.0,1000,121.415571488463,133.68219356664324,134.52975787367097,134.99784375073102,121.415571488463,0.886,0.7411747346485327,0.09970651324197113,25000.0,25.0,25000.0,0.886,0.0,0.0,1.0,0.822,0.114,0.114,0.708,0.0,0.178,0.0,0.0,100.0,0.0,0.0,0,0.0
cloud_only,lossy,106,100.0,1000,124.85656812261043,133.8329645972312,134.7218914370698,134.99784375073102,124.85656812261043,1.0,0.7235813767870335,0.0,35000.0,35.0,35000.0,1.0,0.0,0.0,1.0,0.801,0.0,0.0,0.801,0.0,0.199,0.0,0.0,100.0,0.0,0.0,0,0.0
dapper,lossy,106,100.0,1000,24.856568122610433,33.832964597231225,34.72189143706977,34.99784375073101,31.50890321788417,0.0,0.7235813767870335,0.7392206310961336,17800.0,17.8,17800.0,0.0,0.0,0.0,0.712,0.8539325842696629,0.13342696629213482,0.095,0.7205056179775281,0.0,0.14606741573033707,0.0,28.799999999999997,0.0,71.2,0.0,389,389.0
deadline_greedy,lossy,106,100.0,1000,24.856568122610433,33.832964597231225,34.72189143706977,34.99784375073101,24.856568122610433,0.0,0.7235813767870335,0.7235813767870335,0.0,0.0,0.0,0.0,0.0,0.0,0.0,0.0,0.0,0.0,0.0,0.0,0.0,0.0,100.0,0.0,0.0,0.0,0,0.0
confidence_deadline,lossy,106,100.0,1000,24.856568122610433,33.832964597231225,34.72189143706977,34.99784375073101,24.856568122610433,0.0,0.7235813767870335,0.7235813767870335,0.0,0.0,0.0,0.0,0.0,0.0,0.0,0.0,0.0,0.0,0.0,0.0,0.0,0.0,100.0,0.0,0.0,0.0,0,0.0
rtt_threshold,lossy,106,100.0,1000,24.856568122610433,33.832964597231225,34.72189143706977,34.99784375073101,24.856568122610433,0.0,0.7235813767870335,0.7235813767870335,0.0,0.0,0.0,0.0,0.0,0.0,0.0,0.0,0.0,0.0,0.0,0.0,0.0,0.0,100.0,0.0,0.0,0.0,0,0.0
oracle_feasible,lossy,106,100.0,1000,32.815571488463,96.54522314126456,99.22914737231513,99.76252753362257,32.815571488463,0.0,0.7411747346485327,0.7411747346485327,2850.0,2.85,2850.0,0.0,0.0,0.0,0.114,1.0,1.0,0.114,0.0,0.0,0.0,0.0,88.6,11.4,0.0,0.0,196,196.0
local_only,lossy,107,100.0,1000,24.68158080592215,34.00414573371424,34.83973190471446,34.99325658145116,24.68158080592215,0.0,0.7241940517114336,0.7241940517114336,0.0,0.0,0.0,0.0,0.0,0.0,0.0,0.0,0.0,0.0,0.0,0.0,0.0,0.0,100.0,0.0,0.0,0.0,0,0.0
edge_only,lossy,107,100.0,1000,121.20852865098723,133.74384506686903,134.79786187180622,134.96795347616498,121.20852865098723,0.883,0.7419940283746466,0.10256654086748457,25000.0,25.0,25000.0,0.883,0.0,0.0,1.0,0.795,0.117,0.117,0.678,0.0,0.205,0.0,0.0,100.0,0.0,0.0,0,0.0
cloud_only,lossy,107,100.0,1000,124.68158080592217,134.00414573371424,134.83973190471445,134.99325658145116,124.68158080592217,1.0,0.7241940517114336,0.0,35000.0,35.0,35000.0,1.0,0.0,0.0,1.0,0.795,0.0,0.0,0.795,0.0,0.205,0.0,0.0,100.0,0.0,0.0,0,0.0
dapper,lossy,107,100.0,1000,24.68158080592215,34.00414573371424,34.83973190471446,34.99325658145116,31.19660512918917,0.0,0.7241940517114336,0.7388308468489646,18025.0,18.025,18025.0,0.0,0.0,0.0,0.721,0.8099861303744799,0.1276005547850208,0.092,0.6823855755894591,0.0,0.1900138696255201,0.0,27.900000000000002,0.0,72.1,0.0,354,354.0
deadline_greedy,lossy,107,100.0,1000,24.68158080592215,34.00414573371424,34.83973190471446,34.99325658145116,24.68158080592215,0.0,0.7241940517114336,0.7241940517114336,0.0,0.0,0.0,0.0,0.0,0.0,0.0,0.0,0.0,0.0,0.0,0.0,0.0,0.0,100.0,0.0,0.0,0.0,0,0.0
confidence_deadline,lossy,107,100.0,1000,24.68158080592215,34.00414573371424,34.83973190471446,34.99325658145116,24.68158080592215,0.0,0.7241940517114336,0.7241940517114336,0.0,0.0,0.0,0.0,0.0,0.0,0.0,0.0,0.0,0.0,0.0,0.0,0.0,0.0,100.0,0.0,0.0,0.0,0,0.0
rtt_threshold,lossy,107,100.0,1000,24.68158080592215,34.00414573371424,34.83973190471446,34.99325658145116,24.68158080592215,0.0,0.7241940517114336,0.7241940517114336,0.0,0.0,0.0,0.0,0.0,0.0,0.0,0.0,0.0,0.0,0.0,0.0,0.0,0.0,100.0,0.0,0.0,0.0,0,0.0
oracle_feasible,lossy,107,100.0,1000,32.90852865098724,96.01619005523989,99.68310949004949,99.96213053214971,32.90852865098724,0.0,0.7419940283746466,0.7419940283746466,2925.0,2.925,2925.0,0.0,0.0,0.0,0.117,1.0,1.0,0.117,0.0,0.0,0.0,0.0,88.3,11.700000000000001,0.0,0.0,210,210.0
local_only,lossy,108,100.0,1000,25.047265262517854,34.05795037600457,34.73288919337191,34.96757252768798,25.047265262517854,0.0,0.7235643813542582,0.7235643813542582,0.0,0.0,0.0,0.0,0.0,0.0,0.0,0.0,0.0,0.0,0.0,0.0,0.0,0.0,100.0,0.0,0.0,0.0,0,0.0
edge_only,lossy,108,100.0,1000,121.70987946896878,133.86958680001237,134.73085040646816,134.967572527688,121.70987946896878,0.889,0.7401834059964099,0.09725054001939112,25000.0,25.0,25000.0,0.889,0.0,0.0,1.0,0.803,0.111,0.111,0.692,0.0,0.197,0.0,0.0,100.0,0.0,0.0,0,0.0
cloud_only,lossy,108,100.0,1000,125.04726526251785,134.05795037600456,134.73288919337193,134.967572527688,125.04726526251785,1.0,0.7235643813542582,0.0,35000.0,35.0,35000.0,1.0,0.0,0.0,1.0,0.796,0.0,0.0,0.796,0.0,0.204,0.0,0.0,100.0,0.0,0.0,0,0.0
dapper,lossy,108,100.0,1000,25.047265262517854,34.05795037600457,34.73288919337191,34.96757252768798,31.073612955374518,0.0,0.7235643813542582,0.7373909269007133,18325.0,18.325,18325.0,0.0,0.0,0.0,0.733,0.810368349249659,0.11732605729877217,0.086,0.6930422919508867,0.0,0.18963165075034105,0.0,26.700000000000003,0.0,73.3,0.0,364,364.0
deadline_greedy,lossy,108,100.0,1000,25.047265262517854,34.05795037600457,34.73288919337191,34.96757252768798,25.047265262517854,0.0,0.7235643813542582,0.7235643813542582,0.0,0.0,0.0,0.0,0.0,0.0,0.0,0.0,0.0,0.0,0.0,0.0,0.0,0.0,100.0,0.0,0.0,0.0,0,0.0
confidence_deadline,lossy,108,100.0,1000,25.047265262517854,34.05795037600457,34.73288919337191,34.96757252768798,25.047265262517854,0.0,0.7235643813542582,0.7235643813542582,0.0,0.0,0.0,0.0,0.0,0.0,0.0,0.0,0.0,0.0,0.0,0.0,0.0,0.0,100.0,0.0,0.0,0.0,0,0.0
rtt_threshold,lossy,108,100.0,1000,25.047265262517854,34.05795037600457,34.73288919337191,34.96757252768798,25.047265262517854,0.0,0.7235643813542582,0.7235643813542582,0.0,0.0,0.0,0.0,0.0,0.0,0.0,0.0,0.0,0.0,0.0,0.0,0.0,0.0,100.0,0.0,0.0,0.0,0,0.0
oracle_feasible,lossy,108,100.0,1000,32.80987946896877,95.69980576397136,99.33527945446163,99.95354096441699,32.80987946896877,0.0,0.7401834059964099,0.7401834059964099,2775.0,2.775,2775.0,0.0,0.0,0.0,0.111,1.0,1.0,0.111,0.0,0.0,0.0,0.0,88.9,11.1,0.0,0.0,191,191.0
local_only,lossy,109,100.0,1000,24.775139056545807,34.049418286887835,34.7919194149339,34.94624843509132,24.775139056545807,0.0,0.7212325912059436,0.7212325912059436,0.0,0.0,0.0,0.0,0.0,0.0,0.0,0.0,0.0,0.0,0.0,0.0,0.0,0.0,100.0,0.0,0.0,0.0,0,0.0
edge_only,lossy,109,100.0,1000,121.07993805352983,133.85609768327447,134.77604989024582,134.94624843509132,121.07993805352983,0.878,0.7402877214066209,0.10699820306909387,25000.0,25.0,25000.0,0.878,0.0,0.0,1.0,0.814,0.122,0.122,0.692,0.0,0.186,0.0,0.0,100.0,0.0,0.0,0,0.0
cloud_only,lossy,109,100.0,1000,124.7751390565458,134.04941828688783,134.7919194149339,134.94624843509132,124.7751390565458,1.0,0.7212325912059436,0.0,35000.0,35.0,35000.0,1.0,0.0,0.0,1.0,0.807,0.0,0.0,0.807,0.0,0.193,0.0,0.0,100.0,0.0,0.0,0,0.0
dapper,lossy,109,100.0,1000,24.775139056545807,34.049418286887835,34.7919194149339,34.94624843509132,31.96287960801317,0.0,0.7212325912059436,0.7383365724449257,18500.0,18.5,18500.0,0.0,0.0,0.0,0.74,0.827027027027027,0.13783783783783785,0.102,0.6891891891891891,0.0,0.17297297297297298,0.0,26.0,0.0,74.0,0.0,324,324.0
deadline_greedy,lossy,109,100.0,1000,24.775139056545807,34.049418286887835,34.7919194149339,34.94624843509132,24.775139056545807,0.0,0.7212325912059436,0.7212325912059436,0.0,0.0,0.0,0.0,0.0,0.0,0.0,0.0,0.0,0.0,0.0,0.0,0.0,0.0,100.0,0.0,0.0,0.0,0,0.0
confidence_deadline,lossy,109,100.0,1000,24.775139056545807,34.049418286887835,34.7919194149339,34.94624843509132,24.775139056545807,0.0,0.7212325912059436,0.7212325912059436,0.0,0.0,0.0,0.0,0.0,0.0,0.0,0.0,0.0,0.0,0.0,0.0,0.0,0.0,100.0,0.0,0.0,0.0,0,0.0
rtt_threshold,lossy,109,100.0,1000,24.775139056545807,34.049418286887835,34.7919194149339,34.94624843509132,24.775139056545807,0.0,0.7212325912059436,0.7212325912059436,0.0,0.0,0.0,0.0,0.0,0.0,0.0,0.0,0.0,0.0,0.0,0.0,0.0,0.0,100.0,0.0,0.0,0.0,0,0.0
oracle_feasible,lossy,109,100.0,1000,33.27993805352982,96.3800806111582,99.42127261754248,99.94584095997138,33.27993805352982,0.0,0.7402877214066209,0.7402877214066209,3050.0,3.05,3050.0,0.0,0.0,0.0,0.122,1.0,1.0,0.122,0.0,0.0,0.0,0.0,87.8,12.2,0.0,0.0,210,210.0
local_only,lossy,110,100.0,1000,25.004520730247734,33.8683404853258,34.86997539103268,34.98456857838196,25.004520730247734,0.0,0.7268739784421301,0.7268739784421301,0.0,0.0,0.0,0.0,0.0,0.0,0.0,0.0,0.0,0.0,0.0,0.0,0.0,0.0,100.0,0.0,0.0,0.0,0,0.0
edge_only,lossy,110,100.0,1000,121.03897201124668,133.70266836693327,134.8446087874325,134.9820862005373,121.03897201124668,0.866,0.7465147505141442,0.11690183073226501,25000.0,25.0,25000.0,0.866,0.0,0.0,1.0,0.781,0.134,0.134,0.647,0.0,0.219,0.0,0.0,100.0,0.0,0.0,0,0.0
cloud_only,lossy,110,100.0,1000,125.00452073024772,133.8683404853258,134.86997539103268,134.98456857838195,125.00452073024772,1.0,0.7268739784421301,0.0,35000.0,35.0,35000.0,1.0,0.0,0.0,1.0,0.813,0.0,0.0,0.813,0.0,0.187,0.0,0.0,100.0,0.0,0.0,0,0.0
dapper,lossy,110,100.0,1000,25.004520730247734,33.8683404853258,34.86997539103268,34.98456857838196,32.44878696120915,0.0,0.7268739784421301,0.7433964854715304,17950.0,17.95,17950.0,0.0,0.0,0.0,0.718,0.7813370473537604,0.14623955431754876,0.105,0.6350974930362117,0.0,0.21866295264623956,0.0,28.199999999999996,0.0,71.8,0.0,380,380.0
deadline_greedy,lossy,110,100.0,1000,25.004520730247734,33.8683404853258,34.86997539103268,34.98456857838196,25.004520730247734,0.0,0.7268739784421301,0.7268739784421301,0.0,0.0,0.0,0.0,0.0,0.0,0.0,0.0,0.0,0.0,0.0,0.0,0.0,0.0,100.0,0.0,0.0,0.0,0,0.0
confidence_deadline,lossy,110,100.0,1000,25.004520730247734,33.8683404853258,34.86997539103268,34.98456857838196,25.004520730247734,0.0,0.7268739784421301,0.7268739784421301,0.0,0.0,0.0,0.0,0.0,0.0,0.0,0.0,0.0,0.0,0.0,0.0,0.0,0.0,100.0,0.0,0.0,0.0,0,0.0
rtt_threshold,lossy,110,100.0,1000,25.004520730247734,33.8683404853258,34.86997539103268,34.98456857838196,25.004520730247734,0.0,0.7268739784421301,0.7268739784421301,0.0,0.0,0.0,0.0,0.0,0.0,0.0,0.0,0.0,0.0,0.0,0.0,0.0,0.0,100.0,0.0,0.0,0.0,0,0.0
oracle_feasible,lossy,110,100.0,1000,34.43897201124669,97.3195321823123,99.25992560065849,99.95026060565678,34.43897201124669,0.0,0.7465147505141442,0.7465147505141442,3350.0,3.35,3350.0,0.0,0.0,0.0,0.134,1.0,1.0,0.134,0.0,0.0,0.0,0.0,86.6,13.4,0.0,0.0,224,224.0
local_only,lossy,111,100.0,1000,24.90307640535743,34.14835345167596,34.756755348825656,34.981698697795565,24.90307640535743,0.0,0.7248703254305311,0.7248703254305311,0.0,0.0,0.0,0.0,0.0,0.0,0.0,0.0,0.0,0.0,0.0,0.0,0.0,0.0,100.0,0.0,0.0,0.0,0,0.0
edge_only,lossy,111,100.0,1000,120.93259580043232,133.82296602335362,134.72742543848253,134.9588161705987,120.93259580043232,0.871,0.7433953279139917,0.11247254593758833,25000.0,25.0,25000.0,0.871,0.0,0.0,1.0,0.794,0.129,0.129,0.665,0.0,0.206,0.0,0.0,100.0,0.0,0.0,0,0.0
cloud_only,lossy,111,100.0,1000,124.90307640535742,134.14835345167594,134.75675534882566,134.98169869779557,124.90307640535742,1.0,0.7248703254305311,0.0,35000.0,35.0,35000.0,1.0,0.0,0.0,1.0,0.807,0.0,0.0,0.807,0.0,0.193,0.0,0.0,100.0,0.0,0.0,0,0.0
dapper,lossy,111,100.0,1000,24.90307640535743,34.14835345167596,34.756755348825656,34.981698697795565,31.661618369672937,0.0,0.7248703254305311,0.7398456220643752,18200.0,18.2,18200.0,0.0,0.0,0.0,0.728,0.8008241758241759,0.1346153846153846,0.098,0.6662087912087912,0.0,0.19917582417582416,0.0,27.200000000000003,0.0,72.8,0.0,341,341.0
deadline_greedy,lossy,111,100.0,1000,24.90307640535743,34.14835345167596,34.756755348825656,34.981698697795565,24.90307640535743,0.0,0.7248703254305311,0.7248703254305311,0.0,0.0,0.0,0.0,0.0,0.0,0.0,0.0,0.0,0.0,0.0,0.0,0.0,0.0,100.0,0.0,0.0,0.0,0,0.0
confidence_deadline,lossy,111,100.0,1000,24.90307640535743,34.14835345167596,34.756755348825656,34.981698697795565,24.90307640535743,0.0,0.7248703254305311,0.7248703254305311,0.0,0.0,0.0,0.0,0.0,0.0,0.0,0.0,0.0,0.0,0.0,0.0,0.0,0.0,100.0,0.0,0.0,0.0,0,0.0
rtt_threshold,lossy,111,100.0,1000,24.90307640535743,34.14835345167596,34.756755348825656,34.981698697795565,24.90307640535743,0.0,0.7248703254305311,0.7248703254305311,0.0,0.0,0.0,0.0,0.0,0.0,0.0,0.0,0.0,0.0,0.0,0.0,0.0,0.0,100.0,0.0,0.0,0.0,0,0.0
oracle_feasible,lossy,111,100.0,1000,33.832595800432316,96.42088316089924,99.22244515745699,99.97688240844064,33.832595800432316,0.0,0.7433953279139917,0.7433953279139917,3225.0,3.225,3225.0,0.0,0.0,0.0,0.129,1.0,1.0,0.129,0.0,0.0,0.0,0.0,87.1,12.9,0.0,0.0,213,213.0
local_only,lossy,112,100.0,1000,24.956367632930085,34.151123089835,34.870234716853815,34.962158450180866,24.956367632930085,0.0,0.7253954496233768,0.7253954496233768,0.0,0.0,0.0,0.0,0.0,0.0,0.0,0.0,0.0,0.0,0.0,0.0,0.0,0.0,100.0,0.0,0.0,0.0,0,0.0
edge_only,lossy,112,100.0,1000,121.04231872187701,134.02169376984608,134.87023471685382,134.96215845018088,121.04231872187701,0.872,0.7449233575830374,0.11160590563615878,25000.0,25.0,25000.0,0.872,0.0,0.0,1.0,0.796,0.128,0.128,0.668,0.0,0.204,0.0,0.0,100.0,0.0,0.0,0,0.0
cloud_only,lossy,112,100.0,1000,124.95636763293008,134.151123089835,134.87023471685382,134.96215845018088,124.95636763293008,1.0,0.7253954496233768,0.0,35000.0,35.0,35000.0,1.0,0.0,0.0,1.0,0.809,0.0,0.0,0.809,0.0,0.191,0.0,0.0,100.0,0.0,0.0,0,0.0
dapper,lossy,112,100.0,1000,24.956367632930085,34.151123089835,34.870234716853815,34.962158450180866,32.0743115042331,0.0,0.7253954496233768,0.7418527868840668,18175.0,18.175,18175.0,0.0,0.0,0.0,0.727,0.797799174690509,0.14167812929848694,0.103,0.656121045392022,0.0,0.20220082530949107,0.0,27.3,0.0,72.7,0.0,342,342.0
deadline_greedy,lossy,112,100.0,1000,24.956367632930085,34.151123089835,34.870234716853815,34.962158450180866,24.956367632930085,0.0,0.7253954496233768,0.7253954496233768,0.0,0.0,0.0,0.0,0.0,0.0,0.0,0.0,0.0,0.0,0.0,0.0,0.0,0.0,100.0,0.0,0.0,0.0,0,0.0
confidence_deadline,lossy,112,100.0,1000,24.956367632930085,34.151123089835,34.870234716853815,34.962158450180866,24.956367632930085,0.0,0.7253954496233768,0.7253954496233768,0.0,0.0,0.0,0.0,0.0,0.0,0.0,0.0,0.0,0.0,0.0,0.0,0.0,0.0,100.0,0.0,0.0,0.0,0,0.0
rtt_threshold,lossy,112,100.0,1000,24.956367632930085,34.151123089835,34.870234716853815,34.962158450180866,24.956367632930085,0.0,0.7253954496233768,0.7253954496233768,0.0,0.0,0.0,0.0,0.0,0.0,0.0,0.0,0.0,0.0,0.0,0.0,0.0,0.0,100.0,0.0,0.0,0.0,0,0.0
oracle_feasible,lossy,112,100.0,1000,33.842318721877014,96.20027997984835,98.99517346875695,99.9372509148085,33.842318721877014,0.0,0.7449233575830374,0.7449233575830374,3200.0,3.2,3200.0,0.0,0.0,0.0,0.128,1.0,1.0,0.128,0.0,0.0,0.0,0.0,87.2,12.8,0.0,0.0,216,216.0
local_only,lossy,113,100.0,1000,25.11573781751927,34.14436127878192,34.867885766711,34.99782157537433,25.11573781751927,0.0,0.7254462125679975,0.7254462125679975,0.0,0.0,0.0,0.0,0.0,0.0,0.0,0.0,0.0,0.0,0.0,0.0,0.0,0.0,100.0,0.0,0.0,0.0,0,0.0
edge_only,lossy,113,100.0,1000,121.73953761706167,134.0314391903153,134.86788576671097,134.99782157537433,121.73953761706167,0.886,0.7425027362150605,0.09983622495060823,25000.0,25.0,25000.0,0.886,0.0,0.0,1.0,0.788,0.114,0.114,0.674,0.0,0.212,0.0,0.0,100.0,0.0,0.0,0,0.0
cloud_only,lossy,113,100.0,1000,125.11573781751926,134.14436127878193,134.86788576671097,134.99782157537433,125.11573781751926,1.0,0.7254462125679975,0.0,35000.0,35.0,35000.0,1.0,0.0,0.0,1.0,0.786,0.0,0.0,0.786,0.0,0.214,0.0,0.0,100.0,0.0,0.0,0,0.0
dapper,lossy,113,100.0,1000,25.11573781751927,34.14436127878192,34.867885766711,34.99782157537433,31.685721930267743,0.0,0.7254462125679975,0.7402162266401762,18625.0,18.625,18625.0,0.0,0.0,0.0,0.745,0.8053691275167785,0.1261744966442953,0.094,0.6791946308724832,0.0,0.19463087248322147,0.0,25.5,0.0,74.5,0.0,367,367.0
deadline_greedy,lossy,113,100.0,1000,25.11573781751927,34.14436127878192,34.867885766711,34.99782157537433,25.11573781751927,0.0,0.7254462125679975,0.7254462125679975,0.0,0.0,0.0,0.0,0.0,0.0,0.0,0.0,0.0,0.0,0.0,0.0,0.0,0.0,100.0,0.0,0.0,0.0,0,0.0
confidence_deadline,lossy,113,100.0,1000,25.11573781751927,34.14436127878192,34.867885766711,34.99782157537433,25.11573781751927,0.0,0.7254462125679975,0.7254462125679975,0.0,0.0,0.0,0.0,0.0,0.0,0.0,0.0,0.0,0.0,0.0,0.0,0.0,0.0,100.0,0.0,0.0,0.0,0,0.0
rtt_threshold,lossy,113,100.0,1000,25.11573781751927,34.14436127878192,34.867885766711,34.99782157537433,25.11573781751927,0.0,0.7254462125679975,0.7254462125679975,0.0,0.0,0.0,0.0,0.0,0.0,0.0,0.0,0.0,0.0,0.0,0.0,0.0,0.0,100.0,0.0,0.0,0.0,0,0.0
oracle_feasible,lossy,113,100.0,1000,33.13953761706168,95.86730458167139,99.16785157654242,99.81714711865693,33.13953761706168,0.0,0.7425027362150605,0.7425027362150605,2850.0,2.85,2850.0,0.0,0.0,0.0,0.114,1.0,1.0,0.114,0.0,0.0,0.0,0.0,88.6,11.4,0.0,0.0,207,207.0
local_only,lossy,114,100.0,1000,25.05695156474369,34.026649628584615,34.857774174382406,34.983091762156874,25.05695156474369,0.0,0.72440817275247,0.72440817275247,0.0,0.0,0.0,0.0,0.0,0.0,0.0,0.0,0.0,0.0,0.0,0.0,0.0,0.0,100.0,0.0,0.0,0.0,0,0.0
edge_only,lossy,114,100.0,1000,121.21897094423497,133.83724400787443,134.77151325586743,134.96334668624144,121.21897094423497,0.875,0.7431310432731746,0.10981557499366962,25000.0,25.0,25000.0,0.875,0.0,0.0,1.0,0.798,0.125,0.125,0.673,0.0,0.202,0.0,0.0,100.0,0.0,0.0,0,0.0
cloud_only,lossy,114,100.0,1000,125.0569515647437,134.0266496285846,134.8577741743824,134.98309176215687,125.0569515647437,1.0,0.72440817275247,0.0,35000.0,35.0,35000.0,1.0,0.0,0.0,1.0,0.807,0.0,0.0,0.807,0.0,0.193,0.0,0.0,100.0,0.0,0.0,0,0.0
dapper,lossy,114,100.0,1000,25.05695156474369,34.026649628584615,34.857774174382406,34.983091762156874,31.76472240386522,0.0,0.72440817275247,0.7393453718347903,17675.0,17.675,17675.0,0.0,0.0,0.0,0.707,0.8076379066478077,0.1371994342291372,0.097,0.6704384724186704,0.0,0.19236209335219237,0.0,29.299999999999997,0.0,70.7,0.0,359,359.0
deadline_greedy,lossy,114,100.0,1000,25.05695156474369,34.026649628584615,34.857774174382406,34.983091762156874,25.05695156474369,0.0,0.72440817275247,0.72440817275247,0.0,0.0,0.0,0.0,0.0,0.0,0.0,0.0,0.0,0.0,0.0,0.0,0.0,0.0,100.0,0.0,0.0,0.0,0,0.0
confidence_deadline,lossy,114,100.0,1000,25.05695156474369,34.026649628584615,34.857774174382406,34.983091762156874,25.05695156474369,0.0,0.72440817275247,0.72440817275247,0.0,0.0,0.0,0.0,0.0,0.0,0.0,0.0,0.0,0.0,0.0,0.0,0.0,0.0,100.0,0.0,0.0,0.0,0,0.0
rtt_threshold,lossy,114,100.0,1000,25.05695156474369,34.026649628584615,34.857774174382406,34.983091762156874,25.05695156474369,0.0,0.72440817275247,0.72440817275247,0.0,0.0,0.0,0.0,0.0,0.0,0.0,0.0,0.0,0.0,0.0,0.0,0.0,0.0,100.0,0.0,0.0,0.0,0,0.0
oracle_feasible,lossy,114,100.0,1000,33.718970944234954,96.98513690588064,99.35254533456441,99.95969321346092,33.718970944234954,0.0,0.7431310432731746,0.7431310432731746,3125.0,3.125,3125.0,0.0,0.0,0.0,0.125,1.0,1.0,0.125,0.0,0.0,0.0,0.0,87.5,12.5,0.0,0.0,204,204.0
local_only,lossy,115,100.0,1000,24.76252752899427,34.140208891814694,34.85306689119638,34.992962372181864,24.76252752899427,0.0,0.7251726691219196,0.7251726691219196,0.0,0.0,0.0,0.0,0.0,0.0,0.0,0.0,0.0,0.0,0.0,0.0,0.0,0.0,100.0,0.0,0.0,0.0,0,0.0
edge_only,lossy,115,100.0,1000,121.00764145267713,133.81504644363775,134.81917144190035,134.99296237218186,121.00764145267713,0.877,0.7428013977226049,0.1069254239464387,25000.0,25.0,25000.0,0.877,0.0,0.0,1.0,0.791,0.123,0.123,0.668,0.0,0.209,0.0,0.0,100.0,0.0,0.0,0,0.0
cloud_only,lossy,115,100.0,1000,124.76252752899428,134.1402088918147,134.85306689119636,134.99296237218186,124.76252752899428,1.0,0.7251726691219196,0.0,35000.0,35.0,35000.0,1.0,0.0,0.0,1.0,0.808,0.0,0.0,0.808,0.0,0.192,0.0,0.0,100.0,0.0,0.0,0,0.0
dapper,lossy,115,100.0,1000,24.76252752899427,34.140208891814694,34.85306689119638,34.992962372181864,31.597060228847266,0.0,0.7251726691219196,0.7398453016431278,17850.0,17.85,17850.0,0.0,0.0,0.0,0.714,0.7969187675070029,0.13725490196078433,0.098,0.6596638655462185,0.0,0.2030812324929972,0.0,28.599999999999998,0.0,71.39999999999999,0.0,380,380.0
deadline_greedy,lossy,115,100.0,1000,24.76252752899427,34.140208891814694,34.85306689119638,34.992962372181864,24.76252752899427,0.0,0.7251726691219196,0.7251726691219196,0.0,0.0,0.0,0.0,0.0,0.0,0.0,0.0,0.0,0.0,0.0,0.0,0.0,0.0,100.0,0.0,0.0,0.0,0,0.0
confidence_deadline,lossy,115,100.0,1000,24.76252752899427,34.140208891814694,34.85306689119638,34.992962372181864,24.76252752899427,0.0,0.7251726691219196,0.7251726691219196,0.0,0.0,0.0,0.0,0.0,0.0,0.0,0.0,0.0,0.0,0.0,0.0,0.0,0.0,100.0,0.0,0.0,0.0,0,0.0
rtt_threshold,lossy,115,100.0,1000,24.76252752899427,34.140208891814694,34.85306689119638,34.992962372181864,24.76252752899427,0.0,0.7251726691219196,0.7251726691219196,0.0,0.0,0.0,0.0,0.0,0.0,0.0,0.0,0.0,0.0,0.0,0.0,0.0,0.0,100.0,0.0,0.0,0.0,0,0.0
oracle_feasible,lossy,115,100.0,1000,33.307641452677146,96.17619954557247,99.1453609282313,99.98010870916849,33.307641452677146,0.0,0.7428013977226049,0.7428013977226049,3075.0,3.075,3075.0,0.0,0.0,0.0,0.123,1.0,1.0,0.123,0.0,0.0,0.0,0.0,87.7,12.3,0.0,0.0,212,212.0
local_only,lossy,116,100.0,1000,24.951356764470432,33.914227978461774,34.857265543400885,34.99525986411179,24.951356764470432,0.0,0.7243445892890008,0.7243445892890008,0.0,0.0,0.0,0.0,0.0,0.0,0.0,0.0,0.0,0.0,0.0,0.0,0.0,0.0,100.0,0.0,0.0,0.0,0,0.0
edge_only,lossy,116,100.0,1000,120.77139453350415,133.7230672670243,134.8572655434009,134.9952598641118,120.77139453350415,0.866,0.745458143784818,0.11795651024026804,25000.0,25.0,25000.0,0.866,0.0,0.0,1.0,0.82,0.134,0.134,0.686,0.0,0.18,0.0,0.0,100.0,0.0,0.0,0,0.0
cloud_only,lossy,116,100.0,1000,124.95135676447043,133.91422797846178,134.8572655434009,134.9952598641118,124.95135676447043,1.0,0.7243445892890008,0.0,35000.0,35.0,35000.0,1.0,0.0,0.0,1.0,0.818,0.0,0.0,0.818,0.0,0.182,0.0,0.0,100.0,0.0,0.0,0,0.0
dapper,lossy,116,100.0,1000,24.951356764470432,33.914227978461774,34.857265543400885,34.99525986411179,32.60167100412868,0.0,0.7243445892890008,0.7428840823811076,17975.0,17.975,17975.0,0.0,0.0,0.0,0.719,0.8344923504867872,0.15577190542420027,0.112,0.6787204450625869,0.0,0.16550764951321278,0.0,28.1,0.0,71.89999999999999,0.0,382,382.0
deadline_greedy,lossy,116,100.0,1000,24.951356764470432,33.914227978461774,34.857265543400885,34.99525986411179,24.951356764470432,0.0,0.7243445892890008,0.7243445892890008,0.0,0.0,0.0,0.0,0.0,0.0,0.0,0.0,0.0,0.0,0.0,0.0,0.0,0.0,100.0,0.0,0.0,0.0,0,0.0
confidence_deadline,lossy,116,100.0,1000,24.951356764470432,33.914227978461774,34.857265543400885,34.99525986411179,24.951356764470432,0.0,0.7243445892890008,0.7243445892890008,0.0,0.0,0.0,0.0,0.0,0.0,0.0,0.0,0.0,0.0,0.0,0.0,0.0,0.0,100.0,0.0,0.0,0.0,0,0.0
rtt_threshold,lossy,116,100.0,1000,24.951356764470432,33.914227978461774,34.857265543400885,34.99525986411179,24.951356764470432,0.0,0.7243445892890008,0.7243445892890008,0.0,0.0,0.0,0.0,0.0,0.0,0.0,0.0,0.0,0.0,0.0,0.0,0.0,0.0,100.0,0.0,0.0,0.0,0,0.0
oracle_feasible,lossy,116,100.0,1000,34.17139453350416,96.62774356539046,99.16774261170859,99.9799956031662,34.17139453350416,0.0,0.745458143784818,0.745458143784818,3350.0,3.35,3350.0,0.0,0.0,0.0,0.134,1.0,1.0,0.134,0.0,0.0,0.0,0.0,86.6,13.4,0.0,0.0,231,231.0
local_only,lossy,117,100.0,1000,25.037129912861214,33.9567672696681,34.764351269100246,34.996388970755305,25.037129912861214,0.0,0.726073452957747,0.726073452957747,0.0,0.0,0.0,0.0,0.0,0.0,0.0,0.0,0.0,0.0,0.0,0.0,0.0,0.0,100.0,0.0,0.0,0.0,0,0.0
edge_only,lossy,117,100.0,1000,122.02767293503899,133.838284681682,134.75180204883446,134.9963889707553,122.02767293503899,0.9,0.7399658162107962,0.08724956735913987,25000.0,25.0,25000.0,0.9,0.0,0.0,1.0,0.795,0.1,0.1,0.695,0.0,0.205,0.0,0.0,100.0,0.0,0.0,0,0.0
cloud_only,lossy,117,100.0,1000,125.03712991286122,133.9567672696681,134.76435126910025,134.9963889707553,125.03712991286122,1.0,0.726073452957747,0.0,35000.0,35.0,35000.0,1.0,0.0,0.0,1.0,0.832,0.0,0.0,0.832,0.0,0.168,0.0,0.0,100.0,0.0,0.0,0,0.0
dapper,lossy,117,100.0,1000,25.037129912861214,33.9567672696681,34.764351269100246,34.996388970755305,30.05768402831528,0.0,0.726073452957747,0.7373350959476548,17900.0,17.9,17900.0,0.0,0.0,0.0,0.716,0.7988826815642458,0.1005586592178771,0.072,0.6983240223463687,0.0,0.2011173184357542,0.0,28.4,0.0,71.6,0.0,378,378.0
deadline_greedy,lossy,117,100.0,1000,25.037129912861214,33.9567672696681,34.764351269100246,34.996388970755305,25.037129912861214,0.0,0.726073452957747,0.726073452957747,0.0,0.0,0.0,0.0,0.0,0.0,0.0,0.0,0.0,0.0,0.0,0.0,0.0,0.0,100.0,0.0,0.0,0.0,0,0.0
confidence_deadline,lossy,117,100.0,1000,25.037129912861214,33.9567672696681,34.764351269100246,34.996388970755305,25.037129912861214,0.0,0.726073452957747,0.726073452957747,0.0,0.0,0.0,0.0,0.0,0.0,0.0,0.0,0.0,0.0,0.0,0.0,0.0,0.0,100.0,0.0,0.0,0.0,0,0.0
rtt_threshold,lossy,117,100.0,1000,25.037129912861214,33.9567672696681,34.764351269100246,34.996388970755305,25.037129912861214,0.0,0.726073452957747,0.726073452957747,0.0,0.0,0.0,0.0,0.0,0.0,0.0,0.0,0.0,0.0,0.0,0.0,0.0,0.0,100.0,0.0,0.0,0.0,0,0.0
oracle_feasible,lossy,117,100.0,1000,32.02767293503899,95.33450343375989,99.46711042020848,99.92467137212782,32.02767293503899,0.0,0.7399658162107962,0.7399658162107962,2500.0,2.5,2500.0,0.0,0.0,0.0,0.1,1.0,1.0,0.1,0.0,0.0,0.0,0.0,90.0,10.0,0.0,0.0,184,184.0
local_only,lossy,118,100.0,1000,24.83203368389728,33.86314293776527,34.704566823658226,34.94197590424748,24.83203368389728,0.0,0.7277094589160901,0.7277094589160901,0.0,0.0,0.0,0.0,0.0,0.0,0.0,0.0,0.0,0.0,0.0,0.0,0.0,0.0,100.0,0.0,0.0,0.0,0,0.0
edge_only,lossy,118,100.0,1000,120.96076832836582,133.6677689617541,134.7045668236582,134.94197590424747,120.96076832836582,0.871,0.7459643542709391,0.11297841403963232,25000.0,25.0,25000.0,0.871,0.0,0.0,1.0,0.801,0.129,0.129,0.672,0.0,0.199,0.0,0.0,100.0,0.0,0.0,0,0.0
cloud_only,lossy,118,100.0,1000,124.8320336838973,133.86314293776528,134.7045668236582,134.94197590424747,124.8320336838973,1.0,0.7277094589160901,0.0,35000.0,35.0,35000.0,1.0,0.0,0.0,1.0,0.787,0.0,0.0,0.787,0.0,0.213,0.0,0.0,100.0,0.0,0.0,0,0.0
dapper,lossy,118,100.0,1000,24.83203368389728,33.86314293776527,34.704566823658226,34.94197590424748,31.59642683182519,0.0,0.7277094589160901,0.742481456687588,17425.0,17.425,17425.0,0.0,0.0,0.0,0.697,0.8335724533715926,0.13916786226685796,0.097,0.6944045911047346,0.0,0.16642754662840745,0.0,30.3,0.0,69.69999999999999,0.0,402,402.0
deadline_greedy,lossy,118,100.0,1000,24.83203368389728,33.86314293776527,34.704566823658226,34.94197590424748,24.83203368389728,0.0,0.7277094589160901,0.7277094589160901,0.0,0.0,0.0,0.0,0.0,0.0,0.0,0.0,0.0,0.0,0.0,0.0,0.0,0.0,100.0,0.0,0.0,0.0,0,0.0
confidence_deadline,lossy,118,100.0,1000,24.83203368389728,33.86314293776527,34.704566823658226,34.94197590424748,24.83203368389728,0.0,0.7277094589160901,0.7277094589160901,0.0,0.0,0.0,0.0,0.0,0.0,0.0,0.0,0.0,0.0,0.0,0.0,0.0,0.0,100.0,0.0,0.0,0.0,0,0.0
rtt_threshold,lossy,118,100.0,1000,24.83203368389728,33.86314293776527,34.704566823658226,34.94197590424748,24.83203368389728,0.0,0.7277094589160901,0.7277094589160901,0.0,0.0,0.0,0.0,0.0,0.0,0.0,0.0,0.0,0.0,0.0,0.0,0.0,0.0,100.0,0.0,0.0,0.0,0,0.0
oracle_feasible,lossy,118,100.0,1000,33.8607683283658,96.70948895527582,99.51923905459742,99.91999557587599,33.8607683283658,0.0,0.7459643542709391,0.7459643542709391,3225.0,3.225,3225.0,0.0,0.0,0.0,0.129,1.0,1.0,0.129,0.0,0.0,0.0,0.0,87.1,12.9,0.0,0.0,220,220.0
local_only,lossy,119,100.0,1000,25.22380561542694,34.16353447898527,34.88856396573517,34.993426719837316,25.22380561542694,0.0,0.72570145608929,0.72570145608929,0.0,0.0,0.0,0.0,0.0,0.0,0.0,0.0,0.0,0.0,0.0,0.0,0.0,0.0,100.0,0.0,0.0,0.0,0,0.0
edge_only,lossy,119,100.0,1000,121.25371377051343,134.07168022562306,134.7606566038455,134.99342671983732,121.25371377051343,0.871,0.7446890435114892,0.11308307406080172,25000.0,25.0,25000.0,0.871,0.0,0.0,1.0,0.804,0.129,0.129,0.675,0.0,0.196,0.0,0.0,100.0,0.0,0.0,0,0.0
cloud_only,lossy,119,100.0,1000,125.22380561542694,134.16353447898527,134.8885639657352,134.99342671983732,125.22380561542694,1.0,0.72570145608929,0.0,35000.0,35.0,35000.0,1.0,0.0,0.0,1.0,0.817,0.0,0.0,0.817,0.0,0.183,0.0,0.0,100.0,0.0,0.0,0,0.0
dapper,lossy,119,100.0,1000,25.22380561542694,34.16353447898527,34.88856396573517,34.993426719837316,32.113435816803424,0.0,0.72570145608929,0.7415107092676313,18600.0,18.6,18600.0,0.0,0.0,0.0,0.744,0.8198924731182796,0.13440860215053763,0.1,0.6854838709677419,0.0,0.18010752688172044,0.0,25.6,0.0,74.4,0.0,342,342.0
deadline_greedy,lossy,119,100.0,1000,25.22380561542694,34.16353447898527,34.88856396573517,34.993426719837316,25.22380561542694,0.0,0.72570145608929,0.72570145608929,0.0,0.0,0.0,0.0,0.0,0.0,0.0,0.0,0.0,0.0,0.0,0.0,0.0,0.0,100.0,0.0,0.0,0.0,0,0.0
confidence_deadline,lossy,119,100.0,1000,25.22380561542694,34.16353447898527,34.88856396573517,34.993426719837316,25.22380561542694,0.0,0.72570145608929,0.72570145608929,0.0,0.0,0.0,0.0,0.0,0.0,0.0,0.0,0.0,0.0,0.0,0.0,0.0,0.0,100.0,0.0,0.0,0.0,0,0.0
rtt_threshold,lossy,119,100.0,1000,25.22380561542694,34.16353447898527,34.88856396573517,34.993426719837316,25.22380561542694,0.0,0.72570145608929,0.72570145608929,0.0,0.0,0.0,0.0,0.0,0.0,0.0,0.0,0.0,0.0,0.0,0.0,0.0,0.0,100.0,0.0,0.0,0.0,0,0.0
oracle_feasible,lossy,119,100.0,1000,34.153713770513406,96.355505262319,99.32342826348591,99.97866929804258,34.153713770513406,0.0,0.7446890435114892,0.7446890435114892,3225.0,3.225,3225.0,0.0,0.0,0.0,0.129,1.0,1.0,0.129,0.0,0.0,0.0,0.0,87.1,12.9,0.0,0.0,214,214.0
local_only,lossy,120,100.0,1000,24.94356883456326,33.94762430607923,34.82126839451995,34.99480299428936,24.94356883456326,0.0,0.7242446744200584,0.7242446744200584,0.0,0.0,0.0,0.0,0.0,0.0,0.0,0.0,0.0,0.0,0.0,0.0,0.0,0.0,100.0,0.0,0.0,0.0,0,0.0
edge_only,lossy,120,100.0,1000,121.69201311332918,133.91654364222597,134.82126839451993,134.99480299428936,121.69201311332918,0.89,0.7412528518258956,0.09646742036468624,25000.0,25.0,25000.0,0.89,0.0,0.0,1.0,0.796,0.11,0.11,0.686,0.0,0.204,0.0,0.0,100.0,0.0,0.0,0,0.0
cloud_only,lossy,120,100.0,1000,124.94356883456325,133.94762430607923,134.82126839451993,134.99480299428936,124.94356883456325,1.0,0.7242446744200584,0.0,35000.0,35.0,35000.0,1.0,0.0,0.0,1.0,0.808,0.0,0.0,0.808,0.0,0.192,0.0,0.0,100.0,0.0,0.0,0,0.0
dapper,lossy,120,100.0,1000,24.94356883456326,33.94762430607923,34.82126839451995,34.99480299428936,31.257672307205212,0.0,0.7242446744200584,0.7384825033900047,18075.0,18.075,18075.0,0.0,0.0,0.0,0.723,0.7980636237897649,0.12448132780082988,0.09,0.673582295988935,0.0,0.20193637621023514,0.0,27.700000000000003,0.0,72.3,0.0,366,366.0
deadline_greedy,lossy,120,100.0,1000,24.94356883456326,33.94762430607923,34.82126839451995,34.99480299428936,24.94356883456326,0.0,0.7242446744200584,0.7242446744200584,0.0,0.0,0.0,0.0,0.0,0.0,0.0,0.0,0.0,0.0,0.0,0.0,0.0,0.0,100.0,0.0,0.0,0.0,0,0.0
confidence_deadline,lossy,120,100.0,1000,24.94356883456326,33.94762430607923,34.82126839451995,34.99480299428936,24.94356883456326,0.0,0.7242446744200584,0.7242446744200584,0.0,0.0,0.0,0.0,0.0,0.0,0.0,0.0,0.0,0.0,0.0,0.0,0.0,0.0,100.0,0.0,0.0,0.0,0,0.0
rtt_threshold,lossy,120,100.0,1000,24.94356883456326,33.94762430607923,34.82126839451995,34.99480299428936,24.94356883456326,0.0,0.7242446744200584,0.7242446744200584,0.0,0.0,0.0,0.0,0.0,0.0,0.0,0.0,0.0,0.0,0.0,0.0,0.0,0.0,100.0,0.0,0.0,0.0,0,0.0
oracle_feasible,lossy,120,100.0,1000,32.6920131133292,95.88434126174417,98.79155926490348,99.80349755044915,32.6920131133292,0.0,0.7412528518258956,0.7412528518258956,2750.0,2.75,2750.0,0.0,0.0,0.0,0.11,1.0,1.0,0.11,0.0,0.0,0.0,0.0,89.0,11.0,0.0,0.0,194,194.0
local_only,lossy,121,100.0,1000,24.890186762682326,33.9509837447526,34.75636721943252,34.9865485323475,24.890186762682326,0.0,0.7226738180182367,0.7226738180182367,0.0,0.0,0.0,0.0,0.0,0.0,0.0,0.0,0.0,0.0,0.0,0.0,0.0,0.0,100.0,0.0,0.0,0.0,0,0.0
edge_only,lossy,121,100.0,1000,120.8460809848296,133.71573309915712,134.69739795378013,134.9865485323475,120.8460809848296,0.864,0.7440125782998075,0.11946016596941954,25000.0,25.0,25000.0,0.864,0.0,0.0,1.0,0.805,0.136,0.136,0.669,0.0,0.195,0.0,0.0,100.0,0.0,0.0,0,0.0
cloud_only,lossy,121,100.0,1000,124.89018676268232,133.9509837447526,134.75636721943252,134.9865485323475,124.89018676268232,1.0,0.7226738180182367,0.0,35000.0,35.0,35000.0,1.0,0.0,0.0,1.0,0.803,0.0,0.0,0.803,0.0,0.197,0.0,0.0,100.0,0.0,0.0,0,0.0
dapper,lossy,121,100.0,1000,24.890186762682326,33.9509837447526,34.75636721943252,34.9865485323475,32.77353024549474,0.0,0.7226738180182367,0.7410438719949963,18675.0,18.675,18675.0,0.0,0.0,0.0,0.747,0.821954484605087,0.1499330655957162,0.112,0.6720214190093708,0.0,0.17804551539491298,0.0,25.3,0.0,74.7,0.0,339,339.0
deadline_greedy,lossy,121,100.0,1000,24.890186762682326,33.9509837447526,34.75636721943252,34.9865485323475,24.890186762682326,0.0,0.7226738180182367,0.7226738180182367,0.0,0.0,0.0,0.0,0.0,0.0,0.0,0.0,0.0,0.0,0.0,0.0,0.0,0.0,100.0,0.0,0.0,0.0,0,0.0
confidence_deadline,lossy,121,100.0,1000,24.890186762682326,33.9509837447526,34.75636721943252,34.9865485323475,24.890186762682326,0.0,0.7226738180182367,0.7226738180182367,0.0,0.0,0.0,0.0,0.0,0.0,0.0,0.0,0.0,0.0,0.0,0.0,0.0,0.0,100.0,0.0,0.0,0.0,0,0.0
rtt_threshold,lossy,121,100.0,1000,24.890186762682326,33.9509837447526,34.75636721943252,34.9865485323475,24.890186762682326,0.0,0.7226738180182367,0.7226738180182367,0.0,0.0,0.0,0.0,0.0,0.0,0.0,0.0,0.0,0.0,0.0,0.0,0.0,0.0,100.0,0.0,0.0,0.0,0,0.0
oracle_feasible,lossy,121,100.0,1000,34.44608098482961,97.5098174071574,99.37434665247751,99.98674779983386,34.44608098482961,0.0,0.7440125782998075,0.7440125782998075,3400.0,3.4,3400.0,0.0,0.0,0.0,0.136,1.0,1.0,0.136,0.0,0.0,0.0,0.0,86.4,13.600000000000001,0.0,0.0,226,226.0
local_only,lossy,122,100.0,1000,25.08579289471596,34.07524967583675,34.72465675884838,34.92311681265087,25.08579289471596,0.0,0.7253656451784852,0.7253656451784852,0.0,0.0,0.0,0.0,0.0,0.0,0.0,0.0,0.0,0.0,0.0,0.0,0.0,0.0,100.0,0.0,0.0,0.0,0,0.0
edge_only,lossy,122,100.0,1000,121.43512206898676,133.89469264944347,134.71250852368806,134.9230663277641,121.43512206898676,0.877,0.7440616568625408,0.10787816434124786,25000.0,25.0,25000.0,0.877,0.0,0.0,1.0,0.782,0.123,0.123,0.659,0.0,0.218,0.0,0.0,100.0,0.0,0.0,0,0.0
cloud_only,lossy,122,100.0,1000,125.08579289471595,134.07524967583674,134.7246567588484,134.92311681265087,125.08579289471595,1.0,0.7253656451784852,0.0,35000.0,35.0,35000.0,1.0,0.0,0.0,1.0,0.785,0.0,0.0,0.785,0.0,0.215,0.0,0.0,100.0,0.0,0.0,0,0.0
dapper,lossy,122,100.0,1000,25.08579289471596,34.07524967583675,34.72465675884838,34.92311681265087,31.763246506243785,0.0,0.7253656451784852,0.7408740543618451,18550.0,18.55,18550.0,0.0,0.0,0.0,0.742,0.7951482479784366,0.1280323450134771,0.095,0.6671159029649596,0.0,0.20485175202156333,0.0,25.8,0.0,74.2,0.0,330,330.0
deadline_greedy,lossy,122,100.0,1000,25.08579289471596,34.07524967583675,34.72465675884838,34.92311681265087,25.08579289471596,0.0,0.7253656451784852,0.7253656451784852,0.0,0.0,0.0,0.0,0.0,0.0,0.0,0.0,0.0,0.0,0.0,0.0,0.0,0.0,100.0,0.0,0.0,0.0,0,0.0
confidence_deadline,lossy,122,100.0,1000,25.08579289471596,34.07524967583675,34.72465675884838,34.92311681265087,25.08579289471596,0.0,0.7253656451784852,0.7253656451784852,0.0,0.0,0.0,0.0,0.0,0.0,0.0,0.0,0.0,0.0,0.0,0.0,0.0,0.0,100.0,0.0,0.0,0.0,0,0.0
rtt_threshold,lossy,122,100.0,1000,25.08579289471596,34.07524967583675,34.72465675884838,34.92311681265087,25.08579289471596,0.0,0.7253656451784852,0.7253656451784852,0.0,0.0,0.0,0.0,0.0,0.0,0.0,0.0,0.0,0.0,0.0,0.0,0.0,0.0,100.0,0.0,0.0,0.0,0,0.0
oracle_feasible,lossy,122,100.0,1000,33.73512206898676,94.8971159471427,99.16993505103883,99.99654156588505,33.73512206898676,0.0,0.7440616568625408,0.7440616568625408,3075.0,3.075,3075.0,0.0,0.0,0.0,0.123,1.0,1.0,0.123,0.0,0.0,0.0,0.0,87.7,12.3,0.0,0.0,210,210.0
local_only,lossy,123,100.0,1000,24.817178107343594,33.97858252982191,34.71884738710505,34.9640180768012,24.817178107343594,0.0,0.725177200048534,0.725177200048534,0.0,0.0,0.0,0.0,0.0,0.0,0.0,0.0,0.0,0.0,0.0,0.0,0.0,0.0,100.0,0.0,0.0,0.0,0,0.0
edge_only,lossy,123,100.0,1000,120.77017799123556,133.64709298336302,134.69466152832572,134.9640180768012,120.77017799123556,0.869,0.7457381289136983,0.11537226920324901,25000.0,25.0,25000.0,0.869,0.0,0.0,1.0,0.795,0.131,0.131,0.664,0.0,0.205,0.0,0.0,100.0,0.0,0.0,0,0.0
cloud_only,lossy,123,100.0,1000,124.81717810734358,133.97858252982192,134.71884738710506,134.9640180768012,124.81717810734358,1.0,0.725177200048534,0.0,35000.0,35.0,35000.0,1.0,0.0,0.0,1.0,0.792,0.0,0.0,0.792,0.0,0.208,0.0,0.0,100.0,0.0,0.0,0,0.0
dapper,lossy,123,100.0,1000,24.817178107343594,33.97858252982191,34.71884738710505,34.9640180768012,32.29314773222189,0.0,0.725177200048534,0.7433974475207357,17875.0,17.875,17875.0,0.0,0.0,0.0,0.715,0.8055944055944056,0.15244755244755245,0.109,0.6531468531468532,0.0,0.1944055944055944,0.0,28.499999999999996,0.0,71.5,0.0,380,380.0
deadline_greedy,lossy,123,100.0,1000,24.817178107343594,33.97858252982191,34.71884738710505,34.9640180768012,24.817178107343594,0.0,0.725177200048534,0.725177200048534,0.0,0.0,0.0,0.0,0.0,0.0,0.0,0.0,0.0,0.0,0.0,0.0,0.0,0.0,100.0,0.0,0.0,0.0,0,0.0
confidence_deadline,lossy,123,100.0,1000,24.817178107343594,33.97858252982191,34.71884738710505,34.9640180768012,24.817178107343594,0.0,0.725177200048534,0.725177200048534,0.0,0.0,0.0,0.0,0.0,0.0,0.0,0.0,0.0,0.0,0.0,0.0,0.0,0.0,100.0,0.0,0.0,0.0,0,0.0
rtt_threshold,lossy,123,100.0,1000,24.817178107343594,33.97858252982191,34.71884738710505,34.9640180768012,24.817178107343594,0.0,0.725177200048534,0.725177200048534,0.0,0.0,0.0,0.0,0.0,0.0,0.0,0.0,0.0,0.0,0.0,0.0,0.0,0.0,100.0,0.0,0.0,0.0,0,0.0
oracle_feasible,lossy,123,100.0,1000,33.870177991235565,96.96391497832238,99.25634564501104,99.95046694300619,33.870177991235565,0.0,0.7457381289136983,0.7457381289136983,3275.0,3.275,3275.0,0.0,0.0,0.0,0.131,1.0,1.0,0.131,0.0,0.0,0.0,0.0,86.9,13.100000000000001,0.0,0.0,216,216.0
local_only,lossy,124,100.0,1000,25.144076835710404,34.0084817041087,34.82162623829404,34.999930978152555,25.144076835710404,0.0,0.7252006399861742,0.7252006399861742,0.0,0.0,0.0,0.0,0.0,0.0,0.0,0.0,0.0,0.0,0.0,0.0,0.0,0.0,100.0,0.0,0.0,0.0,0,0.0
edge_only,lossy,124,100.0,1000,120.19385957150729,133.83583718356329,134.82162623829404,134.99993097815255,120.19385957150729,0.839,0.7494083118652971,0.1416209900002543,25000.0,25.0,25000.0,0.839,0.0,0.0,1.0,0.827,0.161,0.161,0.666,0.0,0.173,0.0,0.0,100.0,0.0,0.0,0,0.0
cloud_only,lossy,124,100.0,1000,125.14407683571041,134.0084817041087,134.82162623829404,134.99993097815255,125.14407683571041,1.0,0.7252006399861742,0.0,35000.0,35.0,35000.0,1.0,0.0,0.0,1.0,0.805,0.0,0.0,0.805,0.0,0.195,0.0,0.0,100.0,0.0,0.0,0,0.0
dapper,lossy,124,100.0,1000,25.144076835710404,34.0084817041087,34.82162623829404,34.999930978152555,33.825274803426076,0.0,0.7252006399861742,0.7459351026481479,18725.0,18.725,18725.0,0.0,0.0,0.0,0.749,0.835781041388518,0.16688918558077437,0.125,0.6688918558077437,0.0,0.16421895861148197,0.0,25.1,0.0,74.9,0.0,362,362.0
deadline_greedy,lossy,124,100.0,1000,25.144076835710404,34.0084817041087,34.82162623829404,34.999930978152555,25.144076835710404,0.0,0.7252006399861742,0.7252006399861742,0.0,0.0,0.0,0.0,0.0,0.0,0.0,0.0,0.0,0.0,0.0,0.0,0.0,0.0,100.0,0.0,0.0,0.0,0,0.0
confidence_deadline,lossy,124,100.0,1000,25.144076835710404,34.0084817041087,34.82162623829404,34.999930978152555,25.144076835710404,0.0,0.7252006399861742,0.7252006399861742,0.0,0.0,0.0,0.0,0.0,0.0,0.0,0.0,0.0,0.0,0.0,0.0,0.0,0.0,100.0,0.0,0.0,0.0,0,0.0
rtt_threshold,lossy,124,100.0,1000,25.144076835710404,34.0084817041087,34.82162623829404,34.999930978152555,25.144076835710404,0.0,0.7252006399861742,0.7252006399861742,0.0,0.0,0.0,0.0,0.0,0.0,0.0,0.0,0.0,0.0,0.0,0.0,0.0,0.0,100.0,0.0,0.0,0.0,0,0.0
oracle_feasible,lossy,124,100.0,1000,36.29385957150729,97.44845306880222,99.40328182372426,99.9906619138757,36.29385957150729,0.0,0.7494083118652971,0.7494083118652971,4025.0,4.025,4025.0000000000005,0.0,0.0,0.0,0.161,1.0,1.0,0.161,0.0,0.0,0.0,0.0,83.89999999999999,16.1,0.0,0.0,257,257.0
local_only,lossy,125,100.0,1000,25.290207315525716,34.07810779324134,34.85987931432081,34.99675173862079,25.290207315525716,0.0,0.725008358044021,0.725008358044021,0.0,0.0,0.0,0.0,0.0,0.0,0.0,0.0,0.0,0.0,0.0,0.0,0.0,0.0,100.0,0.0,0.0,0.0,0,0.0
edge_only,lossy,125,100.0,1000,121.47232040330131,133.98081848089836,134.84362155082124,134.9967517386208,121.47232040330131,0.878,0.7415714520016238,0.10536777363137426,25000.0,25.0,25000.0,0.878,0.0,0.0,1.0,0.799,0.122,0.122,0.677,0.0,0.201,0.0,0.0,100.0,0.0,0.0,0,0.0
cloud_only,lossy,125,100.0,1000,125.2902073155257,134.07810779324134,134.8598793143208,134.9967517386208,125.2902073155257,1.0,0.725008358044021,0.0,35000.0,35.0,35000.0,1.0,0.0,0.0,1.0,0.801,0.0,0.0,0.801,0.0,0.199,0.0,0.0,100.0,0.0,0.0,0,0.0
dapper,lossy,125,100.0,1000,25.290207315525716,34.07810779324134,34.85987931432081,34.99675173862079,31.822242841358705,0.0,0.725008358044021,0.7393774547547449,17300.0,17.3,17300.0,0.0,0.0,0.0,0.692,0.8078034682080925,0.13872832369942195,0.096,0.6690751445086706,0.0,0.19219653179190752,0.0,30.8,0.0,69.19999999999999,0.0,374,374.0
deadline_greedy,lossy,125,100.0,1000,25.290207315525716,34.07810779324134,34.85987931432081,34.99675173862079,25.290207315525716,0.0,0.725008358044021,0.725008358044021,0.0,0.0,0.0,0.0,0.0,0.0,0.0,0.0,0.0,0.0,0.0,0.0,0.0,0.0,100.0,0.0,0.0,0.0,0,0.0
confidence_deadline,lossy,125,100.0,1000,25.290207315525716,34.07810779324134,34.85987931432081,34.99675173862079,25.290207315525716,0.0,0.725008358044021,0.725008358044021,0.0,0.0,0.0,0.0,0.0,0.0,0.0,0.0,0.0,0.0,0.0,0.0,0.0,0.0,100.0,0.0,0.0,0.0,0,0.0
rtt_threshold,lossy,125,100.0,1000,25.290207315525716,34.07810779324134,34.85987931432081,34.99675173862079,25.290207315525716,0.0,0.725008358044021,0.725008358044021,0.0,0.0,0.0,0.0,0.0,0.0,0.0,0.0,0.0,0.0,0.0,0.0,0.0,0.0,100.0,0.0,0.0,0.0,0,0.0
oracle_feasible,lossy,125,100.0,1000,33.67232040330132,95.77037479971253,99.1868168667262,99.9699840148212,33.67232040330132,0.0,0.7415714520016238,0.7415714520016238,3050.0,3.05,3050.0,0.0,0.0,0.0,0.122,1.0,1.0,0.122,0.0,0.0,0.0,0.0,87.8,12.2,0.0,0.0,214,214.0
local_only,lossy,126,100.0,1000,25.012306557377276,34.01851118868758,34.87231873366858,34.99707928007821,25.012306557377276,0.0,0.7223553858756083,0.7223553858756083,0.0,0.0,0.0,0.0,0.0,0.0,0.0,0.0,0.0,0.0,0.0,0.0,0.0,0.0,100.0,0.0,0.0,0.0,0,0.0
edge_only,lossy,126,100.0,1000,121.08301784805205,133.92698100226983,134.86961153973294,134.9970792800782,121.08301784805205,0.871,0.741248304265299,0.11245945674895436,25000.0,25.0,25000.0,0.871,0.0,0.0,1.0,0.802,0.129,0.129,0.673,0.0,0.198,0.0,0.0,100.0,0.0,0.0,0,0.0
cloud_only,lossy,126,100.0,1000,125.01230655737727,134.01851118868757,134.87231873366855,134.9970792800782,125.01230655737727,1.0,0.7223553858756083,0.0,35000.0,35.0,35000.0,1.0,0.0,0.0,1.0,0.794,0.0,0.0,0.794,0.0,0.206,0.0,0.0,100.0,0.0,0.0,0,0.0
dapper,lossy,126,100.0,1000,25.012306557377276,34.01851118868758,34.87231873366858,34.99707928007821,32.11656113797526,0.0,0.7223553858756083,0.7383183297008713,18375.0,18.375,18375.0,0.0,0.0,0.0,0.735,0.8204081632653061,0.13877551020408163,0.102,0.6816326530612244,0.0,0.17959183673469387,0.0,26.5,0.0,73.5,0.0,354,354.0
deadline_greedy,lossy,126,100.0,1000,25.012306557377276,34.01851118868758,34.87231873366858,34.99707928007821,25.012306557377276,0.0,0.7223553858756083,0.7223553858756083,0.0,0.0,0.0,0.0,0.0,0.0,0.0,0.0,0.0,0.0,0.0,0.0,0.0,0.0,100.0,0.0,0.0,0.0,0,0.0
confidence_deadline,lossy,126,100.0,1000,25.012306557377276,34.01851118868758,34.87231873366858,34.99707928007821,25.012306557377276,0.0,0.7223553858756083,0.7223553858756083,0.0,0.0,0.0,0.0,0.0,0.0,0.0,0.0,0.0,0.0,0.0,0.0,0.0,0.0,100.0,0.0,0.0,0.0,0,0.0
rtt_threshold,lossy,126,100.0,1000,25.012306557377276,34.01851118868758,34.87231873366858,34.99707928007821,25.012306557377276,0.0,0.7223553858756083,0.7223553858756083,0.0,0.0,0.0,0.0,0.0,0.0,0.0,0.0,0.0,0.0,0.0,0.0,0.0,0.0,100.0,0.0,0.0,0.0,0,0.0
oracle_feasible,lossy,126,100.0,1000,33.98301784805205,96.22469998982233,99.39286405113785,99.98252550810787,33.98301784805205,0.0,0.741248304265299,0.741248304265299,3225.0,3.225,3225.0,0.0,0.0,0.0,0.129,1.0,1.0,0.129,0.0,0.0,0.0,0.0,87.1,12.9,0.0,0.0,228,228.0
local_only,lossy,127,100.0,1000,24.933813775828348,34.03862120823819,34.851014551058256,34.985303846764054,24.933813775828348,0.0,0.7254720911704587,0.7254720911704587,0.0,0.0,0.0,0.0,0.0,0.0,0.0,0.0,0.0,0.0,0.0,0.0,0.0,0.0,100.0,0.0,0.0,0.0,0,0.0
edge_only,lossy,127,100.0,1000,120.50433333936735,133.7251525461381,134.76730474716877,134.98530384676405,120.50433333936735,0.855,0.7471435087715078,0.12653950633221203,25000.0,25.0,25000.0,0.855,0.0,0.0,1.0,0.765,0.145,0.145,0.62,0.0,0.235,0.0,0.0,100.0,0.0,0.0,0,0.0
cloud_only,lossy,127,100.0,1000,124.93381377582836,134.0386212082382,134.85101455105826,134.98530384676405,124.93381377582836,1.0,0.7254720911704587,0.0,35000.0,35.0,35000.0,1.0,0.0,0.0,1.0,0.821,0.0,0.0,0.821,0.0,0.179,0.0,0.0,100.0,0.0,0.0,0,0.0
dapper,lossy,127,100.0,1000,24.933813775828348,34.03862120823819,34.851014551058256,34.985303846764054,32.69662669143229,0.0,0.7254720911704587,0.7435683780371112,18100.0,18.1,18100.0,0.0,0.0,0.0,0.724,0.7720994475138122,0.15469613259668508,0.112,0.6174033149171271,0.0,0.22790055248618785,0.0,27.6,0.0,72.39999999999999,0.0,373,373.0
deadline_greedy,lossy,127,100.0,1000,24.933813775828348,34.03862120823819,34.851014551058256,34.985303846764054,24.933813775828348,0.0,0.7254720911704587,0.7254720911704587,0.0,0.0,0.0,0.0,0.0,0.0,0.0,0.0,0.0,0.0,0.0,0.0,0.0,0.0,100.0,0.0,0.0,0.0,0,0.0
confidence_deadline,lossy,127,100.0,1000,24.933813775828348,34.03862120823819,34.851014551058256,34.985303846764054,24.933813775828348,0.0,0.7254720911704587,0.7254720911704587,0.0,0.0,0.0,0.0,0.0,0.0,0.0,0.0,0.0,0.0,0.0,0.0,0.0,0.0,100.0,0.0,0.0,0.0,0,0.0
rtt_threshold,lossy,127,100.0,1000,24.933813775828348,34.03862120823819,34.851014551058256,34.985303846764054,24.933813775828348,0.0,0.7254720911704587,0.7254720911704587,0.0,0.0,0.0,0.0,0.0,0.0,0.0,0.0,0.0,0.0,0.0,0.0,0.0,0.0,100.0,0.0,0.0,0.0,0,0.0
oracle_feasible,lossy,127,100.0,1000,35.00433333936736,96.86752145506553,99.10669245714551,99.81234722664934,35.00433333936736,0.0,0.7471435087715078,0.7471435087715078,3625.0,3.625,3625.0,0.0,0.0,0.0,0.145,1.0,1.0,0.145,0.0,0.0,0.0,0.0,85.5,14.499999999999998,0.0,0.0,236,236.0
local_only,lossy,128,100.0,1000,25.361525346794913,34.112832194106765,34.722796126768856,34.99638466136344,25.361525346794913,0.0,0.7258146565752936,0.7258146565752936,0.0,0.0,0.0,0.0,0.0,0.0,0.0,0.0,0.0,0.0,0.0,0.0,0.0,0.0,100.0,0.0,0.0,0.0,0,0.0
edge_only,lossy,128,100.0,1000,121.31448590207705,133.960969324717,134.71841071428662,134.99638466136344,121.31448590207705,0.872,0.744224032841594,0.11174492907567266,25000.0,25.0,25000.0,0.872,0.0,0.0,1.0,0.812,0.128,0.128,0.684,0.0,0.188,0.0,0.0,100.0,0.0,0.0,0,0.0
cloud_only,lossy,128,100.0,1000,125.36152534679492,134.11283219410677,134.72279612676886,134.99638466136344,125.36152534679492,1.0,0.7258146565752936,0.0,35000.0,35.0,35000.0,1.0,0.0,0.0,1.0,0.816,0.0,0.0,0.816,0.0,0.184,0.0,0.0,100.0,0.0,0.0,0,0.0
dapper,lossy,128,100.0,1000,25.361525346794913,34.112832194106765,34.722796126768856,34.99638466136344,32.25036818382081,0.0,0.7258146565752936,0.7414867988063029,17775.0,17.775,17775.0,0.0,0.0,0.0,0.711,0.8270042194092827,0.1420534458509142,0.101,0.6849507735583685,0.0,0.1729957805907173,0.0,28.9,0.0,71.1,0.0,399,399.0
deadline_greedy,lossy,128,100.0,1000,25.361525346794913,34.112832194106765,34.722796126768856,34.99638466136344,25.361525346794913,0.0,0.7258146565752936,0.7258146565752936,0.0,0.0,0.0,0.0,0.0,0.0,0.0,0.0,0.0,0.0,0.0,0.0,0.0,0.0,100.0,0.0,0.0,0.0,0,0.0
confidence_deadline,lossy,128,100.0,1000,25.361525346794913,34.112832194106765,34.722796126768856,34.99638466136344,25.361525346794913,0.0,0.7258146565752936,0.7258146565752936,0.0,0.0,0.0,0.0,0.0,0.0,0.0,0.0,0.0,0.0,0.0,0.0,0.0,0.0,100.0,0.0,0.0,0.0,0,0.0
rtt_threshold,lossy,128,100.0,1000,25.361525346794913,34.112832194106765,34.722796126768856,34.99638466136344,25.361525346794913,0.0,0.7258146565752936,0.7258146565752936,0.0,0.0,0.0,0.0,0.0,0.0,0.0,0.0,0.0,0.0,0.0,0.0,0.0,0.0,100.0,0.0,0.0,0.0,0,0.0
oracle_feasible,lossy,128,100.0,1000,34.11448590207706,96.01391354213811,98.92999644432743,99.99691320187907,34.11448590207706,0.0,0.744224032841594,0.744224032841594,3200.0,3.2,3200.0,0.0,0.0,0.0,0.128,1.0,1.0,0.128,0.0,0.0,0.0,0.0,87.2,12.8,0.0,0.0,220,220.0
local_only,lossy,129,100.0,1000,24.956002553810663,34.060395492680186,34.85750602439408,34.980831653703675,24.956002553810663,0.0,0.7240405957959037,0.7240405957959037,0.0,0.0,0.0,0.0,0.0,0.0,0.0,0.0,0.0,0.0,0.0,0.0,0.0,0.0,100.0,0.0,0.0,0.0,0,0.0
edge_only,lossy,129,100.0,1000,121.24167621610422,134.03510955136505,134.83783130129694,134.98083165370366,121.24167621610422,0.876,0.7420604978729614,0.10817208254271221,25000.0,25.0,25000.0,0.876,0.0,0.0,1.0,0.809,0.124,0.124,0.685,0.0,0.191,0.0,0.0,100.0,0.0,0.0,0,0.0
cloud_only,lossy,129,100.0,1000,124.95600255381068,134.0603954926802,134.85750602439407,134.98083165370366,124.95600255381068,1.0,0.7240405957959037,0.0,35000.0,35.0,35000.0,1.0,0.0,0.0,1.0,0.777,0.0,0.0,0.777,0.0,0.223,0.0,0.0,100.0,0.0,0.0,0,0.0
dapper,lossy,129,100.0,1000,24.956002553810663,34.060395492680186,34.85750602439408,34.980831653703675,31.49496513929532,0.0,0.7240405957959037,0.7388445901022926,18725.0,18.725,18725.0,0.0,0.0,0.0,0.749,0.8130841121495327,0.12550066755674233,0.094,0.6875834445927904,0.0,0.18691588785046728,0.0,25.1,0.0,74.9,0.0,351,351.0
deadline_greedy,lossy,129,100.0,1000,24.956002553810663,34.060395492680186,34.85750602439408,34.980831653703675,24.956002553810663,0.0,0.7240405957959037,0.7240405957959037,0.0,0.0,0.0,0.0,0.0,0.0,0.0,0.0,0.0,0.0,0.0,0.0,0.0,0.0,100.0,0.0,0.0,0.0,0,0.0
confidence_deadline,lossy,129,100.0,1000,24.956002553810663,34.060395492680186,34.85750602439408,34.980831653703675,24.956002553810663,0.0,0.7240405957959037,0.7240405957959037,0.0,0.0,0.0,0.0,0.0,0.0,0.0,0.0,0.0,0.0,0.0,0.0,0.0,0.0,100.0,0.0,0.0,0.0,0,0.0
rtt_threshold,lossy,129,100.0,1000,24.956002553810663,34.060395492680186,34.85750602439408,34.980831653703675,24.956002553810663,0.0,0.7240405957959037,0.7240405957959037,0.0,0.0,0.0,0.0,0.0,0.0,0.0,0.0,0.0,0.0,0.0,0.0,0.0,0.0,100.0,0.0,0.0,0.0,0,0.0
oracle_feasible,lossy,129,100.0,1000,33.64167621610423,96.31797693613319,99.32537533494326,99.97667592845444,33.64167621610423,0.0,0.7420604978729614,0.7420604978729614,3100.0,3.1,3100.0,0.0,0.0,0.0,0.124,1.0,1.0,0.124,0.0,0.0,0.0,0.0,87.6,12.4,0.0,0.0,211,211.0
local_only,variable,100,100.0,1000,25.08692666256034,33.97167160901372,34.8038020871074,34.974338710079344,25.08692666256034,0.0,0.7249363467025005,0.7249363467025005,0.0,0.0,0.0,0.0,0.0,0.0,0.0,0.0,0.0,0.0,0.0,0.0,0.0,0.0,100.0,0.0,0.0,0.0,0,0.0
edge_only,variable,100,100.0,1000,95.63097725971039,133.44598063146017,134.76027410675786,134.95054826151676,95.63097725971039,0.683,0.7301347821400896,0.23372827329671286,17950.0,17.95,17950.0,0.965,0.0,0.0,0.718,0.935933147632312,0.04874651810584958,0.035,0.8871866295264624,0.0,0.06406685236768803,0.282,0.0,100.0,0.0,0.0,0,0.0
cloud_only,variable,100,100.0,1000,96.88692666256034,133.5533155176996,134.76027410675786,134.95054826151676,96.88692666256034,0.718,0.7249363467025005,0.20303448787014214,25130.0,25.13,25130.0,1.0,0.0,0.0,0.718,0.9136490250696379,0.0,0.0,0.9136490250696379,0.0,0.08635097493036212,0.282,0.0,100.0,0.0,0.0,0,0.0
dapper,variable,100,100.0,1000,19.847097399190012,33.61420558459003,34.76027410675784,34.95054826151675,21.97468170885308,0.0,0.7259116438296801,0.7309100495998946,5375.0,5.375,5375.0,0.284,0.216,0.0,0.215,0.9116279069767442,0.15348837209302327,0.033,0.7581395348837209,0.0,0.08837209302325581,0.0,56.89999999999999,0.0,21.5,21.6,342,342.0
deadline_greedy,variable,100,100.0,1000,25.08692666256034,33.97167160901372,34.8038020871074,34.974338710079344,25.08692666256034,0.0,0.7249363467025005,0.7249363467025005,0.0,0.0,0.0,0.0,0.0,0.0,0.0,0.0,0.0,0.0,0.0,0.0,0.0,0.0,100.0,0.0,0.0,0.0,0,0.0
confidence_deadline,variable,100,100.0,1000,25.08692666256034,33.97167160901372,34.8038020871074,34.974338710079344,25.08692666256034,0.0,0.7249363467025005,0.7249363467025005,0.0,0.0,0.0,0.0,0.0,0.0,0.0,0.0,0.0,0.0,0.0,0.0,0.0,0.0,100.0,0.0,0.0,0.0,0,0.0
rtt_threshold,variable,100,100.0,1000,25.222415867408525,34.028755147858746,34.83211437384132,118.8400067929382,25.222415867408525,0.001,0.7251401184161461,0.7244431752221995,50.0,0.05,50.0,0.001,0.0,0.0,0.002,1.0,0.5,0.001,0.5,0.0,0.0,0.0,99.8,0.2,0.0,0.0,4,4.0
oracle_feasible,variable,100,100.0,1000,27.330977259710387,34.637551404428265,95.55562322197372,99.97780457811916,27.330977259710387,0.0,0.7301347821400896,0.7301347821400896,875.0,0.875,875.0,0.0,0.0,0.0,0.035,1.0,1.0,0.035,0.0,0.0,0.0,0.0,96.5,3.5000000000000004,0.0,0.0,64,64.0
local_only,variable,101,100.0,1000,24.672838180005726,33.95371677262301,34.79413893516457,34.99816501848515,24.672838180005726,0.0,0.7264126694646463,0.7264126694646463,0.0,0.0,0.0,0.0,0.0,0.0,0.0,0.0,0.0,0.0,0.0,0.0,0.0,0.0,100.0,0.0,0.0,0.0,0,0.0
edge_only,variable,101,100.0,1000,97.96489328108899,133.17787718440223,134.67472465137837,134.99816501848517,97.96489328108899,0.703,0.7331697503178698,0.22200003580957367,18675.0,18.675,18675.0,0.956,0.0,0.0,0.747,0.9464524765729585,0.058902275769745646,0.044,0.8875502008032129,0.0,0.0535475234270415,0.253,0.0,100.0,0.0,0.0,0,0.0
cloud_only,variable,101,100.0,1000,99.37283818000573,133.3934237540984,134.71672936568112,134.99816501848517,99.37283818000573,0.747,0.7264126694646463,0.18347543624630472,26145.0,26.145,26145.0,1.0,0.0,0.0,0.747,0.9384203480589023,0.0,0.0,0.9384203480589023,0.0,0.06157965194109773,0.253,0.0,100.0,0.0,0.0,0,0.0
dapper,variable,101,100.0,1000,19.873228370530978,33.51859359353788,34.716729365681125,34.99816501848515,22.429717590864318,0.0,0.7275598148950951,0.7338505135735993,6025.0,6.025,6025.0,0.256,0.2,0.0,0.241,0.9294605809128631,0.15767634854771784,0.038,0.7717842323651453,0.0,0.07053941908713693,0.0,55.900000000000006,0.0,24.099999999999998,20.0,331,331.0
deadline_greedy,variable,101,100.0,1000,24.672838180005726,33.95371677262301,34.79413893516457,34.99816501848515,24.672838180005726,0.0,0.7264126694646463,0.7264126694646463,0.0,0.0,0.0,0.0,0.0,0.0,0.0,0.0,0.0,0.0,0.0,0.0,0.0,0.0,100.0,0.0,0.0,0.0,0,0.0
confidence_deadline,variable,101,100.0,1000,24.672838180005726,33.95371677262301,34.79413893516457,34.99816501848515,24.672838180005726,0.0,0.7264126694646463,0.7264126694646463,0.0,0.0,0.0,0.0,0.0,0.0,0.0,0.0,0.0,0.0,0.0,0.0,0.0,0.0,100.0,0.0,0.0,0.0,0,0.0
rtt_threshold,variable,101,100.0,1000,24.832504330183518,34.01001095330317,34.8056968610754,130.12421028394152,24.832504330183518,0.001,0.7266731588638888,0.7259379246303655,50.0,0.05,50.0,0.001,0.0,0.0,0.002,0.5,0.5,0.001,0.0,0.0,0.5,0.0,99.8,0.2,0.0,0.0,2,2.0
oracle_feasible,variable,101,100.0,1000,27.664893281088986,34.87259997704474,97.86639840836675,99.8309400763579,27.664893281088986,0.0,0.7331697503178698,0.7331697503178698,1100.0,1.1,1100.0,0.0,0.0,0.0,0.044,1.0,1.0,0.044,0.0,0.0,0.0,0.0,95.6,4.3999999999999995,0.0,0.0,76,76.0
local_only,variable,102,100.0,1000,24.968506693191607,34.114816730103335,34.86267395289757,34.995332379528136,24.968506693191607,0.0,0.7252394836394491,0.7252394836394491,0.0,0.0,0.0,0.0,0.0,0.0,0.0,0.0,0.0,0.0,0.0,0.0,0.0,0.0,100.0,0.0,0.0,0.0,0,0.0
edge_only,variable,102,100.0,1000,107.14342399175807,133.88550175178108,134.83591606013775,134.99533237952812,107.14342399175807,0.791,0.7326188721612827,0.15862333753422844,20925.0,20.925,20925.0,0.954,0.0,0.0,0.837,0.9199522102747909,0.054958183990442055,0.046,0.8649940262843488,0.0,0.08004778972520908,0.163,0.0,100.0,0.0,0.0,0,0.0
cloud_only,variable,102,100.0,1000,108.6685066931916,133.93567660320485,134.8541272553872,134.99533237952812,108.6685066931916,0.837,0.7252394836394491,0.11826215016236653,29295.0,29.295,29295.0,1.0,0.0,0.0,0.837,0.946236559139785,0.0,0.0,0.946236559139785,0.0,0.053763440860215055,0.163,0.0,100.0,0.0,0.0,0,0.0
dapper,variable,102,100.0,1000,21.725835154751234,33.952084801243224,34.85412725538718,34.995332379528136,24.55018827202417,0.0,0.7253923428217819,0.7325011631642455,6075.0,6.075,6075.0,0.167,0.131,0.0,0.243,0.9012345679012346,0.1728395061728395,0.042,0.7283950617283951,0.0,0.09876543209876543,0.0,62.6,0.0,24.3,13.100000000000001,304,304.0
deadline_greedy,variable,102,100.0,1000,24.968506693191607,34.114816730103335,34.86267395289757,34.995332379528136,24.968506693191607,0.0,0.7252394836394491,0.7252394836394491,0.0,0.0,0.0,0.0,0.0,0.0,0.0,0.0,0.0,0.0,0.0,0.0,0.0,0.0,100.0,0.0,0.0,0.0,0,0.0
confidence_deadline,variable,102,100.0,1000,24.968506693191607,34.114816730103335,34.86267395289757,34.995332379528136,24.968506693191607,0.0,0.7252394836394491,0.7252394836394491,0.0,0.0,0.0,0.0,0.0,0.0,0.0,0.0,0.0,0.0,0.0,0.0,0.0,0.0,100.0,0.0,0.0,0.0,0,0.0
rtt_threshold,variable,102,100.0,1000,25.06850669319161,34.115387172368685,34.8661303597132,116.34235729928342,25.06850669319161,0.001,0.7252394836394491,0.7244885353702388,25.0,0.025,25.0,0.001,0.0,0.0,0.001,1.0,0.0,0.0,1.0,0.0,0.0,0.0,99.9,0.1,0.0,0.0,2,2.0
oracle_feasible,variable,102,100.0,1000,28.04342399175807,34.952478099941374,96.30515490962436,99.68648514344285,28.04342399175807,0.0,0.7326188721612827,0.7326188721612827,1150.0,1.15,1150.0,0.0,0.0,0.0,0.046,1.0,1.0,0.046,0.0,0.0,0.0,0.0,95.39999999999999,4.6,0.0,0.0,78,78.0
local_only,variable,103,100.0,1000,25.395827836102953,33.98126067315058,34.77378414259423,34.99051342908312,25.395827836102953,0.0,0.7249008574797,0.7249008574797,0.0,0.0,0.0,0.0,0.0,0.0,0.0,0.0,0.0,0.0,0.0,0.0,0.0,0.0,100.0,0.0,0.0,0.0,0,0.0
edge_only,variable,103,100.0,1000,92.77772938458298,133.25477178051275,134.46302007635106,134.9839101231994,92.77772938458298,0.65,0.7304890172660369,0.2595534927140117,17125.0,17.125,17125.0,0.965,0.0,0.0,0.685,0.9211678832116789,0.051094890510948905,0.035,0.8700729927007299,0.0,0.07883211678832117,0.315,0.0,100.0,0.0,0.0,0,0.0
cloud_only,variable,103,100.0,1000,93.89582783610295,133.40810532665176,134.61719282424562,134.9839101231994,93.89582783610295,0.685,0.7249008574797,0.2288689822766884,23975.0,23.975,23975.0,1.0,0.0,0.0,0.685,0.9357664233576642,0.0,0.0,0.9357664233576642,0.0,0.06423357664233577,0.315,0.0,100.0,0.0,0.0,0,0.0
dapper,variable,103,100.0,1000,19.512093113412188,33.581179869308166,34.6745142049723,34.99051342908312,21.536858533775952,0.0,0.7264145780785138,0.7316018841146493,5975.0,5.975,5975.0,0.315,0.239,0.0,0.239,0.9079497907949791,0.12552301255230125,0.03,0.7824267782426778,0.0,0.09205020920502092,0.0,52.2,0.0,23.9,23.9,358,358.0
deadline_greedy,variable,103,100.0,1000,25.395827836102953,33.98126067315058,34.77378414259423,34.99051342908312,25.395827836102953,0.0,0.7249008574797,0.7249008574797,0.0,0.0,0.0,0.0,0.0,0.0,0.0,0.0,0.0,0.0,0.0,0.0,0.0,0.0,100.0,0.0,0.0,0.0,0,0.0
confidence_deadline,variable,103,100.0,1000,25.395827836102953,33.98126067315058,34.77378414259423,34.99051342908312,25.395827836102953,0.0,0.7249008574797,0.7249008574797,0.0,0.0,0.0,0.0,0.0,0.0,0.0,0.0,0.0,0.0,0.0,0.0,0.0,0.0,100.0,0.0,0.0,0.0,0,0.0
rtt_threshold,variable,103,100.0,1000,25.395827836102953,33.98126067315058,34.77378414259423,34.99051342908312,25.395827836102953,0.0,0.7249008574797,0.7249008574797,0.0,0.0,0.0,0.0,0.0,0.0,0.0,0.0,0.0,0.0,0.0,0.0,0.0,0.0,100.0,0.0,0.0,0.0,0,0.0
oracle_feasible,variable,103,100.0,1000,27.777729384582994,34.65132184090283,97.79228115844003,99.81093372530111,27.777729384582994,0.0,0.7304890172660369,0.7304890172660369,875.0,0.875,875.0,0.0,0.0,0.0,0.035,1.0,1.0,0.035,0.0,0.0,0.0,0.0,96.5,3.5000000000000004,0.0,0.0,60,60.0
local_only,variable,104,100.0,1000,25.04918593636882,33.97278479960371,34.76084509444548,34.944614204784195,25.04918593636882,0.0,0.726210190689839,0.726210190689839,0.0,0.0,0.0,0.0,0.0,0.0,0.0,0.0,0.0,0.0,0.0,0.0,0.0,0.0,100.0,0.0,0.0,0.0,0,0.0
edge_only,variable,104,100.0,1000,104.88409230252464,133.63799412854192,134.67530789269728,134.9446142047842,104.88409230252464,0.768,0.7326148596584109,0.1756089895705747,20325.0,20.325,20325.0,0.955,0.0,0.0,0.813,0.932349323493235,0.055350553505535055,0.045,0.8769987699876999,0.0,0.06765067650676507,0.187,0.0,100.0,0.0,0.0,0,0.0
cloud_only,variable,104,100.0,1000,106.34918593636883,133.86268801676985,134.71580596411837,134.9446142047842,106.34918593636883,0.813,0.726210190689839,0.13638842967198217,28455.0,28.455,28455.0,1.0,0.0,0.0,0.813,0.933579335793358,0.0,0.0,0.933579335793358,0.0,0.06642066420664207,0.187,0.0,100.0,0.0,0.0,0,0.0
dapper,variable,104,100.0,1000,21.518439904160722,33.92297556550541,34.71580596411837,34.944614204784195,24.19286560109536,0.0,0.727405744674525,0.7335000817049102,5675.0,5.675,5675.0,0.187,0.143,0.0,0.227,0.920704845814978,0.1762114537444934,0.04,0.7444933920704846,0.0,0.07929515418502203,0.0,63.0,0.0,22.7,14.299999999999999,297,297.0
deadline_greedy,variable,104,100.0,1000,25.04918593636882,33.97278479960371,34.76084509444548,34.944614204784195,25.04918593636882,0.0,0.726210190689839,0.726210190689839,0.0,0.0,0.0,0.0,0.0,0.0,0.0,0.0,0.0,0.0,0.0,0.0,0.0,0.0,100.0,0.0,0.0,0.0,0,0.0
confidence_deadline,variable,104,100.0,1000,25.04918593636882,33.97278479960371,34.76084509444548,34.944614204784195,25.04918593636882,0.0,0.726210190689839,0.726210190689839,0.0,0.0,0.0,0.0,0.0,0.0,0.0,0.0,0.0,0.0,0.0,0.0,0.0,0.0,100.0,0.0,0.0,0.0,0,0.0
rtt_threshold,variable,104,100.0,1000,25.12715876939043,34.003577064988114,34.788596015399726,94.34988895399152,25.12715876939043,0.0,0.7264031434690074,0.7264031434690074,25.0,0.025,25.0,0.0,0.0,0.0,0.001,1.0,1.0,0.001,0.0,0.0,0.0,0.0,99.9,0.1,0.0,0.0,2,2.0
oracle_feasible,variable,104,100.0,1000,28.08409230252462,34.815378534549566,97.60412001267927,99.82833796440772,28.08409230252462,0.0,0.7326148596584109,0.7326148596584109,1125.0,1.125,1125.0,0.0,0.0,0.0,0.045,1.0,1.0,0.045,0.0,0.0,0.0,0.0,95.5,4.5,0.0,0.0,81,81.0
local_only,variable,105,100.0,1000,24.828950353370157,33.738178694679725,34.816159529115886,34.98077376103997,24.828950353370157,0.0,0.7256893970325211,0.7256893970325211,0.0,0.0,0.0,0.0,0.0,0.0,0.0,0.0,0.0,0.0,0.0,0.0,0.0,0.0,100.0,0.0,0.0,0.0,0,0.0
edge_only,variable,105,100.0,1000,99.56013590684525,133.31325660875584,134.76305536551328,134.98077376103998,99.56013590684525,0.715,0.7329684441552763,0.21416850224319012,19050.0,19.05,19050.0,0.953,0.0,0.0,0.762,0.94750656167979,0.06167979002624672,0.047,0.8858267716535433,0.0,0.05249343832020997,0.238,0.0,100.0,0.0,0.0,0,0.0
cloud_only,variable,105,100.0,1000,101.02895035337016,133.35088527654597,134.7730768264388,134.98077376103998,101.02895035337016,0.762,0.7256893970325211,0.1727617669991332,26670.0,26.67,26670.0,1.0,0.0,0.0,0.762,0.910761154855643,0.0,0.0,0.910761154855643,0.0,0.08923884514435695,0.238,0.0,100.0,0.0,0.0,0,0.0
dapper,variable,105,100.0,1000,20.409246302565197,33.52133876628223,34.7773651787171,34.98077376103997,23.376413958481,0.0,0.726150768098847,0.7330994621409599,6100.0,6.1,6100.0,0.238,0.184,0.0,0.244,0.9467213114754098,0.1762295081967213,0.043,0.7704918032786885,0.0,0.05327868852459016,0.0,57.199999999999996,0.0,24.4,18.4,334,334.0
deadline_greedy,variable,105,100.0,1000,24.828950353370157,33.738178694679725,34.816159529115886,34.98077376103997,24.828950353370157,0.0,0.7256893970325211,0.7256893970325211,0.0,0.0,0.0,0.0,0.0,0.0,0.0,0.0,0.0,0.0,0.0,0.0,0.0,0.0,100.0,0.0,0.0,0.0,0,0.0
confidence_deadline,variable,105,100.0,1000,24.828950353370157,33.738178694679725,34.816159529115886,34.98077376103997,24.828950353370157,0.0,0.7256893970325211,0.7256893970325211,0.0,0.0,0.0,0.0,0.0,0.0,0.0,0.0,0.0,0.0,0.0,0.0,0.0,0.0,100.0,0.0,0.0,0.0,0,0.0
rtt_threshold,variable,105,100.0,1000,24.828950353370157,33.738178694679725,34.816159529115886,34.98077376103997,24.828950353370157,0.0,0.7256893970325211,0.7256893970325211,0.0,0.0,0.0,0.0,0.0,0.0,0.0,0.0,0.0,0.0,0.0,0.0,0.0,0.0,100.0,0.0,0.0,0.0,0,0.0
oracle_feasible,variable,105,100.0,1000,28.060135906845233,34.92579368858329,98.18028981487582,99.62731358281502,28.060135906845233,0.0,0.7329684441552763,0.7329684441552763,1175.0,1.175,1175.0,0.0,0.0,0.0,0.047,1.0,1.0,0.047,0.0,0.0,0.0,0.0,95.3,4.7,0.0,0.0,78,78.0
local_only,variable,106,100.0,1000,24.76746022448333,33.71723837450545,34.69339334676836,34.993851868805095,24.76746022448333,0.0,0.7243375214192024,0.7243375214192024,0.0,0.0,0.0,0.0,0.0,0.0,0.0,0.0,0.0,0.0,0.0,0.0,0.0,0.0,100.0,0.0,0.0,0.0,0,0.0
edge_only,variable,106,100.0,1000,105.7829904939282,133.41497895851464,134.67586933903362,134.9938518688051,105.7829904939282,0.779,0.7314854080151091,0.16647952079588088,20650.0,20.65,20650.0,0.953,0.0,0.0,0.826,0.9285714285714286,0.05690072639225181,0.047,0.8716707021791767,0.0,0.07142857142857142,0.174,0.0,100.0,0.0,0.0,0,0.0
cloud_only,variable,106,100.0,1000,107.36746022448334,133.41497895851464,134.67586933903362,134.9938518688051,107.36746022448334,0.826,0.7243375214192024,0.12509202769259448,28910.0,28.91,28910.0,1.0,0.0,0.0,0.826,0.9443099273607748,0.0,0.0,0.9443099273607748,0.0,0.05569007263922518,0.174,0.0,100.0,0.0,0.0,0,0.0
dapper,variable,106,100.0,1000,21.59372391817589,33.5305156645498,34.67586933903363,34.993851868805095,24.22464112131524,0.0,0.7255234671581106,0.7321782081483472,5525.0,5.525,5525.0,0.175,0.136,0.0,0.221,0.9366515837104072,0.18099547511312217,0.04,0.755656108597285,0.0,0.06334841628959276,0.0,64.3,0.0,22.1,13.600000000000001,290,290.0
deadline_greedy,variable,106,100.0,1000,24.76746022448333,33.71723837450545,34.69339334676836,34.993851868805095,24.76746022448333,0.0,0.7243375214192024,0.7243375214192024,0.0,0.0,0.0,0.0,0.0,0.0,0.0,0.0,0.0,0.0,0.0,0.0,0.0,0.0,100.0,0.0,0.0,0.0,0,0.0
confidence_deadline,variable,106,100.0,1000,24.76746022448333,33.71723837450545,34.69339334676836,34.993851868805095,24.76746022448333,0.0,0.7243375214192024,0.7243375214192024,0.0,0.0,0.0,0.0,0.0,0.0,0.0,0.0,0.0,0.0,0.0,0.0,0.0,0.0,100.0,0.0,0.0,0.0,0,0.0
rtt_threshold,variable,106,100.0,1000,24.8672850225218,33.77016994854573,34.8070209109993,81.70154707522526,24.8672850225218,0.0,0.7246793020110777,0.7246793020110777,50.0,0.05,50.0,0.0,0.0,0.0,0.002,1.0,1.0,0.002,0.0,0.0,0.0,0.0,99.8,0.2,0.0,0.0,4,4.0
oracle_feasible,variable,106,100.0,1000,27.8829904939282,34.955111098205144,97.88188236302871,99.6617510874984,27.8829904939282,0.0,0.7314854080151091,0.7314854080151091,1175.0,1.175,1175.0,0.0,0.0,0.0,0.047,1.0,1.0,0.047,0.0,0.0,0.0,0.0,95.3,4.7,0.0,0.0,70,70.0
local_only,variable,107,100.0,1000,24.945346170597468,33.965738486536715,34.78482679764832,34.9843616042788,24.945346170597468,0.0,0.7232921000424202,0.7232921000424202,0.0,0.0,0.0,0.0,0.0,0.0,0.0,0.0,0.0,0.0,0.0,0.0,0.0,0.0,100.0,0.0,0.0,0.0,0,0.0
edge_only,variable,107,100.0,1000,98.2887976351651,133.36495827711434,134.72241004588304,134.98148819897818,98.2887976351651,0.707,0.7291698961619484,0.21736509552816205,18650.0,18.65,18650.0,0.961,0.0,0.0,0.746,0.9235924932975871,0.05227882037533512,0.039,0.871313672922252,0.0,0.07640750670241286,0.254,0.0,100.0,0.0,0.0,0,0.0
cloud_only,variable,107,100.0,1000,99.54534617059748,133.48574660194103,134.72241004588304,134.98148819897818,99.54534617059748,0.746,0.7232921000424202,0.1832514821132275,26110.0,26.11,26110.0,1.0,0.0,0.0,0.746,0.920911528150134,0.0,0.0,0.920911528150134,0.0,0.07908847184986595,0.254,0.0,100.0,0.0,0.0,0,0.0
dapper,variable,107,100.0,1000,20.056441701403287,33.56666120695883,34.6268453225655,34.98148819897819,22.290948278842663,0.0,0.7240116849833446,0.729203334796121,4925.0,4.925,4925.0,0.261,0.201,0.0,0.197,0.9137055837563451,0.16751269035532995,0.033,0.7461928934010152,0.0,0.08629441624365482,0.0,60.199999999999996,0.0,19.7,20.1,301,301.0
deadline_greedy,variable,107,100.0,1000,24.945346170597468,33.965738486536715,34.78482679764832,34.9843616042788,24.945346170597468,0.0,0.7232921000424202,0.7232921000424202,0.0,0.0,0.0,0.0,0.0,0.0,0.0,0.0,0.0,0.0,0.0,0.0,0.0,0.0,100.0,0.0,0.0,0.0,0,0.0
confidence_deadline,variable,107,100.0,1000,24.945346170597468,33.965738486536715,34.78482679764832,34.9843616042788,24.945346170597468,0.0,0.7232921000424202,0.7232921000424202,0.0,0.0,0.0,0.0,0.0,0.0,0.0,0.0,0.0,0.0,0.0,0.0,0.0,0.0,100.0,0.0,0.0,0.0,0,0.0
rtt_threshold,variable,107,100.0,1000,24.945346170597468,33.965738486536715,34.78482679764832,34.9843616042788,24.945346170597468,0.0,0.7232921000424202,0.7232921000424202,0.0,0.0,0.0,0.0,0.0,0.0,0.0,0.0,0.0,0.0,0.0,0.0,0.0,0.0,100.0,0.0,0.0,0.0,0,0.0
oracle_feasible,variable,107,100.0,1000,27.5887976351651,34.76548209966458,97.20180853517844,99.92193726383456,27.5887976351651,0.0,0.7291698961619484,0.7291698961619484,975.0,0.975,975.0,0.0,0.0,0.0,0.039,1.0,1.0,0.039,0.0,0.0,0.0,0.0,96.1,3.9,0.0,0.0,68,68.0
local_only,variable,108,100.0,1000,25.133875010427552,34.04030680897198,34.77692101060002,34.94872090187498,25.133875010427552,0.0,0.7261035143826048,0.7261035143826048,0.0,0.0,0.0,0.0,0.0,0.0,0.0,0.0,0.0,0.0,0.0,0.0,0.0,0.0,100.0,0.0,0.0,0.0,0,0.0
edge_only,variable,108,100.0,1000,97.63041369848156,133.7260967265875,134.7358221929095,134.948720901875,97.63041369848156,0.692,0.7336992117098318,0.2309811454907808,18525.0,18.525,18525.0,0.951,0.0,0.0,0.741,0.9311740890688259,0.06612685560053981,0.049,0.865047233468286,0.0,0.06882591093117409,0.259,0.0,100.0,0.0,0.0,0,0.0
cloud_only,variable,108,100.0,1000,99.23387501042755,133.8660263117372,134.7358221929095,134.948720901875,99.23387501042755,0.741,0.7261035143826048,0.1880882172460799,25935.0,25.935,25935.0,1.0,0.0,0.0,0.741,0.9406207827260459,0.0,0.0,0.9406207827260459,0.0,0.059379217273954114,0.259,0.0,100.0,0.0,0.0,0,0.0
dapper,variable,108,100.0,1000,20.480881005394448,33.99159903353784,34.77692101060002,34.94872090187498,23.301428970536026,0.0,0.7260048286422379,0.7332002127738215,6000.0,6.0,6000.0,0.26,0.196,0.0,0.24,0.925,0.175,0.042,0.75,0.0,0.075,0.0,56.39999999999999,0.0,24.0,19.6,334,334.0
deadline_greedy,variable,108,100.0,1000,25.133875010427552,34.04030680897198,34.77692101060002,34.94872090187498,25.133875010427552,0.0,0.7261035143826048,0.7261035143826048,0.0,0.0,0.0,0.0,0.0,0.0,0.0,0.0,0.0,0.0,0.0,0.0,0.0,0.0,100.0,0.0,0.0,0.0,0,0.0
confidence_deadline,variable,108,100.0,1000,25.133875010427552,34.04030680897198,34.77692101060002,34.94872090187498,25.133875010427552,0.0,0.7261035143826048,0.7261035143826048,0.0,0.0,0.0,0.0,0.0,0.0,0.0,0.0,0.0,0.0,0.0,0.0,0.0,0.0,100.0,0.0,0.0,0.0,0,0.0
rtt_threshold,variable,108,100.0,1000,25.133875010427552,34.04030680897198,34.77692101060002,34.94872090187498,25.133875010427552,0.0,0.7261035143826048,0.7261035143826048,0.0,0.0,0.0,0.0,0.0,0.0,0.0,0.0,0.0,0.0,0.0,0.0,0.0,0.0,100.0,0.0,0.0,0.0,0,0.0
oracle_feasible,variable,108,100.0,1000,28.430413698481555,34.88312271909897,97.90233839747097,99.92909459258243,28.430413698481555,0.0,0.7336992117098318,0.7336992117098318,1225.0,1.225,1225.0,0.0,0.0,0.0,0.049,1.0,1.0,0.049,0.0,0.0,0.0,0.0,95.1,4.9,0.0,0.0,86,86.0
local_only,variable,109,100.0,1000,24.939889299983353,33.944849716672444,34.808061348888025,34.98660651522982,24.939889299983353,0.0,0.7257784306497054,0.7257784306497054,0.0,0.0,0.0,0.0,0.0,0.0,0.0,0.0,0.0,0.0,0.0,0.0,0.0,0.0,100.0,0.0,0.0,0.0,0,0.0
edge_only,variable,109,100.0,1000,103.55329176337642,133.6975470111318,134.74538340022036,134.98660651522982,103.55329176337642,0.763,0.730569573614913,0.17705759074404512,19925.0,19.925,19925.0,0.966,0.0,0.0,0.797,0.9284818067754078,0.04265997490589712,0.034,0.8858218318695107,0.0,0.07151819322459223,0.203,0.0,100.0,0.0,0.0,0,0.0
cloud_only,variable,109,100.0,1000,104.63988929998335,133.72284382315482,134.76110730262954,134.98660651522982,104.63988929998335,0.797,0.7257784306497054,0.14722858659990143,27895.0,27.895,27895.0,1.0,0.0,0.0,0.797,0.9284818067754078,0.0,0.0,0.9284818067754078,0.0,0.07151819322459223,0.203,0.0,100.0,0.0,0.0,0,0.0
dapper,variable,109,100.0,1000,21.210997956041414,33.76823065319891,34.76110730262953,34.98660651522982,23.060011675214664,0.0,0.7239038673745836,0.7281507289543079,5375.0,5.375,5375.0,0.203,0.156,0.0,0.215,0.9348837209302325,0.12558139534883722,0.027,0.8093023255813954,0.0,0.06511627906976744,0.0,62.9,0.0,21.5,15.6,311,311.0
deadline_greedy,variable,109,100.0,1000,24.939889299983353,33.944849716672444,34.808061348888025,34.98660651522982,24.939889299983353,0.0,0.7257784306497054,0.7257784306497054,0.0,0.0,0.0,0.0,0.0,0.0,0.0,0.0,0.0,0.0,0.0,0.0,0.0,0.0,100.0,0.0,0.0,0.0,0,0.0
confidence_deadline,variable,109,100.0,1000,24.939889299983353,33.944849716672444,34.808061348888025,34.98660651522982,24.939889299983353,0.0,0.7257784306497054,0.7257784306497054,0.0,0.0,0.0,0.0,0.0,0.0,0.0,0.0,0.0,0.0,0.0,0.0,0.0,0.0,100.0,0.0,0.0,0.0,0,0.0
rtt_threshold,variable,109,100.0,1000,24.939889299983353,33.944849716672444,34.808061348888025,34.98660651522982,24.939889299983353,0.0,0.7257784306497054,0.7257784306497054,0.0,0.0,0.0,0.0,0.0,0.0,0.0,0.0,0.0,0.0,0.0,0.0,0.0,0.0,100.0,0.0,0.0,0.0,0,0.0
oracle_feasible,variable,109,100.0,1000,27.253291763376417,34.60045491969162,96.43589768393673,99.46604215327693,27.253291763376417,0.0,0.730569573614913,0.730569573614913,850.0,0.85,850.0,0.0,0.0,0.0,0.034,1.0,1.0,0.034,0.0,0.0,0.0,0.0,96.6,3.4000000000000004,0.0,0.0,62,62.0
local_only,variable,110,100.0,1000,25.056127314493292,34.09036681632298,34.75558231743777,34.98146709760653,25.056127314493292,0.0,0.7248912188061517,0.7248912188061517,0.0,0.0,0.0,0.0,0.0,0.0,0.0,0.0,0.0,0.0,0.0,0.0,0.0,0.0,100.0,0.0,0.0,0.0,0,0.0
edge_only,variable,110,100.0,1000,101.44856478095069,133.86433138339754,134.6728943024513,134.98146709760653,101.44856478095069,0.743,0.7294176783372914,0.19179513932585276,19350.0,19.35,19350.0,0.969,0.0,0.0,0.774,0.9431524547803618,0.040051679586563305,0.031,0.9031007751937985,0.0,0.056847545219638244,0.226,0.0,100.0,0.0,0.0,0,0.0
cloud_only,variable,110,100.0,1000,102.45612731449329,133.87171922645442,134.6728943024513,134.98146709760653,102.45612731449329,0.774,0.7248912188061517,0.1647034059571679,27090.0,27.09,27090.0,1.0,0.0,0.0,0.774,0.917312661498708,0.0,0.0,0.917312661498708,0.0,0.082687338501292,0.226,0.0,100.0,0.0,0.0,0,0.0
dapper,variable,110,100.0,1000,20.982663888093814,33.908831310824965,34.67822534775889,34.98146709760653,22.85841796982215,0.0,0.7252583766377324,0.7294279576298566,5500.0,5.5,5500.0,0.226,0.171,0.0,0.22,0.9181818181818182,0.12727272727272726,0.028,0.7909090909090909,0.0,0.08181818181818182,0.0,60.9,0.0,22.0,17.1,315,315.0
deadline_greedy,variable,110,100.0,1000,25.056127314493292,34.09036681632298,34.75558231743777,34.98146709760653,25.056127314493292,0.0,0.7248912188061517,0.7248912188061517,0.0,0.0,0.0,0.0,0.0,0.0,0.0,0.0,0.0,0.0,0.0,0.0,0.0,0.0,100.0,0.0,0.0,0.0,0,0.0
confidence_deadline,variable,110,100.0,1000,25.056127314493292,34.09036681632298,34.75558231743777,34.98146709760653,25.056127314493292,0.0,0.7248912188061517,0.7248912188061517,0.0,0.0,0.0,0.0,0.0,0.0,0.0,0.0,0.0,0.0,0.0,0.0,0.0,0.0,100.0,0.0,0.0,0.0,0,0.0
rtt_threshold,variable,110,100.0,1000,25.056127314493292,34.09036681632298,34.75558231743777,34.98146709760653,25.056127314493292,0.0,0.7248912188061517,0.7248912188061517,0.0,0.0,0.0,0.0,0.0,0.0,0.0,0.0,0.0,0.0,0.0,0.0,0.0,0.0,100.0,0.0,0.0,0.0,0,0.0
oracle_feasible,variable,110,100.0,1000,27.148564780950686,34.5892384578346,95.58759067781945,99.52583724696517,27.148564780950686,0.0,0.7294176783372914,0.7294176783372914,775.0,0.775,775.0,0.0,0.0,0.0,0.031,1.0,1.0,0.031,0.0,0.0,0.0,0.0,96.89999999999999,3.1,0.0,0.0,60,60.0
local_only,variable,111,100.0,1000,25.16348681180117,34.021868235408654,34.75474457284814,34.97684653932659,25.16348681180117,0.0,0.725381513516738,0.725381513516738,0.0,0.0,0.0,0.0,0.0,0.0,0.0,0.0,0.0,0.0,0.0,0.0,0.0,0.0,100.0,0.0,0.0,0.0,0,0.0
edge_only,variable,111,100.0,1000,102.22089571960034,133.75331594985533,134.72334904072017,134.97684653932657,102.22089571960034,0.742,0.7318715762150718,0.19255269419066043,19625.0,19.625,19625.0,0.957,0.0,0.0,0.785,0.9337579617834395,0.05477707006369427,0.043,0.8789808917197452,0.0,0.06624203821656051,0.215,0.0,100.0,0.0,0.0,0,0.0
cloud_only,variable,111,100.0,1000,103.66348681180116,133.7619837297501,134.72334904072017,134.97684653932657,103.66348681180116,0.785,0.725381513516738,0.15516902677657646,27475.0,27.475,27475.0,1.0,0.0,0.0,0.785,0.9095541401273886,0.0,0.0,0.9095541401273886,0.0,0.09044585987261146,0.215,0.0,100.0,0.0,0.0,0,0.0
dapper,variable,111,100.0,1000,21.15036747714493,33.79838354481562,34.723349040720166,34.97684653932659,23.898246545335653,0.0,0.7257443855359366,0.7321232698987364,6050.0,6.05,6050.0,0.216,0.166,0.0,0.242,0.9297520661157025,0.16942148760330578,0.041,0.7603305785123967,0.0,0.07024793388429752,0.0,59.199999999999996,0.0,24.2,16.6,312,312.0
deadline_greedy,variable,111,100.0,1000,25.16348681180117,34.021868235408654,34.75474457284814,34.97684653932659,25.16348681180117,0.0,0.725381513516738,0.725381513516738,0.0,0.0,0.0,0.0,0.0,0.0,0.0,0.0,0.0,0.0,0.0,0.0,0.0,0.0,100.0,0.0,0.0,0.0,0,0.0
confidence_deadline,variable,111,100.0,1000,25.16348681180117,34.021868235408654,34.75474457284814,34.97684653932659,25.16348681180117,0.0,0.725381513516738,0.725381513516738,0.0,0.0,0.0,0.0,0.0,0.0,0.0,0.0,0.0,0.0,0.0,0.0,0.0,0.0,100.0,0.0,0.0,0.0,0,0.0
rtt_threshold,variable,111,100.0,1000,25.16348681180117,34.021868235408654,34.75474457284814,34.97684653932659,25.16348681180117,0.0,0.725381513516738,0.725381513516738,0.0,0.0,0.0,0.0,0.0,0.0,0.0,0.0,0.0,0.0,0.0,0.0,0.0,0.0,100.0,0.0,0.0,0.0,0,0.0
oracle_feasible,variable,111,100.0,1000,28.02089571960034,34.89624553956056,97.00161227560905,99.57620466037369,28.02089571960034,0.0,0.7318715762150718,0.7318715762150718,1075.0,1.075,1075.0,0.0,0.0,0.0,0.043,1.0,1.0,0.043,0.0,0.0,0.0,0.0,95.7,4.3,0.0,0.0,74,74.0
local_only,variable,112,100.0,1000,24.90109357755788,34.145986228864444,34.810685213855976,34.95854802039493,24.90109357755788,0.0,0.7286379738049847,0.7286379738049847,0.0,0.0,0.0,0.0,0.0,0.0,0.0,0.0,0.0,0.0,0.0,0.0,0.0,0.0,100.0,0.0,0.0,0.0,0,0.0
edge_only,variable,112,100.0,1000,101.84741254549529,133.7929061224953,134.58453252377274,134.95854802039491,101.84741254549529,0.736,0.7358457889139485,0.19919982733030087,19625.0,19.625,19625.0,0.951,0.0,0.0,0.785,0.9363057324840764,0.062420382165605096,0.049,0.8738853503184714,0.0,0.06369426751592357,0.215,0.0,100.0,0.0,0.0,0,0.0
cloud_only,variable,112,100.0,1000,103.40109357755789,133.95535898209934,134.73538719366957,134.95854802039491,103.40109357755789,0.785,0.7286379738049847,0.15664960724786822,27475.0,27.475,27475.0,1.0,0.0,0.0,0.785,0.9312101910828026,0.0,0.0,0.9312101910828026,0.0,0.06878980891719745,0.215,0.0,100.0,0.0,0.0,0,0.0
dapper,variable,112,100.0,1000,21.078172240720427,34.0565418294024,34.79412676903375,34.95854802039493,24.212262504548903,0.0,0.728773769620013,0.7356621447394286,6425.0,6.425,6425.0,0.215,0.162,0.0,0.257,0.9455252918287937,0.17898832684824903,0.046,0.7665369649805448,0.0,0.054474708171206226,0.0,58.099999999999994,0.0,25.7,16.2,324,324.0
deadline_greedy,variable,112,100.0,1000,24.90109357755788,34.145986228864444,34.810685213855976,34.95854802039493,24.90109357755788,0.0,0.7286379738049847,0.7286379738049847,0.0,0.0,0.0,0.0,0.0,0.0,0.0,0.0,0.0,0.0,0.0,0.0,0.0,0.0,100.0,0.0,0.0,0.0,0,0.0
confidence_deadline,variable,112,100.0,1000,24.90109357755788,34.145986228864444,34.810685213855976,34.95854802039493,24.90109357755788,0.0,0.7286379738049847,0.7286379738049847,0.0,0.0,0.0,0.0,0.0,0.0,0.0,0.0,0.0,0.0,0.0,0.0,0.0,0.0,100.0,0.0,0.0,0.0,0,0.0
rtt_threshold,variable,112,100.0,1000,24.977206194738987,34.16308080349433,34.82065760134723,95.60692075800978,24.977206194738987,0.0,0.7288487700698242,0.7288487700698242,25.0,0.025,25.0,0.0,0.0,0.0,0.001,1.0,1.0,0.001,0.0,0.0,0.0,0.0,99.9,0.1,0.0,0.0,2,2.0
oracle_feasible,variable,112,100.0,1000,28.247412545495287,34.91507779598967,97.63513289742309,99.4395626569424,28.247412545495287,0.0,0.7358457889139485,0.7358457889139485,1225.0,1.225,1225.0,0.0,0.0,0.0,0.049,1.0,1.0,0.049,0.0,0.0,0.0,0.0,95.1,4.9,0.0,0.0,80,80.0
local_only,variable,113,100.0,1000,24.830515190273402,34.06018471877035,34.84172199726573,34.96829040868747,24.830515190273402,0.0,0.7269054639770544,0.7269054639770544,0.0,0.0,0.0,0.0,0.0,0.0,0.0,0.0,0.0,0.0,0.0,0.0,0.0,0.0,100.0,0.0,0.0,0.0,0,0.0
edge_only,variable,113,100.0,1000,104.40434381094124,133.43559296336048,134.76244043463717,134.96829040868747,104.40434381094124,0.776,0.7309829823593802,0.16737855755236591,20125.0,20.125,20125.0,0.971,0.0,0.0,0.805,0.9304347826086956,0.03602484472049689,0.029,0.8944099378881988,0.0,0.06956521739130435,0.195,0.0,100.0,0.0,0.0,0,0.0
cloud_only,variable,113,100.0,1000,105.3305151902734,133.43559296336048,134.76244043463717,134.96829040868747,105.3305151902734,0.805,0.7269054639770544,0.14187905099920362,28175.0,28.175,28175.0,1.0,0.0,0.0,0.805,0.924223602484472,0.0,0.0,0.924223602484472,0.0,0.07577639751552795,0.195,0.0,100.0,0.0,0.0,0,0.0
dapper,variable,113,100.0,1000,21.273906223598555,33.57682626381407,34.78843892853948,34.96829040868747,22.896912929005918,0.0,0.7263068757945752,0.7298801650003229,5800.0,5.8,5800.0,0.197,0.15,0.0,0.232,0.9396551724137931,0.10344827586206896,0.024,0.8362068965517241,0.0,0.0603448275862069,0.0,61.8,0.0,23.200000000000003,15.0,301,301.0
deadline_greedy,variable,113,100.0,1000,24.830515190273402,34.06018471877035,34.84172199726573,34.96829040868747,24.830515190273402,0.0,0.7269054639770544,0.7269054639770544,0.0,0.0,0.0,0.0,0.0,0.0,0.0,0.0,0.0,0.0,0.0,0.0,0.0,0.0,100.0,0.0,0.0,0.0,0,0.0
confidence_deadline,variable,113,100.0,1000,24.830515190273402,34.06018471877035,34.84172199726573,34.96829040868747,24.830515190273402,0.0,0.7269054639770544,0.7269054639770544,0.0,0.0,0.0,0.0,0.0,0.0,0.0,0.0,0.0,0.0,0.0,0.0,0.0,0.0,100.0,0.0,0.0,0.0,0,0.0
rtt_threshold,variable,113,100.0,1000,24.963806874902478,34.11332240615866,34.850918296320415,99.37989474475414,24.963806874902478,0.0,0.7272603832825324,0.7272603832825324,50.0,0.05,50.0,0.0,0.0,0.0,0.002,1.0,1.0,0.002,0.0,0.0,0.0,0.0,99.8,0.2,0.0,0.0,2,2.0
oracle_feasible,variable,113,100.0,1000,26.804343810941234,34.64719690998693,95.30506698221849,99.62319046762772,26.804343810941234,0.0,0.7309829823593802,0.7309829823593802,725.0,0.725,725.0,0.0,0.0,0.0,0.029,1.0,1.0,0.029,0.0,0.0,0.0,0.0,97.1,2.9000000000000004,0.0,0.0,48,48.0
local_only,variable,114,100.0,1000,24.50457937375758,33.85132740683547,34.756049460546116,34.99588156157893,24.50457937375758,0.0,0.7223299105946265,0.7223299105946265,0.0,0.0,0.0,0.0,0.0,0.0,0.0,0.0,0.0,0.0,0.0,0.0,0.0,0.0,100.0,0.0,0.0,0.0,0,0.0
edge_only,variable,114,100.0,1000,96.75870484409472,133.28193526366792,134.52722434150252,134.99588156157893,96.75870484409472,0.697,0.7278361636901973,0.22457774378899636,18375.0,18.375,18375.0,0.962,0.0,0.0,0.735,0.9251700680272109,0.05170068027210884,0.038,0.8734693877551021,0.0,0.07482993197278912,0.265,0.0,100.0,0.0,0.0,0,0.0
cloud_only,variable,114,100.0,1000,98.0045793737576,133.44224244719015,134.61117657596822,134.99588156157893,98.0045793737576,0.735,0.7223299105946265,0.19147035920173902,25725.0,25.725,25725.0,1.0,0.0,0.0,0.735,0.9102040816326531,0.0,0.0,0.9102040816326531,0.0,0.08979591836734693,0.265,0.0,100.0,0.0,0.0,0,0.0
dapper,variable,114,100.0,1000,19.651478679764644,33.53883646549626,34.61117657596823,34.99588156157893,21.80082481738994,0.0,0.7222741502329159,0.7272650507331792,4450.0,4.45,4450.0,0.266,0.205,0.0,0.178,0.9044943820224719,0.1797752808988764,0.032,0.7247191011235955,0.0,0.09550561797752809,0.0,61.7,0.0,17.8,20.5,333,333.0
deadline_greedy,variable,114,100.0,1000,24.50457937375758,33.85132740683547,34.756049460546116,34.99588156157893,24.50457937375758,0.0,0.7223299105946265,0.7223299105946265,0.0,0.0,0.0,0.0,0.0,0.0,0.0,0.0,0.0,0.0,0.0,0.0,0.0,0.0,100.0,0.0,0.0,0.0,0,0.0
confidence_deadline,variable,114,100.0,1000,24.50457937375758,33.85132740683547,34.756049460546116,34.99588156157893,24.50457937375758,0.0,0.7223299105946265,0.7223299105946265,0.0,0.0,0.0,0.0,0.0,0.0,0.0,0.0,0.0,0.0,0.0,0.0,0.0,0.0,100.0,0.0,0.0,0.0,0,0.0
rtt_threshold,variable,114,100.0,1000,24.534726851807445,33.85132740683547,34.756049460546116,65.01267859043493,24.534726851807445,0.0,0.7224417977320216,0.7224417977320216,25.0,0.025,25.0,0.0,0.0,0.0,0.001,1.0,1.0,0.001,0.0,0.0,0.0,0.0,99.9,0.1,0.0,0.0,2,2.0
oracle_feasible,variable,114,100.0,1000,27.058704844094724,34.58779165717082,96.76255642450651,99.80172959289541,27.058704844094724,0.0,0.7278361636901973,0.7278361636901973,950.0,0.95,950.0,0.0,0.0,0.0,0.038,1.0,1.0,0.038,0.0,0.0,0.0,0.0,96.2,3.8,0.0,0.0,58,58.0
local_only,variable,115,100.0,1000,24.829768779198467,33.802412228086474,34.698133408952685,34.87718954629805,24.829768779198467,0.0,0.724564747280633,0.724564747280633,0.0,0.0,0.0,0.0,0.0,0.0,0.0,0.0,0.0,0.0,0.0,0.0,0.0,0.0,100.0,0.0,0.0,0.0,0,0.0
edge_only,variable,115,100.0,1000,106.0597509954326,133.23360282488372,134.57909109643998,134.87718954629804,106.0597509954326,0.777,0.732615307030143,0.1693510991600636,20725.0,20.725,20725.0,0.948,0.0,0.0,0.829,0.9155609167671894,0.06272617611580217,0.052,0.8528347406513872,0.0,0.08443908323281062,0.171,0.0,100.0,0.0,0.0,0,0.0
cloud_only,variable,115,100.0,1000,107.72976877919847,133.34691437699115,134.6267450671039,134.87718954629804,107.72976877919847,0.829,0.724564747280633,0.12364528646414934,29015.0,29.015,29015.0,1.0,0.0,0.0,0.829,0.9240048250904704,0.0,0.0,0.9240048250904704,0.0,0.07599517490952955,0.171,0.0,100.0,0.0,0.0,0,0.0
dapper,variable,115,100.0,1000,21.45827282696581,33.34691437699113,34.626745067103904,34.87718954629805,24.548942824019623,0.0,0.7230935571850724,0.7305974128658156,5350.0,5.35,5350.0,0.176,0.137,0.0,0.214,0.9065420560747663,0.2102803738317757,0.045,0.6962616822429907,0.0,0.09345794392523364,0.0,64.9,0.0,21.4,13.700000000000001,290,290.0
deadline_greedy,variable,115,100.0,1000,24.829768779198467,33.802412228086474,34.698133408952685,34.87718954629805,24.829768779198467,0.0,0.724564747280633,0.724564747280633,0.0,0.0,0.0,0.0,0.0,0.0,0.0,0.0,0.0,0.0,0.0,0.0,0.0,0.0,100.0,0.0,0.0,0.0,0,0.0
confidence_deadline,variable,115,100.0,1000,24.829768779198467,33.802412228086474,34.698133408952685,34.87718954629805,24.829768779198467,0.0,0.724564747280633,0.724564747280633,0.0,0.0,0.0,0.0,0.0,0.0,0.0,0.0,0.0,0.0,0.0,0.0,0.0,0.0,100.0,0.0,0.0,0.0,0,0.0
rtt_threshold,variable,115,100.0,1000,24.873371060085177,33.854107499957365,34.757325684851374,71.38575394548876,24.873371060085177,0.0,0.7247709792052942,0.7247709792052942,25.0,0.025,25.0,0.0,0.0,0.0,0.001,1.0,1.0,0.001,0.0,0.0,0.0,0.0,99.9,0.1,0.0,0.0,2,2.0
oracle_feasible,variable,115,100.0,1000,28.359750995432602,74.16051524889133,97.38816347802212,99.87323154003545,28.359750995432602,0.0,0.732615307030143,0.732615307030143,1300.0,1.3,1300.0,0.0,0.0,0.0,0.052,1.0,1.0,0.052,0.0,0.0,0.0,0.0,94.8,5.2,0.0,0.0,78,78.0
local_only,variable,116,100.0,1000,25.195085055853834,34.1532601066187,34.779576234399606,34.94714462527301,25.195085055853834,0.0,0.7274824822875601,0.7274824822875601,0.0,0.0,0.0,0.0,0.0,0.0,0.0,0.0,0.0,0.0,0.0,0.0,0.0,0.0,100.0,0.0,0.0,0.0,0,0.0
edge_only,variable,116,100.0,1000,100.55595106774481,133.96306542534612,134.76841725790865,134.947144625273,100.55595106774481,0.731,0.732936829864559,0.20115300986108797,19100.0,19.1,19100.0,0.967,0.0,0.0,0.764,0.9332460732984293,0.04319371727748691,0.033,0.8900523560209425,0.0,0.06675392670157068,0.236,0.0,100.0,0.0,0.0,0,0.0
cloud_only,variable,116,100.0,1000,101.59508505585384,133.96598912333627,134.76841725790865,134.947144625273,101.59508505585384,0.764,0.7274824822875601,0.17205392595054755,26740.0,26.74,26740.0,1.0,0.0,0.0,0.764,0.9332460732984293,0.0,0.0,0.9332460732984293,0.0,0.06675392670157068,0.236,0.0,100.0,0.0,0.0,0,0.0
dapper,variable,116,100.0,1000,20.840460970931165,33.98344969197258,34.76841725790863,34.94714462527301,22.676296011280233,0.0,0.7289372186607409,0.7337824041177154,4900.0,4.9,4900.0,0.239,0.184,0.0,0.196,0.9336734693877551,0.1377551020408163,0.027,0.7959183673469388,0.0,0.0663265306122449,0.0,62.0,0.0,19.6,18.4,294,294.0
deadline_greedy,variable,116,100.0,1000,25.195085055853834,34.1532601066187,34.779576234399606,34.94714462527301,25.195085055853834,0.0,0.7274824822875601,0.7274824822875601,0.0,0.0,0.0,0.0,0.0,0.0,0.0,0.0,0.0,0.0,0.0,0.0,0.0,0.0,100.0,0.0,0.0,0.0,0,0.0
confidence_deadline,variable,116,100.0,1000,25.195085055853834,34.1532601066187,34.779576234399606,34.94714462527301,25.195085055853834,0.0,0.7274824822875601,0.7274824822875601,0.0,0.0,0.0,0.0,0.0,0.0,0.0,0.0,0.0,0.0,0.0,0.0,0.0,0.0,100.0,0.0,0.0,0.0,0,0.0
rtt_threshold,variable,116,100.0,1000,25.195085055853834,34.1532601066187,34.779576234399606,34.94714462527301,25.195085055853834,0.0,0.7274824822875601,0.7274824822875601,0.0,0.0,0.0,0.0,0.0,0.0,0.0,0.0,0.0,0.0,0.0,0.0,0.0,0.0,100.0,0.0,0.0,0.0,0,0.0
oracle_feasible,variable,116,100.0,1000,27.4559510677448,34.714671594793394,96.98177985940812,99.6226771074665,27.4559510677448,0.0,0.732936829864559,0.732936829864559,825.0,0.825,825.0,0.0,0.0,0.0,0.033,1.0,1.0,0.033,0.0,0.0,0.0,0.0,96.7,3.3000000000000003,0.0,0.0,58,58.0
local_only,variable,117,100.0,1000,25.08696528515607,34.24753791959726,34.844457412378894,34.990866631104254,25.08696528515607,0.0,0.7236808910526904,0.7236808910526904,0.0,0.0,0.0,0.0,0.0,0.0,0.0,0.0,0.0,0.0,0.0,0.0,0.0,0.0,100.0,0.0,0.0,0.0,0,0.0
edge_only,variable,117,100.0,1000,110.95726248681723,134.17909693898432,134.82080355680935,134.99086663110427,110.95726248681723,0.838,0.7279872674537833,0.12121492317780179,21725.0,21.725,21725.0,0.969,0.0,0.0,0.869,0.9263521288837745,0.03567318757192175,0.031,0.8906789413118527,0.0,0.07364787111622555,0.131,0.0,100.0,0.0,0.0,0,0.0
cloud_only,variable,117,100.0,1000,111.98696528515607,134.21228470946198,134.82080355680935,134.99086663110427,111.98696528515607,0.869,0.7236808910526904,0.09432650442011696,30415.0,30.415,30415.0,1.0,0.0,0.0,0.869,0.9171461449942463,0.0,0.0,0.9171461449942463,0.0,0.08285385500575373,0.131,0.0,100.0,0.0,0.0,0,0.0
dapper,variable,117,100.0,1000,22.76021868961211,34.240173789397694,34.82080355680936,34.990866631104254,24.340232113684532,0.0,0.7236897900442029,0.7274013833791875,6150.0,6.15,6150.0,0.132,0.1,0.0,0.246,0.9146341463414634,0.09349593495934959,0.023,0.8211382113821138,0.0,0.08536585365853659,0.0,65.4,0.0,24.6,10.0,296,296.0
deadline_greedy,variable,117,100.0,1000,25.08696528515607,34.24753791959726,34.844457412378894,34.990866631104254,25.08696528515607,0.0,0.7236808910526904,0.7236808910526904,0.0,0.0,0.0,0.0,0.0,0.0,0.0,0.0,0.0,0.0,0.0,0.0,0.0,0.0,100.0,0.0,0.0,0.0,0,0.0
confidence_deadline,variable,117,100.0,1000,25.08696528515607,34.24753791959726,34.844457412378894,34.990866631104254,25.08696528515607,0.0,0.7236808910526904,0.7236808910526904,0.0,0.0,0.0,0.0,0.0,0.0,0.0,0.0,0.0,0.0,0.0,0.0,0.0,0.0,100.0,0.0,0.0,0.0,0,0.0
rtt_threshold,variable,117,100.0,1000,25.08696528515607,34.24753791959726,34.844457412378894,34.990866631104254,25.08696528515607,0.0,0.7236808910526904,0.7236808910526904,0.0,0.0,0.0,0.0,0.0,0.0,0.0,0.0,0.0,0.0,0.0,0.0,0.0,0.0,100.0,0.0,0.0,0.0,0,0.0
oracle_feasible,variable,117,100.0,1000,27.157262486817235,34.66472881284397,95.14259477904605,99.67802983304655,27.157262486817235,0.0,0.7279872674537833,0.7279872674537833,775.0,0.775,775.0,0.0,0.0,0.0,0.031,1.0,1.0,0.031,0.0,0.0,0.0,0.0,96.89999999999999,3.1,0.0,0.0,48,48.0
local_only,variable,118,100.0,1000,24.827317021451076,33.744801069367554,34.558900161240985,34.992448462470236,24.827317021451076,0.0,0.7260683691160548,0.7260683691160548,0.0,0.0,0.0,0.0,0.0,0.0,0.0,0.0,0.0,0.0,0.0,0.0,0.0,0.0,100.0,0.0,0.0,0.0,0,0.0
edge_only,variable,118,100.0,1000,104.0102901469798,133.48569193447562,134.40017270100486,134.8680916070897,104.0102901469798,0.754,0.7344686025982224,0.18693102752932209,20225.0,20.225,20225.0,0.945,0.0,0.0,0.809,0.9332509270704573,0.06798516687268233,0.055,0.865265760197775,0.0,0.06674907292954264,0.191,0.0,100.0,0.0,0.0,0,0.0
cloud_only,variable,118,100.0,1000,105.72731702145107,133.50668710267772,134.40017270100486,134.8680916070897,105.72731702145107,0.809,0.7260683691160548,0.13864170896539066,28315.0,28.315,28315.0,1.0,0.0,0.0,0.809,0.9357231149567367,0.0,0.0,0.9357231149567367,0.0,0.06427688504326329,0.191,0.0,100.0,0.0,0.0,0,0.0
dapper,variable,118,100.0,1000,21.19990772515089,33.5101571170854,34.37942051281876,34.868091607089696,24.795661088368785,0.0,0.7251742139285398,0.7332718839678496,6650.0,6.65,6650.0,0.193,0.148,0.0,0.266,0.9323308270676691,0.19548872180451127,0.052,0.7368421052631579,0.0,0.06766917293233082,0.0,58.599999999999994,0.0,26.6,14.799999999999999,320,320.0
deadline_greedy,variable,118,100.0,1000,24.827317021451076,33.744801069367554,34.558900161240985,34.992448462470236,24.827317021451076,0.0,0.7260683691160548,0.7260683691160548,0.0,0.0,0.0,0.0,0.0,0.0,0.0,0.0,0.0,0.0,0.0,0.0,0.0,0.0,100.0,0.0,0.0,0.0,0,0.0
confidence_deadline,variable,118,100.0,1000,24.827317021451076,33.744801069367554,34.558900161240985,34.992448462470236,24.827317021451076,0.0,0.7260683691160548,0.7260683691160548,0.0,0.0,0.0,0.0,0.0,0.0,0.0,0.0,0.0,0.0,0.0,0.0,0.0,0.0,100.0,0.0,0.0,0.0,0,0.0
rtt_threshold,variable,118,100.0,1000,24.827317021451076,33.744801069367554,34.558900161240985,34.992448462470236,24.827317021451076,0.0,0.7260683691160548,0.7260683691160548,0.0,0.0,0.0,0.0,0.0,0.0,0.0,0.0,0.0,0.0,0.0,0.0,0.0,0.0,100.0,0.0,0.0,0.0,0,0.0
oracle_feasible,variable,118,100.0,1000,28.610290146979793,82.74605429776054,98.4748213263931,99.98454686067367,28.610290146979793,0.0,0.7344686025982224,0.7344686025982224,1375.0,1.375,1375.0,0.0,0.0,0.0,0.055,1.0,1.0,0.055,0.0,0.0,0.0,0.0,94.5,5.5,0.0,0.0,92,92.0
local_only,variable,119,100.0,1000,25.05510800216993,33.88751496988006,34.69884575310599,34.99635852821138,25.05510800216993,0.0,0.7234236878810284,0.7234236878810284,0.0,0.0,0.0,0.0,0.0,0.0,0.0,0.0,0.0,0.0,0.0,0.0,0.0,0.0,100.0,0.0,0.0,0.0,0,0.0
edge_only,variable,119,100.0,1000,101.93948664268892,133.47177982064306,134.5795971619734,134.99635852821137,101.93948664268892,0.739,0.7305607194403086,0.19527738629985386,19575.0,19.575,19575.0,0.956,0.0,0.0,0.783,0.9272030651340997,0.0561941251596424,0.044,0.8710089399744572,0.0,0.07279693486590039,0.217,0.0,100.0,0.0,0.0,0,0.0
cloud_only,variable,119,100.0,1000,103.35510800216993,133.51593892942734,134.5795971619734,134.99635852821137,103.35510800216993,0.783,0.7234236878810284,0.15693042814659633,27405.0,27.405,27405.0,1.0,0.0,0.0,0.783,0.9080459770114943,0.0,0.0,0.9080459770114943,0.0,0.09195402298850575,0.217,0.0,100.0,0.0,0.0,0,0.0
dapper,variable,119,100.0,1000,20.98980792595105,33.65904383541709,34.57959716197339,34.99635852821138,23.759955843587026,0.0,0.7248011782863056,0.731759718303051,5900.0,5.9,5900.0,0.218,0.166,0.0,0.236,0.9279661016949152,0.17372881355932204,0.041,0.7542372881355932,0.0,0.07203389830508475,0.0,59.8,0.0,23.599999999999998,16.6,303,303.0
deadline_greedy,variable,119,100.0,1000,25.05510800216993,33.88751496988006,34.69884575310599,34.99635852821138,25.05510800216993,0.0,0.7234236878810284,0.7234236878810284,0.0,0.0,0.0,0.0,0.0,0.0,0.0,0.0,0.0,0.0,0.0,0.0,0.0,0.0,100.0,0.0,0.0,0.0,0,0.0
confidence_deadline,variable,119,100.0,1000,25.05510800216993,33.88751496988006,34.69884575310599,34.99635852821138,25.05510800216993,0.0,0.7234236878810284,0.7234236878810284,0.0,0.0,0.0,0.0,0.0,0.0,0.0,0.0,0.0,0.0,0.0,0.0,0.0,0.0,100.0,0.0,0.0,0.0,0,0.0
rtt_threshold,variable,119,100.0,1000,25.05510800216993,33.88751496988006,34.69884575310599,34.99635852821138,25.05510800216993,0.0,0.7234236878810284,0.7234236878810284,0.0,0.0,0.0,0.0,0.0,0.0,0.0,0.0,0.0,0.0,0.0,0.0,0.0,0.0,100.0,0.0,0.0,0.0,0,0.0
oracle_feasible,variable,119,100.0,1000,28.039486642688917,34.77972413205554,98.4090912587966,99.94741572691888,28.039486642688917,0.0,0.7305607194403086,0.7305607194403086,1100.0,1.1,1100.0,0.0,0.0,0.0,0.044,1.0,1.0,0.044,0.0,0.0,0.0,0.0,95.6,4.3999999999999995,0.0,0.0,63,63.0
local_only,variable,120,100.0,1000,24.94551585786538,34.160813054680794,34.731093849668056,34.99491157025027,24.94551585786538,0.0,0.7235680744639038,0.7235680744639038,0.0,0.0,0.0,0.0,0.0,0.0,0.0,0.0,0.0,0.0,0.0,0.0,0.0,0.0,100.0,0.0,0.0,0.0,0,0.0
edge_only,variable,120,100.0,1000,105.87642371247901,133.578297367839,134.70981532785353,134.99491157025028,105.87642371247901,0.782,0.7301111615110542,0.16391395554537447,20550.0,20.55,20550.0,0.96,0.0,0.0,0.822,0.9233576642335767,0.04866180048661801,0.04,0.8746958637469586,0.0,0.07664233576642336,0.178,0.0,100.0,0.0,0.0,0,0.0
cloud_only,variable,120,100.0,1000,107.14551585786538,133.68435044113502,134.7113038790346,134.99491157025028,107.14551585786538,0.822,0.7235680744639038,0.12847357090897457,28770.0,28.77,28770.0,1.0,0.0,0.0,0.822,0.9306569343065694,0.0,0.0,0.9306569343065694,0.0,0.06934306569343066,0.178,0.0,100.0,0.0,0.0,0,0.0
dapper,variable,120,100.0,1000,21.637219680970638,33.96526001626422,34.71258654891299,34.99491157025027,24.157473320400253,0.0,0.7236256274039456,0.7299055176505913,7075.0,7.075,7075.0,0.179,0.134,0.0,0.283,0.9399293286219081,0.13074204946996468,0.037,0.8091872791519434,0.0,0.06007067137809187,0.0,58.3,0.0,28.299999999999997,13.4,319,319.0
deadline_greedy,variable,120,100.0,1000,24.94551585786538,34.160813054680794,34.731093849668056,34.99491157025027,24.94551585786538,0.0,0.7235680744639038,0.7235680744639038,0.0,0.0,0.0,0.0,0.0,0.0,0.0,0.0,0.0,0.0,0.0,0.0,0.0,0.0,100.0,0.0,0.0,0.0,0,0.0
confidence_deadline,variable,120,100.0,1000,24.94551585786538,34.160813054680794,34.731093849668056,34.99491157025027,24.94551585786538,0.0,0.7235680744639038,0.7235680744639038,0.0,0.0,0.0,0.0,0.0,0.0,0.0,0.0,0.0,0.0,0.0,0.0,0.0,0.0,100.0,0.0,0.0,0.0,0,0.0
rtt_threshold,variable,120,100.0,1000,25.14551585786538,34.203247687395624,34.785269101062134,127.93897519600993,25.14551585786538,0.002,0.7235680744639038,0.7221286998703933,50.0,0.05,50.0,0.002,0.0,0.0,0.002,1.0,0.0,0.0,1.0,0.0,0.0,0.0,99.8,0.2,0.0,0.0,2,2.0
oracle_feasible,variable,120,100.0,1000,27.676423712479014,34.71226349345771,97.74337451902306,99.54668489292824,27.676423712479014,0.0,0.7301111615110542,0.7301111615110542,1000.0,1.0,1000.0,0.0,0.0,0.0,0.04,1.0,1.0,0.04,0.0,0.0,0.0,0.0,96.0,4.0,0.0,0.0,68,68.0
local_only,variable,121,100.0,1000,24.807770479563647,34.0234707366942,34.80089032279628,34.994688323129196,24.807770479563647,0.0,0.7239997092885158,0.7239997092885158,0.0,0.0,0.0,0.0,0.0,0.0,0.0,0.0,0.0,0.0,0.0,0.0,0.0,0.0,100.0,0.0,0.0,0.0,0,0.0
edge_only,variable,121,100.0,1000,100.96946772568,133.62986762195402,134.78934780209892,134.9946883231292,100.96946772568,0.718,0.7346598636912318,0.2150210124005535,19575.0,19.575,19575.0,0.935,0.0,0.0,0.783,0.9208173690932312,0.08301404853128991,0.065,0.8378033205619413,0.0,0.07918263090676884,0.217,0.0,100.0,0.0,0.0,0,0.0
cloud_only,variable,121,100.0,1000,103.10777047956364,133.74569573822615,134.80089032279628,134.9946883231292,103.10777047956364,0.783,0.7239997092885158,0.15771614612564236,27405.0,27.405,27405.0,1.0,0.0,0.0,0.783,0.929757343550447,0.0,0.0,0.929757343550447,0.0,0.070242656449553,0.217,0.0,100.0,0.0,0.0,0,0.0
dapper,variable,121,100.0,1000,20.769854338698046,33.76407787463392,34.80089032279628,34.994688323129196,24.68125200719413,0.0,0.7246801812954811,0.7345887093906228,6775.0,6.775,6775.0,0.217,0.168,0.0,0.271,0.948339483394834,0.2140221402214022,0.058,0.7343173431734318,0.0,0.05166051660516605,0.0,56.10000000000001,0.0,27.1,16.8,311,311.0
deadline_greedy,variable,121,100.0,1000,24.807770479563647,34.0234707366942,34.80089032279628,34.994688323129196,24.807770479563647,0.0,0.7239997092885158,0.7239997092885158,0.0,0.0,0.0,0.0,0.0,0.0,0.0,0.0,0.0,0.0,0.0,0.0,0.0,0.0,100.0,0.0,0.0,0.0,0,0.0
confidence_deadline,variable,121,100.0,1000,24.807770479563647,34.0234707366942,34.80089032279628,34.994688323129196,24.807770479563647,0.0,0.7239997092885158,0.7239997092885158,0.0,0.0,0.0,0.0,0.0,0.0,0.0,0.0,0.0,0.0,0.0,0.0,0.0,0.0,100.0,0.0,0.0,0.0,0,0.0
rtt_threshold,variable,121,100.0,1000,24.886359766408965,34.0716782220456,34.82555022218981,93.78460541874055,24.886359766408965,0.0,0.7241061934810968,0.7241061934810968,25.0,0.025,25.0,0.0,0.0,0.0,0.001,1.0,1.0,0.001,0.0,0.0,0.0,0.0,99.9,0.1,0.0,0.0,2,2.0
oracle_feasible,variable,121,100.0,1000,29.169467725680015,86.19825095431904,98.05026619227235,99.97826929743192,29.169467725680015,0.0,0.7346598636912318,0.7346598636912318,1625.0,1.625,1625.0,0.0,0.0,0.0,0.065,1.0,1.0,0.065,0.0,0.0,0.0,0.0,93.5,6.5,0.0,0.0,110,110.0
local_only,variable,122,100.0,1000,24.731383231511646,33.862987583904314,34.65447524104311,34.97317679379236,24.731383231511646,0.0,0.725831545120264,0.725831545120264,0.0,0.0,0.0,0.0,0.0,0.0,0.0,0.0,0.0,0.0,0.0,0.0,0.0,0.0,100.0,0.0,0.0,0.0,0,0.0
edge_only,variable,122,100.0,1000,103.43424840033092,133.4304250023971,134.5946392902789,134.97317679379236,103.43424840033092,0.751,0.7333663897398112,0.18848422948603116,20100.0,20.1,20100.0,0.947,0.0,0.0,0.804,0.9539800995024875,0.06592039800995025,0.053,0.8880597014925373,0.0,0.046019900497512436,0.196,0.0,100.0,0.0,0.0,0,0.0
cloud_only,variable,122,100.0,1000,105.13138323151165,133.58731076296888,134.62871372576498,134.97317679379236,105.13138323151165,0.804,0.725831545120264,0.1423377830333478,28140.0,28.14,28140.0,1.0,0.0,0.0,0.804,0.9203980099502488,0.0,0.0,0.9203980099502488,0.0,0.07960199004975124,0.196,0.0,100.0,0.0,0.0,0,0.0
dapper,variable,122,100.0,1000,21.13175821444513,33.694416258508085,34.631522901173106,34.97317679379236,24.23120819446242,0.0,0.727101792089757,0.7340206501603544,5650.0,5.65,5650.0,0.197,0.151,0.0,0.226,0.9557522123893806,0.19911504424778761,0.045,0.7566371681415929,0.0,0.04424778761061947,0.0,62.3,0.0,22.6,15.1,312,312.0
deadline_greedy,variable,122,100.0,1000,24.731383231511646,33.862987583904314,34.65447524104311,34.97317679379236,24.731383231511646,0.0,0.725831545120264,0.725831545120264,0.0,0.0,0.0,0.0,0.0,0.0,0.0,0.0,0.0,0.0,0.0,0.0,0.0,0.0,100.0,0.0,0.0,0.0,0,0.0
confidence_deadline,variable,122,100.0,1000,24.731383231511646,33.862987583904314,34.65447524104311,34.97317679379236,24.731383231511646,0.0,0.725831545120264,0.725831545120264,0.0,0.0,0.0,0.0,0.0,0.0,0.0,0.0,0.0,0.0,0.0,0.0,0.0,0.0,100.0,0.0,0.0,0.0,0,0.0
rtt_threshold,variable,122,100.0,1000,24.731383231511646,33.862987583904314,34.65447524104311,34.97317679379236,24.731383231511646,0.0,0.725831545120264,0.725831545120264,0.0,0.0,0.0,0.0,0.0,0.0,0.0,0.0,0.0,0.0,0.0,0.0,0.0,0.0,100.0,0.0,0.0,0.0,0,0.0
oracle_feasible,variable,122,100.0,1000,28.33424840033092,79.67219341812917,97.82568186991973,99.99366996095632,28.33424840033092,0.0,0.7333663897398112,0.7333663897398112,1325.0,1.325,1325.0,0.0,0.0,0.0,0.053,1.0,1.0,0.053,0.0,0.0,0.0,0.0,94.69999999999999,5.3,0.0,0.0,74,74.0
local_only,variable,123,100.0,1000,25.05839940730967,33.900204729657574,34.83268544735611,34.9960844952581,25.05839940730967,0.0,0.728372517479621,0.728372517479621,0.0,0.0,0.0,0.0,0.0,0.0,0.0,0.0,0.0,0.0,0.0,0.0,0.0,0.0,100.0,0.0,0.0,0.0,0,0.0
edge_only,variable,123,100.0,1000,102.49354436146552,133.56601212247975,134.79488657343288,134.98222422308635,102.49354436146552,0.751,0.7345695771764884,0.18729323468532663,19675.0,19.675,19675.0,0.964,0.0,0.0,0.787,0.9275730622617535,0.045743329097839895,0.036,0.8818297331639136,0.0,0.0724269377382465,0.213,0.0,100.0,0.0,0.0,0,0.0
cloud_only,variable,123,100.0,1000,103.75839940730965,133.66447563540282,134.79488657343288,134.98222422308635,103.75839940730965,0.787,0.728372517479621,0.15529762512124962,27545.0,27.545,27545.0,1.0,0.0,0.0,0.787,0.9237611181702668,0.0,0.0,0.9237611181702668,0.0,0.07623888182973317,0.213,0.0,100.0,0.0,0.0,0,0.0
dapper,variable,123,100.0,1000,21.09321361110236,33.79103353765298,34.79488657343286,34.98222422308634,23.181419503996473,0.0,0.7282104611957531,0.7339684088091011,5550.0,5.55,5550.0,0.215,0.164,0.0,0.222,0.9369369369369369,0.14414414414414414,0.032,0.7927927927927928,0.0,0.06306306306306306,0.0,61.4,0.0,22.2,16.400000000000002,318,318.0
deadline_greedy,variable,123,100.0,1000,25.05839940730967,33.900204729657574,34.83268544735611,34.9960844952581,25.05839940730967,0.0,0.728372517479621,0.728372517479621,0.0,0.0,0.0,0.0,0.0,0.0,0.0,0.0,0.0,0.0,0.0,0.0,0.0,0.0,100.0,0.0,0.0,0.0,0,0.0
confidence_deadline,variable,123,100.0,1000,25.05839940730967,33.900204729657574,34.83268544735611,34.9960844952581,25.05839940730967,0.0,0.728372517479621,0.728372517479621,0.0,0.0,0.0,0.0,0.0,0.0,0.0,0.0,0.0,0.0,0.0,0.0,0.0,0.0,100.0,0.0,0.0,0.0,0,0.0
rtt_threshold,variable,123,100.0,1000,25.26569359127006,33.91375227630549,34.83969086206845,120.87930552377972,25.26569359127006,0.001,0.7288815796385927,0.7282194604884878,75.0,0.075,75.0,0.001,0.0,0.0,0.003,1.0,0.6666666666666666,0.002,0.3333333333333333,0.0,0.0,0.0,99.7,0.3,0.0,0.0,4,4.0
oracle_feasible,variable,123,100.0,1000,27.39354436146553,34.7243198582423,96.78718567623247,99.47115189840298,27.39354436146553,0.0,0.7345695771764884,0.7345695771764884,900.0,0.9,900.0,0.0,0.0,0.0,0.036,1.0,1.0,0.036,0.0,0.0,0.0,0.0,96.39999999999999,3.5999999999999996,0.0,0.0,60,60.0
local_only,variable,124,100.0,1000,24.911682641011286,33.793997167916714,34.79593977343024,34.996246009129095,24.911682641011286,0.0,0.7242303295445375,0.7242303295445375,0.0,0.0,0.0,0.0,0.0,0.0,0.0,0.0,0.0,0.0,0.0,0.0,0.0,0.0,100.0,0.0,0.0,0.0,0,0.0
edge_only,variable,124,100.0,1000,106.72992956790165,133.49231816315833,134.64780530988855,134.9962460091291,106.72992956790165,0.792,0.7298420112572637,0.15632889502002004,20775.0,20.775,20775.0,0.961,0.0,0.0,0.831,0.9085439229843562,0.04693140794223827,0.039,0.8616125150421179,0.0,0.0914560770156438,0.169,0.0,100.0,0.0,0.0,0,0.0
cloud_only,variable,124,100.0,1000,108.01168264101129,133.61582768332838,134.67732058291188,134.9962460091291,108.01168264101129,0.831,0.7242303295445375,0.1222239992395593,29085.0,29.085,29085.0,1.0,0.0,0.0,0.831,0.9446450060168472,0.0,0.0,0.9446450060168472,0.0,0.05535499398315283,0.169,0.0,100.0,0.0,0.0,0,0.0
dapper,variable,124,100.0,1000,21.732988484636902,33.61582768332837,34.67732058291188,34.996246009129095,23.750766552712175,0.0,0.7242599698219147,0.7290090601287487,6700.0,6.7,6700.0,0.169,0.132,0.0,0.268,0.8955223880597015,0.11194029850746269,0.03,0.7835820895522388,0.0,0.1044776119402985,0.0,60.0,0.0,26.8,13.200000000000001,338,338.0
deadline_greedy,variable,124,100.0,1000,24.911682641011286,33.793997167916714,34.79593977343024,34.996246009129095,24.911682641011286,0.0,0.7242303295445375,0.7242303295445375,0.0,0.0,0.0,0.0,0.0,0.0,0.0,0.0,0.0,0.0,0.0,0.0,0.0,0.0,100.0,0.0,0.0,0.0,0,0.0
confidence_deadline,variable,124,100.0,1000,24.911682641011286,33.793997167916714,34.79593977343024,34.996246009129095,24.911682641011286,0.0,0.7242303295445375,0.7242303295445375,0.0,0.0,0.0,0.0,0.0,0.0,0.0,0.0,0.0,0.0,0.0,0.0,0.0,0.0,100.0,0.0,0.0,0.0,0,0.0
rtt_threshold,variable,124,100.0,1000,24.911682641011286,33.793997167916714,34.79593977343024,34.996246009129095,24.911682641011286,0.0,0.7242303295445375,0.7242303295445375,0.0,0.0,0.0,0.0,0.0,0.0,0.0,0.0,0.0,0.0,0.0,0.0,0.0,0.0,100.0,0.0,0.0,0.0,0,0.0
oracle_feasible,variable,124,100.0,1000,27.529929567901636,34.70252756488009,96.06893734894071,99.85718602486644,27.529929567901636,0.0,0.7298420112572637,0.7298420112572637,975.0,0.975,975.0,0.0,0.0,0.0,0.039,1.0,1.0,0.039,0.0,0.0,0.0,0.0,96.1,3.9,0.0,0.0,66,66.0
local_only,variable,125,100.0,1000,24.73733905793578,33.79199463306303,34.7780426012565,34.94952031560075,24.73733905793578,0.0,0.7250638411899345,0.7250638411899345,0.0,0.0,0.0,0.0,0.0,0.0,0.0,0.0,0.0,0.0,0.0,0.0,0.0,0.0,100.0,0.0,0.0,0.0,0,0.0
edge_only,variable,125,100.0,1000,100.8537027635871,133.44680599305755,134.75492842636987,134.94952031560075,100.8537027635871,0.726,0.7323109499201437,0.20649618578410728,19450.0,19.45,19450.0,0.948,0.0,0.0,0.778,0.9215938303341902,0.06683804627249357,0.052,0.8547557840616966,0.0,0.07840616966580977,0.222,0.0,100.0,0.0,0.0,0,0.0
cloud_only,variable,125,100.0,1000,102.53733905793578,133.49190490358524,134.77804260125652,134.94952031560075,102.53733905793578,0.778,0.7250638411899345,0.16151494213469925,27230.0,27.23,27230.0,1.0,0.0,0.0,0.778,0.9498714652956298,0.0,0.0,0.9498714652956298,0.0,0.05012853470437018,0.222,0.0,100.0,0.0,0.0,0,0.0
dapper,variable,125,100.0,1000,20.769788307085673,33.55572104656107,34.7780426012565,34.94952031560075,23.64318483654006,0.0,0.7246252838037862,0.7310543455649272,5925.0,5.925,5925.0,0.222,0.17,0.0,0.237,0.9409282700421941,0.17721518987341772,0.042,0.7637130801687764,0.0,0.05907172995780591,0.0,59.3,0.0,23.7,17.0,320,320.0
deadline_greedy,variable,125,100.0,1000,24.73733905793578,33.79199463306303,34.7780426012565,34.94952031560075,24.73733905793578,0.0,0.7250638411899345,0.7250638411899345,0.0,0.0,0.0,0.0,0.0,0.0,0.0,0.0,0.0,0.0,0.0,0.0,0.0,0.0,100.0,0.0,0.0,0.0,0,0.0
confidence_deadline,variable,125,100.0,1000,24.73733905793578,33.79199463306303,34.7780426012565,34.94952031560075,24.73733905793578,0.0,0.7250638411899345,0.7250638411899345,0.0,0.0,0.0,0.0,0.0,0.0,0.0,0.0,0.0,0.0,0.0,0.0,0.0,0.0,100.0,0.0,0.0,0.0,0,0.0
rtt_threshold,variable,125,100.0,1000,24.815673887663028,33.913926208527506,34.78578773958362,77.76468412710089,24.815673887663028,0.0,0.7252873734982468,0.7252873734982468,50.0,0.05,50.0,0.0,0.0,0.0,0.002,1.0,1.0,0.002,0.0,0.0,0.0,0.0,99.8,0.2,0.0,0.0,2,2.0
oracle_feasible,variable,125,100.0,1000,28.25370276358709,69.2135184565583,98.15222945946198,99.7040502799639,28.25370276358709,0.0,0.7323109499201437,0.7323109499201437,1300.0,1.3,1300.0,0.0,0.0,0.0,0.052,1.0,1.0,0.052,0.0,0.0,0.0,0.0,94.8,5.2,0.0,0.0,78,78.0
local_only,variable,126,100.0,1000,24.969127837289125,33.97501250814527,34.75306843916457,34.997585709381326,24.969127837289125,0.0,0.7277917898185733,0.7277917898185733,0.0,0.0,0.0,0.0,0.0,0.0,0.0,0.0,0.0,0.0,0.0,0.0,0.0,0.0,100.0,0.0,0.0,0.0,0,0.0
edge_only,variable,126,100.0,1000,102.50654814380812,133.73099353465395,134.72017391457007,134.99758570938133,102.50654814380812,0.747,0.7344702927525184,0.19031678727053453,19750.0,19.75,19750.0,0.957,0.0,0.0,0.79,0.9189873417721519,0.05443037974683544,0.043,0.8645569620253165,0.0,0.0810126582278481,0.21,0.0,100.0,0.0,0.0,0,0.0
cloud_only,variable,126,100.0,1000,103.96912783728912,133.74230555256358,134.72017391457007,134.99758570938133,103.96912783728912,0.79,0.7277917898185733,0.15265317298708903,27650.0,27.65,27650.0,1.0,0.0,0.0,0.79,0.9240506329113924,0.0,0.0,0.9240506329113924,0.0,0.0759493670886076,0.21,0.0,100.0,0.0,0.0,0,0.0
dapper,variable,126,100.0,1000,21.1478810158433,33.75159446968112,34.720173914570076,34.997585709381326,23.72466143080774,0.0,0.730137150017489,0.7363161985328225,5775.0,5.775,5775.0,0.21,0.163,0.0,0.231,0.9307359307359307,0.16883116883116883,0.039,0.7619047619047619,0.0,0.06926406926406926,0.0,60.6,0.0,23.1,16.3,315,315.0
deadline_greedy,variable,126,100.0,1000,24.969127837289125,33.97501250814527,34.75306843916457,34.997585709381326,24.969127837289125,0.0,0.7277917898185733,0.7277917898185733,0.0,0.0,0.0,0.0,0.0,0.0,0.0,0.0,0.0,0.0,0.0,0.0,0.0,0.0,100.0,0.0,0.0,0.0,0,0.0
confidence_deadline,variable,126,100.0,1000,24.969127837289125,33.97501250814527,34.75306843916457,34.997585709381326,24.969127837289125,0.0,0.7277917898185733,0.7277917898185733,0.0,0.0,0.0,0.0,0.0,0.0,0.0,0.0,0.0,0.0,0.0,0.0,0.0,0.0,100.0,0.0,0.0,0.0,0,0.0
rtt_threshold,variable,126,100.0,1000,24.969127837289125,33.97501250814527,34.75306843916457,34.997585709381326,24.969127837289125,0.0,0.7277917898185733,0.7277917898185733,0.0,0.0,0.0,0.0,0.0,0.0,0.0,0.0,0.0,0.0,0.0,0.0,0.0,0.0,100.0,0.0,0.0,0.0,0,0.0
oracle_feasible,variable,126,100.0,1000,27.806548143808126,34.86134037919517,98.28465778064927,99.80127848365412,27.806548143808126,0.0,0.7344702927525184,0.7344702927525184,1075.0,1.075,1075.0,0.0,0.0,0.0,0.043,1.0,1.0,0.043,0.0,0.0,0.0,0.0,95.7,4.3,0.0,0.0,72,72.0
local_only,variable,127,100.0,1000,25.199310716347753,34.17384675910244,34.792631447706896,34.9805264786951,25.199310716347753,0.0,0.7260158194388665,0.7260158194388665,0.0,0.0,0.0,0.0,0.0,0.0,0.0,0.0,0.0,0.0,0.0,0.0,0.0,0.0,100.0,0.0,0.0,0.0,0,0.0
edge_only,variable,127,100.0,1000,99.88113744250755,133.97763378909718,134.71052132239654,134.98052647869508,99.88113744250755,0.721,0.7321022047317083,0.2073531442252642,18950.0,18.95,18950.0,0.963,0.0,0.0,0.758,0.9406332453825857,0.048812664907651716,0.037,0.8918205804749341,0.0,0.059366754617414245,0.242,0.0,100.0,0.0,0.0,0,0.0
cloud_only,variable,127,100.0,1000,100.99931071634776,134.01155392391132,134.71052132239654,134.98052647869508,100.99931071634776,0.758,0.7260158194388665,0.17468190850184623,26530.0,26.53,26530.0,1.0,0.0,0.0,0.758,0.9406332453825857,0.0,0.0,0.9406332453825857,0.0,0.059366754617414245,0.242,0.0,100.0,0.0,0.0,0,0.0
dapper,variable,127,100.0,1000,20.660215773075464,34.01155392391131,34.710521322396545,34.9805264786951,22.9640357303438,0.0,0.7254115546748069,0.7311096624471685,5750.0,5.75,5750.0,0.245,0.187,0.0,0.23,0.9521739130434783,0.14347826086956522,0.033,0.808695652173913,0.0,0.04782608695652174,0.0,58.3,0.0,23.0,18.7,329,329.0
deadline_greedy,variable,127,100.0,1000,25.199310716347753,34.17384675910244,34.792631447706896,34.9805264786951,25.199310716347753,0.0,0.7260158194388665,0.7260158194388665,0.0,0.0,0.0,0.0,0.0,0.0,0.0,0.0,0.0,0.0,0.0,0.0,0.0,0.0,100.0,0.0,0.0,0.0,0,0.0
confidence_deadline,variable,127,100.0,1000,25.199310716347753,34.17384675910244,34.792631447706896,34.9805264786951,25.199310716347753,0.0,0.7260158194388665,0.7260158194388665,0.0,0.0,0.0,0.0,0.0,0.0,0.0,0.0,0.0,0.0,0.0,0.0,0.0,0.0,100.0,0.0,0.0,0.0,0,0.0
rtt_threshold,variable,127,100.0,1000,25.199310716347753,34.17384675910244,34.792631447706896,34.9805264786951,25.199310716347753,0.0,0.7260158194388665,0.7260158194388665,0.0,0.0,0.0,0.0,0.0,0.0,0.0,0.0,0.0,0.0,0.0,0.0,0.0,0.0,100.0,0.0,0.0,0.0,0,0.0
oracle_feasible,variable,127,100.0,1000,27.78113744250756,34.71229894994546,97.51470290500887,99.85803715664667,27.78113744250756,0.0,0.7321022047317083,0.7321022047317083,925.0,0.925,925.0,0.0,0.0,0.0,0.037,1.0,1.0,0.037,0.0,0.0,0.0,0.0,96.3,3.6999999999999997,0.0,0.0,64,64.0
local_only,variable,128,100.0,1000,24.810235081030815,33.94732129307926,34.7698738663592,34.96530254190218,24.810235081030815,0.0,0.7252198514727468,0.7252198514727468,0.0,0.0,0.0,0.0,0.0,0.0,0.0,0.0,0.0,0.0,0.0,0.0,0.0,0.0,100.0,0.0,0.0,0.0,0,0.0
edge_only,variable,128,100.0,1000,96.05110548027794,133.44815919447433,134.72492446565542,134.9653025419022,96.05110548027794,0.688,0.7295544687153152,0.23096091127767193,18075.0,18.075,18075.0,0.965,0.0,0.0,0.723,0.9239280774550485,0.048409405255878286,0.035,0.8755186721991701,0.0,0.07607192254495158,0.277,0.0,100.0,0.0,0.0,0,0.0
cloud_only,variable,128,100.0,1000,97.11023508103082,133.51649626819398,134.72492446565542,134.9653025419022,97.11023508103082,0.723,0.7252198514727468,0.2008252036381251,25305.0,25.305,25305.0,1.0,0.0,0.0,0.723,0.9336099585062241,0.0,0.0,0.9336099585062241,0.0,0.06639004149377593,0.277,0.0,100.0,0.0,0.0,0,0.0
dapper,variable,128,100.0,1000,19.588881490818014,33.63444553862527,34.724924465655434,34.96530254190218,21.60420490748735,0.0,0.7261101277963585,0.7302212879187465,4475.0,4.475,4475.0,0.278,0.214,0.0,0.179,0.9162011173184358,0.16201117318435754,0.029,0.7541899441340782,0.0,0.08379888268156424,0.0,60.699999999999996,0.0,17.9,21.4,299,299.0
deadline_greedy,variable,128,100.0,1000,24.810235081030815,33.94732129307926,34.7698738663592,34.96530254190218,24.810235081030815,0.0,0.7252198514727468,0.7252198514727468,0.0,0.0,0.0,0.0,0.0,0.0,0.0,0.0,0.0,0.0,0.0,0.0,0.0,0.0,100.0,0.0,0.0,0.0,0,0.0
confidence_deadline,variable,128,100.0,1000,24.810235081030815,33.94732129307926,34.7698738663592,34.96530254190218,24.810235081030815,0.0,0.7252198514727468,0.7252198514727468,0.0,0.0,0.0,0.0,0.0,0.0,0.0,0.0,0.0,0.0,0.0,0.0,0.0,0.0,100.0,0.0,0.0,0.0,0,0.0
rtt_threshold,variable,128,100.0,1000,24.810235081030815,33.94732129307926,34.7698738663592,34.96530254190218,24.810235081030815,0.0,0.7252198514727468,0.7252198514727468,0.0,0.0,0.0,0.0,0.0,0.0,0.0,0.0,0.0,0.0,0.0,0.0,0.0,0.0,100.0,0.0,0.0,0.0,0,0.0
oracle_feasible,variable,128,100.0,1000,27.25110548027794,34.70255173205531,97.58445712098965,99.95526789062535,27.25110548027794,0.0,0.7295544687153152,0.7295544687153152,875.0,0.875,875.0,0.0,0.0,0.0,0.035,1.0,1.0,0.035,0.0,0.0,0.0,0.0,96.5,3.5000000000000004,0.0,0.0,62,62.0
local_only,variable,129,100.0,1000,25.218419346371387,34.00899991534611,34.77333674805944,34.967648156933706,25.218419346371387,0.0,0.723058657478175,0.723058657478175,0.0,0.0,0.0,0.0,0.0,0.0,0.0,0.0,0.0,0.0,0.0,0.0,0.0,0.0,100.0,0.0,0.0,0.0,0,0.0
edge_only,variable,129,100.0,1000,101.434875344122,133.88838483273707,134.68206764037106,134.9676481569337,101.434875344122,0.741,0.7280329893171633,0.19214956085840215,19350.0,19.35,19350.0,0.967,0.0,0.0,0.774,0.9418604651162791,0.04263565891472868,0.033,0.8992248062015504,0.0,0.05813953488372093,0.226,0.0,100.0,0.0,0.0,0,0.0
cloud_only,variable,129,100.0,1000,102.61841934637138,133.9227914659397,134.76851948550262,134.9676481569337,102.61841934637138,0.774,0.723058657478175,0.1635530112296117,27090.0,27.09,27090.0,1.0,0.0,0.0,0.774,0.9263565891472868,0.0,0.0,0.9263565891472868,0.0,0.07364341085271318,0.226,0.0,100.0,0.0,0.0,0,0.0
dapper,variable,129,100.0,1000,21.009790891695804,33.95183803633796,34.77333674805944,34.967648156933706,23.06959798697679,0.0,0.7216296347896245,0.7265740112000998,5425.0,5.425,5425.0,0.227,0.175,0.0,0.217,0.9447004608294931,0.14746543778801843,0.032,0.7972350230414746,0.0,0.055299539170506916,0.0,60.8,0.0,21.7,17.5,312,312.0
deadline_greedy,variable,129,100.0,1000,25.218419346371387,34.00899991534611,34.77333674805944,34.967648156933706,25.218419346371387,0.0,0.723058657478175,0.723058657478175,0.0,0.0,0.0,0.0,0.0,0.0,0.0,0.0,0.0,0.0,0.0,0.0,0.0,0.0,100.0,0.0,0.0,0.0,0,0.0
confidence_deadline,variable,129,100.0,1000,25.218419346371387,34.00899991534611,34.77333674805944,34.967648156933706,25.218419346371387,0.0,0.723058657478175,0.723058657478175,0.0,0.0,0.0,0.0,0.0,0.0,0.0,0.0,0.0,0.0,0.0,0.0,0.0,0.0,100.0,0.0,0.0,0.0,0,0.0
rtt_threshold,variable,129,100.0,1000,25.31841934637139,34.01968654598547,34.80037395267204,122.55153447106281,25.31841934637139,0.001,0.723058657478175,0.7224019109439105,25.0,0.025,25.0,0.001,0.0,0.0,0.001,1.0,0.0,0.0,1.0,0.0,0.0,0.0,99.9,0.1,0.0,0.0,2,2.0
oracle_feasible,variable,129,100.0,1000,27.334875344121997,34.599675110470685,95.39342208681612,99.98517618179457,27.334875344121997,0.0,0.7280329893171633,0.7280329893171633,825.0,0.825,825.0,0.0,0.0,0.0,0.033,1.0,1.0,0.033,0.0,0.0,0.0,0.0,96.7,3.3000000000000003,0.0,0.0,60,60.0
local_only,outage,100,100.0,1000,25.062898420229292,33.77727629771987,34.65190708681327,34.99545577037872,25.062898420229292,0.0,0.7261881576466824,0.7261881576466824,0.0,0.0,0.0,0.0,0.0,0.0,0.0,0.0,0.0,0.0,0.0,0.0,0.0,0.0,100.0,0.0,0.0,0.0,0,0.0
edge_only,outage,100,100.0,1000,39.962898420229294,128.1448953712002,133.27001088178662,134.80724550395638,39.962898420229294,0.149,0.7261881576466824,0.6186995187746368,3725.0,3.725,3725.0,1.0,0.0,0.0,0.149,0.6510067114093959,0.0,0.0,0.6510067114093959,0.0,0.348993288590604,0.851,0.0,100.0,0.0,0.0,0,0.0
cloud_only,outage,100,100.0,1000,39.962898420229294,128.1448953712002,133.27001088178662,134.80724550395638,39.962898420229294,0.149,0.7261881576466824,0.6186995187746368,5215.0,5.215,5215.0,1.0,0.0,0.0,0.149,0.610738255033557,0.0,0.0,0.610738255033557,0.0,0.38926174496644295,0.851,0.0,100.0,0.0,0.0,0,0.0
dapper,outage,100,100.0,1000,7.390958833110617,31.53222247776869,33.92161243264051,34.99545577037872,7.390958833110617,0.0,0.7256162643603677,0.7256162643603677,0.0,0.0,0.0,1.0,0.735,0.0,0.0,0.0,0.0,0.0,0.0,0.0,0.0,0.0,22.6,0.0,0.0,77.4,422,422.0
deadline_greedy,outage,100,100.0,1000,25.062898420229292,33.77727629771987,34.65190708681327,34.99545577037872,25.062898420229292,0.0,0.7261881576466824,0.7261881576466824,0.0,0.0,0.0,0.0,0.0,0.0,0.0,0.0,0.0,0.0,0.0,0.0,0.0,0.0,100.0,0.0,0.0,0.0,0,0.0
confidence_deadline,outage,100,100.0,1000,25.062898420229292,33.77727629771987,34.65190708681327,34.99545577037872,25.062898420229292,0.0,0.7261881576466824,0.7261881576466824,0.0,0.0,0.0,0.0,0.0,0.0,0.0,0.0,0.0,0.0,0.0,0.0,0.0,0.0,100.0,0.0,0.0,0.0,0,0.0
rtt_threshold,outage,100,100.0,1000,25.062898420229292,33.77727629771987,34.65190708681327,34.99545577037872,25.062898420229292,0.0,0.7261881576466824,0.7261881576466824,0.0,0.0,0.0,0.0,0.0,0.0,0.0,0.0,0.0,0.0,0.0,0.0,0.0,0.0,100.0,0.0,0.0,0.0,0,0.0
oracle_feasible,outage,100,100.0,1000,25.062898420229292,33.77727629771987,34.65190708681327,34.99545577037872,25.062898420229292,0.0,0.7261881576466824,0.7261881576466824,0.0,0.0,0.0,0.0,0.0,0.0,0.0,0.0,0.0,0.0,0.0,0.0,0.0,0.0,100.0,0.0,0.0,0.0,0,0.0
local_only,outage,101,100.0,1000,25.128100660313414,33.928666450823215,34.756738481046455,34.99666358286235,25.128100660313414,0.0,0.7240961607219123,0.7240961607219123,0.0,0.0,0.0,0.0,0.0,0.0,0.0,0.0,0.0,0.0,0.0,0.0,0.0,0.0,100.0,0.0,0.0,0.0,0,0.0
edge_only,outage,101,100.0,1000,39.52810066031341,128.8890835771023,134.28965177530281,134.7664380682662,39.52810066031341,0.144,0.7240961607219123,0.6201401357674037,3600.0,3.6,3600.0,1.0,0.0,0.0,0.144,0.6527777777777778,0.0,0.0,0.6527777777777778,0.0,0.3472222222222222,0.856,0.0,100.0,0.0,0.0,0,0.0
cloud_only,outage,101,100.0,1000,39.52810066031341,128.8890835771023,134.28965177530281,134.7664380682662,39.52810066031341,0.144,0.7240961607219123,0.6201401357674037,5040.0,5.04,5040.0,1.0,0.0,0.0,0.144,0.6944444444444444,0.0,0.0,0.6944444444444444,0.0,0.3055555555555556,0.856,0.0,100.0,0.0,0.0,0,0.0
dapper,outage,101,100.0,1000,7.394054329988902,31.520563490832846,34.26171430265933,34.94450915915627,7.394054329988902,0.0,0.7269702216094329,0.7269702216094329,0.0,0.0,0.0,1.0,0.736,0.0,0.0,0.0,0.0,0.0,0.0,0.0,0.0,0.0,21.9,0.0,0.0,78.10000000000001,412,412.0
deadline_greedy,outage,101,100.0,1000,25.128100660313414,33.928666450823215,34.756738481046455,34.99666358286235,25.128100660313414,0.0,0.7240961607219123,0.7240961607219123,0.0,0.0,0.0,0.0,0.0,0.0,0.0,0.0,0.0,0.0,0.0,0.0,0.0,0.0,100.0,0.0,0.0,0.0,0,0.0
confidence_deadline,outage,101,100.0,1000,25.128100660313414,33.928666450823215,34.756738481046455,34.99666358286235,25.128100660313414,0.0,0.7240961607219123,0.7240961607219123,0.0,0.0,0.0,0.0,0.0,0.0,0.0,0.0,0.0,0.0,0.0,0.0,0.0,0.0,100.0,0.0,0.0,0.0,0,0.0
rtt_threshold,outage,101,100.0,1000,25.128100660313414,33.928666450823215,34.756738481046455,34.99666358286235,25.128100660313414,0.0,0.7240961607219123,0.7240961607219123,0.0,0.0,0.0,0.0,0.0,0.0,0.0,0.0,0.0,0.0,0.0,0.0,0.0,0.0,100.0,0.0,0.0,0.0,0,0.0
oracle_feasible,outage,101,100.0,1000,25.128100660313414,33.928666450823215,34.756738481046455,34.99666358286235,25.128100660313414,0.0,0.7240961607219123,0.7240961607219123,0.0,0.0,0.0,0.0,0.0,0.0,0.0,0.0,0.0,0.0,0.0,0.0,0.0,0.0,100.0,0.0,0.0,0.0,0,0.0
local_only,outage,102,100.0,1000,25.122772210758637,34.192033380287775,34.76218466879992,34.98498997120777,25.122772210758637,0.0,0.7240425644478599,0.7240425644478599,0.0,0.0,0.0,0.0,0.0,0.0,0.0,0.0,0.0,0.0,0.0,0.0,0.0,0.0,100.0,0.0,0.0,0.0,0,0.0
edge_only,outage,102,100.0,1000,39.62277221075865,126.90336680587389,134.15349498533968,134.73527902103163,39.62277221075865,0.145,0.7240425644478599,0.6194964883629537,3625.0,3.625,3625.0,1.0,0.0,0.0,0.145,0.6068965517241379,0.0,0.0,0.6068965517241379,0.0,0.3931034482758621,0.855,0.0,100.0,0.0,0.0,0,0.0
cloud_only,outage,102,100.0,1000,39.62277221075865,126.90336680587389,134.15349498533968,134.73527902103163,39.62277221075865,0.145,0.7240425644478599,0.6194964883629537,5075.0,5.075,5075.0,1.0,0.0,0.0,0.145,0.696551724137931,0.0,0.0,0.696551724137931,0.0,0.30344827586206896,0.855,0.0,100.0,0.0,0.0,0,0.0
dapper,outage,102,100.0,1000,7.51680019137851,31.462924322041214,34.417701339171714,34.98162652146018,7.51680019137851,0.0,0.725179462474503,0.725179462474503,0.0,0.0,0.0,1.0,0.731,0.0,0.0,0.0,0.0,0.0,0.0,0.0,0.0,0.0,23.200000000000003,0.0,0.0,76.8,422,422.0
deadline_greedy,outage,102,100.0,1000,25.122772210758637,34.192033380287775,34.76218466879992,34.98498997120777,25.122772210758637,0.0,0.7240425644478599,0.7240425644478599,0.0,0.0,0.0,0.0,0.0,0.0,0.0,0.0,0.0,0.0,0.0,0.0,0.0,0.0,100.0,0.0,0.0,0.0,0,0.0
confidence_deadline,outage,102,100.0,1000,25.122772210758637,34.192033380287775,34.76218466879992,34.98498997120777,25.122772210758637,0.0,0.7240425644478599,0.7240425644478599,0.0,0.0,0.0,0.0,0.0,0.0,0.0,0.0,0.0,0.0,0.0,0.0,0.0,0.0,100.0,0.0,0.0,0.0,0,0.0
rtt_threshold,outage,102,100.0,1000,25.122772210758637,34.192033380287775,34.76218466879992,34.98498997120777,25.122772210758637,0.0,0.7240425644478599,0.7240425644478599,0.0,0.0,0.0,0.0,0.0,0.0,0.0,0.0,0.0,0.0,0.0,0.0,0.0,0.0,100.0,0.0,0.0,0.0,0,0.0
oracle_feasible,outage,102,100.0,1000,25.122772210758637,34.192033380287775,34.76218466879992,34.98498997120777,25.122772210758637,0.0,0.7240425644478599,0.7240425644478599,0.0,0.0,0.0,0.0,0.0,0.0,0.0,0.0,0.0,0.0,0.0,0.0,0.0,0.0,100.0,0.0,0.0,0.0,0,0.0
local_only,outage,103,100.0,1000,25.06457505872903,34.062361375272985,34.804700909585,34.98947525596243,25.06457505872903,0.0,0.7254753211552225,0.7254753211552225,0.0,0.0,0.0,0.0,0.0,0.0,0.0,0.0,0.0,0.0,0.0,0.0,0.0,0.0,100.0,0.0,0.0,0.0,0,0.0
edge_only,outage,103,100.0,1000,37.96457505872903,128.4023676616859,134.22011872652044,134.867807329411,37.96457505872903,0.129,0.7254753211552225,0.6316101354952046,3225.0,3.225,3225.0,1.0,0.0,0.0,0.129,0.6821705426356589,0.0,0.0,0.6821705426356589,0.0,0.3178294573643411,0.871,0.0,100.0,0.0,0.0,0,0.0
cloud_only,outage,103,100.0,1000,37.96457505872903,128.4023676616859,134.22011872652044,134.867807329411,37.96457505872903,0.129,0.7254753211552225,0.6316101354952046,4515.0,4.515,4515.0,1.0,0.0,0.0,0.129,0.6124031007751938,0.0,0.0,0.6124031007751938,0.0,0.3875968992248062,0.871,0.0,100.0,0.0,0.0,0,0.0
dapper,outage,103,100.0,1000,7.378221024983012,31.251434028184203,34.6042054298873,34.981104653112794,7.378221024983012,0.0,0.7262335249696575,0.7262335249696575,0.0,0.0,0.0,1.0,0.735,0.0,0.0,0.0,0.0,0.0,0.0,0.0,0.0,0.0,23.0,0.0,0.0,77.0,429,429.0
deadline_greedy,outage,103,100.0,1000,25.06457505872903,34.062361375272985,34.804700909585,34.98947525596243,25.06457505872903,0.0,0.7254753211552225,0.7254753211552225,0.0,0.0,0.0,0.0,0.0,0.0,0.0,0.0,0.0,0.0,0.0,0.0,0.0,0.0,100.0,0.0,0.0,0.0,0,0.0
confidence_deadline,outage,103,100.0,1000,25.06457505872903,34.062361375272985,34.804700909585,34.98947525596243,25.06457505872903,0.0,0.7254753211552225,0.7254753211552225,0.0,0.0,0.0,0.0,0.0,0.0,0.0,0.0,0.0,0.0,0.0,0.0,0.0,0.0,100.0,0.0,0.0,0.0,0,0.0
rtt_threshold,outage,103,100.0,1000,25.06457505872903,34.062361375272985,34.804700909585,34.98947525596243,25.06457505872903,0.0,0.7254753211552225,0.7254753211552225,0.0,0.0,0.0,0.0,0.0,0.0,0.0,0.0,0.0,0.0,0.0,0.0,0.0,0.0,100.0,0.0,0.0,0.0,0,0.0
oracle_feasible,outage,103,100.0,1000,25.06457505872903,34.062361375272985,34.804700909585,34.98947525596243,25.06457505872903,0.0,0.7254753211552225,0.7254753211552225,0.0,0.0,0.0,0.0,0.0,0.0,0.0,0.0,0.0,0.0,0.0,0.0,0.0,0.0,100.0,0.0,0.0,0.0,0,0.0
local_only,outage,104,100.0,1000,24.91670616375489,34.20026579948934,34.903269306103894,34.992637490533546,24.91670616375489,0.0,0.7231333546596409,0.7231333546596409,0.0,0.0,0.0,0.0,0.0,0.0,0.0,0.0,0.0,0.0,0.0,0.0,0.0,0.0,100.0,0.0,0.0,0.0,0,0.0
edge_only,outage,104,100.0,1000,38.91670616375488,127.80235204327322,133.4209250439234,134.91062479573054,38.91670616375488,0.14,0.7231333546596409,0.6221640263732734,3500.0,3.5,3500.0,1.0,0.0,0.0,0.14,0.5857142857142857,0.0,0.0,0.5857142857142857,0.0,0.4142857142857143,0.86,0.0,100.0,0.0,0.0,0,0.0
cloud_only,outage,104,100.0,1000,38.91670616375488,127.80235204327322,133.4209250439234,134.91062479573054,38.91670616375488,0.14,0.7231333546596409,0.6221640263732734,4900.0,4.9,4900.0,1.0,0.0,0.0,0.14,0.6571428571428571,0.0,0.0,0.6571428571428571,0.0,0.34285714285714286,0.86,0.0,100.0,0.0,0.0,0,0.0
dapper,outage,104,100.0,1000,7.568293210290533,31.59395630138461,34.54533747275368,34.97633437705056,7.568293210290533,0.0,0.7263175970031922,0.7263175970031922,0.0,0.0,0.0,1.0,0.728,0.0,0.0,0.0,0.0,0.0,0.0,0.0,0.0,0.0,23.5,0.0,0.0,76.5,422,422.0
deadline_greedy,outage,104,100.0,1000,24.91670616375489,34.20026579948934,34.903269306103894,34.992637490533546,24.91670616375489,0.0,0.7231333546596409,0.7231333546596409,0.0,0.0,0.0,0.0,0.0,0.0,0.0,0.0,0.0,0.0,0.0,0.0,0.0,0.0,100.0,0.0,0.0,0.0,0,0.0
confidence_deadline,outage,104,100.0,1000,24.91670616375489,34.20026579948934,34.903269306103894,34.992637490533546,24.91670616375489,0.0,0.7231333546596409,0.7231333546596409,0.0,0.0,0.0,0.0,0.0,0.0,0.0,0.0,0.0,0.0,0.0,0.0,0.0,0.0,100.0,0.0,0.0,0.0,0,0.0
rtt_threshold,outage,104,100.0,1000,24.91670616375489,34.20026579948934,34.903269306103894,34.992637490533546,24.91670616375489,0.0,0.7231333546596409,0.7231333546596409,0.0,0.0,0.0,0.0,0.0,0.0,0.0,0.0,0.0,0.0,0.0,0.0,0.0,0.0,100.0,0.0,0.0,0.0,0,0.0
oracle_feasible,outage,104,100.0,1000,24.91670616375489,34.20026579948934,34.903269306103894,34.992637490533546,24.91670616375489,0.0,0.7231333546596409,0.7231333546596409,0.0,0.0,0.0,0.0,0.0,0.0,0.0,0.0,0.0,0.0,0.0,0.0,0.0,0.0,100.0,0.0,0.0,0.0,0,0.0
local_only,outage,105,100.0,1000,25.195318552292715,34.16379931434362,34.86500862790571,34.99010808535235,25.195318552292715,0.0,0.7251904976918847,0.7251904976918847,0.0,0.0,0.0,0.0,0.0,0.0,0.0,0.0,0.0,0.0,0.0,0.0,0.0,0.0,100.0,0.0,0.0,0.0,0,0.0
edge_only,outage,105,100.0,1000,37.895318552292714,126.80656197582017,132.95292697092168,134.81152236038048,37.895318552292714,0.127,0.7251904976918847,0.6330825416662555,3175.0,3.175,3175.0,1.0,0.0,0.0,0.127,0.6456692913385826,0.0,0.0,0.6456692913385826,0.0,0.3543307086614173,0.873,0.0,100.0,0.0,0.0,0,0.0
cloud_only,outage,105,100.0,1000,37.895318552292714,126.80656197582017,132.95292697092168,134.81152236038048,37.895318552292714,0.127,0.7251904976918847,0.6330825416662555,4445.0,4.445,4445.0,1.0,0.0,0.0,0.127,0.6456692913385826,0.0,0.0,0.6456692913385826,0.0,0.3543307086614173,0.873,0.0,100.0,0.0,0.0,0,0.0
dapper,outage,105,100.0,1000,7.519378267796368,31.402502329388795,34.46505659979935,34.921933732182964,7.519378267796368,0.0,0.7248271436420854,0.7248271436420854,0.0,0.0,0.0,1.0,0.732,0.0,0.0,0.0,0.0,0.0,0.0,0.0,0.0,0.0,22.8,0.0,0.0,77.2,417,417.0
deadline_greedy,outage,105,100.0,1000,25.195318552292715,34.16379931434362,34.86500862790571,34.99010808535235,25.195318552292715,0.0,0.7251904976918847,0.7251904976918847,0.0,0.0,0.0,0.0,0.0,0.0,0.0,0.0,0.0,0.0,0.0,0.0,0.0,0.0,100.0,0.0,0.0,0.0,0,0.0
confidence_deadline,outage,105,100.0,1000,25.195318552292715,34.16379931434362,34.86500862790571,34.99010808535235,25.195318552292715,0.0,0.7251904976918847,0.7251904976918847,0.0,0.0,0.0,0.0,0.0,0.0,0.0,0.0,0.0,0.0,0.0,0.0,0.0,0.0,100.0,0.0,0.0,0.0,0,0.0
rtt_threshold,outage,105,100.0,1000,25.195318552292715,34.16379931434362,34.86500862790571,34.99010808535235,25.195318552292715,0.0,0.7251904976918847,0.7251904976918847,0.0,0.0,0.0,0.0,0.0,0.0,0.0,0.0,0.0,0.0,0.0,0.0,0.0,0.0,100.0,0.0,0.0,0.0,0,0.0
oracle_feasible,outage,105,100.0,1000,25.195318552292715,34.16379931434362,34.86500862790571,34.99010808535235,25.195318552292715,0.0,0.7251904976918847,0.7251904976918847,0.0,0.0,0.0,0.0,0.0,0.0,0.0,0.0,0.0,0.0,0.0,0.0,0.0,0.0,100.0,0.0,0.0,0.0,0,0.0
local_only,outage,106,100.0,1000,25.10736736233976,34.123035455649614,34.844386518495256,34.964850295506736,25.10736736233976,0.0,0.7230764245520165,0.7230764245520165,0.0,0.0,0.0,0.0,0.0,0.0,0.0,0.0,0.0,0.0,0.0,0.0,0.0,0.0,100.0,0.0,0.0,0.0,0,0.0
edge_only,outage,106,100.0,1000,39.507367362339764,128.83443133781523,133.72099212068252,134.90180905771726,39.507367362339764,0.144,0.7230764245520165,0.6188655700794626,3600.0,3.6,3600.0,1.0,0.0,0.0,0.144,0.6180555555555556,0.0,0.0,0.6180555555555556,0.0,0.3819444444444444,0.856,0.0,100.0,0.0,0.0,0,0.0
cloud_only,outage,106,100.0,1000,39.507367362339764,128.83443133781523,133.72099212068252,134.90180905771726,39.507367362339764,0.144,0.7230764245520165,0.6188655700794626,5040.0,5.04,5040.0,1.0,0.0,0.0,0.144,0.6597222222222222,0.0,0.0,0.6597222222222222,0.0,0.3402777777777778,0.856,0.0,100.0,0.0,0.0,0,0.0
dapper,outage,106,100.0,1000,7.549106265746754,31.449714720334896,34.37540672388598,34.964850295506736,7.549106265746754,0.0,0.7212594093828284,0.7212594093828284,0.0,0.0,0.0,1.0,0.732,0.0,0.0,0.0,0.0,0.0,0.0,0.0,0.0,0.0,22.3,0.0,0.0,77.7,414,414.0
deadline_greedy,outage,106,100.0,1000,25.10736736233976,34.123035455649614,34.844386518495256,34.964850295506736,25.10736736233976,0.0,0.7230764245520165,0.7230764245520165,0.0,0.0,0.0,0.0,0.0,0.0,0.0,0.0,0.0,0.0,0.0,0.0,0.0,0.0,100.0,0.0,0.0,0.0,0,0.0
confidence_deadline,outage,106,100.0,1000,25.10736736233976,34.123035455649614,34.844386518495256,34.964850295506736,25.10736736233976,0.0,0.7230764245520165,0.7230764245520165,0.0,0.0,0.0,0.0,0.0,0.0,0.0,0.0,0.0,0.0,0.0,0.0,0.0,0.0,100.0,0.0,0.0,0.0,0,0.0
rtt_threshold,outage,106,100.0,1000,25.10736736233976,34.123035455649614,34.844386518495256,34.964850295506736,25.10736736233976,0.0,0.7230764245520165,0.7230764245520165,0.0,0.0,0.0,0.0,0.0,0.0,0.0,0.0,0.0,0.0,0.0,0.0,0.0,0.0,100.0,0.0,0.0,0.0,0,0.0
oracle_feasible,outage,106,100.0,1000,25.10736736233976,34.123035455649614,34.844386518495256,34.964850295506736,25.10736736233976,0.0,0.7230764245520165,0.7230764245520165,0.0,0.0,0.0,0.0,0.0,0.0,0.0,0.0,0.0,0.0,0.0,0.0,0.0,0.0,100.0,0.0,0.0,0.0,0,0.0
local_only,outage,107,100.0,1000,24.870074135535994,33.99097782760764,34.726971032176984,34.992911865312266,24.870074135535994,0.0,0.7271045239252512,0.7271045239252512,0.0,0.0,0.0,0.0,0.0,0.0,0.0,0.0,0.0,0.0,0.0,0.0,0.0,0.0,100.0,0.0,0.0,0.0,0,0.0
edge_only,outage,107,100.0,1000,39.17007413553599,126.7040607582655,133.63656510123224,134.94439149536717,39.17007413553599,0.143,0.7271045239252512,0.6235073715832461,3575.0,3.575,3575.0,1.0,0.0,0.0,0.143,0.6293706293706294,0.0,0.0,0.6293706293706294,0.0,0.3706293706293706,0.857,0.0,100.0,0.0,0.0,0,0.0
cloud_only,outage,107,100.0,1000,39.17007413553599,126.7040607582655,133.63656510123224,134.94439149536717,39.17007413553599,0.143,0.7271045239252512,0.6235073715832461,5005.0,5.005,5005.0,1.0,0.0,0.0,0.143,0.7132867132867133,0.0,0.0,0.7132867132867133,0.0,0.2867132867132867,0.857,0.0,100.0,0.0,0.0,0,0.0
dapper,outage,107,100.0,1000,7.495635529917344,31.80791921566703,34.39018497885919,34.99112443015811,7.495635529917344,0.0,0.7250211366010297,0.7250211366010297,0.0,0.0,0.0,1.0,0.733,0.0,0.0,0.0,0.0,0.0,0.0,0.0,0.0,0.0,23.1,0.0,0.0,76.9,422,422.0
deadline_greedy,outage,107,100.0,1000,24.870074135535994,33.99097782760764,34.726971032176984,34.992911865312266,24.870074135535994,0.0,0.7271045239252512,0.7271045239252512,0.0,0.0,0.0,0.0,0.0,0.0,0.0,0.0,0.0,0.0,0.0,0.0,0.0,0.0,100.0,0.0,0.0,0.0,0,0.0
confidence_deadline,outage,107,100.0,1000,24.870074135535994,33.99097782760764,34.726971032176984,34.992911865312266,24.870074135535994,0.0,0.7271045239252512,0.7271045239252512,0.0,0.0,0.0,0.0,0.0,0.0,0.0,0.0,0.0,0.0,0.0,0.0,0.0,0.0,100.0,0.0,0.0,0.0,0,0.0
rtt_threshold,outage,107,100.0,1000,24.870074135535994,33.99097782760764,34.726971032176984,34.992911865312266,24.870074135535994,0.0,0.7271045239252512,0.7271045239252512,0.0,0.0,0.0,0.0,0.0,0.0,0.0,0.0,0.0,0.0,0.0,0.0,0.0,0.0,100.0,0.0,0.0,0.0,0,0.0
oracle_feasible,outage,107,100.0,1000,24.870074135535994,33.99097782760764,34.726971032176984,34.992911865312266,24.870074135535994,0.0,0.7271045239252512,0.7271045239252512,0.0,0.0,0.0,0.0,0.0,0.0,0.0,0.0,0.0,0.0,0.0,0.0,0.0,0.0,100.0,0.0,0.0,0.0,0,0.0
local_only,outage,108,100.0,1000,24.781031829364927,33.85539137193924,34.79709088647637,34.99134649357638,24.781031829364927,0.0,0.7243243610082657,0.7243243610082657,0.0,0.0,0.0,0.0,0.0,0.0,0.0,0.0,0.0,0.0,0.0,0.0,0.0,0.0,100.0,0.0,0.0,0.0,0,0.0
edge_only,outage,108,100.0,1000,38.081031829364925,127.34719047939195,133.3282040076295,134.91701997161744,38.081031829364925,0.133,0.7243243610082657,0.6280465262480182,3325.0,3.325,3325.0,1.0,0.0,0.0,0.133,0.6766917293233082,0.0,0.0,0.6766917293233082,0.0,0.3233082706766917,0.867,0.0,100.0,0.0,0.0,0,0.0
cloud_only,outage,108,100.0,1000,38.081031829364925,127.34719047939195,133.3282040076295,134.91701997161744,38.081031829364925,0.133,0.7243243610082657,0.6280465262480182,4655.0,4.655,4655.0,1.0,0.0,0.0,0.133,0.6766917293233082,0.0,0.0,0.6766917293233082,0.0,0.3233082706766917,0.867,0.0,100.0,0.0,0.0,0,0.0
dapper,outage,108,100.0,1000,7.251361824662859,31.14265792210696,34.17418822409749,34.97297658698431,7.251361824662859,0.0,0.7266974788453335,0.7266974788453335,0.0,0.0,0.0,1.0,0.736,0.0,0.0,0.0,0.0,0.0,0.0,0.0,0.0,0.0,23.0,0.0,0.0,77.0,426,426.0
deadline_greedy,outage,108,100.0,1000,24.781031829364927,33.85539137193924,34.79709088647637,34.99134649357638,24.781031829364927,0.0,0.7243243610082657,0.7243243610082657,0.0,0.0,0.0,0.0,0.0,0.0,0.0,0.0,0.0,0.0,0.0,0.0,0.0,0.0,100.0,0.0,0.0,0.0,0,0.0
confidence_deadline,outage,108,100.0,1000,24.781031829364927,33.85539137193924,34.79709088647637,34.99134649357638,24.781031829364927,0.0,0.7243243610082657,0.7243243610082657,0.0,0.0,0.0,0.0,0.0,0.0,0.0,0.0,0.0,0.0,0.0,0.0,0.0,0.0,100.0,0.0,0.0,0.0,0,0.0
rtt_threshold,outage,108,100.0,1000,24.781031829364927,33.85539137193924,34.79709088647637,34.99134649357638,24.781031829364927,0.0,0.7243243610082657,0.7243243610082657,0.0,0.0,0.0,0.0,0.0,0.0,0.0,0.0,0.0,0.0,0.0,0.0,0.0,0.0,100.0,0.0,0.0,0.0,0,0.0
oracle_feasible,outage,108,100.0,1000,24.781031829364927,33.85539137193924,34.79709088647637,34.99134649357638,24.781031829364927,0.0,0.7243243610082657,0.7243243610082657,0.0,0.0,0.0,0.0,0.0,0.0,0.0,0.0,0.0,0.0,0.0,0.0,0.0,0.0,100.0,0.0,0.0,0.0,0,0.0
local_only,outage,109,100.0,1000,25.375034560004526,34.28390067456523,34.870210656031944,34.98505022123036,25.375034560004526,0.0,0.7249021022043971,0.7249021022043971,0.0,0.0,0.0,0.0,0.0,0.0,0.0,0.0,0.0,0.0,0.0,0.0,0.0,0.0,100.0,0.0,0.0,0.0,0,0.0
edge_only,outage,109,100.0,1000,39.175034560004526,128.2008651245762,134.03241129767738,134.88223307582592,39.175034560004526,0.138,0.7249021022043971,0.6252690990803238,3450.0,3.45,3450.0,1.0,0.0,0.0,0.138,0.644927536231884,0.0,0.0,0.644927536231884,0.0,0.35507246376811596,0.862,0.0,100.0,0.0,0.0,0,0.0
cloud_only,outage,109,100.0,1000,39.175034560004526,128.2008651245762,134.03241129767738,134.88223307582592,39.175034560004526,0.138,0.7249021022043971,0.6252690990803238,4830.0,4.83,4830.0,1.0,0.0,0.0,0.138,0.6376811594202898,0.0,0.0,0.6376811594202898,0.0,0.36231884057971014,0.862,0.0,100.0,0.0,0.0,0,0.0
dapper,outage,109,100.0,1000,7.685496458575816,31.705170488180077,34.40871885608117,34.88886016594044,7.685496458575816,0.0,0.7258121030951461,0.7258121030951461,0.0,0.0,0.0,1.0,0.729,0.0,0.0,0.0,0.0,0.0,0.0,0.0,0.0,0.0,23.5,0.0,0.0,76.5,427,427.0
deadline_greedy,outage,109,100.0,1000,25.375034560004526,34.28390067456523,34.870210656031944,34.98505022123036,25.375034560004526,0.0,0.7249021022043971,0.7249021022043971,0.0,0.0,0.0,0.0,0.0,0.0,0.0,0.0,0.0,0.0,0.0,0.0,0.0,0.0,100.0,0.0,0.0,0.0,0,0.0
confidence_deadline,outage,109,100.0,1000,25.375034560004526,34.28390067456523,34.870210656031944,34.98505022123036,25.375034560004526,0.0,0.7249021022043971,0.7249021022043971,0.0,0.0,0.0,0.0,0.0,0.0,0.0,0.0,0.0,0.0,0.0,0.0,0.0,0.0,100.0,0.0,0.0,0.0,0,0.0
rtt_threshold,outage,109,100.0,1000,25.375034560004526,34.28390067456523,34.870210656031944,34.98505022123036,25.375034560004526,0.0,0.7249021022043971,0.7249021022043971,0.0,0.0,0.0,0.0,0.0,0.0,0.0,0.0,0.0,0.0,0.0,0.0,0.0,0.0,100.0,0.0,0.0,0.0,0,0.0
oracle_feasible,outage,109,100.0,1000,25.375034560004526,34.28390067456523,34.870210656031944,34.98505022123036,25.375034560004526,0.0,0.7249021022043971,0.7249021022043971,0.0,0.0,0.0,0.0,0.0,0.0,0.0,0.0,0.0,0.0,0.0,0.0,0.0,0.0,100.0,0.0,0.0,0.0,0,0.0
local_only,outage,110,100.0,1000,25.048469199614622,34.109726983120275,34.86118306775119,34.99137808563876,25.048469199614622,0.0,0.7230902180845539,0.7230902180845539,0.0,0.0,0.0,0.0,0.0,0.0,0.0,0.0,0.0,0.0,0.0,0.0,0.0,0.0,100.0,0.0,0.0,0.0,0,0.0
edge_only,outage,110,100.0,1000,38.94846919961463,127.28673618317202,133.36233580643727,134.99137808563876,38.94846919961463,0.139,0.7230902180845539,0.623339076488796,3475.0,3.475,3475.0,1.0,0.0,0.0,0.139,0.6258992805755396,0.0,0.0,0.6258992805755396,0.0,0.37410071942446044,0.861,0.0,100.0,0.0,0.0,0,0.0
cloud_only,outage,110,100.0,1000,38.94846919961463,127.28673618317202,133.36233580643727,134.99137808563876,38.94846919961463,0.139,0.7230902180845539,0.623339076488796,4865.0,4.865,4865.0,1.0,0.0,0.0,0.139,0.6690647482014388,0.0,0.0,0.6690647482014388,0.0,0.33093525179856115,0.861,0.0,100.0,0.0,0.0,0,0.0
dapper,outage,110,100.0,1000,7.355193804523941,30.694822041353905,34.222511546491425,34.969462845702225,7.355193804523941,0.0,0.7245809511185383,0.7245809511185383,0.0,0.0,0.0,1.0,0.735,0.0,0.0,0.0,0.0,0.0,0.0,0.0,0.0,0.0,22.8,0.0,0.0,77.2,425,425.0
deadline_greedy,outage,110,100.0,1000,25.048469199614622,34.109726983120275,34.86118306775119,34.99137808563876,25.048469199614622,0.0,0.7230902180845539,0.7230902180845539,0.0,0.0,0.0,0.0,0.0,0.0,0.0,0.0,0.0,0.0,0.0,0.0,0.0,0.0,100.0,0.0,0.0,0.0,0,0.0
confidence_deadline,outage,110,100.0,1000,25.048469199614622,34.109726983120275,34.86118306775119,34.99137808563876,25.048469199614622,0.0,0.7230902180845539,0.7230902180845539,0.0,0.0,0.0,0.0,0.0,0.0,0.0,0.0,0.0,0.0,0.0,0.0,0.0,0.0,100.0,0.0,0.0,0.0,0,0.0
rtt_threshold,outage,110,100.0,1000,25.048469199614622,34.109726983120275,34.86118306775119,34.99137808563876,25.048469199614622,0.0,0.7230902180845539,0.7230902180845539,0.0,0.0,0.0,0.0,0.0,0.0,0.0,0.0,0.0,0.0,0.0,0.0,0.0,0.0,100.0,0.0,0.0,0.0,0,0.0
oracle_feasible,outage,110,100.0,1000,25.048469199614622,34.109726983120275,34.86118306775119,34.99137808563876,25.048469199614622,0.0,0.7230902180845539,0.7230902180845539,0.0,0.0,0.0,0.0,0.0,0.0,0.0,0.0,0.0,0.0,0.0,0.0,0.0,0.0,100.0,0.0,0.0,0.0,0,0.0
local_only,outage,111,100.0,1000,25.10013803176605,34.28380874565831,34.90918602560351,34.98707841415352,25.10013803176605,0.0,0.7262379784121297,0.7262379784121297,0.0,0.0,0.0,0.0,0.0,0.0,0.0,0.0,0.0,0.0,0.0,0.0,0.0,0.0,100.0,0.0,0.0,0.0,0,0.0
edge_only,outage,111,100.0,1000,39.70013803176605,127.74329121763793,133.75195363463394,134.98608360928887,39.70013803176605,0.146,0.7262379784121297,0.6201702723036266,3650.0,3.65,3650.0,1.0,0.0,0.0,0.146,0.6506849315068494,0.0,0.0,0.6506849315068494,0.0,0.3493150684931507,0.854,0.0,100.0,0.0,0.0,0,0.0
cloud_only,outage,111,100.0,1000,39.70013803176605,127.74329121763793,133.75195363463394,134.98608360928887,39.70013803176605,0.146,0.7262379784121297,0.6201702723036266,5110.0,5.11,5110.0,1.0,0.0,0.0,0.146,0.6575342465753424,0.0,0.0,0.6575342465753424,0.0,0.3424657534246575,0.854,0.0,100.0,0.0,0.0,0,0.0
dapper,outage,111,100.0,1000,7.398682547644234,31.455362565824643,34.05726657846486,34.958198085831974,7.398682547644234,0.0,0.7280638471067766,0.7280638471067766,0.0,0.0,0.0,1.0,0.732,0.0,0.0,0.0,0.0,0.0,0.0,0.0,0.0,0.0,22.900000000000002,0.0,0.0,77.10000000000001,414,414.0
deadline_greedy,outage,111,100.0,1000,25.10013803176605,34.28380874565831,34.90918602560351,34.98707841415352,25.10013803176605,0.0,0.7262379784121297,0.7262379784121297,0.0,0.0,0.0,0.0,0.0,0.0,0.0,0.0,0.0,0.0,0.0,0.0,0.0,0.0,100.0,0.0,0.0,0.0,0,0.0
confidence_deadline,outage,111,100.0,1000,25.10013803176605,34.28380874565831,34.90918602560351,34.98707841415352,25.10013803176605,0.0,0.7262379784121297,0.7262379784121297,0.0,0.0,0.0,0.0,0.0,0.0,0.0,0.0,0.0,0.0,0.0,0.0,0.0,0.0,100.0,0.0,0.0,0.0,0,0.0
rtt_threshold,outage,111,100.0,1000,25.10013803176605,34.28380874565831,34.90918602560351,34.98707841415352,25.10013803176605,0.0,0.7262379784121297,0.7262379784121297,0.0,0.0,0.0,0.0,0.0,0.0,0.0,0.0,0.0,0.0,0.0,0.0,0.0,0.0,100.0,0.0,0.0,0.0,0,0.0
oracle_feasible,outage,111,100.0,1000,25.10013803176605,34.28380874565831,34.90918602560351,34.98707841415352,25.10013803176605,0.0,0.7262379784121297,0.7262379784121297,0.0,0.0,0.0,0.0,0.0,0.0,0.0,0.0,0.0,0.0,0.0,0.0,0.0,0.0,100.0,0.0,0.0,0.0,0,0.0
local_only,outage,112,100.0,1000,25.024072859711026,34.03351047541081,34.83072440410714,34.99593938799836,25.024072859711026,0.0,0.725917844701486,0.725917844701486,0.0,0.0,0.0,0.0,0.0,0.0,0.0,0.0,0.0,0.0,0.0,0.0,0.0,0.0,100.0,0.0,0.0,0.0,0,0.0
edge_only,outage,112,100.0,1000,39.82407285971103,127.6975247190375,133.72291848697418,134.5873825263867,39.82407285971103,0.148,0.725917844701486,0.6191656531334934,3700.0,3.7,3700.0,1.0,0.0,0.0,0.148,0.6891891891891891,0.0,0.0,0.6891891891891891,0.0,0.3108108108108108,0.852,0.0,100.0,0.0,0.0,0,0.0
cloud_only,outage,112,100.0,1000,39.82407285971103,127.6975247190375,133.72291848697418,134.5873825263867,39.82407285971103,0.148,0.725917844701486,0.6191656531334934,5180.0,5.18,5180.0,1.0,0.0,0.0,0.148,0.6554054054054054,0.0,0.0,0.6554054054054054,0.0,0.34459459459459457,0.852,0.0,100.0,0.0,0.0,0,0.0
dapper,outage,112,100.0,1000,7.370625290236145,31.426397231090824,34.038780941246515,34.949972127365655,7.370625290236145,0.0,0.7280606555765715,0.7280606555765715,0.0,0.0,0.0,1.0,0.734,0.0,0.0,0.0,0.0,0.0,0.0,0.0,0.0,0.0,22.1,0.0,0.0,77.9,412,412.0
deadline_greedy,outage,112,100.0,1000,25.024072859711026,34.03351047541081,34.83072440410714,34.99593938799836,25.024072859711026,0.0,0.725917844701486,0.725917844701486,0.0,0.0,0.0,0.0,0.0,0.0,0.0,0.0,0.0,0.0,0.0,0.0,0.0,0.0,100.0,0.0,0.0,0.0,0,0.0
confidence_deadline,outage,112,100.0,1000,25.024072859711026,34.03351047541081,34.83072440410714,34.99593938799836,25.024072859711026,0.0,0.725917844701486,0.725917844701486,0.0,0.0,0.0,0.0,0.0,0.0,0.0,0.0,0.0,0.0,0.0,0.0,0.0,0.0,100.0,0.0,0.0,0.0,0,0.0
rtt_threshold,outage,112,100.0,1000,25.024072859711026,34.03351047541081,34.83072440410714,34.99593938799836,25.024072859711026,0.0,0.725917844701486,0.725917844701486,0.0,0.0,0.0,0.0,0.0,0.0,0.0,0.0,0.0,0.0,0.0,0.0,0.0,0.0,100.0,0.0,0.0,0.0,0,0.0
oracle_feasible,outage,112,100.0,1000,25.024072859711026,34.03351047541081,34.83072440410714,34.99593938799836,25.024072859711026,0.0,0.725917844701486,0.725917844701486,0.0,0.0,0.0,0.0,0.0,0.0,0.0,0.0,0.0,0.0,0.0,0.0,0.0,0.0,100.0,0.0,0.0,0.0,0,0.0
local_only,outage,113,100.0,1000,24.723545566635572,33.9640858999208,34.72591875049695,34.982860274899195,24.723545566635572,0.0,0.7266518829575891,0.7266518829575891,0.0,0.0,0.0,0.0,0.0,0.0,0.0,0.0,0.0,0.0,0.0,0.0,0.0,0.0,100.0,0.0,0.0,0.0,0,0.0
edge_only,outage,113,100.0,1000,35.62354556663557,126.26900319000566,133.16227486967887,134.9711843703322,35.62354556663557,0.109,0.7266518829575891,0.647608221913522,2725.0,2.725,2725.0,1.0,0.0,0.0,0.109,0.6972477064220184,0.0,0.0,0.6972477064220184,0.0,0.30275229357798167,0.891,0.0,100.0,0.0,0.0,0,0.0
cloud_only,outage,113,100.0,1000,35.62354556663557,126.26900319000566,133.16227486967887,134.9711843703322,35.62354556663557,0.109,0.7266518829575891,0.647608221913522,3815.0,3.815,3815.0,1.0,0.0,0.0,0.109,0.6146788990825688,0.0,0.0,0.6146788990825688,0.0,0.3853211009174312,0.891,0.0,100.0,0.0,0.0,0,0.0
dapper,outage,113,100.0,1000,7.147796806593906,30.844985093880027,33.96419838510252,34.91680130902314,7.147796806593906,0.0,0.7299582611154545,0.7299582611154545,0.0,0.0,0.0,1.0,0.737,0.0,0.0,0.0,0.0,0.0,0.0,0.0,0.0,0.0,23.200000000000003,0.0,0.0,76.8,437,437.0
deadline_greedy,outage,113,100.0,1000,24.723545566635572,33.9640858999208,34.72591875049695,34.982860274899195,24.723545566635572,0.0,0.7266518829575891,0.7266518829575891,0.0,0.0,0.0,0.0,0.0,0.0,0.0,0.0,0.0,0.0,0.0,0.0,0.0,0.0,100.0,0.0,0.0,0.0,0,0.0
confidence_deadline,outage,113,100.0,1000,24.723545566635572,33.9640858999208,34.72591875049695,34.982860274899195,24.723545566635572,0.0,0.7266518829575891,0.7266518829575891,0.0,0.0,0.0,0.0,0.0,0.0,0.0,0.0,0.0,0.0,0.0,0.0,0.0,0.0,100.0,0.0,0.0,0.0,0,0.0
rtt_threshold,outage,113,100.0,1000,24.723545566635572,33.9640858999208,34.72591875049695,34.982860274899195,24.723545566635572,0.0,0.7266518829575891,0.7266518829575891,0.0,0.0,0.0,0.0,0.0,0.0,0.0,0.0,0.0,0.0,0.0,0.0,0.0,0.0,100.0,0.0,0.0,0.0,0,0.0
oracle_feasible,outage,113,100.0,1000,24.723545566635572,33.9640858999208,34.72591875049695,34.982860274899195,24.723545566635572,0.0,0.7266518829575891,0.7266518829575891,0.0,0.0,0.0,0.0,0.0,0.0,0.0,0.0,0.0,0.0,0.0,0.0,0.0,0.0,100.0,0.0,0.0,0.0,0,0.0
local_only,outage,114,100.0,1000,24.975775533822702,34.18762285066958,34.80059842497914,34.979424030492495,24.975775533822702,0.0,0.7252094783835524,0.7252094783835524,0.0,0.0,0.0,0.0,0.0,0.0,0.0,0.0,0.0,0.0,0.0,0.0,0.0,0.0,100.0,0.0,0.0,0.0,0,0.0
edge_only,outage,114,100.0,1000,41.9757755338227,129.45829267146652,133.7573027456288,134.69093311325233,41.9757755338227,0.17,0.7252094783835524,0.6023967581284279,4250.0,4.25,4250.0,1.0,0.0,0.0,0.17,0.6294117647058823,0.0,0.0,0.6294117647058823,0.0,0.37058823529411766,0.83,0.0,100.0,0.0,0.0,0,0.0
cloud_only,outage,114,100.0,1000,41.9757755338227,129.45829267146652,133.7573027456288,134.69093311325233,41.9757755338227,0.17,0.7252094783835524,0.6023967581284279,5950.0,5.95,5950.0,1.0,0.0,0.0,0.17,0.6294117647058823,0.0,0.0,0.6294117647058823,0.0,0.37058823529411766,0.83,0.0,100.0,0.0,0.0,0,0.0
dapper,outage,114,100.0,1000,7.501176014095029,31.4914309836508,34.414218678920534,34.97406829855338,7.501176014095029,0.0,0.7224631994341497,0.7224631994341497,0.0,0.0,0.0,1.0,0.728,0.0,0.0,0.0,0.0,0.0,0.0,0.0,0.0,0.0,22.3,0.0,0.0,77.7,398,398.0
deadline_greedy,outage,114,100.0,1000,24.975775533822702,34.18762285066958,34.80059842497914,34.979424030492495,24.975775533822702,0.0,0.7252094783835524,0.7252094783835524,0.0,0.0,0.0,0.0,0.0,0.0,0.0,0.0,0.0,0.0,0.0,0.0,0.0,0.0,100.0,0.0,0.0,0.0,0,0.0
confidence_deadline,outage,114,100.0,1000,24.975775533822702,34.18762285066958,34.80059842497914,34.979424030492495,24.975775533822702,0.0,0.7252094783835524,0.7252094783835524,0.0,0.0,0.0,0.0,0.0,0.0,0.0,0.0,0.0,0.0,0.0,0.0,0.0,0.0,100.0,0.0,0.0,0.0,0,0.0
rtt_threshold,outage,114,100.0,1000,24.975775533822702,34.18762285066958,34.80059842497914,34.979424030492495,24.975775533822702,0.0,0.7252094783835524,0.7252094783835524,0.0,0.0,0.0,0.0,0.0,0.0,0.0,0.0,0.0,0.0,0.0,0.0,0.0,0.0,100.0,0.0,0.0,0.0,0,0.0
oracle_feasible,outage,114,100.0,1000,24.975775533822702,34.18762285066958,34.80059842497914,34.979424030492495,24.975775533822702,0.0,0.7252094783835524,0.7252094783835524,0.0,0.0,0.0,0.0,0.0,0.0,0.0,0.0,0.0,0.0,0.0,0.0,0.0,0.0,100.0,0.0,0.0,0.0,0,0.0
local_only,outage,115,100.0,1000,25.038508060757863,34.016274499231564,34.68985399590401,34.990047900593524,25.038508060757863,0.0,0.7241559189716158,0.7241559189716158,0.0,0.0,0.0,0.0,0.0,0.0,0.0,0.0,0.0,0.0,0.0,0.0,0.0,0.0,100.0,0.0,0.0,0.0,0,0.0
edge_only,outage,115,100.0,1000,40.838508060757874,129.36361896903142,133.7256238046261,134.84248268447215,40.838508060757874,0.158,0.7241559189716158,0.6106981729488491,3950.0,3.95,3950.0,1.0,0.0,0.0,0.158,0.7088607594936709,0.0,0.0,0.7088607594936709,0.0,0.2911392405063291,0.842,0.0,100.0,0.0,0.0,0,0.0
cloud_only,outage,115,100.0,1000,40.838508060757874,129.36361896903142,133.7256238046261,134.84248268447215,40.838508060757874,0.158,0.7241559189716158,0.6106981729488491,5530.0,5.53,5530.0,1.0,0.0,0.0,0.158,0.6265822784810127,0.0,0.0,0.6265822784810127,0.0,0.37341772151898733,0.842,0.0,100.0,0.0,0.0,0,0.0
dapper,outage,115,100.0,1000,7.428611862088066,30.652007764158807,34.152857588086846,34.990047900593524,7.428611862088066,0.0,0.7262317832361891,0.7262317832361891,0.0,0.0,0.0,1.0,0.735,0.0,0.0,0.0,0.0,0.0,0.0,0.0,0.0,0.0,22.2,0.0,0.0,77.8,413,413.0
deadline_greedy,outage,115,100.0,1000,25.038508060757863,34.016274499231564,34.68985399590401,34.990047900593524,25.038508060757863,0.0,0.7241559189716158,0.7241559189716158,0.0,0.0,0.0,0.0,0.0,0.0,0.0,0.0,0.0,0.0,0.0,0.0,0.0,0.0,100.0,0.0,0.0,0.0,0,0.0
confidence_deadline,outage,115,100.0,1000,25.038508060757863,34.016274499231564,34.68985399590401,34.990047900593524,25.038508060757863,0.0,0.7241559189716158,0.7241559189716158,0.0,0.0,0.0,0.0,0.0,0.0,0.0,0.0,0.0,0.0,0.0,0.0,0.0,0.0,100.0,0.0,0.0,0.0,0,0.0
rtt_threshold,outage,115,100.0,1000,25.038508060757863,34.016274499231564,34.68985399590401,34.990047900593524,25.038508060757863,0.0,0.7241559189716158,0.7241559189716158,0.0,0.0,0.0,0.0,0.0,0.0,0.0,0.0,0.0,0.0,0.0,0.0,0.0,0.0,100.0,0.0,0.0,0.0,0,0.0
oracle_feasible,outage,115,100.0,1000,25.038508060757863,34.016274499231564,34.68985399590401,34.990047900593524,25.038508060757863,0.0,0.7241559189716158,0.7241559189716158,0.0,0.0,0.0,0.0,0.0,0.0,0.0,0.0,0.0,0.0,0.0,0.0,0.0,0.0,100.0,0.0,0.0,0.0,0,0.0
local_only,outage,116,100.0,1000,24.82949022553637,34.06206804146834,34.76850112762208,34.997319860382795,24.82949022553637,0.0,0.7265684329052062,0.7265684329052062,0.0,0.0,0.0,0.0,0.0,0.0,0.0,0.0,0.0,0.0,0.0,0.0,0.0,0.0,100.0,0.0,0.0,0.0,0,0.0
edge_only,outage,116,100.0,1000,37.12949022553637,126.40650042494785,133.2571019522526,134.46142708366528,37.12949022553637,0.123,0.7265684329052062,0.6367416860237545,3075.0,3.075,3075.0,1.0,0.0,0.0,0.123,0.6260162601626016,0.0,0.0,0.6260162601626016,0.0,0.37398373983739835,0.877,0.0,100.0,0.0,0.0,0,0.0
cloud_only,outage,116,100.0,1000,37.12949022553637,126.40650042494785,133.2571019522526,134.46142708366528,37.12949022553637,0.123,0.7265684329052062,0.6367416860237545,4305.0,4.305,4305.0,1.0,0.0,0.0,0.123,0.6341463414634146,0.0,0.0,0.6341463414634146,0.0,0.36585365853658536,0.877,0.0,100.0,0.0,0.0,0,0.0
dapper,outage,116,100.0,1000,7.310877248374183,30.959598437937885,34.2744524675671,34.84799240200695,7.310877248374183,0.0,0.727895972888168,0.727895972888168,0.0,0.0,0.0,1.0,0.734,0.0,0.0,0.0,0.0,0.0,0.0,0.0,0.0,0.0,23.5,0.0,0.0,76.5,434,434.0
deadline_greedy,outage,116,100.0,1000,24.82949022553637,34.06206804146834,34.76850112762208,34.997319860382795,24.82949022553637,0.0,0.7265684329052062,0.7265684329052062,0.0,0.0,0.0,0.0,0.0,0.0,0.0,0.0,0.0,0.0,0.0,0.0,0.0,0.0,100.0,0.0,0.0,0.0,0,0.0
confidence_deadline,outage,116,100.0,1000,24.82949022553637,34.06206804146834,34.76850112762208,34.997319860382795,24.82949022553637,0.0,0.7265684329052062,0.7265684329052062,0.0,0.0,0.0,0.0,0.0,0.0,0.0,0.0,0.0,0.0,0.0,0.0,0.0,0.0,100.0,0.0,0.0,0.0,0,0.0
rtt_threshold,outage,116,100.0,1000,24.82949022553637,34.06206804146834,34.76850112762208,34.997319860382795,24.82949022553637,0.0,0.7265684329052062,0.7265684329052062,0.0,0.0,0.0,0.0,0.0,0.0,0.0,0.0,0.0,0.0,0.0,0.0,0.0,0.0,100.0,0.0,0.0,0.0,0,0.0
oracle_feasible,outage,116,100.0,1000,24.82949022553637,34.06206804146834,34.76850112762208,34.997319860382795,24.82949022553637,0.0,0.7265684329052062,0.7265684329052062,0.0,0.0,0.0,0.0,0.0,0.0,0.0,0.0,0.0,0.0,0.0,0.0,0.0,0.0,100.0,0.0,0.0,0.0,0,0.0
local_only,outage,117,100.0,1000,24.989415408864055,34.02046079961503,34.86700640261135,34.98076375966268,24.989415408864055,0.0,0.7211129387714487,0.7211129387714487,0.0,0.0,0.0,0.0,0.0,0.0,0.0,0.0,0.0,0.0,0.0,0.0,0.0,0.0,100.0,0.0,0.0,0.0,0,0.0
edge_only,outage,117,100.0,1000,43.08941540886405,128.88951079071677,133.7739204792125,134.94987091991032,43.08941540886405,0.181,0.7211129387714487,0.5912703744428218,4525.0,4.525,4525.0,1.0,0.0,0.0,0.181,0.6077348066298343,0.0,0.0,0.6077348066298343,0.0,0.39226519337016574,0.819,0.0,100.0,0.0,0.0,0,0.0
cloud_only,outage,117,100.0,1000,43.08941540886405,128.88951079071677,133.7739204792125,134.94987091991032,43.08941540886405,0.181,0.7211129387714487,0.5912703744428218,6335.0,6.335,6335.0,1.0,0.0,0.0,0.181,0.6243093922651933,0.0,0.0,0.6243093922651933,0.0,0.3756906077348066,0.819,0.0,100.0,0.0,0.0,0,0.0
dapper,outage,117,100.0,1000,7.385847848859415,31.09198240986329,34.14712359689956,34.96597639562117,7.385847848859415,0.0,0.7183856901372877,0.7183856901372877,0.0,0.0,0.0,1.0,0.732,0.0,0.0,0.0,0.0,0.0,0.0,0.0,0.0,0.0,21.9,0.0,0.0,78.10000000000001,403,403.0
deadline_greedy,outage,117,100.0,1000,24.989415408864055,34.02046079961503,34.86700640261135,34.98076375966268,24.989415408864055,0.0,0.7211129387714487,0.7211129387714487,0.0,0.0,0.0,0.0,0.0,0.0,0.0,0.0,0.0,0.0,0.0,0.0,0.0,0.0,100.0,0.0,0.0,0.0,0,0.0
confidence_deadline,outage,117,100.0,1000,24.989415408864055,34.02046079961503,34.86700640261135,34.98076375966268,24.989415408864055,0.0,0.7211129387714487,0.7211129387714487,0.0,0.0,0.0,0.0,0.0,0.0,0.0,0.0,0.0,0.0,0.0,0.0,0.0,0.0,100.0,0.0,0.0,0.0,0,0.0
rtt_threshold,outage,117,100.0,1000,24.989415408864055,34.02046079961503,34.86700640261135,34.98076375966268,24.989415408864055,0.0,0.7211129387714487,0.7211129387714487,0.0,0.0,0.0,0.0,0.0,0.0,0.0,0.0,0.0,0.0,0.0,0.0,0.0,0.0,100.0,0.0,0.0,0.0,0,0.0
oracle_feasible,outage,117,100.0,1000,24.989415408864055,34.02046079961503,34.86700640261135,34.98076375966268,24.989415408864055,0.0,0.7211129387714487,0.7211129387714487,0.0,0.0,0.0,0.0,0.0,0.0,0.0,0.0,0.0,0.0,0.0,0.0,0.0,0.0,100.0,0.0,0.0,0.0,0,0.0
local_only,outage,118,100.0,1000,24.945309169419446,33.964180870030404,34.72516366030572,34.98157564960942,24.945309169419446,0.0,0.7245596185106854,0.7245596185106854,0.0,0.0,0.0,0.0,0.0,0.0,0.0,0.0,0.0,0.0,0.0,0.0,0.0,0.0,100.0,0.0,0.0,0.0,0,0.0
edge_only,outage,118,100.0,1000,42.14530916941944,128.16989517664763,133.176459861026,134.98157564960943,42.14530916941944,0.172,0.7245596185106854,0.5997919769186214,4300.0,4.3,4300.0,1.0,0.0,0.0,0.172,0.6627906976744186,0.0,0.0,0.6627906976744186,0.0,0.3372093023255814,0.828,0.0,100.0,0.0,0.0,0,0.0
cloud_only,outage,118,100.0,1000,42.14530916941944,128.16989517664763,133.176459861026,134.98157564960943,42.14530916941944,0.172,0.7245596185106854,0.5997919769186214,6020.0,6.02,6020.0,1.0,0.0,0.0,0.172,0.686046511627907,0.0,0.0,0.686046511627907,0.0,0.313953488372093,0.828,0.0,100.0,0.0,0.0,0,0.0
dapper,outage,118,100.0,1000,7.254554051460061,31.241459127591458,33.60889001037177,34.741923692424066,7.254554051460061,0.0,0.7269199104810466,0.7269199104810466,0.0,0.0,0.0,1.0,0.737,0.0,0.0,0.0,0.0,0.0,0.0,0.0,0.0,0.0,22.0,0.0,0.0,78.0,408,408.0
deadline_greedy,outage,118,100.0,1000,24.945309169419446,33.964180870030404,34.72516366030572,34.98157564960942,24.945309169419446,0.0,0.7245596185106854,0.7245596185106854,0.0,0.0,0.0,0.0,0.0,0.0,0.0,0.0,0.0,0.0,0.0,0.0,0.0,0.0,100.0,0.0,0.0,0.0,0,0.0
confidence_deadline,outage,118,100.0,1000,24.945309169419446,33.964180870030404,34.72516366030572,34.98157564960942,24.945309169419446,0.0,0.7245596185106854,0.7245596185106854,0.0,0.0,0.0,0.0,0.0,0.0,0.0,0.0,0.0,0.0,0.0,0.0,0.0,0.0,100.0,0.0,0.0,0.0,0,0.0
rtt_threshold,outage,118,100.0,1000,24.945309169419446,33.964180870030404,34.72516366030572,34.98157564960942,24.945309169419446,0.0,0.7245596185106854,0.7245596185106854,0.0,0.0,0.0,0.0,0.0,0.0,0.0,0.0,0.0,0.0,0.0,0.0,0.0,0.0,100.0,0.0,0.0,0.0,0,0.0
oracle_feasible,outage,118,100.0,1000,24.945309169419446,33.964180870030404,34.72516366030572,34.98157564960942,24.945309169419446,0.0,0.7245596185106854,0.7245596185106854,0.0,0.0,0.0,0.0,0.0,0.0,0.0,0.0,0.0,0.0,0.0,0.0,0.0,0.0,100.0,0.0,0.0,0.0,0,0.0
local_only,outage,119,100.0,1000,25.164057317702014,34.11293595873482,34.76426510988522,34.98167944202057,25.164057317702014,0.0,0.723472982523979,0.723472982523979,0.0,0.0,0.0,0.0,0.0,0.0,0.0,0.0,0.0,0.0,0.0,0.0,0.0,0.0,100.0,0.0,0.0,0.0,0,0.0
edge_only,outage,119,100.0,1000,36.86405731770201,126.98397550814612,134.00383265166718,134.98167944202058,36.86405731770201,0.117,0.723472982523979,0.638793585895623,2925.0,2.925,2925.0,1.0,0.0,0.0,0.117,0.6495726495726496,0.0,0.0,0.6495726495726496,0.0,0.3504273504273504,0.883,0.0,100.0,0.0,0.0,0,0.0
cloud_only,outage,119,100.0,1000,36.86405731770201,126.98397550814612,134.00383265166718,134.98167944202058,36.86405731770201,0.117,0.723472982523979,0.638793585895623,4095.0,4.095,4094.9999999999995,1.0,0.0,0.0,0.117,0.6923076923076923,0.0,0.0,0.6923076923076923,0.0,0.3076923076923077,0.883,0.0,100.0,0.0,0.0,0,0.0
dapper,outage,119,100.0,1000,7.544636632920723,31.97128927281031,34.12470746616695,34.92690319762808,7.544636632920723,0.0,0.7220765044472426,0.7220765044472426,0.0,0.0,0.0,1.0,0.733,0.0,0.0,0.0,0.0,0.0,0.0,0.0,0.0,0.0,23.599999999999998,0.0,0.0,76.4,434,434.0
deadline_greedy,outage,119,100.0,1000,25.164057317702014,34.11293595873482,34.76426510988522,34.98167944202057,25.164057317702014,0.0,0.723472982523979,0.723472982523979,0.0,0.0,0.0,0.0,0.0,0.0,0.0,0.0,0.0,0.0,0.0,0.0,0.0,0.0,100.0,0.0,0.0,0.0,0,0.0
confidence_deadline,outage,119,100.0,1000,25.164057317702014,34.11293595873482,34.76426510988522,34.98167944202057,25.164057317702014,0.0,0.723472982523979,0.723472982523979,0.0,0.0,0.0,0.0,0.0,0.0,0.0,0.0,0.0,0.0,0.0,0.0,0.0,0.0,100.0,0.0,0.0,0.0,0,0.0
rtt_threshold,outage,119,100.0,1000,25.164057317702014,34.11293595873482,34.76426510988522,34.98167944202057,25.164057317702014,0.0,0.723472982523979,0.723472982523979,0.0,0.0,0.0,0.0,0.0,0.0,0.0,0.0,0.0,0.0,0.0,0.0,0.0,0.0,100.0,0.0,0.0,0.0,0,0.0
oracle_feasible,outage,119,100.0,1000,25.164057317702014,34.11293595873482,34.76426510988522,34.98167944202057,25.164057317702014,0.0,0.723472982523979,0.723472982523979,0.0,0.0,0.0,0.0,0.0,0.0,0.0,0.0,0.0,0.0,0.0,0.0,0.0,0.0,100.0,0.0,0.0,0.0,0,0.0
local_only,outage,120,100.0,1000,24.94600197546218,34.02133884403966,34.77316786898165,34.99928906391148,24.94600197546218,0.0,0.7267861180891372,0.7267861180891372,0.0,0.0,0.0,0.0,0.0,0.0,0.0,0.0,0.0,0.0,0.0,0.0,0.0,0.0,100.0,0.0,0.0,0.0,0,0.0
edge_only,outage,120,100.0,1000,41.04600197546219,129.97710291738028,134.34317494118852,134.99421628964848,41.04600197546219,0.161,0.7267861180891372,0.6094901321245133,4025.0,4.025,4025.0000000000005,1.0,0.0,0.0,0.161,0.639751552795031,0.0,0.0,0.639751552795031,0.0,0.36024844720496896,0.839,0.0,100.0,0.0,0.0,0,0.0
cloud_only,outage,120,100.0,1000,41.04600197546219,129.97710291738028,134.34317494118852,134.99421628964848,41.04600197546219,0.161,0.7267861180891372,0.6094901321245133,5635.0,5.635,5635.0,1.0,0.0,0.0,0.161,0.6335403726708074,0.0,0.0,0.6335403726708074,0.0,0.36645962732919257,0.839,0.0,100.0,0.0,0.0,0,0.0
dapper,outage,120,100.0,1000,7.2966883444603,30.892941767709793,34.211465224522804,34.99743937003936,7.2966883444603,0.0,0.7277157448014966,0.7277157448014966,0.0,0.0,0.0,1.0,0.733,0.0,0.0,0.0,0.0,0.0,0.0,0.0,0.0,0.0,22.1,0.0,0.0,77.9,410,410.0
deadline_greedy,outage,120,100.0,1000,24.94600197546218,34.02133884403966,34.77316786898165,34.99928906391148,24.94600197546218,0.0,0.7267861180891372,0.7267861180891372,0.0,0.0,0.0,0.0,0.0,0.0,0.0,0.0,0.0,0.0,0.0,0.0,0.0,0.0,100.0,0.0,0.0,0.0,0,0.0
confidence_deadline,outage,120,100.0,1000,24.94600197546218,34.02133884403966,34.77316786898165,34.99928906391148,24.94600197546218,0.0,0.7267861180891372,0.7267861180891372,0.0,0.0,0.0,0.0,0.0,0.0,0.0,0.0,0.0,0.0,0.0,0.0,0.0,0.0,100.0,0.0,0.0,0.0,0,0.0
rtt_threshold,outage,120,100.0,1000,24.94600197546218,34.02133884403966,34.77316786898165,34.99928906391148,24.94600197546218,0.0,0.7267861180891372,0.7267861180891372,0.0,0.0,0.0,0.0,0.0,0.0,0.0,0.0,0.0,0.0,0.0,0.0,0.0,0.0,100.0,0.0,0.0,0.0,0,0.0
oracle_feasible,outage,120,100.0,1000,24.94600197546218,34.02133884403966,34.77316786898165,34.99928906391148,24.94600197546218,0.0,0.7267861180891372,0.7267861180891372,0.0,0.0,0.0,0.0,0.0,0.0,0.0,0.0,0.0,0.0,0.0,0.0,0.0,0.0,100.0,0.0,0.0,0.0,0,0.0
local_only,outage,121,100.0,1000,25.39689011593984,34.116511523239,34.70912103493411,34.94382633902894,25.39689011593984,0.0,0.7257453328109712,0.7257453328109712,0.0,0.0,0.0,0.0,0.0,0.0,0.0,0.0,0.0,0.0,0.0,0.0,0.0,0.0,100.0,0.0,0.0,0.0,0,0.0
edge_only,outage,121,100.0,1000,39.996890115939834,128.16267054374543,132.96847369972096,134.8856072400352,39.996890115939834,0.146,0.7257453328109712,0.6195192234312944,3650.0,3.65,3650.0,1.0,0.0,0.0,0.146,0.636986301369863,0.0,0.0,0.636986301369863,0.0,0.363013698630137,0.854,0.0,100.0,0.0,0.0,0,0.0
cloud_only,outage,121,100.0,1000,39.996890115939834,128.16267054374543,132.96847369972096,134.8856072400352,39.996890115939834,0.146,0.7257453328109712,0.6195192234312944,5110.0,5.11,5110.0,1.0,0.0,0.0,0.146,0.6506849315068494,0.0,0.0,0.6506849315068494,0.0,0.3493150684931507,0.854,0.0,100.0,0.0,0.0,0,0.0
dapper,outage,121,100.0,1000,7.333809267763978,31.109084311834984,33.97165026658857,34.64971422730907,7.333809267763978,0.0,0.7274434266949621,0.7274434266949621,0.0,0.0,0.0,1.0,0.738,0.0,0.0,0.0,0.0,0.0,0.0,0.0,0.0,0.0,22.7,0.0,0.0,77.3,427,427.0
deadline_greedy,outage,121,100.0,1000,25.39689011593984,34.116511523239,34.70912103493411,34.94382633902894,25.39689011593984,0.0,0.7257453328109712,0.7257453328109712,0.0,0.0,0.0,0.0,0.0,0.0,0.0,0.0,0.0,0.0,0.0,0.0,0.0,0.0,100.0,0.0,0.0,0.0,0,0.0
confidence_deadline,outage,121,100.0,1000,25.39689011593984,34.116511523239,34.70912103493411,34.94382633902894,25.39689011593984,0.0,0.7257453328109712,0.7257453328109712,0.0,0.0,0.0,0.0,0.0,0.0,0.0,0.0,0.0,0.0,0.0,0.0,0.0,0.0,100.0,0.0,0.0,0.0,0,0.0
rtt_threshold,outage,121,100.0,1000,25.39689011593984,34.116511523239,34.70912103493411,34.94382633902894,25.39689011593984,0.0,0.7257453328109712,0.7257453328109712,0.0,0.0,0.0,0.0,0.0,0.0,0.0,0.0,0.0,0.0,0.0,0.0,0.0,0.0,100.0,0.0,0.0,0.0,0,0.0
oracle_feasible,outage,121,100.0,1000,25.39689011593984,34.116511523239,34.70912103493411,34.94382633902894,25.39689011593984,0.0,0.7257453328109712,0.7257453328109712,0.0,0.0,0.0,0.0,0.0,0.0,0.0,0.0,0.0,0.0,0.0,0.0,0.0,0.0,100.0,0.0,0.0,0.0,0,0.0
local_only,outage,122,100.0,1000,24.91784817622202,33.71801808981592,34.83601820338085,34.986643071399804,24.91784817622202,0.0,0.724669895896402,0.724669895896402,0.0,0.0,0.0,0.0,0.0,0.0,0.0,0.0,0.0,0.0,0.0,0.0,0.0,0.0,100.0,0.0,0.0,0.0,0,0.0
edge_only,outage,122,100.0,1000,40.81784817622202,128.42732316312419,133.24714246885563,134.7877442417729,40.81784817622202,0.159,0.724669895896402,0.6100901475791497,3975.0,3.975,3975.0,1.0,0.0,0.0,0.159,0.6226415094339622,0.0,0.0,0.6226415094339622,0.0,0.37735849056603776,0.841,0.0,100.0,0.0,0.0,0,0.0
cloud_only,outage,122,100.0,1000,40.81784817622202,128.42732316312419,133.24714246885563,134.7877442417729,40.81784817622202,0.159,0.724669895896402,0.6100901475791497,5565.0,5.565,5565.0,1.0,0.0,0.0,0.159,0.6226415094339622,0.0,0.0,0.6226415094339622,0.0,0.37735849056603776,0.841,0.0,100.0,0.0,0.0,0,0.0
dapper,outage,122,100.0,1000,7.251434439695796,30.60696308430699,34.355640534389124,34.986643071399804,7.251434439695796,0.0,0.7230377555986962,0.7230377555986962,0.0,0.0,0.0,1.0,0.738,0.0,0.0,0.0,0.0,0.0,0.0,0.0,0.0,0.0,21.8,0.0,0.0,78.2,412,412.0
deadline_greedy,outage,122,100.0,1000,24.91784817622202,33.71801808981592,34.83601820338085,34.986643071399804,24.91784817622202,0.0,0.724669895896402,0.724669895896402,0.0,0.0,0.0,0.0,0.0,0.0,0.0,0.0,0.0,0.0,0.0,0.0,0.0,0.0,100.0,0.0,0.0,0.0,0,0.0
confidence_deadline,outage,122,100.0,1000,24.91784817622202,33.71801808981592,34.83601820338085,34.986643071399804,24.91784817622202,0.0,0.724669895896402,0.724669895896402,0.0,0.0,0.0,0.0,0.0,0.0,0.0,0.0,0.0,0.0,0.0,0.0,0.0,0.0,100.0,0.0,0.0,0.0,0,0.0
rtt_threshold,outage,122,100.0,1000,24.91784817622202,33.71801808981592,34.83601820338085,34.986643071399804,24.91784817622202,0.0,0.724669895896402,0.724669895896402,0.0,0.0,0.0,0.0,0.0,0.0,0.0,0.0,0.0,0.0,0.0,0.0,0.0,0.0,100.0,0.0,0.0,0.0,0,0.0
oracle_feasible,outage,122,100.0,1000,24.91784817622202,33.71801808981592,34.83601820338085,34.986643071399804,24.91784817622202,0.0,0.724669895896402,0.724669895896402,0.0,0.0,0.0,0.0,0.0,0.0,0.0,0.0,0.0,0.0,0.0,0.0,0.0,0.0,100.0,0.0,0.0,0.0,0,0.0
local_only,outage,123,100.0,1000,24.9098830623367,33.766672702021694,34.80179262645388,34.99250648214106,24.9098830623367,0.0,0.7250332455152484,0.7250332455152484,0.0,0.0,0.0,0.0,0.0,0.0,0.0,0.0,0.0,0.0,0.0,0.0,0.0,0.0,100.0,0.0,0.0,0.0,0,0.0
edge_only,outage,123,100.0,1000,40.809883062336695,127.97182717226136,133.67077712542584,134.99250648214107,40.809883062336695,0.159,0.7250332455152484,0.609545150134599,3975.0,3.975,3975.0,1.0,0.0,0.0,0.159,0.6540880503144654,0.0,0.0,0.6540880503144654,0.0,0.34591194968553457,0.841,0.0,100.0,0.0,0.0,0,0.0
cloud_only,outage,123,100.0,1000,40.809883062336695,127.97182717226136,133.67077712542584,134.99250648214107,40.809883062336695,0.159,0.7250332455152484,0.609545150134599,5565.0,5.565,5565.0,1.0,0.0,0.0,0.159,0.6037735849056604,0.0,0.0,0.6037735849056604,0.0,0.39622641509433965,0.841,0.0,100.0,0.0,0.0,0,0.0
dapper,outage,123,100.0,1000,7.348689071341893,31.31477153672879,33.77157051102519,34.93381679406212,7.348689071341893,0.0,0.7249842011830019,0.7249842011830019,0.0,0.0,0.0,1.0,0.734,0.0,0.0,0.0,0.0,0.0,0.0,0.0,0.0,0.0,22.6,0.0,0.0,77.4,416,416.0
deadline_greedy,outage,123,100.0,1000,24.9098830623367,33.766672702021694,34.80179262645388,34.99250648214106,24.9098830623367,0.0,0.7250332455152484,0.7250332455152484,0.0,0.0,0.0,0.0,0.0,0.0,0.0,0.0,0.0,0.0,0.0,0.0,0.0,0.0,100.0,0.0,0.0,0.0,0,0.0
confidence_deadline,outage,123,100.0,1000,24.9098830623367,33.766672702021694,34.80179262645388,34.99250648214106,24.9098830623367,0.0,0.7250332455152484,0.7250332455152484,0.0,0.0,0.0,0.0,0.0,0.0,0.0,0.0,0.0,0.0,0.0,0.0,0.0,0.0,100.0,0.0,0.0,0.0,0,0.0
rtt_threshold,outage,123,100.0,1000,24.9098830623367,33.766672702021694,34.80179262645388,34.99250648214106,24.9098830623367,0.0,0.7250332455152484,0.7250332455152484,0.0,0.0,0.0,0.0,0.0,0.0,0.0,0.0,0.0,0.0,0.0,0.0,0.0,0.0,100.0,0.0,0.0,0.0,0,0.0
oracle_feasible,outage,123,100.0,1000,24.9098830623367,33.766672702021694,34.80179262645388,34.99250648214106,24.9098830623367,0.0,0.7250332455152484,0.7250332455152484,0.0,0.0,0.0,0.0,0.0,0.0,0.0,0.0,0.0,0.0,0.0,0.0,0.0,0.0,100.0,0.0,0.0,0.0,0,0.0
local_only,outage,124,100.0,1000,25.122158339316698,33.955810450594,34.744990010384385,34.95517797561206,25.122158339316698,0.0,0.7263361983776193,0.7263361983776193,0.0,0.0,0.0,0.0,0.0,0.0,0.0,0.0,0.0,0.0,0.0,0.0,0.0,0.0,100.0,0.0,0.0,0.0,0,0.0
edge_only,outage,124,100.0,1000,40.22215833931669,127.63643405905195,132.59415606113544,134.31994154970758,40.22215833931669,0.151,0.7263361983776193,0.6169839038649719,3775.0,3.775,3775.0,1.0,0.0,0.0,0.151,0.6026490066225165,0.0,0.0,0.6026490066225165,0.0,0.3973509933774834,0.849,0.0,100.0,0.0,0.0,0,0.0
cloud_only,outage,124,100.0,1000,40.22215833931669,127.63643405905195,132.59415606113544,134.31994154970758,40.22215833931669,0.151,0.7263361983776193,0.6169839038649719,5285.0,5.285,5285.0,1.0,0.0,0.0,0.151,0.6821192052980133,0.0,0.0,0.6821192052980133,0.0,0.31788079470198677,0.849,0.0,100.0,0.0,0.0,0,0.0
dapper,outage,124,100.0,1000,7.660167119732145,32.1804553486177,34.264528586595944,34.941792593643456,7.660167119732145,0.0,0.7230039723105824,0.7230039723105824,0.0,0.0,0.0,1.0,0.731,0.0,0.0,0.0,0.0,0.0,0.0,0.0,0.0,0.0,22.3,0.0,0.0,77.7,400,400.0
deadline_greedy,outage,124,100.0,1000,25.122158339316698,33.955810450594,34.744990010384385,34.95517797561206,25.122158339316698,0.0,0.7263361983776193,0.7263361983776193,0.0,0.0,0.0,0.0,0.0,0.0,0.0,0.0,0.0,0.0,0.0,0.0,0.0,0.0,100.0,0.0,0.0,0.0,0,0.0
confidence_deadline,outage,124,100.0,1000,25.122158339316698,33.955810450594,34.744990010384385,34.95517797561206,25.122158339316698,0.0,0.7263361983776193,0.7263361983776193,0.0,0.0,0.0,0.0,0.0,0.0,0.0,0.0,0.0,0.0,0.0,0.0,0.0,0.0,100.0,0.0,0.0,0.0,0,0.0
rtt_threshold,outage,124,100.0,1000,25.122158339316698,33.955810450594,34.744990010384385,34.95517797561206,25.122158339316698,0.0,0.7263361983776193,0.7263361983776193,0.0,0.0,0.0,0.0,0.0,0.0,0.0,0.0,0.0,0.0,0.0,0.0,0.0,0.0,100.0,0.0,0.0,0.0,0,0.0
oracle_feasible,outage,124,100.0,1000,25.122158339316698,33.955810450594,34.744990010384385,34.95517797561206,25.122158339316698,0.0,0.7263361983776193,0.7263361983776193,0.0,0.0,0.0,0.0,0.0,0.0,0.0,0.0,0.0,0.0,0.0,0.0,0.0,0.0,100.0,0.0,0.0,0.0,0,0.0
local_only,outage,125,100.0,1000,24.818301629250527,33.954278140093685,34.660655636013644,34.97323235440945,24.818301629250527,0.0,0.7241776076083546,0.7241776076083546,0.0,0.0,0.0,0.0,0.0,0.0,0.0,0.0,0.0,0.0,0.0,0.0,0.0,0.0,100.0,0.0,0.0,0.0,0,0.0
edge_only,outage,125,100.0,1000,38.01830162925054,127.95927050191432,132.6719925982221,134.90591233261034,38.01830162925054,0.132,0.7241776076083546,0.6287584860970776,3300.0,3.3,3300.0,1.0,0.0,0.0,0.132,0.6515151515151515,0.0,0.0,0.6515151515151515,0.0,0.3484848484848485,0.868,0.0,100.0,0.0,0.0,0,0.0
cloud_only,outage,125,100.0,1000,38.01830162925054,127.95927050191432,132.6719925982221,134.90591233261034,38.01830162925054,0.132,0.7241776076083546,0.6287584860970776,4620.0,4.62,4620.0,1.0,0.0,0.0,0.132,0.7121212121212122,0.0,0.0,0.7121212121212122,0.0,0.2878787878787879,0.868,0.0,100.0,0.0,0.0,0,0.0
dapper,outage,125,100.0,1000,7.350838089581009,31.434653948905787,34.32904496368304,34.97323235440945,7.350838089581009,0.0,0.7221812250823167,0.7221812250823167,0.0,0.0,0.0,1.0,0.733,0.0,0.0,0.0,0.0,0.0,0.0,0.0,0.0,0.0,23.200000000000003,0.0,0.0,76.8,428,428.0
deadline_greedy,outage,125,100.0,1000,24.818301629250527,33.954278140093685,34.660655636013644,34.97323235440945,24.818301629250527,0.0,0.7241776076083546,0.7241776076083546,0.0,0.0,0.0,0.0,0.0,0.0,0.0,0.0,0.0,0.0,0.0,0.0,0.0,0.0,100.0,0.0,0.0,0.0,0,0.0
confidence_deadline,outage,125,100.0,1000,24.818301629250527,33.954278140093685,34.660655636013644,34.97323235440945,24.818301629250527,0.0,0.7241776076083546,0.7241776076083546,0.0,0.0,0.0,0.0,0.0,0.0,0.0,0.0,0.0,0.0,0.0,0.0,0.0,0.0,100.0,0.0,0.0,0.0,0,0.0
rtt_threshold,outage,125,100.0,1000,24.818301629250527,33.954278140093685,34.660655636013644,34.97323235440945,24.818301629250527,0.0,0.7241776076083546,0.7241776076083546,0.0,0.0,0.0,0.0,0.0,0.0,0.0,0.0,0.0,0.0,0.0,0.0,0.0,0.0,100.0,0.0,0.0,0.0,0,0.0
oracle_feasible,outage,125,100.0,1000,24.818301629250527,33.954278140093685,34.660655636013644,34.97323235440945,24.818301629250527,0.0,0.7241776076083546,0.7241776076083546,0.0,0.0,0.0,0.0,0.0,0.0,0.0,0.0,0.0,0.0,0.0,0.0,0.0,0.0,100.0,0.0,0.0,0.0,0,0.0
local_only,outage,126,100.0,1000,25.23106770661087,34.03797179421306,34.767259767498835,34.99530404733341,25.23106770661087,0.0,0.7257348957365909,0.7257348957365909,0.0,0.0,0.0,0.0,0.0,0.0,0.0,0.0,0.0,0.0,0.0,0.0,0.0,0.0,100.0,0.0,0.0,0.0,0,0.0
edge_only,outage,126,100.0,1000,40.23106770661088,129.96889981753802,134.13997114445812,134.95989934345036,40.23106770661088,0.15,0.7257348957365909,0.6166738166918981,3750.0,3.75,3750.0,1.0,0.0,0.0,0.15,0.6466666666666666,0.0,0.0,0.6466666666666666,0.0,0.35333333333333333,0.85,0.0,100.0,0.0,0.0,0,0.0
cloud_only,outage,126,100.0,1000,40.23106770661088,129.96889981753802,134.13997114445812,134.95989934345036,40.23106770661088,0.15,0.7257348957365909,0.6166738166918981,5250.0,5.25,5250.0,1.0,0.0,0.0,0.15,0.7333333333333333,0.0,0.0,0.7333333333333333,0.0,0.26666666666666666,0.85,0.0,100.0,0.0,0.0,0,0.0
dapper,outage,126,100.0,1000,7.215129876013096,30.710400018658593,33.86622552192073,34.99530404733341,7.215129876013096,0.0,0.725540342550057,0.725540342550057,0.0,0.0,0.0,1.0,0.738,0.0,0.0,0.0,0.0,0.0,0.0,0.0,0.0,0.0,22.6,0.0,0.0,77.4,428,428.0
deadline_greedy,outage,126,100.0,1000,25.23106770661087,34.03797179421306,34.767259767498835,34.99530404733341,25.23106770661087,0.0,0.7257348957365909,0.7257348957365909,0.0,0.0,0.0,0.0,0.0,0.0,0.0,0.0,0.0,0.0,0.0,0.0,0.0,0.0,100.0,0.0,0.0,0.0,0,0.0
confidence_deadline,outage,126,100.0,1000,25.23106770661087,34.03797179421306,34.767259767498835,34.99530404733341,25.23106770661087,0.0,0.7257348957365909,0.7257348957365909,0.0,0.0,0.0,0.0,0.0,0.0,0.0,0.0,0.0,0.0,0.0,0.0,0.0,0.0,100.0,0.0,0.0,0.0,0,0.0
rtt_threshold,outage,126,100.0,1000,25.23106770661087,34.03797179421306,34.767259767498835,34.99530404733341,25.23106770661087,0.0,0.7257348957365909,0.7257348957365909,0.0,0.0,0.0,0.0,0.0,0.0,0.0,0.0,0.0,0.0,0.0,0.0,0.0,0.0,100.0,0.0,0.0,0.0,0,0.0
oracle_feasible,outage,126,100.0,1000,25.23106770661087,34.03797179421306,34.767259767498835,34.99530404733341,25.23106770661087,0.0,0.7257348957365909,0.7257348957365909,0.0,0.0,0.0,0.0,0.0,0.0,0.0,0.0,0.0,0.0,0.0,0.0,0.0,0.0,100.0,0.0,0.0,0.0,0,0.0
local_only,outage,127,100.0,1000,24.923412974109144,33.79397782531379,34.65630494367863,34.985261757722654,24.923412974109144,0.0,0.7240902198990757,0.7240902198990757,0.0,0.0,0.0,0.0,0.0,0.0,0.0,0.0,0.0,0.0,0.0,0.0,0.0,0.0,100.0,0.0,0.0,0.0,0,0.0
edge_only,outage,127,100.0,1000,42.02341297410914,129.3641349449318,133.05535557383138,134.97263858073012,42.02341297410914,0.171,0.7240902198990757,0.6003752762716822,4275.0,4.275,4275.0,1.0,0.0,0.0,0.171,0.6666666666666666,0.0,0.0,0.6666666666666666,0.0,0.3333333333333333,0.829,0.0,100.0,0.0,0.0,0,0.0
cloud_only,outage,127,100.0,1000,42.02341297410914,129.3641349449318,133.05535557383138,134.97263858073012,42.02341297410914,0.171,0.7240902198990757,0.6003752762716822,5985.0,5.985,5985.0,1.0,0.0,0.0,0.171,0.5672514619883041,0.0,0.0,0.5672514619883041,0.0,0.4327485380116959,0.829,0.0,100.0,0.0,0.0,0,0.0
dapper,outage,127,100.0,1000,7.168677740371282,30.32721903409148,33.88590346281151,34.91862325958482,7.168677740371282,0.0,0.7321660926795039,0.7321660926795039,0.0,0.0,0.0,1.0,0.738,0.0,0.0,0.0,0.0,0.0,0.0,0.0,0.0,0.0,21.9,0.0,0.0,78.10000000000001,409,409.0
deadline_greedy,outage,127,100.0,1000,24.923412974109144,33.79397782531379,34.65630494367863,34.985261757722654,24.923412974109144,0.0,0.7240902198990757,0.7240902198990757,0.0,0.0,0.0,0.0,0.0,0.0,0.0,0.0,0.0,0.0,0.0,0.0,0.0,0.0,100.0,0.0,0.0,0.0,0,0.0
confidence_deadline,outage,127,100.0,1000,24.923412974109144,33.79397782531379,34.65630494367863,34.985261757722654,24.923412974109144,0.0,0.7240902198990757,0.7240902198990757,0.0,0.0,0.0,0.0,0.0,0.0,0.0,0.0,0.0,0.0,0.0,0.0,0.0,0.0,100.0,0.0,0.0,0.0,0,0.0
rtt_threshold,outage,127,100.0,1000,24.923412974109144,33.79397782531379,34.65630494367863,34.985261757722654,24.923412974109144,0.0,0.7240902198990757,0.7240902198990757,0.0,0.0,0.0,0.0,0.0,0.0,0.0,0.0,0.0,0.0,0.0,0.0,0.0,0.0,100.0,0.0,0.0,0.0,0,0.0
oracle_feasible,outage,127,100.0,1000,24.923412974109144,33.79397782531379,34.65630494367863,34.985261757722654,24.923412974109144,0.0,0.7240902198990757,0.7240902198990757,0.0,0.0,0.0,0.0,0.0,0.0,0.0,0.0,0.0,0.0,0.0,0.0,0.0,0.0,100.0,0.0,0.0,0.0,0,0.0
local_only,outage,128,100.0,1000,24.759010389124708,33.989013520118036,34.836632068959624,34.998784469994746,24.759010389124708,0.0,0.7263071954246844,0.7263071954246844,0.0,0.0,0.0,0.0,0.0,0.0,0.0,0.0,0.0,0.0,0.0,0.0,0.0,0.0,100.0,0.0,0.0,0.0,0,0.0
edge_only,outage,128,100.0,1000,38.35901038912471,126.93332431955034,132.9646794633437,134.80638907235652,38.35901038912471,0.136,0.7263071954246844,0.6273399038150296,3400.0,3.4,3400.0,1.0,0.0,0.0,0.136,0.6617647058823529,0.0,0.0,0.6617647058823529,0.0,0.3382352941176471,0.864,0.0,100.0,0.0,0.0,0,0.0
cloud_only,outage,128,100.0,1000,38.35901038912471,126.93332431955034,132.9646794633437,134.80638907235652,38.35901038912471,0.136,0.7263071954246844,0.6273399038150296,4760.0,4.76,4760.0,1.0,0.0,0.0,0.136,0.6029411764705882,0.0,0.0,0.6029411764705882,0.0,0.39705882352941174,0.864,0.0,100.0,0.0,0.0,0,0.0
dapper,outage,128,100.0,1000,7.182658284101614,30.07092856934142,34.160945540901714,34.96572059102459,7.182658284101614,0.0,0.7245057292187558,0.7245057292187558,0.0,0.0,0.0,1.0,0.736,0.0,0.0,0.0,0.0,0.0,0.0,0.0,0.0,0.0,23.0,0.0,0.0,77.0,428,428.0
deadline_greedy,outage,128,100.0,1000,24.759010389124708,33.989013520118036,34.836632068959624,34.998784469994746,24.759010389124708,0.0,0.7263071954246844,0.7263071954246844,0.0,0.0,0.0,0.0,0.0,0.0,0.0,0.0,0.0,0.0,0.0,0.0,0.0,0.0,100.0,0.0,0.0,0.0,0,0.0
confidence_deadline,outage,128,100.0,1000,24.759010389124708,33.989013520118036,34.836632068959624,34.998784469994746,24.759010389124708,0.0,0.7263071954246844,0.7263071954246844,0.0,0.0,0.0,0.0,0.0,0.0,0.0,0.0,0.0,0.0,0.0,0.0,0.0,0.0,100.0,0.0,0.0,0.0,0,0.0
rtt_threshold,outage,128,100.0,1000,24.759010389124708,33.989013520118036,34.836632068959624,34.998784469994746,24.759010389124708,0.0,0.7263071954246844,0.7263071954246844,0.0,0.0,0.0,0.0,0.0,0.0,0.0,0.0,0.0,0.0,0.0,0.0,0.0,0.0,100.0,0.0,0.0,0.0,0,0.0
oracle_feasible,outage,128,100.0,1000,24.759010389124708,33.989013520118036,34.836632068959624,34.998784469994746,24.759010389124708,0.0,0.7263071954246844,0.7263071954246844,0.0,0.0,0.0,0.0,0.0,0.0,0.0,0.0,0.0,0.0,0.0,0.0,0.0,0.0,100.0,0.0,0.0,0.0,0,0.0
local_only,outage,129,100.0,1000,24.814640397745123,33.6774869913186,34.620175414084976,34.97529884555047,24.814640397745123,0.0,0.725010207091191,0.725010207091191,0.0,0.0,0.0,0.0,0.0,0.0,0.0,0.0,0.0,0.0,0.0,0.0,0.0,0.0,100.0,0.0,0.0,0.0,0,0.0
edge_only,outage,129,100.0,1000,43.21464039774513,129.60748335580305,134.22610271972107,134.97529884555047,43.21464039774513,0.184,0.725010207091191,0.5920619301407865,4600.0,4.6,4600.0,1.0,0.0,0.0,0.184,0.7119565217391305,0.0,0.0,0.7119565217391305,0.0,0.28804347826086957,0.816,0.0,100.0,0.0,0.0,0,0.0
cloud_only,outage,129,100.0,1000,43.21464039774513,129.60748335580305,134.22610271972107,134.97529884555047,43.21464039774513,0.184,0.725010207091191,0.5920619301407865,6440.0,6.44,6440.0,1.0,0.0,0.0,0.184,0.6358695652173914,0.0,0.0,0.6358695652173914,0.0,0.3641304347826087,0.816,0.0,100.0,0.0,0.0,0,0.0
dapper,outage,129,100.0,1000,7.192894149462109,30.305709714834187,34.22738591997794,34.97529884555047,7.192894149462109,0.0,0.7266441172681618,0.7266441172681618,0.0,0.0,0.0,1.0,0.738,0.0,0.0,0.0,0.0,0.0,0.0,0.0,0.0,0.0,21.3,0.0,0.0,78.7,404,404.0
deadline_greedy,outage,129,100.0,1000,24.814640397745123,33.6774869913186,34.620175414084976,34.97529884555047,24.814640397745123,0.0,0.725010207091191,0.725010207091191,0.0,0.0,0.0,0.0,0.0,0.0,0.0,0.0,0.0,0.0,0.0,0.0,0.0,0.0,100.0,0.0,0.0,0.0,0,0.0
confidence_deadline,outage,129,100.0,1000,24.814640397745123,33.6774869913186,34.620175414084976,34.97529884555047,24.814640397745123,0.0,0.725010207091191,0.725010207091191,0.0,0.0,0.0,0.0,0.0,0.0,0.0,0.0,0.0,0.0,0.0,0.0,0.0,0.0,100.0,0.0,0.0,0.0,0,0.0
rtt_threshold,outage,129,100.0,1000,24.814640397745123,33.6774869913186,34.620175414084976,34.97529884555047,24.814640397745123,0.0,0.725010207091191,0.725010207091191,0.0,0.0,0.0,0.0,0.0,0.0,0.0,0.0,0.0,0.0,0.0,0.0,0.0,0.0,100.0,0.0,0.0,0.0,0,0.0
oracle_feasible,outage,129,100.0,1000,24.814640397745123,33.6774869913186,34.620175414084976,34.97529884555047,24.814640397745123,0.0,0.725010207091191,0.725010207091191,0.0,0.0,0.0,0.0,0.0,0.0,0.0,0.0,0.0,0.0,0.0,0.0,0.0,0.0,100.0,0.0,0.0,0.0,0,0.0
