deadline_sweep_ms,profile,policy,metric,mean,std,ci_lo,ci_hi,n_seeds
50.0,stable,local_only,delivered_recall,0.6241299751101134,0.0,0.6241299751101134,0.6241299751101134,10
50.0,stable,local_only,delivered_safety_recall,0.7174829557521651,1.1702778228589004e-16,0.7174829557521651,0.7174829557521651,10
50.0,stable,local_only,delivered_recall_fresh_only,0.6385726522200994,0.0,0.6385726522200994,0.6385726522200994,10
50.0,stable,local_only,delivered_safety_recall_fresh_only,0.7348134619297538,0.0,0.7348134619297538,0.7348134619297538,10
50.0,stable,local_only,deadline_miss_rate,0.0224,0.0,0.0224,0.0224,10
50.0,stable,local_only,p95_latency_ms,45.673494995571694,7.489778066296963e-15,45.673494995571694,45.673494995571694,10
50.0,stable,local_only,mean_latency_ms,35.19284060007193,7.489778066296963e-15,35.19284060007193,35.19284060007193,10
50.0,stable,local_only,usable_confidence_proxy,0.8010538005888461,1.1702778228589004e-16,0.8010538005888461,0.8010538005888461,10
50.0,stable,local_only,bandwidth_per_1000_frames_kb,0.0,0.0,0.0,0.0,10
50.0,stable,local_only,remote_output_share,0.0,0.0,0.0,0.0,10
50.0,stable,local_only,usable_output_rate,0.9776000000000001,1.1702778228589004e-16,0.9776000000000001,0.9776000000000001,10
50.0,stable,local_only,reuse_rate,0.0,0.0,0.0,0.0,10
50.0,stable,local_only,remote_attempt_rate,0.0,0.0,0.0,0.0,10
50.0,stable,local_only,remote_accept_rate,0.0,0.0,0.0,0.0,10
50.0,stable,local_only,pct_local_fast,100.0,0.0,100.0,100.0,10
50.0,stable,local_only,pct_edge_accurate,0.0,0.0,0.0,0.0,10
50.0,stable,local_only,pct_hybrid,0.0,0.0,0.0,0.0,10
50.0,stable,local_only,pct_degraded_safe,0.0,0.0,0.0,0.0,10
50.0,stable,edge_only,delivered_recall,0.7370853668995824,0.0009159672602696837,0.736592390891052,0.7376704038869276,10
50.0,stable,edge_only,delivered_safety_recall,0.8114938052455181,0.0011393152808954466,0.810815267923711,0.812132763991304,10
50.0,stable,edge_only,delivered_recall_fresh_only,0.74673633800362,0.0003350523836500326,0.7465382533273991,0.7469288530029717,10
50.0,stable,edge_only,delivered_safety_recall_fresh_only,0.8224678413699289,0.0004599696763586956,0.8222089716598597,0.8227447403804097,10
50.0,stable,edge_only,deadline_miss_rate,0.0129,0.0011518101695447327,0.01218,0.01354,10
50.0,stable,edge_only,p95_latency_ms,37.80014370397932,0.1140964832270376,37.72552964623993,37.85811591782492,10
50.0,stable,edge_only,mean_latency_ms,34.53220699700911,0.08927094683271364,34.47725197375569,34.5824970087394,10
50.0,stable,edge_only,usable_confidence_proxy,0.8697070983302593,0.0011088296675505602,0.8690847650084943,0.8703918185183108,10
50.0,stable,edge_only,bandwidth_per_1000_frames_kb,25000.0,0.0,25000.0,25000.0,10
50.0,stable,edge_only,remote_output_share,0.9871000000000001,0.001151810169544696,0.9864599999999999,0.9878199999999999,10
50.0,stable,edge_only,usable_output_rate,0.9871000000000001,0.001151810169544696,0.9864599999999999,0.9878199999999999,10
50.0,stable,edge_only,reuse_rate,0.0,0.0,0.0,0.0,10
50.0,stable,edge_only,remote_attempt_rate,1.0,0.0,1.0,1.0,10
50.0,stable,edge_only,remote_accept_rate,0.9871000000000001,0.001151810169544696,0.9864599999999999,0.9878199999999999,10
50.0,stable,edge_only,pct_local_fast,0.0,0.0,0.0,0.0,10
50.0,stable,edge_only,pct_edge_accurate,100.0,0.0,100.0,100.0,10
50.0,stable,edge_only,pct_hybrid,0.0,0.0,0.0,0.0,10
50.0,stable,edge_only,pct_degraded_safe,0.0,0.0,0.0,0.0,10
50.0,stable,cloud_only,delivered_recall,0.0,0.0,0.0,0.0,10
50.0,stable,cloud_only,delivered_safety_recall,0.0,0.0,0.0,0.0,10
50.0,stable,cloud_only,delivered_recall_fresh_only,,,,,0
50.0,stable,cloud_only,delivered_safety_recall_fresh_only,,,,,0
50.0,stable,cloud_only,deadline_miss_rate,1.0,0.0,1.0,1.0,10
50.0,stable,cloud_only,p95_latency_ms,95.6734949955717,0.0,95.6734949955717,95.6734949955717,10
50.0,stable,cloud_only,mean_latency_ms,85.19284060007195,0.0,85.19284060007195,85.19284060007195,10
50.0,stable,cloud_only,usable_confidence_proxy,0.0,0.0,0.0,0.0,10
50.0,stable,cloud_only,bandwidth_per_1000_frames_kb,35000.0,0.0,35000.0,35000.0,10
50.0,stable,cloud_only,remote_output_share,0.0,0.0,0.0,0.0,10
50.0,stable,cloud_only,usable_output_rate,0.0,0.0,0.0,0.0,10
50.0,stable,cloud_only,reuse_rate,0.0,0.0,0.0,0.0,10
50.0,stable,cloud_only,remote_attempt_rate,1.0,0.0,1.0,1.0,10
50.0,stable,cloud_only,remote_accept_rate,0.0,0.0,0.0,0.0,10
50.0,stable,cloud_only,pct_local_fast,0.0,0.0,0.0,0.0,10
50.0,stable,cloud_only,pct_edge_accurate,100.0,0.0,100.0,100.0,10
50.0,stable,cloud_only,pct_hybrid,0.0,0.0,0.0,0.0,10
50.0,stable,cloud_only,pct_degraded_safe,0.0,0.0,0.0,0.0,10
50.0,stable,dapper,delivered_recall,0.6241299751101134,0.0,0.6241299751101134,0.6241299751101134,10
50.0,stable,dapper,delivered_safety_recall,0.7174829557521651,1.1702778228589004e-16,0.7174829557521651,0.7174829557521651,10
50.0,stable,dapper,delivered_recall_fresh_only,0.6385726522200994,0.0,0.6385726522200994,0.6385726522200994,10
50.0,stable,dapper,delivered_safety_recall_fresh_only,0.7348134619297538,0.0,0.7348134619297538,0.7348134619297538,10
50.0,stable,dapper,deadline_miss_rate,0.0224,0.0,0.0224,0.0224,10
50.0,stable,dapper,p95_latency_ms,45.673494995571694,7.489778066296963e-15,45.673494995571694,45.673494995571694,10
50.0,stable,dapper,mean_latency_ms,35.19284060007193,7.489778066296963e-15,35.19284060007193,35.19284060007193,10
50.0,stable,dapper,usable_confidence_proxy,0.8010538005888461,1.1702778228589004e-16,0.8010538005888461,0.8010538005888461,10
50.0,stable,dapper,bandwidth_per_1000_frames_kb,0.0,0.0,0.0,0.0,10
50.0,stable,dapper,remote_output_share,0.0,0.0,0.0,0.0,10
50.0,stable,dapper,usable_output_rate,0.9776000000000001,1.1702778228589004e-16,0.9776000000000001,0.9776000000000001,10
50.0,stable,dapper,reuse_rate,0.0,0.0,0.0,0.0,10
50.0,stable,dapper,remote_attempt_rate,0.0,0.0,0.0,0.0,10
50.0,stable,dapper,remote_accept_rate,0.0,0.0,0.0,0.0,10
50.0,stable,dapper,pct_local_fast,100.0,0.0,100.0,100.0,10
50.0,stable,dapper,pct_edge_accurate,0.0,0.0,0.0,0.0,10
50.0,stable,dapper,pct_hybrid,0.0,0.0,0.0,0.0,10
50.0,stable,dapper,pct_degraded_safe,0.0,0.0,0.0,0.0,10
50.0,stable,deadline_greedy,delivered_recall,0.6241299751101134,0.0,0.6241299751101134,0.6241299751101134,10
50.0,stable,deadline_greedy,delivered_safety_recall,0.7174829557521651,1.1702778228589004e-16,0.7174829557521651,0.7174829557521651,10
50.0,stable,deadline_greedy,delivered_recall_fresh_only,0.6385726522200994,0.0,0.6385726522200994,0.6385726522200994,10
50.0,stable,deadline_greedy,delivered_safety_recall_fresh_only,0.7348134619297538,0.0,0.7348134619297538,0.7348134619297538,10
50.0,stable,deadline_greedy,deadline_miss_rate,0.0224,0.0,0.0224,0.0224,10
50.0,stable,deadline_greedy,p95_latency_ms,45.673494995571694,7.489778066296963e-15,45.673494995571694,45.673494995571694,10
50.0,stable,deadline_greedy,mean_latency_ms,35.19284060007193,7.489778066296963e-15,35.19284060007193,35.19284060007193,10
50.0,stable,deadline_greedy,usable_confidence_proxy,0.8010538005888461,1.1702778228589004e-16,0.8010538005888461,0.8010538005888461,10
50.0,stable,deadline_greedy,bandwidth_per_1000_frames_kb,0.0,0.0,0.0,0.0,10
50.0,stable,deadline_greedy,remote_output_share,0.0,0.0,0.0,0.0,10
50.0,stable,deadline_greedy,usable_output_rate,0.9776000000000001,1.1702778228589004e-16,0.9776000000000001,0.9776000000000001,10
50.0,stable,deadline_greedy,reuse_rate,0.0,0.0,0.0,0.0,10
50.0,stable,deadline_greedy,remote_attempt_rate,0.0,0.0,0.0,0.0,10
50.0,stable,deadline_greedy,remote_accept_rate,0.0,0.0,0.0,0.0,10
50.0,stable,deadline_greedy,pct_local_fast,100.0,0.0,100.0,100.0,10
50.0,stable,deadline_greedy,pct_edge_accurate,0.0,0.0,0.0,0.0,10
50.0,stable,deadline_greedy,pct_hybrid,0.0,0.0,0.0,0.0,10
50.0,stable,deadline_greedy,pct_degraded_safe,0.0,0.0,0.0,0.0,10
50.0,stable,confidence_deadline,delivered_recall,0.6241299751101134,0.0,0.6241299751101134,0.6241299751101134,10
50.0,stable,confidence_deadline,delivered_safety_recall,0.7174829557521651,1.1702778228589004e-16,0.7174829557521651,0.7174829557521651,10
50.0,stable,confidence_deadline,delivered_recall_fresh_only,0.6385726522200994,0.0,0.6385726522200994,0.6385726522200994,10
50.0,stable,confidence_deadline,delivered_safety_recall_fresh_only,0.7348134619297538,0.0,0.7348134619297538,0.7348134619297538,10
50.0,stable,confidence_deadline,deadline_miss_rate,0.0224,0.0,0.0224,0.0224,10
50.0,stable,confidence_deadline,p95_latency_ms,45.673494995571694,7.489778066296963e-15,45.673494995571694,45.673494995571694,10
50.0,stable,confidence_deadline,mean_latency_ms,35.19284060007193,7.489778066296963e-15,35.19284060007193,35.19284060007193,10
50.0,stable,confidence_deadline,usable_confidence_proxy,0.8010538005888461,1.1702778228589004e-16,0.8010538005888461,0.8010538005888461,10
50.0,stable,confidence_deadline,bandwidth_per_1000_frames_kb,0.0,0.0,0.0,0.0,10
50.0,stable,confidence_deadline,remote_output_share,0.0,0.0,0.0,0.0,10
50.0,stable,confidence_deadline,usable_output_rate,0.9776000000000001,1.1702778228589004e-16,0.9776000000000001,0.9776000000000001,10
50.0,stable,confidence_deadline,reuse_rate,0.0,0.0,0.0,0.0,10
50.0,stable,confidence_deadline,remote_attempt_rate,0.0,0.0,0.0,0.0,10
50.0,stable,confidence_deadline,remote_accept_rate,0.0,0.0,0.0,0.0,10
50.0,stable,confidence_deadline,pct_local_fast,100.0,0.0,100.0,100.0,10
50.0,stable,confidence_deadline,pct_edge_accurate,0.0,0.0,0.0,0.0,10
50.0,stable,confidence_deadline,pct_hybrid,0.0,0.0,0.0,0.0,10
50.0,stable,confidence_deadline,pct_degraded_safe,0.0,0.0,0.0,0.0,10
50.0,stable,oracle_feasible,delivered_recall,0.7320699559244928,0.00028578756698202754,0.7319014335454234,0.732243987421584,10
50.0,stable,oracle_feasible,delivered_safety_recall,0.8099202641830017,0.0005081548471566978,0.8096212362745144,0.8102033629945288,10
50.0,stable,oracle_feasible,delivered_recall_fresh_only,0.7342049493983067,0.00022434300378432033,0.7340763505068084,0.7343433034899799,10
50.0,stable,oracle_feasible,delivered_safety_recall_fresh_only,0.8132906922231868,0.00044531631659624186,0.8130272729101379,0.8135458142911748,10
50.0,stable,oracle_feasible,deadline_miss_rate,0.0028799999999999997,0.00013984117975602027,0.00282,0.0029600000000000004,10
50.0,stable,oracle_feasible,p95_latency_ms,38.03267540487328,0.08042776055438891,37.98264146308706,38.07625875583153,10
50.0,stable,oracle_feasible,mean_latency_ms,34.04121557893258,0.05456942045336684,34.007105448094194,34.070238633304676,10
50.0,stable,oracle_feasible,usable_confidence_proxy,0.8853779381108284,0.000257257749627256,0.8852243058713526,0.8855298612458258,10
50.0,stable,oracle_feasible,bandwidth_per_1000_frames_kb,21000.5,24.99444382702328,20986.5,21016.0,10
50.0,stable,oracle_feasible,remote_output_share,0.84002,0.0009997777530809293,0.8394600000000001,0.8406399999999999,10
50.0,stable,oracle_feasible,usable_output_rate,0.99712,0.00013984117975600482,0.9970399999999999,0.99718,10
50.0,stable,oracle_feasible,reuse_rate,0.0,0.0,0.0,0.0,10
50.0,stable,oracle_feasible,remote_attempt_rate,0.84002,0.0009997777530809293,0.8394600000000001,0.8406399999999999,10
50.0,stable,oracle_feasible,remote_accept_rate,1.0,0.0,1.0,1.0,10
50.0,stable,oracle_feasible,pct_local_fast,15.998000000000001,0.09997777530809294,15.936000000000002,16.054,10
50.0,stable,oracle_feasible,pct_edge_accurate,84.002,0.09997777530809636,83.946,84.06400000000001,10
50.0,stable,oracle_feasible,pct_hybrid,0.0,0.0,0.0,0.0,10
50.0,stable,oracle_feasible,pct_degraded_safe,0.0,0.0,0.0,0.0,10
50.0,congested,local_only,delivered_recall,0.6241299751101134,0.0,0.6241299751101134,0.6241299751101134,10
50.0,congested,local_only,delivered_safety_recall,0.7174829557521651,1.1702778228589004e-16,0.7174829557521651,0.7174829557521651,10
50.0,congested,local_only,delivered_recall_fresh_only,0.6385726522200994,0.0,0.6385726522200994,0.6385726522200994,10
50.0,congested,local_only,delivered_safety_recall_fresh_only,0.7348134619297538,0.0,0.7348134619297538,0.7348134619297538,10
50.0,congested,local_only,deadline_miss_rate,0.0224,0.0,0.0224,0.0224,10
50.0,congested,local_only,p95_latency_ms,45.673494995571694,7.489778066296963e-15,45.673494995571694,45.673494995571694,10
50.0,congested,local_only,mean_latency_ms,35.19284060007193,7.489778066296963e-15,35.19284060007193,35.19284060007193,10
50.0,congested,local_only,usable_confidence_proxy,0.8010538005888461,1.1702778228589004e-16,0.8010538005888461,0.8010538005888461,10
50.0,congested,local_only,bandwidth_per_1000_frames_kb,0.0,0.0,0.0,0.0,10
50.0,congested,local_only,remote_output_share,0.0,0.0,0.0,0.0,10
50.0,congested,local_only,usable_output_rate,0.9776000000000001,1.1702778228589004e-16,0.9776000000000001,0.9776000000000001,10
50.0,congested,local_only,reuse_rate,0.0,0.0,0.0,0.0,10
50.0,congested,local_only,remote_attempt_rate,0.0,0.0,0.0,0.0,10
50.0,congested,local_only,remote_accept_rate,0.0,0.0,0.0,0.0,10
50.0,congested,local_only,pct_local_fast,100.0,0.0,100.0,100.0,10
50.0,congested,local_only,pct_edge_accurate,0.0,0.0,0.0,0.0,10
50.0,congested,local_only,pct_hybrid,0.0,0.0,0.0,0.0,10
50.0,congested,local_only,pct_degraded_safe,0.0,0.0,0.0,0.0,10
50.0,congested,edge_only,delivered_recall,0.00010379644588045235,0.00020213641362480216,0.0,0.0002378836833602585,10
50.0,congested,edge_only,delivered_safety_recall,9.589467136636948e-05,0.000221960841548956,0.0,0.00023066556085424013,10
50.0,congested,edge_only,delivered_recall_fresh_only,0.7133333333333334,0.06350852961085883,0.64,0.75,3
50.0,congested,edge_only,delivered_safety_recall_fresh_only,0.9230769230769231,0.10878565864408424,0.8461538461538461,1.0,2
50.0,congested,edge_only,deadline_miss_rate,0.99986,0.0002674987019698527,0.99968,1.0,10
50.0,congested,edge_only,p95_latency_ms,95.65503149409781,0.04518006052080524,95.62683649186513,95.6734949955717,10
50.0,congested,edge_only,mean_latency_ms,85.18678738629005,0.011845214803636962,85.17908268265481,85.19284060007195,10
50.0,congested,edge_only,usable_confidence_proxy,0.00012736643314361571,0.000246142406282398,0.0,0.0002930094885826111,10
50.0,congested,edge_only,bandwidth_per_1000_frames_kb,25000.0,0.0,25000.0,25000.0,10
50.0,congested,edge_only,remote_output_share,0.00014000000000000001,0.00026749870196985173,0.0,0.00032,10
50.0,congested,edge_only,usable_output_rate,0.00014000000000000001,0.00026749870196985173,0.0,0.00032,10
50.0,congested,edge_only,reuse_rate,0.0,0.0,0.0,0.0,10
50.0,congested,edge_only,remote_attempt_rate,1.0,0.0,1.0,1.0,10
50.0,congested,edge_only,remote_accept_rate,0.00014000000000000001,0.00026749870196985173,0.0,0.00032,10
50.0,congested,edge_only,pct_local_fast,0.0,0.0,0.0,0.0,10
50.0,congested,edge_only,pct_edge_accurate,100.0,0.0,100.0,100.0,10
50.0,congested,edge_only,pct_hybrid,0.0,0.0,0.0,0.0,10
50.0,congested,edge_only,pct_degraded_safe,0.0,0.0,0.0,0.0,10
50.0,congested,cloud_only,delivered_recall,0.0,0.0,0.0,0.0,10
50.0,congested,cloud_only,delivered_safety_recall,0.0,0.0,0.0,0.0,10
50.0,congested,cloud_only,delivered_recall_fresh_only,,,,,0
50.0,congested,cloud_only,delivered_safety_recall_fresh_only,,,,,0
50.0,congested,cloud_only,deadline_miss_rate,1.0,0.0,1.0,1.0,10
50.0,congested,cloud_only,p95_latency_ms,95.6734949955717,0.0,95.6734949955717,95.6734949955717,10
50.0,congested,cloud_only,mean_latency_ms,85.19284060007195,0.0,85.19284060007195,85.19284060007195,10
50.0,congested,cloud_only,usable_confidence_proxy,0.0,0.0,0.0,0.0,10
50.0,congested,cloud_only,bandwidth_per_1000_frames_kb,35000.0,0.0,35000.0,35000.0,10
50.0,congested,cloud_only,remote_output_share,0.0,0.0,0.0,0.0,10
50.0,congested,cloud_only,usable_output_rate,0.0,0.0,0.0,0.0,10
50.0,congested,cloud_only,reuse_rate,0.0,0.0,0.0,0.0,10
50.0,congested,cloud_only,remote_attempt_rate,1.0,0.0,1.0,1.0,10
50.0,congested,cloud_only,remote_accept_rate,0.0,0.0,0.0,0.0,10
50.0,congested,cloud_only,pct_local_fast,0.0,0.0,0.0,0.0,10
50.0,congested,cloud_only,pct_edge_accurate,100.0,0.0,100.0,100.0,10
50.0,congested,cloud_only,pct_hybrid,0.0,0.0,0.0,0.0,10
50.0,congested,cloud_only,pct_degraded_safe,0.0,0.0,0.0,0.0,10
50.0,congested,dapper,delivered_recall,0.21823518519988988,0.0007267169570405814,0.217792835684622,0.21865811574104782,10
50.0,congested,dapper,delivered_safety_recall,0.255335949449531,0.0013682341642877063,0.25448069045597566,0.2561036524360193,10
50.0,congested,dapper,delivered_recall_fresh_only,0.6350354857863559,0.0024647172399723167,0.6335153303118899,0.6364223488787925,10
50.0,congested,dapper,delivered_safety_recall_fresh_only,0.7351972882857812,0.003730019331337687,0.7328594492641309,0.7371873659350606,10
50.0,congested,dapper,deadline_miss_rate,0.007139999999999999,0.0002503331114069146,0.006999999999999999,0.00728,10
50.0,congested,dapper,p95_latency_ms,38.55639748420799,0.054935691655738146,38.523197000904474,38.58804597519338,10
50.0,congested,dapper,mean_latency_ms,13.001174654106245,0.01562827634122259,12.991628445573632,13.009947356512237,10
50.0,congested,dapper,usable_confidence_proxy,0.8161955377185345,0.0010686285367787168,0.8155386720569432,0.8167841614635586,10
50.0,congested,dapper,bandwidth_per_1000_frames_kb,0.0,0.0,0.0,0.0,10
50.0,congested,dapper,remote_output_share,0.0,0.0,0.0,0.0,10
50.0,congested,dapper,usable_output_rate,0.34371999999999997,0.0003425395354310705,0.34352,0.34391999999999995,10
50.0,congested,dapper,reuse_rate,0.6491399999999999,0.00036575644598253894,0.64894,0.6493599999999999,10
50.0,congested,dapper,remote_attempt_rate,0.0,0.0,0.0,0.0,10
50.0,congested,dapper,remote_accept_rate,0.0,0.0,0.0,0.0,10
50.0,congested,dapper,pct_local_fast,0.18600000000000003,0.08113089560840693,0.13999999999999999,0.23400000000000004,10
50.0,congested,dapper,pct_edge_accurate,0.0,0.0,0.0,0.0,10
50.0,congested,dapper,pct_hybrid,0.0,0.0,0.0,0.0,10
50.0,congested,dapper,pct_degraded_safe,99.81400000000001,0.0811308956084037,99.76599999999999,99.86,10
50.0,congested,deadline_greedy,delivered_recall,0.6241299751101134,0.0,0.6241299751101134,0.6241299751101134,10
50.0,congested,deadline_greedy,delivered_safety_recall,0.7174829557521651,1.1702778228589004e-16,0.7174829557521651,0.7174829557521651,10
50.0,congested,deadline_greedy,delivered_recall_fresh_only,0.6385726522200994,0.0,0.6385726522200994,0.6385726522200994,10
50.0,congested,deadline_greedy,delivered_safety_recall_fresh_only,0.7348134619297538,0.0,0.7348134619297538,0.7348134619297538,10
50.0,congested,deadline_greedy,deadline_miss_rate,0.0224,0.0,0.0224,0.0224,10
50.0,congested,deadline_greedy,p95_latency_ms,45.673494995571694,7.489778066296963e-15,45.673494995571694,45.673494995571694,10
50.0,congested,deadline_greedy,mean_latency_ms,35.19284060007193,7.489778066296963e-15,35.19284060007193,35.19284060007193,10
50.0,congested,deadline_greedy,usable_confidence_proxy,0.8010538005888461,1.1702778228589004e-16,0.8010538005888461,0.8010538005888461,10
50.0,congested,deadline_greedy,bandwidth_per_1000_frames_kb,0.0,0.0,0.0,0.0,10
50.0,congested,deadline_greedy,remote_output_share,0.0,0.0,0.0,0.0,10
50.0,congested,deadline_greedy,usable_output_rate,0.9776000000000001,1.1702778228589004e-16,0.9776000000000001,0.9776000000000001,10
50.0,congested,deadline_greedy,reuse_rate,0.0,0.0,0.0,0.0,10
50.0,congested,deadline_greedy,remote_attempt_rate,0.0,0.0,0.0,0.0,10
50.0,congested,deadline_greedy,remote_accept_rate,0.0,0.0,0.0,0.0,10
50.0,congested,deadline_greedy,pct_local_fast,100.0,0.0,100.0,100.0,10
50.0,congested,deadline_greedy,pct_edge_accurate,0.0,0.0,0.0,0.0,10
50.0,congested,deadline_greedy,pct_hybrid,0.0,0.0,0.0,0.0,10
50.0,congested,deadline_greedy,pct_degraded_safe,0.0,0.0,0.0,0.0,10
50.0,congested,confidence_deadline,delivered_recall,0.6241299751101134,0.0,0.6241299751101134,0.6241299751101134,10
50.0,congested,confidence_deadline,delivered_safety_recall,0.7174829557521651,1.1702778228589004e-16,0.7174829557521651,0.7174829557521651,10
50.0,congested,confidence_deadline,delivered_recall_fresh_only,0.6385726522200994,0.0,0.6385726522200994,0.6385726522200994,10
50.0,congested,confidence_deadline,delivered_safety_recall_fresh_only,0.7348134619297538,0.0,0.7348134619297538,0.7348134619297538,10
50.0,congested,confidence_deadline,deadline_miss_rate,0.0224,0.0,0.0224,0.0224,10
50.0,congested,confidence_deadline,p95_latency_ms,45.673494995571694,7.489778066296963e-15,45.673494995571694,45.673494995571694,10
50.0,congested,confidence_deadline,mean_latency_ms,35.19284060007193,7.489778066296963e-15,35.19284060007193,35.19284060007193,10
50.0,congested,confidence_deadline,usable_confidence_proxy,0.8010538005888461,1.1702778228589004e-16,0.8010538005888461,0.8010538005888461,10
50.0,congested,confidence_deadline,bandwidth_per_1000_frames_kb,0.0,0.0,0.0,0.0,10
50.0,congested,confidence_deadline,remote_output_share,0.0,0.0,0.0,0.0,10
50.0,congested,confidence_deadline,usable_output_rate,0.9776000000000001,1.1702778228589004e-16,0.9776000000000001,0.9776000000000001,10
50.0,congested,confidence_deadline,reuse_rate,0.0,0.0,0.0,0.0,10
50.0,congested,confidence_deadline,remote_attempt_rate,0.0,0.0,0.0,0.0,10
50.0,congested,confidence_deadline,remote_accept_rate,0.0,0.0,0.0,0.0,10
50.0,congested,confidence_deadline,pct_local_fast,100.0,0.0,100.0,100.0,10
50.0,congested,confidence_deadline,pct_edge_accurate,0.0,0.0,0.0,0.0,10
50.0,congested,confidence_deadline,pct_hybrid,0.0,0.0,0.0,0.0,10
50.0,congested,confidence_deadline,pct_degraded_safe,0.0,0.0,0.0,0.0,10
50.0,congested,oracle_feasible,delivered_recall,0.6241592562086594,5.3944871850157685e-05,0.6241299751101134,0.6241945954655252,10
50.0,congested,oracle_feasible,delivered_safety_recall,0.7174881392479147,1.6391652810309545e-05,0.7174829557521651,0.7174985062394138,10
50.0,congested,oracle_feasible,delivered_recall_fresh_only,0.6385762237139617,1.8040568067085535e-05,0.638566366522746,0.638587350656677,10
50.0,congested,oracle_feasible,delivered_safety_recall_fresh_only,0.7348187706307148,1.6787586453041643e-05,0.7348134619297538,0.7348293880326364,10
50.0,congested,oracle_feasible,deadline_miss_rate,0.02236,8.432740427115627e-05,0.0223,0.0224,10
50.0,congested,oracle_feasible,p95_latency_ms,45.712931495509125,0.06349879757159546,45.673494995571694,45.75236799544656,10
50.0,congested,oracle_feasible,mean_latency_ms,35.19378738629005,0.0017323805051614963,35.19284060007193,35.194926267347775,10
50.0,congested,oracle_feasible,usable_confidence_proxy,0.8010994055032731,9.475486064818916e-05,0.8010538005888461,0.801165612067193,10
50.0,congested,oracle_feasible,bandwidth_per_1000_frames_kb,3.5,6.687467549246293,0.0,8.0,10
50.0,congested,oracle_feasible,remote_output_share,0.00014000000000000001,0.00026749870196985173,0.0,0.00032,10
50.0,congested,oracle_feasible,usable_output_rate,0.9776400000000001,8.43274042711475e-05,0.9776000000000001,0.9777000000000001,10
50.0,congested,oracle_feasible,reuse_rate,0.0,0.0,0.0,0.0,10
50.0,congested,oracle_feasible,remote_attempt_rate,0.00014000000000000001,0.00026749870196985173,0.0,0.00032,10
50.0,congested,oracle_feasible,remote_accept_rate,0.3,0.4830458915396479,0.0,0.6,10
50.0,congested,oracle_feasible,pct_local_fast,99.986,0.026749870196983747,99.968,100.0,10
50.0,congested,oracle_feasible,pct_edge_accurate,0.013999999999999999,0.026749870196985173,0.0,0.032,10
50.0,congested,oracle_feasible,pct_hybrid,0.0,0.0,0.0,0.0,10
50.0,congested,oracle_feasible,pct_degraded_safe,0.0,0.0,0.0,0.0,10
50.0,lossy,local_only,delivered_recall,0.6241299751101134,0.0,0.6241299751101134,0.6241299751101134,10
50.0,lossy,local_only,delivered_safety_recall,0.7174829557521651,1.1702778228589004e-16,0.7174829557521651,0.7174829557521651,10
50.0,lossy,local_only,delivered_recall_fresh_only,0.6385726522200994,0.0,0.6385726522200994,0.6385726522200994,10
50.0,lossy,local_only,delivered_safety_recall_fresh_only,0.7348134619297538,0.0,0.7348134619297538,0.7348134619297538,10
50.0,lossy,local_only,deadline_miss_rate,0.0224,0.0,0.0224,0.0224,10
50.0,lossy,local_only,p95_latency_ms,45.673494995571694,7.489778066296963e-15,45.673494995571694,45.673494995571694,10
50.0,lossy,local_only,mean_latency_ms,35.19284060007193,7.489778066296963e-15,35.19284060007193,35.19284060007193,10
50.0,lossy,local_only,usable_confidence_proxy,0.8010538005888461,1.1702778228589004e-16,0.8010538005888461,0.8010538005888461,10
50.0,lossy,local_only,bandwidth_per_1000_frames_kb,0.0,0.0,0.0,0.0,10
50.0,lossy,local_only,remote_output_share,0.0,0.0,0.0,0.0,10
50.0,lossy,local_only,usable_output_rate,0.9776000000000001,1.1702778228589004e-16,0.9776000000000001,0.9776000000000001,10
50.0,lossy,local_only,reuse_rate,0.0,0.0,0.0,0.0,10
50.0,lossy,local_only,remote_attempt_rate,0.0,0.0,0.0,0.0,10
50.0,lossy,local_only,remote_accept_rate,0.0,0.0,0.0,0.0,10
50.0,lossy,local_only,pct_local_fast,100.0,0.0,100.0,100.0,10
50.0,lossy,local_only,pct_edge_accurate,0.0,0.0,0.0,0.0,10
50.0,lossy,local_only,pct_hybrid,0.0,0.0,0.0,0.0,10
50.0,lossy,local_only,pct_degraded_safe,0.0,0.0,0.0,0.0,10
50.0,lossy,edge_only,delivered_recall,0.339104757234996,0.009439501317369146,0.33289058141962286,0.3441401899982628,10
50.0,lossy,edge_only,delivered_safety_recall,0.37149291938609963,0.00966902053063967,0.36552511435752916,0.3772215358243982,10
50.0,lossy,edge_only,delivered_recall_fresh_only,0.7458969975349857,0.005539382088776188,0.7425941084278681,0.7492286786206951,10
50.0,lossy,edge_only,delivered_safety_recall_fresh_only,0.8217198720002432,0.004180757942385677,0.8192715588373497,0.824210697787547,10
50.0,lossy,edge_only,deadline_miss_rate,0.5452400000000001,0.013752349294251924,0.5373195000000001,0.55404,10
50.0,lossy,edge_only,p95_latency_ms,92.06082350574434,0.4232132874466385,91.80979481121176,92.3037482583386,10
50.0,lossy,edge_only,mean_latency_ms,67.54714948273147,0.5367172684384941,67.23946160644319,67.88945461934058,10
50.0,lossy,edge_only,usable_confidence_proxy,0.40059100746393206,0.011671069302429563,0.3931597597643286,0.40730614577376845,10
50.0,lossy,edge_only,bandwidth_per_1000_frames_kb,25000.0,0.0,25000.0,25000.0,10
50.0,lossy,edge_only,remote_output_share,0.45476,0.01375234929425191,0.44596,0.46268049999999994,10
50.0,lossy,edge_only,usable_output_rate,0.45476,0.01375234929425191,0.44596,0.46268049999999994,10
50.0,lossy,edge_only,reuse_rate,0.0,0.0,0.0,0.0,10
50.0,lossy,edge_only,remote_attempt_rate,1.0,0.0,1.0,1.0,10
50.0,lossy,edge_only,remote_accept_rate,0.45476,0.01375234929425191,0.44596,0.46268049999999994,10
50.0,lossy,edge_only,pct_local_fast,0.0,0.0,0.0,0.0,10
50.0,lossy,edge_only,pct_edge_accurate,100.0,0.0,100.0,100.0,10
50.0,lossy,edge_only,pct_hybrid,0.0,0.0,0.0,0.0,10
50.0,lossy,edge_only,pct_degraded_safe,0.0,0.0,0.0,0.0,10
50.0,lossy,cloud_only,delivered_recall,0.0,0.0,0.0,0.0,10
50.0,lossy,cloud_only,delivered_safety_recall,0.0,0.0,0.0,0.0,10
50.0,lossy,cloud_only,delivered_recall_fresh_only,,,,,0
50.0,lossy,cloud_only,delivered_safety_recall_fresh_only,,,,,0
50.0,lossy,cloud_only,deadline_miss_rate,1.0,0.0,1.0,1.0,10
50.0,lossy,cloud_only,p95_latency_ms,95.6734949955717,0.0,95.6734949955717,95.6734949955717,10
50.0,lossy,cloud_only,mean_latency_ms,85.19284060007195,0.0,85.19284060007195,85.19284060007195,10
50.0,lossy,cloud_only,usable_confidence_proxy,0.0,0.0,0.0,0.0,10
50.0,lossy,cloud_only,bandwidth_per_1000_frames_kb,35000.0,0.0,35000.0,35000.0,10
50.0,lossy,cloud_only,remote_output_share,0.0,0.0,0.0,0.0,10
50.0,lossy,cloud_only,usable_output_rate,0.0,0.0,0.0,0.0,10
50.0,lossy,cloud_only,reuse_rate,0.0,0.0,0.0,0.0,10
50.0,lossy,cloud_only,remote_attempt_rate,1.0,0.0,1.0,1.0,10
50.0,lossy,cloud_only,remote_accept_rate,0.0,0.0,0.0,0.0,10
50.0,lossy,cloud_only,pct_local_fast,0.0,0.0,0.0,0.0,10
50.0,lossy,cloud_only,pct_edge_accurate,100.0,0.0,100.0,100.0,10
50.0,lossy,cloud_only,pct_hybrid,0.0,0.0,0.0,0.0,10
50.0,lossy,cloud_only,pct_degraded_safe,0.0,0.0,0.0,0.0,10
50.0,lossy,dapper,delivered_recall,0.5107988708500601,0.004973112089112516,0.5076675626493475,0.5135102597838906,10
50.0,lossy,dapper,delivered_safety_recall,0.5869460525215995,0.008321863296723134,0.5818514761140873,0.5917628235709975,10
50.0,lossy,dapper,delivered_recall_fresh_only,0.6385191778832058,0.001398836442176902,0.6377280846839396,0.6393709553020243,10
50.0,lossy,dapper,delivered_safety_recall_fresh_only,0.7340109346088716,0.0023136907230054886,0.7326419309802962,0.7353581794588885,10
50.0,lossy,dapper,deadline_miss_rate,0.01796,0.0005561774297230454,0.01764,0.018279999999999998,10
50.0,lossy,dapper,p95_latency_ms,44.28641499340302,0.12879790061684912,44.2048313922569,44.35659866176866,10
50.0,lossy,dapper,mean_latency_ms,28.969671712044914,0.2617757893474016,28.800316870750954,29.106947364103252,10
50.0,lossy,dapper,usable_confidence_proxy,0.8041271865928172,0.001782284441190173,0.8030740209546536,0.8051261568561942,10
50.0,lossy,dapper,bandwidth_per_1000_frames_kb,0.0,0.0,0.0,0.0,10
50.0,lossy,dapper,remote_output_share,0.0,0.0,0.0,0.0,10
50.0,lossy,dapper,usable_output_rate,0.8000999999999999,0.008236099400403879,0.7947795000000001,0.8043005000000001,10
50.0,lossy,dapper,reuse_rate,0.18194000000000002,0.008112569123143284,0.17774,0.18716,10
50.0,lossy,dapper,remote_attempt_rate,0.0,0.0,0.0,0.0,10
50.0,lossy,dapper,remote_accept_rate,0.0,0.0,0.0,0.0,10
50.0,lossy,dapper,pct_local_fast,79.618,0.9615935847447314,78.982,80.1,10
50.0,lossy,dapper,pct_edge_accurate,0.0,0.0,0.0,0.0,10
50.0,lossy,dapper,pct_hybrid,0.0,0.0,0.0,0.0,10
50.0,lossy,dapper,pct_degraded_safe,20.382,0.9615935847447309,19.9,21.018,10
50.0,lossy,deadline_greedy,delivered_recall,0.6241299751101134,0.0,0.6241299751101134,0.6241299751101134,10
50.0,lossy,deadline_greedy,delivered_safety_recall,0.7174829557521651,1.1702778228589004e-16,0.7174829557521651,0.7174829557521651,10
50.0,lossy,deadline_greedy,delivered_recall_fresh_only,0.6385726522200994,0.0,0.6385726522200994,0.6385726522200994,10
50.0,lossy,deadline_greedy,delivered_safety_recall_fresh_only,0.7348134619297538,0.0,0.7348134619297538,0.7348134619297538,10
50.0,lossy,deadline_greedy,deadline_miss_rate,0.0224,0.0,0.0224,0.0224,10
50.0,lossy,deadline_greedy,p95_latency_ms,45.673494995571694,7.489778066296963e-15,45.673494995571694,45.673494995571694,10
50.0,lossy,deadline_greedy,mean_latency_ms,35.19284060007193,7.489778066296963e-15,35.19284060007193,35.19284060007193,10
50.0,lossy,deadline_greedy,usable_confidence_proxy,0.8010538005888461,1.1702778228589004e-16,0.8010538005888461,0.8010538005888461,10
50.0,lossy,deadline_greedy,bandwidth_per_1000_frames_kb,0.0,0.0,0.0,0.0,10
50.0,lossy,deadline_greedy,remote_output_share,0.0,0.0,0.0,0.0,10
50.0,lossy,deadline_greedy,usable_output_rate,0.9776000000000001,1.1702778228589004e-16,0.9776000000000001,0.9776000000000001,10
50.0,lossy,deadline_greedy,reuse_rate,0.0,0.0,0.0,0.0,10
50.0,lossy,deadline_greedy,remote_attempt_rate,0.0,0.0,0.0,0.0,10
50.0,lossy,deadline_greedy,remote_accept_rate,0.0,0.0,0.0,0.0,10
50.0,lossy,deadline_greedy,pct_local_fast,100.0,0.0,100.0,100.0,10
50.0,lossy,deadline_greedy,pct_edge_accurate,0.0,0.0,0.0,0.0,10
50.0,lossy,deadline_greedy,pct_hybrid,0.0,0.0,0.0,0.0,10
50.0,lossy,deadline_greedy,pct_degraded_safe,0.0,0.0,0.0,0.0,10
50.0,lossy,confidence_deadline,delivered_recall,0.6241299751101134,0.0,0.6241299751101134,0.6241299751101134,10
50.0,lossy,confidence_deadline,delivered_safety_recall,0.7174829557521651,1.1702778228589004e-16,0.7174829557521651,0.7174829557521651,10
50.0,lossy,confidence_deadline,delivered_recall_fresh_only,0.6385726522200994,0.0,0.6385726522200994,0.6385726522200994,10
50.0,lossy,confidence_deadline,delivered_safety_recall_fresh_only,0.7348134619297538,0.0,0.7348134619297538,0.7348134619297538,10
50.0,lossy,confidence_deadline,deadline_miss_rate,0.0224,0.0,0.0224,0.0224,10
50.0,lossy,confidence_deadline,p95_latency_ms,45.673494995571694,7.489778066296963e-15,45.673494995571694,45.673494995571694,10
50.0,lossy,confidence_deadline,mean_latency_ms,35.19284060007193,7.489778066296963e-15,35.19284060007193,35.19284060007193,10
50.0,lossy,confidence_deadline,usable_confidence_proxy,0.8010538005888461,1.1702778228589004e-16,0.8010538005888461,0.8010538005888461,10
50.0,lossy,confidence_deadline,bandwidth_per_1000_frames_kb,0.0,0.0,0.0,0.0,10
50.0,lossy,confidence_deadline,remote_output_share,0.0,0.0,0.0,0.0,10
50.0,lossy,confidence_deadline,usable_output_rate,0.9776000000000001,1.1702778228589004e-16,0.9776000000000001,0.9776000000000001,10
50.0,lossy,confidence_deadline,reuse_rate,0.0,0.0,0.0,0.0,10
50.0,lossy,confidence_deadline,remote_attempt_rate,0.0,0.0,0.0,0.0,10
50.0,lossy,confidence_deadline,remote_accept_rate,0.0,0.0,0.0,0.0,10
50.0,lossy,confidence_deadline,pct_local_fast,100.0,0.0,100.0,100.0,10
50.0,lossy,confidence_deadline,pct_edge_accurate,0.0,0.0,0.0,0.0,10
50.0,lossy,confidence_deadline,pct_hybrid,0.0,0.0,0.0,0.0,10
50.0,lossy,confidence_deadline,pct_degraded_safe,0.0,0.0,0.0,0.0,10
50.0,lossy,oracle_feasible,delivered_recall,0.6731648124954959,0.0018585220117784318,0.6720452629383177,0.6742661461135196,10
50.0,lossy,oracle_feasible,delivered_safety_recall,0.7603931615900263,0.002561628295150102,0.7588454488551168,0.761844713214972,10
50.0,lossy,oracle_feasible,delivered_recall_fresh_only,0.6829003295156808,0.0015206255898864355,0.6820077537290272,0.6837827374797188,10
50.0,lossy,oracle_feasible,delivered_safety_recall_fresh_only,0.7720467510859449,0.002466306440932535,0.7705611742655349,0.7734175720612044,10
50.0,lossy,oracle_feasible,deadline_miss_rate,0.014119999999999999,0.0009807026959164425,0.01354,0.01472,10
50.0,lossy,oracle_feasible,p95_latency_ms,49.43520915082701,0.040641627739848314,49.41054224003094,49.4589842450118,10
50.0,lossy,oracle_feasible,mean_latency_ms,39.510745475349424,0.12226990052708624,39.43643822986378,39.58066749434996,10
50.0,lossy,oracle_feasible,usable_confidence_proxy,0.8392255804044007,0.001520142895351521,0.838330056488812,0.8401302468111066,10
50.0,lossy,oracle_feasible,bandwidth_per_1000_frames_kb,9663.0,267.1682782234614,9493.5,9814.5125,10
50.0,lossy,oracle_feasible,remote_output_share,0.3865200000000001,0.010686731128938455,0.37974,0.39258050000000005,10
50.0,lossy,oracle_feasible,usable_output_rate,0.9858799999999999,0.0009807026959164598,0.98528,0.9864599999999999,10
50.0,lossy,oracle_feasible,reuse_rate,0.0,0.0,0.0,0.0,10
50.0,lossy,oracle_feasible,remote_attempt_rate,0.3865200000000001,0.010686731128938455,0.37974,0.39258050000000005,10
50.0,lossy,oracle_feasible,remote_accept_rate,1.0,0.0,1.0,1.0,10
50.0,lossy,oracle_feasible,pct_local_fast,61.348,1.0686731128938463,60.74195,62.02600000000001,10
50.0,lossy,oracle_feasible,pct_edge_accurate,38.652,1.0686731128938454,37.974000000000004,39.258050000000004,10
50.0,lossy,oracle_feasible,pct_hybrid,0.0,0.0,0.0,0.0,10
50.0,lossy,oracle_feasible,pct_degraded_safe,0.0,0.0,0.0,0.0,10
50.0,variable,local_only,delivered_recall,0.6241299751101134,0.0,0.6241299751101134,0.6241299751101134,10
50.0,variable,local_only,delivered_safety_recall,0.7174829557521651,1.1702778228589004e-16,0.7174829557521651,0.7174829557521651,10
50.0,variable,local_only,delivered_recall_fresh_only,0.6385726522200994,0.0,0.6385726522200994,0.6385726522200994,10
50.0,variable,local_only,delivered_safety_recall_fresh_only,0.7348134619297538,0.0,0.7348134619297538,0.7348134619297538,10
50.0,variable,local_only,deadline_miss_rate,0.0224,0.0,0.0224,0.0224,10
50.0,variable,local_only,p95_latency_ms,45.673494995571694,7.489778066296963e-15,45.673494995571694,45.673494995571694,10
50.0,variable,local_only,mean_latency_ms,35.19284060007193,7.489778066296963e-15,35.19284060007193,35.19284060007193,10
50.0,variable,local_only,usable_confidence_proxy,0.8010538005888461,1.1702778228589004e-16,0.8010538005888461,0.8010538005888461,10
50.0,variable,local_only,bandwidth_per_1000_frames_kb,0.0,0.0,0.0,0.0,10
50.0,variable,local_only,remote_output_share,0.0,0.0,0.0,0.0,10
50.0,variable,local_only,usable_output_rate,0.9776000000000001,1.1702778228589004e-16,0.9776000000000001,0.9776000000000001,10
50.0,variable,local_only,reuse_rate,0.0,0.0,0.0,0.0,10
50.0,variable,local_only,remote_attempt_rate,0.0,0.0,0.0,0.0,10
50.0,variable,local_only,remote_accept_rate,0.0,0.0,0.0,0.0,10
50.0,variable,local_only,pct_local_fast,100.0,0.0,100.0,100.0,10
50.0,variable,local_only,pct_edge_accurate,0.0,0.0,0.0,0.0,10
50.0,variable,local_only,pct_hybrid,0.0,0.0,0.0,0.0,10
50.0,variable,local_only,pct_degraded_safe,0.0,0.0,0.0,0.0,10
50.0,variable,edge_only,delivered_recall,0.27499359355328046,0.011303197412773311,0.26883609005946324,0.2818136011793779,10
50.0,variable,edge_only,delivered_safety_recall,0.3084366933556043,0.013282731529544357,0.3010377377953365,0.3160771082533335,10
50.0,variable,edge_only,delivered_recall_fresh_only,0.6853750642935307,0.007944274575994625,0.6806468833693389,0.6899024766972534,10
50.0,variable,edge_only,delivered_safety_recall_fresh_only,0.770333635253868,0.009360991140923824,0.7646962611465965,0.7757736012294778,10
50.0,variable,edge_only,deadline_miss_rate,0.5984,0.01728274669528352,0.5881995,0.608201,10
50.0,variable,edge_only,p95_latency_ms,92.32154800702119,0.5413131865098353,92.0030265557798,92.64186989190057,10
50.0,variable,edge_only,mean_latency_ms,65.9369327438271,0.9173054089948828,65.39634210582906,66.46751622183852,10
50.0,variable,edge_only,usable_confidence_proxy,0.3397581191045046,0.01381755952416886,0.3319843631660045,0.3479575074430257,10
50.0,variable,edge_only,bandwidth_per_1000_frames_kb,19177.5,513.7890293366205,18882.0,19486.5,10
50.0,variable,edge_only,remote_output_share,0.17365999999999998,0.011483727617807731,0.1669795,0.18064,10
50.0,variable,edge_only,usable_output_rate,0.4016,0.01728274669528352,0.39179900000000006,0.41180050000000007,10
50.0,variable,edge_only,reuse_rate,0.0,0.0,0.0,0.0,10
50.0,variable,edge_only,remote_attempt_rate,0.7670999999999999,0.02055156117346483,0.7552800000000002,0.77946,10
50.0,variable,edge_only,remote_accept_rate,0.22635350158377668,0.01327992084639833,0.21918570761622339,0.2349516453795543,10
50.0,variable,edge_only,pct_local_fast,0.0,0.0,0.0,0.0,10
50.0,variable,edge_only,pct_edge_accurate,100.0,0.0,100.0,100.0,10
50.0,variable,edge_only,pct_hybrid,0.0,0.0,0.0,0.0,10
50.0,variable,edge_only,pct_degraded_safe,0.0,0.0,0.0,0.0,10
50.0,variable,cloud_only,delivered_recall,0.1457131106205805,0.01188100388945132,0.13852592600161154,0.1524845543230743,10
50.0,variable,cloud_only,delivered_safety_recall,0.16676540521289535,0.015134682696120784,0.15780843644123677,0.17555187893041294,10
50.0,variable,cloud_only,delivered_recall_fresh_only,0.6395221939680806,0.008240102252311112,0.634834368328677,0.644435985332112,10
50.0,variable,cloud_only,delivered_safety_recall_fresh_only,0.7318961323882439,0.01586023739465096,0.7227972110991466,0.7412561197961085,10
50.0,variable,cloud_only,deadline_miss_rate,0.77206,0.019834661019986634,0.7606,0.7838035,10
50.0,variable,cloud_only,p95_latency_ms,93.99115398409776,0.3878583741238424,93.75438762510748,94.21235947195237,10
50.0,variable,cloud_only,mean_latency_ms,73.54784060007195,1.027578058673242,72.95684060007196,74.16584060007195,10
50.0,variable,cloud_only,usable_confidence_proxy,0.18706336530685425,0.01599879097372333,0.17752374170687796,0.19624658172537385,10
50.0,variable,cloud_only,bandwidth_per_1000_frames_kb,26848.5,719.3046410712687,26434.8,27281.1,10
50.0,variable,cloud_only,remote_output_share,0.0,0.0,0.0,0.0,10
50.0,variable,cloud_only,usable_output_rate,0.22794000000000003,0.019834661019986644,0.2161965,0.23939999999999997,10
50.0,variable,cloud_only,reuse_rate,0.0,0.0,0.0,0.0,10
50.0,variable,cloud_only,remote_attempt_rate,0.7670999999999999,0.02055156117346483,0.7552800000000002,0.77946,10
50.0,variable,cloud_only,remote_accept_rate,0.0,0.0,0.0,0.0,10
50.0,variable,cloud_only,pct_local_fast,0.0,0.0,0.0,0.0,10
50.0,variable,cloud_only,pct_edge_accurate,100.0,0.0,100.0,100.0,10
50.0,variable,cloud_only,pct_hybrid,0.0,0.0,0.0,0.0,10
50.0,variable,cloud_only,pct_degraded_safe,0.0,0.0,0.0,0.0,10
50.0,variable,dapper,delivered_recall,0.32058107843478595,0.005815350173506673,0.3171722744026485,0.3239747657364827,10
50.0,variable,dapper,delivered_safety_recall,0.37072175178420624,0.007495831319972408,0.3665134430632906,0.37519945772629226,10
50.0,variable,dapper,delivered_recall_fresh_only,0.6377745641132656,0.0033942227328021203,0.6357203597523157,0.6397629796769881,10
50.0,variable,dapper,delivered_safety_recall_fresh_only,0.7377763952158978,0.007934866667777613,0.7331247891385192,0.742365895730809,10
50.0,variable,dapper,deadline_miss_rate,0.01198,0.0007857056276579249,0.0115,0.012440000000000001,10
50.0,variable,dapper,p95_latency_ms,41.25164350407431,0.321576015392935,41.07774926903949,41.44991028677032,10
50.0,variable,dapper,mean_latency_ms,18.617244204051,0.27916882362928963,18.44277086202193,18.772786549875732,10
50.0,variable,dapper,usable_confidence_proxy,0.8090788471323253,0.0036826326226081147,0.806826354863599,0.811173184786141,10
50.0,variable,dapper,bandwidth_per_1000_frames_kb,0.0,0.0,0.0,0.0,10
50.0,variable,dapper,remote_output_share,0.0,0.0,0.0,0.0,10
50.0,variable,dapper,usable_output_rate,0.50292,0.0077552562820322034,0.4980995,0.5073205,10
50.0,variable,dapper,reuse_rate,0.4850999999999999,0.008111582939092562,0.4806,0.49016049999999994,10
50.0,variable,dapper,remote_attempt_rate,0.0,0.0,0.0,0.0,10
50.0,variable,dapper,remote_accept_rate,0.0,0.0,0.0,0.0,10
50.0,variable,dapper,pct_local_fast,40.376000000000005,1.1622506901123637,39.658,41.03005,10
50.0,variable,dapper,pct_edge_accurate,0.0,0.0,0.0,0.0,10
50.0,variable,dapper,pct_hybrid,0.0,0.0,0.0,0.0,10
50.0,variable,dapper,pct_degraded_safe,59.624,1.1622506901123635,58.969950000000004,60.342,10
50.0,variable,deadline_greedy,delivered_recall,0.6241299751101134,0.0,0.6241299751101134,0.6241299751101134,10
50.0,variable,deadline_greedy,delivered_safety_recall,0.7174829557521651,1.1702778228589004e-16,0.7174829557521651,0.7174829557521651,10
50.0,variable,deadline_greedy,delivered_recall_fresh_only,0.6385726522200994,0.0,0.6385726522200994,0.6385726522200994,10
50.0,variable,deadline_greedy,delivered_safety_recall_fresh_only,0.7348134619297538,0.0,0.7348134619297538,0.7348134619297538,10
50.0,variable,deadline_greedy,deadline_miss_rate,0.0224,0.0,0.0224,0.0224,10
50.0,variable,deadline_greedy,p95_latency_ms,45.673494995571694,7.489778066296963e-15,45.673494995571694,45.673494995571694,10
50.0,variable,deadline_greedy,mean_latency_ms,35.19284060007193,7.489778066296963e-15,35.19284060007193,35.19284060007193,10
50.0,variable,deadline_greedy,usable_confidence_proxy,0.8010538005888461,1.1702778228589004e-16,0.8010538005888461,0.8010538005888461,10
50.0,variable,deadline_greedy,bandwidth_per_1000_frames_kb,0.0,0.0,0.0,0.0,10
50.0,variable,deadline_greedy,remote_output_share,0.0,0.0,0.0,0.0,10
50.0,variable,deadline_greedy,usable_output_rate,0.9776000000000001,1.1702778228589004e-16,0.9776000000000001,0.9776000000000001,10
50.0,variable,deadline_greedy,reuse_rate,0.0,0.0,0.0,0.0,10
50.0,variable,deadline_greedy,remote_attempt_rate,0.0,0.0,0.0,0.0,10
50.0,variable,deadline_greedy,remote_accept_rate,0.0,0.0,0.0,0.0,10
50.0,variable,deadline_greedy,pct_local_fast,100.0,0.0,100.0,100.0,10
50.0,variable,deadline_greedy,pct_edge_accurate,0.0,0.0,0.0,0.0,10
50.0,variable,deadline_greedy,pct_hybrid,0.0,0.0,0.0,0.0,10
50.0,variable,deadline_greedy,pct_degraded_safe,0.0,0.0,0.0,0.0,10
50.0,variable,confidence_deadline,delivered_recall,0.6241299751101134,0.0,0.6241299751101134,0.6241299751101134,10
50.0,variable,confidence_deadline,delivered_safety_recall,0.7174829557521651,1.1702778228589004e-16,0.7174829557521651,0.7174829557521651,10
50.0,variable,confidence_deadline,delivered_recall_fresh_only,0.6385726522200994,0.0,0.6385726522200994,0.6385726522200994,10
50.0,variable,confidence_deadline,delivered_safety_recall_fresh_only,0.7348134619297538,0.0,0.7348134619297538,0.7348134619297538,10
50.0,variable,confidence_deadline,deadline_miss_rate,0.0224,0.0,0.0224,0.0224,10
50.0,variable,confidence_deadline,p95_latency_ms,45.673494995571694,7.489778066296963e-15,45.673494995571694,45.673494995571694,10
50.0,variable,confidence_deadline,mean_latency_ms,35.19284060007193,7.489778066296963e-15,35.19284060007193,35.19284060007193,10
50.0,variable,confidence_deadline,usable_confidence_proxy,0.8010538005888461,1.1702778228589004e-16,0.8010538005888461,0.8010538005888461,10
50.0,variable,confidence_deadline,bandwidth_per_1000_frames_kb,0.0,0.0,0.0,0.0,10
50.0,variable,confidence_deadline,remote_output_share,0.0,0.0,0.0,0.0,10
50.0,variable,confidence_deadline,usable_output_rate,0.9776000000000001,1.1702778228589004e-16,0.9776000000000001,0.9776000000000001,10
50.0,variable,confidence_deadline,reuse_rate,0.0,0.0,0.0,0.0,10
50.0,variable,confidence_deadline,remote_attempt_rate,0.0,0.0,0.0,0.0,10
50.0,variable,confidence_deadline,remote_accept_rate,0.0,0.0,0.0,0.0,10
50.0,variable,confidence_deadline,pct_local_fast,100.0,0.0,100.0,100.0,10
50.0,variable,confidence_deadline,pct_edge_accurate,0.0,0.0,0.0,0.0,10
50.0,variable,confidence_deadline,pct_hybrid,0.0,0.0,0.0,0.0,10
50.0,variable,confidence_deadline,pct_degraded_safe,0.0,0.0,0.0,0.0,10
50.0,variable,oracle_feasible,delivered_recall,0.6427374911426086,0.0024399664178466553,0.6413408139083495,0.6442011820772432,10
50.0,variable,oracle_feasible,delivered_safety_recall,0.7331717533204607,0.0024248703192519135,0.7317775801141304,0.7345675638865076,10
50.0,variable,oracle_feasible,delivered_recall_fresh_only,0.6551867633455504,0.002166571055015474,0.653925469898333,0.6564823859257294,10
50.0,variable,oracle_feasible,delivered_safety_recall_fresh_only,0.7481693034743615,0.0019407459045359323,0.7470435679480103,0.7493059377779637,10
50.0,variable,oracle_feasible,deadline_miss_rate,0.018819999999999996,0.0006762642481555065,0.01842,0.019219999999999998,10
50.0,variable,oracle_feasible,p95_latency_ms,48.203594756616354,0.10754219512860408,48.137326263164844,48.263005923737154,10
50.0,variable,oracle_feasible,mean_latency_ms,36.09947625382697,0.09994163511022604,36.04345819571564,36.159210363029,10
50.0,variable,oracle_feasible,usable_confidence_proxy,0.8161424922221899,0.001399776156825143,0.8153124645912201,0.8169553386594504,10
50.0,variable,oracle_feasible,bandwidth_per_1000_frames_kb,3676.0,259.12030667883465,3522.0,3833.0,10
50.0,variable,oracle_feasible,remote_output_share,0.14704,0.010364812267153389,0.14088,0.15331999999999998,10
50.0,variable,oracle_feasible,usable_output_rate,0.9811799999999999,0.0006762642481555037,0.98078,0.9815800000000001,10
50.0,variable,oracle_feasible,reuse_rate,0.0,0.0,0.0,0.0,10
50.0,variable,oracle_feasible,remote_attempt_rate,0.14704,0.010364812267153389,0.14088,0.15331999999999998,10
50.0,variable,oracle_feasible,remote_accept_rate,1.0,0.0,1.0,1.0,10
50.0,variable,oracle_feasible,pct_local_fast,85.296,1.0364812267153383,84.668,85.912,10
50.0,variable,oracle_feasible,pct_edge_accurate,14.704000000000002,1.0364812267153392,14.088,15.331999999999999,10
50.0,variable,oracle_feasible,pct_hybrid,0.0,0.0,0.0,0.0,10
50.0,variable,oracle_feasible,pct_degraded_safe,0.0,0.0,0.0,0.0,10
50.0,outage,local_only,delivered_recall,0.6241299751101134,0.0,0.6241299751101134,0.6241299751101134,10
50.0,outage,local_only,delivered_safety_recall,0.7174829557521651,1.1702778228589004e-16,0.7174829557521651,0.7174829557521651,10
50.0,outage,local_only,delivered_recall_fresh_only,0.6385726522200994,0.0,0.6385726522200994,0.6385726522200994,10
50.0,outage,local_only,delivered_safety_recall_fresh_only,0.7348134619297538,0.0,0.7348134619297538,0.7348134619297538,10
50.0,outage,local_only,deadline_miss_rate,0.0224,0.0,0.0224,0.0224,10
50.0,outage,local_only,p95_latency_ms,45.673494995571694,7.489778066296963e-15,45.673494995571694,45.673494995571694,10
50.0,outage,local_only,mean_latency_ms,35.19284060007193,7.489778066296963e-15,35.19284060007193,35.19284060007193,10
50.0,outage,local_only,usable_confidence_proxy,0.8010538005888461,1.1702778228589004e-16,0.8010538005888461,0.8010538005888461,10
50.0,outage,local_only,bandwidth_per_1000_frames_kb,0.0,0.0,0.0,0.0,10
50.0,outage,local_only,remote_output_share,0.0,0.0,0.0,0.0,10
50.0,outage,local_only,usable_output_rate,0.9776000000000001,1.1702778228589004e-16,0.9776000000000001,0.9776000000000001,10
50.0,outage,local_only,reuse_rate,0.0,0.0,0.0,0.0,10
50.0,outage,local_only,remote_attempt_rate,0.0,0.0,0.0,0.0,10
50.0,outage,local_only,remote_accept_rate,0.0,0.0,0.0,0.0,10
50.0,outage,local_only,pct_local_fast,100.0,0.0,100.0,100.0,10
50.0,outage,local_only,pct_edge_accurate,0.0,0.0,0.0,0.0,10
50.0,outage,local_only,pct_hybrid,0.0,0.0,0.0,0.0,10
50.0,outage,local_only,pct_degraded_safe,0.0,0.0,0.0,0.0,10
50.0,outage,edge_only,delivered_recall,0.5331675453393376,0.0031766238339371437,0.5314395908820265,0.535173607915781,10
50.0,outage,edge_only,delivered_safety_recall,0.6144266940177994,0.0031740120099398223,0.6125010844377945,0.6162904688335314,10
50.0,outage,edge_only,delivered_recall_fresh_only,0.6381885861437493,0.0009613884218701962,0.6376363443158934,0.638761799943842,10
50.0,outage,edge_only,delivered_safety_recall_fresh_only,0.7352716033250632,0.0019047990247991389,0.7341451655261205,0.7363719680331383,10
50.0,outage,edge_only,deadline_miss_rate,0.16427999999999998,0.005083480872175853,0.16110000000000002,0.16712,10
50.0,outage,edge_only,p95_latency_ms,85.2665724940016,0.19679339930985276,85.16851899796166,85.3997086945601,10
50.0,outage,edge_only,mean_latency_ms,42.46184060007194,0.25457808232446033,42.30384060007194,42.60484060007194,10
50.0,outage,edge_only,usable_confidence_proxy,0.6849960564184188,0.004395932420713491,0.6824771939287483,0.6876493345430942,10
50.0,outage,edge_only,bandwidth_per_1000_frames_kb,3634.5,127.28904116223046,3555.5,3706.0,10
50.0,outage,edge_only,remote_output_share,0.0,0.0,0.0,0.0,10
50.0,outage,edge_only,usable_output_rate,0.83572,0.005083480872175838,0.8328800000000001,0.8389,10
50.0,outage,edge_only,reuse_rate,0.0,0.0,0.0,0.0,10
50.0,outage,edge_only,remote_attempt_rate,0.14538,0.005091561646489215,0.14221999999999999,0.14823999999999998,10
50.0,outage,edge_only,remote_accept_rate,0.0,0.0,0.0,0.0,10
50.0,outage,edge_only,pct_local_fast,0.0,0.0,0.0,0.0,10
50.0,outage,edge_only,pct_edge_accurate,100.0,0.0,100.0,100.0,10
50.0,outage,edge_only,pct_hybrid,0.0,0.0,0.0,0.0,10
50.0,outage,edge_only,pct_degraded_safe,0.0,0.0,0.0,0.0,10
50.0,outage,cloud_only,delivered_recall,0.5331675453393376,0.0031766238339371437,0.5314395908820265,0.535173607915781,10
50.0,outage,cloud_only,delivered_safety_recall,0.6144266940177994,0.0031740120099398223,0.6125010844377945,0.6162904688335314,10
50.0,outage,cloud_only,delivered_recall_fresh_only,0.6381885861437493,0.0009613884218701962,0.6376363443158934,0.638761799943842,10
50.0,outage,cloud_only,delivered_safety_recall_fresh_only,0.7352716033250632,0.0019047990247991389,0.7341451655261205,0.7363719680331383,10
50.0,outage,cloud_only,deadline_miss_rate,0.16427999999999998,0.005083480872175853,0.16110000000000002,0.16712,10
50.0,outage,cloud_only,p95_latency_ms,85.2665724940016,0.19679339930985276,85.16851899796166,85.3997086945601,10
50.0,outage,cloud_only,mean_latency_ms,42.46184060007194,0.25457808232446033,42.30384060007194,42.60484060007194,10
50.0,outage,cloud_only,usable_confidence_proxy,0.6849960564184188,0.004395932420713491,0.6824771939287483,0.6876493345430942,10
50.0,outage,cloud_only,bandwidth_per_1000_frames_kb,5088.3,178.20465762712263,4977.7,5188.4,10
50.0,outage,cloud_only,remote_output_share,0.0,0.0,0.0,0.0,10
50.0,outage,cloud_only,usable_output_rate,0.83572,0.005083480872175838,0.8328800000000001,0.8389,10
50.0,outage,cloud_only,reuse_rate,0.0,0.0,0.0,0.0,10
50.0,outage,cloud_only,remote_attempt_rate,0.14538,0.005091561646489215,0.14221999999999999,0.14823999999999998,10
50.0,outage,cloud_only,remote_accept_rate,0.0,0.0,0.0,0.0,10
50.0,outage,cloud_only,pct_local_fast,0.0,0.0,0.0,0.0,10
50.0,outage,cloud_only,pct_edge_accurate,100.0,0.0,100.0,100.0,10
50.0,outage,cloud_only,pct_hybrid,0.0,0.0,0.0,0.0,10
50.0,outage,cloud_only,pct_degraded_safe,0.0,0.0,0.0,0.0,10
50.0,outage,dapper,delivered_recall,0.21817241620028427,0.0,0.21817241620028427,0.21817241620028427,10
50.0,outage,dapper,delivered_safety_recall,0.2558953313920017,0.0,0.2558953313920017,0.2558953313920017,10
50.0,outage,dapper,delivered_recall_fresh_only,0.6358974720563906,0.0,0.6358974720563906,0.6358974720563906,10
50.0,outage,dapper,delivered_safety_recall_fresh_only,0.7359470383444392,0.0,0.7359470383444392,0.7359470383444392,10
50.0,outage,dapper,deadline_miss_rate,0.007000000000000001,9.14279549108516e-19,0.007000000000000001,0.007000000000000001,10
50.0,outage,dapper,p95_latency_ms,38.56224995979574,0.0,38.56224995979574,38.56224995979574,10
50.0,outage,dapper,mean_latency_ms,12.977344660132847,1.8724445165742407e-15,12.977344660132847,12.977344660132847,10
50.0,outage,dapper,usable_confidence_proxy,0.8168707241594791,0.0,0.8168707241594791,0.8168707241594791,10
50.0,outage,dapper,bandwidth_per_1000_frames_kb,0.0,0.0,0.0,0.0,10
50.0,outage,dapper,remote_output_share,0.0,0.0,0.0,0.0,10
50.0,outage,dapper,usable_output_rate,0.3432,0.0,0.3432,0.3432,10
50.0,outage,dapper,reuse_rate,0.6498,0.0,0.6498,0.6498,10
50.0,outage,dapper,remote_attempt_rate,0.0,0.0,0.0,0.0,10
50.0,outage,dapper,remote_accept_rate,0.0,0.0,0.0,0.0,10
50.0,outage,dapper,pct_local_fast,29.894000000000005,0.25630710745770086,29.75,30.05,10
50.0,outage,dapper,pct_edge_accurate,0.0,0.0,0.0,0.0,10
50.0,outage,dapper,pct_hybrid,0.0,0.0,0.0,0.0,10
50.0,outage,dapper,pct_degraded_safe,70.10600000000001,0.2563071074577014,69.95,70.24999999999999,10
50.0,outage,deadline_greedy,delivered_recall,0.6241299751101134,0.0,0.6241299751101134,0.6241299751101134,10
50.0,outage,deadline_greedy,delivered_safety_recall,0.7174829557521651,1.1702778228589004e-16,0.7174829557521651,0.7174829557521651,10
50.0,outage,deadline_greedy,delivered_recall_fresh_only,0.6385726522200994,0.0,0.6385726522200994,0.6385726522200994,10
50.0,outage,deadline_greedy,delivered_safety_recall_fresh_only,0.7348134619297538,0.0,0.7348134619297538,0.7348134619297538,10
50.0,outage,deadline_greedy,deadline_miss_rate,0.0224,0.0,0.0224,0.0224,10
50.0,outage,deadline_greedy,p95_latency_ms,45.673494995571694,7.489778066296963e-15,45.673494995571694,45.673494995571694,10
50.0,outage,deadline_greedy,mean_latency_ms,35.19284060007193,7.489778066296963e-15,35.19284060007193,35.19284060007193,10
50.0,outage,deadline_greedy,usable_confidence_proxy,0.8010538005888461,1.1702778228589004e-16,0.8010538005888461,0.8010538005888461,10
50.0,outage,deadline_greedy,bandwidth_per_1000_frames_kb,0.0,0.0,0.0,0.0,10
50.0,outage,deadline_greedy,remote_output_share,0.0,0.0,0.0,0.0,10
50.0,outage,deadline_greedy,usable_output_rate,0.9776000000000001,1.1702778228589004e-16,0.9776000000000001,0.9776000000000001,10
50.0,outage,deadline_greedy,reuse_rate,0.0,0.0,0.0,0.0,10
50.0,outage,deadline_greedy,remote_attempt_rate,0.0,0.0,0.0,0.0,10
50.0,outage,deadline_greedy,remote_accept_rate,0.0,0.0,0.0,0.0,10
50.0,outage,deadline_greedy,pct_local_fast,100.0,0.0,100.0,100.0,10
50.0,outage,deadline_greedy,pct_edge_accurate,0.0,0.0,0.0,0.0,10
50.0,outage,deadline_greedy,pct_hybrid,0.0,0.0,0.0,0.0,10
50.0,outage,deadline_greedy,pct_degraded_safe,0.0,0.0,0.0,0.0,10
50.0,outage,confidence_deadline,delivered_recall,0.6241299751101134,0.0,0.6241299751101134,0.6241299751101134,10
50.0,outage,confidence_deadline,delivered_safety_recall,0.7174829557521651,1.1702778228589004e-16,0.7174829557521651,0.7174829557521651,10
50.0,outage,confidence_deadline,delivered_recall_fresh_only,0.6385726522200994,0.0,0.6385726522200994,0.6385726522200994,10
50.0,outage,confidence_deadline,delivered_safety_recall_fresh_only,0.7348134619297538,0.0,0.7348134619297538,0.7348134619297538,10
50.0,outage,confidence_deadline,deadline_miss_rate,0.0224,0.0,0.0224,0.0224,10
50.0,outage,confidence_deadline,p95_latency_ms,45.673494995571694,7.489778066296963e-15,45.673494995571694,45.673494995571694,10
50.0,outage,confidence_deadline,mean_latency_ms,35.19284060007193,7.489778066296963e-15,35.19284060007193,35.19284060007193,10
50.0,outage,confidence_deadline,usable_confidence_proxy,0.8010538005888461,1.1702778228589004e-16,0.8010538005888461,0.8010538005888461,10
50.0,outage,confidence_deadline,bandwidth_per_1000_frames_kb,0.0,0.0,0.0,0.0,10
50.0,outage,confidence_deadline,remote_output_share,0.0,0.0,0.0,0.0,10
50.0,outage,confidence_deadline,usable_output_rate,0.9776000000000001,1.1702778228589004e-16,0.9776000000000001,0.9776000000000001,10
50.0,outage,confidence_deadline,reuse_rate,0.0,0.0,0.0,0.0,10
50.0,outage,confidence_deadline,remote_attempt_rate,0.0,0.0,0.0,0.0,10
50.0,outage,confidence_deadline,remote_accept_rate,0.0,0.0,0.0,0.0,10
50.0,outage,confidence_deadline,pct_local_fast,100.0,0.0,100.0,100.0,10
50.0,outage,confidence_deadline,pct_edge_accurate,0.0,0.0,0.0,0.0,10
50.0,outage,confidence_deadline,pct_hybrid,0.0,0.0,0.0,0.0,10
50.0,outage,confidence_deadline,pct_degraded_safe,0.0,0.0,0.0,0.0,10
50.0,outage,oracle_feasible,delivered_recall,0.6241299751101134,0.0,0.6241299751101134,0.6241299751101134,10
50.0,outage,oracle_feasible,delivered_safety_recall,0.7174829557521651,1.1702778228589004e-16,0.7174829557521651,0.7174829557521651,10
50.0,outage,oracle_feasible,delivered_recall_fresh_only,0.6385726522200994,0.0,0.6385726522200994,0.6385726522200994,10
50.0,outage,oracle_feasible,delivered_safety_recall_fresh_only,0.7348134619297538,0.0,0.7348134619297538,0.7348134619297538,10
50.0,outage,oracle_feasible,deadline_miss_rate,0.0224,0.0,0.0224,0.0224,10
50.0,outage,oracle_feasible,p95_latency_ms,45.673494995571694,7.489778066296963e-15,45.673494995571694,45.673494995571694,10
50.0,outage,oracle_feasible,mean_latency_ms,35.19284060007193,7.489778066296963e-15,35.19284060007193,35.19284060007193,10
50.0,outage,oracle_feasible,usable_confidence_proxy,0.8010538005888461,1.1702778228589004e-16,0.8010538005888461,0.8010538005888461,10
50.0,outage,oracle_feasible,bandwidth_per_1000_frames_kb,0.0,0.0,0.0,0.0,10
50.0,outage,oracle_feasible,remote_output_share,0.0,0.0,0.0,0.0,10
50.0,outage,oracle_feasible,usable_output_rate,0.9776000000000001,1.1702778228589004e-16,0.9776000000000001,0.9776000000000001,10
50.0,outage,oracle_feasible,reuse_rate,0.0,0.0,0.0,0.0,10
50.0,outage,oracle_feasible,remote_attempt_rate,0.0,0.0,0.0,0.0,10
50.0,outage,oracle_feasible,remote_accept_rate,0.0,0.0,0.0,0.0,10
50.0,outage,oracle_feasible,pct_local_fast,100.0,0.0,100.0,100.0,10
50.0,outage,oracle_feasible,pct_edge_accurate,0.0,0.0,0.0,0.0,10
50.0,outage,oracle_feasible,pct_hybrid,0.0,0.0,0.0,0.0,10
50.0,outage,oracle_feasible,pct_degraded_safe,0.0,0.0,0.0,0.0,10
75.0,stable,local_only,delivered_recall,0.6391523349965231,0.0,0.6391523349965231,0.6391523349965231,10
75.0,stable,local_only,delivered_safety_recall,0.7365956065300292,0.0,0.7365956065300292,0.7365956065300292,10
75.0,stable,local_only,delivered_recall_fresh_only,0.6391523349965231,0.0,0.6391523349965231,0.6391523349965231,10
75.0,stable,local_only,delivered_safety_recall_fresh_only,0.7365956065300292,0.0,0.7365956065300292,0.7365956065300292,10
75.0,stable,local_only,deadline_miss_rate,0.0,0.0,0.0,0.0,10
75.0,stable,local_only,p95_latency_ms,45.673494995571694,7.489778066296963e-15,45.673494995571694,45.673494995571694,10
75.0,stable,local_only,mean_latency_ms,35.19284060007193,7.489778066296963e-15,35.19284060007193,35.19284060007193,10
75.0,stable,local_only,usable_confidence_proxy,0.8192857515573502,0.0,0.8192857515573502,0.8192857515573502,10
75.0,stable,local_only,bandwidth_per_1000_frames_kb,0.0,0.0,0.0,0.0,10
75.0,stable,local_only,remote_output_share,0.0,0.0,0.0,0.0,10
75.0,stable,local_only,usable_output_rate,1.0,0.0,1.0,1.0,10
75.0,stable,local_only,reuse_rate,0.0,0.0,0.0,0.0,10
75.0,stable,local_only,remote_attempt_rate,0.0,0.0,0.0,0.0,10
75.0,stable,local_only,remote_accept_rate,0.0,0.0,0.0,0.0,10
75.0,stable,local_only,pct_local_fast,100.0,0.0,100.0,100.0,10
75.0,stable,local_only,pct_edge_accurate,0.0,0.0,0.0,0.0,10
75.0,stable,local_only,pct_hybrid,0.0,0.0,0.0,0.0,10
75.0,stable,local_only,pct_degraded_safe,0.0,0.0,0.0,0.0,10
75.0,stable,edge_only,delivered_recall,0.739795117345973,0.0008105438633012389,0.7393254514914518,0.740282083493711,10
75.0,stable,edge_only,delivered_safety_recall,0.8153731334644687,0.0008895590121601428,0.8148289776147167,0.8158886047202347,10
75.0,stable,edge_only,delivered_recall_fresh_only,0.7469600939357405,0.0003312145364021272,0.7467676567519425,0.7471541487422966,10
75.0,stable,edge_only,delivered_safety_recall_fresh_only,0.8228870834275502,0.0004658418991707199,0.8226233865341199,0.8231648945123418,10
75.0,stable,edge_only,deadline_miss_rate,0.009600000000000001,0.0009977753031397178,0.00902,0.01018,10
75.0,stable,edge_only,p95_latency_ms,37.80014370397932,0.1140964832270376,37.72552964623993,37.85811591782492,10
75.0,stable,edge_only,mean_latency_ms,34.63032728718689,0.10361151266445044,34.56707608862682,34.690013522727476,10
75.0,stable,edge_only,usable_confidence_proxy,0.8726725272524357,0.0009670094111412101,0.8721031722487956,0.8732361807399542,10
75.0,stable,edge_only,bandwidth_per_1000_frames_kb,25000.0,0.0,25000.0,25000.0,10
75.0,stable,edge_only,remote_output_share,0.9904,0.0009977753031396993,0.9898199999999999,0.9909800000000001,10
75.0,stable,edge_only,usable_output_rate,0.9904,0.0009977753031396993,0.9898199999999999,0.9909800000000001,10
75.0,stable,edge_only,reuse_rate,0.0,0.0,0.0,0.0,10
75.0,stable,edge_only,remote_attempt_rate,1.0,0.0,1.0,1.0,10
75.0,stable,edge_only,remote_accept_rate,0.9904,0.0009977753031396993,0.9898199999999999,0.9909800000000001,10
75.0,stable,edge_only,pct_local_fast,0.0,0.0,0.0,0.0,10
75.0,stable,edge_only,pct_edge_accurate,100.0,0.0,100.0,100.0,10
75.0,stable,edge_only,pct_hybrid,0.0,0.0,0.0,0.0,10
75.0,stable,edge_only,pct_degraded_safe,0.0,0.0,0.0,0.0,10
75.0,stable,cloud_only,delivered_recall,0.0,0.0,0.0,0.0,10
75.0,stable,cloud_only,delivered_safety_recall,0.0,0.0,0.0,0.0,10
75.0,stable,cloud_only,delivered_recall_fresh_only,,,,,0
75.0,stable,cloud_only,delivered_safety_recall_fresh_only,,,,,0
75.0,stable,cloud_only,deadline_miss_rate,1.0,0.0,1.0,1.0,10
75.0,stable,cloud_only,p95_latency_ms,120.6734949955717,0.0,120.6734949955717,120.6734949955717,10
75.0,stable,cloud_only,mean_latency_ms,110.19284060007195,0.0,110.19284060007195,110.19284060007195,10
75.0,stable,cloud_only,usable_confidence_proxy,0.0,0.0,0.0,0.0,10
75.0,stable,cloud_only,bandwidth_per_1000_frames_kb,35000.0,0.0,35000.0,35000.0,10
75.0,stable,cloud_only,remote_output_share,0.0,0.0,0.0,0.0,10
75.0,stable,cloud_only,usable_output_rate,0.0,0.0,0.0,0.0,10
75.0,stable,cloud_only,reuse_rate,0.0,0.0,0.0,0.0,10
75.0,stable,cloud_only,remote_attempt_rate,1.0,0.0,1.0,1.0,10
75.0,stable,cloud_only,remote_accept_rate,0.0,0.0,0.0,0.0,10
75.0,stable,cloud_only,pct_local_fast,0.0,0.0,0.0,0.0,10
75.0,stable,cloud_only,pct_edge_accurate,100.0,0.0,100.0,100.0,10
75.0,stable,cloud_only,pct_hybrid,0.0,0.0,0.0,0.0,10
75.0,stable,cloud_only,pct_degraded_safe,0.0,0.0,0.0,0.0,10
75.0,stable,dapper,delivered_recall,0.6592729477767845,0.0008321769497380944,0.6588186886415575,0.6598061052405279,10
75.0,stable,dapper,delivered_safety_recall,0.7511110283214093,0.001083863069241458,0.7505367107165968,0.751792905621426,10
75.0,stable,dapper,delivered_recall_fresh_only,0.6592729477767845,0.0008321769497380944,0.6588186886415575,0.6598061052405279,10
75.0,stable,dapper,delivered_safety_recall_fresh_only,0.7511110283214093,0.001083863069241458,0.7505367107165968,0.751792905621426,10
75.0,stable,dapper,deadline_miss_rate,0.0,0.0,0.0,0.0,10
75.0,stable,dapper,p95_latency_ms,45.673494995571694,7.489778066296963e-15,45.673494995571694,45.673494995571694,10
75.0,stable,dapper,mean_latency_ms,35.19284060007193,7.489778066296963e-15,35.19284060007193,35.19284060007193,10
75.0,stable,dapper,usable_confidence_proxy,0.8432209647786617,0.0011227168272242084,0.8425858957156688,0.8438931540523619,10
75.0,stable,dapper,bandwidth_per_1000_frames_kb,3315.0,101.10500592068735,3256.5,3373.5125,10
75.0,stable,dapper,remote_output_share,0.13128,0.0039946631063624526,0.12896,0.13355999999999998,10
75.0,stable,dapper,usable_output_rate,1.0,0.0,1.0,1.0,10
75.0,stable,dapper,reuse_rate,0.0,0.0,0.0,0.0,10
75.0,stable,dapper,remote_attempt_rate,0.13260000000000002,0.004044200236827498,0.13026,0.1349405,10
75.0,stable,dapper,remote_accept_rate,0.9900550794584794,0.004612935995653238,0.9872814169993852,0.9926914960072962,10
75.0,stable,dapper,pct_local_fast,86.74,0.4044200236827505,86.50595,86.974,10
75.0,stable,dapper,pct_edge_accurate,0.0,0.0,0.0,0.0,10
75.0,stable,dapper,pct_hybrid,13.26,0.40442002368274993,13.026,13.49405,10
75.0,stable,dapper,pct_degraded_safe,0.0,0.0,0.0,0.0,10
75.0,stable,deadline_greedy,delivered_recall,0.6391523349965231,0.0,0.6391523349965231,0.6391523349965231,10
75.0,stable,deadline_greedy,delivered_safety_recall,0.7365956065300292,0.0,0.7365956065300292,0.7365956065300292,10
75.0,stable,deadline_greedy,delivered_recall_fresh_only,0.6391523349965231,0.0,0.6391523349965231,0.6391523349965231,10
75.0,stable,deadline_greedy,delivered_safety_recall_fresh_only,0.7365956065300292,0.0,0.7365956065300292,0.7365956065300292,10
75.0,stable,deadline_greedy,deadline_miss_rate,0.0,0.0,0.0,0.0,10
75.0,stable,deadline_greedy,p95_latency_ms,45.673494995571694,7.489778066296963e-15,45.673494995571694,45.673494995571694,10
75.0,stable,deadline_greedy,mean_latency_ms,35.19284060007193,7.489778066296963e-15,35.19284060007193,35.19284060007193,10
75.0,stable,deadline_greedy,usable_confidence_proxy,0.8192857515573502,0.0,0.8192857515573502,0.8192857515573502,10
75.0,stable,deadline_greedy,bandwidth_per_1000_frames_kb,0.0,0.0,0.0,0.0,10
75.0,stable,deadline_greedy,remote_output_share,0.0,0.0,0.0,0.0,10
75.0,stable,deadline_greedy,usable_output_rate,1.0,0.0,1.0,1.0,10
75.0,stable,deadline_greedy,reuse_rate,0.0,0.0,0.0,0.0,10
75.0,stable,deadline_greedy,remote_attempt_rate,0.0,0.0,0.0,0.0,10
75.0,stable,deadline_greedy,remote_accept_rate,0.0,0.0,0.0,0.0,10
75.0,stable,deadline_greedy,pct_local_fast,100.0,0.0,100.0,100.0,10
75.0,stable,deadline_greedy,pct_edge_accurate,0.0,0.0,0.0,0.0,10
75.0,stable,deadline_greedy,pct_hybrid,0.0,0.0,0.0,0.0,10
75.0,stable,deadline_greedy,pct_degraded_safe,0.0,0.0,0.0,0.0,10
75.0,stable,confidence_deadline,delivered_recall,0.6391523349965231,0.0,0.6391523349965231,0.6391523349965231,10
75.0,stable,confidence_deadline,delivered_safety_recall,0.7365956065300292,0.0,0.7365956065300292,0.7365956065300292,10
75.0,stable,confidence_deadline,delivered_recall_fresh_only,0.6391523349965231,0.0,0.6391523349965231,0.6391523349965231,10
75.0,stable,confidence_deadline,delivered_safety_recall_fresh_only,0.7365956065300292,0.0,0.7365956065300292,0.7365956065300292,10
75.0,stable,confidence_deadline,deadline_miss_rate,0.0,0.0,0.0,0.0,10
75.0,stable,confidence_deadline,p95_latency_ms,45.673494995571694,7.489778066296963e-15,45.673494995571694,45.673494995571694,10
75.0,stable,confidence_deadline,mean_latency_ms,35.19284060007193,7.489778066296963e-15,35.19284060007193,35.19284060007193,10
75.0,stable,confidence_deadline,usable_confidence_proxy,0.8192857515573502,0.0,0.8192857515573502,0.8192857515573502,10
75.0,stable,confidence_deadline,bandwidth_per_1000_frames_kb,0.0,0.0,0.0,0.0,10
75.0,stable,confidence_deadline,remote_output_share,0.0,0.0,0.0,0.0,10
75.0,stable,confidence_deadline,usable_output_rate,1.0,0.0,1.0,1.0,10
75.0,stable,confidence_deadline,reuse_rate,0.0,0.0,0.0,0.0,10
75.0,stable,confidence_deadline,remote_attempt_rate,0.0,0.0,0.0,0.0,10
75.0,stable,confidence_deadline,remote_accept_rate,0.0,0.0,0.0,0.0,10
75.0,stable,confidence_deadline,pct_local_fast,100.0,0.0,100.0,100.0,10
75.0,stable,confidence_deadline,pct_edge_accurate,0.0,0.0,0.0,0.0,10
75.0,stable,confidence_deadline,pct_hybrid,0.0,0.0,0.0,0.0,10
75.0,stable,confidence_deadline,pct_degraded_safe,0.0,0.0,0.0,0.0,10
75.0,stable,oracle_feasible,delivered_recall,0.7343209583351017,0.0002387589176580902,0.7341861123145837,0.7344747656299971,10
75.0,stable,oracle_feasible,delivered_safety_recall,0.8137841653312693,0.0004598118734210021,0.8135159937834742,0.8140475415034165,10
75.0,stable,oracle_feasible,delivered_recall_fresh_only,0.7343209583351017,0.0002387589176580902,0.7341861123145837,0.7344747656299971,10
75.0,stable,oracle_feasible,delivered_safety_recall_fresh_only,0.8137841653312693,0.0004598118734210021,0.8135159937834742,0.8140475415034165,10
75.0,stable,oracle_feasible,deadline_miss_rate,0.0,0.0,0.0,0.0,10
75.0,stable,oracle_feasible,p95_latency_ms,38.0547747058901,0.08201509710765689,38.00382879270376,38.099469805285906,10
75.0,stable,oracle_feasible,mean_latency_ms,34.06247563491717,0.05279636081832265,34.02991564195682,34.09099722544641,10
75.0,stable,oracle_feasible,usable_confidence_proxy,0.8880200751972198,0.00022464020780409437,0.887884915864706,0.8881519623500557,10
75.0,stable,oracle_feasible,bandwidth_per_1000_frames_kb,21074.0,22.335820757001272,21061.0,21087.5,10
75.0,stable,oracle_feasible,remote_output_share,0.84296,0.000893432830280069,0.8424400000000001,0.8435,10
75.0,stable,oracle_feasible,usable_output_rate,1.0,0.0,1.0,1.0,10
75.0,stable,oracle_feasible,reuse_rate,0.0,0.0,0.0,0.0,10
75.0,stable,oracle_feasible,remote_attempt_rate,0.84296,0.000893432830280069,0.8424400000000001,0.8435,10
75.0,stable,oracle_feasible,remote_accept_rate,1.0,0.0,1.0,1.0,10
75.0,stable,oracle_feasible,pct_local_fast,15.703999999999999,0.08934328302800525,15.65,15.756,10
75.0,stable,oracle_feasible,pct_edge_accurate,84.296,0.08934328302800441,84.244,84.35,10
75.0,stable,oracle_feasible,pct_hybrid,0.0,0.0,0.0,0.0,10
75.0,stable,oracle_feasible,pct_degraded_safe,0.0,0.0,0.0,0.0,10
75.0,congested,local_only,delivered_recall,0.6391523349965231,0.0,0.6391523349965231,0.6391523349965231,10
75.0,congested,local_only,delivered_safety_recall,0.7365956065300292,0.0,0.7365956065300292,0.7365956065300292,10
75.0,congested,local_only,delivered_recall_fresh_only,0.6391523349965231,0.0,0.6391523349965231,0.6391523349965231,10
75.0,congested,local_only,delivered_safety_recall_fresh_only,0.7365956065300292,0.0,0.7365956065300292,0.7365956065300292,10
75.0,congested,local_only,deadline_miss_rate,0.0,0.0,0.0,0.0,10
75.0,congested,local_only,p95_latency_ms,45.673494995571694,7.489778066296963e-15,45.673494995571694,45.673494995571694,10
75.0,congested,local_only,mean_latency_ms,35.19284060007193,7.489778066296963e-15,35.19284060007193,35.19284060007193,10
75.0,congested,local_only,usable_confidence_proxy,0.8192857515573502,0.0,0.8192857515573502,0.8192857515573502,10
75.0,congested,local_only,bandwidth_per_1000_frames_kb,0.0,0.0,0.0,0.0,10
75.0,congested,local_only,remote_output_share,0.0,0.0,0.0,0.0,10
75.0,congested,local_only,usable_output_rate,1.0,0.0,1.0,1.0,10
75.0,congested,local_only,reuse_rate,0.0,0.0,0.0,0.0,10
75.0,congested,local_only,remote_attempt_rate,0.0,0.0,0.0,0.0,10
75.0,congested,local_only,remote_accept_rate,0.0,0.0,0.0,0.0,10
75.0,congested,local_only,pct_local_fast,100.0,0.0,100.0,100.0,10
75.0,congested,local_only,pct_edge_accurate,0.0,0.0,0.0,0.0,10
75.0,congested,local_only,pct_hybrid,0.0,0.0,0.0,0.0,10
75.0,congested,local_only,pct_degraded_safe,0.0,0.0,0.0,0.0,10
75.0,congested,edge_only,delivered_recall,0.17323655778051694,0.009144246577165819,0.16808524278328799,0.17871766983630533,10
75.0,congested,edge_only,delivered_safety_recall,0.1889745743253272,0.010687241929965586,0.18250286896077234,0.19479888382111138,10
75.0,congested,edge_only,delivered_recall_fresh_only,0.7484227332391071,0.004750935344386913,0.745570687822162,0.7511520083133238,10
75.0,congested,edge_only,delivered_safety_recall_fresh_only,0.8228288140129244,0.011190638664458201,0.8156907988066688,0.8288849994035814,10
75.0,congested,edge_only,deadline_miss_rate,0.7685799999999999,0.011891154508943007,0.76144,0.7751405,10
75.0,congested,edge_only,p95_latency_ms,118.98822098853998,0.11646693346021049,118.92139387609495,119.0576765110236,10
75.0,congested,edge_only,mean_latency_ms,100.92046506942708,0.45920672952717007,100.64420023816548,101.17561563593314,10
75.0,congested,edge_only,usable_confidence_proxy,0.203840043194294,0.010756489815727941,0.1978664141318947,0.2102600838395804,10
75.0,congested,edge_only,bandwidth_per_1000_frames_kb,25000.0,0.0,25000.0,25000.0,10
75.0,congested,edge_only,remote_output_share,0.23142000000000001,0.011891154508943005,0.2248595,0.23855999999999997,10
75.0,congested,edge_only,usable_output_rate,0.23142000000000001,0.011891154508943005,0.2248595,0.23855999999999997,10
75.0,congested,edge_only,reuse_rate,0.0,0.0,0.0,0.0,10
75.0,congested,edge_only,remote_attempt_rate,1.0,0.0,1.0,1.0,10
75.0,congested,edge_only,remote_accept_rate,0.23142000000000001,0.011891154508943005,0.2248595,0.23855999999999997,10
75.0,congested,edge_only,pct_local_fast,0.0,0.0,0.0,0.0,10
75.0,congested,edge_only,pct_edge_accurate,100.0,0.0,100.0,100.0,10
75.0,congested,edge_only,pct_hybrid,0.0,0.0,0.0,0.0,10
75.0,congested,edge_only,pct_degraded_safe,0.0,0.0,0.0,0.0,10
75.0,congested,cloud_only,delivered_recall,0.0,0.0,0.0,0.0,10
75.0,congested,cloud_only,delivered_safety_recall,0.0,0.0,0.0,0.0,10
75.0,congested,cloud_only,delivered_recall_fresh_only,,,,,0
75.0,congested,cloud_only,delivered_safety_recall_fresh_only,,,,,0
75.0,congested,cloud_only,deadline_miss_rate,1.0,0.0,1.0,1.0,10
75.0,congested,cloud_only,p95_latency_ms,120.6734949955717,0.0,120.6734949955717,120.6734949955717,10
75.0,congested,cloud_only,mean_latency_ms,110.19284060007195,0.0,110.19284060007195,110.19284060007195,10
75.0,congested,cloud_only,usable_confidence_proxy,0.0,0.0,0.0,0.0,10
75.0,congested,cloud_only,bandwidth_per_1000_frames_kb,35000.0,0.0,35000.0,35000.0,10
75.0,congested,cloud_only,remote_output_share,0.0,0.0,0.0,0.0,10
75.0,congested,cloud_only,usable_output_rate,0.0,0.0,0.0,0.0,10
75.0,congested,cloud_only,reuse_rate,0.0,0.0,0.0,0.0,10
75.0,congested,cloud_only,remote_attempt_rate,1.0,0.0,1.0,1.0,10
75.0,congested,cloud_only,remote_accept_rate,0.0,0.0,0.0,0.0,10
75.0,congested,cloud_only,pct_local_fast,0.0,0.0,0.0,0.0,10
75.0,congested,cloud_only,pct_edge_accurate,100.0,0.0,100.0,100.0,10
75.0,congested,cloud_only,pct_hybrid,0.0,0.0,0.0,0.0,10
75.0,congested,cloud_only,pct_degraded_safe,0.0,0.0,0.0,0.0,10
75.0,congested,dapper,delivered_recall,0.3554701888199676,0.007017609889460588,0.3513886791560858,0.3596731768094038,10
75.0,congested,dapper,delivered_safety_recall,0.408285872363016,0.008318725365678813,0.40330492945208396,0.4130705370868753,10
75.0,congested,dapper,delivered_recall_fresh_only,0.6417756801023616,0.0037897764378231813,0.6395095770088525,0.6438792691434335,10
75.0,congested,dapper,delivered_safety_recall_fresh_only,0.7380004612123339,0.004543672827200577,0.735196162693002,0.7404329153053091,10
75.0,congested,dapper,deadline_miss_rate,0.0,0.0,0.0,0.0,10
75.0,congested,dapper,p95_latency_ms,41.66620950010838,0.26895905967985523,41.5133070404263,41.82888439750968,10
75.0,congested,dapper,mean_latency_ms,19.960684518066408,0.2930596820673172,19.798957108099522,20.139493091699226,10
75.0,congested,dapper,usable_confidence_proxy,0.8196991253733635,0.002885822934959372,0.8179980799719245,0.8213933229808509,10
75.0,congested,dapper,bandwidth_per_1000_frames_kb,0.0,0.0,0.0,0.0,10
75.0,congested,dapper,remote_output_share,0.0,0.0,0.0,0.0,10
75.0,congested,dapper,usable_output_rate,0.5539400000000001,0.00850205203988359,0.5492395,0.5591200000000001,10
75.0,congested,dapper,reuse_rate,0.44606,0.008502052039883606,0.44088000000000005,0.4507605,10
75.0,congested,dapper,remote_attempt_rate,0.0,0.0,0.0,0.0,10
75.0,congested,dapper,remote_accept_rate,0.0,0.0,0.0,0.0,10
75.0,congested,dapper,pct_local_fast,39.982,1.527538324669249,39.08795,40.86605,10
75.0,congested,dapper,pct_edge_accurate,0.0,0.0,0.0,0.0,10
75.0,congested,dapper,pct_hybrid,0.0,0.0,0.0,0.0,10
75.0,congested,dapper,pct_degraded_safe,60.017999999999994,1.5275383246692493,59.13394999999999,60.91205,10
75.0,congested,deadline_greedy,delivered_recall,0.6391523349965231,0.0,0.6391523349965231,0.6391523349965231,10
75.0,congested,deadline_greedy,delivered_safety_recall,0.7365956065300292,0.0,0.7365956065300292,0.7365956065300292,10
75.0,congested,deadline_greedy,delivered_recall_fresh_only,0.6391523349965231,0.0,0.6391523349965231,0.6391523349965231,10
75.0,congested,deadline_greedy,delivered_safety_recall_fresh_only,0.7365956065300292,0.0,0.7365956065300292,0.7365956065300292,10
75.0,congested,deadline_greedy,deadline_miss_rate,0.0,0.0,0.0,0.0,10
75.0,congested,deadline_greedy,p95_latency_ms,45.673494995571694,7.489778066296963e-15,45.673494995571694,45.673494995571694,10
75.0,congested,deadline_greedy,mean_latency_ms,35.19284060007193,7.489778066296963e-15,35.19284060007193,35.19284060007193,10
75.0,congested,deadline_greedy,usable_confidence_proxy,0.8192857515573502,0.0,0.8192857515573502,0.8192857515573502,10
75.0,congested,deadline_greedy,bandwidth_per_1000_frames_kb,0.0,0.0,0.0,0.0,10
75.0,congested,deadline_greedy,remote_output_share,0.0,0.0,0.0,0.0,10
75.0,congested,deadline_greedy,usable_output_rate,1.0,0.0,1.0,1.0,10
75.0,congested,deadline_greedy,reuse_rate,0.0,0.0,0.0,0.0,10
75.0,congested,deadline_greedy,remote_attempt_rate,0.0,0.0,0.0,0.0,10
75.0,congested,deadline_greedy,remote_accept_rate,0.0,0.0,0.0,0.0,10
75.0,congested,deadline_greedy,pct_local_fast,100.0,0.0,100.0,100.0,10
75.0,congested,deadline_greedy,pct_edge_accurate,0.0,0.0,0.0,0.0,10
75.0,congested,deadline_greedy,pct_hybrid,0.0,0.0,0.0,0.0,10
75.0,congested,deadline_greedy,pct_degraded_safe,0.0,0.0,0.0,0.0,10
75.0,congested,confidence_deadline,delivered_recall,0.6391523349965231,0.0,0.6391523349965231,0.6391523349965231,10
75.0,congested,confidence_deadline,delivered_safety_recall,0.7365956065300292,0.0,0.7365956065300292,0.7365956065300292,10
75.0,congested,confidence_deadline,delivered_recall_fresh_only,0.6391523349965231,0.0,0.6391523349965231,0.6391523349965231,10
75.0,congested,confidence_deadline,delivered_safety_recall_fresh_only,0.7365956065300292,0.0,0.7365956065300292,0.7365956065300292,10
75.0,congested,confidence_deadline,deadline_miss_rate,0.0,0.0,0.0,0.0,10
75.0,congested,confidence_deadline,p95_latency_ms,45.673494995571694,7.489778066296963e-15,45.673494995571694,45.673494995571694,10
75.0,congested,confidence_deadline,mean_latency_ms,35.19284060007193,7.489778066296963e-15,35.19284060007193,35.19284060007193,10
75.0,congested,confidence_deadline,usable_confidence_proxy,0.8192857515573502,0.0,0.8192857515573502,0.8192857515573502,10
75.0,congested,confidence_deadline,bandwidth_per_1000_frames_kb,0.0,0.0,0.0,0.0,10
75.0,congested,confidence_deadline,remote_output_share,0.0,0.0,0.0,0.0,10
75.0,congested,confidence_deadline,usable_output_rate,1.0,0.0,1.0,1.0,10
75.0,congested,confidence_deadline,reuse_rate,0.0,0.0,0.0,0.0,10
75.0,congested,confidence_deadline,remote_attempt_rate,0.0,0.0,0.0,0.0,10
75.0,congested,confidence_deadline,remote_accept_rate,0.0,0.0,0.0,0.0,10
75.0,congested,confidence_deadline,pct_local_fast,100.0,0.0,100.0,100.0,10
75.0,congested,confidence_deadline,pct_edge_accurate,0.0,0.0,0.0,0.0,10
75.0,congested,confidence_deadline,pct_hybrid,0.0,0.0,0.0,0.0,10
75.0,congested,confidence_deadline,pct_degraded_safe,0.0,0.0,0.0,0.0,10
75.0,congested,oracle_feasible,delivered_recall,0.6618363063000534,0.001260042403425115,0.6611070437559463,0.6625910550353975,10
75.0,congested,oracle_feasible,delivered_safety_recall,0.7547130372377842,0.0009684845333250928,0.7541514897558099,0.7553086439074094,10
75.0,congested,oracle_feasible,delivered_recall_fresh_only,0.6618363063000534,0.001260042403425115,0.6611070437559463,0.6625910550353975,10
75.0,congested,oracle_feasible,delivered_safety_recall_fresh_only,0.7547130372377842,0.0009684845333250928,0.7541514897558099,0.7553086439074094,10
75.0,congested,oracle_feasible,deadline_miss_rate,0.0,0.0,0.0,0.0,10
75.0,congested,oracle_feasible,p95_latency_ms,73.20367070762272,0.1340494586134802,73.1259305884927,73.28086489226796,10
75.0,congested,oracle_feasible,mean_latency_ms,42.07842501090364,0.37516120384621926,41.869592897645205,42.301954857268626,10
75.0,congested,oracle_feasible,usable_confidence_proxy,0.8353527060079575,0.0008489059487831694,0.8348605933974683,0.8358601640964598,10
75.0,congested,oracle_feasible,bandwidth_per_1000_frames_kb,4935.0,252.1573582771943,4795.4875,5085.5,10
75.0,congested,oracle_feasible,remote_output_share,0.1974,0.010086294331087776,0.19181949999999998,0.20342000000000002,10
75.0,congested,oracle_feasible,usable_output_rate,1.0,0.0,1.0,1.0,10
75.0,congested,oracle_feasible,reuse_rate,0.0,0.0,0.0,0.0,10
75.0,congested,oracle_feasible,remote_attempt_rate,0.1974,0.010086294331087776,0.19181949999999998,0.20342000000000002,10
75.0,congested,oracle_feasible,remote_accept_rate,1.0,0.0,1.0,1.0,10
75.0,congested,oracle_feasible,pct_local_fast,80.25999999999999,1.0086294331087768,79.65799999999999,80.81805000000001,10
75.0,congested,oracle_feasible,pct_edge_accurate,19.74,1.0086294331087782,19.181949999999997,20.342000000000002,10
75.0,congested,oracle_feasible,pct_hybrid,0.0,0.0,0.0,0.0,10
75.0,congested,oracle_feasible,pct_degraded_safe,0.0,0.0,0.0,0.0,10
75.0,lossy,local_only,delivered_recall,0.6391523349965231,0.0,0.6391523349965231,0.6391523349965231,10
75.0,lossy,local_only,delivered_safety_recall,0.7365956065300292,0.0,0.7365956065300292,0.7365956065300292,10
75.0,lossy,local_only,delivered_recall_fresh_only,0.6391523349965231,0.0,0.6391523349965231,0.6391523349965231,10
75.0,lossy,local_only,delivered_safety_recall_fresh_only,0.7365956065300292,0.0,0.7365956065300292,0.7365956065300292,10
75.0,lossy,local_only,deadline_miss_rate,0.0,0.0,0.0,0.0,10
75.0,lossy,local_only,p95_latency_ms,45.673494995571694,7.489778066296963e-15,45.673494995571694,45.673494995571694,10
75.0,lossy,local_only,mean_latency_ms,35.19284060007193,7.489778066296963e-15,35.19284060007193,35.19284060007193,10
75.0,lossy,local_only,usable_confidence_proxy,0.8192857515573502,0.0,0.8192857515573502,0.8192857515573502,10
75.0,lossy,local_only,bandwidth_per_1000_frames_kb,0.0,0.0,0.0,0.0,10
75.0,lossy,local_only,remote_output_share,0.0,0.0,0.0,0.0,10
75.0,lossy,local_only,usable_output_rate,1.0,0.0,1.0,1.0,10
75.0,lossy,local_only,reuse_rate,0.0,0.0,0.0,0.0,10
75.0,lossy,local_only,remote_attempt_rate,0.0,0.0,0.0,0.0,10
75.0,lossy,local_only,remote_accept_rate,0.0,0.0,0.0,0.0,10
75.0,lossy,local_only,pct_local_fast,100.0,0.0,100.0,100.0,10
75.0,lossy,local_only,pct_edge_accurate,0.0,0.0,0.0,0.0,10
75.0,lossy,local_only,pct_hybrid,0.0,0.0,0.0,0.0,10
75.0,lossy,local_only,pct_degraded_safe,0.0,0.0,0.0,0.0,10
75.0,lossy,edge_only,delivered_recall,0.5997881359519311,0.0028063550055477788,0.5981580760443065,0.601436290338463,10
75.0,lossy,edge_only,delivered_safety_recall,0.6605151428613307,0.0033902795685057706,0.6585644748811434,0.6624456622853473,10
75.0,lossy,edge_only,delivered_recall_fresh_only,0.7472701338195875,0.0014926251613048445,0.7463458676263867,0.7481166349614607,10
75.0,lossy,edge_only,delivered_safety_recall_fresh_only,0.8233648301413847,0.0025344842508561215,0.8219717534828973,0.8249131788877332,10
75.0,lossy,edge_only,deadline_miss_rate,0.19762000000000002,0.0048984804900204645,0.1945795,0.20036,10
75.0,lossy,edge_only,p95_latency_ms,111.31692699127598,0.1377211324331467,111.23875451386266,111.39932403048442,10
75.0,lossy,edge_only,mean_latency_ms,61.32297539329841,0.3300619862232563,61.11720808816188,61.50478117193158,10
75.0,lossy,edge_only,usable_confidence_proxy,0.7068628688323497,0.004039546388023469,0.7045701137560307,0.7093141964808702,10
75.0,lossy,edge_only,bandwidth_per_1000_frames_kb,25000.0,0.0,25000.0,25000.0,10
75.0,lossy,edge_only,remote_output_share,0.80238,0.004898480490020452,0.79964,0.8054205,10
75.0,lossy,edge_only,usable_output_rate,0.80238,0.004898480490020452,0.79964,0.8054205,10
75.0,lossy,edge_only,reuse_rate,0.0,0.0,0.0,0.0,10
75.0,lossy,edge_only,remote_attempt_rate,1.0,0.0,1.0,1.0,10
75.0,lossy,edge_only,remote_accept_rate,0.80238,0.004898480490020452,0.79964,0.8054205,10
75.0,lossy,edge_only,pct_local_fast,0.0,0.0,0.0,0.0,10
75.0,lossy,edge_only,pct_edge_accurate,100.0,0.0,100.0,100.0,10
75.0,lossy,edge_only,pct_hybrid,0.0,0.0,0.0,0.0,10
75.0,lossy,edge_only,pct_degraded_safe,0.0,0.0,0.0,0.0,10
75.0,lossy,cloud_only,delivered_recall,0.0,0.0,0.0,0.0,10
75.0,lossy,cloud_only,delivered_safety_recall,0.0,0.0,0.0,0.0,10
75.0,lossy,cloud_only,delivered_recall_fresh_only,,,,,0
75.0,lossy,cloud_only,delivered_safety_recall_fresh_only,,,,,0
75.0,lossy,cloud_only,deadline_miss_rate,1.0,0.0,1.0,1.0,10
75.0,lossy,cloud_only,p95_latency_ms,120.6734949955717,0.0,120.6734949955717,120.6734949955717,10
75.0,lossy,cloud_only,mean_latency_ms,110.19284060007195,0.0,110.19284060007195,110.19284060007195,10
75.0,lossy,cloud_only,usable_confidence_proxy,0.0,0.0,0.0,0.0,10
75.0,lossy,cloud_only,bandwidth_per_1000_frames_kb,35000.0,0.0,35000.0,35000.0,10
75.0,lossy,cloud_only,remote_output_share,0.0,0.0,0.0,0.0,10
75.0,lossy,cloud_only,usable_output_rate,0.0,0.0,0.0,0.0,10
75.0,lossy,cloud_only,reuse_rate,0.0,0.0,0.0,0.0,10
75.0,lossy,cloud_only,remote_attempt_rate,1.0,0.0,1.0,1.0,10
75.0,lossy,cloud_only,remote_accept_rate,0.0,0.0,0.0,0.0,10
75.0,lossy,cloud_only,pct_local_fast,0.0,0.0,0.0,0.0,10
75.0,lossy,cloud_only,pct_edge_accurate,100.0,0.0,100.0,100.0,10
75.0,lossy,cloud_only,pct_hybrid,0.0,0.0,0.0,0.0,10
75.0,lossy,cloud_only,pct_degraded_safe,0.0,0.0,0.0,0.0,10
75.0,lossy,dapper,delivered_recall,0.6391523349965231,0.0,0.6391523349965231,0.6391523349965231,10
75.0,lossy,dapper,delivered_safety_recall,0.7365956065300292,0.0,0.7365956065300292,0.7365956065300292,10
75.0,lossy,dapper,delivered_recall_fresh_only,0.6391523349965231,0.0,0.6391523349965231,0.6391523349965231,10
75.0,lossy,dapper,delivered_safety_recall_fresh_only,0.7365956065300292,0.0,0.7365956065300292,0.7365956065300292,10
75.0,lossy,dapper,deadline_miss_rate,0.0,0.0,0.0,0.0,10
75.0,lossy,dapper,p95_latency_ms,45.673494995571694,7.489778066296963e-15,45.673494995571694,45.673494995571694,10
75.0,lossy,dapper,mean_latency_ms,35.19284060007193,7.489778066296963e-15,35.19284060007193,35.19284060007193,10
75.0,lossy,dapper,usable_confidence_proxy,0.8192857515573502,0.0,0.8192857515573502,0.8192857515573502,10
75.0,lossy,dapper,bandwidth_per_1000_frames_kb,0.0,0.0,0.0,0.0,10
75.0,lossy,dapper,remote_output_share,0.0,0.0,0.0,0.0,10
75.0,lossy,dapper,usable_output_rate,1.0,0.0,1.0,1.0,10
75.0,lossy,dapper,reuse_rate,0.0,0.0,0.0,0.0,10
75.0,lossy,dapper,remote_attempt_rate,0.0,0.0,0.0,0.0,10
75.0,lossy,dapper,remote_accept_rate,0.0,0.0,0.0,0.0,10
75.0,lossy,dapper,pct_local_fast,100.0,0.0,100.0,100.0,10
75.0,lossy,dapper,pct_edge_accurate,0.0,0.0,0.0,0.0,10
75.0,lossy,dapper,pct_hybrid,0.0,0.0,0.0,0.0,10
75.0,lossy,dapper,pct_degraded_safe,0.0,0.0,0.0,0.0,10
75.0,lossy,deadline_greedy,delivered_recall,0.6391523349965231,0.0,0.6391523349965231,0.6391523349965231,10
75.0,lossy,deadline_greedy,delivered_safety_recall,0.7365956065300292,0.0,0.7365956065300292,0.7365956065300292,10
75.0,lossy,deadline_greedy,delivered_recall_fresh_only,0.6391523349965231,0.0,0.6391523349965231,0.6391523349965231,10
75.0,lossy,deadline_greedy,delivered_safety_recall_fresh_only,0.7365956065300292,0.0,0.7365956065300292,0.7365956065300292,10
75.0,lossy,deadline_greedy,deadline_miss_rate,0.0,0.0,0.0,0.0,10
75.0,lossy,deadline_greedy,p95_latency_ms,45.673494995571694,7.489778066296963e-15,45.673494995571694,45.673494995571694,10
75.0,lossy,deadline_greedy,mean_latency_ms,35.19284060007193,7.489778066296963e-15,35.19284060007193,35.19284060007193,10
75.0,lossy,deadline_greedy,usable_confidence_proxy,0.8192857515573502,0.0,0.8192857515573502,0.8192857515573502,10
75.0,lossy,deadline_greedy,bandwidth_per_1000_frames_kb,0.0,0.0,0.0,0.0,10
75.0,lossy,deadline_greedy,remote_output_share,0.0,0.0,0.0,0.0,10
75.0,lossy,deadline_greedy,usable_output_rate,1.0,0.0,1.0,1.0,10
75.0,lossy,deadline_greedy,reuse_rate,0.0,0.0,0.0,0.0,10
75.0,lossy,deadline_greedy,remote_attempt_rate,0.0,0.0,0.0,0.0,10
75.0,lossy,deadline_greedy,remote_accept_rate,0.0,0.0,0.0,0.0,10
75.0,lossy,deadline_greedy,pct_local_fast,100.0,0.0,100.0,100.0,10
75.0,lossy,deadline_greedy,pct_edge_accurate,0.0,0.0,0.0,0.0,10
75.0,lossy,deadline_greedy,pct_hybrid,0.0,0.0,0.0,0.0,10
75.0,lossy,deadline_greedy,pct_degraded_safe,0.0,0.0,0.0,0.0,10
75.0,lossy,confidence_deadline,delivered_recall,0.6391523349965231,0.0,0.6391523349965231,0.6391523349965231,10
75.0,lossy,confidence_deadline,delivered_safety_recall,0.7365956065300292,0.0,0.7365956065300292,0.7365956065300292,10
75.0,lossy,confidence_deadline,delivered_recall_fresh_only,0.6391523349965231,0.0,0.6391523349965231,0.6391523349965231,10
75.0,lossy,confidence_deadline,delivered_safety_recall_fresh_only,0.7365956065300292,0.0,0.7365956065300292,0.7365956065300292,10
75.0,lossy,confidence_deadline,deadline_miss_rate,0.0,0.0,0.0,0.0,10
75.0,lossy,confidence_deadline,p95_latency_ms,45.673494995571694,7.489778066296963e-15,45.673494995571694,45.673494995571694,10
75.0,lossy,confidence_deadline,mean_latency_ms,35.19284060007193,7.489778066296963e-15,35.19284060007193,35.19284060007193,10
75.0,lossy,confidence_deadline,usable_confidence_proxy,0.8192857515573502,0.0,0.8192857515573502,0.8192857515573502,10
75.0,lossy,confidence_deadline,bandwidth_per_1000_frames_kb,0.0,0.0,0.0,0.0,10
75.0,lossy,confidence_deadline,remote_output_share,0.0,0.0,0.0,0.0,10
75.0,lossy,confidence_deadline,usable_output_rate,1.0,0.0,1.0,1.0,10
75.0,lossy,confidence_deadline,reuse_rate,0.0,0.0,0.0,0.0,10
75.0,lossy,confidence_deadline,remote_attempt_rate,0.0,0.0,0.0,0.0,10
75.0,lossy,confidence_deadline,remote_accept_rate,0.0,0.0,0.0,0.0,10
75.0,lossy,confidence_deadline,pct_local_fast,100.0,0.0,100.0,100.0,10
75.0,lossy,confidence_deadline,pct_edge_accurate,0.0,0.0,0.0,0.0,10
75.0,lossy,confidence_deadline,pct_hybrid,0.0,0.0,0.0,0.0,10
75.0,lossy,confidence_deadline,pct_degraded_safe,0.0,0.0,0.0,0.0,10
75.0,lossy,oracle_feasible,delivered_recall,0.7165860915663849,0.0010938608205388184,0.7159277616175369,0.7171705982171765,10
75.0,lossy,oracle_feasible,delivered_safety_recall,0.7997119300127653,0.0019813801047095718,0.7985944209249556,0.8008604993209878,10
75.0,lossy,oracle_feasible,delivered_recall_fresh_only,0.7165860915663849,0.0010938608205388184,0.7159277616175369,0.7171705982171765,10
75.0,lossy,oracle_feasible,delivered_safety_recall_fresh_only,0.7997119300127653,0.0019813801047095718,0.7985944209249556,0.8008604993209878,10
75.0,lossy,oracle_feasible,deadline_miss_rate,0.0,0.0,0.0,0.0,10
75.0,lossy,oracle_feasible,p95_latency_ms,55.57775590070751,0.22042524143384862,55.45177317585805,55.70740220421803,10
75.0,lossy,oracle_feasible,mean_latency_ms,44.7978642677567,0.101201913173966,44.74357091657059,44.85971567394605,10
75.0,lossy,oracle_feasible,usable_confidence_proxy,0.875121332002282,0.0003578005147290431,0.8749261446319967,0.8753492444741279,10
75.0,lossy,oracle_feasible,bandwidth_per_1000_frames_kb,17071.5,93.86899855058053,17015.5,17124.0,10
75.0,lossy,oracle_feasible,remote_output_share,0.6828599999999999,0.0037547599420232123,0.68062,0.6849599999999999,10
75.0,lossy,oracle_feasible,usable_output_rate,1.0,0.0,1.0,1.0,10
75.0,lossy,oracle_feasible,reuse_rate,0.0,0.0,0.0,0.0,10
75.0,lossy,oracle_feasible,remote_attempt_rate,0.6828599999999999,0.0037547599420232123,0.68062,0.6849599999999999,10
75.0,lossy,oracle_feasible,remote_accept_rate,1.0,0.0,1.0,1.0,10
75.0,lossy,oracle_feasible,pct_local_fast,31.714,0.37547599420232136,31.50400000000001,31.938,10
75.0,lossy,oracle_feasible,pct_edge_accurate,68.286,0.37547599420232325,68.062,68.496,10
75.0,lossy,oracle_feasible,pct_hybrid,0.0,0.0,0.0,0.0,10
75.0,lossy,oracle_feasible,pct_degraded_safe,0.0,0.0,0.0,0.0,10
75.0,variable,local_only,delivered_recall,0.6391523349965231,0.0,0.6391523349965231,0.6391523349965231,10
75.0,variable,local_only,delivered_safety_recall,0.7365956065300292,0.0,0.7365956065300292,0.7365956065300292,10
75.0,variable,local_only,delivered_recall_fresh_only,0.6391523349965231,0.0,0.6391523349965231,0.6391523349965231,10
75.0,variable,local_only,delivered_safety_recall_fresh_only,0.7365956065300292,0.0,0.7365956065300292,0.7365956065300292,10
75.0,variable,local_only,deadline_miss_rate,0.0,0.0,0.0,0.0,10
75.0,variable,local_only,p95_latency_ms,45.673494995571694,7.489778066296963e-15,45.673494995571694,45.673494995571694,10
75.0,variable,local_only,mean_latency_ms,35.19284060007193,7.489778066296963e-15,35.19284060007193,35.19284060007193,10
75.0,variable,local_only,usable_confidence_proxy,0.8192857515573502,0.0,0.8192857515573502,0.8192857515573502,10
75.0,variable,local_only,bandwidth_per_1000_frames_kb,0.0,0.0,0.0,0.0,10
75.0,variable,local_only,remote_output_share,0.0,0.0,0.0,0.0,10
75.0,variable,local_only,usable_output_rate,1.0,0.0,1.0,1.0,10
75.0,variable,local_only,reuse_rate,0.0,0.0,0.0,0.0,10
75.0,variable,local_only,remote_attempt_rate,0.0,0.0,0.0,0.0,10
75.0,variable,local_only,remote_accept_rate,0.0,0.0,0.0,0.0,10
75.0,variable,local_only,pct_local_fast,100.0,0.0,100.0,100.0,10
75.0,variable,local_only,pct_edge_accurate,0.0,0.0,0.0,0.0,10
75.0,variable,local_only,pct_hybrid,0.0,0.0,0.0,0.0,10
75.0,variable,local_only,pct_degraded_safe,0.0,0.0,0.0,0.0,10
75.0,variable,edge_only,delivered_recall,0.5973545877452663,0.006094394177826197,0.5938526072660368,0.6009101455290486,10
75.0,variable,edge_only,delivered_safety_recall,0.6644767644333833,0.0074503442607820975,0.6603850552413041,0.6690639687336164,10
75.0,variable,edge_only,delivered_recall_fresh_only,0.7175565254779334,0.0038942070581308745,0.7152236328740175,0.719841188926953,10
75.0,variable,edge_only,delivered_safety_recall_fresh_only,0.7991336160279863,0.004461568891984728,0.7965014448566712,0.8017226364040212,10
75.0,variable,edge_only,deadline_miss_rate,0.16752000000000003,0.007951072604092828,0.16278,0.17185999999999998,10
75.0,variable,edge_only,p95_latency_ms,110.92587549501332,0.31056865137658274,110.75176406079845,111.11230856976181,10
75.0,variable,edge_only,mean_latency_ms,60.25906075694136,0.8365365589071292,59.76843154157567,60.72559440850482,10
75.0,variable,edge_only,usable_confidence_proxy,0.7195227408176661,0.00668513335814902,0.7157707631499172,0.7233549838317037,10
75.0,variable,edge_only,bandwidth_per_1000_frames_kb,19177.5,513.7890293366205,18882.0,19486.5,10
75.0,variable,edge_only,remote_output_share,0.5995799999999999,0.0185875585630102,0.5885785000000001,0.61056,10
75.0,variable,edge_only,usable_output_rate,0.8324800000000001,0.007951072604092831,0.82814,0.83722,10
75.0,variable,edge_only,reuse_rate,0.0,0.0,0.0,0.0,10
75.0,variable,edge_only,remote_attempt_rate,0.7670999999999999,0.02055156117346483,0.7552800000000002,0.77946,10
75.0,variable,edge_only,remote_accept_rate,0.7815860584295102,0.009610137182376554,0.7758104063630762,0.7869665024809044,10
75.0,variable,edge_only,pct_local_fast,0.0,0.0,0.0,0.0,10
75.0,variable,edge_only,pct_edge_accurate,100.0,0.0,100.0,100.0,10
75.0,variable,edge_only,pct_hybrid,0.0,0.0,0.0,0.0,10
75.0,variable,edge_only,pct_degraded_safe,0.0,0.0,0.0,0.0,10
75.0,variable,cloud_only,delivered_recall,0.14909974651768335,0.012359676833954322,0.14154156000649679,0.15620322130498066,10
75.0,variable,cloud_only,delivered_safety_recall,0.1708301511771429,0.01541051215555734,0.16167055743062936,0.17974420321133688,10
75.0,variable,cloud_only,delivered_recall_fresh_only,0.6403107676789183,0.007648798961509242,0.6360331209395356,0.6449247928214014,10
75.0,variable,cloud_only,delivered_safety_recall_fresh_only,0.7333024377981802,0.014830848106696519,0.7246607956762804,0.7419479192159913,10
75.0,variable,cloud_only,deadline_miss_rate,0.7670999999999999,0.02055156117346483,0.7552800000000002,0.77946,10
75.0,variable,cloud_only,p95_latency_ms,118.99115398409776,0.3878583741238424,118.75438762510748,119.21235947195237,10
75.0,variable,cloud_only,mean_latency_ms,92.72534060007193,1.5413670880098616,91.83884060007195,93.65234060007194,10
75.0,variable,cloud_only,usable_confidence_proxy,0.19117226734459403,0.01651555104521196,0.18124873166127503,0.200634918769598,10
75.0,variable,cloud_only,bandwidth_per_1000_frames_kb,26848.5,719.3046410712687,26434.8,27281.1,10
75.0,variable,cloud_only,remote_output_share,0.0,0.0,0.0,0.0,10
75.0,variable,cloud_only,usable_output_rate,0.23290000000000002,0.02055156117346482,0.22054,0.24472,10
75.0,variable,cloud_only,reuse_rate,0.0,0.0,0.0,0.0,10
75.0,variable,cloud_only,remote_attempt_rate,0.7670999999999999,0.02055156117346483,0.7552800000000002,0.77946,10
75.0,variable,cloud_only,remote_accept_rate,0.0,0.0,0.0,0.0,10
75.0,variable,cloud_only,pct_local_fast,0.0,0.0,0.0,0.0,10
75.0,variable,cloud_only,pct_edge_accurate,100.0,0.0,100.0,100.0,10
75.0,variable,cloud_only,pct_hybrid,0.0,0.0,0.0,0.0,10
75.0,variable,cloud_only,pct_degraded_safe,0.0,0.0,0.0,0.0,10
75.0,variable,dapper,delivered_recall,0.5026737376215398,0.0073377600335638475,0.49842046483155567,0.507142828377282,10
75.0,variable,dapper,delivered_safety_recall,0.5808156495716582,0.008752100480322572,0.5756559551962369,0.5860245107554436,10
75.0,variable,dapper,delivered_recall_fresh_only,0.639583297530613,0.0024314019576722736,0.6381585074203777,0.640997615260476,10
75.0,variable,dapper,delivered_safety_recall_fresh_only,0.7380861644343601,0.0031104083803276845,0.7362466430146973,0.7398960258235016,10
75.0,variable,dapper,deadline_miss_rate,0.0,0.0,0.0,0.0,10
75.0,variable,dapper,p95_latency_ms,44.110755497822545,0.20537504182249214,43.987375379030716,44.22957958436018,10
75.0,variable,dapper,mean_latency_ms,27.88930647003619,0.39875128777819496,27.6616861996849,28.129572171108705,10
75.0,variable,dapper,usable_confidence_proxy,0.8197569730430843,0.0026677084127180624,0.8181534215378164,0.8212783451213836,10
75.0,variable,dapper,bandwidth_per_1000_frames_kb,75.0,18.104634152000358,65.0,86.0,10
75.0,variable,dapper,remote_output_share,0.00278,0.0007083627444874396,0.0024000000000000002,0.0032204999999999933,10
75.0,variable,dapper,usable_output_rate,0.78616,0.01149600896929983,0.7795795,0.7931404999999999,10
75.0,variable,dapper,reuse_rate,0.21383999999999997,0.011496008969299839,0.2068595,0.2204205,10
75.0,variable,dapper,remote_attempt_rate,0.003,0.0007241853660800143,0.0026000000000000003,0.00344,10
75.0,variable,dapper,remote_accept_rate,0.9265501165501165,0.057423585194839366,0.8933333333333333,0.9600037878787878,10
75.0,variable,dapper,pct_local_fast,77.74600000000001,1.146862386397485,77.1,78.44805000000001,10
75.0,variable,dapper,pct_edge_accurate,0.0,0.0,0.0,0.0,10
75.0,variable,dapper,pct_hybrid,0.3,0.07241853660800145,0.26000000000000006,0.344,10
75.0,variable,dapper,pct_degraded_safe,21.954,1.149339907173775,21.252000000000002,22.615999999999996,10
75.0,variable,deadline_greedy,delivered_recall,0.6391523349965231,0.0,0.6391523349965231,0.6391523349965231,10
75.0,variable,deadline_greedy,delivered_safety_recall,0.7365956065300292,0.0,0.7365956065300292,0.7365956065300292,10
75.0,variable,deadline_greedy,delivered_recall_fresh_only,0.6391523349965231,0.0,0.6391523349965231,0.6391523349965231,10
75.0,variable,deadline_greedy,delivered_safety_recall_fresh_only,0.7365956065300292,0.0,0.7365956065300292,0.7365956065300292,10
75.0,variable,deadline_greedy,deadline_miss_rate,0.0,0.0,0.0,0.0,10
75.0,variable,deadline_greedy,p95_latency_ms,45.673494995571694,7.489778066296963e-15,45.673494995571694,45.673494995571694,10
75.0,variable,deadline_greedy,mean_latency_ms,35.19284060007193,7.489778066296963e-15,35.19284060007193,35.19284060007193,10
75.0,variable,deadline_greedy,usable_confidence_proxy,0.8192857515573502,0.0,0.8192857515573502,0.8192857515573502,10
75.0,variable,deadline_greedy,bandwidth_per_1000_frames_kb,0.0,0.0,0.0,0.0,10
75.0,variable,deadline_greedy,remote_output_share,0.0,0.0,0.0,0.0,10
75.0,variable,deadline_greedy,usable_output_rate,1.0,0.0,1.0,1.0,10
75.0,variable,deadline_greedy,reuse_rate,0.0,0.0,0.0,0.0,10
75.0,variable,deadline_greedy,remote_attempt_rate,0.0,0.0,0.0,0.0,10
75.0,variable,deadline_greedy,remote_accept_rate,0.0,0.0,0.0,0.0,10
75.0,variable,deadline_greedy,pct_local_fast,100.0,0.0,100.0,100.0,10
75.0,variable,deadline_greedy,pct_edge_accurate,0.0,0.0,0.0,0.0,10
75.0,variable,deadline_greedy,pct_hybrid,0.0,0.0,0.0,0.0,10
75.0,variable,deadline_greedy,pct_degraded_safe,0.0,0.0,0.0,0.0,10
75.0,variable,confidence_deadline,delivered_recall,0.6391523349965231,0.0,0.6391523349965231,0.6391523349965231,10
75.0,variable,confidence_deadline,delivered_safety_recall,0.7365956065300292,0.0,0.7365956065300292,0.7365956065300292,10
75.0,variable,confidence_deadline,delivered_recall_fresh_only,0.6391523349965231,0.0,0.6391523349965231,0.6391523349965231,10
75.0,variable,confidence_deadline,delivered_safety_recall_fresh_only,0.7365956065300292,0.0,0.7365956065300292,0.7365956065300292,10
75.0,variable,confidence_deadline,deadline_miss_rate,0.0,0.0,0.0,0.0,10
75.0,variable,confidence_deadline,p95_latency_ms,45.673494995571694,7.489778066296963e-15,45.673494995571694,45.673494995571694,10
75.0,variable,confidence_deadline,mean_latency_ms,35.19284060007193,7.489778066296963e-15,35.19284060007193,35.19284060007193,10
75.0,variable,confidence_deadline,usable_confidence_proxy,0.8192857515573502,0.0,0.8192857515573502,0.8192857515573502,10
75.0,variable,confidence_deadline,bandwidth_per_1000_frames_kb,0.0,0.0,0.0,0.0,10
75.0,variable,confidence_deadline,remote_output_share,0.0,0.0,0.0,0.0,10
75.0,variable,confidence_deadline,usable_output_rate,1.0,0.0,1.0,1.0,10
75.0,variable,confidence_deadline,reuse_rate,0.0,0.0,0.0,0.0,10
75.0,variable,confidence_deadline,remote_attempt_rate,0.0,0.0,0.0,0.0,10
75.0,variable,confidence_deadline,remote_accept_rate,0.0,0.0,0.0,0.0,10
75.0,variable,confidence_deadline,pct_local_fast,100.0,0.0,100.0,100.0,10
75.0,variable,confidence_deadline,pct_edge_accurate,0.0,0.0,0.0,0.0,10
75.0,variable,confidence_deadline,pct_hybrid,0.0,0.0,0.0,0.0,10
75.0,variable,confidence_deadline,pct_degraded_safe,0.0,0.0,0.0,0.0,10
75.0,variable,oracle_feasible,delivered_recall,0.6971381137363253,0.0019256381066764259,0.6959699871491435,0.6982473742371592,10
75.0,variable,oracle_feasible,delivered_safety_recall,0.7827644947826692,0.0018357367283775043,0.7816930313633854,0.7838281677942022,10
75.0,variable,oracle_feasible,delivered_recall_fresh_only,0.6971381137363253,0.0019256381066764259,0.6959699871491435,0.6982473742371592,10
75.0,variable,oracle_feasible,delivered_safety_recall_fresh_only,0.7827644947826692,0.0018357367283775043,0.7816930313633854,0.7838281677942022,10
75.0,variable,oracle_feasible,deadline_miss_rate,0.0,0.0,0.0,0.0,10
75.0,variable,oracle_feasible,p95_latency_ms,70.67939498643082,0.2816761016320641,70.52267529981575,70.84998953513401,10
75.0,variable,oracle_feasible,mean_latency_ms,45.884542327617055,0.3454896616016676,45.69418342491077,46.09215031906392,10
75.0,variable,oracle_feasible,usable_confidence_proxy,0.8612652168679237,0.0017330527059478532,0.8602793527680039,0.8623084574127494,10
75.0,variable,oracle_feasible,bandwidth_per_1000_frames_kb,12804.0,420.2234855142889,12553.5,13051.5,10
75.0,variable,oracle_feasible,remote_output_share,0.5121600000000001,0.016808939420571545,0.50214,0.52206,10
75.0,variable,oracle_feasible,usable_output_rate,1.0,0.0,1.0,1.0,10
75.0,variable,oracle_feasible,reuse_rate,0.0,0.0,0.0,0.0,10
75.0,variable,oracle_feasible,remote_attempt_rate,0.5121600000000001,0.016808939420571545,0.50214,0.52206,10
75.0,variable,oracle_feasible,remote_accept_rate,1.0,0.0,1.0,1.0,10
75.0,variable,oracle_feasible,pct_local_fast,48.784000000000006,1.6808939420571545,47.794000000000004,49.786,10
75.0,variable,oracle_feasible,pct_edge_accurate,51.215999999999994,1.6808939420571545,50.214,52.205999999999996,10
75.0,variable,oracle_feasible,pct_hybrid,0.0,0.0,0.0,0.0,10
75.0,variable,oracle_feasible,pct_degraded_safe,0.0,0.0,0.0,0.0,10
75.0,outage,local_only,delivered_recall,0.6391523349965231,0.0,0.6391523349965231,0.6391523349965231,10
75.0,outage,local_only,delivered_safety_recall,0.7365956065300292,0.0,0.7365956065300292,0.7365956065300292,10
75.0,outage,local_only,delivered_recall_fresh_only,0.6391523349965231,0.0,0.6391523349965231,0.6391523349965231,10
75.0,outage,local_only,delivered_safety_recall_fresh_only,0.7365956065300292,0.0,0.7365956065300292,0.7365956065300292,10
75.0,outage,local_only,deadline_miss_rate,0.0,0.0,0.0,0.0,10
75.0,outage,local_only,p95_latency_ms,45.673494995571694,7.489778066296963e-15,45.673494995571694,45.673494995571694,10
75.0,outage,local_only,mean_latency_ms,35.19284060007193,7.489778066296963e-15,35.19284060007193,35.19284060007193,10
75.0,outage,local_only,usable_confidence_proxy,0.8192857515573502,0.0,0.8192857515573502,0.8192857515573502,10
75.0,outage,local_only,bandwidth_per_1000_frames_kb,0.0,0.0,0.0,0.0,10
75.0,outage,local_only,remote_output_share,0.0,0.0,0.0,0.0,10
75.0,outage,local_only,usable_output_rate,1.0,0.0,1.0,1.0,10
75.0,outage,local_only,reuse_rate,0.0,0.0,0.0,0.0,10
75.0,outage,local_only,remote_attempt_rate,0.0,0.0,0.0,0.0,10
75.0,outage,local_only,remote_accept_rate,0.0,0.0,0.0,0.0,10
75.0,outage,local_only,pct_local_fast,100.0,0.0,100.0,100.0,10
75.0,outage,local_only,pct_edge_accurate,0.0,0.0,0.0,0.0,10
75.0,outage,local_only,pct_hybrid,0.0,0.0,0.0,0.0,10
75.0,outage,local_only,pct_degraded_safe,0.0,0.0,0.0,0.0,10
75.0,outage,edge_only,delivered_recall,0.5458358568663938,0.0030780779012135498,0.544168583010652,0.5477945973592294,10
75.0,outage,edge_only,delivered_safety_recall,0.6307457787200048,0.0030091038026736428,0.6289591975600336,0.6324454023016335,10
75.0,outage,edge_only,delivered_recall_fresh_only,0.6387622790380946,0.0009472329723536723,0.6382335832837622,0.6393491761992973,10
75.0,outage,edge_only,delivered_safety_recall_fresh_only,0.7371176105219341,0.0018064083695530047,0.7360136192355285,0.7381107063232605,10
75.0,outage,edge_only,deadline_miss_rate,0.14538,0.005091561646489215,0.14221999999999999,0.14823999999999998,10
75.0,outage,edge_only,p95_latency_ms,110.2665724940016,0.19679339930985276,110.16851899796166,110.3997086945601,10
75.0,outage,edge_only,mean_latency_ms,46.09634060007194,0.38186712348669277,45.85934060007194,46.31084060007194,10
75.0,outage,edge_only,usable_confidence_proxy,0.7004173790574073,0.00431390748861539,0.6979462876087279,0.7030408195195348,10
75.0,outage,edge_only,bandwidth_per_1000_frames_kb,3634.5,127.28904116223046,3555.5,3706.0,10
75.0,outage,edge_only,remote_output_share,0.0,0.0,0.0,0.0,10
75.0,outage,edge_only,usable_output_rate,0.85462,0.005091561646489195,0.85176,0.85778,10
75.0,outage,edge_only,reuse_rate,0.0,0.0,0.0,0.0,10
75.0,outage,edge_only,remote_attempt_rate,0.14538,0.005091561646489215,0.14221999999999999,0.14823999999999998,10
75.0,outage,edge_only,remote_accept_rate,0.0,0.0,0.0,0.0,10
75.0,outage,edge_only,pct_local_fast,0.0,0.0,0.0,0.0,10
75.0,outage,edge_only,pct_edge_accurate,100.0,0.0,100.0,100.0,10
75.0,outage,edge_only,pct_hybrid,0.0,0.0,0.0,0.0,10
75.0,outage,edge_only,pct_degraded_safe,0.0,0.0,0.0,0.0,10
75.0,outage,cloud_only,delivered_recall,0.5458358568663938,0.0030780779012135498,0.544168583010652,0.5477945973592294,10
75.0,outage,cloud_only,delivered_safety_recall,0.6307457787200048,0.0030091038026736428,0.6289591975600336,0.6324454023016335,10
75.0,outage,cloud_only,delivered_recall_fresh_only,0.6387622790380946,0.0009472329723536723,0.6382335832837622,0.6393491761992973,10
75.0,outage,cloud_only,delivered_safety_recall_fresh_only,0.7371176105219341,0.0018064083695530047,0.7360136192355285,0.7381107063232605,10
75.0,outage,cloud_only,deadline_miss_rate,0.14538,0.005091561646489215,0.14221999999999999,0.14823999999999998,10
75.0,outage,cloud_only,p95_latency_ms,110.2665724940016,0.19679339930985276,110.16851899796166,110.3997086945601,10
75.0,outage,cloud_only,mean_latency_ms,46.09634060007194,0.38186712348669277,45.85934060007194,46.31084060007194,10
75.0,outage,cloud_only,usable_confidence_proxy,0.7004173790574073,0.00431390748861539,0.6979462876087279,0.7030408195195348,10
75.0,outage,cloud_only,bandwidth_per_1000_frames_kb,5088.3,178.20465762712263,4977.7,5188.4,10
75.0,outage,cloud_only,remote_output_share,0.0,0.0,0.0,0.0,10
75.0,outage,cloud_only,usable_output_rate,0.85462,0.005091561646489195,0.85176,0.85778,10
75.0,outage,cloud_only,reuse_rate,0.0,0.0,0.0,0.0,10
75.0,outage,cloud_only,remote_attempt_rate,0.14538,0.005091561646489215,0.14221999999999999,0.14823999999999998,10
75.0,outage,cloud_only,remote_accept_rate,0.0,0.0,0.0,0.0,10
75.0,outage,cloud_only,pct_local_fast,0.0,0.0,0.0,0.0,10
75.0,outage,cloud_only,pct_edge_accurate,100.0,0.0,100.0,100.0,10
75.0,outage,cloud_only,pct_hybrid,0.0,0.0,0.0,0.0,10
75.0,outage,cloud_only,pct_degraded_safe,0.0,0.0,0.0,0.0,10
75.0,outage,dapper,delivered_recall,0.22312617503747725,2.925694557147251e-17,0.22312617503747725,0.22312617503747725,10
75.0,outage,dapper,delivered_safety_recall,0.2623899935133486,5.851389114294502e-17,0.2623899935133486,0.2623899935133486,10
75.0,outage,dapper,delivered_recall_fresh_only,0.6372092380539722,1.1702778228589004e-16,0.6372092380539722,0.6372092380539722,10
75.0,outage,dapper,delivered_safety_recall_fresh_only,0.7374749060110022,1.1702778228589004e-16,0.7374749060110022,0.7374749060110022,10
75.0,outage,dapper,deadline_miss_rate,0.0,0.0,0.0,0.0,10
75.0,outage,dapper,p95_latency_ms,38.56224995979574,0.0,38.56224995979574,38.56224995979574,10
75.0,outage,dapper,mean_latency_ms,12.977344660132847,1.8724445165742407e-15,12.977344660132847,12.977344660132847,10
75.0,outage,dapper,usable_confidence_proxy,0.822597901660204,0.0,0.822597901660204,0.822597901660204,10
75.0,outage,dapper,bandwidth_per_1000_frames_kb,0.0,0.0,0.0,0.0,10
75.0,outage,dapper,remote_output_share,0.0,0.0,0.0,0.0,10
75.0,outage,dapper,usable_output_rate,0.3502,0.0,0.3502,0.3502,10
75.0,outage,dapper,reuse_rate,0.6498,0.0,0.6498,0.6498,10
75.0,outage,dapper,remote_attempt_rate,0.0,0.0,0.0,0.0,10
75.0,outage,dapper,remote_accept_rate,0.0,0.0,0.0,0.0,10
75.0,outage,dapper,pct_local_fast,29.894000000000005,0.25630710745770086,29.75,30.05,10
75.0,outage,dapper,pct_edge_accurate,0.0,0.0,0.0,0.0,10
75.0,outage,dapper,pct_hybrid,0.0,0.0,0.0,0.0,10
75.0,outage,dapper,pct_degraded_safe,70.10600000000001,0.2563071074577014,69.95,70.24999999999999,10
75.0,outage,deadline_greedy,delivered_recall,0.6391523349965231,0.0,0.6391523349965231,0.6391523349965231,10
75.0,outage,deadline_greedy,delivered_safety_recall,0.7365956065300292,0.0,0.7365956065300292,0.7365956065300292,10
75.0,outage,deadline_greedy,delivered_recall_fresh_only,0.6391523349965231,0.0,0.6391523349965231,0.6391523349965231,10
75.0,outage,deadline_greedy,delivered_safety_recall_fresh_only,0.7365956065300292,0.0,0.7365956065300292,0.7365956065300292,10
75.0,outage,deadline_greedy,deadline_miss_rate,0.0,0.0,0.0,0.0,10
75.0,outage,deadline_greedy,p95_latency_ms,45.673494995571694,7.489778066296963e-15,45.673494995571694,45.673494995571694,10
75.0,outage,deadline_greedy,mean_latency_ms,35.19284060007193,7.489778066296963e-15,35.19284060007193,35.19284060007193,10
75.0,outage,deadline_greedy,usable_confidence_proxy,0.8192857515573502,0.0,0.8192857515573502,0.8192857515573502,10
75.0,outage,deadline_greedy,bandwidth_per_1000_frames_kb,0.0,0.0,0.0,0.0,10
75.0,outage,deadline_greedy,remote_output_share,0.0,0.0,0.0,0.0,10
75.0,outage,deadline_greedy,usable_output_rate,1.0,0.0,1.0,1.0,10
75.0,outage,deadline_greedy,reuse_rate,0.0,0.0,0.0,0.0,10
75.0,outage,deadline_greedy,remote_attempt_rate,0.0,0.0,0.0,0.0,10
75.0,outage,deadline_greedy,remote_accept_rate,0.0,0.0,0.0,0.0,10
75.0,outage,deadline_greedy,pct_local_fast,100.0,0.0,100.0,100.0,10
75.0,outage,deadline_greedy,pct_edge_accurate,0.0,0.0,0.0,0.0,10
75.0,outage,deadline_greedy,pct_hybrid,0.0,0.0,0.0,0.0,10
75.0,outage,deadline_greedy,pct_degraded_safe,0.0,0.0,0.0,0.0,10
75.0,outage,confidence_deadline,delivered_recall,0.6391523349965231,0.0,0.6391523349965231,0.6391523349965231,10
75.0,outage,confidence_deadline,delivered_safety_recall,0.7365956065300292,0.0,0.7365956065300292,0.7365956065300292,10
75.0,outage,confidence_deadline,delivered_recall_fresh_only,0.6391523349965231,0.0,0.6391523349965231,0.6391523349965231,10
75.0,outage,confidence_deadline,delivered_safety_recall_fresh_only,0.7365956065300292,0.0,0.7365956065300292,0.7365956065300292,10
75.0,outage,confidence_deadline,deadline_miss_rate,0.0,0.0,0.0,0.0,10
75.0,outage,confidence_deadline,p95_latency_ms,45.673494995571694,7.489778066296963e-15,45.673494995571694,45.673494995571694,10
75.0,outage,confidence_deadline,mean_latency_ms,35.19284060007193,7.489778066296963e-15,35.19284060007193,35.19284060007193,10
75.0,outage,confidence_deadline,usable_confidence_proxy,0.8192857515573502,0.0,0.8192857515573502,0.8192857515573502,10
75.0,outage,confidence_deadline,bandwidth_per_1000_frames_kb,0.0,0.0,0.0,0.0,10
75.0,outage,confidence_deadline,remote_output_share,0.0,0.0,0.0,0.0,10
75.0,outage,confidence_deadline,usable_output_rate,1.0,0.0,1.0,1.0,10
75.0,outage,confidence_deadline,reuse_rate,0.0,0.0,0.0,0.0,10
75.0,outage,confidence_deadline,remote_attempt_rate,0.0,0.0,0.0,0.0,10
75.0,outage,confidence_deadline,remote_accept_rate,0.0,0.0,0.0,0.0,10
75.0,outage,confidence_deadline,pct_local_fast,100.0,0.0,100.0,100.0,10
75.0,outage,confidence_deadline,pct_edge_accurate,0.0,0.0,0.0,0.0,10
75.0,outage,confidence_deadline,pct_hybrid,0.0,0.0,0.0,0.0,10
75.0,outage,confidence_deadline,pct_degraded_safe,0.0,0.0,0.0,0.0,10
75.0,outage,oracle_feasible,delivered_recall,0.6391523349965231,0.0,0.6391523349965231,0.6391523349965231,10
75.0,outage,oracle_feasible,delivered_safety_recall,0.7365956065300292,0.0,0.7365956065300292,0.7365956065300292,10
75.0,outage,oracle_feasible,delivered_recall_fresh_only,0.6391523349965231,0.0,0.6391523349965231,0.6391523349965231,10
75.0,outage,oracle_feasible,delivered_safety_recall_fresh_only,0.7365956065300292,0.0,0.7365956065300292,0.7365956065300292,10
75.0,outage,oracle_feasible,deadline_miss_rate,0.0,0.0,0.0,0.0,10
75.0,outage,oracle_feasible,p95_latency_ms,45.673494995571694,7.489778066296963e-15,45.673494995571694,45.673494995571694,10
75.0,outage,oracle_feasible,mean_latency_ms,35.19284060007193,7.489778066296963e-15,35.19284060007193,35.19284060007193,10
75.0,outage,oracle_feasible,usable_confidence_proxy,0.8192857515573502,0.0,0.8192857515573502,0.8192857515573502,10
75.0,outage,oracle_feasible,bandwidth_per_1000_frames_kb,0.0,0.0,0.0,0.0,10
75.0,outage,oracle_feasible,remote_output_share,0.0,0.0,0.0,0.0,10
75.0,outage,oracle_feasible,usable_output_rate,1.0,0.0,1.0,1.0,10
75.0,outage,oracle_feasible,reuse_rate,0.0,0.0,0.0,0.0,10
75.0,outage,oracle_feasible,remote_attempt_rate,0.0,0.0,0.0,0.0,10
75.0,outage,oracle_feasible,remote_accept_rate,0.0,0.0,0.0,0.0,10
75.0,outage,oracle_feasible,pct_local_fast,100.0,0.0,100.0,100.0,10
75.0,outage,oracle_feasible,pct_edge_accurate,0.0,0.0,0.0,0.0,10
75.0,outage,oracle_feasible,pct_hybrid,0.0,0.0,0.0,0.0,10
75.0,outage,oracle_feasible,pct_degraded_safe,0.0,0.0,0.0,0.0,10
100.0,stable,local_only,delivered_recall,0.6391523349965231,0.0,0.6391523349965231,0.6391523349965231,10
100.0,stable,local_only,delivered_safety_recall,0.7365956065300292,0.0,0.7365956065300292,0.7365956065300292,10
100.0,stable,local_only,delivered_recall_fresh_only,0.6391523349965231,0.0,0.6391523349965231,0.6391523349965231,10
100.0,stable,local_only,delivered_safety_recall_fresh_only,0.7365956065300292,0.0,0.7365956065300292,0.7365956065300292,10
100.0,stable,local_only,deadline_miss_rate,0.0,0.0,0.0,0.0,10
100.0,stable,local_only,p95_latency_ms,45.673494995571694,7.489778066296963e-15,45.673494995571694,45.673494995571694,10
100.0,stable,local_only,mean_latency_ms,35.19284060007193,7.489778066296963e-15,35.19284060007193,35.19284060007193,10
100.0,stable,local_only,usable_confidence_proxy,0.8192857515573502,0.0,0.8192857515573502,0.8192857515573502,10
100.0,stable,local_only,bandwidth_per_1000_frames_kb,0.0,0.0,0.0,0.0,10
100.0,stable,local_only,remote_output_share,0.0,0.0,0.0,0.0,10
100.0,stable,local_only,usable_output_rate,1.0,0.0,1.0,1.0,10
100.0,stable,local_only,reuse_rate,0.0,0.0,0.0,0.0,10
100.0,stable,local_only,remote_attempt_rate,0.0,0.0,0.0,0.0,10
100.0,stable,local_only,remote_accept_rate,0.0,0.0,0.0,0.0,10
100.0,stable,local_only,pct_local_fast,100.0,0.0,100.0,100.0,10
100.0,stable,local_only,pct_edge_accurate,0.0,0.0,0.0,0.0,10
100.0,stable,local_only,pct_hybrid,0.0,0.0,0.0,0.0,10
100.0,stable,local_only,pct_degraded_safe,0.0,0.0,0.0,0.0,10
100.0,stable,edge_only,delivered_recall,0.739795117345973,0.0008105438633012389,0.7393254514914518,0.740282083493711,10
100.0,stable,edge_only,delivered_safety_recall,0.8153731334644687,0.0008895590121601428,0.8148289776147167,0.8158886047202347,10
100.0,stable,edge_only,delivered_recall_fresh_only,0.7469600939357405,0.0003312145364021272,0.7467676567519425,0.7471541487422966,10
100.0,stable,edge_only,delivered_safety_recall_fresh_only,0.8228870834275502,0.0004658418991707199,0.8226233865341199,0.8231648945123418,10
100.0,stable,edge_only,deadline_miss_rate,0.009600000000000001,0.0009977753031397178,0.00902,0.01018,10
100.0,stable,edge_only,p95_latency_ms,37.80014370397932,0.1140964832270376,37.72552964623993,37.85811591782492,10
100.0,stable,edge_only,mean_latency_ms,34.870327287186896,0.12474204219622856,34.795695092971755,34.94258998294572,10
100.0,stable,edge_only,usable_confidence_proxy,0.8726725272524357,0.0009670094111412101,0.8721031722487956,0.8732361807399542,10
100.0,stable,edge_only,bandwidth_per_1000_frames_kb,25000.0,0.0,25000.0,25000.0,10
100.0,stable,edge_only,remote_output_share,0.9904,0.0009977753031396993,0.9898199999999999,0.9909800000000001,10
100.0,stable,edge_only,usable_output_rate,0.9904,0.0009977753031396993,0.9898199999999999,0.9909800000000001,10
100.0,stable,edge_only,reuse_rate,0.0,0.0,0.0,0.0,10
100.0,stable,edge_only,remote_attempt_rate,1.0,0.0,1.0,1.0,10
100.0,stable,edge_only,remote_accept_rate,0.9904,0.0009977753031396993,0.9898199999999999,0.9909800000000001,10
100.0,stable,edge_only,pct_local_fast,0.0,0.0,0.0,0.0,10
100.0,stable,edge_only,pct_edge_accurate,100.0,0.0,100.0,100.0,10
100.0,stable,edge_only,pct_hybrid,0.0,0.0,0.0,0.0,10
100.0,stable,edge_only,pct_degraded_safe,0.0,0.0,0.0,0.0,10
100.0,stable,cloud_only,delivered_recall,0.0,0.0,0.0,0.0,10
100.0,stable,cloud_only,delivered_safety_recall,0.0,0.0,0.0,0.0,10
100.0,stable,cloud_only,delivered_recall_fresh_only,,,,,0
100.0,stable,cloud_only,delivered_safety_recall_fresh_only,,,,,0
100.0,stable,cloud_only,deadline_miss_rate,1.0,0.0,1.0,1.0,10
100.0,stable,cloud_only,p95_latency_ms,145.6734949955717,0.0,145.6734949955717,145.6734949955717,10
100.0,stable,cloud_only,mean_latency_ms,135.19284060007197,2.995911226518785e-14,135.19284060007197,135.19284060007197,10
100.0,stable,cloud_only,usable_confidence_proxy,0.0,0.0,0.0,0.0,10
100.0,stable,cloud_only,bandwidth_per_1000_frames_kb,35000.0,0.0,35000.0,35000.0,10
100.0,stable,cloud_only,remote_output_share,0.0,0.0,0.0,0.0,10
100.0,stable,cloud_only,usable_output_rate,0.0,0.0,0.0,0.0,10
100.0,stable,cloud_only,reuse_rate,0.0,0.0,0.0,0.0,10
100.0,stable,cloud_only,remote_attempt_rate,1.0,0.0,1.0,1.0,10
100.0,stable,cloud_only,remote_accept_rate,0.0,0.0,0.0,0.0,10
100.0,stable,cloud_only,pct_local_fast,0.0,0.0,0.0,0.0,10
100.0,stable,cloud_only,pct_edge_accurate,100.0,0.0,100.0,100.0,10
100.0,stable,cloud_only,pct_hybrid,0.0,0.0,0.0,0.0,10
100.0,stable,cloud_only,pct_degraded_safe,0.0,0.0,0.0,0.0,10
100.0,stable,dapper,delivered_recall,0.6737684206053539,0.0002022019860494645,0.6736489627497038,0.673885810290532,10
100.0,stable,dapper,delivered_safety_recall,0.7619214987013413,0.0002905192948528073,0.7617468901786869,0.7620836084170224,10
100.0,stable,dapper,delivered_recall_fresh_only,0.6737684206053539,0.0002022019860494645,0.6736489627497038,0.673885810290532,10
100.0,stable,dapper,delivered_safety_recall_fresh_only,0.7619214987013413,0.0002905192948528073,0.7617468901786869,0.7620836084170224,10
100.0,stable,dapper,deadline_miss_rate,0.0,0.0,0.0,0.0,10
100.0,stable,dapper,p95_latency_ms,45.673494995571694,7.489778066296963e-15,45.673494995571694,45.673494995571694,10
100.0,stable,dapper,mean_latency_ms,35.19284060007193,7.489778066296963e-15,35.19284060007193,35.19284060007193,10
100.0,stable,dapper,usable_confidence_proxy,0.8594638629251719,0.00022557361626464106,0.859326362216413,0.8595959452656656,10
100.0,stable,dapper,bandwidth_per_1000_frames_kb,5595.0,0.0,5595.0,5595.0,10
100.0,stable,dapper,remote_output_share,0.22157999999999997,0.0006142746399887661,0.22124000000000002,0.22196,10
100.0,stable,dapper,usable_output_rate,1.0,0.0,1.0,1.0,10
100.0,stable,dapper,reuse_rate,0.0,0.0,0.0,0.0,10
100.0,stable,dapper,remote_attempt_rate,0.22379999999999994,5.851389114294502e-17,0.22379999999999994,0.22379999999999994,10
100.0,stable,dapper,remote_accept_rate,0.9900804289544236,0.0027447481679569734,0.9885612153708667,0.9917783735478105,10
100.0,stable,dapper,pct_local_fast,77.62,0.0,77.62,77.62,10
100.0,stable,dapper,pct_edge_accurate,0.0,0.0,0.0,0.0,10
100.0,stable,dapper,pct_hybrid,22.38,0.0,22.38,22.38,10
100.0,stable,dapper,pct_degraded_safe,0.0,0.0,0.0,0.0,10
100.0,stable,deadline_greedy,delivered_recall,0.6391523349965231,0.0,0.6391523349965231,0.6391523349965231,10
100.0,stable,deadline_greedy,delivered_safety_recall,0.7365956065300292,0.0,0.7365956065300292,0.7365956065300292,10
100.0,stable,deadline_greedy,delivered_recall_fresh_only,0.6391523349965231,0.0,0.6391523349965231,0.6391523349965231,10
100.0,stable,deadline_greedy,delivered_safety_recall_fresh_only,0.7365956065300292,0.0,0.7365956065300292,0.7365956065300292,10
100.0,stable,deadline_greedy,deadline_miss_rate,0.0,0.0,0.0,0.0,10
100.0,stable,deadline_greedy,p95_latency_ms,45.673494995571694,7.489778066296963e-15,45.673494995571694,45.673494995571694,10
100.0,stable,deadline_greedy,mean_latency_ms,35.19284060007193,7.489778066296963e-15,35.19284060007193,35.19284060007193,10
100.0,stable,deadline_greedy,usable_confidence_proxy,0.8192857515573502,0.0,0.8192857515573502,0.8192857515573502,10
100.0,stable,deadline_greedy,bandwidth_per_1000_frames_kb,0.0,0.0,0.0,0.0,10
100.0,stable,deadline_greedy,remote_output_share,0.0,0.0,0.0,0.0,10
100.0,stable,deadline_greedy,usable_output_rate,1.0,0.0,1.0,1.0,10
100.0,stable,deadline_greedy,reuse_rate,0.0,0.0,0.0,0.0,10
100.0,stable,deadline_greedy,remote_attempt_rate,0.0,0.0,0.0,0.0,10
100.0,stable,deadline_greedy,remote_accept_rate,0.0,0.0,0.0,0.0,10
100.0,stable,deadline_greedy,pct_local_fast,100.0,0.0,100.0,100.0,10
100.0,stable,deadline_greedy,pct_edge_accurate,0.0,0.0,0.0,0.0,10
100.0,stable,deadline_greedy,pct_hybrid,0.0,0.0,0.0,0.0,10
100.0,stable,deadline_greedy,pct_degraded_safe,0.0,0.0,0.0,0.0,10
100.0,stable,confidence_deadline,delivered_recall,0.6391523349965231,0.0,0.6391523349965231,0.6391523349965231,10
100.0,stable,confidence_deadline,delivered_safety_recall,0.7365956065300292,0.0,0.7365956065300292,0.7365956065300292,10
100.0,stable,confidence_deadline,delivered_recall_fresh_only,0.6391523349965231,0.0,0.6391523349965231,0.6391523349965231,10
100.0,stable,confidence_deadline,delivered_safety_recall_fresh_only,0.7365956065300292,0.0,0.7365956065300292,0.7365956065300292,10
100.0,stable,confidence_deadline,deadline_miss_rate,0.0,0.0,0.0,0.0,10
100.0,stable,confidence_deadline,p95_latency_ms,45.673494995571694,7.489778066296963e-15,45.673494995571694,45.673494995571694,10
100.0,stable,confidence_deadline,mean_latency_ms,35.19284060007193,7.489778066296963e-15,35.19284060007193,35.19284060007193,10
100.0,stable,confidence_deadline,usable_confidence_proxy,0.8192857515573502,0.0,0.8192857515573502,0.8192857515573502,10
100.0,stable,confidence_deadline,bandwidth_per_1000_frames_kb,0.0,0.0,0.0,0.0,10
100.0,stable,confidence_deadline,remote_output_share,0.0,0.0,0.0,0.0,10
100.0,stable,confidence_deadline,usable_output_rate,1.0,0.0,1.0,1.0,10
100.0,stable,confidence_deadline,reuse_rate,0.0,0.0,0.0,0.0,10
100.0,stable,confidence_deadline,remote_attempt_rate,0.0,0.0,0.0,0.0,10
100.0,stable,confidence_deadline,remote_accept_rate,0.0,0.0,0.0,0.0,10
100.0,stable,confidence_deadline,pct_local_fast,100.0,0.0,100.0,100.0,10
100.0,stable,confidence_deadline,pct_edge_accurate,0.0,0.0,0.0,0.0,10
100.0,stable,confidence_deadline,pct_hybrid,0.0,0.0,0.0,0.0,10
100.0,stable,confidence_deadline,pct_degraded_safe,0.0,0.0,0.0,0.0,10
100.0,stable,oracle_feasible,delivered_recall,0.7343209583351017,0.0002387589176580902,0.7341861123145837,0.7344747656299971,10
100.0,stable,oracle_feasible,delivered_safety_recall,0.8137841653312693,0.0004598118734210021,0.8135159937834742,0.8140475415034165,10
100.0,stable,oracle_feasible,delivered_recall_fresh_only,0.7343209583351017,0.0002387589176580902,0.7341861123145837,0.7344747656299971,10
100.0,stable,oracle_feasible,delivered_safety_recall_fresh_only,0.8137841653312693,0.0004598118734210021,0.8135159937834742,0.8140475415034165,10
100.0,stable,oracle_feasible,deadline_miss_rate,0.0,0.0,0.0,0.0,10
100.0,stable,oracle_feasible,p95_latency_ms,38.0547747058901,0.08201509710765689,38.00382879270376,38.099469805285906,10
100.0,stable,oracle_feasible,mean_latency_ms,34.06247563491717,0.05279636081832265,34.02991564195682,34.09099722544641,10
100.0,stable,oracle_feasible,usable_confidence_proxy,0.8880200751972198,0.00022464020780409437,0.887884915864706,0.8881519623500557,10
100.0,stable,oracle_feasible,bandwidth_per_1000_frames_kb,21074.0,22.335820757001272,21061.0,21087.5,10
100.0,stable,oracle_feasible,remote_output_share,0.84296,0.000893432830280069,0.8424400000000001,0.8435,10
100.0,stable,oracle_feasible,usable_output_rate,1.0,0.0,1.0,1.0,10
100.0,stable,oracle_feasible,reuse_rate,0.0,0.0,0.0,0.0,10
100.0,stable,oracle_feasible,remote_attempt_rate,0.84296,0.000893432830280069,0.8424400000000001,0.8435,10
100.0,stable,oracle_feasible,remote_accept_rate,1.0,0.0,1.0,1.0,10
100.0,stable,oracle_feasible,pct_local_fast,15.703999999999999,0.08934328302800525,15.65,15.756,10
100.0,stable,oracle_feasible,pct_edge_accurate,84.296,0.08934328302800441,84.244,84.35,10
100.0,stable,oracle_feasible,pct_hybrid,0.0,0.0,0.0,0.0,10
100.0,stable,oracle_feasible,pct_degraded_safe,0.0,0.0,0.0,0.0,10
100.0,congested,local_only,delivered_recall,0.6391523349965231,0.0,0.6391523349965231,0.6391523349965231,10
100.0,congested,local_only,delivered_safety_recall,0.7365956065300292,0.0,0.7365956065300292,0.7365956065300292,10
100.0,congested,local_only,delivered_recall_fresh_only,0.6391523349965231,0.0,0.6391523349965231,0.6391523349965231,10
100.0,congested,local_only,delivered_safety_recall_fresh_only,0.7365956065300292,0.0,0.7365956065300292,0.7365956065300292,10
100.0,congested,local_only,deadline_miss_rate,0.0,0.0,0.0,0.0,10
100.0,congested,local_only,p95_latency_ms,45.673494995571694,7.489778066296963e-15,45.673494995571694,45.673494995571694,10
100.0,congested,local_only,mean_latency_ms,35.19284060007193,7.489778066296963e-15,35.19284060007193,35.19284060007193,10
100.0,congested,local_only,usable_confidence_proxy,0.8192857515573502,0.0,0.8192857515573502,0.8192857515573502,10
100.0,congested,local_only,bandwidth_per_1000_frames_kb,0.0,0.0,0.0,0.0,10
100.0,congested,local_only,remote_output_share,0.0,0.0,0.0,0.0,10
100.0,congested,local_only,usable_output_rate,1.0,0.0,1.0,1.0,10
100.0,congested,local_only,reuse_rate,0.0,0.0,0.0,0.0,10
100.0,congested,local_only,remote_attempt_rate,0.0,0.0,0.0,0.0,10
100.0,congested,local_only,remote_accept_rate,0.0,0.0,0.0,0.0,10
100.0,congested,local_only,pct_local_fast,100.0,0.0,100.0,100.0,10
100.0,congested,local_only,pct_edge_accurate,0.0,0.0,0.0,0.0,10
100.0,congested,local_only,pct_hybrid,0.0,0.0,0.0,0.0,10
100.0,congested,local_only,pct_degraded_safe,0.0,0.0,0.0,0.0,10
100.0,congested,edge_only,delivered_recall,0.698133551994867,0.0020153204012899775,0.6969513606908672,0.6993180837986125,10
100.0,congested,edge_only,delivered_safety_recall,0.769024789098777,0.003391951851094888,0.767070478390356,0.7710688130819516,10
100.0,congested,edge_only,delivered_recall_fresh_only,0.7468329743486444,0.000887010100422246,0.7462989181518431,0.7473369873036764,10
100.0,congested,edge_only,delivered_safety_recall_fresh_only,0.8231930427663613,0.0009217291510193887,0.8226056816864826,0.8236834490655248,10
100.0,congested,edge_only,deadline_miss_rate,0.06544,0.002954168429712682,0.06373999999999999,0.06720000000000001,10
100.0,congested,edge_only,p95_latency_ms,132.3779114917852,0.31750625726294074,132.1875543287315,132.5652163160412,10
100.0,congested,edge_only,mean_latency_ms,84.16905606869273,0.3765402335024255,83.93908875334706,84.38080155335501,10
100.0,congested,edge_only,usable_confidence_proxy,0.8235514102375507,0.0027945180770497153,0.8219260747100116,0.8251761709327698,10
100.0,congested,edge_only,bandwidth_per_1000_frames_kb,25000.0,0.0,25000.0,25000.0,10
100.0,congested,edge_only,remote_output_share,0.9345600000000001,0.0029541684297126787,0.9328000000000001,0.9362600000000001,10
100.0,congested,edge_only,usable_output_rate,0.9345600000000001,0.0029541684297126787,0.9328000000000001,0.9362600000000001,10
100.0,congested,edge_only,reuse_rate,0.0,0.0,0.0,0.0,10
100.0,congested,edge_only,remote_attempt_rate,1.0,0.0,1.0,1.0,10
100.0,congested,edge_only,remote_accept_rate,0.9345600000000001,0.0029541684297126787,0.9328000000000001,0.9362600000000001,10
100.0,congested,edge_only,pct_local_fast,0.0,0.0,0.0,0.0,10
100.0,congested,edge_only,pct_edge_accurate,100.0,0.0,100.0,100.0,10
100.0,congested,edge_only,pct_hybrid,0.0,0.0,0.0,0.0,10
100.0,congested,edge_only,pct_degraded_safe,0.0,0.0,0.0,0.0,10
100.0,congested,cloud_only,delivered_recall,0.0,0.0,0.0,0.0,10
100.0,congested,cloud_only,delivered_safety_recall,0.0,0.0,0.0,0.0,10
100.0,congested,cloud_only,delivered_recall_fresh_only,,,,,0
100.0,congested,cloud_only,delivered_safety_recall_fresh_only,,,,,0
100.0,congested,cloud_only,deadline_miss_rate,1.0,0.0,1.0,1.0,10
100.0,congested,cloud_only,p95_latency_ms,145.6734949955717,0.0,145.6734949955717,145.6734949955717,10
100.0,congested,cloud_only,mean_latency_ms,135.19284060007197,2.995911226518785e-14,135.19284060007197,135.19284060007197,10
100.0,congested,cloud_only,usable_confidence_proxy,0.0,0.0,0.0,0.0,10
100.0,congested,cloud_only,bandwidth_per_1000_frames_kb,35000.0,0.0,35000.0,35000.0,10
100.0,congested,cloud_only,remote_output_share,0.0,0.0,0.0,0.0,10
100.0,congested,cloud_only,usable_output_rate,0.0,0.0,0.0,0.0,10
100.0,congested,cloud_only,reuse_rate,0.0,0.0,0.0,0.0,10
100.0,congested,cloud_only,remote_attempt_rate,1.0,0.0,1.0,1.0,10
100.0,congested,cloud_only,remote_accept_rate,0.0,0.0,0.0,0.0,10
100.0,congested,cloud_only,pct_local_fast,0.0,0.0,0.0,0.0,10
100.0,congested,cloud_only,pct_edge_accurate,100.0,0.0,100.0,100.0,10
100.0,congested,cloud_only,pct_hybrid,0.0,0.0,0.0,0.0,10
100.0,congested,cloud_only,pct_degraded_safe,0.0,0.0,0.0,0.0,10
100.0,congested,dapper,delivered_recall,0.633625571062334,0.0013635611186362988,0.6327794433711381,0.6343814458093829,10
100.0,congested,dapper,delivered_safety_recall,0.7299904385249285,0.002001231484802773,0.7287415547903643,0.731137577645261,10
100.0,congested,dapper,delivered_recall_fresh_only,0.6392148723620925,0.0003384709614634129,0.6390154399076746,0.6394070178120641,10
100.0,congested,dapper,delivered_safety_recall_fresh_only,0.7365163787784551,0.00042885765417482454,0.7362694054660777,0.736769215483666,10
100.0,congested,dapper,deadline_miss_rate,0.0,0.0,0.0,0.0,10
100.0,congested,dapper,p95_latency_ms,45.53970249573469,0.05841171948154454,45.50725800072542,45.57082999206615,10
100.0,congested,dapper,mean_latency_ms,34.89071513007994,0.07210753282825097,34.84324805464228,34.92880863987006,10
100.0,congested,dapper,usable_confidence_proxy,0.8193709722054004,0.0003665513704255561,0.8191542195075602,0.8195786777608394,10
100.0,congested,dapper,bandwidth_per_1000_frames_kb,0.5,1.5811388300841898,0.0,1.5,10
100.0,congested,dapper,remote_output_share,2e-05,6.324555320336758e-05,0.0,6.000000000000001e-05,10
100.0,congested,dapper,usable_output_rate,0.99118,0.002077284552272754,0.9898199999999999,0.99228,10
100.0,congested,dapper,reuse_rate,0.008820000000000001,0.0020772845522727765,0.007719999999999999,0.01018,10
100.0,congested,dapper,remote_attempt_rate,2e-05,6.324555320336758e-05,0.0,6.000000000000001e-05,10
100.0,congested,dapper,remote_accept_rate,0.1,0.31622776601683794,0.0,0.3,10
100.0,congested,dapper,pct_local_fast,99.102,0.22478631828669707,98.952,99.21799999999999,10
100.0,congested,dapper,pct_edge_accurate,0.0,0.0,0.0,0.0,10
100.0,congested,dapper,pct_hybrid,0.002,0.006324555320336759,0.0,0.006,10
100.0,congested,dapper,pct_degraded_safe,0.8960000000000001,0.22701933348897352,0.778,1.0460499999999993,10
100.0,congested,deadline_greedy,delivered_recall,0.6391523349965231,0.0,0.6391523349965231,0.6391523349965231,10
100.0,congested,deadline_greedy,delivered_safety_recall,0.7365956065300292,0.0,0.7365956065300292,0.7365956065300292,10
100.0,congested,deadline_greedy,delivered_recall_fresh_only,0.6391523349965231,0.0,0.6391523349965231,0.6391523349965231,10
100.0,congested,deadline_greedy,delivered_safety_recall_fresh_only,0.7365956065300292,0.0,0.7365956065300292,0.7365956065300292,10
100.0,congested,deadline_greedy,deadline_miss_rate,0.0,0.0,0.0,0.0,10
100.0,congested,deadline_greedy,p95_latency_ms,45.673494995571694,7.489778066296963e-15,45.673494995571694,45.673494995571694,10
100.0,congested,deadline_greedy,mean_latency_ms,35.19284060007193,7.489778066296963e-15,35.19284060007193,35.19284060007193,10
100.0,congested,deadline_greedy,usable_confidence_proxy,0.8192857515573502,0.0,0.8192857515573502,0.8192857515573502,10
100.0,congested,deadline_greedy,bandwidth_per_1000_frames_kb,0.0,0.0,0.0,0.0,10
100.0,congested,deadline_greedy,remote_output_share,0.0,0.0,0.0,0.0,10
100.0,congested,deadline_greedy,usable_output_rate,1.0,0.0,1.0,1.0,10
100.0,congested,deadline_greedy,reuse_rate,0.0,0.0,0.0,0.0,10
100.0,congested,deadline_greedy,remote_attempt_rate,0.0,0.0,0.0,0.0,10
100.0,congested,deadline_greedy,remote_accept_rate,0.0,0.0,0.0,0.0,10
100.0,congested,deadline_greedy,pct_local_fast,100.0,0.0,100.0,100.0,10
100.0,congested,deadline_greedy,pct_edge_accurate,0.0,0.0,0.0,0.0,10
100.0,congested,deadline_greedy,pct_hybrid,0.0,0.0,0.0,0.0,10
100.0,congested,deadline_greedy,pct_degraded_safe,0.0,0.0,0.0,0.0,10
100.0,congested,confidence_deadline,delivered_recall,0.6391523349965231,0.0,0.6391523349965231,0.6391523349965231,10
100.0,congested,confidence_deadline,delivered_safety_recall,0.7365956065300292,0.0,0.7365956065300292,0.7365956065300292,10
100.0,congested,confidence_deadline,delivered_recall_fresh_only,0.6391523349965231,0.0,0.6391523349965231,0.6391523349965231,10
100.0,congested,confidence_deadline,delivered_safety_recall_fresh_only,0.7365956065300292,0.0,0.7365956065300292,0.7365956065300292,10
100.0,congested,confidence_deadline,deadline_miss_rate,0.0,0.0,0.0,0.0,10
100.0,congested,confidence_deadline,p95_latency_ms,45.673494995571694,7.489778066296963e-15,45.673494995571694,45.673494995571694,10
100.0,congested,confidence_deadline,mean_latency_ms,35.19284060007193,7.489778066296963e-15,35.19284060007193,35.19284060007193,10
100.0,congested,confidence_deadline,usable_confidence_proxy,0.8192857515573502,0.0,0.8192857515573502,0.8192857515573502,10
100.0,congested,confidence_deadline,bandwidth_per_1000_frames_kb,0.0,0.0,0.0,0.0,10
100.0,congested,confidence_deadline,remote_output_share,0.0,0.0,0.0,0.0,10
100.0,congested,confidence_deadline,usable_output_rate,1.0,0.0,1.0,1.0,10
100.0,congested,confidence_deadline,reuse_rate,0.0,0.0,0.0,0.0,10
100.0,congested,confidence_deadline,remote_attempt_rate,0.0,0.0,0.0,0.0,10
100.0,congested,confidence_deadline,remote_accept_rate,0.0,0.0,0.0,0.0,10
100.0,congested,confidence_deadline,pct_local_fast,100.0,0.0,100.0,100.0,10
100.0,congested,confidence_deadline,pct_edge_accurate,0.0,0.0,0.0,0.0,10
100.0,congested,confidence_deadline,pct_hybrid,0.0,0.0,0.0,0.0,10
100.0,congested,confidence_deadline,pct_degraded_safe,0.0,0.0,0.0,0.0,10
100.0,congested,oracle_feasible,delivered_recall,0.729191290494726,0.0008663306595500505,0.7286498244022077,0.7296838794407153,10
100.0,congested,oracle_feasible,delivered_safety_recall,0.8095087835248489,0.0011982827392933004,0.8088252753040108,0.8102121715253153,10
100.0,congested,oracle_feasible,delivered_recall_fresh_only,0.729191290494726,0.0008663306595500505,0.7286498244022077,0.7296838794407153,10
100.0,congested,oracle_feasible,delivered_safety_recall_fresh_only,0.8095087835248489,0.0011982827392933004,0.8088252753040108,0.8102121715253153,10
100.0,congested,oracle_feasible,deadline_miss_rate,0.0,0.0,0.0,0.0,10
100.0,congested,oracle_feasible,p95_latency_ms,93.06059243350941,0.3571052369613383,92.84811095744831,93.26892110495078,10
100.0,congested,oracle_feasible,mean_latency_ms,71.26833987029804,0.19069142951045487,71.17228304043033,71.38635814849309,10
100.0,congested,oracle_feasible,usable_confidence_proxy,0.8843020779627562,0.0007182556102458935,0.8838397807147055,0.8847018744397909,10
100.0,congested,oracle_feasible,bandwidth_per_1000_frames_kb,19892.5,80.18208444949948,19845.5,19939.5,10
100.0,congested,oracle_feasible,remote_output_share,0.7957,0.003207283377979971,0.79382,0.79758,10
100.0,congested,oracle_feasible,usable_output_rate,1.0,0.0,1.0,1.0,10
100.0,congested,oracle_feasible,reuse_rate,0.0,0.0,0.0,0.0,10
100.0,congested,oracle_feasible,remote_attempt_rate,0.7957,0.003207283377979971,0.79382,0.79758,10
100.0,congested,oracle_feasible,remote_accept_rate,1.0,0.0,1.0,1.0,10
100.0,congested,oracle_feasible,pct_local_fast,20.43,0.320728337797998,20.242,20.618000000000002,10
100.0,congested,oracle_feasible,pct_edge_accurate,79.57,0.3207283377979968,79.382,79.75800000000001,10
100.0,congested,oracle_feasible,pct_hybrid,0.0,0.0,0.0,0.0,10
100.0,congested,oracle_feasible,pct_degraded_safe,0.0,0.0,0.0,0.0,10
100.0,lossy,local_only,delivered_recall,0.6391523349965231,0.0,0.6391523349965231,0.6391523349965231,10
100.0,lossy,local_only,delivered_safety_recall,0.7365956065300292,0.0,0.7365956065300292,0.7365956065300292,10
100.0,lossy,local_only,delivered_recall_fresh_only,0.6391523349965231,0.0,0.6391523349965231,0.6391523349965231,10
100.0,lossy,local_only,delivered_safety_recall_fresh_only,0.7365956065300292,0.0,0.7365956065300292,0.7365956065300292,10
100.0,lossy,local_only,deadline_miss_rate,0.0,0.0,0.0,0.0,10
100.0,lossy,local_only,p95_latency_ms,45.673494995571694,7.489778066296963e-15,45.673494995571694,45.673494995571694,10
100.0,lossy,local_only,mean_latency_ms,35.19284060007193,7.489778066296963e-15,35.19284060007193,35.19284060007193,10
100.0,lossy,local_only,usable_confidence_proxy,0.8192857515573502,0.0,0.8192857515573502,0.8192857515573502,10
100.0,lossy,local_only,bandwidth_per_1000_frames_kb,0.0,0.0,0.0,0.0,10
100.0,lossy,local_only,remote_output_share,0.0,0.0,0.0,0.0,10
100.0,lossy,local_only,usable_output_rate,1.0,0.0,1.0,1.0,10
100.0,lossy,local_only,reuse_rate,0.0,0.0,0.0,0.0,10
100.0,lossy,local_only,remote_attempt_rate,0.0,0.0,0.0,0.0,10
100.0,lossy,local_only,remote_accept_rate,0.0,0.0,0.0,0.0,10
100.0,lossy,local_only,pct_local_fast,100.0,0.0,100.0,100.0,10
100.0,lossy,local_only,pct_edge_accurate,0.0,0.0,0.0,0.0,10
100.0,lossy,local_only,pct_hybrid,0.0,0.0,0.0,0.0,10
100.0,lossy,local_only,pct_degraded_safe,0.0,0.0,0.0,0.0,10
100.0,lossy,edge_only,delivered_recall,0.5999548699314682,0.0027229566461037455,0.5983802414792461,0.601562864081675,10
100.0,lossy,edge_only,delivered_safety_recall,0.660785773174414,0.003175556176749076,0.658995896929596,0.6626147106333737,10
100.0,lossy,edge_only,delivered_recall_fresh_only,0.7472709165059539,0.0014918571087686112,0.7463506464927736,0.7481181657898801,10
100.0,lossy,edge_only,delivered_safety_recall_fresh_only,0.8233905612979587,0.002553063838014284,0.8219821688307524,0.8249546013238708,10
100.0,lossy,edge_only,deadline_miss_rate,0.1974,0.004784233364802444,0.1943995,0.20004049999999998,10
100.0,lossy,edge_only,p95_latency_ms,136.3057234857115,0.1447870717172485,136.2225487350879,136.39110113461356,10
100.0,lossy,edge_only,mean_latency_ms,66.24869111557281,0.43984889159593493,65.97330796860706,66.48943973957665,10
100.0,lossy,edge_only,usable_confidence_proxy,0.7070586374878883,0.003951311496532042,0.7048230417944938,0.7094756954187155,10
100.0,lossy,edge_only,bandwidth_per_1000_frames_kb,25000.0,0.0,25000.0,25000.0,10
100.0,lossy,edge_only,remote_output_share,0.8026,0.0047842333648024545,0.7999595,0.8056005,10
100.0,lossy,edge_only,usable_output_rate,0.8026,0.0047842333648024545,0.7999595,0.8056005,10
100.0,lossy,edge_only,reuse_rate,0.0,0.0,0.0,0.0,10
100.0,lossy,edge_only,remote_attempt_rate,1.0,0.0,1.0,1.0,10
100.0,lossy,edge_only,remote_accept_rate,0.8026,0.0047842333648024545,0.7999595,0.8056005,10
100.0,lossy,edge_only,pct_local_fast,0.0,0.0,0.0,0.0,10
100.0,lossy,edge_only,pct_edge_accurate,100.0,0.0,100.0,100.0,10
100.0,lossy,edge_only,pct_hybrid,0.0,0.0,0.0,0.0,10
100.0,lossy,edge_only,pct_degraded_safe,0.0,0.0,0.0,0.0,10
100.0,lossy,cloud_only,delivered_recall,0.0,0.0,0.0,0.0,10
100.0,lossy,cloud_only,delivered_safety_recall,0.0,0.0,0.0,0.0,10
100.0,lossy,cloud_only,delivered_recall_fresh_only,,,,,0
100.0,lossy,cloud_only,delivered_safety_recall_fresh_only,,,,,0
100.0,lossy,cloud_only,deadline_miss_rate,1.0,0.0,1.0,1.0,10
100.0,lossy,cloud_only,p95_latency_ms,145.6734949955717,0.0,145.6734949955717,145.6734949955717,10
100.0,lossy,cloud_only,mean_latency_ms,135.19284060007197,2.995911226518785e-14,135.19284060007197,135.19284060007197,10
100.0,lossy,cloud_only,usable_confidence_proxy,0.0,0.0,0.0,0.0,10
100.0,lossy,cloud_only,bandwidth_per_1000_frames_kb,35000.0,0.0,35000.0,35000.0,10
100.0,lossy,cloud_only,remote_output_share,0.0,0.0,0.0,0.0,10
100.0,lossy,cloud_only,usable_output_rate,0.0,0.0,0.0,0.0,10
100.0,lossy,cloud_only,reuse_rate,0.0,0.0,0.0,0.0,10
100.0,lossy,cloud_only,remote_attempt_rate,1.0,0.0,1.0,1.0,10
100.0,lossy,cloud_only,remote_accept_rate,0.0,0.0,0.0,0.0,10
100.0,lossy,cloud_only,pct_local_fast,0.0,0.0,0.0,0.0,10
100.0,lossy,cloud_only,pct_edge_accurate,100.0,0.0,100.0,100.0,10
100.0,lossy,cloud_only,pct_hybrid,0.0,0.0,0.0,0.0,10
100.0,lossy,cloud_only,pct_degraded_safe,0.0,0.0,0.0,0.0,10
100.0,lossy,dapper,delivered_recall,0.6632624977096838,0.0007139103179418905,0.662875337892365,0.6637157635380061,10
100.0,lossy,dapper,delivered_safety_recall,0.7548481731359036,0.0011635455631459665,0.7541777447591884,0.7555282521974658,10
100.0,lossy,dapper,delivered_recall_fresh_only,0.6632624977096838,0.0007139103179418905,0.662875337892365,0.6637157635380061,10
100.0,lossy,dapper,delivered_safety_recall_fresh_only,0.7548481731359036,0.0011635455631459665,0.7541777447591884,0.7555282521974658,10
100.0,lossy,dapper,deadline_miss_rate,0.0,0.0,0.0,0.0,10
100.0,lossy,dapper,p95_latency_ms,45.673494995571694,7.489778066296963e-15,45.673494995571694,45.673494995571694,10
100.0,lossy,dapper,mean_latency_ms,35.19284060007193,7.489778066296963e-15,35.19284060007193,35.19284060007193,10
100.0,lossy,dapper,usable_confidence_proxy,0.8469201856327058,0.0004973474368707746,0.8466482808775753,0.8472152631147951,10
100.0,lossy,dapper,bandwidth_per_1000_frames_kb,4683.0,84.49852069711044,4633.9875,4731.5,10
100.0,lossy,dapper,remote_output_share,0.15267999999999998,0.001953230941571198,0.15150000000000002,0.15383999999999998,10
100.0,lossy,dapper,usable_output_rate,1.0,0.0,1.0,1.0,10
100.0,lossy,dapper,reuse_rate,0.0,0.0,0.0,0.0,10
100.0,lossy,dapper,remote_attempt_rate,0.18732,0.003379940827884418,0.1853595,0.18926,10
100.0,lossy,dapper,remote_accept_rate,0.8152107500914791,0.011679879844027255,0.8085359070340286,0.8219645662302068,10
100.0,lossy,dapper,pct_local_fast,81.26799999999999,0.33799408278843684,81.074,81.46405,10
100.0,lossy,dapper,pct_edge_accurate,0.0,0.0,0.0,0.0,10
100.0,lossy,dapper,pct_hybrid,18.732,0.33799408278844134,18.535949999999996,18.926,10
100.0,lossy,dapper,pct_degraded_safe,0.0,0.0,0.0,0.0,10
100.0,lossy,deadline_greedy,delivered_recall,0.6391523349965231,0.0,0.6391523349965231,0.6391523349965231,10
100.0,lossy,deadline_greedy,delivered_safety_recall,0.7365956065300292,0.0,0.7365956065300292,0.7365956065300292,10
100.0,lossy,deadline_greedy,delivered_recall_fresh_only,0.6391523349965231,0.0,0.6391523349965231,0.6391523349965231,10
100.0,lossy,deadline_greedy,delivered_safety_recall_fresh_only,0.7365956065300292,0.0,0.7365956065300292,0.7365956065300292,10
100.0,lossy,deadline_greedy,deadline_miss_rate,0.0,0.0,0.0,0.0,10
100.0,lossy,deadline_greedy,p95_latency_ms,45.673494995571694,7.489778066296963e-15,45.673494995571694,45.673494995571694,10
100.0,lossy,deadline_greedy,mean_latency_ms,35.19284060007193,7.489778066296963e-15,35.19284060007193,35.19284060007193,10
100.0,lossy,deadline_greedy,usable_confidence_proxy,0.8192857515573502,0.0,0.8192857515573502,0.8192857515573502,10
100.0,lossy,deadline_greedy,bandwidth_per_1000_frames_kb,0.0,0.0,0.0,0.0,10
100.0,lossy,deadline_greedy,remote_output_share,0.0,0.0,0.0,0.0,10
100.0,lossy,deadline_greedy,usable_output_rate,1.0,0.0,1.0,1.0,10
100.0,lossy,deadline_greedy,reuse_rate,0.0,0.0,0.0,0.0,10
100.0,lossy,deadline_greedy,remote_attempt_rate,0.0,0.0,0.0,0.0,10
100.0,lossy,deadline_greedy,remote_accept_rate,0.0,0.0,0.0,0.0,10
100.0,lossy,deadline_greedy,pct_local_fast,100.0,0.0,100.0,100.0,10
100.0,lossy,deadline_greedy,pct_edge_accurate,0.0,0.0,0.0,0.0,10
100.0,lossy,deadline_greedy,pct_hybrid,0.0,0.0,0.0,0.0,10
100.0,lossy,deadline_greedy,pct_degraded_safe,0.0,0.0,0.0,0.0,10
100.0,lossy,confidence_deadline,delivered_recall,0.6391523349965231,0.0,0.6391523349965231,0.6391523349965231,10
100.0,lossy,confidence_deadline,delivered_safety_recall,0.7365956065300292,0.0,0.7365956065300292,0.7365956065300292,10
100.0,lossy,confidence_deadline,delivered_recall_fresh_only,0.6391523349965231,0.0,0.6391523349965231,0.6391523349965231,10
100.0,lossy,confidence_deadline,delivered_safety_recall_fresh_only,0.7365956065300292,0.0,0.7365956065300292,0.7365956065300292,10
100.0,lossy,confidence_deadline,deadline_miss_rate,0.0,0.0,0.0,0.0,10
100.0,lossy,confidence_deadline,p95_latency_ms,45.673494995571694,7.489778066296963e-15,45.673494995571694,45.673494995571694,10
100.0,lossy,confidence_deadline,mean_latency_ms,35.19284060007193,7.489778066296963e-15,35.19284060007193,35.19284060007193,10
100.0,lossy,confidence_deadline,usable_confidence_proxy,0.8192857515573502,0.0,0.8192857515573502,0.8192857515573502,10
100.0,lossy,confidence_deadline,bandwidth_per_1000_frames_kb,0.0,0.0,0.0,0.0,10
100.0,lossy,confidence_deadline,remote_output_share,0.0,0.0,0.0,0.0,10
100.0,lossy,confidence_deadline,usable_output_rate,1.0,0.0,1.0,1.0,10
100.0,lossy,confidence_deadline,reuse_rate,0.0,0.0,0.0,0.0,10
100.0,lossy,confidence_deadline,remote_attempt_rate,0.0,0.0,0.0,0.0,10
100.0,lossy,confidence_deadline,remote_accept_rate,0.0,0.0,0.0,0.0,10
100.0,lossy,confidence_deadline,pct_local_fast,100.0,0.0,100.0,100.0,10
100.0,lossy,confidence_deadline,pct_edge_accurate,0.0,0.0,0.0,0.0,10
100.0,lossy,confidence_deadline,pct_hybrid,0.0,0.0,0.0,0.0,10
100.0,lossy,confidence_deadline,pct_degraded_safe,0.0,0.0,0.0,0.0,10
100.0,lossy,oracle_feasible,delivered_recall,0.7166040641027337,0.0010855707717972811,0.7159522871155978,0.7171861402025368,10
100.0,lossy,oracle_feasible,delivered_safety_recall,0.7997503397162693,0.0019466784753798272,0.7986491867123446,0.8008772171027734,10
100.0,lossy,oracle_feasible,delivered_recall_fresh_only,0.7166040641027337,0.0010855707717972811,0.7159522871155978,0.7171861402025368,10
100.0,lossy,oracle_feasible,delivered_safety_recall_fresh_only,0.7997503397162693,0.0019466784753798272,0.7986491867123446,0.8008772171027734,10
100.0,lossy,oracle_feasible,deadline_miss_rate,0.0,0.0,0.0,0.0,10
100.0,lossy,oracle_feasible,p95_latency_ms,55.585593996753985,0.223756540741437,55.45511133337478,55.71760843435124,10
100.0,lossy,oracle_feasible,mean_latency_ms,44.80401037236594,0.10109816741935779,44.74984495068412,44.86585894801417,10
100.0,lossy,oracle_feasible,usable_confidence_proxy,0.8751296146148443,0.00035306534200170577,0.8749357721411883,0.8753547771417797,10
100.0,lossy,oracle_feasible,bandwidth_per_1000_frames_kb,17076.0,91.76661218063524,17021.0,17127.0125,10
100.0,lossy,oracle_feasible,remote_output_share,0.68304,0.003670664487225413,0.68084,0.6850805,10
100.0,lossy,oracle_feasible,usable_output_rate,1.0,0.0,1.0,1.0,10
100.0,lossy,oracle_feasible,reuse_rate,0.0,0.0,0.0,0.0,10
100.0,lossy,oracle_feasible,remote_attempt_rate,0.68304,0.003670664487225413,0.68084,0.6850805,10
100.0,lossy,oracle_feasible,remote_accept_rate,1.0,0.0,1.0,1.0,10
100.0,lossy,oracle_feasible,pct_local_fast,31.695999999999998,0.36706644872254063,31.49195,31.915999999999997,10
100.0,lossy,oracle_feasible,pct_edge_accurate,68.30399999999999,0.3670664487225408,68.084,68.50805000000001,10
100.0,lossy,oracle_feasible,pct_hybrid,0.0,0.0,0.0,0.0,10
100.0,lossy,oracle_feasible,pct_degraded_safe,0.0,0.0,0.0,0.0,10
100.0,variable,local_only,delivered_recall,0.6391523349965231,0.0,0.6391523349965231,0.6391523349965231,10
100.0,variable,local_only,delivered_safety_recall,0.7365956065300292,0.0,0.7365956065300292,0.7365956065300292,10
100.0,variable,local_only,delivered_recall_fresh_only,0.6391523349965231,0.0,0.6391523349965231,0.6391523349965231,10
100.0,variable,local_only,delivered_safety_recall_fresh_only,0.7365956065300292,0.0,0.7365956065300292,0.7365956065300292,10
100.0,variable,local_only,deadline_miss_rate,0.0,0.0,0.0,0.0,10
100.0,variable,local_only,p95_latency_ms,45.673494995571694,7.489778066296963e-15,45.673494995571694,45.673494995571694,10
100.0,variable,local_only,mean_latency_ms,35.19284060007193,7.489778066296963e-15,35.19284060007193,35.19284060007193,10
100.0,variable,local_only,usable_confidence_proxy,0.8192857515573502,0.0,0.8192857515573502,0.8192857515573502,10
100.0,variable,local_only,bandwidth_per_1000_frames_kb,0.0,0.0,0.0,0.0,10
100.0,variable,local_only,remote_output_share,0.0,0.0,0.0,0.0,10
100.0,variable,local_only,usable_output_rate,1.0,0.0,1.0,1.0,10
100.0,variable,local_only,reuse_rate,0.0,0.0,0.0,0.0,10
100.0,variable,local_only,remote_attempt_rate,0.0,0.0,0.0,0.0,10
100.0,variable,local_only,remote_accept_rate,0.0,0.0,0.0,0.0,10
100.0,variable,local_only,pct_local_fast,100.0,0.0,100.0,100.0,10
100.0,variable,local_only,pct_edge_accurate,0.0,0.0,0.0,0.0,10
100.0,variable,local_only,pct_hybrid,0.0,0.0,0.0,0.0,10
100.0,variable,local_only,pct_degraded_safe,0.0,0.0,0.0,0.0,10
100.0,variable,edge_only,delivered_recall,0.6799020994474041,0.002003549782302128,0.6787075111573025,0.6810599977987357,10
100.0,variable,edge_only,delivered_safety_recall,0.7570099337726626,0.004218438107991578,0.7546950001741304,0.7596517290613933,10
100.0,variable,edge_only,delivered_recall_fresh_only,0.7206834806122474,0.0027197308265598766,0.7190968931773521,0.722287255354633,10
100.0,variable,edge_only,delivered_safety_recall_fresh_only,0.8024292458573186,0.003293033037369063,0.8005876077581286,0.8043057963088148,10
100.0,variable,edge_only,deadline_miss_rate,0.05664,0.0018614212013643998,0.05568000000000001,0.05786,10
100.0,variable,edge_only,p95_latency_ms,131.14974800002528,0.30300966597897133,130.96854838661966,131.33033268820873,10
100.0,variable,edge_only,mean_latency_ms,58.55653373284447,0.6687810004134914,58.16758688212808,58.93771255402887,10
100.0,variable,edge_only,usable_confidence_proxy,0.8172813329422473,0.0017574299641899484,0.816230165702,0.8183241674900055,10
100.0,variable,edge_only,bandwidth_per_1000_frames_kb,19177.5,513.7890293366205,18882.0,19486.5,10
100.0,variable,edge_only,remote_output_share,0.71046,0.020014006206765404,0.69912,0.7225399999999998,10
100.0,variable,edge_only,usable_output_rate,0.94336,0.0018614212013644063,0.94214,0.9443199999999999,10
100.0,variable,edge_only,reuse_rate,0.0,0.0,0.0,0.0,10
100.0,variable,edge_only,remote_attempt_rate,0.7670999999999999,0.02055156117346483,0.7552800000000002,0.77946,10
100.0,variable,edge_only,remote_accept_rate,0.9261358805894897,0.0025352788918570207,0.9245825086857729,0.9275589821141457,10
100.0,variable,edge_only,pct_local_fast,0.0,0.0,0.0,0.0,10
100.0,variable,edge_only,pct_edge_accurate,100.0,0.0,100.0,100.0,10
100.0,variable,edge_only,pct_hybrid,0.0,0.0,0.0,0.0,10
100.0,variable,edge_only,pct_degraded_safe,0.0,0.0,0.0,0.0,10
100.0,variable,cloud_only,delivered_recall,0.15094122421691952,0.0128733083119451,0.14312657495351025,0.15827505147711024,10
100.0,variable,cloud_only,delivered_safety_recall,0.1732184329593768,0.016008451003618404,0.163662923531413,0.18231563633871004,10
100.0,variable,cloud_only,delivered_recall_fresh_only,0.6415582685135266,0.007676841605660358,0.6373051546747472,0.6462529906156262,10
100.0,variable,cloud_only,delivered_safety_recall_fresh_only,0.7348039294500254,0.014382429980628674,0.7265474134028997,0.7432730077839108,10
100.0,variable,cloud_only,deadline_miss_rate,0.7646400000000001,0.02108370618906142,0.7525595,0.7773005,10
100.0,variable,cloud_only,p95_latency_ms,143.96159501426155,0.39402541826185833,143.72032052400755,144.18812210565375,10
100.0,variable,cloud_only,mean_latency_ms,111.80381571204391,2.07537570800506,110.60697176847842,113.05274771081041,10
100.0,variable,cloud_only,usable_confidence_proxy,0.19333099552094937,0.01699648445739534,0.183105518119812,0.20301546997563538,10
100.0,variable,cloud_only,bandwidth_per_1000_frames_kb,26848.5,719.3046410712687,26434.8,27281.1,10
100.0,variable,cloud_only,remote_output_share,0.00246,0.0009709102258533826,0.0018799999999999997,0.003,10
100.0,variable,cloud_only,usable_output_rate,0.23536,0.021083706189061416,0.22269950000000002,0.24744049999999995,10
100.0,variable,cloud_only,reuse_rate,0.0,0.0,0.0,0.0,10
100.0,variable,cloud_only,remote_attempt_rate,0.7670999999999999,0.02055156117346483,0.7552800000000002,0.77946,10
100.0,variable,cloud_only,remote_accept_rate,0.0032249992500837975,0.0013093637005554717,0.0024391443156487973,0.003964476556907244,10
100.0,variable,cloud_only,pct_local_fast,0.0,0.0,0.0,0.0,10
100.0,variable,cloud_only,pct_edge_accurate,100.0,0.0,100.0,100.0,10
100.0,variable,cloud_only,pct_hybrid,0.0,0.0,0.0,0.0,10
100.0,variable,cloud_only,pct_degraded_safe,0.0,0.0,0.0,0.0,10
100.0,variable,dapper,delivered_recall,0.5448607397198124,0.008280749338630175,0.5399848330472674,0.5497564720817076,10
100.0,variable,dapper,delivered_safety_recall,0.6255973939880992,0.010897748360601072,0.6191390971853301,0.6319744586093479,10
100.0,variable,dapper,delivered_recall_fresh_only,0.6489930783922006,0.0020406480132549444,0.6477603195510425,0.6502011574585818,10
100.0,variable,dapper,delivered_safety_recall_fresh_only,0.7448698715835222,0.0031032236130902023,0.7430809414048547,0.7466741262498446,10
100.0,variable,dapper,deadline_miss_rate,0.0,0.0,0.0,0.0,10
100.0,variable,dapper,p95_latency_ms,44.508007975819055,0.2240735781681902,44.36895521674889,44.632996271844604,10
100.0,variable,dapper,mean_latency_ms,29.7178194920571,0.4715602507830568,29.444015515618837,30.00020384779175,10
100.0,variable,dapper,usable_confidence_proxy,0.8298042438697817,0.00225187514504239,0.8283927166691423,0.8310405685778111,10
100.0,variable,dapper,bandwidth_per_1000_frames_kb,1465.5,106.18249489544979,1398.0,1525.0124999999998,10
100.0,variable,dapper,remote_output_share,0.05456,0.003957327942494082,0.052039999999999996,0.056720000000000007,10
100.0,variable,dapper,usable_output_rate,0.8396399999999999,0.013486388199464922,0.83186,0.8476800000000001,10
100.0,variable,dapper,reuse_rate,0.16036000000000003,0.013486388199464917,0.15232,0.16814,10
100.0,variable,dapper,remote_attempt_rate,0.058620000000000005,0.004247299795817992,0.055920000000000004,0.061000500000000006,10
100.0,variable,dapper,remote_accept_rate,0.9308861691775908,0.01942599057120965,0.9192484044176841,0.9421310940117323,10
100.0,variable,dapper,pct_local_fast,78.1,1.3830079938710091,77.28794999999998,78.89,10
100.0,variable,dapper,pct_edge_accurate,0.0,0.0,0.0,0.0,10
100.0,variable,dapper,pct_hybrid,5.862,0.42472997958179903,5.592,6.100049999999999,10
100.0,variable,dapper,pct_degraded_safe,16.038,1.3514255847478658,15.23395,16.818,10
100.0,variable,deadline_greedy,delivered_recall,0.6391523349965231,0.0,0.6391523349965231,0.6391523349965231,10
100.0,variable,deadline_greedy,delivered_safety_recall,0.7365956065300292,0.0,0.7365956065300292,0.7365956065300292,10
100.0,variable,deadline_greedy,delivered_recall_fresh_only,0.6391523349965231,0.0,0.6391523349965231,0.6391523349965231,10
100.0,variable,deadline_greedy,delivered_safety_recall_fresh_only,0.7365956065300292,0.0,0.7365956065300292,0.7365956065300292,10
100.0,variable,deadline_greedy,deadline_miss_rate,0.0,0.0,0.0,0.0,10
100.0,variable,deadline_greedy,p95_latency_ms,45.673494995571694,7.489778066296963e-15,45.673494995571694,45.673494995571694,10
100.0,variable,deadline_greedy,mean_latency_ms,35.19284060007193,7.489778066296963e-15,35.19284060007193,35.19284060007193,10
100.0,variable,deadline_greedy,usable_confidence_proxy,0.8192857515573502,0.0,0.8192857515573502,0.8192857515573502,10
100.0,variable,deadline_greedy,bandwidth_per_1000_frames_kb,0.0,0.0,0.0,0.0,10
100.0,variable,deadline_greedy,remote_output_share,0.0,0.0,0.0,0.0,10
100.0,variable,deadline_greedy,usable_output_rate,1.0,0.0,1.0,1.0,10
100.0,variable,deadline_greedy,reuse_rate,0.0,0.0,0.0,0.0,10
100.0,variable,deadline_greedy,remote_attempt_rate,0.0,0.0,0.0,0.0,10
100.0,variable,deadline_greedy,remote_accept_rate,0.0,0.0,0.0,0.0,10
100.0,variable,deadline_greedy,pct_local_fast,100.0,0.0,100.0,100.0,10
100.0,variable,deadline_greedy,pct_edge_accurate,0.0,0.0,0.0,0.0,10
100.0,variable,deadline_greedy,pct_hybrid,0.0,0.0,0.0,0.0,10
100.0,variable,deadline_greedy,pct_degraded_safe,0.0,0.0,0.0,0.0,10
100.0,variable,confidence_deadline,delivered_recall,0.6391523349965231,0.0,0.6391523349965231,0.6391523349965231,10
100.0,variable,confidence_deadline,delivered_safety_recall,0.7365956065300292,0.0,0.7365956065300292,0.7365956065300292,10
100.0,variable,confidence_deadline,delivered_recall_fresh_only,0.6391523349965231,0.0,0.6391523349965231,0.6391523349965231,10
100.0,variable,confidence_deadline,delivered_safety_recall_fresh_only,0.7365956065300292,0.0,0.7365956065300292,0.7365956065300292,10
100.0,variable,confidence_deadline,deadline_miss_rate,0.0,0.0,0.0,0.0,10
100.0,variable,confidence_deadline,p95_latency_ms,45.673494995571694,7.489778066296963e-15,45.673494995571694,45.673494995571694,10
100.0,variable,confidence_deadline,mean_latency_ms,35.19284060007193,7.489778066296963e-15,35.19284060007193,35.19284060007193,10
100.0,variable,confidence_deadline,usable_confidence_proxy,0.8192857515573502,0.0,0.8192857515573502,0.8192857515573502,10
100.0,variable,confidence_deadline,bandwidth_per_1000_frames_kb,0.0,0.0,0.0,0.0,10
100.0,variable,confidence_deadline,remote_output_share,0.0,0.0,0.0,0.0,10
100.0,variable,confidence_deadline,usable_output_rate,1.0,0.0,1.0,1.0,10
100.0,variable,confidence_deadline,reuse_rate,0.0,0.0,0.0,0.0,10
100.0,variable,confidence_deadline,remote_attempt_rate,0.0,0.0,0.0,0.0,10
100.0,variable,confidence_deadline,remote_accept_rate,0.0,0.0,0.0,0.0,10
100.0,variable,confidence_deadline,pct_local_fast,100.0,0.0,100.0,100.0,10
100.0,variable,confidence_deadline,pct_edge_accurate,0.0,0.0,0.0,0.0,10
100.0,variable,confidence_deadline,pct_hybrid,0.0,0.0,0.0,0.0,10
100.0,variable,confidence_deadline,pct_degraded_safe,0.0,0.0,0.0,0.0,10
100.0,variable,oracle_feasible,delivered_recall,0.7074593026855864,0.002162468757768992,0.7061753100491772,0.7087225984612088,10
100.0,variable,oracle_feasible,delivered_safety_recall,0.7921520563426067,0.002751834051174293,0.7906568360325817,0.7937680401740216,10
100.0,variable,oracle_feasible,delivered_recall_fresh_only,0.7074593026855864,0.002162468757768992,0.7061753100491772,0.7087225984612088,10
100.0,variable,oracle_feasible,delivered_safety_recall_fresh_only,0.7921520563426067,0.002751834051174293,0.7906568360325817,0.7937680401740216,10
100.0,variable,oracle_feasible,deadline_miss_rate,0.0,0.0,0.0,0.0,10
100.0,variable,oracle_feasible,p95_latency_ms,80.34449147838689,0.7069031556063136,79.92084162712695,80.74628050394573,10
100.0,variable,oracle_feasible,mean_latency_ms,50.26550026858465,0.4900117322522475,49.98431722641478,50.54417095993878,10
100.0,variable,oracle_feasible,usable_confidence_proxy,0.8688779611229898,0.0016285988636698873,0.8679358432631195,0.8698507868976146,10
100.0,variable,oracle_feasible,bandwidth_per_1000_frames_kb,15144.5,434.7952902739914,14894.975,15403.5125,10
100.0,variable,oracle_feasible,remote_output_share,0.60578,0.017391811610959654,0.5957989999999999,0.6161405,10
100.0,variable,oracle_feasible,usable_output_rate,1.0,0.0,1.0,1.0,10
100.0,variable,oracle_feasible,reuse_rate,0.0,0.0,0.0,0.0,10
100.0,variable,oracle_feasible,remote_attempt_rate,0.60578,0.017391811610959654,0.5957989999999999,0.6161405,10
100.0,variable,oracle_feasible,remote_accept_rate,1.0,0.0,1.0,1.0,10
100.0,variable,oracle_feasible,pct_local_fast,39.422,1.7391811610959655,38.385949999999994,40.4201,10
100.0,variable,oracle_feasible,pct_edge_accurate,60.577999999999996,1.7391811610959662,59.579899999999995,61.61405000000001,10
100.0,variable,oracle_feasible,pct_hybrid,0.0,0.0,0.0,0.0,10
100.0,variable,oracle_feasible,pct_degraded_safe,0.0,0.0,0.0,0.0,10
100.0,outage,local_only,delivered_recall,0.6391523349965231,0.0,0.6391523349965231,0.6391523349965231,10
100.0,outage,local_only,delivered_safety_recall,0.7365956065300292,0.0,0.7365956065300292,0.7365956065300292,10
100.0,outage,local_only,delivered_recall_fresh_only,0.6391523349965231,0.0,0.6391523349965231,0.6391523349965231,10
100.0,outage,local_only,delivered_safety_recall_fresh_only,0.7365956065300292,0.0,0.7365956065300292,0.7365956065300292,10
100.0,outage,local_only,deadline_miss_rate,0.0,0.0,0.0,0.0,10
100.0,outage,local_only,p95_latency_ms,45.673494995571694,7.489778066296963e-15,45.673494995571694,45.673494995571694,10
100.0,outage,local_only,mean_latency_ms,35.19284060007193,7.489778066296963e-15,35.19284060007193,35.19284060007193,10
100.0,outage,local_only,usable_confidence_proxy,0.8192857515573502,0.0,0.8192857515573502,0.8192857515573502,10
100.0,outage,local_only,bandwidth_per_1000_frames_kb,0.0,0.0,0.0,0.0,10
100.0,outage,local_only,remote_output_share,0.0,0.0,0.0,0.0,10
100.0,outage,local_only,usable_output_rate,1.0,0.0,1.0,1.0,10
100.0,outage,local_only,reuse_rate,0.0,0.0,0.0,0.0,10
100.0,outage,local_only,remote_attempt_rate,0.0,0.0,0.0,0.0,10
100.0,outage,local_only,remote_accept_rate,0.0,0.0,0.0,0.0,10
100.0,outage,local_only,pct_local_fast,100.0,0.0,100.0,100.0,10
100.0,outage,local_only,pct_edge_accurate,0.0,0.0,0.0,0.0,10
100.0,outage,local_only,pct_hybrid,0.0,0.0,0.0,0.0,10
100.0,outage,local_only,pct_degraded_safe,0.0,0.0,0.0,0.0,10
100.0,outage,edge_only,delivered_recall,0.5458358568663938,0.0030780779012135498,0.544168583010652,0.5477945973592294,10
100.0,outage,edge_only,delivered_safety_recall,0.6307457787200048,0.0030091038026736428,0.6289591975600336,0.6324454023016335,10
100.0,outage,edge_only,delivered_recall_fresh_only,0.6387622790380946,0.0009472329723536723,0.6382335832837622,0.6393491761992973,10
100.0,outage,edge_only,delivered_safety_recall_fresh_only,0.7371176105219341,0.0018064083695530047,0.7360136192355285,0.7381107063232605,10
100.0,outage,edge_only,deadline_miss_rate,0.14538,0.005091561646489215,0.14221999999999999,0.14823999999999998,10
100.0,outage,edge_only,p95_latency_ms,135.2665724940016,0.19679339930985243,135.16851899796166,135.3997086945601,10
100.0,outage,edge_only,mean_latency_ms,49.73084060007194,0.5091561646489218,49.41484060007194,50.016840600071944,10
100.0,outage,edge_only,usable_confidence_proxy,0.7004173790574073,0.00431390748861539,0.6979462876087279,0.7030408195195348,10
100.0,outage,edge_only,bandwidth_per_1000_frames_kb,3634.5,127.28904116223046,3555.5,3706.0,10
100.0,outage,edge_only,remote_output_share,0.0,0.0,0.0,0.0,10
100.0,outage,edge_only,usable_output_rate,0.85462,0.005091561646489195,0.85176,0.85778,10
100.0,outage,edge_only,reuse_rate,0.0,0.0,0.0,0.0,10
100.0,outage,edge_only,remote_attempt_rate,0.14538,0.005091561646489215,0.14221999999999999,0.14823999999999998,10
100.0,outage,edge_only,remote_accept_rate,0.0,0.0,0.0,0.0,10
100.0,outage,edge_only,pct_local_fast,0.0,0.0,0.0,0.0,10
100.0,outage,edge_only,pct_edge_accurate,100.0,0.0,100.0,100.0,10
100.0,outage,edge_only,pct_hybrid,0.0,0.0,0.0,0.0,10
100.0,outage,edge_only,pct_degraded_safe,0.0,0.0,0.0,0.0,10
100.0,outage,cloud_only,delivered_recall,0.5458358568663938,0.0030780779012135498,0.544168583010652,0.5477945973592294,10
100.0,outage,cloud_only,delivered_safety_recall,0.6307457787200048,0.0030091038026736428,0.6289591975600336,0.6324454023016335,10
100.0,outage,cloud_only,delivered_recall_fresh_only,0.6387622790380946,0.0009472329723536723,0.6382335832837622,0.6393491761992973,10
100.0,outage,cloud_only,delivered_safety_recall_fresh_only,0.7371176105219341,0.0018064083695530047,0.7360136192355285,0.7381107063232605,10
100.0,outage,cloud_only,deadline_miss_rate,0.14538,0.005091561646489215,0.14221999999999999,0.14823999999999998,10
100.0,outage,cloud_only,p95_latency_ms,135.2665724940016,0.19679339930985243,135.16851899796166,135.3997086945601,10
100.0,outage,cloud_only,mean_latency_ms,49.73084060007194,0.5091561646489218,49.41484060007194,50.016840600071944,10
100.0,outage,cloud_only,usable_confidence_proxy,0.7004173790574073,0.00431390748861539,0.6979462876087279,0.7030408195195348,10
100.0,outage,cloud_only,bandwidth_per_1000_frames_kb,5088.3,178.20465762712263,4977.7,5188.4,10
100.0,outage,cloud_only,remote_output_share,0.0,0.0,0.0,0.0,10
100.0,outage,cloud_only,usable_output_rate,0.85462,0.005091561646489195,0.85176,0.85778,10
100.0,outage,cloud_only,reuse_rate,0.0,0.0,0.0,0.0,10
100.0,outage,cloud_only,remote_attempt_rate,0.14538,0.005091561646489215,0.14221999999999999,0.14823999999999998,10
100.0,outage,cloud_only,remote_accept_rate,0.0,0.0,0.0,0.0,10
100.0,outage,cloud_only,pct_local_fast,0.0,0.0,0.0,0.0,10
100.0,outage,cloud_only,pct_edge_accurate,100.0,0.0,100.0,100.0,10
100.0,outage,cloud_only,pct_hybrid,0.0,0.0,0.0,0.0,10
100.0,outage,cloud_only,pct_degraded_safe,0.0,0.0,0.0,0.0,10
100.0,outage,dapper,delivered_recall,0.22312617503747725,2.925694557147251e-17,0.22312617503747725,0.22312617503747725,10
100.0,outage,dapper,delivered_safety_recall,0.2623899935133486,5.851389114294502e-17,0.2623899935133486,0.2623899935133486,10
100.0,outage,dapper,delivered_recall_fresh_only,0.6372092380539722,1.1702778228589004e-16,0.6372092380539722,0.6372092380539722,10
100.0,outage,dapper,delivered_safety_recall_fresh_only,0.7374749060110022,1.1702778228589004e-16,0.7374749060110022,0.7374749060110022,10
100.0,outage,dapper,deadline_miss_rate,0.0,0.0,0.0,0.0,10
100.0,outage,dapper,p95_latency_ms,38.56224995979574,0.0,38.56224995979574,38.56224995979574,10
100.0,outage,dapper,mean_latency_ms,12.977344660132847,1.8724445165742407e-15,12.977344660132847,12.977344660132847,10
100.0,outage,dapper,usable_confidence_proxy,0.822597901660204,0.0,0.822597901660204,0.822597901660204,10
100.0,outage,dapper,bandwidth_per_1000_frames_kb,0.0,0.0,0.0,0.0,10
100.0,outage,dapper,remote_output_share,0.0,0.0,0.0,0.0,10
100.0,outage,dapper,usable_output_rate,0.3502,0.0,0.3502,0.3502,10
100.0,outage,dapper,reuse_rate,0.6498,0.0,0.6498,0.6498,10
100.0,outage,dapper,remote_attempt_rate,0.0,0.0,0.0,0.0,10
100.0,outage,dapper,remote_accept_rate,0.0,0.0,0.0,0.0,10
100.0,outage,dapper,pct_local_fast,29.894000000000005,0.25630710745770086,29.75,30.05,10
100.0,outage,dapper,pct_edge_accurate,0.0,0.0,0.0,0.0,10
100.0,outage,dapper,pct_hybrid,0.0,0.0,0.0,0.0,10
100.0,outage,dapper,pct_degraded_safe,70.10600000000001,0.2563071074577014,69.95,70.24999999999999,10
100.0,outage,deadline_greedy,delivered_recall,0.6391523349965231,0.0,0.6391523349965231,0.6391523349965231,10
100.0,outage,deadline_greedy,delivered_safety_recall,0.7365956065300292,0.0,0.7365956065300292,0.7365956065300292,10
100.0,outage,deadline_greedy,delivered_recall_fresh_only,0.6391523349965231,0.0,0.6391523349965231,0.6391523349965231,10
100.0,outage,deadline_greedy,delivered_safety_recall_fresh_only,0.7365956065300292,0.0,0.7365956065300292,0.7365956065300292,10
100.0,outage,deadline_greedy,deadline_miss_rate,0.0,0.0,0.0,0.0,10
100.0,outage,deadline_greedy,p95_latency_ms,45.673494995571694,7.489778066296963e-15,45.673494995571694,45.673494995571694,10
100.0,outage,deadline_greedy,mean_latency_ms,35.19284060007193,7.489778066296963e-15,35.19284060007193,35.19284060007193,10
100.0,outage,deadline_greedy,usable_confidence_proxy,0.8192857515573502,0.0,0.8192857515573502,0.8192857515573502,10
100.0,outage,deadline_greedy,bandwidth_per_1000_frames_kb,0.0,0.0,0.0,0.0,10
100.0,outage,deadline_greedy,remote_output_share,0.0,0.0,0.0,0.0,10
100.0,outage,deadline_greedy,usable_output_rate,1.0,0.0,1.0,1.0,10
100.0,outage,deadline_greedy,reuse_rate,0.0,0.0,0.0,0.0,10
100.0,outage,deadline_greedy,remote_attempt_rate,0.0,0.0,0.0,0.0,10
100.0,outage,deadline_greedy,remote_accept_rate,0.0,0.0,0.0,0.0,10
100.0,outage,deadline_greedy,pct_local_fast,100.0,0.0,100.0,100.0,10
100.0,outage,deadline_greedy,pct_edge_accurate,0.0,0.0,0.0,0.0,10
100.0,outage,deadline_greedy,pct_hybrid,0.0,0.0,0.0,0.0,10
100.0,outage,deadline_greedy,pct_degraded_safe,0.0,0.0,0.0,0.0,10
100.0,outage,confidence_deadline,delivered_recall,0.6391523349965231,0.0,0.6391523349965231,0.6391523349965231,10
100.0,outage,confidence_deadline,delivered_safety_recall,0.7365956065300292,0.0,0.7365956065300292,0.7365956065300292,10
100.0,outage,confidence_deadline,delivered_recall_fresh_only,0.6391523349965231,0.0,0.6391523349965231,0.6391523349965231,10
100.0,outage,confidence_deadline,delivered_safety_recall_fresh_only,0.7365956065300292,0.0,0.7365956065300292,0.7365956065300292,10
100.0,outage,confidence_deadline,deadline_miss_rate,0.0,0.0,0.0,0.0,10
100.0,outage,confidence_deadline,p95_latency_ms,45.673494995571694,7.489778066296963e-15,45.673494995571694,45.673494995571694,10
100.0,outage,confidence_deadline,mean_latency_ms,35.19284060007193,7.489778066296963e-15,35.19284060007193,35.19284060007193,10
100.0,outage,confidence_deadline,usable_confidence_proxy,0.8192857515573502,0.0,0.8192857515573502,0.8192857515573502,10
100.0,outage,confidence_deadline,bandwidth_per_1000_frames_kb,0.0,0.0,0.0,0.0,10
100.0,outage,confidence_deadline,remote_output_share,0.0,0.0,0.0,0.0,10
100.0,outage,confidence_deadline,usable_output_rate,1.0,0.0,1.0,1.0,10
100.0,outage,confidence_deadline,reuse_rate,0.0,0.0,0.0,0.0,10
100.0,outage,confidence_deadline,remote_attempt_rate,0.0,0.0,0.0,0.0,10
100.0,outage,confidence_deadline,remote_accept_rate,0.0,0.0,0.0,0.0,10
100.0,outage,confidence_deadline,pct_local_fast,100.0,0.0,100.0,100.0,10
100.0,outage,confidence_deadline,pct_edge_accurate,0.0,0.0,0.0,0.0,10
100.0,outage,confidence_deadline,pct_hybrid,0.0,0.0,0.0,0.0,10
100.0,outage,confidence_deadline,pct_degraded_safe,0.0,0.0,0.0,0.0,10
100.0,outage,oracle_feasible,delivered_recall,0.6391523349965231,0.0,0.6391523349965231,0.6391523349965231,10
100.0,outage,oracle_feasible,delivered_safety_recall,0.7365956065300292,0.0,0.7365956065300292,0.7365956065300292,10
100.0,outage,oracle_feasible,delivered_recall_fresh_only,0.6391523349965231,0.0,0.6391523349965231,0.6391523349965231,10
100.0,outage,oracle_feasible,delivered_safety_recall_fresh_only,0.7365956065300292,0.0,0.7365956065300292,0.7365956065300292,10
100.0,outage,oracle_feasible,deadline_miss_rate,0.0,0.0,0.0,0.0,10
100.0,outage,oracle_feasible,p95_latency_ms,45.673494995571694,7.489778066296963e-15,45.673494995571694,45.673494995571694,10
100.0,outage,oracle_feasible,mean_latency_ms,35.19284060007193,7.489778066296963e-15,35.19284060007193,35.19284060007193,10
100.0,outage,oracle_feasible,usable_confidence_proxy,0.8192857515573502,0.0,0.8192857515573502,0.8192857515573502,10
100.0,outage,oracle_feasible,bandwidth_per_1000_frames_kb,0.0,0.0,0.0,0.0,10
100.0,outage,oracle_feasible,remote_output_share,0.0,0.0,0.0,0.0,10
100.0,outage,oracle_feasible,usable_output_rate,1.0,0.0,1.0,1.0,10
100.0,outage,oracle_feasible,reuse_rate,0.0,0.0,0.0,0.0,10
100.0,outage,oracle_feasible,remote_attempt_rate,0.0,0.0,0.0,0.0,10
100.0,outage,oracle_feasible,remote_accept_rate,0.0,0.0,0.0,0.0,10
100.0,outage,oracle_feasible,pct_local_fast,100.0,0.0,100.0,100.0,10
100.0,outage,oracle_feasible,pct_edge_accurate,0.0,0.0,0.0,0.0,10
100.0,outage,oracle_feasible,pct_hybrid,0.0,0.0,0.0,0.0,10
100.0,outage,oracle_feasible,pct_degraded_safe,0.0,0.0,0.0,0.0,10
150.0,stable,local_only,delivered_recall,0.6391523349965231,0.0,0.6391523349965231,0.6391523349965231,10
150.0,stable,local_only,delivered_safety_recall,0.7365956065300292,0.0,0.7365956065300292,0.7365956065300292,10
150.0,stable,local_only,delivered_recall_fresh_only,0.6391523349965231,0.0,0.6391523349965231,0.6391523349965231,10
150.0,stable,local_only,delivered_safety_recall_fresh_only,0.7365956065300292,0.0,0.7365956065300292,0.7365956065300292,10
150.0,stable,local_only,deadline_miss_rate,0.0,0.0,0.0,0.0,10
150.0,stable,local_only,p95_latency_ms,45.673494995571694,7.489778066296963e-15,45.673494995571694,45.673494995571694,10
150.0,stable,local_only,mean_latency_ms,35.19284060007193,7.489778066296963e-15,35.19284060007193,35.19284060007193,10
150.0,stable,local_only,usable_confidence_proxy,0.8192857515573502,0.0,0.8192857515573502,0.8192857515573502,10
150.0,stable,local_only,bandwidth_per_1000_frames_kb,0.0,0.0,0.0,0.0,10
150.0,stable,local_only,remote_output_share,0.0,0.0,0.0,0.0,10
150.0,stable,local_only,usable_output_rate,1.0,0.0,1.0,1.0,10
150.0,stable,local_only,reuse_rate,0.0,0.0,0.0,0.0,10
150.0,stable,local_only,remote_attempt_rate,0.0,0.0,0.0,0.0,10
150.0,stable,local_only,remote_accept_rate,0.0,0.0,0.0,0.0,10
150.0,stable,local_only,pct_local_fast,100.0,0.0,100.0,100.0,10
150.0,stable,local_only,pct_edge_accurate,0.0,0.0,0.0,0.0,10
150.0,stable,local_only,pct_hybrid,0.0,0.0,0.0,0.0,10
150.0,stable,local_only,pct_degraded_safe,0.0,0.0,0.0,0.0,10
150.0,stable,edge_only,delivered_recall,0.7405561241751346,0.0006700851199004593,0.7401521990783004,0.7409476448314847,10
150.0,stable,edge_only,delivered_safety_recall,0.8165540041530045,0.0006821033640367525,0.8161457392886821,0.8169515709671472,10
150.0,stable,edge_only,delivered_recall_fresh_only,0.7466628204928228,0.0004025370336702363,0.746417184612688,0.7468913816419241,10
150.0,stable,edge_only,delivered_safety_recall_fresh_only,0.8226519445355492,0.00031130466172466615,0.8224761008029161,0.8228408599918752,10
150.0,stable,edge_only,deadline_miss_rate,0.00818,0.0008508818954473058,0.007680000000000001,0.0087,10
150.0,stable,edge_only,p95_latency_ms,37.80014370397932,0.1140964832270376,37.72552964623993,37.85811591782492,10
150.0,stable,edge_only,mean_latency_ms,35.05517218497492,0.14290046635761236,34.96896254977185,35.138137085590294,10
150.0,stable,edge_only,usable_confidence_proxy,0.8738125046908856,0.0007866674052972885,0.8733307179521322,0.8742737065283358,10
150.0,stable,edge_only,bandwidth_per_1000_frames_kb,25000.0,0.0,25000.0,25000.0,10
150.0,stable,edge_only,remote_output_share,0.9904,0.0009977753031396993,0.9898199999999999,0.9909800000000001,10
150.0,stable,edge_only,usable_output_rate,0.99182,0.0008508818954473146,0.9913000000000001,0.99232,10
150.0,stable,edge_only,reuse_rate,0.0,0.0,0.0,0.0,10
150.0,stable,edge_only,remote_attempt_rate,1.0,0.0,1.0,1.0,10
150.0,stable,edge_only,remote_accept_rate,0.9904,0.0009977753031396993,0.9898199999999999,0.9909800000000001,10
150.0,stable,edge_only,pct_local_fast,0.0,0.0,0.0,0.0,10
150.0,stable,edge_only,pct_edge_accurate,100.0,0.0,100.0,100.0,10
150.0,stable,edge_only,pct_hybrid,0.0,0.0,0.0,0.0,10
150.0,stable,edge_only,pct_degraded_safe,0.0,0.0,0.0,0.0,10
150.0,stable,cloud_only,delivered_recall,0.0,0.0,0.0,0.0,10
150.0,stable,cloud_only,delivered_safety_recall,0.0,0.0,0.0,0.0,10
150.0,stable,cloud_only,delivered_recall_fresh_only,,,,,0
150.0,stable,cloud_only,delivered_safety_recall_fresh_only,,,,,0
150.0,stable,cloud_only,deadline_miss_rate,1.0,0.0,1.0,1.0,10
150.0,stable,cloud_only,p95_latency_ms,195.6734949955717,0.0,195.6734949955717,195.6734949955717,10
150.0,stable,cloud_only,mean_latency_ms,185.19284060007197,2.995911226518785e-14,185.19284060007197,185.19284060007197,10
150.0,stable,cloud_only,usable_confidence_proxy,0.0,0.0,0.0,0.0,10
150.0,stable,cloud_only,bandwidth_per_1000_frames_kb,35000.0,0.0,35000.0,35000.0,10
150.0,stable,cloud_only,remote_output_share,0.0,0.0,0.0,0.0,10
150.0,stable,cloud_only,usable_output_rate,0.0,0.0,0.0,0.0,10
150.0,stable,cloud_only,reuse_rate,0.0,0.0,0.0,0.0,10
150.0,stable,cloud_only,remote_attempt_rate,1.0,0.0,1.0,1.0,10
150.0,stable,cloud_only,remote_accept_rate,0.0,0.0,0.0,0.0,10
150.0,stable,cloud_only,pct_local_fast,0.0,0.0,0.0,0.0,10
150.0,stable,cloud_only,pct_edge_accurate,100.0,0.0,100.0,100.0,10
150.0,stable,cloud_only,pct_hybrid,0.0,0.0,0.0,0.0,10
150.0,stable,cloud_only,pct_degraded_safe,0.0,0.0,0.0,0.0,10
150.0,stable,dapper,delivered_recall,0.672982681539627,0.0004925985605412549,0.672684125741778,0.6732728372316659,10
150.0,stable,dapper,delivered_safety_recall,0.7611959388838002,0.0003359992920822817,0.7609808832558403,0.7613694258584159,10
150.0,stable,dapper,delivered_recall_fresh_only,0.6741944014067538,0.0002674116697759701,0.6740396215601517,0.6743551284436711,10
150.0,stable,dapper,delivered_safety_recall_fresh_only,0.7620946476353406,0.0001657043522636169,0.7620015733064555,0.76219704932964,10
150.0,stable,dapper,deadline_miss_rate,0.0018599999999999999,0.0006257440016137235,0.00146,0.0021999999999999997,10
150.0,stable,dapper,p95_latency_ms,44.218299497733824,0.08808210447302883,44.16568288335112,44.26849231620145,10
150.0,stable,dapper,mean_latency_ms,35.1080302964362,0.07269736717289985,35.06288906563679,35.14683295098524,10
150.0,stable,dapper,usable_confidence_proxy,0.8584157974040508,0.0005279027039840814,0.8581283554524184,0.8587500096321701,10
150.0,stable,dapper,bandwidth_per_1000_frames_kb,5595.0,0.0,5595.0,5595.0,10
150.0,stable,dapper,remote_output_share,0.22157999999999997,0.0006142746399887661,0.22124000000000002,0.22196,10
150.0,stable,dapper,usable_output_rate,0.99814,0.0006257440016137109,0.9978000000000001,0.99854,10
150.0,stable,dapper,reuse_rate,0.0,0.0,0.0,0.0,10
150.0,stable,dapper,remote_attempt_rate,0.22379999999999994,5.851389114294502e-17,0.22379999999999994,0.22379999999999994,10
150.0,stable,dapper,remote_accept_rate,0.9900804289544236,0.0027447481679569734,0.9885612153708667,0.9917783735478105,10
150.0,stable,dapper,pct_local_fast,77.62,0.0,77.62,77.62,10
150.0,stable,dapper,pct_edge_accurate,22.38,0.0,22.38,22.38,10
150.0,stable,dapper,pct_hybrid,0.0,0.0,0.0,0.0,10
150.0,stable,dapper,pct_degraded_safe,0.0,0.0,0.0,0.0,10
150.0,stable,deadline_greedy,delivered_recall,0.6391523349965231,0.0,0.6391523349965231,0.6391523349965231,10
150.0,stable,deadline_greedy,delivered_safety_recall,0.7365956065300292,0.0,0.7365956065300292,0.7365956065300292,10
150.0,stable,deadline_greedy,delivered_recall_fresh_only,0.6391523349965231,0.0,0.6391523349965231,0.6391523349965231,10
150.0,stable,deadline_greedy,delivered_safety_recall_fresh_only,0.7365956065300292,0.0,0.7365956065300292,0.7365956065300292,10
150.0,stable,deadline_greedy,deadline_miss_rate,0.0,0.0,0.0,0.0,10
150.0,stable,deadline_greedy,p95_latency_ms,45.673494995571694,7.489778066296963e-15,45.673494995571694,45.673494995571694,10
150.0,stable,deadline_greedy,mean_latency_ms,35.19284060007193,7.489778066296963e-15,35.19284060007193,35.19284060007193,10
150.0,stable,deadline_greedy,usable_confidence_proxy,0.8192857515573502,0.0,0.8192857515573502,0.8192857515573502,10
150.0,stable,deadline_greedy,bandwidth_per_1000_frames_kb,0.0,0.0,0.0,0.0,10
150.0,stable,deadline_greedy,remote_output_share,0.0,0.0,0.0,0.0,10
150.0,stable,deadline_greedy,usable_output_rate,1.0,0.0,1.0,1.0,10
150.0,stable,deadline_greedy,reuse_rate,0.0,0.0,0.0,0.0,10
150.0,stable,deadline_greedy,remote_attempt_rate,0.0,0.0,0.0,0.0,10
150.0,stable,deadline_greedy,remote_accept_rate,0.0,0.0,0.0,0.0,10
150.0,stable,deadline_greedy,pct_local_fast,100.0,0.0,100.0,100.0,10
150.0,stable,deadline_greedy,pct_edge_accurate,0.0,0.0,0.0,0.0,10
150.0,stable,deadline_greedy,pct_hybrid,0.0,0.0,0.0,0.0,10
150.0,stable,deadline_greedy,pct_degraded_safe,0.0,0.0,0.0,0.0,10
150.0,stable,confidence_deadline,delivered_recall,0.6391523349965231,0.0,0.6391523349965231,0.6391523349965231,10
150.0,stable,confidence_deadline,delivered_safety_recall,0.7365956065300292,0.0,0.7365956065300292,0.7365956065300292,10
150.0,stable,confidence_deadline,delivered_recall_fresh_only,0.6391523349965231,0.0,0.6391523349965231,0.6391523349965231,10
150.0,stable,confidence_deadline,delivered_safety_recall_fresh_only,0.7365956065300292,0.0,0.7365956065300292,0.7365956065300292,10
150.0,stable,confidence_deadline,deadline_miss_rate,0.0,0.0,0.0,0.0,10
150.0,stable,confidence_deadline,p95_latency_ms,45.673494995571694,7.489778066296963e-15,45.673494995571694,45.673494995571694,10
150.0,stable,confidence_deadline,mean_latency_ms,35.19284060007193,7.489778066296963e-15,35.19284060007193,35.19284060007193,10
150.0,stable,confidence_deadline,usable_confidence_proxy,0.8192857515573502,0.0,0.8192857515573502,0.8192857515573502,10
150.0,stable,confidence_deadline,bandwidth_per_1000_frames_kb,0.0,0.0,0.0,0.0,10
150.0,stable,confidence_deadline,remote_output_share,0.0,0.0,0.0,0.0,10
150.0,stable,confidence_deadline,usable_output_rate,1.0,0.0,1.0,1.0,10
150.0,stable,confidence_deadline,reuse_rate,0.0,0.0,0.0,0.0,10
150.0,stable,confidence_deadline,remote_attempt_rate,0.0,0.0,0.0,0.0,10
150.0,stable,confidence_deadline,remote_accept_rate,0.0,0.0,0.0,0.0,10
150.0,stable,confidence_deadline,pct_local_fast,100.0,0.0,100.0,100.0,10
150.0,stable,confidence_deadline,pct_edge_accurate,0.0,0.0,0.0,0.0,10
150.0,stable,confidence_deadline,pct_hybrid,0.0,0.0,0.0,0.0,10
150.0,stable,confidence_deadline,pct_degraded_safe,0.0,0.0,0.0,0.0,10
150.0,stable,oracle_feasible,delivered_recall,0.7343209583351017,0.0002387589176580902,0.7341861123145837,0.7344747656299971,10
150.0,stable,oracle_feasible,delivered_safety_recall,0.8137841653312693,0.0004598118734210021,0.8135159937834742,0.8140475415034165,10
150.0,stable,oracle_feasible,delivered_recall_fresh_only,0.7343209583351017,0.0002387589176580902,0.7341861123145837,0.7344747656299971,10
150.0,stable,oracle_feasible,delivered_safety_recall_fresh_only,0.8137841653312693,0.0004598118734210021,0.8135159937834742,0.8140475415034165,10
150.0,stable,oracle_feasible,deadline_miss_rate,0.0,0.0,0.0,0.0,10
150.0,stable,oracle_feasible,p95_latency_ms,38.0547747058901,0.08201509710765689,38.00382879270376,38.099469805285906,10
150.0,stable,oracle_feasible,mean_latency_ms,34.06247563491717,0.05279636081832265,34.02991564195682,34.09099722544641,10
150.0,stable,oracle_feasible,usable_confidence_proxy,0.8880200751972198,0.00022464020780409437,0.887884915864706,0.8881519623500557,10
150.0,stable,oracle_feasible,bandwidth_per_1000_frames_kb,21074.0,22.335820757001272,21061.0,21087.5,10
150.0,stable,oracle_feasible,remote_output_share,0.84296,0.000893432830280069,0.8424400000000001,0.8435,10
150.0,stable,oracle_feasible,usable_output_rate,1.0,0.0,1.0,1.0,10
150.0,stable,oracle_feasible,reuse_rate,0.0,0.0,0.0,0.0,10
150.0,stable,oracle_feasible,remote_attempt_rate,0.84296,0.000893432830280069,0.8424400000000001,0.8435,10
150.0,stable,oracle_feasible,remote_accept_rate,1.0,0.0,1.0,1.0,10
150.0,stable,oracle_feasible,pct_local_fast,15.703999999999999,0.08934328302800525,15.65,15.756,10
150.0,stable,oracle_feasible,pct_edge_accurate,84.296,0.08934328302800441,84.244,84.35,10
150.0,stable,oracle_feasible,pct_hybrid,0.0,0.0,0.0,0.0,10
150.0,stable,oracle_feasible,pct_degraded_safe,0.0,0.0,0.0,0.0,10
150.0,congested,local_only,delivered_recall,0.6391523349965231,0.0,0.6391523349965231,0.6391523349965231,10
150.0,congested,local_only,delivered_safety_recall,0.7365956065300292,0.0,0.7365956065300292,0.7365956065300292,10
150.0,congested,local_only,delivered_recall_fresh_only,0.6391523349965231,0.0,0.6391523349965231,0.6391523349965231,10
150.0,congested,local_only,delivered_safety_recall_fresh_only,0.7365956065300292,0.0,0.7365956065300292,0.7365956065300292,10
150.0,congested,local_only,deadline_miss_rate,0.0,0.0,0.0,0.0,10
150.0,congested,local_only,p95_latency_ms,45.673494995571694,7.489778066296963e-15,45.673494995571694,45.673494995571694,10
150.0,congested,local_only,mean_latency_ms,35.19284060007193,7.489778066296963e-15,35.19284060007193,35.19284060007193,10
150.0,congested,local_only,usable_confidence_proxy,0.8192857515573502,0.0,0.8192857515573502,0.8192857515573502,10
150.0,congested,local_only,bandwidth_per_1000_frames_kb,0.0,0.0,0.0,0.0,10
150.0,congested,local_only,remote_output_share,0.0,0.0,0.0,0.0,10
150.0,congested,local_only,usable_output_rate,1.0,0.0,1.0,1.0,10
150.0,congested,local_only,reuse_rate,0.0,0.0,0.0,0.0,10
150.0,congested,local_only,remote_attempt_rate,0.0,0.0,0.0,0.0,10
150.0,congested,local_only,remote_accept_rate,0.0,0.0,0.0,0.0,10
150.0,congested,local_only,pct_local_fast,100.0,0.0,100.0,100.0,10
150.0,congested,local_only,pct_edge_accurate,0.0,0.0,0.0,0.0,10
150.0,congested,local_only,pct_hybrid,0.0,0.0,0.0,0.0,10
150.0,congested,local_only,pct_degraded_safe,0.0,0.0,0.0,0.0,10
150.0,congested,edge_only,delivered_recall,0.698133551994867,0.0020153204012899775,0.6969513606908672,0.6993180837986125,10
150.0,congested,edge_only,delivered_safety_recall,0.769024789098777,0.003391951851094888,0.767070478390356,0.7710688130819516,10
150.0,congested,edge_only,delivered_recall_fresh_only,0.7468329743486444,0.000887010100422246,0.7462989181518431,0.7473369873036764,10
150.0,congested,edge_only,delivered_safety_recall_fresh_only,0.8231930427663613,0.0009217291510193887,0.8226056816864826,0.8236834490655248,10
150.0,congested,edge_only,deadline_miss_rate,0.06544,0.002954168429712682,0.06373999999999999,0.06720000000000001,10
150.0,congested,edge_only,p95_latency_ms,182.3779114917852,0.31750625726294074,182.1875543287315,182.5652163160412,10
150.0,congested,edge_only,mean_latency_ms,87.44105606869273,0.5060868590077721,87.136227834143,87.73166752790853,10
150.0,congested,edge_only,usable_confidence_proxy,0.8235514102375507,0.0027945180770497153,0.8219260747100116,0.8251761709327698,10
150.0,congested,edge_only,bandwidth_per_1000_frames_kb,25000.0,0.0,25000.0,25000.0,10
150.0,congested,edge_only,remote_output_share,0.9345600000000001,0.0029541684297126787,0.9328000000000001,0.9362600000000001,10
150.0,congested,edge_only,usable_output_rate,0.9345600000000001,0.0029541684297126787,0.9328000000000001,0.9362600000000001,10
150.0,congested,edge_only,reuse_rate,0.0,0.0,0.0,0.0,10
150.0,congested,edge_only,remote_attempt_rate,1.0,0.0,1.0,1.0,10
150.0,congested,edge_only,remote_accept_rate,0.9345600000000001,0.0029541684297126787,0.9328000000000001,0.9362600000000001,10
150.0,congested,edge_only,pct_local_fast,0.0,0.0,0.0,0.0,10
150.0,congested,edge_only,pct_edge_accurate,100.0,0.0,100.0,100.0,10
150.0,congested,edge_only,pct_hybrid,0.0,0.0,0.0,0.0,10
150.0,congested,edge_only,pct_degraded_safe,0.0,0.0,0.0,0.0,10
150.0,congested,cloud_only,delivered_recall,0.0,0.0,0.0,0.0,10
150.0,congested,cloud_only,delivered_safety_recall,0.0,0.0,0.0,0.0,10
150.0,congested,cloud_only,delivered_recall_fresh_only,,,,,0
150.0,congested,cloud_only,delivered_safety_recall_fresh_only,,,,,0
150.0,congested,cloud_only,deadline_miss_rate,1.0,0.0,1.0,1.0,10
150.0,congested,cloud_only,p95_latency_ms,195.6734949955717,0.0,195.6734949955717,195.6734949955717,10
150.0,congested,cloud_only,mean_latency_ms,185.19284060007197,2.995911226518785e-14,185.19284060007197,185.19284060007197,10
150.0,congested,cloud_only,usable_confidence_proxy,0.0,0.0,0.0,0.0,10
150.0,congested,cloud_only,bandwidth_per_1000_frames_kb,35000.0,0.0,35000.0,35000.0,10
150.0,congested,cloud_only,remote_output_share,0.0,0.0,0.0,0.0,10
150.0,congested,cloud_only,usable_output_rate,0.0,0.0,0.0,0.0,10
150.0,congested,cloud_only,reuse_rate,0.0,0.0,0.0,0.0,10
150.0,congested,cloud_only,remote_attempt_rate,1.0,0.0,1.0,1.0,10
150.0,congested,cloud_only,remote_accept_rate,0.0,0.0,0.0,0.0,10
150.0,congested,cloud_only,pct_local_fast,0.0,0.0,0.0,0.0,10
150.0,congested,cloud_only,pct_edge_accurate,100.0,0.0,100.0,100.0,10
150.0,congested,cloud_only,pct_hybrid,0.0,0.0,0.0,0.0,10
150.0,congested,cloud_only,pct_degraded_safe,0.0,0.0,0.0,0.0,10
150.0,congested,dapper,delivered_recall,0.6391523349965231,0.0,0.6391523349965231,0.6391523349965231,10
150.0,congested,dapper,delivered_safety_recall,0.7365956065300292,0.0,0.7365956065300292,0.7365956065300292,10
150.0,congested,dapper,delivered_recall_fresh_only,0.6391523349965231,0.0,0.6391523349965231,0.6391523349965231,10
150.0,congested,dapper,delivered_safety_recall_fresh_only,0.7365956065300292,0.0,0.7365956065300292,0.7365956065300292,10
150.0,congested,dapper,deadline_miss_rate,0.0,0.0,0.0,0.0,10
150.0,congested,dapper,p95_latency_ms,45.673494995571694,7.489778066296963e-15,45.673494995571694,45.673494995571694,10
150.0,congested,dapper,mean_latency_ms,35.19284060007193,7.489778066296963e-15,35.19284060007193,35.19284060007193,10
150.0,congested,dapper,usable_confidence_proxy,0.8192897540175915,1.2656890606821539e-05,0.8192857515573502,0.8192977589380742,10
150.0,congested,dapper,bandwidth_per_1000_frames_kb,0.5,1.5811388300841898,0.0,1.5,10
150.0,congested,dapper,remote_output_share,2e-05,6.324555320336758e-05,0.0,6.000000000000001e-05,10
150.0,congested,dapper,usable_output_rate,1.0,0.0,1.0,1.0,10
150.0,congested,dapper,reuse_rate,0.0,0.0,0.0,0.0,10
150.0,congested,dapper,remote_attempt_rate,2e-05,6.324555320336758e-05,0.0,6.000000000000001e-05,10
150.0,congested,dapper,remote_accept_rate,0.1,0.31622776601683794,0.0,0.3,10
150.0,congested,dapper,pct_local_fast,99.998,0.0063245553203355,99.994,100.0,10
150.0,congested,dapper,pct_edge_accurate,0.0,0.0,0.0,0.0,10
150.0,congested,dapper,pct_hybrid,0.002,0.006324555320336759,0.0,0.006,10
150.0,congested,dapper,pct_degraded_safe,0.0,0.0,0.0,0.0,10
150.0,congested,deadline_greedy,delivered_recall,0.6391523349965231,0.0,0.6391523349965231,0.6391523349965231,10
150.0,congested,deadline_greedy,delivered_safety_recall,0.7365956065300292,0.0,0.7365956065300292,0.7365956065300292,10
150.0,congested,deadline_greedy,delivered_recall_fresh_only,0.6391523349965231,0.0,0.6391523349965231,0.6391523349965231,10
150.0,congested,deadline_greedy,delivered_safety_recall_fresh_only,0.7365956065300292,0.0,0.7365956065300292,0.7365956065300292,10
150.0,congested,deadline_greedy,deadline_miss_rate,0.0,0.0,0.0,0.0,10
150.0,congested,deadline_greedy,p95_latency_ms,45.673494995571694,7.489778066296963e-15,45.673494995571694,45.673494995571694,10
150.0,congested,deadline_greedy,mean_latency_ms,35.19284060007193,7.489778066296963e-15,35.19284060007193,35.19284060007193,10
150.0,congested,deadline_greedy,usable_confidence_proxy,0.8192857515573502,0.0,0.8192857515573502,0.8192857515573502,10
150.0,congested,deadline_greedy,bandwidth_per_1000_frames_kb,0.0,0.0,0.0,0.0,10
150.0,congested,deadline_greedy,remote_output_share,0.0,0.0,0.0,0.0,10
150.0,congested,deadline_greedy,usable_output_rate,1.0,0.0,1.0,1.0,10
150.0,congested,deadline_greedy,reuse_rate,0.0,0.0,0.0,0.0,10
150.0,congested,deadline_greedy,remote_attempt_rate,0.0,0.0,0.0,0.0,10
150.0,congested,deadline_greedy,remote_accept_rate,0.0,0.0,0.0,0.0,10
150.0,congested,deadline_greedy,pct_local_fast,100.0,0.0,100.0,100.0,10
150.0,congested,deadline_greedy,pct_edge_accurate,0.0,0.0,0.0,0.0,10
150.0,congested,deadline_greedy,pct_hybrid,0.0,0.0,0.0,0.0,10
150.0,congested,deadline_greedy,pct_degraded_safe,0.0,0.0,0.0,0.0,10
150.0,congested,confidence_deadline,delivered_recall,0.6391523349965231,0.0,0.6391523349965231,0.6391523349965231,10
150.0,congested,confidence_deadline,delivered_safety_recall,0.7365956065300292,0.0,0.7365956065300292,0.7365956065300292,10
150.0,congested,confidence_deadline,delivered_recall_fresh_only,0.6391523349965231,0.0,0.6391523349965231,0.6391523349965231,10
150.0,congested,confidence_deadline,delivered_safety_recall_fresh_only,0.7365956065300292,0.0,0.7365956065300292,0.7365956065300292,10
150.0,congested,confidence_deadline,deadline_miss_rate,0.0,0.0,0.0,0.0,10
150.0,congested,confidence_deadline,p95_latency_ms,45.673494995571694,7.489778066296963e-15,45.673494995571694,45.673494995571694,10
150.0,congested,confidence_deadline,mean_latency_ms,35.19284060007193,7.489778066296963e-15,35.19284060007193,35.19284060007193,10
150.0,congested,confidence_deadline,usable_confidence_proxy,0.8192857515573502,0.0,0.8192857515573502,0.8192857515573502,10
150.0,congested,confidence_deadline,bandwidth_per_1000_frames_kb,0.0,0.0,0.0,0.0,10
150.0,congested,confidence_deadline,remote_output_share,0.0,0.0,0.0,0.0,10
150.0,congested,confidence_deadline,usable_output_rate,1.0,0.0,1.0,1.0,10
150.0,congested,confidence_deadline,reuse_rate,0.0,0.0,0.0,0.0,10
150.0,congested,confidence_deadline,remote_attempt_rate,0.0,0.0,0.0,0.0,10
150.0,congested,confidence_deadline,remote_accept_rate,0.0,0.0,0.0,0.0,10
150.0,congested,confidence_deadline,pct_local_fast,100.0,0.0,100.0,100.0,10
150.0,congested,confidence_deadline,pct_edge_accurate,0.0,0.0,0.0,0.0,10
150.0,congested,confidence_deadline,pct_hybrid,0.0,0.0,0.0,0.0,10
150.0,congested,confidence_deadline,pct_degraded_safe,0.0,0.0,0.0,0.0,10
150.0,congested,oracle_feasible,delivered_recall,0.7207475735701766,0.0018651831447853433,0.7195568616339113,0.7217786709167353,10
150.0,congested,oracle_feasible,delivered_safety_recall,0.7994241247218017,0.0027462451743771607,0.7978103748280452,0.8010319201673365,10
150.0,congested,oracle_feasible,delivered_recall_fresh_only,0.730228802925716,0.0006460722817547203,0.7298435529255716,0.7306001225922452,10
150.0,congested,oracle_feasible,delivered_safety_recall_fresh_only,0.8102053200957748,0.0010967781090070942,0.8095762009800987,0.8108489646775858,10
150.0,congested,oracle_feasible,deadline_miss_rate,0.01286,0.0020178095934838738,0.01172,0.014100499999999993,10
150.0,congested,oracle_feasible,p95_latency_ms,94.10612248653933,0.4925743334887905,93.82840848850336,94.40664476937941,10
150.0,congested,oracle_feasible,mean_latency_ms,73.19733987029804,0.32285195847310755,73.01743923289662,73.39278247219785,10
150.0,congested,oracle_feasible,usable_confidence_proxy,0.8736463288110494,0.002069651259386735,0.8723689215248228,0.8747829487851113,10
150.0,congested,oracle_feasible,bandwidth_per_1000_frames_kb,20214.0,57.532599454570104,20182.5,20250.0125,10
150.0,congested,oracle_feasible,remote_output_share,0.7957,0.003207283377979971,0.79382,0.79758,10
150.0,congested,oracle_feasible,usable_output_rate,0.9871399999999999,0.002017809593483877,0.9858994999999998,0.9882800000000002,10
150.0,congested,oracle_feasible,reuse_rate,0.0,0.0,0.0,0.0,10
150.0,congested,oracle_feasible,remote_attempt_rate,0.80856,0.0023013039781827954,0.8073,0.8100004999999999,10
150.0,congested,oracle_feasible,remote_accept_rate,0.9840944322637789,0.002500847436229913,0.9825426936587736,0.9855042679694499,10
150.0,congested,oracle_feasible,pct_local_fast,19.144,0.23013039781828035,18.99995,19.27,10
150.0,congested,oracle_feasible,pct_edge_accurate,80.85600000000001,0.23013039781828024,80.72999999999999,81.00005000000002,10
150.0,congested,oracle_feasible,pct_hybrid,0.0,0.0,0.0,0.0,10
150.0,congested,oracle_feasible,pct_degraded_safe,0.0,0.0,0.0,0.0,10
150.0,lossy,local_only,delivered_recall,0.6391523349965231,0.0,0.6391523349965231,0.6391523349965231,10
150.0,lossy,local_only,delivered_safety_recall,0.7365956065300292,0.0,0.7365956065300292,0.7365956065300292,10
150.0,lossy,local_only,delivered_recall_fresh_only,0.6391523349965231,0.0,0.6391523349965231,0.6391523349965231,10
150.0,lossy,local_only,delivered_safety_recall_fresh_only,0.7365956065300292,0.0,0.7365956065300292,0.7365956065300292,10
150.0,lossy,local_only,deadline_miss_rate,0.0,0.0,0.0,0.0,10
150.0,lossy,local_only,p95_latency_ms,45.673494995571694,7.489778066296963e-15,45.673494995571694,45.673494995571694,10
150.0,lossy,local_only,mean_latency_ms,35.19284060007193,7.489778066296963e-15,35.19284060007193,35.19284060007193,10
150.0,lossy,local_only,usable_confidence_proxy,0.8192857515573502,0.0,0.8192857515573502,0.8192857515573502,10
150.0,lossy,local_only,bandwidth_per_1000_frames_kb,0.0,0.0,0.0,0.0,10
150.0,lossy,local_only,remote_output_share,0.0,0.0,0.0,0.0,10
150.0,lossy,local_only,usable_output_rate,1.0,0.0,1.0,1.0,10
150.0,lossy,local_only,reuse_rate,0.0,0.0,0.0,0.0,10
150.0,lossy,local_only,remote_attempt_rate,0.0,0.0,0.0,0.0,10
150.0,lossy,local_only,remote_accept_rate,0.0,0.0,0.0,0.0,10
150.0,lossy,local_only,pct_local_fast,100.0,0.0,100.0,100.0,10
150.0,lossy,local_only,pct_edge_accurate,0.0,0.0,0.0,0.0,10
150.0,lossy,local_only,pct_hybrid,0.0,0.0,0.0,0.0,10
150.0,lossy,local_only,pct_degraded_safe,0.0,0.0,0.0,0.0,10
150.0,lossy,edge_only,delivered_recall,0.5999548699314682,0.0027229566461037455,0.5983802414792461,0.601562864081675,10
150.0,lossy,edge_only,delivered_safety_recall,0.660785773174414,0.003175556176749076,0.658995896929596,0.6626147106333737,10
150.0,lossy,edge_only,delivered_recall_fresh_only,0.7472709165059539,0.0014918571087686112,0.7463506464927736,0.7481181657898801,10
150.0,lossy,edge_only,delivered_safety_recall_fresh_only,0.8233905612979587,0.002553063838014284,0.8219821688307524,0.8249546013238708,10
150.0,lossy,edge_only,deadline_miss_rate,0.1974,0.004784233364802444,0.1943995,0.20004049999999998,10
150.0,lossy,edge_only,p95_latency_ms,175.95605380391697,0.2918620398864157,175.79060329243566,176.13205755975804,10
150.0,lossy,edge_only,mean_latency_ms,73.66394812325487,0.6168138393098868,73.27930756369636,74.00207362455913,10
150.0,lossy,edge_only,usable_confidence_proxy,0.7070586374878883,0.003951311496532042,0.7048230417944938,0.7094756954187155,10
150.0,lossy,edge_only,bandwidth_per_1000_frames_kb,25000.0,0.0,25000.0,25000.0,10
150.0,lossy,edge_only,remote_output_share,0.8026,0.0047842333648024545,0.7999595,0.8056005,10
150.0,lossy,edge_only,usable_output_rate,0.8026,0.0047842333648024545,0.7999595,0.8056005,10
150.0,lossy,edge_only,reuse_rate,0.0,0.0,0.0,0.0,10
150.0,lossy,edge_only,remote_attempt_rate,1.0,0.0,1.0,1.0,10
150.0,lossy,edge_only,remote_accept_rate,0.8026,0.0047842333648024545,0.7999595,0.8056005,10
150.0,lossy,edge_only,pct_local_fast,0.0,0.0,0.0,0.0,10
150.0,lossy,edge_only,pct_edge_accurate,100.0,0.0,100.0,100.0,10
150.0,lossy,edge_only,pct_hybrid,0.0,0.0,0.0,0.0,10
150.0,lossy,edge_only,pct_degraded_safe,0.0,0.0,0.0,0.0,10
150.0,lossy,cloud_only,delivered_recall,0.0,0.0,0.0,0.0,10
150.0,lossy,cloud_only,delivered_safety_recall,0.0,0.0,0.0,0.0,10
150.0,lossy,cloud_only,delivered_recall_fresh_only,,,,,0
150.0,lossy,cloud_only,delivered_safety_recall_fresh_only,,,,,0
150.0,lossy,cloud_only,deadline_miss_rate,1.0,0.0,1.0,1.0,10
150.0,lossy,cloud_only,p95_latency_ms,195.6734949955717,0.0,195.6734949955717,195.6734949955717,10
150.0,lossy,cloud_only,mean_latency_ms,185.19284060007197,2.995911226518785e-14,185.19284060007197,185.19284060007197,10
150.0,lossy,cloud_only,usable_confidence_proxy,0.0,0.0,0.0,0.0,10
150.0,lossy,cloud_only,bandwidth_per_1000_frames_kb,35000.0,0.0,35000.0,35000.0,10
150.0,lossy,cloud_only,remote_output_share,0.0,0.0,0.0,0.0,10
150.0,lossy,cloud_only,usable_output_rate,0.0,0.0,0.0,0.0,10
150.0,lossy,cloud_only,reuse_rate,0.0,0.0,0.0,0.0,10
150.0,lossy,cloud_only,remote_attempt_rate,1.0,0.0,1.0,1.0,10
150.0,lossy,cloud_only,remote_accept_rate,0.0,0.0,0.0,0.0,10
150.0,lossy,cloud_only,pct_local_fast,0.0,0.0,0.0,0.0,10
150.0,lossy,cloud_only,pct_edge_accurate,100.0,0.0,100.0,100.0,10
150.0,lossy,cloud_only,pct_hybrid,0.0,0.0,0.0,0.0,10
150.0,lossy,cloud_only,pct_degraded_safe,0.0,0.0,0.0,0.0,10
150.0,lossy,dapper,delivered_recall,0.652255048882084,0.0012113019184526368,0.6515653888303472,0.6530073042886947,10
150.0,lossy,dapper,delivered_safety_recall,0.7451271456190343,0.0015447907246093392,0.7442308869847822,0.7460381043530083,10
150.0,lossy,dapper,delivered_recall_fresh_only,0.6725755867518736,0.0012658270404731734,0.6717759848186817,0.673271334029196,10
150.0,lossy,dapper,delivered_safety_recall_fresh_only,0.7617074569064658,0.0013050947991385998,0.7608789622324966,0.7624028351276912,10
150.0,lossy,dapper,deadline_miss_rate,0.0313,0.002648689403375857,0.02966,0.032740000000000005,10
150.0,lossy,dapper,p95_latency_ms,51.40097845147343,0.2150578647919491,51.27839977771718,51.52230658180207,10
150.0,lossy,dapper,mean_latency_ms,40.953901286588184,0.3313428414153903,40.750273657027584,41.13550600852138,10
150.0,lossy,dapper,usable_confidence_proxy,0.8331247447896004,0.0015854983054672392,0.8322523884820789,0.8341083772014082,10
150.0,lossy,dapper,bandwidth_per_1000_frames_kb,5453.0,30.203016773531452,5435.0,5470.0,10
150.0,lossy,dapper,remote_output_share,0.17548,0.0012585706178041853,0.17478,0.17624,10
150.0,lossy,dapper,usable_output_rate,0.9686999999999999,0.00264868940337586,0.9672599999999999,0.97034,10
150.0,lossy,dapper,reuse_rate,0.0,0.0,0.0,0.0,10
150.0,lossy,dapper,remote_attempt_rate,0.21812,0.0012081206709412596,0.21739999999999998,0.21880000000000002,10
150.0,lossy,dapper,remote_accept_rate,0.8045512060017848,0.009211964854436887,0.7993673324685266,0.8100731738983468,10
150.0,lossy,dapper,pct_local_fast,78.188,0.1208120670941278,78.12,78.26,10
150.0,lossy,dapper,pct_edge_accurate,15.931999999999999,0.5028098823390182,15.626000000000001,16.2,10
150.0,lossy,dapper,pct_hybrid,5.88,0.489171635409177,5.612,6.1739999999999995,10
150.0,lossy,dapper,pct_degraded_safe,0.0,0.0,0.0,0.0,10
150.0,lossy,deadline_greedy,delivered_recall,0.6391523349965231,0.0,0.6391523349965231,0.6391523349965231,10
150.0,lossy,deadline_greedy,delivered_safety_recall,0.7365956065300292,0.0,0.7365956065300292,0.7365956065300292,10
150.0,lossy,deadline_greedy,delivered_recall_fresh_only,0.6391523349965231,0.0,0.6391523349965231,0.6391523349965231,10
150.0,lossy,deadline_greedy,delivered_safety_recall_fresh_only,0.7365956065300292,0.0,0.7365956065300292,0.7365956065300292,10
150.0,lossy,deadline_greedy,deadline_miss_rate,0.0,0.0,0.0,0.0,10
150.0,lossy,deadline_greedy,p95_latency_ms,45.673494995571694,7.489778066296963e-15,45.673494995571694,45.673494995571694,10
150.0,lossy,deadline_greedy,mean_latency_ms,35.19284060007193,7.489778066296963e-15,35.19284060007193,35.19284060007193,10
150.0,lossy,deadline_greedy,usable_confidence_proxy,0.8192857515573502,0.0,0.8192857515573502,0.8192857515573502,10
150.0,lossy,deadline_greedy,bandwidth_per_1000_frames_kb,0.0,0.0,0.0,0.0,10
150.0,lossy,deadline_greedy,remote_output_share,0.0,0.0,0.0,0.0,10
150.0,lossy,deadline_greedy,usable_output_rate,1.0,0.0,1.0,1.0,10
150.0,lossy,deadline_greedy,reuse_rate,0.0,0.0,0.0,0.0,10
150.0,lossy,deadline_greedy,remote_attempt_rate,0.0,0.0,0.0,0.0,10
150.0,lossy,deadline_greedy,remote_accept_rate,0.0,0.0,0.0,0.0,10
150.0,lossy,deadline_greedy,pct_local_fast,100.0,0.0,100.0,100.0,10
150.0,lossy,deadline_greedy,pct_edge_accurate,0.0,0.0,0.0,0.0,10
150.0,lossy,deadline_greedy,pct_hybrid,0.0,0.0,0.0,0.0,10
150.0,lossy,deadline_greedy,pct_degraded_safe,0.0,0.0,0.0,0.0,10
150.0,lossy,confidence_deadline,delivered_recall,0.6391523349965231,0.0,0.6391523349965231,0.6391523349965231,10
150.0,lossy,confidence_deadline,delivered_safety_recall,0.7365956065300292,0.0,0.7365956065300292,0.7365956065300292,10
150.0,lossy,confidence_deadline,delivered_recall_fresh_only,0.6391523349965231,0.0,0.6391523349965231,0.6391523349965231,10
150.0,lossy,confidence_deadline,delivered_safety_recall_fresh_only,0.7365956065300292,0.0,0.7365956065300292,0.7365956065300292,10
150.0,lossy,confidence_deadline,deadline_miss_rate,0.0,0.0,0.0,0.0,10
150.0,lossy,confidence_deadline,p95_latency_ms,45.673494995571694,7.489778066296963e-15,45.673494995571694,45.673494995571694,10
150.0,lossy,confidence_deadline,mean_latency_ms,35.19284060007193,7.489778066296963e-15,35.19284060007193,35.19284060007193,10
150.0,lossy,confidence_deadline,usable_confidence_proxy,0.8192857515573502,0.0,0.8192857515573502,0.8192857515573502,10
150.0,lossy,confidence_deadline,bandwidth_per_1000_frames_kb,0.0,0.0,0.0,0.0,10
150.0,lossy,confidence_deadline,remote_output_share,0.0,0.0,0.0,0.0,10
150.0,lossy,confidence_deadline,usable_output_rate,1.0,0.0,1.0,1.0,10
150.0,lossy,confidence_deadline,reuse_rate,0.0,0.0,0.0,0.0,10
150.0,lossy,confidence_deadline,remote_attempt_rate,0.0,0.0,0.0,0.0,10
150.0,lossy,confidence_deadline,remote_accept_rate,0.0,0.0,0.0,0.0,10
150.0,lossy,confidence_deadline,pct_local_fast,100.0,0.0,100.0,100.0,10
150.0,lossy,confidence_deadline,pct_edge_accurate,0.0,0.0,0.0,0.0,10
150.0,lossy,confidence_deadline,pct_hybrid,0.0,0.0,0.0,0.0,10
150.0,lossy,confidence_deadline,pct_degraded_safe,0.0,0.0,0.0,0.0,10
150.0,lossy,oracle_feasible,delivered_recall,0.7166040641027337,0.0010855707717972811,0.7159522871155978,0.7171861402025368,10
150.0,lossy,oracle_feasible,delivered_safety_recall,0.7997503397162693,0.0019466784753798272,0.7986491867123446,0.8008772171027734,10
150.0,lossy,oracle_feasible,delivered_recall_fresh_only,0.7166040641027337,0.0010855707717972811,0.7159522871155978,0.7171861402025368,10
150.0,lossy,oracle_feasible,delivered_safety_recall_fresh_only,0.7997503397162693,0.0019466784753798272,0.7986491867123446,0.8008772171027734,10
150.0,lossy,oracle_feasible,deadline_miss_rate,0.0,0.0,0.0,0.0,10
150.0,lossy,oracle_feasible,p95_latency_ms,55.585593996753985,0.223756540741437,55.45511133337478,55.71760843435124,10
150.0,lossy,oracle_feasible,mean_latency_ms,44.80401037236594,0.10109816741935779,44.74984495068412,44.86585894801417,10
150.0,lossy,oracle_feasible,usable_confidence_proxy,0.8751296146148443,0.00035306534200170577,0.8749357721411883,0.8753547771417797,10
150.0,lossy,oracle_feasible,bandwidth_per_1000_frames_kb,17076.0,91.76661218063524,17021.0,17127.0125,10
150.0,lossy,oracle_feasible,remote_output_share,0.68304,0.003670664487225413,0.68084,0.6850805,10
150.0,lossy,oracle_feasible,usable_output_rate,1.0,0.0,1.0,1.0,10
150.0,lossy,oracle_feasible,reuse_rate,0.0,0.0,0.0,0.0,10
150.0,lossy,oracle_feasible,remote_attempt_rate,0.68304,0.003670664487225413,0.68084,0.6850805,10
150.0,lossy,oracle_feasible,remote_accept_rate,1.0,0.0,1.0,1.0,10
150.0,lossy,oracle_feasible,pct_local_fast,31.695999999999998,0.36706644872254063,31.49195,31.915999999999997,10
150.0,lossy,oracle_feasible,pct_edge_accurate,68.30399999999999,0.3670664487225408,68.084,68.50805000000001,10
150.0,lossy,oracle_feasible,pct_hybrid,0.0,0.0,0.0,0.0,10
150.0,lossy,oracle_feasible,pct_degraded_safe,0.0,0.0,0.0,0.0,10
150.0,variable,local_only,delivered_recall,0.6391523349965231,0.0,0.6391523349965231,0.6391523349965231,10
150.0,variable,local_only,delivered_safety_recall,0.7365956065300292,0.0,0.7365956065300292,0.7365956065300292,10
150.0,variable,local_only,delivered_recall_fresh_only,0.6391523349965231,0.0,0.6391523349965231,0.6391523349965231,10
150.0,variable,local_only,delivered_safety_recall_fresh_only,0.7365956065300292,0.0,0.7365956065300292,0.7365956065300292,10
150.0,variable,local_only,deadline_miss_rate,0.0,0.0,0.0,0.0,10
150.0,variable,local_only,p95_latency_ms,45.673494995571694,7.489778066296963e-15,45.673494995571694,45.673494995571694,10
150.0,variable,local_only,mean_latency_ms,35.19284060007193,7.489778066296963e-15,35.19284060007193,35.19284060007193,10
150.0,variable,local_only,usable_confidence_proxy,0.8192857515573502,0.0,0.8192857515573502,0.8192857515573502,10
150.0,variable,local_only,bandwidth_per_1000_frames_kb,0.0,0.0,0.0,0.0,10
150.0,variable,local_only,remote_output_share,0.0,0.0,0.0,0.0,10
150.0,variable,local_only,usable_output_rate,1.0,0.0,1.0,1.0,10
150.0,variable,local_only,reuse_rate,0.0,0.0,0.0,0.0,10
150.0,variable,local_only,remote_attempt_rate,0.0,0.0,0.0,0.0,10
150.0,variable,local_only,remote_accept_rate,0.0,0.0,0.0,0.0,10
150.0,variable,local_only,pct_local_fast,100.0,0.0,100.0,100.0,10
150.0,variable,local_only,pct_edge_accurate,0.0,0.0,0.0,0.0,10
150.0,variable,local_only,pct_hybrid,0.0,0.0,0.0,0.0,10
150.0,variable,local_only,pct_degraded_safe,0.0,0.0,0.0,0.0,10
150.0,variable,edge_only,delivered_recall,0.6800011285582407,0.002031130404235169,0.6787931429676732,0.6811796581968015,10
150.0,variable,edge_only,delivered_safety_recall,0.7571173293252232,0.004193456816761935,0.7548077529466929,0.7597165094214776,10
150.0,variable,edge_only,delivered_recall_fresh_only,0.7206651661214408,0.0027413785178025487,0.719061779847259,0.722283075317182,10
150.0,variable,edge_only,delivered_safety_recall_fresh_only,0.8024285718794838,0.003294423715984217,0.8005799862287529,0.8043076699766599,10
150.0,variable,edge_only,deadline_miss_rate,0.056479999999999995,0.0019486747633541445,0.055479999999999995,0.05776,10
150.0,variable,edge_only,p95_latency_ms,171.711057904139,2.660152536997696,170.2181225596507,173.35410289257823,10
150.0,variable,edge_only,mean_latency_ms,61.176927840203334,0.7315968702014694,60.75408991434252,61.59543682925832,10
150.0,variable,edge_only,usable_confidence_proxy,0.8173993364542722,0.0018355209205846831,0.8163092505788505,0.8184880348698348,10
150.0,variable,edge_only,bandwidth_per_1000_frames_kb,19177.5,513.7890293366205,18882.0,19486.5,10
150.0,variable,edge_only,remote_output_share,0.71046,0.020014006206765404,0.69912,0.7225399999999998,10
150.0,variable,edge_only,usable_output_rate,0.94352,0.0019486747633541506,0.94224,0.94452,10
150.0,variable,edge_only,reuse_rate,0.0,0.0,0.0,0.0,10
150.0,variable,edge_only,remote_attempt_rate,0.7670999999999999,0.02055156117346483,0.7552800000000002,0.77946,10
150.0,variable,edge_only,remote_accept_rate,0.9261358805894897,0.0025352788918570207,0.9245825086857729,0.9275589821141457,10
150.0,variable,edge_only,pct_local_fast,0.0,0.0,0.0,0.0,10
150.0,variable,edge_only,pct_edge_accurate,100.0,0.0,100.0,100.0,10
150.0,variable,edge_only,pct_hybrid,0.0,0.0,0.0,0.0,10
150.0,variable,edge_only,pct_degraded_safe,0.0,0.0,0.0,0.0,10
150.0,variable,cloud_only,delivered_recall,0.15094122421691952,0.0128733083119451,0.14312657495351025,0.15827505147711024,10
150.0,variable,cloud_only,delivered_safety_recall,0.1732184329593768,0.016008451003618404,0.163662923531413,0.18231563633871004,10
150.0,variable,cloud_only,delivered_recall_fresh_only,0.6415582685135266,0.007676841605660358,0.6373051546747472,0.6462529906156262,10
150.0,variable,cloud_only,delivered_safety_recall_fresh_only,0.7348039294500254,0.014382429980628674,0.7265474134028997,0.7432730077839108,10
150.0,variable,cloud_only,deadline_miss_rate,0.7646400000000001,0.02108370618906142,0.7525595,0.7773005,10
150.0,variable,cloud_only,p95_latency_ms,193.96159501426155,0.39402541826185833,193.72032052400755,194.18812210565375,10
150.0,variable,cloud_only,mean_latency_ms,150.0358157120439,3.1293710087039113,148.22918840305266,151.9168873970101,10
150.0,variable,cloud_only,usable_confidence_proxy,0.19333099552094937,0.01699648445739534,0.183105518119812,0.20301546997563538,10
150.0,variable,cloud_only,bandwidth_per_1000_frames_kb,26848.5,719.3046410712687,26434.8,27281.1,10
150.0,variable,cloud_only,remote_output_share,0.00246,0.0009709102258533826,0.0018799999999999997,0.003,10
150.0,variable,cloud_only,usable_output_rate,0.23536,0.021083706189061416,0.22269950000000002,0.24744049999999995,10
150.0,variable,cloud_only,reuse_rate,0.0,0.0,0.0,0.0,10
150.0,variable,cloud_only,remote_attempt_rate,0.7670999999999999,0.02055156117346483,0.7552800000000002,0.77946,10
150.0,variable,cloud_only,remote_accept_rate,0.0032249992500837975,0.0013093637005554717,0.0024391443156487973,0.003964476556907244,10
150.0,variable,cloud_only,pct_local_fast,0.0,0.0,0.0,0.0,10
150.0,variable,cloud_only,pct_edge_accurate,100.0,0.0,100.0,100.0,10
150.0,variable,cloud_only,pct_hybrid,0.0,0.0,0.0,0.0,10
150.0,variable,cloud_only,pct_degraded_safe,0.0,0.0,0.0,0.0,10
150.0,variable,dapper,delivered_recall,0.544724229046889,0.008641691759159532,0.5396117730042945,0.5498531634700743,10
150.0,variable,dapper,delivered_safety_recall,0.6257458229774985,0.010943834044430455,0.6192983689797392,0.6321987245029298,10
150.0,variable,dapper,delivered_recall_fresh_only,0.6492991896170374,0.0021055459128554244,0.6480282451928031,0.6505416724436804,10
150.0,variable,dapper,delivered_safety_recall_fresh_only,0.7452847903418531,0.0030285140765558727,0.7435403631889852,0.7470649706471482,10
150.0,variable,dapper,deadline_miss_rate,0.0018799999999999997,0.000543241300999023,0.0015600000000000002,0.0021999999999999997,10
150.0,variable,dapper,p95_latency_ms,44.85322106146442,0.1819287216145722,44.73616343666218,44.949710815303845,10
150.0,variable,dapper,mean_latency_ms,30.08025297721239,0.44615678356196964,29.82347882642331,30.348441404239544,10
150.0,variable,dapper,usable_confidence_proxy,0.8289088996243477,0.0022278274174950593,0.8275567126484662,0.830178443386942,10
150.0,variable,dapper,bandwidth_per_1000_frames_kb,1465.5,106.18249489544979,1398.0,1525.0124999999998,10
150.0,variable,dapper,remote_output_share,0.05456,0.003957327942494082,0.052039999999999996,0.056720000000000007,10
150.0,variable,dapper,usable_output_rate,0.83894,0.013946899296976374,0.8308789999999999,0.8472209999999999,10
150.0,variable,dapper,reuse_rate,0.15918000000000002,0.013679652367252932,0.1509795,0.16706050000000003,10
150.0,variable,dapper,remote_attempt_rate,0.058620000000000005,0.004247299795817992,0.055920000000000004,0.061000500000000006,10
150.0,variable,dapper,remote_accept_rate,0.9308861691775908,0.01942599057120965,0.9192484044176841,0.9421310940117323,10
150.0,variable,dapper,pct_local_fast,78.22,1.3940189700606247,77.39995,79.018,10
150.0,variable,dapper,pct_edge_accurate,2.844,0.2923924303625752,2.662,3.0060000000000002,10
150.0,variable,dapper,pct_hybrid,3.018,0.21897742146420282,2.8879999999999995,3.146,10
150.0,variable,dapper,pct_degraded_safe,15.918000000000001,1.367965236725293,15.097949999999999,16.706049999999998,10
150.0,variable,deadline_greedy,delivered_recall,0.6391523349965231,0.0,0.6391523349965231,0.6391523349965231,10
150.0,variable,deadline_greedy,delivered_safety_recall,0.7365956065300292,0.0,0.7365956065300292,0.7365956065300292,10
150.0,variable,deadline_greedy,delivered_recall_fresh_only,0.6391523349965231,0.0,0.6391523349965231,0.6391523349965231,10
150.0,variable,deadline_greedy,delivered_safety_recall_fresh_only,0.7365956065300292,0.0,0.7365956065300292,0.7365956065300292,10
150.0,variable,deadline_greedy,deadline_miss_rate,0.0,0.0,0.0,0.0,10
150.0,variable,deadline_greedy,p95_latency_ms,45.673494995571694,7.489778066296963e-15,45.673494995571694,45.673494995571694,10
150.0,variable,deadline_greedy,mean_latency_ms,35.19284060007193,7.489778066296963e-15,35.19284060007193,35.19284060007193,10
150.0,variable,deadline_greedy,usable_confidence_proxy,0.8192857515573502,0.0,0.8192857515573502,0.8192857515573502,10
150.0,variable,deadline_greedy,bandwidth_per_1000_frames_kb,0.0,0.0,0.0,0.0,10
150.0,variable,deadline_greedy,remote_output_share,0.0,0.0,0.0,0.0,10
150.0,variable,deadline_greedy,usable_output_rate,1.0,0.0,1.0,1.0,10
150.0,variable,deadline_greedy,reuse_rate,0.0,0.0,0.0,0.0,10
150.0,variable,deadline_greedy,remote_attempt_rate,0.0,0.0,0.0,0.0,10
150.0,variable,deadline_greedy,remote_accept_rate,0.0,0.0,0.0,0.0,10
150.0,variable,deadline_greedy,pct_local_fast,100.0,0.0,100.0,100.0,10
150.0,variable,deadline_greedy,pct_edge_accurate,0.0,0.0,0.0,0.0,10
150.0,variable,deadline_greedy,pct_hybrid,0.0,0.0,0.0,0.0,10
150.0,variable,deadline_greedy,pct_degraded_safe,0.0,0.0,0.0,0.0,10
150.0,variable,confidence_deadline,delivered_recall,0.6391523349965231,0.0,0.6391523349965231,0.6391523349965231,10
150.0,variable,confidence_deadline,delivered_safety_recall,0.7365956065300292,0.0,0.7365956065300292,0.7365956065300292,10
150.0,variable,confidence_deadline,delivered_recall_fresh_only,0.6391523349965231,0.0,0.6391523349965231,0.6391523349965231,10
150.0,variable,confidence_deadline,delivered_safety_recall_fresh_only,0.7365956065300292,0.0,0.7365956065300292,0.7365956065300292,10
150.0,variable,confidence_deadline,deadline_miss_rate,0.0,0.0,0.0,0.0,10
150.0,variable,confidence_deadline,p95_latency_ms,45.673494995571694,7.489778066296963e-15,45.673494995571694,45.673494995571694,10
150.0,variable,confidence_deadline,mean_latency_ms,35.19284060007193,7.489778066296963e-15,35.19284060007193,35.19284060007193,10
150.0,variable,confidence_deadline,usable_confidence_proxy,0.8192857515573502,0.0,0.8192857515573502,0.8192857515573502,10
150.0,variable,confidence_deadline,bandwidth_per_1000_frames_kb,0.0,0.0,0.0,0.0,10
150.0,variable,confidence_deadline,remote_output_share,0.0,0.0,0.0,0.0,10
150.0,variable,confidence_deadline,usable_output_rate,1.0,0.0,1.0,1.0,10
150.0,variable,confidence_deadline,reuse_rate,0.0,0.0,0.0,0.0,10
150.0,variable,confidence_deadline,remote_attempt_rate,0.0,0.0,0.0,0.0,10
150.0,variable,confidence_deadline,remote_accept_rate,0.0,0.0,0.0,0.0,10
150.0,variable,confidence_deadline,pct_local_fast,100.0,0.0,100.0,100.0,10
150.0,variable,confidence_deadline,pct_edge_accurate,0.0,0.0,0.0,0.0,10
150.0,variable,confidence_deadline,pct_hybrid,0.0,0.0,0.0,0.0,10
150.0,variable,confidence_deadline,pct_degraded_safe,0.0,0.0,0.0,0.0,10
150.0,variable,oracle_feasible,delivered_recall,0.7058780046477129,0.002068486267327176,0.7046160617433038,0.7070701596253973,10
150.0,variable,oracle_feasible,delivered_safety_recall,0.7903043403793245,0.0027521535782708325,0.7888081876679888,0.7919473799903693,10
150.0,variable,oracle_feasible,delivered_recall_fresh_only,0.7076506802654234,0.0022622796457048527,0.7062973915917321,0.7089539691357595,10
150.0,variable,oracle_feasible,delivered_safety_recall_fresh_only,0.7923067937880235,0.002789306724790294,0.7907839767751936,0.7939681028243105,10
150.0,variable,oracle_feasible,deadline_miss_rate,0.0024800000000000004,0.0007254117604658904,0.00204,0.0029,10
150.0,variable,oracle_feasible,p95_latency_ms,80.70286528228328,0.7662125340000212,80.23783538129707,81.1358435911104,10
150.0,variable,oracle_feasible,mean_latency_ms,50.63750026858465,0.5109727648364881,50.339585329610074,50.92496771297134,10
150.0,variable,oracle_feasible,usable_confidence_proxy,0.8668223737710715,0.001609504715526611,0.865893835160911,0.8677872604241073,10
150.0,variable,oracle_feasible,bandwidth_per_1000_frames_kb,15206.5,440.6816058990638,14953.9875,15467.5,10
150.0,variable,oracle_feasible,remote_output_share,0.60578,0.017391811610959654,0.5957989999999999,0.6161405,10
150.0,variable,oracle_feasible,usable_output_rate,0.9975200000000001,0.0007254117604658988,0.9971,0.99796,10
150.0,variable,oracle_feasible,reuse_rate,0.0,0.0,0.0,0.0,10
150.0,variable,oracle_feasible,remote_attempt_rate,0.6082599999999999,0.017627264235962548,0.5981594999999998,0.6186999999999999,10
150.0,variable,oracle_feasible,remote_accept_rate,0.9959306261715029,0.0011618517843670893,0.9952509317030039,0.9966252916636985,10
150.0,variable,oracle_feasible,pct_local_fast,39.17399999999999,1.7627264235962559,38.13,40.184050000000006,10
150.0,variable,oracle_feasible,pct_edge_accurate,60.826,1.7627264235962552,59.815949999999994,61.86999999999999,10
150.0,variable,oracle_feasible,pct_hybrid,0.0,0.0,0.0,0.0,10
150.0,variable,oracle_feasible,pct_degraded_safe,0.0,0.0,0.0,0.0,10
150.0,outage,local_only,delivered_recall,0.6391523349965231,0.0,0.6391523349965231,0.6391523349965231,10
150.0,outage,local_only,delivered_safety_recall,0.7365956065300292,0.0,0.7365956065300292,0.7365956065300292,10
150.0,outage,local_only,delivered_recall_fresh_only,0.6391523349965231,0.0,0.6391523349965231,0.6391523349965231,10
150.0,outage,local_only,delivered_safety_recall_fresh_only,0.7365956065300292,0.0,0.7365956065300292,0.7365956065300292,10
150.0,outage,local_only,deadline_miss_rate,0.0,0.0,0.0,0.0,10
150.0,outage,local_only,p95_latency_ms,45.673494995571694,7.489778066296963e-15,45.673494995571694,45.673494995571694,10
150.0,outage,local_only,mean_latency_ms,35.19284060007193,7.489778066296963e-15,35.19284060007193,35.19284060007193,10
150.0,outage,local_only,usable_confidence_proxy,0.8192857515573502,0.0,0.8192857515573502,0.8192857515573502,10
150.0,outage,local_only,bandwidth_per_1000_frames_kb,0.0,0.0,0.0,0.0,10
150.0,outage,local_only,remote_output_share,0.0,0.0,0.0,0.0,10
150.0,outage,local_only,usable_output_rate,1.0,0.0,1.0,1.0,10
150.0,outage,local_only,reuse_rate,0.0,0.0,0.0,0.0,10
150.0,outage,local_only,remote_attempt_rate,0.0,0.0,0.0,0.0,10
150.0,outage,local_only,remote_accept_rate,0.0,0.0,0.0,0.0,10
150.0,outage,local_only,pct_local_fast,100.0,0.0,100.0,100.0,10
150.0,outage,local_only,pct_edge_accurate,0.0,0.0,0.0,0.0,10
150.0,outage,local_only,pct_hybrid,0.0,0.0,0.0,0.0,10
150.0,outage,local_only,pct_degraded_safe,0.0,0.0,0.0,0.0,10
150.0,outage,edge_only,delivered_recall,0.5458358568663938,0.0030780779012135498,0.544168583010652,0.5477945973592294,10
150.0,outage,edge_only,delivered_safety_recall,0.6307457787200048,0.0030091038026736428,0.6289591975600336,0.6324454023016335,10
150.0,outage,edge_only,delivered_recall_fresh_only,0.6387622790380946,0.0009472329723536723,0.6382335832837622,0.6393491761992973,10
150.0,outage,edge_only,delivered_safety_recall_fresh_only,0.7371176105219341,0.0018064083695530047,0.7360136192355285,0.7381107063232605,10
150.0,outage,edge_only,deadline_miss_rate,0.14538,0.005091561646489215,0.14221999999999999,0.14823999999999998,10
150.0,outage,edge_only,p95_latency_ms,185.2665724940016,0.19679339930985243,185.16851899796166,185.3997086945601,10
150.0,outage,edge_only,mean_latency_ms,56.999840600071934,0.7637342469733817,56.52584060007193,57.42884060007194,10
150.0,outage,edge_only,usable_confidence_proxy,0.7004173790574073,0.00431390748861539,0.6979462876087279,0.7030408195195348,10
150.0,outage,edge_only,bandwidth_per_1000_frames_kb,3634.5,127.28904116223046,3555.5,3706.0,10
150.0,outage,edge_only,remote_output_share,0.0,0.0,0.0,0.0,10
150.0,outage,edge_only,usable_output_rate,0.85462,0.005091561646489195,0.85176,0.85778,10
150.0,outage,edge_only,reuse_rate,0.0,0.0,0.0,0.0,10
150.0,outage,edge_only,remote_attempt_rate,0.14538,0.005091561646489215,0.14221999999999999,0.14823999999999998,10
150.0,outage,edge_only,remote_accept_rate,0.0,0.0,0.0,0.0,10
150.0,outage,edge_only,pct_local_fast,0.0,0.0,0.0,0.0,10
150.0,outage,edge_only,pct_edge_accurate,100.0,0.0,100.0,100.0,10
150.0,outage,edge_only,pct_hybrid,0.0,0.0,0.0,0.0,10
150.0,outage,edge_only,pct_degraded_safe,0.0,0.0,0.0,0.0,10
150.0,outage,cloud_only,delivered_recall,0.5458358568663938,0.0030780779012135498,0.544168583010652,0.5477945973592294,10
150.0,outage,cloud_only,delivered_safety_recall,0.6307457787200048,0.0030091038026736428,0.6289591975600336,0.6324454023016335,10
150.0,outage,cloud_only,delivered_recall_fresh_only,0.6387622790380946,0.0009472329723536723,0.6382335832837622,0.6393491761992973,10
150.0,outage,cloud_only,delivered_safety_recall_fresh_only,0.7371176105219341,0.0018064083695530047,0.7360136192355285,0.7381107063232605,10
150.0,outage,cloud_only,deadline_miss_rate,0.14538,0.005091561646489215,0.14221999999999999,0.14823999999999998,10
150.0,outage,cloud_only,p95_latency_ms,185.2665724940016,0.19679339930985243,185.16851899796166,185.3997086945601,10
150.0,outage,cloud_only,mean_latency_ms,56.999840600071934,0.7637342469733817,56.52584060007193,57.42884060007194,10
150.0,outage,cloud_only,usable_confidence_proxy,0.7004173790574073,0.00431390748861539,0.6979462876087279,0.7030408195195348,10
150.0,outage,cloud_only,bandwidth_per_1000_frames_kb,5088.3,178.20465762712263,4977.7,5188.4,10
150.0,outage,cloud_only,remote_output_share,0.0,0.0,0.0,0.0,10
150.0,outage,cloud_only,usable_output_rate,0.85462,0.005091561646489195,0.85176,0.85778,10
150.0,outage,cloud_only,reuse_rate,0.0,0.0,0.0,0.0,10
150.0,outage,cloud_only,remote_attempt_rate,0.14538,0.005091561646489215,0.14221999999999999,0.14823999999999998,10
150.0,outage,cloud_only,remote_accept_rate,0.0,0.0,0.0,0.0,10
150.0,outage,cloud_only,pct_local_fast,0.0,0.0,0.0,0.0,10
150.0,outage,cloud_only,pct_edge_accurate,100.0,0.0,100.0,100.0,10
150.0,outage,cloud_only,pct_hybrid,0.0,0.0,0.0,0.0,10
150.0,outage,cloud_only,pct_degraded_safe,0.0,0.0,0.0,0.0,10
150.0,outage,dapper,delivered_recall,0.2231319447120676,1.824531306352301e-05,0.22312617503747725,0.22314348406124834,10
150.0,outage,dapper,delivered_safety_recall,0.2624236862357205,0.00010654574326713494,0.2623899935133486,0.2624910716804645,10
150.0,outage,dapper,delivered_recall_fresh_only,0.6371889789789094,6.406482048680398e-05,0.6371484608287836,0.6372092380539722,10
150.0,outage,dapper,delivered_safety_recall_fresh_only,0.7374997428221649,7.854089308941121e-05,0.7374749060110022,0.7375494164444901,10
150.0,outage,dapper,deadline_miss_rate,0.0,0.0,0.0,0.0,10
150.0,outage,dapper,p95_latency_ms,38.56224995979574,0.0,38.56224995979574,38.56224995979574,10
150.0,outage,dapper,mean_latency_ms,12.978032166133607,0.0021740848674433972,12.977344660132847,12.979407178135133,10
150.0,outage,dapper,usable_confidence_proxy,0.8225883239841462,3.0287271033957254e-05,0.8225691686320304,0.822597901660204,10
150.0,outage,dapper,bandwidth_per_1000_frames_kb,0.0,0.0,0.0,0.0,10
150.0,outage,dapper,remote_output_share,0.0,0.0,0.0,0.0,10
150.0,outage,dapper,usable_output_rate,0.35022000000000003,6.324555320336061e-05,0.3502,0.35026,10
150.0,outage,dapper,reuse_rate,0.64978,6.324555320339573e-05,0.64974,0.6498,10
150.0,outage,dapper,remote_attempt_rate,0.0,0.0,0.0,0.0,10
150.0,outage,dapper,remote_accept_rate,0.0,0.0,0.0,0.0,10
150.0,outage,dapper,pct_local_fast,29.902000000000005,0.25076771013119786,29.76,30.056,10
150.0,outage,dapper,pct_edge_accurate,0.0,0.0,0.0,0.0,10
150.0,outage,dapper,pct_hybrid,0.0,0.0,0.0,0.0,10
150.0,outage,dapper,pct_degraded_safe,70.098,0.2507677101311987,69.944,70.24,10
150.0,outage,deadline_greedy,delivered_recall,0.6391523349965231,0.0,0.6391523349965231,0.6391523349965231,10
150.0,outage,deadline_greedy,delivered_safety_recall,0.7365956065300292,0.0,0.7365956065300292,0.7365956065300292,10
150.0,outage,deadline_greedy,delivered_recall_fresh_only,0.6391523349965231,0.0,0.6391523349965231,0.6391523349965231,10
150.0,outage,deadline_greedy,delivered_safety_recall_fresh_only,0.7365956065300292,0.0,0.7365956065300292,0.7365956065300292,10
150.0,outage,deadline_greedy,deadline_miss_rate,0.0,0.0,0.0,0.0,10
150.0,outage,deadline_greedy,p95_latency_ms,45.673494995571694,7.489778066296963e-15,45.673494995571694,45.673494995571694,10
150.0,outage,deadline_greedy,mean_latency_ms,35.19284060007193,7.489778066296963e-15,35.19284060007193,35.19284060007193,10
150.0,outage,deadline_greedy,usable_confidence_proxy,0.8192857515573502,0.0,0.8192857515573502,0.8192857515573502,10
150.0,outage,deadline_greedy,bandwidth_per_1000_frames_kb,0.0,0.0,0.0,0.0,10
150.0,outage,deadline_greedy,remote_output_share,0.0,0.0,0.0,0.0,10
150.0,outage,deadline_greedy,usable_output_rate,1.0,0.0,1.0,1.0,10
150.0,outage,deadline_greedy,reuse_rate,0.0,0.0,0.0,0.0,10
150.0,outage,deadline_greedy,remote_attempt_rate,0.0,0.0,0.0,0.0,10
150.0,outage,deadline_greedy,remote_accept_rate,0.0,0.0,0.0,0.0,10
150.0,outage,deadline_greedy,pct_local_fast,100.0,0.0,100.0,100.0,10
150.0,outage,deadline_greedy,pct_edge_accurate,0.0,0.0,0.0,0.0,10
150.0,outage,deadline_greedy,pct_hybrid,0.0,0.0,0.0,0.0,10
150.0,outage,deadline_greedy,pct_degraded_safe,0.0,0.0,0.0,0.0,10
150.0,outage,confidence_deadline,delivered_recall,0.6391523349965231,0.0,0.6391523349965231,0.6391523349965231,10
150.0,outage,confidence_deadline,delivered_safety_recall,0.7365956065300292,0.0,0.7365956065300292,0.7365956065300292,10
150.0,outage,confidence_deadline,delivered_recall_fresh_only,0.6391523349965231,0.0,0.6391523349965231,0.6391523349965231,10
150.0,outage,confidence_deadline,delivered_safety_recall_fresh_only,0.7365956065300292,0.0,0.7365956065300292,0.7365956065300292,10
150.0,outage,confidence_deadline,deadline_miss_rate,0.0,0.0,0.0,0.0,10
150.0,outage,confidence_deadline,p95_latency_ms,45.673494995571694,7.489778066296963e-15,45.673494995571694,45.673494995571694,10
150.0,outage,confidence_deadline,mean_latency_ms,35.19284060007193,7.489778066296963e-15,35.19284060007193,35.19284060007193,10
150.0,outage,confidence_deadline,usable_confidence_proxy,0.8192857515573502,0.0,0.8192857515573502,0.8192857515573502,10
150.0,outage,confidence_deadline,bandwidth_per_1000_frames_kb,0.0,0.0,0.0,0.0,10
150.0,outage,confidence_deadline,remote_output_share,0.0,0.0,0.0,0.0,10
150.0,outage,confidence_deadline,usable_output_rate,1.0,0.0,1.0,1.0,10
150.0,outage,confidence_deadline,reuse_rate,0.0,0.0,0.0,0.0,10
150.0,outage,confidence_deadline,remote_attempt_rate,0.0,0.0,0.0,0.0,10
150.0,outage,confidence_deadline,remote_accept_rate,0.0,0.0,0.0,0.0,10
150.0,outage,confidence_deadline,pct_local_fast,100.0,0.0,100.0,100.0,10
150.0,outage,confidence_deadline,pct_edge_accurate,0.0,0.0,0.0,0.0,10
150.0,outage,confidence_deadline,pct_hybrid,0.0,0.0,0.0,0.0,10
150.0,outage,confidence_deadline,pct_degraded_safe,0.0,0.0,0.0,0.0,10
150.0,outage,oracle_feasible,delivered_recall,0.6373268423879523,0.0008048456533537475,0.636848859186117,0.6377639910966589,10
150.0,outage,oracle_feasible,delivered_safety_recall,0.7342659372849287,0.0013418642871555148,0.733449425213405,0.7349984048725596,10
150.0,outage,oracle_feasible,delivered_recall_fresh_only,0.6390560657811194,0.00018801562810695055,0.6389355617103252,0.6391608194891336,10
150.0,outage,oracle_feasible,delivered_safety_recall_fresh_only,0.7364990160817382,0.0004977158341902258,0.7362076946614212,0.7367958128627592,10
150.0,outage,oracle_feasible,deadline_miss_rate,0.00268,0.0011438725647747849,0.00206,0.0033799999999999998,10
150.0,outage,oracle_feasible,p95_latency_ms,46.05108949210262,0.14043308139458868,45.97907913760719,46.13737049570773,10
150.0,outage,oracle_feasible,mean_latency_ms,35.59484060007194,0.17158088471621744,35.501840600071944,35.69984060007194,10
150.0,outage,oracle_feasible,usable_confidence_proxy,0.8170936774080992,0.0008768559409749455,0.816568505799681,0.8175680061288477,10
150.0,outage,oracle_feasible,bandwidth_per_1000_frames_kb,67.0,28.596814119369622,51.5,84.5,10
150.0,outage,oracle_feasible,remote_output_share,0.0,0.0,0.0,0.0,10
150.0,outage,oracle_feasible,usable_output_rate,0.9973199999999999,0.0011438725647747706,0.9966200000000001,0.99794,10
150.0,outage,oracle_feasible,reuse_rate,0.0,0.0,0.0,0.0,10
150.0,outage,oracle_feasible,remote_attempt_rate,0.00268,0.0011438725647747849,0.00206,0.0033799999999999998,10
150.0,outage,oracle_feasible,remote_accept_rate,0.0,0.0,0.0,0.0,10
150.0,outage,oracle_feasible,pct_local_fast,99.732,0.11438725647747351,99.662,99.794,10
150.0,outage,oracle_feasible,pct_edge_accurate,0.268,0.1143872564774785,0.20600000000000002,0.33799999999999997,10
150.0,outage,oracle_feasible,pct_hybrid,0.0,0.0,0.0,0.0,10
150.0,outage,oracle_feasible,pct_degraded_safe,0.0,0.0,0.0,0.0,10
250.0,stable,local_only,delivered_recall,0.6391523349965231,0.0,0.6391523349965231,0.6391523349965231,10
250.0,stable,local_only,delivered_safety_recall,0.7365956065300292,0.0,0.7365956065300292,0.7365956065300292,10
250.0,stable,local_only,delivered_recall_fresh_only,0.6391523349965231,0.0,0.6391523349965231,0.6391523349965231,10
250.0,stable,local_only,delivered_safety_recall_fresh_only,0.7365956065300292,0.0,0.7365956065300292,0.7365956065300292,10
250.0,stable,local_only,deadline_miss_rate,0.0,0.0,0.0,0.0,10
250.0,stable,local_only,p95_latency_ms,45.673494995571694,7.489778066296963e-15,45.673494995571694,45.673494995571694,10
250.0,stable,local_only,mean_latency_ms,35.19284060007193,7.489778066296963e-15,35.19284060007193,35.19284060007193,10
250.0,stable,local_only,usable_confidence_proxy,0.8192857515573502,0.0,0.8192857515573502,0.8192857515573502,10
250.0,stable,local_only,bandwidth_per_1000_frames_kb,0.0,0.0,0.0,0.0,10
250.0,stable,local_only,remote_output_share,0.0,0.0,0.0,0.0,10
250.0,stable,local_only,usable_output_rate,1.0,0.0,1.0,1.0,10
250.0,stable,local_only,reuse_rate,0.0,0.0,0.0,0.0,10
250.0,stable,local_only,remote_attempt_rate,0.0,0.0,0.0,0.0,10
250.0,stable,local_only,remote_accept_rate,0.0,0.0,0.0,0.0,10
250.0,stable,local_only,pct_local_fast,100.0,0.0,100.0,100.0,10
250.0,stable,local_only,pct_edge_accurate,0.0,0.0,0.0,0.0,10
250.0,stable,local_only,pct_hybrid,0.0,0.0,0.0,0.0,10
250.0,stable,local_only,pct_degraded_safe,0.0,0.0,0.0,0.0,10
250.0,stable,edge_only,delivered_recall,0.7457725730945505,0.0002197685171177359,0.7456430639975794,0.7459061097152124,10
250.0,stable,edge_only,delivered_safety_recall,0.8223529854868626,0.00044963770809273627,0.822088282500619,0.8226101437080205,10
250.0,stable,edge_only,delivered_recall_fresh_only,0.7457725730945505,0.0002197685171177359,0.7456430639975794,0.7459061097152124,10
250.0,stable,edge_only,delivered_safety_recall_fresh_only,0.8223529854868626,0.00044963770809273627,0.822088282500619,0.8226101437080205,10
250.0,stable,edge_only,deadline_miss_rate,0.0,0.0,0.0,0.0,10
250.0,stable,edge_only,p95_latency_ms,37.80014370397932,0.1140964832270376,37.72552964623993,37.85811591782492,10
250.0,stable,edge_only,mean_latency_ms,35.05517218497492,0.14290046635761236,34.96896254977185,35.138137085590294,10
250.0,stable,edge_only,usable_confidence_proxy,0.8804808503955603,0.00023890480440692216,0.8803375312672705,0.8806230339460969,10
250.0,stable,edge_only,bandwidth_per_1000_frames_kb,25000.0,0.0,25000.0,25000.0,10
250.0,stable,edge_only,remote_output_share,0.9904,0.0009977753031396993,0.9898199999999999,0.9909800000000001,10
250.0,stable,edge_only,usable_output_rate,1.0,0.0,1.0,1.0,10
250.0,stable,edge_only,reuse_rate,0.0,0.0,0.0,0.0,10
250.0,stable,edge_only,remote_attempt_rate,1.0,0.0,1.0,1.0,10
250.0,stable,edge_only,remote_accept_rate,0.9904,0.0009977753031396993,0.9898199999999999,0.9909800000000001,10
250.0,stable,edge_only,pct_local_fast,0.0,0.0,0.0,0.0,10
250.0,stable,edge_only,pct_edge_accurate,100.0,0.0,100.0,100.0,10
250.0,stable,edge_only,pct_hybrid,0.0,0.0,0.0,0.0,10
250.0,stable,edge_only,pct_degraded_safe,0.0,0.0,0.0,0.0,10
250.0,stable,cloud_only,delivered_recall,5.0484652665589664e-05,8.580740969293191e-05,0.0,0.00010096930533117933,10
250.0,stable,cloud_only,delivered_safety_recall,0.0,0.0,0.0,0.0,10
250.0,stable,cloud_only,delivered_recall_fresh_only,0.8333333333333334,0.28867513459481287,0.5,1.0,3
250.0,stable,cloud_only,delivered_safety_recall_fresh_only,,,,,0
250.0,stable,cloud_only,deadline_miss_rate,0.9999400000000002,9.660917830791895e-05,0.9998800000000001,1.0,10
250.0,stable,cloud_only,p95_latency_ms,275.5283700184426,0.22049753304821612,275.3947792628857,275.65451712704987,10
250.0,stable,cloud_only,mean_latency_ms,264.70313782799025,0.0962593567733824,264.64792062121853,264.7603984696134,10
250.0,stable,cloud_only,usable_confidence_proxy,5.418312788009644e-05,8.7254772174634e-05,0.0,0.00010861550688743592,10
250.0,stable,cloud_only,bandwidth_per_1000_frames_kb,35000.0,0.0,35000.0,35000.0,10
250.0,stable,cloud_only,remote_output_share,0.0,0.0,0.0,0.0,10
250.0,stable,cloud_only,usable_output_rate,6.000000000000001e-05,9.660917830792957e-05,0.0,0.00012000000000000002,10
250.0,stable,cloud_only,reuse_rate,0.0,0.0,0.0,0.0,10
250.0,stable,cloud_only,remote_attempt_rate,1.0,0.0,1.0,1.0,10
250.0,stable,cloud_only,remote_accept_rate,0.0,0.0,0.0,0.0,10
250.0,stable,cloud_only,pct_local_fast,0.0,0.0,0.0,0.0,10
250.0,stable,cloud_only,pct_edge_accurate,100.0,0.0,100.0,100.0,10
250.0,stable,cloud_only,pct_hybrid,0.0,0.0,0.0,0.0,10
250.0,stable,cloud_only,pct_degraded_safe,0.0,0.0,0.0,0.0,10
250.0,stable,dapper,delivered_recall,0.6737684206053539,0.0002022019860494645,0.6736489627497038,0.673885810290532,10
250.0,stable,dapper,delivered_safety_recall,0.7619214987013413,0.0002905192948528073,0.7617468901786869,0.7620836084170224,10
250.0,stable,dapper,delivered_recall_fresh_only,0.6737684206053539,0.0002022019860494645,0.6736489627497038,0.673885810290532,10
250.0,stable,dapper,delivered_safety_recall_fresh_only,0.7619214987013413,0.0002905192948528073,0.7617468901786869,0.7620836084170224,10
250.0,stable,dapper,deadline_miss_rate,0.0,0.0,0.0,0.0,10
250.0,stable,dapper,p95_latency_ms,44.218299497733824,0.08808210447302883,44.16568288335112,44.26849231620145,10
250.0,stable,dapper,mean_latency_ms,35.1080302964362,0.07269736717289985,35.06288906563679,35.14683295098524,10
250.0,stable,dapper,usable_confidence_proxy,0.8594638629251719,0.00022557361626464106,0.859326362216413,0.8595959452656656,10
250.0,stable,dapper,bandwidth_per_1000_frames_kb,5595.0,0.0,5595.0,5595.0,10
250.0,stable,dapper,remote_output_share,0.22157999999999997,0.0006142746399887661,0.22124000000000002,0.22196,10
250.0,stable,dapper,usable_output_rate,1.0,0.0,1.0,1.0,10
250.0,stable,dapper,reuse_rate,0.0,0.0,0.0,0.0,10
250.0,stable,dapper,remote_attempt_rate,0.22379999999999994,5.851389114294502e-17,0.22379999999999994,0.22379999999999994,10
250.0,stable,dapper,remote_accept_rate,0.9900804289544236,0.0027447481679569734,0.9885612153708667,0.9917783735478105,10
250.0,stable,dapper,pct_local_fast,77.62,0.0,77.62,77.62,10
250.0,stable,dapper,pct_edge_accurate,22.38,0.0,22.38,22.38,10
250.0,stable,dapper,pct_hybrid,0.0,0.0,0.0,0.0,10
250.0,stable,dapper,pct_degraded_safe,0.0,0.0,0.0,0.0,10
250.0,stable,deadline_greedy,delivered_recall,0.6391523349965231,0.0,0.6391523349965231,0.6391523349965231,10
250.0,stable,deadline_greedy,delivered_safety_recall,0.7365956065300292,0.0,0.7365956065300292,0.7365956065300292,10
250.0,stable,deadline_greedy,delivered_recall_fresh_only,0.6391523349965231,0.0,0.6391523349965231,0.6391523349965231,10
250.0,stable,deadline_greedy,delivered_safety_recall_fresh_only,0.7365956065300292,0.0,0.7365956065300292,0.7365956065300292,10
250.0,stable,deadline_greedy,deadline_miss_rate,0.0,0.0,0.0,0.0,10
250.0,stable,deadline_greedy,p95_latency_ms,45.673494995571694,7.489778066296963e-15,45.673494995571694,45.673494995571694,10
250.0,stable,deadline_greedy,mean_latency_ms,35.19284060007193,7.489778066296963e-15,35.19284060007193,35.19284060007193,10
250.0,stable,deadline_greedy,usable_confidence_proxy,0.8192857515573502,0.0,0.8192857515573502,0.8192857515573502,10
250.0,stable,deadline_greedy,bandwidth_per_1000_frames_kb,0.0,0.0,0.0,0.0,10
250.0,stable,deadline_greedy,remote_output_share,0.0,0.0,0.0,0.0,10
250.0,stable,deadline_greedy,usable_output_rate,1.0,0.0,1.0,1.0,10
250.0,stable,deadline_greedy,reuse_rate,0.0,0.0,0.0,0.0,10
250.0,stable,deadline_greedy,remote_attempt_rate,0.0,0.0,0.0,0.0,10
250.0,stable,deadline_greedy,remote_accept_rate,0.0,0.0,0.0,0.0,10
250.0,stable,deadline_greedy,pct_local_fast,100.0,0.0,100.0,100.0,10
250.0,stable,deadline_greedy,pct_edge_accurate,0.0,0.0,0.0,0.0,10
250.0,stable,deadline_greedy,pct_hybrid,0.0,0.0,0.0,0.0,10
250.0,stable,deadline_greedy,pct_degraded_safe,0.0,0.0,0.0,0.0,10
250.0,stable,confidence_deadline,delivered_recall,0.6391523349965231,0.0,0.6391523349965231,0.6391523349965231,10
250.0,stable,confidence_deadline,delivered_safety_recall,0.7365956065300292,0.0,0.7365956065300292,0.7365956065300292,10
250.0,stable,confidence_deadline,delivered_recall_fresh_only,0.6391523349965231,0.0,0.6391523349965231,0.6391523349965231,10
250.0,stable,confidence_deadline,delivered_safety_recall_fresh_only,0.7365956065300292,0.0,0.7365956065300292,0.7365956065300292,10
250.0,stable,confidence_deadline,deadline_miss_rate,0.0,0.0,0.0,0.0,10
250.0,stable,confidence_deadline,p95_latency_ms,45.673494995571694,7.489778066296963e-15,45.673494995571694,45.673494995571694,10
250.0,stable,confidence_deadline,mean_latency_ms,35.19284060007193,7.489778066296963e-15,35.19284060007193,35.19284060007193,10
250.0,stable,confidence_deadline,usable_confidence_proxy,0.8192857515573502,0.0,0.8192857515573502,0.8192857515573502,10
250.0,stable,confidence_deadline,bandwidth_per_1000_frames_kb,0.0,0.0,0.0,0.0,10
250.0,stable,confidence_deadline,remote_output_share,0.0,0.0,0.0,0.0,10
250.0,stable,confidence_deadline,usable_output_rate,1.0,0.0,1.0,1.0,10
250.0,stable,confidence_deadline,reuse_rate,0.0,0.0,0.0,0.0,10
250.0,stable,confidence_deadline,remote_attempt_rate,0.0,0.0,0.0,0.0,10
250.0,stable,confidence_deadline,remote_accept_rate,0.0,0.0,0.0,0.0,10
250.0,stable,confidence_deadline,pct_local_fast,100.0,0.0,100.0,100.0,10
250.0,stable,confidence_deadline,pct_edge_accurate,0.0,0.0,0.0,0.0,10
250.0,stable,confidence_deadline,pct_hybrid,0.0,0.0,0.0,0.0,10
250.0,stable,confidence_deadline,pct_degraded_safe,0.0,0.0,0.0,0.0,10
250.0,stable,oracle_feasible,delivered_recall,0.7343209583351017,0.0002387589176580902,0.7341861123145837,0.7344747656299971,10
250.0,stable,oracle_feasible,delivered_safety_recall,0.8137841653312693,0.0004598118734210021,0.8135159937834742,0.8140475415034165,10
250.0,stable,oracle_feasible,delivered_recall_fresh_only,0.7343209583351017,0.0002387589176580902,0.7341861123145837,0.7344747656299971,10
250.0,stable,oracle_feasible,delivered_safety_recall_fresh_only,0.8137841653312693,0.0004598118734210021,0.8135159937834742,0.8140475415034165,10
250.0,stable,oracle_feasible,deadline_miss_rate,0.0,0.0,0.0,0.0,10
250.0,stable,oracle_feasible,p95_latency_ms,38.0547747058901,0.08201509710765689,38.00382879270376,38.099469805285906,10
250.0,stable,oracle_feasible,mean_latency_ms,34.06247563491717,0.05279636081832265,34.02991564195682,34.09099722544641,10
250.0,stable,oracle_feasible,usable_confidence_proxy,0.8880200751972198,0.00022464020780409437,0.887884915864706,0.8881519623500557,10
250.0,stable,oracle_feasible,bandwidth_per_1000_frames_kb,21074.0,22.335820757001272,21061.0,21087.5,10
250.0,stable,oracle_feasible,remote_output_share,0.84296,0.000893432830280069,0.8424400000000001,0.8435,10
250.0,stable,oracle_feasible,usable_output_rate,1.0,0.0,1.0,1.0,10
250.0,stable,oracle_feasible,reuse_rate,0.0,0.0,0.0,0.0,10
250.0,stable,oracle_feasible,remote_attempt_rate,0.84296,0.000893432830280069,0.8424400000000001,0.8435,10
250.0,stable,oracle_feasible,remote_accept_rate,1.0,0.0,1.0,1.0,10
250.0,stable,oracle_feasible,pct_local_fast,15.703999999999999,0.08934328302800525,15.65,15.756,10
250.0,stable,oracle_feasible,pct_edge_accurate,84.296,0.08934328302800441,84.244,84.35,10
250.0,stable,oracle_feasible,pct_hybrid,0.0,0.0,0.0,0.0,10
250.0,stable,oracle_feasible,pct_degraded_safe,0.0,0.0,0.0,0.0,10
250.0,congested,local_only,delivered_recall,0.6391523349965231,0.0,0.6391523349965231,0.6391523349965231,10
250.0,congested,local_only,delivered_safety_recall,0.7365956065300292,0.0,0.7365956065300292,0.7365956065300292,10
250.0,congested,local_only,delivered_recall_fresh_only,0.6391523349965231,0.0,0.6391523349965231,0.6391523349965231,10
250.0,congested,local_only,delivered_safety_recall_fresh_only,0.7365956065300292,0.0,0.7365956065300292,0.7365956065300292,10
250.0,congested,local_only,deadline_miss_rate,0.0,0.0,0.0,0.0,10
250.0,congested,local_only,p95_latency_ms,45.673494995571694,7.489778066296963e-15,45.673494995571694,45.673494995571694,10
250.0,congested,local_only,mean_latency_ms,35.19284060007193,7.489778066296963e-15,35.19284060007193,35.19284060007193,10
250.0,congested,local_only,usable_confidence_proxy,0.8192857515573502,0.0,0.8192857515573502,0.8192857515573502,10
250.0,congested,local_only,bandwidth_per_1000_frames_kb,0.0,0.0,0.0,0.0,10
250.0,congested,local_only,remote_output_share,0.0,0.0,0.0,0.0,10
250.0,congested,local_only,usable_output_rate,1.0,0.0,1.0,1.0,10
250.0,congested,local_only,reuse_rate,0.0,0.0,0.0,0.0,10
250.0,congested,local_only,remote_attempt_rate,0.0,0.0,0.0,0.0,10
250.0,congested,local_only,remote_accept_rate,0.0,0.0,0.0,0.0,10
250.0,congested,local_only,pct_local_fast,100.0,0.0,100.0,100.0,10
250.0,congested,local_only,pct_edge_accurate,0.0,0.0,0.0,0.0,10
250.0,congested,local_only,pct_hybrid,0.0,0.0,0.0,0.0,10
250.0,congested,local_only,pct_degraded_safe,0.0,0.0,0.0,0.0,10
250.0,congested,edge_only,delivered_recall,0.739507763713416,0.0011493907774063848,0.7387991233133372,0.7401752873982298,10
250.0,congested,edge_only,delivered_safety_recall,0.8168164662098846,0.0015710913944718497,0.8158814821048291,0.817753106359547,10
250.0,congested,edge_only,delivered_recall_fresh_only,0.7400007455910425,0.0010034565981754137,0.7393769436993644,0.7405723475817283,10
250.0,congested,edge_only,delivered_safety_recall_fresh_only,0.8174496440697185,0.0013321004665076974,0.8166715567543164,0.8182404934265416,10
250.0,congested,edge_only,deadline_miss_rate,0.00066,0.00034058772731852805,0.00047999999999999996,0.00088,10
250.0,congested,edge_only,p95_latency_ms,211.0099800410208,1.6433753988396027,210.07619448501043,211.9657849870588,10
250.0,congested,edge_only,mean_latency_ms,89.75109859994386,0.6248550887147456,89.38586006443549,90.12090182623363,10
250.0,congested,edge_only,usable_confidence_proxy,0.8766693365287781,0.0009871756109384206,0.8760560993746371,0.8772209959331752,10
250.0,congested,edge_only,bandwidth_per_1000_frames_kb,25000.0,0.0,25000.0,25000.0,10
250.0,congested,edge_only,remote_output_share,0.9345600000000001,0.0029541684297126787,0.9328000000000001,0.9362600000000001,10
250.0,congested,edge_only,usable_output_rate,0.9993400000000001,0.00034058772731852604,0.9991199999999999,0.9995200000000001,10
250.0,congested,edge_only,reuse_rate,0.0,0.0,0.0,0.0,10
250.0,congested,edge_only,remote_attempt_rate,1.0,0.0,1.0,1.0,10
250.0,congested,edge_only,remote_accept_rate,0.9345600000000001,0.0029541684297126787,0.9328000000000001,0.9362600000000001,10
250.0,congested,edge_only,pct_local_fast,0.0,0.0,0.0,0.0,10
250.0,congested,edge_only,pct_edge_accurate,100.0,0.0,100.0,100.0,10
250.0,congested,edge_only,pct_hybrid,0.0,0.0,0.0,0.0,10
250.0,congested,edge_only,pct_degraded_safe,0.0,0.0,0.0,0.0,10
250.0,congested,cloud_only,delivered_recall,0.0,0.0,0.0,0.0,10
250.0,congested,cloud_only,delivered_safety_recall,0.0,0.0,0.0,0.0,10
250.0,congested,cloud_only,delivered_recall_fresh_only,,,,,0
250.0,congested,cloud_only,delivered_safety_recall_fresh_only,,,,,0
250.0,congested,cloud_only,deadline_miss_rate,1.0,0.0,1.0,1.0,10
250.0,congested,cloud_only,p95_latency_ms,295.6734949955717,0.0,295.6734949955717,295.6734949955717,10
250.0,congested,cloud_only,mean_latency_ms,285.1928406000719,0.0,285.1928406000719,285.1928406000719,10
250.0,congested,cloud_only,usable_confidence_proxy,0.0,0.0,0.0,0.0,10
250.0,congested,cloud_only,bandwidth_per_1000_frames_kb,35000.0,0.0,35000.0,35000.0,10
250.0,congested,cloud_only,remote_output_share,0.0,0.0,0.0,0.0,10
250.0,congested,cloud_only,usable_output_rate,0.0,0.0,0.0,0.0,10
250.0,congested,cloud_only,reuse_rate,0.0,0.0,0.0,0.0,10
250.0,congested,cloud_only,remote_attempt_rate,1.0,0.0,1.0,1.0,10
250.0,congested,cloud_only,remote_accept_rate,0.0,0.0,0.0,0.0,10
250.0,congested,cloud_only,pct_local_fast,0.0,0.0,0.0,0.0,10
250.0,congested,cloud_only,pct_edge_accurate,100.0,0.0,100.0,100.0,10
250.0,congested,cloud_only,pct_hybrid,0.0,0.0,0.0,0.0,10
250.0,congested,cloud_only,pct_degraded_safe,0.0,0.0,0.0,0.0,10
250.0,congested,dapper,delivered_recall,0.672117425125697,0.0008796828854810818,0.6716086182336078,0.6726568943857023,10
250.0,congested,dapper,delivered_safety_recall,0.7610490574138354,0.0010342278323118865,0.7604315983274057,0.7616461616416538,10
250.0,congested,dapper,delivered_recall_fresh_only,0.6721989326167842,0.0009191623550829373,0.6716607305094185,0.6727578432386108,10
250.0,congested,dapper,delivered_safety_recall_fresh_only,0.7611003628723668,0.0010436188968735432,0.7604724564309128,0.7617015278151068,10
250.0,congested,dapper,deadline_miss_rate,0.00012000000000000002,0.00021499353995462799,0.0,0.00026,10
250.0,congested,dapper,p95_latency_ms,88.4266040601027,0.3473978300771403,88.21944397405687,88.6233531249254,10
250.0,congested,dapper,mean_latency_ms,47.22470944779416,0.2776278013622362,47.048070044566124,47.381354549676225,10
250.0,congested,dapper,usable_confidence_proxy,0.8573954744774103,0.000713613716395409,0.8569467441932559,0.8577861534842551,10
250.0,congested,dapper,bandwidth_per_1000_frames_kb,5595.0,0.0,5595.0,5595.0,10
250.0,congested,dapper,remote_output_share,0.21000000000000002,0.002086996778999803,0.20878000000000002,0.21124,10
250.0,congested,dapper,usable_output_rate,0.9998799999999999,0.00021499353995463186,0.9997400000000001,1.0,10
250.0,congested,dapper,reuse_rate,0.0,0.0,0.0,0.0,10
250.0,congested,dapper,remote_attempt_rate,0.22379999999999994,5.851389114294502e-17,0.22379999999999994,0.22379999999999994,10
250.0,congested,dapper,remote_accept_rate,0.938337801608579,0.009325276045575525,0.932886505808758,0.9438784629133155,10
250.0,congested,dapper,pct_local_fast,77.62,0.0,77.62,77.62,10
250.0,congested,dapper,pct_edge_accurate,22.38,0.0,22.38,22.38,10
250.0,congested,dapper,pct_hybrid,0.0,0.0,0.0,0.0,10
250.0,congested,dapper,pct_degraded_safe,0.0,0.0,0.0,0.0,10
250.0,congested,deadline_greedy,delivered_recall,0.6391523349965231,0.0,0.6391523349965231,0.6391523349965231,10
250.0,congested,deadline_greedy,delivered_safety_recall,0.7365956065300292,0.0,0.7365956065300292,0.7365956065300292,10
250.0,congested,deadline_greedy,delivered_recall_fresh_only,0.6391523349965231,0.0,0.6391523349965231,0.6391523349965231,10
250.0,congested,deadline_greedy,delivered_safety_recall_fresh_only,0.7365956065300292,0.0,0.7365956065300292,0.7365956065300292,10
250.0,congested,deadline_greedy,deadline_miss_rate,0.0,0.0,0.0,0.0,10
250.0,congested,deadline_greedy,p95_latency_ms,45.673494995571694,7.489778066296963e-15,45.673494995571694,45.673494995571694,10
250.0,congested,deadline_greedy,mean_latency_ms,35.19284060007193,7.489778066296963e-15,35.19284060007193,35.19284060007193,10
250.0,congested,deadline_greedy,usable_confidence_proxy,0.8192857515573502,0.0,0.8192857515573502,0.8192857515573502,10
250.0,congested,deadline_greedy,bandwidth_per_1000_frames_kb,0.0,0.0,0.0,0.0,10
250.0,congested,deadline_greedy,remote_output_share,0.0,0.0,0.0,0.0,10
250.0,congested,deadline_greedy,usable_output_rate,1.0,0.0,1.0,1.0,10
250.0,congested,deadline_greedy,reuse_rate,0.0,0.0,0.0,0.0,10
250.0,congested,deadline_greedy,remote_attempt_rate,0.0,0.0,0.0,0.0,10
250.0,congested,deadline_greedy,remote_accept_rate,0.0,0.0,0.0,0.0,10
250.0,congested,deadline_greedy,pct_local_fast,100.0,0.0,100.0,100.0,10
250.0,congested,deadline_greedy,pct_edge_accurate,0.0,0.0,0.0,0.0,10
250.0,congested,deadline_greedy,pct_hybrid,0.0,0.0,0.0,0.0,10
250.0,congested,deadline_greedy,pct_degraded_safe,0.0,0.0,0.0,0.0,10
250.0,congested,confidence_deadline,delivered_recall,0.6391523349965231,0.0,0.6391523349965231,0.6391523349965231,10
250.0,congested,confidence_deadline,delivered_safety_recall,0.7365956065300292,0.0,0.7365956065300292,0.7365956065300292,10
250.0,congested,confidence_deadline,delivered_recall_fresh_only,0.6391523349965231,0.0,0.6391523349965231,0.6391523349965231,10
250.0,congested,confidence_deadline,delivered_safety_recall_fresh_only,0.7365956065300292,0.0,0.7365956065300292,0.7365956065300292,10
250.0,congested,confidence_deadline,deadline_miss_rate,0.0,0.0,0.0,0.0,10
250.0,congested,confidence_deadline,p95_latency_ms,45.673494995571694,7.489778066296963e-15,45.673494995571694,45.673494995571694,10
250.0,congested,confidence_deadline,mean_latency_ms,35.19284060007193,7.489778066296963e-15,35.19284060007193,35.19284060007193,10
250.0,congested,confidence_deadline,usable_confidence_proxy,0.8192857515573502,0.0,0.8192857515573502,0.8192857515573502,10
250.0,congested,confidence_deadline,bandwidth_per_1000_frames_kb,0.0,0.0,0.0,0.0,10
250.0,congested,confidence_deadline,remote_output_share,0.0,0.0,0.0,0.0,10
250.0,congested,confidence_deadline,usable_output_rate,1.0,0.0,1.0,1.0,10
250.0,congested,confidence_deadline,reuse_rate,0.0,0.0,0.0,0.0,10
250.0,congested,confidence_deadline,remote_attempt_rate,0.0,0.0,0.0,0.0,10
250.0,congested,confidence_deadline,remote_accept_rate,0.0,0.0,0.0,0.0,10
250.0,congested,confidence_deadline,pct_local_fast,100.0,0.0,100.0,100.0,10
250.0,congested,confidence_deadline,pct_edge_accurate,0.0,0.0,0.0,0.0,10
250.0,congested,confidence_deadline,pct_hybrid,0.0,0.0,0.0,0.0,10
250.0,congested,confidence_deadline,pct_degraded_safe,0.0,0.0,0.0,0.0,10
250.0,congested,oracle_feasible,delivered_recall,0.7287584943259698,0.0010895654084781012,0.7280772036738865,0.7293824711591086,10
250.0,congested,oracle_feasible,delivered_safety_recall,0.8088858425245494,0.0015046453504564063,0.8079919407781551,0.8097747138731851,10
250.0,congested,oracle_feasible,delivered_recall_fresh_only,0.7291705817547005,0.0008822783237067785,0.728617847260771,0.7296672096327766,10
250.0,congested,oracle_feasible,delivered_safety_recall_fresh_only,0.8094037134116275,0.001242369296889424,0.8086957626775451,0.8101333247131483,10
250.0,congested,oracle_feasible,deadline_miss_rate,0.00056,0.00037475918193480523,0.00036,0.0008,10
250.0,congested,oracle_feasible,p95_latency_ms,94.10612248653933,0.4925743334887905,93.82840848850336,94.40664476937941,10
250.0,congested,oracle_feasible,mean_latency_ms,73.83177622286912,0.4127589452720595,73.60309938135342,74.085389154516,10
250.0,congested,oracle_feasible,usable_confidence_proxy,0.8838419980984925,0.0009698868855820775,0.8832353583573849,0.8843851886228771,10
250.0,congested,oracle_feasible,bandwidth_per_1000_frames_kb,20214.0,57.532599454570104,20182.5,20250.0125,10
250.0,congested,oracle_feasible,remote_output_share,0.7957,0.003207283377979971,0.79382,0.79758,10
250.0,congested,oracle_feasible,usable_output_rate,0.9994399999999999,0.00037475918193480875,0.9992000000000001,0.9996400000000001,10
250.0,congested,oracle_feasible,reuse_rate,0.0,0.0,0.0,0.0,10
250.0,congested,oracle_feasible,remote_attempt_rate,0.80856,0.0023013039781827954,0.8073,0.8100004999999999,10
250.0,congested,oracle_feasible,remote_accept_rate,0.9840944322637789,0.002500847436229913,0.9825426936587736,0.9855042679694499,10
250.0,congested,oracle_feasible,pct_local_fast,19.144,0.23013039781828035,18.99995,19.27,10
250.0,congested,oracle_feasible,pct_edge_accurate,80.85600000000001,0.23013039781828024,80.72999999999999,81.00005000000002,10
250.0,congested,oracle_feasible,pct_hybrid,0.0,0.0,0.0,0.0,10
250.0,congested,oracle_feasible,pct_degraded_safe,0.0,0.0,0.0,0.0,10
250.0,lossy,local_only,delivered_recall,0.6391523349965231,0.0,0.6391523349965231,0.6391523349965231,10
250.0,lossy,local_only,delivered_safety_recall,0.7365956065300292,0.0,0.7365956065300292,0.7365956065300292,10
250.0,lossy,local_only,delivered_recall_fresh_only,0.6391523349965231,0.0,0.6391523349965231,0.6391523349965231,10
250.0,lossy,local_only,delivered_safety_recall_fresh_only,0.7365956065300292,0.0,0.7365956065300292,0.7365956065300292,10
250.0,lossy,local_only,deadline_miss_rate,0.0,0.0,0.0,0.0,10
250.0,lossy,local_only,p95_latency_ms,45.673494995571694,7.489778066296963e-15,45.673494995571694,45.673494995571694,10
250.0,lossy,local_only,mean_latency_ms,35.19284060007193,7.489778066296963e-15,35.19284060007193,35.19284060007193,10
250.0,lossy,local_only,usable_confidence_proxy,0.8192857515573502,0.0,0.8192857515573502,0.8192857515573502,10
250.0,lossy,local_only,bandwidth_per_1000_frames_kb,0.0,0.0,0.0,0.0,10
250.0,lossy,local_only,remote_output_share,0.0,0.0,0.0,0.0,10
250.0,lossy,local_only,usable_output_rate,1.0,0.0,1.0,1.0,10
250.0,lossy,local_only,reuse_rate,0.0,0.0,0.0,0.0,10
250.0,lossy,local_only,remote_attempt_rate,0.0,0.0,0.0,0.0,10
250.0,lossy,local_only,remote_accept_rate,0.0,0.0,0.0,0.0,10
250.0,lossy,local_only,pct_local_fast,100.0,0.0,100.0,100.0,10
250.0,lossy,local_only,pct_edge_accurate,0.0,0.0,0.0,0.0,10
250.0,lossy,local_only,pct_hybrid,0.0,0.0,0.0,0.0,10
250.0,lossy,local_only,pct_degraded_safe,0.0,0.0,0.0,0.0,10
250.0,lossy,edge_only,delivered_recall,0.7259131528900464,0.0010145649769677512,0.7253192300552872,0.7264869920658666,10
250.0,lossy,edge_only,delivered_safety_recall,0.8066238365426953,0.001537422280978896,0.8058110850291988,0.8075790622333943,10
250.0,lossy,edge_only,delivered_recall_fresh_only,0.7259131528900464,0.0010145649769677512,0.7253192300552872,0.7264869920658666,10
250.0,lossy,edge_only,delivered_safety_recall_fresh_only,0.8066238365426953,0.001537422280978896,0.8058110850291988,0.8075790622333943,10
250.0,lossy,edge_only,deadline_miss_rate,0.0,0.0,0.0,0.0,10
250.0,lossy,edge_only,p95_latency_ms,175.95605380391697,0.2918620398864157,175.79060329243566,176.13205755975804,10
250.0,lossy,edge_only,mean_latency_ms,73.66433204333526,0.6167136959315864,73.27977268064063,74.00254033591175,10
250.0,lossy,edge_only,usable_confidence_proxy,0.8689944814682006,0.0004150991001016749,0.8687607156549843,0.8692467392693012,10
250.0,lossy,edge_only,bandwidth_per_1000_frames_kb,25000.0,0.0,25000.0,25000.0,10
250.0,lossy,edge_only,remote_output_share,0.8026,0.0047842333648024545,0.7999595,0.8056005,10
250.0,lossy,edge_only,usable_output_rate,1.0,0.0,1.0,1.0,10
250.0,lossy,edge_only,reuse_rate,0.0,0.0,0.0,0.0,10
250.0,lossy,edge_only,remote_attempt_rate,1.0,0.0,1.0,1.0,10
250.0,lossy,edge_only,remote_accept_rate,0.8026,0.0047842333648024545,0.7999595,0.8056005,10
250.0,lossy,edge_only,pct_local_fast,0.0,0.0,0.0,0.0,10
250.0,lossy,edge_only,pct_edge_accurate,100.0,0.0,100.0,100.0,10
250.0,lossy,edge_only,pct_hybrid,0.0,0.0,0.0,0.0,10
250.0,lossy,edge_only,pct_degraded_safe,0.0,0.0,0.0,0.0,10
250.0,lossy,cloud_only,delivered_recall,0.0,0.0,0.0,0.0,10
250.0,lossy,cloud_only,delivered_safety_recall,0.0,0.0,0.0,0.0,10
250.0,lossy,cloud_only,delivered_recall_fresh_only,,,,,0
250.0,lossy,cloud_only,delivered_safety_recall_fresh_only,,,,,0
250.0,lossy,cloud_only,deadline_miss_rate,1.0,0.0,1.0,1.0,10
250.0,lossy,cloud_only,p95_latency_ms,293.88189618291733,0.14440779635300569,293.796743247257,293.9670751146205,10
250.0,lossy,cloud_only,mean_latency_ms,283.07239292237136,0.0893811445587885,283.02205921896854,283.12691138301625,10
250.0,lossy,cloud_only,usable_confidence_proxy,0.0,0.0,0.0,0.0,10
250.0,lossy,cloud_only,bandwidth_per_1000_frames_kb,35000.0,0.0,35000.0,35000.0,10
250.0,lossy,cloud_only,remote_output_share,0.0,0.0,0.0,0.0,10
250.0,lossy,cloud_only,usable_output_rate,0.0,0.0,0.0,0.0,10
250.0,lossy,cloud_only,reuse_rate,0.0,0.0,0.0,0.0,10
250.0,lossy,cloud_only,remote_attempt_rate,1.0,0.0,1.0,1.0,10
250.0,lossy,cloud_only,remote_accept_rate,0.0,0.0,0.0,0.0,10
250.0,lossy,cloud_only,pct_local_fast,0.0,0.0,0.0,0.0,10
250.0,lossy,cloud_only,pct_edge_accurate,100.0,0.0,100.0,100.0,10
250.0,lossy,cloud_only,pct_hybrid,0.0,0.0,0.0,0.0,10
250.0,lossy,cloud_only,pct_degraded_safe,0.0,0.0,0.0,0.0,10
250.0,lossy,dapper,delivered_recall,0.6675019888533695,0.0007035648569150284,0.6671316841617854,0.6679588089745404,10
250.0,lossy,dapper,delivered_safety_recall,0.757448358226323,0.0008999220107733762,0.7569403716638806,0.7579771552449625,10
250.0,lossy,dapper,delivered_recall_fresh_only,0.6675019888533695,0.0007035648569150284,0.6671316841617854,0.6679588089745404,10
250.0,lossy,dapper,delivered_safety_recall_fresh_only,0.757448358226323,0.0008999220107733762,0.7569403716638806,0.7579771552449625,10
250.0,lossy,dapper,deadline_miss_rate,0.0,0.0,0.0,0.0,10
250.0,lossy,dapper,p95_latency_ms,57.55014256771824,0.5477613938586574,57.23146738608291,57.87343896355309,10
250.0,lossy,dapper,mean_latency_ms,43.703227021379185,0.2589017377337381,43.54666337016869,43.84852398299311,10
250.0,lossy,dapper,usable_confidence_proxy,0.8519550634896756,0.0003547663176482329,0.8517507510563285,0.8521680624217093,10
250.0,lossy,dapper,bandwidth_per_1000_frames_kb,5595.0,0.0,5595.0,5595.0,10
250.0,lossy,dapper,remote_output_share,0.18008,0.002087422653257683,0.1789,0.18134,10
250.0,lossy,dapper,usable_output_rate,1.0,0.0,1.0,1.0,10
250.0,lossy,dapper,reuse_rate,0.0,0.0,0.0,0.0,10
250.0,lossy,dapper,remote_attempt_rate,0.22379999999999994,5.851389114294502e-17,0.22379999999999994,0.22379999999999994,10
250.0,lossy,dapper,remote_accept_rate,0.8046470062555853,0.009327178968979792,0.7993744414655943,0.8102770330652367,10
250.0,lossy,dapper,pct_local_fast,77.62,0.0,77.62,77.62,10
250.0,lossy,dapper,pct_edge_accurate,22.38,0.0,22.38,22.38,10
250.0,lossy,dapper,pct_hybrid,0.0,0.0,0.0,0.0,10
250.0,lossy,dapper,pct_degraded_safe,0.0,0.0,0.0,0.0,10
250.0,lossy,deadline_greedy,delivered_recall,0.6391523349965231,0.0,0.6391523349965231,0.6391523349965231,10
250.0,lossy,deadline_greedy,delivered_safety_recall,0.7365956065300292,0.0,0.7365956065300292,0.7365956065300292,10
250.0,lossy,deadline_greedy,delivered_recall_fresh_only,0.6391523349965231,0.0,0.6391523349965231,0.6391523349965231,10
250.0,lossy,deadline_greedy,delivered_safety_recall_fresh_only,0.7365956065300292,0.0,0.7365956065300292,0.7365956065300292,10
250.0,lossy,deadline_greedy,deadline_miss_rate,0.0,0.0,0.0,0.0,10
250.0,lossy,deadline_greedy,p95_latency_ms,45.673494995571694,7.489778066296963e-15,45.673494995571694,45.673494995571694,10
250.0,lossy,deadline_greedy,mean_latency_ms,35.19284060007193,7.489778066296963e-15,35.19284060007193,35.19284060007193,10
250.0,lossy,deadline_greedy,usable_confidence_proxy,0.8192857515573502,0.0,0.8192857515573502,0.8192857515573502,10
250.0,lossy,deadline_greedy,bandwidth_per_1000_frames_kb,0.0,0.0,0.0,0.0,10
250.0,lossy,deadline_greedy,remote_output_share,0.0,0.0,0.0,0.0,10
250.0,lossy,deadline_greedy,usable_output_rate,1.0,0.0,1.0,1.0,10
250.0,lossy,deadline_greedy,reuse_rate,0.0,0.0,0.0,0.0,10
250.0,lossy,deadline_greedy,remote_attempt_rate,0.0,0.0,0.0,0.0,10
250.0,lossy,deadline_greedy,remote_accept_rate,0.0,0.0,0.0,0.0,10
250.0,lossy,deadline_greedy,pct_local_fast,100.0,0.0,100.0,100.0,10
250.0,lossy,deadline_greedy,pct_edge_accurate,0.0,0.0,0.0,0.0,10
250.0,lossy,deadline_greedy,pct_hybrid,0.0,0.0,0.0,0.0,10
250.0,lossy,deadline_greedy,pct_degraded_safe,0.0,0.0,0.0,0.0,10
250.0,lossy,confidence_deadline,delivered_recall,0.6391523349965231,0.0,0.6391523349965231,0.6391523349965231,10
250.0,lossy,confidence_deadline,delivered_safety_recall,0.7365956065300292,0.0,0.7365956065300292,0.7365956065300292,10
250.0,lossy,confidence_deadline,delivered_recall_fresh_only,0.6391523349965231,0.0,0.6391523349965231,0.6391523349965231,10
250.0,lossy,confidence_deadline,delivered_safety_recall_fresh_only,0.7365956065300292,0.0,0.7365956065300292,0.7365956065300292,10
250.0,lossy,confidence_deadline,deadline_miss_rate,0.0,0.0,0.0,0.0,10
250.0,lossy,confidence_deadline,p95_latency_ms,45.673494995571694,7.489778066296963e-15,45.673494995571694,45.673494995571694,10
250.0,lossy,confidence_deadline,mean_latency_ms,35.19284060007193,7.489778066296963e-15,35.19284060007193,35.19284060007193,10
250.0,lossy,confidence_deadline,usable_confidence_proxy,0.8192857515573502,0.0,0.8192857515573502,0.8192857515573502,10
250.0,lossy,confidence_deadline,bandwidth_per_1000_frames_kb,0.0,0.0,0.0,0.0,10
250.0,lossy,confidence_deadline,remote_output_share,0.0,0.0,0.0,0.0,10
250.0,lossy,confidence_deadline,usable_output_rate,1.0,0.0,1.0,1.0,10
250.0,lossy,confidence_deadline,reuse_rate,0.0,0.0,0.0,0.0,10
250.0,lossy,confidence_deadline,remote_attempt_rate,0.0,0.0,0.0,0.0,10
250.0,lossy,confidence_deadline,remote_accept_rate,0.0,0.0,0.0,0.0,10
250.0,lossy,confidence_deadline,pct_local_fast,100.0,0.0,100.0,100.0,10
250.0,lossy,confidence_deadline,pct_edge_accurate,0.0,0.0,0.0,0.0,10
250.0,lossy,confidence_deadline,pct_hybrid,0.0,0.0,0.0,0.0,10
250.0,lossy,confidence_deadline,pct_degraded_safe,0.0,0.0,0.0,0.0,10
250.0,lossy,oracle_feasible,delivered_recall,0.7166040641027337,0.0010855707717972811,0.7159522871155978,0.7171861402025368,10
250.0,lossy,oracle_feasible,delivered_safety_recall,0.7997503397162693,0.0019466784753798272,0.7986491867123446,0.8008772171027734,10
250.0,lossy,oracle_feasible,delivered_recall_fresh_only,0.7166040641027337,0.0010855707717972811,0.7159522871155978,0.7171861402025368,10
250.0,lossy,oracle_feasible,delivered_safety_recall_fresh_only,0.7997503397162693,0.0019466784753798272,0.7986491867123446,0.8008772171027734,10
250.0,lossy,oracle_feasible,deadline_miss_rate,0.0,0.0,0.0,0.0,10
250.0,lossy,oracle_feasible,p95_latency_ms,55.585593996753985,0.223756540741437,55.45511133337478,55.71760843435124,10
250.0,lossy,oracle_feasible,mean_latency_ms,44.80401037236594,0.10109816741935779,44.74984495068412,44.86585894801417,10
250.0,lossy,oracle_feasible,usable_confidence_proxy,0.8751296146148443,0.00035306534200170577,0.8749357721411883,0.8753547771417797,10
250.0,lossy,oracle_feasible,bandwidth_per_1000_frames_kb,17076.0,91.76661218063524,17021.0,17127.0125,10
250.0,lossy,oracle_feasible,remote_output_share,0.68304,0.003670664487225413,0.68084,0.6850805,10
250.0,lossy,oracle_feasible,usable_output_rate,1.0,0.0,1.0,1.0,10
250.0,lossy,oracle_feasible,reuse_rate,0.0,0.0,0.0,0.0,10
250.0,lossy,oracle_feasible,remote_attempt_rate,0.68304,0.003670664487225413,0.68084,0.6850805,10
250.0,lossy,oracle_feasible,remote_accept_rate,1.0,0.0,1.0,1.0,10
250.0,lossy,oracle_feasible,pct_local_fast,31.695999999999998,0.36706644872254063,31.49195,31.915999999999997,10
250.0,lossy,oracle_feasible,pct_edge_accurate,68.30399999999999,0.3670664487225408,68.084,68.50805000000001,10
250.0,lossy,oracle_feasible,pct_hybrid,0.0,0.0,0.0,0.0,10
250.0,lossy,oracle_feasible,pct_degraded_safe,0.0,0.0,0.0,0.0,10
250.0,variable,local_only,delivered_recall,0.6391523349965231,0.0,0.6391523349965231,0.6391523349965231,10
250.0,variable,local_only,delivered_safety_recall,0.7365956065300292,0.0,0.7365956065300292,0.7365956065300292,10
250.0,variable,local_only,delivered_recall_fresh_only,0.6391523349965231,0.0,0.6391523349965231,0.6391523349965231,10
250.0,variable,local_only,delivered_safety_recall_fresh_only,0.7365956065300292,0.0,0.7365956065300292,0.7365956065300292,10
250.0,variable,local_only,deadline_miss_rate,0.0,0.0,0.0,0.0,10
250.0,variable,local_only,p95_latency_ms,45.673494995571694,7.489778066296963e-15,45.673494995571694,45.673494995571694,10
250.0,variable,local_only,mean_latency_ms,35.19284060007193,7.489778066296963e-15,35.19284060007193,35.19284060007193,10
250.0,variable,local_only,usable_confidence_proxy,0.8192857515573502,0.0,0.8192857515573502,0.8192857515573502,10
250.0,variable,local_only,bandwidth_per_1000_frames_kb,0.0,0.0,0.0,0.0,10
250.0,variable,local_only,remote_output_share,0.0,0.0,0.0,0.0,10
250.0,variable,local_only,usable_output_rate,1.0,0.0,1.0,1.0,10
250.0,variable,local_only,reuse_rate,0.0,0.0,0.0,0.0,10
250.0,variable,local_only,remote_attempt_rate,0.0,0.0,0.0,0.0,10
250.0,variable,local_only,remote_accept_rate,0.0,0.0,0.0,0.0,10
250.0,variable,local_only,pct_local_fast,100.0,0.0,100.0,100.0,10
250.0,variable,local_only,pct_edge_accurate,0.0,0.0,0.0,0.0,10
250.0,variable,local_only,pct_hybrid,0.0,0.0,0.0,0.0,10
250.0,variable,local_only,pct_degraded_safe,0.0,0.0,0.0,0.0,10
250.0,variable,edge_only,delivered_recall,0.7155510641455913,0.00233509598047251,0.714145864122092,0.7168869998077813,10
250.0,variable,edge_only,delivered_safety_recall,0.7980575067241827,0.003348421389452452,0.7961962372176004,0.8000356862130331,10
250.0,variable,edge_only,delivered_recall_fresh_only,0.7156087977003448,0.0023091043928704486,0.7142108429630085,0.716933566969635,10
250.0,variable,edge_only,delivered_safety_recall_fresh_only,0.7981380233899464,0.0033015632713469167,0.7963063024293862,0.8000791587677563,10
250.0,variable,edge_only,deadline_miss_rate,8e-05,0.00013984117975602021,0.0,0.00017999999999999998,10
250.0,variable,edge_only,p95_latency_ms,171.7368257884584,2.717293607624473,170.2181225596507,173.43159852773138,10
250.0,variable,edge_only,mean_latency_ms,61.74703521721045,0.765995813498952,61.30404971967419,62.18406292402042,10
250.0,variable,edge_only,usable_confidence_proxy,0.8634683999651671,0.0016252306124433864,0.8624988976767062,0.8644001295611857,10
250.0,variable,edge_only,bandwidth_per_1000_frames_kb,19177.5,513.7890293366205,18882.0,19486.5,10
250.0,variable,edge_only,remote_output_share,0.71046,0.020014006206765404,0.69912,0.7225399999999998,10
250.0,variable,edge_only,usable_output_rate,0.99992,0.0001398411797560048,0.99982,1.0,10
250.0,variable,edge_only,reuse_rate,0.0,0.0,0.0,0.0,10
250.0,variable,edge_only,remote_attempt_rate,0.7670999999999999,0.02055156117346483,0.7552800000000002,0.77946,10
250.0,variable,edge_only,remote_accept_rate,0.9261358805894897,0.0025352788918570207,0.9245825086857729,0.9275589821141457,10
250.0,variable,edge_only,pct_local_fast,0.0,0.0,0.0,0.0,10
250.0,variable,edge_only,pct_edge_accurate,100.0,0.0,100.0,100.0,10
250.0,variable,edge_only,pct_hybrid,0.0,0.0,0.0,0.0,10
250.0,variable,edge_only,pct_degraded_safe,0.0,0.0,0.0,0.0,10
250.0,variable,cloud_only,delivered_recall,0.15095939869187913,0.012872898214115679,0.14313653990675657,0.15828904542536854,10
250.0,variable,cloud_only,delivered_safety_recall,0.1732479140914523,0.016018404089434057,0.16369210122823288,0.18236031163661226,10
250.0,variable,cloud_only,delivered_recall_fresh_only,0.6415796220044966,0.00772667260921069,0.6373118689853227,0.6463110486056194,10
250.0,variable,cloud_only,delivered_safety_recall_fresh_only,0.7348204607506201,0.014414593584201654,0.7265474134028997,0.7433170904992905,10
250.0,variable,cloud_only,deadline_miss_rate,0.7646200000000001,0.021076253093100884,0.7525395,0.7772415000000001,10
250.0,variable,cloud_only,p95_latency_ms,293.65965200267965,0.4441634198850538,293.3873329797643,293.90638004645734,10
250.0,variable,cloud_only,mean_latency_ms,226.03048045597757,5.236870983908167,223.02191554880358,229.18328796456532,10
250.0,variable,cloud_only,usable_confidence_proxy,0.19334923505365847,0.01699175960178429,0.18311085002590716,0.20301945054829124,10
250.0,variable,cloud_only,bandwidth_per_1000_frames_kb,26848.5,719.3046410712687,26434.8,27281.1,10
250.0,variable,cloud_only,remote_output_share,0.00246,0.0009709102258533826,0.0018799999999999997,0.003,10
250.0,variable,cloud_only,usable_output_rate,0.23538,0.02107625309310088,0.2227585,0.24746049999999994,10
250.0,variable,cloud_only,reuse_rate,0.0,0.0,0.0,0.0,10
250.0,variable,cloud_only,remote_attempt_rate,0.7670999999999999,0.02055156117346483,0.7552800000000002,0.77946,10
250.0,variable,cloud_only,remote_accept_rate,0.0032249992500837975,0.0013093637005554717,0.0024391443156487973,0.003964476556907244,10
250.0,variable,cloud_only,pct_local_fast,0.0,0.0,0.0,0.0,10
250.0,variable,cloud_only,pct_edge_accurate,100.0,0.0,100.0,100.0,10
250.0,variable,cloud_only,pct_hybrid,0.0,0.0,0.0,0.0,10
250.0,variable,cloud_only,pct_degraded_safe,0.0,0.0,0.0,0.0,10
250.0,variable,dapper,delivered_recall,0.5625195324149709,0.00892063004355583,0.5572579027654158,0.5677845929467845,10
250.0,variable,dapper,delivered_safety_recall,0.639189614571961,0.011291877428232643,0.6325951793969833,0.6457689685826421,10
250.0,variable,dapper,delivered_recall_fresh_only,0.6691205863967276,0.0015319767968039594,0.6682746736133639,0.6700776016537755,10
250.0,variable,dapper,delivered_safety_recall_fresh_only,0.7600711372321556,0.0029842262152892313,0.7583475365014486,0.7619421592660295,10
250.0,variable,dapper,deadline_miss_rate,2e-05,6.324555320336758e-05,0.0,6.000000000000001e-05,10
250.0,variable,dapper,p95_latency_ms,70.81629534967678,0.8662806855479032,70.34786150473217,71.34005082943962,10
250.0,variable,dapper,mean_latency_ms,35.65590226324884,0.6823463153232914,35.25985171113562,36.05856485913188,10
250.0,variable,dapper,usable_confidence_proxy,0.8509105271983147,0.001932770931584969,0.8498563332593442,0.8521258082508146,10
250.0,variable,dapper,bandwidth_per_1000_frames_kb,4291.0,138.64022183735537,4209.5,4373.0125,10
250.0,variable,dapper,remote_output_share,0.15863999999999998,0.0054916502275929955,0.15550000000000003,0.16191999999999998,10
250.0,variable,dapper,usable_output_rate,0.84074,0.013758569047042021,0.8327995,0.8489799999999998,10
250.0,variable,dapper,reuse_rate,0.15924,0.013785596347879427,0.1509795,0.1672,10
250.0,variable,dapper,remote_attempt_rate,0.17164,0.005545608873494213,0.16838000000000003,0.17492049999999998,10
250.0,variable,dapper,remote_accept_rate,0.9242345554317961,0.00876587868402772,0.9185923879572889,0.9289529736389092,10
250.0,variable,dapper,pct_local_fast,66.912,0.860965865886806,66.40795,67.41999999999999,10
250.0,variable,dapper,pct_edge_accurate,17.164,0.5545608873494218,16.838,17.492049999999995,10
250.0,variable,dapper,pct_hybrid,0.0,0.0,0.0,0.0,10
250.0,variable,dapper,pct_degraded_safe,15.923999999999998,1.3785596347879427,15.097949999999999,16.72,10
250.0,variable,deadline_greedy,delivered_recall,0.6391523349965231,0.0,0.6391523349965231,0.6391523349965231,10
250.0,variable,deadline_greedy,delivered_safety_recall,0.7365956065300292,0.0,0.7365956065300292,0.7365956065300292,10
250.0,variable,deadline_greedy,delivered_recall_fresh_only,0.6391523349965231,0.0,0.6391523349965231,0.6391523349965231,10
250.0,variable,deadline_greedy,delivered_safety_recall_fresh_only,0.7365956065300292,0.0,0.7365956065300292,0.7365956065300292,10
250.0,variable,deadline_greedy,deadline_miss_rate,0.0,0.0,0.0,0.0,10
250.0,variable,deadline_greedy,p95_latency_ms,45.673494995571694,7.489778066296963e-15,45.673494995571694,45.673494995571694,10
250.0,variable,deadline_greedy,mean_latency_ms,35.19284060007193,7.489778066296963e-15,35.19284060007193,35.19284060007193,10
250.0,variable,deadline_greedy,usable_confidence_proxy,0.8192857515573502,0.0,0.8192857515573502,0.8192857515573502,10
250.0,variable,deadline_greedy,bandwidth_per_1000_frames_kb,0.0,0.0,0.0,0.0,10
250.0,variable,deadline_greedy,remote_output_share,0.0,0.0,0.0,0.0,10
250.0,variable,deadline_greedy,usable_output_rate,1.0,0.0,1.0,1.0,10
250.0,variable,deadline_greedy,reuse_rate,0.0,0.0,0.0,0.0,10
250.0,variable,deadline_greedy,remote_attempt_rate,0.0,0.0,0.0,0.0,10
250.0,variable,deadline_greedy,remote_accept_rate,0.0,0.0,0.0,0.0,10
250.0,variable,deadline_greedy,pct_local_fast,100.0,0.0,100.0,100.0,10
250.0,variable,deadline_greedy,pct_edge_accurate,0.0,0.0,0.0,0.0,10
250.0,variable,deadline_greedy,pct_hybrid,0.0,0.0,0.0,0.0,10
250.0,variable,deadline_greedy,pct_degraded_safe,0.0,0.0,0.0,0.0,10
250.0,variable,confidence_deadline,delivered_recall,0.6391523349965231,0.0,0.6391523349965231,0.6391523349965231,10
250.0,variable,confidence_deadline,delivered_safety_recall,0.7365956065300292,0.0,0.7365956065300292,0.7365956065300292,10
250.0,variable,confidence_deadline,delivered_recall_fresh_only,0.6391523349965231,0.0,0.6391523349965231,0.6391523349965231,10
250.0,variable,confidence_deadline,delivered_safety_recall_fresh_only,0.7365956065300292,0.0,0.7365956065300292,0.7365956065300292,10
250.0,variable,confidence_deadline,deadline_miss_rate,0.0,0.0,0.0,0.0,10
250.0,variable,confidence_deadline,p95_latency_ms,45.673494995571694,7.489778066296963e-15,45.673494995571694,45.673494995571694,10
250.0,variable,confidence_deadline,mean_latency_ms,35.19284060007193,7.489778066296963e-15,35.19284060007193,35.19284060007193,10
250.0,variable,confidence_deadline,usable_confidence_proxy,0.8192857515573502,0.0,0.8192857515573502,0.8192857515573502,10
250.0,variable,confidence_deadline,bandwidth_per_1000_frames_kb,0.0,0.0,0.0,0.0,10
250.0,variable,confidence_deadline,remote_output_share,0.0,0.0,0.0,0.0,10
250.0,variable,confidence_deadline,usable_output_rate,1.0,0.0,1.0,1.0,10
250.0,variable,confidence_deadline,reuse_rate,0.0,0.0,0.0,0.0,10
250.0,variable,confidence_deadline,remote_attempt_rate,0.0,0.0,0.0,0.0,10
250.0,variable,confidence_deadline,remote_accept_rate,0.0,0.0,0.0,0.0,10
250.0,variable,confidence_deadline,pct_local_fast,100.0,0.0,100.0,100.0,10
250.0,variable,confidence_deadline,pct_edge_accurate,0.0,0.0,0.0,0.0,10
250.0,variable,confidence_deadline,pct_hybrid,0.0,0.0,0.0,0.0,10
250.0,variable,confidence_deadline,pct_degraded_safe,0.0,0.0,0.0,0.0,10
250.0,variable,oracle_feasible,delivered_recall,0.7074391088245201,0.0021619068655283355,0.7061564909288516,0.7087011586776357,10
250.0,variable,oracle_feasible,delivered_safety_recall,0.7920999857716682,0.002798778698190313,0.790568759638128,0.7937375298254654,10
250.0,variable,oracle_feasible,delivered_recall_fresh_only,0.7074676870053929,0.0021631137096421783,0.7061830272837227,0.7087315120528807,10
250.0,variable,oracle_feasible,delivered_safety_recall_fresh_only,0.7921532389387275,0.0027565661935125317,0.7906570623068764,0.7937738535418862,10
250.0,variable,oracle_feasible,deadline_miss_rate,4e-05,8.43274042711568e-05,0.0,0.0001,10
250.0,variable,oracle_feasible,p95_latency_ms,80.70286528228328,0.7662125340000212,80.23783538129707,81.1358435911104,10
250.0,variable,oracle_feasible,mean_latency_ms,50.753838616559484,0.5197964666785131,50.4524548663232,51.046410342274626,10
250.0,variable,oracle_feasible,usable_confidence_proxy,0.8688451107978821,0.0016362139233010334,0.867902965719059,0.8698203801650554,10
250.0,variable,oracle_feasible,bandwidth_per_1000_frames_kb,15206.5,440.6816058990638,14953.9875,15467.5,10
250.0,variable,oracle_feasible,remote_output_share,0.60578,0.017391811610959654,0.5957989999999999,0.6161405,10
250.0,variable,oracle_feasible,usable_output_rate,0.9999600000000001,8.43274042711475e-05,0.9999,1.0,10
250.0,variable,oracle_feasible,reuse_rate,0.0,0.0,0.0,0.0,10
250.0,variable,oracle_feasible,remote_attempt_rate,0.6082599999999999,0.017627264235962548,0.5981594999999998,0.6186999999999999,10
250.0,variable,oracle_feasible,remote_accept_rate,0.9959306261715029,0.0011618517843670893,0.9952509317030039,0.9966252916636985,10
250.0,variable,oracle_feasible,pct_local_fast,39.17399999999999,1.7627264235962559,38.13,40.184050000000006,10
250.0,variable,oracle_feasible,pct_edge_accurate,60.826,1.7627264235962552,59.815949999999994,61.86999999999999,10
250.0,variable,oracle_feasible,pct_hybrid,0.0,0.0,0.0,0.0,10
250.0,variable,oracle_feasible,pct_degraded_safe,0.0,0.0,0.0,0.0,10
250.0,outage,local_only,delivered_recall,0.6391523349965231,0.0,0.6391523349965231,0.6391523349965231,10
250.0,outage,local_only,delivered_safety_recall,0.7365956065300292,0.0,0.7365956065300292,0.7365956065300292,10
250.0,outage,local_only,delivered_recall_fresh_only,0.6391523349965231,0.0,0.6391523349965231,0.6391523349965231,10
250.0,outage,local_only,delivered_safety_recall_fresh_only,0.7365956065300292,0.0,0.7365956065300292,0.7365956065300292,10
250.0,outage,local_only,deadline_miss_rate,0.0,0.0,0.0,0.0,10
250.0,outage,local_only,p95_latency_ms,45.673494995571694,7.489778066296963e-15,45.673494995571694,45.673494995571694,10
250.0,outage,local_only,mean_latency_ms,35.19284060007193,7.489778066296963e-15,35.19284060007193,35.19284060007193,10
250.0,outage,local_only,usable_confidence_proxy,0.8192857515573502,0.0,0.8192857515573502,0.8192857515573502,10
250.0,outage,local_only,bandwidth_per_1000_frames_kb,0.0,0.0,0.0,0.0,10
250.0,outage,local_only,remote_output_share,0.0,0.0,0.0,0.0,10
250.0,outage,local_only,usable_output_rate,1.0,0.0,1.0,1.0,10
250.0,outage,local_only,reuse_rate,0.0,0.0,0.0,0.0,10
250.0,outage,local_only,remote_attempt_rate,0.0,0.0,0.0,0.0,10
250.0,outage,local_only,remote_accept_rate,0.0,0.0,0.0,0.0,10
250.0,outage,local_only,pct_local_fast,100.0,0.0,100.0,100.0,10
250.0,outage,local_only,pct_edge_accurate,0.0,0.0,0.0,0.0,10
250.0,outage,local_only,pct_hybrid,0.0,0.0,0.0,0.0,10
250.0,outage,local_only,pct_degraded_safe,0.0,0.0,0.0,0.0,10
250.0,outage,edge_only,delivered_recall,0.5458707371718718,0.003078690920543118,0.5441928270269291,0.5478240860218662,10
250.0,outage,edge_only,delivered_safety_recall,0.6308131641647489,0.0030165446750629902,0.6290097555067915,0.6325047216749825,10
250.0,outage,edge_only,delivered_recall_fresh_only,0.6387729049136479,0.0009414550252474172,0.6382439014527084,0.6393556834330975,10
250.0,outage,edge_only,delivered_safety_recall_fresh_only,0.7371383213604119,0.0018006183886349928,0.7360462842071815,0.7381377520866749,10
250.0,outage,edge_only,deadline_miss_rate,0.14534000000000002,0.005094703131684903,0.14218,0.14819999999999997,10
250.0,outage,edge_only,p95_latency_ms,285.2073240032769,0.2206827089354307,285.09520500636427,285.355633844556,10
250.0,outage,edge_only,mean_latency_ms,71.50382118939633,1.2744112398859575,70.71408623714457,72.21973484632537,10
250.0,outage,edge_only,usable_confidence_proxy,0.700453926113844,0.004317677497425874,0.6979798445754499,0.7030687775880994,10
250.0,outage,edge_only,bandwidth_per_1000_frames_kb,3634.5,127.28904116223046,3555.5,3706.0,10
250.0,outage,edge_only,remote_output_share,0.0,0.0,0.0,0.0,10
250.0,outage,edge_only,usable_output_rate,0.8546600000000002,0.005094703131684884,0.8518000000000001,0.8578199999999999,10
250.0,outage,edge_only,reuse_rate,0.0,0.0,0.0,0.0,10
250.0,outage,edge_only,remote_attempt_rate,0.14538,0.005091561646489215,0.14221999999999999,0.14823999999999998,10
250.0,outage,edge_only,remote_accept_rate,0.0,0.0,0.0,0.0,10
250.0,outage,edge_only,pct_local_fast,0.0,0.0,0.0,0.0,10
250.0,outage,edge_only,pct_edge_accurate,100.0,0.0,100.0,100.0,10
250.0,outage,edge_only,pct_hybrid,0.0,0.0,0.0,0.0,10
250.0,outage,edge_only,pct_degraded_safe,0.0,0.0,0.0,0.0,10
250.0,outage,cloud_only,delivered_recall,0.5458358568663938,0.0030780779012135498,0.544168583010652,0.5477945973592294,10
250.0,outage,cloud_only,delivered_safety_recall,0.6307457787200048,0.0030091038026736428,0.6289591975600336,0.6324454023016335,10
250.0,outage,cloud_only,delivered_recall_fresh_only,0.6387622790380946,0.0009472329723536723,0.6382335832837622,0.6393491761992973,10
250.0,outage,cloud_only,delivered_safety_recall_fresh_only,0.7371176105219341,0.0018064083695530047,0.7360136192355285,0.7381107063232605,10
250.0,outage,cloud_only,deadline_miss_rate,0.14538,0.005091561646489215,0.14221999999999999,0.14823999999999998,10
250.0,outage,cloud_only,p95_latency_ms,285.2665724940016,0.19679339930985243,285.16851899796166,285.3997086945601,10
250.0,outage,cloud_only,mean_latency_ms,71.53784060007193,1.2728904116223063,70.74784060007194,72.25284060007193,10
250.0,outage,cloud_only,usable_confidence_proxy,0.7004173790574073,0.00431390748861539,0.6979462876087279,0.7030408195195348,10
250.0,outage,cloud_only,bandwidth_per_1000_frames_kb,5088.3,178.20465762712263,4977.7,5188.4,10
250.0,outage,cloud_only,remote_output_share,0.0,0.0,0.0,0.0,10
250.0,outage,cloud_only,usable_output_rate,0.85462,0.005091561646489195,0.85176,0.85778,10
250.0,outage,cloud_only,reuse_rate,0.0,0.0,0.0,0.0,10
250.0,outage,cloud_only,remote_attempt_rate,0.14538,0.005091561646489215,0.14221999999999999,0.14823999999999998,10
250.0,outage,cloud_only,remote_accept_rate,0.0,0.0,0.0,0.0,10
250.0,outage,cloud_only,pct_local_fast,0.0,0.0,0.0,0.0,10
250.0,outage,cloud_only,pct_edge_accurate,100.0,0.0,100.0,100.0,10
250.0,outage,cloud_only,pct_hybrid,0.0,0.0,0.0,0.0,10
250.0,outage,cloud_only,pct_degraded_safe,0.0,0.0,0.0,0.0,10
250.0,outage,dapper,delivered_recall,0.22544841038208424,0.0016094238359052836,0.22452572093127102,0.22634832294896726,10
250.0,outage,dapper,delivered_safety_recall,0.26515546705652565,0.004301717745977597,0.26268182459319733,0.2677412917284129,10
250.0,outage,dapper,delivered_recall_fresh_only,0.6391206400127579,0.003051411718308916,0.6372662569768005,0.6408307173607077,10
250.0,outage,dapper,delivered_safety_recall_fresh_only,0.7391239530922001,0.00532006515584593,0.7364629749851945,0.7424915451988007,10
250.0,outage,dapper,deadline_miss_rate,0.0,0.0,0.0,0.0,10
250.0,outage,dapper,p95_latency_ms,38.6271070089424,0.11126512117675408,38.56434245521814,38.694914024090394,10
250.0,outage,dapper,mean_latency_ms,13.065129704039004,0.05214113359765714,13.03556277639735,13.09572008006779,10
250.0,outage,dapper,usable_confidence_proxy,0.821913391329646,0.0014691143874516156,0.8211153547982573,0.8228206548715233,10
250.0,outage,dapper,bandwidth_per_1000_frames_kb,0.0,0.0,0.0,0.0,10
250.0,outage,dapper,remote_output_share,0.0,0.0,0.0,0.0,10
250.0,outage,dapper,usable_output_rate,0.35292,0.0014085453489327243,0.35212,0.35374,10
250.0,outage,dapper,reuse_rate,0.64708,0.0014085453489327219,0.6462600000000001,0.64788,10
250.0,outage,dapper,remote_attempt_rate,0.0,0.0,0.0,0.0,10
250.0,outage,dapper,remote_accept_rate,0.0,0.0,0.0,0.0,10
250.0,outage,dapper,pct_local_fast,30.637999999999995,0.2697241389106855,30.494,30.802,10
250.0,outage,dapper,pct_edge_accurate,0.0,0.0,0.0,0.0,10
250.0,outage,dapper,pct_hybrid,0.0,0.0,0.0,0.0,10
250.0,outage,dapper,pct_degraded_safe,69.362,0.26972413891068764,69.19800000000001,69.506,10
250.0,outage,deadline_greedy,delivered_recall,0.6391523349965231,0.0,0.6391523349965231,0.6391523349965231,10
250.0,outage,deadline_greedy,delivered_safety_recall,0.7365956065300292,0.0,0.7365956065300292,0.7365956065300292,10
250.0,outage,deadline_greedy,delivered_recall_fresh_only,0.6391523349965231,0.0,0.6391523349965231,0.6391523349965231,10
250.0,outage,deadline_greedy,delivered_safety_recall_fresh_only,0.7365956065300292,0.0,0.7365956065300292,0.7365956065300292,10
250.0,outage,deadline_greedy,deadline_miss_rate,0.0,0.0,0.0,0.0,10
250.0,outage,deadline_greedy,p95_latency_ms,45.673494995571694,7.489778066296963e-15,45.673494995571694,45.673494995571694,10
250.0,outage,deadline_greedy,mean_latency_ms,35.19284060007193,7.489778066296963e-15,35.19284060007193,35.19284060007193,10
250.0,outage,deadline_greedy,usable_confidence_proxy,0.8192857515573502,0.0,0.8192857515573502,0.8192857515573502,10
250.0,outage,deadline_greedy,bandwidth_per_1000_frames_kb,0.0,0.0,0.0,0.0,10
250.0,outage,deadline_greedy,remote_output_share,0.0,0.0,0.0,0.0,10
250.0,outage,deadline_greedy,usable_output_rate,1.0,0.0,1.0,1.0,10
250.0,outage,deadline_greedy,reuse_rate,0.0,0.0,0.0,0.0,10
250.0,outage,deadline_greedy,remote_attempt_rate,0.0,0.0,0.0,0.0,10
250.0,outage,deadline_greedy,remote_accept_rate,0.0,0.0,0.0,0.0,10
250.0,outage,deadline_greedy,pct_local_fast,100.0,0.0,100.0,100.0,10
250.0,outage,deadline_greedy,pct_edge_accurate,0.0,0.0,0.0,0.0,10
250.0,outage,deadline_greedy,pct_hybrid,0.0,0.0,0.0,0.0,10
250.0,outage,deadline_greedy,pct_degraded_safe,0.0,0.0,0.0,0.0,10
250.0,outage,confidence_deadline,delivered_recall,0.6391523349965231,0.0,0.6391523349965231,0.6391523349965231,10
250.0,outage,confidence_deadline,delivered_safety_recall,0.7365956065300292,0.0,0.7365956065300292,0.7365956065300292,10
250.0,outage,confidence_deadline,delivered_recall_fresh_only,0.6391523349965231,0.0,0.6391523349965231,0.6391523349965231,10
250.0,outage,confidence_deadline,delivered_safety_recall_fresh_only,0.7365956065300292,0.0,0.7365956065300292,0.7365956065300292,10
250.0,outage,confidence_deadline,deadline_miss_rate,0.0,0.0,0.0,0.0,10
250.0,outage,confidence_deadline,p95_latency_ms,45.673494995571694,7.489778066296963e-15,45.673494995571694,45.673494995571694,10
250.0,outage,confidence_deadline,mean_latency_ms,35.19284060007193,7.489778066296963e-15,35.19284060007193,35.19284060007193,10
250.0,outage,confidence_deadline,usable_confidence_proxy,0.8192857515573502,0.0,0.8192857515573502,0.8192857515573502,10
250.0,outage,confidence_deadline,bandwidth_per_1000_frames_kb,0.0,0.0,0.0,0.0,10
250.0,outage,confidence_deadline,remote_output_share,0.0,0.0,0.0,0.0,10
250.0,outage,confidence_deadline,usable_output_rate,1.0,0.0,1.0,1.0,10
250.0,outage,confidence_deadline,reuse_rate,0.0,0.0,0.0,0.0,10
250.0,outage,confidence_deadline,remote_attempt_rate,0.0,0.0,0.0,0.0,10
250.0,outage,confidence_deadline,remote_accept_rate,0.0,0.0,0.0,0.0,10
250.0,outage,confidence_deadline,pct_local_fast,100.0,0.0,100.0,100.0,10
250.0,outage,confidence_deadline,pct_edge_accurate,0.0,0.0,0.0,0.0,10
250.0,outage,confidence_deadline,pct_hybrid,0.0,0.0,0.0,0.0,10
250.0,outage,confidence_deadline,pct_degraded_safe,0.0,0.0,0.0,0.0,10
250.0,outage,oracle_feasible,delivered_recall,0.5928510305948569,0.002522525582829423,0.5914929617280206,0.594396903071555,10
250.0,outage,oracle_feasible,delivered_safety_recall,0.6841307806634437,0.0047010869149918325,0.6813254554866458,0.6866993379267351,10
250.0,outage,oracle_feasible,delivered_recall_fresh_only,0.6385511003381448,0.0008044022436355845,0.638079470504374,0.6390309539457706,10
250.0,outage,oracle_feasible,delivered_safety_recall_fresh_only,0.7375556841739304,0.0018094346584729883,0.7365440122222962,0.7385938114130846,10
250.0,outage,oracle_feasible,deadline_miss_rate,0.0709,0.0040794879853018615,0.06832,0.0731,10
250.0,outage,oracle_feasible,p95_latency_ms,282.68725371938984,0.38222698290528156,282.45972561395337,282.9044964875211,10
250.0,outage,oracle_feasible,mean_latency_ms,52.90326278601159,1.0157157310199951,52.26319676548576,53.45249949782493,10
250.0,outage,oracle_feasible,usable_confidence_proxy,0.7613017568403482,0.003387881999748189,0.7594595863576084,0.7634057473036349,10
250.0,outage,oracle_feasible,bandwidth_per_1000_frames_kb,1773.0,102.14912845660723,1708.5,1828.0124999999998,10
250.0,outage,oracle_feasible,remote_output_share,0.0,0.0,0.0,0.0,10
250.0,outage,oracle_feasible,usable_output_rate,0.9291,0.004079487985301868,0.9269000000000002,0.9316800000000001,10
250.0,outage,oracle_feasible,reuse_rate,0.0,0.0,0.0,0.0,10
250.0,outage,oracle_feasible,remote_attempt_rate,0.07092000000000001,0.004085965138264292,0.06834,0.0731205,10
250.0,outage,oracle_feasible,remote_accept_rate,0.0,0.0,0.0,0.0,10
250.0,outage,oracle_feasible,pct_local_fast,92.90799999999999,0.40859651382643036,92.68795,93.166,10
250.0,outage,oracle_feasible,pct_edge_accurate,7.0920000000000005,0.40859651382642914,6.8340000000000005,7.312050000000001,10
250.0,outage,oracle_feasible,pct_hybrid,0.0,0.0,0.0,0.0,10
250.0,outage,oracle_feasible,pct_degraded_safe,0.0,0.0,0.0,0.0,10
