policy,profile,seed,deadline_ms,frames,mean_latency_ms,p95_latency_ms,p99_latency_ms,max_latency_ms,mean_final_latency_ms,deadline_miss_rate,mean_output_confidence,usable_confidence_proxy,total_bandwidth_kb,bandwidth_per_frame_kb,bandwidth_per_1000_frames_kb,fallback_rate,reuse_rate,stale_acceptance_rate,remote_attempt_rate,remote_success_rate,remote_accept_rate,remote_accepted_per_frame,remote_rejected_deadline_rate,remote_rejected_freshness_rate,remote_failed_loss_rate,remote_unreachable_rate,pct_local_fast,pct_edge_accurate,pct_hybrid,pct_degraded_safe,mode_switches,mode_switches_per_1000,delivered_recall,delivered_safety_recall,remote_output_share,usable_output_rate,frames_scored,deadline_sweep_ms
local_only,stable,100,50.0,250,32.90618080133572,45.22195500030648,53.2414129906101,57.1629999903962,32.90618080133572,0.024,0.8127137591838837,0.792240528345108,0.0,0.0,0.0,0.0,0.0,0.0,0.0,0.0,0.0,0.0,0.0,0.0,0.0,0.0,100.0,0.0,0.0,0.0,0,0.0,0.6275289147717149,0.7387582781691062,0.0,0.976,250,50.0
edge_only,stable,100,50.0,250,50.10595083432231,89.51555003295648,103.2414129906101,107.1629999903962,50.10595083432231,0.184,0.8723407815694809,0.7187731144428253,6250.0,25.0,25000.0,0.184,0.0,0.0,1.0,0.976,0.816,0.816,0.16,0.0,0.024,0.0,0.0,100.0,0.0,0.0,0,0.0,0.5982192822867876,0.6828610614438639,0.816,0.816,250,50.0
cloud_only,stable,100,50.0,250,82.90618080133572,95.22195500030648,103.2414129906101,107.1629999903962,82.90618080133572,1.0,0.8127137591838837,0.0,8750.0,35.0,35000.0,1.0,0.0,0.0,1.0,0.996,0.0,0.0,0.996,0.0,0.004,0.0,0.0,100.0,0.0,0.0,0,0.0,0.0,0.0,0.0,0.0,250,50.0
dapper,stable,100,50.0,250,32.90618080133572,45.22195500030648,53.2414129906101,57.1629999903962,32.90618080133572,0.024,0.8127137591838837,0.792240528345108,0.0,0.0,0.0,0.0,0.0,0.0,0.0,0.0,0.0,0.0,0.0,0.0,0.0,0.0,100.0,0.0,0.0,0.0,0,0.0,0.6275289147717149,0.7387582781691062,0.0,0.976,250,50.0
deadline_greedy,stable,100,50.0,250,32.90618080133572,45.22195500030648,53.2414129906101,57.1629999903962,32.90618080133572,0.024,0.8127137591838837,0.792240528345108,0.0,0.0,0.0,0.0,0.0,0.0,0.0,0.0,0.0,0.0,0.0,0.0,0.0,0.0,100.0,0.0,0.0,0.0,0,0.0,0.6275289147717149,0.7387582781691062,0.0,0.976,250,50.0
confidence_deadline,stable,100,50.0,250,32.90618080133572,45.22195500030648,53.2414129906101,57.1629999903962,32.90618080133572,0.024,0.8127137591838837,0.792240528345108,0.0,0.0,0.0,0.0,0.0,0.0,0.0,0.0,0.0,0.0,0.0,0.0,0.0,0.0,100.0,0.0,0.0,0.0,0,0.0,0.6275289147717149,0.7387582781691062,0.0,0.976,250,50.0
oracle_feasible,stable,100,50.0,250,40.17066538570085,49.20207556589894,53.2414129906101,57.1629999903962,40.17066538570085,0.024,0.8779300051927567,0.857456774353981,4600.0,18.4,18400.0,0.0,0.0,0.0,0.736,1.0,1.0,0.736,0.0,0.0,0.0,0.0,26.400000000000002,73.6,0.0,0.0,89,356.0,0.700040639149058,0.7817790754892667,0.736,0.976,250,50.0
local_only,stable,101,50.0,250,32.90618080133572,45.22195500030648,53.2414129906101,57.1629999903962,32.90618080133572,0.024,0.8127137591838837,0.792240528345108,0.0,0.0,0.0,0.0,0.0,0.0,0.0,0.0,0.0,0.0,0.0,0.0,0.0,0.0,100.0,0.0,0.0,0.0,0,0.0,0.6275289147717149,0.7387582781691062,0.0,0.976,250,50.0
edge_only,stable,101,50.0,250,50.445303793810005,88.16526502778288,101.34015997871755,104.7997000394389,50.445303793810005,0.188,0.8718284913301468,0.7146355469226837,6250.0,25.0,25000.0,0.188,0.0,0.0,1.0,0.992,0.812,0.812,0.18,0.0,0.008,0.0,0.0,100.0,0.0,0.0,0,0.0,0.5940403852578905,0.6633281527389808,0.812,0.812,250,50.0
cloud_only,stable,101,50.0,250,82.90618080133572,95.22195500030648,103.2414129906101,107.1629999903962,82.90618080133572,1.0,0.8127137591838837,0.0,8750.0,35.0,35000.0,1.0,0.0,0.0,1.0,1.0,0.0,0.0,1.0,0.0,0.0,0.0,0.0,100.0,0.0,0.0,0,0.0,0.0,0.0,0.0,0.0,250,50.0
dapper,stable,101,50.0,250,32.90618080133572,45.22195500030648,53.2414129906101,57.1629999903962,32.90618080133572,0.024,0.8127137591838837,0.792240528345108,0.0,0.0,0.0,0.0,0.0,0.0,0.0,0.0,0.0,0.0,0.0,0.0,0.0,0.0,100.0,0.0,0.0,0.0,0,0.0,0.6275289147717149,0.7387582781691062,0.0,0.976,250,50.0
deadline_greedy,stable,101,50.0,250,32.90618080133572,45.22195500030648,53.2414129906101,57.1629999903962,32.90618080133572,0.024,0.8127137591838837,0.792240528345108,0.0,0.0,0.0,0.0,0.0,0.0,0.0,0.0,0.0,0.0,0.0,0.0,0.0,0.0,100.0,0.0,0.0,0.0,0,0.0,0.6275289147717149,0.7387582781691062,0.0,0.976,250,50.0
confidence_deadline,stable,101,50.0,250,32.90618080133572,45.22195500030648,53.2414129906101,57.1629999903962,32.90618080133572,0.024,0.8127137591838837,0.792240528345108,0.0,0.0,0.0,0.0,0.0,0.0,0.0,0.0,0.0,0.0,0.0,0.0,0.0,0.0,100.0,0.0,0.0,0.0,0,0.0,0.6275289147717149,0.7387582781691062,0.0,0.976,250,50.0
oracle_feasible,stable,101,50.0,250,40.1026464040835,49.097403678098566,51.588393986457945,54.7997000394389,40.1026464040835,0.02,0.8778648630380631,0.8607904235124588,4500.0,18.0,18000.0,0.0,0.0,0.0,0.72,1.0,1.0,0.72,0.0,0.0,0.0,0.0,28.000000000000004,72.0,0.0,0.0,85,340.0,0.6972053929138118,0.7852414305439783,0.72,0.98,250,50.0
local_only,stable,102,50.0,250,32.90618080133572,45.22195500030648,53.2414129906101,57.1629999903962,32.90618080133572,0.024,0.8127137591838837,0.792240528345108,0.0,0.0,0.0,0.0,0.0,0.0,0.0,0.0,0.0,0.0,0.0,0.0,0.0,0.0,100.0,0.0,0.0,0.0,0,0.0,0.6275289147717149,0.7387582781691062,0.0,0.976,250,50.0
edge_only,stable,102,50.0,250,50.443043326429994,89.02099001279564,101.34015997871755,104.7997000394389,50.443043326429994,0.192,0.8712995703220368,0.7118983716964722,6250.0,25.0,25000.0,0.192,0.0,0.0,1.0,1.0,0.808,0.808,0.192,0.0,0.0,0.0,0.0,100.0,0.0,0.0,0,0.0,0.5960628720303773,0.6532922226393564,0.808,0.808,250,50.0
cloud_only,stable,102,50.0,250,82.90618080133572,95.22195500030648,103.2414129906101,107.1629999903962,82.90618080133572,1.0,0.8127137591838837,0.0,8750.0,35.0,35000.0,1.0,0.0,0.0,1.0,0.988,0.0,0.0,0.988,0.0,0.012,0.0,0.0,100.0,0.0,0.0,0,0.0,0.0,0.0,0.0,0.0,250,50.0
dapper,stable,102,50.0,250,32.90618080133572,45.22195500030648,53.2414129906101,57.1629999903962,32.90618080133572,0.024,0.8127137591838837,0.792240528345108,0.0,0.0,0.0,0.0,0.0,0.0,0.0,0.0,0.0,0.0,0.0,0.0,0.0,0.0,100.0,0.0,0.0,0.0,0,0.0,0.6275289147717149,0.7387582781691062,0.0,0.976,250,50.0
deadline_greedy,stable,102,50.0,250,32.90618080133572,45.22195500030648,53.2414129906101,57.1629999903962,32.90618080133572,0.024,0.8127137591838837,0.792240528345108,0.0,0.0,0.0,0.0,0.0,0.0,0.0,0.0,0.0,0.0,0.0,0.0,0.0,0.0,100.0,0.0,0.0,0.0,0,0.0,0.6275289147717149,0.7387582781691062,0.0,0.976,250,50.0
confidence_deadline,stable,102,50.0,250,32.90618080133572,45.22195500030648,53.2414129906101,57.1629999903962,32.90618080133572,0.024,0.8127137591838837,0.792240528345108,0.0,0.0,0.0,0.0,0.0,0.0,0.0,0.0,0.0,0.0,0.0,0.0,0.0,0.0,100.0,0.0,0.0,0.0,0,0.0,0.6275289147717149,0.7387582781691062,0.0,0.976,250,50.0
oracle_feasible,stable,102,50.0,250,40.04366826061022,48.6573912500387,51.588393986457945,54.7997000394389,40.04366826061022,0.02,0.8772333455085755,0.8601589059829712,4475.0,17.9,17900.0,0.0,0.0,0.0,0.716,1.0,1.0,0.716,0.0,0.0,0.0,0.0,28.4,71.6,0.0,0.0,89,356.0,0.7015508955593143,0.7820240534412509,0.716,0.98,250,50.0
local_only,stable,103,50.0,250,32.90618080133572,45.22195500030648,53.2414129906101,57.1629999903962,32.90618080133572,0.024,0.8127137591838837,0.792240528345108,0.0,0.0,0.0,0.0,0.0,0.0,0.0,0.0,0.0,0.0,0.0,0.0,0.0,0.0,100.0,0.0,0.0,0.0,0,0.0,0.6275289147717149,0.7387582781691062,0.0,0.976,250,50.0
edge_only,stable,103,50.0,250,50.40642489603792,88.16526502778288,101.34015997871755,104.7997000394389,50.40642489603792,0.192,0.8692120121717453,0.711678626537323,6250.0,25.0,25000.0,0.192,0.0,0.0,1.0,0.996,0.808,0.808,0.188,0.0,0.004,0.0,0.0,100.0,0.0,0.0,0,0.0,0.593079538697044,0.6718288876728367,0.808,0.808,250,50.0
cloud_only,stable,103,50.0,250,82.90618080133572,95.22195500030648,103.2414129906101,107.1629999903962,82.90618080133572,1.0,0.8127137591838837,0.0,8750.0,35.0,35000.0,1.0,0.0,0.0,1.0,0.988,0.0,0.0,0.988,0.0,0.012,0.0,0.0,100.0,0.0,0.0,0,0.0,0.0,0.0,0.0,0.0,250,50.0
dapper,stable,103,50.0,250,32.90618080133572,45.22195500030648,53.2414129906101,57.1629999903962,32.90618080133572,0.024,0.8127137591838837,0.792240528345108,0.0,0.0,0.0,0.0,0.0,0.0,0.0,0.0,0.0,0.0,0.0,0.0,0.0,0.0,100.0,0.0,0.0,0.0,0,0.0,0.6275289147717149,0.7387582781691062,0.0,0.976,250,50.0
deadline_greedy,stable,103,50.0,250,32.90618080133572,45.22195500030648,53.2414129906101,57.1629999903962,32.90618080133572,0.024,0.8127137591838837,0.792240528345108,0.0,0.0,0.0,0.0,0.0,0.0,0.0,0.0,0.0,0.0,0.0,0.0,0.0,0.0,100.0,0.0,0.0,0.0,0,0.0,0.6275289147717149,0.7387582781691062,0.0,0.976,250,50.0
confidence_deadline,stable,103,50.0,250,32.90618080133572,45.22195500030648,53.2414129906101,57.1629999903962,32.90618080133572,0.024,0.8127137591838837,0.792240528345108,0.0,0.0,0.0,0.0,0.0,0.0,0.0,0.0,0.0,0.0,0.0,0.0,0.0,0.0,100.0,0.0,0.0,0.0,0,0.0,0.6275289147717149,0.7387582781691062,0.0,0.976,250,50.0
oracle_feasible,stable,103,50.0,250,39.95710512120108,48.74682496574481,51.588393986457945,54.7997000394389,39.95710512120108,0.02,0.8752483838796615,0.8581739443540574,4475.0,17.9,17900.0,0.0,0.0,0.0,0.716,1.0,1.0,0.716,0.0,0.0,0.0,0.0,28.4,71.6,0.0,0.0,93,372.0,0.7003397844482033,0.7888426064381477,0.716,0.98,250,50.0
local_only,stable,104,50.0,250,32.90618080133572,45.22195500030648,53.2414129906101,57.1629999903962,32.90618080133572,0.024,0.8127137591838837,0.792240528345108,0.0,0.0,0.0,0.0,0.0,0.0,0.0,0.0,0.0,0.0,0.0,0.0,0.0,0.0,100.0,0.0,0.0,0.0,0,0.0,0.6275289147717149,0.7387582781691062,0.0,0.976,250,50.0
edge_only,stable,104,50.0,250,50.77800307281916,87.90394501120318,101.34015997871755,104.7997000394389,50.77800307281916,0.196,0.868869349360466,0.707205106973648,6250.0,25.0,25000.0,0.196,0.0,0.0,1.0,0.984,0.804,0.804,0.18,0.0,0.016,0.0,0.0,100.0,0.0,0.0,0,0.0,0.5816350942525994,0.6487397156983143,0.804,0.804,250,50.0
cloud_only,stable,104,50.0,250,82.90618080133572,95.22195500030648,103.2414129906101,107.1629999903962,82.90618080133572,1.0,0.8127137591838837,0.0,8750.0,35.0,35000.0,1.0,0.0,0.0,1.0,0.992,0.0,0.0,0.992,0.0,0.008,0.0,0.0,100.0,0.0,0.0,0,0.0,0.0,0.0,0.0,0.0,250,50.0
dapper,stable,104,50.0,250,32.90618080133572,45.22195500030648,53.2414129906101,57.1629999903962,32.90618080133572,0.024,0.8127137591838837,0.792240528345108,0.0,0.0,0.0,0.0,0.0,0.0,0.0,0.0,0.0,0.0,0.0,0.0,0.0,0.0,100.0,0.0,0.0,0.0,0,0.0,0.6275289147717149,0.7387582781691062,0.0,0.976,250,50.0
deadline_greedy,stable,104,50.0,250,32.90618080133572,45.22195500030648,53.2414129906101,57.1629999903962,32.90618080133572,0.024,0.8127137591838837,0.792240528345108,0.0,0.0,0.0,0.0,0.0,0.0,0.0,0.0,0.0,0.0,0.0,0.0,0.0,0.0,100.0,0.0,0.0,0.0,0,0.0,0.6275289147717149,0.7387582781691062,0.0,0.976,250,50.0
confidence_deadline,stable,104,50.0,250,32.90618080133572,45.22195500030648,53.2414129906101,57.1629999903962,32.90618080133572,0.024,0.8127137591838837,0.792240528345108,0.0,0.0,0.0,0.0,0.0,0.0,0.0,0.0,0.0,0.0,0.0,0.0,0.0,0.0,100.0,0.0,0.0,0.0,0,0.0,0.6275289147717149,0.7387582781691062,0.0,0.976,250,50.0
oracle_feasible,stable,104,50.0,250,40.115702046996354,48.611374388587635,51.588393986457945,54.7997000394389,40.115702046996354,0.02,0.8747570954561233,0.8576826559305191,4450.0,17.8,17800.0,0.0,0.0,0.0,0.712,1.0,1.0,0.712,0.0,0.0,0.0,0.0,28.799999999999997,71.2,0.0,0.0,93,372.0,0.6970445463529652,0.7824731796865555,0.712,0.98,250,50.0
local_only,stable,105,50.0,250,32.90618080133572,45.22195500030648,53.2414129906101,57.1629999903962,32.90618080133572,0.024,0.8127137591838837,0.792240528345108,0.0,0.0,0.0,0.0,0.0,0.0,0.0,0.0,0.0,0.0,0.0,0.0,0.0,0.0,100.0,0.0,0.0,0.0,0,0.0,0.6275289147717149,0.7387582781691062,0.0,0.976,250,50.0
edge_only,stable,105,50.0,250,50.261298075274546,87.64857003116047,101.34015997871755,104.7997000394389,50.261298075274546,0.192,0.8731651366949081,0.7131485526561737,6250.0,25.0,25000.0,0.192,0.0,0.0,1.0,0.996,0.808,0.808,0.188,0.0,0.004,0.0,0.0,100.0,0.0,0.0,0,0.0,0.5913462053637106,0.6787290999870618,0.808,0.808,250,50.0
cloud_only,stable,105,50.0,250,82.90618080133572,95.22195500030648,103.2414129906101,107.1629999903962,82.90618080133572,1.0,0.8127137591838837,0.0,8750.0,35.0,35000.0,1.0,0.0,0.0,1.0,0.996,0.0,0.0,0.996,0.0,0.004,0.0,0.0,100.0,0.0,0.0,0,0.0,0.0,0.0,0.0,0.0,250,50.0
dapper,stable,105,50.0,250,32.90618080133572,45.22195500030648,53.2414129906101,57.1629999903962,32.90618080133572,0.024,0.8127137591838837,0.792240528345108,0.0,0.0,0.0,0.0,0.0,0.0,0.0,0.0,0.0,0.0,0.0,0.0,0.0,0.0,100.0,0.0,0.0,0.0,0,0.0,0.6275289147717149,0.7387582781691062,0.0,0.976,250,50.0
deadline_greedy,stable,105,50.0,250,32.90618080133572,45.22195500030648,53.2414129906101,57.1629999903962,32.90618080133572,0.024,0.8127137591838837,0.792240528345108,0.0,0.0,0.0,0.0,0.0,0.0,0.0,0.0,0.0,0.0,0.0,0.0,0.0,0.0,100.0,0.0,0.0,0.0,0,0.0,0.6275289147717149,0.7387582781691062,0.0,0.976,250,50.0
confidence_deadline,stable,105,50.0,250,32.90618080133572,45.22195500030648,53.2414129906101,57.1629999903962,32.90618080133572,0.024,0.8127137591838837,0.792240528345108,0.0,0.0,0.0,0.0,0.0,0.0,0.0,0.0,0.0,0.0,0.0,0.0,0.0,0.0,100.0,0.0,0.0,0.0,0,0.0,0.6275289147717149,0.7387582781691062,0.0,0.976,250,50.0
oracle_feasible,stable,105,50.0,250,39.867453668471036,49.69058955383217,51.588393986457945,54.7997000394389,39.867453668471036,0.02,0.8779367920160294,0.8608623524904251,4500.0,18.0,18000.0,0.0,0.0,0.0,0.72,1.0,1.0,0.72,0.0,0.0,0.0,0.0,28.000000000000004,72.0,0.0,0.0,91,364.0,0.7005778796862985,0.7888426064381477,0.72,0.98,250,50.0
local_only,stable,106,50.0,250,32.90618080133572,45.22195500030648,53.2414129906101,57.1629999903962,32.90618080133572,0.024,0.8127137591838837,0.792240528345108,0.0,0.0,0.0,0.0,0.0,0.0,0.0,0.0,0.0,0.0,0.0,0.0,0.0,0.0,100.0,0.0,0.0,0.0,0,0.0,0.6275289147717149,0.7387582781691062,0.0,0.976,250,50.0
edge_only,stable,106,50.0,250,50.422713032791336,87.64857003116047,101.34015997871755,104.7997000394389,50.422713032791336,0.188,0.8698377138376236,0.7149914197921753,6250.0,25.0,25000.0,0.188,0.0,0.0,1.0,0.988,0.812,0.812,0.176,0.0,0.012,0.0,0.0,100.0,0.0,0.0,0,0.0,0.5935410771585824,0.675074845536629,0.812,0.812,250,50.0
cloud_only,stable,106,50.0,250,82.90618080133572,95.22195500030648,103.2414129906101,107.1629999903962,82.90618080133572,1.0,0.8127137591838837,0.0,8750.0,35.0,35000.0,1.0,0.0,0.0,1.0,0.988,0.0,0.0,0.988,0.0,0.012,0.0,0.0,100.0,0.0,0.0,0,0.0,0.0,0.0,0.0,0.0,250,50.0
dapper,stable,106,50.0,250,32.90618080133572,45.22195500030648,53.2414129906101,57.1629999903962,32.90618080133572,0.024,0.8127137591838837,0.792240528345108,0.0,0.0,0.0,0.0,0.0,0.0,0.0,0.0,0.0,0.0,0.0,0.0,0.0,0.0,100.0,0.0,0.0,0.0,0,0.0,0.6275289147717149,0.7387582781691062,0.0,0.976,250,50.0
deadline_greedy,stable,106,50.0,250,32.90618080133572,45.22195500030648,53.2414129906101,57.1629999903962,32.90618080133572,0.024,0.8127137591838837,0.792240528345108,0.0,0.0,0.0,0.0,0.0,0.0,0.0,0.0,0.0,0.0,0.0,0.0,0.0,0.0,100.0,0.0,0.0,0.0,0,0.0,0.6275289147717149,0.7387582781691062,0.0,0.976,250,50.0
confidence_deadline,stable,106,50.0,250,32.90618080133572,45.22195500030648,53.2414129906101,57.1629999903962,32.90618080133572,0.024,0.8127137591838837,0.792240528345108,0.0,0.0,0.0,0.0,0.0,0.0,0.0,0.0,0.0,0.0,0.0,0.0,0.0,0.0,100.0,0.0,0.0,0.0,0,0.0,0.6275289147717149,0.7387582781691062,0.0,0.976,250,50.0
oracle_feasible,stable,106,50.0,250,40.16958550109538,49.08702554100673,51.588393986457945,54.7997000394389,40.16958550109538,0.02,0.875725459933281,0.8586510204076767,4500.0,18.0,18000.0,0.0,0.0,0.0,0.72,1.0,1.0,0.72,0.0,0.0,0.0,0.0,28.000000000000004,72.0,0.0,0.0,89,356.0,0.7000043754127941,0.7861478489663204,0.72,0.98,250,50.0
local_only,stable,107,50.0,250,32.90618080133572,45.22195500030648,53.2414129906101,57.1629999903962,32.90618080133572,0.024,0.8127137591838837,0.792240528345108,0.0,0.0,0.0,0.0,0.0,0.0,0.0,0.0,0.0,0.0,0.0,0.0,0.0,0.0,100.0,0.0,0.0,0.0,0,0.0,0.6275289147717149,0.7387582781691062,0.0,0.976,250,50.0
edge_only,stable,107,50.0,250,50.677821575912475,88.16526502778288,101.34015997871755,104.7997000394389,50.677821575912475,0.192,0.871010971903801,0.7116181926727295,6250.0,25.0,25000.0,0.192,0.0,0.0,1.0,0.984,0.808,0.808,0.176,0.0,0.016,0.0,0.0,100.0,0.0,0.0,0,0.0,0.592687092063218,0.6645612084306352,0.808,0.808,250,50.0
cloud_only,stable,107,50.0,250,82.90618080133572,95.22195500030648,103.2414129906101,107.1629999903962,82.90618080133572,1.0,0.8127137591838837,0.0,8750.0,35.0,35000.0,1.0,0.0,0.0,1.0,0.984,0.0,0.0,0.984,0.0,0.016,0.0,0.0,100.0,0.0,0.0,0,0.0,0.0,0.0,0.0,0.0,250,50.0
dapper,stable,107,50.0,250,32.90618080133572,45.22195500030648,53.2414129906101,57.1629999903962,32.90618080133572,0.024,0.8127137591838837,0.792240528345108,0.0,0.0,0.0,0.0,0.0,0.0,0.0,0.0,0.0,0.0,0.0,0.0,0.0,0.0,100.0,0.0,0.0,0.0,0,0.0,0.6275289147717149,0.7387582781691062,0.0,0.976,250,50.0
deadline_greedy,stable,107,50.0,250,32.90618080133572,45.22195500030648,53.2414129906101,57.1629999903962,32.90618080133572,0.024,0.8127137591838837,0.792240528345108,0.0,0.0,0.0,0.0,0.0,0.0,0.0,0.0,0.0,0.0,0.0,0.0,0.0,0.0,100.0,0.0,0.0,0.0,0,0.0,0.6275289147717149,0.7387582781691062,0.0,0.976,250,50.0
confidence_deadline,stable,107,50.0,250,32.90618080133572,45.22195500030648,53.2414129906101,57.1629999903962,32.90618080133572,0.024,0.8127137591838837,0.792240528345108,0.0,0.0,0.0,0.0,0.0,0.0,0.0,0.0,0.0,0.0,0.0,0.0,0.0,0.0,100.0,0.0,0.0,0.0,0,0.0,0.6275289147717149,0.7387582781691062,0.0,0.976,250,50.0
oracle_feasible,stable,107,50.0,250,40.17291787965447,49.177108145572426,51.588393986457945,54.7997000394389,40.17291787965447,0.02,0.8770595973730088,0.8599851578474045,4450.0,17.8,17800.0,0.0,0.0,0.0,0.712,1.0,1.0,0.712,0.0,0.0,0.0,0.0,28.799999999999997,71.2,0.0,0.0,91,364.0,0.6995134571356691,0.786637804870289,0.712,0.98,250,50.0
local_only,stable,108,50.0,250,32.90618080133572,45.22195500030648,53.2414129906101,57.1629999903962,32.90618080133572,0.024,0.8127137591838837,0.792240528345108,0.0,0.0,0.0,0.0,0.0,0.0,0.0,0.0,0.0,0.0,0.0,0.0,0.0,0.0,100.0,0.0,0.0,0.0,0,0.0,0.6275289147717149,0.7387582781691062,0.0,0.976,250,50.0
edge_only,stable,108,50.0,250,51.42567078463735,88.16526502778288,101.34015997871755,104.7997000394389,51.42567078463735,0.212,0.8695306683778763,0.6941463520526886,6250.0,25.0,25000.0,0.212,0.0,0.0,1.0,0.984,0.788,0.788,0.196,0.0,0.016,0.0,0.0,100.0,0.0,0.0,0,0.0,0.5784585206346464,0.6464351731071476,0.788,0.788,250,50.0
cloud_only,stable,108,50.0,250,82.90618080133572,95.22195500030648,103.2414129906101,107.1629999903962,82.90618080133572,1.0,0.8127137591838837,0.0,8750.0,35.0,35000.0,1.0,0.0,0.0,1.0,0.988,0.0,0.0,0.988,0.0,0.012,0.0,0.0,100.0,0.0,0.0,0,0.0,0.0,0.0,0.0,0.0,250,50.0
dapper,stable,108,50.0,250,32.90618080133572,45.22195500030648,53.2414129906101,57.1629999903962,32.90618080133572,0.024,0.8127137591838837,0.792240528345108,0.0,0.0,0.0,0.0,0.0,0.0,0.0,0.0,0.0,0.0,0.0,0.0,0.0,0.0,100.0,0.0,0.0,0.0,0,0.0,0.6275289147717149,0.7387582781691062,0.0,0.976,250,50.0
deadline_greedy,stable,108,50.0,250,32.90618080133572,45.22195500030648,53.2414129906101,57.1629999903962,32.90618080133572,0.024,0.8127137591838837,0.792240528345108,0.0,0.0,0.0,0.0,0.0,0.0,0.0,0.0,0.0,0.0,0.0,0.0,0.0,0.0,100.0,0.0,0.0,0.0,0,0.0,0.6275289147717149,0.7387582781691062,0.0,0.976,250,50.0
confidence_deadline,stable,108,50.0,250,32.90618080133572,45.22195500030648,53.2414129906101,57.1629999903962,32.90618080133572,0.024,0.8127137591838837,0.792240528345108,0.0,0.0,0.0,0.0,0.0,0.0,0.0,0.0,0.0,0.0,0.0,0.0,0.0,0.0,100.0,0.0,0.0,0.0,0,0.0,0.6275289147717149,0.7387582781691062,0.0,0.976,250,50.0
oracle_feasible,stable,108,50.0,250,39.94042166559689,48.722494382195,51.588393986457945,54.7997000394389,39.94042166559689,0.02,0.875579293847084,0.8585048543214798,4325.0,17.3,17300.0,0.0,0.0,0.0,0.692,1.0,1.0,0.692,0.0,0.0,0.0,0.0,30.8,69.19999999999999,0.0,0.0,89,356.0,0.6953166317388436,0.7852379308589501,0.692,0.98,250,50.0
local_only,stable,109,50.0,250,32.90618080133572,45.22195500030648,53.2414129906101,57.1629999903962,32.90618080133572,0.024,0.8127137591838837,0.792240528345108,0.0,0.0,0.0,0.0,0.0,0.0,0.0,0.0,0.0,0.0,0.0,0.0,0.0,0.0,100.0,0.0,0.0,0.0,0,0.0,0.6275289147717149,0.7387582781691062,0.0,0.976,250,50.0
edge_only,stable,109,50.0,250,50.38365903034287,88.16526502778288,101.34015997871755,104.7997000394389,50.38365903034287,0.188,0.8726708153486252,0.7144182090759277,6250.0,25.0,25000.0,0.188,0.0,0.0,1.0,0.988,0.812,0.812,0.176,0.0,0.012,0.0,0.0,100.0,0.0,0.0,0,0.0,0.590829538697044,0.6595493678296226,0.812,0.812,250,50.0
cloud_only,stable,109,50.0,250,82.90618080133572,95.22195500030648,103.2414129906101,107.1629999903962,82.90618080133572,1.0,0.8127137591838837,0.0,8750.0,35.0,35000.0,1.0,0.0,0.0,1.0,0.996,0.0,0.0,0.996,0.0,0.004,0.0,0.0,100.0,0.0,0.0,0,0.0,0.0,0.0,0.0,0.0,250,50.0
dapper,stable,109,50.0,250,32.90618080133572,45.22195500030648,53.2414129906101,57.1629999903962,32.90618080133572,0.024,0.8127137591838837,0.792240528345108,0.0,0.0,0.0,0.0,0.0,0.0,0.0,0.0,0.0,0.0,0.0,0.0,0.0,0.0,100.0,0.0,0.0,0.0,0,0.0,0.6275289147717149,0.7387582781691062,0.0,0.976,250,50.0
deadline_greedy,stable,109,50.0,250,32.90618080133572,45.22195500030648,53.2414129906101,57.1629999903962,32.90618080133572,0.024,0.8127137591838837,0.792240528345108,0.0,0.0,0.0,0.0,0.0,0.0,0.0,0.0,0.0,0.0,0.0,0.0,0.0,0.0,100.0,0.0,0.0,0.0,0,0.0,0.6275289147717149,0.7387582781691062,0.0,0.976,250,50.0
confidence_deadline,stable,109,50.0,250,32.90618080133572,45.22195500030648,53.2414129906101,57.1629999903962,32.90618080133572,0.024,0.8127137591838837,0.792240528345108,0.0,0.0,0.0,0.0,0.0,0.0,0.0,0.0,0.0,0.0,0.0,0.0,0.0,0.0,100.0,0.0,0.0,0.0,0,0.0,0.6275289147717149,0.7387582781691062,0.0,0.976,250,50.0
oracle_feasible,stable,109,50.0,250,40.20964756625773,49.0316993458917,51.588393986457945,54.7997000394389,40.20964756625773,0.02,0.8787071870565415,0.8616327475309372,4500.0,18.0,18000.0,0.0,0.0,0.0,0.72,1.0,1.0,0.72,0.0,0.0,0.0,0.0,28.000000000000004,72.0,0.0,0.0,87,348.0,0.7034842288926477,0.7853516706223713,0.72,0.98,250,50.0
local_only,congested,100,50.0,250,32.90618080133572,45.22195500030648,53.2414129906101,57.1629999903962,32.90618080133572,0.024,0.8127137591838837,0.792240528345108,0.0,0.0,0.0,0.0,0.0,0.0,0.0,0.0,0.0,0.0,0.0,0.0,0.0,0.0,100.0,0.0,0.0,0.0,0,0.0,0.6275289147717149,0.7387582781691062,0.0,0.976,250,50.0
edge_only,congested,100,50.0,250,82.90618080133572,95.22195500030648,103.2414129906101,107.1629999903962,82.90618080133572,1.0,0.8127137591838837,0.0,6250.0,25.0,25000.0,1.0,0.0,0.0,1.0,0.96,0.0,0.0,0.96,0.0,0.04,0.0,0.0,100.0,0.0,0.0,0,0.0,0.0,0.0,0.0,0.0,250,50.0
cloud_only,congested,100,50.0,250,82.90618080133572,95.22195500030648,103.2414129906101,107.1629999903962,82.90618080133572,1.0,0.8127137591838837,0.0,8750.0,35.0,35000.0,1.0,0.0,0.0,1.0,0.96,0.0,0.0,0.96,0.0,0.04,0.0,0.0,100.0,0.0,0.0,0,0.0,0.0,0.0,0.0,0.0,250,50.0
dapper,congested,100,50.0,250,10.87500799983181,36.73759000375866,47.20997200522104,57.1629999903962,10.87500799983181,0.008,0.7993763390779495,0.7923267868757248,0.0,0.0,0.0,1.0,0.696,0.0,0.0,0.0,0.0,0.0,0.0,0.0,0.0,0.0,0.0,0.0,0.0,100.0,0,0.0,0.18320154845154843,0.2024115746249504,0.0,0.296,250,50.0
deadline_greedy,congested,100,50.0,250,32.90618080133572,45.22195500030648,53.2414129906101,57.1629999903962,32.90618080133572,0.024,0.8127137591838837,0.792240528345108,0.0,0.0,0.0,0.0,0.0,0.0,0.0,0.0,0.0,0.0,0.0,0.0,0.0,0.0,100.0,0.0,0.0,0.0,0,0.0,0.6275289147717149,0.7387582781691062,0.0,0.976,250,50.0
confidence_deadline,congested,100,50.0,250,32.90618080133572,45.22195500030648,53.2414129906101,57.1629999903962,32.90618080133572,0.024,0.8127137591838837,0.792240528345108,0.0,0.0,0.0,0.0,0.0,0.0,0.0,0.0,0.0,0.0,0.0,0.0,0.0,0.0,100.0,0.0,0.0,0.0,0,0.0,0.6275289147717149,0.7387582781691062,0.0,0.976,250,50.0
oracle_feasible,congested,100,50.0,250,32.90618080133572,45.22195500030648,53.2414129906101,57.1629999903962,32.90618080133572,0.024,0.8127137591838837,0.792240528345108,0.0,0.0,0.0,0.0,0.0,0.0,0.0,0.0,0.0,0.0,0.0,0.0,0.0,0.0,100.0,0.0,0.0,0.0,0,0.0,0.6275289147717149,0.7387582781691062,0.0,0.976,250,50.0
local_only,congested,101,50.0,250,32.90618080133572,45.22195500030648,53.2414129906101,57.1629999903962,32.90618080133572,0.024,0.8127137591838837,0.792240528345108,0.0,0.0,0.0,0.0,0.0,0.0,0.0,0.0,0.0,0.0,0.0,0.0,0.0,0.0,100.0,0.0,0.0,0.0,0,0.0,0.6275289147717149,0.7387582781691062,0.0,0.976,250,50.0
edge_only,congested,101,50.0,250,82.90618080133572,95.22195500030648,103.2414129906101,107.1629999903962,82.90618080133572,1.0,0.8127137591838837,0.0,6250.0,25.0,25000.0,1.0,0.0,0.0,1.0,0.948,0.0,0.0,0.948,0.0,0.052,0.0,0.0,100.0,0.0,0.0,0,0.0,0.0,0.0,0.0,0.0,250,50.0
cloud_only,congested,101,50.0,250,82.90618080133572,95.22195500030648,103.2414129906101,107.1629999903962,82.90618080133572,1.0,0.8127137591838837,0.0,8750.0,35.0,35000.0,1.0,0.0,0.0,1.0,0.912,0.0,0.0,0.912,0.0,0.088,0.0,0.0,100.0,0.0,0.0,0,0.0,0.0,0.0,0.0,0.0,250,50.0
dapper,congested,101,50.0,250,10.87500799983181,36.73759000375866,47.20997200522104,57.1629999903962,10.87500799983181,0.008,0.7993763390779495,0.7923267868757248,0.0,0.0,0.0,0.996,0.696,0.0,0.0,0.0,0.0,0.0,0.0,0.0,0.0,0.0,0.4,0.0,0.0,99.6,2,8.0,0.18320154845154843,0.2024115746249504,0.0,0.296,250,50.0
deadline_greedy,congested,101,50.0,250,32.90618080133572,45.22195500030648,53.2414129906101,57.1629999903962,32.90618080133572,0.024,0.8127137591838837,0.792240528345108,0.0,0.0,0.0,0.0,0.0,0.0,0.0,0.0,0.0,0.0,0.0,0.0,0.0,0.0,100.0,0.0,0.0,0.0,0,0.0,0.6275289147717149,0.7387582781691062,0.0,0.976,250,50.0
confidence_deadline,congested,101,50.0,250,32.90618080133572,45.22195500030648,53.2414129906101,57.1629999903962,32.90618080133572,0.024,0.8127137591838837,0.792240528345108,0.0,0.0,0.0,0.0,0.0,0.0,0.0,0.0,0.0,0.0,0.0,0.0,0.0,0.0,100.0,0.0,0.0,0.0,0,0.0,0.6275289147717149,0.7387582781691062,0.0,0.976,250,50.0
oracle_feasible,congested,101,50.0,250,32.90618080133572,45.22195500030648,53.2414129906101,57.1629999903962,32.90618080133572,0.024,0.8127137591838837,0.792240528345108,0.0,0.0,0.0,0.0,0.0,0.0,0.0,0.0,0.0,0.0,0.0,0.0,0.0,0.0,100.0,0.0,0.0,0.0,0,0.0,0.6275289147717149,0.7387582781691062,0.0,0.976,250,50.0
local_only,congested,102,50.0,250,32.90618080133572,45.22195500030648,53.2414129906101,57.1629999903962,32.90618080133572,0.024,0.8127137591838837,0.792240528345108,0.0,0.0,0.0,0.0,0.0,0.0,0.0,0.0,0.0,0.0,0.0,0.0,0.0,0.0,100.0,0.0,0.0,0.0,0,0.0,0.6275289147717149,0.7387582781691062,0.0,0.976,250,50.0
edge_only,congested,102,50.0,250,82.90618080133572,95.22195500030648,103.2414129906101,107.1629999903962,82.90618080133572,1.0,0.8127137591838837,0.0,6250.0,25.0,25000.0,1.0,0.0,0.0,1.0,0.96,0.0,0.0,0.96,0.0,0.04,0.0,0.0,100.0,0.0,0.0,0,0.0,0.0,0.0,0.0,0.0,250,50.0
cloud_only,congested,102,50.0,250,82.90618080133572,95.22195500030648,103.2414129906101,107.1629999903962,82.90618080133572,1.0,0.8127137591838837,0.0,8750.0,35.0,35000.0,1.0,0.0,0.0,1.0,0.948,0.0,0.0,0.948,0.0,0.052,0.0,0.0,100.0,0.0,0.0,0,0.0,0.0,0.0,0.0,0.0,250,50.0
dapper,congested,102,50.0,250,10.87500799983181,36.73759000375866,47.20997200522104,57.1629999903962,10.87500799983181,0.008,0.7993763390779495,0.7923267868757248,0.0,0.0,0.0,1.0,0.696,0.0,0.0,0.0,0.0,0.0,0.0,0.0,0.0,0.0,0.0,0.0,0.0,100.0,0,0.0,0.18320154845154843,0.2024115746249504,0.0,0.296,250,50.0
deadline_greedy,congested,102,50.0,250,32.90618080133572,45.22195500030648,53.2414129906101,57.1629999903962,32.90618080133572,0.024,0.8127137591838837,0.792240528345108,0.0,0.0,0.0,0.0,0.0,0.0,0.0,0.0,0.0,0.0,0.0,0.0,0.0,0.0,100.0,0.0,0.0,0.0,0,0.0,0.6275289147717149,0.7387582781691062,0.0,0.976,250,50.0
confidence_deadline,congested,102,50.0,250,32.90618080133572,45.22195500030648,53.2414129906101,57.1629999903962,32.90618080133572,0.024,0.8127137591838837,0.792240528345108,0.0,0.0,0.0,0.0,0.0,0.0,0.0,0.0,0.0,0.0,0.0,0.0,0.0,0.0,100.0,0.0,0.0,0.0,0,0.0,0.6275289147717149,0.7387582781691062,0.0,0.976,250,50.0
oracle_feasible,congested,102,50.0,250,32.90618080133572,45.22195500030648,53.2414129906101,57.1629999903962,32.90618080133572,0.024,0.8127137591838837,0.792240528345108,0.0,0.0,0.0,0.0,0.0,0.0,0.0,0.0,0.0,0.0,0.0,0.0,0.0,0.0,100.0,0.0,0.0,0.0,0,0.0,0.6275289147717149,0.7387582781691062,0.0,0.976,250,50.0
local_only,congested,103,50.0,250,32.90618080133572,45.22195500030648,53.2414129906101,57.1629999903962,32.90618080133572,0.024,0.8127137591838837,0.792240528345108,0.0,0.0,0.0,0.0,0.0,0.0,0.0,0.0,0.0,0.0,0.0,0.0,0.0,0.0,100.0,0.0,0.0,0.0,0,0.0,0.6275289147717149,0.7387582781691062,0.0,0.976,250,50.0
edge_only,congested,103,50.0,250,82.90618080133572,95.22195500030648,103.2414129906101,107.1629999903962,82.90618080133572,1.0,0.8127137591838837,0.0,6250.0,25.0,25000.0,1.0,0.0,0.0,1.0,0.96,0.0,0.0,0.96,0.0,0.04,0.0,0.0,100.0,0.0,0.0,0,0.0,0.0,0.0,0.0,0.0,250,50.0
cloud_only,congested,103,50.0,250,82.90618080133572,95.22195500030648,103.2414129906101,107.1629999903962,82.90618080133572,1.0,0.8127137591838837,0.0,8750.0,35.0,35000.0,1.0,0.0,0.0,1.0,0.964,0.0,0.0,0.964,0.0,0.036,0.0,0.0,100.0,0.0,0.0,0,0.0,0.0,0.0,0.0,0.0,250,50.0
dapper,congested,103,50.0,250,10.87500799983181,36.73759000375866,47.20997200522104,57.1629999903962,10.87500799983181,0.008,0.7993763390779495,0.7923267868757248,0.0,0.0,0.0,1.0,0.696,0.0,0.0,0.0,0.0,0.0,0.0,0.0,0.0,0.0,0.0,0.0,0.0,100.0,0,0.0,0.18320154845154843,0.2024115746249504,0.0,0.296,250,50.0
deadline_greedy,congested,103,50.0,250,32.90618080133572,45.22195500030648,53.2414129906101,57.1629999903962,32.90618080133572,0.024,0.8127137591838837,0.792240528345108,0.0,0.0,0.0,0.0,0.0,0.0,0.0,0.0,0.0,0.0,0.0,0.0,0.0,0.0,100.0,0.0,0.0,0.0,0,0.0,0.6275289147717149,0.7387582781691062,0.0,0.976,250,50.0
confidence_deadline,congested,103,50.0,250,32.90618080133572,45.22195500030648,53.2414129906101,57.1629999903962,32.90618080133572,0.024,0.8127137591838837,0.792240528345108,0.0,0.0,0.0,0.0,0.0,0.0,0.0,0.0,0.0,0.0,0.0,0.0,0.0,0.0,100.0,0.0,0.0,0.0,0,0.0,0.6275289147717149,0.7387582781691062,0.0,0.976,250,50.0
oracle_feasible,congested,103,50.0,250,32.90618080133572,45.22195500030648,53.2414129906101,57.1629999903962,32.90618080133572,0.024,0.8127137591838837,0.792240528345108,0.0,0.0,0.0,0.0,0.0,0.0,0.0,0.0,0.0,0.0,0.0,0.0,0.0,0.0,100.0,0.0,0.0,0.0,0,0.0,0.6275289147717149,0.7387582781691062,0.0,0.976,250,50.0
local_only,congested,104,50.0,250,32.90618080133572,45.22195500030648,53.2414129906101,57.1629999903962,32.90618080133572,0.024,0.8127137591838837,0.792240528345108,0.0,0.0,0.0,0.0,0.0,0.0,0.0,0.0,0.0,0.0,0.0,0.0,0.0,0.0,100.0,0.0,0.0,0.0,0,0.0,0.6275289147717149,0.7387582781691062,0.0,0.976,250,50.0
edge_only,congested,104,50.0,250,82.90618080133572,95.22195500030648,103.2414129906101,107.1629999903962,82.90618080133572,1.0,0.8127137591838837,0.0,6250.0,25.0,25000.0,1.0,0.0,0.0,1.0,0.948,0.0,0.0,0.948,0.0,0.052,0.0,0.0,100.0,0.0,0.0,0,0.0,0.0,0.0,0.0,0.0,250,50.0
cloud_only,congested,104,50.0,250,82.90618080133572,95.22195500030648,103.2414129906101,107.1629999903962,82.90618080133572,1.0,0.8127137591838837,0.0,8750.0,35.0,35000.0,1.0,0.0,0.0,1.0,0.936,0.0,0.0,0.936,0.0,0.064,0.0,0.0,100.0,0.0,0.0,0,0.0,0.0,0.0,0.0,0.0,250,50.0
dapper,congested,104,50.0,250,10.87500799983181,36.73759000375866,47.20997200522104,57.1629999903962,10.87500799983181,0.008,0.7993763390779495,0.7923267868757248,0.0,0.0,0.0,1.0,0.696,0.0,0.0,0.0,0.0,0.0,0.0,0.0,0.0,0.0,0.0,0.0,0.0,100.0,0,0.0,0.18320154845154843,0.2024115746249504,0.0,0.296,250,50.0
deadline_greedy,congested,104,50.0,250,32.90618080133572,45.22195500030648,53.2414129906101,57.1629999903962,32.90618080133572,0.024,0.8127137591838837,0.792240528345108,0.0,0.0,0.0,0.0,0.0,0.0,0.0,0.0,0.0,0.0,0.0,0.0,0.0,0.0,100.0,0.0,0.0,0.0,0,0.0,0.6275289147717149,0.7387582781691062,0.0,0.976,250,50.0
confidence_deadline,congested,104,50.0,250,32.90618080133572,45.22195500030648,53.2414129906101,57.1629999903962,32.90618080133572,0.024,0.8127137591838837,0.792240528345108,0.0,0.0,0.0,0.0,0.0,0.0,0.0,0.0,0.0,0.0,0.0,0.0,0.0,0.0,100.0,0.0,0.0,0.0,0,0.0,0.6275289147717149,0.7387582781691062,0.0,0.976,250,50.0
oracle_feasible,congested,104,50.0,250,32.90618080133572,45.22195500030648,53.2414129906101,57.1629999903962,32.90618080133572,0.024,0.8127137591838837,0.792240528345108,0.0,0.0,0.0,0.0,0.0,0.0,0.0,0.0,0.0,0.0,0.0,0.0,0.0,0.0,100.0,0.0,0.0,0.0,0,0.0,0.6275289147717149,0.7387582781691062,0.0,0.976,250,50.0
local_only,congested,105,50.0,250,32.90618080133572,45.22195500030648,53.2414129906101,57.1629999903962,32.90618080133572,0.024,0.8127137591838837,0.792240528345108,0.0,0.0,0.0,0.0,0.0,0.0,0.0,0.0,0.0,0.0,0.0,0.0,0.0,0.0,100.0,0.0,0.0,0.0,0,0.0,0.6275289147717149,0.7387582781691062,0.0,0.976,250,50.0
edge_only,congested,105,50.0,250,82.90618080133572,95.22195500030648,103.2414129906101,107.1629999903962,82.90618080133572,1.0,0.8127137591838837,0.0,6250.0,25.0,25000.0,1.0,0.0,0.0,1.0,0.932,0.0,0.0,0.932,0.0,0.068,0.0,0.0,100.0,0.0,0.0,0,0.0,0.0,0.0,0.0,0.0,250,50.0
cloud_only,congested,105,50.0,250,82.90618080133572,95.22195500030648,103.2414129906101,107.1629999903962,82.90618080133572,1.0,0.8127137591838837,0.0,8750.0,35.0,35000.0,1.0,0.0,0.0,1.0,0.96,0.0,0.0,0.96,0.0,0.04,0.0,0.0,100.0,0.0,0.0,0,0.0,0.0,0.0,0.0,0.0,250,50.0
dapper,congested,105,50.0,250,10.87500799983181,36.73759000375866,47.20997200522104,57.1629999903962,10.87500799983181,0.008,0.7993763390779495,0.7923267868757248,0.0,0.0,0.0,1.0,0.696,0.0,0.0,0.0,0.0,0.0,0.0,0.0,0.0,0.0,0.0,0.0,0.0,100.0,0,0.0,0.18320154845154843,0.2024115746249504,0.0,0.296,250,50.0
deadline_greedy,congested,105,50.0,250,32.90618080133572,45.22195500030648,53.2414129906101,57.1629999903962,32.90618080133572,0.024,0.8127137591838837,0.792240528345108,0.0,0.0,0.0,0.0,0.0,0.0,0.0,0.0,0.0,0.0,0.0,0.0,0.0,0.0,100.0,0.0,0.0,0.0,0,0.0,0.6275289147717149,0.7387582781691062,0.0,0.976,250,50.0
confidence_deadline,congested,105,50.0,250,32.90618080133572,45.22195500030648,53.2414129906101,57.1629999903962,32.90618080133572,0.024,0.8127137591838837,0.792240528345108,0.0,0.0,0.0,0.0,0.0,0.0,0.0,0.0,0.0,0.0,0.0,0.0,0.0,0.0,100.0,0.0,0.0,0.0,0,0.0,0.6275289147717149,0.7387582781691062,0.0,0.976,250,50.0
oracle_feasible,congested,105,50.0,250,32.90618080133572,45.22195500030648,53.2414129906101,57.1629999903962,32.90618080133572,0.024,0.8127137591838837,0.792240528345108,0.0,0.0,0.0,0.0,0.0,0.0,0.0,0.0,0.0,0.0,0.0,0.0,0.0,0.0,100.0,0.0,0.0,0.0,0,0.0,0.6275289147717149,0.7387582781691062,0.0,0.976,250,50.0
local_only,congested,106,50.0,250,32.90618080133572,45.22195500030648,53.2414129906101,57.1629999903962,32.90618080133572,0.024,0.8127137591838837,0.792240528345108,0.0,0.0,0.0,0.0,0.0,0.0,0.0,0.0,0.0,0.0,0.0,0.0,0.0,0.0,100.0,0.0,0.0,0.0,0,0.0,0.6275289147717149,0.7387582781691062,0.0,0.976,250,50.0
edge_only,congested,106,50.0,250,82.90618080133572,95.22195500030648,103.2414129906101,107.1629999903962,82.90618080133572,1.0,0.8127137591838837,0.0,6250.0,25.0,25000.0,1.0,0.0,0.0,1.0,0.98,0.0,0.0,0.98,0.0,0.02,0.0,0.0,100.0,0.0,0.0,0,0.0,0.0,0.0,0.0,0.0,250,50.0
cloud_only,congested,106,50.0,250,82.90618080133572,95.22195500030648,103.2414129906101,107.1629999903962,82.90618080133572,1.0,0.8127137591838837,0.0,8750.0,35.0,35000.0,1.0,0.0,0.0,1.0,0.964,0.0,0.0,0.964,0.0,0.036,0.0,0.0,100.0,0.0,0.0,0,0.0,0.0,0.0,0.0,0.0,250,50.0
dapper,congested,106,50.0,250,10.87500799983181,36.73759000375866,47.20997200522104,57.1629999903962,10.87500799983181,0.008,0.7993763390779495,0.7923267868757248,0.0,0.0,0.0,1.0,0.696,0.0,0.0,0.0,0.0,0.0,0.0,0.0,0.0,0.0,0.0,0.0,0.0,100.0,0,0.0,0.18320154845154843,0.2024115746249504,0.0,0.296,250,50.0
deadline_greedy,congested,106,50.0,250,32.90618080133572,45.22195500030648,53.2414129906101,57.1629999903962,32.90618080133572,0.024,0.8127137591838837,0.792240528345108,0.0,0.0,0.0,0.0,0.0,0.0,0.0,0.0,0.0,0.0,0.0,0.0,0.0,0.0,100.0,0.0,0.0,0.0,0,0.0,0.6275289147717149,0.7387582781691062,0.0,0.976,250,50.0
confidence_deadline,congested,106,50.0,250,32.90618080133572,45.22195500030648,53.2414129906101,57.1629999903962,32.90618080133572,0.024,0.8127137591838837,0.792240528345108,0.0,0.0,0.0,0.0,0.0,0.0,0.0,0.0,0.0,0.0,0.0,0.0,0.0,0.0,100.0,0.0,0.0,0.0,0,0.0,0.6275289147717149,0.7387582781691062,0.0,0.976,250,50.0
oracle_feasible,congested,106,50.0,250,32.90618080133572,45.22195500030648,53.2414129906101,57.1629999903962,32.90618080133572,0.024,0.8127137591838837,0.792240528345108,0.0,0.0,0.0,0.0,0.0,0.0,0.0,0.0,0.0,0.0,0.0,0.0,0.0,0.0,100.0,0.0,0.0,0.0,0,0.0,0.6275289147717149,0.7387582781691062,0.0,0.976,250,50.0
local_only,congested,107,50.0,250,32.90618080133572,45.22195500030648,53.2414129906101,57.1629999903962,32.90618080133572,0.024,0.8127137591838837,0.792240528345108,0.0,0.0,0.0,0.0,0.0,0.0,0.0,0.0,0.0,0.0,0.0,0.0,0.0,0.0,100.0,0.0,0.0,0.0,0,0.0,0.6275289147717149,0.7387582781691062,0.0,0.976,250,50.0
edge_only,congested,107,50.0,250,82.90618080133572,95.22195500030648,103.2414129906101,107.1629999903962,82.90618080133572,1.0,0.8127137591838837,0.0,6250.0,25.0,25000.0,1.0,0.0,0.0,1.0,0.936,0.0,0.0,0.936,0.0,0.064,0.0,0.0,100.0,0.0,0.0,0,0.0,0.0,0.0,0.0,0.0,250,50.0
cloud_only,congested,107,50.0,250,82.90618080133572,95.22195500030648,103.2414129906101,107.1629999903962,82.90618080133572,1.0,0.8127137591838837,0.0,8750.0,35.0,35000.0,1.0,0.0,0.0,1.0,0.952,0.0,0.0,0.952,0.0,0.048,0.0,0.0,100.0,0.0,0.0,0,0.0,0.0,0.0,0.0,0.0,250,50.0
dapper,congested,107,50.0,250,10.87500799983181,36.73759000375866,47.20997200522104,57.1629999903962,10.87500799983181,0.008,0.7993763390779495,0.7923267868757248,0.0,0.0,0.0,1.0,0.696,0.0,0.0,0.0,0.0,0.0,0.0,0.0,0.0,0.0,0.0,0.0,0.0,100.0,0,0.0,0.18320154845154843,0.2024115746249504,0.0,0.296,250,50.0
deadline_greedy,congested,107,50.0,250,32.90618080133572,45.22195500030648,53.2414129906101,57.1629999903962,32.90618080133572,0.024,0.8127137591838837,0.792240528345108,0.0,0.0,0.0,0.0,0.0,0.0,0.0,0.0,0.0,0.0,0.0,0.0,0.0,0.0,100.0,0.0,0.0,0.0,0,0.0,0.6275289147717149,0.7387582781691062,0.0,0.976,250,50.0
confidence_deadline,congested,107,50.0,250,32.90618080133572,45.22195500030648,53.2414129906101,57.1629999903962,32.90618080133572,0.024,0.8127137591838837,0.792240528345108,0.0,0.0,0.0,0.0,0.0,0.0,0.0,0.0,0.0,0.0,0.0,0.0,0.0,0.0,100.0,0.0,0.0,0.0,0,0.0,0.6275289147717149,0.7387582781691062,0.0,0.976,250,50.0
oracle_feasible,congested,107,50.0,250,32.90618080133572,45.22195500030648,53.2414129906101,57.1629999903962,32.90618080133572,0.024,0.8127137591838837,0.792240528345108,0.0,0.0,0.0,0.0,0.0,0.0,0.0,0.0,0.0,0.0,0.0,0.0,0.0,0.0,100.0,0.0,0.0,0.0,0,0.0,0.6275289147717149,0.7387582781691062,0.0,0.976,250,50.0
local_only,congested,108,50.0,250,32.90618080133572,45.22195500030648,53.2414129906101,57.1629999903962,32.90618080133572,0.024,0.8127137591838837,0.792240528345108,0.0,0.0,0.0,0.0,0.0,0.0,0.0,0.0,0.0,0.0,0.0,0.0,0.0,0.0,100.0,0.0,0.0,0.0,0,0.0,0.6275289147717149,0.7387582781691062,0.0,0.976,250,50.0
edge_only,congested,108,50.0,250,82.90618080133572,95.22195500030648,103.2414129906101,107.1629999903962,82.90618080133572,1.0,0.8127137591838837,0.0,6250.0,25.0,25000.0,1.0,0.0,0.0,1.0,0.948,0.0,0.0,0.948,0.0,0.052,0.0,0.0,100.0,0.0,0.0,0,0.0,0.0,0.0,0.0,0.0,250,50.0
cloud_only,congested,108,50.0,250,82.90618080133572,95.22195500030648,103.2414129906101,107.1629999903962,82.90618080133572,1.0,0.8127137591838837,0.0,8750.0,35.0,35000.0,1.0,0.0,0.0,1.0,0.948,0.0,0.0,0.948,0.0,0.052,0.0,0.0,100.0,0.0,0.0,0,0.0,0.0,0.0,0.0,0.0,250,50.0
dapper,congested,108,50.0,250,10.87500799983181,36.73759000375866,47.20997200522104,57.1629999903962,10.87500799983181,0.008,0.7993763390779495,0.7923267868757248,0.0,0.0,0.0,1.0,0.696,0.0,0.0,0.0,0.0,0.0,0.0,0.0,0.0,0.0,0.0,0.0,0.0,100.0,0,0.0,0.18320154845154843,0.2024115746249504,0.0,0.296,250,50.0
deadline_greedy,congested,108,50.0,250,32.90618080133572,45.22195500030648,53.2414129906101,57.1629999903962,32.90618080133572,0.024,0.8127137591838837,0.792240528345108,0.0,0.0,0.0,0.0,0.0,0.0,0.0,0.0,0.0,0.0,0.0,0.0,0.0,0.0,100.0,0.0,0.0,0.0,0,0.0,0.6275289147717149,0.7387582781691062,0.0,0.976,250,50.0
confidence_deadline,congested,108,50.0,250,32.90618080133572,45.22195500030648,53.2414129906101,57.1629999903962,32.90618080133572,0.024,0.8127137591838837,0.792240528345108,0.0,0.0,0.0,0.0,0.0,0.0,0.0,0.0,0.0,0.0,0.0,0.0,0.0,0.0,100.0,0.0,0.0,0.0,0,0.0,0.6275289147717149,0.7387582781691062,0.0,0.976,250,50.0
oracle_feasible,congested,108,50.0,250,32.90618080133572,45.22195500030648,53.2414129906101,57.1629999903962,32.90618080133572,0.024,0.8127137591838837,0.792240528345108,0.0,0.0,0.0,0.0,0.0,0.0,0.0,0.0,0.0,0.0,0.0,0.0,0.0,0.0,100.0,0.0,0.0,0.0,0,0.0,0.6275289147717149,0.7387582781691062,0.0,0.976,250,50.0
local_only,congested,109,50.0,250,32.90618080133572,45.22195500030648,53.2414129906101,57.1629999903962,32.90618080133572,0.024,0.8127137591838837,0.792240528345108,0.0,0.0,0.0,0.0,0.0,0.0,0.0,0.0,0.0,0.0,0.0,0.0,0.0,0.0,100.0,0.0,0.0,0.0,0,0.0,0.6275289147717149,0.7387582781691062,0.0,0.976,250,50.0
edge_only,congested,109,50.0,250,82.90618080133572,95.22195500030648,103.2414129906101,107.1629999903962,82.90618080133572,1.0,0.8127137591838837,0.0,6250.0,25.0,25000.0,1.0,0.0,0.0,1.0,0.944,0.0,0.0,0.944,0.0,0.056,0.0,0.0,100.0,0.0,0.0,0,0.0,0.0,0.0,0.0,0.0,250,50.0
cloud_only,congested,109,50.0,250,82.90618080133572,95.22195500030648,103.2414129906101,107.1629999903962,82.90618080133572,1.0,0.8127137591838837,0.0,8750.0,35.0,35000.0,1.0,0.0,0.0,1.0,0.952,0.0,0.0,0.952,0.0,0.048,0.0,0.0,100.0,0.0,0.0,0,0.0,0.0,0.0,0.0,0.0,250,50.0
dapper,congested,109,50.0,250,10.87500799983181,36.73759000375866,47.20997200522104,57.1629999903962,10.87500799983181,0.008,0.7993763390779495,0.7923267868757248,0.0,0.0,0.0,1.0,0.696,0.0,0.0,0.0,0.0,0.0,0.0,0.0,0.0,0.0,0.0,0.0,0.0,100.0,0,0.0,0.18320154845154843,0.2024115746249504,0.0,0.296,250,50.0
deadline_greedy,congested,109,50.0,250,32.90618080133572,45.22195500030648,53.2414129906101,57.1629999903962,32.90618080133572,0.024,0.8127137591838837,0.792240528345108,0.0,0.0,0.0,0.0,0.0,0.0,0.0,0.0,0.0,0.0,0.0,0.0,0.0,0.0,100.0,0.0,0.0,0.0,0,0.0,0.6275289147717149,0.7387582781691062,0.0,0.976,250,50.0
confidence_deadline,congested,109,50.0,250,32.90618080133572,45.22195500030648,53.2414129906101,57.1629999903962,32.90618080133572,0.024,0.8127137591838837,0.792240528345108,0.0,0.0,0.0,0.0,0.0,0.0,0.0,0.0,0.0,0.0,0.0,0.0,0.0,0.0,100.0,0.0,0.0,0.0,0,0.0,0.6275289147717149,0.7387582781691062,0.0,0.976,250,50.0
oracle_feasible,congested,109,50.0,250,32.90618080133572,45.22195500030648,53.2414129906101,57.1629999903962,32.90618080133572,0.024,0.8127137591838837,0.792240528345108,0.0,0.0,0.0,0.0,0.0,0.0,0.0,0.0,0.0,0.0,0.0,0.0,0.0,0.0,100.0,0.0,0.0,0.0,0,0.0,0.6275289147717149,0.7387582781691062,0.0,0.976,250,50.0
local_only,lossy,100,50.0,250,32.90618080133572,45.22195500030648,53.2414129906101,57.1629999903962,32.90618080133572,0.024,0.8127137591838837,0.792240528345108,0.0,0.0,0.0,0.0,0.0,0.0,0.0,0.0,0.0,0.0,0.0,0.0,0.0,0.0,100.0,0.0,0.0,0.0,0,0.0,0.6275289147717149,0.7387582781691062,0.0,0.976,250,50.0
edge_only,lossy,100,50.0,250,82.444802232686,94.68340501480269,103.2414129906101,107.1629999903962,82.444802232686,0.988,0.8153672947883606,0.010966501951217652,6250.0,25.0,25000.0,0.988,0.0,0.0,1.0,0.772,0.012,0.012,0.76,0.0,0.228,0.0,0.0,100.0,0.0,0.0,0,0.0,0.009,0.013718765311121999,0.012,0.012,250,50.0
cloud_only,lossy,100,50.0,250,82.90618080133572,95.22195500030648,103.2414129906101,107.1629999903962,82.90618080133572,1.0,0.8127137591838837,0.0,8750.0,35.0,35000.0,1.0,0.0,0.0,1.0,0.784,0.0,0.0,0.784,0.0,0.216,0.0,0.0,100.0,0.0,0.0,0,0.0,0.0,0.0,0.0,0.0,250,50.0
dapper,lossy,100,50.0,250,24.0770456005577,42.84333500836509,52.31237298983611,57.1629999903962,24.0770456005577,0.016,0.8177474163770676,0.8042094882726669,0.0,0.0,0.0,0.308,0.276,0.0,0.0,0.0,0.0,0.0,0.0,0.0,0.0,0.0,69.19999999999999,0.0,0.0,30.8,82,328.0,0.45023839973119995,0.5434131774099926,0.0,0.708,250,50.0
deadline_greedy,lossy,100,50.0,250,32.90618080133572,45.22195500030648,53.2414129906101,57.1629999903962,32.90618080133572,0.024,0.8127137591838837,0.792240528345108,0.0,0.0,0.0,0.0,0.0,0.0,0.0,0.0,0.0,0.0,0.0,0.0,0.0,0.0,100.0,0.0,0.0,0.0,0,0.0,0.6275289147717149,0.7387582781691062,0.0,0.976,250,50.0
confidence_deadline,lossy,100,50.0,250,32.90618080133572,45.22195500030648,53.2414129906101,57.1629999903962,32.90618080133572,0.024,0.8127137591838837,0.792240528345108,0.0,0.0,0.0,0.0,0.0,0.0,0.0,0.0,0.0,0.0,0.0,0.0,0.0,0.0,100.0,0.0,0.0,0.0,0,0.0,0.6275289147717149,0.7387582781691062,0.0,0.976,250,50.0
oracle_feasible,lossy,100,50.0,250,33.04480223268602,46.281414997065426,53.2414129906101,57.1629999903962,33.04480223268602,0.024,0.8153672947883606,0.794894063949585,75.0,0.3,300.0,0.0,0.0,0.0,0.012,1.0,1.0,0.012,0.0,0.0,0.0,0.0,98.8,1.2,0.0,0.0,6,24.0,0.6316622481050483,0.7392482340730748,0.012,0.976,250,50.0
local_only,lossy,101,50.0,250,32.90618080133572,45.22195500030648,53.2414129906101,57.1629999903962,32.90618080133572,0.024,0.8127137591838837,0.792240528345108,0.0,0.0,0.0,0.0,0.0,0.0,0.0,0.0,0.0,0.0,0.0,0.0,0.0,0.0,100.0,0.0,0.0,0.0,0,0.0,0.6275289147717149,0.7387582781691062,0.0,0.976,250,50.0
edge_only,lossy,101,50.0,250,81.39628358332793,95.22195500030648,103.2414129906101,107.1629999903962,81.39628358332793,0.956,0.8153360459804535,0.03913358807563782,6250.0,25.0,25000.0,0.956,0.0,0.0,1.0,0.796,0.044,0.044,0.752,0.0,0.204,0.0,0.0,100.0,0.0,0.0,0,0.0,0.031452287581699344,0.03326800587947085,0.044,0.044,250,50.0
cloud_only,lossy,101,50.0,250,82.90618080133572,95.22195500030648,103.2414129906101,107.1629999903962,82.90618080133572,1.0,0.8127137591838837,0.0,8750.0,35.0,35000.0,1.0,0.0,0.0,1.0,0.812,0.0,0.0,0.812,0.0,0.188,0.0,0.0,100.0,0.0,0.0,0,0.0,0.0,0.0,0.0,0.0,250,50.0
dapper,lossy,101,50.0,250,26.07327240136638,41.52450000401585,49.55067998613226,57.1629999903962,26.07327240136638,0.012,0.8148189187049866,0.8040719792842865,0.0,0.0,0.0,0.236,0.208,0.0,0.0,0.0,0.0,0.0,0.0,0.0,0.0,0.0,76.4,0.0,0.0,23.599999999999998,66,264.0,0.5001136911064913,0.5708868449314309,0.0,0.78,250,50.0
deadline_greedy,lossy,101,50.0,250,32.90618080133572,45.22195500030648,53.2414129906101,57.1629999903962,32.90618080133572,0.024,0.8127137591838837,0.792240528345108,0.0,0.0,0.0,0.0,0.0,0.0,0.0,0.0,0.0,0.0,0.0,0.0,0.0,0.0,100.0,0.0,0.0,0.0,0,0.0,0.6275289147717149,0.7387582781691062,0.0,0.976,250,50.0
confidence_deadline,lossy,101,50.0,250,32.90618080133572,45.22195500030648,53.2414129906101,57.1629999903962,32.90618080133572,0.024,0.8127137591838837,0.792240528345108,0.0,0.0,0.0,0.0,0.0,0.0,0.0,0.0,0.0,0.0,0.0,0.0,0.0,0.0,100.0,0.0,0.0,0.0,0,0.0,0.6275289147717149,0.7387582781691062,0.0,0.976,250,50.0
oracle_feasible,lossy,101,50.0,250,33.596283583327924,48.42411733744161,53.2414129906101,57.1629999903962,33.596283583327924,0.024,0.8153360459804535,0.7948628151416779,275.0,1.1,1100.0,0.0,0.0,0.0,0.044,1.0,1.0,0.044,0.0,0.0,0.0,0.0,95.6,4.3999999999999995,0.0,0.0,14,56.0,0.6296336766764768,0.7402281458810122,0.044,0.976,250,50.0
local_only,lossy,102,50.0,250,32.90618080133572,45.22195500030648,53.2414129906101,57.1629999903962,32.90618080133572,0.024,0.8127137591838837,0.792240528345108,0.0,0.0,0.0,0.0,0.0,0.0,0.0,0.0,0.0,0.0,0.0,0.0,0.0,0.0,100.0,0.0,0.0,0.0,0,0.0,0.6275289147717149,0.7387582781691062,0.0,0.976,250,50.0
edge_only,lossy,102,50.0,250,81.84257030894057,95.22195500030648,103.2414129906101,107.1629999903962,81.84257030894057,0.968,0.8136497590541839,0.029241065979003906,6250.0,25.0,25000.0,0.968,0.0,0.0,1.0,0.836,0.032,0.032,0.804,0.0,0.164,0.0,0.0,100.0,0.0,0.0,0,0.0,0.02143850267379679,0.017743403093721563,0.032,0.032,250,50.0
cloud_only,lossy,102,50.0,250,82.90618080133572,95.22195500030648,103.2414129906101,107.1629999903962,82.90618080133572,1.0,0.8127137591838837,0.0,8750.0,35.0,35000.0,1.0,0.0,0.0,1.0,0.804,0.0,0.0,0.804,0.0,0.196,0.0,0.0,100.0,0.0,0.0,0,0.0,0.0,0.0,0.0,0.0,250,50.0
dapper,lossy,102,50.0,250,25.764062800049782,43.60048001108224,51.588393986457945,57.1629999903962,25.764062800049782,0.02,0.8117628066539765,0.7949869630336761,0.0,0.0,0.0,0.252,0.224,0.0,0.0,0.0,0.0,0.0,0.0,0.0,0.0,0.0,74.8,0.0,0.0,25.2,54,216.0,0.4840996886314981,0.5700784176898827,0.0,0.756,250,50.0
deadline_greedy,lossy,102,50.0,250,32.90618080133572,45.22195500030648,53.2414129906101,57.1629999903962,32.90618080133572,0.024,0.8127137591838837,0.792240528345108,0.0,0.0,0.0,0.0,0.0,0.0,0.0,0.0,0.0,0.0,0.0,0.0,0.0,0.0,100.0,0.0,0.0,0.0,0,0.0,0.6275289147717149,0.7387582781691062,0.0,0.976,250,50.0
confidence_deadline,lossy,102,50.0,250,32.90618080133572,45.22195500030648,53.2414129906101,57.1629999903962,32.90618080133572,0.024,0.8127137591838837,0.792240528345108,0.0,0.0,0.0,0.0,0.0,0.0,0.0,0.0,0.0,0.0,0.0,0.0,0.0,0.0,100.0,0.0,0.0,0.0,0,0.0,0.6275289147717149,0.7387582781691062,0.0,0.976,250,50.0
oracle_feasible,lossy,102,50.0,250,33.39672981630793,46.92021072868494,53.2414129906101,57.1629999903962,33.39672981630793,0.024,0.8136852440834046,0.7932120132446289,175.0,0.7,700.0,0.0,0.0,0.0,0.028,1.0,1.0,0.028,0.0,0.0,0.0,0.0,97.2,2.8000000000000003,0.0,0.0,8,32.0,0.629855117980271,0.7392132372227914,0.028,0.976,250,50.0
local_only,lossy,103,50.0,250,32.90618080133572,45.22195500030648,53.2414129906101,57.1629999903962,32.90618080133572,0.024,0.8127137591838837,0.792240528345108,0.0,0.0,0.0,0.0,0.0,0.0,0.0,0.0,0.0,0.0,0.0,0.0,0.0,0.0,100.0,0.0,0.0,0.0,0,0.0,0.6275289147717149,0.7387582781691062,0.0,0.976,250,50.0
edge_only,lossy,103,50.0,250,81.70939593470655,94.68340501480269,103.2414129906101,107.1629999903962,81.70939593470655,0.968,0.813325829744339,0.028806966304779053,6250.0,25.0,25000.0,0.968,0.0,0.0,1.0,0.82,0.032,0.032,0.788,0.0,0.18,0.0,0.0,100.0,0.0,0.0,0,0.0,0.02040124777183601,0.027842115421733257,0.032,0.032,250,50.0
cloud_only,lossy,103,50.0,250,82.90618080133572,95.22195500030648,103.2414129906101,107.1629999903962,82.90618080133572,1.0,0.8127137591838837,0.0,8750.0,35.0,35000.0,1.0,0.0,0.0,1.0,0.832,0.0,0.0,0.832,0.0,0.168,0.0,0.0,100.0,0.0,0.0,0,0.0,0.0,0.0,0.0,0.0,250,50.0
dapper,lossy,103,50.0,250,26.641078400153667,43.60048001108224,49.763579993741565,57.1629999903962,26.641078400153667,0.012,0.8184016400575638,0.8080675460100174,0.0,0.0,0.0,0.212,0.192,0.0,0.0,0.0,0.0,0.0,0.0,0.0,0.0,0.0,78.8,0.0,0.0,21.2,61,244.0,0.5243238950165287,0.5881907459136758,0.0,0.796,250,50.0
deadline_greedy,lossy,103,50.0,250,32.90618080133572,45.22195500030648,53.2414129906101,57.1629999903962,32.90618080133572,0.024,0.8127137591838837,0.792240528345108,0.0,0.0,0.0,0.0,0.0,0.0,0.0,0.0,0.0,0.0,0.0,0.0,0.0,0.0,100.0,0.0,0.0,0.0,0,0.0,0.6275289147717149,0.7387582781691062,0.0,0.976,250,50.0
confidence_deadline,lossy,103,50.0,250,32.90618080133572,45.22195500030648,53.2414129906101,57.1629999903962,32.90618080133572,0.024,0.8127137591838837,0.792240528345108,0.0,0.0,0.0,0.0,0.0,0.0,0.0,0.0,0.0,0.0,0.0,0.0,0.0,0.0,100.0,0.0,0.0,0.0,0,0.0,0.6275289147717149,0.7387582781691062,0.0,0.976,250,50.0
oracle_feasible,lossy,103,50.0,250,33.321603527936006,46.53001495792591,53.2414129906101,57.1629999903962,33.321603527936006,0.024,0.814001797914505,0.7935285670757294,175.0,0.7,700.0,0.0,0.0,0.0,0.028,1.0,1.0,0.028,0.0,0.0,0.0,0.0,97.2,2.8000000000000003,0.0,0.0,10,40.0,0.6304400853005326,0.7422083843262187,0.028,0.976,250,50.0
local_only,lossy,104,50.0,250,32.90618080133572,45.22195500030648,53.2414129906101,57.1629999903962,32.90618080133572,0.024,0.8127137591838837,0.792240528345108,0.0,0.0,0.0,0.0,0.0,0.0,0.0,0.0,0.0,0.0,0.0,0.0,0.0,0.0,100.0,0.0,0.0,0.0,0,0.0,0.6275289147717149,0.7387582781691062,0.0,0.976,250,50.0
edge_only,lossy,104,50.0,250,81.56881732996858,95.22195500030648,103.2414129906101,107.1629999903962,81.56881732996858,0.96,0.8151907060146332,0.03644051647186279,6250.0,25.0,25000.0,0.96,0.0,0.0,1.0,0.776,0.04,0.04,0.736,0.0,0.224,0.0,0.0,100.0,0.0,0.0,0,0.0,0.03166666666666666,0.017834394904458598,0.04,0.04,250,50.0
cloud_only,lossy,104,50.0,250,82.90618080133572,95.22195500030648,103.2414129906101,107.1629999903962,82.90618080133572,1.0,0.8127137591838837,0.0,8750.0,35.0,35000.0,1.0,0.0,0.0,1.0,0.8,0.0,0.0,0.8,0.0,0.2,0.0,0.0,100.0,0.0,0.0,0,0.0,0.0,0.0,0.0,0.0,250,50.0
dapper,lossy,104,50.0,250,26.767303201373668,43.95205503096804,50.63156598596833,57.1629999903962,26.767303201373668,0.016,0.8206929117441177,0.8075678290128708,0.0,0.0,0.0,0.212,0.196,0.0,0.0,0.0,0.0,0.0,0.0,0.0,0.0,0.0,78.8,0.0,0.0,21.2,66,264.0,0.5154612713040715,0.6131598320292588,0.0,0.788,250,50.0
deadline_greedy,lossy,104,50.0,250,32.90618080133572,45.22195500030648,53.2414129906101,57.1629999903962,32.90618080133572,0.024,0.8127137591838837,0.792240528345108,0.0,0.0,0.0,0.0,0.0,0.0,0.0,0.0,0.0,0.0,0.0,0.0,0.0,0.0,100.0,0.0,0.0,0.0,0,0.0,0.6275289147717149,0.7387582781691062,0.0,0.976,250,50.0
confidence_deadline,lossy,104,50.0,250,32.90618080133572,45.22195500030648,53.2414129906101,57.1629999903962,32.90618080133572,0.024,0.8127137591838837,0.792240528345108,0.0,0.0,0.0,0.0,0.0,0.0,0.0,0.0,0.0,0.0,0.0,0.0,0.0,0.0,100.0,0.0,0.0,0.0,0,0.0,0.6275289147717149,0.7387582781691062,0.0,0.976,250,50.0
oracle_feasible,lossy,104,50.0,250,33.56881732996859,47.92991644930358,53.2414129906101,57.1629999903962,33.56881732996859,0.024,0.8151907060146332,0.7947174751758576,250.0,1.0,1000.0,0.0,0.0,0.0,0.04,1.0,1.0,0.04,0.0,0.0,0.0,0.0,96.0,4.0,0.0,0.0,14,56.0,0.6345844703272705,0.7387582781691062,0.04,0.976,250,50.0
local_only,lossy,105,50.0,250,32.90618080133572,45.22195500030648,53.2414129906101,57.1629999903962,32.90618080133572,0.024,0.8127137591838837,0.792240528345108,0.0,0.0,0.0,0.0,0.0,0.0,0.0,0.0,0.0,0.0,0.0,0.0,0.0,0.0,100.0,0.0,0.0,0.0,0,0.0,0.6275289147717149,0.7387582781691062,0.0,0.976,250,50.0
edge_only,lossy,105,50.0,250,81.51442908898291,95.22195500030648,103.2414129906101,107.1629999903962,81.51442908898291,0.96,0.8149876151084899,0.03599505472183227,6250.0,25.0,25000.0,0.96,0.0,0.0,1.0,0.804,0.04,0.04,0.764,0.0,0.196,0.0,0.0,100.0,0.0,0.0,0,0.0,0.027135014005602243,0.034288747346072186,0.04,0.04,250,50.0
cloud_only,lossy,105,50.0,250,82.90618080133572,95.22195500030648,103.2414129906101,107.1629999903962,82.90618080133572,1.0,0.8127137591838837,0.0,8750.0,35.0,35000.0,1.0,0.0,0.0,1.0,0.768,0.0,0.0,0.768,0.0,0.232,0.0,0.0,100.0,0.0,0.0,0,0.0,0.0,0.0,0.0,0.0,250,50.0
dapper,lossy,105,50.0,250,26.910369600890203,42.547764990013086,50.63156598596833,54.175500001292676,26.910369600890203,0.016,0.813041898727417,0.7996648464202881,0.0,0.0,0.0,0.2,0.176,0.0,0.0,0.0,0.0,0.0,0.0,0.0,0.0,0.0,80.0,0.0,0.0,20.0,54,216.0,0.5244254514923887,0.5824856760366315,0.0,0.808,250,50.0
deadline_greedy,lossy,105,50.0,250,32.90618080133572,45.22195500030648,53.2414129906101,57.1629999903962,32.90618080133572,0.024,0.8127137591838837,0.792240528345108,0.0,0.0,0.0,0.0,0.0,0.0,0.0,0.0,0.0,0.0,0.0,0.0,0.0,0.0,100.0,0.0,0.0,0.0,0,0.0,0.6275289147717149,0.7387582781691062,0.0,0.976,250,50.0
confidence_deadline,lossy,105,50.0,250,32.90618080133572,45.22195500030648,53.2414129906101,57.1629999903962,32.90618080133572,0.024,0.8127137591838837,0.792240528345108,0.0,0.0,0.0,0.0,0.0,0.0,0.0,0.0,0.0,0.0,0.0,0.0,0.0,0.0,100.0,0.0,0.0,0.0,0,0.0,0.6275289147717149,0.7387582781691062,0.0,0.976,250,50.0
oracle_feasible,lossy,105,50.0,250,33.46592995284645,47.9056425058164,53.2414129906101,57.1629999903962,33.46592995284645,0.024,0.8153633978366852,0.7948901669979096,225.0,0.9,900.0,0.0,0.0,0.0,0.036,1.0,1.0,0.036,0.0,0.0,0.0,0.0,96.39999999999999,3.5999999999999996,0.0,0.0,14,56.0,0.6319380650985124,0.7507009533283419,0.036,0.976,250,50.0
local_only,lossy,106,50.0,250,32.90618080133572,45.22195500030648,53.2414129906101,57.1629999903962,32.90618080133572,0.024,0.8127137591838837,0.792240528345108,0.0,0.0,0.0,0.0,0.0,0.0,0.0,0.0,0.0,0.0,0.0,0.0,0.0,0.0,100.0,0.0,0.0,0.0,0,0.0,0.6275289147717149,0.7387582781691062,0.0,0.976,250,50.0
edge_only,lossy,106,50.0,250,81.89110144889813,95.22195500030648,103.2414129906101,107.1629999903962,81.89110144889813,0.972,0.8134271926879882,0.02524111843109131,6250.0,25.0,25000.0,0.972,0.0,0.0,1.0,0.856,0.028,0.028,0.828,0.0,0.144,0.0,0.0,100.0,0.0,0.0,0,0.0,0.023058823529411764,0.03556263269639066,0.028,0.028,250,50.0
cloud_only,lossy,106,50.0,250,82.90618080133572,95.22195500030648,103.2414129906101,107.1629999903962,82.90618080133572,1.0,0.8127137591838837,0.0,8750.0,35.0,35000.0,1.0,0.0,0.0,1.0,0.82,0.0,0.0,0.82,0.0,0.18,0.0,0.0,100.0,0.0,0.0,0,0.0,0.0,0.0,0.0,0.0,250,50.0
dapper,lossy,106,50.0,250,25.4142955999095,42.57400000642519,49.505213985685245,52.26919997949153,25.4142955999095,0.012,0.8252820786237717,0.8155756574869156,0.0,0.0,0.0,0.252,0.228,0.0,0.0,0.0,0.0,0.0,0.0,0.0,0.0,0.0,74.8,0.0,0.0,25.2,72,288.0,0.51310159881282,0.5640332155459544,0.0,0.76,250,50.0
deadline_greedy,lossy,106,50.0,250,32.90618080133572,45.22195500030648,53.2414129906101,57.1629999903962,32.90618080133572,0.024,0.8127137591838837,0.792240528345108,0.0,0.0,0.0,0.0,0.0,0.0,0.0,0.0,0.0,0.0,0.0,0.0,0.0,0.0,100.0,0.0,0.0,0.0,0,0.0,0.6275289147717149,0.7387582781691062,0.0,0.976,250,50.0
confidence_deadline,lossy,106,50.0,250,32.90618080133572,45.22195500030648,53.2414129906101,57.1629999903962,32.90618080133572,0.024,0.8127137591838837,0.792240528345108,0.0,0.0,0.0,0.0,0.0,0.0,0.0,0.0,0.0,0.0,0.0,0.0,0.0,0.0,100.0,0.0,0.0,0.0,0,0.0,0.6275289147717149,0.7387582781691062,0.0,0.976,250,50.0
oracle_feasible,lossy,106,50.0,250,33.22187160417324,47.2837812768389,53.2414129906101,57.1629999903962,33.22187160417324,0.024,0.8138029754161835,0.7933297445774078,150.0,0.6,600.0,0.0,0.0,0.0,0.024,1.0,1.0,0.024,0.0,0.0,0.0,0.0,97.6,2.4,0.0,0.0,10,40.0,0.6325158428762901,0.7443315265767495,0.024,0.976,250,50.0
local_only,lossy,107,50.0,250,32.90618080133572,45.22195500030648,53.2414129906101,57.1629999903962,32.90618080133572,0.024,0.8127137591838837,0.792240528345108,0.0,0.0,0.0,0.0,0.0,0.0,0.0,0.0,0.0,0.0,0.0,0.0,0.0,0.0,100.0,0.0,0.0,0.0,0,0.0,0.6275289147717149,0.7387582781691062,0.0,0.976,250,50.0
edge_only,lossy,107,50.0,250,80.68018056856296,94.6434450248489,103.2414129906101,107.1629999903962,80.68018056856296,0.94,0.815291490316391,0.05479012537002564,6250.0,25.0,25000.0,0.94,0.0,0.0,1.0,0.804,0.06,0.06,0.744,0.0,0.196,0.0,0.0,100.0,0.0,0.0,0,0.0,0.049147058823529405,0.04746739460115256,0.06,0.06,250,50.0
cloud_only,lossy,107,50.0,250,82.90618080133572,95.22195500030648,103.2414129906101,107.1629999903962,82.90618080133572,1.0,0.8127137591838837,0.0,8750.0,35.0,35000.0,1.0,0.0,0.0,1.0,0.776,0.0,0.0,0.776,0.0,0.224,0.0,0.0,100.0,0.0,0.0,0,0.0,0.0,0.0,0.0,0.0,250,50.0
dapper,lossy,107,50.0,250,26.94929520051554,43.95205503096804,51.588393986457945,57.1629999903962,26.94929520051554,0.02,0.8102320414781571,0.7934294418096542,0.0,0.0,0.0,0.196,0.184,0.0,0.0,0.0,0.0,0.0,0.0,0.0,0.0,0.0,80.4,0.0,0.0,19.6,56,224.0,0.5170877725805728,0.615535853035853,0.0,0.796,250,50.0
deadline_greedy,lossy,107,50.0,250,32.90618080133572,45.22195500030648,53.2414129906101,57.1629999903962,32.90618080133572,0.024,0.8127137591838837,0.792240528345108,0.0,0.0,0.0,0.0,0.0,0.0,0.0,0.0,0.0,0.0,0.0,0.0,0.0,0.0,100.0,0.0,0.0,0.0,0,0.0,0.6275289147717149,0.7387582781691062,0.0,0.976,250,50.0
confidence_deadline,lossy,107,50.0,250,32.90618080133572,45.22195500030648,53.2414129906101,57.1629999903962,32.90618080133572,0.024,0.8127137591838837,0.792240528345108,0.0,0.0,0.0,0.0,0.0,0.0,0.0,0.0,0.0,0.0,0.0,0.0,0.0,0.0,100.0,0.0,0.0,0.0,0,0.0,0.6275289147717149,0.7387582781691062,0.0,0.976,250,50.0
oracle_feasible,lossy,107,50.0,250,33.725177939692756,48.519494995707646,53.2414129906101,57.1629999903962,33.725177939692756,0.024,0.815967458486557,0.7954942276477813,350.0,1.4,1400.0,0.0,0.0,0.0,0.056,1.0,1.0,0.056,0.0,0.0,0.0,0.0,94.39999999999999,5.6000000000000005,0.0,0.0,20,80.0,0.6342511369939372,0.7522174835072925,0.056,0.976,250,50.0
local_only,lossy,108,50.0,250,32.90618080133572,45.22195500030648,53.2414129906101,57.1629999903962,32.90618080133572,0.024,0.8127137591838837,0.792240528345108,0.0,0.0,0.0,0.0,0.0,0.0,0.0,0.0,0.0,0.0,0.0,0.0,0.0,0.0,100.0,0.0,0.0,0.0,0,0.0,0.6275289147717149,0.7387582781691062,0.0,0.976,250,50.0
edge_only,lossy,108,50.0,250,80.92990915344815,95.22195500030648,103.2414129906101,107.1629999903962,80.92990915344815,0.94,0.8166204303503036,0.05308898329734802,6250.0,25.0,25000.0,0.94,0.0,0.0,1.0,0.816,0.06,0.06,0.756,0.0,0.184,0.0,0.0,100.0,0.0,0.0,0,0.0,0.0357025641025641,0.03179813816756492,0.06,0.06,250,50.0
cloud_only,lossy,108,50.0,250,82.90618080133572,95.22195500030648,103.2414129906101,107.1629999903962,82.90618080133572,1.0,0.8127137591838837,0.0,8750.0,35.0,35000.0,1.0,0.0,0.0,1.0,0.748,0.0,0.0,0.748,0.0,0.252,0.0,0.0,100.0,0.0,0.0,0,0.0,0.0,0.0,0.0,0.0,250,50.0
dapper,lossy,108,50.0,250,27.861283601621167,45.22195500030648,53.2414129906101,57.1629999903962,27.861283601621167,0.024,0.8121810557842255,0.7917078249454498,0.0,0.0,0.0,0.164,0.164,0.0,0.0,0.0,0.0,0.0,0.0,0.0,0.0,0.0,83.6,0.0,0.0,16.400000000000002,49,196.0,0.5213319321960306,0.6090634507035781,0.0,0.812,250,50.0
deadline_greedy,lossy,108,50.0,250,32.90618080133572,45.22195500030648,53.2414129906101,57.1629999903962,32.90618080133572,0.024,0.8127137591838837,0.792240528345108,0.0,0.0,0.0,0.0,0.0,0.0,0.0,0.0,0.0,0.0,0.0,0.0,0.0,0.0,100.0,0.0,0.0,0.0,0,0.0,0.6275289147717149,0.7387582781691062,0.0,0.976,250,50.0
confidence_deadline,lossy,108,50.0,250,32.90618080133572,45.22195500030648,53.2414129906101,57.1629999903962,32.90618080133572,0.024,0.8127137591838837,0.792240528345108,0.0,0.0,0.0,0.0,0.0,0.0,0.0,0.0,0.0,0.0,0.0,0.0,0.0,0.0,100.0,0.0,0.0,0.0,0,0.0,0.6275289147717149,0.7387582781691062,0.0,0.976,250,50.0
oracle_feasible,lossy,108,50.0,250,33.722422792403286,48.79535291549655,53.2414129906101,57.1629999903962,33.722422792403286,0.024,0.8168828920125961,0.7964096611738205,300.0,1.2,1200.0,0.0,0.0,0.0,0.048,1.0,1.0,0.048,0.0,0.0,0.0,0.0,95.19999999999999,4.8,0.0,0.0,16,64.0,0.630140025882826,0.7419429915449024,0.048,0.976,250,50.0
local_only,lossy,109,50.0,250,32.90618080133572,45.22195500030648,53.2414129906101,57.1629999903962,32.90618080133572,0.024,0.8127137591838837,0.792240528345108,0.0,0.0,0.0,0.0,0.0,0.0,0.0,0.0,0.0,0.0,0.0,0.0,0.0,0.0,100.0,0.0,0.0,0.0,0,0.0,0.6275289147717149,0.7387582781691062,0.0,0.976,250,50.0
edge_only,lossy,109,50.0,250,81.82927363264427,95.22195500030648,103.2414129906101,107.1629999903962,81.82927363264427,0.968,0.8159431748390198,0.028861533880233766,6250.0,25.0,25000.0,0.968,0.0,0.0,1.0,0.8,0.032,0.032,0.768,0.0,0.2,0.0,0.0,100.0,0.0,0.0,0,0.0,0.024323809523809522,0.028662420382165606,0.032,0.032,250,50.0
cloud_only,lossy,109,50.0,250,82.90618080133572,95.22195500030648,103.2414129906101,107.1629999903962,82.90618080133572,1.0,0.8127137591838837,0.0,8750.0,35.0,35000.0,1.0,0.0,0.0,1.0,0.788,0.0,0.0,0.788,0.0,0.212,0.0,0.0,100.0,0.0,0.0,0,0.0,0.0,0.0,0.0,0.0,250,50.0
dapper,lossy,109,50.0,250,25.26345000086725,43.60933501448015,51.588393986457945,57.1629999903962,25.26345000086725,0.016,0.8004004808664322,0.786395755648613,0.0,0.0,0.0,0.248,0.236,0.0,0.0,0.0,0.0,0.0,0.0,0.0,0.0,0.0,75.2,0.0,0.0,24.8,66,264.0,0.4849983564411566,0.5495962194210602,0.0,0.748,250,50.0
deadline_greedy,lossy,109,50.0,250,32.90618080133572,45.22195500030648,53.2414129906101,57.1629999903962,32.90618080133572,0.024,0.8127137591838837,0.792240528345108,0.0,0.0,0.0,0.0,0.0,0.0,0.0,0.0,0.0,0.0,0.0,0.0,0.0,0.0,100.0,0.0,0.0,0.0,0,0.0,0.6275289147717149,0.7387582781691062,0.0,0.976,250,50.0
confidence_deadline,lossy,109,50.0,250,32.90618080133572,45.22195500030648,53.2414129906101,57.1629999903962,32.90618080133572,0.024,0.8127137591838837,0.792240528345108,0.0,0.0,0.0,0.0,0.0,0.0,0.0,0.0,0.0,0.0,0.0,0.0,0.0,0.0,100.0,0.0,0.0,0.0,0,0.0,0.6275289147717149,0.7387582781691062,0.0,0.976,250,50.0
oracle_feasible,lossy,109,50.0,250,33.429273632644275,47.954126162859346,53.2414129906101,57.1629999903962,33.429273632644275,0.024,0.8159431748390198,0.7954699440002442,200.0,0.8,800.0,0.0,0.0,0.0,0.032,1.0,1.0,0.032,0.0,0.0,0.0,0.0,96.8,3.2,0.0,0.0,14,56.0,0.6305289147717149,0.7432168768952208,0.032,0.976,250,50.0
local_only,variable,100,50.0,250,32.90618080133572,45.22195500030648,53.2414129906101,57.1629999903962,32.90618080133572,0.024,0.8127137591838837,0.792240528345108,0.0,0.0,0.0,0.0,0.0,0.0,0.0,0.0,0.0,0.0,0.0,0.0,0.0,0.0,100.0,0.0,0.0,0.0,0,0.0,0.6275289147717149,0.7387582781691062,0.0,0.976,250,50.0
edge_only,variable,100,50.0,250,71.2700874403879,94.00814002146944,100.63156598596834,104.7997000394389,71.2700874403879,0.764,0.8174254387617111,0.1966055498123169,5100.0,20.4,20400.0,0.944,0.0,0.0,0.816,0.946078431372549,0.06862745098039216,0.056,0.8774509803921569,0.0,0.05392156862745098,0.184,0.0,100.0,0.0,0.0,0,0.0,0.1511957403496393,0.19896895390525962,0.056,0.236,250,50.0
cloud_only,variable,100,50.0,250,73.70618080133572,94.68340501480269,102.56060699757651,107.1629999903962,73.70618080133572,0.82,0.8127137591838837,0.14683502435684204,7140.0,28.56,28560.0,1.0,0.0,0.0,0.816,0.9215686274509803,0.0,0.0,0.9215686274509803,0.0,0.0784313725490196,0.184,0.0,100.0,0.0,0.0,0,0.0,0.11443280701955837,0.15357803908759324,0.0,0.18,250,50.0
dapper,variable,100,50.0,250,16.080325199823825,39.429950009798624,48.51217899587937,57.1629999903962,16.080325199823825,0.008,0.8180833804607391,0.8110338282585144,0.0,0.0,0.0,0.708,0.528,0.0,0.0,0.0,0.0,0.0,0.0,0.0,0.0,0.0,34.8,0.0,0.0,65.2,64,256.0,0.29054715520831237,0.32355810325555545,0.0,0.464,250,50.0
deadline_greedy,variable,100,50.0,250,32.90618080133572,45.22195500030648,53.2414129906101,57.1629999903962,32.90618080133572,0.024,0.8127137591838837,0.792240528345108,0.0,0.0,0.0,0.0,0.0,0.0,0.0,0.0,0.0,0.0,0.0,0.0,0.0,0.0,100.0,0.0,0.0,0.0,0,0.0,0.6275289147717149,0.7387582781691062,0.0,0.976,250,50.0
confidence_deadline,variable,100,50.0,250,32.90618080133572,45.22195500030648,53.2414129906101,57.1629999903962,32.90618080133572,0.024,0.8127137591838837,0.792240528345108,0.0,0.0,0.0,0.0,0.0,0.0,0.0,0.0,0.0,0.0,0.0,0.0,0.0,0.0,100.0,0.0,0.0,0.0,0,0.0,0.6275289147717149,0.7387582781691062,0.0,0.976,250,50.0
oracle_feasible,variable,100,50.0,250,33.27158529553748,46.46477646979815,51.588393986457945,54.7997000394389,33.27158529553748,0.02,0.8174294294118881,0.8003549898862838,300.0,1.2,1200.0,0.0,0.0,0.0,0.048,1.0,1.0,0.048,0.0,0.0,0.0,0.0,95.19999999999999,4.8,0.0,0.0,14,56.0,0.6313820283248285,0.7436578372087926,0.048,0.98,250,50.0
local_only,variable,101,50.0,250,32.90618080133572,45.22195500030648,53.2414129906101,57.1629999903962,32.90618080133572,0.024,0.8127137591838837,0.792240528345108,0.0,0.0,0.0,0.0,0.0,0.0,0.0,0.0,0.0,0.0,0.0,0.0,0.0,0.0,100.0,0.0,0.0,0.0,0,0.0,0.6275289147717149,0.7387582781691062,0.0,0.976,250,50.0
edge_only,variable,101,50.0,250,63.318635045426625,89.30777499626855,99.50521398568524,102.26919997949153,63.318635045426625,0.616,0.8130904250144958,0.30972220027446745,3875.0,15.5,15500.0,0.984,0.0,0.0,0.62,0.9290322580645162,0.025806451612903226,0.016,0.9032258064516129,0.0,0.07096774193548387,0.38,0.0,100.0,0.0,0.0,0,0.0,0.24296329226329225,0.2501466686180062,0.016,0.384,250,50.0
cloud_only,variable,101,50.0,250,63.90618080133572,89.30777499626855,99.50521398568524,102.26919997949153,63.90618080133572,0.632,0.8127137591838837,0.2949597362279892,5425.0,21.7,21700.0,1.0,0.0,0.0,0.62,0.9354838709677419,0.0,0.0,0.9354838709677419,0.0,0.06451612903225806,0.38,0.0,100.0,0.0,0.0,0,0.0,0.23246329226329226,0.23185498153651016,0.0,0.368,250,50.0
dapper,variable,101,50.0,250,15.509166001813487,37.69578501814976,51.34015997871755,57.1629999903962,15.509166001813487,0.016,0.8083308119773864,0.7948127541542053,0.0,0.0,0.0,0.724,0.544,0.0,0.0,0.0,0.0,0.0,0.0,0.0,0.0,0.0,39.2,0.0,0.0,60.8,87,348.0,0.288886238228872,0.32958064582268404,0.0,0.44,250,50.0
deadline_greedy,variable,101,50.0,250,32.90618080133572,45.22195500030648,53.2414129906101,57.1629999903962,32.90618080133572,0.024,0.8127137591838837,0.792240528345108,0.0,0.0,0.0,0.0,0.0,0.0,0.0,0.0,0.0,0.0,0.0,0.0,0.0,0.0,100.0,0.0,0.0,0.0,0,0.0,0.6275289147717149,0.7387582781691062,0.0,0.976,250,50.0
confidence_deadline,variable,101,50.0,250,32.90618080133572,45.22195500030648,53.2414129906101,57.1629999903962,32.90618080133572,0.024,0.8127137591838837,0.792240528345108,0.0,0.0,0.0,0.0,0.0,0.0,0.0,0.0,0.0,0.0,0.0,0.0,0.0,0.0,100.0,0.0,0.0,0.0,0,0.0,0.6275289147717149,0.7387582781691062,0.0,0.976,250,50.0
oracle_feasible,variable,101,50.0,250,33.049787851417065,45.51592999487183,53.2414129906101,57.1629999903962,33.049787851417065,0.024,0.8131133587360382,0.7926401278972626,75.0,0.3,300.0,0.0,0.0,0.0,0.012,1.0,1.0,0.012,0.0,0.0,0.0,0.0,98.8,1.2,0.0,0.0,4,16.0,0.6273622481050483,0.738050564085596,0.012,0.976,250,50.0
local_only,variable,102,50.0,250,32.90618080133572,45.22195500030648,53.2414129906101,57.1629999903962,32.90618080133572,0.024,0.8127137591838837,0.792240528345108,0.0,0.0,0.0,0.0,0.0,0.0,0.0,0.0,0.0,0.0,0.0,0.0,0.0,0.0,100.0,0.0,0.0,0.0,0,0.0,0.6275289147717149,0.7387582781691062,0.0,0.976,250,50.0
edge_only,variable,102,50.0,250,74.12721023225167,93.95205503096804,102.56060699757651,107.1629999903962,74.12721023225167,0.812,0.8158092217445374,0.16011380529403688,5475.0,21.9,21900.0,0.932,0.0,0.0,0.876,0.8949771689497716,0.0776255707762557,0.068,0.817351598173516,0.0,0.1050228310502283,0.124,0.0,100.0,0.0,0.0,0,0.0,0.1348280112044818,0.17642106654845507,0.068,0.188,250,50.0
cloud_only,variable,102,50.0,250,76.70618080133572,93.95205503096804,102.56060699757651,107.1629999903962,76.70618080133572,0.88,0.8127137591838837,0.09962623620033265,7665.0,30.66,30660.0,1.0,0.0,0.0,0.876,0.9315068493150684,0.0,0.0,0.9315068493150684,0.0,0.0684931506849315,0.124,0.0,100.0,0.0,0.0,0,0.0,0.08338095238095238,0.10506832162883117,0.0,0.12,250,50.0
dapper,variable,102,50.0,250,17.432492801239714,39.066325014573515,46.802736991667174,57.1629999903962,17.432492801239714,0.008,0.811660554766655,0.8045643762350082,0.0,0.0,0.0,0.604,0.48,0.0,0.0,0.0,0.0,0.0,0.0,0.0,0.0,0.0,42.4,0.0,0.0,57.599999999999994,84,336.0,0.328757502447969,0.3700106687367834,0.0,0.512,250,50.0
deadline_greedy,variable,102,50.0,250,32.90618080133572,45.22195500030648,53.2414129906101,57.1629999903962,32.90618080133572,0.024,0.8127137591838837,0.792240528345108,0.0,0.0,0.0,0.0,0.0,0.0,0.0,0.0,0.0,0.0,0.0,0.0,0.0,0.0,100.0,0.0,0.0,0.0,0,0.0,0.6275289147717149,0.7387582781691062,0.0,0.976,250,50.0
confidence_deadline,variable,102,50.0,250,32.90618080133572,45.22195500030648,53.2414129906101,57.1629999903962,32.90618080133572,0.024,0.8127137591838837,0.792240528345108,0.0,0.0,0.0,0.0,0.0,0.0,0.0,0.0,0.0,0.0,0.0,0.0,0.0,0.0,100.0,0.0,0.0,0.0,0,0.0,0.6275289147717149,0.7387582781691062,0.0,0.976,250,50.0
oracle_feasible,variable,102,50.0,250,33.654389233145665,47.924495086197396,53.2414129906101,57.1629999903962,33.654389233145665,0.024,0.8170739381313324,0.7966007072925567,400.0,1.6,1600.0,0.0,0.0,0.0,0.064,1.0,1.0,0.064,0.0,0.0,0.0,0.0,93.60000000000001,6.4,0.0,0.0,22,88.0,0.6326003433431435,0.745051878411751,0.064,0.976,250,50.0
local_only,variable,103,50.0,250,32.90618080133572,45.22195500030648,53.2414129906101,57.1629999903962,32.90618080133572,0.024,0.8127137591838837,0.792240528345108,0.0,0.0,0.0,0.0,0.0,0.0,0.0,0.0,0.0,0.0,0.0,0.0,0.0,0.0,100.0,0.0,0.0,0.0,0,0.0,0.6275289147717149,0.7387582781691062,0.0,0.976,250,50.0
edge_only,variable,103,50.0,250,64.88009913011753,90.84619503119028,99.50521398568524,104.7997000394389,64.88009913011753,0.644,0.8143832998275757,0.2876406800746918,4100.0,16.4,16400.0,0.976,0.0,0.0,0.656,0.9451219512195121,0.036585365853658534,0.024,0.9085365853658537,0.0,0.054878048780487805,0.344,0.0,100.0,0.0,0.0,0,0.0,0.22872564533592613,0.24089030219603466,0.024,0.356,250,50.0
cloud_only,variable,103,50.0,250,65.70618080133572,90.84619503119028,99.50521398568524,104.7997000394389,65.70618080133572,0.668,0.8127137591838837,0.2668715469837189,5740.0,22.96,22960.0,1.0,0.0,0.0,0.656,0.9512195121951219,0.0,0.0,0.9512195121951219,0.0,0.04878048780487805,0.344,0.0,100.0,0.0,0.0,0,0.0,0.21792934903962982,0.22717153688491268,0.0,0.332,250,50.0
dapper,variable,103,50.0,250,15.654504801575094,37.94129500747658,49.505213985685245,57.1629999903962,15.654504801575094,0.012,0.7956610475778579,0.7857937506437301,0.0,0.0,0.0,0.728,0.54,0.0,0.0,0.0,0.0,0.0,0.0,0.0,0.0,0.0,37.6,0.0,0.0,62.4,84,336.0,0.27052909008659615,0.32440675919975287,0.0,0.448,250,50.0
deadline_greedy,variable,103,50.0,250,32.90618080133572,45.22195500030648,53.2414129906101,57.1629999903962,32.90618080133572,0.024,0.8127137591838837,0.792240528345108,0.0,0.0,0.0,0.0,0.0,0.0,0.0,0.0,0.0,0.0,0.0,0.0,0.0,0.0,100.0,0.0,0.0,0.0,0,0.0,0.6275289147717149,0.7387582781691062,0.0,0.976,250,50.0
confidence_deadline,variable,103,50.0,250,32.90618080133572,45.22195500030648,53.2414129906101,57.1629999903962,32.90618080133572,0.024,0.8127137591838837,0.792240528345108,0.0,0.0,0.0,0.0,0.0,0.0,0.0,0.0,0.0,0.0,0.0,0.0,0.0,0.0,100.0,0.0,0.0,0.0,0,0.0,0.6275289147717149,0.7387582781691062,0.0,0.976,250,50.0
oracle_feasible,variable,103,50.0,250,33.28009913011752,46.37492500187362,53.2414129906101,57.1629999903962,33.28009913011752,0.024,0.8143832998275757,0.7939100689888,150.0,0.6,600.0,0.0,0.0,0.0,0.024,1.0,1.0,0.024,0.0,0.0,0.0,0.0,97.6,2.4,0.0,0.0,10,40.0,0.629102988845789,0.7404731238329965,0.024,0.976,250,50.0
local_only,variable,104,50.0,250,32.90618080133572,45.22195500030648,53.2414129906101,57.1629999903962,32.90618080133572,0.024,0.8127137591838837,0.792240528345108,0.0,0.0,0.0,0.0,0.0,0.0,0.0,0.0,0.0,0.0,0.0,0.0,0.0,0.0,100.0,0.0,0.0,0.0,0,0.0,0.6275289147717149,0.7387582781691062,0.0,0.976,250,50.0
edge_only,variable,104,50.0,250,72.08285529769026,94.00814002146944,103.2414129906101,107.1629999903962,72.08285529769026,0.772,0.8179375138282776,0.18745109057426454,5150.0,20.6,20600.0,0.948,0.0,0.0,0.824,0.9320388349514563,0.06310679611650485,0.052,0.8689320388349514,0.0,0.06796116504854369,0.176,0.0,100.0,0.0,0.0,0,0.0,0.14210923104097645,0.1949102914071067,0.052,0.228,250,50.0
cloud_only,variable,104,50.0,250,74.10618080133573,94.00814002146944,103.2414129906101,107.1629999903962,74.10618080133573,0.824,0.8127137591838837,0.14146549010276793,7210.0,28.84,28840.0,1.0,0.0,0.0,0.824,0.941747572815534,0.0,0.0,0.941747572815534,0.0,0.05825242718446602,0.176,0.0,100.0,0.0,0.0,0,0.0,0.10604018342192885,0.15422178670586315,0.0,0.176,250,50.0
dapper,variable,104,50.0,250,15.324026000777259,38.8770550052868,48.12091398285701,57.1629999903962,15.324026000777259,0.008,0.8247739840745926,0.8176778055429459,0.0,0.0,0.0,0.74,0.552,0.0,0.0,0.0,0.0,0.0,0.0,0.0,0.0,0.0,31.6,0.0,0.0,68.4,66,264.0,0.2780461336049571,0.324797389447071,0.0,0.44,250,50.0
deadline_greedy,variable,104,50.0,250,32.90618080133572,45.22195500030648,53.2414129906101,57.1629999903962,32.90618080133572,0.024,0.8127137591838837,0.792240528345108,0.0,0.0,0.0,0.0,0.0,0.0,0.0,0.0,0.0,0.0,0.0,0.0,0.0,0.0,100.0,0.0,0.0,0.0,0,0.0,0.6275289147717149,0.7387582781691062,0.0,0.976,250,50.0
confidence_deadline,variable,104,50.0,250,32.90618080133572,45.22195500030648,53.2414129906101,57.1629999903962,32.90618080133572,0.024,0.8127137591838837,0.792240528345108,0.0,0.0,0.0,0.0,0.0,0.0,0.0,0.0,0.0,0.0,0.0,0.0,0.0,0.0,100.0,0.0,0.0,0.0,0,0.0,0.6275289147717149,0.7387582781691062,0.0,0.976,250,50.0
oracle_feasible,variable,104,50.0,250,33.336738012745464,47.006042452793324,53.2414129906101,57.1629999903962,33.336738012745464,0.024,0.8180268964767456,0.7975536656379699,275.0,1.1,1100.0,0.0,0.0,0.0,0.044,1.0,1.0,0.044,0.0,0.0,0.0,0.0,95.6,4.3999999999999995,0.0,0.0,10,40.0,0.630342406835207,0.7396985268800554,0.044,0.976,250,50.0
local_only,variable,105,50.0,250,32.90618080133572,45.22195500030648,53.2414129906101,57.1629999903962,32.90618080133572,0.024,0.8127137591838837,0.792240528345108,0.0,0.0,0.0,0.0,0.0,0.0,0.0,0.0,0.0,0.0,0.0,0.0,0.0,0.0,100.0,0.0,0.0,0.0,0,0.0,0.6275289147717149,0.7387582781691062,0.0,0.976,250,50.0
edge_only,variable,105,50.0,250,72.81846143958968,93.95205503096804,103.2414129906101,107.1629999903962,72.81846143958968,0.772,0.8240681958198547,0.18885108590126037,5425.0,21.7,21700.0,0.904,0.0,0.0,0.868,0.9723502304147466,0.11059907834101383,0.096,0.8617511520737328,0.0,0.027649769585253458,0.132,0.0,100.0,0.0,0.0,0,0.0,0.15432645730602385,0.16125915839291635,0.096,0.228,250,50.0
cloud_only,variable,105,50.0,250,76.30618080133573,94.00814002146944,103.2414129906101,107.1629999903962,76.30618080133573,0.868,0.8127137591838837,0.1068203730583191,7595.0,30.38,30380.0,1.0,0.0,0.0,0.868,0.9078341013824884,0.0,0.0,0.9078341013824884,0.0,0.09216589861751152,0.132,0.0,100.0,0.0,0.0,0,0.0,0.08597397047397047,0.10742233704017144,0.0,0.132,250,50.0
dapper,variable,105,50.0,250,17.192412400256842,37.98199499724432,53.2414129906101,57.1629999903962,17.192412400256842,0.024,0.799892037153244,0.7794188063144684,0.0,0.0,0.0,0.624,0.488,0.0,0.0,0.0,0.0,0.0,0.0,0.0,0.0,0.0,40.400000000000006,0.0,0.0,59.599999999999994,73,292.0,0.30651650977161815,0.36622557378926807,0.0,0.488,250,50.0
deadline_greedy,variable,105,50.0,250,32.90618080133572,45.22195500030648,53.2414129906101,57.1629999903962,32.90618080133572,0.024,0.8127137591838837,0.792240528345108,0.0,0.0,0.0,0.0,0.0,0.0,0.0,0.0,0.0,0.0,0.0,0.0,0.0,0.0,100.0,0.0,0.0,0.0,0,0.0,0.6275289147717149,0.7387582781691062,0.0,0.976,250,50.0
confidence_deadline,variable,105,50.0,250,32.90618080133572,45.22195500030648,53.2414129906101,57.1629999903962,32.90618080133572,0.024,0.8127137591838837,0.792240528345108,0.0,0.0,0.0,0.0,0.0,0.0,0.0,0.0,0.0,0.0,0.0,0.0,0.0,0.0,100.0,0.0,0.0,0.0,0,0.0,0.6275289147717149,0.7387582781691062,0.0,0.976,250,50.0
oracle_feasible,variable,105,50.0,250,33.97577055839805,48.26367945833363,53.2414129906101,57.1629999903962,33.97577055839805,0.024,0.8251937065124512,0.8047204756736756,475.0,1.9,1900.0,0.0,0.0,0.0,0.076,1.0,1.0,0.076,0.0,0.0,0.0,0.0,92.4,7.6,0.0,0.0,28,112.0,0.6389581482833014,0.7381516660975259,0.076,0.976,250,50.0
local_only,variable,106,50.0,250,32.90618080133572,45.22195500030648,53.2414129906101,57.1629999903962,32.90618080133572,0.024,0.8127137591838837,0.792240528345108,0.0,0.0,0.0,0.0,0.0,0.0,0.0,0.0,0.0,0.0,0.0,0.0,0.0,0.0,100.0,0.0,0.0,0.0,0,0.0,0.6275289147717149,0.7387582781691062,0.0,0.976,250,50.0
edge_only,variable,106,50.0,250,77.81644502062193,95.22195500030648,103.2414129906101,107.1629999903962,77.81644502062193,0.884,0.8166019952297211,0.09939644050598144,5900.0,23.6,23600.0,0.94,0.0,0.0,0.944,0.940677966101695,0.0635593220338983,0.06,0.8771186440677966,0.0,0.059322033898305086,0.056,0.0,100.0,0.0,0.0,0,0.0,0.09397981920040743,0.09285685121672384,0.06,0.116,250,50.0
cloud_only,variable,106,50.0,250,80.10618080133573,95.22195500030648,103.2414129906101,107.1629999903962,80.10618080133573,0.944,0.8127137591838837,0.04511990284919739,8260.0,33.04,33040.0,1.0,0.0,0.0,0.944,0.940677966101695,0.0,0.0,0.940677966101695,0.0,0.059322033898305086,0.056,0.0,100.0,0.0,0.0,0,0.0,0.038945238095238095,0.0480177200718602,0.0,0.056,250,50.0
dapper,variable,106,50.0,250,18.644589600484817,39.066325014573515,49.505213985685245,54.7997000394389,18.644589600484817,0.012,0.8067278896570206,0.7969748421907424,0.0,0.0,0.0,0.572,0.444,0.0,0.0,0.0,0.0,0.0,0.0,0.0,0.0,0.0,44.4,0.0,0.0,55.60000000000001,66,264.0,0.34296645402984244,0.45422370446255794,0.0,0.544,250,50.0
deadline_greedy,variable,106,50.0,250,32.90618080133572,45.22195500030648,53.2414129906101,57.1629999903962,32.90618080133572,0.024,0.8127137591838837,0.792240528345108,0.0,0.0,0.0,0.0,0.0,0.0,0.0,0.0,0.0,0.0,0.0,0.0,0.0,0.0,100.0,0.0,0.0,0.0,0,0.0,0.6275289147717149,0.7387582781691062,0.0,0.976,250,50.0
confidence_deadline,variable,106,50.0,250,32.90618080133572,45.22195500030648,53.2414129906101,57.1629999903962,32.90618080133572,0.024,0.8127137591838837,0.792240528345108,0.0,0.0,0.0,0.0,0.0,0.0,0.0,0.0,0.0,0.0,0.0,0.0,0.0,0.0,100.0,0.0,0.0,0.0,0,0.0,0.6275289147717149,0.7387582781691062,0.0,0.976,250,50.0
oracle_feasible,variable,106,50.0,250,33.61644502062193,47.781663593051775,53.2414129906101,57.1629999903962,33.61644502062193,0.024,0.8166019952297211,0.7961287643909455,375.0,1.5,1500.0,0.0,0.0,0.0,0.06,1.0,1.0,0.06,0.0,0.0,0.0,0.0,94.0,6.0,0.0,0.0,25,100.0,0.631584529744977,0.7396973603183794,0.06,0.976,250,50.0
local_only,variable,107,50.0,250,32.90618080133572,45.22195500030648,53.2414129906101,57.1629999903962,32.90618080133572,0.024,0.8127137591838837,0.792240528345108,0.0,0.0,0.0,0.0,0.0,0.0,0.0,0.0,0.0,0.0,0.0,0.0,0.0,0.0,100.0,0.0,0.0,0.0,0,0.0,0.6275289147717149,0.7387582781691062,0.0,0.976,250,50.0
edge_only,variable,107,50.0,250,69.73697338473605,94.6434450248489,102.56060699757651,107.1629999903962,69.73697338473605,0.732,0.815197342157364,0.22471202909946442,4825.0,19.3,19300.0,0.956,0.0,0.0,0.772,0.9689119170984456,0.05699481865284974,0.044,0.9119170984455959,0.0,0.031088082901554404,0.228,0.0,100.0,0.0,0.0,0,0.0,0.18326735547763626,0.24243679179984912,0.044,0.268,250,50.0
cloud_only,variable,107,50.0,250,71.50618080133572,94.68340501480269,102.56060699757651,107.1629999903962,71.50618080133572,0.776,0.8127137591838837,0.18566199862957,6755.0,27.02,27020.0,1.0,0.0,0.0,0.772,0.9326424870466321,0.0,0.0,0.9326424870466321,0.0,0.06735751295336788,0.228,0.0,100.0,0.0,0.0,0,0.0,0.1536276729379537,0.20634337354082574,0.0,0.224,250,50.0
dapper,variable,107,50.0,250,17.525180402273314,40.80027000163681,50.63156598596833,54.7997000394389,17.525180402273314,0.016,0.8301129276752472,0.8167091193199157,0.0,0.0,0.0,0.648,0.484,0.0,0.0,0.0,0.0,0.0,0.0,0.0,0.0,0.0,41.6,0.0,0.0,58.4,69,276.0,0.3212677854208931,0.35742707398758355,0.0,0.5,250,50.0
deadline_greedy,variable,107,50.0,250,32.90618080133572,45.22195500030648,53.2414129906101,57.1629999903962,32.90618080133572,0.024,0.8127137591838837,0.792240528345108,0.0,0.0,0.0,0.0,0.0,0.0,0.0,0.0,0.0,0.0,0.0,0.0,0.0,0.0,100.0,0.0,0.0,0.0,0,0.0,0.6275289147717149,0.7387582781691062,0.0,0.976,250,50.0
confidence_deadline,variable,107,50.0,250,32.90618080133572,45.22195500030648,53.2414129906101,57.1629999903962,32.90618080133572,0.024,0.8127137591838837,0.792240528345108,0.0,0.0,0.0,0.0,0.0,0.0,0.0,0.0,0.0,0.0,0.0,0.0,0.0,0.0,100.0,0.0,0.0,0.0,0,0.0,0.6275289147717149,0.7387582781691062,0.0,0.976,250,50.0
oracle_feasible,variable,107,50.0,250,33.217261781654265,45.85819000785705,53.2414129906101,57.1629999903962,33.217261781654265,0.024,0.8154183971881866,0.794945166349411,225.0,0.9,900.0,0.0,0.0,0.0,0.036,1.0,1.0,0.036,0.0,0.0,0.0,0.0,96.39999999999999,3.5999999999999996,0.0,0.0,10,40.0,0.6312511369939372,0.7419429915449024,0.036,0.976,250,50.0
local_only,variable,108,50.0,250,32.90618080133572,45.22195500030648,53.2414129906101,57.1629999903962,32.90618080133572,0.024,0.8127137591838837,0.792240528345108,0.0,0.0,0.0,0.0,0.0,0.0,0.0,0.0,0.0,0.0,0.0,0.0,0.0,0.0,100.0,0.0,0.0,0.0,0,0.0,0.6275289147717149,0.7387582781691062,0.0,0.976,250,50.0
edge_only,variable,108,50.0,250,72.05563962407808,93.95205503096804,101.34015997871755,104.7997000394389,72.05563962407808,0.76,0.8203055710792542,0.20077823603153228,5425.0,21.7,21700.0,0.888,0.0,0.0,0.868,0.9400921658986175,0.12903225806451613,0.112,0.8110599078341014,0.0,0.059907834101382486,0.132,0.0,100.0,0.0,0.0,0,0.0,0.15688270063270066,0.14422520155004231,0.112,0.24,250,50.0
cloud_only,variable,108,50.0,250,76.30618080133573,94.68340501480269,101.58839398645794,104.7997000394389,76.30618080133573,0.872,0.8127137591838837,0.10006885993480683,7595.0,30.38,30380.0,1.0,0.0,0.0,0.868,0.9354838709677419,0.0,0.0,0.9354838709677419,0.0,0.06451612903225806,0.132,0.0,100.0,0.0,0.0,0,0.0,0.0736493672993673,0.05671907710124271,0.0,0.128,250,50.0
dapper,variable,108,50.0,250,19.093392401585355,39.7952800180064,49.28269398282279,54.7997000394389,19.093392401585355,0.012,0.8289916090965271,0.8183589191436768,0.0,0.0,0.0,0.56,0.424,0.0,0.0,0.0,0.0,0.0,0.0,0.0,0.0,0.0,47.199999999999996,0.0,0.0,52.800000000000004,57,228.0,0.3599324719988016,0.4626497971243194,0.0,0.564,250,50.0
deadline_greedy,variable,108,50.0,250,32.90618080133572,45.22195500030648,53.2414129906101,57.1629999903962,32.90618080133572,0.024,0.8127137591838837,0.792240528345108,0.0,0.0,0.0,0.0,0.0,0.0,0.0,0.0,0.0,0.0,0.0,0.0,0.0,0.0,100.0,0.0,0.0,0.0,0,0.0,0.6275289147717149,0.7387582781691062,0.0,0.976,250,50.0
confidence_deadline,variable,108,50.0,250,32.90618080133572,45.22195500030648,53.2414129906101,57.1629999903962,32.90618080133572,0.024,0.8127137591838837,0.792240528345108,0.0,0.0,0.0,0.0,0.0,0.0,0.0,0.0,0.0,0.0,0.0,0.0,0.0,0.0,100.0,0.0,0.0,0.0,0,0.0,0.6275289147717149,0.7387582781691062,0.0,0.976,250,50.0
oracle_feasible,variable,108,50.0,250,34.24036545043168,48.61683935183384,53.2414129906101,57.1629999903962,34.24036545043168,0.024,0.8212363128662109,0.8007630820274353,625.0,2.5,2500.0,0.0,0.0,0.0,0.1,1.0,1.0,0.1,0.0,0.0,0.0,0.0,90.0,10.0,0.0,0.0,32,128.0,0.6409511369939371,0.7534855360492304,0.1,0.976,250,50.0
local_only,variable,109,50.0,250,32.90618080133572,45.22195500030648,53.2414129906101,57.1629999903962,32.90618080133572,0.024,0.8127137591838837,0.792240528345108,0.0,0.0,0.0,0.0,0.0,0.0,0.0,0.0,0.0,0.0,0.0,0.0,0.0,0.0,100.0,0.0,0.0,0.0,0,0.0,0.6275289147717149,0.7387582781691062,0.0,0.976,250,50.0
edge_only,variable,109,50.0,250,72.09627431485563,94.00814002146944,103.2414129906101,107.1629999903962,72.09627431485563,0.772,0.8167643457651138,0.18423216581344604,5075.0,20.3,20300.0,0.96,0.0,0.0,0.812,0.9261083743842364,0.04926108374384237,0.04,0.8768472906403941,0.0,0.07389162561576355,0.188,0.0,100.0,0.0,0.0,0,0.0,0.15208460585536057,0.16262675753121614,0.04,0.228,250,50.0
cloud_only,variable,109,50.0,250,73.50618080133572,94.00814002146944,103.2414129906101,107.1629999903962,73.50618080133572,0.812,0.8127137591838837,0.14859870195388794,7105.0,28.42,28420.0,1.0,0.0,0.0,0.812,0.916256157635468,0.0,0.0,0.916256157635468,0.0,0.08374384236453201,0.188,0.0,100.0,0.0,0.0,0,0.0,0.12154174871250344,0.1330334209315101,0.0,0.188,250,50.0
dapper,variable,109,50.0,250,16.234100000405682,38.335369998821974,47.587026995606706,54.175500001292676,16.234100000405682,0.008,0.8080105949640274,0.8010554219484329,0.0,0.0,0.0,0.668,0.516,0.0,0.0,0.0,0.0,0.0,0.0,0.0,0.0,0.0,38.800000000000004,0.0,0.0,61.199999999999996,77,308.0,0.3145930978982703,0.3724488975285154,0.0,0.476,250,50.0
deadline_greedy,variable,109,50.0,250,32.90618080133572,45.22195500030648,53.2414129906101,57.1629999903962,32.90618080133572,0.024,0.8127137591838837,0.792240528345108,0.0,0.0,0.0,0.0,0.0,0.0,0.0,0.0,0.0,0.0,0.0,0.0,0.0,0.0,100.0,0.0,0.0,0.0,0,0.0,0.6275289147717149,0.7387582781691062,0.0,0.976,250,50.0
confidence_deadline,variable,109,50.0,250,32.90618080133572,45.22195500030648,53.2414129906101,57.1629999903962,32.90618080133572,0.024,0.8127137591838837,0.792240528345108,0.0,0.0,0.0,0.0,0.0,0.0,0.0,0.0,0.0,0.0,0.0,0.0,0.0,0.0,100.0,0.0,0.0,0.0,0,0.0,0.6275289147717149,0.7387582781691062,0.0,0.976,250,50.0
oracle_feasible,variable,109,50.0,250,33.44503484251627,47.2052236434603,53.2414129906101,57.1629999903962,33.44503484251627,0.024,0.8167718995809555,0.7962986687421799,225.0,0.9,900.0,0.0,0.0,0.0,0.036,1.0,1.0,0.036,0.0,0.0,0.0,0.0,96.39999999999999,3.5999999999999996,0.0,0.0,15,60.0,0.626628914771715,0.7387582781691062,0.036,0.976,250,50.0
local_only,outage,100,50.0,250,32.90618080133572,45.22195500030648,53.2414129906101,57.1629999903962,32.90618080133572,0.024,0.8127137591838837,0.792240528345108,0.0,0.0,0.0,0.0,0.0,0.0,0.0,0.0,0.0,0.0,0.0,0.0,0.0,0.0,100.0,0.0,0.0,0.0,0,0.0,0.6275289147717149,0.7387582781691062,0.0,0.976,250,50.0
edge_only,outage,100,50.0,250,39.30618080133572,81.3144149724394,87.10188100812955,97.62039997149259,39.30618080133572,0.152,0.8127137591838837,0.6870474014282226,800.0,3.2,3200.0,1.0,0.0,0.0,0.128,0.625,0.0,0.0,0.625,0.0,0.375,0.872,0.0,100.0,0.0,0.0,0,0.0,0.5420481544172587,0.6424181710009735,0.0,0.848,250,50.0
cloud_only,outage,100,50.0,250,39.30618080133572,81.3144149724394,87.10188100812955,97.62039997149259,39.30618080133572,0.152,0.8127137591838837,0.6870474014282226,1120.0,4.48,4480.0,1.0,0.0,0.0,0.128,0.71875,0.0,0.0,0.71875,0.0,0.28125,0.872,0.0,100.0,0.0,0.0,0,0.0,0.5420481544172587,0.6424181710009735,0.0,0.848,250,50.0
dapper,outage,100,50.0,250,10.87500799983181,36.73759000375866,47.20997200522104,57.1629999903962,10.87500799983181,0.008,0.7993763390779495,0.7923267868757248,0.0,0.0,0.0,1.0,0.696,0.0,0.0,0.0,0.0,0.0,0.0,0.0,0.0,0.0,27.200000000000003,0.0,0.0,72.8,108,432.0,0.18320154845154843,0.2024115746249504,0.0,0.296,250,50.0
deadline_greedy,outage,100,50.0,250,32.90618080133572,45.22195500030648,53.2414129906101,57.1629999903962,32.90618080133572,0.024,0.8127137591838837,0.792240528345108,0.0,0.0,0.0,0.0,0.0,0.0,0.0,0.0,0.0,0.0,0.0,0.0,0.0,0.0,100.0,0.0,0.0,0.0,0,0.0,0.6275289147717149,0.7387582781691062,0.0,0.976,250,50.0
confidence_deadline,outage,100,50.0,250,32.90618080133572,45.22195500030648,53.2414129906101,57.1629999903962,32.90618080133572,0.024,0.8127137591838837,0.792240528345108,0.0,0.0,0.0,0.0,0.0,0.0,0.0,0.0,0.0,0.0,0.0,0.0,0.0,0.0,100.0,0.0,0.0,0.0,0,0.0,0.6275289147717149,0.7387582781691062,0.0,0.976,250,50.0
oracle_feasible,outage,100,50.0,250,32.90618080133572,45.22195500030648,53.2414129906101,57.1629999903962,32.90618080133572,0.024,0.8127137591838837,0.792240528345108,0.0,0.0,0.0,0.0,0.0,0.0,0.0,0.0,0.0,0.0,0.0,0.0,0.0,0.0,100.0,0.0,0.0,0.0,0,0.0,0.6275289147717149,0.7387582781691062,0.0,0.976,250,50.0
local_only,outage,101,50.0,250,32.90618080133572,45.22195500030648,53.2414129906101,57.1629999903962,32.90618080133572,0.024,0.8127137591838837,0.792240528345108,0.0,0.0,0.0,0.0,0.0,0.0,0.0,0.0,0.0,0.0,0.0,0.0,0.0,0.0,100.0,0.0,0.0,0.0,0,0.0,0.6275289147717149,0.7387582781691062,0.0,0.976,250,50.0
edge_only,outage,101,50.0,250,40.90618080133572,81.97217999841087,89.50574101239906,102.26919997949153,40.90618080133572,0.18,0.8127137591838837,0.6658058624267578,1000.0,4.0,4000.0,1.0,0.0,0.0,0.16,0.6,0.0,0.0,0.6,0.0,0.4,0.84,0.0,100.0,0.0,0.0,0,0.0,0.5261345636979521,0.5976137539035627,0.0,0.82,250,50.0
cloud_only,outage,101,50.0,250,40.90618080133572,81.97217999841087,89.50574101239906,102.26919997949153,40.90618080133572,0.18,0.8127137591838837,0.6658058624267578,1400.0,5.6,5600.0,1.0,0.0,0.0,0.16,0.7,0.0,0.0,0.7,0.0,0.3,0.84,0.0,100.0,0.0,0.0,0,0.0,0.5261345636979521,0.5976137539035627,0.0,0.82,250,50.0
dapper,outage,101,50.0,250,10.87500799983181,36.73759000375866,47.20997200522104,57.1629999903962,10.87500799983181,0.008,0.7993763390779495,0.7923267868757248,0.0,0.0,0.0,1.0,0.696,0.0,0.0,0.0,0.0,0.0,0.0,0.0,0.0,0.0,26.0,0.0,0.0,74.0,100,400.0,0.18320154845154843,0.2024115746249504,0.0,0.296,250,50.0
deadline_greedy,outage,101,50.0,250,32.90618080133572,45.22195500030648,53.2414129906101,57.1629999903962,32.90618080133572,0.024,0.8127137591838837,0.792240528345108,0.0,0.0,0.0,0.0,0.0,0.0,0.0,0.0,0.0,0.0,0.0,0.0,0.0,0.0,100.0,0.0,0.0,0.0,0,0.0,0.6275289147717149,0.7387582781691062,0.0,0.976,250,50.0
confidence_deadline,outage,101,50.0,250,32.90618080133572,45.22195500030648,53.2414129906101,57.1629999903962,32.90618080133572,0.024,0.8127137591838837,0.792240528345108,0.0,0.0,0.0,0.0,0.0,0.0,0.0,0.0,0.0,0.0,0.0,0.0,0.0,0.0,100.0,0.0,0.0,0.0,0,0.0,0.6275289147717149,0.7387582781691062,0.0,0.976,250,50.0
oracle_feasible,outage,101,50.0,250,32.90618080133572,45.22195500030648,53.2414129906101,57.1629999903962,32.90618080133572,0.024,0.8127137591838837,0.792240528345108,0.0,0.0,0.0,0.0,0.0,0.0,0.0,0.0,0.0,0.0,0.0,0.0,0.0,0.0,100.0,0.0,0.0,0.0,0,0.0,0.6275289147717149,0.7387582781691062,0.0,0.976,250,50.0
local_only,outage,102,50.0,250,32.90618080133572,45.22195500030648,53.2414129906101,57.1629999903962,32.90618080133572,0.024,0.8127137591838837,0.792240528345108,0.0,0.0,0.0,0.0,0.0,0.0,0.0,0.0,0.0,0.0,0.0,0.0,0.0,0.0,100.0,0.0,0.0,0.0,0,0.0,0.6275289147717149,0.7387582781691062,0.0,0.976,250,50.0
edge_only,outage,102,50.0,250,41.106180801335725,82.63365502061788,94.86944601754657,104.7997000394389,41.106180801335725,0.184,0.8127137591838837,0.6533806817531586,1025.0,4.1,4100.0,1.0,0.0,0.0,0.164,0.6829268292682927,0.0,0.0,0.6829268292682927,0.0,0.3170731707317073,0.836,0.0,100.0,0.0,0.0,0,0.0,0.5235069259761967,0.6459186337371051,0.0,0.816,250,50.0
cloud_only,outage,102,50.0,250,41.106180801335725,82.63365502061788,94.86944601754657,104.7997000394389,41.106180801335725,0.184,0.8127137591838837,0.6533806817531586,1435.0,5.74,5740.0,1.0,0.0,0.0,0.164,0.7073170731707317,0.0,0.0,0.7073170731707317,0.0,0.2926829268292683,0.836,0.0,100.0,0.0,0.0,0,0.0,0.5235069259761967,0.6459186337371051,0.0,0.816,250,50.0
dapper,outage,102,50.0,250,10.87500799983181,36.73759000375866,47.20997200522104,57.1629999903962,10.87500799983181,0.008,0.7993763390779495,0.7923267868757248,0.0,0.0,0.0,1.0,0.696,0.0,0.0,0.0,0.0,0.0,0.0,0.0,0.0,0.0,26.400000000000002,0.0,0.0,73.6,102,408.0,0.18320154845154843,0.2024115746249504,0.0,0.296,250,50.0
deadline_greedy,outage,102,50.0,250,32.90618080133572,45.22195500030648,53.2414129906101,57.1629999903962,32.90618080133572,0.024,0.8127137591838837,0.792240528345108,0.0,0.0,0.0,0.0,0.0,0.0,0.0,0.0,0.0,0.0,0.0,0.0,0.0,0.0,100.0,0.0,0.0,0.0,0,0.0,0.6275289147717149,0.7387582781691062,0.0,0.976,250,50.0
confidence_deadline,outage,102,50.0,250,32.90618080133572,45.22195500030648,53.2414129906101,57.1629999903962,32.90618080133572,0.024,0.8127137591838837,0.792240528345108,0.0,0.0,0.0,0.0,0.0,0.0,0.0,0.0,0.0,0.0,0.0,0.0,0.0,0.0,100.0,0.0,0.0,0.0,0,0.0,0.6275289147717149,0.7387582781691062,0.0,0.976,250,50.0
oracle_feasible,outage,102,50.0,250,32.90618080133572,45.22195500030648,53.2414129906101,57.1629999903962,32.90618080133572,0.024,0.8127137591838837,0.792240528345108,0.0,0.0,0.0,0.0,0.0,0.0,0.0,0.0,0.0,0.0,0.0,0.0,0.0,0.0,100.0,0.0,0.0,0.0,0,0.0,0.6275289147717149,0.7387582781691062,0.0,0.976,250,50.0
local_only,outage,103,50.0,250,32.90618080133572,45.22195500030648,53.2414129906101,57.1629999903962,32.90618080133572,0.024,0.8127137591838837,0.792240528345108,0.0,0.0,0.0,0.0,0.0,0.0,0.0,0.0,0.0,0.0,0.0,0.0,0.0,0.0,100.0,0.0,0.0,0.0,0,0.0,0.6275289147717149,0.7387582781691062,0.0,0.976,250,50.0
edge_only,outage,103,50.0,250,38.30618080133572,81.89238499326164,86.96795298659706,93.18159999093041,38.30618080133572,0.132,0.8127137591838837,0.6996439638137817,675.0,2.7,2700.0,1.0,0.0,0.0,0.108,0.7407407407407407,0.0,0.0,0.7407407407407407,0.0,0.25925925925925924,0.892,0.0,100.0,0.0,0.0,0,0.0,0.5547254483651409,0.6421408298000655,0.0,0.868,250,50.0
cloud_only,outage,103,50.0,250,38.30618080133572,81.89238499326164,86.96795298659706,93.18159999093041,38.30618080133572,0.132,0.8127137591838837,0.6996439638137817,945.0,3.78,3780.0,1.0,0.0,0.0,0.108,0.5925925925925926,0.0,0.0,0.5925925925925926,0.0,0.4074074074074074,0.892,0.0,100.0,0.0,0.0,0,0.0,0.5547254483651409,0.6421408298000655,0.0,0.868,250,50.0
dapper,outage,103,50.0,250,10.87500799983181,36.73759000375866,47.20997200522104,57.1629999903962,10.87500799983181,0.008,0.7993763390779495,0.7923267868757248,0.0,0.0,0.0,1.0,0.696,0.0,0.0,0.0,0.0,0.0,0.0,0.0,0.0,0.0,26.8,0.0,0.0,73.2,102,408.0,0.18320154845154843,0.2024115746249504,0.0,0.296,250,50.0
deadline_greedy,outage,103,50.0,250,32.90618080133572,45.22195500030648,53.2414129906101,57.1629999903962,32.90618080133572,0.024,0.8127137591838837,0.792240528345108,0.0,0.0,0.0,0.0,0.0,0.0,0.0,0.0,0.0,0.0,0.0,0.0,0.0,0.0,100.0,0.0,0.0,0.0,0,0.0,0.6275289147717149,0.7387582781691062,0.0,0.976,250,50.0
confidence_deadline,outage,103,50.0,250,32.90618080133572,45.22195500030648,53.2414129906101,57.1629999903962,32.90618080133572,0.024,0.8127137591838837,0.792240528345108,0.0,0.0,0.0,0.0,0.0,0.0,0.0,0.0,0.0,0.0,0.0,0.0,0.0,0.0,100.0,0.0,0.0,0.0,0,0.0,0.6275289147717149,0.7387582781691062,0.0,0.976,250,50.0
oracle_feasible,outage,103,50.0,250,32.90618080133572,45.22195500030648,53.2414129906101,57.1629999903962,32.90618080133572,0.024,0.8127137591838837,0.792240528345108,0.0,0.0,0.0,0.0,0.0,0.0,0.0,0.0,0.0,0.0,0.0,0.0,0.0,0.0,100.0,0.0,0.0,0.0,0,0.0,0.6275289147717149,0.7387582781691062,0.0,0.976,250,50.0
local_only,outage,104,50.0,250,32.90618080133572,45.22195500030648,53.2414129906101,57.1629999903962,32.90618080133572,0.024,0.8127137591838837,0.792240528345108,0.0,0.0,0.0,0.0,0.0,0.0,0.0,0.0,0.0,0.0,0.0,0.0,0.0,0.0,100.0,0.0,0.0,0.0,0,0.0,0.6275289147717149,0.7387582781691062,0.0,0.976,250,50.0
edge_only,outage,104,50.0,250,38.90618080133572,83.38637503620703,92.94164698920213,104.7997000394389,38.90618080133572,0.14,0.8127137591838837,0.6953707559108734,750.0,3.0,3000.0,1.0,0.0,0.0,0.12,0.5333333333333333,0.0,0.0,0.5333333333333333,0.0,0.4666666666666667,0.88,0.0,100.0,0.0,0.0,0,0.0,0.5484134407032998,0.666293799972144,0.0,0.86,250,50.0
cloud_only,outage,104,50.0,250,38.90618080133572,83.38637503620703,92.94164698920213,104.7997000394389,38.90618080133572,0.14,0.8127137591838837,0.6953707559108734,1050.0,4.2,4200.0,1.0,0.0,0.0,0.12,0.7666666666666667,0.0,0.0,0.7666666666666667,0.0,0.23333333333333334,0.88,0.0,100.0,0.0,0.0,0,0.0,0.5484134407032998,0.666293799972144,0.0,0.86,250,50.0
dapper,outage,104,50.0,250,10.87500799983181,36.73759000375866,47.20997200522104,57.1629999903962,10.87500799983181,0.008,0.7993763390779495,0.7923267868757248,0.0,0.0,0.0,1.0,0.696,0.0,0.0,0.0,0.0,0.0,0.0,0.0,0.0,0.0,27.6,0.0,0.0,72.39999999999999,106,424.0,0.18320154845154843,0.2024115746249504,0.0,0.296,250,50.0
deadline_greedy,outage,104,50.0,250,32.90618080133572,45.22195500030648,53.2414129906101,57.1629999903962,32.90618080133572,0.024,0.8127137591838837,0.792240528345108,0.0,0.0,0.0,0.0,0.0,0.0,0.0,0.0,0.0,0.0,0.0,0.0,0.0,0.0,100.0,0.0,0.0,0.0,0,0.0,0.6275289147717149,0.7387582781691062,0.0,0.976,250,50.0
confidence_deadline,outage,104,50.0,250,32.90618080133572,45.22195500030648,53.2414129906101,57.1629999903962,32.90618080133572,0.024,0.8127137591838837,0.792240528345108,0.0,0.0,0.0,0.0,0.0,0.0,0.0,0.0,0.0,0.0,0.0,0.0,0.0,0.0,100.0,0.0,0.0,0.0,0,0.0,0.6275289147717149,0.7387582781691062,0.0,0.976,250,50.0
oracle_feasible,outage,104,50.0,250,32.90618080133572,45.22195500030648,53.2414129906101,57.1629999903962,32.90618080133572,0.024,0.8127137591838837,0.792240528345108,0.0,0.0,0.0,0.0,0.0,0.0,0.0,0.0,0.0,0.0,0.0,0.0,0.0,0.0,100.0,0.0,0.0,0.0,0,0.0,0.6275289147717149,0.7387582781691062,0.0,0.976,250,50.0
local_only,outage,105,50.0,250,32.90618080133572,45.22195500030648,53.2414129906101,57.1629999903962,32.90618080133572,0.024,0.8127137591838837,0.792240528345108,0.0,0.0,0.0,0.0,0.0,0.0,0.0,0.0,0.0,0.0,0.0,0.0,0.0,0.0,100.0,0.0,0.0,0.0,0,0.0,0.6275289147717149,0.7387582781691062,0.0,0.976,250,50.0
edge_only,outage,105,50.0,250,39.90618080133572,82.28751999849919,89.4123900111299,91.86559998197481,39.90618080133572,0.164,0.8127137591838837,0.6728831932544709,875.0,3.5,3500.0,1.0,0.0,0.0,0.14,0.7142857142857143,0.0,0.0,0.7142857142857143,0.0,0.2857142857142857,0.86,0.0,100.0,0.0,0.0,0,0.0,0.529253212696013,0.6288238389353039,0.0,0.836,250,50.0
cloud_only,outage,105,50.0,250,39.90618080133572,82.28751999849919,89.4123900111299,91.86559998197481,39.90618080133572,0.164,0.8127137591838837,0.6728831932544709,1225.0,4.9,4900.0,1.0,0.0,0.0,0.14,0.6285714285714286,0.0,0.0,0.6285714285714286,0.0,0.37142857142857144,0.86,0.0,100.0,0.0,0.0,0,0.0,0.529253212696013,0.6288238389353039,0.0,0.836,250,50.0
dapper,outage,105,50.0,250,10.87500799983181,36.73759000375866,47.20997200522104,57.1629999903962,10.87500799983181,0.008,0.7993763390779495,0.7923267868757248,0.0,0.0,0.0,1.0,0.696,0.0,0.0,0.0,0.0,0.0,0.0,0.0,0.0,0.0,26.8,0.0,0.0,73.2,104,416.0,0.18320154845154843,0.2024115746249504,0.0,0.296,250,50.0
deadline_greedy,outage,105,50.0,250,32.90618080133572,45.22195500030648,53.2414129906101,57.1629999903962,32.90618080133572,0.024,0.8127137591838837,0.792240528345108,0.0,0.0,0.0,0.0,0.0,0.0,0.0,0.0,0.0,0.0,0.0,0.0,0.0,0.0,100.0,0.0,0.0,0.0,0,0.0,0.6275289147717149,0.7387582781691062,0.0,0.976,250,50.0
confidence_deadline,outage,105,50.0,250,32.90618080133572,45.22195500030648,53.2414129906101,57.1629999903962,32.90618080133572,0.024,0.8127137591838837,0.792240528345108,0.0,0.0,0.0,0.0,0.0,0.0,0.0,0.0,0.0,0.0,0.0,0.0,0.0,0.0,100.0,0.0,0.0,0.0,0,0.0,0.6275289147717149,0.7387582781691062,0.0,0.976,250,50.0
oracle_feasible,outage,105,50.0,250,32.90618080133572,45.22195500030648,53.2414129906101,57.1629999903962,32.90618080133572,0.024,0.8127137591838837,0.792240528345108,0.0,0.0,0.0,0.0,0.0,0.0,0.0,0.0,0.0,0.0,0.0,0.0,0.0,0.0,100.0,0.0,0.0,0.0,0,0.0,0.6275289147717149,0.7387582781691062,0.0,0.976,250,50.0
local_only,outage,106,50.0,250,32.90618080133572,45.22195500030648,53.2414129906101,57.1629999903962,32.90618080133572,0.024,0.8127137591838837,0.792240528345108,0.0,0.0,0.0,0.0,0.0,0.0,0.0,0.0,0.0,0.0,0.0,0.0,0.0,0.0,100.0,0.0,0.0,0.0,0,0.0,0.6275289147717149,0.7387582781691062,0.0,0.976,250,50.0
edge_only,outage,106,50.0,250,42.70618080133572,82.7513999916846,85.08656498743221,100.87979999370873,42.70618080133572,0.216,0.8127137591838837,0.635319149851799,1225.0,4.9,4900.0,1.0,0.0,0.0,0.196,0.6938775510204082,0.0,0.0,0.6938775510204082,0.0,0.30612244897959184,0.804,0.0,100.0,0.0,0.0,0,0.0,0.5125226684653021,0.5983854344523134,0.0,0.784,250,50.0
cloud_only,outage,106,50.0,250,42.70618080133572,82.7513999916846,85.08656498743221,100.87979999370873,42.70618080133572,0.216,0.8127137591838837,0.635319149851799,1715.0,6.86,6860.0,1.0,0.0,0.0,0.196,0.7346938775510204,0.0,0.0,0.7346938775510204,0.0,0.2653061224489796,0.804,0.0,100.0,0.0,0.0,0,0.0,0.5125226684653021,0.5983854344523134,0.0,0.784,250,50.0
dapper,outage,106,50.0,250,10.87500799983181,36.73759000375866,47.20997200522104,57.1629999903962,10.87500799983181,0.008,0.7993763390779495,0.7923267868757248,0.0,0.0,0.0,1.0,0.696,0.0,0.0,0.0,0.0,0.0,0.0,0.0,0.0,0.0,23.599999999999998,0.0,0.0,76.4,92,368.0,0.18320154845154843,0.2024115746249504,0.0,0.296,250,50.0
deadline_greedy,outage,106,50.0,250,32.90618080133572,45.22195500030648,53.2414129906101,57.1629999903962,32.90618080133572,0.024,0.8127137591838837,0.792240528345108,0.0,0.0,0.0,0.0,0.0,0.0,0.0,0.0,0.0,0.0,0.0,0.0,0.0,0.0,100.0,0.0,0.0,0.0,0,0.0,0.6275289147717149,0.7387582781691062,0.0,0.976,250,50.0
confidence_deadline,outage,106,50.0,250,32.90618080133572,45.22195500030648,53.2414129906101,57.1629999903962,32.90618080133572,0.024,0.8127137591838837,0.792240528345108,0.0,0.0,0.0,0.0,0.0,0.0,0.0,0.0,0.0,0.0,0.0,0.0,0.0,0.0,100.0,0.0,0.0,0.0,0,0.0,0.6275289147717149,0.7387582781691062,0.0,0.976,250,50.0
oracle_feasible,outage,106,50.0,250,32.90618080133572,45.22195500030648,53.2414129906101,57.1629999903962,32.90618080133572,0.024,0.8127137591838837,0.792240528345108,0.0,0.0,0.0,0.0,0.0,0.0,0.0,0.0,0.0,0.0,0.0,0.0,0.0,0.0,100.0,0.0,0.0,0.0,0,0.0,0.6275289147717149,0.7387582781691062,0.0,0.976,250,50.0
local_only,outage,107,50.0,250,32.90618080133572,45.22195500030648,53.2414129906101,57.1629999903962,32.90618080133572,0.024,0.8127137591838837,0.792240528345108,0.0,0.0,0.0,0.0,0.0,0.0,0.0,0.0,0.0,0.0,0.0,0.0,0.0,0.0,100.0,0.0,0.0,0.0,0,0.0,0.6275289147717149,0.7387582781691062,0.0,0.976,250,50.0
edge_only,outage,107,50.0,250,40.90618080133572,82.65218999003991,90.1929000113159,107.1629999903962,40.90618080133572,0.176,0.8127137591838837,0.6747485357522964,1000.0,4.0,4000.0,1.0,0.0,0.0,0.16,0.55,0.0,0.0,0.55,0.0,0.45,0.84,0.0,100.0,0.0,0.0,0,0.0,0.5487332184914345,0.6463826601565456,0.0,0.824,250,50.0
cloud_only,outage,107,50.0,250,40.90618080133572,82.65218999003991,90.1929000113159,107.1629999903962,40.90618080133572,0.176,0.8127137591838837,0.6747485357522964,1400.0,5.6,5600.0,1.0,0.0,0.0,0.16,0.7,0.0,0.0,0.7,0.0,0.3,0.84,0.0,100.0,0.0,0.0,0,0.0,0.5487332184914345,0.6463826601565456,0.0,0.824,250,50.0
dapper,outage,107,50.0,250,10.87500799983181,36.73759000375866,47.20997200522104,57.1629999903962,10.87500799983181,0.008,0.7993763390779495,0.7923267868757248,0.0,0.0,0.0,1.0,0.696,0.0,0.0,0.0,0.0,0.0,0.0,0.0,0.0,0.0,25.2,0.0,0.0,74.8,100,400.0,0.18320154845154843,0.2024115746249504,0.0,0.296,250,50.0
deadline_greedy,outage,107,50.0,250,32.90618080133572,45.22195500030648,53.2414129906101,57.1629999903962,32.90618080133572,0.024,0.8127137591838837,0.792240528345108,0.0,0.0,0.0,0.0,0.0,0.0,0.0,0.0,0.0,0.0,0.0,0.0,0.0,0.0,100.0,0.0,0.0,0.0,0,0.0,0.6275289147717149,0.7387582781691062,0.0,0.976,250,50.0
confidence_deadline,outage,107,50.0,250,32.90618080133572,45.22195500030648,53.2414129906101,57.1629999903962,32.90618080133572,0.024,0.8127137591838837,0.792240528345108,0.0,0.0,0.0,0.0,0.0,0.0,0.0,0.0,0.0,0.0,0.0,0.0,0.0,0.0,100.0,0.0,0.0,0.0,0,0.0,0.6275289147717149,0.7387582781691062,0.0,0.976,250,50.0
oracle_feasible,outage,107,50.0,250,32.90618080133572,45.22195500030648,53.2414129906101,57.1629999903962,32.90618080133572,0.024,0.8127137591838837,0.792240528345108,0.0,0.0,0.0,0.0,0.0,0.0,0.0,0.0,0.0,0.0,0.0,0.0,0.0,0.0,100.0,0.0,0.0,0.0,0,0.0,0.6275289147717149,0.7387582781691062,0.0,0.976,250,50.0
local_only,outage,108,50.0,250,32.90618080133572,45.22195500030648,53.2414129906101,57.1629999903962,32.90618080133572,0.024,0.8127137591838837,0.792240528345108,0.0,0.0,0.0,0.0,0.0,0.0,0.0,0.0,0.0,0.0,0.0,0.0,0.0,0.0,100.0,0.0,0.0,0.0,0,0.0,0.6275289147717149,0.7387582781691062,0.0,0.976,250,50.0
edge_only,outage,108,50.0,250,38.506180801335724,81.4512149663642,92.51832901616578,102.26919997949153,38.506180801335724,0.132,0.8127137591838837,0.7004260869026184,700.0,2.8,2800.0,1.0,0.0,0.0,0.112,0.8214285714285714,0.0,0.0,0.8214285714285714,0.0,0.17857142857142858,0.888,0.0,100.0,0.0,0.0,0,0.0,0.5672681391263552,0.6546414042433151,0.0,0.868,250,50.0
cloud_only,outage,108,50.0,250,38.506180801335724,81.4512149663642,92.51832901616578,102.26919997949153,38.506180801335724,0.132,0.8127137591838837,0.7004260869026184,980.0,3.92,3920.0,1.0,0.0,0.0,0.112,0.7857142857142857,0.0,0.0,0.7857142857142857,0.0,0.21428571428571427,0.888,0.0,100.0,0.0,0.0,0,0.0,0.5672681391263552,0.6546414042433151,0.0,0.868,250,50.0
dapper,outage,108,50.0,250,10.87500799983181,36.73759000375866,47.20997200522104,57.1629999903962,10.87500799983181,0.008,0.7993763390779495,0.7923267868757248,0.0,0.0,0.0,1.0,0.696,0.0,0.0,0.0,0.0,0.0,0.0,0.0,0.0,0.0,27.200000000000003,0.0,0.0,72.8,106,424.0,0.18320154845154843,0.2024115746249504,0.0,0.296,250,50.0
deadline_greedy,outage,108,50.0,250,32.90618080133572,45.22195500030648,53.2414129906101,57.1629999903962,32.90618080133572,0.024,0.8127137591838837,0.792240528345108,0.0,0.0,0.0,0.0,0.0,0.0,0.0,0.0,0.0,0.0,0.0,0.0,0.0,0.0,100.0,0.0,0.0,0.0,0,0.0,0.6275289147717149,0.7387582781691062,0.0,0.976,250,50.0
confidence_deadline,outage,108,50.0,250,32.90618080133572,45.22195500030648,53.2414129906101,57.1629999903962,32.90618080133572,0.024,0.8127137591838837,0.792240528345108,0.0,0.0,0.0,0.0,0.0,0.0,0.0,0.0,0.0,0.0,0.0,0.0,0.0,0.0,100.0,0.0,0.0,0.0,0,0.0,0.6275289147717149,0.7387582781691062,0.0,0.976,250,50.0
oracle_feasible,outage,108,50.0,250,32.90618080133572,45.22195500030648,53.2414129906101,57.1629999903962,32.90618080133572,0.024,0.8127137591838837,0.792240528345108,0.0,0.0,0.0,0.0,0.0,0.0,0.0,0.0,0.0,0.0,0.0,0.0,0.0,0.0,100.0,0.0,0.0,0.0,0,0.0,0.6275289147717149,0.7387582781691062,0.0,0.976,250,50.0
local_only,outage,109,50.0,250,32.90618080133572,45.22195500030648,53.2414129906101,57.1629999903962,32.90618080133572,0.024,0.8127137591838837,0.792240528345108,0.0,0.0,0.0,0.0,0.0,0.0,0.0,0.0,0.0,0.0,0.0,0.0,0.0,0.0,100.0,0.0,0.0,0.0,0,0.0,0.6275289147717149,0.7387582781691062,0.0,0.976,250,50.0
edge_only,outage,109,50.0,250,39.506180801335724,82.33108001004439,91.61339702783148,102.26919997949153,39.506180801335724,0.152,0.8127137591838837,0.6821536554098129,825.0,3.3,3300.0,1.0,0.0,0.0,0.132,0.5757575757575758,0.0,0.0,0.5757575757575758,0.0,0.42424242424242425,0.868,0.0,100.0,0.0,0.0,0,0.0,0.5489545249627411,0.6428212180600715,0.0,0.848,250,50.0
cloud_only,outage,109,50.0,250,39.506180801335724,82.33108001004439,91.61339702783148,102.26919997949153,39.506180801335724,0.152,0.8127137591838837,0.6821536554098129,1155.0,4.62,4620.0,1.0,0.0,0.0,0.132,0.6666666666666666,0.0,0.0,0.6666666666666666,0.0,0.3333333333333333,0.868,0.0,100.0,0.0,0.0,0,0.0,0.5489545249627411,0.6428212180600715,0.0,0.848,250,50.0
dapper,outage,109,50.0,250,10.87500799983181,36.73759000375866,47.20997200522104,57.1629999903962,10.87500799983181,0.008,0.7993763390779495,0.7923267868757248,0.0,0.0,0.0,1.0,0.696,0.0,0.0,0.0,0.0,0.0,0.0,0.0,0.0,0.0,26.0,0.0,0.0,74.0,104,416.0,0.18320154845154843,0.2024115746249504,0.0,0.296,250,50.0
deadline_greedy,outage,109,50.0,250,32.90618080133572,45.22195500030648,53.2414129906101,57.1629999903962,32.90618080133572,0.024,0.8127137591838837,0.792240528345108,0.0,0.0,0.0,0.0,0.0,0.0,0.0,0.0,0.0,0.0,0.0,0.0,0.0,0.0,100.0,0.0,0.0,0.0,0,0.0,0.6275289147717149,0.7387582781691062,0.0,0.976,250,50.0
confidence_deadline,outage,109,50.0,250,32.90618080133572,45.22195500030648,53.2414129906101,57.1629999903962,32.90618080133572,0.024,0.8127137591838837,0.792240528345108,0.0,0.0,0.0,0.0,0.0,0.0,0.0,0.0,0.0,0.0,0.0,0.0,0.0,0.0,100.0,0.0,0.0,0.0,0,0.0,0.6275289147717149,0.7387582781691062,0.0,0.976,250,50.0
oracle_feasible,outage,109,50.0,250,32.90618080133572,45.22195500030648,53.2414129906101,57.1629999903962,32.90618080133572,0.024,0.8127137591838837,0.792240528345108,0.0,0.0,0.0,0.0,0.0,0.0,0.0,0.0,0.0,0.0,0.0,0.0,0.0,0.0,100.0,0.0,0.0,0.0,0,0.0,0.6275289147717149,0.7387582781691062,0.0,0.976,250,50.0
local_only,stable,100,75.0,250,32.90618080133572,45.22195500030648,53.2414129906101,57.1629999903962,32.90618080133572,0.0,0.8127137591838837,0.8127137591838837,0.0,0.0,0.0,0.0,0.0,0.0,0.0,0.0,0.0,0.0,0.0,0.0,0.0,0.0,100.0,0.0,0.0,0.0,0,0.0,0.6419094815733344,0.764562622444788,0.0,1.0,250,75.0
edge_only,stable,100,75.0,250,47.786543112684186,104.50708498538003,126.34015997871755,132.1629999903962,47.786543112684186,0.056,0.8794523103237152,0.8321431016921997,6250.0,25.0,25000.0,0.056,0.0,0.0,1.0,0.976,0.944,0.944,0.032,0.0,0.024,0.0,0.0,100.0,0.0,0.0,0,0.0,0.6909593921768974,0.7830366289761194,0.944,0.944,250,75.0
cloud_only,stable,100,75.0,250,107.90618080133572,120.22195500030648,128.2414129906101,132.1629999903962,107.90618080133572,1.0,0.8127137591838837,0.0,8750.0,35.0,35000.0,1.0,0.0,0.0,1.0,0.996,0.0,0.0,0.996,0.0,0.004,0.0,0.0,100.0,0.0,0.0,0,0.0,0.0,0.0,0.0,0.0,250,75.0
dapper,stable,100,75.0,250,32.90618080133572,45.22195500030648,53.2414129906101,57.1629999903962,34.574099127469225,0.0,0.8127137591838837,0.8438246393203735,1025.0,4.1,4100.0,0.0,0.0,0.0,0.164,1.0,0.975609756097561,0.16,0.024390243902439025,0.0,0.0,0.0,83.6,0.0,16.400000000000002,0.0,62,248.0,0.6533739319377848,0.7742800812068329,0.16,1.0,250,75.0
deadline_greedy,stable,100,75.0,250,32.90618080133572,45.22195500030648,53.2414129906101,57.1629999903962,32.90618080133572,0.0,0.8127137591838837,0.8127137591838837,0.0,0.0,0.0,0.0,0.0,0.0,0.0,0.0,0.0,0.0,0.0,0.0,0.0,0.0,100.0,0.0,0.0,0.0,0,0.0,0.6419094815733344,0.764562622444788,0.0,1.0,250,75.0
confidence_deadline,stable,100,75.0,250,32.90618080133572,45.22195500030648,53.2414129906101,57.1629999903962,32.90618080133572,0.0,0.8127137591838837,0.8127137591838837,0.0,0.0,0.0,0.0,0.0,0.0,0.0,0.0,0.0,0.0,0.0,0.0,0.0,0.0,100.0,0.0,0.0,0.0,0,0.0,0.6419094815733344,0.764562622444788,0.0,1.0,250,75.0
oracle_feasible,stable,100,75.0,250,42.56549108963433,53.83247800302654,57.15459088297699,73.805701082814,42.56549108963433,0.0,0.8860233347415924,0.8860233347415924,5300.0,21.2,21200.0,0.0,0.0,0.0,0.848,1.0,1.0,0.848,0.0,0.0,0.0,0.0,15.2,84.8,0.0,0.0,63,252.0,0.7247032572327287,0.8159943294497435,0.848,1.0,250,75.0
local_only,stable,101,75.0,250,32.90618080133572,45.22195500030648,53.2414129906101,57.1629999903962,32.90618080133572,0.0,0.8127137591838837,0.8127137591838837,0.0,0.0,0.0,0.0,0.0,0.0,0.0,0.0,0.0,0.0,0.0,0.0,0.0,0.0,100.0,0.0,0.0,0.0,0,0.0,0.6419094815733344,0.764562622444788,0.0,1.0,250,75.0
edge_only,stable,101,75.0,250,47.07846291845562,57.736675961283225,124.50521398568524,129.7997000394389,47.07846291845562,0.036,0.8811832144260406,0.8501954143047332,6250.0,25.0,25000.0,0.036,0.0,0.0,1.0,0.992,0.964,0.964,0.028,0.0,0.008,0.0,0.0,100.0,0.0,0.0,0,0.0,0.7056066856241909,0.7913168837531895,0.964,0.964,250,75.0
cloud_only,stable,101,75.0,250,107.90618080133572,120.22195500030648,128.2414129906101,132.1629999903962,107.90618080133572,1.0,0.8127137591838837,0.0,8750.0,35.0,35000.0,1.0,0.0,0.0,1.0,1.0,0.0,0.0,1.0,0.0,0.0,0.0,0.0,100.0,0.0,0.0,0,0.0,0.0,0.0,0.0,0.0,250,75.0
dapper,stable,101,75.0,250,32.90618080133572,45.22195500030648,53.2414129906101,57.1629999903962,34.37570867806421,0.0,0.8127137591838837,0.8348437362909317,875.0,3.5,3500.0,0.0,0.0,0.0,0.14,0.9714285714285714,0.9714285714285714,0.136,0.0,0.0,0.02857142857142857,0.0,86.0,0.0,14.000000000000002,0.0,50,200.0,0.6513350226988754,0.7656241935700535,0.136,1.0,250,75.0
deadline_greedy,stable,101,75.0,250,32.90618080133572,45.22195500030648,53.2414129906101,57.1629999903962,32.90618080133572,0.0,0.8127137591838837,0.8127137591838837,0.0,0.0,0.0,0.0,0.0,0.0,0.0,0.0,0.0,0.0,0.0,0.0,0.0,0.0,100.0,0.0,0.0,0.0,0,0.0,0.6419094815733344,0.764562622444788,0.0,1.0,250,75.0
confidence_deadline,stable,101,75.0,250,32.90618080133572,45.22195500030648,53.2414129906101,57.1629999903962,32.90618080133572,0.0,0.8127137591838837,0.8127137591838837,0.0,0.0,0.0,0.0,0.0,0.0,0.0,0.0,0.0,0.0,0.0,0.0,0.0,0.0,100.0,0.0,0.0,0.0,0,0.0,0.6419094815733344,0.764562622444788,0.0,1.0,250,75.0
oracle_feasible,stable,101,75.0,250,43.082046508551656,54.617193467194824,57.13596482457796,74.8785904295177,43.082046508551656,0.0,0.8882910859584808,0.8882910859584808,5350.0,21.4,21400.0,0.0,0.0,0.0,0.856,1.0,1.0,0.856,0.0,0.0,0.0,0.0,14.399999999999999,85.6,0.0,0.0,59,236.0,0.728929549459021,0.815626862521767,0.856,1.0,250,75.0
local_only,stable,102,75.0,250,32.90618080133572,45.22195500030648,53.2414129906101,57.1629999903962,32.90618080133572,0.0,0.8127137591838837,0.8127137591838837,0.0,0.0,0.0,0.0,0.0,0.0,0.0,0.0,0.0,0.0,0.0,0.0,0.0,0.0,100.0,0.0,0.0,0.0,0,0.0,0.6419094815733344,0.764562622444788,0.0,1.0,250,75.0
edge_only,stable,102,75.0,250,46.44308250885995,56.76791472690088,124.50521398568524,129.7997000394389,46.44308250885995,0.028,0.8816895413398743,0.8574639286994934,6250.0,25.0,25000.0,0.028,0.0,0.0,1.0,1.0,0.972,0.972,0.028,0.0,0.0,0.0,0.0,100.0,0.0,0.0,0,0.0,0.7145696485871538,0.8025858695444683,0.972,0.972,250,75.0
cloud_only,stable,102,75.0,250,107.90618080133572,120.22195500030648,128.2414129906101,132.1629999903962,107.90618080133572,1.0,0.8127137591838837,0.0,8750.0,35.0,35000.0,1.0,0.0,0.0,1.0,0.988,0.0,0.0,0.988,0.0,0.012,0.0,0.0,100.0,0.0,0.0,0,0.0,0.0,0.0,0.0,0.0,250,75.0
dapper,stable,102,75.0,250,32.90618080133572,45.22195500030648,53.2414129906101,57.1629999903962,34.71968329341417,0.0,0.8127137591838837,0.8384076825380326,975.0,3.9,3900.0,0.0,0.0,0.0,0.156,1.0,1.0,0.156,0.0,0.0,0.0,0.0,84.39999999999999,0.0,15.6,0.0,54,216.0,0.6553570488209016,0.7717159786427302,0.156,1.0,250,75.0
deadline_greedy,stable,102,75.0,250,32.90618080133572,45.22195500030648,53.2414129906101,57.1629999903962,32.90618080133572,0.0,0.8127137591838837,0.8127137591838837,0.0,0.0,0.0,0.0,0.0,0.0,0.0,0.0,0.0,0.0,0.0,0.0,0.0,0.0,100.0,0.0,0.0,0.0,0,0.0,0.6419094815733344,0.764562622444788,0.0,1.0,250,75.0
confidence_deadline,stable,102,75.0,250,32.90618080133572,45.22195500030648,53.2414129906101,57.1629999903962,32.90618080133572,0.0,0.8127137591838837,0.8127137591838837,0.0,0.0,0.0,0.0,0.0,0.0,0.0,0.0,0.0,0.0,0.0,0.0,0.0,0.0,100.0,0.0,0.0,0.0,0,0.0,0.6419094815733344,0.764562622444788,0.0,1.0,250,75.0
oracle_feasible,stable,102,75.0,250,43.13923320016608,54.37728044684684,58.722549537262125,74.54301967844285,43.13923320016608,0.0,0.8887974128723145,0.8887974128723145,5400.0,21.6,21600.0,0.0,0.0,0.0,0.864,1.0,1.0,0.864,0.0,0.0,0.0,0.0,13.600000000000001,86.4,0.0,0.0,55,220.0,0.7302417187711904,0.8184441089695865,0.864,1.0,250,75.0
local_only,stable,103,75.0,250,32.90618080133572,45.22195500030648,53.2414129906101,57.1629999903962,32.90618080133572,0.0,0.8127137591838837,0.8127137591838837,0.0,0.0,0.0,0.0,0.0,0.0,0.0,0.0,0.0,0.0,0.0,0.0,0.0,0.0,100.0,0.0,0.0,0.0,0,0.0,0.6419094815733344,0.764562622444788,0.0,1.0,250,75.0
edge_only,stable,103,75.0,250,46.75053724999809,57.04851343595129,124.50521398568524,129.7997000394389,46.75053724999809,0.036,0.8816191976070404,0.8499763088226319,6250.0,25.0,25000.0,0.036,0.0,0.0,1.0,0.996,0.964,0.964,0.032,0.0,0.004,0.0,0.0,100.0,0.0,0.0,0,0.0,0.7059029819204873,0.7930317294170798,0.964,0.964,250,75.0
cloud_only,stable,103,75.0,250,107.90618080133572,120.22195500030648,128.2414129906101,132.1629999903962,107.90618080133572,1.0,0.8127137591838837,0.0,8750.0,35.0,35000.0,1.0,0.0,0.0,1.0,0.988,0.0,0.0,0.988,0.0,0.012,0.0,0.0,100.0,0.0,0.0,0,0.0,0.0,0.0,0.0,0.0,250,75.0
dapper,stable,103,75.0,250,32.90618080133572,45.22195500030648,53.2414129906101,57.1629999903962,34.61786285807371,0.0,0.8127137591838837,0.847762482047081,950.0,3.8,3800.0,0.0,0.0,0.0,0.152,1.0,1.0,0.152,0.0,0.0,0.0,0.0,84.8,0.0,15.2,0.0,60,240.0,0.6607038538677067,0.7666449350366547,0.152,1.0,250,75.0
deadline_greedy,stable,103,75.0,250,32.90618080133572,45.22195500030648,53.2414129906101,57.1629999903962,32.90618080133572,0.0,0.8127137591838837,0.8127137591838837,0.0,0.0,0.0,0.0,0.0,0.0,0.0,0.0,0.0,0.0,0.0,0.0,0.0,0.0,100.0,0.0,0.0,0.0,0,0.0,0.6419094815733344,0.764562622444788,0.0,1.0,250,75.0
confidence_deadline,stable,103,75.0,250,32.90618080133572,45.22195500030648,53.2414129906101,57.1629999903962,32.90618080133572,0.0,0.8127137591838837,0.8127137591838837,0.0,0.0,0.0,0.0,0.0,0.0,0.0,0.0,0.0,0.0,0.0,0.0,0.0,0.0,100.0,0.0,0.0,0.0,0,0.0,0.6419094815733344,0.764562622444788,0.0,1.0,250,75.0
oracle_feasible,stable,103,75.0,250,42.969983696198355,54.13097372379003,57.003169149503435,70.26214088651625,42.969983696198355,0.0,0.8886014897823333,0.8886014897823333,5375.0,21.5,21500.0,0.0,0.0,0.0,0.86,1.0,1.0,0.86,0.0,0.0,0.0,0.0,14.000000000000002,86.0,0.0,0.0,55,220.0,0.7282417187711904,0.8163209667190559,0.86,1.0,250,75.0
local_only,stable,104,75.0,250,32.90618080133572,45.22195500030648,53.2414129906101,57.1629999903962,32.90618080133572,0.0,0.8127137591838837,0.8127137591838837,0.0,0.0,0.0,0.0,0.0,0.0,0.0,0.0,0.0,0.0,0.0,0.0,0.0,0.0,100.0,0.0,0.0,0.0,0,0.0,0.6419094815733344,0.764562622444788,0.0,1.0,250,75.0
edge_only,stable,104,75.0,250,47.72791564852494,73.96704753108517,126.34015997871755,129.7997000394389,47.72791564852494,0.048,0.8807659475803375,0.8391249959468842,6250.0,25.0,25000.0,0.048,0.0,0.0,1.0,0.984,0.952,0.952,0.032,0.0,0.016,0.0,0.0,100.0,0.0,0.0,0,0.0,0.6965696485871538,0.7771081625380989,0.952,0.952,250,75.0
cloud_only,stable,104,75.0,250,107.90618080133572,120.22195500030648,128.2414129906101,132.1629999903962,107.90618080133572,1.0,0.8127137591838837,0.0,8750.0,35.0,35000.0,1.0,0.0,0.0,1.0,0.992,0.0,0.0,0.992,0.0,0.008,0.0,0.0,100.0,0.0,0.0,0,0.0,0.0,0.0,0.0,0.0,250,75.0
dapper,stable,104,75.0,250,32.90618080133572,45.22195500030648,53.2414129906101,57.1629999903962,34.33260107548719,0.0,0.8127137591838837,0.8391012423038483,875.0,3.5,3500.0,0.0,0.0,0.0,0.14,0.9714285714285714,0.9714285714285714,0.136,0.0,0.0,0.02857142857142857,0.0,86.0,0.0,14.000000000000002,0.0,52,208.0,0.6572167890806418,0.7796777620822206,0.136,1.0,250,75.0
deadline_greedy,stable,104,75.0,250,32.90618080133572,45.22195500030648,53.2414129906101,57.1629999903962,32.90618080133572,0.0,0.8127137591838837,0.8127137591838837,0.0,0.0,0.0,0.0,0.0,0.0,0.0,0.0,0.0,0.0,0.0,0.0,0.0,0.0,100.0,0.0,0.0,0.0,0,0.0,0.6419094815733344,0.764562622444788,0.0,1.0,250,75.0
confidence_deadline,stable,104,75.0,250,32.90618080133572,45.22195500030648,53.2414129906101,57.1629999903962,32.90618080133572,0.0,0.8127137591838837,0.8127137591838837,0.0,0.0,0.0,0.0,0.0,0.0,0.0,0.0,0.0,0.0,0.0,0.0,0.0,0.0,100.0,0.0,0.0,0.0,0,0.0,0.6419094815733344,0.764562622444788,0.0,1.0,250,75.0
oracle_feasible,stable,104,75.0,250,42.860372057779095,53.318933745354066,54.86662956398454,60.292760748821664,42.860372057779095,0.0,0.8878738191127777,0.8878738191127777,5275.0,21.1,21100.0,0.0,0.0,0.0,0.844,1.0,1.0,0.844,0.0,0.0,0.0,0.0,15.6,84.39999999999999,0.0,0.0,63,252.0,0.7292417187711904,0.8184441089695865,0.844,1.0,250,75.0
local_only,stable,105,75.0,250,32.90618080133572,45.22195500030648,53.2414129906101,57.1629999903962,32.90618080133572,0.0,0.8127137591838837,0.8127137591838837,0.0,0.0,0.0,0.0,0.0,0.0,0.0,0.0,0.0,0.0,0.0,0.0,0.0,0.0,100.0,0.0,0.0,0.0,0,0.0,0.6419094815733344,0.764562622444788,0.0,1.0,250,75.0
edge_only,stable,105,75.0,250,46.69440990627859,55.785401628306126,124.50521398568524,129.7997000394389,46.69440990627859,0.036,0.8830535471439361,0.8512582476139069,6250.0,25.0,25000.0,0.036,0.0,0.0,1.0,0.996,0.964,0.964,0.032,0.0,0.004,0.0,0.0,100.0,0.0,0.0,0,0.0,0.7059029819204873,0.7994011561686721,0.964,0.964,250,75.0
cloud_only,stable,105,75.0,250,107.90618080133572,120.22195500030648,128.2414129906101,132.1629999903962,107.90618080133572,1.0,0.8127137591838837,0.0,8750.0,35.0,35000.0,1.0,0.0,0.0,1.0,0.996,0.0,0.0,0.996,0.0,0.004,0.0,0.0,100.0,0.0,0.0,0,0.0,0.0,0.0,0.0,0.0,250,75.0
dapper,stable,105,75.0,250,32.90618080133572,45.22195500030648,53.2414129906101,57.1629999903962,34.34483753976082,0.0,0.8127137591838837,0.8416383872032166,900.0,3.6,3600.0,0.0,0.0,0.0,0.144,1.0,1.0,0.144,0.0,0.0,0.0,0.0,85.6,0.0,14.399999999999999,0.0,58,232.0,0.6652838886477415,0.7784038767319023,0.144,1.0,250,75.0
deadline_greedy,stable,105,75.0,250,32.90618080133572,45.22195500030648,53.2414129906101,57.1629999903962,32.90618080133572,0.0,0.8127137591838837,0.8127137591838837,0.0,0.0,0.0,0.0,0.0,0.0,0.0,0.0,0.0,0.0,0.0,0.0,0.0,0.0,100.0,0.0,0.0,0.0,0,0.0,0.6419094815733344,0.764562622444788,0.0,1.0,250,75.0
confidence_deadline,stable,105,75.0,250,32.90618080133572,45.22195500030648,53.2414129906101,57.1629999903962,32.90618080133572,0.0,0.8127137591838837,0.8127137591838837,0.0,0.0,0.0,0.0,0.0,0.0,0.0,0.0,0.0,0.0,0.0,0.0,0.0,0.0,100.0,0.0,0.0,0.0,0,0.0,0.6419094815733344,0.764562622444788,0.0,1.0,250,75.0
oracle_feasible,stable,105,75.0,250,42.99088452364564,54.426142845596694,55.779130671446936,72.15755403893755,42.99088452364564,0.0,0.8887711229324341,0.8887711229324341,5400.0,21.6,21600.0,0.0,0.0,0.0,0.864,1.0,1.0,0.864,0.0,0.0,0.0,0.0,13.600000000000001,86.4,0.0,0.0,55,220.0,0.7302417187711904,0.8184441089695865,0.864,1.0,250,75.0
local_only,stable,106,75.0,250,32.90618080133572,45.22195500030648,53.2414129906101,57.1629999903962,32.90618080133572,0.0,0.8127137591838837,0.8127137591838837,0.0,0.0,0.0,0.0,0.0,0.0,0.0,0.0,0.0,0.0,0.0,0.0,0.0,0.0,100.0,0.0,0.0,0.0,0,0.0,0.6419094815733344,0.764562622444788,0.0,1.0,250,75.0
edge_only,stable,106,75.0,250,47.42405903371121,64.75840881668712,124.50521398568524,129.7997000394389,47.42405903371121,0.044,0.8810473582744598,0.8423201875686646,6250.0,25.0,25000.0,0.044,0.0,0.0,1.0,0.988,0.956,0.956,0.032,0.0,0.012,0.0,0.0,100.0,0.0,0.0,0,0.0,0.7009029819204873,0.7866623026654874,0.956,0.956,250,75.0
cloud_only,stable,106,75.0,250,107.90618080133572,120.22195500030648,128.2414129906101,132.1629999903962,107.90618080133572,1.0,0.8127137591838837,0.0,8750.0,35.0,35000.0,1.0,0.0,0.0,1.0,0.988,0.0,0.0,0.988,0.0,0.012,0.0,0.0,100.0,0.0,0.0,0,0.0,0.0,0.0,0.0,0.0,250,75.0
dapper,stable,106,75.0,250,32.90618080133572,45.22195500030648,53.2414129906101,57.1629999903962,34.02681283530503,0.0,0.8127137591838837,0.8418875715732574,825.0,3.3,3300.0,0.0,0.0,0.0,0.132,1.0,1.0,0.132,0.0,0.0,0.0,0.0,86.8,0.0,13.200000000000001,0.0,56,224.0,0.6652696029334557,0.7748108667694655,0.132,1.0,250,75.0
deadline_greedy,stable,106,75.0,250,32.90618080133572,45.22195500030648,53.2414129906101,57.1629999903962,32.90618080133572,0.0,0.8127137591838837,0.8127137591838837,0.0,0.0,0.0,0.0,0.0,0.0,0.0,0.0,0.0,0.0,0.0,0.0,0.0,0.0,100.0,0.0,0.0,0.0,0,0.0,0.6419094815733344,0.764562622444788,0.0,1.0,250,75.0
confidence_deadline,stable,106,75.0,250,32.90618080133572,45.22195500030648,53.2414129906101,57.1629999903962,32.90618080133572,0.0,0.8127137591838837,0.8127137591838837,0.0,0.0,0.0,0.0,0.0,0.0,0.0,0.0,0.0,0.0,0.0,0.0,0.0,0.0,100.0,0.0,0.0,0.0,0,0.0,0.6419094815733344,0.764562622444788,0.0,1.0,250,75.0
oracle_feasible,stable,106,75.0,250,43.00196245678762,54.696657963229555,56.94279408430178,71.49345195223484,43.00196245678762,0.0,0.8880296504497528,0.8880296504497528,5325.0,21.3,21300.0,0.0,0.0,0.0,0.852,1.0,1.0,0.852,0.0,0.0,0.0,0.0,14.799999999999999,85.2,0.0,0.0,61,244.0,0.7297417187711903,0.8152593955937905,0.852,1.0,250,75.0
local_only,stable,107,75.0,250,32.90618080133572,45.22195500030648,53.2414129906101,57.1629999903962,32.90618080133572,0.0,0.8127137591838837,0.8127137591838837,0.0,0.0,0.0,0.0,0.0,0.0,0.0,0.0,0.0,0.0,0.0,0.0,0.0,0.0,100.0,0.0,0.0,0.0,0,0.0,0.6419094815733344,0.764562622444788,0.0,1.0,250,75.0
edge_only,stable,107,75.0,250,47.80027495291209,72.21638993649947,126.34015997871755,129.7997000394389,47.80027495291209,0.048,0.8806633853912353,0.8388481934070587,6250.0,25.0,25000.0,0.048,0.0,0.0,1.0,0.984,0.952,0.952,0.032,0.0,0.016,0.0,0.0,100.0,0.0,0.0,0,0.0,0.7005696485871538,0.7898470160412836,0.952,0.952,250,75.0
cloud_only,stable,107,75.0,250,107.90618080133572,120.22195500030648,128.2414129906101,132.1629999903962,107.90618080133572,1.0,0.8127137591838837,0.0,8750.0,35.0,35000.0,1.0,0.0,0.0,1.0,0.984,0.0,0.0,0.984,0.0,0.016,0.0,0.0,100.0,0.0,0.0,0,0.0,0.0,0.0,0.0,0.0,250,75.0
dapper,stable,107,75.0,250,32.90618080133572,45.22195500030648,53.2414129906101,57.1629999903962,34.51330254930225,0.0,0.8127137591838837,0.8398706929683686,925.0,3.7,3700.0,0.0,0.0,0.0,0.148,1.0,0.972972972972973,0.144,0.02702702702702703,0.0,0.0,0.0,85.2,0.0,14.799999999999999,0.0,62,248.0,0.6532336240974769,0.7680004797043015,0.144,1.0,250,75.0
deadline_greedy,stable,107,75.0,250,32.90618080133572,45.22195500030648,53.2414129906101,57.1629999903962,32.90618080133572,0.0,0.8127137591838837,0.8127137591838837,0.0,0.0,0.0,0.0,0.0,0.0,0.0,0.0,0.0,0.0,0.0,0.0,0.0,0.0,100.0,0.0,0.0,0.0,0,0.0,0.6419094815733344,0.764562622444788,0.0,1.0,250,75.0
confidence_deadline,stable,107,75.0,250,32.90618080133572,45.22195500030648,53.2414129906101,57.1629999903962,32.90618080133572,0.0,0.8127137591838837,0.8127137591838837,0.0,0.0,0.0,0.0,0.0,0.0,0.0,0.0,0.0,0.0,0.0,0.0,0.0,0.0,100.0,0.0,0.0,0.0,0,0.0,0.6419094815733344,0.764562622444788,0.0,1.0,250,75.0
oracle_feasible,stable,107,75.0,250,42.99274132097067,53.715414959847735,56.74698431393287,58.281390731512225,42.99274132097067,0.0,0.8877712569236755,0.8877712569236755,5275.0,21.1,21100.0,0.0,0.0,0.0,0.844,1.0,1.0,0.844,0.0,0.0,0.0,0.0,15.6,84.39999999999999,0.0,0.0,65,260.0,0.7327417187711903,0.8184441089695865,0.844,1.0,250,75.0
local_only,stable,108,75.0,250,32.90618080133572,45.22195500030648,53.2414129906101,57.1629999903962,32.90618080133572,0.0,0.8127137591838837,0.8127137591838837,0.0,0.0,0.0,0.0,0.0,0.0,0.0,0.0,0.0,0.0,0.0,0.0,0.0,0.0,100.0,0.0,0.0,0.0,0,0.0,0.6419094815733344,0.764562622444788,0.0,1.0,250,75.0
edge_only,stable,108,75.0,250,48.288065242545066,104.87873998645226,126.34015997871755,129.7997000394389,48.288065242545066,0.056,0.8821333074569702,0.8335080244541169,6250.0,25.0,25000.0,0.056,0.0,0.0,1.0,0.984,0.944,0.944,0.04,0.0,0.016,0.0,0.0,100.0,0.0,0.0,0,0.0,0.6930363152538205,0.7798869124506067,0.944,0.944,250,75.0
cloud_only,stable,108,75.0,250,107.90618080133572,120.22195500030648,128.2414129906101,132.1629999903962,107.90618080133572,1.0,0.8127137591838837,0.0,8750.0,35.0,35000.0,1.0,0.0,0.0,1.0,0.988,0.0,0.0,0.988,0.0,0.012,0.0,0.0,100.0,0.0,0.0,0,0.0,0.0,0.0,0.0,0.0,250,75.0
dapper,stable,108,75.0,250,32.90618080133572,45.22195500030648,53.2414129906101,57.1629999903962,34.49294535871771,0.0,0.8127137591838837,0.8433780747652054,925.0,3.7,3700.0,0.0,0.0,0.0,0.148,1.0,1.0,0.148,0.0,0.0,0.0,0.0,85.2,0.0,14.799999999999999,0.0,62,248.0,0.6588258318896847,0.7713811754416849,0.148,1.0,250,75.0
deadline_greedy,stable,108,75.0,250,32.90618080133572,45.22195500030648,53.2414129906101,57.1629999903962,32.90618080133572,0.0,0.8127137591838837,0.8127137591838837,0.0,0.0,0.0,0.0,0.0,0.0,0.0,0.0,0.0,0.0,0.0,0.0,0.0,0.0,100.0,0.0,0.0,0.0,0,0.0,0.6419094815733344,0.764562622444788,0.0,1.0,250,75.0
confidence_deadline,stable,108,75.0,250,32.90618080133572,45.22195500030648,53.2414129906101,57.1629999903962,32.90618080133572,0.0,0.8127137591838837,0.8127137591838837,0.0,0.0,0.0,0.0,0.0,0.0,0.0,0.0,0.0,0.0,0.0,0.0,0.0,0.0,100.0,0.0,0.0,0.0,0,0.0,0.6419094815733344,0.764562622444788,0.0,1.0,250,75.0
oracle_feasible,stable,108,75.0,250,43.107772779579186,53.63996448833439,56.57880154046773,57.13224807041595,43.107772779579186,0.0,0.8882407207489014,0.8882407207489014,5275.0,21.1,21100.0,0.0,0.0,0.0,0.844,1.0,1.0,0.844,0.0,0.0,0.0,0.0,15.6,84.39999999999999,0.0,0.0,61,244.0,0.7282972743267457,0.8175341908622165,0.844,1.0,250,75.0
local_only,stable,109,75.0,250,32.90618080133572,45.22195500030648,53.2414129906101,57.1629999903962,32.90618080133572,0.0,0.8127137591838837,0.8127137591838837,0.0,0.0,0.0,0.0,0.0,0.0,0.0,0.0,0.0,0.0,0.0,0.0,0.0,0.0,100.0,0.0,0.0,0.0,0,0.0,0.6419094815733344,0.764562622444788,0.0,1.0,250,75.0
edge_only,stable,109,75.0,250,47.23166051115995,67.87157102021308,124.50521398568524,129.7997000394389,47.23166051115995,0.04,0.8811339604854583,0.8461595904827118,6250.0,25.0,25000.0,0.04,0.0,0.0,1.0,0.988,0.96,0.96,0.028,0.0,0.012,0.0,0.0,100.0,0.0,0.0,0,0.0,0.7025696485871538,0.7834775892896912,0.96,0.96,250,75.0
cloud_only,stable,109,75.0,250,107.90618080133572,120.22195500030648,128.2414129906101,132.1629999903962,107.90618080133572,1.0,0.8127137591838837,0.0,8750.0,35.0,35000.0,1.0,0.0,0.0,1.0,0.996,0.0,0.0,0.996,0.0,0.004,0.0,0.0,100.0,0.0,0.0,0,0.0,0.0,0.0,0.0,0.0,250,75.0
dapper,stable,109,75.0,250,32.90618080133572,45.22195500030648,53.2414129906101,57.1629999903962,34.52373105133499,0.0,0.8127137591838837,0.8334042005538941,850.0,3.4,3400.0,0.0,0.0,0.0,0.136,1.0,1.0,0.136,0.0,0.0,0.0,0.0,86.4,0.0,13.600000000000001,0.0,56,224.0,0.6586877366515895,0.77000113297884,0.136,1.0,250,75.0
deadline_greedy,stable,109,75.0,250,32.90618080133572,45.22195500030648,53.2414129906101,57.1629999903962,32.90618080133572,0.0,0.8127137591838837,0.8127137591838837,0.0,0.0,0.0,0.0,0.0,0.0,0.0,0.0,0.0,0.0,0.0,0.0,0.0,0.0,100.0,0.0,0.0,0.0,0,0.0,0.6419094815733344,0.764562622444788,0.0,1.0,250,75.0
confidence_deadline,stable,109,75.0,250,32.90618080133572,45.22195500030648,53.2414129906101,57.1629999903962,32.90618080133572,0.0,0.8127137591838837,0.8127137591838837,0.0,0.0,0.0,0.0,0.0,0.0,0.0,0.0,0.0,0.0,0.0,0.0,0.0,0.0,100.0,0.0,0.0,0.0,0,0.0,0.6419094815733344,0.764562622444788,0.0,1.0,250,75.0
oracle_feasible,stable,109,75.0,250,43.10672242728522,53.903326404608045,60.333258162091056,72.21472602928588,43.10672242728522,0.0,0.8882418320178985,0.8882418320178985,5325.0,21.3,21300.0,0.0,0.0,0.0,0.852,1.0,1.0,0.852,0.0,0.0,0.0,0.0,14.799999999999999,85.2,0.0,0.0,57,228.0,0.7282417187711904,0.8163209667190559,0.852,1.0,250,75.0
local_only,congested,100,75.0,250,32.90618080133572,45.22195500030648,53.2414129906101,57.1629999903962,32.90618080133572,0.0,0.8127137591838837,0.8127137591838837,0.0,0.0,0.0,0.0,0.0,0.0,0.0,0.0,0.0,0.0,0.0,0.0,0.0,0.0,100.0,0.0,0.0,0.0,0,0.0,0.6419094815733344,0.764562622444788,0.0,1.0,250,75.0
edge_only,congested,100,75.0,250,106.6683408457694,120.22195500030648,128.2414129906101,132.1629999903962,106.6683408457694,0.968,0.8137221548557282,0.02752796721458435,6250.0,25.0,25000.0,0.968,0.0,0.0,1.0,0.96,0.032,0.032,0.928,0.0,0.04,0.0,0.0,100.0,0.0,0.0,0,0.0,0.01934285714285714,0.014331210191082803,0.032,0.032,250,75.0
cloud_only,congested,100,75.0,250,107.90618080133572,120.22195500030648,128.2414129906101,132.1629999903962,107.90618080133572,1.0,0.8127137591838837,0.0,8750.0,35.0,35000.0,1.0,0.0,0.0,1.0,0.96,0.0,0.0,0.96,0.0,0.04,0.0,0.0,100.0,0.0,0.0,0,0.0,0.0,0.0,0.0,0.0,250,75.0
dapper,congested,100,75.0,250,19.965186000851915,38.066100009018555,47.20997200522104,57.1629999903962,19.965186000851915,0.0,0.8019259369373322,0.8019259369373322,0.0,0.0,0.0,0.484,0.396,0.0,0.0,0.0,0.0,0.0,0.0,0.0,0.0,0.0,51.6,0.0,0.0,48.4,67,268.0,0.3851421611916177,0.47123564687258956,0.0,0.604,250,75.0
deadline_greedy,congested,100,75.0,250,32.90618080133572,45.22195500030648,53.2414129906101,57.1629999903962,32.90618080133572,0.0,0.8127137591838837,0.8127137591838837,0.0,0.0,0.0,0.0,0.0,0.0,0.0,0.0,0.0,0.0,0.0,0.0,0.0,0.0,100.0,0.0,0.0,0.0,0,0.0,0.6419094815733344,0.764562622444788,0.0,1.0,250,75.0
confidence_deadline,congested,100,75.0,250,32.90618080133572,45.22195500030648,53.2414129906101,57.1629999903962,32.90618080133572,0.0,0.8127137591838837,0.8127137591838837,0.0,0.0,0.0,0.0,0.0,0.0,0.0,0.0,0.0,0.0,0.0,0.0,0.0,0.0,100.0,0.0,0.0,0.0,0,0.0,0.6419094815733344,0.764562622444788,0.0,1.0,250,75.0
oracle_feasible,congested,100,75.0,250,34.06834084576937,50.6518299866002,71.89773570283393,74.47130428306423,34.06834084576937,0.0,0.8137221548557282,0.8137221548557282,200.0,0.8,800.0,0.0,0.0,0.0,0.032,1.0,1.0,0.032,0.0,0.0,0.0,0.0,96.8,3.2,0.0,0.0,6,24.0,0.6427666244304773,0.7650175814984733,0.032,1.0,250,75.0
local_only,congested,101,75.0,250,32.90618080133572,45.22195500030648,53.2414129906101,57.1629999903962,32.90618080133572,0.0,0.8127137591838837,0.8127137591838837,0.0,0.0,0.0,0.0,0.0,0.0,0.0,0.0,0.0,0.0,0.0,0.0,0.0,0.0,100.0,0.0,0.0,0.0,0,0.0,0.6419094815733344,0.764562622444788,0.0,1.0,250,75.0
edge_only,congested,101,75.0,250,106.45553098012633,119.68340501480269,126.58839398645794,129.7997000394389,106.45553098012633,0.96,0.8123709807395935,0.0359284770488739,6250.0,25.0,25000.0,0.96,0.0,0.0,1.0,0.948,0.04,0.04,0.908,0.0,0.052,0.0,0.0,100.0,0.0,0.0,0,0.0,0.02709385712326889,0.03182486303505412,0.04,0.04,250,75.0
cloud_only,congested,101,75.0,250,107.90618080133572,120.22195500030648,128.2414129906101,132.1629999903962,107.90618080133572,1.0,0.8127137591838837,0.0,8750.0,35.0,35000.0,1.0,0.0,0.0,1.0,0.912,0.0,0.0,0.912,0.0,0.088,0.0,0.0,100.0,0.0,0.0,0,0.0,0.0,0.0,0.0,0.0,250,75.0
dapper,congested,101,75.0,250,16.79032640074566,39.16383998875971,51.588393986457945,57.1629999903962,16.79032640074566,0.0,0.8186980543136597,0.8186980543136597,0.0,0.0,0.0,0.668,0.508,0.0,0.0,0.0,0.0,0.0,0.0,0.0,0.0,0.0,33.2,0.0,0.0,66.8,61,244.0,0.303287229169439,0.3492218503365,0.0,0.492,250,75.0
deadline_greedy,congested,101,75.0,250,32.90618080133572,45.22195500030648,53.2414129906101,57.1629999903962,32.90618080133572,0.0,0.8127137591838837,0.8127137591838837,0.0,0.0,0.0,0.0,0.0,0.0,0.0,0.0,0.0,0.0,0.0,0.0,0.0,0.0,100.0,0.0,0.0,0.0,0,0.0,0.6419094815733344,0.764562622444788,0.0,1.0,250,75.0
confidence_deadline,congested,101,75.0,250,32.90618080133572,45.22195500030648,53.2414129906101,57.1629999903962,32.90618080133572,0.0,0.8127137591838837,0.8127137591838837,0.0,0.0,0.0,0.0,0.0,0.0,0.0,0.0,0.0,0.0,0.0,0.0,0.0,0.0,100.0,0.0,0.0,0.0,0,0.0,0.6419094815733344,0.764562622444788,0.0,1.0,250,75.0
oracle_feasible,congested,101,75.0,250,33.98813236826066,48.519494995707646,73.99831879683911,74.87140926882589,33.98813236826066,0.0,0.8137860324382782,0.8137860324382782,175.0,0.7,700.0,0.0,0.0,0.0,0.028,1.0,1.0,0.028,0.0,0.0,0.0,0.0,97.2,2.8000000000000003,0.0,0.0,12,48.0,0.6447812764451292,0.7670124019646313,0.028,1.0,250,75.0
local_only,congested,102,75.0,250,32.90618080133572,45.22195500030648,53.2414129906101,57.1629999903962,32.90618080133572,0.0,0.8127137591838837,0.8127137591838837,0.0,0.0,0.0,0.0,0.0,0.0,0.0,0.0,0.0,0.0,0.0,0.0,0.0,0.0,100.0,0.0,0.0,0.0,0,0.0,0.6419094815733344,0.764562622444788,0.0,1.0,250,75.0
edge_only,congested,102,75.0,250,106.86000648627773,120.22195500030648,128.2414129906101,132.1629999903962,106.86000648627773,0.972,0.8144594750404358,0.02458301043510437,6250.0,25.0,25000.0,0.972,0.0,0.0,1.0,0.96,0.028,0.028,0.932,0.0,0.04,0.0,0.0,100.0,0.0,0.0,0,0.0,0.023,0.02802547770700637,0.028,0.028,250,75.0
cloud_only,congested,102,75.0,250,107.90618080133572,120.22195500030648,128.2414129906101,132.1629999903962,107.90618080133572,1.0,0.8127137591838837,0.0,8750.0,35.0,35000.0,1.0,0.0,0.0,1.0,0.948,0.0,0.0,0.948,0.0,0.052,0.0,0.0,100.0,0.0,0.0,0,0.0,0.0,0.0,0.0,0.0,250,75.0
dapper,congested,102,75.0,250,17.856822400519626,40.80027000163681,48.12091398285701,57.1629999903962,17.856822400519626,0.0,0.8174085969924927,0.8174085969924927,0.0,0.0,0.0,0.616,0.472,0.0,0.0,0.0,0.0,0.0,0.0,0.0,0.0,0.0,38.4,0.0,0.0,61.6,55,220.0,0.34973133196236744,0.3969381202661457,0.0,0.528,250,75.0
deadline_greedy,congested,102,75.0,250,32.90618080133572,45.22195500030648,53.2414129906101,57.1629999903962,32.90618080133572,0.0,0.8127137591838837,0.8127137591838837,0.0,0.0,0.0,0.0,0.0,0.0,0.0,0.0,0.0,0.0,0.0,0.0,0.0,0.0,100.0,0.0,0.0,0.0,0,0.0,0.6419094815733344,0.764562622444788,0.0,1.0,250,75.0
confidence_deadline,congested,102,75.0,250,32.90618080133572,45.22195500030648,53.2414129906101,57.1629999903962,32.90618080133572,0.0,0.8127137591838837,0.8127137591838837,0.0,0.0,0.0,0.0,0.0,0.0,0.0,0.0,0.0,0.0,0.0,0.0,0.0,0.0,100.0,0.0,0.0,0.0,0,0.0,0.6419094815733344,0.764562622444788,0.0,1.0,250,75.0
oracle_feasible,congested,102,75.0,250,33.96000648627772,49.57606998505068,71.85061929067082,73.64410459561643,33.96000648627772,0.0,0.8144594750404358,0.8144594750404358,175.0,0.7,700.0,0.0,0.0,0.0,0.028,1.0,1.0,0.028,0.0,0.0,0.0,0.0,97.2,2.8000000000000003,0.0,0.0,10,40.0,0.6443094815733343,0.7651995651199474,0.028,1.0,250,75.0
local_only,congested,103,75.0,250,32.90618080133572,45.22195500030648,53.2414129906101,57.1629999903962,32.90618080133572,0.0,0.8127137591838837,0.8127137591838837,0.0,0.0,0.0,0.0,0.0,0.0,0.0,0.0,0.0,0.0,0.0,0.0,0.0,0.0,100.0,0.0,0.0,0.0,0,0.0,0.6419094815733344,0.764562622444788,0.0,1.0,250,75.0
edge_only,congested,103,75.0,250,107.34479264240589,120.22195500030648,128.2414129906101,132.1629999903962,107.34479264240589,0.984,0.8138589088916779,0.014124664545059205,6250.0,25.0,25000.0,0.984,0.0,0.0,1.0,0.96,0.016,0.016,0.944,0.0,0.04,0.0,0.0,100.0,0.0,0.0,0,0.0,0.010199999999999999,0.0,0.016,0.016,250,75.0
cloud_only,congested,103,75.0,250,107.90618080133572,120.22195500030648,128.2414129906101,132.1629999903962,107.90618080133572,1.0,0.8127137591838837,0.0,8750.0,35.0,35000.0,1.0,0.0,0.0,1.0,0.964,0.0,0.0,0.964,0.0,0.036,0.0,0.0,100.0,0.0,0.0,0,0.0,0.0,0.0,0.0,0.0,250,75.0
dapper,congested,103,75.0,250,15.243884400978684,37.26331002253572,49.505213985685245,57.1629999903962,15.243884400978684,0.0,0.8005080553293228,0.8005080553293228,0.0,0.0,0.0,0.704,0.548,0.0,0.0,0.0,0.0,0.0,0.0,0.0,0.0,0.0,29.599999999999998,0.0,0.0,70.39999999999999,74,296.0,0.2964378123169785,0.31036538655965407,0.0,0.452,250,75.0
deadline_greedy,congested,103,75.0,250,32.90618080133572,45.22195500030648,53.2414129906101,57.1629999903962,32.90618080133572,0.0,0.8127137591838837,0.8127137591838837,0.0,0.0,0.0,0.0,0.0,0.0,0.0,0.0,0.0,0.0,0.0,0.0,0.0,0.0,100.0,0.0,0.0,0.0,0,0.0,0.6419094815733344,0.764562622444788,0.0,1.0,250,75.0
confidence_deadline,congested,103,75.0,250,32.90618080133572,45.22195500030648,53.2414129906101,57.1629999903962,32.90618080133572,0.0,0.8127137591838837,0.8127137591838837,0.0,0.0,0.0,0.0,0.0,0.0,0.0,0.0,0.0,0.0,0.0,0.0,0.0,0.0,100.0,0.0,0.0,0.0,0,0.0,0.6419094815733344,0.764562622444788,0.0,1.0,250,75.0
oracle_feasible,congested,103,75.0,250,33.54479264240589,47.21575998119077,69.26121298526971,74.50364342833736,33.54479264240589,0.0,0.8138589088916779,0.8138589088916779,100.0,0.4,400.0,0.0,0.0,0.0,0.016,1.0,1.0,0.016,0.0,0.0,0.0,0.0,98.4,1.6,0.0,0.0,6,24.0,0.6429094815733344,0.764562622444788,0.016,1.0,250,75.0
local_only,congested,104,75.0,250,32.90618080133572,45.22195500030648,53.2414129906101,57.1629999903962,32.90618080133572,0.0,0.8127137591838837,0.8127137591838837,0.0,0.0,0.0,0.0,0.0,0.0,0.0,0.0,0.0,0.0,0.0,0.0,0.0,0.0,100.0,0.0,0.0,0.0,0,0.0,0.6419094815733344,0.764562622444788,0.0,1.0,250,75.0
edge_only,congested,104,75.0,250,107.59060850512873,120.22195500030648,128.2414129906101,132.1629999903962,107.59060850512873,0.992,0.812811906337738,0.007523942470550537,6250.0,25.0,25000.0,0.992,0.0,0.0,1.0,0.948,0.008,0.008,0.94,0.0,0.052,0.0,0.0,100.0,0.0,0.0,0,0.0,0.004666666666666666,0.012738853503184714,0.008,0.008,250,75.0
cloud_only,congested,104,75.0,250,107.90618080133572,120.22195500030648,128.2414129906101,132.1629999903962,107.90618080133572,1.0,0.8127137591838837,0.0,8750.0,35.0,35000.0,1.0,0.0,0.0,1.0,0.936,0.0,0.0,0.936,0.0,0.064,0.0,0.0,100.0,0.0,0.0,0,0.0,0.0,0.0,0.0,0.0,250,75.0
dapper,congested,104,75.0,250,17.1079076003395,38.16526502778287,47.587026995606706,54.7997000394389,17.1079076003395,0.0,0.8152376153469085,0.8152376153469085,0.0,0.0,0.0,0.652,0.488,0.0,0.0,0.0,0.0,0.0,0.0,0.0,0.0,0.0,34.8,0.0,0.0,65.2,61,244.0,0.32324448074139644,0.38171635512399843,0.0,0.512,250,75.0
deadline_greedy,congested,104,75.0,250,32.90618080133572,45.22195500030648,53.2414129906101,57.1629999903962,32.90618080133572,0.0,0.8127137591838837,0.8127137591838837,0.0,0.0,0.0,0.0,0.0,0.0,0.0,0.0,0.0,0.0,0.0,0.0,0.0,0.0,100.0,0.0,0.0,0.0,0,0.0,0.6419094815733344,0.764562622444788,0.0,1.0,250,75.0
confidence_deadline,congested,104,75.0,250,32.90618080133572,45.22195500030648,53.2414129906101,57.1629999903962,32.90618080133572,0.0,0.8127137591838837,0.8127137591838837,0.0,0.0,0.0,0.0,0.0,0.0,0.0,0.0,0.0,0.0,0.0,0.0,0.0,0.0,100.0,0.0,0.0,0.0,0,0.0,0.6419094815733344,0.764562622444788,0.0,1.0,250,75.0
oracle_feasible,congested,104,75.0,250,33.06881671019651,45.51592999487183,54.493842020747245,71.75837723260801,33.06881671019651,0.0,0.8128467164039612,0.8128467164039612,25.0,0.1,100.0,0.0,0.0,0.0,0.004,1.0,1.0,0.004,0.0,0.0,0.0,0.0,99.6,0.4,0.0,0.0,2,8.0,0.6419094815733344,0.764562622444788,0.004,1.0,250,75.0
local_only,congested,105,75.0,250,32.90618080133572,45.22195500030648,53.2414129906101,57.1629999903962,32.90618080133572,0.0,0.8127137591838837,0.8127137591838837,0.0,0.0,0.0,0.0,0.0,0.0,0.0,0.0,0.0,0.0,0.0,0.0,0.0,0.0,100.0,0.0,0.0,0.0,0,0.0,0.6419094815733344,0.764562622444788,0.0,1.0,250,75.0
edge_only,congested,105,75.0,250,106.37656173551446,119.68340501480269,128.2414129906101,132.1629999903962,106.37656173551446,0.96,0.8138726444244385,0.036397581577301025,6250.0,25.0,25000.0,0.96,0.0,0.0,1.0,0.932,0.04,0.04,0.892,0.0,0.068,0.0,0.0,100.0,0.0,0.0,0,0.0,0.030516934046345808,0.03495602062481043,0.04,0.04,250,75.0
cloud_only,congested,105,75.0,250,107.90618080133572,120.22195500030648,128.2414129906101,132.1629999903962,107.90618080133572,1.0,0.8127137591838837,0.0,8750.0,35.0,35000.0,1.0,0.0,0.0,1.0,0.96,0.0,0.0,0.96,0.0,0.04,0.0,0.0,100.0,0.0,0.0,0,0.0,0.0,0.0,0.0,0.0,250,75.0
dapper,congested,105,75.0,250,17.88532760029845,40.40179000003261,53.2414129906101,57.1629999903962,17.88532760029845,0.0,0.8151350129842758,0.8151350129842758,0.0,0.0,0.0,0.592,0.468,0.0,0.0,0.0,0.0,0.0,0.0,0.0,0.0,0.0,40.8,0.0,0.0,59.199999999999996,68,272.0,0.32899145702938276,0.4061329593972906,0.0,0.532,250,75.0
deadline_greedy,congested,105,75.0,250,32.90618080133572,45.22195500030648,53.2414129906101,57.1629999903962,32.90618080133572,0.0,0.8127137591838837,0.8127137591838837,0.0,0.0,0.0,0.0,0.0,0.0,0.0,0.0,0.0,0.0,0.0,0.0,0.0,0.0,100.0,0.0,0.0,0.0,0,0.0,0.6419094815733344,0.764562622444788,0.0,1.0,250,75.0
confidence_deadline,congested,105,75.0,250,32.90618080133572,45.22195500030648,53.2414129906101,57.1629999903962,32.90618080133572,0.0,0.8127137591838837,0.8127137591838837,0.0,0.0,0.0,0.0,0.0,0.0,0.0,0.0,0.0,0.0,0.0,0.0,0.0,0.0,100.0,0.0,0.0,0.0,0,0.0,0.6419094815733344,0.764562622444788,0.0,1.0,250,75.0
oracle_feasible,congested,105,75.0,250,34.3173717254698,51.64396998588925,71.86050791039607,73.67768593121461,34.3173717254698,0.0,0.8145486125946045,0.8145486125946045,225.0,0.9,900.0,0.0,0.0,0.0,0.036,1.0,1.0,0.036,0.0,0.0,0.0,0.0,96.39999999999999,3.5999999999999996,0.0,0.0,10,40.0,0.6458729396838512,0.7689226467092709,0.036,1.0,250,75.0
local_only,congested,106,75.0,250,32.90618080133572,45.22195500030648,53.2414129906101,57.1629999903962,32.90618080133572,0.0,0.8127137591838837,0.8127137591838837,0.0,0.0,0.0,0.0,0.0,0.0,0.0,0.0,0.0,0.0,0.0,0.0,0.0,0.0,100.0,0.0,0.0,0.0,0,0.0,0.6419094815733344,0.764562622444788,0.0,1.0,250,75.0
edge_only,congested,106,75.0,250,107.3120434086524,120.22195500030648,128.2414129906101,132.1629999903962,107.3120434086524,0.984,0.8134339280128479,0.014663923501968384,6250.0,25.0,25000.0,0.984,0.0,0.0,1.0,0.98,0.016,0.016,0.964,0.0,0.02,0.0,0.0,100.0,0.0,0.0,0,0.0,0.012,0.020382165605095544,0.016,0.016,250,75.0
cloud_only,congested,106,75.0,250,107.90618080133572,120.22195500030648,128.2414129906101,132.1629999903962,107.90618080133572,1.0,0.8127137591838837,0.0,8750.0,35.0,35000.0,1.0,0.0,0.0,1.0,0.964,0.0,0.0,0.964,0.0,0.036,0.0,0.0,100.0,0.0,0.0,0,0.0,0.0,0.0,0.0,0.0,250,75.0
dapper,congested,106,75.0,250,16.534899201562627,38.43167499580884,44.637201014556915,50.87979999370873,16.534899201562627,0.0,0.8101506708860398,0.8101506708860398,0.0,0.0,0.0,0.676,0.508,0.0,0.0,0.0,0.0,0.0,0.0,0.0,0.0,0.0,32.4,0.0,0.0,67.60000000000001,51,204.0,0.3217505794242753,0.3996580471898943,0.0,0.492,250,75.0
deadline_greedy,congested,106,75.0,250,32.90618080133572,45.22195500030648,53.2414129906101,57.1629999903962,32.90618080133572,0.0,0.8127137591838837,0.8127137591838837,0.0,0.0,0.0,0.0,0.0,0.0,0.0,0.0,0.0,0.0,0.0,0.0,0.0,0.0,100.0,0.0,0.0,0.0,0,0.0,0.6419094815733344,0.764562622444788,0.0,1.0,250,75.0
confidence_deadline,congested,106,75.0,250,32.90618080133572,45.22195500030648,53.2414129906101,57.1629999903962,32.90618080133572,0.0,0.8127137591838837,0.8127137591838837,0.0,0.0,0.0,0.0,0.0,0.0,0.0,0.0,0.0,0.0,0.0,0.0,0.0,0.0,100.0,0.0,0.0,0.0,0,0.0,0.6419094815733344,0.764562622444788,0.0,1.0,250,75.0
oracle_feasible,congested,106,75.0,250,33.5120434086524,47.21575998119077,73.56852300964299,74.78808860567543,33.5120434086524,0.0,0.8134339280128479,0.8134339280128479,100.0,0.4,400.0,0.0,0.0,0.0,0.016,1.0,1.0,0.016,0.0,0.0,0.0,0.0,98.4,1.6,0.0,0.0,8,32.0,0.6451951958590487,0.7682022948742695,0.016,1.0,250,75.0
local_only,congested,107,75.0,250,32.90618080133572,45.22195500030648,53.2414129906101,57.1629999903962,32.90618080133572,0.0,0.8127137591838837,0.8127137591838837,0.0,0.0,0.0,0.0,0.0,0.0,0.0,0.0,0.0,0.0,0.0,0.0,0.0,0.0,100.0,0.0,0.0,0.0,0,0.0,0.6419094815733344,0.764562622444788,0.0,1.0,250,75.0
edge_only,congested,107,75.0,250,105.9042902043716,120.22195500030648,128.2414129906101,132.1629999903962,105.9042902043716,0.948,0.816587972164154,0.04528779482841492,6250.0,25.0,25000.0,0.948,0.0,0.0,1.0,0.936,0.052,0.052,0.884,0.0,0.064,0.0,0.0,100.0,0.0,0.0,0,0.0,0.035838528138528135,0.03170237405906196,0.052,0.052,250,75.0
cloud_only,congested,107,75.0,250,107.90618080133572,120.22195500030648,128.2414129906101,132.1629999903962,107.90618080133572,1.0,0.8127137591838837,0.0,8750.0,35.0,35000.0,1.0,0.0,0.0,1.0,0.952,0.0,0.0,0.952,0.0,0.048,0.0,0.0,100.0,0.0,0.0,0,0.0,0.0,0.0,0.0,0.0,250,75.0
dapper,congested,107,75.0,250,19.472770000925287,40.80027000163681,49.763579993741565,54.7997000394389,19.472770000925287,0.0,0.7973348520994187,0.7973348520994187,0.0,0.0,0.0,0.536,0.424,0.0,0.0,0.0,0.0,0.0,0.0,0.0,0.0,0.0,46.400000000000006,0.0,0.0,53.6,54,216.0,0.3577939226840796,0.44190799469461894,0.0,0.576,250,75.0
deadline_greedy,congested,107,75.0,250,32.90618080133572,45.22195500030648,53.2414129906101,57.1629999903962,32.90618080133572,0.0,0.8127137591838837,0.8127137591838837,0.0,0.0,0.0,0.0,0.0,0.0,0.0,0.0,0.0,0.0,0.0,0.0,0.0,0.0,100.0,0.0,0.0,0.0,0,0.0,0.6419094815733344,0.764562622444788,0.0,1.0,250,75.0
confidence_deadline,congested,107,75.0,250,32.90618080133572,45.22195500030648,53.2414129906101,57.1629999903962,32.90618080133572,0.0,0.8127137591838837,0.8127137591838837,0.0,0.0,0.0,0.0,0.0,0.0,0.0,0.0,0.0,0.0,0.0,0.0,0.0,0.0,100.0,0.0,0.0,0.0,0,0.0,0.6419094815733344,0.764562622444788,0.0,1.0,250,75.0
oracle_feasible,congested,107,75.0,250,34.66565305465333,56.099515012465375,73.68377441069072,74.16362287621942,34.66565305465333,0.0,0.8166624250411987,0.8166624250411987,300.0,1.2,1200.0,0.0,0.0,0.0,0.048,1.0,1.0,0.048,0.0,0.0,0.0,0.0,95.19999999999999,4.8,0.0,0.0,18,72.0,0.6496973603612132,0.7709320491963804,0.048,1.0,250,75.0
local_only,congested,108,75.0,250,32.90618080133572,45.22195500030648,53.2414129906101,57.1629999903962,32.90618080133572,0.0,0.8127137591838837,0.8127137591838837,0.0,0.0,0.0,0.0,0.0,0.0,0.0,0.0,0.0,0.0,0.0,0.0,0.0,0.0,100.0,0.0,0.0,0.0,0,0.0,0.6419094815733344,0.764562622444788,0.0,1.0,250,75.0
edge_only,congested,108,75.0,250,106.47637719566013,119.68340501480269,128.2414129906101,132.1629999903962,106.47637719566013,0.96,0.8141647534370422,0.03447018551826477,6250.0,25.0,25000.0,0.96,0.0,0.0,1.0,0.948,0.04,0.04,0.908,0.0,0.052,0.0,0.0,100.0,0.0,0.0,0,0.0,0.03266666666666666,0.031067658456193487,0.04,0.04,250,75.0
cloud_only,congested,108,75.0,250,107.90618080133572,120.22195500030648,128.2414129906101,132.1629999903962,107.90618080133572,1.0,0.8127137591838837,0.0,8750.0,35.0,35000.0,1.0,0.0,0.0,1.0,0.948,0.0,0.0,0.948,0.0,0.052,0.0,0.0,100.0,0.0,0.0,0,0.0,0.0,0.0,0.0,0.0,250,75.0
dapper,congested,108,75.0,250,15.893676800107583,38.8770550052868,50.63156598596833,57.1629999903962,15.893676800107583,0.0,0.8097982099056243,0.8097982099056243,0.0,0.0,0.0,0.672,0.536,0.0,0.0,0.0,0.0,0.0,0.0,0.0,0.0,0.0,32.800000000000004,0.0,0.0,67.2,53,212.0,0.30125076971415815,0.3343715555498995,0.0,0.464,250,75.0
deadline_greedy,congested,108,75.0,250,32.90618080133572,45.22195500030648,53.2414129906101,57.1629999903962,32.90618080133572,0.0,0.8127137591838837,0.8127137591838837,0.0,0.0,0.0,0.0,0.0,0.0,0.0,0.0,0.0,0.0,0.0,0.0,0.0,0.0,100.0,0.0,0.0,0.0,0,0.0,0.6419094815733344,0.764562622444788,0.0,1.0,250,75.0
confidence_deadline,congested,108,75.0,250,32.90618080133572,45.22195500030648,53.2414129906101,57.1629999903962,32.90618080133572,0.0,0.8127137591838837,0.8127137591838837,0.0,0.0,0.0,0.0,0.0,0.0,0.0,0.0,0.0,0.0,0.0,0.0,0.0,0.0,100.0,0.0,0.0,0.0,0,0.0,0.6419094815733344,0.764562622444788,0.0,1.0,250,75.0
oracle_feasible,congested,108,75.0,250,34.24953660021527,50.6518299866002,74.41249195678327,74.94514347330365,34.24953660021527,0.0,0.8148762066364288,0.8148762066364288,200.0,0.8,800.0,0.0,0.0,0.0,0.032,1.0,1.0,0.032,0.0,0.0,0.0,0.0,96.8,3.2,0.0,0.0,12,48.0,0.6443872593511122,0.7700133818764392,0.032,1.0,250,75.0
local_only,congested,109,75.0,250,32.90618080133572,45.22195500030648,53.2414129906101,57.1629999903962,32.90618080133572,0.0,0.8127137591838837,0.8127137591838837,0.0,0.0,0.0,0.0,0.0,0.0,0.0,0.0,0.0,0.0,0.0,0.0,0.0,0.0,100.0,0.0,0.0,0.0,0,0.0,0.6419094815733344,0.764562622444788,0.0,1.0,250,75.0
edge_only,congested,109,75.0,250,106.32518804504559,120.22195500030648,128.2414129906101,132.1629999903962,106.32518804504559,0.956,0.8141380174160003,0.0412193341255188,6250.0,25.0,25000.0,0.956,0.0,0.0,1.0,0.944,0.044,0.044,0.9,0.0,0.056,0.0,0.0,100.0,0.0,0.0,0,0.0,0.03065329768270945,0.028662420382165606,0.044,0.044,250,75.0
cloud_only,congested,109,75.0,250,107.90618080133572,120.22195500030648,128.2414129906101,132.1629999903962,107.90618080133572,1.0,0.8127137591838837,0.0,8750.0,35.0,35000.0,1.0,0.0,0.0,1.0,0.952,0.0,0.0,0.952,0.0,0.048,0.0,0.0,100.0,0.0,0.0,0,0.0,0.0,0.0,0.0,0.0,250,75.0
dapper,congested,109,75.0,250,20.434518801944332,39.28601500228979,49.505213985685245,57.1629999903962,20.434518801944332,0.0,0.8044246584177017,0.8044246584177017,0.0,0.0,0.0,0.472,0.388,0.0,0.0,0.0,0.0,0.0,0.0,0.0,0.0,0.0,52.800000000000004,0.0,0.0,47.199999999999996,73,292.0,0.3849820057983354,0.4414020250803691,0.0,0.612,250,75.0
deadline_greedy,congested,109,75.0,250,32.90618080133572,45.22195500030648,53.2414129906101,57.1629999903962,32.90618080133572,0.0,0.8127137591838837,0.8127137591838837,0.0,0.0,0.0,0.0,0.0,0.0,0.0,0.0,0.0,0.0,0.0,0.0,0.0,0.0,100.0,0.0,0.0,0.0,0,0.0,0.6419094815733344,0.764562622444788,0.0,1.0,250,75.0
confidence_deadline,congested,109,75.0,250,32.90618080133572,45.22195500030648,53.2414129906101,57.1629999903962,32.90618080133572,0.0,0.8127137591838837,0.8127137591838837,0.0,0.0,0.0,0.0,0.0,0.0,0.0,0.0,0.0,0.0,0.0,0.0,0.0,0.0,100.0,0.0,0.0,0.0,0,0.0,0.6419094815733344,0.764562622444788,0.0,1.0,250,75.0
oracle_feasible,congested,109,75.0,250,34.333286909727235,51.64396998588925,73.38444780838097,74.63657775188997,34.333286909727235,0.0,0.8141811904907227,0.8141811904907227,225.0,0.9,900.0,0.0,0.0,0.0,0.036,1.0,1.0,0.036,0.0,0.0,0.0,0.0,96.39999999999999,3.5999999999999996,0.0,0.0,12,48.0,0.6439923098561626,0.764562622444788,0.036,1.0,250,75.0
local_only,lossy,100,75.0,250,32.90618080133572,45.22195500030648,53.2414129906101,57.1629999903962,32.90618080133572,0.0,0.8127137591838837,0.8127137591838837,0.0,0.0,0.0,0.0,0.0,0.0,0.0,0.0,0.0,0.0,0.0,0.0,0.0,0.0,100.0,0.0,0.0,0.0,0,0.0,0.6419094815733344,0.764562622444788,0.0,1.0,250,75.0
edge_only,lossy,100,75.0,250,74.4462117393296,116.54139501042661,126.58839398645794,129.7997000394389,74.4462117393296,0.272,0.8643664040565491,0.638122017621994,6250.0,25.0,25000.0,0.272,0.0,0.0,1.0,0.772,0.728,0.728,0.044,0.0,0.228,0.0,0.0,100.0,0.0,0.0,0,0.0,0.5281745007395642,0.5962779877588794,0.728,0.728,250,75.0
cloud_only,lossy,100,75.0,250,107.90618080133572,120.22195500030648,128.2414129906101,132.1629999903962,107.90618080133572,1.0,0.8127137591838837,0.0,8750.0,35.0,35000.0,1.0,0.0,0.0,1.0,0.784,0.0,0.0,0.784,0.0,0.216,0.0,0.0,100.0,0.0,0.0,0,0.0,0.0,0.0,0.0,0.0,250,75.0
dapper,lossy,100,75.0,250,32.90618080133572,45.22195500030648,53.2414129906101,57.1629999903962,32.90618080133572,0.0,0.8127137591838837,0.8127137591838837,0.0,0.0,0.0,0.0,0.0,0.0,0.0,0.0,0.0,0.0,0.0,0.0,0.0,0.0,100.0,0.0,0.0,0.0,0,0.0,0.6419094815733344,0.764562622444788,0.0,1.0,250,75.0
deadline_greedy,lossy,100,75.0,250,32.90618080133572,45.22195500030648,53.2414129906101,57.1629999903962,32.90618080133572,0.0,0.8127137591838837,0.8127137591838837,0.0,0.0,0.0,0.0,0.0,0.0,0.0,0.0,0.0,0.0,0.0,0.0,0.0,0.0,100.0,0.0,0.0,0.0,0,0.0,0.6419094815733344,0.764562622444788,0.0,1.0,250,75.0
confidence_deadline,lossy,100,75.0,250,32.90618080133572,45.22195500030648,53.2414129906101,57.1629999903962,32.90618080133572,0.0,0.8127137591838837,0.8127137591838837,0.0,0.0,0.0,0.0,0.0,0.0,0.0,0.0,0.0,0.0,0.0,0.0,0.0,0.0,100.0,0.0,0.0,0.0,0,0.0,0.6419094815733344,0.764562622444788,0.0,1.0,250,75.0
oracle_feasible,lossy,100,75.0,250,51.745077263428655,70.70836595912715,73.02601642308954,74.16871278140044,51.745077263428655,0.0,0.8696270146369934,0.8696270146369934,4075.0,16.3,16300.0,0.0,0.0,0.0,0.652,1.0,1.0,0.652,0.0,0.0,0.0,0.0,34.8,65.2,0.0,0.0,109,436.0,0.712581121198828,0.8014200855761365,0.652,1.0,250,75.0
local_only,lossy,101,75.0,250,32.90618080133572,45.22195500030648,53.2414129906101,57.1629999903962,32.90618080133572,0.0,0.8127137591838837,0.8127137591838837,0.0,0.0,0.0,0.0,0.0,0.0,0.0,0.0,0.0,0.0,0.0,0.0,0.0,0.0,100.0,0.0,0.0,0.0,0,0.0,0.6419094815733344,0.764562622444788,0.0,1.0,250,75.0
edge_only,lossy,101,75.0,250,72.19088879792305,113.8770550052868,126.34015997871755,129.7997000394389,72.19088879792305,0.256,0.8647648959159852,0.6579332566261291,6250.0,25.0,25000.0,0.256,0.0,0.0,1.0,0.796,0.744,0.744,0.052,0.0,0.204,0.0,0.0,100.0,0.0,0.0,0,0.0,0.5470105352866612,0.6216121193032021,0.744,0.744,250,75.0
cloud_only,lossy,101,75.0,250,107.90618080133572,120.22195500030648,128.2414129906101,132.1629999903962,107.90618080133572,1.0,0.8127137591838837,0.0,8750.0,35.0,35000.0,1.0,0.0,0.0,1.0,0.812,0.0,0.0,0.812,0.0,0.188,0.0,0.0,100.0,0.0,0.0,0,0.0,0.0,0.0,0.0,0.0,250,75.0
dapper,lossy,101,75.0,250,32.90618080133572,45.22195500030648,53.2414129906101,57.1629999903962,32.90618080133572,0.0,0.8127137591838837,0.8127137591838837,0.0,0.0,0.0,0.0,0.0,0.0,0.0,0.0,0.0,0.0,0.0,0.0,0.0,0.0,100.0,0.0,0.0,0.0,0,0.0,0.6419094815733344,0.764562622444788,0.0,1.0,250,75.0
deadline_greedy,lossy,101,75.0,250,32.90618080133572,45.22195500030648,53.2414129906101,57.1629999903962,32.90618080133572,0.0,0.8127137591838837,0.8127137591838837,0.0,0.0,0.0,0.0,0.0,0.0,0.0,0.0,0.0,0.0,0.0,0.0,0.0,0.0,100.0,0.0,0.0,0.0,0,0.0,0.6419094815733344,0.764562622444788,0.0,1.0,250,75.0
confidence_deadline,lossy,101,75.0,250,32.90618080133572,45.22195500030648,53.2414129906101,57.1629999903962,32.90618080133572,0.0,0.8127137591838837,0.8127137591838837,0.0,0.0,0.0,0.0,0.0,0.0,0.0,0.0,0.0,0.0,0.0,0.0,0.0,0.0,100.0,0.0,0.0,0.0,0,0.0,0.6419094815733344,0.764562622444788,0.0,1.0,250,75.0
oracle_feasible,lossy,101,75.0,250,50.46703509199649,68.02544220015352,72.64444665759251,73.35326941258296,50.46703509199649,0.0,0.870368175983429,0.870368175983429,4100.0,16.4,16400.0,0.0,0.0,0.0,0.656,1.0,1.0,0.656,0.0,0.0,0.0,0.0,34.4,65.60000000000001,0.0,0.0,102,408.0,0.7037630105062751,0.8045766070447599,0.656,1.0,250,75.0
local_only,lossy,102,75.0,250,32.90618080133572,45.22195500030648,53.2414129906101,57.1629999903962,32.90618080133572,0.0,0.8127137591838837,0.8127137591838837,0.0,0.0,0.0,0.0,0.0,0.0,0.0,0.0,0.0,0.0,0.0,0.0,0.0,0.0,100.0,0.0,0.0,0.0,0,0.0,0.6419094815733344,0.764562622444788,0.0,1.0,250,75.0
edge_only,lossy,102,75.0,250,70.88803988208642,117.40366501326207,126.34015997871755,129.7997000394389,70.88803988208642,0.208,0.8741720488071442,0.699111739397049,6250.0,25.0,25000.0,0.208,0.0,0.0,1.0,0.836,0.792,0.792,0.044,0.0,0.164,0.0,0.0,100.0,0.0,0.0,0,0.0,0.5874784924994383,0.6389873661370477,0.792,0.792,250,75.0
cloud_only,lossy,102,75.0,250,107.90618080133572,120.22195500030648,128.2414129906101,132.1629999903962,107.90618080133572,1.0,0.8127137591838837,0.0,8750.0,35.0,35000.0,1.0,0.0,0.0,1.0,0.804,0.0,0.0,0.804,0.0,0.196,0.0,0.0,100.0,0.0,0.0,0,0.0,0.0,0.0,0.0,0.0,250,75.0
dapper,lossy,102,75.0,250,32.90618080133572,45.22195500030648,53.2414129906101,57.1629999903962,32.90618080133572,0.0,0.8127137591838837,0.8127137591838837,0.0,0.0,0.0,0.0,0.0,0.0,0.0,0.0,0.0,0.0,0.0,0.0,0.0,0.0,100.0,0.0,0.0,0.0,0,0.0,0.6419094815733344,0.764562622444788,0.0,1.0,250,75.0
deadline_greedy,lossy,102,75.0,250,32.90618080133572,45.22195500030648,53.2414129906101,57.1629999903962,32.90618080133572,0.0,0.8127137591838837,0.8127137591838837,0.0,0.0,0.0,0.0,0.0,0.0,0.0,0.0,0.0,0.0,0.0,0.0,0.0,0.0,100.0,0.0,0.0,0.0,0,0.0,0.6419094815733344,0.764562622444788,0.0,1.0,250,75.0
confidence_deadline,lossy,102,75.0,250,32.90618080133572,45.22195500030648,53.2414129906101,57.1629999903962,32.90618080133572,0.0,0.8127137591838837,0.8127137591838837,0.0,0.0,0.0,0.0,0.0,0.0,0.0,0.0,0.0,0.0,0.0,0.0,0.0,0.0,100.0,0.0,0.0,0.0,0,0.0,0.6419094815733344,0.764562622444788,0.0,1.0,250,75.0
oracle_feasible,lossy,102,75.0,250,53.32276822150681,71.00128003204203,72.93317637226225,73.87184971116834,53.32276822150681,0.0,0.8780384130477905,0.8780384130477905,4475.0,17.9,17900.0,0.0,0.0,0.0,0.716,1.0,1.0,0.716,0.0,0.0,0.0,0.0,28.4,71.6,0.0,0.0,101,404.0,0.7155990548991146,0.8089167997607488,0.716,1.0,250,75.0
local_only,lossy,103,75.0,250,32.90618080133572,45.22195500030648,53.2414129906101,57.1629999903962,32.90618080133572,0.0,0.8127137591838837,0.8127137591838837,0.0,0.0,0.0,0.0,0.0,0.0,0.0,0.0,0.0,0.0,0.0,0.0,0.0,0.0,100.0,0.0,0.0,0.0,0,0.0,0.6419094815733344,0.764562622444788,0.0,1.0,250,75.0
edge_only,lossy,103,75.0,250,71.36187553278883,112.2325500327861,126.34015997871755,129.7997000394389,71.36187553278883,0.228,0.8693395222425461,0.6854440627098084,6250.0,25.0,25000.0,0.228,0.0,0.0,1.0,0.82,0.772,0.772,0.048,0.0,0.18,0.0,0.0,100.0,0.0,0.0,0,0.0,0.5707327344711246,0.6497196275062517,0.772,0.772,250,75.0
cloud_only,lossy,103,75.0,250,107.90618080133572,120.22195500030648,128.2414129906101,132.1629999903962,107.90618080133572,1.0,0.8127137591838837,0.0,8750.0,35.0,35000.0,1.0,0.0,0.0,1.0,0.832,0.0,0.0,0.832,0.0,0.168,0.0,0.0,100.0,0.0,0.0,0,0.0,0.0,0.0,0.0,0.0,250,75.0
dapper,lossy,103,75.0,250,32.90618080133572,45.22195500030648,53.2414129906101,57.1629999903962,32.90618080133572,0.0,0.8127137591838837,0.8127137591838837,0.0,0.0,0.0,0.0,0.0,0.0,0.0,0.0,0.0,0.0,0.0,0.0,0.0,0.0,100.0,0.0,0.0,0.0,0,0.0,0.6419094815733344,0.764562622444788,0.0,1.0,250,75.0
deadline_greedy,lossy,103,75.0,250,32.90618080133572,45.22195500030648,53.2414129906101,57.1629999903962,32.90618080133572,0.0,0.8127137591838837,0.8127137591838837,0.0,0.0,0.0,0.0,0.0,0.0,0.0,0.0,0.0,0.0,0.0,0.0,0.0,0.0,100.0,0.0,0.0,0.0,0,0.0,0.6419094815733344,0.764562622444788,0.0,1.0,250,75.0
confidence_deadline,lossy,103,75.0,250,32.90618080133572,45.22195500030648,53.2414129906101,57.1629999903962,32.90618080133572,0.0,0.8127137591838837,0.8127137591838837,0.0,0.0,0.0,0.0,0.0,0.0,0.0,0.0,0.0,0.0,0.0,0.0,0.0,0.0,100.0,0.0,0.0,0.0,0,0.0,0.6419094815733344,0.764562622444788,0.0,1.0,250,75.0
oracle_feasible,lossy,103,75.0,250,52.44921938647412,68.92816511874675,72.05814009442868,73.27915218816574,52.44921938647412,0.0,0.8748401221036911,0.8748401221036911,4375.0,17.5,17500.0,0.0,0.0,0.0,0.7,1.0,1.0,0.7,0.0,0.0,0.0,0.0,30.0,70.0,0.0,0.0,101,404.0,0.7171714354147,0.8079223059318602,0.7,1.0,250,75.0
local_only,lossy,104,75.0,250,32.90618080133572,45.22195500030648,53.2414129906101,57.1629999903962,32.90618080133572,0.0,0.8127137591838837,0.8127137591838837,0.0,0.0,0.0,0.0,0.0,0.0,0.0,0.0,0.0,0.0,0.0,0.0,0.0,0.0,100.0,0.0,0.0,0.0,0,0.0,0.6419094815733344,0.764562622444788,0.0,1.0,250,75.0
edge_only,lossy,104,75.0,250,73.06976409059946,117.14389998815021,126.34015997871755,129.7997000394389,73.06976409059946,0.264,0.8711887248754502,0.6473391561508178,6250.0,25.0,25000.0,0.264,0.0,0.0,1.0,0.776,0.736,0.736,0.04,0.0,0.224,0.0,0.0,100.0,0.0,0.0,0,0.0,0.532249828537922,0.6030754542697219,0.736,0.736,250,75.0
cloud_only,lossy,104,75.0,250,107.90618080133572,120.22195500030648,128.2414129906101,132.1629999903962,107.90618080133572,1.0,0.8127137591838837,0.0,8750.0,35.0,35000.0,1.0,0.0,0.0,1.0,0.8,0.0,0.0,0.8,0.0,0.2,0.0,0.0,100.0,0.0,0.0,0,0.0,0.0,0.0,0.0,0.0,250,75.0
dapper,lossy,104,75.0,250,32.90618080133572,45.22195500030648,53.2414129906101,57.1629999903962,32.90618080133572,0.0,0.8127137591838837,0.8127137591838837,0.0,0.0,0.0,0.0,0.0,0.0,0.0,0.0,0.0,0.0,0.0,0.0,0.0,0.0,100.0,0.0,0.0,0.0,0,0.0,0.6419094815733344,0.764562622444788,0.0,1.0,250,75.0
deadline_greedy,lossy,104,75.0,250,32.90618080133572,45.22195500030648,53.2414129906101,57.1629999903962,32.90618080133572,0.0,0.8127137591838837,0.8127137591838837,0.0,0.0,0.0,0.0,0.0,0.0,0.0,0.0,0.0,0.0,0.0,0.0,0.0,0.0,100.0,0.0,0.0,0.0,0,0.0,0.6419094815733344,0.764562622444788,0.0,1.0,250,75.0
confidence_deadline,lossy,104,75.0,250,32.90618080133572,45.22195500030648,53.2414129906101,57.1629999903962,32.90618080133572,0.0,0.8127137591838837,0.8127137591838837,0.0,0.0,0.0,0.0,0.0,0.0,0.0,0.0,0.0,0.0,0.0,0.0,0.0,0.0,100.0,0.0,0.0,0.0,0,0.0,0.6419094815733344,0.764562622444788,0.0,1.0,250,75.0
oracle_feasible,lossy,104,75.0,250,51.08228641102393,68.75697998494282,70.33694378849705,71.40689819218476,51.08228641102393,0.0,0.8738545778989791,0.8738545778989791,4075.0,16.3,16300.0,0.0,0.0,0.0,0.652,1.0,1.0,0.652,0.0,0.0,0.0,0.0,34.8,65.2,0.0,0.0,125,500.0,0.718271877501349,0.8129116902206075,0.652,1.0,250,75.0
local_only,lossy,105,75.0,250,32.90618080133572,45.22195500030648,53.2414129906101,57.1629999903962,32.90618080133572,0.0,0.8127137591838837,0.8127137591838837,0.0,0.0,0.0,0.0,0.0,0.0,0.0,0.0,0.0,0.0,0.0,0.0,0.0,0.0,100.0,0.0,0.0,0.0,0,0.0,0.6419094815733344,0.764562622444788,0.0,1.0,250,75.0
edge_only,lossy,105,75.0,250,71.3937436467282,117.54776499001309,126.58839398645794,129.7997000394389,71.3937436467282,0.236,0.8697717754840851,0.672954393863678,6250.0,25.0,25000.0,0.236,0.0,0.0,1.0,0.804,0.764,0.764,0.04,0.0,0.196,0.0,0.0,100.0,0.0,0.0,0,0.0,0.5643623989740219,0.5940863011722884,0.764,0.764,250,75.0
cloud_only,lossy,105,75.0,250,107.90618080133572,120.22195500030648,128.2414129906101,132.1629999903962,107.90618080133572,1.0,0.8127137591838837,0.0,8750.0,35.0,35000.0,1.0,0.0,0.0,1.0,0.768,0.0,0.0,0.768,0.0,0.232,0.0,0.0,100.0,0.0,0.0,0,0.0,0.0,0.0,0.0,0.0,250,75.0
dapper,lossy,105,75.0,250,32.90618080133572,45.22195500030648,53.2414129906101,57.1629999903962,32.90618080133572,0.0,0.8127137591838837,0.8127137591838837,0.0,0.0,0.0,0.0,0.0,0.0,0.0,0.0,0.0,0.0,0.0,0.0,0.0,0.0,100.0,0.0,0.0,0.0,0,0.0,0.6419094815733344,0.764562622444788,0.0,1.0,250,75.0
deadline_greedy,lossy,105,75.0,250,32.90618080133572,45.22195500030648,53.2414129906101,57.1629999903962,32.90618080133572,0.0,0.8127137591838837,0.8127137591838837,0.0,0.0,0.0,0.0,0.0,0.0,0.0,0.0,0.0,0.0,0.0,0.0,0.0,0.0,100.0,0.0,0.0,0.0,0,0.0,0.6419094815733344,0.764562622444788,0.0,1.0,250,75.0
confidence_deadline,lossy,105,75.0,250,32.90618080133572,45.22195500030648,53.2414129906101,57.1629999903962,32.90618080133572,0.0,0.8127137591838837,0.8127137591838837,0.0,0.0,0.0,0.0,0.0,0.0,0.0,0.0,0.0,0.0,0.0,0.0,0.0,0.0,100.0,0.0,0.0,0.0,0,0.0,0.6419094815733344,0.764562622444788,0.0,1.0,250,75.0
oracle_feasible,lossy,105,75.0,250,51.946006121376705,69.47497983522574,74.14290194282357,74.6529402421591,51.946006121376705,0.0,0.8744894018173218,0.8744894018173218,4325.0,17.3,17300.0,0.0,0.0,0.0,0.692,1.0,1.0,0.692,0.0,0.0,0.0,0.0,30.8,69.19999999999999,0.0,0.0,101,404.0,0.7199866555337742,0.8086741549321168,0.692,1.0,250,75.0
local_only,lossy,106,75.0,250,32.90618080133572,45.22195500030648,53.2414129906101,57.1629999903962,32.90618080133572,0.0,0.8127137591838837,0.8127137591838837,0.0,0.0,0.0,0.0,0.0,0.0,0.0,0.0,0.0,0.0,0.0,0.0,0.0,0.0,100.0,0.0,0.0,0.0,0,0.0,0.6419094815733344,0.764562622444788,0.0,1.0,250,75.0
edge_only,lossy,106,75.0,250,70.1101104310254,115.1220600149827,126.34015997871755,129.7997000394389,70.1101104310254,0.196,0.8762322347164154,0.7089527354240418,6250.0,25.0,25000.0,0.196,0.0,0.0,1.0,0.856,0.804,0.804,0.052,0.0,0.144,0.0,0.0,100.0,0.0,0.0,0,0.0,0.5899287380815376,0.6524342165265732,0.804,0.804,250,75.0
cloud_only,lossy,106,75.0,250,107.90618080133572,120.22195500030648,128.2414129906101,132.1629999903962,107.90618080133572,1.0,0.8127137591838837,0.0,8750.0,35.0,35000.0,1.0,0.0,0.0,1.0,0.82,0.0,0.0,0.82,0.0,0.18,0.0,0.0,100.0,0.0,0.0,0,0.0,0.0,0.0,0.0,0.0,250,75.0
dapper,lossy,106,75.0,250,32.90618080133572,45.22195500030648,53.2414129906101,57.1629999903962,32.90618080133572,0.0,0.8127137591838837,0.8127137591838837,0.0,0.0,0.0,0.0,0.0,0.0,0.0,0.0,0.0,0.0,0.0,0.0,0.0,0.0,100.0,0.0,0.0,0.0,0,0.0,0.6419094815733344,0.764562622444788,0.0,1.0,250,75.0
deadline_greedy,lossy,106,75.0,250,32.90618080133572,45.22195500030648,53.2414129906101,57.1629999903962,32.90618080133572,0.0,0.8127137591838837,0.8127137591838837,0.0,0.0,0.0,0.0,0.0,0.0,0.0,0.0,0.0,0.0,0.0,0.0,0.0,0.0,100.0,0.0,0.0,0.0,0,0.0,0.6419094815733344,0.764562622444788,0.0,1.0,250,75.0
confidence_deadline,lossy,106,75.0,250,32.90618080133572,45.22195500030648,53.2414129906101,57.1629999903962,32.90618080133572,0.0,0.8127137591838837,0.8127137591838837,0.0,0.0,0.0,0.0,0.0,0.0,0.0,0.0,0.0,0.0,0.0,0.0,0.0,0.0,100.0,0.0,0.0,0.0,0,0.0,0.6419094815733344,0.764562622444788,0.0,1.0,250,75.0
oracle_feasible,lossy,106,75.0,250,53.567882860100845,69.8815948394976,72.58008967910035,74.76805877536162,53.567882860100845,0.0,0.8804385256767273,0.8804385256767273,4550.0,18.2,18200.0,0.0,0.0,0.0,0.728,1.0,1.0,0.728,0.0,0.0,0.0,0.0,27.200000000000003,72.8,0.0,0.0,99,396.0,0.7205591394768464,0.8148744302406723,0.728,1.0,250,75.0
local_only,lossy,107,75.0,250,32.90618080133572,45.22195500030648,53.2414129906101,57.1629999903962,32.90618080133572,0.0,0.8127137591838837,0.8127137591838837,0.0,0.0,0.0,0.0,0.0,0.0,0.0,0.0,0.0,0.0,0.0,0.0,0.0,0.0,100.0,0.0,0.0,0.0,0,0.0,0.6419094815733344,0.764562622444788,0.0,1.0,250,75.0
edge_only,lossy,107,75.0,250,71.70751764127557,115.80643001652787,126.34015997871755,129.7997000394389,71.70751764127557,0.244,0.8660861049890518,0.6708308672904968,6250.0,25.0,25000.0,0.244,0.0,0.0,1.0,0.804,0.756,0.756,0.048,0.0,0.196,0.0,0.0,100.0,0.0,0.0,0,0.0,0.5652378304053357,0.6339621012391713,0.756,0.756,250,75.0
cloud_only,lossy,107,75.0,250,107.90618080133572,120.22195500030648,128.2414129906101,132.1629999903962,107.90618080133572,1.0,0.8127137591838837,0.0,8750.0,35.0,35000.0,1.0,0.0,0.0,1.0,0.776,0.0,0.0,0.776,0.0,0.224,0.0,0.0,100.0,0.0,0.0,0,0.0,0.0,0.0,0.0,0.0,250,75.0
dapper,lossy,107,75.0,250,32.90618080133572,45.22195500030648,53.2414129906101,57.1629999903962,32.90618080133572,0.0,0.8127137591838837,0.8127137591838837,0.0,0.0,0.0,0.0,0.0,0.0,0.0,0.0,0.0,0.0,0.0,0.0,0.0,0.0,100.0,0.0,0.0,0.0,0,0.0,0.6419094815733344,0.764562622444788,0.0,1.0,250,75.0
deadline_greedy,lossy,107,75.0,250,32.90618080133572,45.22195500030648,53.2414129906101,57.1629999903962,32.90618080133572,0.0,0.8127137591838837,0.8127137591838837,0.0,0.0,0.0,0.0,0.0,0.0,0.0,0.0,0.0,0.0,0.0,0.0,0.0,0.0,100.0,0.0,0.0,0.0,0,0.0,0.6419094815733344,0.764562622444788,0.0,1.0,250,75.0
confidence_deadline,lossy,107,75.0,250,32.90618080133572,45.22195500030648,53.2414129906101,57.1629999903962,32.90618080133572,0.0,0.8127137591838837,0.8127137591838837,0.0,0.0,0.0,0.0,0.0,0.0,0.0,0.0,0.0,0.0,0.0,0.0,0.0,0.0,100.0,0.0,0.0,0.0,0,0.0,0.6419094815733344,0.764562622444788,0.0,1.0,250,75.0
oracle_feasible,lossy,107,75.0,250,51.36762832215321,69.21255564291768,72.59568501592787,74.60524397571794,51.36762832215321,0.0,0.8717279576063156,0.8717279576063156,4200.0,16.8,16800.0,0.0,0.0,0.0,0.672,1.0,1.0,0.672,0.0,0.0,0.0,0.0,32.800000000000004,67.2,0.0,0.0,113,452.0,0.7115538399833115,0.8061053861213098,0.672,1.0,250,75.0
local_only,lossy,108,75.0,250,32.90618080133572,45.22195500030648,53.2414129906101,57.1629999903962,32.90618080133572,0.0,0.8127137591838837,0.8127137591838837,0.0,0.0,0.0,0.0,0.0,0.0,0.0,0.0,0.0,0.0,0.0,0.0,0.0,0.0,100.0,0.0,0.0,0.0,0,0.0,0.6419094815733344,0.764562622444788,0.0,1.0,250,75.0
edge_only,lossy,108,75.0,250,70.07255801223015,115.0042950088391,126.34015997871755,129.7997000394389,70.07255801223015,0.224,0.8751190301179886,0.6875934386253357,6250.0,25.0,25000.0,0.224,0.0,0.0,1.0,0.816,0.776,0.776,0.04,0.0,0.184,0.0,0.0,100.0,0.0,0.0,0,0.0,0.5620709296590232,0.6403663304141011,0.776,0.776,250,75.0
cloud_only,lossy,108,75.0,250,107.90618080133572,120.22195500030648,128.2414129906101,132.1629999903962,107.90618080133572,1.0,0.8127137591838837,0.0,8750.0,35.0,35000.0,1.0,0.0,0.0,1.0,0.748,0.0,0.0,0.748,0.0,0.252,0.0,0.0,100.0,0.0,0.0,0,0.0,0.0,0.0,0.0,0.0,250,75.0
dapper,lossy,108,75.0,250,32.90618080133572,45.22195500030648,53.2414129906101,57.1629999903962,32.90618080133572,0.0,0.8127137591838837,0.8127137591838837,0.0,0.0,0.0,0.0,0.0,0.0,0.0,0.0,0.0,0.0,0.0,0.0,0.0,0.0,100.0,0.0,0.0,0.0,0,0.0,0.6419094815733344,0.764562622444788,0.0,1.0,250,75.0
deadline_greedy,lossy,108,75.0,250,32.90618080133572,45.22195500030648,53.2414129906101,57.1629999903962,32.90618080133572,0.0,0.8127137591838837,0.8127137591838837,0.0,0.0,0.0,0.0,0.0,0.0,0.0,0.0,0.0,0.0,0.0,0.0,0.0,0.0,100.0,0.0,0.0,0.0,0,0.0,0.6419094815733344,0.764562622444788,0.0,1.0,250,75.0
confidence_deadline,lossy,108,75.0,250,32.90618080133572,45.22195500030648,53.2414129906101,57.1629999903962,32.90618080133572,0.0,0.8127137591838837,0.8127137591838837,0.0,0.0,0.0,0.0,0.0,0.0,0.0,0.0,0.0,0.0,0.0,0.0,0.0,0.0,100.0,0.0,0.0,0.0,0,0.0,0.6419094815733344,0.764562622444788,0.0,1.0,250,75.0
oracle_feasible,lossy,108,75.0,250,51.31673067916968,67.32872360577184,72.73599341970746,74.80409351816975,51.31673067916968,0.0,0.8776976147890091,0.8776976147890091,4350.0,17.4,17400.0,0.0,0.0,0.0,0.696,1.0,1.0,0.696,0.0,0.0,0.0,0.0,30.4,69.6,0.0,0.0,103,412.0,0.7110985119779835,0.8063336433559363,0.696,1.0,250,75.0
local_only,lossy,109,75.0,250,32.90618080133572,45.22195500030648,53.2414129906101,57.1629999903962,32.90618080133572,0.0,0.8127137591838837,0.8127137591838837,0.0,0.0,0.0,0.0,0.0,0.0,0.0,0.0,0.0,0.0,0.0,0.0,0.0,0.0,100.0,0.0,0.0,0.0,0,0.0,0.6419094815733344,0.764562622444788,0.0,1.0,250,75.0
edge_only,lossy,109,75.0,250,71.57009761594186,112.7275300124893,126.34015997871755,129.7997000394389,71.57009761594186,0.236,0.866107225060463,0.6754866364002228,6250.0,25.0,25000.0,0.236,0.0,0.0,1.0,0.8,0.764,0.764,0.036,0.0,0.2,0.0,0.0,100.0,0.0,0.0,0,0.0,0.5570527682237141,0.6251691249302713,0.764,0.764,250,75.0
cloud_only,lossy,109,75.0,250,107.90618080133572,120.22195500030648,128.2414129906101,132.1629999903962,107.90618080133572,1.0,0.8127137591838837,0.0,8750.0,35.0,35000.0,1.0,0.0,0.0,1.0,0.788,0.0,0.0,0.788,0.0,0.212,0.0,0.0,100.0,0.0,0.0,0,0.0,0.0,0.0,0.0,0.0,250,75.0
dapper,lossy,109,75.0,250,32.90618080133572,45.22195500030648,53.2414129906101,57.1629999903962,32.90618080133572,0.0,0.8127137591838837,0.8127137591838837,0.0,0.0,0.0,0.0,0.0,0.0,0.0,0.0,0.0,0.0,0.0,0.0,0.0,0.0,100.0,0.0,0.0,0.0,0,0.0,0.6419094815733344,0.764562622444788,0.0,1.0,250,75.0
deadline_greedy,lossy,109,75.0,250,32.90618080133572,45.22195500030648,53.2414129906101,57.1629999903962,32.90618080133572,0.0,0.8127137591838837,0.8127137591838837,0.0,0.0,0.0,0.0,0.0,0.0,0.0,0.0,0.0,0.0,0.0,0.0,0.0,0.0,100.0,0.0,0.0,0.0,0,0.0,0.6419094815733344,0.764562622444788,0.0,1.0,250,75.0
confidence_deadline,lossy,109,75.0,250,32.90618080133572,45.22195500030648,53.2414129906101,57.1629999903962,32.90618080133572,0.0,0.8127137591838837,0.8127137591838837,0.0,0.0,0.0,0.0,0.0,0.0,0.0,0.0,0.0,0.0,0.0,0.0,0.0,0.0,100.0,0.0,0.0,0.0,0,0.0,0.6419094815733344,0.764562622444788,0.0,1.0,250,75.0
oracle_feasible,lossy,109,75.0,250,51.722921926728745,72.15164005863451,74.06677647993011,74.85320398782315,51.722921926728745,0.0,0.8721383844614029,0.8721383844614029,4250.0,17.0,17000.0,0.0,0.0,0.0,0.68,1.0,1.0,0.68,0.0,0.0,0.0,0.0,32.0,68.0,0.0,0.0,101,404.0,0.7173533839034436,0.809727224297288,0.68,1.0,250,75.0
local_only,variable,100,75.0,250,32.90618080133572,45.22195500030648,53.2414129906101,57.1629999903962,32.90618080133572,0.0,0.8127137591838837,0.8127137591838837,0.0,0.0,0.0,0.0,0.0,0.0,0.0,0.0,0.0,0.0,0.0,0.0,0.0,0.0,100.0,0.0,0.0,0.0,0,0.0,0.6419094815733344,0.764562622444788,0.0,1.0,250,75.0
edge_only,variable,100,75.0,250,75.92251315871326,114.72354001889468,124.50521398568524,129.7997000394389,75.92251315871326,0.428,0.8423421198129654,0.49986036849021914,5100.0,20.4,20400.0,0.612,0.0,0.0,0.816,0.946078431372549,0.47549019607843135,0.388,0.47058823529411764,0.0,0.05392156862745098,0.184,0.0,100.0,0.0,0.0,0,0.0,0.4103146597744411,0.4473896149851564,0.388,0.572,250,75.0
cloud_only,variable,100,75.0,250,94.10618080133573,119.68340501480269,127.56060699757651,132.1629999903962,94.10618080133573,0.816,0.8127137591838837,0.1504857852458954,7140.0,28.56,28560.0,1.0,0.0,0.0,0.816,0.9215686274509803,0.0,0.0,0.9215686274509803,0.0,0.0784313725490196,0.184,0.0,100.0,0.0,0.0,0,0.0,0.11843280701955837,0.1599474658391856,0.0,0.184,250,75.0
dapper,variable,100,75.0,250,26.265527201017363,44.68340501480268,53.2414129906101,57.1629999903962,26.265527201017363,0.0,0.8075238120555878,0.8075238120555878,0.0,0.0,0.0,0.276,0.208,0.0,0.0,0.0,0.0,0.0,0.0,0.0,0.0,0.0,78.0,0.0,0.0,22.0,43,172.0,0.5096706010263402,0.5764545698462896,0.0,0.792,250,75.0
deadline_greedy,variable,100,75.0,250,32.90618080133572,45.22195500030648,53.2414129906101,57.1629999903962,32.90618080133572,0.0,0.8127137591838837,0.8127137591838837,0.0,0.0,0.0,0.0,0.0,0.0,0.0,0.0,0.0,0.0,0.0,0.0,0.0,0.0,100.0,0.0,0.0,0.0,0,0.0,0.6419094815733344,0.764562622444788,0.0,1.0,250,75.0
confidence_deadline,variable,100,75.0,250,32.90618080133572,45.22195500030648,53.2414129906101,57.1629999903962,32.90618080133572,0.0,0.8127137591838837,0.8127137591838837,0.0,0.0,0.0,0.0,0.0,0.0,0.0,0.0,0.0,0.0,0.0,0.0,0.0,0.0,100.0,0.0,0.0,0.0,0,0.0,0.6419094815733344,0.764562622444788,0.0,1.0,250,75.0
oracle_feasible,variable,100,75.0,250,42.75284023455058,72.02486618070849,74.4246312498197,74.95937862423439,42.75284023455058,0.0,0.843785259604454,0.843785259604454,2150.0,8.6,8600.0,0.0,0.0,0.0,0.344,1.0,1.0,0.344,0.0,0.0,0.0,0.0,65.60000000000001,34.4,0.0,0.0,74,296.0,0.6746925649387707,0.7814281878772324,0.344,1.0,250,75.0
local_only,variable,101,75.0,250,32.90618080133572,45.22195500030648,53.2414129906101,57.1629999903962,32.90618080133572,0.0,0.8127137591838837,0.8127137591838837,0.0,0.0,0.0,0.0,0.0,0.0,0.0,0.0,0.0,0.0,0.0,0.0,0.0,0.0,100.0,0.0,0.0,0.0,0,0.0,0.6419094815733344,0.764562622444788,0.0,1.0,250,75.0
edge_only,variable,101,75.0,250,64.22417303473273,109.41456000728064,124.50521398568524,127.26919997949153,64.22417303473273,0.276,0.8386801090240479,0.6048070477247238,3875.0,15.5,15500.0,0.656,0.0,0.0,0.62,0.9290322580645162,0.5548387096774193,0.344,0.3741935483870968,0.0,0.07096774193548387,0.38,0.0,100.0,0.0,0.0,0,0.0,0.4761904307675686,0.5405542440574288,0.344,0.724,250,75.0
cloud_only,variable,101,75.0,250,79.40618080133572,114.30777499626855,124.50521398568524,127.26919997949153,79.40618080133572,0.62,0.8127137591838837,0.3057265459299088,5425.0,21.7,21700.0,1.0,0.0,0.0,0.62,0.9354838709677419,0.0,0.0,0.9354838709677419,0.0,0.06451612903225806,0.38,0.0,100.0,0.0,0.0,0,0.0,0.2368438590649117,0.24492047230900735,0.0,0.38,250,75.0
dapper,variable,101,75.0,250,22.074832401767374,41.07002500677481,51.34015997871755,57.1629999903962,22.074832401767374,0.0,0.8230864115953446,0.8230864115953446,0.0,0.0,0.0,0.432,0.332,0.0,0.0,0.0,0.0,0.0,0.0,0.0,0.0,0.0,66.8,0.0,0.0,33.2,59,236.0,0.42958861355246636,0.5510631707287758,0.0,0.668,250,75.0
deadline_greedy,variable,101,75.0,250,32.90618080133572,45.22195500030648,53.2414129906101,57.1629999903962,32.90618080133572,0.0,0.8127137591838837,0.8127137591838837,0.0,0.0,0.0,0.0,0.0,0.0,0.0,0.0,0.0,0.0,0.0,0.0,0.0,0.0,100.0,0.0,0.0,0.0,0,0.0,0.6419094815733344,0.764562622444788,0.0,1.0,250,75.0
confidence_deadline,variable,101,75.0,250,32.90618080133572,45.22195500030648,53.2414129906101,57.1629999903962,32.90618080133572,0.0,0.8127137591838837,0.8127137591838837,0.0,0.0,0.0,0.0,0.0,0.0,0.0,0.0,0.0,0.0,0.0,0.0,0.0,0.0,100.0,0.0,0.0,0.0,0,0.0,0.6419094815733344,0.764562622444788,0.0,1.0,250,75.0
oracle_feasible,variable,101,75.0,250,42.21168868942649,70.82328540652186,73.78997859512437,74.18663880011727,42.21168868942649,0.0,0.8417438654899597,0.8417438654899597,1850.0,7.4,7400.0,0.0,0.0,0.0,0.296,1.0,1.0,0.296,0.0,0.0,0.0,0.0,70.39999999999999,29.599999999999998,0.0,0.0,62,248.0,0.677401392430864,0.7850034519620507,0.296,1.0,250,75.0
local_only,variable,102,75.0,250,32.90618080133572,45.22195500030648,53.2414129906101,57.1629999903962,32.90618080133572,0.0,0.8127137591838837,0.8127137591838837,0.0,0.0,0.0,0.0,0.0,0.0,0.0,0.0,0.0,0.0,0.0,0.0,0.0,0.0,100.0,0.0,0.0,0.0,0,0.0,0.6419094815733344,0.764562622444788,0.0,1.0,250,75.0
edge_only,variable,102,75.0,250,77.72244500580753,114.50973498867825,124.41559298778883,129.7997000394389,77.72244500580753,0.424,0.8436594080924987,0.5061068043708802,5475.0,21.9,21900.0,0.548,0.0,0.0,0.876,0.8949771689497716,0.5159817351598174,0.452,0.3789954337899543,0.0,0.1050228310502283,0.124,0.0,100.0,0.0,0.0,0,0.0,0.4169659346868806,0.4786164295718436,0.452,0.576,250,75.0
cloud_only,variable,102,75.0,250,98.60618080133573,118.95205503096804,127.56060699757651,132.1629999903962,98.60618080133573,0.876,0.8127137591838837,0.10327699708938598,7665.0,30.66,30660.0,1.0,0.0,0.0,0.876,0.9315068493150684,0.0,0.0,0.9315068493150684,0.0,0.0684931506849315,0.124,0.0,100.0,0.0,0.0,0,0.0,0.08738095238095238,0.11143774838042353,0.0,0.124,250,75.0
dapper,variable,102,75.0,250,27.371689601082355,43.60933501448015,52.560606997576514,57.1629999903962,27.371689601082355,0.0,0.8063397680521012,0.8063397680521012,0.0,0.0,0.0,0.2,0.172,0.0,0.0,0.0,0.0,0.0,0.0,0.0,0.0,0.0,82.39999999999999,0.0,0.0,17.599999999999998,40,160.0,0.5294809101447631,0.6331037592980269,0.0,0.828,250,75.0
deadline_greedy,variable,102,75.0,250,32.90618080133572,45.22195500030648,53.2414129906101,57.1629999903962,32.90618080133572,0.0,0.8127137591838837,0.8127137591838837,0.0,0.0,0.0,0.0,0.0,0.0,0.0,0.0,0.0,0.0,0.0,0.0,0.0,0.0,100.0,0.0,0.0,0.0,0,0.0,0.6419094815733344,0.764562622444788,0.0,1.0,250,75.0
confidence_deadline,variable,102,75.0,250,32.90618080133572,45.22195500030648,53.2414129906101,57.1629999903962,32.90618080133572,0.0,0.8127137591838837,0.8127137591838837,0.0,0.0,0.0,0.0,0.0,0.0,0.0,0.0,0.0,0.0,0.0,0.0,0.0,0.0,100.0,0.0,0.0,0.0,0,0.0,0.6419094815733344,0.764562622444788,0.0,1.0,250,75.0
oracle_feasible,variable,102,75.0,250,44.997566879282324,71.75287004457302,74.17763650998839,74.6948963131959,44.997566879282324,0.0,0.8458513083457947,0.8458513083457947,2625.0,10.5,10500.0,0.0,0.0,0.0,0.42,1.0,1.0,0.42,0.0,0.0,0.0,0.0,57.99999999999999,42.0,0.0,0.0,82,328.0,0.6854642027142624,0.7924031471005992,0.42,1.0,250,75.0
local_only,variable,103,75.0,250,32.90618080133572,45.22195500030648,53.2414129906101,57.1629999903962,32.90618080133572,0.0,0.8127137591838837,0.8127137591838837,0.0,0.0,0.0,0.0,0.0,0.0,0.0,0.0,0.0,0.0,0.0,0.0,0.0,0.0,100.0,0.0,0.0,0.0,0,0.0,0.6419094815733344,0.764562622444788,0.0,1.0,250,75.0
edge_only,variable,103,75.0,250,66.01653426136934,113.64116499025837,124.50521398568524,129.7997000394389,66.01653426136934,0.276,0.8381323066949844,0.6057297620773315,4100.0,16.4,16400.0,0.62,0.0,0.0,0.656,0.9451219512195121,0.5792682926829268,0.38,0.36585365853658536,0.0,0.054878048780487805,0.344,0.0,100.0,0.0,0.0,0,0.0,0.4872329046015094,0.5731656701401924,0.38,0.724,250,75.0
cloud_only,variable,103,75.0,250,82.10618080133573,115.84619503119028,124.50521398568524,129.7997000394389,82.10618080133573,0.656,0.8127137591838837,0.2775917303562164,5740.0,22.96,22960.0,1.0,0.0,0.0,0.656,0.9512195121951219,0.0,0.0,0.9512195121951219,0.0,0.04878048780487805,0.344,0.0,100.0,0.0,0.0,0,0.0,0.22546781057809137,0.24236016990794057,0.0,0.344,250,75.0
dapper,variable,103,75.0,250,23.415924001585694,41.07002500677481,49.505213985685245,57.1629999903962,23.415924001585694,0.0,0.795543180346489,0.795543180346489,0.0,0.0,0.0,0.396,0.292,0.0,0.0,0.0,0.0,0.0,0.0,0.0,0.0,0.0,70.39999999999999,0.0,0.0,29.599999999999998,60,240.0,0.44639144817914,0.5354752024338013,0.0,0.708,250,75.0
deadline_greedy,variable,103,75.0,250,32.90618080133572,45.22195500030648,53.2414129906101,57.1629999903962,32.90618080133572,0.0,0.8127137591838837,0.8127137591838837,0.0,0.0,0.0,0.0,0.0,0.0,0.0,0.0,0.0,0.0,0.0,0.0,0.0,0.0,100.0,0.0,0.0,0.0,0,0.0,0.6419094815733344,0.764562622444788,0.0,1.0,250,75.0
confidence_deadline,variable,103,75.0,250,32.90618080133572,45.22195500030648,53.2414129906101,57.1629999903962,32.90618080133572,0.0,0.8127137591838837,0.8127137591838837,0.0,0.0,0.0,0.0,0.0,0.0,0.0,0.0,0.0,0.0,0.0,0.0,0.0,0.0,100.0,0.0,0.0,0.0,0,0.0,0.6419094815733344,0.764562622444788,0.0,1.0,250,75.0
oracle_feasible,variable,103,75.0,250,43.434525283564795,72.46856099234287,74.19220795902002,74.9007516238849,43.434525283564795,0.0,0.8430092347860336,0.8430092347860336,2000.0,8.0,8000.0,0.0,0.0,0.0,0.32,1.0,1.0,0.32,0.0,0.0,0.0,0.0,68.0,32.0,0.0,0.0,62,248.0,0.6814675699990699,0.7939319261771492,0.32,1.0,250,75.0
local_only,variable,104,75.0,250,32.90618080133572,45.22195500030648,53.2414129906101,57.1629999903962,32.90618080133572,0.0,0.8127137591838837,0.8127137591838837,0.0,0.0,0.0,0.0,0.0,0.0,0.0,0.0,0.0,0.0,0.0,0.0,0.0,0.0,100.0,0.0,0.0,0.0,0,0.0,0.6419094815733344,0.764562622444788,0.0,1.0,250,75.0
edge_only,variable,104,75.0,250,78.44838231738906,116.52450000401585,128.2414129906101,132.1629999903962,78.44838231738906,0.46,0.8395362055301666,0.46496164274215696,5150.0,20.6,20600.0,0.636,0.0,0.0,0.824,0.9320388349514563,0.441747572815534,0.364,0.49029126213592233,0.0,0.06796116504854369,0.176,0.0,100.0,0.0,0.0,0,0.0,0.36309065190769146,0.42539164656999046,0.364,0.54,250,75.0
cloud_only,variable,104,75.0,250,94.70618080133572,119.00814002146944,128.2414129906101,132.1629999903962,94.70618080133572,0.824,0.8127137591838837,0.14146549010276793,7210.0,28.84,28840.0,1.0,0.0,0.0,0.824,0.941747572815534,0.0,0.0,0.941747572815534,0.0,0.05825242718446602,0.176,0.0,100.0,0.0,0.0,0,0.0,0.10604018342192885,0.15422178670586315,0.0,0.176,250,75.0
dapper,variable,104,75.0,250,26.705365200487897,43.95205503096804,51.588393986457945,54.7997000394389,26.79364773102706,0.0,0.8060763609409333,0.8072022907733917,25.0,0.1,100.0,0.24,0.192,0.0,0.004,1.0,1.0,0.004,0.0,0.0,0.0,0.0,80.0,0.0,0.4,19.6,44,176.0,0.5212287824579487,0.5961280315579679,0.004,0.808,250,75.0
deadline_greedy,variable,104,75.0,250,32.90618080133572,45.22195500030648,53.2414129906101,57.1629999903962,32.90618080133572,0.0,0.8127137591838837,0.8127137591838837,0.0,0.0,0.0,0.0,0.0,0.0,0.0,0.0,0.0,0.0,0.0,0.0,0.0,0.0,100.0,0.0,0.0,0.0,0,0.0,0.6419094815733344,0.764562622444788,0.0,1.0,250,75.0
confidence_deadline,variable,104,75.0,250,32.90618080133572,45.22195500030648,53.2414129906101,57.1629999903962,32.90618080133572,0.0,0.8127137591838837,0.8127137591838837,0.0,0.0,0.0,0.0,0.0,0.0,0.0,0.0,0.0,0.0,0.0,0.0,0.0,0.0,100.0,0.0,0.0,0.0,0,0.0,0.6419094815733344,0.764562622444788,0.0,1.0,250,75.0
oracle_feasible,variable,104,75.0,250,42.88223162792966,72.50344283103203,74.63794205265775,74.97683467674167,42.88223162792966,0.0,0.8405011215209961,0.8405011215209961,2025.0,8.1,8100.0,0.0,0.0,0.0,0.324,1.0,1.0,0.324,0.0,0.0,0.0,0.0,67.60000000000001,32.4,0.0,0.0,70,280.0,0.6672278648240706,0.7718563548977563,0.324,1.0,250,75.0
local_only,variable,105,75.0,250,32.90618080133572,45.22195500030648,53.2414129906101,57.1629999903962,32.90618080133572,0.0,0.8127137591838837,0.8127137591838837,0.0,0.0,0.0,0.0,0.0,0.0,0.0,0.0,0.0,0.0,0.0,0.0,0.0,0.0,100.0,0.0,0.0,0.0,0,0.0,0.6419094815733344,0.764562622444788,0.0,1.0,250,75.0
edge_only,variable,105,75.0,250,75.09175589287032,114.51555003295648,126.34015997871755,129.7997000394389,75.09175589287032,0.376,0.8513345478773117,0.5333674268722535,5425.0,21.7,21700.0,0.508,0.0,0.0,0.868,0.9723502304147466,0.5668202764976958,0.492,0.4055299539170507,0.0,0.027649769585253458,0.132,0.0,100.0,0.0,0.0,0,0.0,0.4469683931479597,0.49926167251008013,0.492,0.624,250,75.0
cloud_only,variable,105,75.0,250,98.00618080133572,119.00814002146944,128.2414129906101,132.1629999903962,98.00618080133572,0.868,0.8127137591838837,0.1068203730583191,7595.0,30.38,30380.0,1.0,0.0,0.0,0.868,0.9078341013824884,0.0,0.0,0.9078341013824884,0.0,0.09216589861751152,0.132,0.0,100.0,0.0,0.0,0,0.0,0.08597397047397047,0.10742233704017144,0.0,0.132,250,75.0
dapper,variable,105,75.0,250,27.452509599674492,43.95205503096804,53.2414129906101,57.1629999903962,27.58486984164489,0.0,0.8181845366954803,0.8192516787052154,50.0,0.2,200.0,0.208,0.168,0.0,0.008,1.0,1.0,0.008,0.0,0.0,0.0,0.0,82.39999999999999,0.0,0.8,16.8,41,164.0,0.5336785387216368,0.637493053655474,0.008,0.832,250,75.0
deadline_greedy,variable,105,75.0,250,32.90618080133572,45.22195500030648,53.2414129906101,57.1629999903962,32.90618080133572,0.0,0.8127137591838837,0.8127137591838837,0.0,0.0,0.0,0.0,0.0,0.0,0.0,0.0,0.0,0.0,0.0,0.0,0.0,0.0,100.0,0.0,0.0,0.0,0,0.0,0.6419094815733344,0.764562622444788,0.0,1.0,250,75.0
confidence_deadline,variable,105,75.0,250,32.90618080133572,45.22195500030648,53.2414129906101,57.1629999903962,32.90618080133572,0.0,0.8127137591838837,0.8127137591838837,0.0,0.0,0.0,0.0,0.0,0.0,0.0,0.0,0.0,0.0,0.0,0.0,0.0,0.0,100.0,0.0,0.0,0.0,0,0.0,0.6419094815733344,0.764562622444788,0.0,1.0,250,75.0
oracle_feasible,variable,105,75.0,250,45.80749129563049,71.74901153269693,74.37478292205844,74.61309528799768,45.80749129563049,0.0,0.8563869556188584,0.8563869556188584,2775.0,11.1,11100.0,0.0,0.0,0.0,0.444,1.0,1.0,0.444,0.0,0.0,0.0,0.0,55.60000000000001,44.4,0.0,0.0,66,264.0,0.6914915828054357,0.7913664626244243,0.444,1.0,250,75.0
local_only,variable,106,75.0,250,32.90618080133572,45.22195500030648,53.2414129906101,57.1629999903962,32.90618080133572,0.0,0.8127137591838837,0.8127137591838837,0.0,0.0,0.0,0.0,0.0,0.0,0.0,0.0,0.0,0.0,0.0,0.0,0.0,0.0,100.0,0.0,0.0,0.0,0,0.0,0.6419094815733344,0.764562622444788,0.0,1.0,250,75.0
edge_only,variable,106,75.0,250,80.28387313249004,118.38011500949503,128.2414129906101,132.1629999903962,80.28387313249004,0.428,0.8488447337150574,0.4989052505493164,5900.0,23.6,23600.0,0.484,0.0,0.0,0.944,0.940677966101695,0.5466101694915254,0.516,0.3940677966101695,0.0,0.059322033898305086,0.056,0.0,100.0,0.0,0.0,0,0.0,0.41937398118266295,0.5042001257765589,0.516,0.572,250,75.0
cloud_only,variable,106,75.0,250,103.70618080133572,120.22195500030648,128.2414129906101,132.1629999903962,103.70618080133572,0.944,0.8127137591838837,0.04511990284919739,8260.0,33.04,33040.0,1.0,0.0,0.0,0.944,0.940677966101695,0.0,0.0,0.940677966101695,0.0,0.059322033898305086,0.056,0.0,100.0,0.0,0.0,0,0.0,0.038945238095238095,0.0480177200718602,0.0,0.056,250,75.0
dapper,variable,106,75.0,250,29.590176000822336,42.961234989343204,51.588393986457945,57.1629999903962,29.62167742866519,0.0,0.8177062166929245,0.8182727686166763,50.0,0.2,200.0,0.108,0.096,0.0,0.008,0.5,0.5,0.004,0.0,0.0,0.5,0.0,89.2,0.0,0.8,10.0,28,112.0,0.5782078525006528,0.7106712643336847,0.004,0.904,250,75.0
deadline_greedy,variable,106,75.0,250,32.90618080133572,45.22195500030648,53.2414129906101,57.1629999903962,32.90618080133572,0.0,0.8127137591838837,0.8127137591838837,0.0,0.0,0.0,0.0,0.0,0.0,0.0,0.0,0.0,0.0,0.0,0.0,0.0,0.0,100.0,0.0,0.0,0.0,0,0.0,0.6419094815733344,0.764562622444788,0.0,1.0,250,75.0
confidence_deadline,variable,106,75.0,250,32.90618080133572,45.22195500030648,53.2414129906101,57.1629999903962,32.90618080133572,0.0,0.8127137591838837,0.8127137591838837,0.0,0.0,0.0,0.0,0.0,0.0,0.0,0.0,0.0,0.0,0.0,0.0,0.0,0.0,100.0,0.0,0.0,0.0,0,0.0,0.6419094815733344,0.764562622444788,0.0,1.0,250,75.0
oracle_feasible,variable,106,75.0,250,46.19155492492137,73.07338610230948,74.04285158797202,74.86274489021159,46.19155492492137,0.0,0.8520946004390717,0.8520946004390717,2800.0,11.2,11200.0,0.0,0.0,0.0,0.448,1.0,1.0,0.448,0.0,0.0,0.0,0.0,55.2,44.800000000000004,0.0,0.0,87,348.0,0.6925170868671465,0.7995722518811691,0.448,1.0,250,75.0
local_only,variable,107,75.0,250,32.90618080133572,45.22195500030648,53.2414129906101,57.1629999903962,32.90618080133572,0.0,0.8127137591838837,0.8127137591838837,0.0,0.0,0.0,0.0,0.0,0.0,0.0,0.0,0.0,0.0,0.0,0.0,0.0,0.0,100.0,0.0,0.0,0.0,0,0.0,0.6419094815733344,0.764562622444788,0.0,1.0,250,75.0
edge_only,variable,107,75.0,250,71.6714723687554,116.52450000401585,127.56060699757651,132.1629999903962,71.6714723687554,0.368,0.8494164628982543,0.5516452330350876,4825.0,19.3,19300.0,0.596,0.0,0.0,0.772,0.9689119170984456,0.5233160621761658,0.404,0.44559585492227977,0.0,0.031088082901554404,0.228,0.0,100.0,0.0,0.0,0,0.0,0.4526138524118691,0.5305548838988329,0.404,0.632,250,75.0
cloud_only,variable,107,75.0,250,90.80618080133573,119.68340501480269,127.56060699757651,132.1629999903962,90.80618080133573,0.772,0.8127137591838837,0.18931275951862336,6755.0,27.02,27020.0,1.0,0.0,0.0,0.772,0.9326424870466321,0.0,0.0,0.9326424870466321,0.0,0.06735751295336788,0.228,0.0,100.0,0.0,0.0,0,0.0,0.1576276729379537,0.2127128002924181,0.0,0.228,250,75.0
dapper,variable,107,75.0,250,25.79039320198074,44.008140021469444,52.31237298983611,57.1629999903962,25.798235163400292,0.0,0.8249306293725968,0.8253900672197342,25.0,0.1,100.0,0.292,0.228,0.0,0.004,1.0,1.0,0.004,0.0,0.0,0.0,0.0,76.0,0.0,0.4,23.599999999999998,51,204.0,0.49462952105368135,0.5783891002840047,0.004,0.772,250,75.0
deadline_greedy,variable,107,75.0,250,32.90618080133572,45.22195500030648,53.2414129906101,57.1629999903962,32.90618080133572,0.0,0.8127137591838837,0.8127137591838837,0.0,0.0,0.0,0.0,0.0,0.0,0.0,0.0,0.0,0.0,0.0,0.0,0.0,0.0,100.0,0.0,0.0,0.0,0,0.0,0.6419094815733344,0.764562622444788,0.0,1.0,250,75.0
confidence_deadline,variable,107,75.0,250,32.90618080133572,45.22195500030648,53.2414129906101,57.1629999903962,32.90618080133572,0.0,0.8127137591838837,0.8127137591838837,0.0,0.0,0.0,0.0,0.0,0.0,0.0,0.0,0.0,0.0,0.0,0.0,0.0,0.0,100.0,0.0,0.0,0.0,0,0.0,0.6419094815733344,0.764562622444788,0.0,1.0,250,75.0
oracle_feasible,variable,107,75.0,250,43.08185772090101,71.71700364286271,74.24953101494168,74.90527299019173,43.08185772090101,0.0,0.8499118211269379,0.8499118211269379,2275.0,9.1,9100.0,0.0,0.0,0.0,0.364,1.0,1.0,0.364,0.0,0.0,0.0,0.0,63.6,36.4,0.0,0.0,72,288.0,0.6820602828417828,0.7893403394199572,0.364,1.0,250,75.0
local_only,variable,108,75.0,250,32.90618080133572,45.22195500030648,53.2414129906101,57.1629999903962,32.90618080133572,0.0,0.8127137591838837,0.8127137591838837,0.0,0.0,0.0,0.0,0.0,0.0,0.0,0.0,0.0,0.0,0.0,0.0,0.0,0.0,100.0,0.0,0.0,0.0,0,0.0,0.6419094815733344,0.764562622444788,0.0,1.0,250,75.0
edge_only,variable,108,75.0,250,72.28658088716858,113.83820500050206,126.34015997871755,129.7997000394389,72.28658088716858,0.332,0.8463466490507126,0.5731354883909225,5425.0,21.7,21700.0,0.464,0.0,0.0,0.868,0.9400921658986175,0.6175115207373272,0.536,0.3225806451612903,0.0,0.059907834101382486,0.132,0.0,100.0,0.0,0.0,0,0.0,0.4659912157173417,0.5143262257911939,0.536,0.668,250,75.0
cloud_only,variable,108,75.0,250,98.00618080133572,119.68340501480269,126.58839398645794,129.7997000394389,98.00618080133572,0.868,0.8127137591838837,0.10346765124797822,7595.0,30.38,30380.0,1.0,0.0,0.0,0.868,0.9354838709677419,0.0,0.0,0.9354838709677419,0.0,0.06451612903225806,0.132,0.0,100.0,0.0,0.0,0,0.0,0.07518782883782885,0.05916885662108593,0.0,0.132,250,75.0
dapper,variable,108,75.0,250,28.344704000890253,44.68340501480268,51.588393986457945,54.7997000394389,28.391466704554727,0.0,0.8255020127296447,0.827889663696289,50.0,0.2,200.0,0.188,0.144,0.0,0.008,1.0,1.0,0.008,0.0,0.0,0.0,0.0,84.0,0.0,0.8,15.2,35,140.0,0.5604179897318424,0.7105009728417372,0.008,0.856,250,75.0
deadline_greedy,variable,108,75.0,250,32.90618080133572,45.22195500030648,53.2414129906101,57.1629999903962,32.90618080133572,0.0,0.8127137591838837,0.8127137591838837,0.0,0.0,0.0,0.0,0.0,0.0,0.0,0.0,0.0,0.0,0.0,0.0,0.0,0.0,100.0,0.0,0.0,0.0,0,0.0,0.6419094815733344,0.764562622444788,0.0,1.0,250,75.0
confidence_deadline,variable,108,75.0,250,32.90618080133572,45.22195500030648,53.2414129906101,57.1629999903962,32.90618080133572,0.0,0.8127137591838837,0.8127137591838837,0.0,0.0,0.0,0.0,0.0,0.0,0.0,0.0,0.0,0.0,0.0,0.0,0.0,0.0,100.0,0.0,0.0,0.0,0,0.0,0.6419094815733344,0.764562622444788,0.0,1.0,250,75.0
oracle_feasible,variable,108,75.0,250,46.03305943357125,72.39849225812156,74.04330022459912,74.62496938769505,46.03305943357125,0.0,0.8506011556386948,0.8506011556386948,2975.0,11.9,11900.0,0.0,0.0,0.0,0.476,1.0,1.0,0.476,0.0,0.0,0.0,0.0,52.400000000000006,47.599999999999994,0.0,0.0,72,288.0,0.6921527263459909,0.7895247091903144,0.476,1.0,250,75.0
local_only,variable,109,75.0,250,32.90618080133572,45.22195500030648,53.2414129906101,57.1629999903962,32.90618080133572,0.0,0.8127137591838837,0.8127137591838837,0.0,0.0,0.0,0.0,0.0,0.0,0.0,0.0,0.0,0.0,0.0,0.0,0.0,0.0,100.0,0.0,0.0,0.0,0,0.0,0.6419094815733344,0.764562622444788,0.0,1.0,250,75.0
edge_only,variable,109,75.0,250,75.08306688984894,115.1220600149827,128.2414129906101,132.1629999903962,75.08306688984894,0.392,0.8473082369565964,0.5243166494369507,5075.0,20.3,20300.0,0.58,0.0,0.0,0.812,0.9261083743842364,0.5172413793103449,0.42,0.4088669950738916,0.0,0.07389162561576355,0.188,0.0,100.0,0.0,0.0,0,0.0,0.43315797464343525,0.483436079136716,0.42,0.608,250,75.0
cloud_only,variable,109,75.0,250,93.80618080133573,119.00814002146944,128.2414129906101,132.1629999903962,93.80618080133573,0.812,0.8127137591838837,0.14859870195388794,7105.0,28.42,28420.0,1.0,0.0,0.0,0.812,0.916256157635468,0.0,0.0,0.916256157635468,0.0,0.08374384236453201,0.188,0.0,100.0,0.0,0.0,0,0.0,0.12154174871250344,0.1330334209315101,0.0,0.188,250,75.0
dapper,variable,109,75.0,250,26.848652801247315,44.008140021469444,53.2414129906101,57.1629999903962,26.848652801247315,0.0,0.8136212747097016,0.8136212747097016,0.0,0.0,0.0,0.248,0.196,0.0,0.0,0.0,0.0,0.0,0.0,0.0,0.0,0.0,80.0,0.0,0.0,20.0,46,184.0,0.5200368227747484,0.6178308510314879,0.0,0.804,250,75.0
deadline_greedy,variable,109,75.0,250,32.90618080133572,45.22195500030648,53.2414129906101,57.1629999903962,32.90618080133572,0.0,0.8127137591838837,0.8127137591838837,0.0,0.0,0.0,0.0,0.0,0.0,0.0,0.0,0.0,0.0,0.0,0.0,0.0,0.0,100.0,0.0,0.0,0.0,0,0.0,0.6419094815733344,0.764562622444788,0.0,1.0,250,75.0
confidence_deadline,variable,109,75.0,250,32.90618080133572,45.22195500030648,53.2414129906101,57.1629999903962,32.90618080133572,0.0,0.8127137591838837,0.8127137591838837,0.0,0.0,0.0,0.0,0.0,0.0,0.0,0.0,0.0,0.0,0.0,0.0,0.0,0.0,100.0,0.0,0.0,0.0,0,0.0,0.6419094815733344,0.764562622444788,0.0,1.0,250,75.0
oracle_feasible,variable,109,75.0,250,44.76775020133455,72.57944701124009,74.16251839795879,74.82644986853407,44.76775020133455,0.0,0.8485643562078476,0.8485643562078476,2400.0,9.6,9600.0,0.0,0.0,0.0,0.384,1.0,1.0,0.384,0.0,0.0,0.0,0.0,61.6,38.4,0.0,0.0,73,292.0,0.6762178313934489,0.7847966347170168,0.384,1.0,250,75.0
local_only,outage,100,75.0,250,32.90618080133572,45.22195500030648,53.2414129906101,57.1629999903962,32.90618080133572,0.0,0.8127137591838837,0.8127137591838837,0.0,0.0,0.0,0.0,0.0,0.0,0.0,0.0,0.0,0.0,0.0,0.0,0.0,0.0,100.0,0.0,0.0,0.0,0,0.0,0.6419094815733344,0.764562622444788,0.0,1.0,250,75.0
edge_only,outage,100,75.0,250,42.506180801335724,106.3144149724394,112.10188100812955,122.62039997149259,42.506180801335724,0.128,0.8127137591838837,0.7075206322669982,800.0,3.2,3200.0,1.0,0.0,0.0,0.128,0.625,0.0,0.0,0.625,0.0,0.375,0.872,0.0,100.0,0.0,0.0,0,0.0,0.5564287212188781,0.6682225152766554,0.0,0.872,250,75.0
cloud_only,outage,100,75.0,250,42.506180801335724,106.3144149724394,112.10188100812955,122.62039997149259,42.506180801335724,0.128,0.8127137591838837,0.7075206322669982,1120.0,4.48,4480.0,1.0,0.0,0.0,0.128,0.71875,0.0,0.0,0.71875,0.0,0.28125,0.872,0.0,100.0,0.0,0.0,0,0.0,0.5564287212188781,0.6682225152766554,0.0,0.872,250,75.0
dapper,outage,100,75.0,250,10.87500799983181,36.73759000375866,47.20997200522104,57.1629999903962,10.87500799983181,0.0,0.7993763390779495,0.7993763390779495,0.0,0.0,0.0,1.0,0.696,0.0,0.0,0.0,0.0,0.0,0.0,0.0,0.0,0.0,27.200000000000003,0.0,0.0,72.8,108,432.0,0.18874000999000998,0.21123078089638597,0.0,0.304,250,75.0
deadline_greedy,outage,100,75.0,250,32.90618080133572,45.22195500030648,53.2414129906101,57.1629999903962,32.90618080133572,0.0,0.8127137591838837,0.8127137591838837,0.0,0.0,0.0,0.0,0.0,0.0,0.0,0.0,0.0,0.0,0.0,0.0,0.0,0.0,100.0,0.0,0.0,0.0,0,0.0,0.6419094815733344,0.764562622444788,0.0,1.0,250,75.0
confidence_deadline,outage,100,75.0,250,32.90618080133572,45.22195500030648,53.2414129906101,57.1629999903962,32.90618080133572,0.0,0.8127137591838837,0.8127137591838837,0.0,0.0,0.0,0.0,0.0,0.0,0.0,0.0,0.0,0.0,0.0,0.0,0.0,0.0,100.0,0.0,0.0,0.0,0,0.0,0.6419094815733344,0.764562622444788,0.0,1.0,250,75.0
oracle_feasible,outage,100,75.0,250,32.90618080133572,45.22195500030648,53.2414129906101,57.1629999903962,32.90618080133572,0.0,0.8127137591838837,0.8127137591838837,0.0,0.0,0.0,0.0,0.0,0.0,0.0,0.0,0.0,0.0,0.0,0.0,0.0,0.0,100.0,0.0,0.0,0.0,0,0.0,0.6419094815733344,0.764562622444788,0.0,1.0,250,75.0
local_only,outage,101,75.0,250,32.90618080133572,45.22195500030648,53.2414129906101,57.1629999903962,32.90618080133572,0.0,0.8127137591838837,0.8127137591838837,0.0,0.0,0.0,0.0,0.0,0.0,0.0,0.0,0.0,0.0,0.0,0.0,0.0,0.0,100.0,0.0,0.0,0.0,0,0.0,0.6419094815733344,0.764562622444788,0.0,1.0,250,75.0
edge_only,outage,101,75.0,250,44.90618080133572,106.97217999841087,114.50574101239906,127.26919997949153,44.90618080133572,0.16,0.8127137591838837,0.6826283323764801,1000.0,4.0,4000.0,1.0,0.0,0.0,0.16,0.6,0.0,0.0,0.6,0.0,0.4,0.84,0.0,100.0,0.0,0.0,0,0.0,0.5365151304995716,0.6170486714276523,0.0,0.84,250,75.0
cloud_only,outage,101,75.0,250,44.90618080133572,106.97217999841087,114.50574101239906,127.26919997949153,44.90618080133572,0.16,0.8127137591838837,0.6826283323764801,1400.0,5.6,5600.0,1.0,0.0,0.0,0.16,0.7,0.0,0.0,0.7,0.0,0.3,0.84,0.0,100.0,0.0,0.0,0,0.0,0.5365151304995716,0.6170486714276523,0.0,0.84,250,75.0
dapper,outage,101,75.0,250,10.87500799983181,36.73759000375866,47.20997200522104,57.1629999903962,10.87500799983181,0.0,0.7993763390779495,0.7993763390779495,0.0,0.0,0.0,1.0,0.696,0.0,0.0,0.0,0.0,0.0,0.0,0.0,0.0,0.0,26.0,0.0,0.0,74.0,100,400.0,0.18874000999000998,0.21123078089638597,0.0,0.304,250,75.0
deadline_greedy,outage,101,75.0,250,32.90618080133572,45.22195500030648,53.2414129906101,57.1629999903962,32.90618080133572,0.0,0.8127137591838837,0.8127137591838837,0.0,0.0,0.0,0.0,0.0,0.0,0.0,0.0,0.0,0.0,0.0,0.0,0.0,0.0,100.0,0.0,0.0,0.0,0,0.0,0.6419094815733344,0.764562622444788,0.0,1.0,250,75.0
confidence_deadline,outage,101,75.0,250,32.90618080133572,45.22195500030648,53.2414129906101,57.1629999903962,32.90618080133572,0.0,0.8127137591838837,0.8127137591838837,0.0,0.0,0.0,0.0,0.0,0.0,0.0,0.0,0.0,0.0,0.0,0.0,0.0,0.0,100.0,0.0,0.0,0.0,0,0.0,0.6419094815733344,0.764562622444788,0.0,1.0,250,75.0
oracle_feasible,outage,101,75.0,250,32.90618080133572,45.22195500030648,53.2414129906101,57.1629999903962,32.90618080133572,0.0,0.8127137591838837,0.8127137591838837,0.0,0.0,0.0,0.0,0.0,0.0,0.0,0.0,0.0,0.0,0.0,0.0,0.0,0.0,100.0,0.0,0.0,0.0,0,0.0,0.6419094815733344,0.764562622444788,0.0,1.0,250,75.0
local_only,outage,102,75.0,250,32.90618080133572,45.22195500030648,53.2414129906101,57.1629999903962,32.90618080133572,0.0,0.8127137591838837,0.8127137591838837,0.0,0.0,0.0,0.0,0.0,0.0,0.0,0.0,0.0,0.0,0.0,0.0,0.0,0.0,100.0,0.0,0.0,0.0,0,0.0,0.6419094815733344,0.764562622444788,0.0,1.0,250,75.0
edge_only,outage,102,75.0,250,45.20618080133572,107.63365502061788,119.86944601754657,129.7997000394389,45.20618080133572,0.164,0.8127137591838837,0.6701565253734588,1025.0,4.1,4100.0,1.0,0.0,0.0,0.164,0.6829268292682927,0.0,0.0,0.6829268292682927,0.0,0.3170731707317073,0.836,0.0,100.0,0.0,0.0,0,0.0,0.5370453875146581,0.6674766935117253,0.0,0.836,250,75.0
cloud_only,outage,102,75.0,250,45.20618080133572,107.63365502061788,119.86944601754657,129.7997000394389,45.20618080133572,0.164,0.8127137591838837,0.6701565253734588,1435.0,5.74,5740.0,1.0,0.0,0.0,0.164,0.7073170731707317,0.0,0.0,0.7073170731707317,0.0,0.2926829268292683,0.836,0.0,100.0,0.0,0.0,0,0.0,0.5370453875146581,0.6674766935117253,0.0,0.836,250,75.0
dapper,outage,102,75.0,250,10.87500799983181,36.73759000375866,47.20997200522104,57.1629999903962,10.87500799983181,0.0,0.7993763390779495,0.7993763390779495,0.0,0.0,0.0,1.0,0.696,0.0,0.0,0.0,0.0,0.0,0.0,0.0,0.0,0.0,26.400000000000002,0.0,0.0,73.6,102,408.0,0.18874000999000998,0.21123078089638597,0.0,0.304,250,75.0
deadline_greedy,outage,102,75.0,250,32.90618080133572,45.22195500030648,53.2414129906101,57.1629999903962,32.90618080133572,0.0,0.8127137591838837,0.8127137591838837,0.0,0.0,0.0,0.0,0.0,0.0,0.0,0.0,0.0,0.0,0.0,0.0,0.0,0.0,100.0,0.0,0.0,0.0,0,0.0,0.6419094815733344,0.764562622444788,0.0,1.0,250,75.0
confidence_deadline,outage,102,75.0,250,32.90618080133572,45.22195500030648,53.2414129906101,57.1629999903962,32.90618080133572,0.0,0.8127137591838837,0.8127137591838837,0.0,0.0,0.0,0.0,0.0,0.0,0.0,0.0,0.0,0.0,0.0,0.0,0.0,0.0,100.0,0.0,0.0,0.0,0,0.0,0.6419094815733344,0.764562622444788,0.0,1.0,250,75.0
oracle_feasible,outage,102,75.0,250,32.90618080133572,45.22195500030648,53.2414129906101,57.1629999903962,32.90618080133572,0.0,0.8127137591838837,0.8127137591838837,0.0,0.0,0.0,0.0,0.0,0.0,0.0,0.0,0.0,0.0,0.0,0.0,0.0,0.0,100.0,0.0,0.0,0.0,0,0.0,0.6419094815733344,0.764562622444788,0.0,1.0,250,75.0
local_only,outage,103,75.0,250,32.90618080133572,45.22195500030648,53.2414129906101,57.1629999903962,32.90618080133572,0.0,0.8127137591838837,0.8127137591838837,0.0,0.0,0.0,0.0,0.0,0.0,0.0,0.0,0.0,0.0,0.0,0.0,0.0,0.0,100.0,0.0,0.0,0.0,0,0.0,0.6419094815733344,0.764562622444788,0.0,1.0,250,75.0
edge_only,outage,103,75.0,250,41.006180801335724,106.89238499326164,111.96795298659706,118.18159999093041,41.006180801335724,0.108,0.8127137591838837,0.7201171946525574,675.0,2.7,2700.0,1.0,0.0,0.0,0.108,0.7407407407407407,0.0,0.0,0.7407407407407407,0.0,0.25925925925925924,0.892,0.0,100.0,0.0,0.0,0,0.0,0.5691060151667603,0.6679451740757473,0.0,0.892,250,75.0
cloud_only,outage,103,75.0,250,41.006180801335724,106.89238499326164,111.96795298659706,118.18159999093041,41.006180801335724,0.108,0.8127137591838837,0.7201171946525574,945.0,3.78,3780.0,1.0,0.0,0.0,0.108,0.5925925925925926,0.0,0.0,0.5925925925925926,0.0,0.4074074074074074,0.892,0.0,100.0,0.0,0.0,0,0.0,0.5691060151667603,0.6679451740757473,0.0,0.892,250,75.0
dapper,outage,103,75.0,250,10.87500799983181,36.73759000375866,47.20997200522104,57.1629999903962,10.87500799983181,0.0,0.7993763390779495,0.7993763390779495,0.0,0.0,0.0,1.0,0.696,0.0,0.0,0.0,0.0,0.0,0.0,0.0,0.0,0.0,26.8,0.0,0.0,73.2,102,408.0,0.18874000999000998,0.21123078089638597,0.0,0.304,250,75.0
deadline_greedy,outage,103,75.0,250,32.90618080133572,45.22195500030648,53.2414129906101,57.1629999903962,32.90618080133572,0.0,0.8127137591838837,0.8127137591838837,0.0,0.0,0.0,0.0,0.0,0.0,0.0,0.0,0.0,0.0,0.0,0.0,0.0,0.0,100.0,0.0,0.0,0.0,0,0.0,0.6419094815733344,0.764562622444788,0.0,1.0,250,75.0
confidence_deadline,outage,103,75.0,250,32.90618080133572,45.22195500030648,53.2414129906101,57.1629999903962,32.90618080133572,0.0,0.8127137591838837,0.8127137591838837,0.0,0.0,0.0,0.0,0.0,0.0,0.0,0.0,0.0,0.0,0.0,0.0,0.0,0.0,100.0,0.0,0.0,0.0,0,0.0,0.6419094815733344,0.764562622444788,0.0,1.0,250,75.0
oracle_feasible,outage,103,75.0,250,32.90618080133572,45.22195500030648,53.2414129906101,57.1629999903962,32.90618080133572,0.0,0.8127137591838837,0.8127137591838837,0.0,0.0,0.0,0.0,0.0,0.0,0.0,0.0,0.0,0.0,0.0,0.0,0.0,0.0,100.0,0.0,0.0,0.0,0,0.0,0.6419094815733344,0.764562622444788,0.0,1.0,250,75.0
local_only,outage,104,75.0,250,32.90618080133572,45.22195500030648,53.2414129906101,57.1629999903962,32.90618080133572,0.0,0.8127137591838837,0.8127137591838837,0.0,0.0,0.0,0.0,0.0,0.0,0.0,0.0,0.0,0.0,0.0,0.0,0.0,0.0,100.0,0.0,0.0,0.0,0,0.0,0.6419094815733344,0.764562622444788,0.0,1.0,250,75.0
edge_only,outage,104,75.0,250,41.90618080133572,108.38637503620703,117.94164698920213,129.7997000394389,41.90618080133572,0.12,0.8127137591838837,0.7121465995311737,750.0,3.0,3000.0,1.0,0.0,0.0,0.12,0.5333333333333333,0.0,0.0,0.5333333333333333,0.0,0.4666666666666667,0.88,0.0,100.0,0.0,0.0,0,0.0,0.5619519022417612,0.6878518597467642,0.0,0.88,250,75.0
cloud_only,outage,104,75.0,250,41.90618080133572,108.38637503620703,117.94164698920213,129.7997000394389,41.90618080133572,0.12,0.8127137591838837,0.7121465995311737,1050.0,4.2,4200.0,1.0,0.0,0.0,0.12,0.7666666666666667,0.0,0.0,0.7666666666666667,0.0,0.23333333333333334,0.88,0.0,100.0,0.0,0.0,0,0.0,0.5619519022417612,0.6878518597467642,0.0,0.88,250,75.0
dapper,outage,104,75.0,250,10.87500799983181,36.73759000375866,47.20997200522104,57.1629999903962,10.87500799983181,0.0,0.7993763390779495,0.7993763390779495,0.0,0.0,0.0,1.0,0.696,0.0,0.0,0.0,0.0,0.0,0.0,0.0,0.0,0.0,27.6,0.0,0.0,72.39999999999999,106,424.0,0.18874000999000998,0.21123078089638597,0.0,0.304,250,75.0
deadline_greedy,outage,104,75.0,250,32.90618080133572,45.22195500030648,53.2414129906101,57.1629999903962,32.90618080133572,0.0,0.8127137591838837,0.8127137591838837,0.0,0.0,0.0,0.0,0.0,0.0,0.0,0.0,0.0,0.0,0.0,0.0,0.0,0.0,100.0,0.0,0.0,0.0,0,0.0,0.6419094815733344,0.764562622444788,0.0,1.0,250,75.0
confidence_deadline,outage,104,75.0,250,32.90618080133572,45.22195500030648,53.2414129906101,57.1629999903962,32.90618080133572,0.0,0.8127137591838837,0.8127137591838837,0.0,0.0,0.0,0.0,0.0,0.0,0.0,0.0,0.0,0.0,0.0,0.0,0.0,0.0,100.0,0.0,0.0,0.0,0,0.0,0.6419094815733344,0.764562622444788,0.0,1.0,250,75.0
oracle_feasible,outage,104,75.0,250,32.90618080133572,45.22195500030648,53.2414129906101,57.1629999903962,32.90618080133572,0.0,0.8127137591838837,0.8127137591838837,0.0,0.0,0.0,0.0,0.0,0.0,0.0,0.0,0.0,0.0,0.0,0.0,0.0,0.0,100.0,0.0,0.0,0.0,0,0.0,0.6419094815733344,0.764562622444788,0.0,1.0,250,75.0
local_only,outage,105,75.0,250,32.90618080133572,45.22195500030648,53.2414129906101,57.1629999903962,32.90618080133572,0.0,0.8127137591838837,0.8127137591838837,0.0,0.0,0.0,0.0,0.0,0.0,0.0,0.0,0.0,0.0,0.0,0.0,0.0,0.0,100.0,0.0,0.0,0.0,0,0.0,0.6419094815733344,0.764562622444788,0.0,1.0,250,75.0
edge_only,outage,105,75.0,250,43.40618080133572,107.28751999849919,114.4123900111299,116.86559998197481,43.40618080133572,0.14,0.8127137591838837,0.6933564240932465,875.0,3.5,3500.0,1.0,0.0,0.0,0.14,0.7142857142857143,0.0,0.0,0.7142857142857143,0.0,0.2857142857142857,0.86,0.0,100.0,0.0,0.0,0,0.0,0.5436337794976323,0.6546281832109857,0.0,0.86,250,75.0
cloud_only,outage,105,75.0,250,43.40618080133572,107.28751999849919,114.4123900111299,116.86559998197481,43.40618080133572,0.14,0.8127137591838837,0.6933564240932465,1225.0,4.9,4900.0,1.0,0.0,0.0,0.14,0.6285714285714286,0.0,0.0,0.6285714285714286,0.0,0.37142857142857144,0.86,0.0,100.0,0.0,0.0,0,0.0,0.5436337794976323,0.6546281832109857,0.0,0.86,250,75.0
dapper,outage,105,75.0,250,10.87500799983181,36.73759000375866,47.20997200522104,57.1629999903962,10.87500799983181,0.0,0.7993763390779495,0.7993763390779495,0.0,0.0,0.0,1.0,0.696,0.0,0.0,0.0,0.0,0.0,0.0,0.0,0.0,0.0,26.8,0.0,0.0,73.2,104,416.0,0.18874000999000998,0.21123078089638597,0.0,0.304,250,75.0
deadline_greedy,outage,105,75.0,250,32.90618080133572,45.22195500030648,53.2414129906101,57.1629999903962,32.90618080133572,0.0,0.8127137591838837,0.8127137591838837,0.0,0.0,0.0,0.0,0.0,0.0,0.0,0.0,0.0,0.0,0.0,0.0,0.0,0.0,100.0,0.0,0.0,0.0,0,0.0,0.6419094815733344,0.764562622444788,0.0,1.0,250,75.0
confidence_deadline,outage,105,75.0,250,32.90618080133572,45.22195500030648,53.2414129906101,57.1629999903962,32.90618080133572,0.0,0.8127137591838837,0.8127137591838837,0.0,0.0,0.0,0.0,0.0,0.0,0.0,0.0,0.0,0.0,0.0,0.0,0.0,0.0,100.0,0.0,0.0,0.0,0,0.0,0.6419094815733344,0.764562622444788,0.0,1.0,250,75.0
oracle_feasible,outage,105,75.0,250,32.90618080133572,45.22195500030648,53.2414129906101,57.1629999903962,32.90618080133572,0.0,0.8127137591838837,0.8127137591838837,0.0,0.0,0.0,0.0,0.0,0.0,0.0,0.0,0.0,0.0,0.0,0.0,0.0,0.0,100.0,0.0,0.0,0.0,0,0.0,0.6419094815733344,0.764562622444788,0.0,1.0,250,75.0
local_only,outage,106,75.0,250,32.90618080133572,45.22195500030648,53.2414129906101,57.1629999903962,32.90618080133572,0.0,0.8127137591838837,0.8127137591838837,0.0,0.0,0.0,0.0,0.0,0.0,0.0,0.0,0.0,0.0,0.0,0.0,0.0,0.0,100.0,0.0,0.0,0.0,0,0.0,0.6419094815733344,0.764562622444788,0.0,1.0,250,75.0
edge_only,outage,106,75.0,250,47.606180801335725,107.7513999916846,110.08656498743221,125.87979999370873,47.606180801335725,0.196,0.8127137591838837,0.652507838845253,1225.0,4.9,4900.0,1.0,0.0,0.0,0.196,0.6938775510204082,0.0,0.0,0.6938775510204082,0.0,0.30612244897959184,0.804,0.0,100.0,0.0,0.0,0,0.0,0.5249032352669216,0.617820351976403,0.0,0.804,250,75.0
cloud_only,outage,106,75.0,250,47.606180801335725,107.7513999916846,110.08656498743221,125.87979999370873,47.606180801335725,0.196,0.8127137591838837,0.652507838845253,1715.0,6.86,6860.0,1.0,0.0,0.0,0.196,0.7346938775510204,0.0,0.0,0.7346938775510204,0.0,0.2653061224489796,0.804,0.0,100.0,0.0,0.0,0,0.0,0.5249032352669216,0.617820351976403,0.0,0.804,250,75.0
dapper,outage,106,75.0,250,10.87500799983181,36.73759000375866,47.20997200522104,57.1629999903962,10.87500799983181,0.0,0.7993763390779495,0.7993763390779495,0.0,0.0,0.0,1.0,0.696,0.0,0.0,0.0,0.0,0.0,0.0,0.0,0.0,0.0,23.599999999999998,0.0,0.0,76.4,92,368.0,0.18874000999000998,0.21123078089638597,0.0,0.304,250,75.0
deadline_greedy,outage,106,75.0,250,32.90618080133572,45.22195500030648,53.2414129906101,57.1629999903962,32.90618080133572,0.0,0.8127137591838837,0.8127137591838837,0.0,0.0,0.0,0.0,0.0,0.0,0.0,0.0,0.0,0.0,0.0,0.0,0.0,0.0,100.0,0.0,0.0,0.0,0,0.0,0.6419094815733344,0.764562622444788,0.0,1.0,250,75.0
confidence_deadline,outage,106,75.0,250,32.90618080133572,45.22195500030648,53.2414129906101,57.1629999903962,32.90618080133572,0.0,0.8127137591838837,0.8127137591838837,0.0,0.0,0.0,0.0,0.0,0.0,0.0,0.0,0.0,0.0,0.0,0.0,0.0,0.0,100.0,0.0,0.0,0.0,0,0.0,0.6419094815733344,0.764562622444788,0.0,1.0,250,75.0
oracle_feasible,outage,106,75.0,250,32.90618080133572,45.22195500030648,53.2414129906101,57.1629999903962,32.90618080133572,0.0,0.8127137591838837,0.8127137591838837,0.0,0.0,0.0,0.0,0.0,0.0,0.0,0.0,0.0,0.0,0.0,0.0,0.0,0.0,100.0,0.0,0.0,0.0,0,0.0,0.6419094815733344,0.764562622444788,0.0,1.0,250,75.0
local_only,outage,107,75.0,250,32.90618080133572,45.22195500030648,53.2414129906101,57.1629999903962,32.90618080133572,0.0,0.8127137591838837,0.8127137591838837,0.0,0.0,0.0,0.0,0.0,0.0,0.0,0.0,0.0,0.0,0.0,0.0,0.0,0.0,100.0,0.0,0.0,0.0,0,0.0,0.6419094815733344,0.764562622444788,0.0,1.0,250,75.0
edge_only,outage,107,75.0,250,44.90618080133572,107.65218999003991,115.1929000113159,132.1629999903962,44.90618080133572,0.16,0.8127137591838837,0.6890518568754196,1000.0,4.0,4000.0,1.0,0.0,0.0,0.16,0.55,0.0,0.0,0.55,0.0,0.45,0.84,0.0,100.0,0.0,0.0,0,0.0,0.5575753237545923,0.6697372249123842,0.0,0.84,250,75.0
cloud_only,outage,107,75.0,250,44.90618080133572,107.65218999003991,115.1929000113159,132.1629999903962,44.90618080133572,0.16,0.8127137591838837,0.6890518568754196,1400.0,5.6,5600.0,1.0,0.0,0.0,0.16,0.7,0.0,0.0,0.7,0.0,0.3,0.84,0.0,100.0,0.0,0.0,0,0.0,0.5575753237545923,0.6697372249123842,0.0,0.84,250,75.0
dapper,outage,107,75.0,250,10.87500799983181,36.73759000375866,47.20997200522104,57.1629999903962,10.87500799983181,0.0,0.7993763390779495,0.7993763390779495,0.0,0.0,0.0,1.0,0.696,0.0,0.0,0.0,0.0,0.0,0.0,0.0,0.0,0.0,25.2,0.0,0.0,74.8,100,400.0,0.18874000999000998,0.21123078089638597,0.0,0.304,250,75.0
deadline_greedy,outage,107,75.0,250,32.90618080133572,45.22195500030648,53.2414129906101,57.1629999903962,32.90618080133572,0.0,0.8127137591838837,0.8127137591838837,0.0,0.0,0.0,0.0,0.0,0.0,0.0,0.0,0.0,0.0,0.0,0.0,0.0,0.0,100.0,0.0,0.0,0.0,0,0.0,0.6419094815733344,0.764562622444788,0.0,1.0,250,75.0
confidence_deadline,outage,107,75.0,250,32.90618080133572,45.22195500030648,53.2414129906101,57.1629999903962,32.90618080133572,0.0,0.8127137591838837,0.8127137591838837,0.0,0.0,0.0,0.0,0.0,0.0,0.0,0.0,0.0,0.0,0.0,0.0,0.0,0.0,100.0,0.0,0.0,0.0,0,0.0,0.6419094815733344,0.764562622444788,0.0,1.0,250,75.0
oracle_feasible,outage,107,75.0,250,32.90618080133572,45.22195500030648,53.2414129906101,57.1629999903962,32.90618080133572,0.0,0.8127137591838837,0.8127137591838837,0.0,0.0,0.0,0.0,0.0,0.0,0.0,0.0,0.0,0.0,0.0,0.0,0.0,0.0,100.0,0.0,0.0,0.0,0,0.0,0.6419094815733344,0.764562622444788,0.0,1.0,250,75.0
local_only,outage,108,75.0,250,32.90618080133572,45.22195500030648,53.2414129906101,57.1629999903962,32.90618080133572,0.0,0.8127137591838837,0.8127137591838837,0.0,0.0,0.0,0.0,0.0,0.0,0.0,0.0,0.0,0.0,0.0,0.0,0.0,0.0,100.0,0.0,0.0,0.0,0,0.0,0.6419094815733344,0.764562622444788,0.0,1.0,250,75.0
edge_only,outage,108,75.0,250,41.30618080133572,106.4512149663642,117.51832901616578,127.26919997949153,41.30618080133572,0.112,0.8127137591838837,0.7172485568523407,700.0,2.8,2800.0,1.0,0.0,0.0,0.112,0.8214285714285714,0.0,0.0,0.8214285714285714,0.0,0.17857142857142858,0.888,0.0,100.0,0.0,0.0,0,0.0,0.5776487059279746,0.6740763217674046,0.0,0.888,250,75.0
cloud_only,outage,108,75.0,250,41.30618080133572,106.4512149663642,117.51832901616578,127.26919997949153,41.30618080133572,0.112,0.8127137591838837,0.7172485568523407,980.0,3.92,3920.0,1.0,0.0,0.0,0.112,0.7857142857142857,0.0,0.0,0.7857142857142857,0.0,0.21428571428571427,0.888,0.0,100.0,0.0,0.0,0,0.0,0.5776487059279746,0.6740763217674046,0.0,0.888,250,75.0
dapper,outage,108,75.0,250,10.87500799983181,36.73759000375866,47.20997200522104,57.1629999903962,10.87500799983181,0.0,0.7993763390779495,0.7993763390779495,0.0,0.0,0.0,1.0,0.696,0.0,0.0,0.0,0.0,0.0,0.0,0.0,0.0,0.0,27.200000000000003,0.0,0.0,72.8,106,424.0,0.18874000999000998,0.21123078089638597,0.0,0.304,250,75.0
deadline_greedy,outage,108,75.0,250,32.90618080133572,45.22195500030648,53.2414129906101,57.1629999903962,32.90618080133572,0.0,0.8127137591838837,0.8127137591838837,0.0,0.0,0.0,0.0,0.0,0.0,0.0,0.0,0.0,0.0,0.0,0.0,0.0,0.0,100.0,0.0,0.0,0.0,0,0.0,0.6419094815733344,0.764562622444788,0.0,1.0,250,75.0
confidence_deadline,outage,108,75.0,250,32.90618080133572,45.22195500030648,53.2414129906101,57.1629999903962,32.90618080133572,0.0,0.8127137591838837,0.8127137591838837,0.0,0.0,0.0,0.0,0.0,0.0,0.0,0.0,0.0,0.0,0.0,0.0,0.0,0.0,100.0,0.0,0.0,0.0,0,0.0,0.6419094815733344,0.764562622444788,0.0,1.0,250,75.0
oracle_feasible,outage,108,75.0,250,32.90618080133572,45.22195500030648,53.2414129906101,57.1629999903962,32.90618080133572,0.0,0.8127137591838837,0.8127137591838837,0.0,0.0,0.0,0.0,0.0,0.0,0.0,0.0,0.0,0.0,0.0,0.0,0.0,0.0,100.0,0.0,0.0,0.0,0,0.0,0.6419094815733344,0.764562622444788,0.0,1.0,250,75.0
local_only,outage,109,75.0,250,32.90618080133572,45.22195500030648,53.2414129906101,57.1629999903962,32.90618080133572,0.0,0.8127137591838837,0.8127137591838837,0.0,0.0,0.0,0.0,0.0,0.0,0.0,0.0,0.0,0.0,0.0,0.0,0.0,0.0,100.0,0.0,0.0,0.0,0,0.0,0.6419094815733344,0.764562622444788,0.0,1.0,250,75.0
edge_only,outage,109,75.0,250,42.80618080133572,107.33108001004439,116.61339702783148,127.26919997949153,42.80618080133572,0.132,0.8127137591838837,0.6989761253595352,825.0,3.3,3300.0,1.0,0.0,0.0,0.132,0.5757575757575758,0.0,0.0,0.5757575757575758,0.0,0.42424242424242425,0.868,0.0,100.0,0.0,0.0,0,0.0,0.5593350917643604,0.662256135584161,0.0,0.868,250,75.0
cloud_only,outage,109,75.0,250,42.80618080133572,107.33108001004439,116.61339702783148,127.26919997949153,42.80618080133572,0.132,0.8127137591838837,0.6989761253595352,1155.0,4.62,4620.0,1.0,0.0,0.0,0.132,0.6666666666666666,0.0,0.0,0.6666666666666666,0.0,0.3333333333333333,0.868,0.0,100.0,0.0,0.0,0,0.0,0.5593350917643604,0.662256135584161,0.0,0.868,250,75.0
dapper,outage,109,75.0,250,10.87500799983181,36.73759000375866,47.20997200522104,57.1629999903962,10.87500799983181,0.0,0.7993763390779495,0.7993763390779495,0.0,0.0,0.0,1.0,0.696,0.0,0.0,0.0,0.0,0.0,0.0,0.0,0.0,0.0,26.0,0.0,0.0,74.0,104,416.0,0.18874000999000998,0.21123078089638597,0.0,0.304,250,75.0
deadline_greedy,outage,109,75.0,250,32.90618080133572,45.22195500030648,53.2414129906101,57.1629999903962,32.90618080133572,0.0,0.8127137591838837,0.8127137591838837,0.0,0.0,0.0,0.0,0.0,0.0,0.0,0.0,0.0,0.0,0.0,0.0,0.0,0.0,100.0,0.0,0.0,0.0,0,0.0,0.6419094815733344,0.764562622444788,0.0,1.0,250,75.0
confidence_deadline,outage,109,75.0,250,32.90618080133572,45.22195500030648,53.2414129906101,57.1629999903962,32.90618080133572,0.0,0.8127137591838837,0.8127137591838837,0.0,0.0,0.0,0.0,0.0,0.0,0.0,0.0,0.0,0.0,0.0,0.0,0.0,0.0,100.0,0.0,0.0,0.0,0,0.0,0.6419094815733344,0.764562622444788,0.0,1.0,250,75.0
oracle_feasible,outage,109,75.0,250,32.90618080133572,45.22195500030648,53.2414129906101,57.1629999903962,32.90618080133572,0.0,0.8127137591838837,0.8127137591838837,0.0,0.0,0.0,0.0,0.0,0.0,0.0,0.0,0.0,0.0,0.0,0.0,0.0,0.0,100.0,0.0,0.0,0.0,0,0.0,0.6419094815733344,0.764562622444788,0.0,1.0,250,75.0
local_only,stable,100,100.0,250,32.90618080133572,45.22195500030648,53.2414129906101,57.1629999903962,32.90618080133572,0.0,0.8127137591838837,0.8127137591838837,0.0,0.0,0.0,0.0,0.0,0.0,0.0,0.0,0.0,0.0,0.0,0.0,0.0,0.0,100.0,0.0,0.0,0.0,0,0.0,0.6419094815733344,0.764562622444788,0.0,1.0,250,100.0
edge_only,stable,100,100.0,250,47.05592112824407,77.1887982212868,131.72089399129618,157.1629999903962,47.05592112824407,0.024,0.881183963060379,0.8619231584072113,6250.0,25.0,25000.0,0.024,0.0,0.0,1.0,0.976,0.976,0.976,0.0,0.0,0.024,0.0,0.0,100.0,0.0,0.0,0,0.0,0.7148541290190027,0.8116990493582851,0.976,0.976,250,100.0
cloud_only,stable,100,100.0,250,132.90618080133572,145.22195500030648,153.2414129906101,157.1629999903962,132.90618080133572,1.0,0.8127137591838837,0.0,8750.0,35.0,35000.0,1.0,0.0,0.0,1.0,0.996,0.0,0.0,0.996,0.0,0.004,0.0,0.0,100.0,0.0,0.0,0,0.0,0.0,0.0,0.0,0.0,250,100.0
dapper,stable,100,100.0,250,32.90618080133572,45.22195500030648,53.2414129906101,57.1629999903962,35.61253612276678,0.0,0.8127137591838837,0.858797374010086,1500.0,6.0,6000.0,0.0,0.0,0.0,0.24,0.9833333333333333,0.9833333333333333,0.236,0.0,0.0,0.016666666666666666,0.0,76.0,0.0,24.0,0.0,88,352.0,0.6645999059637588,0.7760030928024559,0.236,1.0,250,100.0
deadline_greedy,stable,100,100.0,250,32.90618080133572,45.22195500030648,53.2414129906101,57.1629999903962,32.90618080133572,0.0,0.8127137591838837,0.8127137591838837,0.0,0.0,0.0,0.0,0.0,0.0,0.0,0.0,0.0,0.0,0.0,0.0,0.0,0.0,100.0,0.0,0.0,0.0,0,0.0,0.6419094815733344,0.764562622444788,0.0,1.0,250,100.0
confidence_deadline,stable,100,100.0,250,32.90618080133572,45.22195500030648,53.2414129906101,57.1629999903962,32.90618080133572,0.0,0.8127137591838837,0.8127137591838837,0.0,0.0,0.0,0.0,0.0,0.0,0.0,0.0,0.0,0.0,0.0,0.0,0.0,0.0,100.0,0.0,0.0,0.0,0,0.0,0.6419094815733344,0.764562622444788,0.0,1.0,250,100.0
oracle_feasible,stable,100,100.0,250,43.49618492793532,55.85306382053915,81.39872481056895,85.79180592120014,43.49618492793532,0.0,0.8878805668354034,0.8878805668354034,5475.0,21.9,21900.0,0.0,0.0,0.0,0.876,1.0,1.0,0.876,0.0,0.0,0.0,0.0,12.4,87.6,0.0,0.0,53,212.0,0.7257558888116762,0.8181174717002744,0.876,1.0,250,100.0
local_only,stable,101,100.0,250,32.90618080133572,45.22195500030648,53.2414129906101,57.1629999903962,32.90618080133572,0.0,0.8127137591838837,0.8127137591838837,0.0,0.0,0.0,0.0,0.0,0.0,0.0,0.0,0.0,0.0,0.0,0.0,0.0,0.0,100.0,0.0,0.0,0.0,0,0.0,0.6419094815733344,0.764562622444788,0.0,1.0,250,100.0
edge_only,stable,101,100.0,250,46.10778364762996,57.736675961283225,85.138264320778,129.75640003569424,46.10778364762996,0.008,0.8830404465198517,0.8762583887577057,6250.0,25.0,25000.0,0.008,0.0,0.0,1.0,0.992,0.992,0.992,0.0,0.0,0.008,0.0,0.0,100.0,0.0,0.0,0,0.0,0.7268347557996294,0.8167945907595588,0.992,0.992,250,100.0
cloud_only,stable,101,100.0,250,132.90618080133572,145.22195500030648,153.2414129906101,157.1629999903962,132.90618080133572,1.0,0.8127137591838837,0.0,8750.0,35.0,35000.0,1.0,0.0,0.0,1.0,1.0,0.0,0.0,1.0,0.0,0.0,0.0,0.0,100.0,0.0,0.0,0,0.0,0.0,0.0,0.0,0.0,250,100.0
dapper,stable,101,100.0,250,32.90618080133572,45.22195500030648,53.2414129906101,57.1629999903962,35.78359184834965,0.0,0.8127137591838837,0.8604990003108979,1500.0,6.0,6000.0,0.0,0.0,0.0,0.24,0.9833333333333333,0.9833333333333333,0.236,0.0,0.0,0.016666666666666666,0.0,76.0,0.0,24.0,0.0,88,352.0,0.6678591652230179,0.7747782030425342,0.236,1.0,250,100.0
deadline_greedy,stable,101,100.0,250,32.90618080133572,45.22195500030648,53.2414129906101,57.1629999903962,32.90618080133572,0.0,0.8127137591838837,0.8127137591838837,0.0,0.0,0.0,0.0,0.0,0.0,0.0,0.0,0.0,0.0,0.0,0.0,0.0,0.0,100.0,0.0,0.0,0.0,0,0.0,0.6419094815733344,0.764562622444788,0.0,1.0,250,100.0
confidence_deadline,stable,101,100.0,250,32.90618080133572,45.22195500030648,53.2414129906101,57.1629999903962,32.90618080133572,0.0,0.8127137591838837,0.8127137591838837,0.0,0.0,0.0,0.0,0.0,0.0,0.0,0.0,0.0,0.0,0.0,0.0,0.0,0.0,100.0,0.0,0.0,0.0,0,0.0,0.6419094815733344,0.764562622444788,0.0,1.0,250,100.0
oracle_feasible,stable,101,100.0,250,44.01136723772599,56.32099154607295,81.74503263326157,85.17244213777226,44.01136723772599,0.0,0.8901483180522919,0.8901483180522919,5525.0,22.1,22100.0,0.0,0.0,0.0,0.884,1.0,1.0,0.884,0.0,0.0,0.0,0.0,11.600000000000001,88.4,0.0,0.0,49,196.0,0.7299821810379683,0.8177500047722978,0.884,1.0,250,100.0
local_only,stable,102,100.0,250,32.90618080133572,45.22195500030648,53.2414129906101,57.1629999903962,32.90618080133572,0.0,0.8127137591838837,0.8127137591838837,0.0,0.0,0.0,0.0,0.0,0.0,0.0,0.0,0.0,0.0,0.0,0.0,0.0,0.0,100.0,0.0,0.0,0.0,0,0.0,0.6419094815733344,0.764562622444788,0.0,1.0,250,100.0
edge_only,stable,102,100.0,250,45.2721927581292,56.76791472690088,82.23591111091405,84.69760675349504,45.2721927581292,0.0,0.883520483493805,0.883520483493805,6250.0,25.0,25000.0,0.0,0.0,0.0,1.0,1.0,1.0,1.0,0.0,0.0,0.0,0.0,0.0,100.0,0.0,0.0,0,0.0,0.7337977187625925,0.8280635765508377,1.0,1.0,250,100.0
cloud_only,stable,102,100.0,250,132.90618080133572,145.22195500030648,153.2414129906101,157.1629999903962,132.90618080133572,1.0,0.8127137591838837,0.0,8750.0,35.0,35000.0,1.0,0.0,0.0,1.0,0.988,0.0,0.0,0.988,0.0,0.012,0.0,0.0,100.0,0.0,0.0,0,0.0,0.0,0.0,0.0,0.0,250,100.0
dapper,stable,102,100.0,250,32.90618080133572,45.22195500030648,53.2414129906101,57.1629999903962,35.793480259411815,0.0,0.8127137591838837,0.8609412043094635,1500.0,6.0,6000.0,0.0,0.0,0.0,0.24,1.0,1.0,0.24,0.0,0.0,0.0,0.0,76.0,0.0,24.0,0.0,88,352.0,0.6685999059637588,0.7760030928024559,0.24,1.0,250,100.0
deadline_greedy,stable,102,100.0,250,32.90618080133572,45.22195500030648,53.2414129906101,57.1629999903962,32.90618080133572,0.0,0.8127137591838837,0.8127137591838837,0.0,0.0,0.0,0.0,0.0,0.0,0.0,0.0,0.0,0.0,0.0,0.0,0.0,0.0,100.0,0.0,0.0,0.0,0,0.0,0.6419094815733344,0.764562622444788,0.0,1.0,250,100.0
confidence_deadline,stable,102,100.0,250,32.90618080133572,45.22195500030648,53.2414129906101,57.1629999903962,32.90618080133572,0.0,0.8127137591838837,0.8127137591838837,0.0,0.0,0.0,0.0,0.0,0.0,0.0,0.0,0.0,0.0,0.0,0.0,0.0,0.0,100.0,0.0,0.0,0.0,0,0.0,0.6419094815733344,0.764562622444788,0.0,1.0,250,100.0
oracle_feasible,stable,102,100.0,250,44.06834344943534,55.63132160685304,82.23591111091405,84.69760675349504,44.06834344943534,0.0,0.8906283550262452,0.8906283550262452,5575.0,22.3,22300.0,0.0,0.0,0.0,0.892,1.0,1.0,0.892,0.0,0.0,0.0,0.0,10.8,89.2,0.0,0.0,45,180.0,0.7312943503501376,0.8205672512201174,0.892,1.0,250,100.0
local_only,stable,103,100.0,250,32.90618080133572,45.22195500030648,53.2414129906101,57.1629999903962,32.90618080133572,0.0,0.8127137591838837,0.8127137591838837,0.0,0.0,0.0,0.0,0.0,0.0,0.0,0.0,0.0,0.0,0.0,0.0,0.0,0.0,100.0,0.0,0.0,0.0,0,0.0,0.6419094815733344,0.764562622444788,0.0,1.0,250,100.0
edge_only,stable,103,100.0,250,45.49212268715283,57.04851343595129,83.47855942159262,133.6650999961421,45.49212268715283,0.004,0.8833508503437042,0.8797563655376435,6250.0,25.0,25000.0,0.004,0.0,0.0,1.0,0.996,0.996,0.996,0.0,0.0,0.004,0.0,0.0,100.0,0.0,0.0,0,0.0,0.7297977187625925,0.8216941497992454,0.996,0.996,250,100.0
cloud_only,stable,103,100.0,250,132.90618080133572,145.22195500030648,153.2414129906101,157.1629999903962,132.90618080133572,1.0,0.8127137591838837,0.0,8750.0,35.0,35000.0,1.0,0.0,0.0,1.0,0.988,0.0,0.0,0.988,0.0,0.012,0.0,0.0,100.0,0.0,0.0,0,0.0,0.0,0.0,0.0,0.0,250,100.0
dapper,stable,103,100.0,250,32.90618080133572,45.22195500030648,53.2414129906101,57.1629999903962,35.81408486627024,0.0,0.8127137591838837,0.8609412043094635,1500.0,6.0,6000.0,0.0,0.0,0.0,0.24,1.0,1.0,0.24,0.0,0.0,0.0,0.0,76.0,0.0,24.0,0.0,88,352.0,0.6685999059637588,0.7760030928024559,0.24,1.0,250,100.0
deadline_greedy,stable,103,100.0,250,32.90618080133572,45.22195500030648,53.2414129906101,57.1629999903962,32.90618080133572,0.0,0.8127137591838837,0.8127137591838837,0.0,0.0,0.0,0.0,0.0,0.0,0.0,0.0,0.0,0.0,0.0,0.0,0.0,0.0,100.0,0.0,0.0,0.0,0,0.0,0.6419094815733344,0.764562622444788,0.0,1.0,250,100.0
confidence_deadline,stable,103,100.0,250,32.90618080133572,45.22195500030648,53.2414129906101,57.1629999903962,32.90618080133572,0.0,0.8127137591838837,0.8127137591838837,0.0,0.0,0.0,0.0,0.0,0.0,0.0,0.0,0.0,0.0,0.0,0.0,0.0,0.0,100.0,0.0,0.0,0.0,0,0.0,0.6419094815733344,0.764562622444788,0.0,1.0,250,100.0
oracle_feasible,stable,103,100.0,250,43.88153332467865,55.658830318736676,80.81865904394853,84.61940485795407,43.88153332467865,0.0,0.8904587218761444,0.8904587218761444,5550.0,22.2,22200.0,0.0,0.0,0.0,0.888,1.0,1.0,0.888,0.0,0.0,0.0,0.0,11.200000000000001,88.8,0.0,0.0,45,180.0,0.7292943503501376,0.8184441089695867,0.888,1.0,250,100.0
local_only,stable,104,100.0,250,32.90618080133572,45.22195500030648,53.2414129906101,57.1629999903962,32.90618080133572,0.0,0.8127137591838837,0.8127137591838837,0.0,0.0,0.0,0.0,0.0,0.0,0.0,0.0,0.0,0.0,0.0,0.0,0.0,0.0,100.0,0.0,0.0,0.0,0,0.0,0.6419094815733344,0.764562622444788,0.0,1.0,250,100.0
edge_only,stable,104,100.0,250,46.76915770931554,73.96704753108517,126.75709700619333,129.8727999906987,46.76915770931554,0.016,0.8826711454391479,0.8689065673351288,6250.0,25.0,25000.0,0.016,0.0,0.0,1.0,0.984,0.984,0.984,0.0,0.0,0.016,0.0,0.0,100.0,0.0,0.0,0,0.0,0.7197977187625925,0.8089552962960608,0.984,0.984,250,100.0
cloud_only,stable,104,100.0,250,132.90618080133572,145.22195500030648,153.2414129906101,157.1629999903962,132.90618080133572,1.0,0.8127137591838837,0.0,8750.0,35.0,35000.0,1.0,0.0,0.0,1.0,0.992,0.0,0.0,0.992,0.0,0.008,0.0,0.0,100.0,0.0,0.0,0,0.0,0.0,0.0,0.0,0.0,250,100.0
dapper,stable,104,100.0,250,32.90618080133572,45.22195500030648,53.2414129906101,57.1629999903962,35.719147795465474,0.0,0.8127137591838837,0.8603795020580292,1500.0,6.0,6000.0,0.0,0.0,0.0,0.24,0.9833333333333333,0.9833333333333333,0.236,0.0,0.0,0.016666666666666666,0.0,76.0,0.0,24.0,0.0,88,352.0,0.6685999059637588,0.7760030928024559,0.236,1.0,250,100.0
deadline_greedy,stable,104,100.0,250,32.90618080133572,45.22195500030648,53.2414129906101,57.1629999903962,32.90618080133572,0.0,0.8127137591838837,0.8127137591838837,0.0,0.0,0.0,0.0,0.0,0.0,0.0,0.0,0.0,0.0,0.0,0.0,0.0,0.0,100.0,0.0,0.0,0.0,0,0.0,0.6419094815733344,0.764562622444788,0.0,1.0,250,100.0
confidence_deadline,stable,104,100.0,250,32.90618080133572,45.22195500030648,53.2414129906101,57.1629999903962,32.90618080133572,0.0,0.8127137591838837,0.8127137591838837,0.0,0.0,0.0,0.0,0.0,0.0,0.0,0.0,0.0,0.0,0.0,0.0,0.0,0.0,100.0,0.0,0.0,0.0,0,0.0,0.6419094815733344,0.764562622444788,0.0,1.0,250,100.0
oracle_feasible,stable,104,100.0,250,43.90161411856969,54.16274349347423,81.91377796714536,89.7158290032191,43.90161411856969,0.0,0.8897790169715881,0.8897790169715881,5475.0,21.9,21900.0,0.0,0.0,0.0,0.876,1.0,1.0,0.876,0.0,0.0,0.0,0.0,12.4,87.6,0.0,0.0,51,204.0,0.7302943503501376,0.8205672512201174,0.876,1.0,250,100.0
local_only,stable,105,100.0,250,32.90618080133572,45.22195500030648,53.2414129906101,57.1629999903962,32.90618080133572,0.0,0.8127137591838837,0.8127137591838837,0.0,0.0,0.0,0.0,0.0,0.0,0.0,0.0,0.0,0.0,0.0,0.0,0.0,0.0,100.0,0.0,0.0,0.0,0,0.0,0.6419094815733344,0.764562622444788,0.0,1.0,250,100.0
edge_only,stable,105,100.0,250,45.4529957741022,55.785401628306126,84.13418993535504,131.46309999283403,45.4529957741022,0.004,0.8847851998806,0.8810383043289185,6250.0,25.0,25000.0,0.004,0.0,0.0,1.0,0.996,0.996,0.996,0.0,0.0,0.004,0.0,0.0,100.0,0.0,0.0,0,0.0,0.7297977187625925,0.8280635765508377,0.996,0.996,250,100.0
cloud_only,stable,105,100.0,250,132.90618080133572,145.22195500030648,153.2414129906101,157.1629999903962,132.90618080133572,1.0,0.8127137591838837,0.0,8750.0,35.0,35000.0,1.0,0.0,0.0,1.0,0.996,0.0,0.0,0.996,0.0,0.004,0.0,0.0,100.0,0.0,0.0,0,0.0,0.0,0.0,0.0,0.0,250,100.0
dapper,stable,105,100.0,250,32.90618080133572,45.22195500030648,53.2414129906101,57.1629999903962,35.83976289924111,0.0,0.8127137591838837,0.8609412043094635,1500.0,6.0,6000.0,0.0,0.0,0.0,0.24,1.0,1.0,0.24,0.0,0.0,0.0,0.0,76.0,0.0,24.0,0.0,88,352.0,0.6685999059637588,0.7760030928024559,0.24,1.0,250,100.0
deadline_greedy,stable,105,100.0,250,32.90618080133572,45.22195500030648,53.2414129906101,57.1629999903962,32.90618080133572,0.0,0.8127137591838837,0.8127137591838837,0.0,0.0,0.0,0.0,0.0,0.0,0.0,0.0,0.0,0.0,0.0,0.0,0.0,0.0,100.0,0.0,0.0,0.0,0,0.0,0.6419094815733344,0.764562622444788,0.0,1.0,250,100.0
confidence_deadline,stable,105,100.0,250,32.90618080133572,45.22195500030648,53.2414129906101,57.1629999903962,32.90618080133572,0.0,0.8127137591838837,0.8127137591838837,0.0,0.0,0.0,0.0,0.0,0.0,0.0,0.0,0.0,0.0,0.0,0.0,0.0,0.0,100.0,0.0,0.0,0.0,0,0.0,0.6419094815733344,0.764562622444788,0.0,1.0,250,100.0
oracle_feasible,stable,105,100.0,250,43.91361898418657,55.34858710757561,82.15565014330751,86.43781928339186,43.91361898418657,0.0,0.8906283550262452,0.8906283550262452,5575.0,22.3,22300.0,0.0,0.0,0.0,0.892,1.0,1.0,0.892,0.0,0.0,0.0,0.0,10.8,89.2,0.0,0.0,45,180.0,0.7312943503501376,0.8205672512201174,0.892,1.0,250,100.0
local_only,stable,106,100.0,250,32.90618080133572,45.22195500030648,53.2414129906101,57.1629999903962,32.90618080133572,0.0,0.8127137591838837,0.8127137591838837,0.0,0.0,0.0,0.0,0.0,0.0,0.0,0.0,0.0,0.0,0.0,0.0,0.0,0.0,100.0,0.0,0.0,0.0,0,0.0,0.6419094815733344,0.764562622444788,0.0,1.0,250,100.0
edge_only,stable,106,100.0,250,46.42846299450449,64.75840881668712,109.12858993117572,131.13680001115426,46.42846299450449,0.012,0.8827790110111237,0.8721002442836762,6250.0,25.0,25000.0,0.012,0.0,0.0,1.0,0.988,0.988,0.988,0.0,0.0,0.012,0.0,0.0,100.0,0.0,0.0,0,0.0,0.7247977187625925,0.815324723047653,0.988,0.988,250,100.0
cloud_only,stable,106,100.0,250,132.90618080133572,145.22195500030648,153.2414129906101,157.1629999903962,132.90618080133572,1.0,0.8127137591838837,0.0,8750.0,35.0,35000.0,1.0,0.0,0.0,1.0,0.988,0.0,0.0,0.988,0.0,0.012,0.0,0.0,100.0,0.0,0.0,0,0.0,0.0,0.0,0.0,0.0,250,100.0
dapper,stable,106,100.0,250,32.90618080133572,45.22195500030648,53.2414129906101,57.1629999903962,35.86995521977589,0.0,0.8127137591838837,0.8609412043094635,1500.0,6.0,6000.0,0.0,0.0,0.0,0.24,1.0,1.0,0.24,0.0,0.0,0.0,0.0,76.0,0.0,24.0,0.0,88,352.0,0.6685999059637588,0.7760030928024559,0.24,1.0,250,100.0
deadline_greedy,stable,106,100.0,250,32.90618080133572,45.22195500030648,53.2414129906101,57.1629999903962,32.90618080133572,0.0,0.8127137591838837,0.8127137591838837,0.0,0.0,0.0,0.0,0.0,0.0,0.0,0.0,0.0,0.0,0.0,0.0,0.0,0.0,100.0,0.0,0.0,0.0,0,0.0,0.6419094815733344,0.764562622444788,0.0,1.0,250,100.0
confidence_deadline,stable,106,100.0,250,32.90618080133572,45.22195500030648,53.2414129906101,57.1629999903962,32.90618080133572,0.0,0.8127137591838837,0.8127137591838837,0.0,0.0,0.0,0.0,0.0,0.0,0.0,0.0,0.0,0.0,0.0,0.0,0.0,0.0,100.0,0.0,0.0,0.0,0,0.0,0.6419094815733344,0.764562622444788,0.0,1.0,250,100.0
oracle_feasible,stable,106,100.0,250,43.961052599220736,54.99275810315262,82.81489211841256,89.75076512409645,43.961052599220736,0.0,0.8898868825435639,0.8898868825435639,5500.0,22.0,22000.0,0.0,0.0,0.0,0.88,1.0,1.0,0.88,0.0,0.0,0.0,0.0,12.0,88.0,0.0,0.0,51,204.0,0.7307943503501376,0.8173825378443212,0.88,1.0,250,100.0
local_only,stable,107,100.0,250,32.90618080133572,45.22195500030648,53.2414129906101,57.1629999903962,32.90618080133572,0.0,0.8127137591838837,0.8127137591838837,0.0,0.0,0.0,0.0,0.0,0.0,0.0,0.0,0.0,0.0,0.0,0.0,0.0,0.0,100.0,0.0,0.0,0.0,0,0.0,0.6419094815733344,0.764562622444788,0.0,1.0,250,100.0
edge_only,stable,107,100.0,250,46.83268824724154,72.21638993649947,127.73543596907982,141.10760003095493,46.83268824724154,0.016,0.8825685832500457,0.8686297647953033,6250.0,25.0,25000.0,0.016,0.0,0.0,1.0,0.984,0.984,0.984,0.0,0.0,0.016,0.0,0.0,100.0,0.0,0.0,0,0.0,0.7237977187625925,0.8216941497992454,0.984,0.984,250,100.0
cloud_only,stable,107,100.0,250,132.90618080133572,145.22195500030648,153.2414129906101,157.1629999903962,132.90618080133572,1.0,0.8127137591838837,0.0,8750.0,35.0,35000.0,1.0,0.0,0.0,1.0,0.984,0.0,0.0,0.984,0.0,0.016,0.0,0.0,100.0,0.0,0.0,0,0.0,0.0,0.0,0.0,0.0,250,100.0
dapper,stable,107,100.0,250,32.90618080133572,45.22195500030648,53.2414129906101,57.1629999903962,35.91034919276573,0.0,0.8127137591838837,0.8609412043094635,1500.0,6.0,6000.0,0.0,0.0,0.0,0.24,1.0,1.0,0.24,0.0,0.0,0.0,0.0,76.0,0.0,24.0,0.0,88,352.0,0.6685999059637588,0.7760030928024559,0.24,1.0,250,100.0
deadline_greedy,stable,107,100.0,250,32.90618080133572,45.22195500030648,53.2414129906101,57.1629999903962,32.90618080133572,0.0,0.8127137591838837,0.8127137591838837,0.0,0.0,0.0,0.0,0.0,0.0,0.0,0.0,0.0,0.0,0.0,0.0,0.0,0.0,100.0,0.0,0.0,0.0,0,0.0,0.6419094815733344,0.764562622444788,0.0,1.0,250,100.0
confidence_deadline,stable,107,100.0,250,32.90618080133572,45.22195500030648,53.2414129906101,57.1629999903962,32.90618080133572,0.0,0.8127137591838837,0.8127137591838837,0.0,0.0,0.0,0.0,0.0,0.0,0.0,0.0,0.0,0.0,0.0,0.0,0.0,0.0,100.0,0.0,0.0,0.0,0,0.0,0.6419094815733344,0.764562622444788,0.0,1.0,250,100.0
oracle_feasible,stable,107,100.0,250,44.025154615300124,55.69057129305346,81.916274834748,86.19349280984146,44.025154615300124,0.0,0.8896764547824859,0.8896764547824859,5475.0,21.9,21900.0,0.0,0.0,0.0,0.876,1.0,1.0,0.876,0.0,0.0,0.0,0.0,12.4,87.6,0.0,0.0,53,212.0,0.7337943503501376,0.8205672512201174,0.876,1.0,250,100.0
local_only,stable,108,100.0,250,32.90618080133572,45.22195500030648,53.2414129906101,57.1629999903962,32.90618080133572,0.0,0.8127137591838837,0.8127137591838837,0.0,0.0,0.0,0.0,0.0,0.0,0.0,0.0,0.0,0.0,0.0,0.0,0.0,0.0,100.0,0.0,0.0,0.0,0,0.0,0.6419094815733344,0.764562622444788,0.0,1.0,250,100.0
edge_only,stable,108,100.0,250,46.983256614889065,76.07833487804687,129.8396679846337,145.74390000198036,46.983256614889065,0.016,0.8830380470752716,0.8692684457302093,6250.0,25.0,25000.0,0.016,0.0,0.0,1.0,0.984,0.984,0.984,0.0,0.0,0.016,0.0,0.0,100.0,0.0,0.0,0,0.0,0.7209310520959258,0.8193283627200825,0.984,0.984,250,100.0
cloud_only,stable,108,100.0,250,132.90618080133572,145.22195500030648,153.2414129906101,157.1629999903962,132.90618080133572,1.0,0.8127137591838837,0.0,8750.0,35.0,35000.0,1.0,0.0,0.0,1.0,0.988,0.0,0.0,0.988,0.0,0.012,0.0,0.0,100.0,0.0,0.0,0,0.0,0.0,0.0,0.0,0.0,250,100.0
dapper,stable,108,100.0,250,32.90618080133572,45.22195500030648,53.2414129906101,57.1629999903962,35.77108863534807,0.0,0.8127137591838837,0.8609412043094635,1500.0,6.0,6000.0,0.0,0.0,0.0,0.24,1.0,1.0,0.24,0.0,0.0,0.0,0.0,76.0,0.0,24.0,0.0,88,352.0,0.6685999059637588,0.7760030928024559,0.24,1.0,250,100.0
deadline_greedy,stable,108,100.0,250,32.90618080133572,45.22195500030648,53.2414129906101,57.1629999903962,32.90618080133572,0.0,0.8127137591838837,0.8127137591838837,0.0,0.0,0.0,0.0,0.0,0.0,0.0,0.0,0.0,0.0,0.0,0.0,0.0,0.0,100.0,0.0,0.0,0.0,0,0.0,0.6419094815733344,0.764562622444788,0.0,1.0,250,100.0
confidence_deadline,stable,108,100.0,250,32.90618080133572,45.22195500030648,53.2414129906101,57.1629999903962,32.90618080133572,0.0,0.8127137591838837,0.8127137591838837,0.0,0.0,0.0,0.0,0.0,0.0,0.0,0.0,0.0,0.0,0.0,0.0,0.0,0.0,100.0,0.0,0.0,0.0,0,0.0,0.6419094815733344,0.764562622444788,0.0,1.0,250,100.0
oracle_feasible,stable,108,100.0,250,44.15157991383338,55.16207427042599,82.06156391078157,86.50580653823666,44.15157991383338,0.0,0.8901459186077118,0.8901459186077118,5475.0,21.9,21900.0,0.0,0.0,0.0,0.876,1.0,1.0,0.876,0.0,0.0,0.0,0.0,12.4,87.6,0.0,0.0,53,212.0,0.7293499059056933,0.8196573331127471,0.876,1.0,250,100.0
local_only,stable,109,100.0,250,32.90618080133572,45.22195500030648,53.2414129906101,57.1629999903962,32.90618080133572,0.0,0.8127137591838837,0.8127137591838837,0.0,0.0,0.0,0.0,0.0,0.0,0.0,0.0,0.0,0.0,0.0,0.0,0.0,0.0,100.0,0.0,0.0,0.0,0,0.0,0.6419094815733344,0.764562622444788,0.0,1.0,250,100.0
edge_only,stable,109,100.0,250,46.37543760091068,67.87157102021308,111.58411339140622,135.12159996898845,46.37543760091068,0.012,0.8829911925792694,0.8722225649356842,6250.0,25.0,25000.0,0.012,0.0,0.0,1.0,0.988,0.988,0.988,0.0,0.0,0.012,0.0,0.0,100.0,0.0,0.0,0,0.0,0.7237977187625925,0.8089552962960608,0.988,0.988,250,100.0
cloud_only,stable,109,100.0,250,132.90618080133572,145.22195500030648,153.2414129906101,157.1629999903962,132.90618080133572,1.0,0.8127137591838837,0.0,8750.0,35.0,35000.0,1.0,0.0,0.0,1.0,0.996,0.0,0.0,0.996,0.0,0.004,0.0,0.0,100.0,0.0,0.0,0,0.0,0.0,0.0,0.0,0.0,250,100.0
dapper,stable,109,100.0,250,32.90618080133572,45.22195500030648,53.2414129906101,57.1629999903962,35.86592680257186,0.0,0.8127137591838837,0.8609412043094635,1500.0,6.0,6000.0,0.0,0.0,0.0,0.24,1.0,1.0,0.24,0.0,0.0,0.0,0.0,76.0,0.0,24.0,0.0,88,352.0,0.6685999059637588,0.7760030928024559,0.24,1.0,250,100.0
deadline_greedy,stable,109,100.0,250,32.90618080133572,45.22195500030648,53.2414129906101,57.1629999903962,32.90618080133572,0.0,0.8127137591838837,0.8127137591838837,0.0,0.0,0.0,0.0,0.0,0.0,0.0,0.0,0.0,0.0,0.0,0.0,0.0,0.0,100.0,0.0,0.0,0.0,0,0.0,0.6419094815733344,0.764562622444788,0.0,1.0,250,100.0
confidence_deadline,stable,109,100.0,250,32.90618080133572,45.22195500030648,53.2414129906101,57.1629999903962,32.90618080133572,0.0,0.8127137591838837,0.8127137591838837,0.0,0.0,0.0,0.0,0.0,0.0,0.0,0.0,0.0,0.0,0.0,0.0,0.0,0.0,100.0,0.0,0.0,0.0,0,0.0,0.6419094815733344,0.764562622444788,0.0,1.0,250,100.0
oracle_feasible,stable,109,100.0,250,44.050499517035945,56.33728327251724,82.18086596420807,88.60186202729422,44.050499517035945,0.0,0.8900990641117096,0.8900990641117096,5500.0,22.0,22000.0,0.0,0.0,0.0,0.88,1.0,1.0,0.88,0.0,0.0,0.0,0.0,12.0,88.0,0.0,0.0,47,188.0,0.7292943503501376,0.8184441089695867,0.88,1.0,250,100.0
local_only,congested,100,100.0,250,32.90618080133572,45.22195500030648,53.2414129906101,57.1629999903962,32.90618080133572,0.0,0.8127137591838837,0.8127137591838837,0.0,0.0,0.0,0.0,0.0,0.0,0.0,0.0,0.0,0.0,0.0,0.0,0.0,0.0,100.0,0.0,0.0,0.0,0,0.0,0.6419094815733344,0.764562622444788,0.0,1.0,250,100.0
edge_only,congested,100,100.0,250,99.32968626539811,138.39432499953543,151.34015997871754,154.7997000394389,99.32968626539811,0.24,0.869085822224617,0.6672842140197754,6250.0,25.0,25000.0,0.24,0.0,0.0,1.0,0.96,0.76,0.76,0.2,0.0,0.04,0.0,0.0,100.0,0.0,0.0,0,0.0,0.5489555116405092,0.6193954400164591,0.76,0.76,250,100.0
cloud_only,congested,100,100.0,250,132.90618080133572,145.22195500030648,153.2414129906101,157.1629999903962,132.90618080133572,1.0,0.8127137591838837,0.0,8750.0,35.0,35000.0,1.0,0.0,0.0,1.0,0.96,0.0,0.0,0.96,0.0,0.04,0.0,0.0,100.0,0.0,0.0,0,0.0,0.0,0.0,0.0,0.0,250,100.0
dapper,congested,100,100.0,250,32.78942080125771,45.22195500030648,53.2414129906101,57.1629999903962,32.78942080125771,0.0,0.8123185522556305,0.8123185522556305,0.0,0.0,0.0,0.004,0.004,0.0,0.0,0.0,0.0,0.0,0.0,0.0,0.0,0.0,99.6,0.0,0.0,0.4,2,8.0,0.6397276633915162,0.7581931956931957,0.0,0.996,250,100.0
deadline_greedy,congested,100,100.0,250,32.90618080133572,45.22195500030648,53.2414129906101,57.1629999903962,32.90618080133572,0.0,0.8127137591838837,0.8127137591838837,0.0,0.0,0.0,0.0,0.0,0.0,0.0,0.0,0.0,0.0,0.0,0.0,0.0,0.0,100.0,0.0,0.0,0.0,0,0.0,0.6419094815733344,0.764562622444788,0.0,1.0,250,100.0
confidence_deadline,congested,100,100.0,250,32.90618080133572,45.22195500030648,53.2414129906101,57.1629999903962,32.90618080133572,0.0,0.8127137591838837,0.8127137591838837,0.0,0.0,0.0,0.0,0.0,0.0,0.0,0.0,0.0,0.0,0.0,0.0,0.0,0.0,100.0,0.0,0.0,0.0,0,0.0,0.6419094815733344,0.764562622444788,0.0,1.0,250,100.0
oracle_feasible,congested,100,100.0,250,70.4169731753868,97.71819267717986,99.55498745713794,99.93237454461313,70.4169731753868,0.0,0.8751220945119857,0.8751220945119857,4200.0,16.8,16800.0,0.0,0.0,0.0,0.672,1.0,1.0,0.672,0.0,0.0,0.0,0.0,32.800000000000004,67.2,0.0,0.0,97,388.0,0.70606692036698,0.8046722651022015,0.672,1.0,250,100.0
local_only,congested,101,100.0,250,32.90618080133572,45.22195500030648,53.2414129906101,57.1629999903962,32.90618080133572,0.0,0.8127137591838837,0.8127137591838837,0.0,0.0,0.0,0.0,0.0,0.0,0.0,0.0,0.0,0.0,0.0,0.0,0.0,0.0,100.0,0.0,0.0,0.0,0,0.0,0.6419094815733344,0.764562622444788,0.0,1.0,250,100.0
edge_only,congested,101,100.0,250,104.52446471672467,141.0750650189584,151.34015997871754,154.7997000394389,104.52446471672467,0.34,0.8623064000606537,0.5801978347301483,6250.0,25.0,25000.0,0.34,0.0,0.0,1.0,0.948,0.66,0.66,0.288,0.0,0.052,0.0,0.0,100.0,0.0,0.0,0,0.0,0.4818100777978136,0.5156345247109578,0.66,0.66,250,100.0
cloud_only,congested,101,100.0,250,132.90618080133572,145.22195500030648,153.2414129906101,157.1629999903962,132.90618080133572,1.0,0.8127137591838837,0.0,8750.0,35.0,35000.0,1.0,0.0,0.0,1.0,0.912,0.0,0.0,0.912,0.0,0.088,0.0,0.0,100.0,0.0,0.0,0,0.0,0.0,0.0,0.0,0.0,250,100.0
dapper,congested,101,100.0,250,32.39387440116517,45.22195500030648,53.2414129906101,57.1629999903962,32.39387440116517,0.0,0.8146125173568726,0.8146125173568726,0.0,0.0,0.0,0.016,0.016,0.0,0.0,0.0,0.0,0.0,0.0,0.0,0.0,0.0,98.4,0.0,0.0,1.6,6,24.0,0.6349683051027462,0.7539469111921342,0.0,0.984,250,100.0
deadline_greedy,congested,101,100.0,250,32.90618080133572,45.22195500030648,53.2414129906101,57.1629999903962,32.90618080133572,0.0,0.8127137591838837,0.8127137591838837,0.0,0.0,0.0,0.0,0.0,0.0,0.0,0.0,0.0,0.0,0.0,0.0,0.0,0.0,100.0,0.0,0.0,0.0,0,0.0,0.6419094815733344,0.764562622444788,0.0,1.0,250,100.0
confidence_deadline,congested,101,100.0,250,32.90618080133572,45.22195500030648,53.2414129906101,57.1629999903962,32.90618080133572,0.0,0.8127137591838837,0.8127137591838837,0.0,0.0,0.0,0.0,0.0,0.0,0.0,0.0,0.0,0.0,0.0,0.0,0.0,0.0,100.0,0.0,0.0,0.0,0,0.0,0.6419094815733344,0.764562622444788,0.0,1.0,250,100.0
oracle_feasible,congested,101,100.0,250,66.56952602717854,98.65071016253039,99.51333619984862,99.57283415779844,66.56952602717854,0.0,0.8682442889213562,0.8682442889213562,3650.0,14.6,14600.0,0.0,0.0,0.0,0.584,1.0,1.0,0.584,0.0,0.0,0.0,0.0,41.6,58.4,0.0,0.0,97,388.0,0.6993420066735067,0.7932711220131603,0.584,1.0,250,100.0
local_only,congested,102,100.0,250,32.90618080133572,45.22195500030648,53.2414129906101,57.1629999903962,32.90618080133572,0.0,0.8127137591838837,0.8127137591838837,0.0,0.0,0.0,0.0,0.0,0.0,0.0,0.0,0.0,0.0,0.0,0.0,0.0,0.0,100.0,0.0,0.0,0.0,0,0.0,0.6419094815733344,0.764562622444788,0.0,1.0,250,100.0
edge_only,congested,102,100.0,250,105.1138850784257,141.49196499201935,153.2414129906101,157.1629999903962,105.1138850784257,0.372,0.8567427550554275,0.5576564300060273,6250.0,25.0,25000.0,0.372,0.0,0.0,1.0,0.96,0.628,0.628,0.332,0.0,0.04,0.0,0.0,100.0,0.0,0.0,0,0.0,0.4704374982813193,0.5235170084692377,0.628,0.628,250,100.0
cloud_only,congested,102,100.0,250,132.90618080133572,145.22195500030648,153.2414129906101,157.1629999903962,132.90618080133572,1.0,0.8127137591838837,0.0,8750.0,35.0,35000.0,1.0,0.0,0.0,1.0,0.948,0.0,0.0,0.948,0.0,0.052,0.0,0.0,100.0,0.0,0.0,0,0.0,0.0,0.0,0.0,0.0,250,100.0
dapper,congested,102,100.0,250,32.66574000133388,45.22195500030648,53.2414129906101,57.1629999903962,32.66574000133388,0.0,0.8131405553817749,0.8131405553817749,0.0,0.0,0.0,0.008,0.008,0.0,0.0,0.0,0.0,0.0,0.0,0.0,0.0,0.0,99.2,0.0,0.0,0.8,4,16.0,0.638576148240001,0.7581931956931957,0.0,0.992,250,100.0
deadline_greedy,congested,102,100.0,250,32.90618080133572,45.22195500030648,53.2414129906101,57.1629999903962,32.90618080133572,0.0,0.8127137591838837,0.8127137591838837,0.0,0.0,0.0,0.0,0.0,0.0,0.0,0.0,0.0,0.0,0.0,0.0,0.0,0.0,100.0,0.0,0.0,0.0,0,0.0,0.6419094815733344,0.764562622444788,0.0,1.0,250,100.0
confidence_deadline,congested,102,100.0,250,32.90618080133572,45.22195500030648,53.2414129906101,57.1629999903962,32.90618080133572,0.0,0.8127137591838837,0.8127137591838837,0.0,0.0,0.0,0.0,0.0,0.0,0.0,0.0,0.0,0.0,0.0,0.0,0.0,0.0,100.0,0.0,0.0,0.0,0,0.0,0.6419094815733344,0.764562622444788,0.0,1.0,250,100.0
oracle_feasible,congested,102,100.0,250,64.49738087689994,97.71757865683243,99.49385342629672,99.91141103305944,64.49738087689994,0.0,0.862395478606224,0.862395478606224,3525.0,14.1,14100.0,0.0,0.0,0.0,0.564,1.0,1.0,0.564,0.0,0.0,0.0,0.0,43.6,56.39999999999999,0.0,0.0,99,396.0,0.6975390270184985,0.8035494494889398,0.564,1.0,250,100.0
local_only,congested,103,100.0,250,32.90618080133572,45.22195500030648,53.2414129906101,57.1629999903962,32.90618080133572,0.0,0.8127137591838837,0.8127137591838837,0.0,0.0,0.0,0.0,0.0,0.0,0.0,0.0,0.0,0.0,0.0,0.0,0.0,0.0,100.0,0.0,0.0,0.0,0,0.0,0.6419094815733344,0.764562622444788,0.0,1.0,250,100.0
edge_only,congested,103,100.0,250,104.42277550998281,142.14389998815022,151.34015997871754,154.7997000394389,104.42277550998281,0.332,0.8619150496721267,0.5937241399288178,6250.0,25.0,25000.0,0.332,0.0,0.0,1.0,0.96,0.668,0.668,0.292,0.0,0.04,0.0,0.0,100.0,0.0,0.0,0,0.0,0.490952471128597,0.5416798965365843,0.668,0.668,250,100.0
cloud_only,congested,103,100.0,250,132.90618080133572,145.22195500030648,153.2414129906101,157.1629999903962,132.90618080133572,1.0,0.8127137591838837,0.0,8750.0,35.0,35000.0,1.0,0.0,0.0,1.0,0.964,0.0,0.0,0.964,0.0,0.036,0.0,0.0,100.0,0.0,0.0,0,0.0,0.0,0.0,0.0,0.0,250,100.0
dapper,congested,103,100.0,250,32.67249280153029,45.22195500030648,53.2414129906101,57.1629999903962,32.67249280153029,0.0,0.81355244410038,0.81355244410038,0.0,0.0,0.0,0.008,0.008,0.0,0.0,0.0,0.0,0.0,0.0,0.0,0.0,0.0,99.2,0.0,0.0,0.8,4,16.0,0.6404094815733343,0.7581931956931957,0.0,0.992,250,100.0
deadline_greedy,congested,103,100.0,250,32.90618080133572,45.22195500030648,53.2414129906101,57.1629999903962,32.90618080133572,0.0,0.8127137591838837,0.8127137591838837,0.0,0.0,0.0,0.0,0.0,0.0,0.0,0.0,0.0,0.0,0.0,0.0,0.0,0.0,100.0,0.0,0.0,0.0,0,0.0,0.6419094815733344,0.764562622444788,0.0,1.0,250,100.0
confidence_deadline,congested,103,100.0,250,32.90618080133572,45.22195500030648,53.2414129906101,57.1629999903962,32.90618080133572,0.0,0.8127137591838837,0.8127137591838837,0.0,0.0,0.0,0.0,0.0,0.0,0.0,0.0,0.0,0.0,0.0,0.0,0.0,0.0,100.0,0.0,0.0,0.0,0,0.0,0.6419094815733344,0.764562622444788,0.0,1.0,250,100.0
oracle_feasible,congested,103,100.0,250,68.32416499595554,98.59096553384092,99.42655402711522,99.98423825761145,68.32416499595554,0.0,0.8638734732866287,0.8638734732866287,3850.0,15.4,15400.0,0.0,0.0,0.0,0.616,1.0,1.0,0.616,0.0,0.0,0.0,0.0,38.4,61.6,0.0,0.0,95,380.0,0.7007569610002256,0.8022592322751559,0.616,1.0,250,100.0
local_only,congested,104,100.0,250,32.90618080133572,45.22195500030648,53.2414129906101,57.1629999903962,32.90618080133572,0.0,0.8127137591838837,0.8127137591838837,0.0,0.0,0.0,0.0,0.0,0.0,0.0,0.0,0.0,0.0,0.0,0.0,0.0,0.0,100.0,0.0,0.0,0.0,0,0.0,0.6419094815733344,0.764562622444788,0.0,1.0,250,100.0
edge_only,congested,104,100.0,250,104.5216340062611,142.14389998815022,153.2414129906101,157.1629999903962,104.5216340062611,0.348,0.8569956096410751,0.5784972531795501,6250.0,25.0,25000.0,0.348,0.0,0.0,1.0,0.948,0.652,0.652,0.296,0.0,0.052,0.0,0.0,100.0,0.0,0.0,0,0.0,0.4758117562878822,0.5428871553075374,0.652,0.652,250,100.0
cloud_only,congested,104,100.0,250,132.90618080133572,145.22195500030648,153.2414129906101,157.1629999903962,132.90618080133572,1.0,0.8127137591838837,0.0,8750.0,35.0,35000.0,1.0,0.0,0.0,1.0,0.936,0.0,0.0,0.936,0.0,0.064,0.0,0.0,100.0,0.0,0.0,0,0.0,0.0,0.0,0.0,0.0,250,100.0
dapper,congested,104,100.0,250,32.77959560118243,45.22195500030648,53.2414129906101,57.1629999903962,32.77959560118243,0.0,0.8125911209583282,0.8125911209583282,0.0,0.0,0.0,0.004,0.004,0.0,0.0,0.0,0.0,0.0,0.0,0.0,0.0,0.0,99.6,0.0,0.0,0.4,2,8.0,0.6403094815733343,0.7581931956931957,0.0,0.996,250,100.0
deadline_greedy,congested,104,100.0,250,32.90618080133572,45.22195500030648,53.2414129906101,57.1629999903962,32.90618080133572,0.0,0.8127137591838837,0.8127137591838837,0.0,0.0,0.0,0.0,0.0,0.0,0.0,0.0,0.0,0.0,0.0,0.0,0.0,0.0,100.0,0.0,0.0,0.0,0,0.0,0.6419094815733344,0.764562622444788,0.0,1.0,250,100.0
confidence_deadline,congested,104,100.0,250,32.90618080133572,45.22195500030648,53.2414129906101,57.1629999903962,32.90618080133572,0.0,0.8127137591838837,0.8127137591838837,0.0,0.0,0.0,0.0,0.0,0.0,0.0,0.0,0.0,0.0,0.0,0.0,0.0,0.0,100.0,0.0,0.0,0.0,0,0.0,0.6419094815733344,0.764562622444788,0.0,1.0,250,100.0
oracle_feasible,congested,104,100.0,250,65.30777126797899,98.00679546630579,99.23571288397784,99.86488072151401,65.30777126797899,0.0,0.8606758996248245,0.8606758996248245,3575.0,14.3,14300.0,0.0,0.0,0.0,0.572,1.0,1.0,0.572,0.0,0.0,0.0,0.0,42.8,57.199999999999996,0.0,0.0,85,340.0,0.6974036087968735,0.7876860135618098,0.572,1.0,250,100.0
local_only,congested,105,100.0,250,32.90618080133572,45.22195500030648,53.2414129906101,57.1629999903962,32.90618080133572,0.0,0.8127137591838837,0.8127137591838837,0.0,0.0,0.0,0.0,0.0,0.0,0.0,0.0,0.0,0.0,0.0,0.0,0.0,0.0,100.0,0.0,0.0,0.0,0,0.0,0.6419094815733344,0.764562622444788,0.0,1.0,250,100.0
edge_only,congested,105,100.0,250,104.60053928541726,141.52450000401586,151.34015997871754,154.7997000394389,104.60053928541726,0.364,0.8552031605243683,0.561602322101593,6250.0,25.0,25000.0,0.364,0.0,0.0,1.0,0.932,0.636,0.636,0.296,0.0,0.068,0.0,0.0,100.0,0.0,0.0,0,0.0,0.4663446669830571,0.5276914433761568,0.636,0.636,250,100.0
cloud_only,congested,105,100.0,250,132.90618080133572,145.22195500030648,153.2414129906101,157.1629999903962,132.90618080133572,1.0,0.8127137591838837,0.0,8750.0,35.0,35000.0,1.0,0.0,0.0,1.0,0.96,0.0,0.0,0.96,0.0,0.04,0.0,0.0,100.0,0.0,0.0,0,0.0,0.0,0.0,0.0,0.0,250,100.0
dapper,congested,105,100.0,250,32.06138720160536,45.22195500030648,53.2414129906101,57.1629999903962,32.06138720160536,0.0,0.8103248429298401,0.8103248429298401,0.0,0.0,0.0,0.028,0.028,0.0,0.0,0.0,0.0,0.0,0.0,0.0,0.0,0.0,97.2,0.0,0.0,2.8000000000000003,10,40.0,0.6221983704622233,0.7390849154384186,0.0,0.972,250,100.0
deadline_greedy,congested,105,100.0,250,32.90618080133572,45.22195500030648,53.2414129906101,57.1629999903962,32.90618080133572,0.0,0.8127137591838837,0.8127137591838837,0.0,0.0,0.0,0.0,0.0,0.0,0.0,0.0,0.0,0.0,0.0,0.0,0.0,0.0,100.0,0.0,0.0,0.0,0,0.0,0.6419094815733344,0.764562622444788,0.0,1.0,250,100.0
confidence_deadline,congested,105,100.0,250,32.90618080133572,45.22195500030648,53.2414129906101,57.1629999903962,32.90618080133572,0.0,0.8127137591838837,0.8127137591838837,0.0,0.0,0.0,0.0,0.0,0.0,0.0,0.0,0.0,0.0,0.0,0.0,0.0,0.0,100.0,0.0,0.0,0.0,0,0.0,0.6419094815733344,0.764562622444788,0.0,1.0,250,100.0
oracle_feasible,congested,105,100.0,250,64.2978371280648,97.267266132495,99.12693182282676,99.98682212796504,64.2978371280648,0.0,0.8589615190029144,0.8589615190029144,3525.0,14.1,14100.0,0.0,0.0,0.0,0.564,1.0,1.0,0.564,0.0,0.0,0.0,0.0,43.6,56.39999999999999,0.0,0.0,91,364.0,0.6964110735543382,0.7974576644162632,0.564,1.0,250,100.0
local_only,congested,106,100.0,250,32.90618080133572,45.22195500030648,53.2414129906101,57.1629999903962,32.90618080133572,0.0,0.8127137591838837,0.8127137591838837,0.0,0.0,0.0,0.0,0.0,0.0,0.0,0.0,0.0,0.0,0.0,0.0,0.0,0.0,100.0,0.0,0.0,0.0,0,0.0,0.6419094815733344,0.764562622444788,0.0,1.0,250,100.0
edge_only,congested,106,100.0,250,104.01126692567094,141.48692497983572,153.2414129906101,157.1629999903962,104.01126692567094,0.328,0.8625880664587021,0.599120091676712,6250.0,25.0,25000.0,0.328,0.0,0.0,1.0,0.98,0.672,0.672,0.308,0.0,0.02,0.0,0.0,100.0,0.0,0.0,0,0.0,0.495521219047345,0.5533144668494986,0.672,0.672,250,100.0
cloud_only,congested,106,100.0,250,132.90618080133572,145.22195500030648,153.2414129906101,157.1629999903962,132.90618080133572,1.0,0.8127137591838837,0.0,8750.0,35.0,35000.0,1.0,0.0,0.0,1.0,0.964,0.0,0.0,0.964,0.0,0.036,0.0,0.0,100.0,0.0,0.0,0,0.0,0.0,0.0,0.0,0.0,250,100.0
dapper,congested,106,100.0,250,32.274088401328775,44.68340501480268,53.2414129906101,57.1629999903962,32.274088401328775,0.0,0.8184859127998352,0.8184859127998352,0.0,0.0,0.0,0.02,0.02,0.0,0.0,0.0,0.0,0.0,0.0,0.0,0.0,0.0,98.0,0.0,0.0,2.0,6,24.0,0.6308142434780962,0.7602198314777933,0.0,0.98,250,100.0
deadline_greedy,congested,106,100.0,250,32.90618080133572,45.22195500030648,53.2414129906101,57.1629999903962,32.90618080133572,0.0,0.8127137591838837,0.8127137591838837,0.0,0.0,0.0,0.0,0.0,0.0,0.0,0.0,0.0,0.0,0.0,0.0,0.0,0.0,100.0,0.0,0.0,0.0,0,0.0,0.6419094815733344,0.764562622444788,0.0,1.0,250,100.0
confidence_deadline,congested,106,100.0,250,32.90618080133572,45.22195500030648,53.2414129906101,57.1629999903962,32.90618080133572,0.0,0.8127137591838837,0.8127137591838837,0.0,0.0,0.0,0.0,0.0,0.0,0.0,0.0,0.0,0.0,0.0,0.0,0.0,0.0,100.0,0.0,0.0,0.0,0,0.0,0.6419094815733344,0.764562622444788,0.0,1.0,250,100.0
oracle_feasible,congested,106,100.0,250,67.44690381871159,98.1339014934226,99.45769914525997,99.61812284073703,67.44690381871159,0.0,0.8644055935144425,0.8644055935144425,3775.0,15.1,15100.0,0.0,0.0,0.0,0.604,1.0,1.0,0.604,0.0,0.0,0.0,0.0,39.6,60.4,0.0,0.0,97,388.0,0.6932673450606096,0.8076557996143984,0.604,1.0,250,100.0
local_only,congested,107,100.0,250,32.90618080133572,45.22195500030648,53.2414129906101,57.1629999903962,32.90618080133572,0.0,0.8127137591838837,0.8127137591838837,0.0,0.0,0.0,0.0,0.0,0.0,0.0,0.0,0.0,0.0,0.0,0.0,0.0,0.0,100.0,0.0,0.0,0.0,0,0.0,0.6419094815733344,0.764562622444788,0.0,1.0,250,100.0
edge_only,congested,107,100.0,250,101.21861608472271,141.52450000401586,153.2414129906101,157.1629999903962,101.21861608472271,0.284,0.8578323278427123,0.630804539680481,6250.0,25.0,25000.0,0.284,0.0,0.0,1.0,0.936,0.716,0.716,0.22,0.0,0.064,0.0,0.0,100.0,0.0,0.0,0,0.0,0.5145655582330635,0.5913808502184298,0.716,0.716,250,100.0
cloud_only,congested,107,100.0,250,132.90618080133572,145.22195500030648,153.2414129906101,157.1629999903962,132.90618080133572,1.0,0.8127137591838837,0.0,8750.0,35.0,35000.0,1.0,0.0,0.0,1.0,0.952,0.0,0.0,0.952,0.0,0.048,0.0,0.0,100.0,0.0,0.0,0,0.0,0.0,0.0,0.0,0.0,250,100.0
dapper,congested,107,100.0,250,32.90618080133572,45.22195500030648,53.2414129906101,57.1629999903962,32.90618080133572,0.0,0.8127137591838837,0.8127137591838837,0.0,0.0,0.0,0.0,0.0,0.0,0.0,0.0,0.0,0.0,0.0,0.0,0.0,0.0,100.0,0.0,0.0,0.0,0,0.0,0.6419094815733344,0.764562622444788,0.0,1.0,250,100.0
deadline_greedy,congested,107,100.0,250,32.90618080133572,45.22195500030648,53.2414129906101,57.1629999903962,32.90618080133572,0.0,0.8127137591838837,0.8127137591838837,0.0,0.0,0.0,0.0,0.0,0.0,0.0,0.0,0.0,0.0,0.0,0.0,0.0,0.0,100.0,0.0,0.0,0.0,0,0.0,0.6419094815733344,0.764562622444788,0.0,1.0,250,100.0
confidence_deadline,congested,107,100.0,250,32.90618080133572,45.22195500030648,53.2414129906101,57.1629999903962,32.90618080133572,0.0,0.8127137591838837,0.8127137591838837,0.0,0.0,0.0,0.0,0.0,0.0,0.0,0.0,0.0,0.0,0.0,0.0,0.0,0.0,100.0,0.0,0.0,0.0,0,0.0,0.6419094815733344,0.764562622444788,0.0,1.0,250,100.0
oracle_feasible,congested,107,100.0,250,68.45846193765937,97.96601981792018,99.83642682308933,99.92970144370028,68.45846193765937,0.0,0.863615033864975,0.863615033864975,3975.0,15.9,15900.0,0.0,0.0,0.0,0.636,1.0,1.0,0.636,0.0,0.0,0.0,0.0,36.4,63.6,0.0,0.0,93,372.0,0.698788971518443,0.8034024627177494,0.636,1.0,250,100.0
local_only,congested,108,100.0,250,32.90618080133572,45.22195500030648,53.2414129906101,57.1629999903962,32.90618080133572,0.0,0.8127137591838837,0.8127137591838837,0.0,0.0,0.0,0.0,0.0,0.0,0.0,0.0,0.0,0.0,0.0,0.0,0.0,0.0,100.0,0.0,0.0,0.0,0,0.0,0.6419094815733344,0.764562622444788,0.0,1.0,250,100.0
edge_only,congested,108,100.0,250,106.83738475691804,141.52450000401586,151.34015997871754,154.7997000394389,106.83738475691804,0.4,0.852405685544014,0.5310522119998932,6250.0,25.0,25000.0,0.4,0.0,0.0,1.0,0.948,0.6,0.6,0.348,0.0,0.052,0.0,0.0,100.0,0.0,0.0,0,0.0,0.43646308764285696,0.475509098120563,0.6,0.6,250,100.0
cloud_only,congested,108,100.0,250,132.90618080133572,145.22195500030648,153.2414129906101,157.1629999903962,132.90618080133572,1.0,0.8127137591838837,0.0,8750.0,35.0,35000.0,1.0,0.0,0.0,1.0,0.948,0.0,0.0,0.948,0.0,0.052,0.0,0.0,100.0,0.0,0.0,0,0.0,0.0,0.0,0.0,0.0,250,100.0
dapper,congested,108,100.0,250,32.51558680123463,45.22195500030648,53.2414129906101,57.1629999903962,32.51558680123463,0.0,0.8133571639060974,0.8133571639060974,0.0,0.0,0.0,0.012,0.012,0.0,0.0,0.0,0.0,0.0,0.0,0.0,0.0,0.0,98.8,0.0,0.0,1.2,4,16.0,0.6327094815733344,0.7518237689416033,0.0,0.988,250,100.0
deadline_greedy,congested,108,100.0,250,32.90618080133572,45.22195500030648,53.2414129906101,57.1629999903962,32.90618080133572,0.0,0.8127137591838837,0.8127137591838837,0.0,0.0,0.0,0.0,0.0,0.0,0.0,0.0,0.0,0.0,0.0,0.0,0.0,0.0,100.0,0.0,0.0,0.0,0,0.0,0.6419094815733344,0.764562622444788,0.0,1.0,250,100.0
confidence_deadline,congested,108,100.0,250,32.90618080133572,45.22195500030648,53.2414129906101,57.1629999903962,32.90618080133572,0.0,0.8127137591838837,0.8127137591838837,0.0,0.0,0.0,0.0,0.0,0.0,0.0,0.0,0.0,0.0,0.0,0.0,0.0,0.0,100.0,0.0,0.0,0.0,0,0.0,0.6419094815733344,0.764562622444788,0.0,1.0,250,100.0
oracle_feasible,congested,108,100.0,250,63.12165795563675,97.44923870733825,99.6085647132293,99.97972240819335,63.12165795563675,0.0,0.8556926554441452,0.8556926554441452,3325.0,13.3,13300.0,0.0,0.0,0.0,0.532,1.0,1.0,0.532,0.0,0.0,0.0,0.0,46.800000000000004,53.2,0.0,0.0,99,396.0,0.6937224658019372,0.7959551329774259,0.532,1.0,250,100.0
local_only,congested,109,100.0,250,32.90618080133572,45.22195500030648,53.2414129906101,57.1629999903962,32.90618080133572,0.0,0.8127137591838837,0.8127137591838837,0.0,0.0,0.0,0.0,0.0,0.0,0.0,0.0,0.0,0.0,0.0,0.0,0.0,0.0,100.0,0.0,0.0,0.0,0,0.0,0.6419094815733344,0.764562622444788,0.0,1.0,250,100.0
edge_only,congested,109,100.0,250,98.83418476549465,140.80027000163682,151.34015997871754,154.7997000394389,98.83418476549465,0.228,0.8632049815654754,0.6796105699539184,6250.0,25.0,25000.0,0.228,0.0,0.0,1.0,0.944,0.772,0.772,0.172,0.0,0.056,0.0,0.0,100.0,0.0,0.0,0,0.0,0.5680397572366743,0.606864817772461,0.772,0.772,250,100.0
cloud_only,congested,109,100.0,250,132.90618080133572,145.22195500030648,153.2414129906101,157.1629999903962,132.90618080133572,1.0,0.8127137591838837,0.0,8750.0,35.0,35000.0,1.0,0.0,0.0,1.0,0.952,0.0,0.0,0.952,0.0,0.048,0.0,0.0,100.0,0.0,0.0,0,0.0,0.0,0.0,0.0,0.0,250,100.0
dapper,congested,109,100.0,250,32.90618080133572,45.22195500030648,53.2414129906101,57.1629999903962,32.90618080133572,0.0,0.8127137591838837,0.8127137591838837,0.0,0.0,0.0,0.0,0.0,0.0,0.0,0.0,0.0,0.0,0.0,0.0,0.0,0.0,100.0,0.0,0.0,0.0,0,0.0,0.6419094815733344,0.764562622444788,0.0,1.0,250,100.0
deadline_greedy,congested,109,100.0,250,32.90618080133572,45.22195500030648,53.2414129906101,57.1629999903962,32.90618080133572,0.0,0.8127137591838837,0.8127137591838837,0.0,0.0,0.0,0.0,0.0,0.0,0.0,0.0,0.0,0.0,0.0,0.0,0.0,0.0,100.0,0.0,0.0,0.0,0,0.0,0.6419094815733344,0.764562622444788,0.0,1.0,250,100.0
confidence_deadline,congested,109,100.0,250,32.90618080133572,45.22195500030648,53.2414129906101,57.1629999903962,32.90618080133572,0.0,0.8127137591838837,0.8127137591838837,0.0,0.0,0.0,0.0,0.0,0.0,0.0,0.0,0.0,0.0,0.0,0.0,0.0,0.0,100.0,0.0,0.0,0.0,0,0.0,0.6419094815733344,0.764562622444788,0.0,1.0,250,100.0
oracle_feasible,congested,109,100.0,250,71.30170794369167,98.25989957706553,99.17487347616976,99.53919510850253,71.30170794369167,0.0,0.8692624943256378,0.8692624943256378,4275.0,17.1,17100.0,0.0,0.0,0.0,0.684,1.0,1.0,0.684,0.0,0.0,0.0,0.0,31.6,68.4,0.0,0.0,97,388.0,0.7076475035093279,0.7962613554174065,0.684,1.0,250,100.0
local_only,lossy,100,100.0,250,32.90618080133572,45.22195500030648,53.2414129906101,57.1629999903962,32.90618080133572,0.0,0.8127137591838837,0.8127137591838837,0.0,0.0,0.0,0.0,0.0,0.0,0.0,0.0,0.0,0.0,0.0,0.0,0.0,0.0,100.0,0.0,0.0,0.0,0,0.0,0.6419094815733344,0.764562622444788,0.0,1.0,250,100.0
edge_only,lossy,100,100.0,250,79.7082760896034,138.29802000254855,148.51217899587937,154.7997000394389,79.7082760896034,0.244,0.8671110632419586,0.6628402712345123,6250.0,25.0,25000.0,0.244,0.0,0.0,1.0,0.772,0.756,0.756,0.016,0.0,0.228,0.0,0.0,100.0,0.0,0.0,0,0.0,0.5478887864538499,0.619632552514718,0.756,0.756,250,100.0
cloud_only,lossy,100,100.0,250,132.90618080133572,145.22195500030648,153.2414129906101,157.1629999903962,132.90618080133572,1.0,0.8127137591838837,0.0,8750.0,35.0,35000.0,1.0,0.0,0.0,1.0,0.784,0.0,0.0,0.784,0.0,0.216,0.0,0.0,100.0,0.0,0.0,0,0.0,0.0,0.0,0.0,0.0,250,100.0
dapper,lossy,100,100.0,250,32.90618080133572,45.22195500030648,53.2414129906101,57.1629999903962,37.421256005024986,0.0,0.8127137591838837,0.8469455040693283,1200.0,4.8,4800.0,0.0,0.0,0.0,0.192,0.8125,0.8125,0.156,0.0,0.0,0.1875,0.0,80.80000000000001,0.0,19.2,0.0,72,288.0,0.6575951440589969,0.7677881654792482,0.156,1.0,250,100.0
deadline_greedy,lossy,100,100.0,250,32.90618080133572,45.22195500030648,53.2414129906101,57.1629999903962,32.90618080133572,0.0,0.8127137591838837,0.8127137591838837,0.0,0.0,0.0,0.0,0.0,0.0,0.0,0.0,0.0,0.0,0.0,0.0,0.0,0.0,100.0,0.0,0.0,0.0,0,0.0,0.6419094815733344,0.764562622444788,0.0,1.0,250,100.0
confidence_deadline,lossy,100,100.0,250,32.90618080133572,45.22195500030648,53.2414129906101,57.1629999903962,32.90618080133572,0.0,0.8127137591838837,0.8127137591838837,0.0,0.0,0.0,0.0,0.0,0.0,0.0,0.0,0.0,0.0,0.0,0.0,0.0,0.0,100.0,0.0,0.0,0.0,0,0.0,0.6419094815733344,0.764562622444788,0.0,1.0,250,100.0
oracle_feasible,lossy,100,100.0,250,53.007141613702466,72.0984484464677,83.77434538502399,98.29310607370542,53.007141613702466,0.0,0.872371673822403,0.872371673822403,4250.0,17.0,17000.0,0.0,0.0,0.0,0.68,1.0,1.0,0.68,0.0,0.0,0.0,0.0,32.0,68.0,0.0,0.0,107,428.0,0.7152954069131137,0.8014200855761365,0.68,1.0,250,100.0
local_only,lossy,101,100.0,250,32.90618080133572,45.22195500030648,53.2414129906101,57.1629999903962,32.90618080133572,0.0,0.8127137591838837,0.8127137591838837,0.0,0.0,0.0,0.0,0.0,0.0,0.0,0.0,0.0,0.0,0.0,0.0,0.0,0.0,100.0,0.0,0.0,0.0,0,0.0,0.6419094815733344,0.764562622444788,0.0,1.0,250,100.0
edge_only,lossy,101,100.0,250,76.47193492953106,133.74171500327066,148.12091398285702,154.7997000394389,76.47193492953106,0.216,0.8650777592658997,0.693709246635437,6250.0,25.0,25000.0,0.216,0.0,0.0,1.0,0.796,0.784,0.784,0.012,0.0,0.204,0.0,0.0,100.0,0.0,0.0,0,0.0,0.5754105352866612,0.658930427322147,0.784,0.784,250,100.0
cloud_only,lossy,101,100.0,250,132.90618080133572,145.22195500030648,153.2414129906101,157.1629999903962,132.90618080133572,1.0,0.8127137591838837,0.0,8750.0,35.0,35000.0,1.0,0.0,0.0,1.0,0.812,0.0,0.0,0.812,0.0,0.188,0.0,0.0,100.0,0.0,0.0,0,0.0,0.0,0.0,0.0,0.0,250,100.0
dapper,lossy,101,100.0,250,32.90618080133572,45.22195500030648,53.2414129906101,57.1629999903962,37.191891438543166,0.0,0.8127137591838837,0.8441895256042481,1225.0,4.9,4900.0,0.0,0.0,0.0,0.196,0.8367346938775511,0.8367346938775511,0.164,0.0,0.0,0.16326530612244897,0.0,80.4,0.0,19.6,0.0,76,304.0,0.660533239297092,0.7771054935863853,0.164,1.0,250,100.0
deadline_greedy,lossy,101,100.0,250,32.90618080133572,45.22195500030648,53.2414129906101,57.1629999903962,32.90618080133572,0.0,0.8127137591838837,0.8127137591838837,0.0,0.0,0.0,0.0,0.0,0.0,0.0,0.0,0.0,0.0,0.0,0.0,0.0,0.0,100.0,0.0,0.0,0.0,0,0.0,0.6419094815733344,0.764562622444788,0.0,1.0,250,100.0
confidence_deadline,lossy,101,100.0,250,32.90618080133572,45.22195500030648,53.2414129906101,57.1629999903962,32.90618080133572,0.0,0.8127137591838837,0.8127137591838837,0.0,0.0,0.0,0.0,0.0,0.0,0.0,0.0,0.0,0.0,0.0,0.0,0.0,0.0,100.0,0.0,0.0,0.0,0,0.0,0.6419094815733344,0.764562622444788,0.0,1.0,250,100.0
oracle_feasible,lossy,101,100.0,250,51.95770970480115,71.88711124171176,90.60320631208286,95.76463342631854,51.95770970480115,0.0,0.8716814975738525,0.8716814975738525,4300.0,17.2,17200.0,0.0,0.0,0.0,0.688,1.0,1.0,0.688,0.0,0.0,0.0,0.0,31.2,68.8,0.0,0.0,100,400.0,0.7048296771729418,0.8066997492952908,0.688,1.0,250,100.0
local_only,lossy,102,100.0,250,32.90618080133572,45.22195500030648,53.2414129906101,57.1629999903962,32.90618080133572,0.0,0.8127137591838837,0.8127137591838837,0.0,0.0,0.0,0.0,0.0,0.0,0.0,0.0,0.0,0.0,0.0,0.0,0.0,0.0,100.0,0.0,0.0,0.0,0,0.0,0.6419094815733344,0.764562622444788,0.0,1.0,250,100.0
edge_only,lossy,102,100.0,250,74.17726055225492,135.24352000385989,149.50521398568523,154.7997000394389,74.17726055225492,0.172,0.8738575158119202,0.7308698680400848,6250.0,25.0,25000.0,0.172,0.0,0.0,1.0,0.836,0.828,0.828,0.008,0.0,0.164,0.0,0.0,100.0,0.0,0.0,0,0.0,0.6108118258327717,0.6699362474044003,0.828,0.828,250,100.0
cloud_only,lossy,102,100.0,250,132.90618080133572,145.22195500030648,153.2414129906101,157.1629999903962,132.90618080133572,1.0,0.8127137591838837,0.0,8750.0,35.0,35000.0,1.0,0.0,0.0,1.0,0.804,0.0,0.0,0.804,0.0,0.196,0.0,0.0,100.0,0.0,0.0,0,0.0,0.0,0.0,0.0,0.0,250,100.0
dapper,lossy,102,100.0,250,32.90618080133572,45.22195500030648,53.2414129906101,57.1629999903962,38.02747147378183,0.0,0.8127137591838837,0.849701985001564,1275.0,5.1,5100.0,0.0,0.0,0.0,0.204,0.9019607843137255,0.9019607843137255,0.184,0.0,0.0,0.09803921568627451,0.0,79.60000000000001,0.0,20.4,0.0,82,328.0,0.6660999059637587,0.7717568083013944,0.184,1.0,250,100.0
deadline_greedy,lossy,102,100.0,250,32.90618080133572,45.22195500030648,53.2414129906101,57.1629999903962,32.90618080133572,0.0,0.8127137591838837,0.8127137591838837,0.0,0.0,0.0,0.0,0.0,0.0,0.0,0.0,0.0,0.0,0.0,0.0,0.0,0.0,100.0,0.0,0.0,0.0,0,0.0,0.6419094815733344,0.764562622444788,0.0,1.0,250,100.0
confidence_deadline,lossy,102,100.0,250,32.90618080133572,45.22195500030648,53.2414129906101,57.1629999903962,32.90618080133572,0.0,0.8127137591838837,0.8127137591838837,0.0,0.0,0.0,0.0,0.0,0.0,0.0,0.0,0.0,0.0,0.0,0.0,0.0,0.0,100.0,0.0,0.0,0.0,0,0.0,0.6419094815733344,0.764562622444788,0.0,1.0,250,100.0
oracle_feasible,lossy,102,100.0,250,54.623266509130616,72.10135535330822,82.76393941512377,97.70777940636559,54.623266509130616,0.0,0.8787243382930756,0.8787243382930756,4650.0,18.6,18600.0,0.0,0.0,0.0,0.744,1.0,1.0,0.744,0.0,0.0,0.0,0.0,25.6,74.4,0.0,0.0,97,388.0,0.7165990548991146,0.8089167997607488,0.744,1.0,250,100.0
local_only,lossy,103,100.0,250,32.90618080133572,45.22195500030648,53.2414129906101,57.1629999903962,32.90618080133572,0.0,0.8127137591838837,0.8127137591838837,0.0,0.0,0.0,0.0,0.0,0.0,0.0,0.0,0.0,0.0,0.0,0.0,0.0,0.0,100.0,0.0,0.0,0.0,0,0.0,0.6419094815733344,0.764562622444788,0.0,1.0,250,100.0
edge_only,lossy,103,100.0,250,75.09474330582455,134.15697499585804,143.2098940317519,154.7997000394389,75.09474330582455,0.192,0.8708253948688507,0.7171581888198852,6250.0,25.0,25000.0,0.192,0.0,0.0,1.0,0.82,0.808,0.808,0.012,0.0,0.18,0.0,0.0,100.0,0.0,0.0,0,0.0,0.5957327344711245,0.682791651024135,0.808,0.808,250,100.0
cloud_only,lossy,103,100.0,250,132.90618080133572,145.22195500030648,153.2414129906101,157.1629999903962,132.90618080133572,1.0,0.8127137591838837,0.0,8750.0,35.0,35000.0,1.0,0.0,0.0,1.0,0.832,0.0,0.0,0.832,0.0,0.168,0.0,0.0,100.0,0.0,0.0,0,0.0,0.0,0.0,0.0,0.0,250,100.0
dapper,lossy,103,100.0,250,32.90618080133572,45.22195500030648,53.2414129906101,57.1629999903962,36.972647070808286,0.0,0.8127137591838837,0.8423134640455247,1200.0,4.8,4800.0,0.0,0.0,0.0,0.192,0.75,0.75,0.144,0.0,0.0,0.25,0.0,80.80000000000001,0.0,19.2,0.0,68,272.0,0.6551427631066159,0.7704829229510758,0.144,1.0,250,100.0
deadline_greedy,lossy,103,100.0,250,32.90618080133572,45.22195500030648,53.2414129906101,57.1629999903962,32.90618080133572,0.0,0.8127137591838837,0.8127137591838837,0.0,0.0,0.0,0.0,0.0,0.0,0.0,0.0,0.0,0.0,0.0,0.0,0.0,0.0,100.0,0.0,0.0,0.0,0,0.0,0.6419094815733344,0.764562622444788,0.0,1.0,250,100.0
confidence_deadline,lossy,103,100.0,250,32.90618080133572,45.22195500030648,53.2414129906101,57.1629999903962,32.90618080133572,0.0,0.8127137591838837,0.8127137591838837,0.0,0.0,0.0,0.0,0.0,0.0,0.0,0.0,0.0,0.0,0.0,0.0,0.0,0.0,100.0,0.0,0.0,0.0,0,0.0,0.6419094815733344,0.764562622444788,0.0,1.0,250,100.0
oracle_feasible,lossy,103,100.0,250,53.735006455587865,71.02789729095338,91.01012594328448,95.1327626066278,53.735006455587865,0.0,0.8773264529705047,0.8773264529705047,4550.0,18.2,18200.0,0.0,0.0,0.0,0.728,1.0,1.0,0.728,0.0,0.0,0.0,0.0,27.200000000000003,72.8,0.0,0.0,95,380.0,0.7181714354147,0.8079223059318602,0.728,1.0,250,100.0
local_only,lossy,104,100.0,250,32.90618080133572,45.22195500030648,53.2414129906101,57.1629999903962,32.90618080133572,0.0,0.8127137591838837,0.8127137591838837,0.0,0.0,0.0,0.0,0.0,0.0,0.0,0.0,0.0,0.0,0.0,0.0,0.0,0.0,100.0,0.0,0.0,0.0,0,0.0,0.6419094815733344,0.764562622444788,0.0,1.0,250,100.0
edge_only,lossy,104,100.0,250,78.11435163860742,136.96939001092682,148.20666499494106,154.7997000394389,78.11435163860742,0.236,0.8713817073106765,0.6722312219142914,6250.0,25.0,25000.0,0.236,0.0,0.0,1.0,0.776,0.764,0.764,0.012,0.0,0.224,0.0,0.0,100.0,0.0,0.0,0,0.0,0.5509164952045887,0.6297780510360129,0.764,0.764,250,100.0
cloud_only,lossy,104,100.0,250,132.90618080133572,145.22195500030648,153.2414129906101,157.1629999903962,132.90618080133572,1.0,0.8127137591838837,0.0,8750.0,35.0,35000.0,1.0,0.0,0.0,1.0,0.8,0.0,0.0,0.8,0.0,0.2,0.0,0.0,100.0,0.0,0.0,0,0.0,0.0,0.0,0.0,0.0,250,100.0
dapper,lossy,104,100.0,250,32.90618080133572,45.22195500030648,53.2414129906101,57.1629999903962,37.359313307743456,0.0,0.8127137591838837,0.8482731447219849,1250.0,5.0,5000.0,0.0,0.0,0.0,0.2,0.84,0.82,0.164,0.02,0.0,0.16,0.0,80.0,0.0,20.0,0.0,76,304.0,0.6629237154875682,0.77755461983169,0.164,1.0,250,100.0
deadline_greedy,lossy,104,100.0,250,32.90618080133572,45.22195500030648,53.2414129906101,57.1629999903962,32.90618080133572,0.0,0.8127137591838837,0.8127137591838837,0.0,0.0,0.0,0.0,0.0,0.0,0.0,0.0,0.0,0.0,0.0,0.0,0.0,0.0,100.0,0.0,0.0,0.0,0,0.0,0.6419094815733344,0.764562622444788,0.0,1.0,250,100.0
confidence_deadline,lossy,104,100.0,250,32.90618080133572,45.22195500030648,53.2414129906101,57.1629999903962,32.90618080133572,0.0,0.8127137591838837,0.8127137591838837,0.0,0.0,0.0,0.0,0.0,0.0,0.0,0.0,0.0,0.0,0.0,0.0,0.0,0.0,100.0,0.0,0.0,0.0,0,0.0,0.6419094815733344,0.764562622444788,0.0,1.0,250,100.0
oracle_feasible,lossy,104,100.0,250,51.9803583971601,69.42201608516488,81.589090652017,94.99566733495638,51.9803583971601,0.0,0.8750480185747147,0.8750480185747147,4200.0,16.8,16800.0,0.0,0.0,0.0,0.672,1.0,1.0,0.672,0.0,0.0,0.0,0.0,32.800000000000004,67.2,0.0,0.0,125,500.0,0.718271877501349,0.8129116902206075,0.672,1.0,250,100.0
local_only,lossy,105,100.0,250,32.90618080133572,45.22195500030648,53.2414129906101,57.1629999903962,32.90618080133572,0.0,0.8127137591838837,0.8127137591838837,0.0,0.0,0.0,0.0,0.0,0.0,0.0,0.0,0.0,0.0,0.0,0.0,0.0,0.0,100.0,0.0,0.0,0.0,0,0.0,0.6419094815733344,0.764562622444788,0.0,1.0,250,100.0
edge_only,lossy,105,100.0,250,75.98113305657,137.41014504048508,149.50521398568523,154.7997000394389,75.98113305657,0.212,0.8707027344703674,0.6953911535739898,6250.0,25.0,25000.0,0.212,0.0,0.0,1.0,0.804,0.788,0.788,0.016,0.0,0.196,0.0,0.0,100.0,0.0,0.0,0,0.0,0.5803623989740219,0.6163792948028617,0.788,0.788,250,100.0
cloud_only,lossy,105,100.0,250,132.90618080133572,145.22195500030648,153.2414129906101,157.1629999903962,132.90618080133572,1.0,0.8127137591838837,0.0,8750.0,35.0,35000.0,1.0,0.0,0.0,1.0,0.768,0.0,0.0,0.768,0.0,0.232,0.0,0.0,100.0,0.0,0.0,0,0.0,0.0,0.0,0.0,0.0,250,100.0
dapper,lossy,105,100.0,250,32.90618080133572,45.22195500030648,53.2414129906101,57.1629999903962,37.62194418459897,0.0,0.8127137591838837,0.8410213549137115,1300.0,5.2,5200.0,0.0,0.0,0.0,0.208,0.8461538461538461,0.8269230769230769,0.172,0.019230769230769232,0.0,0.15384615384615385,0.0,79.2,0.0,20.8,0.0,78,312.0,0.6602665726304254,0.7759622631437919,0.172,1.0,250,100.0
deadline_greedy,lossy,105,100.0,250,32.90618080133572,45.22195500030648,53.2414129906101,57.1629999903962,32.90618080133572,0.0,0.8127137591838837,0.8127137591838837,0.0,0.0,0.0,0.0,0.0,0.0,0.0,0.0,0.0,0.0,0.0,0.0,0.0,0.0,100.0,0.0,0.0,0.0,0,0.0,0.6419094815733344,0.764562622444788,0.0,1.0,250,100.0
confidence_deadline,lossy,105,100.0,250,32.90618080133572,45.22195500030648,53.2414129906101,57.1629999903962,32.90618080133572,0.0,0.8127137591838837,0.8127137591838837,0.0,0.0,0.0,0.0,0.0,0.0,0.0,0.0,0.0,0.0,0.0,0.0,0.0,0.0,100.0,0.0,0.0,0.0,0,0.0,0.6419094815733344,0.764562622444788,0.0,1.0,250,100.0
oracle_feasible,lossy,105,100.0,250,52.848459727180014,71.47073285475685,85.8971858591878,94.63011998502427,52.848459727180014,0.0,0.8755459401607514,0.8755459401607514,4450.0,17.8,17800.0,0.0,0.0,0.0,0.712,1.0,1.0,0.712,0.0,0.0,0.0,0.0,28.799999999999997,71.2,0.0,0.0,95,380.0,0.7199866555337742,0.8086741549321168,0.712,1.0,250,100.0
local_only,lossy,106,100.0,250,32.90618080133572,45.22195500030648,53.2414129906101,57.1629999903962,32.90618080133572,0.0,0.8127137591838837,0.8127137591838837,0.0,0.0,0.0,0.0,0.0,0.0,0.0,0.0,0.0,0.0,0.0,0.0,0.0,0.0,100.0,0.0,0.0,0.0,0,0.0,0.6419094815733344,0.764562622444788,0.0,1.0,250,100.0
edge_only,lossy,106,100.0,250,72.66362882662158,134.54402000061233,142.56196703237944,154.7997000394389,72.66362882662158,0.152,0.8774134016036987,0.7483549299240112,6250.0,25.0,25000.0,0.152,0.0,0.0,1.0,0.856,0.848,0.848,0.008,0.0,0.144,0.0,0.0,100.0,0.0,0.0,0,0.0,0.6232620714148708,0.6770136710423335,0.848,0.848,250,100.0
cloud_only,lossy,106,100.0,250,132.90618080133572,145.22195500030648,153.2414129906101,157.1629999903962,132.90618080133572,1.0,0.8127137591838837,0.0,8750.0,35.0,35000.0,1.0,0.0,0.0,1.0,0.82,0.0,0.0,0.82,0.0,0.18,0.0,0.0,100.0,0.0,0.0,0,0.0,0.0,0.0,0.0,0.0,250,100.0
dapper,lossy,106,100.0,250,32.90618080133572,45.22195500030648,53.2414129906101,57.1629999903962,37.82127144396644,0.0,0.8127137591838837,0.8492616024017334,1175.0,4.7,4700.0,0.0,0.0,0.0,0.188,0.8936170212765957,0.8936170212765957,0.168,0.0,0.0,0.10638297872340426,0.0,81.2,0.0,18.8,0.0,76,304.0,0.6627116460754988,0.7726958904506676,0.168,1.0,250,100.0
deadline_greedy,lossy,106,100.0,250,32.90618080133572,45.22195500030648,53.2414129906101,57.1629999903962,32.90618080133572,0.0,0.8127137591838837,0.8127137591838837,0.0,0.0,0.0,0.0,0.0,0.0,0.0,0.0,0.0,0.0,0.0,0.0,0.0,0.0,100.0,0.0,0.0,0.0,0,0.0,0.6419094815733344,0.764562622444788,0.0,1.0,250,100.0
confidence_deadline,lossy,106,100.0,250,32.90618080133572,45.22195500030648,53.2414129906101,57.1629999903962,32.90618080133572,0.0,0.8127137591838837,0.8127137591838837,0.0,0.0,0.0,0.0,0.0,0.0,0.0,0.0,0.0,0.0,0.0,0.0,0.0,0.0,100.0,0.0,0.0,0.0,0,0.0,0.6419094815733344,0.764562622444788,0.0,1.0,250,100.0
oracle_feasible,lossy,106,100.0,250,55.104644359936096,71.99447757408457,95.34179480144807,98.80743550585078,55.104644359936096,0.0,0.8826324045658112,0.8826324045658112,4750.0,19.0,19000.0,0.0,0.0,0.0,0.76,1.0,1.0,0.76,0.0,0.0,0.0,0.0,24.0,76.0,0.0,0.0,93,372.0,0.7215591394768464,0.8148744302406723,0.76,1.0,250,100.0
local_only,lossy,107,100.0,250,32.90618080133572,45.22195500030648,53.2414129906101,57.1629999903962,32.90618080133572,0.0,0.8127137591838837,0.8127137591838837,0.0,0.0,0.0,0.0,0.0,0.0,0.0,0.0,0.0,0.0,0.0,0.0,0.0,0.0,100.0,0.0,0.0,0.0,0,0.0,0.6419094815733344,0.764562622444788,0.0,1.0,250,100.0
edge_only,lossy,107,100.0,250,75.8650637206486,134.225944976788,146.34414500265848,154.7997000394389,75.8650637206486,0.208,0.8669823371171951,0.7029408102035523,6250.0,25.0,25000.0,0.208,0.0,0.0,1.0,0.804,0.792,0.792,0.012,0.0,0.196,0.0,0.0,100.0,0.0,0.0,0,0.0,0.5924378304053357,0.671933683796741,0.792,0.792,250,100.0
cloud_only,lossy,107,100.0,250,132.90618080133572,145.22195500030648,153.2414129906101,157.1629999903962,132.90618080133572,1.0,0.8127137591838837,0.0,8750.0,35.0,35000.0,1.0,0.0,0.0,1.0,0.776,0.0,0.0,0.776,0.0,0.224,0.0,0.0,100.0,0.0,0.0,0,0.0,0.0,0.0,0.0,0.0,250,100.0
dapper,lossy,107,100.0,250,32.90618080133572,45.22195500030648,53.2414129906101,57.1629999903962,37.825346944980645,0.0,0.8127137591838837,0.8482297409772873,1350.0,5.4,5400.0,0.0,0.0,0.0,0.216,0.7962962962962963,0.7962962962962963,0.172,0.0,0.0,0.2037037037037037,0.0,78.4,0.0,21.6,0.0,80,320.0,0.6591362696001224,0.7688905662631778,0.172,1.0,250,100.0
deadline_greedy,lossy,107,100.0,250,32.90618080133572,45.22195500030648,53.2414129906101,57.1629999903962,32.90618080133572,0.0,0.8127137591838837,0.8127137591838837,0.0,0.0,0.0,0.0,0.0,0.0,0.0,0.0,0.0,0.0,0.0,0.0,0.0,0.0,100.0,0.0,0.0,0.0,0,0.0,0.6419094815733344,0.764562622444788,0.0,1.0,250,100.0
confidence_deadline,lossy,107,100.0,250,32.90618080133572,45.22195500030648,53.2414129906101,57.1629999903962,32.90618080133572,0.0,0.8127137591838837,0.8127137591838837,0.0,0.0,0.0,0.0,0.0,0.0,0.0,0.0,0.0,0.0,0.0,0.0,0.0,0.0,100.0,0.0,0.0,0.0,0,0.0,0.6419094815733344,0.764562622444788,0.0,1.0,250,100.0
oracle_feasible,lossy,107,100.0,250,52.63909244501311,70.6374570104195,93.85211791132615,99.45269799939355,52.63909244501311,0.0,0.873624647974968,0.873624647974968,4375.0,17.5,17500.0,0.0,0.0,0.0,0.7,1.0,1.0,0.7,0.0,0.0,0.0,0.0,30.0,70.0,0.0,0.0,107,428.0,0.7118205066499781,0.8065953420252784,0.7,1.0,250,100.0
local_only,lossy,108,100.0,250,32.90618080133572,45.22195500030648,53.2414129906101,57.1629999903962,32.90618080133572,0.0,0.8127137591838837,0.8127137591838837,0.0,0.0,0.0,0.0,0.0,0.0,0.0,0.0,0.0,0.0,0.0,0.0,0.0,0.0,100.0,0.0,0.0,0.0,0,0.0,0.6419094815733344,0.764562622444788,0.0,1.0,250,100.0
edge_only,lossy,108,100.0,250,73.74332766963424,133.4341650333954,147.85660898196505,154.7997000394389,73.74332766963424,0.188,0.875386603474617,0.7196557133197784,6250.0,25.0,25000.0,0.188,0.0,0.0,1.0,0.816,0.812,0.812,0.004,0.0,0.184,0.0,0.0,100.0,0.0,0.0,0,0.0,0.5850709296590233,0.677684638433046,0.812,0.812,250,100.0
cloud_only,lossy,108,100.0,250,132.90618080133572,145.22195500030648,153.2414129906101,157.1629999903962,132.90618080133572,1.0,0.8127137591838837,0.0,8750.0,35.0,35000.0,1.0,0.0,0.0,1.0,0.748,0.0,0.0,0.748,0.0,0.252,0.0,0.0,100.0,0.0,0.0,0,0.0,0.0,0.0,0.0,0.0,250,100.0
dapper,lossy,108,100.0,250,32.90618080133572,45.22195500030648,53.2414129906101,57.1629999903962,37.26060258772671,0.0,0.8127137591838837,0.8504280761480332,1350.0,5.4,5400.0,0.0,0.0,0.0,0.216,0.8333333333333334,0.8148148148148148,0.176,0.018518518518518517,0.0,0.16666666666666666,0.0,78.4,0.0,21.6,0.0,78,312.0,0.6632570488209016,0.7715444940763412,0.176,1.0,250,100.0
deadline_greedy,lossy,108,100.0,250,32.90618080133572,45.22195500030648,53.2414129906101,57.1629999903962,32.90618080133572,0.0,0.8127137591838837,0.8127137591838837,0.0,0.0,0.0,0.0,0.0,0.0,0.0,0.0,0.0,0.0,0.0,0.0,0.0,0.0,100.0,0.0,0.0,0.0,0,0.0,0.6419094815733344,0.764562622444788,0.0,1.0,250,100.0
confidence_deadline,lossy,108,100.0,250,32.90618080133572,45.22195500030648,53.2414129906101,57.1629999903962,32.90618080133572,0.0,0.8127137591838837,0.8127137591838837,0.0,0.0,0.0,0.0,0.0,0.0,0.0,0.0,0.0,0.0,0.0,0.0,0.0,0.0,100.0,0.0,0.0,0.0,0,0.0,0.6419094815733344,0.764562622444788,0.0,1.0,250,100.0
oracle_feasible,lossy,108,100.0,250,52.62830111606658,70.39812856379206,91.23172862876366,98.15665680877706,52.62830111606658,0.0,0.8789656463861465,0.8789656463861465,4525.0,18.1,18100.0,0.0,0.0,0.0,0.724,1.0,1.0,0.724,0.0,0.0,0.0,0.0,27.6,72.39999999999999,0.0,0.0,95,380.0,0.7110985119779835,0.8063336433559363,0.724,1.0,250,100.0
local_only,lossy,109,100.0,250,32.90618080133572,45.22195500030648,53.2414129906101,57.1629999903962,32.90618080133572,0.0,0.8127137591838837,0.8127137591838837,0.0,0.0,0.0,0.0,0.0,0.0,0.0,0.0,0.0,0.0,0.0,0.0,0.0,0.0,100.0,0.0,0.0,0.0,0,0.0,0.6419094815733344,0.764562622444788,0.0,1.0,250,100.0
edge_only,lossy,109,100.0,250,75.90422274174087,135.6048299669055,143.8157160056289,154.7997000394389,75.90422274174087,0.208,0.8658625189065933,0.7000468709468841,6250.0,25.0,25000.0,0.208,0.0,0.0,1.0,0.8,0.792,0.792,0.008,0.0,0.2,0.0,0.0,100.0,0.0,0.0,0,0.0,0.5763861015570475,0.6606909279679981,0.792,0.792,250,100.0
cloud_only,lossy,109,100.0,250,132.90618080133572,145.22195500030648,153.2414129906101,157.1629999903962,132.90618080133572,1.0,0.8127137591838837,0.0,8750.0,35.0,35000.0,1.0,0.0,0.0,1.0,0.788,0.0,0.0,0.788,0.0,0.212,0.0,0.0,100.0,0.0,0.0,0,0.0,0.0,0.0,0.0,0.0,250,100.0
dapper,lossy,109,100.0,250,32.90618080133572,45.22195500030648,53.2414129906101,57.1629999903962,37.270487466195846,0.0,0.8127137591838837,0.8460758882761001,1225.0,4.9,4900.0,0.0,0.0,0.0,0.196,0.8163265306122449,0.8163265306122449,0.16,0.0,0.0,0.1836734693877551,0.0,80.4,0.0,19.6,0.0,76,304.0,0.6604046197684726,0.7689803915122386,0.16,1.0,250,100.0
deadline_greedy,lossy,109,100.0,250,32.90618080133572,45.22195500030648,53.2414129906101,57.1629999903962,32.90618080133572,0.0,0.8127137591838837,0.8127137591838837,0.0,0.0,0.0,0.0,0.0,0.0,0.0,0.0,0.0,0.0,0.0,0.0,0.0,0.0,100.0,0.0,0.0,0.0,0,0.0,0.6419094815733344,0.764562622444788,0.0,1.0,250,100.0
confidence_deadline,lossy,109,100.0,250,32.90618080133572,45.22195500030648,53.2414129906101,57.1629999903962,32.90618080133572,0.0,0.8127137591838837,0.8127137591838837,0.0,0.0,0.0,0.0,0.0,0.0,0.0,0.0,0.0,0.0,0.0,0.0,0.0,0.0,100.0,0.0,0.0,0.0,0,0.0,0.6419094815733344,0.764562622444788,0.0,1.0,250,100.0
oracle_feasible,lossy,109,100.0,250,52.62972177024666,72.99576629659599,93.50028919944374,97.23326146475054,52.62972177024666,0.0,0.8728941365480423,0.8728941365480423,4375.0,17.5,17500.0,0.0,0.0,0.0,0.7,1.0,1.0,0.7,0.0,0.0,0.0,0.0,30.0,70.0,0.0,0.0,99,396.0,0.7177978283478881,0.8102171802012567,0.7,1.0,250,100.0
local_only,variable,100,100.0,250,32.90618080133572,45.22195500030648,53.2414129906101,57.1629999903962,32.90618080133572,0.0,0.8127137591838837,0.8127137591838837,0.0,0.0,0.0,0.0,0.0,0.0,0.0,0.0,0.0,0.0,0.0,0.0,0.0,0.0,100.0,0.0,0.0,0.0,0,0.0,0.6419094815733344,0.764562622444788,0.0,1.0,250,100.0
edge_only,variable,100,100.0,250,71.96060069439112,133.79244999377988,147.23038900527166,154.7997000394389,71.96060069439112,0.116,0.865879615187645,0.770873070716858,5100.0,20.4,20400.0,0.3,0.0,0.0,0.816,0.946078431372549,0.8578431372549019,0.7,0.08823529411764706,0.0,0.05392156862745098,0.184,0.0,100.0,0.0,0.0,0,0.0,0.6379525986329682,0.7144931589995284,0.7,0.884,250,100.0
cloud_only,variable,100,100.0,250,114.50618080133572,144.68340501480267,152.5606069975765,157.1629999903962,114.50618080133572,0.816,0.8127137591838837,0.1504857852458954,7140.0,28.56,28560.0,1.0,0.0,0.0,0.816,0.9215686274509803,0.0,0.0,0.9215686274509803,0.0,0.0784313725490196,0.184,0.0,100.0,0.0,0.0,0,0.0,0.11843280701955837,0.1599474658391856,0.0,0.184,250,100.0
dapper,variable,100,100.0,250,28.791596400801094,45.22195500030648,53.2414129906101,57.1629999903962,29.75080812344928,0.0,0.8182292594909668,0.8279411693811417,275.0,1.1,1100.0,0.188,0.132,0.0,0.044,1.0,1.0,0.044,0.0,0.0,0.0,0.0,82.39999999999999,0.0,4.3999999999999995,13.200000000000001,45,180.0,0.5632082973169776,0.648364135864136,0.044,0.868,250,100.0
deadline_greedy,variable,100,100.0,250,32.90618080133572,45.22195500030648,53.2414129906101,57.1629999903962,32.90618080133572,0.0,0.8127137591838837,0.8127137591838837,0.0,0.0,0.0,0.0,0.0,0.0,0.0,0.0,0.0,0.0,0.0,0.0,0.0,0.0,100.0,0.0,0.0,0.0,0,0.0,0.6419094815733344,0.764562622444788,0.0,1.0,250,100.0
confidence_deadline,variable,100,100.0,250,32.90618080133572,45.22195500030648,53.2414129906101,57.1629999903962,32.90618080133572,0.0,0.8127137591838837,0.8127137591838837,0.0,0.0,0.0,0.0,0.0,0.0,0.0,0.0,0.0,0.0,0.0,0.0,0.0,0.0,100.0,0.0,0.0,0.0,0,0.0,0.6419094815733344,0.764562622444788,0.0,1.0,250,100.0
oracle_feasible,variable,100,100.0,250,57.74361421523462,92.10353338076294,96.83736093457583,99.392122909447,57.74361421523462,0.0,0.8711644111871719,0.8711644111871719,3925.0,15.7,15700.0,0.0,0.0,0.0,0.628,1.0,1.0,0.628,0.0,0.0,0.0,0.0,37.2,62.8,0.0,0.0,72,288.0,0.7103643415281944,0.807266309415991,0.628,1.0,250,100.0
local_only,variable,101,100.0,250,32.90618080133572,45.22195500030648,53.2414129906101,57.1629999903962,32.90618080133572,0.0,0.8127137591838837,0.8127137591838837,0.0,0.0,0.0,0.0,0.0,0.0,0.0,0.0,0.0,0.0,0.0,0.0,0.0,0.0,100.0,0.0,0.0,0.0,0,0.0,0.6419094815733344,0.764562622444788,0.0,1.0,250,100.0
edge_only,variable,101,100.0,250,61.82642566017393,130.6147449737182,143.18132701388092,150.373199977912,61.82642566017393,0.08,0.8472849754095078,0.7804732173681259,3875.0,15.5,15500.0,0.46,0.0,0.0,0.62,0.9290322580645162,0.8709677419354839,0.54,0.05806451612903226,0.0,0.07096774193548387,0.38,0.0,100.0,0.0,0.0,0,0.0,0.6296922575571312,0.7618162888067347,0.54,0.92,250,100.0
cloud_only,variable,101,100.0,250,94.90618080133572,139.30777499626856,149.50521398568523,152.26919997949153,94.90618080133572,0.62,0.8127137591838837,0.3057265459299088,5425.0,21.7,21700.0,1.0,0.0,0.0,0.62,0.9354838709677419,0.0,0.0,0.9354838709677419,0.0,0.06451612903225806,0.38,0.0,100.0,0.0,0.0,0,0.0,0.2368438590649117,0.24492047230900735,0.0,0.38,250,100.0
dapper,variable,101,100.0,250,23.839137601871045,42.14389998815022,51.588393986457945,57.1629999903962,25.593795178728566,0.0,0.825168664097786,0.8312923665046692,400.0,1.6,1600.0,0.38,0.28,0.0,0.064,0.9375,0.875,0.056,0.0625,0.0,0.0625,0.0,65.60000000000001,0.0,6.4,28.000000000000004,72,288.0,0.4744769733408261,0.6018879298337897,0.056,0.72,250,100.0
deadline_greedy,variable,101,100.0,250,32.90618080133572,45.22195500030648,53.2414129906101,57.1629999903962,32.90618080133572,0.0,0.8127137591838837,0.8127137591838837,0.0,0.0,0.0,0.0,0.0,0.0,0.0,0.0,0.0,0.0,0.0,0.0,0.0,0.0,100.0,0.0,0.0,0.0,0,0.0,0.6419094815733344,0.764562622444788,0.0,1.0,250,100.0
confidence_deadline,variable,101,100.0,250,32.90618080133572,45.22195500030648,53.2414129906101,57.1629999903962,32.90618080133572,0.0,0.8127137591838837,0.8127137591838837,0.0,0.0,0.0,0.0,0.0,0.0,0.0,0.0,0.0,0.0,0.0,0.0,0.0,0.0,100.0,0.0,0.0,0.0,0,0.0,0.6419094815733344,0.764562622444788,0.0,1.0,250,100.0
oracle_feasible,variable,101,100.0,250,51.14777435213079,89.91401970432652,97.6904973887069,99.44047106409283,51.14777435213079,0.0,0.8516617468595504,0.8516617468595504,2900.0,11.6,11600.0,0.0,0.0,0.0,0.464,1.0,1.0,0.464,0.0,0.0,0.0,0.0,53.6,46.400000000000006,0.0,0.0,56,224.0,0.6949123037417753,0.8041362300120263,0.464,1.0,250,100.0
local_only,variable,102,100.0,250,32.90618080133572,45.22195500030648,53.2414129906101,57.1629999903962,32.90618080133572,0.0,0.8127137591838837,0.8127137591838837,0.0,0.0,0.0,0.0,0.0,0.0,0.0,0.0,0.0,0.0,0.0,0.0,0.0,0.0,100.0,0.0,0.0,0.0,0,0.0,0.6419094815733344,0.764562622444788,0.0,1.0,250,100.0
edge_only,variable,102,100.0,250,75.82465507701112,133.96991001209244,149.4155929877888,154.7997000394389,75.82465507701112,0.16,0.8655209484100341,0.7393567667007447,5475.0,21.9,21900.0,0.284,0.0,0.0,0.876,0.8949771689497716,0.817351598173516,0.716,0.0776255707762557,0.0,0.1050228310502283,0.124,0.0,100.0,0.0,0.0,0,0.0,0.6109723124809943,0.7027038867007019,0.716,0.84,250,100.0
cloud_only,variable,102,100.0,250,120.50618080133572,143.95205503096804,152.5606069975765,157.1629999903962,120.50618080133572,0.876,0.8127137591838837,0.10327699708938598,7665.0,30.66,30660.0,1.0,0.0,0.0,0.876,0.9315068493150684,0.0,0.0,0.9315068493150684,0.0,0.0684931506849315,0.124,0.0,100.0,0.0,0.0,0,0.0,0.08738095238095238,0.11143774838042353,0.0,0.124,250,100.0
dapper,variable,102,100.0,250,29.637222001468764,43.95205503096804,52.560606997576514,57.1629999903962,30.820745670788394,0.0,0.8014334213733673,0.8108981631994248,375.0,1.5,1500.0,0.124,0.1,0.0,0.06,0.8,0.8,0.048,0.0,0.0,0.2,0.0,84.0,0.0,6.0,10.0,37,148.0,0.5734092373730902,0.6790925369747026,0.048,0.9,250,100.0
deadline_greedy,variable,102,100.0,250,32.90618080133572,45.22195500030648,53.2414129906101,57.1629999903962,32.90618080133572,0.0,0.8127137591838837,0.8127137591838837,0.0,0.0,0.0,0.0,0.0,0.0,0.0,0.0,0.0,0.0,0.0,0.0,0.0,0.0,100.0,0.0,0.0,0.0,0,0.0,0.6419094815733344,0.764562622444788,0.0,1.0,250,100.0
confidence_deadline,variable,102,100.0,250,32.90618080133572,45.22195500030648,53.2414129906101,57.1629999903962,32.90618080133572,0.0,0.8127137591838837,0.8127137591838837,0.0,0.0,0.0,0.0,0.0,0.0,0.0,0.0,0.0,0.0,0.0,0.0,0.0,0.0,100.0,0.0,0.0,0.0,0,0.0,0.6419094815733344,0.764562622444788,0.0,1.0,250,100.0
oracle_feasible,variable,102,100.0,250,57.451532872582,90.9927150609601,99.0891057883836,99.52683468618646,57.451532872582,0.0,0.8687101175785065,0.8687101175785065,4100.0,16.4,16400.0,0.0,0.0,0.0,0.656,1.0,1.0,0.656,0.0,0.0,0.0,0.0,34.4,65.60000000000001,0.0,0.0,87,348.0,0.7086333946334544,0.8070790762669744,0.656,1.0,250,100.0
local_only,variable,103,100.0,250,32.90618080133572,45.22195500030648,53.2414129906101,57.1629999903962,32.90618080133572,0.0,0.8127137591838837,0.8127137591838837,0.0,0.0,0.0,0.0,0.0,0.0,0.0,0.0,0.0,0.0,0.0,0.0,0.0,0.0,100.0,0.0,0.0,0.0,0,0.0,0.6419094815733344,0.764562622444788,0.0,1.0,250,100.0
edge_only,variable,103,100.0,250,62.207323817916304,127.49504499661262,142.27732603263573,154.7997000394389,62.207323817916304,0.056,0.8529058542251587,0.8039711780548096,4100.0,16.4,16400.0,0.4,0.0,0.0,0.656,0.9451219512195121,0.9146341463414634,0.6,0.03048780487804878,0.0,0.054878048780487805,0.344,0.0,100.0,0.0,0.0,0,0.0,0.6613447457015859,0.7518342149711577,0.6,0.944,250,100.0
cloud_only,variable,103,100.0,250,98.50618080133572,140.8461950311903,149.50521398568523,154.7997000394389,98.50618080133572,0.656,0.8127137591838837,0.2775917303562164,5740.0,22.96,22960.0,1.0,0.0,0.0,0.656,0.9512195121951219,0.0,0.0,0.9512195121951219,0.0,0.04878048780487805,0.344,0.0,100.0,0.0,0.0,0,0.0,0.22546781057809137,0.24236016990794057,0.0,0.344,250,100.0
dapper,variable,103,100.0,250,24.97015400212817,42.17596500820945,50.63156598596833,57.1629999903962,27.3059320421849,0.0,0.796939551115036,0.8087736904621124,500.0,2.0,2000.0,0.344,0.244,0.0,0.08,1.0,1.0,0.08,0.0,0.0,0.0,0.0,67.60000000000001,0.0,8.0,24.4,73,292.0,0.4854760257847702,0.5674798220180386,0.08,0.756,250,100.0
deadline_greedy,variable,103,100.0,250,32.90618080133572,45.22195500030648,53.2414129906101,57.1629999903962,32.90618080133572,0.0,0.8127137591838837,0.8127137591838837,0.0,0.0,0.0,0.0,0.0,0.0,0.0,0.0,0.0,0.0,0.0,0.0,0.0,0.0,100.0,0.0,0.0,0.0,0,0.0,0.6419094815733344,0.764562622444788,0.0,1.0,250,100.0
confidence_deadline,variable,103,100.0,250,32.90618080133572,45.22195500030648,53.2414129906101,57.1629999903962,32.90618080133572,0.0,0.8127137591838837,0.8127137591838837,0.0,0.0,0.0,0.0,0.0,0.0,0.0,0.0,0.0,0.0,0.0,0.0,0.0,0.0,100.0,0.0,0.0,0.0,0,0.0,0.6419094815733344,0.764562622444788,0.0,1.0,250,100.0
oracle_feasible,variable,103,100.0,250,54.31640782574985,89.44498708579124,97.82642088556557,99.8734852609587,54.31640782574985,0.0,0.8585454571247101,0.8585454571247101,3300.0,13.2,13200.0,0.0,0.0,0.0,0.528,1.0,1.0,0.528,0.0,0.0,0.0,0.0,47.199999999999996,52.800000000000004,0.0,0.0,56,224.0,0.6996328445937563,0.8103186180415479,0.528,1.0,250,100.0
local_only,variable,104,100.0,250,32.90618080133572,45.22195500030648,53.2414129906101,57.1629999903962,32.90618080133572,0.0,0.8127137591838837,0.8127137591838837,0.0,0.0,0.0,0.0,0.0,0.0,0.0,0.0,0.0,0.0,0.0,0.0,0.0,0.0,100.0,0.0,0.0,0.0,0,0.0,0.6419094815733344,0.764562622444788,0.0,1.0,250,100.0
edge_only,variable,104,100.0,250,73.35588968711461,135.25522497657218,153.2414129906101,157.1629999903962,73.35588968711461,0.108,0.8663433003425598,0.7750300166606903,5150.0,20.6,20600.0,0.284,0.0,0.0,0.824,0.9320388349514563,0.8689320388349514,0.716,0.06310679611650485,0.0,0.06796116504854369,0.176,0.0,100.0,0.0,0.0,0,0.0,0.6365227634517705,0.7272878130362206,0.716,0.892,250,100.0
cloud_only,variable,104,100.0,250,115.30618080133573,144.00814002146944,153.2414129906101,157.1629999903962,115.30618080133573,0.824,0.8127137591838837,0.14146549010276793,7210.0,28.84,28840.0,1.0,0.0,0.0,0.824,0.941747572815534,0.0,0.0,0.941747572815534,0.0,0.05825242718446602,0.176,0.0,100.0,0.0,0.0,0,0.0,0.10604018342192885,0.15422178670586315,0.0,0.176,250,100.0
dapper,variable,104,100.0,250,28.755185601085426,44.008140021469444,53.2414129906101,57.1629999903962,29.77236445693794,0.0,0.8091051652431488,0.8195742055177688,275.0,1.1,1100.0,0.176,0.132,0.0,0.044,1.0,1.0,0.044,0.0,0.0,0.0,0.0,82.39999999999999,0.0,4.3999999999999995,13.200000000000001,36,144.0,0.5716403925540788,0.6335075840649089,0.044,0.868,250,100.0
deadline_greedy,variable,104,100.0,250,32.90618080133572,45.22195500030648,53.2414129906101,57.1629999903962,32.90618080133572,0.0,0.8127137591838837,0.8127137591838837,0.0,0.0,0.0,0.0,0.0,0.0,0.0,0.0,0.0,0.0,0.0,0.0,0.0,0.0,100.0,0.0,0.0,0.0,0,0.0,0.6419094815733344,0.764562622444788,0.0,1.0,250,100.0
confidence_deadline,variable,104,100.0,250,32.90618080133572,45.22195500030648,53.2414129906101,57.1629999903962,32.90618080133572,0.0,0.8127137591838837,0.8127137591838837,0.0,0.0,0.0,0.0,0.0,0.0,0.0,0.0,0.0,0.0,0.0,0.0,0.0,0.0,100.0,0.0,0.0,0.0,0,0.0,0.6419094815733344,0.764562622444788,0.0,1.0,250,100.0
oracle_feasible,variable,104,100.0,250,59.58122557023673,92.42326106204041,98.1083373806196,99.54290843426008,59.58122557023673,0.0,0.8718078727722168,0.8718078727722168,4000.0,16.0,16000.0,0.0,0.0,0.0,0.64,1.0,1.0,0.64,0.0,0.0,0.0,0.0,36.0,64.0,0.0,0.0,73,292.0,0.7056433735434333,0.8028716771551166,0.64,1.0,250,100.0
local_only,variable,105,100.0,250,32.90618080133572,45.22195500030648,53.2414129906101,57.1629999903962,32.90618080133572,0.0,0.8127137591838837,0.8127137591838837,0.0,0.0,0.0,0.0,0.0,0.0,0.0,0.0,0.0,0.0,0.0,0.0,0.0,0.0,100.0,0.0,0.0,0.0,0,0.0,0.6419094815733344,0.764562622444788,0.0,1.0,250,100.0
edge_only,variable,105,100.0,250,71.10132157761367,131.99602998793122,149.4155929877888,154.7997000394389,71.10132157761367,0.096,0.8701727135181427,0.7874576578140259,5425.0,21.7,21700.0,0.228,0.0,0.0,0.868,0.9723502304147466,0.8894009216589862,0.772,0.08294930875576037,0.0,0.027649769585253458,0.132,0.0,100.0,0.0,0.0,0,0.0,0.6598837410635104,0.7487744209081789,0.772,0.904,250,100.0
cloud_only,variable,105,100.0,250,119.70618080133572,144.00814002146944,153.2414129906101,157.1629999903962,119.70618080133572,0.868,0.8127137591838837,0.1068203730583191,7595.0,30.38,30380.0,1.0,0.0,0.0,0.868,0.9078341013824884,0.0,0.0,0.9078341013824884,0.0,0.09216589861751152,0.132,0.0,100.0,0.0,0.0,0,0.0,0.08597397047397047,0.10742233704017144,0.0,0.132,250,100.0
dapper,variable,105,100.0,250,29.688072400540115,44.008140021469444,53.2414129906101,57.1629999903962,31.69312610295686,0.0,0.812495629787445,0.8313223570585251,525.0,2.1,2100.0,0.132,0.1,0.0,0.084,1.0,1.0,0.084,0.0,0.0,0.0,0.0,81.6,0.0,8.4,10.0,49,196.0,0.5817969274607804,0.6780124069136808,0.084,0.9,250,100.0
deadline_greedy,variable,105,100.0,250,32.90618080133572,45.22195500030648,53.2414129906101,57.1629999903962,32.90618080133572,0.0,0.8127137591838837,0.8127137591838837,0.0,0.0,0.0,0.0,0.0,0.0,0.0,0.0,0.0,0.0,0.0,0.0,0.0,0.0,100.0,0.0,0.0,0.0,0,0.0,0.6419094815733344,0.764562622444788,0.0,1.0,250,100.0
confidence_deadline,variable,105,100.0,250,32.90618080133572,45.22195500030648,53.2414129906101,57.1629999903962,32.90618080133572,0.0,0.8127137591838837,0.8127137591838837,0.0,0.0,0.0,0.0,0.0,0.0,0.0,0.0,0.0,0.0,0.0,0.0,0.0,0.0,100.0,0.0,0.0,0.0,0,0.0,0.6419094815733344,0.764562622444788,0.0,1.0,250,100.0
oracle_feasible,variable,105,100.0,250,59.56140898705783,89.8747399472232,98.07827714083618,99.7018904463165,59.56140898705783,0.0,0.8752921853065491,0.8752921853065491,4425.0,17.7,17700.0,0.0,0.0,0.0,0.708,1.0,1.0,0.708,0.0,0.0,0.0,0.0,29.2,70.8,0.0,0.0,62,248.0,0.7149704862999577,0.8019203461082443,0.708,1.0,250,100.0
local_only,variable,106,100.0,250,32.90618080133572,45.22195500030648,53.2414129906101,57.1629999903962,32.90618080133572,0.0,0.8127137591838837,0.8127137591838837,0.0,0.0,0.0,0.0,0.0,0.0,0.0,0.0,0.0,0.0,0.0,0.0,0.0,0.0,100.0,0.0,0.0,0.0,0,0.0,0.6419094815733344,0.764562622444788,0.0,1.0,250,100.0
edge_only,variable,106,100.0,250,74.78662780699169,135.009009996429,151.34015997871754,154.7997000394389,74.78662780699169,0.1,0.8735094832181931,0.7931482021808625,5900.0,23.6,23600.0,0.156,0.0,0.0,0.944,0.940677966101695,0.8940677966101694,0.844,0.046610169491525424,0.0,0.059322033898305086,0.056,0.0,100.0,0.0,0.0,0,0.0,0.6666428420603472,0.7311276568442173,0.844,0.9,250,100.0
cloud_only,variable,106,100.0,250,127.30618080133573,145.22195500030648,153.2414129906101,157.1629999903962,127.30618080133573,0.944,0.8127137591838837,0.04511990284919739,8260.0,33.04,33040.0,1.0,0.0,0.0,0.944,0.940677966101695,0.0,0.0,0.940677966101695,0.0,0.059322033898305086,0.056,0.0,100.0,0.0,0.0,0,0.0,0.038945238095238095,0.0480177200718602,0.0,0.056,250,100.0
dapper,variable,106,100.0,250,31.422866001075132,45.22195500030648,53.2414129906101,57.1629999903962,33.14687396312537,0.0,0.8168108873367309,0.8315025922060013,475.0,1.9,1900.0,0.056,0.048,0.0,0.076,0.8421052631578947,0.8421052631578947,0.064,0.0,0.0,0.15789473684210525,0.0,87.6,0.0,7.6,4.8,36,144.0,0.6201945465083993,0.733317726152121,0.064,0.952,250,100.0
deadline_greedy,variable,106,100.0,250,32.90618080133572,45.22195500030648,53.2414129906101,57.1629999903962,32.90618080133572,0.0,0.8127137591838837,0.8127137591838837,0.0,0.0,0.0,0.0,0.0,0.0,0.0,0.0,0.0,0.0,0.0,0.0,0.0,0.0,100.0,0.0,0.0,0.0,0,0.0,0.6419094815733344,0.764562622444788,0.0,1.0,250,100.0
confidence_deadline,variable,106,100.0,250,32.90618080133572,45.22195500030648,53.2414129906101,57.1629999903962,32.90618080133572,0.0,0.8127137591838837,0.8127137591838837,0.0,0.0,0.0,0.0,0.0,0.0,0.0,0.0,0.0,0.0,0.0,0.0,0.0,0.0,100.0,0.0,0.0,0.0,0,0.0,0.6419094815733344,0.764562622444788,0.0,1.0,250,100.0
oracle_feasible,variable,106,100.0,250,61.80727817418103,91.6077902500001,99.52448906122193,99.90630663849822,61.80727817418103,0.0,0.8783069823980332,0.8783069823980332,4725.0,18.9,18900.0,0.0,0.0,0.0,0.756,1.0,1.0,0.756,0.0,0.0,0.0,0.0,24.4,75.6,0.0,0.0,77,308.0,0.7229179092473808,0.8153995774218704,0.756,1.0,250,100.0
local_only,variable,107,100.0,250,32.90618080133572,45.22195500030648,53.2414129906101,57.1629999903962,32.90618080133572,0.0,0.8127137591838837,0.8127137591838837,0.0,0.0,0.0,0.0,0.0,0.0,0.0,0.0,0.0,0.0,0.0,0.0,0.0,0.0,100.0,0.0,0.0,0.0,0,0.0,0.6419094815733344,0.764562622444788,0.0,1.0,250,100.0
edge_only,variable,107,100.0,250,65.58403967691638,115.16671578931297,143.33827401103918,154.17550000129268,65.58403967691638,0.052,0.8654210506677628,0.824432298541069,4825.0,19.3,19300.0,0.28,0.0,0.0,0.772,0.9689119170984456,0.9326424870466321,0.72,0.03626943005181347,0.0,0.031088082901554404,0.228,0.0,100.0,0.0,0.0,0,0.0,0.6716802695344781,0.783587440514192,0.72,0.948,250,100.0
cloud_only,variable,107,100.0,250,110.10618080133573,144.68340501480267,152.5606069975765,157.1629999903962,110.10618080133573,0.772,0.8127137591838837,0.18931275951862336,6755.0,27.02,27020.0,1.0,0.0,0.0,0.772,0.9326424870466321,0.0,0.0,0.9326424870466321,0.0,0.06735751295336788,0.228,0.0,100.0,0.0,0.0,0,0.0,0.1576276729379537,0.2127128002924181,0.0,0.228,250,100.0
dapper,variable,107,100.0,250,27.52013240193762,44.68340501480268,52.560606997576514,57.1629999903962,29.455703199134764,0.0,0.8224763182401658,0.838852256178856,575.0,2.3,2300.0,0.228,0.172,0.0,0.092,0.8695652173913043,0.8260869565217391,0.076,0.043478260869565216,0.0,0.13043478260869565,0.0,73.6,0.0,9.2,17.2,65,260.0,0.5343903223438944,0.6061369363120955,0.076,0.828,250,100.0
deadline_greedy,variable,107,100.0,250,32.90618080133572,45.22195500030648,53.2414129906101,57.1629999903962,32.90618080133572,0.0,0.8127137591838837,0.8127137591838837,0.0,0.0,0.0,0.0,0.0,0.0,0.0,0.0,0.0,0.0,0.0,0.0,0.0,0.0,100.0,0.0,0.0,0.0,0,0.0,0.6419094815733344,0.764562622444788,0.0,1.0,250,100.0
confidence_deadline,variable,107,100.0,250,32.90618080133572,45.22195500030648,53.2414129906101,57.1629999903962,32.90618080133572,0.0,0.8127137591838837,0.8127137591838837,0.0,0.0,0.0,0.0,0.0,0.0,0.0,0.0,0.0,0.0,0.0,0.0,0.0,0.0,100.0,0.0,0.0,0.0,0,0.0,0.6419094815733344,0.764562622444788,0.0,1.0,250,100.0
oracle_feasible,variable,107,100.0,250,57.228284363142095,91.03441568534231,95.0741407342736,99.65820175793648,57.228284363142095,0.0,0.8707447031736374,0.8707447031736374,3975.0,15.9,15900.0,0.0,0.0,0.0,0.636,1.0,1.0,0.636,0.0,0.0,0.0,0.0,36.4,63.6,0.0,0.0,56,224.0,0.710108730695958,0.8095551034245302,0.636,1.0,250,100.0
local_only,variable,108,100.0,250,32.90618080133572,45.22195500030648,53.2414129906101,57.1629999903962,32.90618080133572,0.0,0.8127137591838837,0.8127137591838837,0.0,0.0,0.0,0.0,0.0,0.0,0.0,0.0,0.0,0.0,0.0,0.0,0.0,0.0,100.0,0.0,0.0,0.0,0,0.0,0.6419094815733344,0.764562622444788,0.0,1.0,250,100.0
edge_only,variable,108,100.0,250,70.17743201452016,132.67264501482714,151.34015997871754,154.7997000394389,70.17743201452016,0.112,0.8636735910177231,0.7707178481817245,5425.0,21.7,21700.0,0.244,0.0,0.0,0.868,0.9400921658986175,0.8709677419354839,0.756,0.06912442396313365,0.0,0.059907834101382486,0.132,0.0,100.0,0.0,0.0,0,0.0,0.6412788836050095,0.703569281037434,0.756,0.888,250,100.0
cloud_only,variable,108,100.0,250,119.70618080133572,144.68340501480267,151.58839398645796,154.7997000394389,119.70618080133572,0.868,0.8127137591838837,0.10346765124797822,7595.0,30.38,30380.0,1.0,0.0,0.0,0.868,0.9354838709677419,0.0,0.0,0.9354838709677419,0.0,0.06451612903225806,0.132,0.0,100.0,0.0,0.0,0,0.0,0.07518782883782885,0.05916885662108593,0.0,0.132,250,100.0
dapper,variable,108,100.0,250,29.72435640092008,44.68340501480268,51.588393986457945,54.7997000394389,31.36613215012136,0.0,0.8196532236337661,0.8306249370574951,500.0,2.0,2000.0,0.136,0.1,0.0,0.08,0.9,0.9,0.072,0.0,0.0,0.1,0.0,82.0,0.0,8.0,10.0,50,200.0,0.6000652239790768,0.7335172347115023,0.072,0.9,250,100.0
deadline_greedy,variable,108,100.0,250,32.90618080133572,45.22195500030648,53.2414129906101,57.1629999903962,32.90618080133572,0.0,0.8127137591838837,0.8127137591838837,0.0,0.0,0.0,0.0,0.0,0.0,0.0,0.0,0.0,0.0,0.0,0.0,0.0,0.0,100.0,0.0,0.0,0.0,0,0.0,0.6419094815733344,0.764562622444788,0.0,1.0,250,100.0
confidence_deadline,variable,108,100.0,250,32.90618080133572,45.22195500030648,53.2414129906101,57.1629999903962,32.90618080133572,0.0,0.8127137591838837,0.8127137591838837,0.0,0.0,0.0,0.0,0.0,0.0,0.0,0.0,0.0,0.0,0.0,0.0,0.0,0.0,100.0,0.0,0.0,0.0,0,0.0,0.6419094815733344,0.764562622444788,0.0,1.0,250,100.0
oracle_feasible,variable,108,100.0,250,56.863406558615985,90.81853100383226,95.53161264763223,99.7820259701756,56.863406558615985,0.0,0.8692584439516068,0.8692584439516068,4250.0,17.0,17000.0,0.0,0.0,0.0,0.68,1.0,1.0,0.68,0.0,0.0,0.0,0.0,32.0,68.0,0.0,0.0,65,260.0,0.7126019937452583,0.8067913243868657,0.68,1.0,250,100.0
local_only,variable,109,100.0,250,32.90618080133572,45.22195500030648,53.2414129906101,57.1629999903962,32.90618080133572,0.0,0.8127137591838837,0.8127137591838837,0.0,0.0,0.0,0.0,0.0,0.0,0.0,0.0,0.0,0.0,0.0,0.0,0.0,0.0,100.0,0.0,0.0,0.0,0,0.0,0.6419094815733344,0.764562622444788,0.0,1.0,250,100.0
edge_only,variable,109,100.0,250,72.01134548982225,134.4496200152207,151.34015997871754,154.7997000394389,72.01134548982225,0.12,0.8647045768499374,0.7636064605712891,5075.0,20.3,20300.0,0.308,0.0,0.0,0.812,0.9261083743842364,0.8522167487684729,0.692,0.07389162561576355,0.0,0.07389162561576355,0.188,0.0,100.0,0.0,0.0,0,0.0,0.6234819053910501,0.7284657486886786,0.692,0.88,250,100.0
cloud_only,variable,109,100.0,250,114.10618080133573,144.00814002146944,153.2414129906101,157.1629999903962,114.10618080133573,0.812,0.8127137591838837,0.14859870195388794,7105.0,28.42,28420.0,1.0,0.0,0.0,0.812,0.916256157635468,0.0,0.0,0.916256157635468,0.0,0.08374384236453201,0.188,0.0,100.0,0.0,0.0,0,0.0,0.12154174871250344,0.1330334209315101,0.0,0.188,250,100.0
dapper,variable,109,100.0,250,28.594811200266705,44.68340501480268,53.2414129906101,57.1629999903962,29.773277422773074,0.0,0.8182028396129608,0.8307743529081345,325.0,1.3,1300.0,0.188,0.14,0.0,0.052,1.0,1.0,0.052,0.0,0.0,0.0,0.0,80.80000000000001,0.0,5.2,14.000000000000002,48,192.0,0.555611022904121,0.664356247079177,0.052,0.86,250,100.0
deadline_greedy,variable,109,100.0,250,32.90618080133572,45.22195500030648,53.2414129906101,57.1629999903962,32.90618080133572,0.0,0.8127137591838837,0.8127137591838837,0.0,0.0,0.0,0.0,0.0,0.0,0.0,0.0,0.0,0.0,0.0,0.0,0.0,0.0,100.0,0.0,0.0,0.0,0,0.0,0.6419094815733344,0.764562622444788,0.0,1.0,250,100.0
confidence_deadline,variable,109,100.0,250,32.90618080133572,45.22195500030648,53.2414129906101,57.1629999903962,32.90618080133572,0.0,0.8127137591838837,0.8127137591838837,0.0,0.0,0.0,0.0,0.0,0.0,0.0,0.0,0.0,0.0,0.0,0.0,0.0,0.0,100.0,0.0,0.0,0.0,0,0.0,0.6419094815733344,0.764562622444788,0.0,1.0,250,100.0
oracle_feasible,variable,109,100.0,250,57.571932455888835,90.53107599345422,96.79472494240328,98.2944047045558,57.571932455888835,0.0,0.8664219533205032,0.8664219533205032,3925.0,15.7,15700.0,0.0,0.0,0.0,0.628,1.0,1.0,0.628,0.0,0.0,0.0,0.0,37.2,62.8,0.0,0.0,67,268.0,0.7046647939080584,0.7982865064871434,0.628,1.0,250,100.0
local_only,outage,100,100.0,250,32.90618080133572,45.22195500030648,53.2414129906101,57.1629999903962,32.90618080133572,0.0,0.8127137591838837,0.8127137591838837,0.0,0.0,0.0,0.0,0.0,0.0,0.0,0.0,0.0,0.0,0.0,0.0,0.0,0.0,100.0,0.0,0.0,0.0,0,0.0,0.6419094815733344,0.764562622444788,0.0,1.0,250,100.0
edge_only,outage,100,100.0,250,45.70618080133572,131.3144149724394,137.10188100812957,147.6203999714926,45.70618080133572,0.128,0.8127137591838837,0.7075206322669982,800.0,3.2,3200.0,1.0,0.0,0.0,0.128,0.625,0.0,0.0,0.625,0.0,0.375,0.872,0.0,100.0,0.0,0.0,0,0.0,0.5564287212188781,0.6682225152766554,0.0,0.872,250,100.0
cloud_only,outage,100,100.0,250,45.70618080133572,131.3144149724394,137.10188100812957,147.6203999714926,45.70618080133572,0.128,0.8127137591838837,0.7075206322669982,1120.0,4.48,4480.0,1.0,0.0,0.0,0.128,0.71875,0.0,0.0,0.71875,0.0,0.28125,0.872,0.0,100.0,0.0,0.0,0,0.0,0.5564287212188781,0.6682225152766554,0.0,0.872,250,100.0
dapper,outage,100,100.0,250,10.87500799983181,36.73759000375866,47.20997200522104,57.1629999903962,10.87500799983181,0.0,0.7993763390779495,0.7993763390779495,0.0,0.0,0.0,1.0,0.696,0.0,0.0,0.0,0.0,0.0,0.0,0.0,0.0,0.0,27.200000000000003,0.0,0.0,72.8,108,432.0,0.18874000999000998,0.21123078089638597,0.0,0.304,250,100.0
deadline_greedy,outage,100,100.0,250,32.90618080133572,45.22195500030648,53.2414129906101,57.1629999903962,32.90618080133572,0.0,0.8127137591838837,0.8127137591838837,0.0,0.0,0.0,0.0,0.0,0.0,0.0,0.0,0.0,0.0,0.0,0.0,0.0,0.0,100.0,0.0,0.0,0.0,0,0.0,0.6419094815733344,0.764562622444788,0.0,1.0,250,100.0
confidence_deadline,outage,100,100.0,250,32.90618080133572,45.22195500030648,53.2414129906101,57.1629999903962,32.90618080133572,0.0,0.8127137591838837,0.8127137591838837,0.0,0.0,0.0,0.0,0.0,0.0,0.0,0.0,0.0,0.0,0.0,0.0,0.0,0.0,100.0,0.0,0.0,0.0,0,0.0,0.6419094815733344,0.764562622444788,0.0,1.0,250,100.0
oracle_feasible,outage,100,100.0,250,32.90618080133572,45.22195500030648,53.2414129906101,57.1629999903962,32.90618080133572,0.0,0.8127137591838837,0.8127137591838837,0.0,0.0,0.0,0.0,0.0,0.0,0.0,0.0,0.0,0.0,0.0,0.0,0.0,0.0,100.0,0.0,0.0,0.0,0,0.0,0.6419094815733344,0.764562622444788,0.0,1.0,250,100.0
local_only,outage,101,100.0,250,32.90618080133572,45.22195500030648,53.2414129906101,57.1629999903962,32.90618080133572,0.0,0.8127137591838837,0.8127137591838837,0.0,0.0,0.0,0.0,0.0,0.0,0.0,0.0,0.0,0.0,0.0,0.0,0.0,0.0,100.0,0.0,0.0,0.0,0,0.0,0.6419094815733344,0.764562622444788,0.0,1.0,250,100.0
edge_only,outage,101,100.0,250,48.90618080133572,131.97217999841087,139.50574101239906,152.26919997949153,48.90618080133572,0.16,0.8127137591838837,0.6826283323764801,1000.0,4.0,4000.0,1.0,0.0,0.0,0.16,0.6,0.0,0.0,0.6,0.0,0.4,0.84,0.0,100.0,0.0,0.0,0,0.0,0.5365151304995716,0.6170486714276523,0.0,0.84,250,100.0
cloud_only,outage,101,100.0,250,48.90618080133572,131.97217999841087,139.50574101239906,152.26919997949153,48.90618080133572,0.16,0.8127137591838837,0.6826283323764801,1400.0,5.6,5600.0,1.0,0.0,0.0,0.16,0.7,0.0,0.0,0.7,0.0,0.3,0.84,0.0,100.0,0.0,0.0,0,0.0,0.5365151304995716,0.6170486714276523,0.0,0.84,250,100.0
dapper,outage,101,100.0,250,10.87500799983181,36.73759000375866,47.20997200522104,57.1629999903962,10.87500799983181,0.0,0.7993763390779495,0.7993763390779495,0.0,0.0,0.0,1.0,0.696,0.0,0.0,0.0,0.0,0.0,0.0,0.0,0.0,0.0,26.0,0.0,0.0,74.0,100,400.0,0.18874000999000998,0.21123078089638597,0.0,0.304,250,100.0
deadline_greedy,outage,101,100.0,250,32.90618080133572,45.22195500030648,53.2414129906101,57.1629999903962,32.90618080133572,0.0,0.8127137591838837,0.8127137591838837,0.0,0.0,0.0,0.0,0.0,0.0,0.0,0.0,0.0,0.0,0.0,0.0,0.0,0.0,100.0,0.0,0.0,0.0,0,0.0,0.6419094815733344,0.764562622444788,0.0,1.0,250,100.0
confidence_deadline,outage,101,100.0,250,32.90618080133572,45.22195500030648,53.2414129906101,57.1629999903962,32.90618080133572,0.0,0.8127137591838837,0.8127137591838837,0.0,0.0,0.0,0.0,0.0,0.0,0.0,0.0,0.0,0.0,0.0,0.0,0.0,0.0,100.0,0.0,0.0,0.0,0,0.0,0.6419094815733344,0.764562622444788,0.0,1.0,250,100.0
oracle_feasible,outage,101,100.0,250,32.90618080133572,45.22195500030648,53.2414129906101,57.1629999903962,32.90618080133572,0.0,0.8127137591838837,0.8127137591838837,0.0,0.0,0.0,0.0,0.0,0.0,0.0,0.0,0.0,0.0,0.0,0.0,0.0,0.0,100.0,0.0,0.0,0.0,0,0.0,0.6419094815733344,0.764562622444788,0.0,1.0,250,100.0
local_only,outage,102,100.0,250,32.90618080133572,45.22195500030648,53.2414129906101,57.1629999903962,32.90618080133572,0.0,0.8127137591838837,0.8127137591838837,0.0,0.0,0.0,0.0,0.0,0.0,0.0,0.0,0.0,0.0,0.0,0.0,0.0,0.0,100.0,0.0,0.0,0.0,0,0.0,0.6419094815733344,0.764562622444788,0.0,1.0,250,100.0
edge_only,outage,102,100.0,250,49.30618080133572,132.63365502061788,144.86944601754655,154.7997000394389,49.30618080133572,0.164,0.8127137591838837,0.6701565253734588,1025.0,4.1,4100.0,1.0,0.0,0.0,0.164,0.6829268292682927,0.0,0.0,0.6829268292682927,0.0,0.3170731707317073,0.836,0.0,100.0,0.0,0.0,0,0.0,0.5370453875146581,0.6674766935117253,0.0,0.836,250,100.0
cloud_only,outage,102,100.0,250,49.30618080133572,132.63365502061788,144.86944601754655,154.7997000394389,49.30618080133572,0.164,0.8127137591838837,0.6701565253734588,1435.0,5.74,5740.0,1.0,0.0,0.0,0.164,0.7073170731707317,0.0,0.0,0.7073170731707317,0.0,0.2926829268292683,0.836,0.0,100.0,0.0,0.0,0,0.0,0.5370453875146581,0.6674766935117253,0.0,0.836,250,100.0
dapper,outage,102,100.0,250,10.87500799983181,36.73759000375866,47.20997200522104,57.1629999903962,10.87500799983181,0.0,0.7993763390779495,0.7993763390779495,0.0,0.0,0.0,1.0,0.696,0.0,0.0,0.0,0.0,0.0,0.0,0.0,0.0,0.0,26.400000000000002,0.0,0.0,73.6,102,408.0,0.18874000999000998,0.21123078089638597,0.0,0.304,250,100.0
deadline_greedy,outage,102,100.0,250,32.90618080133572,45.22195500030648,53.2414129906101,57.1629999903962,32.90618080133572,0.0,0.8127137591838837,0.8127137591838837,0.0,0.0,0.0,0.0,0.0,0.0,0.0,0.0,0.0,0.0,0.0,0.0,0.0,0.0,100.0,0.0,0.0,0.0,0,0.0,0.6419094815733344,0.764562622444788,0.0,1.0,250,100.0
confidence_deadline,outage,102,100.0,250,32.90618080133572,45.22195500030648,53.2414129906101,57.1629999903962,32.90618080133572,0.0,0.8127137591838837,0.8127137591838837,0.0,0.0,0.0,0.0,0.0,0.0,0.0,0.0,0.0,0.0,0.0,0.0,0.0,0.0,100.0,0.0,0.0,0.0,0,0.0,0.6419094815733344,0.764562622444788,0.0,1.0,250,100.0
oracle_feasible,outage,102,100.0,250,32.90618080133572,45.22195500030648,53.2414129906101,57.1629999903962,32.90618080133572,0.0,0.8127137591838837,0.8127137591838837,0.0,0.0,0.0,0.0,0.0,0.0,0.0,0.0,0.0,0.0,0.0,0.0,0.0,0.0,100.0,0.0,0.0,0.0,0,0.0,0.6419094815733344,0.764562622444788,0.0,1.0,250,100.0
local_only,outage,103,100.0,250,32.90618080133572,45.22195500030648,53.2414129906101,57.1629999903962,32.90618080133572,0.0,0.8127137591838837,0.8127137591838837,0.0,0.0,0.0,0.0,0.0,0.0,0.0,0.0,0.0,0.0,0.0,0.0,0.0,0.0,100.0,0.0,0.0,0.0,0,0.0,0.6419094815733344,0.764562622444788,0.0,1.0,250,100.0
edge_only,outage,103,100.0,250,43.70618080133572,131.89238499326166,136.96795298659706,143.1815999909304,43.70618080133572,0.108,0.8127137591838837,0.7201171946525574,675.0,2.7,2700.0,1.0,0.0,0.0,0.108,0.7407407407407407,0.0,0.0,0.7407407407407407,0.0,0.25925925925925924,0.892,0.0,100.0,0.0,0.0,0,0.0,0.5691060151667603,0.6679451740757473,0.0,0.892,250,100.0
cloud_only,outage,103,100.0,250,43.70618080133572,131.89238499326166,136.96795298659706,143.1815999909304,43.70618080133572,0.108,0.8127137591838837,0.7201171946525574,945.0,3.78,3780.0,1.0,0.0,0.0,0.108,0.5925925925925926,0.0,0.0,0.5925925925925926,0.0,0.4074074074074074,0.892,0.0,100.0,0.0,0.0,0,0.0,0.5691060151667603,0.6679451740757473,0.0,0.892,250,100.0
dapper,outage,103,100.0,250,10.87500799983181,36.73759000375866,47.20997200522104,57.1629999903962,10.87500799983181,0.0,0.7993763390779495,0.7993763390779495,0.0,0.0,0.0,1.0,0.696,0.0,0.0,0.0,0.0,0.0,0.0,0.0,0.0,0.0,26.8,0.0,0.0,73.2,102,408.0,0.18874000999000998,0.21123078089638597,0.0,0.304,250,100.0
deadline_greedy,outage,103,100.0,250,32.90618080133572,45.22195500030648,53.2414129906101,57.1629999903962,32.90618080133572,0.0,0.8127137591838837,0.8127137591838837,0.0,0.0,0.0,0.0,0.0,0.0,0.0,0.0,0.0,0.0,0.0,0.0,0.0,0.0,100.0,0.0,0.0,0.0,0,0.0,0.6419094815733344,0.764562622444788,0.0,1.0,250,100.0
confidence_deadline,outage,103,100.0,250,32.90618080133572,45.22195500030648,53.2414129906101,57.1629999903962,32.90618080133572,0.0,0.8127137591838837,0.8127137591838837,0.0,0.0,0.0,0.0,0.0,0.0,0.0,0.0,0.0,0.0,0.0,0.0,0.0,0.0,100.0,0.0,0.0,0.0,0,0.0,0.6419094815733344,0.764562622444788,0.0,1.0,250,100.0
oracle_feasible,outage,103,100.0,250,32.90618080133572,45.22195500030648,53.2414129906101,57.1629999903962,32.90618080133572,0.0,0.8127137591838837,0.8127137591838837,0.0,0.0,0.0,0.0,0.0,0.0,0.0,0.0,0.0,0.0,0.0,0.0,0.0,0.0,100.0,0.0,0.0,0.0,0,0.0,0.6419094815733344,0.764562622444788,0.0,1.0,250,100.0
local_only,outage,104,100.0,250,32.90618080133572,45.22195500030648,53.2414129906101,57.1629999903962,32.90618080133572,0.0,0.8127137591838837,0.8127137591838837,0.0,0.0,0.0,0.0,0.0,0.0,0.0,0.0,0.0,0.0,0.0,0.0,0.0,0.0,100.0,0.0,0.0,0.0,0,0.0,0.6419094815733344,0.764562622444788,0.0,1.0,250,100.0
edge_only,outage,104,100.0,250,44.90618080133572,133.38637503620703,142.94164698920213,154.7997000394389,44.90618080133572,0.12,0.8127137591838837,0.7121465995311737,750.0,3.0,3000.0,1.0,0.0,0.0,0.12,0.5333333333333333,0.0,0.0,0.5333333333333333,0.0,0.4666666666666667,0.88,0.0,100.0,0.0,0.0,0,0.0,0.5619519022417612,0.6878518597467642,0.0,0.88,250,100.0
cloud_only,outage,104,100.0,250,44.90618080133572,133.38637503620703,142.94164698920213,154.7997000394389,44.90618080133572,0.12,0.8127137591838837,0.7121465995311737,1050.0,4.2,4200.0,1.0,0.0,0.0,0.12,0.7666666666666667,0.0,0.0,0.7666666666666667,0.0,0.23333333333333334,0.88,0.0,100.0,0.0,0.0,0,0.0,0.5619519022417612,0.6878518597467642,0.0,0.88,250,100.0
dapper,outage,104,100.0,250,10.87500799983181,36.73759000375866,47.20997200522104,57.1629999903962,10.87500799983181,0.0,0.7993763390779495,0.7993763390779495,0.0,0.0,0.0,1.0,0.696,0.0,0.0,0.0,0.0,0.0,0.0,0.0,0.0,0.0,27.6,0.0,0.0,72.39999999999999,106,424.0,0.18874000999000998,0.21123078089638597,0.0,0.304,250,100.0
deadline_greedy,outage,104,100.0,250,32.90618080133572,45.22195500030648,53.2414129906101,57.1629999903962,32.90618080133572,0.0,0.8127137591838837,0.8127137591838837,0.0,0.0,0.0,0.0,0.0,0.0,0.0,0.0,0.0,0.0,0.0,0.0,0.0,0.0,100.0,0.0,0.0,0.0,0,0.0,0.6419094815733344,0.764562622444788,0.0,1.0,250,100.0
confidence_deadline,outage,104,100.0,250,32.90618080133572,45.22195500030648,53.2414129906101,57.1629999903962,32.90618080133572,0.0,0.8127137591838837,0.8127137591838837,0.0,0.0,0.0,0.0,0.0,0.0,0.0,0.0,0.0,0.0,0.0,0.0,0.0,0.0,100.0,0.0,0.0,0.0,0,0.0,0.6419094815733344,0.764562622444788,0.0,1.0,250,100.0
oracle_feasible,outage,104,100.0,250,32.90618080133572,45.22195500030648,53.2414129906101,57.1629999903962,32.90618080133572,0.0,0.8127137591838837,0.8127137591838837,0.0,0.0,0.0,0.0,0.0,0.0,0.0,0.0,0.0,0.0,0.0,0.0,0.0,0.0,100.0,0.0,0.0,0.0,0,0.0,0.6419094815733344,0.764562622444788,0.0,1.0,250,100.0
local_only,outage,105,100.0,250,32.90618080133572,45.22195500030648,53.2414129906101,57.1629999903962,32.90618080133572,0.0,0.8127137591838837,0.8127137591838837,0.0,0.0,0.0,0.0,0.0,0.0,0.0,0.0,0.0,0.0,0.0,0.0,0.0,0.0,100.0,0.0,0.0,0.0,0,0.0,0.6419094815733344,0.764562622444788,0.0,1.0,250,100.0
edge_only,outage,105,100.0,250,46.90618080133572,132.2875199984992,139.4123900111299,141.8655999819748,46.90618080133572,0.14,0.8127137591838837,0.6933564240932465,875.0,3.5,3500.0,1.0,0.0,0.0,0.14,0.7142857142857143,0.0,0.0,0.7142857142857143,0.0,0.2857142857142857,0.86,0.0,100.0,0.0,0.0,0,0.0,0.5436337794976323,0.6546281832109857,0.0,0.86,250,100.0
cloud_only,outage,105,100.0,250,46.90618080133572,132.2875199984992,139.4123900111299,141.8655999819748,46.90618080133572,0.14,0.8127137591838837,0.6933564240932465,1225.0,4.9,4900.0,1.0,0.0,0.0,0.14,0.6285714285714286,0.0,0.0,0.6285714285714286,0.0,0.37142857142857144,0.86,0.0,100.0,0.0,0.0,0,0.0,0.5436337794976323,0.6546281832109857,0.0,0.86,250,100.0
dapper,outage,105,100.0,250,10.87500799983181,36.73759000375866,47.20997200522104,57.1629999903962,10.87500799983181,0.0,0.7993763390779495,0.7993763390779495,0.0,0.0,0.0,1.0,0.696,0.0,0.0,0.0,0.0,0.0,0.0,0.0,0.0,0.0,26.8,0.0,0.0,73.2,104,416.0,0.18874000999000998,0.21123078089638597,0.0,0.304,250,100.0
deadline_greedy,outage,105,100.0,250,32.90618080133572,45.22195500030648,53.2414129906101,57.1629999903962,32.90618080133572,0.0,0.8127137591838837,0.8127137591838837,0.0,0.0,0.0,0.0,0.0,0.0,0.0,0.0,0.0,0.0,0.0,0.0,0.0,0.0,100.0,0.0,0.0,0.0,0,0.0,0.6419094815733344,0.764562622444788,0.0,1.0,250,100.0
confidence_deadline,outage,105,100.0,250,32.90618080133572,45.22195500030648,53.2414129906101,57.1629999903962,32.90618080133572,0.0,0.8127137591838837,0.8127137591838837,0.0,0.0,0.0,0.0,0.0,0.0,0.0,0.0,0.0,0.0,0.0,0.0,0.0,0.0,100.0,0.0,0.0,0.0,0,0.0,0.6419094815733344,0.764562622444788,0.0,1.0,250,100.0
oracle_feasible,outage,105,100.0,250,32.90618080133572,45.22195500030648,53.2414129906101,57.1629999903962,32.90618080133572,0.0,0.8127137591838837,0.8127137591838837,0.0,0.0,0.0,0.0,0.0,0.0,0.0,0.0,0.0,0.0,0.0,0.0,0.0,0.0,100.0,0.0,0.0,0.0,0,0.0,0.6419094815733344,0.764562622444788,0.0,1.0,250,100.0
local_only,outage,106,100.0,250,32.90618080133572,45.22195500030648,53.2414129906101,57.1629999903962,32.90618080133572,0.0,0.8127137591838837,0.8127137591838837,0.0,0.0,0.0,0.0,0.0,0.0,0.0,0.0,0.0,0.0,0.0,0.0,0.0,0.0,100.0,0.0,0.0,0.0,0,0.0,0.6419094815733344,0.764562622444788,0.0,1.0,250,100.0
edge_only,outage,106,100.0,250,52.506180801335724,132.7513999916846,135.0865649874322,150.87979999370873,52.506180801335724,0.196,0.8127137591838837,0.652507838845253,1225.0,4.9,4900.0,1.0,0.0,0.0,0.196,0.6938775510204082,0.0,0.0,0.6938775510204082,0.0,0.30612244897959184,0.804,0.0,100.0,0.0,0.0,0,0.0,0.5249032352669216,0.617820351976403,0.0,0.804,250,100.0
cloud_only,outage,106,100.0,250,52.506180801335724,132.7513999916846,135.0865649874322,150.87979999370873,52.506180801335724,0.196,0.8127137591838837,0.652507838845253,1715.0,6.86,6860.0,1.0,0.0,0.0,0.196,0.7346938775510204,0.0,0.0,0.7346938775510204,0.0,0.2653061224489796,0.804,0.0,100.0,0.0,0.0,0,0.0,0.5249032352669216,0.617820351976403,0.0,0.804,250,100.0
dapper,outage,106,100.0,250,10.87500799983181,36.73759000375866,47.20997200522104,57.1629999903962,10.87500799983181,0.0,0.7993763390779495,0.7993763390779495,0.0,0.0,0.0,1.0,0.696,0.0,0.0,0.0,0.0,0.0,0.0,0.0,0.0,0.0,23.599999999999998,0.0,0.0,76.4,92,368.0,0.18874000999000998,0.21123078089638597,0.0,0.304,250,100.0
deadline_greedy,outage,106,100.0,250,32.90618080133572,45.22195500030648,53.2414129906101,57.1629999903962,32.90618080133572,0.0,0.8127137591838837,0.8127137591838837,0.0,0.0,0.0,0.0,0.0,0.0,0.0,0.0,0.0,0.0,0.0,0.0,0.0,0.0,100.0,0.0,0.0,0.0,0,0.0,0.6419094815733344,0.764562622444788,0.0,1.0,250,100.0
confidence_deadline,outage,106,100.0,250,32.90618080133572,45.22195500030648,53.2414129906101,57.1629999903962,32.90618080133572,0.0,0.8127137591838837,0.8127137591838837,0.0,0.0,0.0,0.0,0.0,0.0,0.0,0.0,0.0,0.0,0.0,0.0,0.0,0.0,100.0,0.0,0.0,0.0,0,0.0,0.6419094815733344,0.764562622444788,0.0,1.0,250,100.0
oracle_feasible,outage,106,100.0,250,32.90618080133572,45.22195500030648,53.2414129906101,57.1629999903962,32.90618080133572,0.0,0.8127137591838837,0.8127137591838837,0.0,0.0,0.0,0.0,0.0,0.0,0.0,0.0,0.0,0.0,0.0,0.0,0.0,0.0,100.0,0.0,0.0,0.0,0,0.0,0.6419094815733344,0.764562622444788,0.0,1.0,250,100.0
local_only,outage,107,100.0,250,32.90618080133572,45.22195500030648,53.2414129906101,57.1629999903962,32.90618080133572,0.0,0.8127137591838837,0.8127137591838837,0.0,0.0,0.0,0.0,0.0,0.0,0.0,0.0,0.0,0.0,0.0,0.0,0.0,0.0,100.0,0.0,0.0,0.0,0,0.0,0.6419094815733344,0.764562622444788,0.0,1.0,250,100.0
edge_only,outage,107,100.0,250,48.90618080133572,132.65218999003991,140.19290001131588,157.1629999903962,48.90618080133572,0.16,0.8127137591838837,0.6890518568754196,1000.0,4.0,4000.0,1.0,0.0,0.0,0.16,0.55,0.0,0.0,0.55,0.0,0.45,0.84,0.0,100.0,0.0,0.0,0,0.0,0.5575753237545923,0.6697372249123842,0.0,0.84,250,100.0
cloud_only,outage,107,100.0,250,48.90618080133572,132.65218999003991,140.19290001131588,157.1629999903962,48.90618080133572,0.16,0.8127137591838837,0.6890518568754196,1400.0,5.6,5600.0,1.0,0.0,0.0,0.16,0.7,0.0,0.0,0.7,0.0,0.3,0.84,0.0,100.0,0.0,0.0,0,0.0,0.5575753237545923,0.6697372249123842,0.0,0.84,250,100.0
dapper,outage,107,100.0,250,10.87500799983181,36.73759000375866,47.20997200522104,57.1629999903962,10.87500799983181,0.0,0.7993763390779495,0.7993763390779495,0.0,0.0,0.0,1.0,0.696,0.0,0.0,0.0,0.0,0.0,0.0,0.0,0.0,0.0,25.2,0.0,0.0,74.8,100,400.0,0.18874000999000998,0.21123078089638597,0.0,0.304,250,100.0
deadline_greedy,outage,107,100.0,250,32.90618080133572,45.22195500030648,53.2414129906101,57.1629999903962,32.90618080133572,0.0,0.8127137591838837,0.8127137591838837,0.0,0.0,0.0,0.0,0.0,0.0,0.0,0.0,0.0,0.0,0.0,0.0,0.0,0.0,100.0,0.0,0.0,0.0,0,0.0,0.6419094815733344,0.764562622444788,0.0,1.0,250,100.0
confidence_deadline,outage,107,100.0,250,32.90618080133572,45.22195500030648,53.2414129906101,57.1629999903962,32.90618080133572,0.0,0.8127137591838837,0.8127137591838837,0.0,0.0,0.0,0.0,0.0,0.0,0.0,0.0,0.0,0.0,0.0,0.0,0.0,0.0,100.0,0.0,0.0,0.0,0,0.0,0.6419094815733344,0.764562622444788,0.0,1.0,250,100.0
oracle_feasible,outage,107,100.0,250,32.90618080133572,45.22195500030648,53.2414129906101,57.1629999903962,32.90618080133572,0.0,0.8127137591838837,0.8127137591838837,0.0,0.0,0.0,0.0,0.0,0.0,0.0,0.0,0.0,0.0,0.0,0.0,0.0,0.0,100.0,0.0,0.0,0.0,0,0.0,0.6419094815733344,0.764562622444788,0.0,1.0,250,100.0
local_only,outage,108,100.0,250,32.90618080133572,45.22195500030648,53.2414129906101,57.1629999903962,32.90618080133572,0.0,0.8127137591838837,0.8127137591838837,0.0,0.0,0.0,0.0,0.0,0.0,0.0,0.0,0.0,0.0,0.0,0.0,0.0,0.0,100.0,0.0,0.0,0.0,0,0.0,0.6419094815733344,0.764562622444788,0.0,1.0,250,100.0
edge_only,outage,108,100.0,250,44.106180801335725,131.4512149663642,142.51832901616578,152.26919997949153,44.106180801335725,0.112,0.8127137591838837,0.7172485568523407,700.0,2.8,2800.0,1.0,0.0,0.0,0.112,0.8214285714285714,0.0,0.0,0.8214285714285714,0.0,0.17857142857142858,0.888,0.0,100.0,0.0,0.0,0,0.0,0.5776487059279746,0.6740763217674046,0.0,0.888,250,100.0
cloud_only,outage,108,100.0,250,44.106180801335725,131.4512149663642,142.51832901616578,152.26919997949153,44.106180801335725,0.112,0.8127137591838837,0.7172485568523407,980.0,3.92,3920.0,1.0,0.0,0.0,0.112,0.7857142857142857,0.0,0.0,0.7857142857142857,0.0,0.21428571428571427,0.888,0.0,100.0,0.0,0.0,0,0.0,0.5776487059279746,0.6740763217674046,0.0,0.888,250,100.0
dapper,outage,108,100.0,250,10.87500799983181,36.73759000375866,47.20997200522104,57.1629999903962,10.87500799983181,0.0,0.7993763390779495,0.7993763390779495,0.0,0.0,0.0,1.0,0.696,0.0,0.0,0.0,0.0,0.0,0.0,0.0,0.0,0.0,27.200000000000003,0.0,0.0,72.8,106,424.0,0.18874000999000998,0.21123078089638597,0.0,0.304,250,100.0
deadline_greedy,outage,108,100.0,250,32.90618080133572,45.22195500030648,53.2414129906101,57.1629999903962,32.90618080133572,0.0,0.8127137591838837,0.8127137591838837,0.0,0.0,0.0,0.0,0.0,0.0,0.0,0.0,0.0,0.0,0.0,0.0,0.0,0.0,100.0,0.0,0.0,0.0,0,0.0,0.6419094815733344,0.764562622444788,0.0,1.0,250,100.0
confidence_deadline,outage,108,100.0,250,32.90618080133572,45.22195500030648,53.2414129906101,57.1629999903962,32.90618080133572,0.0,0.8127137591838837,0.8127137591838837,0.0,0.0,0.0,0.0,0.0,0.0,0.0,0.0,0.0,0.0,0.0,0.0,0.0,0.0,100.0,0.0,0.0,0.0,0,0.0,0.6419094815733344,0.764562622444788,0.0,1.0,250,100.0
oracle_feasible,outage,108,100.0,250,32.90618080133572,45.22195500030648,53.2414129906101,57.1629999903962,32.90618080133572,0.0,0.8127137591838837,0.8127137591838837,0.0,0.0,0.0,0.0,0.0,0.0,0.0,0.0,0.0,0.0,0.0,0.0,0.0,0.0,100.0,0.0,0.0,0.0,0,0.0,0.6419094815733344,0.764562622444788,0.0,1.0,250,100.0
local_only,outage,109,100.0,250,32.90618080133572,45.22195500030648,53.2414129906101,57.1629999903962,32.90618080133572,0.0,0.8127137591838837,0.8127137591838837,0.0,0.0,0.0,0.0,0.0,0.0,0.0,0.0,0.0,0.0,0.0,0.0,0.0,0.0,100.0,0.0,0.0,0.0,0,0.0,0.6419094815733344,0.764562622444788,0.0,1.0,250,100.0
edge_only,outage,109,100.0,250,46.106180801335725,132.3310800100444,141.61339702783147,152.26919997949153,46.106180801335725,0.132,0.8127137591838837,0.6989761253595352,825.0,3.3,3300.0,1.0,0.0,0.0,0.132,0.5757575757575758,0.0,0.0,0.5757575757575758,0.0,0.42424242424242425,0.868,0.0,100.0,0.0,0.0,0,0.0,0.5593350917643604,0.662256135584161,0.0,0.868,250,100.0
cloud_only,outage,109,100.0,250,46.106180801335725,132.3310800100444,141.61339702783147,152.26919997949153,46.106180801335725,0.132,0.8127137591838837,0.6989761253595352,1155.0,4.62,4620.0,1.0,0.0,0.0,0.132,0.6666666666666666,0.0,0.0,0.6666666666666666,0.0,0.3333333333333333,0.868,0.0,100.0,0.0,0.0,0,0.0,0.5593350917643604,0.662256135584161,0.0,0.868,250,100.0
dapper,outage,109,100.0,250,10.87500799983181,36.73759000375866,47.20997200522104,57.1629999903962,10.87500799983181,0.0,0.7993763390779495,0.7993763390779495,0.0,0.0,0.0,1.0,0.696,0.0,0.0,0.0,0.0,0.0,0.0,0.0,0.0,0.0,26.0,0.0,0.0,74.0,104,416.0,0.18874000999000998,0.21123078089638597,0.0,0.304,250,100.0
deadline_greedy,outage,109,100.0,250,32.90618080133572,45.22195500030648,53.2414129906101,57.1629999903962,32.90618080133572,0.0,0.8127137591838837,0.8127137591838837,0.0,0.0,0.0,0.0,0.0,0.0,0.0,0.0,0.0,0.0,0.0,0.0,0.0,0.0,100.0,0.0,0.0,0.0,0,0.0,0.6419094815733344,0.764562622444788,0.0,1.0,250,100.0
confidence_deadline,outage,109,100.0,250,32.90618080133572,45.22195500030648,53.2414129906101,57.1629999903962,32.90618080133572,0.0,0.8127137591838837,0.8127137591838837,0.0,0.0,0.0,0.0,0.0,0.0,0.0,0.0,0.0,0.0,0.0,0.0,0.0,0.0,100.0,0.0,0.0,0.0,0,0.0,0.6419094815733344,0.764562622444788,0.0,1.0,250,100.0
oracle_feasible,outage,109,100.0,250,32.90618080133572,45.22195500030648,53.2414129906101,57.1629999903962,32.90618080133572,0.0,0.8127137591838837,0.8127137591838837,0.0,0.0,0.0,0.0,0.0,0.0,0.0,0.0,0.0,0.0,0.0,0.0,0.0,0.0,100.0,0.0,0.0,0.0,0,0.0,0.6419094815733344,0.764562622444788,0.0,1.0,250,100.0
local_only,stable,100,150.0,250,32.90618080133572,45.22195500030648,53.2414129906101,57.1629999903962,32.90618080133572,0.0,0.8127137591838837,0.8127137591838837,0.0,0.0,0.0,0.0,0.0,0.0,0.0,0.0,0.0,0.0,0.0,0.0,0.0,0.0,100.0,0.0,0.0,0.0,0,0.0,0.6419094815733344,0.764562622444788,0.0,1.0,250,150.0
edge_only,stable,100,150.0,250,47.5180197035457,77.1887982212868,150.6117516957375,178.41035662283537,47.5180197035457,0.016,0.881183963060379,0.8688580124378205,6250.0,25.0,25000.0,0.024,0.0,0.0,1.0,0.976,0.976,0.976,0.0,0.0,0.024,0.0,0.0,100.0,0.0,0.0,0,0.0,0.7200541290190027,0.8231640175111512,0.976,0.984,250,150.0
cloud_only,stable,100,150.0,250,182.90618080133572,195.22195500030648,203.2414129906101,207.1629999903962,182.90618080133572,1.0,0.8127137591838837,0.0,8750.0,35.0,35000.0,1.0,0.0,0.0,1.0,0.996,0.0,0.0,0.04,0.956,0.004,0.0,0.0,100.0,0.0,0.0,0,0.0,0.0,0.0,0.0,0.0,250,150.0
dapper,stable,100,150.0,250,36.099197176272064,50.56195736485252,56.004983014427104,150.18086333538758,36.099197176272064,0.004,0.858797374010086,0.8572766032218934,1500.0,6.0,6000.0,0.004,0.0,0.0,0.24,0.9833333333333333,0.9833333333333333,0.236,0.0,0.0,0.016666666666666666,0.0,76.0,24.0,0.0,0.0,88,352.0,0.6645999059637588,0.7760030928024559,0.236,0.996,250,150.0
deadline_greedy,stable,100,150.0,250,32.90618080133572,45.22195500030648,53.2414129906101,57.1629999903962,32.90618080133572,0.0,0.8127137591838837,0.8127137591838837,0.0,0.0,0.0,0.0,0.0,0.0,0.0,0.0,0.0,0.0,0.0,0.0,0.0,0.0,100.0,0.0,0.0,0.0,0,0.0,0.6419094815733344,0.764562622444788,0.0,1.0,250,150.0
confidence_deadline,stable,100,150.0,250,32.90618080133572,45.22195500030648,53.2414129906101,57.1629999903962,32.90618080133572,0.0,0.8127137591838837,0.8127137591838837,0.0,0.0,0.0,0.0,0.0,0.0,0.0,0.0,0.0,0.0,0.0,0.0,0.0,0.0,100.0,0.0,0.0,0.0,0,0.0,0.6419094815733344,0.764562622444788,0.0,1.0,250,150.0
oracle_feasible,stable,100,150.0,250,43.49618492793532,55.85306382053915,81.39872481056895,85.79180592120014,43.49618492793532,0.0,0.8878805668354034,0.8878805668354034,5475.0,21.9,21900.0,0.0,0.0,0.0,0.876,1.0,1.0,0.876,0.0,0.0,0.0,0.0,12.4,87.6,0.0,0.0,53,212.0,0.7257558888116762,0.8181174717002744,0.876,1.0,250,150.0
local_only,stable,101,150.0,250,32.90618080133572,45.22195500030648,53.2414129906101,57.1629999903962,32.90618080133572,0.0,0.8127137591838837,0.8127137591838837,0.0,0.0,0.0,0.0,0.0,0.0,0.0,0.0,0.0,0.0,0.0,0.0,0.0,0.0,100.0,0.0,0.0,0.0,0,0.0,0.6419094815733344,0.764562622444788,0.0,1.0,250,150.0
edge_only,stable,101,150.0,250,46.286509280390064,57.736675961283225,85.138264320778,154.30001808424325,46.286509280390064,0.004,0.8830404465198517,0.8793642854690552,6250.0,25.0,25000.0,0.008,0.0,0.0,1.0,0.992,0.992,0.992,0.0,0.0,0.008,0.0,0.0,100.0,0.0,0.0,0,0.0,0.7290569780218517,0.8204692600393239,0.992,0.996,250,150.0
cloud_only,stable,101,150.0,250,182.90618080133572,195.22195500030648,203.2414129906101,207.1629999903962,182.90618080133572,1.0,0.8127137591838837,0.0,8750.0,35.0,35000.0,1.0,0.0,0.0,1.0,1.0,0.0,0.0,0.04,0.96,0.0,0.0,0.0,100.0,0.0,0.0,0,0.0,0.0,0.0,0.0,0.0,250,150.0
dapper,stable,101,150.0,250,36.260736208818706,51.562868835309324,56.75075874653503,149.0424901529583,36.260736208818706,0.0,0.8604990003108979,0.8604990003108979,1500.0,6.0,6000.0,0.004,0.0,0.0,0.24,0.9833333333333333,0.9833333333333333,0.236,0.0,0.0,0.016666666666666666,0.0,76.0,24.0,0.0,0.0,88,352.0,0.6678591652230179,0.7747782030425342,0.236,1.0,250,150.0
deadline_greedy,stable,101,150.0,250,32.90618080133572,45.22195500030648,53.2414129906101,57.1629999903962,32.90618080133572,0.0,0.8127137591838837,0.8127137591838837,0.0,0.0,0.0,0.0,0.0,0.0,0.0,0.0,0.0,0.0,0.0,0.0,0.0,0.0,100.0,0.0,0.0,0.0,0,0.0,0.6419094815733344,0.764562622444788,0.0,1.0,250,150.0
confidence_deadline,stable,101,150.0,250,32.90618080133572,45.22195500030648,53.2414129906101,57.1629999903962,32.90618080133572,0.0,0.8127137591838837,0.8127137591838837,0.0,0.0,0.0,0.0,0.0,0.0,0.0,0.0,0.0,0.0,0.0,0.0,0.0,0.0,100.0,0.0,0.0,0.0,0,0.0,0.6419094815733344,0.764562622444788,0.0,1.0,250,150.0
oracle_feasible,stable,101,150.0,250,44.01136723772599,56.32099154607295,81.74503263326157,85.17244213777226,44.01136723772599,0.0,0.8901483180522919,0.8901483180522919,5525.0,22.1,22100.0,0.0,0.0,0.0,0.884,1.0,1.0,0.884,0.0,0.0,0.0,0.0,11.600000000000001,88.4,0.0,0.0,49,196.0,0.7299821810379683,0.8177500047722978,0.884,1.0,250,150.0
local_only,stable,102,150.0,250,32.90618080133572,45.22195500030648,53.2414129906101,57.1629999903962,32.90618080133572,0.0,0.8127137591838837,0.8127137591838837,0.0,0.0,0.0,0.0,0.0,0.0,0.0,0.0,0.0,0.0,0.0,0.0,0.0,0.0,100.0,0.0,0.0,0.0,0,0.0,0.6419094815733344,0.764562622444788,0.0,1.0,250,150.0
edge_only,stable,102,150.0,250,45.2721927581292,56.76791472690088,82.23591111091405,84.69760675349504,45.2721927581292,0.0,0.883520483493805,0.883520483493805,6250.0,25.0,25000.0,0.0,0.0,0.0,1.0,1.0,1.0,1.0,0.0,0.0,0.0,0.0,0.0,100.0,0.0,0.0,0,0.0,0.7337977187625925,0.8280635765508377,1.0,1.0,250,150.0
cloud_only,stable,102,150.0,250,182.90618080133572,195.22195500030648,203.2414129906101,207.1629999903962,182.90618080133572,1.0,0.8127137591838837,0.0,8750.0,35.0,35000.0,1.0,0.0,0.0,1.0,0.988,0.0,0.0,0.04,0.948,0.012,0.0,0.0,100.0,0.0,0.0,0,0.0,0.0,0.0,0.0,0.0,250,150.0
dapper,stable,102,150.0,250,35.793480259411815,50.753239102177034,55.04014727493363,83.32109573644271,35.793480259411815,0.0,0.8609412043094635,0.8609412043094635,1500.0,6.0,6000.0,0.0,0.0,0.0,0.24,1.0,1.0,0.24,0.0,0.0,0.0,0.0,76.0,24.0,0.0,0.0,88,352.0,0.6685999059637588,0.7760030928024559,0.24,1.0,250,150.0
deadline_greedy,stable,102,150.0,250,32.90618080133572,45.22195500030648,53.2414129906101,57.1629999903962,32.90618080133572,0.0,0.8127137591838837,0.8127137591838837,0.0,0.0,0.0,0.0,0.0,0.0,0.0,0.0,0.0,0.0,0.0,0.0,0.0,0.0,100.0,0.0,0.0,0.0,0,0.0,0.6419094815733344,0.764562622444788,0.0,1.0,250,150.0
confidence_deadline,stable,102,150.0,250,32.90618080133572,45.22195500030648,53.2414129906101,57.1629999903962,32.90618080133572,0.0,0.8127137591838837,0.8127137591838837,0.0,0.0,0.0,0.0,0.0,0.0,0.0,0.0,0.0,0.0,0.0,0.0,0.0,0.0,100.0,0.0,0.0,0.0,0,0.0,0.6419094815733344,0.764562622444788,0.0,1.0,250,150.0
oracle_feasible,stable,102,150.0,250,44.06834344943534,55.63132160685304,82.23591111091405,84.69760675349504,44.06834344943534,0.0,0.8906283550262452,0.8906283550262452,5575.0,22.3,22300.0,0.0,0.0,0.0,0.892,1.0,1.0,0.892,0.0,0.0,0.0,0.0,10.8,89.2,0.0,0.0,45,180.0,0.7312943503501376,0.8205672512201174,0.892,1.0,250,150.0
local_only,stable,103,150.0,250,32.90618080133572,45.22195500030648,53.2414129906101,57.1629999903962,32.90618080133572,0.0,0.8127137591838837,0.8127137591838837,0.0,0.0,0.0,0.0,0.0,0.0,0.0,0.0,0.0,0.0,0.0,0.0,0.0,0.0,100.0,0.0,0.0,0.0,0,0.0,0.6419094815733344,0.764562622444788,0.0,1.0,250,150.0
edge_only,stable,103,150.0,250,45.57342383630933,57.04851343595129,83.47855942159262,153.99038728526887,45.57342383630933,0.004,0.8833508503437042,0.8797563655376435,6250.0,25.0,25000.0,0.004,0.0,0.0,1.0,0.996,0.996,0.996,0.0,0.0,0.004,0.0,0.0,100.0,0.0,0.0,0,0.0,0.7297977187625925,0.8216941497992454,0.996,0.996,250,150.0
cloud_only,stable,103,150.0,250,182.90618080133572,195.22195500030648,203.2414129906101,207.1629999903962,182.90618080133572,1.0,0.8127137591838837,0.0,8750.0,35.0,35000.0,1.0,0.0,0.0,1.0,0.988,0.0,0.0,0.04,0.948,0.012,0.0,0.0,100.0,0.0,0.0,0,0.0,0.0,0.0,0.0,0.0,250,150.0
dapper,stable,103,150.0,250,35.81408486627024,50.43713264079887,56.004983014427104,84.61940485795407,35.81408486627024,0.0,0.8609412043094635,0.8609412043094635,1500.0,6.0,6000.0,0.0,0.0,0.0,0.24,1.0,1.0,0.24,0.0,0.0,0.0,0.0,76.0,24.0,0.0,0.0,88,352.0,0.6685999059637588,0.7760030928024559,0.24,1.0,250,150.0
deadline_greedy,stable,103,150.0,250,32.90618080133572,45.22195500030648,53.2414129906101,57.1629999903962,32.90618080133572,0.0,0.8127137591838837,0.8127137591838837,0.0,0.0,0.0,0.0,0.0,0.0,0.0,0.0,0.0,0.0,0.0,0.0,0.0,0.0,100.0,0.0,0.0,0.0,0,0.0,0.6419094815733344,0.764562622444788,0.0,1.0,250,150.0
confidence_deadline,stable,103,150.0,250,32.90618080133572,45.22195500030648,53.2414129906101,57.1629999903962,32.90618080133572,0.0,0.8127137591838837,0.8127137591838837,0.0,0.0,0.0,0.0,0.0,0.0,0.0,0.0,0.0,0.0,0.0,0.0,0.0,0.0,100.0,0.0,0.0,0.0,0,0.0,0.6419094815733344,0.764562622444788,0.0,1.0,250,150.0
oracle_feasible,stable,103,150.0,250,43.88153332467865,55.658830318736676,80.81865904394853,84.61940485795407,43.88153332467865,0.0,0.8904587218761444,0.8904587218761444,5550.0,22.2,22200.0,0.0,0.0,0.0,0.888,1.0,1.0,0.888,0.0,0.0,0.0,0.0,11.200000000000001,88.8,0.0,0.0,45,180.0,0.7292943503501376,0.8184441089695867,0.888,1.0,250,150.0
local_only,stable,104,150.0,250,32.90618080133572,45.22195500030648,53.2414129906101,57.1629999903962,32.90618080133572,0.0,0.8127137591838837,0.8127137591838837,0.0,0.0,0.0,0.0,0.0,0.0,0.0,0.0,0.0,0.0,0.0,0.0,0.0,0.0,100.0,0.0,0.0,0.0,0,0.0,0.6419094815733344,0.764562622444788,0.0,1.0,250,150.0
edge_only,stable,104,150.0,250,47.07206073422157,73.96704753108517,143.8551178959318,151.71078758531536,47.07206073422157,0.004,0.8826711454391479,0.8791450459957123,6250.0,25.0,25000.0,0.016,0.0,0.0,1.0,0.984,0.984,0.984,0.0,0.0,0.016,0.0,0.0,100.0,0.0,0.0,0,0.0,0.7287977187625925,0.8216941497992454,0.984,0.996,250,150.0
cloud_only,stable,104,150.0,250,182.90618080133572,195.22195500030648,203.2414129906101,207.1629999903962,182.90618080133572,1.0,0.8127137591838837,0.0,8750.0,35.0,35000.0,1.0,0.0,0.0,1.0,0.992,0.0,0.0,0.04,0.952,0.008,0.0,0.0,100.0,0.0,0.0,0,0.0,0.0,0.0,0.0,0.0,250,150.0
dapper,stable,104,150.0,250,36.18410367170257,51.597291187989505,56.16320395864176,144.73786906579772,36.18410367170257,0.0,0.8603795020580292,0.8603795020580292,1500.0,6.0,6000.0,0.004,0.0,0.0,0.24,0.9833333333333333,0.9833333333333333,0.236,0.0,0.0,0.016666666666666666,0.0,76.0,24.0,0.0,0.0,88,352.0,0.6685999059637588,0.7760030928024559,0.236,1.0,250,150.0
deadline_greedy,stable,104,150.0,250,32.90618080133572,45.22195500030648,53.2414129906101,57.1629999903962,32.90618080133572,0.0,0.8127137591838837,0.8127137591838837,0.0,0.0,0.0,0.0,0.0,0.0,0.0,0.0,0.0,0.0,0.0,0.0,0.0,0.0,100.0,0.0,0.0,0.0,0,0.0,0.6419094815733344,0.764562622444788,0.0,1.0,250,150.0
confidence_deadline,stable,104,150.0,250,32.90618080133572,45.22195500030648,53.2414129906101,57.1629999903962,32.90618080133572,0.0,0.8127137591838837,0.8127137591838837,0.0,0.0,0.0,0.0,0.0,0.0,0.0,0.0,0.0,0.0,0.0,0.0,0.0,0.0,100.0,0.0,0.0,0.0,0,0.0,0.6419094815733344,0.764562622444788,0.0,1.0,250,150.0
oracle_feasible,stable,104,150.0,250,43.90161411856969,54.16274349347423,81.91377796714536,89.7158290032191,43.90161411856969,0.0,0.8897790169715881,0.8897790169715881,5475.0,21.9,21900.0,0.0,0.0,0.0,0.876,1.0,1.0,0.876,0.0,0.0,0.0,0.0,12.4,87.6,0.0,0.0,51,204.0,0.7302943503501376,0.8205672512201174,0.876,1.0,250,150.0
local_only,stable,105,150.0,250,32.90618080133572,45.22195500030648,53.2414129906101,57.1629999903962,32.90618080133572,0.0,0.8127137591838837,0.8127137591838837,0.0,0.0,0.0,0.0,0.0,0.0,0.0,0.0,0.0,0.0,0.0,0.0,0.0,0.0,100.0,0.0,0.0,0.0,0,0.0,0.6419094815733344,0.764562622444788,0.0,1.0,250,150.0
edge_only,stable,105,150.0,250,45.552043250393226,55.785401628306126,84.13418993535504,156.22496906558968,45.552043250393226,0.004,0.8847851998806,0.8810383043289185,6250.0,25.0,25000.0,0.004,0.0,0.0,1.0,0.996,0.996,0.996,0.0,0.0,0.004,0.0,0.0,100.0,0.0,0.0,0,0.0,0.7297977187625925,0.8280635765508377,0.996,0.996,250,150.0
cloud_only,stable,105,150.0,250,182.90618080133572,195.22195500030648,203.2414129906101,207.1629999903962,182.90618080133572,1.0,0.8127137591838837,0.0,8750.0,35.0,35000.0,1.0,0.0,0.0,1.0,0.996,0.0,0.0,0.036,0.96,0.004,0.0,0.0,100.0,0.0,0.0,0,0.0,0.0,0.0,0.0,0.0,250,150.0
dapper,stable,105,150.0,250,35.83976289924111,51.758503855052325,55.254186383245674,84.49672812168096,35.83976289924111,0.0,0.8609412043094635,0.8609412043094635,1500.0,6.0,6000.0,0.0,0.0,0.0,0.24,1.0,1.0,0.24,0.0,0.0,0.0,0.0,76.0,24.0,0.0,0.0,88,352.0,0.6685999059637588,0.7760030928024559,0.24,1.0,250,150.0
deadline_greedy,stable,105,150.0,250,32.90618080133572,45.22195500030648,53.2414129906101,57.1629999903962,32.90618080133572,0.0,0.8127137591838837,0.8127137591838837,0.0,0.0,0.0,0.0,0.0,0.0,0.0,0.0,0.0,0.0,0.0,0.0,0.0,0.0,100.0,0.0,0.0,0.0,0,0.0,0.6419094815733344,0.764562622444788,0.0,1.0,250,150.0
confidence_deadline,stable,105,150.0,250,32.90618080133572,45.22195500030648,53.2414129906101,57.1629999903962,32.90618080133572,0.0,0.8127137591838837,0.8127137591838837,0.0,0.0,0.0,0.0,0.0,0.0,0.0,0.0,0.0,0.0,0.0,0.0,0.0,0.0,100.0,0.0,0.0,0.0,0,0.0,0.6419094815733344,0.764562622444788,0.0,1.0,250,150.0
oracle_feasible,stable,105,150.0,250,43.91361898418657,55.34858710757561,82.15565014330751,86.43781928339186,43.91361898418657,0.0,0.8906283550262452,0.8906283550262452,5575.0,22.3,22300.0,0.0,0.0,0.0,0.892,1.0,1.0,0.892,0.0,0.0,0.0,0.0,10.8,89.2,0.0,0.0,45,180.0,0.7312943503501376,0.8205672512201174,0.892,1.0,250,150.0
local_only,stable,106,150.0,250,32.90618080133572,45.22195500030648,53.2414129906101,57.1629999903962,32.90618080133572,0.0,0.8127137591838837,0.8127137591838837,0.0,0.0,0.0,0.0,0.0,0.0,0.0,0.0,0.0,0.0,0.0,0.0,0.0,0.0,100.0,0.0,0.0,0.0,0,0.0,0.6419094815733344,0.764562622444788,0.0,1.0,250,150.0
edge_only,stable,106,150.0,250,46.63388958188421,64.75840881668712,117.96908602434094,148.6231350622614,46.63388958188421,0.0,0.8827790110111237,0.8827790110111237,6250.0,25.0,25000.0,0.012,0.0,0.0,1.0,0.988,0.988,0.988,0.0,0.0,0.012,0.0,0.0,100.0,0.0,0.0,0,0.0,0.7332977187625924,0.8248788631750416,0.988,1.0,250,150.0
cloud_only,stable,106,150.0,250,182.90618080133572,195.22195500030648,203.2414129906101,207.1629999903962,182.90618080133572,1.0,0.8127137591838837,0.0,8750.0,35.0,35000.0,1.0,0.0,0.0,1.0,0.988,0.0,0.0,0.032,0.956,0.012,0.0,0.0,100.0,0.0,0.0,0,0.0,0.0,0.0,0.0,0.0,250,150.0
dapper,stable,106,150.0,250,35.86995521977589,50.90122941236534,55.11963435274338,86.5344739180745,35.86995521977589,0.0,0.8609412043094635,0.8609412043094635,1500.0,6.0,6000.0,0.0,0.0,0.0,0.24,1.0,1.0,0.24,0.0,0.0,0.0,0.0,76.0,24.0,0.0,0.0,88,352.0,0.6685999059637588,0.7760030928024559,0.24,1.0,250,150.0
deadline_greedy,stable,106,150.0,250,32.90618080133572,45.22195500030648,53.2414129906101,57.1629999903962,32.90618080133572,0.0,0.8127137591838837,0.8127137591838837,0.0,0.0,0.0,0.0,0.0,0.0,0.0,0.0,0.0,0.0,0.0,0.0,0.0,0.0,100.0,0.0,0.0,0.0,0,0.0,0.6419094815733344,0.764562622444788,0.0,1.0,250,150.0
confidence_deadline,stable,106,150.0,250,32.90618080133572,45.22195500030648,53.2414129906101,57.1629999903962,32.90618080133572,0.0,0.8127137591838837,0.8127137591838837,0.0,0.0,0.0,0.0,0.0,0.0,0.0,0.0,0.0,0.0,0.0,0.0,0.0,0.0,100.0,0.0,0.0,0.0,0,0.0,0.6419094815733344,0.764562622444788,0.0,1.0,250,150.0
oracle_feasible,stable,106,150.0,250,43.961052599220736,54.99275810315262,82.81489211841256,89.75076512409645,43.961052599220736,0.0,0.8898868825435639,0.8898868825435639,5500.0,22.0,22000.0,0.0,0.0,0.0,0.88,1.0,1.0,0.88,0.0,0.0,0.0,0.0,12.0,88.0,0.0,0.0,51,204.0,0.7307943503501376,0.8173825378443212,0.88,1.0,250,150.0
local_only,stable,107,150.0,250,32.90618080133572,45.22195500030648,53.2414129906101,57.1629999903962,32.90618080133572,0.0,0.8127137591838837,0.8127137591838837,0.0,0.0,0.0,0.0,0.0,0.0,0.0,0.0,0.0,0.0,0.0,0.0,0.0,0.0,100.0,0.0,0.0,0.0,0,0.0,0.6419094815733344,0.764562622444788,0.0,1.0,250,150.0
edge_only,stable,107,150.0,250,47.1395314703609,72.21638993649947,146.57207691014503,161.484955770219,47.1395314703609,0.008,0.8825685832500457,0.8758271062374114,6250.0,25.0,25000.0,0.016,0.0,0.0,1.0,0.984,0.984,0.984,0.0,0.0,0.016,0.0,0.0,100.0,0.0,0.0,0,0.0,0.7302977187625924,0.8216941497992454,0.984,0.992,250,150.0
cloud_only,stable,107,150.0,250,182.90618080133572,195.22195500030648,203.2414129906101,207.1629999903962,182.90618080133572,1.0,0.8127137591838837,0.0,8750.0,35.0,35000.0,1.0,0.0,0.0,1.0,0.984,0.0,0.0,0.04,0.944,0.016,0.0,0.0,100.0,0.0,0.0,0,0.0,0.0,0.0,0.0,0.0,250,150.0
dapper,stable,107,150.0,250,35.91034919276573,50.76495948495726,56.74698431393287,82.17258464146428,35.91034919276573,0.0,0.8609412043094635,0.8609412043094635,1500.0,6.0,6000.0,0.0,0.0,0.0,0.24,1.0,1.0,0.24,0.0,0.0,0.0,0.0,76.0,24.0,0.0,0.0,88,352.0,0.6685999059637588,0.7760030928024559,0.24,1.0,250,150.0
deadline_greedy,stable,107,150.0,250,32.90618080133572,45.22195500030648,53.2414129906101,57.1629999903962,32.90618080133572,0.0,0.8127137591838837,0.8127137591838837,0.0,0.0,0.0,0.0,0.0,0.0,0.0,0.0,0.0,0.0,0.0,0.0,0.0,0.0,100.0,0.0,0.0,0.0,0,0.0,0.6419094815733344,0.764562622444788,0.0,1.0,250,150.0
confidence_deadline,stable,107,150.0,250,32.90618080133572,45.22195500030648,53.2414129906101,57.1629999903962,32.90618080133572,0.0,0.8127137591838837,0.8127137591838837,0.0,0.0,0.0,0.0,0.0,0.0,0.0,0.0,0.0,0.0,0.0,0.0,0.0,0.0,100.0,0.0,0.0,0.0,0,0.0,0.6419094815733344,0.764562622444788,0.0,1.0,250,150.0
oracle_feasible,stable,107,150.0,250,44.025154615300124,55.69057129305346,81.916274834748,86.19349280984146,44.025154615300124,0.0,0.8896764547824859,0.8896764547824859,5475.0,21.9,21900.0,0.0,0.0,0.0,0.876,1.0,1.0,0.876,0.0,0.0,0.0,0.0,12.4,87.6,0.0,0.0,53,212.0,0.7337943503501376,0.8205672512201174,0.876,1.0,250,150.0
local_only,stable,108,150.0,250,32.90618080133572,45.22195500030648,53.2414129906101,57.1629999903962,32.90618080133572,0.0,0.8127137591838837,0.8127137591838837,0.0,0.0,0.0,0.0,0.0,0.0,0.0,0.0,0.0,0.0,0.0,0.0,0.0,0.0,100.0,0.0,0.0,0.0,0,0.0,0.6419094815733344,0.764562622444788,0.0,1.0,250,150.0
edge_only,stable,108,150.0,250,47.28078355339952,76.07833487804687,147.52094181747506,168.5000915536818,47.28078355339952,0.004,0.8830380470752716,0.8793097569942474,6250.0,25.0,25000.0,0.016,0.0,0.0,1.0,0.984,0.984,0.984,0.0,0.0,0.016,0.0,0.0,100.0,0.0,0.0,0,0.0,0.7278532743181481,0.8271536584434676,0.984,0.996,250,150.0
cloud_only,stable,108,150.0,250,182.90618080133572,195.22195500030648,203.2414129906101,207.1629999903962,182.90618080133572,1.0,0.8127137591838837,0.0,8750.0,35.0,35000.0,1.0,0.0,0.0,1.0,0.988,0.0,0.0,0.04,0.948,0.012,0.0,0.0,100.0,0.0,0.0,0,0.0,0.0,0.0,0.0,0.0,250,150.0
dapper,stable,108,150.0,250,35.77108863534807,50.60902211419929,55.499790209213586,85.75399018191814,35.77108863534807,0.0,0.8609412043094635,0.8609412043094635,1500.0,6.0,6000.0,0.0,0.0,0.0,0.24,1.0,1.0,0.24,0.0,0.0,0.0,0.0,76.0,24.0,0.0,0.0,88,352.0,0.6685999059637588,0.7760030928024559,0.24,1.0,250,150.0
deadline_greedy,stable,108,150.0,250,32.90618080133572,45.22195500030648,53.2414129906101,57.1629999903962,32.90618080133572,0.0,0.8127137591838837,0.8127137591838837,0.0,0.0,0.0,0.0,0.0,0.0,0.0,0.0,0.0,0.0,0.0,0.0,0.0,0.0,100.0,0.0,0.0,0.0,0,0.0,0.6419094815733344,0.764562622444788,0.0,1.0,250,150.0
confidence_deadline,stable,108,150.0,250,32.90618080133572,45.22195500030648,53.2414129906101,57.1629999903962,32.90618080133572,0.0,0.8127137591838837,0.8127137591838837,0.0,0.0,0.0,0.0,0.0,0.0,0.0,0.0,0.0,0.0,0.0,0.0,0.0,0.0,100.0,0.0,0.0,0.0,0,0.0,0.6419094815733344,0.764562622444788,0.0,1.0,250,150.0
oracle_feasible,stable,108,150.0,250,44.15157991383338,55.16207427042599,82.06156391078157,86.50580653823666,44.15157991383338,0.0,0.8901459186077118,0.8901459186077118,5475.0,21.9,21900.0,0.0,0.0,0.0,0.876,1.0,1.0,0.876,0.0,0.0,0.0,0.0,12.4,87.6,0.0,0.0,53,212.0,0.7293499059056933,0.8196573331127471,0.876,1.0,250,150.0
local_only,stable,109,150.0,250,32.90618080133572,45.22195500030648,53.2414129906101,57.1629999903962,32.90618080133572,0.0,0.8127137591838837,0.8127137591838837,0.0,0.0,0.0,0.0,0.0,0.0,0.0,0.0,0.0,0.0,0.0,0.0,0.0,0.0,100.0,0.0,0.0,0.0,0,0.0,0.6419094815733344,0.764562622444788,0.0,1.0,250,150.0
edge_only,stable,109,150.0,250,46.60072672268382,67.87157102021308,120.08856511666687,155.84633069880738,46.60072672268382,0.012,0.8829911925792694,0.8722225649356842,6250.0,25.0,25000.0,0.012,0.0,0.0,1.0,0.988,0.988,0.988,0.0,0.0,0.012,0.0,0.0,100.0,0.0,0.0,0,0.0,0.7237977187625925,0.8089552962960608,0.988,0.988,250,150.0
cloud_only,stable,109,150.0,250,182.90618080133572,195.22195500030648,203.2414129906101,207.1629999903962,182.90618080133572,1.0,0.8127137591838837,0.0,8750.0,35.0,35000.0,1.0,0.0,0.0,1.0,0.996,0.0,0.0,0.04,0.956,0.004,0.0,0.0,100.0,0.0,0.0,0,0.0,0.0,0.0,0.0,0.0,250,150.0
dapper,stable,109,150.0,250,35.86592680257186,50.26543609783514,56.570279864444124,84.13213861669479,35.86592680257186,0.0,0.8609412043094635,0.8609412043094635,1500.0,6.0,6000.0,0.0,0.0,0.0,0.24,1.0,1.0,0.24,0.0,0.0,0.0,0.0,76.0,24.0,0.0,0.0,88,352.0,0.6685999059637588,0.7760030928024559,0.24,1.0,250,150.0
deadline_greedy,stable,109,150.0,250,32.90618080133572,45.22195500030648,53.2414129906101,57.1629999903962,32.90618080133572,0.0,0.8127137591838837,0.8127137591838837,0.0,0.0,0.0,0.0,0.0,0.0,0.0,0.0,0.0,0.0,0.0,0.0,0.0,0.0,100.0,0.0,0.0,0.0,0,0.0,0.6419094815733344,0.764562622444788,0.0,1.0,250,150.0
confidence_deadline,stable,109,150.0,250,32.90618080133572,45.22195500030648,53.2414129906101,57.1629999903962,32.90618080133572,0.0,0.8127137591838837,0.8127137591838837,0.0,0.0,0.0,0.0,0.0,0.0,0.0,0.0,0.0,0.0,0.0,0.0,0.0,0.0,100.0,0.0,0.0,0.0,0,0.0,0.6419094815733344,0.764562622444788,0.0,1.0,250,150.0
oracle_feasible,stable,109,150.0,250,44.050499517035945,56.33728327251724,82.18086596420807,88.60186202729422,44.050499517035945,0.0,0.8900990641117096,0.8900990641117096,5500.0,22.0,22000.0,0.0,0.0,0.0,0.88,1.0,1.0,0.88,0.0,0.0,0.0,0.0,12.0,88.0,0.0,0.0,47,188.0,0.7292943503501376,0.8184441089695867,0.88,1.0,250,150.0
local_only,congested,100,150.0,250,32.90618080133572,45.22195500030648,53.2414129906101,57.1629999903962,32.90618080133572,0.0,0.8127137591838837,0.8127137591838837,0.0,0.0,0.0,0.0,0.0,0.0,0.0,0.0,0.0,0.0,0.0,0.0,0.0,0.0,100.0,0.0,0.0,0.0,0,0.0,0.6419094815733344,0.764562622444788,0.0,1.0,250,150.0
edge_only,congested,100,150.0,250,111.32968626539811,188.39432499953543,201.34015997871754,204.7997000394389,111.32968626539811,0.24,0.869085822224617,0.6672842140197754,6250.0,25.0,25000.0,0.24,0.0,0.0,1.0,0.96,0.76,0.76,0.0,0.2,0.04,0.0,0.0,100.0,0.0,0.0,0,0.0,0.5489555116405092,0.6193954400164591,0.76,0.76,250,150.0
cloud_only,congested,100,150.0,250,182.90618080133572,195.22195500030648,203.2414129906101,207.1629999903962,182.90618080133572,1.0,0.8127137591838837,0.0,8750.0,35.0,35000.0,1.0,0.0,0.0,1.0,0.96,0.0,0.0,0.948,0.012,0.04,0.0,0.0,100.0,0.0,0.0,0,0.0,0.0,0.0,0.0,0.0,250,150.0
dapper,congested,100,150.0,250,32.90618080133572,45.22195500030648,53.2414129906101,57.1629999903962,32.90618080133572,0.0,0.8127137591838837,0.8127137591838837,0.0,0.0,0.0,0.0,0.0,0.0,0.0,0.0,0.0,0.0,0.0,0.0,0.0,0.0,100.0,0.0,0.0,0.0,0,0.0,0.6419094815733344,0.764562622444788,0.0,1.0,250,150.0
deadline_greedy,congested,100,150.0,250,32.90618080133572,45.22195500030648,53.2414129906101,57.1629999903962,32.90618080133572,0.0,0.8127137591838837,0.8127137591838837,0.0,0.0,0.0,0.0,0.0,0.0,0.0,0.0,0.0,0.0,0.0,0.0,0.0,0.0,100.0,0.0,0.0,0.0,0,0.0,0.6419094815733344,0.764562622444788,0.0,1.0,250,150.0
confidence_deadline,congested,100,150.0,250,32.90618080133572,45.22195500030648,53.2414129906101,57.1629999903962,32.90618080133572,0.0,0.8127137591838837,0.8127137591838837,0.0,0.0,0.0,0.0,0.0,0.0,0.0,0.0,0.0,0.0,0.0,0.0,0.0,0.0,100.0,0.0,0.0,0.0,0,0.0,0.6419094815733344,0.764562622444788,0.0,1.0,250,150.0
oracle_feasible,congested,100,150.0,250,98.61697317538679,184.7149050212465,201.34015997871754,204.7997000394389,98.61697317538679,0.188,0.8751220945119857,0.7189045536518097,5375.0,21.5,21500.0,0.188,0.0,0.0,0.86,1.0,0.7813953488372093,0.672,0.0,0.2186046511627907,0.0,0.0,14.000000000000002,86.0,0.0,0.0,57,228.0,0.5841051393547347,0.657709991706807,0.672,0.812,250,150.0
local_only,congested,101,150.0,250,32.90618080133572,45.22195500030648,53.2414129906101,57.1629999903962,32.90618080133572,0.0,0.8127137591838837,0.8127137591838837,0.0,0.0,0.0,0.0,0.0,0.0,0.0,0.0,0.0,0.0,0.0,0.0,0.0,0.0,100.0,0.0,0.0,0.0,0,0.0,0.6419094815733344,0.764562622444788,0.0,1.0,250,150.0
edge_only,congested,101,150.0,250,121.52446471672467,191.0750650189584,201.34015997871754,204.7997000394389,121.52446471672467,0.34,0.8623064000606537,0.5801978347301483,6250.0,25.0,25000.0,0.34,0.0,0.0,1.0,0.948,0.66,0.66,0.008,0.28,0.052,0.0,0.0,100.0,0.0,0.0,0,0.0,0.4818100777978136,0.5156345247109578,0.66,0.66,250,150.0
cloud_only,congested,101,150.0,250,182.90618080133572,195.22195500030648,203.2414129906101,207.1629999903962,182.90618080133572,1.0,0.8127137591838837,0.0,8750.0,35.0,35000.0,1.0,0.0,0.0,1.0,0.912,0.0,0.0,0.908,0.004,0.088,0.0,0.0,100.0,0.0,0.0,0,0.0,0.0,0.0,0.0,0.0,250,150.0
dapper,congested,101,150.0,250,32.90618080133572,45.22195500030648,53.2414129906101,57.1629999903962,32.90618080133572,0.0,0.8127137591838837,0.8127137591838837,0.0,0.0,0.0,0.0,0.0,0.0,0.0,0.0,0.0,0.0,0.0,0.0,0.0,0.0,100.0,0.0,0.0,0.0,0,0.0,0.6419094815733344,0.764562622444788,0.0,1.0,250,150.0
deadline_greedy,congested,101,150.0,250,32.90618080133572,45.22195500030648,53.2414129906101,57.1629999903962,32.90618080133572,0.0,0.8127137591838837,0.8127137591838837,0.0,0.0,0.0,0.0,0.0,0.0,0.0,0.0,0.0,0.0,0.0,0.0,0.0,0.0,100.0,0.0,0.0,0.0,0,0.0,0.6419094815733344,0.764562622444788,0.0,1.0,250,150.0
confidence_deadline,congested,101,150.0,250,32.90618080133572,45.22195500030648,53.2414129906101,57.1629999903962,32.90618080133572,0.0,0.8127137591838837,0.8127137591838837,0.0,0.0,0.0,0.0,0.0,0.0,0.0,0.0,0.0,0.0,0.0,0.0,0.0,0.0,100.0,0.0,0.0,0.0,0,0.0,0.6419094815733344,0.764562622444788,0.0,1.0,250,150.0
oracle_feasible,congested,101,150.0,250,104.36952602717854,186.24457503901792,199.50521398568523,204.17550000129268,104.36952602717854,0.252,0.8682442889213562,0.6592143185138702,5225.0,20.9,20900.0,0.252,0.0,0.0,0.836,1.0,0.6985645933014354,0.584,0.0,0.3014354066985646,0.0,0.0,16.400000000000002,83.6,0.0,0.0,69,276.0,0.5359741381210538,0.5850910236260556,0.584,0.748,250,150.0
local_only,congested,102,150.0,250,32.90618080133572,45.22195500030648,53.2414129906101,57.1629999903962,32.90618080133572,0.0,0.8127137591838837,0.8127137591838837,0.0,0.0,0.0,0.0,0.0,0.0,0.0,0.0,0.0,0.0,0.0,0.0,0.0,0.0,100.0,0.0,0.0,0.0,0,0.0,0.6419094815733344,0.764562622444788,0.0,1.0,250,150.0
edge_only,congested,102,150.0,250,123.7138850784257,191.49196499201935,203.2414129906101,207.1629999903962,123.7138850784257,0.372,0.8567427550554275,0.5576564300060273,6250.0,25.0,25000.0,0.372,0.0,0.0,1.0,0.96,0.628,0.628,0.0,0.332,0.04,0.0,0.0,100.0,0.0,0.0,0,0.0,0.4704374982813193,0.5235170084692377,0.628,0.628,250,150.0
cloud_only,congested,102,150.0,250,182.90618080133572,195.22195500030648,203.2414129906101,207.1629999903962,182.90618080133572,1.0,0.8127137591838837,0.0,8750.0,35.0,35000.0,1.0,0.0,0.0,1.0,0.948,0.0,0.0,0.94,0.008,0.052,0.0,0.0,100.0,0.0,0.0,0,0.0,0.0,0.0,0.0,0.0,250,150.0
dapper,congested,102,150.0,250,32.90618080133572,45.22195500030648,53.2414129906101,57.1629999903962,32.90618080133572,0.0,0.8127137591838837,0.8127137591838837,0.0,0.0,0.0,0.0,0.0,0.0,0.0,0.0,0.0,0.0,0.0,0.0,0.0,0.0,100.0,0.0,0.0,0.0,0,0.0,0.6419094815733344,0.764562622444788,0.0,1.0,250,150.0
deadline_greedy,congested,102,150.0,250,32.90618080133572,45.22195500030648,53.2414129906101,57.1629999903962,32.90618080133572,0.0,0.8127137591838837,0.8127137591838837,0.0,0.0,0.0,0.0,0.0,0.0,0.0,0.0,0.0,0.0,0.0,0.0,0.0,0.0,100.0,0.0,0.0,0.0,0,0.0,0.6419094815733344,0.764562622444788,0.0,1.0,250,150.0
confidence_deadline,congested,102,150.0,250,32.90618080133572,45.22195500030648,53.2414129906101,57.1629999903962,32.90618080133572,0.0,0.8127137591838837,0.8127137591838837,0.0,0.0,0.0,0.0,0.0,0.0,0.0,0.0,0.0,0.0,0.0,0.0,0.0,0.0,100.0,0.0,0.0,0.0,0,0.0,0.6419094815733344,0.764562622444788,0.0,1.0,250,150.0
oracle_feasible,congested,102,150.0,250,108.29738087689995,188.16526502778288,203.2414129906101,207.1629999903962,108.29738087689995,0.292,0.862395478606224,0.6243132436275483,5350.0,21.4,21400.0,0.292,0.0,0.0,0.856,1.0,0.6588785046728972,0.564,0.0,0.3411214953271028,0.0,0.0,14.399999999999999,85.6,0.0,0.0,57,228.0,0.5224310653894843,0.5811952113703706,0.564,0.708,250,150.0
local_only,congested,103,150.0,250,32.90618080133572,45.22195500030648,53.2414129906101,57.1629999903962,32.90618080133572,0.0,0.8127137591838837,0.8127137591838837,0.0,0.0,0.0,0.0,0.0,0.0,0.0,0.0,0.0,0.0,0.0,0.0,0.0,0.0,100.0,0.0,0.0,0.0,0,0.0,0.6419094815733344,0.764562622444788,0.0,1.0,250,150.0
edge_only,congested,103,150.0,250,121.02277550998281,192.14389998815022,201.34015997871754,204.7997000394389,121.02277550998281,0.332,0.8619150496721267,0.5937241399288178,6250.0,25.0,25000.0,0.332,0.0,0.0,1.0,0.96,0.668,0.668,0.0,0.292,0.04,0.0,0.0,100.0,0.0,0.0,0,0.0,0.490952471128597,0.5416798965365843,0.668,0.668,250,150.0
cloud_only,congested,103,150.0,250,182.90618080133572,195.22195500030648,203.2414129906101,207.1629999903962,182.90618080133572,1.0,0.8127137591838837,0.0,8750.0,35.0,35000.0,1.0,0.0,0.0,1.0,0.964,0.0,0.0,0.96,0.004,0.036,0.0,0.0,100.0,0.0,0.0,0,0.0,0.0,0.0,0.0,0.0,250,150.0
dapper,congested,103,150.0,250,32.90618080133572,45.22195500030648,53.2414129906101,57.1629999903962,32.90618080133572,0.0,0.8127137591838837,0.8127137591838837,0.0,0.0,0.0,0.0,0.0,0.0,0.0,0.0,0.0,0.0,0.0,0.0,0.0,0.0,100.0,0.0,0.0,0.0,0,0.0,0.6419094815733344,0.764562622444788,0.0,1.0,250,150.0
deadline_greedy,congested,103,150.0,250,32.90618080133572,45.22195500030648,53.2414129906101,57.1629999903962,32.90618080133572,0.0,0.8127137591838837,0.8127137591838837,0.0,0.0,0.0,0.0,0.0,0.0,0.0,0.0,0.0,0.0,0.0,0.0,0.0,0.0,100.0,0.0,0.0,0.0,0,0.0,0.6419094815733344,0.764562622444788,0.0,1.0,250,150.0
confidence_deadline,congested,103,150.0,250,32.90618080133572,45.22195500030648,53.2414129906101,57.1629999903962,32.90618080133572,0.0,0.8127137591838837,0.8127137591838837,0.0,0.0,0.0,0.0,0.0,0.0,0.0,0.0,0.0,0.0,0.0,0.0,0.0,0.0,100.0,0.0,0.0,0.0,0,0.0,0.6419094815733344,0.764562622444788,0.0,1.0,250,150.0
oracle_feasible,congested,103,150.0,250,105.52416499595552,190.80027000163682,201.34015997871754,204.7997000394389,105.52416499595552,0.248,0.8638734732866287,0.667202011346817,5400.0,21.6,21600.0,0.248,0.0,0.0,0.864,1.0,0.7129629629629629,0.616,0.0,0.28703703703703703,0.0,0.0,13.600000000000001,86.4,0.0,0.0,57,228.0,0.5432192492362887,0.6102573912287288,0.616,0.752,250,150.0
local_only,congested,104,150.0,250,32.90618080133572,45.22195500030648,53.2414129906101,57.1629999903962,32.90618080133572,0.0,0.8127137591838837,0.8127137591838837,0.0,0.0,0.0,0.0,0.0,0.0,0.0,0.0,0.0,0.0,0.0,0.0,0.0,0.0,100.0,0.0,0.0,0.0,0,0.0,0.6419094815733344,0.764562622444788,0.0,1.0,250,150.0
edge_only,congested,104,150.0,250,121.9216340062611,192.14389998815022,203.2414129906101,207.1629999903962,121.9216340062611,0.348,0.8569956096410751,0.5784972531795501,6250.0,25.0,25000.0,0.348,0.0,0.0,1.0,0.948,0.652,0.652,0.004,0.292,0.052,0.0,0.0,100.0,0.0,0.0,0,0.0,0.4758117562878822,0.5428871553075374,0.652,0.652,250,150.0
cloud_only,congested,104,150.0,250,182.90618080133572,195.22195500030648,203.2414129906101,207.1629999903962,182.90618080133572,1.0,0.8127137591838837,0.0,8750.0,35.0,35000.0,1.0,0.0,0.0,1.0,0.936,0.0,0.0,0.932,0.004,0.064,0.0,0.0,100.0,0.0,0.0,0,0.0,0.0,0.0,0.0,0.0,250,150.0
dapper,congested,104,150.0,250,32.90618080133572,45.22195500030648,53.2414129906101,57.1629999903962,32.90618080133572,0.0,0.8127137591838837,0.8127137591838837,0.0,0.0,0.0,0.0,0.0,0.0,0.0,0.0,0.0,0.0,0.0,0.0,0.0,0.0,100.0,0.0,0.0,0.0,0,0.0,0.6419094815733344,0.764562622444788,0.0,1.0,250,150.0
deadline_greedy,congested,104,150.0,250,32.90618080133572,45.22195500030648,53.2414129906101,57.1629999903962,32.90618080133572,0.0,0.8127137591838837,0.8127137591838837,0.0,0.0,0.0,0.0,0.0,0.0,0.0,0.0,0.0,0.0,0.0,0.0,0.0,0.0,100.0,0.0,0.0,0.0,0,0.0,0.6419094815733344,0.764562622444788,0.0,1.0,250,150.0
confidence_deadline,congested,104,150.0,250,32.90618080133572,45.22195500030648,53.2414129906101,57.1629999903962,32.90618080133572,0.0,0.8127137591838837,0.8127137591838837,0.0,0.0,0.0,0.0,0.0,0.0,0.0,0.0,0.0,0.0,0.0,0.0,0.0,0.0,100.0,0.0,0.0,0.0,0,0.0,0.6419094815733344,0.764562622444788,0.0,1.0,250,150.0
oracle_feasible,congested,104,150.0,250,106.107771267979,187.90394501120318,203.2414129906101,207.1629999903962,106.107771267979,0.272,0.8606758996248245,0.6407493478059769,5275.0,21.1,21100.0,0.272,0.0,0.0,0.844,1.0,0.6777251184834123,0.572,0.0,0.3222748815165877,0.0,0.0,15.6,84.39999999999999,0.0,0.0,67,268.0,0.5144226735897132,0.5754595722748589,0.572,0.728,250,150.0
local_only,congested,105,150.0,250,32.90618080133572,45.22195500030648,53.2414129906101,57.1629999903962,32.90618080133572,0.0,0.8127137591838837,0.8127137591838837,0.0,0.0,0.0,0.0,0.0,0.0,0.0,0.0,0.0,0.0,0.0,0.0,0.0,0.0,100.0,0.0,0.0,0.0,0,0.0,0.6419094815733344,0.764562622444788,0.0,1.0,250,150.0
edge_only,congested,105,150.0,250,122.80053928541726,191.52450000401586,201.34015997871754,204.7997000394389,122.80053928541726,0.364,0.8552031605243683,0.561602322101593,6250.0,25.0,25000.0,0.364,0.0,0.0,1.0,0.932,0.636,0.636,0.0,0.296,0.068,0.0,0.0,100.0,0.0,0.0,0,0.0,0.4663446669830571,0.5276914433761568,0.636,0.636,250,150.0
cloud_only,congested,105,150.0,250,182.90618080133572,195.22195500030648,203.2414129906101,207.1629999903962,182.90618080133572,1.0,0.8127137591838837,0.0,8750.0,35.0,35000.0,1.0,0.0,0.0,1.0,0.96,0.0,0.0,0.94,0.02,0.04,0.0,0.0,100.0,0.0,0.0,0,0.0,0.0,0.0,0.0,0.0,250,150.0
dapper,congested,105,150.0,250,32.90618080133572,45.22195500030648,53.2414129906101,57.1629999903962,32.90618080133572,0.0,0.8127137591838837,0.8127137591838837,0.0,0.0,0.0,0.0,0.0,0.0,0.0,0.0,0.0,0.0,0.0,0.0,0.0,0.0,100.0,0.0,0.0,0.0,0,0.0,0.6419094815733344,0.764562622444788,0.0,1.0,250,150.0
deadline_greedy,congested,105,150.0,250,32.90618080133572,45.22195500030648,53.2414129906101,57.1629999903962,32.90618080133572,0.0,0.8127137591838837,0.8127137591838837,0.0,0.0,0.0,0.0,0.0,0.0,0.0,0.0,0.0,0.0,0.0,0.0,0.0,0.0,100.0,0.0,0.0,0.0,0,0.0,0.6419094815733344,0.764562622444788,0.0,1.0,250,150.0
confidence_deadline,congested,105,150.0,250,32.90618080133572,45.22195500030648,53.2414129906101,57.1629999903962,32.90618080133572,0.0,0.8127137591838837,0.8127137591838837,0.0,0.0,0.0,0.0,0.0,0.0,0.0,0.0,0.0,0.0,0.0,0.0,0.0,0.0,100.0,0.0,0.0,0.0,0,0.0,0.6419094815733344,0.764562622444788,0.0,1.0,250,150.0
oracle_feasible,congested,105,150.0,250,103.2978371280648,188.533910017577,199.50521398568523,204.7997000394389,103.2978371280648,0.26,0.8589615190029144,0.6516625373363495,5150.0,20.6,20600.0,0.26,0.0,0.0,0.824,1.0,0.6844660194174758,0.564,0.0,0.3155339805825243,0.0,0.0,17.599999999999998,82.39999999999999,0.0,0.0,69,276.0,0.5365114570284966,0.608999625639753,0.564,0.74,250,150.0
local_only,congested,106,150.0,250,32.90618080133572,45.22195500030648,53.2414129906101,57.1629999903962,32.90618080133572,0.0,0.8127137591838837,0.8127137591838837,0.0,0.0,0.0,0.0,0.0,0.0,0.0,0.0,0.0,0.0,0.0,0.0,0.0,0.0,100.0,0.0,0.0,0.0,0,0.0,0.6419094815733344,0.764562622444788,0.0,1.0,250,150.0
edge_only,congested,106,150.0,250,120.41126692567093,191.48692497983572,203.2414129906101,207.1629999903962,120.41126692567093,0.328,0.8625880664587021,0.599120091676712,6250.0,25.0,25000.0,0.328,0.0,0.0,1.0,0.98,0.672,0.672,0.004,0.304,0.02,0.0,0.0,100.0,0.0,0.0,0,0.0,0.495521219047345,0.5533144668494986,0.672,0.672,250,150.0
cloud_only,congested,106,150.0,250,182.90618080133572,195.22195500030648,203.2414129906101,207.1629999903962,182.90618080133572,1.0,0.8127137591838837,0.0,8750.0,35.0,35000.0,1.0,0.0,0.0,1.0,0.964,0.0,0.0,0.964,0.0,0.036,0.0,0.0,100.0,0.0,0.0,0,0.0,0.0,0.0,0.0,0.0,250,150.0
dapper,congested,106,150.0,250,32.90618080133572,45.22195500030648,53.2414129906101,57.1629999903962,32.90618080133572,0.0,0.8127137591838837,0.8127137591838837,0.0,0.0,0.0,0.0,0.0,0.0,0.0,0.0,0.0,0.0,0.0,0.0,0.0,0.0,100.0,0.0,0.0,0.0,0,0.0,0.6419094815733344,0.764562622444788,0.0,1.0,250,150.0
deadline_greedy,congested,106,150.0,250,32.90618080133572,45.22195500030648,53.2414129906101,57.1629999903962,32.90618080133572,0.0,0.8127137591838837,0.8127137591838837,0.0,0.0,0.0,0.0,0.0,0.0,0.0,0.0,0.0,0.0,0.0,0.0,0.0,0.0,100.0,0.0,0.0,0.0,0,0.0,0.6419094815733344,0.764562622444788,0.0,1.0,250,150.0
confidence_deadline,congested,106,150.0,250,32.90618080133572,45.22195500030648,53.2414129906101,57.1629999903962,32.90618080133572,0.0,0.8127137591838837,0.8127137591838837,0.0,0.0,0.0,0.0,0.0,0.0,0.0,0.0,0.0,0.0,0.0,0.0,0.0,0.0,100.0,0.0,0.0,0.0,0,0.0,0.6419094815733344,0.764562622444788,0.0,1.0,250,150.0
oracle_feasible,congested,106,150.0,250,107.64690381871159,187.35329000337512,200.4721739864908,204.7997000394389,107.64690381871159,0.268,0.8644055935144425,0.651629298210144,5450.0,21.8,21800.0,0.268,0.0,0.0,0.872,1.0,0.6926605504587156,0.604,0.0,0.3073394495412844,0.0,0.0,12.8,87.2,0.0,0.0,55,220.0,0.5342682169352565,0.5928049127093713,0.604,0.732,250,150.0
local_only,congested,107,150.0,250,32.90618080133572,45.22195500030648,53.2414129906101,57.1629999903962,32.90618080133572,0.0,0.8127137591838837,0.8127137591838837,0.0,0.0,0.0,0.0,0.0,0.0,0.0,0.0,0.0,0.0,0.0,0.0,0.0,0.0,100.0,0.0,0.0,0.0,0,0.0,0.6419094815733344,0.764562622444788,0.0,1.0,250,150.0
edge_only,congested,107,150.0,250,115.41861608472271,191.52450000401586,203.2414129906101,207.1629999903962,115.41861608472271,0.284,0.8578323278427123,0.630804539680481,6250.0,25.0,25000.0,0.284,0.0,0.0,1.0,0.936,0.716,0.716,0.004,0.216,0.064,0.0,0.0,100.0,0.0,0.0,0,0.0,0.5145655582330635,0.5913808502184298,0.716,0.716,250,150.0
cloud_only,congested,107,150.0,250,182.90618080133572,195.22195500030648,203.2414129906101,207.1629999903962,182.90618080133572,1.0,0.8127137591838837,0.0,8750.0,35.0,35000.0,1.0,0.0,0.0,1.0,0.952,0.0,0.0,0.932,0.02,0.048,0.0,0.0,100.0,0.0,0.0,0,0.0,0.0,0.0,0.0,0.0,250,150.0
dapper,congested,107,150.0,250,32.90618080133572,45.22195500030648,53.2414129906101,57.1629999903962,32.90618080133572,0.0,0.8127137591838837,0.8127137591838837,0.0,0.0,0.0,0.0,0.0,0.0,0.0,0.0,0.0,0.0,0.0,0.0,0.0,0.0,100.0,0.0,0.0,0.0,0,0.0,0.6419094815733344,0.764562622444788,0.0,1.0,250,150.0
deadline_greedy,congested,107,150.0,250,32.90618080133572,45.22195500030648,53.2414129906101,57.1629999903962,32.90618080133572,0.0,0.8127137591838837,0.8127137591838837,0.0,0.0,0.0,0.0,0.0,0.0,0.0,0.0,0.0,0.0,0.0,0.0,0.0,0.0,100.0,0.0,0.0,0.0,0,0.0,0.6419094815733344,0.764562622444788,0.0,1.0,250,150.0
confidence_deadline,congested,107,150.0,250,32.90618080133572,45.22195500030648,53.2414129906101,57.1629999903962,32.90618080133572,0.0,0.8127137591838837,0.8127137591838837,0.0,0.0,0.0,0.0,0.0,0.0,0.0,0.0,0.0,0.0,0.0,0.0,0.0,0.0,100.0,0.0,0.0,0.0,0,0.0,0.6419094815733344,0.764562622444788,0.0,1.0,250,150.0
oracle_feasible,congested,107,150.0,250,96.65846193765937,187.68188001704402,198.12091398285702,202.26919997949153,96.65846193765937,0.188,0.863615033864975,0.7187531790733337,5150.0,20.6,20600.0,0.188,0.0,0.0,0.824,1.0,0.7718446601941747,0.636,0.0,0.22815533980582525,0.0,0.0,17.599999999999998,82.39999999999999,0.0,0.0,69,276.0,0.5794070423365137,0.6543891794687973,0.636,0.812,250,150.0
local_only,congested,108,150.0,250,32.90618080133572,45.22195500030648,53.2414129906101,57.1629999903962,32.90618080133572,0.0,0.8127137591838837,0.8127137591838837,0.0,0.0,0.0,0.0,0.0,0.0,0.0,0.0,0.0,0.0,0.0,0.0,0.0,0.0,100.0,0.0,0.0,0.0,0,0.0,0.6419094815733344,0.764562622444788,0.0,1.0,250,150.0
edge_only,congested,108,150.0,250,126.83738475691804,191.52450000401586,201.34015997871754,204.7997000394389,126.83738475691804,0.4,0.852405685544014,0.5310522119998932,6250.0,25.0,25000.0,0.4,0.0,0.0,1.0,0.948,0.6,0.6,0.004,0.344,0.052,0.0,0.0,100.0,0.0,0.0,0,0.0,0.43646308764285696,0.475509098120563,0.6,0.6,250,150.0
cloud_only,congested,108,150.0,250,182.90618080133572,195.22195500030648,203.2414129906101,207.1629999903962,182.90618080133572,1.0,0.8127137591838837,0.0,8750.0,35.0,35000.0,1.0,0.0,0.0,1.0,0.948,0.0,0.0,0.948,0.0,0.052,0.0,0.0,100.0,0.0,0.0,0,0.0,0.0,0.0,0.0,0.0,250,150.0
dapper,congested,108,150.0,250,32.90618080133572,45.22195500030648,53.2414129906101,57.1629999903962,32.90618080133572,0.0,0.8127137591838837,0.8127137591838837,0.0,0.0,0.0,0.0,0.0,0.0,0.0,0.0,0.0,0.0,0.0,0.0,0.0,0.0,100.0,0.0,0.0,0.0,0,0.0,0.6419094815733344,0.764562622444788,0.0,1.0,250,150.0
deadline_greedy,congested,108,150.0,250,32.90618080133572,45.22195500030648,53.2414129906101,57.1629999903962,32.90618080133572,0.0,0.8127137591838837,0.8127137591838837,0.0,0.0,0.0,0.0,0.0,0.0,0.0,0.0,0.0,0.0,0.0,0.0,0.0,0.0,100.0,0.0,0.0,0.0,0,0.0,0.6419094815733344,0.764562622444788,0.0,1.0,250,150.0
confidence_deadline,congested,108,150.0,250,32.90618080133572,45.22195500030648,53.2414129906101,57.1629999903962,32.90618080133572,0.0,0.8127137591838837,0.8127137591838837,0.0,0.0,0.0,0.0,0.0,0.0,0.0,0.0,0.0,0.0,0.0,0.0,0.0,0.0,100.0,0.0,0.0,0.0,0,0.0,0.6419094815733344,0.764562622444788,0.0,1.0,250,150.0
oracle_feasible,congested,108,150.0,250,109.92165795563675,188.39432499953543,201.34015997871754,204.7997000394389,109.92165795563675,0.312,0.8556926554441452,0.6035548174381256,5275.0,21.1,21100.0,0.312,0.0,0.0,0.844,1.0,0.6303317535545023,0.532,0.0,0.3696682464454976,0.0,0.0,15.6,84.39999999999999,0.0,0.0,61,244.0,0.4921807434891624,0.548855496944669,0.532,0.688,250,150.0
local_only,congested,109,150.0,250,32.90618080133572,45.22195500030648,53.2414129906101,57.1629999903962,32.90618080133572,0.0,0.8127137591838837,0.8127137591838837,0.0,0.0,0.0,0.0,0.0,0.0,0.0,0.0,0.0,0.0,0.0,0.0,0.0,0.0,100.0,0.0,0.0,0.0,0,0.0,0.6419094815733344,0.764562622444788,0.0,1.0,250,150.0
edge_only,congested,109,150.0,250,110.23418476549466,190.80027000163682,201.34015997871754,204.7997000394389,110.23418476549466,0.228,0.8632049815654754,0.6796105699539184,6250.0,25.0,25000.0,0.228,0.0,0.0,1.0,0.944,0.772,0.772,0.0,0.172,0.056,0.0,0.0,100.0,0.0,0.0,0,0.0,0.5680397572366743,0.606864817772461,0.772,0.772,250,150.0
cloud_only,congested,109,150.0,250,182.90618080133572,195.22195500030648,203.2414129906101,207.1629999903962,182.90618080133572,1.0,0.8127137591838837,0.0,8750.0,35.0,35000.0,1.0,0.0,0.0,1.0,0.952,0.0,0.0,0.936,0.016,0.048,0.0,0.0,100.0,0.0,0.0,0,0.0,0.0,0.0,0.0,0.0,250,150.0
dapper,congested,109,150.0,250,32.90618080133572,45.22195500030648,53.2414129906101,57.1629999903962,32.90618080133572,0.0,0.8127137591838837,0.8127137591838837,0.0,0.0,0.0,0.0,0.0,0.0,0.0,0.0,0.0,0.0,0.0,0.0,0.0,0.0,100.0,0.0,0.0,0.0,0,0.0,0.6419094815733344,0.764562622444788,0.0,1.0,250,150.0
deadline_greedy,congested,109,150.0,250,32.90618080133572,45.22195500030648,53.2414129906101,57.1629999903962,32.90618080133572,0.0,0.8127137591838837,0.8127137591838837,0.0,0.0,0.0,0.0,0.0,0.0,0.0,0.0,0.0,0.0,0.0,0.0,0.0,0.0,100.0,0.0,0.0,0.0,0,0.0,0.6419094815733344,0.764562622444788,0.0,1.0,250,150.0
confidence_deadline,congested,109,150.0,250,32.90618080133572,45.22195500030648,53.2414129906101,57.1629999903962,32.90618080133572,0.0,0.8127137591838837,0.8127137591838837,0.0,0.0,0.0,0.0,0.0,0.0,0.0,0.0,0.0,0.0,0.0,0.0,0.0,0.0,100.0,0.0,0.0,0.0,0,0.0,0.6419094815733344,0.764562622444788,0.0,1.0,250,150.0
oracle_feasible,congested,109,150.0,250,94.70170794369167,184.60787500662263,201.34015997871754,204.7997000394389,94.70170794369167,0.156,0.8692624943256378,0.7468464426994323,5250.0,21.0,21000.0,0.156,0.0,0.0,0.84,1.0,0.8142857142857143,0.684,0.0,0.18571428571428572,0.0,0.0,16.0,84.0,0.0,0.0,59,236.0,0.6150011413919132,0.6608375435604735,0.684,0.844,250,150.0
local_only,lossy,100,150.0,250,32.90618080133572,45.22195500030648,53.2414129906101,57.1629999903962,32.90618080133572,0.0,0.8127137591838837,0.8127137591838837,0.0,0.0,0.0,0.0,0.0,0.0,0.0,0.0,0.0,0.0,0.0,0.0,0.0,0.0,100.0,0.0,0.0,0.0,0,0.0,0.6419094815733344,0.764562622444788,0.0,1.0,250,150.0
edge_only,lossy,100,150.0,250,89.4019872051555,179.61932165207034,190.63222925107692,198.66347365375935,89.4019872051555,0.244,0.8671110632419586,0.6628402712345123,6250.0,25.0,25000.0,0.244,0.0,0.0,1.0,0.772,0.756,0.756,0.0,0.016,0.228,0.0,0.0,100.0,0.0,0.0,0,0.0,0.5478887864538499,0.619632552514718,0.756,0.756,250,150.0
cloud_only,lossy,100,150.0,250,182.90618080133572,195.22195500030648,203.2414129906101,207.1629999903962,182.90618080133572,1.0,0.8127137591838837,0.0,8750.0,35.0,35000.0,1.0,0.0,0.0,1.0,0.784,0.0,0.0,0.112,0.672,0.216,0.0,0.0,100.0,0.0,0.0,0,0.0,0.0,0.0,0.0,0.0,250,150.0
dapper,lossy,100,150.0,250,38.75172629208031,61.916168055340826,168.2196060706069,176.04484591026878,41.71954635720294,0.024,0.8334734814167023,0.8342127894163132,1500.0,6.0,6000.0,0.024,0.0,0.0,0.24,0.7833333333333333,0.7833333333333333,0.188,0.0,0.0,0.21666666666666667,0.0,76.0,12.4,11.600000000000001,0.0,89,356.0,0.6484141916780445,0.7558332414224134,0.188,0.976,250,150.0
deadline_greedy,lossy,100,150.0,250,32.90618080133572,45.22195500030648,53.2414129906101,57.1629999903962,32.90618080133572,0.0,0.8127137591838837,0.8127137591838837,0.0,0.0,0.0,0.0,0.0,0.0,0.0,0.0,0.0,0.0,0.0,0.0,0.0,0.0,100.0,0.0,0.0,0.0,0,0.0,0.6419094815733344,0.764562622444788,0.0,1.0,250,150.0
confidence_deadline,lossy,100,150.0,250,32.90618080133572,45.22195500030648,53.2414129906101,57.1629999903962,32.90618080133572,0.0,0.8127137591838837,0.8127137591838837,0.0,0.0,0.0,0.0,0.0,0.0,0.0,0.0,0.0,0.0,0.0,0.0,0.0,0.0,100.0,0.0,0.0,0.0,0,0.0,0.6419094815733344,0.764562622444788,0.0,1.0,250,150.0
oracle_feasible,lossy,100,150.0,250,55.313637734411735,73.1425572752779,185.8339666882925,198.66347365375935,55.313637734411735,0.016,0.872371673822403,0.8581682233810425,4350.0,17.4,17400.0,0.016,0.0,0.0,0.696,1.0,0.9770114942528736,0.68,0.0,0.022988505747126436,0.0,0.0,30.4,69.6,0.0,0.0,103,412.0,0.7051199683166224,0.7844349475718903,0.68,0.984,250,150.0
local_only,lossy,101,150.0,250,32.90618080133572,45.22195500030648,53.2414129906101,57.1629999903962,32.90618080133572,0.0,0.8127137591838837,0.8127137591838837,0.0,0.0,0.0,0.0,0.0,0.0,0.0,0.0,0.0,0.0,0.0,0.0,0.0,0.0,100.0,0.0,0.0,0.0,0,0.0,0.6419094815733344,0.764562622444788,0.0,1.0,250,150.0
edge_only,lossy,101,150.0,250,84.82314903327322,174.58080838713187,188.83507433640972,195.13778681578688,84.82314903327322,0.216,0.8650777592658997,0.693709246635437,6250.0,25.0,25000.0,0.216,0.0,0.0,1.0,0.796,0.784,0.784,0.0,0.012,0.204,0.0,0.0,100.0,0.0,0.0,0,0.0,0.5754105352866612,0.658930427322147,0.784,0.784,250,150.0
cloud_only,lossy,101,150.0,250,182.90618080133572,195.22195500030648,203.2414129906101,207.1629999903962,182.90618080133572,1.0,0.8127137591838837,0.0,8750.0,35.0,35000.0,1.0,0.0,0.0,1.0,0.812,0.0,0.0,0.1,0.712,0.188,0.0,0.0,100.0,0.0,0.0,0,0.0,0.0,0.0,0.0,0.0,250,150.0
dapper,lossy,101,150.0,250,41.39947329568624,64.47912644798943,170.52459619051885,189.62488099106716,42.88075364522498,0.036,0.8419816710948944,0.8293768029212951,1500.0,6.0,6000.0,0.036,0.0,0.0,0.24,0.7666666666666667,0.7666666666666667,0.184,0.0,0.0,0.23333333333333334,0.0,76.0,17.599999999999998,6.4,0.0,92,368.0,0.643885620249473,0.7734308243066205,0.184,0.964,250,150.0
deadline_greedy,lossy,101,150.0,250,32.90618080133572,45.22195500030648,53.2414129906101,57.1629999903962,32.90618080133572,0.0,0.8127137591838837,0.8127137591838837,0.0,0.0,0.0,0.0,0.0,0.0,0.0,0.0,0.0,0.0,0.0,0.0,0.0,0.0,100.0,0.0,0.0,0.0,0,0.0,0.6419094815733344,0.764562622444788,0.0,1.0,250,150.0
confidence_deadline,lossy,101,150.0,250,32.90618080133572,45.22195500030648,53.2414129906101,57.1629999903962,32.90618080133572,0.0,0.8127137591838837,0.8127137591838837,0.0,0.0,0.0,0.0,0.0,0.0,0.0,0.0,0.0,0.0,0.0,0.0,0.0,0.0,100.0,0.0,0.0,0.0,0,0.0,0.6419094815733344,0.764562622444788,0.0,1.0,250,150.0
oracle_feasible,lossy,101,150.0,250,53.66294691445129,73.06390783313127,142.39517370985376,195.13778681578688,53.66294691445129,0.012,0.8716814975738525,0.8612701387405396,4375.0,17.5,17500.0,0.012,0.0,0.0,0.7,1.0,0.9828571428571429,0.688,0.0,0.017142857142857144,0.0,0.0,30.0,70.0,0.0,0.0,98,392.0,0.6973209052431172,0.7897146112910445,0.688,0.988,250,150.0
local_only,lossy,102,150.0,250,32.90618080133572,45.22195500030648,53.2414129906101,57.1629999903962,32.90618080133572,0.0,0.8127137591838837,0.8127137591838837,0.0,0.0,0.0,0.0,0.0,0.0,0.0,0.0,0.0,0.0,0.0,0.0,0.0,0.0,100.0,0.0,0.0,0.0,0,0.0,0.6419094815733344,0.764562622444788,0.0,1.0,250,150.0
edge_only,lossy,102,150.0,250,80.91104169075922,176.83678414786996,186.90743120970458,194.6400082775385,80.91104169075922,0.172,0.8738575158119202,0.7308698680400848,6250.0,25.0,25000.0,0.172,0.0,0.0,1.0,0.836,0.828,0.828,0.0,0.008,0.164,0.0,0.0,100.0,0.0,0.0,0,0.0,0.6108118258327717,0.6699362474044003,0.828,0.828,250,150.0
cloud_only,lossy,102,150.0,250,182.90618080133572,195.22195500030648,203.2414129906101,207.1629999903962,182.90618080133572,1.0,0.8127137591838837,0.0,8750.0,35.0,35000.0,1.0,0.0,0.0,1.0,0.804,0.0,0.0,0.092,0.712,0.196,0.0,0.0,100.0,0.0,0.0,0,0.0,0.0,0.0,0.0,0.0,250,150.0
dapper,lossy,102,150.0,250,39.87538448489726,63.36278053161224,173.55171325078413,185.76813151599038,41.91770001309869,0.024,0.8410234714746475,0.8404480355978012,1425.0,5.7,5700.0,0.024,0.0,0.0,0.228,0.8771929824561403,0.8771929824561403,0.2,0.0,0.0,0.12280701754385964,0.0,77.2,16.0,6.800000000000001,0.0,86,344.0,0.6535332392970921,0.7675105238003328,0.2,0.976,250,150.0
deadline_greedy,lossy,102,150.0,250,32.90618080133572,45.22195500030648,53.2414129906101,57.1629999903962,32.90618080133572,0.0,0.8127137591838837,0.8127137591838837,0.0,0.0,0.0,0.0,0.0,0.0,0.0,0.0,0.0,0.0,0.0,0.0,0.0,0.0,100.0,0.0,0.0,0.0,0,0.0,0.6419094815733344,0.764562622444788,0.0,1.0,250,150.0
confidence_deadline,lossy,102,150.0,250,32.90618080133572,45.22195500030648,53.2414129906101,57.1629999903962,32.90618080133572,0.0,0.8127137591838837,0.8127137591838837,0.0,0.0,0.0,0.0,0.0,0.0,0.0,0.0,0.0,0.0,0.0,0.0,0.0,0.0,100.0,0.0,0.0,0.0,0,0.0,0.6419094815733344,0.764562622444788,0.0,1.0,250,150.0
oracle_feasible,lossy,102,150.0,250,55.748336602587095,72.65313074578991,95.82509844396387,194.6400082775385,55.748336602587095,0.008,0.8787243382930756,0.8718086974620819,4700.0,18.8,18800.0,0.008,0.0,0.0,0.752,1.0,0.9893617021276596,0.744,0.0,0.010638297872340425,0.0,0.0,24.8,75.2,0.0,0.0,93,372.0,0.71309028296929,0.7983010885080949,0.744,0.992,250,150.0
local_only,lossy,103,150.0,250,32.90618080133572,45.22195500030648,53.2414129906101,57.1629999903962,32.90618080133572,0.0,0.8127137591838837,0.8127137591838837,0.0,0.0,0.0,0.0,0.0,0.0,0.0,0.0,0.0,0.0,0.0,0.0,0.0,0.0,100.0,0.0,0.0,0.0,0,0.0,0.6419094815733344,0.764562622444788,0.0,1.0,250,150.0
edge_only,lossy,103,150.0,250,82.43241536552195,173.75195585586508,185.61618935042813,194.74720229999616,82.43241536552195,0.192,0.8708253948688507,0.7171581888198852,6250.0,25.0,25000.0,0.192,0.0,0.0,1.0,0.82,0.808,0.808,0.0,0.012,0.18,0.0,0.0,100.0,0.0,0.0,0,0.0,0.5957327344711245,0.682791651024135,0.808,0.808,250,150.0
cloud_only,lossy,103,150.0,250,182.90618080133572,195.22195500030648,203.2414129906101,207.1629999903962,182.90618080133572,1.0,0.8127137591838837,0.0,8750.0,35.0,35000.0,1.0,0.0,0.0,1.0,0.832,0.0,0.0,0.108,0.724,0.168,0.0,0.0,100.0,0.0,0.0,0,0.0,0.0,0.0,0.0,0.0,250,150.0
dapper,lossy,103,150.0,250,41.9737198516365,67.48153386800739,169.61136560552498,189.1168373518251,44.56841434404115,0.048,0.8348726943731308,0.8232713029384613,1450.0,5.8,5800.0,0.048,0.0,0.0,0.232,0.7931034482758621,0.7758620689655172,0.18,0.0,0.017241379310344827,0.20689655172413793,0.0,76.8,14.399999999999999,8.799999999999999,0.0,87,348.0,0.632542763106616,0.7549839845222011,0.18,0.952,250,150.0
deadline_greedy,lossy,103,150.0,250,32.90618080133572,45.22195500030648,53.2414129906101,57.1629999903962,32.90618080133572,0.0,0.8127137591838837,0.8127137591838837,0.0,0.0,0.0,0.0,0.0,0.0,0.0,0.0,0.0,0.0,0.0,0.0,0.0,0.0,100.0,0.0,0.0,0.0,0,0.0,0.6419094815733344,0.764562622444788,0.0,1.0,250,150.0
confidence_deadline,lossy,103,150.0,250,32.90618080133572,45.22195500030648,53.2414129906101,57.1629999903962,32.90618080133572,0.0,0.8127137591838837,0.8127137591838837,0.0,0.0,0.0,0.0,0.0,0.0,0.0,0.0,0.0,0.0,0.0,0.0,0.0,0.0,100.0,0.0,0.0,0.0,0,0.0,0.6419094815733344,0.764562622444788,0.0,1.0,250,150.0
oracle_feasible,lossy,103,150.0,250,55.411613419115284,72.09602645450828,140.66920333062365,194.74720229999616,55.411613419115284,0.012,0.8773264529705047,0.86763969373703,4625.0,18.5,18500.0,0.012,0.0,0.0,0.74,1.0,0.9837837837837838,0.728,0.0,0.016216216216216217,0.0,0.0,26.0,74.0,0.0,0.0,93,372.0,0.7106626634848754,0.7973065946792062,0.728,0.988,250,150.0
local_only,lossy,104,150.0,250,32.90618080133572,45.22195500030648,53.2414129906101,57.1629999903962,32.90618080133572,0.0,0.8127137591838837,0.8127137591838837,0.0,0.0,0.0,0.0,0.0,0.0,0.0,0.0,0.0,0.0,0.0,0.0,0.0,0.0,100.0,0.0,0.0,0.0,0,0.0,0.6419094815733344,0.764562622444788,0.0,1.0,250,150.0
edge_only,lossy,104,150.0,250,86.8819153360801,174.82078870885252,189.05648758816233,198.67417177468627,86.8819153360801,0.236,0.8713817073106765,0.6722312219142914,6250.0,25.0,25000.0,0.236,0.0,0.0,1.0,0.776,0.764,0.764,0.0,0.012,0.224,0.0,0.0,100.0,0.0,0.0,0,0.0,0.5509164952045887,0.6297780510360129,0.764,0.764,250,150.0
cloud_only,lossy,104,150.0,250,182.90618080133572,195.22195500030648,203.2414129906101,207.1629999903962,182.90618080133572,1.0,0.8127137591838837,0.0,8750.0,35.0,35000.0,1.0,0.0,0.0,1.0,0.8,0.0,0.0,0.072,0.728,0.2,0.0,0.0,100.0,0.0,0.0,0,0.0,0.0,0.0,0.0,0.0,250,150.0
dapper,lossy,104,150.0,250,40.906710843478734,63.46743074108099,172.76895725194638,187.61074773690876,42.36232973747664,0.032,0.8420272761583328,0.8319822620153428,1425.0,5.7,5700.0,0.032,0.0,0.0,0.228,0.8245614035087719,0.8070175438596491,0.184,0.0,0.017543859649122806,0.17543859649122806,0.0,77.2,17.2,5.6000000000000005,0.0,88,352.0,0.6424570488209016,0.7701236219548321,0.184,0.968,250,150.0
deadline_greedy,lossy,104,150.0,250,32.90618080133572,45.22195500030648,53.2414129906101,57.1629999903962,32.90618080133572,0.0,0.8127137591838837,0.8127137591838837,0.0,0.0,0.0,0.0,0.0,0.0,0.0,0.0,0.0,0.0,0.0,0.0,0.0,0.0,100.0,0.0,0.0,0.0,0,0.0,0.6419094815733344,0.764562622444788,0.0,1.0,250,150.0
confidence_deadline,lossy,104,150.0,250,32.90618080133572,45.22195500030648,53.2414129906101,57.1629999903962,32.90618080133572,0.0,0.8127137591838837,0.8127137591838837,0.0,0.0,0.0,0.0,0.0,0.0,0.0,0.0,0.0,0.0,0.0,0.0,0.0,0.0,100.0,0.0,0.0,0.0,0,0.0,0.6419094815733344,0.764562622444788,0.0,1.0,250,150.0
oracle_feasible,lossy,104,150.0,250,53.65016848959653,70.09023879827122,138.5007768549192,198.67417177468627,53.65016848959653,0.012,0.8750480185747147,0.86536125934124,4275.0,17.1,17100.0,0.012,0.0,0.0,0.684,1.0,0.9824561403508771,0.672,0.0,0.017543859649122806,0.0,0.0,31.6,68.4,0.0,0.0,121,484.0,0.7107631055715244,0.8022959789679536,0.672,0.988,250,150.0
local_only,lossy,105,150.0,250,32.90618080133572,45.22195500030648,53.2414129906101,57.1629999903962,32.90618080133572,0.0,0.8127137591838837,0.8127137591838837,0.0,0.0,0.0,0.0,0.0,0.0,0.0,0.0,0.0,0.0,0.0,0.0,0.0,0.0,100.0,0.0,0.0,0.0,0,0.0,0.6419094815733344,0.764562622444788,0.0,1.0,250,150.0
edge_only,lossy,105,150.0,250,83.91414801263873,177.63352152810768,190.85031989759798,198.11041540264446,83.91414801263873,0.212,0.8707027344703674,0.6953911535739898,6250.0,25.0,25000.0,0.212,0.0,0.0,1.0,0.804,0.788,0.788,0.0,0.016,0.196,0.0,0.0,100.0,0.0,0.0,0,0.0,0.5803623989740219,0.6163792948028617,0.788,0.788,250,150.0
cloud_only,lossy,105,150.0,250,182.90618080133572,195.22195500030648,203.2414129906101,207.1629999903962,182.90618080133572,1.0,0.8127137591838837,0.0,8750.0,35.0,35000.0,1.0,0.0,0.0,1.0,0.768,0.0,0.0,0.076,0.692,0.232,0.0,0.0,100.0,0.0,0.0,0,0.0,0.0,0.0,0.0,0.0,250,150.0
dapper,lossy,105,150.0,250,40.484947824255556,62.721094139035884,167.5140383378297,172.7134539601046,42.254859182338606,0.028,0.8380869783163071,0.8350500022172928,1500.0,6.0,6000.0,0.028,0.0,0.0,0.24,0.85,0.8333333333333334,0.2,0.0,0.016666666666666666,0.15,0.0,76.0,17.2,6.800000000000001,0.0,90,360.0,0.6521640085278614,0.755465774494437,0.2,0.972,250,150.0
deadline_greedy,lossy,105,150.0,250,32.90618080133572,45.22195500030648,53.2414129906101,57.1629999903962,32.90618080133572,0.0,0.8127137591838837,0.8127137591838837,0.0,0.0,0.0,0.0,0.0,0.0,0.0,0.0,0.0,0.0,0.0,0.0,0.0,0.0,100.0,0.0,0.0,0.0,0,0.0,0.6419094815733344,0.764562622444788,0.0,1.0,250,150.0
confidence_deadline,lossy,105,150.0,250,32.90618080133572,45.22195500030648,53.2414129906101,57.1629999903962,32.90618080133572,0.0,0.8127137591838837,0.8127137591838837,0.0,0.0,0.0,0.0,0.0,0.0,0.0,0.0,0.0,0.0,0.0,0.0,0.0,0.0,100.0,0.0,0.0,0.0,0,0.0,0.6419094815733344,0.764562622444788,0.0,1.0,250,150.0
oracle_feasible,lossy,105,150.0,250,55.14581109735579,73.39766161253051,189.12602913975405,198.11041540264446,55.14581109735579,0.016,0.8755459401607514,0.8617896249294281,4550.0,18.2,18200.0,0.016,0.0,0.0,0.728,1.0,0.978021978021978,0.712,0.0,0.02197802197802198,0.0,0.0,27.200000000000003,72.8,0.0,0.0,95,380.0,0.7084778836039495,0.7980584436794629,0.712,0.984,250,150.0
local_only,lossy,106,150.0,250,32.90618080133572,45.22195500030648,53.2414129906101,57.1629999903962,32.90618080133572,0.0,0.8127137591838837,0.8127137591838837,0.0,0.0,0.0,0.0,0.0,0.0,0.0,0.0,0.0,0.0,0.0,0.0,0.0,0.0,100.0,0.0,0.0,0.0,0,0.0,0.6419094815733344,0.764562622444788,0.0,1.0,250,150.0
edge_only,lossy,106,150.0,250,78.75925338728717,176.35315318600615,180.26661436443075,192.8710674108935,78.75925338728717,0.152,0.8774134016036987,0.7483549299240112,6250.0,25.0,25000.0,0.152,0.0,0.0,1.0,0.856,0.848,0.848,0.0,0.008,0.144,0.0,0.0,100.0,0.0,0.0,0,0.0,0.6232620714148708,0.6770136710423335,0.848,0.848,250,150.0
cloud_only,lossy,106,150.0,250,182.90618080133572,195.22195500030648,203.2414129906101,207.1629999903962,182.90618080133572,1.0,0.8127137591838837,0.0,8750.0,35.0,35000.0,1.0,0.0,0.0,1.0,0.82,0.0,0.0,0.08,0.74,0.18,0.0,0.0,100.0,0.0,0.0,0,0.0,0.0,0.0,0.0,0.0,250,150.0
dapper,lossy,106,150.0,250,38.50751785888516,63.66042213371311,131.54875126121357,175.37849010659858,40.209476559558304,0.012,0.8439923609495164,0.8456365964412689,1425.0,5.7,5700.0,0.012,0.0,0.0,0.228,0.8596491228070176,0.8596491228070176,0.196,0.0,0.0,0.14035087719298245,0.0,77.2,15.6,7.199999999999999,0.0,86,344.0,0.655759265123118,0.7615493936353809,0.196,0.988,250,150.0
deadline_greedy,lossy,106,150.0,250,32.90618080133572,45.22195500030648,53.2414129906101,57.1629999903962,32.90618080133572,0.0,0.8127137591838837,0.8127137591838837,0.0,0.0,0.0,0.0,0.0,0.0,0.0,0.0,0.0,0.0,0.0,0.0,0.0,0.0,100.0,0.0,0.0,0.0,0,0.0,0.6419094815733344,0.764562622444788,0.0,1.0,250,150.0
confidence_deadline,lossy,106,150.0,250,32.90618080133572,45.22195500030648,53.2414129906101,57.1629999903962,32.90618080133572,0.0,0.8127137591838837,0.8127137591838837,0.0,0.0,0.0,0.0,0.0,0.0,0.0,0.0,0.0,0.0,0.0,0.0,0.0,0.0,100.0,0.0,0.0,0.0,0,0.0,0.6419094815733344,0.764562622444788,0.0,1.0,250,150.0
oracle_feasible,lossy,106,150.0,250,56.201471028692396,72.60219207949902,97.83841611184879,192.8710674108935,56.201471028692396,0.008,0.8826324045658112,0.8757167637348175,4800.0,19.2,19200.0,0.008,0.0,0.0,0.768,1.0,0.9895833333333334,0.76,0.0,0.010416666666666666,0.0,0.0,23.200000000000003,76.8,0.0,0.0,89,356.0,0.7180503675470217,0.8042587189880184,0.76,0.992,250,150.0
local_only,lossy,107,150.0,250,32.90618080133572,45.22195500030648,53.2414129906101,57.1629999903962,32.90618080133572,0.0,0.8127137591838837,0.8127137591838837,0.0,0.0,0.0,0.0,0.0,0.0,0.0,0.0,0.0,0.0,0.0,0.0,0.0,0.0,100.0,0.0,0.0,0.0,0,0.0,0.6419094815733344,0.764562622444788,0.0,1.0,250,150.0
edge_only,lossy,107,150.0,250,83.68382028890157,173.4762340746782,188.70256419414392,192.38705197212207,83.68382028890157,0.208,0.8669823371171951,0.7029408102035523,6250.0,25.0,25000.0,0.208,0.0,0.0,1.0,0.804,0.792,0.792,0.0,0.012,0.196,0.0,0.0,100.0,0.0,0.0,0,0.0,0.5924378304053357,0.671933683796741,0.792,0.792,250,150.0
cloud_only,lossy,107,150.0,250,182.90618080133572,195.22195500030648,203.2414129906101,207.1629999903962,182.90618080133572,1.0,0.8127137591838837,0.0,8750.0,35.0,35000.0,1.0,0.0,0.0,1.0,0.776,0.0,0.0,0.076,0.7,0.224,0.0,0.0,100.0,0.0,0.0,0,0.0,0.0,0.0,0.0,0.0,250,150.0
dapper,lossy,107,150.0,250,41.258478660204005,67.4020391802543,166.01088004675674,171.67989272657573,42.50200878880092,0.032,0.8403215554952621,0.8349794391393661,1500.0,6.0,6000.0,0.032,0.0,0.0,0.24,0.7666666666666667,0.7666666666666667,0.184,0.0,0.0,0.23333333333333334,0.0,76.0,17.2,6.800000000000001,0.0,89,356.0,0.6451947111585639,0.7657058528873816,0.184,0.968,250,150.0
deadline_greedy,lossy,107,150.0,250,32.90618080133572,45.22195500030648,53.2414129906101,57.1629999903962,32.90618080133572,0.0,0.8127137591838837,0.8127137591838837,0.0,0.0,0.0,0.0,0.0,0.0,0.0,0.0,0.0,0.0,0.0,0.0,0.0,0.0,100.0,0.0,0.0,0.0,0,0.0,0.6419094815733344,0.764562622444788,0.0,1.0,250,150.0
confidence_deadline,lossy,107,150.0,250,32.90618080133572,45.22195500030648,53.2414129906101,57.1629999903962,32.90618080133572,0.0,0.8127137591838837,0.8127137591838837,0.0,0.0,0.0,0.0,0.0,0.0,0.0,0.0,0.0,0.0,0.0,0.0,0.0,0.0,100.0,0.0,0.0,0.0,0,0.0,0.6419094815733344,0.764562622444788,0.0,1.0,250,150.0
oracle_feasible,lossy,107,150.0,250,54.3415216637094,72.61646074454396,142.16550613471924,192.38705197212207,54.3415216637094,0.012,0.873624647974968,0.8631285945177078,4450.0,17.8,17800.0,0.012,0.0,0.0,0.712,1.0,0.9831460674157303,0.7,0.0,0.016853932584269662,0.0,0.0,28.799999999999997,71.2,0.0,0.0,101,404.0,0.7063117347201535,0.7959796307726245,0.7,0.988,250,150.0
local_only,lossy,108,150.0,250,32.90618080133572,45.22195500030648,53.2414129906101,57.1629999903962,32.90618080133572,0.0,0.8127137591838837,0.8127137591838837,0.0,0.0,0.0,0.0,0.0,0.0,0.0,0.0,0.0,0.0,0.0,0.0,0.0,0.0,100.0,0.0,0.0,0.0,0,0.0,0.6419094815733344,0.764562622444788,0.0,1.0,250,150.0
edge_only,lossy,108,150.0,250,80.80646449887826,174.02869419402748,189.08534601297268,191.30582434732588,80.80646449887826,0.188,0.875386603474617,0.7196557133197784,6250.0,25.0,25000.0,0.188,0.0,0.0,1.0,0.816,0.812,0.812,0.0,0.004,0.184,0.0,0.0,100.0,0.0,0.0,0,0.0,0.5850709296590233,0.677684638433046,0.812,0.812,250,150.0
cloud_only,lossy,108,150.0,250,182.90618080133572,195.22195500030648,203.2414129906101,207.1629999903962,182.90618080133572,1.0,0.8127137591838837,0.0,8750.0,35.0,35000.0,1.0,0.0,0.0,1.0,0.748,0.0,0.0,0.068,0.68,0.252,0.0,0.0,100.0,0.0,0.0,0,0.0,0.0,0.0,0.0,0.0,250,150.0
dapper,lossy,108,150.0,250,41.95046718935431,66.58588321300903,165.2173164074222,189.4600705805396,42.66097101819456,0.036,0.8535561902523041,0.8339459191560745,1500.0,6.0,6000.0,0.036,0.0,0.0,0.24,0.8333333333333334,0.8166666666666667,0.196,0.0,0.016666666666666666,0.16666666666666666,0.0,76.0,20.8,3.2,0.0,88,352.0,0.6389713345351873,0.7517992711464049,0.196,0.964,250,150.0
deadline_greedy,lossy,108,150.0,250,32.90618080133572,45.22195500030648,53.2414129906101,57.1629999903962,32.90618080133572,0.0,0.8127137591838837,0.8127137591838837,0.0,0.0,0.0,0.0,0.0,0.0,0.0,0.0,0.0,0.0,0.0,0.0,0.0,0.0,100.0,0.0,0.0,0.0,0,0.0,0.6419094815733344,0.764562622444788,0.0,1.0,250,150.0
confidence_deadline,lossy,108,150.0,250,32.90618080133572,45.22195500030648,53.2414129906101,57.1629999903962,32.90618080133572,0.0,0.8127137591838837,0.8127137591838837,0.0,0.0,0.0,0.0,0.0,0.0,0.0,0.0,0.0,0.0,0.0,0.0,0.0,0.0,100.0,0.0,0.0,0.0,0,0.0,0.6419094815733344,0.764562622444788,0.0,1.0,250,150.0
oracle_feasible,lossy,108,150.0,250,53.18464859847708,71.23437018037238,93.81061160843282,189.4600705805396,53.18464859847708,0.004,0.8789656463861465,0.8761945279836655,4550.0,18.2,18200.0,0.004,0.0,0.0,0.728,1.0,0.9945054945054945,0.724,0.0,0.005494505494505495,0.0,0.0,27.200000000000003,72.8,0.0,0.0,93,372.0,0.7070985119779835,0.8063336433559363,0.724,0.996,250,150.0
local_only,lossy,109,150.0,250,32.90618080133572,45.22195500030648,53.2414129906101,57.1629999903962,32.90618080133572,0.0,0.8127137591838837,0.8127137591838837,0.0,0.0,0.0,0.0,0.0,0.0,0.0,0.0,0.0,0.0,0.0,0.0,0.0,0.0,100.0,0.0,0.0,0.0,0,0.0,0.6419094815733344,0.764562622444788,0.0,1.0,250,150.0
edge_only,lossy,109,150.0,250,84.03685233872312,176.57459053986065,184.48793937105734,200.02312482541612,84.03685233872312,0.208,0.8658625189065933,0.7000468709468841,6250.0,25.0,25000.0,0.208,0.0,0.0,1.0,0.8,0.792,0.792,0.0,0.008,0.2,0.0,0.0,100.0,0.0,0.0,0,0.0,0.5763861015570475,0.6606909279679981,0.792,0.792,250,150.0
cloud_only,lossy,109,150.0,250,182.90618080133572,195.22195500030648,203.2414129906101,207.1629999903962,182.90618080133572,1.0,0.8127137591838837,0.0,8750.0,35.0,35000.0,1.0,0.0,0.0,1.0,0.788,0.0,0.0,0.128,0.66,0.212,0.0,0.0,100.0,0.0,0.0,0,0.0,0.0,0.0,0.0,0.0,250,150.0
dapper,lossy,109,150.0,250,41.138185442601575,64.73907513788286,170.97690579358343,184.60557729966422,42.63204214436037,0.036,0.8357969278097153,0.8281844722032548,1450.0,5.8,5800.0,0.036,0.0,0.0,0.232,0.7586206896551724,0.7413793103448276,0.172,0.0,0.017241379310344827,0.2413793103448276,0.0,76.8,16.0,7.199999999999999,0.0,92,368.0,0.6412487756126284,0.7592629327501939,0.172,0.964,250,150.0
deadline_greedy,lossy,109,150.0,250,32.90618080133572,45.22195500030648,53.2414129906101,57.1629999903962,32.90618080133572,0.0,0.8127137591838837,0.8127137591838837,0.0,0.0,0.0,0.0,0.0,0.0,0.0,0.0,0.0,0.0,0.0,0.0,0.0,0.0,100.0,0.0,0.0,0.0,0,0.0,0.6419094815733344,0.764562622444788,0.0,1.0,250,150.0
confidence_deadline,lossy,109,150.0,250,32.90618080133572,45.22195500030648,53.2414129906101,57.1629999903962,32.90618080133572,0.0,0.8127137591838837,0.8127137591838837,0.0,0.0,0.0,0.0,0.0,0.0,0.0,0.0,0.0,0.0,0.0,0.0,0.0,0.0,100.0,0.0,0.0,0.0,0,0.0,0.6419094815733344,0.764562622444788,0.0,1.0,250,150.0
oracle_feasible,lossy,109,150.0,250,53.77707687722219,73.54449609527524,96.2555616093141,193.3731768589297,53.77707687722219,0.008,0.8728941365480423,0.8663309265375138,4425.0,17.7,17700.0,0.008,0.0,0.0,0.708,1.0,0.9887005649717514,0.7,0.0,0.011299435028248588,0.0,0.0,29.2,70.8,0.0,0.0,99,396.0,0.7111311616812214,0.8102171802012567,0.7,0.992,250,150.0
local_only,variable,100,150.0,250,32.90618080133572,45.22195500030648,53.2414129906101,57.1629999903962,32.90618080133572,0.0,0.8127137591838837,0.8127137591838837,0.0,0.0,0.0,0.0,0.0,0.0,0.0,0.0,0.0,0.0,0.0,0.0,0.0,0.0,100.0,0.0,0.0,0.0,0,0.0,0.6419094815733344,0.764562622444788,0.0,1.0,250,150.0
edge_only,variable,100,150.0,250,77.4458131430828,183.2872650353238,197.23038900527166,204.7997000394389,77.4458131430828,0.116,0.865879615187645,0.770873070716858,5100.0,20.4,20400.0,0.3,0.0,0.0,0.816,0.946078431372549,0.8578431372549019,0.7,0.0,0.08823529411764706,0.05392156862745098,0.184,0.0,100.0,0.0,0.0,0,0.0,0.6379525986329682,0.7144931589995284,0.7,0.884,250,150.0
cloud_only,variable,100,150.0,250,155.30618080133573,194.68340501480267,202.5606069975765,207.1629999903962,155.30618080133573,0.816,0.8127137591838837,0.1504857852458954,7140.0,28.56,28560.0,1.0,0.0,0.0,0.816,0.9215686274509803,0.0,0.0,0.553921568627451,0.36764705882352944,0.0784313725490196,0.184,0.0,100.0,0.0,0.0,0,0.0,0.11843280701955837,0.1599474658391856,0.0,0.184,250,150.0
dapper,variable,100,150.0,250,29.246200862028505,46.37492500187362,55.44797969237473,57.1629999903962,29.86812052354258,0.0,0.8226793984174728,0.8280595313310624,275.0,1.1,1100.0,0.184,0.128,0.0,0.044,1.0,1.0,0.044,0.0,0.0,0.0,0.0,82.8,2.0,2.4,12.8,43,172.0,0.5652082973169776,0.6515488492399322,0.044,0.872,250,150.0
deadline_greedy,variable,100,150.0,250,32.90618080133572,45.22195500030648,53.2414129906101,57.1629999903962,32.90618080133572,0.0,0.8127137591838837,0.8127137591838837,0.0,0.0,0.0,0.0,0.0,0.0,0.0,0.0,0.0,0.0,0.0,0.0,0.0,0.0,100.0,0.0,0.0,0.0,0,0.0,0.6419094815733344,0.764562622444788,0.0,1.0,250,150.0
confidence_deadline,variable,100,150.0,250,32.90618080133572,45.22195500030648,53.2414129906101,57.1629999903962,32.90618080133572,0.0,0.8127137591838837,0.8127137591838837,0.0,0.0,0.0,0.0,0.0,0.0,0.0,0.0,0.0,0.0,0.0,0.0,0.0,0.0,100.0,0.0,0.0,0.0,0,0.0,0.6419094815733344,0.764562622444788,0.0,1.0,250,150.0
oracle_feasible,variable,100,150.0,250,67.33086400965261,179.66808500059412,197.23038900527166,204.7997000394389,67.33086400965261,0.064,0.8711644111871719,0.8170152546167374,4325.0,17.3,17300.0,0.064,0.0,0.0,0.692,1.0,0.9075144508670521,0.628,0.0,0.09248554913294797,0.0,0.0,30.8,69.19999999999999,0.0,0.0,56,224.0,0.6703746172174174,0.7544000673777744,0.628,0.936,250,150.0
local_only,variable,101,150.0,250,32.90618080133572,45.22195500030648,53.2414129906101,57.1629999903962,32.90618080133572,0.0,0.8127137591838837,0.8127137591838837,0.0,0.0,0.0,0.0,0.0,0.0,0.0,0.0,0.0,0.0,0.0,0.0,0.0,0.0,100.0,0.0,0.0,0.0,0,0.0,0.6419094815733344,0.764562622444788,0.0,1.0,250,150.0
edge_only,variable,101,150.0,250,65.60972110313475,179.9474100000225,193.18132701388092,198.60179999377578,65.60972110313475,0.08,0.8472849754095078,0.7804732173681259,3875.0,15.5,15500.0,0.46,0.0,0.0,0.62,0.9290322580645162,0.8709677419354839,0.54,0.0,0.05806451612903226,0.07096774193548387,0.38,0.0,100.0,0.0,0.0,0,0.0,0.6296922575571312,0.7618162888067347,0.54,0.92,250,150.0
cloud_only,variable,101,150.0,250,125.90618080133572,189.30777499626856,199.50521398568523,202.26919997949153,125.90618080133572,0.62,0.8127137591838837,0.3057265459299088,5425.0,21.7,21700.0,1.0,0.0,0.0,0.62,0.9354838709677419,0.0,0.0,0.535483870967742,0.4,0.06451612903225806,0.38,0.0,100.0,0.0,0.0,0,0.0,0.2368438590649117,0.24492047230900735,0.0,0.38,250,150.0
dapper,variable,101,150.0,250,24.8599612960964,44.702159997541436,60.58312905642175,166.63715583442203,26.139503802077584,0.004,0.8281348593235016,0.8291703979969025,400.0,1.6,1600.0,0.384,0.28,0.0,0.064,0.9375,0.875,0.056,0.0,0.0625,0.0625,0.0,65.60000000000001,2.0,4.3999999999999995,28.000000000000004,73,292.0,0.4704769733408261,0.6018879298337897,0.056,0.716,250,150.0
deadline_greedy,variable,101,150.0,250,32.90618080133572,45.22195500030648,53.2414129906101,57.1629999903962,32.90618080133572,0.0,0.8127137591838837,0.8127137591838837,0.0,0.0,0.0,0.0,0.0,0.0,0.0,0.0,0.0,0.0,0.0,0.0,0.0,0.0,100.0,0.0,0.0,0.0,0,0.0,0.6419094815733344,0.764562622444788,0.0,1.0,250,150.0
confidence_deadline,variable,101,150.0,250,32.90618080133572,45.22195500030648,53.2414129906101,57.1629999903962,32.90618080133572,0.0,0.8127137591838837,0.8127137591838837,0.0,0.0,0.0,0.0,0.0,0.0,0.0,0.0,0.0,0.0,0.0,0.0,0.0,0.0,100.0,0.0,0.0,0.0,0,0.0,0.6419094815733344,0.764562622444788,0.0,1.0,250,150.0
oracle_feasible,variable,101,150.0,250,56.53042128407565,96.5325951420753,191.02699099399612,198.60179999377578,56.53042128407565,0.036,0.8516617468595504,0.8199154926538468,3125.0,12.5,12500.0,0.036,0.0,0.0,0.5,1.0,0.928,0.464,0.0,0.072,0.0,0.0,50.0,50.0,0.0,0.0,50,200.0,0.6617123037417753,0.7786585230056567,0.464,0.964,250,150.0
local_only,variable,102,150.0,250,32.90618080133572,45.22195500030648,53.2414129906101,57.1629999903962,32.90618080133572,0.0,0.8127137591838837,0.8127137591838837,0.0,0.0,0.0,0.0,0.0,0.0,0.0,0.0,0.0,0.0,0.0,0.0,0.0,0.0,100.0,0.0,0.0,0.0,0,0.0,0.6419094815733344,0.764562622444788,0.0,1.0,250,150.0
edge_only,variable,102,150.0,250,83.4444677289089,183.96991001209244,199.4155929877888,204.7997000394389,83.4444677289089,0.16,0.8655209484100341,0.7393567667007447,5475.0,21.9,21900.0,0.284,0.0,0.0,0.876,0.8949771689497716,0.817351598173516,0.716,0.0,0.0776255707762557,0.1050228310502283,0.124,0.0,100.0,0.0,0.0,0,0.0,0.6109723124809943,0.7027038867007019,0.716,0.84,250,150.0
cloud_only,variable,102,150.0,250,164.30618080133573,193.95205503096804,202.5606069975765,207.1629999903962,164.30618080133573,0.876,0.8127137591838837,0.10327699708938598,7665.0,30.66,30660.0,1.0,0.0,0.0,0.876,0.9315068493150684,0.0,0.0,0.4931506849315068,0.4383561643835616,0.0684931506849315,0.124,0.0,100.0,0.0,0.0,0,0.0,0.08738095238095238,0.11143774838042353,0.0,0.124,250,150.0
dapper,variable,102,150.0,250,31.047823511189556,47.21575998119077,56.004983014427104,167.04836352425468,31.89014815493145,0.008,0.8048570683002472,0.8067839246988296,375.0,1.5,1500.0,0.132,0.1,0.0,0.06,0.8,0.8,0.048,0.0,0.0,0.2,0.0,84.0,2.8000000000000003,3.2,10.0,39,156.0,0.5674092373730902,0.6727231102231103,0.048,0.892,250,150.0
deadline_greedy,variable,102,150.0,250,32.90618080133572,45.22195500030648,53.2414129906101,57.1629999903962,32.90618080133572,0.0,0.8127137591838837,0.8127137591838837,0.0,0.0,0.0,0.0,0.0,0.0,0.0,0.0,0.0,0.0,0.0,0.0,0.0,0.0,100.0,0.0,0.0,0.0,0,0.0,0.6419094815733344,0.764562622444788,0.0,1.0,250,150.0
confidence_deadline,variable,102,150.0,250,32.90618080133572,45.22195500030648,53.2414129906101,57.1629999903962,32.90618080133572,0.0,0.8127137591838837,0.8127137591838837,0.0,0.0,0.0,0.0,0.0,0.0,0.0,0.0,0.0,0.0,0.0,0.0,0.0,0.0,100.0,0.0,0.0,0.0,0,0.0,0.6419094815733344,0.764562622444788,0.0,1.0,250,150.0
oracle_feasible,variable,102,150.0,250,65.251532872582,142.43902560397993,197.23038900527166,204.7997000394389,65.251532872582,0.052,0.8687101175785065,0.8250268702507019,4425.0,17.7,17700.0,0.052,0.0,0.0,0.708,1.0,0.9265536723163842,0.656,0.0,0.07344632768361582,0.0,0.0,29.2,70.8,0.0,0.0,73,292.0,0.6754801782591853,0.7739049786024308,0.656,0.948,250,150.0
local_only,variable,103,150.0,250,32.90618080133572,45.22195500030648,53.2414129906101,57.1629999903962,32.90618080133572,0.0,0.8127137591838837,0.8127137591838837,0.0,0.0,0.0,0.0,0.0,0.0,0.0,0.0,0.0,0.0,0.0,0.0,0.0,0.0,100.0,0.0,0.0,0.0,0,0.0,0.6419094815733344,0.764562622444788,0.0,1.0,250,150.0
edge_only,variable,103,150.0,250,64.75308491211285,162.10169722113986,192.27732603263573,204.7997000394389,64.75308491211285,0.056,0.8529058542251587,0.8039711780548096,4100.0,16.4,16400.0,0.4,0.0,0.0,0.656,0.9451219512195121,0.9146341463414634,0.6,0.0,0.03048780487804878,0.054878048780487805,0.344,0.0,100.0,0.0,0.0,0,0.0,0.6613447457015859,0.7518342149711577,0.6,0.944,250,150.0
cloud_only,variable,103,150.0,250,131.30618080133573,190.8461950311903,199.50521398568523,204.7997000394389,131.30618080133573,0.656,0.8127137591838837,0.2775917303562164,5740.0,22.96,22960.0,1.0,0.0,0.0,0.656,0.9512195121951219,0.0,0.0,0.5670731707317073,0.38414634146341464,0.04878048780487805,0.344,0.0,100.0,0.0,0.0,0,0.0,0.22546781057809137,0.24236016990794057,0.0,0.344,250,150.0
dapper,variable,103,150.0,250,25.707001377294,44.68340501480268,60.49651060115588,94.08311060509598,27.3059320421849,0.0,0.8031455023288727,0.8087736904621124,500.0,2.0,2000.0,0.344,0.244,0.0,0.08,1.0,1.0,0.08,0.0,0.0,0.0,0.0,67.60000000000001,2.8000000000000003,5.2,24.4,76,304.0,0.4854760257847702,0.5674798220180386,0.08,0.756,250,150.0
deadline_greedy,variable,103,150.0,250,32.90618080133572,45.22195500030648,53.2414129906101,57.1629999903962,32.90618080133572,0.0,0.8127137591838837,0.8127137591838837,0.0,0.0,0.0,0.0,0.0,0.0,0.0,0.0,0.0,0.0,0.0,0.0,0.0,0.0,100.0,0.0,0.0,0.0,0,0.0,0.6419094815733344,0.764562622444788,0.0,1.0,250,150.0
confidence_deadline,variable,103,150.0,250,32.90618080133572,45.22195500030648,53.2414129906101,57.1629999903962,32.90618080133572,0.0,0.8127137591838837,0.8127137591838837,0.0,0.0,0.0,0.0,0.0,0.0,0.0,0.0,0.0,0.0,0.0,0.0,0.0,0.0,100.0,0.0,0.0,0.0,0,0.0,0.6419094815733344,0.764562622444788,0.0,1.0,250,150.0
oracle_feasible,variable,103,150.0,250,56.71640782574985,93.25940008212893,185.86645702715023,204.7997000394389,56.71640782574985,0.016,0.8585454571247101,0.8440864901542664,3400.0,13.6,13600.0,0.016,0.0,0.0,0.544,1.0,0.9705882352941176,0.528,0.0,0.029411764705882353,0.0,0.0,45.6,54.400000000000006,0.0,0.0,50,200.0,0.6894574059972649,0.7997029067888941,0.528,0.984,250,150.0
local_only,variable,104,150.0,250,32.90618080133572,45.22195500030648,53.2414129906101,57.1629999903962,32.90618080133572,0.0,0.8127137591838837,0.8127137591838837,0.0,0.0,0.0,0.0,0.0,0.0,0.0,0.0,0.0,0.0,0.0,0.0,0.0,0.0,100.0,0.0,0.0,0.0,0,0.0,0.6419094815733344,0.764562622444788,0.0,1.0,250,150.0
edge_only,variable,104,150.0,250,78.6985471528319,185.25522497657218,203.2414129906101,207.1629999903962,78.6985471528319,0.108,0.8663433003425598,0.7750300166606903,5150.0,20.6,20600.0,0.284,0.0,0.0,0.824,0.9320388349514563,0.8689320388349514,0.716,0.0,0.06310679611650485,0.06796116504854369,0.176,0.0,100.0,0.0,0.0,0,0.0,0.6365227634517705,0.7272878130362206,0.716,0.892,250,150.0
cloud_only,variable,104,150.0,250,156.50618080133572,194.00814002146944,203.2414129906101,207.1629999903962,156.50618080133572,0.824,0.8127137591838837,0.14146549010276793,7210.0,28.84,28840.0,1.0,0.0,0.0,0.824,0.941747572815534,0.0,0.0,0.616504854368932,0.32524271844660196,0.05825242718446602,0.176,0.0,100.0,0.0,0.0,0,0.0,0.10604018342192885,0.15422178670586315,0.0,0.176,250,150.0
dapper,variable,104,150.0,250,29.171450898953594,45.85819000785705,55.8190082267335,57.1629999903962,29.77236445693794,0.0,0.8133982083797455,0.8195742055177688,275.0,1.1,1100.0,0.176,0.132,0.0,0.044,1.0,1.0,0.044,0.0,0.0,0.0,0.0,82.39999999999999,2.4,2.0,13.200000000000001,37,148.0,0.5716403925540788,0.6335075840649089,0.044,0.868,250,150.0
deadline_greedy,variable,104,150.0,250,32.90618080133572,45.22195500030648,53.2414129906101,57.1629999903962,32.90618080133572,0.0,0.8127137591838837,0.8127137591838837,0.0,0.0,0.0,0.0,0.0,0.0,0.0,0.0,0.0,0.0,0.0,0.0,0.0,0.0,100.0,0.0,0.0,0.0,0,0.0,0.6419094815733344,0.764562622444788,0.0,1.0,250,150.0
confidence_deadline,variable,104,150.0,250,32.90618080133572,45.22195500030648,53.2414129906101,57.1629999903962,32.90618080133572,0.0,0.8127137591838837,0.8127137591838837,0.0,0.0,0.0,0.0,0.0,0.0,0.0,0.0,0.0,0.0,0.0,0.0,0.0,0.0,100.0,0.0,0.0,0.0,0,0.0,0.6419094815733344,0.764562622444788,0.0,1.0,250,150.0
oracle_feasible,variable,104,150.0,250,66.18122557023673,98.85146452372628,203.2414129906101,207.1629999903962,66.18122557023673,0.044,0.8718078727722168,0.8333494250774384,4275.0,17.1,17100.0,0.044,0.0,0.0,0.684,1.0,0.935672514619883,0.64,0.0,0.06432748538011696,0.0,0.0,31.6,68.4,0.0,0.0,57,228.0,0.6768628067418138,0.7738826195036386,0.64,0.956,250,150.0
local_only,variable,105,150.0,250,32.90618080133572,45.22195500030648,53.2414129906101,57.1629999903962,32.90618080133572,0.0,0.8127137591838837,0.8127137591838837,0.0,0.0,0.0,0.0,0.0,0.0,0.0,0.0,0.0,0.0,0.0,0.0,0.0,0.0,100.0,0.0,0.0,0.0,0,0.0,0.6419094815733344,0.764562622444788,0.0,1.0,250,150.0
edge_only,variable,105,150.0,250,75.89861886617017,181.99602998793122,199.4155929877888,204.7997000394389,75.89861886617017,0.096,0.8701727135181427,0.7874576578140259,5425.0,21.7,21700.0,0.228,0.0,0.0,0.868,0.9723502304147466,0.8894009216589862,0.772,0.0,0.08294930875576037,0.027649769585253458,0.132,0.0,100.0,0.0,0.0,0,0.0,0.6598837410635104,0.7487744209081789,0.772,0.904,250,150.0
cloud_only,variable,105,150.0,250,163.1061808013357,194.00814002146944,203.2414129906101,207.1629999903962,163.1061808013357,0.868,0.8127137591838837,0.1068203730583191,7595.0,30.38,30380.0,1.0,0.0,0.0,0.868,0.9078341013824884,0.0,0.0,0.4838709677419355,0.423963133640553,0.09216589861751152,0.132,0.0,100.0,0.0,0.0,0,0.0,0.08597397047397047,0.10742233704017144,0.0,0.132,250,150.0
dapper,variable,105,150.0,250,30.84057413647836,50.487018145950294,57.51304413805112,63.19768035648495,31.69312610295686,0.0,0.8259448986053467,0.8313223570585251,525.0,2.1,2100.0,0.132,0.1,0.0,0.084,1.0,1.0,0.084,0.0,0.0,0.0,0.0,81.6,6.0,2.4,10.0,51,204.0,0.5817969274607804,0.6780124069136808,0.084,0.9,250,150.0
deadline_greedy,variable,105,150.0,250,32.90618080133572,45.22195500030648,53.2414129906101,57.1629999903962,32.90618080133572,0.0,0.8127137591838837,0.8127137591838837,0.0,0.0,0.0,0.0,0.0,0.0,0.0,0.0,0.0,0.0,0.0,0.0,0.0,0.0,100.0,0.0,0.0,0.0,0,0.0,0.6419094815733344,0.764562622444788,0.0,1.0,250,150.0
confidence_deadline,variable,105,150.0,250,32.90618080133572,45.22195500030648,53.2414129906101,57.1629999903962,32.90618080133572,0.0,0.8127137591838837,0.8127137591838837,0.0,0.0,0.0,0.0,0.0,0.0,0.0,0.0,0.0,0.0,0.0,0.0,0.0,0.0,100.0,0.0,0.0,0.0,0,0.0,0.6419094815733344,0.764562622444788,0.0,1.0,250,150.0
oracle_feasible,variable,105,150.0,250,67.96140898705784,178.27585999330037,198.58371998532672,204.7997000394389,67.96140898705784,0.056,0.8752921853065491,0.8272041749954223,4775.0,19.1,19100.0,0.056,0.0,0.0,0.764,1.0,0.9267015706806283,0.708,0.0,0.07329842931937172,0.0,0.0,23.599999999999998,76.4,0.0,0.0,44,176.0,0.680239492147911,0.7723596732354694,0.708,0.944,250,150.0
local_only,variable,106,150.0,250,32.90618080133572,45.22195500030648,53.2414129906101,57.1629999903962,32.90618080133572,0.0,0.8127137591838837,0.8127137591838837,0.0,0.0,0.0,0.0,0.0,0.0,0.0,0.0,0.0,0.0,0.0,0.0,0.0,0.0,100.0,0.0,0.0,0.0,0,0.0,0.6419094815733344,0.764562622444788,0.0,1.0,250,150.0
edge_only,variable,106,150.0,250,79.43394356336968,181.35898502368943,201.34015997871754,204.7997000394389,79.43394356336968,0.1,0.8735094832181931,0.7931482021808625,5900.0,23.6,23600.0,0.156,0.0,0.0,0.944,0.940677966101695,0.8940677966101694,0.844,0.0,0.046610169491525424,0.059322033898305086,0.056,0.0,100.0,0.0,0.0,0,0.0,0.6666428420603472,0.7311276568442173,0.844,0.9,250,150.0
cloud_only,variable,106,150.0,250,174.50618080133572,195.22195500030648,203.2414129906101,207.1629999903962,174.50618080133572,0.944,0.8127137591838837,0.04511990284919739,8260.0,33.04,33040.0,1.0,0.0,0.0,0.944,0.940677966101695,0.0,0.0,0.4745762711864407,0.4661016949152542,0.059322033898305086,0.056,0.0,100.0,0.0,0.0,0,0.0,0.038945238095238095,0.0480177200718602,0.0,0.056,250,150.0
dapper,variable,106,150.0,250,33.27009914763793,50.6518299866002,65.90932481505781,170.71550481026188,34.15504096809357,0.008,0.8233889299631119,0.827364422082901,475.0,1.9,1900.0,0.064,0.048,0.0,0.076,0.8421052631578947,0.8421052631578947,0.064,0.0,0.0,0.15789473684210525,0.0,87.6,4.3999999999999995,3.2,4.8,38,152.0,0.6184253157391686,0.7244985198806855,0.064,0.944,250,150.0
deadline_greedy,variable,106,150.0,250,32.90618080133572,45.22195500030648,53.2414129906101,57.1629999903962,32.90618080133572,0.0,0.8127137591838837,0.8127137591838837,0.0,0.0,0.0,0.0,0.0,0.0,0.0,0.0,0.0,0.0,0.0,0.0,0.0,0.0,100.0,0.0,0.0,0.0,0,0.0,0.6419094815733344,0.764562622444788,0.0,1.0,250,150.0
confidence_deadline,variable,106,150.0,250,32.90618080133572,45.22195500030648,53.2414129906101,57.1629999903962,32.90618080133572,0.0,0.8127137591838837,0.8127137591838837,0.0,0.0,0.0,0.0,0.0,0.0,0.0,0.0,0.0,0.0,0.0,0.0,0.0,0.0,100.0,0.0,0.0,0.0,0,0.0,0.6419094815733344,0.764562622444788,0.0,1.0,250,150.0
oracle_feasible,variable,106,150.0,250,67.20515383128513,98.67935102569024,201.34015997871754,204.7997000394389,67.20515383128513,0.036,0.8783069823980332,0.8470208152532578,4950.0,19.8,19800.0,0.036,0.0,0.0,0.792,1.0,0.9545454545454546,0.756,0.0,0.045454545454545456,0.0,0.0,20.8,79.2,0.0,0.0,65,260.0,0.6983424706508895,0.7805800445131655,0.756,0.964,250,150.0
local_only,variable,107,150.0,250,32.90618080133572,45.22195500030648,53.2414129906101,57.1629999903962,32.90618080133572,0.0,0.8127137591838837,0.8127137591838837,0.0,0.0,0.0,0.0,0.0,0.0,0.0,0.0,0.0,0.0,0.0,0.0,0.0,0.0,100.0,0.0,0.0,0.0,0,0.0,0.6419094815733344,0.764562622444788,0.0,1.0,250,150.0
edge_only,variable,107,150.0,250,68.01452012879191,135.81520295398238,192.9859443084409,204.17550000129268,68.01452012879191,0.052,0.8654210506677628,0.824432298541069,4825.0,19.3,19300.0,0.28,0.0,0.0,0.772,0.9689119170984456,0.9326424870466321,0.72,0.0,0.03626943005181347,0.031088082901554404,0.228,0.0,100.0,0.0,0.0,0,0.0,0.6716802695344781,0.783587440514192,0.72,0.948,250,150.0
cloud_only,variable,107,150.0,250,148.70618080133573,194.68340501480267,202.5606069975765,207.1629999903962,148.70618080133573,0.772,0.8127137591838837,0.18931275951862336,6755.0,27.02,27020.0,1.0,0.0,0.0,0.772,0.9326424870466321,0.0,0.0,0.5025906735751295,0.43005181347150256,0.06735751295336788,0.228,0.0,100.0,0.0,0.0,0,0.0,0.1576276729379537,0.2127128002924181,0.0,0.228,250,150.0
dapper,variable,107,150.0,250,29.61503855663782,50.77224800508526,61.96516794824982,170.61880449695167,30.556013632888103,0.008,0.8294477298259735,0.8340582717657089,575.0,2.3,2300.0,0.236,0.172,0.0,0.092,0.8695652173913043,0.8260869565217391,0.076,0.0,0.043478260869565216,0.13043478260869565,0.0,73.6,5.2,4.0,17.2,67,268.0,0.5283903223438944,0.5997675095605032,0.076,0.82,250,150.0
deadline_greedy,variable,107,150.0,250,32.90618080133572,45.22195500030648,53.2414129906101,57.1629999903962,32.90618080133572,0.0,0.8127137591838837,0.8127137591838837,0.0,0.0,0.0,0.0,0.0,0.0,0.0,0.0,0.0,0.0,0.0,0.0,0.0,0.0,100.0,0.0,0.0,0.0,0,0.0,0.6419094815733344,0.764562622444788,0.0,1.0,250,150.0
confidence_deadline,variable,107,150.0,250,32.90618080133572,45.22195500030648,53.2414129906101,57.1629999903962,32.90618080133572,0.0,0.8127137591838837,0.8127137591838837,0.0,0.0,0.0,0.0,0.0,0.0,0.0,0.0,0.0,0.0,0.0,0.0,0.0,0.0,100.0,0.0,0.0,0.0,0,0.0,0.6419094815733344,0.764562622444788,0.0,1.0,250,150.0
oracle_feasible,variable,107,150.0,250,60.799865393148984,93.41812914493121,187.2267293213938,204.17550000129268,60.799865393148984,0.024,0.8707447031736374,0.8518619836568833,4125.0,16.5,16500.0,0.024,0.0,0.0,0.66,1.0,0.9636363636363636,0.636,0.0,0.03636363636363636,0.0,0.0,34.0,66.0,0.0,0.0,50,200.0,0.6926420640292914,0.7929945938703902,0.636,0.976,250,150.0
local_only,variable,108,150.0,250,32.90618080133572,45.22195500030648,53.2414129906101,57.1629999903962,32.90618080133572,0.0,0.8127137591838837,0.8127137591838837,0.0,0.0,0.0,0.0,0.0,0.0,0.0,0.0,0.0,0.0,0.0,0.0,0.0,0.0,100.0,0.0,0.0,0.0,0,0.0,0.6419094815733344,0.764562622444788,0.0,1.0,250,150.0
edge_only,variable,108,150.0,250,75.50397182070482,182.44141502364073,201.34015997871754,204.7997000394389,75.50397182070482,0.112,0.8636735910177231,0.7707178481817245,5425.0,21.7,21700.0,0.244,0.0,0.0,0.868,0.9400921658986175,0.8709677419354839,0.756,0.0,0.06912442396313365,0.059907834101382486,0.132,0.0,100.0,0.0,0.0,0,0.0,0.6412788836050095,0.703569281037434,0.756,0.888,250,150.0
cloud_only,variable,108,150.0,250,163.1061808013357,194.68340501480267,201.58839398645796,204.7997000394389,163.1061808013357,0.868,0.8127137591838837,0.10346765124797822,7595.0,30.38,30380.0,1.0,0.0,0.0,0.868,0.9354838709677419,0.0,0.0,0.41013824884792627,0.5253456221198156,0.06451612903225806,0.132,0.0,100.0,0.0,0.0,0,0.0,0.07518782883782885,0.05916885662108593,0.0,0.132,250,150.0
dapper,variable,108,150.0,250,31.212334769840453,48.519494995707646,55.64255868859241,158.90008365309032,31.998010484755074,0.004,0.8268359199762344,0.8286978051662445,500.0,2.0,2000.0,0.136,0.096,0.0,0.08,0.9,0.9,0.072,0.0,0.0,0.1,0.0,82.39999999999999,4.8,3.2,9.6,51,204.0,0.5990652239790768,0.7303325213357061,0.072,0.9,250,150.0
deadline_greedy,variable,108,150.0,250,32.90618080133572,45.22195500030648,53.2414129906101,57.1629999903962,32.90618080133572,0.0,0.8127137591838837,0.8127137591838837,0.0,0.0,0.0,0.0,0.0,0.0,0.0,0.0,0.0,0.0,0.0,0.0,0.0,0.0,100.0,0.0,0.0,0.0,0,0.0,0.6419094815733344,0.764562622444788,0.0,1.0,250,150.0
confidence_deadline,variable,108,150.0,250,32.90618080133572,45.22195500030648,53.2414129906101,57.1629999903962,32.90618080133572,0.0,0.8127137591838837,0.8127137591838837,0.0,0.0,0.0,0.0,0.0,0.0,0.0,0.0,0.0,0.0,0.0,0.0,0.0,0.0,100.0,0.0,0.0,0.0,0,0.0,0.6419094815733344,0.764562622444788,0.0,1.0,250,150.0
oracle_feasible,variable,108,150.0,250,65.26340655861598,180.39241498045155,201.34015997871754,204.7997000394389,65.26340655861598,0.056,0.8692584439516068,0.8233446878194809,4600.0,18.4,18400.0,0.056,0.0,0.0,0.736,1.0,0.9239130434782609,0.68,0.0,0.07608695652173914,0.0,0.0,26.400000000000002,73.6,0.0,0.0,49,196.0,0.6798741741963862,0.7556842573562319,0.68,0.944,250,150.0
local_only,variable,109,150.0,250,32.90618080133572,45.22195500030648,53.2414129906101,57.1629999903962,32.90618080133572,0.0,0.8127137591838837,0.8127137591838837,0.0,0.0,0.0,0.0,0.0,0.0,0.0,0.0,0.0,0.0,0.0,0.0,0.0,0.0,100.0,0.0,0.0,0.0,0,0.0,0.6419094815733344,0.764562622444788,0.0,1.0,250,150.0
edge_only,variable,109,150.0,250,77.72794713611694,183.23593500244894,201.34015997871754,204.7997000394389,77.72794713611694,0.12,0.8647045768499374,0.7636064605712891,5075.0,20.3,20300.0,0.308,0.0,0.0,0.812,0.9261083743842364,0.8522167487684729,0.692,0.0,0.07389162561576355,0.07389162561576355,0.188,0.0,100.0,0.0,0.0,0,0.0,0.6234819053910501,0.7284657486886786,0.692,0.88,250,150.0
cloud_only,variable,109,150.0,250,154.70618080133573,194.00814002146944,203.2414129906101,207.1629999903962,154.70618080133573,0.812,0.8127137591838837,0.14859870195388794,7105.0,28.42,28420.0,1.0,0.0,0.0,0.812,0.916256157635468,0.0,0.0,0.5467980295566502,0.3694581280788177,0.08374384236453201,0.188,0.0,100.0,0.0,0.0,0,0.0,0.12154174871250344,0.1330334209315101,0.0,0.188,250,150.0
dapper,variable,109,150.0,250,29.083982685124692,46.37492500187362,54.56652765373122,57.1629999903962,29.773277422773074,0.0,0.8225509182214737,0.8307743529081345,325.0,1.3,1300.0,0.188,0.14,0.0,0.052,1.0,1.0,0.052,0.0,0.0,0.0,0.0,80.80000000000001,2.8000000000000003,2.4,14.000000000000002,49,196.0,0.555611022904121,0.664356247079177,0.052,0.86,250,150.0
deadline_greedy,variable,109,150.0,250,32.90618080133572,45.22195500030648,53.2414129906101,57.1629999903962,32.90618080133572,0.0,0.8127137591838837,0.8127137591838837,0.0,0.0,0.0,0.0,0.0,0.0,0.0,0.0,0.0,0.0,0.0,0.0,0.0,0.0,100.0,0.0,0.0,0.0,0,0.0,0.6419094815733344,0.764562622444788,0.0,1.0,250,150.0
confidence_deadline,variable,109,150.0,250,32.90618080133572,45.22195500030648,53.2414129906101,57.1629999903962,32.90618080133572,0.0,0.8127137591838837,0.8127137591838837,0.0,0.0,0.0,0.0,0.0,0.0,0.0,0.0,0.0,0.0,0.0,0.0,0.0,0.0,100.0,0.0,0.0,0.0,0,0.0,0.6419094815733344,0.764562622444788,0.0,1.0,250,150.0
oracle_feasible,variable,109,150.0,250,65.35810453742052,141.9446021222112,201.34015997871754,204.7997000394389,65.35810453742052,0.052,0.8664219533205032,0.8205726889371872,4250.0,17.0,17000.0,0.052,0.0,0.0,0.68,1.0,0.9235294117647059,0.628,0.0,0.07647058823529412,0.0,0.0,32.0,68.0,0.0,0.0,57,228.0,0.6718010137680532,0.7588450562176677,0.628,0.948,250,150.0
local_only,outage,100,150.0,250,32.90618080133572,45.22195500030648,53.2414129906101,57.1629999903962,32.90618080133572,0.0,0.8127137591838837,0.8127137591838837,0.0,0.0,0.0,0.0,0.0,0.0,0.0,0.0,0.0,0.0,0.0,0.0,0.0,0.0,100.0,0.0,0.0,0.0,0,0.0,0.6419094815733344,0.764562622444788,0.0,1.0,250,150.0
edge_only,outage,100,150.0,250,52.106180801335725,181.3144149724394,187.10188100812957,197.6203999714926,52.106180801335725,0.128,0.8127137591838837,0.7075206322669982,800.0,3.2,3200.0,1.0,0.0,0.0,0.128,0.625,0.0,0.0,0.625,0.0,0.375,0.872,0.0,100.0,0.0,0.0,0,0.0,0.5564287212188781,0.6682225152766554,0.0,0.872,250,150.0
cloud_only,outage,100,150.0,250,52.106180801335725,181.3144149724394,187.10188100812957,197.6203999714926,52.106180801335725,0.128,0.8127137591838837,0.7075206322669982,1120.0,4.48,4480.0,1.0,0.0,0.0,0.128,0.71875,0.0,0.0,0.71875,0.0,0.28125,0.872,0.0,100.0,0.0,0.0,0,0.0,0.5564287212188781,0.6682225152766554,0.0,0.872,250,150.0
dapper,outage,100,150.0,250,10.87500799983181,36.73759000375866,47.20997200522104,57.1629999903962,10.87500799983181,0.0,0.7993763390779495,0.7993763390779495,0.0,0.0,0.0,1.0,0.696,0.0,0.0,0.0,0.0,0.0,0.0,0.0,0.0,0.0,27.200000000000003,0.0,0.0,72.8,108,432.0,0.18874000999000998,0.21123078089638597,0.0,0.304,250,150.0
deadline_greedy,outage,100,150.0,250,32.90618080133572,45.22195500030648,53.2414129906101,57.1629999903962,32.90618080133572,0.0,0.8127137591838837,0.8127137591838837,0.0,0.0,0.0,0.0,0.0,0.0,0.0,0.0,0.0,0.0,0.0,0.0,0.0,0.0,100.0,0.0,0.0,0.0,0,0.0,0.6419094815733344,0.764562622444788,0.0,1.0,250,150.0
confidence_deadline,outage,100,150.0,250,32.90618080133572,45.22195500030648,53.2414129906101,57.1629999903962,32.90618080133572,0.0,0.8127137591838837,0.8127137591838837,0.0,0.0,0.0,0.0,0.0,0.0,0.0,0.0,0.0,0.0,0.0,0.0,0.0,0.0,100.0,0.0,0.0,0.0,0,0.0,0.6419094815733344,0.764562622444788,0.0,1.0,250,150.0
oracle_feasible,outage,100,150.0,250,32.90618080133572,45.22195500030648,53.2414129906101,57.1629999903962,32.90618080133572,0.0,0.8127137591838837,0.8127137591838837,0.0,0.0,0.0,0.0,0.0,0.0,0.0,0.0,0.0,0.0,0.0,0.0,0.0,0.0,100.0,0.0,0.0,0.0,0,0.0,0.6419094815733344,0.764562622444788,0.0,1.0,250,150.0
local_only,outage,101,150.0,250,32.90618080133572,45.22195500030648,53.2414129906101,57.1629999903962,32.90618080133572,0.0,0.8127137591838837,0.8127137591838837,0.0,0.0,0.0,0.0,0.0,0.0,0.0,0.0,0.0,0.0,0.0,0.0,0.0,0.0,100.0,0.0,0.0,0.0,0,0.0,0.6419094815733344,0.764562622444788,0.0,1.0,250,150.0
edge_only,outage,101,150.0,250,56.90618080133572,181.97217999841087,189.50574101239906,202.26919997949153,56.90618080133572,0.16,0.8127137591838837,0.6826283323764801,1000.0,4.0,4000.0,1.0,0.0,0.0,0.16,0.6,0.0,0.0,0.575,0.025,0.4,0.84,0.0,100.0,0.0,0.0,0,0.0,0.5365151304995716,0.6170486714276523,0.0,0.84,250,150.0
cloud_only,outage,101,150.0,250,56.90618080133572,181.97217999841087,189.50574101239906,202.26919997949153,56.90618080133572,0.16,0.8127137591838837,0.6826283323764801,1400.0,5.6,5600.0,1.0,0.0,0.0,0.16,0.7,0.0,0.0,0.7,0.0,0.3,0.84,0.0,100.0,0.0,0.0,0,0.0,0.5365151304995716,0.6170486714276523,0.0,0.84,250,150.0
dapper,outage,101,150.0,250,10.87500799983181,36.73759000375866,47.20997200522104,57.1629999903962,10.87500799983181,0.0,0.7993763390779495,0.7993763390779495,0.0,0.0,0.0,1.0,0.696,0.0,0.0,0.0,0.0,0.0,0.0,0.0,0.0,0.0,26.0,0.0,0.0,74.0,100,400.0,0.18874000999000998,0.21123078089638597,0.0,0.304,250,150.0
deadline_greedy,outage,101,150.0,250,32.90618080133572,45.22195500030648,53.2414129906101,57.1629999903962,32.90618080133572,0.0,0.8127137591838837,0.8127137591838837,0.0,0.0,0.0,0.0,0.0,0.0,0.0,0.0,0.0,0.0,0.0,0.0,0.0,0.0,100.0,0.0,0.0,0.0,0,0.0,0.6419094815733344,0.764562622444788,0.0,1.0,250,150.0
confidence_deadline,outage,101,150.0,250,32.90618080133572,45.22195500030648,53.2414129906101,57.1629999903962,32.90618080133572,0.0,0.8127137591838837,0.8127137591838837,0.0,0.0,0.0,0.0,0.0,0.0,0.0,0.0,0.0,0.0,0.0,0.0,0.0,0.0,100.0,0.0,0.0,0.0,0,0.0,0.6419094815733344,0.764562622444788,0.0,1.0,250,150.0
oracle_feasible,outage,101,150.0,250,33.506180801335724,45.51592999487183,54.493842020747245,180.74260003631935,33.506180801335724,0.004,0.8127137591838837,0.8092128968238831,25.0,0.1,100.0,0.004,0.0,0.0,0.004,1.0,0.0,0.0,0.0,1.0,0.0,0.0,99.6,0.4,0.0,0.0,2,8.0,0.6390003906642435,0.7599303120799936,0.0,0.996,250,150.0
local_only,outage,102,150.0,250,32.90618080133572,45.22195500030648,53.2414129906101,57.1629999903962,32.90618080133572,0.0,0.8127137591838837,0.8127137591838837,0.0,0.0,0.0,0.0,0.0,0.0,0.0,0.0,0.0,0.0,0.0,0.0,0.0,0.0,100.0,0.0,0.0,0.0,0,0.0,0.6419094815733344,0.764562622444788,0.0,1.0,250,150.0
edge_only,outage,102,150.0,250,57.506180801335724,182.63365502061788,194.86944601754655,204.7997000394389,57.506180801335724,0.164,0.8127137591838837,0.6701565253734588,1025.0,4.1,4100.0,1.0,0.0,0.0,0.164,0.6829268292682927,0.0,0.0,0.6829268292682927,0.0,0.3170731707317073,0.836,0.0,100.0,0.0,0.0,0,0.0,0.5370453875146581,0.6674766935117253,0.0,0.836,250,150.0
cloud_only,outage,102,150.0,250,57.506180801335724,182.63365502061788,194.86944601754655,204.7997000394389,57.506180801335724,0.164,0.8127137591838837,0.6701565253734588,1435.0,5.74,5740.0,1.0,0.0,0.0,0.164,0.7073170731707317,0.0,0.0,0.7073170731707317,0.0,0.2926829268292683,0.836,0.0,100.0,0.0,0.0,0,0.0,0.5370453875146581,0.6674766935117253,0.0,0.836,250,150.0
dapper,outage,102,150.0,250,10.87500799983181,36.73759000375866,47.20997200522104,57.1629999903962,10.87500799983181,0.0,0.7993763390779495,0.7993763390779495,0.0,0.0,0.0,1.0,0.696,0.0,0.0,0.0,0.0,0.0,0.0,0.0,0.0,0.0,26.400000000000002,0.0,0.0,73.6,102,408.0,0.18874000999000998,0.21123078089638597,0.0,0.304,250,150.0
deadline_greedy,outage,102,150.0,250,32.90618080133572,45.22195500030648,53.2414129906101,57.1629999903962,32.90618080133572,0.0,0.8127137591838837,0.8127137591838837,0.0,0.0,0.0,0.0,0.0,0.0,0.0,0.0,0.0,0.0,0.0,0.0,0.0,0.0,100.0,0.0,0.0,0.0,0,0.0,0.6419094815733344,0.764562622444788,0.0,1.0,250,150.0
confidence_deadline,outage,102,150.0,250,32.90618080133572,45.22195500030648,53.2414129906101,57.1629999903962,32.90618080133572,0.0,0.8127137591838837,0.8127137591838837,0.0,0.0,0.0,0.0,0.0,0.0,0.0,0.0,0.0,0.0,0.0,0.0,0.0,0.0,100.0,0.0,0.0,0.0,0,0.0,0.6419094815733344,0.764562622444788,0.0,1.0,250,150.0
oracle_feasible,outage,102,150.0,250,32.90618080133572,45.22195500030648,53.2414129906101,57.1629999903962,32.90618080133572,0.0,0.8127137591838837,0.8127137591838837,0.0,0.0,0.0,0.0,0.0,0.0,0.0,0.0,0.0,0.0,0.0,0.0,0.0,0.0,100.0,0.0,0.0,0.0,0,0.0,0.6419094815733344,0.764562622444788,0.0,1.0,250,150.0
local_only,outage,103,150.0,250,32.90618080133572,45.22195500030648,53.2414129906101,57.1629999903962,32.90618080133572,0.0,0.8127137591838837,0.8127137591838837,0.0,0.0,0.0,0.0,0.0,0.0,0.0,0.0,0.0,0.0,0.0,0.0,0.0,0.0,100.0,0.0,0.0,0.0,0,0.0,0.6419094815733344,0.764562622444788,0.0,1.0,250,150.0
edge_only,outage,103,150.0,250,49.106180801335725,181.89238499326166,186.96795298659706,193.1815999909304,49.106180801335725,0.108,0.8127137591838837,0.7201171946525574,675.0,2.7,2700.0,1.0,0.0,0.0,0.108,0.7407407407407407,0.0,0.0,0.7407407407407407,0.0,0.25925925925925924,0.892,0.0,100.0,0.0,0.0,0,0.0,0.5691060151667603,0.6679451740757473,0.0,0.892,250,150.0
cloud_only,outage,103,150.0,250,49.106180801335725,181.89238499326166,186.96795298659706,193.1815999909304,49.106180801335725,0.108,0.8127137591838837,0.7201171946525574,945.0,3.78,3780.0,1.0,0.0,0.0,0.108,0.5925925925925926,0.0,0.0,0.5925925925925926,0.0,0.4074074074074074,0.892,0.0,100.0,0.0,0.0,0,0.0,0.5691060151667603,0.6679451740757473,0.0,0.892,250,150.0
dapper,outage,103,150.0,250,10.87500799983181,36.73759000375866,47.20997200522104,57.1629999903962,10.87500799983181,0.0,0.7993763390779495,0.7993763390779495,0.0,0.0,0.0,1.0,0.696,0.0,0.0,0.0,0.0,0.0,0.0,0.0,0.0,0.0,26.8,0.0,0.0,73.2,102,408.0,0.18874000999000998,0.21123078089638597,0.0,0.304,250,150.0
deadline_greedy,outage,103,150.0,250,32.90618080133572,45.22195500030648,53.2414129906101,57.1629999903962,32.90618080133572,0.0,0.8127137591838837,0.8127137591838837,0.0,0.0,0.0,0.0,0.0,0.0,0.0,0.0,0.0,0.0,0.0,0.0,0.0,0.0,100.0,0.0,0.0,0.0,0,0.0,0.6419094815733344,0.764562622444788,0.0,1.0,250,150.0
confidence_deadline,outage,103,150.0,250,32.90618080133572,45.22195500030648,53.2414129906101,57.1629999903962,32.90618080133572,0.0,0.8127137591838837,0.8127137591838837,0.0,0.0,0.0,0.0,0.0,0.0,0.0,0.0,0.0,0.0,0.0,0.0,0.0,0.0,100.0,0.0,0.0,0.0,0,0.0,0.6419094815733344,0.764562622444788,0.0,1.0,250,150.0
oracle_feasible,outage,103,150.0,250,32.90618080133572,45.22195500030648,53.2414129906101,57.1629999903962,32.90618080133572,0.0,0.8127137591838837,0.8127137591838837,0.0,0.0,0.0,0.0,0.0,0.0,0.0,0.0,0.0,0.0,0.0,0.0,0.0,0.0,100.0,0.0,0.0,0.0,0,0.0,0.6419094815733344,0.764562622444788,0.0,1.0,250,150.0
local_only,outage,104,150.0,250,32.90618080133572,45.22195500030648,53.2414129906101,57.1629999903962,32.90618080133572,0.0,0.8127137591838837,0.8127137591838837,0.0,0.0,0.0,0.0,0.0,0.0,0.0,0.0,0.0,0.0,0.0,0.0,0.0,0.0,100.0,0.0,0.0,0.0,0,0.0,0.6419094815733344,0.764562622444788,0.0,1.0,250,150.0
edge_only,outage,104,150.0,250,50.90618080133572,183.38637503620703,192.94164698920213,204.7997000394389,50.90618080133572,0.12,0.8127137591838837,0.7121465995311737,750.0,3.0,3000.0,1.0,0.0,0.0,0.12,0.5333333333333333,0.0,0.0,0.5333333333333333,0.0,0.4666666666666667,0.88,0.0,100.0,0.0,0.0,0,0.0,0.5619519022417612,0.6878518597467642,0.0,0.88,250,150.0
cloud_only,outage,104,150.0,250,50.90618080133572,183.38637503620703,192.94164698920213,204.7997000394389,50.90618080133572,0.12,0.8127137591838837,0.7121465995311737,1050.0,4.2,4200.0,1.0,0.0,0.0,0.12,0.7666666666666667,0.0,0.0,0.7666666666666667,0.0,0.23333333333333334,0.88,0.0,100.0,0.0,0.0,0,0.0,0.5619519022417612,0.6878518597467642,0.0,0.88,250,150.0
dapper,outage,104,150.0,250,10.87500799983181,36.73759000375866,47.20997200522104,57.1629999903962,10.87500799983181,0.0,0.7993763390779495,0.7993763390779495,0.0,0.0,0.0,1.0,0.696,0.0,0.0,0.0,0.0,0.0,0.0,0.0,0.0,0.0,27.6,0.0,0.0,72.39999999999999,106,424.0,0.18874000999000998,0.21123078089638597,0.0,0.304,250,150.0
deadline_greedy,outage,104,150.0,250,32.90618080133572,45.22195500030648,53.2414129906101,57.1629999903962,32.90618080133572,0.0,0.8127137591838837,0.8127137591838837,0.0,0.0,0.0,0.0,0.0,0.0,0.0,0.0,0.0,0.0,0.0,0.0,0.0,0.0,100.0,0.0,0.0,0.0,0,0.0,0.6419094815733344,0.764562622444788,0.0,1.0,250,150.0
confidence_deadline,outage,104,150.0,250,32.90618080133572,45.22195500030648,53.2414129906101,57.1629999903962,32.90618080133572,0.0,0.8127137591838837,0.8127137591838837,0.0,0.0,0.0,0.0,0.0,0.0,0.0,0.0,0.0,0.0,0.0,0.0,0.0,0.0,100.0,0.0,0.0,0.0,0,0.0,0.6419094815733344,0.764562622444788,0.0,1.0,250,150.0
oracle_feasible,outage,104,150.0,250,32.90618080133572,45.22195500030648,53.2414129906101,57.1629999903962,32.90618080133572,0.0,0.8127137591838837,0.8127137591838837,0.0,0.0,0.0,0.0,0.0,0.0,0.0,0.0,0.0,0.0,0.0,0.0,0.0,0.0,100.0,0.0,0.0,0.0,0,0.0,0.6419094815733344,0.764562622444788,0.0,1.0,250,150.0
local_only,outage,105,150.0,250,32.90618080133572,45.22195500030648,53.2414129906101,57.1629999903962,32.90618080133572,0.0,0.8127137591838837,0.8127137591838837,0.0,0.0,0.0,0.0,0.0,0.0,0.0,0.0,0.0,0.0,0.0,0.0,0.0,0.0,100.0,0.0,0.0,0.0,0,0.0,0.6419094815733344,0.764562622444788,0.0,1.0,250,150.0
edge_only,outage,105,150.0,250,53.90618080133572,182.2875199984992,189.4123900111299,191.8655999819748,53.90618080133572,0.14,0.8127137591838837,0.6933564240932465,875.0,3.5,3500.0,1.0,0.0,0.0,0.14,0.7142857142857143,0.0,0.0,0.6857142857142857,0.02857142857142857,0.2857142857142857,0.86,0.0,100.0,0.0,0.0,0,0.0,0.5436337794976323,0.6546281832109857,0.0,0.86,250,150.0
cloud_only,outage,105,150.0,250,53.90618080133572,182.2875199984992,189.4123900111299,191.8655999819748,53.90618080133572,0.14,0.8127137591838837,0.6933564240932465,1225.0,4.9,4900.0,1.0,0.0,0.0,0.14,0.6285714285714286,0.0,0.0,0.6285714285714286,0.0,0.37142857142857144,0.86,0.0,100.0,0.0,0.0,0,0.0,0.5436337794976323,0.6546281832109857,0.0,0.86,250,150.0
dapper,outage,105,150.0,250,10.87500799983181,36.73759000375866,47.20997200522104,57.1629999903962,10.87500799983181,0.0,0.7993763390779495,0.7993763390779495,0.0,0.0,0.0,1.0,0.696,0.0,0.0,0.0,0.0,0.0,0.0,0.0,0.0,0.0,26.8,0.0,0.0,73.2,104,416.0,0.18874000999000998,0.21123078089638597,0.0,0.304,250,150.0
deadline_greedy,outage,105,150.0,250,32.90618080133572,45.22195500030648,53.2414129906101,57.1629999903962,32.90618080133572,0.0,0.8127137591838837,0.8127137591838837,0.0,0.0,0.0,0.0,0.0,0.0,0.0,0.0,0.0,0.0,0.0,0.0,0.0,0.0,100.0,0.0,0.0,0.0,0,0.0,0.6419094815733344,0.764562622444788,0.0,1.0,250,150.0
confidence_deadline,outage,105,150.0,250,32.90618080133572,45.22195500030648,53.2414129906101,57.1629999903962,32.90618080133572,0.0,0.8127137591838837,0.8127137591838837,0.0,0.0,0.0,0.0,0.0,0.0,0.0,0.0,0.0,0.0,0.0,0.0,0.0,0.0,100.0,0.0,0.0,0.0,0,0.0,0.6419094815733344,0.764562622444788,0.0,1.0,250,150.0
oracle_feasible,outage,105,150.0,250,33.506180801335724,45.51592999487183,54.493842020747245,181.2942999880761,33.506180801335724,0.004,0.8127137591838837,0.8090926759243011,25.0,0.1,100.0,0.004,0.0,0.0,0.004,1.0,0.0,0.0,0.0,1.0,0.0,0.0,99.6,0.4,0.0,0.0,2,8.0,0.6387983704622232,0.7594670810435141,0.0,0.996,250,150.0
local_only,outage,106,150.0,250,32.90618080133572,45.22195500030648,53.2414129906101,57.1629999903962,32.90618080133572,0.0,0.8127137591838837,0.8127137591838837,0.0,0.0,0.0,0.0,0.0,0.0,0.0,0.0,0.0,0.0,0.0,0.0,0.0,0.0,100.0,0.0,0.0,0.0,0,0.0,0.6419094815733344,0.764562622444788,0.0,1.0,250,150.0
edge_only,outage,106,150.0,250,62.30618080133572,182.7513999916846,185.0865649874322,200.87979999370873,62.30618080133572,0.196,0.8127137591838837,0.652507838845253,1225.0,4.9,4900.0,1.0,0.0,0.0,0.196,0.6938775510204082,0.0,0.0,0.6938775510204082,0.0,0.30612244897959184,0.804,0.0,100.0,0.0,0.0,0,0.0,0.5249032352669216,0.617820351976403,0.0,0.804,250,150.0
cloud_only,outage,106,150.0,250,62.30618080133572,182.7513999916846,185.0865649874322,200.87979999370873,62.30618080133572,0.196,0.8127137591838837,0.652507838845253,1715.0,6.86,6860.0,1.0,0.0,0.0,0.196,0.7346938775510204,0.0,0.0,0.7346938775510204,0.0,0.2653061224489796,0.804,0.0,100.0,0.0,0.0,0,0.0,0.5249032352669216,0.617820351976403,0.0,0.804,250,150.0
dapper,outage,106,150.0,250,10.87500799983181,36.73759000375866,47.20997200522104,57.1629999903962,10.87500799983181,0.0,0.7993763390779495,0.7993763390779495,0.0,0.0,0.0,1.0,0.696,0.0,0.0,0.0,0.0,0.0,0.0,0.0,0.0,0.0,23.599999999999998,0.0,0.0,76.4,92,368.0,0.18874000999000998,0.21123078089638597,0.0,0.304,250,150.0
deadline_greedy,outage,106,150.0,250,32.90618080133572,45.22195500030648,53.2414129906101,57.1629999903962,32.90618080133572,0.0,0.8127137591838837,0.8127137591838837,0.0,0.0,0.0,0.0,0.0,0.0,0.0,0.0,0.0,0.0,0.0,0.0,0.0,0.0,100.0,0.0,0.0,0.0,0,0.0,0.6419094815733344,0.764562622444788,0.0,1.0,250,150.0
confidence_deadline,outage,106,150.0,250,32.90618080133572,45.22195500030648,53.2414129906101,57.1629999903962,32.90618080133572,0.0,0.8127137591838837,0.8127137591838837,0.0,0.0,0.0,0.0,0.0,0.0,0.0,0.0,0.0,0.0,0.0,0.0,0.0,0.0,100.0,0.0,0.0,0.0,0,0.0,0.6419094815733344,0.764562622444788,0.0,1.0,250,150.0
oracle_feasible,outage,106,150.0,250,32.90618080133572,45.22195500030648,53.2414129906101,57.1629999903962,32.90618080133572,0.0,0.8127137591838837,0.8127137591838837,0.0,0.0,0.0,0.0,0.0,0.0,0.0,0.0,0.0,0.0,0.0,0.0,0.0,0.0,100.0,0.0,0.0,0.0,0,0.0,0.6419094815733344,0.764562622444788,0.0,1.0,250,150.0
local_only,outage,107,150.0,250,32.90618080133572,45.22195500030648,53.2414129906101,57.1629999903962,32.90618080133572,0.0,0.8127137591838837,0.8127137591838837,0.0,0.0,0.0,0.0,0.0,0.0,0.0,0.0,0.0,0.0,0.0,0.0,0.0,0.0,100.0,0.0,0.0,0.0,0,0.0,0.6419094815733344,0.764562622444788,0.0,1.0,250,150.0
edge_only,outage,107,150.0,250,56.90618080133572,182.65218999003991,190.19290001131588,207.1629999903962,56.90618080133572,0.16,0.8127137591838837,0.6890518568754196,1000.0,4.0,4000.0,1.0,0.0,0.0,0.16,0.55,0.0,0.0,0.55,0.0,0.45,0.84,0.0,100.0,0.0,0.0,0,0.0,0.5575753237545923,0.6697372249123842,0.0,0.84,250,150.0
cloud_only,outage,107,150.0,250,56.90618080133572,182.65218999003991,190.19290001131588,207.1629999903962,56.90618080133572,0.16,0.8127137591838837,0.6890518568754196,1400.0,5.6,5600.0,1.0,0.0,0.0,0.16,0.7,0.0,0.0,0.7,0.0,0.3,0.84,0.0,100.0,0.0,0.0,0,0.0,0.5575753237545923,0.6697372249123842,0.0,0.84,250,150.0
dapper,outage,107,150.0,250,10.87500799983181,36.73759000375866,47.20997200522104,57.1629999903962,10.87500799983181,0.0,0.7993763390779495,0.7993763390779495,0.0,0.0,0.0,1.0,0.696,0.0,0.0,0.0,0.0,0.0,0.0,0.0,0.0,0.0,25.2,0.0,0.0,74.8,100,400.0,0.18874000999000998,0.21123078089638597,0.0,0.304,250,150.0
deadline_greedy,outage,107,150.0,250,32.90618080133572,45.22195500030648,53.2414129906101,57.1629999903962,32.90618080133572,0.0,0.8127137591838837,0.8127137591838837,0.0,0.0,0.0,0.0,0.0,0.0,0.0,0.0,0.0,0.0,0.0,0.0,0.0,0.0,100.0,0.0,0.0,0.0,0,0.0,0.6419094815733344,0.764562622444788,0.0,1.0,250,150.0
confidence_deadline,outage,107,150.0,250,32.90618080133572,45.22195500030648,53.2414129906101,57.1629999903962,32.90618080133572,0.0,0.8127137591838837,0.8127137591838837,0.0,0.0,0.0,0.0,0.0,0.0,0.0,0.0,0.0,0.0,0.0,0.0,0.0,0.0,100.0,0.0,0.0,0.0,0,0.0,0.6419094815733344,0.764562622444788,0.0,1.0,250,150.0
oracle_feasible,outage,107,150.0,250,32.90618080133572,45.22195500030648,53.2414129906101,57.1629999903962,32.90618080133572,0.0,0.8127137591838837,0.8127137591838837,0.0,0.0,0.0,0.0,0.0,0.0,0.0,0.0,0.0,0.0,0.0,0.0,0.0,0.0,100.0,0.0,0.0,0.0,0,0.0,0.6419094815733344,0.764562622444788,0.0,1.0,250,150.0
local_only,outage,108,150.0,250,32.90618080133572,45.22195500030648,53.2414129906101,57.1629999903962,32.90618080133572,0.0,0.8127137591838837,0.8127137591838837,0.0,0.0,0.0,0.0,0.0,0.0,0.0,0.0,0.0,0.0,0.0,0.0,0.0,0.0,100.0,0.0,0.0,0.0,0,0.0,0.6419094815733344,0.764562622444788,0.0,1.0,250,150.0
edge_only,outage,108,150.0,250,49.70618080133572,181.4512149663642,192.51832901616578,202.26919997949153,49.70618080133572,0.112,0.8127137591838837,0.7172485568523407,700.0,2.8,2800.0,1.0,0.0,0.0,0.112,0.8214285714285714,0.0,0.0,0.7857142857142857,0.03571428571428571,0.17857142857142858,0.888,0.0,100.0,0.0,0.0,0,0.0,0.5776487059279746,0.6740763217674046,0.0,0.888,250,150.0
cloud_only,outage,108,150.0,250,49.70618080133572,181.4512149663642,192.51832901616578,202.26919997949153,49.70618080133572,0.112,0.8127137591838837,0.7172485568523407,980.0,3.92,3920.0,1.0,0.0,0.0,0.112,0.7857142857142857,0.0,0.0,0.7857142857142857,0.0,0.21428571428571427,0.888,0.0,100.0,0.0,0.0,0,0.0,0.5776487059279746,0.6740763217674046,0.0,0.888,250,150.0
dapper,outage,108,150.0,250,10.87500799983181,36.73759000375866,47.20997200522104,57.1629999903962,10.87500799983181,0.0,0.7993763390779495,0.7993763390779495,0.0,0.0,0.0,1.0,0.696,0.0,0.0,0.0,0.0,0.0,0.0,0.0,0.0,0.0,27.200000000000003,0.0,0.0,72.8,106,424.0,0.18874000999000998,0.21123078089638597,0.0,0.304,250,150.0
deadline_greedy,outage,108,150.0,250,32.90618080133572,45.22195500030648,53.2414129906101,57.1629999903962,32.90618080133572,0.0,0.8127137591838837,0.8127137591838837,0.0,0.0,0.0,0.0,0.0,0.0,0.0,0.0,0.0,0.0,0.0,0.0,0.0,0.0,100.0,0.0,0.0,0.0,0,0.0,0.6419094815733344,0.764562622444788,0.0,1.0,250,150.0
confidence_deadline,outage,108,150.0,250,32.90618080133572,45.22195500030648,53.2414129906101,57.1629999903962,32.90618080133572,0.0,0.8127137591838837,0.8127137591838837,0.0,0.0,0.0,0.0,0.0,0.0,0.0,0.0,0.0,0.0,0.0,0.0,0.0,0.0,100.0,0.0,0.0,0.0,0,0.0,0.6419094815733344,0.764562622444788,0.0,1.0,250,150.0
oracle_feasible,outage,108,150.0,250,33.506180801335724,45.51592999487183,54.493842020747245,185.0915000308305,33.506180801335724,0.004,0.8127137591838837,0.8089868447780609,25.0,0.1,100.0,0.004,0.0,0.0,0.004,1.0,0.0,0.0,0.0,1.0,0.0,0.0,99.6,0.4,0.0,0.0,2,8.0,0.6379094815733344,0.7581931956931957,0.0,0.996,250,150.0
local_only,outage,109,150.0,250,32.90618080133572,45.22195500030648,53.2414129906101,57.1629999903962,32.90618080133572,0.0,0.8127137591838837,0.8127137591838837,0.0,0.0,0.0,0.0,0.0,0.0,0.0,0.0,0.0,0.0,0.0,0.0,0.0,0.0,100.0,0.0,0.0,0.0,0,0.0,0.6419094815733344,0.764562622444788,0.0,1.0,250,150.0
edge_only,outage,109,150.0,250,52.70618080133572,182.3310800100444,191.61339702783147,202.26919997949153,52.70618080133572,0.132,0.8127137591838837,0.6989761253595352,825.0,3.3,3300.0,1.0,0.0,0.0,0.132,0.5757575757575758,0.0,0.0,0.5757575757575758,0.0,0.42424242424242425,0.868,0.0,100.0,0.0,0.0,0,0.0,0.5593350917643604,0.662256135584161,0.0,0.868,250,150.0
cloud_only,outage,109,150.0,250,52.70618080133572,182.3310800100444,191.61339702783147,202.26919997949153,52.70618080133572,0.132,0.8127137591838837,0.6989761253595352,1155.0,4.62,4620.0,1.0,0.0,0.0,0.132,0.6666666666666666,0.0,0.0,0.6666666666666666,0.0,0.3333333333333333,0.868,0.0,100.0,0.0,0.0,0,0.0,0.5593350917643604,0.662256135584161,0.0,0.868,250,150.0
dapper,outage,109,150.0,250,10.87500799983181,36.73759000375866,47.20997200522104,57.1629999903962,10.87500799983181,0.0,0.7993763390779495,0.7993763390779495,0.0,0.0,0.0,1.0,0.696,0.0,0.0,0.0,0.0,0.0,0.0,0.0,0.0,0.0,26.0,0.0,0.0,74.0,104,416.0,0.18874000999000998,0.21123078089638597,0.0,0.304,250,150.0
deadline_greedy,outage,109,150.0,250,32.90618080133572,45.22195500030648,53.2414129906101,57.1629999903962,32.90618080133572,0.0,0.8127137591838837,0.8127137591838837,0.0,0.0,0.0,0.0,0.0,0.0,0.0,0.0,0.0,0.0,0.0,0.0,0.0,0.0,100.0,0.0,0.0,0.0,0,0.0,0.6419094815733344,0.764562622444788,0.0,1.0,250,150.0
confidence_deadline,outage,109,150.0,250,32.90618080133572,45.22195500030648,53.2414129906101,57.1629999903962,32.90618080133572,0.0,0.8127137591838837,0.8127137591838837,0.0,0.0,0.0,0.0,0.0,0.0,0.0,0.0,0.0,0.0,0.0,0.0,0.0,0.0,100.0,0.0,0.0,0.0,0,0.0,0.6419094815733344,0.764562622444788,0.0,1.0,250,150.0
oracle_feasible,outage,109,150.0,250,32.90618080133572,45.22195500030648,53.2414129906101,57.1629999903962,32.90618080133572,0.0,0.8127137591838837,0.8127137591838837,0.0,0.0,0.0,0.0,0.0,0.0,0.0,0.0,0.0,0.0,0.0,0.0,0.0,0.0,100.0,0.0,0.0,0.0,0,0.0,0.6419094815733344,0.764562622444788,0.0,1.0,250,150.0
local_only,stable,100,250.0,250,32.90618080133572,45.22195500030648,53.2414129906101,57.1629999903962,32.90618080133572,0.0,0.8127137591838837,0.8127137591838837,0.0,0.0,0.0,0.0,0.0,0.0,0.0,0.0,0.0,0.0,0.0,0.0,0.0,0.0,100.0,0.0,0.0,0.0,0,0.0,0.6419094815733344,0.764562622444788,0.0,1.0,250,250.0
edge_only,stable,100,250.0,250,47.5180197035457,77.1887982212868,150.6117516957375,178.41035662283537,47.5180197035457,0.0,0.881183963060379,0.881183963060379,6250.0,25.0,25000.0,0.024,0.0,0.0,1.0,0.976,0.976,0.976,0.0,0.0,0.024,0.0,0.0,100.0,0.0,0.0,0,0.0,0.7282592572241309,0.8256137970309947,0.976,1.0,250,250.0
cloud_only,stable,100,250.0,250,261.8564175087244,274.4174112096376,283.3022298070293,288.73892881703034,261.8564175087244,1.0,0.8127137591838837,0.0,8750.0,35.0,35000.0,1.0,0.0,0.0,1.0,0.996,0.0,0.0,0.0,0.996,0.004,0.0,0.0,100.0,0.0,0.0,0,0.0,0.0,0.0,0.0,0.0,250,250.0
dapper,stable,100,250.0,250,36.099197176272064,50.56195736485252,56.004983014427104,150.18086333538758,36.099197176272064,0.0,0.858797374010086,0.858797374010086,1500.0,6.0,6000.0,0.004,0.0,0.0,0.24,0.9833333333333333,0.9833333333333333,0.236,0.0,0.0,0.016666666666666666,0.0,76.0,24.0,0.0,0.0,88,352.0,0.6645999059637588,0.7760030928024559,0.236,1.0,250,250.0
deadline_greedy,stable,100,250.0,250,32.90618080133572,45.22195500030648,53.2414129906101,57.1629999903962,32.90618080133572,0.0,0.8127137591838837,0.8127137591838837,0.0,0.0,0.0,0.0,0.0,0.0,0.0,0.0,0.0,0.0,0.0,0.0,0.0,0.0,100.0,0.0,0.0,0.0,0,0.0,0.6419094815733344,0.764562622444788,0.0,1.0,250,250.0
confidence_deadline,stable,100,250.0,250,32.90618080133572,45.22195500030648,53.2414129906101,57.1629999903962,32.90618080133572,0.0,0.8127137591838837,0.8127137591838837,0.0,0.0,0.0,0.0,0.0,0.0,0.0,0.0,0.0,0.0,0.0,0.0,0.0,0.0,100.0,0.0,0.0,0.0,0,0.0,0.6419094815733344,0.764562622444788,0.0,1.0,250,250.0
oracle_feasible,stable,100,250.0,250,43.49618492793532,55.85306382053915,81.39872481056895,85.79180592120014,43.49618492793532,0.0,0.8878805668354034,0.8878805668354034,5475.0,21.9,21900.0,0.0,0.0,0.0,0.876,1.0,1.0,0.876,0.0,0.0,0.0,0.0,12.4,87.6,0.0,0.0,53,212.0,0.7257558888116762,0.8181174717002744,0.876,1.0,250,250.0
local_only,stable,101,250.0,250,32.90618080133572,45.22195500030648,53.2414129906101,57.1629999903962,32.90618080133572,0.0,0.8127137591838837,0.8127137591838837,0.0,0.0,0.0,0.0,0.0,0.0,0.0,0.0,0.0,0.0,0.0,0.0,0.0,0.0,100.0,0.0,0.0,0.0,0,0.0,0.6419094815733344,0.764562622444788,0.0,1.0,250,250.0
edge_only,stable,101,250.0,250,46.286509280390064,57.736675961283225,85.138264320778,154.30001808424325,46.286509280390064,0.0,0.8830404465198517,0.8830404465198517,6250.0,25.0,25000.0,0.008,0.0,0.0,1.0,0.992,0.992,0.992,0.0,0.0,0.008,0.0,0.0,100.0,0.0,0.0,0,0.0,0.7324855494504231,0.8252463301030181,0.992,1.0,250,250.0
cloud_only,stable,101,250.0,250,262.6476138760159,273.7956358863362,283.2993273278003,289.0858943873805,262.6476138760159,1.0,0.8127137591838837,0.0,8750.0,35.0,35000.0,1.0,0.0,0.0,1.0,1.0,0.0,0.0,0.0,1.0,0.0,0.0,0.0,100.0,0.0,0.0,0,0.0,0.0,0.0,0.0,0.0,250,250.0
dapper,stable,101,250.0,250,36.260736208818706,51.562868835309324,56.75075874653503,149.0424901529583,36.260736208818706,0.0,0.8604990003108979,0.8604990003108979,1500.0,6.0,6000.0,0.004,0.0,0.0,0.24,0.9833333333333333,0.9833333333333333,0.236,0.0,0.0,0.016666666666666666,0.0,76.0,24.0,0.0,0.0,88,352.0,0.6678591652230179,0.7747782030425342,0.236,1.0,250,250.0
deadline_greedy,stable,101,250.0,250,32.90618080133572,45.22195500030648,53.2414129906101,57.1629999903962,32.90618080133572,0.0,0.8127137591838837,0.8127137591838837,0.0,0.0,0.0,0.0,0.0,0.0,0.0,0.0,0.0,0.0,0.0,0.0,0.0,0.0,100.0,0.0,0.0,0.0,0,0.0,0.6419094815733344,0.764562622444788,0.0,1.0,250,250.0
confidence_deadline,stable,101,250.0,250,32.90618080133572,45.22195500030648,53.2414129906101,57.1629999903962,32.90618080133572,0.0,0.8127137591838837,0.8127137591838837,0.0,0.0,0.0,0.0,0.0,0.0,0.0,0.0,0.0,0.0,0.0,0.0,0.0,0.0,100.0,0.0,0.0,0.0,0,0.0,0.6419094815733344,0.764562622444788,0.0,1.0,250,250.0
oracle_feasible,stable,101,250.0,250,44.01136723772599,56.32099154607295,81.74503263326157,85.17244213777226,44.01136723772599,0.0,0.8901483180522919,0.8901483180522919,5525.0,22.1,22100.0,0.0,0.0,0.0,0.884,1.0,1.0,0.884,0.0,0.0,0.0,0.0,11.600000000000001,88.4,0.0,0.0,49,196.0,0.7299821810379683,0.8177500047722978,0.884,1.0,250,250.0
local_only,stable,102,250.0,250,32.90618080133572,45.22195500030648,53.2414129906101,57.1629999903962,32.90618080133572,0.0,0.8127137591838837,0.8127137591838837,0.0,0.0,0.0,0.0,0.0,0.0,0.0,0.0,0.0,0.0,0.0,0.0,0.0,0.0,100.0,0.0,0.0,0.0,0,0.0,0.6419094815733344,0.764562622444788,0.0,1.0,250,250.0
edge_only,stable,102,250.0,250,45.2721927581292,56.76791472690088,82.23591111091405,84.69760675349504,45.2721927581292,0.0,0.883520483493805,0.883520483493805,6250.0,25.0,25000.0,0.0,0.0,0.0,1.0,1.0,1.0,1.0,0.0,0.0,0.0,0.0,0.0,100.0,0.0,0.0,0,0.0,0.7337977187625925,0.8280635765508377,1.0,1.0,250,250.0
cloud_only,stable,102,250.0,250,262.31893020236515,277.23705702074676,282.90790630102947,286.2526723026096,262.31893020236515,1.0,0.8127137591838837,0.0,8750.0,35.0,35000.0,1.0,0.0,0.0,1.0,0.988,0.0,0.0,0.0,0.988,0.012,0.0,0.0,100.0,0.0,0.0,0,0.0,0.0,0.0,0.0,0.0,250,250.0
dapper,stable,102,250.0,250,35.793480259411815,50.753239102177034,55.04014727493363,83.32109573644271,35.793480259411815,0.0,0.8609412043094635,0.8609412043094635,1500.0,6.0,6000.0,0.0,0.0,0.0,0.24,1.0,1.0,0.24,0.0,0.0,0.0,0.0,76.0,24.0,0.0,0.0,88,352.0,0.6685999059637588,0.7760030928024559,0.24,1.0,250,250.0
deadline_greedy,stable,102,250.0,250,32.90618080133572,45.22195500030648,53.2414129906101,57.1629999903962,32.90618080133572,0.0,0.8127137591838837,0.8127137591838837,0.0,0.0,0.0,0.0,0.0,0.0,0.0,0.0,0.0,0.0,0.0,0.0,0.0,0.0,100.0,0.0,0.0,0.0,0,0.0,0.6419094815733344,0.764562622444788,0.0,1.0,250,250.0
confidence_deadline,stable,102,250.0,250,32.90618080133572,45.22195500030648,53.2414129906101,57.1629999903962,32.90618080133572,0.0,0.8127137591838837,0.8127137591838837,0.0,0.0,0.0,0.0,0.0,0.0,0.0,0.0,0.0,0.0,0.0,0.0,0.0,0.0,100.0,0.0,0.0,0.0,0,0.0,0.6419094815733344,0.764562622444788,0.0,1.0,250,250.0
oracle_feasible,stable,102,250.0,250,44.06834344943534,55.63132160685304,82.23591111091405,84.69760675349504,44.06834344943534,0.0,0.8906283550262452,0.8906283550262452,5575.0,22.3,22300.0,0.0,0.0,0.0,0.892,1.0,1.0,0.892,0.0,0.0,0.0,0.0,10.8,89.2,0.0,0.0,45,180.0,0.7312943503501376,0.8205672512201174,0.892,1.0,250,250.0
local_only,stable,103,250.0,250,32.90618080133572,45.22195500030648,53.2414129906101,57.1629999903962,32.90618080133572,0.0,0.8127137591838837,0.8127137591838837,0.0,0.0,0.0,0.0,0.0,0.0,0.0,0.0,0.0,0.0,0.0,0.0,0.0,0.0,100.0,0.0,0.0,0.0,0,0.0,0.6419094815733344,0.764562622444788,0.0,1.0,250,250.0
edge_only,stable,103,250.0,250,45.57342383630933,57.04851343595129,83.47855942159262,153.99038728526887,45.57342383630933,0.0,0.8833508503437042,0.8833508503437042,6250.0,25.0,25000.0,0.004,0.0,0.0,1.0,0.996,0.996,0.996,0.0,0.0,0.004,0.0,0.0,100.0,0.0,0.0,0,0.0,0.7317977187625925,0.8259404343003071,0.996,1.0,250,250.0
cloud_only,stable,103,250.0,250,262.35291675971155,273.8480930048898,282.49744462105156,287.5855346046426,262.35291675971155,1.0,0.8127137591838837,0.0,8750.0,35.0,35000.0,1.0,0.0,0.0,1.0,0.988,0.0,0.0,0.0,0.988,0.012,0.0,0.0,100.0,0.0,0.0,0,0.0,0.0,0.0,0.0,0.0,250,250.0
dapper,stable,103,250.0,250,35.81408486627024,50.43713264079887,56.004983014427104,84.61940485795407,35.81408486627024,0.0,0.8609412043094635,0.8609412043094635,1500.0,6.0,6000.0,0.0,0.0,0.0,0.24,1.0,1.0,0.24,0.0,0.0,0.0,0.0,76.0,24.0,0.0,0.0,88,352.0,0.6685999059637588,0.7760030928024559,0.24,1.0,250,250.0
deadline_greedy,stable,103,250.0,250,32.90618080133572,45.22195500030648,53.2414129906101,57.1629999903962,32.90618080133572,0.0,0.8127137591838837,0.8127137591838837,0.0,0.0,0.0,0.0,0.0,0.0,0.0,0.0,0.0,0.0,0.0,0.0,0.0,0.0,100.0,0.0,0.0,0.0,0,0.0,0.6419094815733344,0.764562622444788,0.0,1.0,250,250.0
confidence_deadline,stable,103,250.0,250,32.90618080133572,45.22195500030648,53.2414129906101,57.1629999903962,32.90618080133572,0.0,0.8127137591838837,0.8127137591838837,0.0,0.0,0.0,0.0,0.0,0.0,0.0,0.0,0.0,0.0,0.0,0.0,0.0,0.0,100.0,0.0,0.0,0.0,0,0.0,0.6419094815733344,0.764562622444788,0.0,1.0,250,250.0
oracle_feasible,stable,103,250.0,250,43.88153332467865,55.658830318736676,80.81865904394853,84.61940485795407,43.88153332467865,0.0,0.8904587218761444,0.8904587218761444,5550.0,22.2,22200.0,0.0,0.0,0.0,0.888,1.0,1.0,0.888,0.0,0.0,0.0,0.0,11.200000000000001,88.8,0.0,0.0,45,180.0,0.7292943503501376,0.8184441089695867,0.888,1.0,250,250.0
local_only,stable,104,250.0,250,32.90618080133572,45.22195500030648,53.2414129906101,57.1629999903962,32.90618080133572,0.0,0.8127137591838837,0.8127137591838837,0.0,0.0,0.0,0.0,0.0,0.0,0.0,0.0,0.0,0.0,0.0,0.0,0.0,0.0,100.0,0.0,0.0,0.0,0,0.0,0.6419094815733344,0.764562622444788,0.0,1.0,250,250.0
edge_only,stable,104,250.0,250,47.07206073422157,73.96704753108517,143.8551178959318,151.71078758531536,47.07206073422157,0.0,0.8826711454391479,0.8826711454391479,6250.0,25.0,25000.0,0.016,0.0,0.0,1.0,0.984,0.984,0.984,0.0,0.0,0.016,0.0,0.0,100.0,0.0,0.0,0,0.0,0.7327977187625925,0.8280635765508377,0.984,1.0,250,250.0
cloud_only,stable,104,250.0,250,262.46282196239974,275.81816437901404,283.0587336548703,288.0683594821644,262.46282196239974,1.0,0.8127137591838837,0.0,8750.0,35.0,35000.0,1.0,0.0,0.0,1.0,0.992,0.0,0.0,0.0,0.992,0.008,0.0,0.0,100.0,0.0,0.0,0,0.0,0.0,0.0,0.0,0.0,250,250.0
dapper,stable,104,250.0,250,36.18410367170257,51.597291187989505,56.16320395864176,144.73786906579772,36.18410367170257,0.0,0.8603795020580292,0.8603795020580292,1500.0,6.0,6000.0,0.004,0.0,0.0,0.24,0.9833333333333333,0.9833333333333333,0.236,0.0,0.0,0.016666666666666666,0.0,76.0,24.0,0.0,0.0,88,352.0,0.6685999059637588,0.7760030928024559,0.236,1.0,250,250.0
deadline_greedy,stable,104,250.0,250,32.90618080133572,45.22195500030648,53.2414129906101,57.1629999903962,32.90618080133572,0.0,0.8127137591838837,0.8127137591838837,0.0,0.0,0.0,0.0,0.0,0.0,0.0,0.0,0.0,0.0,0.0,0.0,0.0,0.0,100.0,0.0,0.0,0.0,0,0.0,0.6419094815733344,0.764562622444788,0.0,1.0,250,250.0
confidence_deadline,stable,104,250.0,250,32.90618080133572,45.22195500030648,53.2414129906101,57.1629999903962,32.90618080133572,0.0,0.8127137591838837,0.8127137591838837,0.0,0.0,0.0,0.0,0.0,0.0,0.0,0.0,0.0,0.0,0.0,0.0,0.0,0.0,100.0,0.0,0.0,0.0,0,0.0,0.6419094815733344,0.764562622444788,0.0,1.0,250,250.0
oracle_feasible,stable,104,250.0,250,43.90161411856969,54.16274349347423,81.91377796714536,89.7158290032191,43.90161411856969,0.0,0.8897790169715881,0.8897790169715881,5475.0,21.9,21900.0,0.0,0.0,0.0,0.876,1.0,1.0,0.876,0.0,0.0,0.0,0.0,12.4,87.6,0.0,0.0,51,204.0,0.7302943503501376,0.8205672512201174,0.876,1.0,250,250.0
local_only,stable,105,250.0,250,32.90618080133572,45.22195500030648,53.2414129906101,57.1629999903962,32.90618080133572,0.0,0.8127137591838837,0.8127137591838837,0.0,0.0,0.0,0.0,0.0,0.0,0.0,0.0,0.0,0.0,0.0,0.0,0.0,0.0,100.0,0.0,0.0,0.0,0,0.0,0.6419094815733344,0.764562622444788,0.0,1.0,250,250.0
edge_only,stable,105,250.0,250,45.552043250393226,55.785401628306126,84.13418993535504,156.22496906558968,45.552043250393226,0.0,0.8847851998806,0.8847851998806,6250.0,25.0,25000.0,0.004,0.0,0.0,1.0,0.996,0.996,0.996,0.0,0.0,0.004,0.0,0.0,100.0,0.0,0.0,0,0.0,0.7337977187625925,0.8280635765508377,0.996,1.0,250,250.0
cloud_only,stable,105,250.0,250,262.1474381335882,274.5050315475789,281.78114985850414,287.9394836878208,262.1474381335882,0.996,0.8127137591838837,0.0036829361915588377,8750.0,35.0,35000.0,1.0,0.0,0.0,1.0,0.996,0.0,0.0,0.0,0.996,0.004,0.0,0.0,100.0,0.0,0.0,0,0.0,0.004,0.006369426751592357,0.0,0.004,250,250.0
dapper,stable,105,250.0,250,35.83976289924111,51.758503855052325,55.254186383245674,84.49672812168096,35.83976289924111,0.0,0.8609412043094635,0.8609412043094635,1500.0,6.0,6000.0,0.0,0.0,0.0,0.24,1.0,1.0,0.24,0.0,0.0,0.0,0.0,76.0,24.0,0.0,0.0,88,352.0,0.6685999059637588,0.7760030928024559,0.24,1.0,250,250.0
deadline_greedy,stable,105,250.0,250,32.90618080133572,45.22195500030648,53.2414129906101,57.1629999903962,32.90618080133572,0.0,0.8127137591838837,0.8127137591838837,0.0,0.0,0.0,0.0,0.0,0.0,0.0,0.0,0.0,0.0,0.0,0.0,0.0,0.0,100.0,0.0,0.0,0.0,0,0.0,0.6419094815733344,0.764562622444788,0.0,1.0,250,250.0
confidence_deadline,stable,105,250.0,250,32.90618080133572,45.22195500030648,53.2414129906101,57.1629999903962,32.90618080133572,0.0,0.8127137591838837,0.8127137591838837,0.0,0.0,0.0,0.0,0.0,0.0,0.0,0.0,0.0,0.0,0.0,0.0,0.0,0.0,100.0,0.0,0.0,0.0,0,0.0,0.6419094815733344,0.764562622444788,0.0,1.0,250,250.0
oracle_feasible,stable,105,250.0,250,43.91361898418657,55.34858710757561,82.15565014330751,86.43781928339186,43.91361898418657,0.0,0.8906283550262452,0.8906283550262452,5575.0,22.3,22300.0,0.0,0.0,0.0,0.892,1.0,1.0,0.892,0.0,0.0,0.0,0.0,10.8,89.2,0.0,0.0,45,180.0,0.7312943503501376,0.8205672512201174,0.892,1.0,250,250.0
local_only,stable,106,250.0,250,32.90618080133572,45.22195500030648,53.2414129906101,57.1629999903962,32.90618080133572,0.0,0.8127137591838837,0.8127137591838837,0.0,0.0,0.0,0.0,0.0,0.0,0.0,0.0,0.0,0.0,0.0,0.0,0.0,0.0,100.0,0.0,0.0,0.0,0,0.0,0.6419094815733344,0.764562622444788,0.0,1.0,250,250.0
edge_only,stable,106,250.0,250,46.63388958188421,64.75840881668712,117.96908602434094,148.6231350622614,46.63388958188421,0.0,0.8827790110111237,0.8827790110111237,6250.0,25.0,25000.0,0.012,0.0,0.0,1.0,0.988,0.988,0.988,0.0,0.0,0.012,0.0,0.0,100.0,0.0,0.0,0,0.0,0.7332977187625924,0.8248788631750416,0.988,1.0,250,250.0
cloud_only,stable,106,250.0,250,262.55749434756893,275.0999441034415,282.3401380778153,287.6210736299057,262.55749434756893,1.0,0.8127137591838837,0.0,8750.0,35.0,35000.0,1.0,0.0,0.0,1.0,0.988,0.0,0.0,0.0,0.988,0.012,0.0,0.0,100.0,0.0,0.0,0,0.0,0.0,0.0,0.0,0.0,250,250.0
dapper,stable,106,250.0,250,35.86995521977589,50.90122941236534,55.11963435274338,86.5344739180745,35.86995521977589,0.0,0.8609412043094635,0.8609412043094635,1500.0,6.0,6000.0,0.0,0.0,0.0,0.24,1.0,1.0,0.24,0.0,0.0,0.0,0.0,76.0,24.0,0.0,0.0,88,352.0,0.6685999059637588,0.7760030928024559,0.24,1.0,250,250.0
deadline_greedy,stable,106,250.0,250,32.90618080133572,45.22195500030648,53.2414129906101,57.1629999903962,32.90618080133572,0.0,0.8127137591838837,0.8127137591838837,0.0,0.0,0.0,0.0,0.0,0.0,0.0,0.0,0.0,0.0,0.0,0.0,0.0,0.0,100.0,0.0,0.0,0.0,0,0.0,0.6419094815733344,0.764562622444788,0.0,1.0,250,250.0
confidence_deadline,stable,106,250.0,250,32.90618080133572,45.22195500030648,53.2414129906101,57.1629999903962,32.90618080133572,0.0,0.8127137591838837,0.8127137591838837,0.0,0.0,0.0,0.0,0.0,0.0,0.0,0.0,0.0,0.0,0.0,0.0,0.0,0.0,100.0,0.0,0.0,0.0,0,0.0,0.6419094815733344,0.764562622444788,0.0,1.0,250,250.0
oracle_feasible,stable,106,250.0,250,43.961052599220736,54.99275810315262,82.81489211841256,89.75076512409645,43.961052599220736,0.0,0.8898868825435639,0.8898868825435639,5500.0,22.0,22000.0,0.0,0.0,0.0,0.88,1.0,1.0,0.88,0.0,0.0,0.0,0.0,12.0,88.0,0.0,0.0,51,204.0,0.7307943503501376,0.8173825378443212,0.88,1.0,250,250.0
local_only,stable,107,250.0,250,32.90618080133572,45.22195500030648,53.2414129906101,57.1629999903962,32.90618080133572,0.0,0.8127137591838837,0.8127137591838837,0.0,0.0,0.0,0.0,0.0,0.0,0.0,0.0,0.0,0.0,0.0,0.0,0.0,0.0,100.0,0.0,0.0,0.0,0,0.0,0.6419094815733344,0.764562622444788,0.0,1.0,250,250.0
edge_only,stable,107,250.0,250,47.1395314703609,72.21638993649947,146.57207691014503,161.484955770219,47.1395314703609,0.0,0.8825685832500457,0.8825685832500457,6250.0,25.0,25000.0,0.016,0.0,0.0,1.0,0.984,0.984,0.984,0.0,0.0,0.016,0.0,0.0,100.0,0.0,0.0,0,0.0,0.7362977187625924,0.8280635765508377,0.984,1.0,250,250.0
cloud_only,stable,107,250.0,250,262.4482717987356,275.65548412545604,285.54741305248734,286.94899972426833,262.4482717987356,1.0,0.8127137591838837,0.0,8750.0,35.0,35000.0,1.0,0.0,0.0,1.0,0.984,0.0,0.0,0.0,0.984,0.016,0.0,0.0,100.0,0.0,0.0,0,0.0,0.0,0.0,0.0,0.0,250,250.0
dapper,stable,107,250.0,250,35.91034919276573,50.76495948495726,56.74698431393287,82.17258464146428,35.91034919276573,0.0,0.8609412043094635,0.8609412043094635,1500.0,6.0,6000.0,0.0,0.0,0.0,0.24,1.0,1.0,0.24,0.0,0.0,0.0,0.0,76.0,24.0,0.0,0.0,88,352.0,0.6685999059637588,0.7760030928024559,0.24,1.0,250,250.0
deadline_greedy,stable,107,250.0,250,32.90618080133572,45.22195500030648,53.2414129906101,57.1629999903962,32.90618080133572,0.0,0.8127137591838837,0.8127137591838837,0.0,0.0,0.0,0.0,0.0,0.0,0.0,0.0,0.0,0.0,0.0,0.0,0.0,0.0,100.0,0.0,0.0,0.0,0,0.0,0.6419094815733344,0.764562622444788,0.0,1.0,250,250.0
confidence_deadline,stable,107,250.0,250,32.90618080133572,45.22195500030648,53.2414129906101,57.1629999903962,32.90618080133572,0.0,0.8127137591838837,0.8127137591838837,0.0,0.0,0.0,0.0,0.0,0.0,0.0,0.0,0.0,0.0,0.0,0.0,0.0,0.0,100.0,0.0,0.0,0.0,0,0.0,0.6419094815733344,0.764562622444788,0.0,1.0,250,250.0
oracle_feasible,stable,107,250.0,250,44.025154615300124,55.69057129305346,81.916274834748,86.19349280984146,44.025154615300124,0.0,0.8896764547824859,0.8896764547824859,5475.0,21.9,21900.0,0.0,0.0,0.0,0.876,1.0,1.0,0.876,0.0,0.0,0.0,0.0,12.4,87.6,0.0,0.0,53,212.0,0.7337943503501376,0.8205672512201174,0.876,1.0,250,250.0
local_only,stable,108,250.0,250,32.90618080133572,45.22195500030648,53.2414129906101,57.1629999903962,32.90618080133572,0.0,0.8127137591838837,0.8127137591838837,0.0,0.0,0.0,0.0,0.0,0.0,0.0,0.0,0.0,0.0,0.0,0.0,0.0,0.0,100.0,0.0,0.0,0.0,0,0.0,0.6419094815733344,0.764562622444788,0.0,1.0,250,250.0
edge_only,stable,108,250.0,250,47.28078355339952,76.07833487804687,147.52094181747506,168.5000915536818,47.28078355339952,0.0,0.8830380470752716,0.8830380470752716,6250.0,25.0,25000.0,0.016,0.0,0.0,1.0,0.984,0.984,0.984,0.0,0.0,0.016,0.0,0.0,100.0,0.0,0.0,0,0.0,0.7318532743181481,0.8271536584434676,0.984,1.0,250,250.0
cloud_only,stable,108,250.0,250,262.3707749071334,275.48471931754443,283.2546476154264,287.26333643274836,262.3707749071334,1.0,0.8127137591838837,0.0,8750.0,35.0,35000.0,1.0,0.0,0.0,1.0,0.988,0.0,0.0,0.0,0.988,0.012,0.0,0.0,100.0,0.0,0.0,0,0.0,0.0,0.0,0.0,0.0,250,250.0
dapper,stable,108,250.0,250,35.77108863534807,50.60902211419929,55.499790209213586,85.75399018191814,35.77108863534807,0.0,0.8609412043094635,0.8609412043094635,1500.0,6.0,6000.0,0.0,0.0,0.0,0.24,1.0,1.0,0.24,0.0,0.0,0.0,0.0,76.0,24.0,0.0,0.0,88,352.0,0.6685999059637588,0.7760030928024559,0.24,1.0,250,250.0
deadline_greedy,stable,108,250.0,250,32.90618080133572,45.22195500030648,53.2414129906101,57.1629999903962,32.90618080133572,0.0,0.8127137591838837,0.8127137591838837,0.0,0.0,0.0,0.0,0.0,0.0,0.0,0.0,0.0,0.0,0.0,0.0,0.0,0.0,100.0,0.0,0.0,0.0,0,0.0,0.6419094815733344,0.764562622444788,0.0,1.0,250,250.0
confidence_deadline,stable,108,250.0,250,32.90618080133572,45.22195500030648,53.2414129906101,57.1629999903962,32.90618080133572,0.0,0.8127137591838837,0.8127137591838837,0.0,0.0,0.0,0.0,0.0,0.0,0.0,0.0,0.0,0.0,0.0,0.0,0.0,0.0,100.0,0.0,0.0,0.0,0,0.0,0.6419094815733344,0.764562622444788,0.0,1.0,250,250.0
oracle_feasible,stable,108,250.0,250,44.15157991383338,55.16207427042599,82.06156391078157,86.50580653823666,44.15157991383338,0.0,0.8901459186077118,0.8901459186077118,5475.0,21.9,21900.0,0.0,0.0,0.0,0.876,1.0,1.0,0.876,0.0,0.0,0.0,0.0,12.4,87.6,0.0,0.0,53,212.0,0.7293499059056933,0.8196573331127471,0.876,1.0,250,250.0
local_only,stable,109,250.0,250,32.90618080133572,45.22195500030648,53.2414129906101,57.1629999903962,32.90618080133572,0.0,0.8127137591838837,0.8127137591838837,0.0,0.0,0.0,0.0,0.0,0.0,0.0,0.0,0.0,0.0,0.0,0.0,0.0,0.0,100.0,0.0,0.0,0.0,0,0.0,0.6419094815733344,0.764562622444788,0.0,1.0,250,250.0
edge_only,stable,109,250.0,250,46.60072672268382,67.87157102021308,120.08856511666687,155.84633069880738,46.60072672268382,0.0,0.8829911925792694,0.8829911925792694,6250.0,25.0,25000.0,0.012,0.0,0.0,1.0,0.988,0.988,0.988,0.0,0.0,0.012,0.0,0.0,100.0,0.0,0.0,0,0.0,0.7317977187625925,0.8259404343003071,0.988,1.0,250,250.0
cloud_only,stable,109,250.0,250,262.3744509457271,275.49524076960836,281.8271801476022,288.7484206112806,262.3744509457271,1.0,0.8127137591838837,0.0,8750.0,35.0,35000.0,1.0,0.0,0.0,1.0,0.996,0.0,0.0,0.0,0.996,0.004,0.0,0.0,100.0,0.0,0.0,0,0.0,0.0,0.0,0.0,0.0,250,250.0
dapper,stable,109,250.0,250,35.86592680257186,50.26543609783514,56.570279864444124,84.13213861669479,35.86592680257186,0.0,0.8609412043094635,0.8609412043094635,1500.0,6.0,6000.0,0.0,0.0,0.0,0.24,1.0,1.0,0.24,0.0,0.0,0.0,0.0,76.0,24.0,0.0,0.0,88,352.0,0.6685999059637588,0.7760030928024559,0.24,1.0,250,250.0
deadline_greedy,stable,109,250.0,250,32.90618080133572,45.22195500030648,53.2414129906101,57.1629999903962,32.90618080133572,0.0,0.8127137591838837,0.8127137591838837,0.0,0.0,0.0,0.0,0.0,0.0,0.0,0.0,0.0,0.0,0.0,0.0,0.0,0.0,100.0,0.0,0.0,0.0,0,0.0,0.6419094815733344,0.764562622444788,0.0,1.0,250,250.0
confidence_deadline,stable,109,250.0,250,32.90618080133572,45.22195500030648,53.2414129906101,57.1629999903962,32.90618080133572,0.0,0.8127137591838837,0.8127137591838837,0.0,0.0,0.0,0.0,0.0,0.0,0.0,0.0,0.0,0.0,0.0,0.0,0.0,0.0,100.0,0.0,0.0,0.0,0,0.0,0.6419094815733344,0.764562622444788,0.0,1.0,250,250.0
oracle_feasible,stable,109,250.0,250,44.050499517035945,56.33728327251724,82.18086596420807,88.60186202729422,44.050499517035945,0.0,0.8900990641117096,0.8900990641117096,5500.0,22.0,22000.0,0.0,0.0,0.0,0.88,1.0,1.0,0.88,0.0,0.0,0.0,0.0,12.0,88.0,0.0,0.0,47,188.0,0.7292943503501376,0.8184441089695867,0.88,1.0,250,250.0
local_only,congested,100,250.0,250,32.90618080133572,45.22195500030648,53.2414129906101,57.1629999903962,32.90618080133572,0.0,0.8127137591838837,0.8127137591838837,0.0,0.0,0.0,0.0,0.0,0.0,0.0,0.0,0.0,0.0,0.0,0.0,0.0,0.0,100.0,0.0,0.0,0.0,0,0.0,0.6419094815733344,0.764562622444788,0.0,1.0,250,250.0
edge_only,congested,100,250.0,250,119.97120161393558,226.3399858795286,236.40190178214374,245.87081244992683,119.97120161393558,0.0,0.869085822224617,0.869085822224617,6250.0,25.0,25000.0,0.24,0.0,0.0,1.0,0.96,0.76,0.76,0.0,0.2,0.04,0.0,0.0,100.0,0.0,0.0,0,0.0,0.7044878098548506,0.8093268461899036,0.76,1.0,250,250.0
cloud_only,congested,100,250.0,250,282.9061808013357,295.2219550003065,303.2414129906101,307.1629999903962,282.9061808013357,1.0,0.8127137591838837,0.0,8750.0,35.0,35000.0,1.0,0.0,0.0,1.0,0.96,0.0,0.0,0.0,0.96,0.04,0.0,0.0,100.0,0.0,0.0,0,0.0,0.0,0.0,0.0,0.0,250,250.0
dapper,congested,100,250.0,250,51.741541236977916,96.48400249155488,223.03309023464658,230.57007812805094,51.741541236977916,0.0,0.8532857457399369,0.8532857457399369,1500.0,6.0,6000.0,0.044,0.0,0.0,0.24,1.0,0.8166666666666667,0.196,0.0,0.18333333333333332,0.0,0.0,76.0,24.0,0.0,0.0,88,352.0,0.6642475250113777,0.7749415216771905,0.196,1.0,250,250.0
deadline_greedy,congested,100,250.0,250,32.90618080133572,45.22195500030648,53.2414129906101,57.1629999903962,32.90618080133572,0.0,0.8127137591838837,0.8127137591838837,0.0,0.0,0.0,0.0,0.0,0.0,0.0,0.0,0.0,0.0,0.0,0.0,0.0,0.0,100.0,0.0,0.0,0.0,0,0.0,0.6419094815733344,0.764562622444788,0.0,1.0,250,250.0
confidence_deadline,congested,100,250.0,250,32.90618080133572,45.22195500030648,53.2414129906101,57.1629999903962,32.90618080133572,0.0,0.8127137591838837,0.8127137591838837,0.0,0.0,0.0,0.0,0.0,0.0,0.0,0.0,0.0,0.0,0.0,0.0,0.0,0.0,100.0,0.0,0.0,0.0,0,0.0,0.6419094815733344,0.764562622444788,0.0,1.0,250,250.0
oracle_feasible,congested,100,250.0,250,105.53299299708443,224.2056921400088,232.92829727105794,241.7787511871662,105.53299299708443,0.0,0.8751220945119857,0.8751220945119857,5375.0,21.5,21500.0,0.188,0.0,0.0,0.86,1.0,0.7813953488372093,0.672,0.0,0.2186046511627907,0.0,0.0,14.000000000000002,86.0,0.0,0.0,57,228.0,0.70606692036698,0.8046722651022015,0.672,1.0,250,250.0
local_only,congested,101,250.0,250,32.90618080133572,45.22195500030648,53.2414129906101,57.1629999903962,32.90618080133572,0.0,0.8127137591838837,0.8127137591838837,0.0,0.0,0.0,0.0,0.0,0.0,0.0,0.0,0.0,0.0,0.0,0.0,0.0,0.0,100.0,0.0,0.0,0.0,0,0.0,0.6419094815733344,0.764562622444788,0.0,1.0,250,250.0
edge_only,congested,101,250.0,250,134.71213030837538,233.10302416937535,241.51417453897756,249.75073129150366,134.71213030837538,0.0,0.8623064000606537,0.8623064000606537,6250.0,25.0,25000.0,0.34,0.0,0.0,1.0,0.948,0.66,0.66,0.0,0.288,0.052,0.0,0.0,100.0,0.0,0.0,0,0.0,0.6994414675899486,0.7985626457760215,0.66,1.0,250,250.0
cloud_only,congested,101,250.0,250,282.9061808013357,295.2219550003065,303.2414129906101,307.1629999903962,282.9061808013357,1.0,0.8127137591838837,0.0,8750.0,35.0,35000.0,1.0,0.0,0.0,1.0,0.912,0.0,0.0,0.0,0.912,0.088,0.0,0.0,100.0,0.0,0.0,0,0.0,0.0,0.0,0.0,0.0,250,250.0
dapper,congested,101,250.0,250,54.263666227231,208.9866501893116,230.8958622405712,245.42586922902703,54.263666227231,0.0,0.8489921290874481,0.8489921290874481,1500.0,6.0,6000.0,0.056,0.0,0.0,0.24,0.9666666666666667,0.7666666666666667,0.184,0.0,0.2,0.03333333333333333,0.0,76.0,24.0,0.0,0.0,88,352.0,0.6581072652711181,0.7738391208932611,0.184,1.0,250,250.0
deadline_greedy,congested,101,250.0,250,32.90618080133572,45.22195500030648,53.2414129906101,57.1629999903962,32.90618080133572,0.0,0.8127137591838837,0.8127137591838837,0.0,0.0,0.0,0.0,0.0,0.0,0.0,0.0,0.0,0.0,0.0,0.0,0.0,0.0,100.0,0.0,0.0,0.0,0,0.0,0.6419094815733344,0.764562622444788,0.0,1.0,250,250.0
confidence_deadline,congested,101,250.0,250,32.90618080133572,45.22195500030648,53.2414129906101,57.1629999903962,32.90618080133572,0.0,0.8127137591838837,0.8127137591838837,0.0,0.0,0.0,0.0,0.0,0.0,0.0,0.0,0.0,0.0,0.0,0.0,0.0,0.0,100.0,0.0,0.0,0.0,0,0.0,0.6419094815733344,0.764562622444788,0.0,1.0,250,250.0
oracle_feasible,congested,101,250.0,250,115.97946368037366,230.9533673539793,240.425063453739,249.75073129150366,115.97946368037366,0.0,0.8682442889213562,0.8682442889213562,5275.0,21.1,21100.0,0.26,0.0,0.0,0.844,1.0,0.6919431279620853,0.584,0.0,0.3080568720379147,0.0,0.0,15.6,84.39999999999999,0.0,0.0,65,260.0,0.6993420066735067,0.7932711220131603,0.584,1.0,250,250.0
local_only,congested,102,250.0,250,32.90618080133572,45.22195500030648,53.2414129906101,57.1629999903962,32.90618080133572,0.0,0.8127137591838837,0.8127137591838837,0.0,0.0,0.0,0.0,0.0,0.0,0.0,0.0,0.0,0.0,0.0,0.0,0.0,0.0,100.0,0.0,0.0,0.0,0,0.0,0.6419094815733344,0.764562622444788,0.0,1.0,250,250.0
edge_only,congested,102,250.0,250,137.85384893689795,230.01159515028473,238.47777737885392,246.95583974637714,137.85384893689795,0.0,0.8567427550554275,0.8567427550554275,6250.0,25.0,25000.0,0.372,0.0,0.0,1.0,0.96,0.628,0.628,0.0,0.332,0.04,0.0,0.0,100.0,0.0,0.0,0,0.0,0.6952813450777976,0.8078610614438639,0.628,1.0,250,250.0
cloud_only,congested,102,250.0,250,282.9061808013357,295.2219550003065,303.2414129906101,307.1629999903962,282.9061808013357,1.0,0.8127137591838837,0.0,8750.0,35.0,35000.0,1.0,0.0,0.0,1.0,0.948,0.0,0.0,0.0,0.948,0.052,0.0,0.0,100.0,0.0,0.0,0,0.0,0.0,0.0,0.0,0.0,250,250.0
dapper,congested,102,250.0,250,58.06907160553738,219.00683026065343,228.6697116934041,232.3378414197741,58.06907160553738,0.0,0.8425710400342942,0.8425710400342942,1500.0,6.0,6000.0,0.092,0.0,0.0,0.24,0.9666666666666667,0.6166666666666667,0.148,0.0,0.35,0.03333333333333333,0.0,76.0,24.0,0.0,0.0,88,352.0,0.6646362696001225,0.7750231809945186,0.148,1.0,250,250.0
deadline_greedy,congested,102,250.0,250,32.90618080133572,45.22195500030648,53.2414129906101,57.1629999903962,32.90618080133572,0.0,0.8127137591838837,0.8127137591838837,0.0,0.0,0.0,0.0,0.0,0.0,0.0,0.0,0.0,0.0,0.0,0.0,0.0,0.0,100.0,0.0,0.0,0.0,0,0.0,0.6419094815733344,0.764562622444788,0.0,1.0,250,250.0
confidence_deadline,congested,102,250.0,250,32.90618080133572,45.22195500030648,53.2414129906101,57.1629999903962,32.90618080133572,0.0,0.8127137591838837,0.8127137591838837,0.0,0.0,0.0,0.0,0.0,0.0,0.0,0.0,0.0,0.0,0.0,0.0,0.0,0.0,100.0,0.0,0.0,0.0,0,0.0,0.6419094815733344,0.764562622444788,0.0,1.0,250,250.0
oracle_feasible,congested,102,250.0,250,119.65235206835155,229.30991847464955,238.47022335686646,246.95583974637714,119.65235206835155,0.0,0.862395478606224,0.862395478606224,5350.0,21.4,21400.0,0.292,0.0,0.0,0.856,1.0,0.6588785046728972,0.564,0.0,0.3411214953271028,0.0,0.0,14.399999999999999,85.6,0.0,0.0,57,228.0,0.6975390270184985,0.8035494494889398,0.564,1.0,250,250.0
local_only,congested,103,250.0,250,32.90618080133572,45.22195500030648,53.2414129906101,57.1629999903962,32.90618080133572,0.0,0.8127137591838837,0.8127137591838837,0.0,0.0,0.0,0.0,0.0,0.0,0.0,0.0,0.0,0.0,0.0,0.0,0.0,0.0,100.0,0.0,0.0,0.0,0,0.0,0.6419094815733344,0.764562622444788,0.0,1.0,250,250.0
edge_only,congested,103,250.0,250,133.52157013711843,231.15107401449148,237.85422140170218,242.4430953327104,133.52157013711843,0.0,0.8619150496721267,0.8619150496721267,6250.0,25.0,25000.0,0.332,0.0,0.0,1.0,0.96,0.668,0.668,0.0,0.292,0.04,0.0,0.0,100.0,0.0,0.0,0,0.0,0.7037834895858405,0.8060808883261112,0.668,1.0,250,250.0
cloud_only,congested,103,250.0,250,282.9061808013357,295.2219550003065,303.2414129906101,307.1629999903962,282.9061808013357,1.0,0.8127137591838837,0.0,8750.0,35.0,35000.0,1.0,0.0,0.0,1.0,0.964,0.0,0.0,0.0,0.964,0.036,0.0,0.0,100.0,0.0,0.0,0,0.0,0.0,0.0,0.0,0.0,250,250.0
dapper,congested,103,250.0,250,57.69853110087786,218.59264168454507,236.41270406526405,240.2367994037141,57.69853110087786,0.0,0.8442944802045822,0.8442944802045822,1500.0,6.0,6000.0,0.084,0.0,0.0,0.24,0.9666666666666667,0.65,0.156,0.0,0.31666666666666665,0.03333333333333333,0.0,76.0,24.0,0.0,0.0,88,352.0,0.6600541184179712,0.7734308243066205,0.156,1.0,250,250.0
deadline_greedy,congested,103,250.0,250,32.90618080133572,45.22195500030648,53.2414129906101,57.1629999903962,32.90618080133572,0.0,0.8127137591838837,0.8127137591838837,0.0,0.0,0.0,0.0,0.0,0.0,0.0,0.0,0.0,0.0,0.0,0.0,0.0,0.0,100.0,0.0,0.0,0.0,0,0.0,0.6419094815733344,0.764562622444788,0.0,1.0,250,250.0
confidence_deadline,congested,103,250.0,250,32.90618080133572,45.22195500030648,53.2414129906101,57.1629999903962,32.90618080133572,0.0,0.8127137591838837,0.8127137591838837,0.0,0.0,0.0,0.0,0.0,0.0,0.0,0.0,0.0,0.0,0.0,0.0,0.0,0.0,100.0,0.0,0.0,0.0,0,0.0,0.6419094815733344,0.764562622444788,0.0,1.0,250,250.0
oracle_feasible,congested,103,250.0,250,114.9807948334208,230.38874446584873,237.85422140170218,242.4430953327104,114.9807948334208,0.0,0.8638734732866287,0.8638734732866287,5400.0,21.6,21600.0,0.248,0.0,0.0,0.864,1.0,0.7129629629629629,0.616,0.0,0.28703703703703703,0.0,0.0,13.600000000000001,86.4,0.0,0.0,57,228.0,0.7007569610002256,0.8022592322751559,0.616,1.0,250,250.0
local_only,congested,104,250.0,250,32.90618080133572,45.22195500030648,53.2414129906101,57.1629999903962,32.90618080133572,0.0,0.8127137591838837,0.8127137591838837,0.0,0.0,0.0,0.0,0.0,0.0,0.0,0.0,0.0,0.0,0.0,0.0,0.0,0.0,100.0,0.0,0.0,0.0,0,0.0,0.6419094815733344,0.764562622444788,0.0,1.0,250,250.0
edge_only,congested,104,250.0,250,135.08372961240528,232.15051506646682,243.4215859653427,253.2487688805723,135.08372961240528,0.004,0.8569956096410751,0.8533249784708024,6250.0,25.0,25000.0,0.348,0.0,0.0,1.0,0.948,0.652,0.652,0.0,0.296,0.052,0.0,0.0,100.0,0.0,0.0,0,0.0,0.6997944230967741,0.7834233971972825,0.652,0.996,250,250.0
cloud_only,congested,104,250.0,250,282.9061808013357,295.2219550003065,303.2414129906101,307.1629999903962,282.9061808013357,1.0,0.8127137591838837,0.0,8750.0,35.0,35000.0,1.0,0.0,0.0,1.0,0.936,0.0,0.0,0.0,0.936,0.064,0.0,0.0,100.0,0.0,0.0,0,0.0,0.0,0.0,0.0,0.0,250,250.0
dapper,congested,104,250.0,250,58.638729829276734,217.53532107079505,233.77216020581193,240.69465959776417,58.638729829276734,0.0,0.8425458692312241,0.8425458692312241,1500.0,6.0,6000.0,0.092,0.0,0.0,0.24,0.8833333333333333,0.6166666666666667,0.148,0.0,0.26666666666666666,0.11666666666666667,0.0,76.0,24.0,0.0,0.0,88,352.0,0.6627141916780445,0.7738799505519253,0.148,1.0,250,250.0
deadline_greedy,congested,104,250.0,250,32.90618080133572,45.22195500030648,53.2414129906101,57.1629999903962,32.90618080133572,0.0,0.8127137591838837,0.8127137591838837,0.0,0.0,0.0,0.0,0.0,0.0,0.0,0.0,0.0,0.0,0.0,0.0,0.0,0.0,100.0,0.0,0.0,0.0,0,0.0,0.6419094815733344,0.764562622444788,0.0,1.0,250,250.0
confidence_deadline,congested,104,250.0,250,32.90618080133572,45.22195500030648,53.2414129906101,57.1629999903962,32.90618080133572,0.0,0.8127137591838837,0.8127137591838837,0.0,0.0,0.0,0.0,0.0,0.0,0.0,0.0,0.0,0.0,0.0,0.0,0.0,0.0,100.0,0.0,0.0,0.0,0,0.0,0.6419094815733344,0.764562622444788,0.0,1.0,250,250.0
oracle_feasible,congested,104,250.0,250,117.30672194537253,229.4678473434937,243.4215859653427,253.2487688805723,117.30672194537253,0.004,0.8606758996248245,0.8570052684545517,5300.0,21.2,21200.0,0.276,0.0,0.0,0.848,1.0,0.6745283018867925,0.572,0.0,0.32547169811320753,0.0,0.0,15.2,84.8,0.0,0.0,65,260.0,0.6954036087968735,0.7813165868102174,0.572,0.996,250,250.0
local_only,congested,105,250.0,250,32.90618080133572,45.22195500030648,53.2414129906101,57.1629999903962,32.90618080133572,0.0,0.8127137591838837,0.8127137591838837,0.0,0.0,0.0,0.0,0.0,0.0,0.0,0.0,0.0,0.0,0.0,0.0,0.0,0.0,100.0,0.0,0.0,0.0,0,0.0,0.6419094815733344,0.764562622444788,0.0,1.0,250,250.0
edge_only,congested,105,250.0,250,136.2405151308445,234.4333171589536,240.3836014631724,245.20651326003468,136.2405151308445,0.0,0.8552031605243683,0.8552031605243683,6250.0,25.0,25000.0,0.364,0.0,0.0,1.0,0.932,0.636,0.636,0.0,0.296,0.068,0.0,0.0,100.0,0.0,0.0,0,0.0,0.6999952840806539,0.8027491881791246,0.636,1.0,250,250.0
cloud_only,congested,105,250.0,250,282.9061808013357,295.2219550003065,303.2414129906101,307.1629999903962,282.9061808013357,1.0,0.8127137591838837,0.0,8750.0,35.0,35000.0,1.0,0.0,0.0,1.0,0.96,0.0,0.0,0.0,0.96,0.04,0.0,0.0,100.0,0.0,0.0,0,0.0,0.0,0.0,0.0,0.0,250,250.0
dapper,congested,105,250.0,250,59.07382282167158,217.63397845099675,230.14124088665184,243.3859122625474,59.07382282167158,0.0,0.8410374319553375,0.8410374319553375,1500.0,6.0,6000.0,0.096,0.0,0.0,0.24,0.9166666666666666,0.6,0.144,0.0,0.31666666666666665,0.08333333333333333,0.0,76.0,24.0,0.0,0.0,88,352.0,0.6587237154875684,0.7712260227387616,0.144,1.0,250,250.0
deadline_greedy,congested,105,250.0,250,32.90618080133572,45.22195500030648,53.2414129906101,57.1629999903962,32.90618080133572,0.0,0.8127137591838837,0.8127137591838837,0.0,0.0,0.0,0.0,0.0,0.0,0.0,0.0,0.0,0.0,0.0,0.0,0.0,0.0,100.0,0.0,0.0,0.0,0,0.0,0.6419094815733344,0.764562622444788,0.0,1.0,250,250.0
confidence_deadline,congested,105,250.0,250,32.90618080133572,45.22195500030648,53.2414129906101,57.1629999903962,32.90618080133572,0.0,0.8127137591838837,0.8127137591838837,0.0,0.0,0.0,0.0,0.0,0.0,0.0,0.0,0.0,0.0,0.0,0.0,0.0,0.0,100.0,0.0,0.0,0.0,0,0.0,0.6419094815733344,0.764562622444788,0.0,1.0,250,250.0
oracle_feasible,congested,105,250.0,250,113.09425667850053,228.8251217405308,239.2047867106258,245.20651326003468,113.09425667850053,0.0,0.8589615190029144,0.8589615190029144,5150.0,20.6,20600.0,0.26,0.0,0.0,0.824,1.0,0.6844660194174758,0.564,0.0,0.3155339805825243,0.0,0.0,17.599999999999998,82.39999999999999,0.0,0.0,69,276.0,0.6964110735543382,0.7974576644162632,0.564,1.0,250,250.0
local_only,congested,106,250.0,250,32.90618080133572,45.22195500030648,53.2414129906101,57.1629999903962,32.90618080133572,0.0,0.8127137591838837,0.8127137591838837,0.0,0.0,0.0,0.0,0.0,0.0,0.0,0.0,0.0,0.0,0.0,0.0,0.0,0.0,100.0,0.0,0.0,0.0,0,0.0,0.6419094815733344,0.764562622444788,0.0,1.0,250,250.0
edge_only,congested,106,250.0,250,132.9715258290452,231.62414618321318,238.17192748995862,259.523538093105,132.9715258290452,0.004,0.8625880664587021,0.859816948056221,6250.0,25.0,25000.0,0.328,0.0,0.0,1.0,0.98,0.672,0.672,0.0,0.308,0.02,0.0,0.0,100.0,0.0,0.0,0,0.0,0.6934081593605104,0.8129473233772596,0.672,0.996,250,250.0
cloud_only,congested,106,250.0,250,282.9061808013357,295.2219550003065,303.2414129906101,307.1629999903962,282.9061808013357,1.0,0.8127137591838837,0.0,8750.0,35.0,35000.0,1.0,0.0,0.0,1.0,0.964,0.0,0.0,0.0,0.964,0.036,0.0,0.0,100.0,0.0,0.0,0,0.0,0.0,0.0,0.0,0.0,250,250.0
dapper,congested,106,250.0,250,57.177382136298185,217.55356283028334,230.67849825412583,259.523538093105,57.177382136298185,0.004,0.8446134966611862,0.8418423782587051,1500.0,6.0,6000.0,0.08,0.0,0.0,0.24,1.0,0.6666666666666666,0.16,0.0,0.3333333333333333,0.0,0.0,76.0,24.0,0.0,0.0,88,352.0,0.6518445946084475,0.7791878061782521,0.16,0.996,250,250.0
deadline_greedy,congested,106,250.0,250,32.90618080133572,45.22195500030648,53.2414129906101,57.1629999903962,32.90618080133572,0.0,0.8127137591838837,0.8127137591838837,0.0,0.0,0.0,0.0,0.0,0.0,0.0,0.0,0.0,0.0,0.0,0.0,0.0,0.0,100.0,0.0,0.0,0.0,0,0.0,0.6419094815733344,0.764562622444788,0.0,1.0,250,250.0
confidence_deadline,congested,106,250.0,250,32.90618080133572,45.22195500030648,53.2414129906101,57.1629999903962,32.90618080133572,0.0,0.8127137591838837,0.8127137591838837,0.0,0.0,0.0,0.0,0.0,0.0,0.0,0.0,0.0,0.0,0.0,0.0,0.0,0.0,100.0,0.0,0.0,0.0,0,0.0,0.6419094815733344,0.764562622444788,0.0,1.0,250,250.0
oracle_feasible,congested,106,250.0,250,118.74269283967605,228.1109698090835,237.51953441294216,259.523538093105,118.74269283967605,0.004,0.8644055935144425,0.8616344751119613,5475.0,21.9,21900.0,0.272,0.0,0.0,0.876,1.0,0.6894977168949772,0.604,0.0,0.3105022831050228,0.0,0.0,12.4,87.6,0.0,0.0,53,212.0,0.6892673450606096,0.8076557996143984,0.604,0.996,250,250.0
local_only,congested,107,250.0,250,32.90618080133572,45.22195500030648,53.2414129906101,57.1629999903962,32.90618080133572,0.0,0.8127137591838837,0.8127137591838837,0.0,0.0,0.0,0.0,0.0,0.0,0.0,0.0,0.0,0.0,0.0,0.0,0.0,0.0,100.0,0.0,0.0,0.0,0,0.0,0.6419094815733344,0.764562622444788,0.0,1.0,250,250.0
edge_only,congested,107,250.0,250,125.69374857181846,229.75389829793875,240.03594701062704,248.86982585090055,125.69374857181846,0.0,0.8578323278427123,0.8578323278427123,6250.0,25.0,25000.0,0.284,0.0,0.0,1.0,0.936,0.716,0.716,0.0,0.22,0.064,0.0,0.0,100.0,0.0,0.0,0,0.0,0.6994297858183437,0.8086939864806106,0.716,1.0,250,250.0
cloud_only,congested,107,250.0,250,282.9061808013357,295.2219550003065,303.2414129906101,307.1629999903962,282.9061808013357,1.0,0.8127137591838837,0.0,8750.0,35.0,35000.0,1.0,0.0,0.0,1.0,0.952,0.0,0.0,0.0,0.952,0.048,0.0,0.0,100.0,0.0,0.0,0,0.0,0.0,0.0,0.0,0.0,250,250.0
dapper,congested,107,250.0,250,55.360824532304775,213.90030221860832,233.58937617136996,240.74347543764878,55.360824532304775,0.0,0.8413675615787506,0.8413675615787506,1500.0,6.0,6000.0,0.068,0.0,0.0,0.24,0.9833333333333333,0.7166666666666667,0.172,0.0,0.26666666666666666,0.016666666666666666,0.0,76.0,24.0,0.0,0.0,88,352.0,0.6532475250113777,0.7717159786427302,0.172,1.0,250,250.0
deadline_greedy,congested,107,250.0,250,32.90618080133572,45.22195500030648,53.2414129906101,57.1629999903962,32.90618080133572,0.0,0.8127137591838837,0.8127137591838837,0.0,0.0,0.0,0.0,0.0,0.0,0.0,0.0,0.0,0.0,0.0,0.0,0.0,0.0,100.0,0.0,0.0,0.0,0,0.0,0.6419094815733344,0.764562622444788,0.0,1.0,250,250.0
confidence_deadline,congested,107,250.0,250,32.90618080133572,45.22195500030648,53.2414129906101,57.1629999903962,32.90618080133572,0.0,0.8127137591838837,0.8127137591838837,0.0,0.0,0.0,0.0,0.0,0.0,0.0,0.0,0.0,0.0,0.0,0.0,0.0,0.0,100.0,0.0,0.0,0.0,0,0.0,0.6419094815733344,0.764562622444788,0.0,1.0,250,250.0
oracle_feasible,congested,107,250.0,250,104.60198428130262,227.15008197683238,239.0316508512269,248.86982585090055,104.60198428130262,0.0,0.863615033864975,0.863615033864975,5175.0,20.7,20700.0,0.192,0.0,0.0,0.828,1.0,0.7681159420289855,0.636,0.0,0.2318840579710145,0.0,0.0,17.2,82.8,0.0,0.0,67,268.0,0.698788971518443,0.8034024627177494,0.636,1.0,250,250.0
local_only,congested,108,250.0,250,32.90618080133572,45.22195500030648,53.2414129906101,57.1629999903962,32.90618080133572,0.0,0.8127137591838837,0.8127137591838837,0.0,0.0,0.0,0.0,0.0,0.0,0.0,0.0,0.0,0.0,0.0,0.0,0.0,0.0,100.0,0.0,0.0,0.0,0,0.0,0.6419094815733344,0.764562622444788,0.0,1.0,250,250.0
edge_only,congested,108,250.0,250,142.18130404958006,232.7231771410737,238.71520525840043,243.90553525916656,142.18130404958006,0.0,0.852405685544014,0.852405685544014,6250.0,25.0,25000.0,0.4,0.0,0.0,1.0,0.948,0.6,0.6,0.0,0.348,0.052,0.0,0.0,100.0,0.0,0.0,0,0.0,0.6970566763282531,0.8012466567402874,0.6,1.0,250,250.0
cloud_only,congested,108,250.0,250,282.9061808013357,295.2219550003065,303.2414129906101,307.1629999903962,282.9061808013357,1.0,0.8127137591838837,0.0,8750.0,35.0,35000.0,1.0,0.0,0.0,1.0,0.948,0.0,0.0,0.0,0.948,0.052,0.0,0.0,100.0,0.0,0.0,0,0.0,0.0,0.0,0.0,0.0,250,250.0
dapper,congested,108,250.0,250,60.677889153659905,220.9578668314279,233.73450991858968,243.801602819889,60.677889153659905,0.0,0.8381992238759994,0.8381992238759994,1500.0,6.0,6000.0,0.108,0.0,0.0,0.24,0.9166666666666666,0.55,0.132,0.0,0.36666666666666664,0.08333333333333333,0.0,76.0,24.0,0.0,0.0,88,352.0,0.6527172219810747,0.772287593864027,0.132,1.0,250,250.0
deadline_greedy,congested,108,250.0,250,32.90618080133572,45.22195500030648,53.2414129906101,57.1629999903962,32.90618080133572,0.0,0.8127137591838837,0.8127137591838837,0.0,0.0,0.0,0.0,0.0,0.0,0.0,0.0,0.0,0.0,0.0,0.0,0.0,0.0,100.0,0.0,0.0,0.0,0,0.0,0.6419094815733344,0.764562622444788,0.0,1.0,250,250.0
confidence_deadline,congested,108,250.0,250,32.90618080133572,45.22195500030648,53.2414129906101,57.1629999903962,32.90618080133572,0.0,0.8127137591838837,0.8127137591838837,0.0,0.0,0.0,0.0,0.0,0.0,0.0,0.0,0.0,0.0,0.0,0.0,0.0,0.0,100.0,0.0,0.0,0.0,0,0.0,0.6419094815733344,0.764562622444788,0.0,1.0,250,250.0
oracle_feasible,congested,108,250.0,250,122.96324846488196,229.28233895706433,238.71520525840043,243.90553525916656,122.96324846488196,0.0,0.8556926554441452,0.8556926554441452,5300.0,21.2,21200.0,0.316,0.0,0.0,0.848,1.0,0.6273584905660378,0.532,0.0,0.37264150943396224,0.0,0.0,15.2,84.8,0.0,0.0,59,236.0,0.6937224658019372,0.7959551329774259,0.532,1.0,250,250.0
local_only,congested,109,250.0,250,32.90618080133572,45.22195500030648,53.2414129906101,57.1629999903962,32.90618080133572,0.0,0.8127137591838837,0.8127137591838837,0.0,0.0,0.0,0.0,0.0,0.0,0.0,0.0,0.0,0.0,0.0,0.0,0.0,0.0,100.0,0.0,0.0,0.0,0,0.0,0.6419094815733344,0.764562622444788,0.0,1.0,250,250.0
edge_only,congested,109,250.0,250,117.75495170520215,225.28122580598455,233.9156718321507,236.3438890865307,117.75495170520215,0.0,0.8632049815654754,0.8632049815654754,6250.0,25.0,25000.0,0.228,0.0,0.0,1.0,0.944,0.772,0.772,0.0,0.172,0.056,0.0,0.0,100.0,0.0,0.0,0,0.0,0.7091454606663715,0.8009159365051085,0.772,1.0,250,250.0
cloud_only,congested,109,250.0,250,282.9061808013357,295.2219550003065,303.2414129906101,307.1629999903962,282.9061808013357,1.0,0.8127137591838837,0.0,8750.0,35.0,35000.0,1.0,0.0,0.0,1.0,0.952,0.0,0.0,0.0,0.952,0.048,0.0,0.0,100.0,0.0,0.0,0,0.0,0.0,0.0,0.0,0.0,250,250.0
dapper,congested,109,250.0,250,53.921396346724684,208.0030733357826,223.95517048964365,227.30789597813958,53.921396346724684,0.0,0.8453677906990051,0.8453677906990051,1500.0,6.0,6000.0,0.06,0.0,0.0,0.24,0.9333333333333333,0.75,0.18,0.0,0.18333333333333332,0.06666666666666667,0.0,76.0,24.0,0.0,0.0,88,352.0,0.6571219838858366,0.7675105238003327,0.18,1.0,250,250.0
deadline_greedy,congested,109,250.0,250,32.90618080133572,45.22195500030648,53.2414129906101,57.1629999903962,32.90618080133572,0.0,0.8127137591838837,0.8127137591838837,0.0,0.0,0.0,0.0,0.0,0.0,0.0,0.0,0.0,0.0,0.0,0.0,0.0,0.0,100.0,0.0,0.0,0.0,0,0.0,0.6419094815733344,0.764562622444788,0.0,1.0,250,250.0
confidence_deadline,congested,109,250.0,250,32.90618080133572,45.22195500030648,53.2414129906101,57.1629999903962,32.90618080133572,0.0,0.8127137591838837,0.8127137591838837,0.0,0.0,0.0,0.0,0.0,0.0,0.0,0.0,0.0,0.0,0.0,0.0,0.0,0.0,100.0,0.0,0.0,0.0,0,0.0,0.6419094815733344,0.764562622444788,0.0,1.0,250,250.0
oracle_feasible,congested,109,250.0,250,99.97203556708375,221.70208233905203,231.91767212469568,235.19084097388782,99.97203556708375,0.0,0.8692624943256378,0.8692624943256378,5250.0,21.0,21000.0,0.156,0.0,0.0,0.84,1.0,0.8142857142857143,0.684,0.0,0.18571428571428572,0.0,0.0,16.0,84.0,0.0,0.0,59,236.0,0.7076475035093279,0.7962613554174065,0.684,1.0,250,250.0
local_only,lossy,100,250.0,250,32.90618080133572,45.22195500030648,53.2414129906101,57.1629999903962,32.90618080133572,0.0,0.8127137591838837,0.8127137591838837,0.0,0.0,0.0,0.0,0.0,0.0,0.0,0.0,0.0,0.0,0.0,0.0,0.0,0.0,100.0,0.0,0.0,0.0,0,0.0,0.6419094815733344,0.764562622444788,0.0,1.0,250,250.0
edge_only,lossy,100,250.0,250,89.4019872051555,179.61932165207034,190.63222925107692,198.66347365375935,89.4019872051555,0.0,0.8671110632419586,0.8671110632419586,6250.0,25.0,25000.0,0.244,0.0,0.0,1.0,0.772,0.756,0.756,0.0,0.016,0.228,0.0,0.0,100.0,0.0,0.0,0,0.0,0.7144867602965722,0.8060746666638386,0.756,1.0,250,250.0
cloud_only,lossy,100,250.0,250,281.5950685718289,293.0214650269305,303.1569194851677,307.1629999903962,281.5950685718289,1.0,0.8127137591838837,0.0,8750.0,35.0,35000.0,1.0,0.0,0.0,1.0,0.784,0.0,0.0,0.0,0.784,0.216,0.0,0.0,100.0,0.0,0.0,0,0.0,0.0,0.0,0.0,0.0,250,250.0
dapper,lossy,100,250.0,250,45.7007155874949,135.03822330553342,175.99467758818435,181.520264488968,45.7007155874949,0.0,0.8501754496097564,0.8501754496097564,1500.0,6.0,6000.0,0.052,0.0,0.0,0.24,0.7833333333333333,0.7833333333333333,0.188,0.0,0.0,0.21666666666666667,0.0,76.0,24.0,0.0,0.0,88,352.0,0.6605094297732826,0.7696336660508636,0.188,1.0,250,250.0
deadline_greedy,lossy,100,250.0,250,32.90618080133572,45.22195500030648,53.2414129906101,57.1629999903962,32.90618080133572,0.0,0.8127137591838837,0.8127137591838837,0.0,0.0,0.0,0.0,0.0,0.0,0.0,0.0,0.0,0.0,0.0,0.0,0.0,0.0,100.0,0.0,0.0,0.0,0,0.0,0.6419094815733344,0.764562622444788,0.0,1.0,250,250.0
confidence_deadline,lossy,100,250.0,250,32.90618080133572,45.22195500030648,53.2414129906101,57.1629999903962,32.90618080133572,0.0,0.8127137591838837,0.8127137591838837,0.0,0.0,0.0,0.0,0.0,0.0,0.0,0.0,0.0,0.0,0.0,0.0,0.0,0.0,100.0,0.0,0.0,0.0,0,0.0,0.6419094815733344,0.764562622444788,0.0,1.0,250,250.0
oracle_feasible,lossy,100,250.0,250,55.313637734411735,73.1425572752779,185.8339666882925,198.66347365375935,55.313637734411735,0.0,0.872371673822403,0.872371673822403,4350.0,17.4,17400.0,0.016,0.0,0.0,0.696,1.0,0.9770114942528736,0.68,0.0,0.022988505747126436,0.0,0.0,30.4,69.6,0.0,0.0,103,412.0,0.7152954069131137,0.8014200855761365,0.68,1.0,250,250.0
local_only,lossy,101,250.0,250,32.90618080133572,45.22195500030648,53.2414129906101,57.1629999903962,32.90618080133572,0.0,0.8127137591838837,0.8127137591838837,0.0,0.0,0.0,0.0,0.0,0.0,0.0,0.0,0.0,0.0,0.0,0.0,0.0,0.0,100.0,0.0,0.0,0.0,0,0.0,0.6419094815733344,0.764562622444788,0.0,1.0,250,250.0
edge_only,lossy,101,250.0,250,84.82314903327322,174.58080838713187,188.83507433640972,195.13778681578688,84.82314903327322,0.0,0.8650777592658997,0.8650777592658997,6250.0,25.0,25000.0,0.216,0.0,0.0,1.0,0.796,0.784,0.784,0.0,0.012,0.204,0.0,0.0,100.0,0.0,0.0,0,0.0,0.7073330455853966,0.814196074626011,0.784,1.0,250,250.0
cloud_only,lossy,101,250.0,250,281.05319901437827,293.95205503096804,301.54969734291245,304.7997000394389,281.05319901437827,1.0,0.8127137591838837,0.0,8750.0,35.0,35000.0,1.0,0.0,0.0,1.0,0.812,0.0,0.0,0.0,0.812,0.188,0.0,0.0,100.0,0.0,0.0,0,0.0,0.0,0.0,0.0,0.0,250,250.0
dapper,lossy,101,250.0,250,45.71061070174214,164.6122982101658,173.6746819031567,189.62488099106716,45.71061070174214,0.0,0.8469188323020935,0.8469188323020935,1500.0,6.0,6000.0,0.056,0.0,0.0,0.24,0.7666666666666667,0.7666666666666667,0.184,0.0,0.0,0.23333333333333334,0.0,76.0,24.0,0.0,0.0,88,352.0,0.6585522869161398,0.7739207802105891,0.184,1.0,250,250.0
deadline_greedy,lossy,101,250.0,250,32.90618080133572,45.22195500030648,53.2414129906101,57.1629999903962,32.90618080133572,0.0,0.8127137591838837,0.8127137591838837,0.0,0.0,0.0,0.0,0.0,0.0,0.0,0.0,0.0,0.0,0.0,0.0,0.0,0.0,100.0,0.0,0.0,0.0,0,0.0,0.6419094815733344,0.764562622444788,0.0,1.0,250,250.0
confidence_deadline,lossy,101,250.0,250,32.90618080133572,45.22195500030648,53.2414129906101,57.1629999903962,32.90618080133572,0.0,0.8127137591838837,0.8127137591838837,0.0,0.0,0.0,0.0,0.0,0.0,0.0,0.0,0.0,0.0,0.0,0.0,0.0,0.0,100.0,0.0,0.0,0.0,0,0.0,0.6419094815733344,0.764562622444788,0.0,1.0,250,250.0
oracle_feasible,lossy,101,250.0,250,53.66294691445129,73.06390783313127,142.39517370985376,195.13778681578688,53.66294691445129,0.0,0.8716814975738525,0.8716814975738525,4375.0,17.5,17500.0,0.012,0.0,0.0,0.7,1.0,0.9828571428571429,0.688,0.0,0.017142857142857144,0.0,0.0,30.0,70.0,0.0,0.0,98,392.0,0.7048296771729418,0.8066997492952908,0.688,1.0,250,250.0
local_only,lossy,102,250.0,250,32.90618080133572,45.22195500030648,53.2414129906101,57.1629999903962,32.90618080133572,0.0,0.8127137591838837,0.8127137591838837,0.0,0.0,0.0,0.0,0.0,0.0,0.0,0.0,0.0,0.0,0.0,0.0,0.0,0.0,100.0,0.0,0.0,0.0,0,0.0,0.6419094815733344,0.764562622444788,0.0,1.0,250,250.0
edge_only,lossy,102,250.0,250,80.91104169075922,176.83678414786996,186.90743120970458,194.6400082775385,80.91104169075922,0.0,0.8738575158119202,0.8738575158119202,6250.0,25.0,25000.0,0.172,0.0,0.0,1.0,0.836,0.828,0.828,0.0,0.008,0.164,0.0,0.0,100.0,0.0,0.0,0,0.0,0.7222958195379846,0.813228411715673,0.828,1.0,250,250.0
cloud_only,lossy,102,250.0,250,281.1133180547682,294.00814002146944,301.3442897462412,307.012290599391,281.1133180547682,1.0,0.8127137591838837,0.0,8750.0,35.0,35000.0,1.0,0.0,0.0,1.0,0.804,0.0,0.0,0.0,0.804,0.196,0.0,0.0,100.0,0.0,0.0,0,0.0,0.0,0.0,0.0,0.0,250,250.0
dapper,lossy,102,250.0,250,43.831776232292675,71.03166023835668,181.0232863012018,185.76813151599038,43.831776232292675,0.0,0.8561581289768219,0.8561581289768219,1500.0,6.0,6000.0,0.036,0.0,0.0,0.24,0.85,0.85,0.204,0.0,0.0,0.15,0.0,76.0,24.0,0.0,0.0,88,352.0,0.6721999059637588,0.7749415216771905,0.204,1.0,250,250.0
deadline_greedy,lossy,102,250.0,250,32.90618080133572,45.22195500030648,53.2414129906101,57.1629999903962,32.90618080133572,0.0,0.8127137591838837,0.8127137591838837,0.0,0.0,0.0,0.0,0.0,0.0,0.0,0.0,0.0,0.0,0.0,0.0,0.0,0.0,100.0,0.0,0.0,0.0,0,0.0,0.6419094815733344,0.764562622444788,0.0,1.0,250,250.0
confidence_deadline,lossy,102,250.0,250,32.90618080133572,45.22195500030648,53.2414129906101,57.1629999903962,32.90618080133572,0.0,0.8127137591838837,0.8127137591838837,0.0,0.0,0.0,0.0,0.0,0.0,0.0,0.0,0.0,0.0,0.0,0.0,0.0,0.0,100.0,0.0,0.0,0.0,0,0.0,0.6419094815733344,0.764562622444788,0.0,1.0,250,250.0
oracle_feasible,lossy,102,250.0,250,55.748336602587095,72.65313074578991,95.82509844396387,194.6400082775385,55.748336602587095,0.0,0.8787243382930756,0.8787243382930756,4700.0,18.8,18800.0,0.008,0.0,0.0,0.752,1.0,0.9893617021276596,0.744,0.0,0.010638297872340425,0.0,0.0,24.8,75.2,0.0,0.0,93,372.0,0.7165990548991146,0.8089167997607488,0.744,1.0,250,250.0
local_only,lossy,103,250.0,250,32.90618080133572,45.22195500030648,53.2414129906101,57.1629999903962,32.90618080133572,0.0,0.8127137591838837,0.8127137591838837,0.0,0.0,0.0,0.0,0.0,0.0,0.0,0.0,0.0,0.0,0.0,0.0,0.0,0.0,100.0,0.0,0.0,0.0,0,0.0,0.6419094815733344,0.764562622444788,0.0,1.0,250,250.0
edge_only,lossy,103,250.0,250,82.43241536552195,173.75195585586508,185.61618935042813,194.74720229999616,82.43241536552195,0.0,0.8708253948688507,0.8708253948688507,6250.0,25.0,25000.0,0.192,0.0,0.0,1.0,0.82,0.808,0.808,0.0,0.012,0.18,0.0,0.0,100.0,0.0,0.0,0,0.0,0.7177896286249984,0.8111070193076563,0.808,1.0,250,250.0
cloud_only,lossy,103,250.0,250,281.07128005533644,294.1231163730139,302.3123729898361,307.1629999903962,281.07128005533644,1.0,0.8127137591838837,0.0,8750.0,35.0,35000.0,1.0,0.0,0.0,1.0,0.832,0.0,0.0,0.0,0.832,0.168,0.0,0.0,100.0,0.0,0.0,0,0.0,0.0,0.0,0.0,0.0,250,250.0
dapper,lossy,103,250.0,250,45.87627334007142,157.81756074821396,175.9141824426358,189.1168373518251,45.87627334007142,0.0,0.8524330410957336,0.8524330410957336,1500.0,6.0,6000.0,0.056,0.0,0.0,0.24,0.7833333333333333,0.7666666666666667,0.184,0.0,0.016666666666666666,0.21666666666666667,0.0,76.0,24.0,0.0,0.0,88,352.0,0.6659427631066159,0.7747292074521374,0.184,1.0,250,250.0
deadline_greedy,lossy,103,250.0,250,32.90618080133572,45.22195500030648,53.2414129906101,57.1629999903962,32.90618080133572,0.0,0.8127137591838837,0.8127137591838837,0.0,0.0,0.0,0.0,0.0,0.0,0.0,0.0,0.0,0.0,0.0,0.0,0.0,0.0,100.0,0.0,0.0,0.0,0,0.0,0.6419094815733344,0.764562622444788,0.0,1.0,250,250.0
confidence_deadline,lossy,103,250.0,250,32.90618080133572,45.22195500030648,53.2414129906101,57.1629999903962,32.90618080133572,0.0,0.8127137591838837,0.8127137591838837,0.0,0.0,0.0,0.0,0.0,0.0,0.0,0.0,0.0,0.0,0.0,0.0,0.0,0.0,100.0,0.0,0.0,0.0,0,0.0,0.6419094815733344,0.764562622444788,0.0,1.0,250,250.0
oracle_feasible,lossy,103,250.0,250,55.411613419115284,72.09602645450828,140.66920333062365,194.74720229999616,55.411613419115284,0.0,0.8773264529705047,0.8773264529705047,4625.0,18.5,18500.0,0.012,0.0,0.0,0.74,1.0,0.9837837837837838,0.728,0.0,0.016216216216216217,0.0,0.0,26.0,74.0,0.0,0.0,93,372.0,0.7181714354147,0.8079223059318602,0.728,1.0,250,250.0
local_only,lossy,104,250.0,250,32.90618080133572,45.22195500030648,53.2414129906101,57.1629999903962,32.90618080133572,0.0,0.8127137591838837,0.8127137591838837,0.0,0.0,0.0,0.0,0.0,0.0,0.0,0.0,0.0,0.0,0.0,0.0,0.0,0.0,100.0,0.0,0.0,0.0,0,0.0,0.6419094815733344,0.764562622444788,0.0,1.0,250,250.0
edge_only,lossy,104,250.0,250,86.8819153360801,174.82078870885252,189.05648758816233,198.67417177468627,86.8819153360801,0.0,0.8713817073106765,0.8713817073106765,6250.0,25.0,25000.0,0.236,0.0,0.0,1.0,0.776,0.764,0.764,0.0,0.012,0.224,0.0,0.0,100.0,0.0,0.0,0,0.0,0.7247752459138037,0.8204080155513277,0.764,1.0,250,250.0
cloud_only,lossy,104,250.0,250,280.83752817599674,293.1397289519106,301.1872800682646,304.7997000394389,280.83752817599674,1.0,0.8127137591838837,0.0,8750.0,35.0,35000.0,1.0,0.0,0.0,1.0,0.8,0.0,0.0,0.0,0.8,0.2,0.0,0.0,100.0,0.0,0.0,0,0.0,0.0,0.0,0.0,0.0,250,250.0
dapper,lossy,104,250.0,250,44.40625920965894,69.92154296067494,174.5567585798642,187.61074773690876,44.40625920965894,0.0,0.8546236273050308,0.8546236273050308,1500.0,6.0,6000.0,0.044,0.0,0.0,0.24,0.8333333333333334,0.8166666666666667,0.196,0.0,0.016666666666666666,0.16666666666666666,0.0,76.0,24.0,0.0,0.0,88,352.0,0.6684570488209016,0.7760030928024559,0.196,1.0,250,250.0
deadline_greedy,lossy,104,250.0,250,32.90618080133572,45.22195500030648,53.2414129906101,57.1629999903962,32.90618080133572,0.0,0.8127137591838837,0.8127137591838837,0.0,0.0,0.0,0.0,0.0,0.0,0.0,0.0,0.0,0.0,0.0,0.0,0.0,0.0,100.0,0.0,0.0,0.0,0,0.0,0.6419094815733344,0.764562622444788,0.0,1.0,250,250.0
confidence_deadline,lossy,104,250.0,250,32.90618080133572,45.22195500030648,53.2414129906101,57.1629999903962,32.90618080133572,0.0,0.8127137591838837,0.8127137591838837,0.0,0.0,0.0,0.0,0.0,0.0,0.0,0.0,0.0,0.0,0.0,0.0,0.0,0.0,100.0,0.0,0.0,0.0,0,0.0,0.6419094815733344,0.764562622444788,0.0,1.0,250,250.0
oracle_feasible,lossy,104,250.0,250,53.65016848959653,70.09023879827122,138.5007768549192,198.67417177468627,53.65016848959653,0.0,0.8750480185747147,0.8750480185747147,4275.0,17.1,17100.0,0.012,0.0,0.0,0.684,1.0,0.9824561403508771,0.672,0.0,0.017543859649122806,0.0,0.0,31.6,68.4,0.0,0.0,121,484.0,0.718271877501349,0.8129116902206075,0.672,1.0,250,250.0
local_only,lossy,105,250.0,250,32.90618080133572,45.22195500030648,53.2414129906101,57.1629999903962,32.90618080133572,0.0,0.8127137591838837,0.8127137591838837,0.0,0.0,0.0,0.0,0.0,0.0,0.0,0.0,0.0,0.0,0.0,0.0,0.0,0.0,100.0,0.0,0.0,0.0,0,0.0,0.6419094815733344,0.764562622444788,0.0,1.0,250,250.0
edge_only,lossy,105,250.0,250,83.91414801263873,177.63352152810768,190.85031989759798,198.11041540264446,83.91414801263873,0.0,0.8707027344703674,0.8707027344703674,6250.0,25.0,25000.0,0.212,0.0,0.0,1.0,0.804,0.788,0.788,0.0,0.016,0.196,0.0,0.0,100.0,0.0,0.0,0,0.0,0.720667946024151,0.8160234934916464,0.788,1.0,250,250.0
cloud_only,lossy,105,250.0,250,280.5437777317709,294.13656615961895,302.3123729898361,307.1629999903962,280.5437777317709,1.0,0.8127137591838837,0.0,8750.0,35.0,35000.0,1.0,0.0,0.0,1.0,0.768,0.0,0.0,0.0,0.768,0.232,0.0,0.0,100.0,0.0,0.0,0,0.0,0.0,0.0,0.0,0.0,250,250.0
dapper,lossy,105,250.0,250,43.96515866890309,71.7192248860157,175.2482728234113,191.13097281153784,43.96515866890309,0.0,0.8509684417247773,0.8509684417247773,1500.0,6.0,6000.0,0.04,0.0,0.0,0.24,0.85,0.8333333333333334,0.2,0.0,0.016666666666666666,0.15,0.0,76.0,24.0,0.0,0.0,88,352.0,0.6689332392970921,0.7759622631437919,0.2,1.0,250,250.0
deadline_greedy,lossy,105,250.0,250,32.90618080133572,45.22195500030648,53.2414129906101,57.1629999903962,32.90618080133572,0.0,0.8127137591838837,0.8127137591838837,0.0,0.0,0.0,0.0,0.0,0.0,0.0,0.0,0.0,0.0,0.0,0.0,0.0,0.0,100.0,0.0,0.0,0.0,0,0.0,0.6419094815733344,0.764562622444788,0.0,1.0,250,250.0
confidence_deadline,lossy,105,250.0,250,32.90618080133572,45.22195500030648,53.2414129906101,57.1629999903962,32.90618080133572,0.0,0.8127137591838837,0.8127137591838837,0.0,0.0,0.0,0.0,0.0,0.0,0.0,0.0,0.0,0.0,0.0,0.0,0.0,0.0,100.0,0.0,0.0,0.0,0,0.0,0.6419094815733344,0.764562622444788,0.0,1.0,250,250.0
oracle_feasible,lossy,105,250.0,250,55.14581109735579,73.39766161253051,189.12602913975405,198.11041540264446,55.14581109735579,0.0,0.8755459401607514,0.8755459401607514,4550.0,18.2,18200.0,0.016,0.0,0.0,0.728,1.0,0.978021978021978,0.712,0.0,0.02197802197802198,0.0,0.0,27.200000000000003,72.8,0.0,0.0,95,380.0,0.7199866555337742,0.8086741549321168,0.712,1.0,250,250.0
local_only,lossy,106,250.0,250,32.90618080133572,45.22195500030648,53.2414129906101,57.1629999903962,32.90618080133572,0.0,0.8127137591838837,0.8127137591838837,0.0,0.0,0.0,0.0,0.0,0.0,0.0,0.0,0.0,0.0,0.0,0.0,0.0,0.0,100.0,0.0,0.0,0.0,0,0.0,0.6419094815733344,0.764562622444788,0.0,1.0,250,250.0
edge_only,lossy,106,250.0,250,78.75925338728717,176.35315318600615,180.26661436443075,192.8710674108935,78.75925338728717,0.0,0.8774134016036987,0.8774134016036987,6250.0,25.0,25000.0,0.152,0.0,0.0,1.0,0.856,0.848,0.848,0.0,0.008,0.144,0.0,0.0,100.0,0.0,0.0,0,0.0,0.722419650746444,0.8223707555713926,0.848,1.0,250,250.0
cloud_only,lossy,106,250.0,250,281.4615718581842,294.19708204687277,302.8330591105728,307.1629999903962,281.4615718581842,1.0,0.8127137591838837,0.0,8750.0,35.0,35000.0,1.0,0.0,0.0,1.0,0.82,0.0,0.0,0.0,0.82,0.18,0.0,0.0,100.0,0.0,0.0,0,0.0,0.0,0.0,0.0,0.0,250,250.0
dapper,lossy,106,250.0,250,43.4734491703383,70.704672891302,175.18649953060287,177.66450221676985,43.4734491703383,0.0,0.8569358935356141,0.8569358935356141,1500.0,6.0,6000.0,0.032,0.0,0.0,0.24,0.8666666666666667,0.8666666666666667,0.208,0.0,0.0,0.13333333333333333,0.0,76.0,24.0,0.0,0.0,88,352.0,0.6643829747468276,0.7742882471385656,0.208,1.0,250,250.0
deadline_greedy,lossy,106,250.0,250,32.90618080133572,45.22195500030648,53.2414129906101,57.1629999903962,32.90618080133572,0.0,0.8127137591838837,0.8127137591838837,0.0,0.0,0.0,0.0,0.0,0.0,0.0,0.0,0.0,0.0,0.0,0.0,0.0,0.0,100.0,0.0,0.0,0.0,0,0.0,0.6419094815733344,0.764562622444788,0.0,1.0,250,250.0
confidence_deadline,lossy,106,250.0,250,32.90618080133572,45.22195500030648,53.2414129906101,57.1629999903962,32.90618080133572,0.0,0.8127137591838837,0.8127137591838837,0.0,0.0,0.0,0.0,0.0,0.0,0.0,0.0,0.0,0.0,0.0,0.0,0.0,0.0,100.0,0.0,0.0,0.0,0,0.0,0.6419094815733344,0.764562622444788,0.0,1.0,250,250.0
oracle_feasible,lossy,106,250.0,250,56.201471028692396,72.60219207949902,97.83841611184879,192.8710674108935,56.201471028692396,0.0,0.8826324045658112,0.8826324045658112,4800.0,19.2,19200.0,0.008,0.0,0.0,0.768,1.0,0.9895833333333334,0.76,0.0,0.010416666666666666,0.0,0.0,23.200000000000003,76.8,0.0,0.0,89,356.0,0.7215591394768464,0.8148744302406723,0.76,1.0,250,250.0
local_only,lossy,107,250.0,250,32.90618080133572,45.22195500030648,53.2414129906101,57.1629999903962,32.90618080133572,0.0,0.8127137591838837,0.8127137591838837,0.0,0.0,0.0,0.0,0.0,0.0,0.0,0.0,0.0,0.0,0.0,0.0,0.0,0.0,100.0,0.0,0.0,0.0,0,0.0,0.6419094815733344,0.764562622444788,0.0,1.0,250,250.0
edge_only,lossy,107,250.0,250,83.68382028890157,173.4762340746782,188.70256419414392,192.38705197212207,83.68382028890157,0.0,0.8669823371171951,0.8669823371171951,6250.0,25.0,25000.0,0.208,0.0,0.0,1.0,0.804,0.792,0.792,0.0,0.012,0.196,0.0,0.0,100.0,0.0,0.0,0,0.0,0.714573875062433,0.8140916673559985,0.792,1.0,250,250.0
cloud_only,lossy,107,250.0,250,280.82010260275007,294.190493988625,301.50592318478743,307.1629999903962,280.82010260275007,1.0,0.8127137591838837,0.0,8750.0,35.0,35000.0,1.0,0.0,0.0,1.0,0.776,0.0,0.0,0.0,0.776,0.224,0.0,0.0,100.0,0.0,0.0,0,0.0,0.0,0.0,0.0,0.0,250,250.0
dapper,lossy,107,250.0,250,45.93069084838069,163.76445574045218,173.28220614419746,187.68124912638186,45.93069084838069,0.0,0.8497656370401383,0.8497656370401383,1500.0,6.0,6000.0,0.056,0.0,0.0,0.24,0.7666666666666667,0.7666666666666667,0.184,0.0,0.0,0.23333333333333334,0.0,76.0,24.0,0.0,0.0,88,352.0,0.6596362696001224,0.7688905662631778,0.184,1.0,250,250.0
deadline_greedy,lossy,107,250.0,250,32.90618080133572,45.22195500030648,53.2414129906101,57.1629999903962,32.90618080133572,0.0,0.8127137591838837,0.8127137591838837,0.0,0.0,0.0,0.0,0.0,0.0,0.0,0.0,0.0,0.0,0.0,0.0,0.0,0.0,100.0,0.0,0.0,0.0,0,0.0,0.6419094815733344,0.764562622444788,0.0,1.0,250,250.0
confidence_deadline,lossy,107,250.0,250,32.90618080133572,45.22195500030648,53.2414129906101,57.1629999903962,32.90618080133572,0.0,0.8127137591838837,0.8127137591838837,0.0,0.0,0.0,0.0,0.0,0.0,0.0,0.0,0.0,0.0,0.0,0.0,0.0,0.0,100.0,0.0,0.0,0.0,0,0.0,0.6419094815733344,0.764562622444788,0.0,1.0,250,250.0
oracle_feasible,lossy,107,250.0,250,54.3415216637094,72.61646074454396,142.16550613471924,192.38705197212207,54.3415216637094,0.0,0.873624647974968,0.873624647974968,4450.0,17.8,17800.0,0.012,0.0,0.0,0.712,1.0,0.9831460674157303,0.7,0.0,0.016853932584269662,0.0,0.0,28.799999999999997,71.2,0.0,0.0,101,404.0,0.7118205066499781,0.8065953420252784,0.7,1.0,250,250.0
local_only,lossy,108,250.0,250,32.90618080133572,45.22195500030648,53.2414129906101,57.1629999903962,32.90618080133572,0.0,0.8127137591838837,0.8127137591838837,0.0,0.0,0.0,0.0,0.0,0.0,0.0,0.0,0.0,0.0,0.0,0.0,0.0,0.0,100.0,0.0,0.0,0.0,0,0.0,0.6419094815733344,0.764562622444788,0.0,1.0,250,250.0
edge_only,lossy,108,250.0,250,80.80646449887826,174.02869419402748,189.08534601297268,191.30582434732588,80.80646449887826,0.0,0.875386603474617,0.875386603474617,6250.0,25.0,25000.0,0.188,0.0,0.0,1.0,0.816,0.812,0.812,0.0,0.004,0.184,0.0,0.0,100.0,0.0,0.0,0,0.0,0.7161733089618668,0.8131930260114975,0.812,1.0,250,250.0
cloud_only,lossy,108,250.0,250,280.2217066546162,292.8924108819736,300.8018080019216,307.1629999903962,280.2217066546162,1.0,0.8127137591838837,0.0,8750.0,35.0,35000.0,1.0,0.0,0.0,1.0,0.748,0.0,0.0,0.0,0.748,0.252,0.0,0.0,100.0,0.0,0.0,0,0.0,0.0,0.0,0.0,0.0,250,250.0
dapper,lossy,108,250.0,250,43.79892949779266,67.86764960305948,171.4106320593994,189.4600705805396,43.79892949779266,0.0,0.8561758981943131,0.8561758981943131,1500.0,6.0,6000.0,0.044,0.0,0.0,0.24,0.8333333333333334,0.8166666666666667,0.196,0.0,0.016666666666666666,0.16666666666666666,0.0,76.0,24.0,0.0,0.0,88,352.0,0.6636570488209016,0.7747292074521374,0.196,1.0,250,250.0
deadline_greedy,lossy,108,250.0,250,32.90618080133572,45.22195500030648,53.2414129906101,57.1629999903962,32.90618080133572,0.0,0.8127137591838837,0.8127137591838837,0.0,0.0,0.0,0.0,0.0,0.0,0.0,0.0,0.0,0.0,0.0,0.0,0.0,0.0,100.0,0.0,0.0,0.0,0,0.0,0.6419094815733344,0.764562622444788,0.0,1.0,250,250.0
confidence_deadline,lossy,108,250.0,250,32.90618080133572,45.22195500030648,53.2414129906101,57.1629999903962,32.90618080133572,0.0,0.8127137591838837,0.8127137591838837,0.0,0.0,0.0,0.0,0.0,0.0,0.0,0.0,0.0,0.0,0.0,0.0,0.0,0.0,100.0,0.0,0.0,0.0,0,0.0,0.6419094815733344,0.764562622444788,0.0,1.0,250,250.0
oracle_feasible,lossy,108,250.0,250,53.18464859847708,71.23437018037238,93.81061160843282,189.4600705805396,53.18464859847708,0.0,0.8789656463861465,0.8789656463861465,4550.0,18.2,18200.0,0.004,0.0,0.0,0.728,1.0,0.9945054945054945,0.724,0.0,0.005494505494505495,0.0,0.0,27.200000000000003,72.8,0.0,0.0,93,372.0,0.7110985119779835,0.8063336433559363,0.724,1.0,250,250.0
local_only,lossy,109,250.0,250,32.90618080133572,45.22195500030648,53.2414129906101,57.1629999903962,32.90618080133572,0.0,0.8127137591838837,0.8127137591838837,0.0,0.0,0.0,0.0,0.0,0.0,0.0,0.0,0.0,0.0,0.0,0.0,0.0,0.0,100.0,0.0,0.0,0.0,0,0.0,0.6419094815733344,0.764562622444788,0.0,1.0,250,250.0
edge_only,lossy,109,250.0,250,84.03685233872312,176.57459053986065,184.48793937105734,200.02312482541612,84.03685233872312,0.0,0.8658625189065933,0.8658625189065933,6250.0,25.0,25000.0,0.208,0.0,0.0,1.0,0.8,0.792,0.792,0.0,0.008,0.2,0.0,0.0,100.0,0.0,0.0,0,0.0,0.7173874501296151,0.8135488803482435,0.792,1.0,250,250.0
cloud_only,lossy,109,250.0,250,281.287771617727,294.3077342938461,302.44711264765846,304.7997000394389,281.287771617727,1.0,0.8127137591838837,0.0,8750.0,35.0,35000.0,1.0,0.0,0.0,1.0,0.788,0.0,0.0,0.0,0.788,0.212,0.0,0.0,100.0,0.0,0.0,0,0.0,0.0,0.0,0.0,0.0,250,250.0
dapper,lossy,109,250.0,250,46.316162064957595,165.35892664509467,178.94651424601844,193.3731768589297,46.316162064957595,0.0,0.8492175372838974,0.8492175372838974,1500.0,6.0,6000.0,0.06,0.0,0.0,0.24,0.7666666666666667,0.75,0.18,0.0,0.016666666666666666,0.23333333333333334,0.0,76.0,24.0,0.0,0.0,88,352.0,0.6658120271758801,0.7765747080237527,0.18,1.0,250,250.0
deadline_greedy,lossy,109,250.0,250,32.90618080133572,45.22195500030648,53.2414129906101,57.1629999903962,32.90618080133572,0.0,0.8127137591838837,0.8127137591838837,0.0,0.0,0.0,0.0,0.0,0.0,0.0,0.0,0.0,0.0,0.0,0.0,0.0,0.0,100.0,0.0,0.0,0.0,0,0.0,0.6419094815733344,0.764562622444788,0.0,1.0,250,250.0
confidence_deadline,lossy,109,250.0,250,32.90618080133572,45.22195500030648,53.2414129906101,57.1629999903962,32.90618080133572,0.0,0.8127137591838837,0.8127137591838837,0.0,0.0,0.0,0.0,0.0,0.0,0.0,0.0,0.0,0.0,0.0,0.0,0.0,0.0,100.0,0.0,0.0,0.0,0,0.0,0.6419094815733344,0.764562622444788,0.0,1.0,250,250.0
oracle_feasible,lossy,109,250.0,250,53.77707687722219,73.54449609527524,96.2555616093141,193.3731768589297,53.77707687722219,0.0,0.8728941365480423,0.8728941365480423,4425.0,17.7,17700.0,0.008,0.0,0.0,0.708,1.0,0.9887005649717514,0.7,0.0,0.011299435028248588,0.0,0.0,29.2,70.8,0.0,0.0,99,396.0,0.7177978283478881,0.8102171802012567,0.7,1.0,250,250.0
local_only,variable,100,250.0,250,32.90618080133572,45.22195500030648,53.2414129906101,57.1629999903962,32.90618080133572,0.0,0.8127137591838837,0.8127137591838837,0.0,0.0,0.0,0.0,0.0,0.0,0.0,0.0,0.0,0.0,0.0,0.0,0.0,0.0,100.0,0.0,0.0,0.0,0,0.0,0.6419094815733344,0.764562622444788,0.0,1.0,250,250.0
edge_only,variable,100,250.0,250,79.63654110110595,205.2336708261352,227.46088648871714,235.42765755497496,79.63654110110595,0.0,0.865879615187645,0.865879615187645,5100.0,20.4,20400.0,0.3,0.0,0.0,0.816,0.946078431372549,0.8578431372549019,0.7,0.0,0.08823529411764706,0.05392156862745098,0.184,0.0,100.0,0.0,0.0,0,0.0,0.709350166081,0.811577921370915,0.7,1.0,250,250.0
cloud_only,variable,100,250.0,250,236.28343826005437,294.00814002146944,300.88283234267925,304.7997000394389,236.28343826005437,0.816,0.8127137591838837,0.1504857852458954,7140.0,28.56,28560.0,1.0,0.0,0.0,0.816,0.9215686274509803,0.0,0.0,0.0,0.9215686274509803,0.0784313725490196,0.184,0.0,100.0,0.0,0.0,0,0.0,0.11843280701955837,0.1599474658391856,0.0,0.184,250,250.0
dapper,variable,100,250.0,250,41.06740348719564,93.47204745023201,205.6305344112208,229.0255223547466,41.06740348719564,0.0,0.8555396219491959,0.8555396219491959,1250.0,5.0,5000.0,0.212,0.128,0.0,0.2,0.94,0.86,0.172,0.0,0.08,0.06,0.0,67.2,20.0,0.0,12.8,95,380.0,0.5833460077546883,0.6555991513794062,0.172,0.872,250,250.0
deadline_greedy,variable,100,250.0,250,32.90618080133572,45.22195500030648,53.2414129906101,57.1629999903962,32.90618080133572,0.0,0.8127137591838837,0.8127137591838837,0.0,0.0,0.0,0.0,0.0,0.0,0.0,0.0,0.0,0.0,0.0,0.0,0.0,0.0,100.0,0.0,0.0,0.0,0,0.0,0.6419094815733344,0.764562622444788,0.0,1.0,250,250.0
confidence_deadline,variable,100,250.0,250,32.90618080133572,45.22195500030648,53.2414129906101,57.1629999903962,32.90618080133572,0.0,0.8127137591838837,0.8127137591838837,0.0,0.0,0.0,0.0,0.0,0.0,0.0,0.0,0.0,0.0,0.0,0.0,0.0,0.0,100.0,0.0,0.0,0.0,0,0.0,0.6419094815733344,0.764562622444788,0.0,1.0,250,250.0
oracle_feasible,variable,100,250.0,250,69.04408762963287,203.69502138778248,227.46088648871714,235.42765755497496,69.04408762963287,0.0,0.8711644111871719,0.8711644111871719,4325.0,17.3,17300.0,0.064,0.0,0.0,0.692,1.0,0.9075144508670521,0.628,0.0,0.09248554913294797,0.0,0.0,30.8,69.19999999999999,0.0,0.0,56,224.0,0.7103643415281944,0.807266309415991,0.628,1.0,250,250.0
local_only,variable,101,250.0,250,32.90618080133572,45.22195500030648,53.2414129906101,57.1629999903962,32.90618080133572,0.0,0.8127137591838837,0.8127137591838837,0.0,0.0,0.0,0.0,0.0,0.0,0.0,0.0,0.0,0.0,0.0,0.0,0.0,0.0,100.0,0.0,0.0,0.0,0,0.0,0.6419094815733344,0.764562622444788,0.0,1.0,250,250.0
edge_only,variable,101,250.0,250,67.11307167590681,196.84011099170178,224.36508462730038,228.39484801017232,67.11307167590681,0.0,0.8472849754095078,0.8472849754095078,3875.0,15.5,15500.0,0.46,0.0,0.0,0.62,0.9290322580645162,0.8709677419354839,0.54,0.0,0.05806451612903226,0.07096774193548387,0.38,0.0,100.0,0.0,0.0,0,0.0,0.6952617646582173,0.8094277537748875,0.54,1.0,250,250.0
cloud_only,variable,101,250.0,250,187.64448158690396,288.6302150145639,299.50521398568526,302.26919997949153,187.64448158690396,0.62,0.8127137591838837,0.3057265459299088,5425.0,21.7,21700.0,1.0,0.0,0.0,0.62,0.9354838709677419,0.0,0.0,0.0,0.9354838709677419,0.06451612903225806,0.38,0.0,100.0,0.0,0.0,0,0.0,0.2368438590649117,0.24492047230900735,0.0,0.38,250,250.0
dapper,variable,101,250.0,250,30.46580056427464,71.98066906245785,176.91968294256145,202.9769622099766,30.46580056427464,0.0,0.8474436128139495,0.8474436128139495,825.0,3.3,3300.0,0.396,0.28,0.0,0.132,0.9090909090909091,0.8787878787878788,0.116,0.0,0.030303030303030304,0.09090909090909091,0.0,58.8,13.200000000000001,0.0,28.000000000000004,94,376.0,0.48631030667415953,0.608257356585382,0.116,0.72,250,250.0
deadline_greedy,variable,101,250.0,250,32.90618080133572,45.22195500030648,53.2414129906101,57.1629999903962,32.90618080133572,0.0,0.8127137591838837,0.8127137591838837,0.0,0.0,0.0,0.0,0.0,0.0,0.0,0.0,0.0,0.0,0.0,0.0,0.0,0.0,100.0,0.0,0.0,0.0,0,0.0,0.6419094815733344,0.764562622444788,0.0,1.0,250,250.0
confidence_deadline,variable,101,250.0,250,32.90618080133572,45.22195500030648,53.2414129906101,57.1629999903962,32.90618080133572,0.0,0.8127137591838837,0.8127137591838837,0.0,0.0,0.0,0.0,0.0,0.0,0.0,0.0,0.0,0.0,0.0,0.0,0.0,0.0,100.0,0.0,0.0,0.0,0,0.0,0.6419094815733344,0.764562622444788,0.0,1.0,250,250.0
oracle_feasible,variable,101,250.0,250,57.55541499321378,96.5325951420753,224.36508462730038,228.39484801017232,57.55541499321378,0.0,0.8516617468595504,0.8516617468595504,3125.0,12.5,12500.0,0.036,0.0,0.0,0.5,1.0,0.928,0.464,0.0,0.072,0.0,0.0,50.0,50.0,0.0,0.0,50,200.0,0.6949123037417753,0.8041362300120263,0.464,1.0,250,250.0
local_only,variable,102,250.0,250,32.90618080133572,45.22195500030648,53.2414129906101,57.1629999903962,32.90618080133572,0.0,0.8127137591838837,0.8127137591838837,0.0,0.0,0.0,0.0,0.0,0.0,0.0,0.0,0.0,0.0,0.0,0.0,0.0,0.0,100.0,0.0,0.0,0.0,0,0.0,0.6419094815733344,0.764562622444788,0.0,1.0,250,250.0
edge_only,variable,102,250.0,250,85.56119777419708,211.9457412058134,215.71256586235907,227.4296158168653,85.56119777419708,0.0,0.8655209484100341,0.8655209484100341,5475.0,21.9,21900.0,0.284,0.0,0.0,0.876,0.8949771689497716,0.817351598173516,0.716,0.0,0.0776255707762557,0.1050228310502283,0.124,0.0,100.0,0.0,0.0,0,0.0,0.7121599232190694,0.8109007323179298,0.716,1.0,250,250.0
cloud_only,variable,102,250.0,250,251.5507802822477,293.95205503096804,302.5606069975765,307.1629999903962,251.5507802822477,0.876,0.8127137591838837,0.10327699708938598,7665.0,30.66,30660.0,1.0,0.0,0.0,0.876,0.9315068493150684,0.0,0.0,0.0,0.9315068493150684,0.0684931506849315,0.124,0.0,100.0,0.0,0.0,0,0.0,0.08738095238095238,0.11143774838042353,0.0,0.124,250,250.0
dapper,variable,102,250.0,250,43.356799758893956,95.15439889928703,209.7127109334918,214.01702356942502,43.356799758893956,0.0,0.8404322710037232,0.8404322710037232,1350.0,5.4,5400.0,0.168,0.1,0.0,0.216,0.8703703703703703,0.7962962962962963,0.172,0.0,0.07407407407407407,0.12962962962962962,0.0,68.4,21.6,0.0,10.0,96,384.0,0.5911347784986313,0.6851434923887153,0.172,0.9,250,250.0
deadline_greedy,variable,102,250.0,250,32.90618080133572,45.22195500030648,53.2414129906101,57.1629999903962,32.90618080133572,0.0,0.8127137591838837,0.8127137591838837,0.0,0.0,0.0,0.0,0.0,0.0,0.0,0.0,0.0,0.0,0.0,0.0,0.0,0.0,100.0,0.0,0.0,0.0,0,0.0,0.6419094815733344,0.764562622444788,0.0,1.0,250,250.0
confidence_deadline,variable,102,250.0,250,32.90618080133572,45.22195500030648,53.2414129906101,57.1629999903962,32.90618080133572,0.0,0.8127137591838837,0.8127137591838837,0.0,0.0,0.0,0.0,0.0,0.0,0.0,0.0,0.0,0.0,0.0,0.0,0.0,0.0,100.0,0.0,0.0,0.0,0,0.0,0.6419094815733344,0.764562622444788,0.0,1.0,250,250.0
oracle_feasible,variable,102,250.0,250,66.42143600534781,151.02704481510182,214.02054457631624,227.4296158168653,66.42143600534781,0.0,0.8687101175785065,0.8687101175785065,4425.0,17.7,17700.0,0.052,0.0,0.0,0.708,1.0,0.9265536723163842,0.656,0.0,0.07344632768361582,0.0,0.0,29.2,70.8,0.0,0.0,73,292.0,0.7086333946334544,0.8070790762669744,0.656,1.0,250,250.0
local_only,variable,103,250.0,250,32.90618080133572,45.22195500030648,53.2414129906101,57.1629999903962,32.90618080133572,0.0,0.8127137591838837,0.8127137591838837,0.0,0.0,0.0,0.0,0.0,0.0,0.0,0.0,0.0,0.0,0.0,0.0,0.0,0.0,100.0,0.0,0.0,0.0,0,0.0,0.6419094815733344,0.764562622444788,0.0,1.0,250,250.0
edge_only,variable,103,250.0,250,65.5642833922468,162.10169722113986,212.52521680844313,230.63645500908265,65.5642833922468,0.0,0.8529058542251587,0.8529058542251587,4100.0,16.4,16400.0,0.4,0.0,0.0,0.656,0.9451219512195121,0.9146341463414634,0.6,0.0,0.03048780487804878,0.054878048780487805,0.344,0.0,100.0,0.0,0.0,0,0.0,0.7002323055101983,0.8156101418044094,0.6,1.0,250,250.0
cloud_only,variable,103,250.0,250,196.69610017817166,290.8461950311903,298.51217899587937,304.7997000394389,196.69610017817166,0.656,0.8127137591838837,0.2775917303562164,5740.0,22.96,22960.0,1.0,0.0,0.0,0.656,0.9512195121951219,0.0,0.0,0.0,0.9512195121951219,0.04878048780487805,0.344,0.0,100.0,0.0,0.0,0,0.0,0.22546781057809137,0.24236016990794057,0.0,0.344,250,250.0
dapper,variable,103,250.0,250,30.59045354927554,72.5803751754799,94.39878990729669,98.82717267713616,30.59045354927554,0.0,0.8273468182086945,0.8273468182086945,950.0,3.8,3800.0,0.344,0.244,0.0,0.152,1.0,1.0,0.152,0.0,0.0,0.0,0.0,60.4,15.2,0.0,24.4,104,416.0,0.4972525492612937,0.5785854891746611,0.152,0.756,250,250.0
deadline_greedy,variable,103,250.0,250,32.90618080133572,45.22195500030648,53.2414129906101,57.1629999903962,32.90618080133572,0.0,0.8127137591838837,0.8127137591838837,0.0,0.0,0.0,0.0,0.0,0.0,0.0,0.0,0.0,0.0,0.0,0.0,0.0,0.0,100.0,0.0,0.0,0.0,0,0.0,0.6419094815733344,0.764562622444788,0.0,1.0,250,250.0
confidence_deadline,variable,103,250.0,250,32.90618080133572,45.22195500030648,53.2414129906101,57.1629999903962,32.90618080133572,0.0,0.8127137591838837,0.8127137591838837,0.0,0.0,0.0,0.0,0.0,0.0,0.0,0.0,0.0,0.0,0.0,0.0,0.0,0.0,100.0,0.0,0.0,0.0,0,0.0,0.6419094815733344,0.764562622444788,0.0,1.0,250,250.0
oracle_feasible,variable,103,250.0,250,57.08784599540031,93.25940008212893,209.96907098924407,230.63645500908265,57.08784599540031,0.0,0.8585454571247101,0.8585454571247101,3400.0,13.6,13600.0,0.016,0.0,0.0,0.544,1.0,0.9705882352941176,0.528,0.0,0.029411764705882353,0.0,0.0,45.6,54.400000000000006,0.0,0.0,50,200.0,0.6996328445937563,0.8103186180415479,0.528,1.0,250,250.0
local_only,variable,104,250.0,250,32.90618080133572,45.22195500030648,53.2414129906101,57.1629999903962,32.90618080133572,0.0,0.8127137591838837,0.8127137591838837,0.0,0.0,0.0,0.0,0.0,0.0,0.0,0.0,0.0,0.0,0.0,0.0,0.0,0.0,100.0,0.0,0.0,0.0,0,0.0,0.6419094815733344,0.764562622444788,0.0,1.0,250,250.0
edge_only,variable,104,250.0,250,80.21733325253858,204.10848504082765,215.2077429657393,245.601579340554,80.21733325253858,0.0,0.8663433003425598,0.8663433003425598,5150.0,20.6,20600.0,0.284,0.0,0.0,0.824,0.9320388349514563,0.8689320388349514,0.716,0.0,0.06310679611650485,0.06796116504854369,0.176,0.0,100.0,0.0,0.0,0,0.0,0.7036505164005761,0.8075262582428188,0.716,1.0,250,250.0
cloud_only,variable,104,250.0,250,238.57440707165466,294.00814002146944,303.2414129906101,307.1629999903962,238.57440707165466,0.824,0.8127137591838837,0.14146549010276793,7210.0,28.84,28840.0,1.0,0.0,0.0,0.824,0.941747572815534,0.0,0.0,0.0,0.941747572815534,0.05825242718446602,0.176,0.0,100.0,0.0,0.0,0,0.0,0.10604018342192885,0.15422178670586315,0.0,0.176,250,250.0
dapper,variable,104,250.0,250,37.58685016184717,85.36446465463386,98.81791317164694,205.12856668404413,37.58685016184717,0.0,0.8478436620235443,0.8478436620235443,1175.0,4.7,4700.0,0.184,0.132,0.0,0.188,0.9787234042553191,0.9574468085106383,0.18,0.0,0.02127659574468085,0.02127659574468085,0.0,68.0,18.8,0.0,13.200000000000001,93,372.0,0.5881138857275721,0.6363329964444614,0.18,0.868,250,250.0
deadline_greedy,variable,104,250.0,250,32.90618080133572,45.22195500030648,53.2414129906101,57.1629999903962,32.90618080133572,0.0,0.8127137591838837,0.8127137591838837,0.0,0.0,0.0,0.0,0.0,0.0,0.0,0.0,0.0,0.0,0.0,0.0,0.0,0.0,100.0,0.0,0.0,0.0,0,0.0,0.6419094815733344,0.764562622444788,0.0,1.0,250,250.0
confidence_deadline,variable,104,250.0,250,32.90618080133572,45.22195500030648,53.2414129906101,57.1629999903962,32.90618080133572,0.0,0.8127137591838837,0.8127137591838837,0.0,0.0,0.0,0.0,0.0,0.0,0.0,0.0,0.0,0.0,0.0,0.0,0.0,0.0,100.0,0.0,0.0,0.0,0,0.0,0.6419094815733344,0.764562622444788,0.0,1.0,250,250.0
oracle_feasible,variable,104,250.0,250,66.9950493496975,98.85146452372628,214.10205467319912,245.601579340554,66.9950493496975,0.0,0.8718078727722168,0.8718078727722168,4275.0,17.1,17100.0,0.044,0.0,0.0,0.684,1.0,0.935672514619883,0.64,0.0,0.06432748538011696,0.0,0.0,31.6,68.4,0.0,0.0,57,228.0,0.7056433735434333,0.8028716771551166,0.64,1.0,250,250.0
local_only,variable,105,250.0,250,32.90618080133572,45.22195500030648,53.2414129906101,57.1629999903962,32.90618080133572,0.0,0.8127137591838837,0.8127137591838837,0.0,0.0,0.0,0.0,0.0,0.0,0.0,0.0,0.0,0.0,0.0,0.0,0.0,0.0,100.0,0.0,0.0,0.0,0,0.0,0.6419094815733344,0.764562622444788,0.0,1.0,250,250.0
edge_only,variable,105,250.0,250,77.92894466919745,208.49858266248634,227.61643526234568,231.78393648748283,77.92894466919745,0.0,0.8701727135181427,0.8701727135181427,5425.0,21.7,21700.0,0.228,0.0,0.0,0.868,0.9723502304147466,0.8894009216589862,0.772,0.0,0.08294930875576037,0.027649769585253458,0.132,0.0,100.0,0.0,0.0,0,0.0,0.7156975539691307,0.8040271564953094,0.772,1.0,250,250.0
cloud_only,variable,105,250.0,250,249.3637308477275,294.00814002146944,303.20689365356606,307.1629999903962,249.3637308477275,0.868,0.8127137591838837,0.1068203730583191,7595.0,30.38,30380.0,1.0,0.0,0.0,0.868,0.9078341013824884,0.0,0.0,0.0,0.9078341013824884,0.09216589861751152,0.132,0.0,100.0,0.0,0.0,0,0.0,0.08597397047397047,0.10742233704017144,0.0,0.132,250,250.0
dapper,variable,105,250.0,250,38.37689110038436,81.96469385839225,141.83800366167614,213.4620234351035,38.37689110038436,0.0,0.851147703409195,0.851147703409195,1250.0,5.0,5000.0,0.144,0.1,0.0,0.2,0.98,0.94,0.188,0.0,0.04,0.02,0.0,70.0,20.0,0.0,10.0,89,356.0,0.596389135252988,0.6861048452608961,0.188,0.9,250,250.0
deadline_greedy,variable,105,250.0,250,32.90618080133572,45.22195500030648,53.2414129906101,57.1629999903962,32.90618080133572,0.0,0.8127137591838837,0.8127137591838837,0.0,0.0,0.0,0.0,0.0,0.0,0.0,0.0,0.0,0.0,0.0,0.0,0.0,0.0,100.0,0.0,0.0,0.0,0,0.0,0.6419094815733344,0.764562622444788,0.0,1.0,250,250.0
confidence_deadline,variable,105,250.0,250,32.90618080133572,45.22195500030648,53.2414129906101,57.1629999903962,32.90618080133572,0.0,0.8127137591838837,0.8127137591838837,0.0,0.0,0.0,0.0,0.0,0.0,0.0,0.0,0.0,0.0,0.0,0.0,0.0,0.0,100.0,0.0,0.0,0.0,0,0.0,0.6419094815733344,0.764562622444788,0.0,1.0,250,250.0
oracle_feasible,variable,105,250.0,250,69.20134736099537,197.38593420756345,223.6274508596034,228.4715076450536,69.20134736099537,0.0,0.8752921853065491,0.8752921853065491,4775.0,19.1,19100.0,0.056,0.0,0.0,0.764,1.0,0.9267015706806283,0.708,0.0,0.07329842931937172,0.0,0.0,23.599999999999998,76.4,0.0,0.0,44,176.0,0.7149704862999577,0.8019203461082443,0.708,1.0,250,250.0
local_only,variable,106,250.0,250,32.90618080133572,45.22195500030648,53.2414129906101,57.1629999903962,32.90618080133572,0.0,0.8127137591838837,0.8127137591838837,0.0,0.0,0.0,0.0,0.0,0.0,0.0,0.0,0.0,0.0,0.0,0.0,0.0,0.0,100.0,0.0,0.0,0.0,0,0.0,0.6419094815733344,0.764562622444788,0.0,1.0,250,250.0
edge_only,variable,106,250.0,250,80.66859349958473,197.50441156065202,220.0713564315933,232.3299881135959,80.66859349958473,0.0,0.8735094832181931,0.8735094832181931,5900.0,23.6,23600.0,0.156,0.0,0.0,0.944,0.940677966101695,0.8940677966101694,0.844,0.0,0.046610169491525424,0.059322033898305086,0.056,0.0,100.0,0.0,0.0,0,0.0,0.7276236586122165,0.8187312775688572,0.844,1.0,250,250.0
cloud_only,variable,106,250.0,250,268.11513875116145,294.8691190748789,303.2414129906101,307.1629999903962,268.11513875116145,0.944,0.8127137591838837,0.04511990284919739,8260.0,33.04,33040.0,1.0,0.0,0.0,0.944,0.940677966101695,0.0,0.0,0.0,0.940677966101695,0.059322033898305086,0.056,0.0,100.0,0.0,0.0,0,0.0,0.038945238095238095,0.0480177200718602,0.0,0.056,250,250.0
dapper,variable,106,250.0,250,42.91666186338481,86.15960017021288,190.70211241114697,230.15047191812067,42.91666186338481,0.0,0.8594451392889023,0.8594451392889023,1400.0,5.6,5600.0,0.08,0.048,0.0,0.224,0.9107142857142857,0.8928571428571429,0.2,0.0,0.017857142857142856,0.08928571428571429,0.0,72.8,22.400000000000002,0.0,4.8,90,360.0,0.6377832392970921,0.7421450983552894,0.2,0.952,250,250.0
deadline_greedy,variable,106,250.0,250,32.90618080133572,45.22195500030648,53.2414129906101,57.1629999903962,32.90618080133572,0.0,0.8127137591838837,0.8127137591838837,0.0,0.0,0.0,0.0,0.0,0.0,0.0,0.0,0.0,0.0,0.0,0.0,0.0,0.0,100.0,0.0,0.0,0.0,0,0.0,0.6419094815733344,0.764562622444788,0.0,1.0,250,250.0
confidence_deadline,variable,106,250.0,250,32.90618080133572,45.22195500030648,53.2414129906101,57.1629999903962,32.90618080133572,0.0,0.8127137591838837,0.8127137591838837,0.0,0.0,0.0,0.0,0.0,0.0,0.0,0.0,0.0,0.0,0.0,0.0,0.0,0.0,100.0,0.0,0.0,0.0,0,0.0,0.6419094815733344,0.764562622444788,0.0,1.0,250,250.0
oracle_feasible,variable,106,250.0,250,67.94179574123834,98.67935102569024,219.97404880096505,232.3299881135959,67.94179574123834,0.0,0.8783069823980332,0.8783069823980332,4950.0,19.8,19800.0,0.036,0.0,0.0,0.792,1.0,0.9545454545454546,0.756,0.0,0.045454545454545456,0.0,0.0,20.8,79.2,0.0,0.0,65,260.0,0.7229179092473808,0.8153995774218704,0.756,1.0,250,250.0
local_only,variable,107,250.0,250,32.90618080133572,45.22195500030648,53.2414129906101,57.1629999903962,32.90618080133572,0.0,0.8127137591838837,0.8127137591838837,0.0,0.0,0.0,0.0,0.0,0.0,0.0,0.0,0.0,0.0,0.0,0.0,0.0,0.0,100.0,0.0,0.0,0.0,0,0.0,0.6419094815733344,0.764562622444788,0.0,1.0,250,250.0
edge_only,variable,107,250.0,250,68.84833417249489,135.81520295398238,220.70752208416647,226.57401124118277,68.84833417249489,0.0,0.8654210506677628,0.8654210506677628,4825.0,19.3,19300.0,0.28,0.0,0.0,0.772,0.9689119170984456,0.9326424870466321,0.72,0.0,0.03626943005181347,0.031088082901554404,0.228,0.0,100.0,0.0,0.0,0,0.0,0.7088802695344781,0.812886803571517,0.72,1.0,250,250.0
cloud_only,variable,107,250.0,250,225.48666292424238,294.6834050148027,300.63156598596834,307.1629999903962,225.48666292424238,0.772,0.8127137591838837,0.18931275951862336,6755.0,27.02,27020.0,1.0,0.0,0.0,0.772,0.9326424870466321,0.0,0.0,0.0,0.9326424870466321,0.06735751295336788,0.228,0.0,100.0,0.0,0.0,0,0.0,0.1576276729379537,0.2127128002924181,0.0,0.228,250,250.0
dapper,variable,107,250.0,250,37.63400908080753,84.5658470971355,183.48289173547192,217.56516884909576,37.63400908080753,0.0,0.8592261142730713,0.8592261142730713,1250.0,5.0,5000.0,0.252,0.172,0.0,0.2,0.94,0.88,0.176,0.0,0.06,0.06,0.0,62.8,20.0,0.0,17.2,103,412.0,0.5447387553923274,0.6200598499165377,0.176,0.828,250,250.0
deadline_greedy,variable,107,250.0,250,32.90618080133572,45.22195500030648,53.2414129906101,57.1629999903962,32.90618080133572,0.0,0.8127137591838837,0.8127137591838837,0.0,0.0,0.0,0.0,0.0,0.0,0.0,0.0,0.0,0.0,0.0,0.0,0.0,0.0,100.0,0.0,0.0,0.0,0,0.0,0.6419094815733344,0.764562622444788,0.0,1.0,250,250.0
confidence_deadline,variable,107,250.0,250,32.90618080133572,45.22195500030648,53.2414129906101,57.1629999903962,32.90618080133572,0.0,0.8127137591838837,0.8127137591838837,0.0,0.0,0.0,0.0,0.0,0.0,0.0,0.0,0.0,0.0,0.0,0.0,0.0,0.0,100.0,0.0,0.0,0.0,0,0.0,0.6419094815733344,0.764562622444788,0.0,1.0,250,250.0
oracle_feasible,variable,107,250.0,250,61.444291037773006,93.41812914493121,216.5909752491755,226.57401124118277,61.444291037773006,0.0,0.8707447031736374,0.8707447031736374,4125.0,16.5,16500.0,0.024,0.0,0.0,0.66,1.0,0.9636363636363636,0.636,0.0,0.03636363636363636,0.0,0.0,34.0,66.0,0.0,0.0,50,200.0,0.710108730695958,0.8095551034245302,0.636,1.0,250,250.0
local_only,variable,108,250.0,250,32.90618080133572,45.22195500030648,53.2414129906101,57.1629999903962,32.90618080133572,0.0,0.8127137591838837,0.8127137591838837,0.0,0.0,0.0,0.0,0.0,0.0,0.0,0.0,0.0,0.0,0.0,0.0,0.0,0.0,100.0,0.0,0.0,0.0,0,0.0,0.6419094815733344,0.764562622444788,0.0,1.0,250,250.0
edge_only,variable,108,250.0,250,76.92760404215647,199.40113264833917,220.2785936107873,243.16485373837787,76.92760404215647,0.0,0.8636735910177231,0.8636735910177231,5425.0,21.7,21700.0,0.244,0.0,0.0,0.868,0.9400921658986175,0.8709677419354839,0.756,0.0,0.06912442396313365,0.059907834101382486,0.132,0.0,100.0,0.0,0.0,0,0.0,0.7138856651880162,0.8120828481497271,0.756,1.0,250,250.0
cloud_only,variable,108,250.0,250,248.92034529228027,293.95205503096804,301.34015997871757,304.7997000394389,248.92034529228027,0.868,0.8127137591838837,0.10346765124797822,7595.0,30.38,30380.0,1.0,0.0,0.0,0.868,0.9354838709677419,0.0,0.0,0.0,0.9354838709677419,0.06451612903225806,0.132,0.0,100.0,0.0,0.0,0,0.0,0.07518782883782885,0.05916885662108593,0.0,0.132,250,250.0
dapper,variable,108,250.0,250,39.27016098937245,82.15364938991935,194.63332629985604,234.97400967197038,39.27016098937245,0.0,0.8543424744606019,0.8543424744606019,1175.0,4.7,4700.0,0.156,0.096,0.0,0.188,0.9361702127659575,0.8723404255319149,0.164,0.0,0.06382978723404255,0.06382978723404255,0.0,71.6,18.8,0.0,9.6,86,344.0,0.6135937954076482,0.7388659199964933,0.164,0.904,250,250.0
deadline_greedy,variable,108,250.0,250,32.90618080133572,45.22195500030648,53.2414129906101,57.1629999903962,32.90618080133572,0.0,0.8127137591838837,0.8127137591838837,0.0,0.0,0.0,0.0,0.0,0.0,0.0,0.0,0.0,0.0,0.0,0.0,0.0,0.0,100.0,0.0,0.0,0.0,0,0.0,0.6419094815733344,0.764562622444788,0.0,1.0,250,250.0
confidence_deadline,variable,108,250.0,250,32.90618080133572,45.22195500030648,53.2414129906101,57.1629999903962,32.90618080133572,0.0,0.8127137591838837,0.8127137591838837,0.0,0.0,0.0,0.0,0.0,0.0,0.0,0.0,0.0,0.0,0.0,0.0,0.0,0.0,100.0,0.0,0.0,0.0,0,0.0,0.6419094815733344,0.764562622444788,0.0,1.0,250,250.0
oracle_feasible,variable,108,250.0,250,66.47429516498676,195.43632135376023,220.2785936107873,243.16485373837787,66.47429516498676,0.0,0.8692584439516068,0.8692584439516068,4600.0,18.4,18400.0,0.056,0.0,0.0,0.736,1.0,0.9239130434782609,0.68,0.0,0.07608695652173914,0.0,0.0,26.400000000000002,73.6,0.0,0.0,49,196.0,0.7126019937452583,0.8067913243868657,0.68,1.0,250,250.0
local_only,variable,109,250.0,250,32.90618080133572,45.22195500030648,53.2414129906101,57.1629999903962,32.90618080133572,0.0,0.8127137591838837,0.8127137591838837,0.0,0.0,0.0,0.0,0.0,0.0,0.0,0.0,0.0,0.0,0.0,0.0,0.0,0.0,100.0,0.0,0.0,0.0,0,0.0,0.6419094815733344,0.764562622444788,0.0,1.0,250,250.0
edge_only,variable,109,250.0,250,79.28135958196476,203.05476957769534,221.6677797313372,233.60807970960713,79.28135958196476,0.0,0.8647045768499374,0.8647045768499374,5075.0,20.3,20300.0,0.308,0.0,0.0,0.812,0.9261083743842364,0.8522167487684729,0.692,0.0,0.07389162561576355,0.07389162561576355,0.188,0.0,100.0,0.0,0.0,0,0.0,0.7088561472915171,0.8029410875748456,0.692,1.0,250,250.0
cloud_only,variable,109,250.0,250,235.6642001423749,294.00089501868933,303.2414129906101,307.1629999903962,235.6642001423749,0.812,0.8127137591838837,0.14859870195388794,7105.0,28.42,28420.0,1.0,0.0,0.0,0.812,0.916256157635468,0.0,0.0,0.0,0.916256157635468,0.08374384236453201,0.188,0.0,100.0,0.0,0.0,0,0.0,0.12154174871250344,0.1330334209315101,0.0,0.188,250,250.0
dapper,variable,109,250.0,250,37.646762969028,82.8300297529588,186.81620593305536,210.74693246474163,37.646762969028,0.0,0.8525012315511703,0.8525012315511703,1100.0,4.4,4400.0,0.208,0.14,0.0,0.176,0.9090909090909091,0.8863636363636364,0.156,0.0,0.022727272727272728,0.09090909090909091,0.0,68.4,17.599999999999998,0.0,14.000000000000002,91,364.0,0.5703348324279305,0.6677124450213622,0.156,0.86,250,250.0
deadline_greedy,variable,109,250.0,250,32.90618080133572,45.22195500030648,53.2414129906101,57.1629999903962,32.90618080133572,0.0,0.8127137591838837,0.8127137591838837,0.0,0.0,0.0,0.0,0.0,0.0,0.0,0.0,0.0,0.0,0.0,0.0,0.0,0.0,100.0,0.0,0.0,0.0,0,0.0,0.6419094815733344,0.764562622444788,0.0,1.0,250,250.0
confidence_deadline,variable,109,250.0,250,32.90618080133572,45.22195500030648,53.2414129906101,57.1629999903962,32.90618080133572,0.0,0.8127137591838837,0.8127137591838837,0.0,0.0,0.0,0.0,0.0,0.0,0.0,0.0,0.0,0.0,0.0,0.0,0.0,0.0,100.0,0.0,0.0,0.0,0,0.0,0.6419094815733344,0.764562622444788,0.0,1.0,250,250.0
oracle_feasible,variable,109,250.0,250,66.53925789350818,148.1355233239152,221.6677797313372,233.60807970960713,66.53925789350818,0.0,0.8664219533205032,0.8664219533205032,4250.0,17.0,17000.0,0.052,0.0,0.0,0.68,1.0,0.9235294117647059,0.628,0.0,0.07647058823529412,0.0,0.0,32.0,68.0,0.0,0.0,57,228.0,0.7046647939080584,0.7982865064871434,0.628,1.0,250,250.0
local_only,outage,100,250.0,250,32.90618080133572,45.22195500030648,53.2414129906101,57.1629999903962,32.90618080133572,0.0,0.8127137591838837,0.8127137591838837,0.0,0.0,0.0,0.0,0.0,0.0,0.0,0.0,0.0,0.0,0.0,0.0,0.0,0.0,100.0,0.0,0.0,0.0,0,0.0,0.6419094815733344,0.764562622444788,0.0,1.0,250,250.0
edge_only,outage,100,250.0,250,64.85219388414718,280.8975100022508,287.10188100812957,297.6203999714926,64.85219388414718,0.128,0.8127137591838837,0.7075206322669982,800.0,3.2,3200.0,1.0,0.0,0.0,0.128,0.625,0.0,0.0,0.1875,0.4375,0.375,0.872,0.0,100.0,0.0,0.0,0,0.0,0.5564287212188781,0.6682225152766554,0.0,0.872,250,250.0
cloud_only,outage,100,250.0,250,64.90618080133572,281.3144149724394,287.10188100812957,297.6203999714926,64.90618080133572,0.128,0.8127137591838837,0.7075206322669982,1120.0,4.48,4480.0,1.0,0.0,0.0,0.128,0.71875,0.0,0.0,0.71875,0.0,0.28125,0.872,0.0,100.0,0.0,0.0,0,0.0,0.5564287212188781,0.6682225152766554,0.0,0.872,250,250.0
dapper,outage,100,250.0,250,10.87500799983181,36.73759000375866,47.20997200522104,57.1629999903962,10.87500799983181,0.0,0.7993763390779495,0.7993763390779495,0.0,0.0,0.0,0.992,0.696,0.0,0.0,0.0,0.0,0.0,0.0,0.0,0.0,0.0,28.000000000000004,0.0,0.0,72.0,110,440.0,0.18874000999000998,0.21123078089638597,0.0,0.304,250,250.0
deadline_greedy,outage,100,250.0,250,32.90618080133572,45.22195500030648,53.2414129906101,57.1629999903962,32.90618080133572,0.0,0.8127137591838837,0.8127137591838837,0.0,0.0,0.0,0.0,0.0,0.0,0.0,0.0,0.0,0.0,0.0,0.0,0.0,0.0,100.0,0.0,0.0,0.0,0,0.0,0.6419094815733344,0.764562622444788,0.0,1.0,250,250.0
confidence_deadline,outage,100,250.0,250,32.90618080133572,45.22195500030648,53.2414129906101,57.1629999903962,32.90618080133572,0.0,0.8127137591838837,0.8127137591838837,0.0,0.0,0.0,0.0,0.0,0.0,0.0,0.0,0.0,0.0,0.0,0.0,0.0,0.0,100.0,0.0,0.0,0.0,0,0.0,0.6419094815733344,0.764562622444788,0.0,1.0,250,250.0
oracle_feasible,outage,100,250.0,250,42.85219388414718,53.317664991482125,283.2104029977927,297.6203999714926,42.85219388414718,0.04,0.8127137591838837,0.7825620849132537,250.0,1.0,1000.0,0.04,0.0,0.0,0.04,1.0,0.0,0.0,0.0,1.0,0.0,0.0,96.0,4.0,0.0,0.0,18,72.0,0.6161279689682924,0.7472741784047516,0.0,0.96,250,250.0
local_only,outage,101,250.0,250,32.90618080133572,45.22195500030648,53.2414129906101,57.1629999903962,32.90618080133572,0.0,0.8127137591838837,0.8127137591838837,0.0,0.0,0.0,0.0,0.0,0.0,0.0,0.0,0.0,0.0,0.0,0.0,0.0,0.0,100.0,0.0,0.0,0.0,0,0.0,0.6419094815733344,0.764562622444788,0.0,1.0,250,250.0
edge_only,outage,101,250.0,250,72.86545859765054,281.97217999841087,289.505741012399,302.26919997949153,72.86545859765054,0.16,0.8127137591838837,0.6826283323764801,1000.0,4.0,4000.0,1.0,0.0,0.0,0.16,0.6,0.0,0.0,0.2,0.4,0.4,0.84,0.0,100.0,0.0,0.0,0,0.0,0.5365151304995716,0.6170486714276523,0.0,0.84,250,250.0
cloud_only,outage,101,250.0,250,72.90618080133572,281.97217999841087,289.505741012399,302.26919997949153,72.90618080133572,0.16,0.8127137591838837,0.6826283323764801,1400.0,5.6,5600.0,1.0,0.0,0.0,0.16,0.7,0.0,0.0,0.675,0.025,0.3,0.84,0.0,100.0,0.0,0.0,0,0.0,0.5365151304995716,0.6170486714276523,0.0,0.84,250,250.0
dapper,outage,101,250.0,250,11.138029600178823,37.26331002253572,47.20997200522104,57.1629999903962,11.138029600178823,0.0,0.8064375497102737,0.8064375497102737,0.0,0.0,0.0,0.988,0.688,0.0,0.0,0.0,0.0,0.0,0.0,0.0,0.0,0.0,27.200000000000003,0.0,0.0,72.8,100,400.0,0.20144794649794648,0.22444734140594014,0.0,0.312,250,250.0
deadline_greedy,outage,101,250.0,250,32.90618080133572,45.22195500030648,53.2414129906101,57.1629999903962,32.90618080133572,0.0,0.8127137591838837,0.8127137591838837,0.0,0.0,0.0,0.0,0.0,0.0,0.0,0.0,0.0,0.0,0.0,0.0,0.0,0.0,100.0,0.0,0.0,0.0,0,0.0,0.6419094815733344,0.764562622444788,0.0,1.0,250,250.0
confidence_deadline,outage,101,250.0,250,32.90618080133572,45.22195500030648,53.2414129906101,57.1629999903962,32.90618080133572,0.0,0.8127137591838837,0.8127137591838837,0.0,0.0,0.0,0.0,0.0,0.0,0.0,0.0,0.0,0.0,0.0,0.0,0.0,0.0,100.0,0.0,0.0,0.0,0,0.0,0.6419094815733344,0.764562622444788,0.0,1.0,250,250.0
oracle_feasible,outage,101,250.0,250,45.87888962592959,176.37924339730674,280.91071200033184,286.5596999763511,45.87888962592959,0.052,0.8127137591838837,0.7716810331344605,325.0,1.3,1300.0,0.052,0.0,0.0,0.052,1.0,0.0,0.0,0.0,1.0,0.0,0.0,94.8,5.2,0.0,0.0,14,56.0,0.6065503906642434,0.7064434592300834,0.0,0.948,250,250.0
local_only,outage,102,250.0,250,32.90618080133572,45.22195500030648,53.2414129906101,57.1629999903962,32.90618080133572,0.0,0.8127137591838837,0.8127137591838837,0.0,0.0,0.0,0.0,0.0,0.0,0.0,0.0,0.0,0.0,0.0,0.0,0.0,0.0,100.0,0.0,0.0,0.0,0,0.0,0.6419094815733344,0.764562622444788,0.0,1.0,250,250.0
edge_only,outage,102,250.0,250,73.90618080133572,282.6336550206179,294.8694460175466,304.7997000394389,73.90618080133572,0.164,0.8127137591838837,0.6701565253734588,1025.0,4.1,4100.0,1.0,0.0,0.0,0.164,0.6829268292682927,0.0,0.0,0.17073170731707318,0.5121951219512195,0.3170731707317073,0.836,0.0,100.0,0.0,0.0,0,0.0,0.5370453875146581,0.6674766935117253,0.0,0.836,250,250.0
cloud_only,outage,102,250.0,250,73.90618080133572,282.6336550206179,294.8694460175466,304.7997000394389,73.90618080133572,0.164,0.8127137591838837,0.6701565253734588,1435.0,5.74,5740.0,1.0,0.0,0.0,0.164,0.7073170731707317,0.0,0.0,0.7073170731707317,0.0,0.2926829268292683,0.836,0.0,100.0,0.0,0.0,0,0.0,0.5370453875146581,0.6674766935117253,0.0,0.836,250,250.0
dapper,outage,102,250.0,250,10.91525239963457,36.73759000375866,47.587026995606706,57.1629999903962,10.91525239963457,0.0,0.8047509982585906,0.8047509982585906,0.0,0.0,0.0,0.996,0.696,0.0,0.0,0.0,0.0,0.0,0.0,0.0,0.0,0.0,26.400000000000002,0.0,0.0,73.6,102,408.0,0.18739935064935065,0.21515042812813512,0.0,0.304,250,250.0
deadline_greedy,outage,102,250.0,250,32.90618080133572,45.22195500030648,53.2414129906101,57.1629999903962,32.90618080133572,0.0,0.8127137591838837,0.8127137591838837,0.0,0.0,0.0,0.0,0.0,0.0,0.0,0.0,0.0,0.0,0.0,0.0,0.0,0.0,100.0,0.0,0.0,0.0,0,0.0,0.6419094815733344,0.764562622444788,0.0,1.0,250,250.0
confidence_deadline,outage,102,250.0,250,32.90618080133572,45.22195500030648,53.2414129906101,57.1629999903962,32.90618080133572,0.0,0.8127137591838837,0.8127137591838837,0.0,0.0,0.0,0.0,0.0,0.0,0.0,0.0,0.0,0.0,0.0,0.0,0.0,0.0,100.0,0.0,0.0,0.0,0,0.0,0.6419094815733344,0.764562622444788,0.0,1.0,250,250.0
oracle_feasible,outage,102,250.0,250,52.90618080133572,279.7054150083568,287.67083399405226,296.72119999304414,52.90618080133572,0.08,0.8127137591838837,0.7442406463623047,500.0,2.0,2000.0,0.08,0.0,0.0,0.08,1.0,0.0,0.0,0.0,1.0,0.0,0.0,92.0,8.0,0.0,0.0,18,72.0,0.5872374927778161,0.7177788329858393,0.0,0.92,250,250.0
local_only,outage,103,250.0,250,32.90618080133572,45.22195500030648,53.2414129906101,57.1629999903962,32.90618080133572,0.0,0.8127137591838837,0.8127137591838837,0.0,0.0,0.0,0.0,0.0,0.0,0.0,0.0,0.0,0.0,0.0,0.0,0.0,0.0,100.0,0.0,0.0,0.0,0,0.0,0.6419094815733344,0.764562622444788,0.0,1.0,250,250.0
edge_only,outage,103,250.0,250,59.90618080133572,281.89238499326166,286.967952986597,293.1815999909304,59.90618080133572,0.108,0.8127137591838837,0.7201171946525574,675.0,2.7,2700.0,1.0,0.0,0.0,0.108,0.7407407407407407,0.0,0.0,0.2962962962962963,0.4444444444444444,0.25925925925925924,0.892,0.0,100.0,0.0,0.0,0,0.0,0.5691060151667603,0.6679451740757473,0.0,0.892,250,250.0
cloud_only,outage,103,250.0,250,59.90618080133572,281.89238499326166,286.967952986597,293.1815999909304,59.90618080133572,0.108,0.8127137591838837,0.7201171946525574,945.0,3.78,3780.0,1.0,0.0,0.0,0.108,0.5925925925925926,0.0,0.0,0.5925925925925926,0.0,0.4074074074074074,0.892,0.0,100.0,0.0,0.0,0,0.0,0.5691060151667603,0.6679451740757473,0.0,0.892,250,250.0
dapper,outage,103,250.0,250,10.87500799983181,36.73759000375866,47.20997200522104,57.1629999903962,10.87500799983181,0.0,0.7993763390779495,0.7993763390779495,0.0,0.0,0.0,1.0,0.696,0.0,0.0,0.0,0.0,0.0,0.0,0.0,0.0,0.0,26.8,0.0,0.0,73.2,102,408.0,0.18874000999000998,0.21123078089638597,0.0,0.304,250,250.0
deadline_greedy,outage,103,250.0,250,32.90618080133572,45.22195500030648,53.2414129906101,57.1629999903962,32.90618080133572,0.0,0.8127137591838837,0.8127137591838837,0.0,0.0,0.0,0.0,0.0,0.0,0.0,0.0,0.0,0.0,0.0,0.0,0.0,0.0,100.0,0.0,0.0,0.0,0,0.0,0.6419094815733344,0.764562622444788,0.0,1.0,250,250.0
confidence_deadline,outage,103,250.0,250,32.90618080133572,45.22195500030648,53.2414129906101,57.1629999903962,32.90618080133572,0.0,0.8127137591838837,0.8127137591838837,0.0,0.0,0.0,0.0,0.0,0.0,0.0,0.0,0.0,0.0,0.0,0.0,0.0,0.0,100.0,0.0,0.0,0.0,0,0.0,0.6419094815733344,0.764562622444788,0.0,1.0,250,250.0
oracle_feasible,outage,103,250.0,250,41.90618080133572,51.64396998588925,282.9851579875685,288.7419000035152,41.90618080133572,0.036,0.8127137591838837,0.7825260667800903,225.0,0.9,900.0,0.036,0.0,0.0,0.036,1.0,0.0,0.0,0.0,1.0,0.0,0.0,96.39999999999999,3.5999999999999996,0.0,0.0,14,56.0,0.6163172228516639,0.7276199472855523,0.0,0.964,250,250.0
local_only,outage,104,250.0,250,32.90618080133572,45.22195500030648,53.2414129906101,57.1629999903962,32.90618080133572,0.0,0.8127137591838837,0.8127137591838837,0.0,0.0,0.0,0.0,0.0,0.0,0.0,0.0,0.0,0.0,0.0,0.0,0.0,0.0,100.0,0.0,0.0,0.0,0,0.0,0.6419094815733344,0.764562622444788,0.0,1.0,250,250.0
edge_only,outage,104,250.0,250,62.8978606527777,283.386375036207,292.9416469892021,304.7997000394389,62.8978606527777,0.12,0.8127137591838837,0.7121465995311737,750.0,3.0,3000.0,1.0,0.0,0.0,0.12,0.5333333333333333,0.0,0.0,0.2,0.3333333333333333,0.4666666666666667,0.88,0.0,100.0,0.0,0.0,0,0.0,0.5619519022417612,0.6878518597467642,0.0,0.88,250,250.0
cloud_only,outage,104,250.0,250,62.90618080133572,283.386375036207,292.9416469892021,304.7997000394389,62.90618080133572,0.12,0.8127137591838837,0.7121465995311737,1050.0,4.2,4200.0,1.0,0.0,0.0,0.12,0.7666666666666667,0.0,0.0,0.7333333333333333,0.03333333333333333,0.23333333333333334,0.88,0.0,100.0,0.0,0.0,0,0.0,0.5619519022417612,0.6878518597467642,0.0,0.88,250,250.0
dapper,outage,104,250.0,250,10.864516799574718,36.73759000375866,47.20997200522104,57.1629999903962,10.864516799574718,0.0,0.8078376392126083,0.8078376392126083,0.0,0.0,0.0,0.992,0.696,0.0,0.0,0.0,0.0,0.0,0.0,0.0,0.0,0.0,28.000000000000004,0.0,0.0,72.0,110,440.0,0.19140667665667666,0.21335392314691679,0.0,0.304,250,250.0
deadline_greedy,outage,104,250.0,250,32.90618080133572,45.22195500030648,53.2414129906101,57.1629999903962,32.90618080133572,0.0,0.8127137591838837,0.8127137591838837,0.0,0.0,0.0,0.0,0.0,0.0,0.0,0.0,0.0,0.0,0.0,0.0,0.0,0.0,100.0,0.0,0.0,0.0,0,0.0,0.6419094815733344,0.764562622444788,0.0,1.0,250,250.0
confidence_deadline,outage,104,250.0,250,32.90618080133572,45.22195500030648,53.2414129906101,57.1629999903962,32.90618080133572,0.0,0.8127137591838837,0.8127137591838837,0.0,0.0,0.0,0.0,0.0,0.0,0.0,0.0,0.0,0.0,0.0,0.0,0.0,0.0,100.0,0.0,0.0,0.0,0,0.0,0.6419094815733344,0.764562622444788,0.0,1.0,250,250.0
oracle_feasible,outage,104,250.0,250,40.90618080133572,50.6518299866002,283.4425259771524,292.4299000296742,40.90618080133572,0.032,0.8127137591838837,0.7868657588958741,200.0,0.8,800.0,0.032,0.0,0.0,0.032,1.0,0.0,0.0,0.0,1.0,0.0,0.0,96.8,3.2,0.0,0.0,13,52.0,0.6215285291923819,0.7454543421900109,0.0,0.968,250,250.0
local_only,outage,105,250.0,250,32.90618080133572,45.22195500030648,53.2414129906101,57.1629999903962,32.90618080133572,0.0,0.8127137591838837,0.8127137591838837,0.0,0.0,0.0,0.0,0.0,0.0,0.0,0.0,0.0,0.0,0.0,0.0,0.0,0.0,100.0,0.0,0.0,0.0,0,0.0,0.6419094815733344,0.764562622444788,0.0,1.0,250,250.0
edge_only,outage,105,250.0,250,67.87800210428408,282.2875199984992,289.4123900111299,291.8655999819748,67.87800210428408,0.14,0.8127137591838837,0.6933564240932465,875.0,3.5,3500.0,1.0,0.0,0.0,0.14,0.7142857142857143,0.0,0.0,0.14285714285714285,0.5714285714285714,0.2857142857142857,0.86,0.0,100.0,0.0,0.0,0,0.0,0.5436337794976323,0.6546281832109857,0.0,0.86,250,250.0
cloud_only,outage,105,250.0,250,67.90618080133572,282.2875199984992,289.4123900111299,291.8655999819748,67.90618080133572,0.14,0.8127137591838837,0.6933564240932465,1225.0,4.9,4900.0,1.0,0.0,0.0,0.14,0.6285714285714286,0.0,0.0,0.5428571428571428,0.08571428571428572,0.37142857142857144,0.86,0.0,100.0,0.0,0.0,0,0.0,0.5436337794976323,0.6546281832109857,0.0,0.86,250,250.0
dapper,outage,105,250.0,250,10.846626399321481,37.944645000970915,48.51217899587937,54.175500001292676,10.846626399321481,0.0,0.8324055707454682,0.8324055707454682,0.0,0.0,0.0,0.992,0.696,0.0,0.0,0.0,0.0,0.0,0.0,0.0,0.0,0.0,26.400000000000002,0.0,0.0,73.6,106,424.0,0.19399362402303577,0.2247328573761695,0.0,0.304,250,250.0
deadline_greedy,outage,105,250.0,250,32.90618080133572,45.22195500030648,53.2414129906101,57.1629999903962,32.90618080133572,0.0,0.8127137591838837,0.8127137591838837,0.0,0.0,0.0,0.0,0.0,0.0,0.0,0.0,0.0,0.0,0.0,0.0,0.0,0.0,100.0,0.0,0.0,0.0,0,0.0,0.6419094815733344,0.764562622444788,0.0,1.0,250,250.0
confidence_deadline,outage,105,250.0,250,32.90618080133572,45.22195500030648,53.2414129906101,57.1629999903962,32.90618080133572,0.0,0.8127137591838837,0.8127137591838837,0.0,0.0,0.0,0.0,0.0,0.0,0.0,0.0,0.0,0.0,0.0,0.0,0.0,0.0,100.0,0.0,0.0,0.0,0,0.0,0.6419094815733344,0.764562622444788,0.0,1.0,250,250.0
oracle_feasible,outage,105,250.0,250,48.87800210428408,280.0115850084694,284.35075799468905,289.62749999482185,48.87800210428408,0.064,0.8127137591838837,0.7577572677135468,400.0,1.6,1600.0,0.064,0.0,0.0,0.064,1.0,0.0,0.0,0.0,1.0,0.0,0.0,93.60000000000001,6.4,0.0,0.0,18,72.0,0.5957163191801719,0.7099815347426813,0.0,0.936,250,250.0
local_only,outage,106,250.0,250,32.90618080133572,45.22195500030648,53.2414129906101,57.1629999903962,32.90618080133572,0.0,0.8127137591838837,0.8127137591838837,0.0,0.0,0.0,0.0,0.0,0.0,0.0,0.0,0.0,0.0,0.0,0.0,0.0,0.0,100.0,0.0,0.0,0.0,0,0.0,0.6419094815733344,0.764562622444788,0.0,1.0,250,250.0
edge_only,outage,106,250.0,250,81.90618080133572,282.7513999916846,285.0865649874322,300.87979999370873,81.90618080133572,0.196,0.8127137591838837,0.652507838845253,1225.0,4.9,4900.0,1.0,0.0,0.0,0.196,0.6938775510204082,0.0,0.0,0.30612244897959184,0.3877551020408163,0.30612244897959184,0.804,0.0,100.0,0.0,0.0,0,0.0,0.5249032352669216,0.617820351976403,0.0,0.804,250,250.0
cloud_only,outage,106,250.0,250,81.90618080133572,282.7513999916846,285.0865649874322,300.87979999370873,81.90618080133572,0.196,0.8127137591838837,0.652507838845253,1715.0,6.86,6860.0,1.0,0.0,0.0,0.196,0.7346938775510204,0.0,0.0,0.7346938775510204,0.0,0.2653061224489796,0.804,0.0,100.0,0.0,0.0,0,0.0,0.5249032352669216,0.617820351976403,0.0,0.804,250,250.0
dapper,outage,106,250.0,250,11.090949199356139,38.543650016072185,50.47217398649078,57.1629999903962,11.090949199356139,0.0,0.8408004298210144,0.8408004298210144,0.0,0.0,0.0,0.996,0.692,0.0,0.0,0.0,0.0,0.0,0.0,0.0,0.0,0.0,24.8,0.0,0.0,75.2,98,392.0,0.19951270377369448,0.21707766755537458,0.0,0.308,250,250.0
deadline_greedy,outage,106,250.0,250,32.90618080133572,45.22195500030648,53.2414129906101,57.1629999903962,32.90618080133572,0.0,0.8127137591838837,0.8127137591838837,0.0,0.0,0.0,0.0,0.0,0.0,0.0,0.0,0.0,0.0,0.0,0.0,0.0,0.0,100.0,0.0,0.0,0.0,0,0.0,0.6419094815733344,0.764562622444788,0.0,1.0,250,250.0
confidence_deadline,outage,106,250.0,250,32.90618080133572,45.22195500030648,53.2414129906101,57.1629999903962,32.90618080133572,0.0,0.8127137591838837,0.8127137591838837,0.0,0.0,0.0,0.0,0.0,0.0,0.0,0.0,0.0,0.0,0.0,0.0,0.0,0.0,100.0,0.0,0.0,0.0,0,0.0,0.6419094815733344,0.764562622444788,0.0,1.0,250,250.0
oracle_feasible,outage,106,250.0,250,49.90618080133572,279.7436400258448,283.7702499970328,285.0501000066288,49.90618080133572,0.068,0.8127137591838837,0.7589628518819809,425.0,1.7,1700.0,0.068,0.0,0.0,0.068,1.0,0.0,0.0,0.0,1.0,0.0,0.0,93.2,6.800000000000001,0.0,0.0,19,76.0,0.5978620068258597,0.7087095052859383,0.0,0.932,250,250.0
local_only,outage,107,250.0,250,32.90618080133572,45.22195500030648,53.2414129906101,57.1629999903962,32.90618080133572,0.0,0.8127137591838837,0.8127137591838837,0.0,0.0,0.0,0.0,0.0,0.0,0.0,0.0,0.0,0.0,0.0,0.0,0.0,0.0,100.0,0.0,0.0,0.0,0,0.0,0.6419094815733344,0.764562622444788,0.0,1.0,250,250.0
edge_only,outage,107,250.0,250,72.90618080133572,282.6521899900399,290.1929000113159,307.1629999903962,72.90618080133572,0.16,0.8127137591838837,0.6890518568754196,1000.0,4.0,4000.0,1.0,0.0,0.0,0.16,0.55,0.0,0.0,0.075,0.475,0.45,0.84,0.0,100.0,0.0,0.0,0,0.0,0.5575753237545923,0.6697372249123842,0.0,0.84,250,250.0
cloud_only,outage,107,250.0,250,72.90618080133572,282.6521899900399,290.1929000113159,307.1629999903962,72.90618080133572,0.16,0.8127137591838837,0.6890518568754196,1400.0,5.6,5600.0,1.0,0.0,0.0,0.16,0.7,0.0,0.0,0.7,0.0,0.3,0.84,0.0,100.0,0.0,0.0,0,0.0,0.5575753237545923,0.6697372249123842,0.0,0.84,250,250.0
dapper,outage,107,250.0,250,10.87500799983181,36.73759000375866,47.20997200522104,57.1629999903962,10.87500799983181,0.0,0.7993763390779495,0.7993763390779495,0.0,0.0,0.0,0.992,0.696,0.0,0.0,0.0,0.0,0.0,0.0,0.0,0.0,0.0,26.0,0.0,0.0,74.0,104,416.0,0.18874000999000998,0.21123078089638597,0.0,0.304,250,250.0
deadline_greedy,outage,107,250.0,250,32.90618080133572,45.22195500030648,53.2414129906101,57.1629999903962,32.90618080133572,0.0,0.8127137591838837,0.8127137591838837,0.0,0.0,0.0,0.0,0.0,0.0,0.0,0.0,0.0,0.0,0.0,0.0,0.0,0.0,100.0,0.0,0.0,0.0,0,0.0,0.6419094815733344,0.764562622444788,0.0,1.0,250,250.0
confidence_deadline,outage,107,250.0,250,32.90618080133572,45.22195500030648,53.2414129906101,57.1629999903962,32.90618080133572,0.0,0.8127137591838837,0.8127137591838837,0.0,0.0,0.0,0.0,0.0,0.0,0.0,0.0,0.0,0.0,0.0,0.0,0.0,0.0,100.0,0.0,0.0,0.0,0,0.0,0.6419094815733344,0.764562622444788,0.0,1.0,250,250.0
oracle_feasible,outage,107,250.0,250,48.90618080133572,278.7953299790388,284.5493059948785,307.1629999903962,48.90618080133572,0.064,0.8127137591838837,0.7637406061887742,400.0,1.6,1600.0,0.064,0.0,0.0,0.064,1.0,0.0,0.0,0.0,1.0,0.0,0.0,93.60000000000001,6.4,0.0,0.0,26,104.0,0.6098008426801113,0.7300207312149987,0.0,0.936,250,250.0
local_only,outage,108,250.0,250,32.90618080133572,45.22195500030648,53.2414129906101,57.1629999903962,32.90618080133572,0.0,0.8127137591838837,0.8127137591838837,0.0,0.0,0.0,0.0,0.0,0.0,0.0,0.0,0.0,0.0,0.0,0.0,0.0,0.0,100.0,0.0,0.0,0.0,0,0.0,0.6419094815733344,0.764562622444788,0.0,1.0,250,250.0
edge_only,outage,108,250.0,250,60.822796079013685,281.1574999941513,292.46325840782964,302.26919997949153,60.822796079013685,0.112,0.8127137591838837,0.7172485568523407,700.0,2.8,2800.0,1.0,0.0,0.0,0.112,0.8214285714285714,0.0,0.0,0.14285714285714285,0.6785714285714286,0.17857142857142858,0.888,0.0,100.0,0.0,0.0,0,0.0,0.5776487059279746,0.6740763217674046,0.0,0.888,250,250.0
cloud_only,outage,108,250.0,250,60.90618080133572,281.4512149663642,292.5183290161658,302.26919997949153,60.90618080133572,0.112,0.8127137591838837,0.7172485568523407,980.0,3.92,3920.0,1.0,0.0,0.0,0.112,0.7857142857142857,0.0,0.0,0.6071428571428571,0.17857142857142858,0.21428571428571427,0.888,0.0,100.0,0.0,0.0,0,0.0,0.5776487059279746,0.6740763217674046,0.0,0.888,250,250.0
dapper,outage,108,250.0,250,11.03585719918646,36.57410999003332,48.027634985046454,57.1629999903962,11.03585719918646,0.0,0.8050835838317871,0.8050835838317871,0.0,0.0,0.0,0.984,0.692,0.0,0.0,0.0,0.0,0.0,0.0,0.0,0.0,0.0,28.000000000000004,0.0,0.0,72.0,110,440.0,0.19318872793872793,0.2350811343645739,0.0,0.308,250,250.0
deadline_greedy,outage,108,250.0,250,32.90618080133572,45.22195500030648,53.2414129906101,57.1629999903962,32.90618080133572,0.0,0.8127137591838837,0.8127137591838837,0.0,0.0,0.0,0.0,0.0,0.0,0.0,0.0,0.0,0.0,0.0,0.0,0.0,0.0,100.0,0.0,0.0,0.0,0,0.0,0.6419094815733344,0.764562622444788,0.0,1.0,250,250.0
confidence_deadline,outage,108,250.0,250,32.90618080133572,45.22195500030648,53.2414129906101,57.1629999903962,32.90618080133572,0.0,0.8127137591838837,0.8127137591838837,0.0,0.0,0.0,0.0,0.0,0.0,0.0,0.0,0.0,0.0,0.0,0.0,0.0,0.0,100.0,0.0,0.0,0.0,0,0.0,0.6419094815733344,0.764562622444788,0.0,1.0,250,250.0
oracle_feasible,outage,108,250.0,250,48.822796079013685,278.09401500271633,290.0730496276935,297.6203999714926,48.822796079013685,0.064,0.8127137591838837,0.7597903344631195,400.0,1.6,1600.0,0.064,0.0,0.0,0.064,1.0,0.0,0.0,0.0,1.0,0.0,0.0,93.60000000000001,6.4,0.0,0.0,20,80.0,0.6098089300176105,0.7183084519867959,0.0,0.936,250,250.0
local_only,outage,109,250.0,250,32.90618080133572,45.22195500030648,53.2414129906101,57.1629999903962,32.90618080133572,0.0,0.8127137591838837,0.8127137591838837,0.0,0.0,0.0,0.0,0.0,0.0,0.0,0.0,0.0,0.0,0.0,0.0,0.0,0.0,100.0,0.0,0.0,0.0,0,0.0,0.6419094815733344,0.764562622444788,0.0,1.0,250,250.0
edge_only,outage,109,250.0,250,65.69420351312836,282.3310800100444,291.61339702783147,302.26919997949153,65.69420351312836,0.132,0.8127137591838837,0.6989761253595352,825.0,3.3,3300.0,1.0,0.0,0.0,0.132,0.5757575757575758,0.0,0.0,0.06060606060606061,0.5151515151515151,0.42424242424242425,0.868,0.0,100.0,0.0,0.0,0,0.0,0.5593350917643604,0.662256135584161,0.0,0.868,250,250.0
cloud_only,outage,109,250.0,250,65.90618080133572,282.3310800100444,291.61339702783147,302.26919997949153,65.90618080133572,0.132,0.8127137591838837,0.6989761253595352,1155.0,4.62,4620.0,1.0,0.0,0.0,0.132,0.6666666666666666,0.0,0.0,0.6060606060606061,0.06060606060606061,0.3333333333333333,0.868,0.0,100.0,0.0,0.0,0,0.0,0.5593350917643604,0.662256135584161,0.0,0.868,250,250.0
dapper,outage,109,250.0,250,10.67241360018961,36.02338997879995,45.01893601205664,57.1629999903962,10.67241360018961,0.0,0.802312457203865,0.802312457203865,0.0,0.0,0.0,0.988,0.7,0.0,0.0,0.0,0.0,0.0,0.0,0.0,0.0,0.0,26.8,0.0,0.0,73.2,108,432.0,0.18401789532306775,0.2019066478461383,0.0,0.3,250,250.0
deadline_greedy,outage,109,250.0,250,32.90618080133572,45.22195500030648,53.2414129906101,57.1629999903962,32.90618080133572,0.0,0.8127137591838837,0.8127137591838837,0.0,0.0,0.0,0.0,0.0,0.0,0.0,0.0,0.0,0.0,0.0,0.0,0.0,0.0,100.0,0.0,0.0,0.0,0,0.0,0.6419094815733344,0.764562622444788,0.0,1.0,250,250.0
confidence_deadline,outage,109,250.0,250,32.90618080133572,45.22195500030648,53.2414129906101,57.1629999903962,32.90618080133572,0.0,0.8127137591838837,0.8127137591838837,0.0,0.0,0.0,0.0,0.0,0.0,0.0,0.0,0.0,0.0,0.0,0.0,0.0,0.0,100.0,0.0,0.0,0.0,0,0.0,0.6419094815733344,0.764562622444788,0.0,1.0,250,250.0
oracle_feasible,outage,109,250.0,250,46.90618080133572,279.463029987528,287.6547640206991,293.94320002757013,46.90618080133572,0.056,0.8127137591838837,0.7655254752635956,350.0,1.4,1400.0,0.056,0.0,0.0,0.056,1.0,0.0,0.0,0.0,1.0,0.0,0.0,94.39999999999999,5.6000000000000005,0.0,0.0,22,88.0,0.6115195871540282,0.7223778079669799,0.0,0.944,250,250.0
