variant,profile,seed,deadline_ms,frames,mean_latency_ms,p95_latency_ms,p99_latency_ms,max_latency_ms,mean_final_latency_ms,deadline_miss_rate,mean_output_confidence,usable_confidence_proxy,total_bandwidth_kb,bandwidth_per_frame_kb,bandwidth_per_1000_frames_kb,fallback_rate,reuse_rate,stale_acceptance_rate,remote_attempt_rate,remote_success_rate,remote_accept_rate,remote_accepted_per_frame,remote_rejected_deadline_rate,remote_rejected_freshness_rate,remote_failed_loss_rate,remote_unreachable_rate,pct_local_fast,pct_edge_accurate,pct_hybrid,pct_degraded_safe,mode_switches,mode_switches_per_1000
dapper_full,variable,100,100.0,1000,19.847097399190012,33.61420558459003,34.76027410675784,34.95054826151675,21.97468170885308,0.0,0.7259116438296801,0.7309100495998946,5375.0,5.375,5375.0,0.284,0.216,0.0,0.215,0.9116279069767442,0.15348837209302327,0.033,0.7581395348837209,0.0,0.08837209302325581,0.0,56.89999999999999,0.0,21.5,21.6,342,342.0
dapper_full,variable,101,100.0,1000,19.873228370530978,33.51859359353788,34.716729365681125,34.99816501848515,22.429717590864318,0.0,0.7275598148950951,0.7338505135735993,6025.0,6.025,6025.0,0.256,0.2,0.0,0.241,0.9294605809128631,0.15767634854771784,0.038,0.7717842323651453,0.0,0.07053941908713693,0.0,55.900000000000006,0.0,24.099999999999998,20.0,331,331.0
dapper_full,variable,102,100.0,1000,21.725835154751234,33.952084801243224,34.85412725538718,34.995332379528136,24.55018827202417,0.0,0.7253923428217819,0.7325011631642455,6075.0,6.075,6075.0,0.167,0.131,0.0,0.243,0.9012345679012346,0.1728395061728395,0.042,0.7283950617283951,0.0,0.09876543209876543,0.0,62.6,0.0,24.3,13.100000000000001,304,304.0
dapper_full,variable,103,100.0,1000,19.512093113412188,33.581179869308166,34.6745142049723,34.99051342908312,21.536858533775952,0.0,0.7264145780785138,0.7316018841146493,5975.0,5.975,5975.0,0.315,0.239,0.0,0.239,0.9079497907949791,0.12552301255230125,0.03,0.7824267782426778,0.0,0.09205020920502092,0.0,52.2,0.0,23.9,23.9,358,358.0
dapper_full,variable,104,100.0,1000,21.518439904160722,33.92297556550541,34.71580596411837,34.944614204784195,24.19286560109536,0.0,0.727405744674525,0.7335000817049102,5675.0,5.675,5675.0,0.187,0.143,0.0,0.227,0.920704845814978,0.1762114537444934,0.04,0.7444933920704846,0.0,0.07929515418502203,0.0,63.0,0.0,22.7,14.299999999999999,297,297.0
dapper_full,variable,105,100.0,1000,20.409246302565197,33.52133876628223,34.7773651787171,34.98077376103997,23.376413958481,0.0,0.726150768098847,0.7330994621409599,6100.0,6.1,6100.0,0.238,0.184,0.0,0.244,0.9467213114754098,0.1762295081967213,0.043,0.7704918032786885,0.0,0.05327868852459016,0.0,57.199999999999996,0.0,24.4,18.4,334,334.0
dapper_full,variable,106,100.0,1000,21.59372391817589,33.5305156645498,34.67586933903363,34.993851868805095,24.22464112131524,0.0,0.7255234671581106,0.7321782081483472,5525.0,5.525,5525.0,0.175,0.136,0.0,0.221,0.9366515837104072,0.18099547511312217,0.04,0.755656108597285,0.0,0.06334841628959276,0.0,64.3,0.0,22.1,13.600000000000001,290,290.0
dapper_full,variable,107,100.0,1000,20.056441701403287,33.56666120695883,34.6268453225655,34.98148819897819,22.290948278842663,0.0,0.7240116849833446,0.729203334796121,4925.0,4.925,4925.0,0.261,0.201,0.0,0.197,0.9137055837563451,0.16751269035532995,0.033,0.7461928934010152,0.0,0.08629441624365482,0.0,60.199999999999996,0.0,19.7,20.1,301,301.0
dapper_full,variable,108,100.0,1000,20.480881005394448,33.99159903353784,34.77692101060002,34.94872090187498,23.301428970536026,0.0,0.7260048286422379,0.7332002127738215,6000.0,6.0,6000.0,0.26,0.196,0.0,0.24,0.925,0.175,0.042,0.75,0.0,0.075,0.0,56.39999999999999,0.0,24.0,19.6,334,334.0
dapper_full,variable,109,100.0,1000,21.210997956041414,33.76823065319891,34.76110730262953,34.98660651522982,23.060011675214664,0.0,0.7239038673745836,0.7281507289543079,5375.0,5.375,5375.0,0.203,0.156,0.0,0.215,0.9348837209302325,0.12558139534883722,0.027,0.8093023255813954,0.0,0.06511627906976744,0.0,62.9,0.0,21.5,15.6,311,311.0
dapper_full,variable,110,100.0,1000,20.982663888093814,33.908831310824965,34.67822534775889,34.98146709760653,22.85841796982215,0.0,0.7252583766377324,0.7294279576298566,5500.0,5.5,5500.0,0.226,0.171,0.0,0.22,0.9181818181818182,0.12727272727272726,0.028,0.7909090909090909,0.0,0.08181818181818182,0.0,60.9,0.0,22.0,17.1,315,315.0
dapper_full,variable,111,100.0,1000,21.15036747714493,33.79838354481562,34.723349040720166,34.97684653932659,23.898246545335653,0.0,0.7257443855359366,0.7321232698987364,6050.0,6.05,6050.0,0.216,0.166,0.0,0.242,0.9297520661157025,0.16942148760330578,0.041,0.7603305785123967,0.0,0.07024793388429752,0.0,59.199999999999996,0.0,24.2,16.6,312,312.0
dapper_full,variable,112,100.0,1000,21.078172240720427,34.0565418294024,34.79412676903375,34.95854802039493,24.212262504548903,0.0,0.728773769620013,0.7356621447394286,6425.0,6.425,6425.0,0.215,0.162,0.0,0.257,0.9455252918287937,0.17898832684824903,0.046,0.7665369649805448,0.0,0.054474708171206226,0.0,58.099999999999994,0.0,25.7,16.2,324,324.0
dapper_full,variable,113,100.0,1000,21.273906223598555,33.57682626381407,34.78843892853948,34.96829040868747,22.896912929005918,0.0,0.7263068757945752,0.7298801650003229,5800.0,5.8,5800.0,0.197,0.15,0.0,0.232,0.9396551724137931,0.10344827586206896,0.024,0.8362068965517241,0.0,0.0603448275862069,0.0,61.8,0.0,23.200000000000003,15.0,301,301.0
dapper_full,variable,114,100.0,1000,19.651478679764644,33.53883646549626,34.61117657596823,34.99588156157893,21.80082481738994,0.0,0.7222741502329159,0.7272650507331792,4450.0,4.45,4450.0,0.266,0.205,0.0,0.178,0.9044943820224719,0.1797752808988764,0.032,0.7247191011235955,0.0,0.09550561797752809,0.0,61.7,0.0,17.8,20.5,333,333.0
dapper_full,variable,115,100.0,1000,21.45827282696581,33.34691437699113,34.626745067103904,34.87718954629805,24.548942824019623,0.0,0.7230935571850724,0.7305974128658156,5350.0,5.35,5350.0,0.176,0.137,0.0,0.214,0.9065420560747663,0.2102803738317757,0.045,0.6962616822429907,0.0,0.09345794392523364,0.0,64.9,0.0,21.4,13.700000000000001,290,290.0
dapper_full,variable,116,100.0,1000,20.840460970931165,33.98344969197258,34.76841725790863,34.94714462527301,22.676296011280233,0.0,0.7289372186607409,0.7337824041177154,4900.0,4.9,4900.0,0.239,0.184,0.0,0.196,0.9336734693877551,0.1377551020408163,0.027,0.7959183673469388,0.0,0.0663265306122449,0.0,62.0,0.0,19.6,18.4,294,294.0
dapper_full,variable,117,100.0,1000,22.76021868961211,34.240173789397694,34.82080355680936,34.990866631104254,24.340232113684532,0.0,0.7236897900442029,0.7274013833791875,6150.0,6.15,6150.0,0.132,0.1,0.0,0.246,0.9146341463414634,0.09349593495934959,0.023,0.8211382113821138,0.0,0.08536585365853659,0.0,65.4,0.0,24.6,10.0,296,296.0
dapper_full,variable,118,100.0,1000,21.19990772515089,33.5101571170854,34.37942051281876,34.868091607089696,24.795661088368785,0.0,0.7251742139285398,0.7332718839678496,6650.0,6.65,6650.0,0.193,0.148,0.0,0.266,0.9323308270676691,0.19548872180451127,0.052,0.7368421052631579,0.0,0.06766917293233082,0.0,58.599999999999994,0.0,26.6,14.799999999999999,320,320.0
dapper_full,variable,119,100.0,1000,20.98980792595105,33.65904383541709,34.57959716197339,34.99635852821138,23.759955843587026,0.0,0.7248011782863056,0.731759718303051,5900.0,5.9,5900.0,0.218,0.166,0.0,0.236,0.9279661016949152,0.17372881355932204,0.041,0.7542372881355932,0.0,0.07203389830508475,0.0,59.8,0.0,23.599999999999998,16.6,303,303.0
dapper_full,variable,120,100.0,1000,21.637219680970638,33.96526001626422,34.71258654891299,34.99491157025027,24.157473320400253,0.0,0.7236256274039456,0.7299055176505913,7075.0,7.075,7075.0,0.179,0.134,0.0,0.283,0.9399293286219081,0.13074204946996468,0.037,0.8091872791519434,0.0,0.06007067137809187,0.0,58.3,0.0,28.299999999999997,13.4,319,319.0
dapper_full,variable,121,100.0,1000,20.769854338698046,33.76407787463392,34.80089032279628,34.994688323129196,24.68125200719413,0.0,0.7246801812954811,0.7345887093906228,6775.0,6.775,6775.0,0.217,0.168,0.0,0.271,0.948339483394834,0.2140221402214022,0.058,0.7343173431734318,0.0,0.05166051660516605,0.0,56.10000000000001,0.0,27.1,16.8,311,311.0
dapper_full,variable,122,100.0,1000,21.13175821444513,33.694416258508085,34.631522901173106,34.97317679379236,24.23120819446242,0.0,0.727101792089757,0.7340206501603544,5650.0,5.65,5650.0,0.197,0.151,0.0,0.226,0.9557522123893806,0.19911504424778761,0.045,0.7566371681415929,0.0,0.04424778761061947,0.0,62.3,0.0,22.6,15.1,312,312.0
dapper_full,variable,123,100.0,1000,21.09321361110236,33.79103353765298,34.79488657343286,34.98222422308634,23.181419503996473,0.0,0.7282104611957531,0.7339684088091011,5550.0,5.55,5550.0,0.215,0.164,0.0,0.222,0.9369369369369369,0.14414414414414414,0.032,0.7927927927927928,0.0,0.06306306306306306,0.0,61.4,0.0,22.2,16.400000000000002,318,318.0
dapper_full,variable,124,100.0,1000,21.732988484636902,33.61582768332837,34.67732058291188,34.996246009129095,23.750766552712175,0.0,0.7242599698219147,0.7290090601287487,6700.0,6.7,6700.0,0.169,0.132,0.0,0.268,0.8955223880597015,0.11194029850746269,0.03,0.7835820895522388,0.0,0.1044776119402985,0.0,60.0,0.0,26.8,13.200000000000001,338,338.0
dapper_full,variable,125,100.0,1000,20.769788307085673,33.55572104656107,34.7780426012565,34.94952031560075,23.64318483654006,0.0,0.7246252838037862,0.7310543455649272,5925.0,5.925,5925.0,0.222,0.17,0.0,0.237,0.9409282700421941,0.17721518987341772,0.042,0.7637130801687764,0.0,0.05907172995780591,0.0,59.3,0.0,23.7,17.0,320,320.0
dapper_full,variable,126,100.0,1000,21.1478810158433,33.75159446968112,34.720173914570076,34.997585709381326,23.72466143080774,0.0,0.730137150017489,0.7363161985328225,5775.0,5.775,5775.0,0.21,0.163,0.0,0.231,0.9307359307359307,0.16883116883116883,0.039,0.7619047619047619,0.0,0.06926406926406926,0.0,60.6,0.0,23.1,16.3,315,315.0
dapper_full,variable,127,100.0,1000,20.660215773075464,34.01155392391131,34.710521322396545,34.9805264786951,22.9640357303438,0.0,0.7254115546748069,0.7311096624471685,5750.0,5.75,5750.0,0.245,0.187,0.0,0.23,0.9521739130434783,0.14347826086956522,0.033,0.808695652173913,0.0,0.04782608695652174,0.0,58.3,0.0,23.0,18.7,329,329.0
dapper_full,variable,128,100.0,1000,19.588881490818014,33.63444553862527,34.724924465655434,34.96530254190218,21.60420490748735,0.0,0.7261101277963585,0.7302212879187465,4475.0,4.475,4475.0,0.278,0.214,0.0,0.179,0.9162011173184358,0.16201117318435754,0.029,0.7541899441340782,0.0,0.08379888268156424,0.0,60.699999999999996,0.0,17.9,21.4,299,299.0
dapper_full,variable,129,100.0,1000,21.009790891695804,33.95183803633796,34.77333674805944,34.967648156933706,23.06959798697679,0.0,0.7216296347896245,0.7265740112000998,5425.0,5.425,5425.0,0.227,0.175,0.0,0.217,0.9447004608294931,0.14746543778801843,0.032,0.7972350230414746,0.0,0.055299539170506916,0.0,60.8,0.0,21.7,17.5,312,312.0
dapper_full,congested,100,100.0,1000,24.824557271985057,33.928407620489025,34.77556075006328,34.97404020175507,24.824557271985057,0.0,0.7231225654703062,0.7231225654703062,0.0,0.0,0.0,0.004,0.004,0.0,0.0,0.0,0.0,0.0,0.0,0.0,0.0,0.0,99.6,0.0,0.0,0.4,8,8.0
dapper_full,congested,101,100.0,1000,25.026673523971784,34.03466107987438,34.84243479054015,34.99327875607795,25.026673523971784,0.0,0.7239603822715144,0.7239603822715144,0.0,0.0,0.0,0.007,0.007,0.0,0.0,0.0,0.0,0.0,0.0,0.0,0.0,0.0,99.3,0.0,0.0,0.7000000000000001,12,12.0
dapper_full,congested,102,100.0,1000,24.829712790777762,33.96479457393766,34.69588731781126,34.989536221406055,24.829712790777762,0.0,0.7270052366898776,0.7270052366898776,0.0,0.0,0.0,0.008,0.008,0.0,0.0,0.0,0.0,0.0,0.0,0.0,0.0,0.0,99.2,0.0,0.0,0.8,14,14.0
dapper_full,congested,103,100.0,1000,24.892785643695664,34.09454856492267,34.78542999553827,34.985893217625524,24.892785643695664,0.0,0.7249187188165734,0.7249187188165734,0.0,0.0,0.0,0.006,0.006,0.0,0.0,0.0,0.0,0.0,0.0,0.0,0.0,0.0,99.4,0.0,0.0,0.6,12,12.0
dapper_full,congested,104,100.0,1000,24.77796847513708,33.81394766067372,34.81048977789511,34.94578824107255,24.77796847513708,0.0,0.7272547943451833,0.7272547943451833,0.0,0.0,0.0,0.008,0.008,0.0,0.0,0.0,0.0,0.0,0.0,0.0,0.0,0.0,99.2,0.0,0.0,0.8,14,14.0
dapper_full,congested,105,100.0,1000,24.677162661323955,34.007432758127685,34.86009343610894,34.98145078352877,24.677162661323955,0.0,0.7241646482306923,0.7241646482306923,25.0,0.025,25.0,0.008,0.008,0.0,0.001,1.0,0.0,0.0,1.0,0.0,0.0,0.0,99.1,0.0,0.1,0.8,14,14.0
dapper_full,congested,106,100.0,1000,24.772684967250918,33.98450796903268,34.753821099438774,34.98979405154197,24.772684967250918,0.0,0.7262080408789683,0.7262080408789683,0.0,0.0,0.0,0.007,0.007,0.0,0.0,0.0,0.0,0.0,0.0,0.0,0.0,0.0,99.3,0.0,0.0,0.7000000000000001,8,8.0
dapper_full,congested,107,100.0,1000,24.763848167260303,33.88426057014752,34.77470672268729,34.998762184541775,24.763848167260303,0.0,0.7257346306649486,0.7257346306649486,0.0,0.0,0.0,0.005,0.005,0.0,0.0,0.0,0.0,0.0,0.0,0.0,0.0,0.0,99.5,0.0,0.0,0.5,8,8.0
dapper_full,congested,108,100.0,1000,24.953177155047733,33.943119032195405,34.814499351033405,34.99655745974279,24.953177155047733,0.0,0.7244295155267036,0.7244295155267036,0.0,0.0,0.0,0.008,0.008,0.0,0.0,0.0,0.0,0.0,0.0,0.0,0.0,0.0,99.2,0.0,0.0,0.8,14,14.0
dapper_full,congested,109,100.0,1000,24.847059358357548,33.93181537323021,34.785030538309286,34.98925809716232,24.847059358357548,0.0,0.7234323551786083,0.7234323551786083,0.0,0.0,0.0,0.007,0.007,0.0,0.0,0.0,0.0,0.0,0.0,0.0,0.0,0.0,99.3,0.0,0.0,0.7000000000000001,10,10.0
dapper_full,congested,110,100.0,1000,24.70223165713215,33.71973175922034,34.60151524624712,34.90888622322395,24.70223165713215,0.0,0.7246938266396346,0.7246938266396346,0.0,0.0,0.0,0.005,0.005,0.0,0.0,0.0,0.0,0.0,0.0,0.0,0.0,0.0,99.5,0.0,0.0,0.5,8,8.0
dapper_full,congested,111,100.0,1000,24.94253826558974,33.995133250212476,34.74455155405684,34.96241421096305,24.94253826558974,0.0,0.7254545302713125,0.7254545302713125,0.0,0.0,0.0,0.008,0.008,0.0,0.0,0.0,0.0,0.0,0.0,0.0,0.0,0.0,99.2,0.0,0.0,0.8,14,14.0
dapper_full,congested,112,100.0,1000,24.86963877249279,33.90095224371657,34.76580213455383,34.985906989642146,24.86963877249279,0.0,0.7266076329631779,0.7266076329631779,0.0,0.0,0.0,0.013,0.013,0.0,0.0,0.0,0.0,0.0,0.0,0.0,0.0,0.0,98.7,0.0,0.0,1.3,18,18.0
dapper_full,congested,113,100.0,1000,24.72292431672843,33.938019364553725,34.77247181035648,34.98424994294581,24.72292431672843,0.0,0.7265134749764945,0.7265134749764945,0.0,0.0,0.0,0.007,0.007,0.0,0.0,0.0,0.0,0.0,0.0,0.0,0.0,0.0,99.3,0.0,0.0,0.7000000000000001,12,12.0
dapper_full,congested,114,100.0,1000,24.915906991902833,33.99518413696301,34.87476614646897,34.96282987218834,24.915906991902833,0.0,0.7286233928366593,0.7286233928366593,0.0,0.0,0.0,0.008,0.008,0.0,0.0,0.0,0.0,0.0,0.0,0.0,0.0,0.0,99.2,0.0,0.0,0.8,10,10.0
dapper_full,congested,115,100.0,1000,25.085740611498316,34.01033183391731,34.751795785617006,34.96593743598228,25.085740611498316,0.0,0.722824442674691,0.722824442674691,0.0,0.0,0.0,0.006,0.006,0.0,0.0,0.0,0.0,0.0,0.0,0.0,0.0,0.0,99.4,0.0,0.0,0.6,10,10.0
dapper_full,congested,116,100.0,1000,25.324934204252145,33.95730249293956,34.77240430108412,34.9771698353159,25.324934204252145,0.0,0.7260315559209485,0.7260315559209485,0.0,0.0,0.0,0.008,0.008,0.0,0.0,0.0,0.0,0.0,0.0,0.0,0.0,0.0,99.2,0.0,0.0,0.8,16,16.0
dapper_full,congested,117,100.0,1000,24.38620885543388,33.706919736517364,34.66361864084976,34.994340946660934,24.38620885543388,0.0,0.7253330615138619,0.7253330615138619,25.0,0.025,25.0,0.008,0.008,0.0,0.001,1.0,0.0,0.0,1.0,0.0,0.0,0.0,99.1,0.0,0.1,0.8,18,18.0
dapper_full,congested,118,100.0,1000,25.01023416650803,34.01490807545646,34.75940662114508,34.968506891824205,25.01023416650803,0.0,0.7268033495517163,0.7268033495517163,0.0,0.0,0.0,0.007,0.007,0.0,0.0,0.0,0.0,0.0,0.0,0.0,0.0,0.0,99.3,0.0,0.0,0.7000000000000001,12,12.0
dapper_full,congested,119,100.0,1000,25.237974362405513,33.930297923071485,34.79939395844596,34.97944595589328,25.237974362405513,0.0,0.7235998627315303,0.7235998627315303,0.0,0.0,0.0,0.005,0.005,0.0,0.0,0.0,0.0,0.0,0.0,0.0,0.0,0.0,99.5,0.0,0.0,0.5,8,8.0
dapper_full,congested,120,100.0,1000,24.770729236686982,33.99634834863332,34.78821886321599,34.985958566309606,24.770729236686982,0.0,0.724149083598059,0.724149083598059,0.0,0.0,0.0,0.008,0.008,0.0,0.0,0.0,0.0,0.0,0.0,0.0,0.0,0.0,99.2,0.0,0.0,0.8,16,16.0
dapper_full,congested,121,100.0,1000,24.670024513531853,33.750343569648706,34.75280697328194,34.996277370025744,24.670024513531853,0.0,0.7242193034879331,0.7242193034879331,0.0,0.0,0.0,0.006,0.006,0.0,0.0,0.0,0.0,0.0,0.0,0.0,0.0,0.0,99.4,0.0,0.0,0.6,10,10.0
dapper_full,congested,122,100.0,1000,24.53787182490916,33.83751458842038,34.770700984913006,34.91653465760954,24.53787182490916,0.0,0.726925307989091,0.726925307989091,0.0,0.0,0.0,0.013,0.013,0.0,0.0,0.0,0.0,0.0,0.0,0.0,0.0,0.0,98.7,0.0,0.0,1.3,14,14.0
dapper_full,congested,123,100.0,1000,24.972968667791022,34.0068905091913,34.771507219222585,34.98883073588995,24.972968667791022,0.0,0.7231981737549722,0.7231981737549722,0.0,0.0,0.0,0.002,0.002,0.0,0.0,0.0,0.0,0.0,0.0,0.0,0.0,0.0,99.8,0.0,0.0,0.2,4,4.0
dapper_full,congested,124,100.0,1000,24.68398444976012,33.74309287533703,34.66363593071505,34.94326242767353,24.68398444976012,0.0,0.7246698111318651,0.7246698111318651,0.0,0.0,0.0,0.006,0.006,0.0,0.0,0.0,0.0,0.0,0.0,0.0,0.0,0.0,99.4,0.0,0.0,0.6,10,10.0
dapper_full,congested,125,100.0,1000,24.725669553063664,34.05786747219948,34.83418763630404,34.99974319601896,24.725669553063664,0.0,0.7228975062228786,0.7228975062228786,25.0,0.025,25.0,0.012,0.012,0.0,0.001,1.0,0.0,0.0,1.0,0.0,0.0,0.0,98.7,0.0,0.1,1.2,16,16.0
dapper_full,congested,126,100.0,1000,24.961010734873252,33.97988585528562,34.774114294105054,34.99086328598782,24.961010734873252,0.0,0.7258907807888281,0.7258907807888281,0.0,0.0,0.0,0.002,0.002,0.0,0.0,0.0,0.0,0.0,0.0,0.0,0.0,0.0,99.8,0.0,0.0,0.2,4,4.0
dapper_full,congested,127,100.0,1000,24.79915459305446,33.97839515917549,34.71031183612322,34.99801668883106,24.79915459305446,0.0,0.7241769809830646,0.7241769809830646,0.0,0.0,0.0,0.01,0.01,0.0,0.0,0.0,0.0,0.0,0.0,0.0,0.0,0.0,99.0,0.0,0.0,1.0,18,18.0
dapper_full,congested,128,100.0,1000,24.671514882986425,34.08647701991846,34.783499539553866,34.99302751306131,24.671514882986425,0.0,0.72324842617587,0.72324842617587,0.0,0.0,0.0,0.008,0.008,0.0,0.0,0.0,0.0,0.0,0.0,0.0,0.0,0.0,99.2,0.0,0.0,0.8,12,12.0
dapper_full,congested,129,100.0,1000,24.599702966215787,33.90591045177916,34.77957296022762,34.981958638619645,24.599702966215787,0.0,0.7227863941222297,0.7227863941222297,0.0,0.0,0.0,0.013,0.013,0.0,0.0,0.0,0.0,0.0,0.0,0.0,0.0,0.0,98.7,0.0,0.0,1.3,20,20.0
dapper_full,lossy,100,100.0,1000,25.284238375351617,34.04718924628941,34.84826155800029,34.98907189172226,31.857325313088005,0.0,0.7261089761349956,0.7418683904352356,18000.0,18.0,18000.0,0.0,0.0,0.0,0.72,0.8111111111111111,0.13055555555555556,0.094,0.6805555555555556,0.0,0.18888888888888888,0.0,28.000000000000004,0.0,72.0,0.0,364,364.0
dapper_full,lossy,101,100.0,1000,25.059527190349893,34.120642165867906,34.8265496982896,34.99538718567808,31.68360404093288,0.0,0.7233638220296621,0.7383227658545507,17675.0,17.675,17675.0,0.0,0.0,0.0,0.707,0.8330975954738331,0.13295615275813297,0.094,0.7001414427157001,0.0,0.1669024045261669,0.0,29.299999999999997,0.0,70.7,0.0,366,366.0
dapper_full,lossy,102,100.0,1000,24.993003502753638,33.78557770295638,34.81151542684563,34.990087052311324,30.926238985640797,0.0,0.7247993890094673,0.7385327568542848,17225.0,17.225,17225.0,0.0,0.0,0.0,0.689,0.8113207547169812,0.12336719883889695,0.085,0.6879535558780842,0.0,0.18867924528301888,0.0,31.1,0.0,68.89999999999999,0.0,390,390.0
dapper_full,lossy,103,100.0,1000,25.072925546868568,34.23372242321619,34.794279965090745,34.9768308072483,32.53725996440561,0.0,0.7255664298957895,0.7431153918263849,18675.0,18.675,18675.0,0.0,0.0,0.0,0.747,0.7991967871485943,0.14457831325301204,0.108,0.6546184738955824,0.0,0.20080321285140562,0.0,25.3,0.0,74.7,0.0,340,340.0
dapper_full,lossy,104,100.0,1000,24.952721574773207,33.7641107522445,34.821547122134376,34.99174516374082,32.954498342235674,0.0,0.725270205207262,0.7428455742749839,18200.0,18.2,18200.0,0.0,0.0,0.0,0.728,0.8063186813186813,0.15796703296703296,0.115,0.6483516483516484,0.0,0.1936813186813187,0.0,27.200000000000003,0.0,72.8,0.0,362,362.0
dapper_full,lossy,105,100.0,1000,25.095152971928933,33.826524025580916,34.67873591147265,34.99594666457182,31.650482579457197,0.0,0.7248747477212536,0.7392192203397958,18825.0,18.825,18825.0,0.0,0.0,0.0,0.753,0.8273572377158035,0.12350597609561753,0.093,0.703851261620186,0.0,0.17264276228419656,0.0,24.7,0.0,75.3,0.0,344,344.0
dapper_full,lossy,106,100.0,1000,24.856568122610433,33.832964597231225,34.72189143706977,34.99784375073101,31.50890321788417,0.0,0.7235813767870335,0.7392206310961336,17800.0,17.8,17800.0,0.0,0.0,0.0,0.712,0.8539325842696629,0.13342696629213482,0.095,0.7205056179775281,0.0,0.14606741573033707,0.0,28.799999999999997,0.0,71.2,0.0,389,389.0
dapper_full,lossy,107,100.0,1000,24.68158080592215,34.00414573371424,34.83973190471446,34.99325658145116,31.19660512918917,0.0,0.7241940517114336,0.7388308468489646,18025.0,18.025,18025.0,0.0,0.0,0.0,0.721,0.8099861303744799,0.1276005547850208,0.092,0.6823855755894591,0.0,0.1900138696255201,0.0,27.900000000000002,0.0,72.1,0.0,354,354.0
dapper_full,lossy,108,100.0,1000,25.047265262517854,34.05795037600457,34.73288919337191,34.96757252768798,31.073612955374518,0.0,0.7235643813542582,0.7373909269007133,18325.0,18.325,18325.0,0.0,0.0,0.0,0.733,0.810368349249659,0.11732605729877217,0.086,0.6930422919508867,0.0,0.18963165075034105,0.0,26.700000000000003,0.0,73.3,0.0,364,364.0
dapper_full,lossy,109,100.0,1000,24.775139056545807,34.049418286887835,34.7919194149339,34.94624843509132,31.96287960801317,0.0,0.7212325912059436,0.7383365724449257,18500.0,18.5,18500.0,0.0,0.0,0.0,0.74,0.827027027027027,0.13783783783783785,0.102,0.6891891891891891,0.0,0.17297297297297298,0.0,26.0,0.0,74.0,0.0,324,324.0
dapper_full,lossy,110,100.0,1000,25.004520730247734,33.8683404853258,34.86997539103268,34.98456857838196,32.44878696120915,0.0,0.7268739784421301,0.7433964854715304,17950.0,17.95,17950.0,0.0,0.0,0.0,0.718,0.7813370473537604,0.14623955431754876,0.105,0.6350974930362117,0.0,0.21866295264623956,0.0,28.199999999999996,0.0,71.8,0.0,380,380.0
dapper_full,lossy,111,100.0,1000,24.90307640535743,34.14835345167596,34.756755348825656,34.981698697795565,31.661618369672937,0.0,0.7248703254305311,0.7398456220643752,18200.0,18.2,18200.0,0.0,0.0,0.0,0.728,0.8008241758241759,0.1346153846153846,0.098,0.6662087912087912,0.0,0.19917582417582416,0.0,27.200000000000003,0.0,72.8,0.0,341,341.0
dapper_full,lossy,112,100.0,1000,24.956367632930085,34.151123089835,34.870234716853815,34.962158450180866,32.0743115042331,0.0,0.7253954496233768,0.7418527868840668,18175.0,18.175,18175.0,0.0,0.0,0.0,0.727,0.797799174690509,0.14167812929848694,0.103,0.656121045392022,0.0,0.20220082530949107,0.0,27.3,0.0,72.7,0.0,342,342.0
dapper_full,lossy,113,100.0,1000,25.11573781751927,34.14436127878192,34.867885766711,34.99782157537433,31.685721930267743,0.0,0.7254462125679975,0.7402162266401762,18625.0,18.625,18625.0,0.0,0.0,0.0,0.745,0.8053691275167785,0.1261744966442953,0.094,0.6791946308724832,0.0,0.19463087248322147,0.0,25.5,0.0,74.5,0.0,367,367.0
dapper_full,lossy,114,100.0,1000,25.05695156474369,34.026649628584615,34.857774174382406,34.983091762156874,31.76472240386522,0.0,0.72440817275247,0.7393453718347903,17675.0,17.675,17675.0,0.0,0.0,0.0,0.707,0.8076379066478077,0.1371994342291372,0.097,0.6704384724186704,0.0,0.19236209335219237,0.0,29.299999999999997,0.0,70.7,0.0,359,359.0
dapper_full,lossy,115,100.0,1000,24.76252752899427,34.140208891814694,34.85306689119638,34.992962372181864,31.597060228847266,0.0,0.7251726691219196,0.7398453016431278,17850.0,17.85,17850.0,0.0,0.0,0.0,0.714,0.7969187675070029,0.13725490196078433,0.098,0.6596638655462185,0.0,0.2030812324929972,0.0,28.599999999999998,0.0,71.39999999999999,0.0,380,380.0
dapper_full,lossy,116,100.0,1000,24.951356764470432,33.914227978461774,34.857265543400885,34.99525986411179,32.60167100412868,0.0,0.7243445892890008,0.7428840823811076,17975.0,17.975,17975.0,0.0,0.0,0.0,0.719,0.8344923504867872,0.15577190542420027,0.112,0.6787204450625869,0.0,0.16550764951321278,0.0,28.1,0.0,71.89999999999999,0.0,382,382.0
dapper_full,lossy,117,100.0,1000,25.037129912861214,33.9567672696681,34.764351269100246,34.996388970755305,30.05768402831528,0.0,0.726073452957747,0.7373350959476548,17900.0,17.9,17900.0,0.0,0.0,0.0,0.716,0.7988826815642458,0.1005586592178771,0.072,0.6983240223463687,0.0,0.2011173184357542,0.0,28.4,0.0,71.6,0.0,378,378.0
dapper_full,lossy,118,100.0,1000,24.83203368389728,33.86314293776527,34.704566823658226,34.94197590424748,31.59642683182519,0.0,0.7277094589160901,0.742481456687588,17425.0,17.425,17425.0,0.0,0.0,0.0,0.697,0.8335724533715926,0.13916786226685796,0.097,0.6944045911047346,0.0,0.16642754662840745,0.0,30.3,0.0,69.69999999999999,0.0,402,402.0
dapper_full,lossy,119,100.0,1000,25.22380561542694,34.16353447898527,34.88856396573517,34.993426719837316,32.113435816803424,0.0,0.72570145608929,0.7415107092676313,18600.0,18.6,18600.0,0.0,0.0,0.0,0.744,0.8198924731182796,0.13440860215053763,0.1,0.6854838709677419,0.0,0.18010752688172044,0.0,25.6,0.0,74.4,0.0,342,342.0
dapper_full,lossy,120,100.0,1000,24.94356883456326,33.94762430607923,34.82126839451995,34.99480299428936,31.257672307205212,0.0,0.7242446744200584,0.7384825033900047,18075.0,18.075,18075.0,0.0,0.0,0.0,0.723,0.7980636237897649,0.12448132780082988,0.09,0.673582295988935,0.0,0.20193637621023514,0.0,27.700000000000003,0.0,72.3,0.0,366,366.0
dapper_full,lossy,121,100.0,1000,24.890186762682326,33.9509837447526,34.75636721943252,34.9865485323475,32.77353024549474,0.0,0.7226738180182367,0.7410438719949963,18675.0,18.675,18675.0,0.0,0.0,0.0,0.747,0.821954484605087,0.1499330655957162,0.112,0.6720214190093708,0.0,0.17804551539491298,0.0,25.3,0.0,74.7,0.0,339,339.0
dapper_full,lossy,122,100.0,1000,25.08579289471596,34.07524967583675,34.72465675884838,34.92311681265087,31.763246506243785,0.0,0.7253656451784852,0.7408740543618451,18550.0,18.55,18550.0,0.0,0.0,0.0,0.742,0.7951482479784366,0.1280323450134771,0.095,0.6671159029649596,0.0,0.20485175202156333,0.0,25.8,0.0,74.2,0.0,330,330.0
dapper_full,lossy,123,100.0,1000,24.817178107343594,33.97858252982191,34.71884738710505,34.9640180768012,32.29314773222189,0.0,0.725177200048534,0.7433974475207357,17875.0,17.875,17875.0,0.0,0.0,0.0,0.715,0.8055944055944056,0.15244755244755245,0.109,0.6531468531468532,0.0,0.1944055944055944,0.0,28.499999999999996,0.0,71.5,0.0,380,380.0
dapper_full,lossy,124,100.0,1000,25.144076835710404,34.0084817041087,34.82162623829404,34.999930978152555,33.825274803426076,0.0,0.7252006399861742,0.7459351026481479,18725.0,18.725,18725.0,0.0,0.0,0.0,0.749,0.835781041388518,0.16688918558077437,0.125,0.6688918558077437,0.0,0.16421895861148197,0.0,25.1,0.0,74.9,0.0,362,362.0
dapper_full,lossy,125,100.0,1000,25.290207315525716,34.07810779324134,34.85987931432081,34.99675173862079,31.822242841358705,0.0,0.725008358044021,0.7393774547547449,17300.0,17.3,17300.0,0.0,0.0,0.0,0.692,0.8078034682080925,0.13872832369942195,0.096,0.6690751445086706,0.0,0.19219653179190752,0.0,30.8,0.0,69.19999999999999,0.0,374,374.0
dapper_full,lossy,126,100.0,1000,25.012306557377276,34.01851118868758,34.87231873366858,34.99707928007821,32.11656113797526,0.0,0.7223553858756083,0.7383183297008713,18375.0,18.375,18375.0,0.0,0.0,0.0,0.735,0.8204081632653061,0.13877551020408163,0.102,0.6816326530612244,0.0,0.17959183673469387,0.0,26.5,0.0,73.5,0.0,354,354.0
dapper_full,lossy,127,100.0,1000,24.933813775828348,34.03862120823819,34.851014551058256,34.985303846764054,32.69662669143229,0.0,0.7254720911704587,0.7435683780371112,18100.0,18.1,18100.0,0.0,0.0,0.0,0.724,0.7720994475138122,0.15469613259668508,0.112,0.6174033149171271,0.0,0.22790055248618785,0.0,27.6,0.0,72.39999999999999,0.0,373,373.0
dapper_full,lossy,128,100.0,1000,25.361525346794913,34.112832194106765,34.722796126768856,34.99638466136344,32.25036818382081,0.0,0.7258146565752936,0.7414867988063029,17775.0,17.775,17775.0,0.0,0.0,0.0,0.711,0.8270042194092827,0.1420534458509142,0.101,0.6849507735583685,0.0,0.1729957805907173,0.0,28.9,0.0,71.1,0.0,399,399.0
dapper_full,lossy,129,100.0,1000,24.956002553810663,34.060395492680186,34.85750602439408,34.980831653703675,31.49496513929532,0.0,0.7240405957959037,0.7388445901022926,18725.0,18.725,18725.0,0.0,0.0,0.0,0.749,0.8130841121495327,0.12550066755674233,0.094,0.6875834445927904,0.0,0.18691588785046728,0.0,25.1,0.0,74.9,0.0,351,351.0
dapper_full,outage,100,100.0,1000,7.390958833110617,31.53222247776869,33.92161243264051,34.99545577037872,7.390958833110617,0.0,0.7256162643603677,0.7256162643603677,0.0,0.0,0.0,1.0,0.735,0.0,0.0,0.0,0.0,0.0,0.0,0.0,0.0,0.0,22.6,0.0,0.0,77.4,422,422.0
dapper_full,outage,101,100.0,1000,7.394054329988902,31.520563490832846,34.26171430265933,34.94450915915627,7.394054329988902,0.0,0.7269702216094329,0.7269702216094329,0.0,0.0,0.0,1.0,0.736,0.0,0.0,0.0,0.0,0.0,0.0,0.0,0.0,0.0,21.9,0.0,0.0,78.10000000000001,412,412.0
dapper_full,outage,102,100.0,1000,7.51680019137851,31.462924322041214,34.417701339171714,34.98162652146018,7.51680019137851,0.0,0.725179462474503,0.725179462474503,0.0,0.0,0.0,1.0,0.731,0.0,0.0,0.0,0.0,0.0,0.0,0.0,0.0,0.0,23.200000000000003,0.0,0.0,76.8,422,422.0
dapper_full,outage,103,100.0,1000,7.378221024983012,31.251434028184203,34.6042054298873,34.981104653112794,7.378221024983012,0.0,0.7262335249696575,0.7262335249696575,0.0,0.0,0.0,1.0,0.735,0.0,0.0,0.0,0.0,0.0,0.0,0.0,0.0,0.0,23.0,0.0,0.0,77.0,429,429.0
dapper_full,outage,104,100.0,1000,7.568293210290533,31.59395630138461,34.54533747275368,34.97633437705056,7.568293210290533,0.0,0.7263175970031922,0.7263175970031922,0.0,0.0,0.0,1.0,0.728,0.0,0.0,0.0,0.0,0.0,0.0,0.0,0.0,0.0,23.5,0.0,0.0,76.5,422,422.0
dapper_full,outage,105,100.0,1000,7.519378267796368,31.402502329388795,34.46505659979935,34.921933732182964,7.519378267796368,0.0,0.7248271436420854,0.7248271436420854,0.0,0.0,0.0,1.0,0.732,0.0,0.0,0.0,0.0,0.0,0.0,0.0,0.0,0.0,22.8,0.0,0.0,77.2,417,417.0
dapper_full,outage,106,100.0,1000,7.549106265746754,31.449714720334896,34.37540672388598,34.964850295506736,7.549106265746754,0.0,0.7212594093828284,0.7212594093828284,0.0,0.0,0.0,1.0,0.732,0.0,0.0,0.0,0.0,0.0,0.0,0.0,0.0,0.0,22.3,0.0,0.0,77.7,414,414.0
dapper_full,outage,107,100.0,1000,7.495635529917344,31.80791921566703,34.39018497885919,34.99112443015811,7.495635529917344,0.0,0.7250211366010297,0.7250211366010297,0.0,0.0,0.0,1.0,0.733,0.0,0.0,0.0,0.0,0.0,0.0,0.0,0.0,0.0,23.1,0.0,0.0,76.9,422,422.0
dapper_full,outage,108,100.0,1000,7.251361824662859,31.14265792210696,34.17418822409749,34.97297658698431,7.251361824662859,0.0,0.7266974788453335,0.7266974788453335,0.0,0.0,0.0,1.0,0.736,0.0,0.0,0.0,0.0,0.0,0.0,0.0,0.0,0.0,23.0,0.0,0.0,77.0,426,426.0
dapper_full,outage,109,100.0,1000,7.685496458575816,31.705170488180077,34.40871885608117,34.88886016594044,7.685496458575816,0.0,0.7258121030951461,0.7258121030951461,0.0,0.0,0.0,1.0,0.729,0.0,0.0,0.0,0.0,0.0,0.0,0.0,0.0,0.0,23.5,0.0,0.0,76.5,427,427.0
dapper_full,outage,110,100.0,1000,7.355193804523941,30.694822041353905,34.222511546491425,34.969462845702225,7.355193804523941,0.0,0.7245809511185383,0.7245809511185383,0.0,0.0,0.0,1.0,0.735,0.0,0.0,0.0,0.0,0.0,0.0,0.0,0.0,0.0,22.8,0.0,0.0,77.2,425,425.0
dapper_full,outage,111,100.0,1000,7.398682547644234,31.455362565824643,34.05726657846486,34.958198085831974,7.398682547644234,0.0,0.7280638471067766,0.7280638471067766,0.0,0.0,0.0,1.0,0.732,0.0,0.0,0.0,0.0,0.0,0.0,0.0,0.0,0.0,22.900000000000002,0.0,0.0,77.10000000000001,414,414.0
dapper_full,outage,112,100.0,1000,7.370625290236145,31.426397231090824,34.038780941246515,34.949972127365655,7.370625290236145,0.0,0.7280606555765715,0.7280606555765715,0.0,0.0,0.0,1.0,0.734,0.0,0.0,0.0,0.0,0.0,0.0,0.0,0.0,0.0,22.1,0.0,0.0,77.9,412,412.0
dapper_full,outage,113,100.0,1000,7.147796806593906,30.844985093880027,33.96419838510252,34.91680130902314,7.147796806593906,0.0,0.7299582611154545,0.7299582611154545,0.0,0.0,0.0,1.0,0.737,0.0,0.0,0.0,0.0,0.0,0.0,0.0,0.0,0.0,23.200000000000003,0.0,0.0,76.8,437,437.0
dapper_full,outage,114,100.0,1000,7.501176014095029,31.4914309836508,34.414218678920534,34.97406829855338,7.501176014095029,0.0,0.7224631994341497,0.7224631994341497,0.0,0.0,0.0,1.0,0.728,0.0,0.0,0.0,0.0,0.0,0.0,0.0,0.0,0.0,22.3,0.0,0.0,77.7,398,398.0
dapper_full,outage,115,100.0,1000,7.428611862088066,30.652007764158807,34.152857588086846,34.990047900593524,7.428611862088066,0.0,0.7262317832361891,0.7262317832361891,0.0,0.0,0.0,1.0,0.735,0.0,0.0,0.0,0.0,0.0,0.0,0.0,0.0,0.0,22.2,0.0,0.0,77.8,413,413.0
dapper_full,outage,116,100.0,1000,7.310877248374183,30.959598437937885,34.2744524675671,34.84799240200695,7.310877248374183,0.0,0.727895972888168,0.727895972888168,0.0,0.0,0.0,1.0,0.734,0.0,0.0,0.0,0.0,0.0,0.0,0.0,0.0,0.0,23.5,0.0,0.0,76.5,434,434.0
dapper_full,outage,117,100.0,1000,7.385847848859415,31.09198240986329,34.14712359689956,34.96597639562117,7.385847848859415,0.0,0.7183856901372877,0.7183856901372877,0.0,0.0,0.0,1.0,0.732,0.0,0.0,0.0,0.0,0.0,0.0,0.0,0.0,0.0,21.9,0.0,0.0,78.10000000000001,403,403.0
dapper_full,outage,118,100.0,1000,7.254554051460061,31.241459127591458,33.60889001037177,34.741923692424066,7.254554051460061,0.0,0.7269199104810466,0.7269199104810466,0.0,0.0,0.0,1.0,0.737,0.0,0.0,0.0,0.0,0.0,0.0,0.0,0.0,0.0,22.0,0.0,0.0,78.0,408,408.0
dapper_full,outage,119,100.0,1000,7.544636632920723,31.97128927281031,34.12470746616695,34.92690319762808,7.544636632920723,0.0,0.7220765044472426,0.7220765044472426,0.0,0.0,0.0,1.0,0.733,0.0,0.0,0.0,0.0,0.0,0.0,0.0,0.0,0.0,23.599999999999998,0.0,0.0,76.4,434,434.0
dapper_full,outage,120,100.0,1000,7.2966883444603,30.892941767709793,34.211465224522804,34.99743937003936,7.2966883444603,0.0,0.7277157448014966,0.7277157448014966,0.0,0.0,0.0,1.0,0.733,0.0,0.0,0.0,0.0,0.0,0.0,0.0,0.0,0.0,22.1,0.0,0.0,77.9,410,410.0
dapper_full,outage,121,100.0,1000,7.333809267763978,31.109084311834984,33.97165026658857,34.64971422730907,7.333809267763978,0.0,0.7274434266949621,0.7274434266949621,0.0,0.0,0.0,1.0,0.738,0.0,0.0,0.0,0.0,0.0,0.0,0.0,0.0,0.0,22.7,0.0,0.0,77.3,427,427.0
dapper_full,outage,122,100.0,1000,7.251434439695796,30.60696308430699,34.355640534389124,34.986643071399804,7.251434439695796,0.0,0.7230377555986962,0.7230377555986962,0.0,0.0,0.0,1.0,0.738,0.0,0.0,0.0,0.0,0.0,0.0,0.0,0.0,0.0,21.8,0.0,0.0,78.2,412,412.0
dapper_full,outage,123,100.0,1000,7.348689071341893,31.31477153672879,33.77157051102519,34.93381679406212,7.348689071341893,0.0,0.7249842011830019,0.7249842011830019,0.0,0.0,0.0,1.0,0.734,0.0,0.0,0.0,0.0,0.0,0.0,0.0,0.0,0.0,22.6,0.0,0.0,77.4,416,416.0
dapper_full,outage,124,100.0,1000,7.660167119732145,32.1804553486177,34.264528586595944,34.941792593643456,7.660167119732145,0.0,0.7230039723105824,0.7230039723105824,0.0,0.0,0.0,1.0,0.731,0.0,0.0,0.0,0.0,0.0,0.0,0.0,0.0,0.0,22.3,0.0,0.0,77.7,400,400.0
dapper_full,outage,125,100.0,1000,7.350838089581009,31.434653948905787,34.32904496368304,34.97323235440945,7.350838089581009,0.0,0.7221812250823167,0.7221812250823167,0.0,0.0,0.0,1.0,0.733,0.0,0.0,0.0,0.0,0.0,0.0,0.0,0.0,0.0,23.200000000000003,0.0,0.0,76.8,428,428.0
dapper_full,outage,126,100.0,1000,7.215129876013096,30.710400018658593,33.86622552192073,34.99530404733341,7.215129876013096,0.0,0.725540342550057,0.725540342550057,0.0,0.0,0.0,1.0,0.738,0.0,0.0,0.0,0.0,0.0,0.0,0.0,0.0,0.0,22.6,0.0,0.0,77.4,428,428.0
dapper_full,outage,127,100.0,1000,7.168677740371282,30.32721903409148,33.88590346281151,34.91862325958482,7.168677740371282,0.0,0.7321660926795039,0.7321660926795039,0.0,0.0,0.0,1.0,0.738,0.0,0.0,0.0,0.0,0.0,0.0,0.0,0.0,0.0,21.9,0.0,0.0,78.10000000000001,409,409.0
dapper_full,outage,128,100.0,1000,7.182658284101614,30.07092856934142,34.160945540901714,34.96572059102459,7.182658284101614,0.0,0.7245057292187558,0.7245057292187558,0.0,0.0,0.0,1.0,0.736,0.0,0.0,0.0,0.0,0.0,0.0,0.0,0.0,0.0,23.0,0.0,0.0,77.0,428,428.0
dapper_full,outage,129,100.0,1000,7.192894149462109,30.305709714834187,34.22738591997794,34.97529884555047,7.192894149462109,0.0,0.7266441172681618,0.7266441172681618,0.0,0.0,0.0,1.0,0.738,0.0,0.0,0.0,0.0,0.0,0.0,0.0,0.0,0.0,21.3,0.0,0.0,78.7,404,404.0
dapper_full,stable,100,100.0,1000,25.279403323317702,33.96035223762113,34.73962355895296,34.988775105687154,51.53514833678389,0.0,0.7265268897628933,0.792417917211626,21350.0,21.35,21350.0,0.0,0.0,0.0,0.854,0.9918032786885246,0.4953161592505855,0.423,0.4964871194379391,0.0,0.00819672131147541,0.0,14.6,0.0,85.39999999999999,0.0,259,259.0
dapper_full,stable,101,100.0,1000,24.820657080469697,33.96040511204254,34.788072376532675,34.99828909781833,53.53675771177409,0.0,0.7249338588619687,0.7978649635318986,21700.0,21.7,21700.0,0.0,0.0,0.0,0.868,0.9896313364055299,0.5288018433179723,0.459,0.4608294930875576,0.0,0.010368663594470046,0.0,13.200000000000001,0.0,86.8,0.0,231,231.0
dapper_full,stable,102,100.0,1000,24.835880473076735,33.70682378335116,34.74818297607158,34.965240972972765,51.8627260021259,0.0,0.727324394359075,0.800034845226407,20900.0,20.9,20900.0,0.0,0.0,0.0,0.836,0.992822966507177,0.5263157894736842,0.44,0.4665071770334928,0.0,0.007177033492822967,0.0,16.400000000000002,0.0,83.6,0.0,284,284.0
dapper_full,stable,103,100.0,1000,24.972078044518216,34.293187186352334,34.89307765319619,34.99802137082616,53.372703891643845,0.0,0.7236659440861409,0.7991290672988378,21525.0,21.525,21525.0,0.0,0.0,0.0,0.861,0.9883855981416957,0.5342624854819977,0.46,0.454123112659698,0.0,0.011614401858304297,0.0,13.900000000000002,0.0,86.1,0.0,237,237.0
dapper_full,stable,104,100.0,1000,24.98622097286207,33.860115377670134,34.74837408619961,34.98656616097203,51.037343944723006,0.0,0.7240926018777877,0.7898578469524961,21900.0,21.9,21900.0,0.0,0.0,0.0,0.876,0.9920091324200914,0.4794520547945205,0.42,0.5125570776255708,0.0,0.007990867579908675,0.0,12.4,0.0,87.6,0.0,220,220.0
dapper_full,stable,105,100.0,1000,24.85634769037545,33.82025179084476,34.62504012903672,34.93314580405199,51.59710330911793,0.0,0.7262361051095783,0.7959250227091806,21250.0,21.25,21250.0,0.0,0.0,0.0,0.85,0.9905882352941177,0.5105882352941177,0.434,0.48,0.0,0.009411764705882352,0.0,15.0,0.0,85.0,0.0,256,256.0
dapper_full,stable,106,100.0,1000,24.716410963251104,33.86074949026578,34.68730165917939,34.933586993197196,52.69637342008328,0.0,0.7229428904328138,0.7962430814491968,21425.0,21.425,21425.0,0.0,0.0,0.0,0.857,0.9918319719953326,0.5227537922987164,0.448,0.4690781796966161,0.0,0.008168028004667444,0.0,14.299999999999999,0.0,85.7,0.0,252,252.0
dapper_full,stable,107,100.0,1000,24.88557902804772,33.83424628214373,34.89267109559948,34.9936438529993,53.380353744565205,0.0,0.7245133185042392,0.7993133636844371,22025.0,22.025,22025.0,0.0,0.0,0.0,0.881,0.9886492622020431,0.5187287173666288,0.457,0.4699205448354143,0.0,0.011350737797956867,0.0,11.899999999999999,0.0,88.1,0.0,198,198.0
dapper_full,stable,108,100.0,1000,25.235897183714567,34.2868707566229,34.87218349603604,34.989690121554816,51.92467360201944,0.0,0.7254394152220247,0.7967132376294662,21500.0,21.5,21500.0,0.0,0.0,0.0,0.86,0.9872093023255814,0.5023255813953489,0.432,0.4848837209302326,0.0,0.012790697674418604,0.0,14.000000000000002,0.0,86.0,0.0,231,231.0
dapper_full,stable,109,100.0,1000,25.268964708760926,34.15910526808331,34.79620852522923,34.94284900848466,51.53790445445115,0.0,0.7225069831603355,0.7908717000411818,21775.0,21.775,21775.0,0.0,0.0,0.0,0.871,0.9850746268656716,0.4845005740528129,0.422,0.5005740528128588,0.0,0.014925373134328358,0.0,12.9,0.0,87.1,0.0,228,228.0
dapper_full,stable,110,100.0,1000,24.978043487255007,33.957417382454665,34.80033649104111,34.99011804008187,51.64725260956925,0.0,0.7239727698806182,0.7935801521646344,21400.0,21.4,21400.0,0.0,0.0,0.0,0.856,0.985981308411215,0.5035046728971962,0.431,0.4824766355140187,0.0,0.014018691588785047,0.0,14.399999999999999,0.0,85.6,0.0,261,261.0
dapper_full,stable,111,100.0,1000,25.491345575881343,33.99942489704205,34.77294614292747,34.98882482505357,52.77932606666301,0.0,0.7264559107913696,0.7988751227250941,20975.0,20.975,20975.0,0.0,0.0,0.0,0.839,0.9916567342073898,0.5256257449344458,0.441,0.466030989272944,0.0,0.00834326579261025,0.0,16.1,0.0,83.89999999999999,0.0,276,276.0
dapper_full,stable,112,100.0,1000,25.044635098675773,33.93678625080242,34.80594764992258,34.978994945141224,52.774438295965986,0.0,0.7245903067601731,0.7942867336915719,21700.0,21.7,21700.0,0.0,0.0,0.0,0.868,0.9919354838709677,0.5103686635944701,0.443,0.4815668202764977,0.0,0.008064516129032258,0.0,13.200000000000001,0.0,86.8,0.0,220,220.0
dapper_full,stable,113,100.0,1000,24.924957379086543,33.92528008813723,34.852479041190236,34.99387303551587,50.565197370598845,0.0,0.725184772552611,0.7910288053494875,21600.0,21.6,21600.0,0.0,0.0,0.0,0.864,0.9826388888888888,0.48032407407407407,0.415,0.5023148148148148,0.0,0.017361111111111112,0.0,13.600000000000001,0.0,86.4,0.0,239,239.0
dapper_full,stable,114,100.0,1000,25.128438548268,33.86993382489312,34.786318253661975,34.99771913787838,53.866453690073165,0.0,0.7237524930795687,0.7977940224588013,21900.0,21.9,21900.0,0.0,0.0,0.0,0.876,0.9908675799086758,0.5308219178082192,0.465,0.4600456621004566,0.0,0.0091324200913242,0.0,12.4,0.0,87.6,0.0,214,214.0
dapper_full,stable,115,100.0,1000,25.094705607799348,34.162413089123824,34.74465384721523,34.970565607066455,51.94937303752475,0.0,0.7245886848920773,0.7944537871206474,21750.0,21.75,21750.0,0.0,0.0,0.0,0.87,0.9873563218390805,0.5011494252873563,0.436,0.4862068965517241,0.0,0.01264367816091954,0.0,13.0,0.0,87.0,0.0,219,219.0
dapper_full,stable,116,100.0,1000,25.028301912688907,34.05041769477859,34.88445460350265,34.99403448766891,54.211607535281885,0.0,0.7244573126145593,0.798391101095973,21750.0,21.75,21750.0,0.0,0.0,0.0,0.87,0.9942528735632183,0.5448275862068965,0.474,0.4494252873563218,0.0,0.005747126436781609,0.0,13.0,0.0,87.0,0.0,221,221.0
dapper_full,stable,117,100.0,1000,24.997182216762514,33.94211020128963,34.806950360419165,34.98156739475102,51.94396103000347,0.0,0.7238166310991714,0.7935256482510197,21850.0,21.85,21850.0,0.0,0.0,0.0,0.874,0.9862700228832952,0.4897025171624714,0.428,0.4965675057208238,0.0,0.013729977116704805,0.0,12.6,0.0,87.4,0.0,226,226.0
dapper_full,stable,118,100.0,1000,25.026589048763064,34.146334679362305,34.835239525322194,34.964244111574146,52.20873167600773,0.0,0.7280528994609765,0.7960765304196257,21475.0,21.475,21475.0,0.0,0.0,0.0,0.859,0.9906868451688009,0.5075669383003493,0.436,0.4831199068684517,0.0,0.009313154831199068,0.0,14.099999999999998,0.0,85.9,0.0,244,244.0
dapper_full,stable,119,100.0,1000,24.80107188012856,34.00280379558126,34.81754573602827,34.936826663719394,53.78667209236602,0.0,0.7243707963012889,0.799875204249307,21925.0,21.925,21925.0,0.0,0.0,0.0,0.877,0.9874572405929305,0.5324971493728621,0.467,0.4549600912200684,0.0,0.012542759407069556,0.0,12.3,0.0,87.7,0.0,228,228.0
dapper_full,stable,120,100.0,1000,25.000139802139184,33.83887438020657,34.75482963071029,34.96519781982063,52.586658253654925,0.0,0.7247996031934949,0.7950348677637523,21800.0,21.8,21800.0,0.0,0.0,0.0,0.872,0.9839449541284404,0.5103211009174312,0.445,0.4736238532110092,0.0,0.016055045871559634,0.0,12.8,0.0,87.2,0.0,212,212.0
dapper_full,stable,121,100.0,1000,24.870142370806825,34.08802278656587,34.79782372711737,34.96061084968983,51.218892289603616,0.0,0.7235062491591376,0.7917923991779289,21800.0,21.8,21800.0,0.0,0.0,0.0,0.872,0.9862385321100917,0.48394495412844035,0.422,0.5022935779816514,0.0,0.013761467889908258,0.0,12.8,0.0,87.2,0.0,219,219.0
dapper_full,stable,122,100.0,1000,24.829111935230273,33.958468133447,34.74506049633189,34.924143640943036,53.271418624119164,0.0,0.7259117747422895,0.7982645293058339,21950.0,21.95,21950.0,0.0,0.0,0.0,0.878,0.9886104783599089,0.5148063781321185,0.452,0.47380410022779046,0.0,0.011389521640091117,0.0,12.2,0.0,87.8,0.0,200,200.0
dapper_full,stable,123,100.0,1000,25.35470141463279,34.01400394209814,34.728637206489786,34.90743937957425,51.64158095400979,0.0,0.7231039957478556,0.7928850748486099,22225.0,22.225,22225.0,0.0,0.0,0.0,0.889,0.9820022497187851,0.4769403824521935,0.424,0.5050618672665916,0.0,0.01799775028121485,0.0,11.1,0.0,88.9,0.0,196,196.0
dapper_full,stable,124,100.0,1000,25.00583269004324,34.03261405514325,34.80612955591713,34.95256595801938,50.8126236179597,0.0,0.7270004160651047,0.7942088997255117,21000.0,21.0,21000.0,0.0,0.0,0.0,0.84,0.9928571428571429,0.49642857142857144,0.417,0.49642857142857144,0.0,0.007142857142857143,0.0,16.0,0.0,84.0,0.0,280,280.0
dapper_full,stable,125,100.0,1000,24.9867591189863,33.982185709447386,34.8021659840167,34.99165214842439,53.959249959158115,0.0,0.7268533605073024,0.7989657788847586,21650.0,21.65,21650.0,0.0,0.0,0.0,0.866,0.9919168591224018,0.5323325635103926,0.461,0.45958429561200925,0.0,0.008083140877598153,0.0,13.4,0.0,86.6,0.0,238,238.0
dapper_full,stable,126,100.0,1000,24.628886386363657,33.70638744138536,34.672811784104226,34.983867296625746,53.134621864449656,0.0,0.726794351381784,0.8009463128693688,21175.0,21.175,21175.0,0.0,0.0,0.0,0.847,0.9881936245572609,0.5419126328217237,0.459,0.4462809917355372,0.0,0.011806375442739079,0.0,15.299999999999999,0.0,84.7,0.0,252,252.0
dapper_full,stable,127,100.0,1000,25.164646066804526,34.17312143282042,34.80106095916998,34.970740898815485,54.30743225703345,0.0,0.7237258806201099,0.7969399991420358,22125.0,22.125,22125.0,0.0,0.0,0.0,0.885,0.9909604519774011,0.5276836158192091,0.467,0.4632768361581921,0.0,0.00903954802259887,0.0,11.5,0.0,88.5,0.0,207,207.0
dapper_full,stable,128,100.0,1000,25.178185128090664,33.92859815320874,34.67968897440042,34.972660274630584,53.589153958153254,0.0,0.7271450910033325,0.7988558762020542,21425.0,21.425,21425.0,0.0,0.0,0.0,0.857,0.9836639439906651,0.5309218203033839,0.455,0.45274212368728123,0.0,0.01633605600933489,0.0,14.299999999999999,0.0,85.7,0.0,237,237.0
dapper_full,stable,129,100.0,1000,25.217209562918274,34.07064808785484,34.83459462785327,34.9933571344785,53.065152250426124,0.0,0.722736266433297,0.7957788932941594,21825.0,21.825,21825.0,0.0,0.0,0.0,0.873,0.9896907216494846,0.5131729667812142,0.448,0.4765177548682703,0.0,0.010309278350515464,0.0,12.7,0.0,87.3,0.0,214,214.0
dapper_no_confidence_gate,variable,100,100.0,1000,19.847097399190012,33.61420558459003,34.76027410675784,34.95054826151675,22.09114799634006,0.0,0.7259116438296801,0.7311100792672693,6225.0,6.225,6225.0,0.284,0.216,0.0,0.249,0.9196787148594378,0.14056224899598393,0.035,0.7791164658634538,0.0,0.08032128514056225,0.0,53.5,0.0,24.9,21.6,329,329.0
dapper_no_confidence_gate,variable,101,100.0,1000,19.873228370530978,33.51859359353788,34.716729365681125,34.99816501848515,22.86528347161423,0.0,0.7275598148950951,0.7343168957483185,7050.0,7.05,7050.0,0.256,0.2,0.0,0.282,0.9361702127659575,0.15602836879432624,0.044,0.7801418439716312,0.0,0.06382978723404255,0.0,51.800000000000004,0.0,28.199999999999996,20.0,327,327.0
dapper_no_confidence_gate,variable,102,100.0,1000,21.725835154751234,33.952084801243224,34.85412725538718,34.995332379528136,24.800752453317696,0.0,0.7253923428217819,0.7327717313436155,6975.0,6.975,6975.0,0.167,0.131,0.0,0.279,0.910394265232975,0.16487455197132617,0.046,0.7455197132616488,0.0,0.08960573476702509,0.0,59.0,0.0,27.900000000000002,13.100000000000001,286,286.0
dapper_no_confidence_gate,variable,103,100.0,1000,19.512093113412188,33.581179869308166,34.6745142049723,34.99051342908312,21.893994661892233,0.0,0.7264145780785138,0.7320027378648507,6700.0,6.7,6700.0,0.315,0.239,0.0,0.268,0.9067164179104478,0.13059701492537312,0.035,0.7761194029850746,0.0,0.09328358208955224,0.0,49.3,0.0,26.8,23.9,336,336.0
dapper_no_confidence_gate,variable,104,100.0,1000,21.518439904160722,33.92297556550541,34.71580596411837,34.944614204784195,24.553346270316514,0.0,0.727405744674525,0.733810413643097,6575.0,6.575,6575.0,0.187,0.143,0.0,0.263,0.9277566539923955,0.17110266159695817,0.045,0.7566539923954373,0.0,0.07224334600760456,0.0,59.4,0.0,26.3,14.299999999999999,274,274.0
dapper_no_confidence_gate,variable,105,100.0,1000,20.409246302565197,33.52133876628223,34.7773651787171,34.98077376103997,23.64043185604027,0.0,0.726150768098847,0.7334298152216023,6975.0,6.975,6975.0,0.238,0.184,0.0,0.279,0.9498207885304659,0.16845878136200718,0.047,0.7813620071684588,0.0,0.05017921146953405,0.0,53.7,0.0,27.900000000000002,18.4,317,317.0
dapper_no_confidence_gate,variable,106,100.0,1000,21.59372391817589,33.5305156645498,34.67586933903363,34.993851868805095,24.709254187620758,0.0,0.7255234671581106,0.7326713537540173,6425.0,6.425,6425.0,0.175,0.136,0.0,0.257,0.9377431906614786,0.1828793774319066,0.047,0.754863813229572,0.0,0.0622568093385214,0.0,60.699999999999996,0.0,25.7,13.600000000000001,278,278.0
dapper_no_confidence_gate,variable,107,100.0,1000,20.056441701403287,33.56666120695883,34.6268453225655,34.98148819897819,22.699893165970924,0.0,0.7240116849833446,0.7298894811028727,5725.0,5.725,5725.0,0.261,0.201,0.0,0.229,0.925764192139738,0.1703056768558952,0.039,0.7554585152838428,0.0,0.07423580786026202,0.0,56.99999999999999,0.0,22.900000000000002,20.1,294,294.0
dapper_no_confidence_gate,variable,108,100.0,1000,20.480881005394448,33.99159903353784,34.77692101060002,34.94872090187498,23.77741969344845,0.0,0.7260048286422379,0.7336005259694649,6900.0,6.9,6900.0,0.26,0.196,0.0,0.276,0.927536231884058,0.17753623188405798,0.049,0.75,0.0,0.07246376811594203,0.0,52.800000000000004,0.0,27.6,19.6,313,313.0
dapper_no_confidence_gate,variable,109,100.0,1000,21.210997956041414,33.76823065319891,34.76110730262953,34.98660651522982,23.524400419434475,0.0,0.7239038673745836,0.7286950103397913,6350.0,6.35,6350.0,0.203,0.156,0.0,0.254,0.9251968503937008,0.13385826771653545,0.034,0.7913385826771654,0.0,0.07480314960629922,0.0,59.0,0.0,25.4,15.6,309,309.0
dapper_no_confidence_gate,variable,110,100.0,1000,20.982663888093814,33.908831310824965,34.67822534775889,34.98146709760653,23.07510135455121,0.0,0.7252583766377324,0.7297848361688722,6200.0,6.2,6200.0,0.226,0.171,0.0,0.248,0.9193548387096774,0.125,0.031,0.7943548387096774,0.0,0.08064516129032258,0.0,58.099999999999994,0.0,24.8,17.1,303,303.0
dapper_no_confidence_gate,variable,111,100.0,1000,21.15036747714493,33.79838354481562,34.723349040720166,34.97684653932659,24.007776384944098,0.0,0.7257443855359366,0.7322344482342704,6850.0,6.85,6850.0,0.216,0.166,0.0,0.274,0.9233576642335767,0.15693430656934307,0.043,0.7664233576642335,0.0,0.07664233576642336,0.0,56.00000000000001,0.0,27.400000000000002,16.6,305,305.0
dapper_no_confidence_gate,variable,112,100.0,1000,21.078172240720427,34.0565418294024,34.79412676903375,34.95854802039493,24.424491208657834,0.0,0.728773769620013,0.7359815847289767,7425.0,7.425,7425.0,0.215,0.162,0.0,0.297,0.9461279461279462,0.16498316498316498,0.049,0.7811447811447811,0.0,0.05387205387205387,0.0,54.1,0.0,29.7,16.2,316,316.0
dapper_no_confidence_gate,variable,113,100.0,1000,21.273906223598555,33.57682626381407,34.78843892853948,34.96829040868747,23.247734844266386,0.0,0.7263068757945752,0.730384394176901,6800.0,6.8,6800.0,0.197,0.15,0.0,0.272,0.9338235294117647,0.10661764705882353,0.029,0.8272058823529411,0.0,0.0661764705882353,0.0,57.8,0.0,27.200000000000003,15.0,284,284.0
dapper_no_confidence_gate,variable,114,100.0,1000,19.651478679764644,33.53883646549626,34.61117657596823,34.99588156157893,22.205604150101777,0.0,0.7222741502329159,0.7277804033284867,5300.0,5.3,5300.0,0.266,0.205,0.0,0.212,0.910377358490566,0.1792452830188679,0.038,0.7311320754716981,0.0,0.08962264150943396,0.0,58.3,0.0,21.2,20.5,325,325.0
dapper_no_confidence_gate,variable,115,100.0,1000,21.45827282696581,33.34691437699113,34.626745067103904,34.87718954629805,24.98825504319995,0.0,0.7230935571850724,0.7311441169345825,6225.0,6.225,6225.0,0.176,0.137,0.0,0.249,0.9076305220883534,0.20883534136546184,0.052,0.6987951807228916,0.0,0.09236947791164658,0.0,61.4,0.0,24.9,13.700000000000001,275,275.0
dapper_no_confidence_gate,variable,116,100.0,1000,20.840460970931165,33.98344969197258,34.76841725790863,34.94714462527301,23.101326982822126,0.0,0.7289372186607409,0.7343915662377399,5825.0,5.825,5825.0,0.239,0.184,0.0,0.233,0.9356223175965666,0.14163090128755365,0.033,0.7939914163090128,0.0,0.06437768240343347,0.0,58.3,0.0,23.3,18.4,278,278.0
dapper_no_confidence_gate,variable,117,100.0,1000,22.76021868961211,34.240173789397694,34.82080355680936,34.990866631104254,24.830515891273276,0.0,0.7236897900442029,0.7279961664452956,7150.0,7.15,7150.0,0.132,0.1,0.0,0.286,0.9265734265734266,0.10839160839160839,0.031,0.8181818181818182,0.0,0.07342657342657342,0.0,61.4,0.0,28.599999999999998,10.0,277,277.0
dapper_no_confidence_gate,variable,118,100.0,1000,21.19990772515089,33.5101571170854,34.37942051281876,34.868091607089696,24.98288085067961,0.0,0.7253170160299028,0.7337172495120705,7850.0,7.85,7850.0,0.193,0.148,0.0,0.314,0.9394904458598726,0.1751592356687898,0.055,0.7643312101910829,0.0,0.06050955414012739,0.0,53.800000000000004,0.0,31.4,14.799999999999999,295,295.0
dapper_no_confidence_gate,variable,119,100.0,1000,20.98980792595105,33.65904383541709,34.57959716197339,34.99635852821138,23.97418656647004,0.0,0.7248011782863056,0.731938209845586,6775.0,6.775,6775.0,0.218,0.166,0.0,0.271,0.933579335793358,0.16236162361623616,0.044,0.7712177121771218,0.0,0.06642066420664207,0.0,56.3,0.0,27.1,16.6,289,289.0
dapper_no_confidence_gate,variable,120,100.0,1000,21.637219680970638,33.96526001626422,34.71258654891299,34.99491157025027,24.368127535584275,0.0,0.7236256274039456,0.730168714451096,8050.0,8.05,8050.000000000001,0.179,0.134,0.0,0.322,0.9316770186335404,0.12422360248447205,0.04,0.8074534161490683,0.0,0.06832298136645963,0.0,54.400000000000006,0.0,32.2,13.4,293,293.0
dapper_no_confidence_gate,variable,121,100.0,1000,20.769854338698046,33.76407787463392,34.80089032279628,34.994688323129196,25.13155158481442,0.0,0.7246801812954811,0.735340335698197,7575.0,7.575,7575.0,0.217,0.168,0.0,0.303,0.9504950495049505,0.2145214521452145,0.065,0.735973597359736,0.0,0.04950495049504951,0.0,52.900000000000006,0.0,30.3,16.8,286,286.0
dapper_no_confidence_gate,variable,122,100.0,1000,21.13175821444513,33.694416258508085,34.631522901173106,34.97317679379236,24.734623383264406,0.0,0.727101792089757,0.7346366367093042,6825.0,6.825,6825.0,0.197,0.151,0.0,0.273,0.9560439560439561,0.19413919413919414,0.053,0.7619047619047619,0.0,0.04395604395604396,0.0,57.599999999999994,0.0,27.3,15.1,294,294.0
dapper_no_confidence_gate,variable,123,100.0,1000,21.09321361110236,33.79103353765298,34.79488657343286,34.98222422308634,23.428358565258222,0.0,0.7282104611957531,0.7344075208926206,6575.0,6.575,6575.0,0.215,0.164,0.0,0.263,0.9277566539923955,0.13688212927756654,0.036,0.7908745247148289,0.0,0.07224334600760456,0.0,57.3,0.0,26.3,16.400000000000002,307,307.0
dapper_no_confidence_gate,variable,124,100.0,1000,21.732988484636902,33.61582768332837,34.67732058291188,34.996246009129095,24.35123541152725,0.0,0.7242599698219147,0.7298716515346408,8025.0,8.025,8025.0,0.169,0.132,0.0,0.321,0.897196261682243,0.12149532710280374,0.039,0.7757009345794392,0.0,0.102803738317757,0.0,54.7,0.0,32.1,13.200000000000001,308,308.0
dapper_no_confidence_gate,variable,125,100.0,1000,20.769788307085673,33.55572104656107,34.7780426012565,34.94952031560075,24.28615201273698,0.0,0.7247766856990758,0.7320237944292853,6875.0,6.875,6875.0,0.222,0.17,0.0,0.275,0.9345454545454546,0.1890909090909091,0.052,0.7454545454545455,0.0,0.06545454545454546,0.0,55.50000000000001,0.0,27.500000000000004,17.0,292,292.0
dapper_no_confidence_gate,variable,126,100.0,1000,21.1478810158433,33.75159446968112,34.720173914570076,34.997585709381326,23.985301322362297,0.0,0.730137150017489,0.7368156529514341,6975.0,6.975,6975.0,0.21,0.163,0.0,0.279,0.9175627240143369,0.15412186379928317,0.043,0.7634408602150538,0.0,0.08243727598566308,0.0,55.800000000000004,0.0,27.900000000000002,16.3,298,298.0
dapper_no_confidence_gate,variable,127,100.0,1000,20.660215773075464,34.01155392391131,34.710521322396545,34.9805264786951,23.24204249923527,0.0,0.7254115546748069,0.7314979399676487,6675.0,6.675,6675.0,0.245,0.187,0.0,0.267,0.9550561797752809,0.13857677902621723,0.037,0.8164794007490637,0.0,0.0449438202247191,0.0,54.6,0.0,26.700000000000003,18.7,317,317.0
dapper_no_confidence_gate,variable,128,100.0,1000,19.588881490818014,33.63444553862527,34.724924465655434,34.96530254190218,22.02975189006514,0.0,0.7261101277963585,0.7304447450389271,5100.0,5.1,5100.0,0.278,0.214,0.0,0.204,0.9215686274509803,0.1715686274509804,0.035,0.75,0.0,0.0784313725490196,0.0,58.199999999999996,0.0,20.4,21.4,301,301.0
dapper_no_confidence_gate,variable,129,100.0,1000,21.009790891695804,33.95183803633796,34.77333674805944,34.967648156933706,23.12624688944641,0.0,0.7216296347896245,0.7266039666286128,6200.0,6.2,6200.0,0.227,0.175,0.0,0.248,0.9354838709677419,0.13306451612903225,0.033,0.8024193548387096,0.0,0.06451612903225806,0.0,57.699999999999996,0.0,24.8,17.5,310,310.0
dapper_no_confidence_gate,congested,100,100.0,1000,24.824557271985057,33.928407620489025,34.77556075006328,34.97404020175507,24.824557271985057,0.0,0.7231225654703062,0.7231225654703062,0.0,0.0,0.0,0.004,0.004,0.0,0.0,0.0,0.0,0.0,0.0,0.0,0.0,0.0,99.6,0.0,0.0,0.4,8,8.0
dapper_no_confidence_gate,congested,101,100.0,1000,25.026673523971784,34.03466107987438,34.84243479054015,34.99327875607795,25.026673523971784,0.0,0.7239603822715144,0.7239603822715144,0.0,0.0,0.0,0.007,0.007,0.0,0.0,0.0,0.0,0.0,0.0,0.0,0.0,0.0,99.3,0.0,0.0,0.7000000000000001,12,12.0
dapper_no_confidence_gate,congested,102,100.0,1000,24.829712790777762,33.96479457393766,34.69588731781126,34.989536221406055,24.829712790777762,0.0,0.7270052366898776,0.7270052366898776,0.0,0.0,0.0,0.008,0.008,0.0,0.0,0.0,0.0,0.0,0.0,0.0,0.0,0.0,99.2,0.0,0.0,0.8,14,14.0
dapper_no_confidence_gate,congested,103,100.0,1000,24.892785643695664,34.09454856492267,34.78542999553827,34.985893217625524,24.892785643695664,0.0,0.7249187188165734,0.7249187188165734,0.0,0.0,0.0,0.006,0.006,0.0,0.0,0.0,0.0,0.0,0.0,0.0,0.0,0.0,99.4,0.0,0.0,0.6,12,12.0
dapper_no_confidence_gate,congested,104,100.0,1000,24.77796847513708,33.81394766067372,34.81048977789511,34.94578824107255,24.77796847513708,0.0,0.7272547943451833,0.7272547943451833,0.0,0.0,0.0,0.008,0.008,0.0,0.0,0.0,0.0,0.0,0.0,0.0,0.0,0.0,99.2,0.0,0.0,0.8,14,14.0
dapper_no_confidence_gate,congested,105,100.0,1000,24.677162661323955,34.007432758127685,34.86009343610894,34.98145078352877,24.677162661323955,0.0,0.7241646482306923,0.7241646482306923,25.0,0.025,25.0,0.008,0.008,0.0,0.001,1.0,0.0,0.0,1.0,0.0,0.0,0.0,99.1,0.0,0.1,0.8,14,14.0
dapper_no_confidence_gate,congested,106,100.0,1000,24.772684967250918,33.98450796903268,34.753821099438774,34.98979405154197,24.772684967250918,0.0,0.7262080408789683,0.7262080408789683,0.0,0.0,0.0,0.007,0.007,0.0,0.0,0.0,0.0,0.0,0.0,0.0,0.0,0.0,99.3,0.0,0.0,0.7000000000000001,8,8.0
dapper_no_confidence_gate,congested,107,100.0,1000,24.763848167260303,33.88426057014752,34.77470672268729,34.998762184541775,24.763848167260303,0.0,0.7257346306649486,0.7257346306649486,0.0,0.0,0.0,0.005,0.005,0.0,0.0,0.0,0.0,0.0,0.0,0.0,0.0,0.0,99.5,0.0,0.0,0.5,8,8.0
dapper_no_confidence_gate,congested,108,100.0,1000,24.953177155047733,33.943119032195405,34.814499351033405,34.99655745974279,24.953177155047733,0.0,0.7244295155267036,0.7244295155267036,0.0,0.0,0.0,0.008,0.008,0.0,0.0,0.0,0.0,0.0,0.0,0.0,0.0,0.0,99.2,0.0,0.0,0.8,14,14.0
dapper_no_confidence_gate,congested,109,100.0,1000,24.847059358357548,33.93181537323021,34.785030538309286,34.98925809716232,24.847059358357548,0.0,0.7234323551786083,0.7234323551786083,0.0,0.0,0.0,0.007,0.007,0.0,0.0,0.0,0.0,0.0,0.0,0.0,0.0,0.0,99.3,0.0,0.0,0.7000000000000001,10,10.0
dapper_no_confidence_gate,congested,110,100.0,1000,24.70223165713215,33.71973175922034,34.60151524624712,34.90888622322395,24.70223165713215,0.0,0.7246938266396346,0.7246938266396346,0.0,0.0,0.0,0.005,0.005,0.0,0.0,0.0,0.0,0.0,0.0,0.0,0.0,0.0,99.5,0.0,0.0,0.5,8,8.0
dapper_no_confidence_gate,congested,111,100.0,1000,24.94253826558974,33.995133250212476,34.74455155405684,34.96241421096305,24.94253826558974,0.0,0.7254545302713125,0.7254545302713125,0.0,0.0,0.0,0.008,0.008,0.0,0.0,0.0,0.0,0.0,0.0,0.0,0.0,0.0,99.2,0.0,0.0,0.8,14,14.0
dapper_no_confidence_gate,congested,112,100.0,1000,24.86963877249279,33.90095224371657,34.76580213455383,34.985906989642146,24.86963877249279,0.0,0.7266076329631779,0.7266076329631779,0.0,0.0,0.0,0.013,0.013,0.0,0.0,0.0,0.0,0.0,0.0,0.0,0.0,0.0,98.7,0.0,0.0,1.3,18,18.0
dapper_no_confidence_gate,congested,113,100.0,1000,24.72292431672843,33.938019364553725,34.77247181035648,34.98424994294581,24.72292431672843,0.0,0.7265134749764945,0.7265134749764945,0.0,0.0,0.0,0.007,0.007,0.0,0.0,0.0,0.0,0.0,0.0,0.0,0.0,0.0,99.3,0.0,0.0,0.7000000000000001,12,12.0
dapper_no_confidence_gate,congested,114,100.0,1000,24.915906991902833,33.99518413696301,34.87476614646897,34.96282987218834,24.915906991902833,0.0,0.7286233928366593,0.7286233928366593,0.0,0.0,0.0,0.008,0.008,0.0,0.0,0.0,0.0,0.0,0.0,0.0,0.0,0.0,99.2,0.0,0.0,0.8,10,10.0
dapper_no_confidence_gate,congested,115,100.0,1000,25.085740611498316,34.01033183391731,34.751795785617006,34.96593743598228,25.085740611498316,0.0,0.722824442674691,0.722824442674691,0.0,0.0,0.0,0.006,0.006,0.0,0.0,0.0,0.0,0.0,0.0,0.0,0.0,0.0,99.4,0.0,0.0,0.6,10,10.0
dapper_no_confidence_gate,congested,116,100.0,1000,25.324934204252145,33.95730249293956,34.77240430108412,34.9771698353159,25.324934204252145,0.0,0.7260315559209485,0.7260315559209485,0.0,0.0,0.0,0.008,0.008,0.0,0.0,0.0,0.0,0.0,0.0,0.0,0.0,0.0,99.2,0.0,0.0,0.8,16,16.0
dapper_no_confidence_gate,congested,117,100.0,1000,24.38620885543388,33.706919736517364,34.66361864084976,34.994340946660934,24.38620885543388,0.0,0.7253330615138619,0.7253330615138619,25.0,0.025,25.0,0.008,0.008,0.0,0.001,1.0,0.0,0.0,1.0,0.0,0.0,0.0,99.1,0.0,0.1,0.8,18,18.0
dapper_no_confidence_gate,congested,118,100.0,1000,25.01023416650803,34.01490807545646,34.75940662114508,34.968506891824205,25.01023416650803,0.0,0.7268033495517163,0.7268033495517163,0.0,0.0,0.0,0.007,0.007,0.0,0.0,0.0,0.0,0.0,0.0,0.0,0.0,0.0,99.3,0.0,0.0,0.7000000000000001,12,12.0
dapper_no_confidence_gate,congested,119,100.0,1000,25.237974362405513,33.930297923071485,34.79939395844596,34.97944595589328,25.237974362405513,0.0,0.7235998627315303,0.7235998627315303,0.0,0.0,0.0,0.005,0.005,0.0,0.0,0.0,0.0,0.0,0.0,0.0,0.0,0.0,99.5,0.0,0.0,0.5,8,8.0
dapper_no_confidence_gate,congested,120,100.0,1000,24.770729236686982,33.99634834863332,34.78821886321599,34.985958566309606,24.770729236686982,0.0,0.724149083598059,0.724149083598059,0.0,0.0,0.0,0.008,0.008,0.0,0.0,0.0,0.0,0.0,0.0,0.0,0.0,0.0,99.2,0.0,0.0,0.8,16,16.0
dapper_no_confidence_gate,congested,121,100.0,1000,24.670024513531853,33.750343569648706,34.75280697328194,34.996277370025744,24.670024513531853,0.0,0.7242193034879331,0.7242193034879331,0.0,0.0,0.0,0.006,0.006,0.0,0.0,0.0,0.0,0.0,0.0,0.0,0.0,0.0,99.4,0.0,0.0,0.6,10,10.0
dapper_no_confidence_gate,congested,122,100.0,1000,24.53787182490916,33.83751458842038,34.770700984913006,34.91653465760954,24.53787182490916,0.0,0.726925307989091,0.726925307989091,0.0,0.0,0.0,0.013,0.013,0.0,0.0,0.0,0.0,0.0,0.0,0.0,0.0,0.0,98.7,0.0,0.0,1.3,14,14.0
dapper_no_confidence_gate,congested,123,100.0,1000,24.972968667791022,34.0068905091913,34.771507219222585,34.98883073588995,24.972968667791022,0.0,0.7231981737549722,0.7231981737549722,0.0,0.0,0.0,0.002,0.002,0.0,0.0,0.0,0.0,0.0,0.0,0.0,0.0,0.0,99.8,0.0,0.0,0.2,4,4.0
dapper_no_confidence_gate,congested,124,100.0,1000,24.68398444976012,33.74309287533703,34.66363593071505,34.94326242767353,24.68398444976012,0.0,0.7246698111318651,0.7246698111318651,0.0,0.0,0.0,0.006,0.006,0.0,0.0,0.0,0.0,0.0,0.0,0.0,0.0,0.0,99.4,0.0,0.0,0.6,10,10.0
dapper_no_confidence_gate,congested,125,100.0,1000,24.725669553063664,34.05786747219948,34.83418763630404,34.99974319601896,24.725669553063664,0.0,0.7228975062228786,0.7228975062228786,25.0,0.025,25.0,0.012,0.012,0.0,0.001,1.0,0.0,0.0,1.0,0.0,0.0,0.0,98.7,0.0,0.1,1.2,16,16.0
dapper_no_confidence_gate,congested,126,100.0,1000,24.961010734873252,33.97988585528562,34.774114294105054,34.99086328598782,24.961010734873252,0.0,0.7258907807888281,0.7258907807888281,0.0,0.0,0.0,0.002,0.002,0.0,0.0,0.0,0.0,0.0,0.0,0.0,0.0,0.0,99.8,0.0,0.0,0.2,4,4.0
dapper_no_confidence_gate,congested,127,100.0,1000,24.79915459305446,33.97839515917549,34.71031183612322,34.99801668883106,24.79915459305446,0.0,0.7241769809830646,0.7241769809830646,0.0,0.0,0.0,0.01,0.01,0.0,0.0,0.0,0.0,0.0,0.0,0.0,0.0,0.0,99.0,0.0,0.0,1.0,18,18.0
dapper_no_confidence_gate,congested,128,100.0,1000,24.671514882986425,34.08647701991846,34.783499539553866,34.99302751306131,24.671514882986425,0.0,0.72324842617587,0.72324842617587,0.0,0.0,0.0,0.008,0.008,0.0,0.0,0.0,0.0,0.0,0.0,0.0,0.0,0.0,99.2,0.0,0.0,0.8,12,12.0
dapper_no_confidence_gate,congested,129,100.0,1000,24.599702966215787,33.90591045177916,34.77957296022762,34.981958638619645,24.599702966215787,0.0,0.7227863941222297,0.7227863941222297,0.0,0.0,0.0,0.013,0.013,0.0,0.0,0.0,0.0,0.0,0.0,0.0,0.0,0.0,98.7,0.0,0.0,1.3,20,20.0
dapper_no_confidence_gate,lossy,100,100.0,1000,25.284238375351617,34.04718924628941,34.84826155800029,34.98907189172226,33.077908250776915,0.0,0.7261089761349956,0.7436444530348747,21000.0,21.0,21000.0,0.0,0.0,0.0,0.84,0.8095238095238095,0.13214285714285715,0.111,0.6773809523809524,0.0,0.19047619047619047,0.0,16.0,0.0,84.0,0.0,222,222.0
dapper_no_confidence_gate,lossy,101,100.0,1000,25.059527190349893,34.120642165867906,34.8265496982896,34.99538718567808,32.22458782473882,0.0,0.7233638220296621,0.7391268728884304,20175.0,20.175,20175.0,0.0,0.0,0.0,0.807,0.8203221809169765,0.12639405204460966,0.102,0.6939281288723668,0.0,0.17967781908302355,0.0,19.3,0.0,80.7,0.0,262,262.0
dapper_no_confidence_gate,lossy,102,100.0,1000,24.993003502753638,33.78557770295638,34.81151542684563,34.990087052311324,31.484713962604257,0.0,0.7247993890094673,0.7392386392633282,19800.0,19.8,19800.0,0.0,0.0,0.0,0.792,0.8068181818181818,0.11742424242424243,0.093,0.6893939393939394,0.0,0.19318181818181818,0.0,20.8,0.0,79.2,0.0,256,256.0
dapper_no_confidence_gate,lossy,103,100.0,1000,25.072925546868568,34.23372242321619,34.794279965090745,34.9768308072483,33.861591602320495,0.0,0.7255664298957895,0.7449486385086773,21450.0,21.45,21450.0,0.0,0.0,0.0,0.858,0.8018648018648019,0.14685314685314685,0.126,0.655011655011655,0.0,0.19813519813519814,0.0,14.2,0.0,85.8,0.0,202,202.0
dapper_no_confidence_gate,lossy,104,100.0,1000,24.952721574773207,33.7641107522445,34.821547122134376,34.99174516374082,34.055985045952404,0.0,0.725270205207262,0.7445841236098383,21075.0,21.075,21075.0,0.0,0.0,0.0,0.843,0.8054567022538552,0.1553973902728351,0.131,0.6500593119810202,0.0,0.19454329774614473,0.0,15.7,0.0,84.3,0.0,234,234.0
dapper_no_confidence_gate,lossy,105,100.0,1000,25.095152971928933,33.826524025580916,34.67873591147265,34.99594666457182,32.854749306121654,0.0,0.7248747477212536,0.7405036842487754,21075.0,21.075,21075.0,0.0,0.0,0.0,0.843,0.8291814946619217,0.13167259786476868,0.111,0.697508896797153,0.0,0.1708185053380783,0.0,15.7,0.0,84.3,0.0,226,226.0
dapper_no_confidence_gate,lossy,106,100.0,1000,24.856568122610433,33.832964597231225,34.72189143706977,34.99784375073101,31.96290115643183,0.0,0.7235813767870335,0.7397244424087861,20525.0,20.525,20525.0,0.0,0.0,0.0,0.821,0.8416565164433617,0.12423873325213154,0.102,0.7174177831912302,0.0,0.15834348355663824,0.0,17.9,0.0,82.1,0.0,259,259.0
dapper_no_confidence_gate,lossy,107,100.0,1000,24.68158080592215,34.00414573371424,34.83973190471446,34.99325658145116,31.95862697847205,0.0,0.7241940517114336,0.7398358390195997,20475.0,20.475,20475.0,0.0,0.0,0.0,0.819,0.8107448107448108,0.12576312576312576,0.103,0.684981684981685,0.0,0.18925518925518925,0.0,18.099999999999998,0.0,81.89999999999999,0.0,234,234.0
dapper_no_confidence_gate,lossy,108,100.0,1000,25.047265262517854,34.05795037600457,34.73288919337191,34.96757252768798,32.14159813724409,0.0,0.7235643813542582,0.7388334937444485,21050.0,21.05,21050.0,0.0,0.0,0.0,0.842,0.8135391923990499,0.12114014251781473,0.102,0.6923990498812351,0.0,0.18646080760095013,0.0,15.8,0.0,84.2,0.0,238,238.0
dapper_no_confidence_gate,lossy,109,100.0,1000,24.775139056545807,34.049418286887835,34.7919194149339,34.94624843509132,32.92983492416138,0.0,0.7212325912059436,0.7395091927486296,20800.0,20.8,20800.0,0.0,0.0,0.0,0.832,0.8305288461538461,0.140625,0.117,0.6899038461538461,0.0,0.16947115384615385,0.0,16.8,0.0,83.2,0.0,212,212.0
dapper_no_confidence_gate,lossy,110,100.0,1000,25.004520730247734,33.8683404853258,34.86997539103268,34.98456857838196,33.75109147578766,0.0,0.7268739784421301,0.7451149558803886,21100.0,21.1,21100.0,0.0,0.0,0.0,0.844,0.7772511848341233,0.14691943127962084,0.124,0.6303317535545023,0.0,0.22274881516587677,0.0,15.6,0.0,84.39999999999999,0.0,222,222.0
dapper_no_confidence_gate,lossy,111,100.0,1000,24.90307640535743,34.14835345167596,34.756755348825656,34.981698697795565,32.7556557000052,0.0,0.7248703254305311,0.741050003511741,20700.0,20.7,20700.0,0.0,0.0,0.0,0.828,0.8031400966183575,0.13768115942028986,0.114,0.6654589371980676,0.0,0.19685990338164253,0.0,17.2,0.0,82.8,0.0,237,237.0
dapper_no_confidence_gate,lossy,112,100.0,1000,24.956367632930085,34.151123089835,34.870234716853815,34.962158450180866,33.06019904760227,0.0,0.7253954496233768,0.7429173169802508,21025.0,21.025,21025.0,0.0,0.0,0.0,0.841,0.8026159334126041,0.13912009512485138,0.117,0.6634958382877527,0.0,0.19738406658739596,0.0,15.9,0.0,84.1,0.0,198,198.0
dapper_no_confidence_gate,lossy,113,100.0,1000,25.11573781751927,34.14436127878192,34.867885766711,34.99782157537433,32.76807563222568,0.0,0.7254462125679975,0.7417740163691323,21525.0,21.525,21525.0,0.0,0.0,0.0,0.861,0.8072009291521487,0.12659698025551683,0.109,0.6806039488966318,0.0,0.19279907084785133,0.0,13.900000000000002,0.0,86.1,0.0,214,214.0
dapper_no_confidence_gate,lossy,114,100.0,1000,25.05695156474369,34.026649628584615,34.857774174382406,34.983091762156874,32.7952195923254,0.0,0.72440817275247,0.7408514460715853,20475.0,20.475,20475.0,0.0,0.0,0.0,0.819,0.800976800976801,0.13675213675213677,0.112,0.6642246642246642,0.0,0.199023199023199,0.0,18.099999999999998,0.0,81.89999999999999,0.0,236,236.0
dapper_no_confidence_gate,lossy,115,100.0,1000,24.76252752899427,34.140208891814694,34.85306689119638,34.992962372181864,32.591457014930775,0.0,0.7251726691219196,0.7411248765769434,20725.0,20.725,20725.0,0.0,0.0,0.0,0.829,0.7961399276236429,0.13630880579010857,0.113,0.6598311218335344,0.0,0.20386007237635706,0.0,17.1,0.0,82.89999999999999,0.0,242,242.0
dapper_no_confidence_gate,lossy,116,100.0,1000,24.951356764470432,33.914227978461774,34.857265543400885,34.99525986411179,33.75244271981009,0.0,0.7243445892890008,0.7443465749595518,21200.0,21.2,21200.0,0.0,0.0,0.0,0.848,0.8313679245283019,0.1509433962264151,0.128,0.6804245283018868,0.0,0.16863207547169812,0.0,15.2,0.0,84.8,0.0,218,218.0
dapper_no_confidence_gate,lossy,117,100.0,1000,25.037129912861214,33.9567672696681,34.764351269100246,34.996388970755305,31.61921159062746,0.0,0.726073452957747,0.7388234103950774,20975.0,20.975,20975.0,0.0,0.0,0.0,0.839,0.8069129916567342,0.11203814064362336,0.094,0.6948748510131109,0.0,0.19308700834326578,0.0,16.1,0.0,83.89999999999999,0.0,228,228.0
dapper_no_confidence_gate,lossy,118,100.0,1000,24.83203368389728,33.86314293776527,34.704566823658226,34.94197590424748,33.13647559750792,0.0,0.7277094589160901,0.7443394983302967,20850.0,20.85,20850.0,0.0,0.0,0.0,0.834,0.8261390887290168,0.14268585131894485,0.119,0.6834532374100719,0.0,0.17386091127098321,0.0,16.6,0.0,83.39999999999999,0.0,224,224.0
dapper_no_confidence_gate,lossy,119,100.0,1000,25.22380561542694,34.16353447898527,34.88856396573517,34.993426719837316,33.49332059248081,0.0,0.72570145608929,0.7433253325212863,21250.0,21.25,21250.0,0.0,0.0,0.0,0.85,0.82,0.1411764705882353,0.12,0.6788235294117647,0.0,0.18,0.0,15.0,0.0,85.0,0.0,206,206.0
dapper_no_confidence_gate,lossy,120,100.0,1000,24.94356883456326,33.94762430607923,34.82126839451995,34.99480299428936,31.947295635196753,0.0,0.7242446744200584,0.7395697665711806,20675.0,20.675,20675.0,0.0,0.0,0.0,0.827,0.8065296251511487,0.12091898428053205,0.1,0.6856106408706167,0.0,0.19347037484885127,0.0,17.299999999999997,0.0,82.69999999999999,0.0,234,234.0
dapper_no_confidence_gate,lossy,121,100.0,1000,24.890186762682326,33.9509837447526,34.75636721943252,34.9865485323475,33.665972977219795,0.0,0.7226738180182367,0.7421935993933141,21200.0,21.2,21200.0,0.0,0.0,0.0,0.848,0.8183962264150944,0.1474056603773585,0.125,0.6709905660377359,0.0,0.18160377358490565,0.0,15.2,0.0,84.8,0.0,228,228.0
dapper_no_confidence_gate,lossy,122,100.0,1000,25.08579289471596,34.07524967583675,34.72465675884838,34.92311681265087,33.14848299825531,0.0,0.7253656451784852,0.7429511511684286,21100.0,21.1,21100.0,0.0,0.0,0.0,0.844,0.7997630331753555,0.1362559241706161,0.115,0.6635071090047393,0.0,0.20023696682464456,0.0,15.6,0.0,84.39999999999999,0.0,198,198.0
dapper_no_confidence_gate,lossy,123,100.0,1000,24.817178107343594,33.97858252982191,34.71884738710505,34.9640180768012,33.27222887760827,0.0,0.725177200048534,0.7447060908680628,20900.0,20.9,20900.0,0.0,0.0,0.0,0.836,0.8050239234449761,0.1471291866028708,0.123,0.6578947368421053,0.0,0.19497607655502391,0.0,16.400000000000002,0.0,83.6,0.0,232,232.0
dapper_no_confidence_gate,lossy,124,100.0,1000,25.144076835710404,34.0084817041087,34.82162623829404,34.999930978152555,35.748626623855394,0.0,0.7252006399861742,0.7482219307273581,21700.0,21.7,21700.0,0.0,0.0,0.0,0.868,0.8329493087557603,0.17626728110599077,0.153,0.6566820276497696,0.0,0.16705069124423963,0.0,13.200000000000001,0.0,86.8,0.0,180,180.0
dapper_no_confidence_gate,lossy,125,100.0,1000,25.290207315525716,34.07810779324134,34.85987931432081,34.99675173862079,33.018076069490185,0.0,0.725008358044021,0.7405345341121349,20425.0,20.425,20425.0,0.0,0.0,0.0,0.817,0.8102815177478581,0.1383108935128519,0.113,0.6719706242350061,0.0,0.189718482252142,0.0,18.3,0.0,81.69999999999999,0.0,234,234.0
dapper_no_confidence_gate,lossy,126,100.0,1000,25.012306557377276,34.01851118868758,34.87231873366858,34.99707928007821,33.400659346461175,0.0,0.7223553858756083,0.7400923777708844,21025.0,21.025,21025.0,0.0,0.0,0.0,0.841,0.8180737217598097,0.14387633769322236,0.121,0.6741973840665874,0.0,0.18192627824019025,0.0,15.9,0.0,84.1,0.0,218,218.0
dapper_no_confidence_gate,lossy,127,100.0,1000,24.933813775828348,34.03862120823819,34.851014551058256,34.985303846764054,34.134768350387546,0.0,0.7254720911704587,0.7454736603539254,21225.0,21.225,21225.0,0.0,0.0,0.0,0.849,0.7656065959952886,0.15665488810365136,0.133,0.6089517078916372,0.0,0.23439340400471143,0.0,15.1,0.0,84.89999999999999,0.0,217,217.0
dapper_no_confidence_gate,lossy,128,100.0,1000,25.361525346794913,34.112832194106765,34.722796126768856,34.99638466136344,33.601660512613925,0.0,0.7258146565752936,0.7430412678333901,21000.0,21.0,21000.0,0.0,0.0,0.0,0.84,0.8214285714285714,0.14404761904761904,0.121,0.6773809523809524,0.0,0.17857142857142858,0.0,16.0,0.0,84.0,0.0,234,234.0
dapper_no_confidence_gate,lossy,129,100.0,1000,24.956002553810663,34.060395492680186,34.85750602439408,34.980831653703675,32.97878334726652,0.0,0.7240405957959037,0.7404988889435048,21275.0,21.275,21275.0,0.0,0.0,0.0,0.851,0.81786133960047,0.13513513513513514,0.115,0.6827262044653349,0.0,0.18213866039952997,0.0,14.899999999999999,0.0,85.1,0.0,210,210.0
dapper_no_confidence_gate,outage,100,100.0,1000,7.390958833110617,31.53222247776869,33.92161243264051,34.99545577037872,7.390958833110617,0.0,0.7256162643603677,0.7256162643603677,0.0,0.0,0.0,1.0,0.735,0.0,0.0,0.0,0.0,0.0,0.0,0.0,0.0,0.0,22.6,0.0,0.0,77.4,422,422.0
dapper_no_confidence_gate,outage,101,100.0,1000,7.394054329988902,31.520563490832846,34.26171430265933,34.94450915915627,7.394054329988902,0.0,0.7269702216094329,0.7269702216094329,0.0,0.0,0.0,1.0,0.736,0.0,0.0,0.0,0.0,0.0,0.0,0.0,0.0,0.0,21.9,0.0,0.0,78.10000000000001,412,412.0
dapper_no_confidence_gate,outage,102,100.0,1000,7.51680019137851,31.462924322041214,34.417701339171714,34.98162652146018,7.51680019137851,0.0,0.725179462474503,0.725179462474503,0.0,0.0,0.0,1.0,0.731,0.0,0.0,0.0,0.0,0.0,0.0,0.0,0.0,0.0,23.200000000000003,0.0,0.0,76.8,422,422.0
dapper_no_confidence_gate,outage,103,100.0,1000,7.378221024983012,31.251434028184203,34.6042054298873,34.981104653112794,7.378221024983012,0.0,0.7262335249696575,0.7262335249696575,0.0,0.0,0.0,1.0,0.735,0.0,0.0,0.0,0.0,0.0,0.0,0.0,0.0,0.0,23.0,0.0,0.0,77.0,429,429.0
dapper_no_confidence_gate,outage,104,100.0,1000,7.568293210290533,31.59395630138461,34.54533747275368,34.97633437705056,7.568293210290533,0.0,0.7263175970031922,0.7263175970031922,0.0,0.0,0.0,1.0,0.728,0.0,0.0,0.0,0.0,0.0,0.0,0.0,0.0,0.0,23.5,0.0,0.0,76.5,422,422.0
dapper_no_confidence_gate,outage,105,100.0,1000,7.519378267796368,31.402502329388795,34.46505659979935,34.921933732182964,7.519378267796368,0.0,0.7248271436420854,0.7248271436420854,0.0,0.0,0.0,1.0,0.732,0.0,0.0,0.0,0.0,0.0,0.0,0.0,0.0,0.0,22.8,0.0,0.0,77.2,417,417.0
dapper_no_confidence_gate,outage,106,100.0,1000,7.549106265746754,31.449714720334896,34.37540672388598,34.964850295506736,7.549106265746754,0.0,0.7212594093828284,0.7212594093828284,0.0,0.0,0.0,1.0,0.732,0.0,0.0,0.0,0.0,0.0,0.0,0.0,0.0,0.0,22.3,0.0,0.0,77.7,414,414.0
dapper_no_confidence_gate,outage,107,100.0,1000,7.495635529917344,31.80791921566703,34.39018497885919,34.99112443015811,7.495635529917344,0.0,0.7250211366010297,0.7250211366010297,0.0,0.0,0.0,1.0,0.733,0.0,0.0,0.0,0.0,0.0,0.0,0.0,0.0,0.0,23.1,0.0,0.0,76.9,422,422.0
dapper_no_confidence_gate,outage,108,100.0,1000,7.251361824662859,31.14265792210696,34.17418822409749,34.97297658698431,7.251361824662859,0.0,0.7266974788453335,0.7266974788453335,0.0,0.0,0.0,1.0,0.736,0.0,0.0,0.0,0.0,0.0,0.0,0.0,0.0,0.0,23.0,0.0,0.0,77.0,426,426.0
dapper_no_confidence_gate,outage,109,100.0,1000,7.685496458575816,31.705170488180077,34.40871885608117,34.88886016594044,7.685496458575816,0.0,0.7258121030951461,0.7258121030951461,0.0,0.0,0.0,1.0,0.729,0.0,0.0,0.0,0.0,0.0,0.0,0.0,0.0,0.0,23.5,0.0,0.0,76.5,427,427.0
dapper_no_confidence_gate,outage,110,100.0,1000,7.355193804523941,30.694822041353905,34.222511546491425,34.969462845702225,7.355193804523941,0.0,0.7245809511185383,0.7245809511185383,0.0,0.0,0.0,1.0,0.735,0.0,0.0,0.0,0.0,0.0,0.0,0.0,0.0,0.0,22.8,0.0,0.0,77.2,425,425.0
dapper_no_confidence_gate,outage,111,100.0,1000,7.398682547644234,31.455362565824643,34.05726657846486,34.958198085831974,7.398682547644234,0.0,0.7280638471067766,0.7280638471067766,0.0,0.0,0.0,1.0,0.732,0.0,0.0,0.0,0.0,0.0,0.0,0.0,0.0,0.0,22.900000000000002,0.0,0.0,77.10000000000001,414,414.0
dapper_no_confidence_gate,outage,112,100.0,1000,7.370625290236145,31.426397231090824,34.038780941246515,34.949972127365655,7.370625290236145,0.0,0.7280606555765715,0.7280606555765715,0.0,0.0,0.0,1.0,0.734,0.0,0.0,0.0,0.0,0.0,0.0,0.0,0.0,0.0,22.1,0.0,0.0,77.9,412,412.0
dapper_no_confidence_gate,outage,113,100.0,1000,7.147796806593906,30.844985093880027,33.96419838510252,34.91680130902314,7.147796806593906,0.0,0.7299582611154545,0.7299582611154545,0.0,0.0,0.0,1.0,0.737,0.0,0.0,0.0,0.0,0.0,0.0,0.0,0.0,0.0,23.200000000000003,0.0,0.0,76.8,437,437.0
dapper_no_confidence_gate,outage,114,100.0,1000,7.501176014095029,31.4914309836508,34.414218678920534,34.97406829855338,7.501176014095029,0.0,0.7224631994341497,0.7224631994341497,0.0,0.0,0.0,1.0,0.728,0.0,0.0,0.0,0.0,0.0,0.0,0.0,0.0,0.0,22.3,0.0,0.0,77.7,398,398.0
dapper_no_confidence_gate,outage,115,100.0,1000,7.428611862088066,30.652007764158807,34.152857588086846,34.990047900593524,7.428611862088066,0.0,0.7262317832361891,0.7262317832361891,0.0,0.0,0.0,1.0,0.735,0.0,0.0,0.0,0.0,0.0,0.0,0.0,0.0,0.0,22.2,0.0,0.0,77.8,413,413.0
dapper_no_confidence_gate,outage,116,100.0,1000,7.310877248374183,30.959598437937885,34.2744524675671,34.84799240200695,7.310877248374183,0.0,0.727895972888168,0.727895972888168,0.0,0.0,0.0,1.0,0.734,0.0,0.0,0.0,0.0,0.0,0.0,0.0,0.0,0.0,23.5,0.0,0.0,76.5,434,434.0
dapper_no_confidence_gate,outage,117,100.0,1000,7.385847848859415,31.09198240986329,34.14712359689956,34.96597639562117,7.385847848859415,0.0,0.7183856901372877,0.7183856901372877,0.0,0.0,0.0,1.0,0.732,0.0,0.0,0.0,0.0,0.0,0.0,0.0,0.0,0.0,21.9,0.0,0.0,78.10000000000001,403,403.0
dapper_no_confidence_gate,outage,118,100.0,1000,7.254554051460061,31.241459127591458,33.60889001037177,34.741923692424066,7.254554051460061,0.0,0.7269199104810466,0.7269199104810466,0.0,0.0,0.0,1.0,0.737,0.0,0.0,0.0,0.0,0.0,0.0,0.0,0.0,0.0,22.0,0.0,0.0,78.0,408,408.0
dapper_no_confidence_gate,outage,119,100.0,1000,7.544636632920723,31.97128927281031,34.12470746616695,34.92690319762808,7.544636632920723,0.0,0.7220765044472426,0.7220765044472426,0.0,0.0,0.0,1.0,0.733,0.0,0.0,0.0,0.0,0.0,0.0,0.0,0.0,0.0,23.599999999999998,0.0,0.0,76.4,434,434.0
dapper_no_confidence_gate,outage,120,100.0,1000,7.2966883444603,30.892941767709793,34.211465224522804,34.99743937003936,7.2966883444603,0.0,0.7277157448014966,0.7277157448014966,0.0,0.0,0.0,1.0,0.733,0.0,0.0,0.0,0.0,0.0,0.0,0.0,0.0,0.0,22.1,0.0,0.0,77.9,410,410.0
dapper_no_confidence_gate,outage,121,100.0,1000,7.333809267763978,31.109084311834984,33.97165026658857,34.64971422730907,7.333809267763978,0.0,0.7274434266949621,0.7274434266949621,0.0,0.0,0.0,1.0,0.738,0.0,0.0,0.0,0.0,0.0,0.0,0.0,0.0,0.0,22.7,0.0,0.0,77.3,427,427.0
dapper_no_confidence_gate,outage,122,100.0,1000,7.251434439695796,30.60696308430699,34.355640534389124,34.986643071399804,7.251434439695796,0.0,0.7230377555986962,0.7230377555986962,0.0,0.0,0.0,1.0,0.738,0.0,0.0,0.0,0.0,0.0,0.0,0.0,0.0,0.0,21.8,0.0,0.0,78.2,412,412.0
dapper_no_confidence_gate,outage,123,100.0,1000,7.348689071341893,31.31477153672879,33.77157051102519,34.93381679406212,7.348689071341893,0.0,0.7249842011830019,0.7249842011830019,0.0,0.0,0.0,1.0,0.734,0.0,0.0,0.0,0.0,0.0,0.0,0.0,0.0,0.0,22.6,0.0,0.0,77.4,416,416.0
dapper_no_confidence_gate,outage,124,100.0,1000,7.660167119732145,32.1804553486177,34.264528586595944,34.941792593643456,7.660167119732145,0.0,0.7230039723105824,0.7230039723105824,0.0,0.0,0.0,1.0,0.731,0.0,0.0,0.0,0.0,0.0,0.0,0.0,0.0,0.0,22.3,0.0,0.0,77.7,400,400.0
dapper_no_confidence_gate,outage,125,100.0,1000,7.350838089581009,31.434653948905787,34.32904496368304,34.97323235440945,7.350838089581009,0.0,0.7221812250823167,0.7221812250823167,0.0,0.0,0.0,1.0,0.733,0.0,0.0,0.0,0.0,0.0,0.0,0.0,0.0,0.0,23.200000000000003,0.0,0.0,76.8,428,428.0
dapper_no_confidence_gate,outage,126,100.0,1000,7.215129876013096,30.710400018658593,33.86622552192073,34.99530404733341,7.215129876013096,0.0,0.725540342550057,0.725540342550057,0.0,0.0,0.0,1.0,0.738,0.0,0.0,0.0,0.0,0.0,0.0,0.0,0.0,0.0,22.6,0.0,0.0,77.4,428,428.0
dapper_no_confidence_gate,outage,127,100.0,1000,7.168677740371282,30.32721903409148,33.88590346281151,34.91862325958482,7.168677740371282,0.0,0.7321660926795039,0.7321660926795039,0.0,0.0,0.0,1.0,0.738,0.0,0.0,0.0,0.0,0.0,0.0,0.0,0.0,0.0,21.9,0.0,0.0,78.10000000000001,409,409.0
dapper_no_confidence_gate,outage,128,100.0,1000,7.182658284101614,30.07092856934142,34.160945540901714,34.96572059102459,7.182658284101614,0.0,0.7245057292187558,0.7245057292187558,0.0,0.0,0.0,1.0,0.736,0.0,0.0,0.0,0.0,0.0,0.0,0.0,0.0,0.0,23.0,0.0,0.0,77.0,428,428.0
dapper_no_confidence_gate,outage,129,100.0,1000,7.192894149462109,30.305709714834187,34.22738591997794,34.97529884555047,7.192894149462109,0.0,0.7266441172681618,0.7266441172681618,0.0,0.0,0.0,1.0,0.738,0.0,0.0,0.0,0.0,0.0,0.0,0.0,0.0,0.0,21.3,0.0,0.0,78.7,404,404.0
dapper_no_confidence_gate,stable,100,100.0,1000,25.279403323317702,33.96035223762113,34.73962355895296,34.988775105687154,55.538430839525034,0.0,0.7265268897628933,0.7975273110848559,25000.0,25.0,25000.0,0.0,0.0,0.0,1.0,0.989,0.488,0.488,0.501,0.0,0.011,0.0,0.0,0.0,100.0,0.0,0,0.0
dapper_no_confidence_gate,stable,101,100.0,1000,24.820657080469697,33.96040511204254,34.788072376532675,34.99828909781833,57.532858530095766,0.0,0.7249338588619687,0.8032529537777608,25000.0,25.0,25000.0,0.0,0.0,0.0,1.0,0.99,0.523,0.523,0.467,0.0,0.01,0.0,0.0,0.0,100.0,0.0,0,0.0
dapper_no_confidence_gate,stable,102,100.0,1000,24.835880473076735,33.70682378335116,34.74818297607158,34.965240972972765,56.78670183537698,0.0,0.727324394359075,0.8069662402478758,25000.0,25.0,25000.0,0.0,0.0,0.0,1.0,0.99,0.521,0.521,0.469,0.0,0.01,0.0,0.0,0.0,100.0,0.0,0,0.0
dapper_no_confidence_gate,stable,103,100.0,1000,24.972078044518216,34.293187186352334,34.89307765319619,34.99802137082616,57.97162987433782,0.0,0.7236659440861409,0.8049199076525545,25000.0,25.0,25000.0,0.0,0.0,0.0,1.0,0.99,0.535,0.535,0.455,0.0,0.01,0.0,0.0,0.0,100.0,0.0,0,0.0
dapper_no_confidence_gate,stable,104,100.0,1000,24.98622097286207,33.860115377670134,34.74837408619961,34.98656616097203,55.46948485185432,0.0,0.7240926018777877,0.7955304872992183,25000.0,25.0,25000.0,0.0,0.0,0.0,1.0,0.99,0.493,0.493,0.497,0.0,0.01,0.0,0.0,0.0,100.0,0.0,0,0.0
dapper_no_confidence_gate,stable,105,100.0,1000,24.85634769037545,33.82025179084476,34.62504012903672,34.93314580405199,56.68973286328967,0.0,0.7262361051095783,0.8023095380631553,25000.0,25.0,25000.0,0.0,0.0,0.0,1.0,0.99,0.513,0.513,0.477,0.0,0.01,0.0,0.0,0.0,100.0,0.0,0,0.0
dapper_no_confidence_gate,stable,106,100.0,1000,24.716410963251104,33.86074949026578,34.68730165917939,34.933586993197196,57.345195973617635,0.0,0.7229428904328138,0.8020520489183882,25000.0,25.0,25000.0,0.0,0.0,0.0,1.0,0.992,0.52,0.52,0.472,0.0,0.008,0.0,0.0,0.0,100.0,0.0,0,0.0
dapper_no_confidence_gate,stable,107,100.0,1000,24.88557902804772,33.83424628214373,34.89267109559948,34.9936438529993,57.40337617146596,0.0,0.7245133185042392,0.8041775947303632,25000.0,25.0,25000.0,0.0,0.0,0.0,1.0,0.989,0.519,0.519,0.47,0.0,0.011,0.0,0.0,0.0,100.0,0.0,0,0.0
dapper_no_confidence_gate,stable,108,100.0,1000,25.235897183714567,34.2868707566229,34.87218349603604,34.989690121554816,56.042435815974656,0.0,0.7254394152220247,0.8029251703471986,25000.0,25.0,25000.0,0.0,0.0,0.0,1.0,0.988,0.499,0.499,0.489,0.0,0.012,0.0,0.0,0.0,100.0,0.0,0,0.0
dapper_no_confidence_gate,stable,109,100.0,1000,25.268964708760926,34.15910526808331,34.79620852522923,34.94284900848466,56.37881528857746,0.0,0.7225069831603355,0.7973055668677762,25000.0,25.0,25000.0,0.0,0.0,0.0,1.0,0.987,0.499,0.499,0.488,0.0,0.013,0.0,0.0,0.0,100.0,0.0,0,0.0
dapper_no_confidence_gate,stable,110,100.0,1000,24.978043487255007,33.957417382454665,34.80033649104111,34.99011804008187,55.963267026831346,0.0,0.7239727698806182,0.7992950985226189,25000.0,25.0,25000.0,0.0,0.0,0.0,1.0,0.984,0.502,0.502,0.482,0.0,0.016,0.0,0.0,0.0,100.0,0.0,0,0.0
dapper_no_confidence_gate,stable,111,100.0,1000,25.491345575881343,33.99942489704205,34.77294614292747,34.98882482505357,58.211492854764366,0.0,0.7264559107913696,0.8057664818955173,25000.0,25.0,25000.0,0.0,0.0,0.0,1.0,0.991,0.528,0.528,0.463,0.0,0.009,0.0,0.0,0.0,100.0,0.0,0,0.0
dapper_no_confidence_gate,stable,112,100.0,1000,25.044635098675773,33.93678625080242,34.80594764992258,34.978994945141224,57.24036132371512,0.0,0.7245903067601731,0.8009226898693003,25000.0,25.0,25000.0,0.0,0.0,0.0,1.0,0.992,0.517,0.517,0.475,0.0,0.008,0.0,0.0,0.0,100.0,0.0,0,0.0
dapper_no_confidence_gate,stable,113,100.0,1000,24.924957379086543,33.92528008813723,34.852479041190236,34.99387303551587,55.010316682467696,0.0,0.725184772552611,0.7975242994668902,25000.0,25.0,25000.0,0.0,0.0,0.0,1.0,0.985,0.488,0.488,0.497,0.0,0.015,0.0,0.0,0.0,100.0,0.0,0,0.0
dapper_no_confidence_gate,stable,114,100.0,1000,25.128438548268,33.86993382489312,34.786318253661975,34.99771913787838,57.93248284979347,0.0,0.7237524930795687,0.8033240545658997,25000.0,25.0,25000.0,0.0,0.0,0.0,1.0,0.989,0.53,0.53,0.459,0.0,0.011,0.0,0.0,0.0,100.0,0.0,0,0.0
dapper_no_confidence_gate,stable,115,100.0,1000,25.094705607799348,34.162413089123824,34.74465384721523,34.970565607066455,56.513563879840724,0.0,0.7245886848920773,0.8010527993695287,25000.0,25.0,25000.0,0.0,0.0,0.0,1.0,0.988,0.51,0.51,0.478,0.0,0.012,0.0,0.0,0.0,100.0,0.0,0,0.0
dapper_no_confidence_gate,stable,116,100.0,1000,25.028301912688907,34.05041769477859,34.88445460350265,34.99403448766891,58.36742048439565,0.0,0.7244573126145593,0.8041615182100852,25000.0,25.0,25000.0,0.0,0.0,0.0,1.0,0.995,0.539,0.539,0.456,0.0,0.005,0.0,0.0,0.0,100.0,0.0,0,0.0
dapper_no_confidence_gate,stable,117,100.0,1000,24.997182216762514,33.94211020128963,34.806950360419165,34.98156739475102,55.98851512449491,0.0,0.7238166310991714,0.7982096397317744,25000.0,25.0,25000.0,0.0,0.0,0.0,1.0,0.988,0.493,0.493,0.495,0.0,0.012,0.0,0.0,0.0,100.0,0.0,0,0.0
dapper_no_confidence_gate,stable,118,100.0,1000,25.026589048763064,34.146334679362305,34.835239525322194,34.964244111574146,56.71298899532537,0.0,0.7280528994609765,0.8024783280256713,25000.0,25.0,25000.0,0.0,0.0,0.0,1.0,0.991,0.51,0.51,0.481,0.0,0.009,0.0,0.0,0.0,100.0,0.0,0,0.0
dapper_no_confidence_gate,stable,119,100.0,1000,24.80107188012856,34.00280379558126,34.81754573602827,34.936826663719394,57.443063475436375,0.0,0.7243707963012889,0.8045675847475898,25000.0,25.0,25000.0,0.0,0.0,0.0,1.0,0.989,0.525,0.525,0.464,0.0,0.011,0.0,0.0,0.0,100.0,0.0,0,0.0
dapper_no_confidence_gate,stable,120,100.0,1000,25.000139802139184,33.83887438020657,34.75482963071029,34.96519781982063,56.277915757096,0.0,0.7247996031934949,0.8003864086787547,25000.0,25.0,25000.0,0.0,0.0,0.0,1.0,0.985,0.504,0.504,0.481,0.0,0.015,0.0,0.0,0.0,100.0,0.0,0,0.0
dapper_no_confidence_gate,stable,121,100.0,1000,24.870142370806825,34.08802278656587,34.79782372711737,34.96061084968983,55.19192828265312,0.0,0.7235062491591376,0.7971068302156246,25000.0,25.0,25000.0,0.0,0.0,0.0,1.0,0.987,0.486,0.486,0.501,0.0,0.013,0.0,0.0,0.0,100.0,0.0,0,0.0
dapper_no_confidence_gate,stable,122,100.0,1000,24.829111935230273,33.958468133447,34.74506049633189,34.924143640943036,57.0885535834798,0.0,0.7259117747422895,0.8033261191388481,25000.0,25.0,25000.0,0.0,0.0,0.0,1.0,0.989,0.514,0.514,0.475,0.0,0.011,0.0,0.0,0.0,100.0,0.0,0,0.0
dapper_no_confidence_gate,stable,123,100.0,1000,25.35470141463279,34.01400394209814,34.728637206489786,34.90743937957425,54.77079715867195,0.0,0.7231039957478556,0.7969516899915418,25000.0,25.0,25000.0,0.0,0.0,0.0,1.0,0.983,0.475,0.475,0.508,0.0,0.017,0.0,0.0,0.0,100.0,0.0,0,0.0
dapper_no_confidence_gate,stable,124,100.0,1000,25.00583269004324,34.03261405514325,34.80612955591713,34.95256595801938,55.93766821891825,0.0,0.7270004160651047,0.8013141844269079,25000.0,25.0,25000.0,0.0,0.0,0.0,1.0,0.993,0.498,0.498,0.495,0.0,0.007,0.0,0.0,0.0,100.0,0.0,0,0.0
dapper_no_confidence_gate,stable,125,100.0,1000,24.9867591189863,33.982185709447386,34.8021659840167,34.99165214842439,58.4405623681783,0.0,0.7268533605073024,0.8052622659120062,25000.0,25.0,25000.0,0.0,0.0,0.0,1.0,0.993,0.533,0.533,0.46,0.0,0.007,0.0,0.0,0.0,100.0,0.0,0,0.0
dapper_no_confidence_gate,stable,126,100.0,1000,24.628886386363657,33.70638744138536,34.672811784104226,34.983867296625746,57.26466437126896,0.0,0.726794351381784,0.8067886727815479,25000.0,25.0,25000.0,0.0,0.0,0.0,1.0,0.987,0.526,0.526,0.461,0.0,0.013,0.0,0.0,0.0,100.0,0.0,0,0.0
dapper_no_confidence_gate,stable,127,100.0,1000,25.164646066804526,34.17312143282042,34.80106095916998,34.970740898815485,58.27553534198825,0.0,0.7237258806201099,0.8025952454116121,25000.0,25.0,25000.0,0.0,0.0,0.0,1.0,0.99,0.532,0.532,0.458,0.0,0.01,0.0,0.0,0.0,100.0,0.0,0,0.0
dapper_no_confidence_gate,stable,128,100.0,1000,25.178185128090664,33.92859815320874,34.67968897440042,34.972660274630584,58.65627045310895,0.0,0.7271450910033325,0.8060690486263641,25000.0,25.0,25000.0,0.0,0.0,0.0,1.0,0.985,0.538,0.538,0.447,0.0,0.015,0.0,0.0,0.0,100.0,0.0,0,0.0
dapper_no_confidence_gate,stable,129,100.0,1000,25.217209562918274,34.07064808785484,34.83459462785327,34.9933571344785,56.88754349246287,0.0,0.722736266433297,0.8011230361874909,25000.0,25.0,25000.0,0.0,0.0,0.0,1.0,0.989,0.512,0.512,0.477,0.0,0.011,0.0,0.0,0.0,100.0,0.0,0,0.0
dapper_no_freshness_gate,variable,100,100.0,1000,19.847097399190012,33.61420558459003,34.76027410675784,34.95054826151675,21.97468170885308,0.0,0.7259116438296801,0.7309100495998946,8750.0,8.75,8750.0,0.284,0.216,0.0,0.35,0.92,0.09428571428571429,0.033,0.8257142857142857,0.0,0.08,0.0,43.4,0.0,35.0,21.6,381,381.0
dapper_no_freshness_gate,variable,101,100.0,1000,19.873228370530978,33.51859359353788,34.716729365681125,34.99816501848515,22.429717590864318,0.0,0.7275598148950951,0.7338505135735993,10075.0,10.075,10075.0,0.256,0.2,0.0,0.403,0.9454094292803971,0.09429280397022333,0.038,0.8511166253101737,0.0,0.05459057071960298,0.0,39.7,0.0,40.300000000000004,20.0,373,373.0
dapper_no_freshness_gate,variable,102,100.0,1000,21.725835154751234,33.952084801243224,34.85412725538718,34.995332379528136,24.55018827202417,0.0,0.7253923428217819,0.7325011631642455,10125.0,10.125,10125.0,0.167,0.131,0.0,0.405,0.8987654320987655,0.1037037037037037,0.042,0.7950617283950617,0.0,0.10123456790123457,0.0,46.400000000000006,0.0,40.5,13.100000000000001,336,336.0
dapper_no_freshness_gate,variable,103,100.0,1000,19.512093113412188,33.581179869308166,34.6745142049723,34.99051342908312,21.536858533775952,0.0,0.7264145780785138,0.7316018841146493,9700.0,9.7,9700.0,0.315,0.239,0.0,0.388,0.9252577319587629,0.07731958762886598,0.03,0.8479381443298969,0.0,0.07474226804123711,0.0,37.3,0.0,38.800000000000004,23.9,400,400.0
dapper_no_freshness_gate,variable,104,100.0,1000,21.518439904160722,33.92297556550541,34.71580596411837,34.944614204784195,24.19286560109536,0.0,0.727405744674525,0.7335000817049102,9825.0,9.825,9825.0,0.187,0.143,0.0,0.393,0.9338422391857506,0.10178117048346055,0.04,0.8320610687022901,0.0,0.06615776081424936,0.0,46.400000000000006,0.0,39.300000000000004,14.299999999999999,362,362.0
dapper_no_freshness_gate,variable,105,100.0,1000,20.409246302565197,33.52133876628223,34.7773651787171,34.98077376103997,23.376413958481,0.0,0.726150768098847,0.7330994621409599,9750.0,9.75,9750.0,0.238,0.184,0.0,0.39,0.9461538461538461,0.11025641025641025,0.043,0.8358974358974359,0.0,0.05384615384615385,0.0,42.6,0.0,39.0,18.4,367,367.0
dapper_no_freshness_gate,variable,106,100.0,1000,21.59372391817589,33.5305156645498,34.67586933903363,34.993851868805095,24.22464112131524,0.0,0.7255234671581106,0.7321782081483472,9875.0,9.875,9875.0,0.175,0.136,0.0,0.395,0.9443037974683545,0.10126582278481013,0.04,0.8430379746835444,0.0,0.05569620253164557,0.0,46.9,0.0,39.5,13.600000000000001,371,371.0
dapper_no_freshness_gate,variable,107,100.0,1000,20.056441701403287,33.56666120695883,34.6268453225655,34.98148819897819,22.290948278842663,0.0,0.7240116849833446,0.729203334796121,8725.0,8.725,8725.0,0.261,0.201,0.0,0.349,0.9169054441260746,0.09455587392550144,0.033,0.8223495702005731,0.0,0.0830945558739255,0.0,45.0,0.0,34.9,20.1,362,362.0
dapper_no_freshness_gate,variable,108,100.0,1000,20.480881005394448,33.99159903353784,34.77692101060002,34.94872090187498,23.301428970536026,0.0,0.7260048286422379,0.7332002127738215,10125.0,10.125,10125.0,0.26,0.196,0.0,0.405,0.9308641975308642,0.1037037037037037,0.042,0.8271604938271605,0.0,0.0691358024691358,0.0,39.900000000000006,0.0,40.5,19.6,392,392.0
dapper_no_freshness_gate,variable,109,100.0,1000,21.210997956041414,33.76823065319891,34.76110730262953,34.98660651522982,23.060011675214664,0.0,0.7239038673745836,0.7281507289543079,9775.0,9.775,9775.0,0.203,0.156,0.0,0.391,0.9309462915601023,0.06905370843989769,0.027,0.8618925831202046,0.0,0.06905370843989769,0.0,45.300000000000004,0.0,39.1,15.6,394,394.0
dapper_no_freshness_gate,variable,110,100.0,1000,20.982663888093814,33.908831310824965,34.67822534775889,34.98146709760653,22.85841796982215,0.0,0.7252583766377324,0.7294279576298566,9600.0,9.6,9600.0,0.226,0.171,0.0,0.384,0.9348958333333334,0.07291666666666667,0.028,0.8619791666666666,0.0,0.06510416666666667,0.0,44.5,0.0,38.4,17.1,361,361.0
dapper_no_freshness_gate,variable,111,100.0,1000,21.15036747714493,33.79838354481562,34.723349040720166,34.97684653932659,23.898246545335653,0.0,0.7257443855359366,0.7321232698987364,9825.0,9.825,9825.0,0.216,0.166,0.0,0.393,0.9338422391857506,0.10432569974554708,0.041,0.8295165394402035,0.0,0.06615776081424936,0.0,44.1,0.0,39.300000000000004,16.6,371,371.0
dapper_no_freshness_gate,variable,112,100.0,1000,21.078172240720427,34.0565418294024,34.79412676903375,34.95854802039493,24.212262504548903,0.0,0.728773769620013,0.7356621447394286,9675.0,9.675,9675.0,0.215,0.162,0.0,0.387,0.9354005167958657,0.11886304909560723,0.046,0.8165374677002584,0.0,0.06459948320413436,0.0,45.1,0.0,38.7,16.2,372,372.0
dapper_no_freshness_gate,variable,113,100.0,1000,21.273906223598555,33.57682626381407,34.78843892853948,34.96829040868747,22.896912929005918,0.0,0.7263068757945752,0.7298801650003229,9250.0,9.25,9250.0,0.197,0.15,0.0,0.37,0.9351351351351351,0.06486486486486487,0.024,0.8702702702702703,0.0,0.06486486486486487,0.0,48.0,0.0,37.0,15.0,374,374.0
dapper_no_freshness_gate,variable,114,100.0,1000,19.651478679764644,33.53883646549626,34.61117657596823,34.99588156157893,21.80082481738994,0.0,0.7222741502329159,0.7272650507331792,8050.0,8.05,8050.000000000001,0.266,0.205,0.0,0.322,0.9254658385093167,0.09937888198757763,0.032,0.8260869565217391,0.0,0.07453416149068323,0.0,47.3,0.0,32.2,20.5,391,391.0
dapper_no_freshness_gate,variable,115,100.0,1000,21.45827282696581,33.34691437699113,34.626745067103904,34.87718954629805,24.548942824019623,0.0,0.7230935571850724,0.7305974128658156,9525.0,9.525,9525.0,0.176,0.137,0.0,0.381,0.9081364829396326,0.11811023622047244,0.045,0.7900262467191601,0.0,0.09186351706036745,0.0,48.199999999999996,0.0,38.1,13.700000000000001,346,346.0
dapper_no_freshness_gate,variable,116,100.0,1000,20.840460970931165,33.98344969197258,34.76841725790863,34.94714462527301,22.676296011280233,0.0,0.7289372186607409,0.7337824041177154,8675.0,8.675,8675.0,0.239,0.184,0.0,0.347,0.9365994236311239,0.07780979827089338,0.027,0.8587896253602305,0.0,0.06340057636887608,0.0,46.9,0.0,34.699999999999996,18.4,379,379.0
dapper_no_freshness_gate,variable,117,100.0,1000,22.76021868961211,34.240173789397694,34.82080355680936,34.990866631104254,24.340232113684532,0.0,0.7236897900442029,0.7274013833791875,10750.0,10.75,10750.0,0.132,0.1,0.0,0.43,0.9232558139534883,0.053488372093023255,0.023,0.8697674418604651,0.0,0.07674418604651163,0.0,47.0,0.0,43.0,10.0,364,364.0
dapper_no_freshness_gate,variable,118,100.0,1000,21.19990772515089,33.5101571170854,34.37942051281876,34.868091607089696,24.795661088368785,0.0,0.7251742139285398,0.7332718839678496,10850.0,10.85,10850.0,0.193,0.148,0.0,0.434,0.9331797235023042,0.11981566820276497,0.052,0.8133640552995391,0.0,0.06682027649769585,0.0,41.8,0.0,43.4,14.799999999999999,392,392.0
dapper_no_freshness_gate,variable,119,100.0,1000,20.98980792595105,33.65904383541709,34.57959716197339,34.99635852821138,23.759955843587026,0.0,0.7248011782863056,0.731759718303051,9475.0,9.475,9475.0,0.218,0.166,0.0,0.379,0.9261213720316622,0.10817941952506596,0.041,0.8179419525065963,0.0,0.07387862796833773,0.0,45.5,0.0,37.9,16.6,364,364.0
dapper_no_freshness_gate,variable,120,100.0,1000,21.637219680970638,33.96526001626422,34.71258654891299,34.99491157025027,24.157473320400253,0.0,0.7236256274039456,0.7299055176505913,11450.0,11.45,11450.0,0.179,0.134,0.0,0.458,0.9301310043668122,0.08078602620087336,0.037,0.8493449781659389,0.0,0.06986899563318777,0.0,40.8,0.0,45.800000000000004,13.4,357,357.0
dapper_no_freshness_gate,variable,121,100.0,1000,20.769854338698046,33.76407787463392,34.80089032279628,34.994688323129196,24.68125200719413,0.0,0.7246801812954811,0.7345887093906228,10475.0,10.475,10475.0,0.217,0.168,0.0,0.419,0.9331742243436754,0.13842482100238662,0.058,0.7947494033412887,0.0,0.06682577565632458,0.0,41.3,0.0,41.9,16.8,361,361.0
dapper_no_freshness_gate,variable,122,100.0,1000,21.13175821444513,33.694416258508085,34.631522901173106,34.97317679379236,24.23120819446242,0.0,0.727101792089757,0.7340206501603544,9925.0,9.925,9925.0,0.197,0.151,0.0,0.397,0.9546599496221663,0.11335012594458438,0.045,0.8413098236775819,0.0,0.04534005037783375,0.0,45.2,0.0,39.7,15.1,364,364.0
dapper_no_freshness_gate,variable,123,100.0,1000,21.09321361110236,33.79103353765298,34.79488657343286,34.98222422308634,23.181419503996473,0.0,0.7282104611957531,0.7339684088091011,9375.0,9.375,9375.0,0.215,0.164,0.0,0.375,0.9386666666666666,0.08533333333333333,0.032,0.8533333333333334,0.0,0.06133333333333333,0.0,46.1,0.0,37.5,16.400000000000002,367,367.0
dapper_no_freshness_gate,variable,124,100.0,1000,21.732988484636902,33.61582768332837,34.67732058291188,34.996246009129095,23.750766552712175,0.0,0.7242599698219147,0.7290090601287487,11700.0,11.7,11700.0,0.169,0.132,0.0,0.468,0.9145299145299145,0.0641025641025641,0.03,0.8504273504273504,0.0,0.08547008547008547,0.0,40.0,0.0,46.800000000000004,13.200000000000001,381,381.0
dapper_no_freshness_gate,variable,125,100.0,1000,20.769788307085673,33.55572104656107,34.7780426012565,34.94952031560075,23.64318483654006,0.0,0.7246252838037862,0.7310543455649272,9925.0,9.925,9925.0,0.222,0.17,0.0,0.397,0.9319899244332494,0.10579345088161209,0.042,0.8261964735516373,0.0,0.06801007556675064,0.0,43.3,0.0,39.7,17.0,372,372.0
dapper_no_freshness_gate,variable,126,100.0,1000,21.1478810158433,33.75159446968112,34.720173914570076,34.997585709381326,23.72466143080774,0.0,0.730137150017489,0.7363161985328225,9550.0,9.55,9550.0,0.21,0.163,0.0,0.382,0.9293193717277487,0.10209424083769633,0.039,0.8272251308900523,0.0,0.07068062827225131,0.0,45.5,0.0,38.2,16.3,387,387.0
dapper_no_freshness_gate,variable,127,100.0,1000,20.660215773075464,34.01155392391131,34.710521322396545,34.9805264786951,22.9640357303438,0.0,0.7254115546748069,0.7311096624471685,9875.0,9.875,9875.0,0.245,0.187,0.0,0.395,0.9544303797468354,0.08354430379746836,0.033,0.8708860759493671,0.0,0.04556962025316456,0.0,41.8,0.0,39.5,18.7,394,394.0
dapper_no_freshness_gate,variable,128,100.0,1000,19.588881490818014,33.63444553862527,34.724924465655434,34.96530254190218,21.60420490748735,0.0,0.7261101277963585,0.7302212879187465,8425.0,8.425,8425.0,0.278,0.214,0.0,0.337,0.9228486646884273,0.08605341246290801,0.029,0.8367952522255193,0.0,0.0771513353115727,0.0,44.9,0.0,33.7,21.4,368,368.0
dapper_no_freshness_gate,variable,129,100.0,1000,21.009790891695804,33.95183803633796,34.77333674805944,34.967648156933706,23.06959798697679,0.0,0.7216296347896245,0.7265740112000998,9275.0,9.275,9275.0,0.227,0.175,0.0,0.371,0.9433962264150944,0.0862533692722372,0.032,0.8571428571428571,0.0,0.05660377358490566,0.0,45.4,0.0,37.1,17.5,355,355.0
dapper_no_freshness_gate,congested,100,100.0,1000,24.824557271985057,33.928407620489025,34.77556075006328,34.97404020175507,24.824557271985057,0.0,0.7231225654703062,0.7231225654703062,100.0,0.1,100.0,0.004,0.004,0.0,0.004,1.0,0.0,0.0,1.0,0.0,0.0,0.0,99.2,0.0,0.4,0.4,14,14.0
dapper_no_freshness_gate,congested,101,100.0,1000,25.026673523971784,34.03466107987438,34.84243479054015,34.99327875607795,25.026673523971784,0.0,0.7239603822715144,0.7239603822715144,125.0,0.125,125.0,0.007,0.007,0.0,0.005,1.0,0.0,0.0,1.0,0.0,0.0,0.0,98.8,0.0,0.5,0.7000000000000001,22,22.0
dapper_no_freshness_gate,congested,102,100.0,1000,24.829712790777762,33.96479457393766,34.69588731781126,34.989536221406055,24.829712790777762,0.0,0.7270052366898776,0.7270052366898776,125.0,0.125,125.0,0.008,0.008,0.0,0.005,0.8,0.0,0.0,0.8,0.0,0.2,0.0,98.7,0.0,0.5,0.8,22,22.0
dapper_no_freshness_gate,congested,103,100.0,1000,24.892785643695664,34.09454856492267,34.78542999553827,34.985893217625524,24.892785643695664,0.0,0.7249187188165734,0.7249187188165734,75.0,0.075,75.0,0.006,0.006,0.0,0.003,0.6666666666666666,0.0,0.0,0.6666666666666666,0.0,0.3333333333333333,0.0,99.1,0.0,0.3,0.6,17,17.0
dapper_no_freshness_gate,congested,104,100.0,1000,24.77796847513708,33.81394766067372,34.81048977789511,34.94578824107255,24.77796847513708,0.0,0.7272547943451833,0.7272547943451833,175.0,0.175,175.0,0.008,0.008,0.0,0.007,1.0,0.0,0.0,1.0,0.0,0.0,0.0,98.5,0.0,0.7000000000000001,0.8,26,26.0
dapper_no_freshness_gate,congested,105,100.0,1000,24.677162661323955,34.007432758127685,34.86009343610894,34.98145078352877,24.677162661323955,0.0,0.7241646482306923,0.7241646482306923,175.0,0.175,175.0,0.008,0.008,0.0,0.007,1.0,0.0,0.0,1.0,0.0,0.0,0.0,98.5,0.0,0.7000000000000001,0.8,24,24.0
dapper_no_freshness_gate,congested,106,100.0,1000,24.772684967250918,33.98450796903268,34.753821099438774,34.98979405154197,24.772684967250918,0.0,0.7262080408789683,0.7262080408789683,100.0,0.1,100.0,0.007,0.007,0.0,0.004,1.0,0.0,0.0,1.0,0.0,0.0,0.0,98.9,0.0,0.4,0.7000000000000001,16,16.0
dapper_no_freshness_gate,congested,107,100.0,1000,24.763848167260303,33.88426057014752,34.77470672268729,34.998762184541775,24.763848167260303,0.0,0.7257346306649486,0.7257346306649486,100.0,0.1,100.0,0.005,0.005,0.0,0.004,0.75,0.0,0.0,0.75,0.0,0.25,0.0,99.1,0.0,0.4,0.5,14,14.0
dapper_no_freshness_gate,congested,108,100.0,1000,24.953177155047733,33.943119032195405,34.814499351033405,34.99655745974279,24.953177155047733,0.0,0.7244295155267036,0.7244295155267036,225.0,0.225,225.0,0.008,0.008,0.0,0.009,0.7777777777777778,0.0,0.0,0.7777777777777778,0.0,0.2222222222222222,0.0,98.3,0.0,0.8999999999999999,0.8,24,24.0
dapper_no_freshness_gate,congested,109,100.0,1000,24.847059358357548,33.93181537323021,34.785030538309286,34.98925809716232,24.847059358357548,0.0,0.7234323551786083,0.7234323551786083,75.0,0.075,75.0,0.007,0.007,0.0,0.003,1.0,0.0,0.0,1.0,0.0,0.0,0.0,99.0,0.0,0.3,0.7000000000000001,16,16.0
dapper_no_freshness_gate,congested,110,100.0,1000,24.70223165713215,33.71973175922034,34.60151524624712,34.90888622322395,24.70223165713215,0.0,0.7246938266396346,0.7246938266396346,225.0,0.225,225.0,0.005,0.005,0.0,0.009,0.8888888888888888,0.0,0.0,0.8888888888888888,0.0,0.1111111111111111,0.0,98.6,0.0,0.8999999999999999,0.5,20,20.0
dapper_no_freshness_gate,congested,111,100.0,1000,24.94253826558974,33.995133250212476,34.74455155405684,34.96241421096305,24.94253826558974,0.0,0.7254545302713125,0.7254545302713125,150.0,0.15,150.0,0.008,0.008,0.0,0.006,1.0,0.0,0.0,1.0,0.0,0.0,0.0,98.6,0.0,0.6,0.8,20,20.0
dapper_no_freshness_gate,congested,112,100.0,1000,24.86963877249279,33.90095224371657,34.76580213455383,34.985906989642146,24.86963877249279,0.0,0.7266076329631779,0.7266076329631779,100.0,0.1,100.0,0.013,0.013,0.0,0.004,1.0,0.0,0.0,1.0,0.0,0.0,0.0,98.3,0.0,0.4,1.3,26,26.0
dapper_no_freshness_gate,congested,113,100.0,1000,24.72292431672843,33.938019364553725,34.77247181035648,34.98424994294581,24.72292431672843,0.0,0.7265134749764945,0.7265134749764945,275.0,0.275,275.0,0.007,0.007,0.0,0.011,1.0,0.0,0.0,1.0,0.0,0.0,0.0,98.2,0.0,1.0999999999999999,0.7000000000000001,26,26.0
dapper_no_freshness_gate,congested,114,100.0,1000,24.915906991902833,33.99518413696301,34.87476614646897,34.96282987218834,24.915906991902833,0.0,0.7286233928366593,0.7286233928366593,100.0,0.1,100.0,0.008,0.008,0.0,0.004,1.0,0.0,0.0,1.0,0.0,0.0,0.0,98.8,0.0,0.4,0.8,18,18.0
dapper_no_freshness_gate,congested,115,100.0,1000,25.085740611498316,34.01033183391731,34.751795785617006,34.96593743598228,25.085740611498316,0.0,0.722824442674691,0.722824442674691,125.0,0.125,125.0,0.006,0.006,0.0,0.005,0.8,0.0,0.0,0.8,0.0,0.2,0.0,98.9,0.0,0.5,0.6,14,14.0
dapper_no_freshness_gate,congested,116,100.0,1000,25.324934204252145,33.95730249293956,34.77240430108412,34.9771698353159,25.324934204252145,0.0,0.7260315559209485,0.7260315559209485,300.0,0.3,300.0,0.008,0.008,0.0,0.012,0.9166666666666666,0.0,0.0,0.9166666666666666,0.0,0.08333333333333333,0.0,98.0,0.0,1.2,0.8,38,38.0
dapper_no_freshness_gate,congested,117,100.0,1000,24.38620885543388,33.706919736517364,34.66361864084976,34.994340946660934,24.38620885543388,0.0,0.7253330615138619,0.7253330615138619,125.0,0.125,125.0,0.008,0.008,0.0,0.005,1.0,0.0,0.0,1.0,0.0,0.0,0.0,98.7,0.0,0.5,0.8,26,26.0
dapper_no_freshness_gate,congested,118,100.0,1000,25.01023416650803,34.01490807545646,34.75940662114508,34.968506891824205,25.01023416650803,0.0,0.7268033495517163,0.7268033495517163,175.0,0.175,175.0,0.007,0.007,0.0,0.007,0.7142857142857143,0.0,0.0,0.7142857142857143,0.0,0.2857142857142857,0.0,98.6,0.0,0.7000000000000001,0.7000000000000001,20,20.0
dapper_no_freshness_gate,congested,119,100.0,1000,25.237974362405513,33.930297923071485,34.79939395844596,34.97944595589328,25.237974362405513,0.0,0.7235998627315303,0.7235998627315303,175.0,0.175,175.0,0.005,0.005,0.0,0.007,1.0,0.0,0.0,1.0,0.0,0.0,0.0,98.8,0.0,0.7000000000000001,0.5,22,22.0
dapper_no_freshness_gate,congested,120,100.0,1000,24.770729236686982,33.99634834863332,34.78821886321599,34.985958566309606,24.770729236686982,0.0,0.724149083598059,0.724149083598059,200.0,0.2,200.0,0.008,0.008,0.0,0.008,1.0,0.0,0.0,1.0,0.0,0.0,0.0,98.4,0.0,0.8,0.8,30,30.0
dapper_no_freshness_gate,congested,121,100.0,1000,24.670024513531853,33.750343569648706,34.75280697328194,34.996277370025744,24.670024513531853,0.0,0.7242193034879331,0.7242193034879331,50.0,0.05,50.0,0.006,0.006,0.0,0.002,1.0,0.0,0.0,1.0,0.0,0.0,0.0,99.2,0.0,0.2,0.6,12,12.0
dapper_no_freshness_gate,congested,122,100.0,1000,24.53787182490916,33.83751458842038,34.770700984913006,34.91653465760954,24.53787182490916,0.0,0.726925307989091,0.726925307989091,175.0,0.175,175.0,0.013,0.013,0.0,0.007,0.8571428571428571,0.0,0.0,0.8571428571428571,0.0,0.14285714285714285,0.0,98.0,0.0,0.7000000000000001,1.3,24,24.0
dapper_no_freshness_gate,congested,123,100.0,1000,24.972968667791022,34.0068905091913,34.771507219222585,34.98883073588995,24.972968667791022,0.0,0.7231981737549722,0.7231981737549722,75.0,0.075,75.0,0.002,0.002,0.0,0.003,1.0,0.0,0.0,1.0,0.0,0.0,0.0,99.5,0.0,0.3,0.2,10,10.0
dapper_no_freshness_gate,congested,124,100.0,1000,24.68398444976012,33.74309287533703,34.66363593071505,34.94326242767353,24.68398444976012,0.0,0.7246698111318651,0.7246698111318651,175.0,0.175,175.0,0.006,0.006,0.0,0.007,1.0,0.0,0.0,1.0,0.0,0.0,0.0,98.7,0.0,0.7000000000000001,0.6,24,24.0
dapper_no_freshness_gate,congested,125,100.0,1000,24.725669553063664,34.05786747219948,34.83418763630404,34.99974319601896,24.725669553063664,0.0,0.7228975062228786,0.7228975062228786,475.0,0.475,475.0,0.012,0.012,0.0,0.019,1.0,0.0,0.0,1.0,0.0,0.0,0.0,96.89999999999999,0.0,1.9,1.2,48,48.0
dapper_no_freshness_gate,congested,126,100.0,1000,24.961010734873252,33.97988585528562,34.774114294105054,34.99086328598782,24.961010734873252,0.0,0.7258907807888281,0.7258907807888281,50.0,0.05,50.0,0.002,0.002,0.0,0.002,0.5,0.0,0.0,0.5,0.0,0.5,0.0,99.6,0.0,0.2,0.2,8,8.0
dapper_no_freshness_gate,congested,127,100.0,1000,24.79915459305446,33.97839515917549,34.71031183612322,34.99801668883106,24.79915459305446,0.0,0.7241769809830646,0.7241769809830646,125.0,0.125,125.0,0.01,0.01,0.0,0.005,0.8,0.0,0.0,0.8,0.0,0.2,0.0,98.5,0.0,0.5,1.0,24,24.0
dapper_no_freshness_gate,congested,128,100.0,1000,24.671514882986425,34.08647701991846,34.783499539553866,34.99302751306131,24.671514882986425,0.0,0.72324842617587,0.72324842617587,75.0,0.075,75.0,0.008,0.008,0.0,0.003,1.0,0.0,0.0,1.0,0.0,0.0,0.0,98.9,0.0,0.3,0.8,18,18.0
dapper_no_freshness_gate,congested,129,100.0,1000,24.599702966215787,33.90591045177916,34.77957296022762,34.981958638619645,24.599702966215787,0.0,0.7227863941222297,0.7227863941222297,75.0,0.075,75.0,0.013,0.013,0.0,0.003,1.0,0.0,0.0,1.0,0.0,0.0,0.0,98.4,0.0,0.3,1.3,24,24.0
dapper_no_freshness_gate,lossy,100,100.0,1000,25.284238375351617,34.04718924628941,34.84826155800029,34.98907189172226,31.857325313088005,0.0,0.7261089761349956,0.7418683904352356,18050.0,18.05,18050.0,0.0,0.0,0.0,0.722,0.8116343490304709,0.13019390581717452,0.094,0.6814404432132964,0.0,0.1883656509695291,0.0,27.800000000000004,0.0,72.2,0.0,364,364.0
dapper_no_freshness_gate,lossy,101,100.0,1000,25.059527190349893,34.120642165867906,34.8265496982896,34.99538718567808,31.68360404093288,0.0,0.7233638220296621,0.7383227658545507,17800.0,17.8,17800.0,0.0,0.0,0.0,0.712,0.8328651685393258,0.13202247191011235,0.094,0.7008426966292135,0.0,0.16713483146067415,0.0,28.799999999999997,0.0,71.2,0.0,366,366.0
dapper_no_freshness_gate,lossy,102,100.0,1000,24.993003502753638,33.78557770295638,34.81151542684563,34.990087052311324,30.926238985640797,0.0,0.7247993890094673,0.7385327568542848,17500.0,17.5,17500.0,0.0,0.0,0.0,0.7,0.8114285714285714,0.12142857142857143,0.085,0.69,0.0,0.18857142857142858,0.0,30.0,0.0,70.0,0.0,398,398.0
dapper_no_freshness_gate,lossy,103,100.0,1000,25.072925546868568,34.23372242321619,34.794279965090745,34.9768308072483,32.53725996440561,0.0,0.7255664298957895,0.7431153918263849,18775.0,18.775,18775.0,0.0,0.0,0.0,0.751,0.7976031957390146,0.14380825565912117,0.108,0.6537949400798935,0.0,0.20239680426098536,0.0,24.9,0.0,75.1,0.0,342,342.0
dapper_no_freshness_gate,lossy,104,100.0,1000,24.952721574773207,33.7641107522445,34.821547122134376,34.99174516374082,32.954498342235674,0.0,0.725270205207262,0.7428455742749839,18350.0,18.35,18350.0,0.0,0.0,0.0,0.734,0.8079019073569482,0.1566757493188011,0.115,0.6512261580381471,0.0,0.19209809264305178,0.0,26.6,0.0,73.4,0.0,362,362.0
dapper_no_freshness_gate,lossy,105,100.0,1000,25.095152971928933,33.826524025580916,34.67873591147265,34.99594666457182,31.650482579457197,0.0,0.7248747477212536,0.7392192203397958,19000.0,19.0,19000.0,0.0,0.0,0.0,0.76,0.8289473684210527,0.12236842105263158,0.093,0.7065789473684211,0.0,0.17105263157894737,0.0,24.0,0.0,76.0,0.0,350,350.0
dapper_no_freshness_gate,lossy,106,100.0,1000,24.856568122610433,33.832964597231225,34.72189143706977,34.99784375073101,31.50890321788417,0.0,0.7235813767870335,0.7392206310961336,17975.0,17.975,17975.0,0.0,0.0,0.0,0.719,0.8525730180806675,0.13212795549374132,0.095,0.7204450625869263,0.0,0.1474269819193324,0.0,28.1,0.0,71.89999999999999,0.0,393,393.0
dapper_no_freshness_gate,lossy,107,100.0,1000,24.68158080592215,34.00414573371424,34.83973190471446,34.99325658145116,31.19660512918917,0.0,0.7241940517114336,0.7388308468489646,18175.0,18.175,18175.0,0.0,0.0,0.0,0.727,0.8088033012379643,0.1265474552957359,0.092,0.6822558459422283,0.0,0.19119669876203577,0.0,27.3,0.0,72.7,0.0,362,362.0
dapper_no_freshness_gate,lossy,108,100.0,1000,25.047265262517854,34.05795037600457,34.73288919337191,34.96757252768798,31.073612955374518,0.0,0.7235643813542582,0.7373909269007133,18375.0,18.375,18375.0,0.0,0.0,0.0,0.735,0.8108843537414966,0.11700680272108843,0.086,0.6938775510204082,0.0,0.1891156462585034,0.0,26.5,0.0,73.5,0.0,364,364.0
dapper_no_freshness_gate,lossy,109,100.0,1000,24.775139056545807,34.049418286887835,34.7919194149339,34.94624843509132,31.96287960801317,0.0,0.7212325912059436,0.7383365724449257,18600.0,18.6,18600.0,0.0,0.0,0.0,0.744,0.8279569892473119,0.13709677419354838,0.102,0.6908602150537635,0.0,0.17204301075268819,0.0,25.6,0.0,74.4,0.0,328,328.0
dapper_no_freshness_gate,lossy,110,100.0,1000,25.004520730247734,33.8683404853258,34.86997539103268,34.98456857838196,32.44878696120915,0.0,0.7268739784421301,0.7433964854715304,18075.0,18.075,18075.0,0.0,0.0,0.0,0.723,0.7828492392807745,0.14522821576763487,0.105,0.6376210235131397,0.0,0.21715076071922546,0.0,27.700000000000003,0.0,72.3,0.0,382,382.0
dapper_no_freshness_gate,lossy,111,100.0,1000,24.90307640535743,34.14835345167596,34.756755348825656,34.981698697795565,31.661618369672937,0.0,0.7248703254305311,0.7398456220643752,18275.0,18.275,18275.0,0.0,0.0,0.0,0.731,0.801641586867305,0.13406292749658003,0.098,0.667578659370725,0.0,0.19835841313269495,0.0,26.900000000000002,0.0,73.1,0.0,341,341.0
dapper_no_freshness_gate,lossy,112,100.0,1000,24.956367632930085,34.151123089835,34.870234716853815,34.962158450180866,32.0743115042331,0.0,0.7253954496233768,0.7418527868840668,18450.0,18.45,18450.0,0.0,0.0,0.0,0.738,0.7981029810298103,0.13956639566395665,0.103,0.6585365853658537,0.0,0.2018970189701897,0.0,26.200000000000003,0.0,73.8,0.0,356,356.0
dapper_no_freshness_gate,lossy,113,100.0,1000,25.11573781751927,34.14436127878192,34.867885766711,34.99782157537433,31.685721930267743,0.0,0.7254462125679975,0.7402162266401762,18725.0,18.725,18725.0,0.0,0.0,0.0,0.749,0.8050734312416555,0.12550066755674233,0.094,0.6795727636849133,0.0,0.19492656875834447,0.0,25.1,0.0,74.9,0.0,369,369.0
dapper_no_freshness_gate,lossy,114,100.0,1000,25.05695156474369,34.026649628584615,34.857774174382406,34.983091762156874,31.76472240386522,0.0,0.72440817275247,0.7393453718347903,17775.0,17.775,17775.0,0.0,0.0,0.0,0.711,0.8073136427566807,0.13642756680731363,0.097,0.6708860759493671,0.0,0.19268635724331926,0.0,28.9,0.0,71.1,0.0,355,355.0
dapper_no_freshness_gate,lossy,115,100.0,1000,24.76252752899427,34.140208891814694,34.85306689119638,34.992962372181864,31.597060228847266,0.0,0.7251726691219196,0.7398453016431278,17925.0,17.925,17925.0,0.0,0.0,0.0,0.717,0.797768479776848,0.13668061366806136,0.098,0.6610878661087866,0.0,0.20223152022315202,0.0,28.299999999999997,0.0,71.7,0.0,382,382.0
dapper_no_freshness_gate,lossy,116,100.0,1000,24.951356764470432,33.914227978461774,34.857265543400885,34.99525986411179,32.60167100412868,0.0,0.7243445892890008,0.7428840823811076,18100.0,18.1,18100.0,0.0,0.0,0.0,0.724,0.835635359116022,0.15469613259668508,0.112,0.680939226519337,0.0,0.1643646408839779,0.0,27.6,0.0,72.39999999999999,0.0,378,378.0
dapper_no_freshness_gate,lossy,117,100.0,1000,25.037129912861214,33.9567672696681,34.764351269100246,34.996388970755305,30.05768402831528,0.0,0.726073452957747,0.7373350959476548,18025.0,18.025,18025.0,0.0,0.0,0.0,0.721,0.8002773925104022,0.09986130374479889,0.072,0.7004160887656034,0.0,0.19972260748959778,0.0,27.900000000000002,0.0,72.1,0.0,380,380.0
dapper_no_freshness_gate,lossy,118,100.0,1000,24.83203368389728,33.86314293776527,34.704566823658226,34.94197590424748,31.59642683182519,0.0,0.7277094589160901,0.742481456687588,17600.0,17.6,17600.0,0.0,0.0,0.0,0.704,0.8309659090909091,0.1377840909090909,0.097,0.6931818181818182,0.0,0.1690340909090909,0.0,29.599999999999998,0.0,70.39999999999999,0.0,408,408.0
dapper_no_freshness_gate,lossy,119,100.0,1000,25.22380561542694,34.16353447898527,34.88856396573517,34.993426719837316,32.113435816803424,0.0,0.72570145608929,0.7415107092676313,18750.0,18.75,18750.0,0.0,0.0,0.0,0.75,0.82,0.13333333333333333,0.1,0.6866666666666666,0.0,0.18,0.0,25.0,0.0,75.0,0.0,343,343.0
dapper_no_freshness_gate,lossy,120,100.0,1000,24.94356883456326,33.94762430607923,34.82126839451995,34.99480299428936,31.257672307205212,0.0,0.7242446744200584,0.7384825033900047,18275.0,18.275,18275.0,0.0,0.0,0.0,0.731,0.79890560875513,0.12311901504787962,0.09,0.6757865937072504,0.0,0.20109439124487005,0.0,26.900000000000002,0.0,73.1,0.0,370,370.0
dapper_no_freshness_gate,lossy,121,100.0,1000,24.890186762682326,33.9509837447526,34.75636721943252,34.9865485323475,32.77353024549474,0.0,0.7226738180182367,0.7410438719949963,18775.0,18.775,18775.0,0.0,0.0,0.0,0.751,0.8215712383488681,0.14913448735019974,0.112,0.6724367509986684,0.0,0.17842876165113183,0.0,24.9,0.0,75.1,0.0,343,343.0
dapper_no_freshness_gate,lossy,122,100.0,1000,25.08579289471596,34.07524967583675,34.72465675884838,34.92311681265087,31.763246506243785,0.0,0.7253656451784852,0.7408740543618451,18725.0,18.725,18725.0,0.0,0.0,0.0,0.749,0.7957276368491322,0.1268357810413885,0.095,0.6688918558077437,0.0,0.20427236315086783,0.0,25.1,0.0,74.9,0.0,332,332.0
dapper_no_freshness_gate,lossy,123,100.0,1000,24.817178107343594,33.97858252982191,34.71884738710505,34.9640180768012,32.29314773222189,0.0,0.725177200048534,0.7433974475207357,17975.0,17.975,17975.0,0.0,0.0,0.0,0.719,0.8066759388038943,0.15159944367176634,0.109,0.655076495132128,0.0,0.1933240611961057,0.0,28.1,0.0,71.89999999999999,0.0,380,380.0
dapper_no_freshness_gate,lossy,124,100.0,1000,25.144076835710404,34.0084817041087,34.82162623829404,34.999930978152555,33.825274803426076,0.0,0.7252006399861742,0.7459351026481479,18900.0,18.9,18900.0,0.0,0.0,0.0,0.756,0.8346560846560847,0.16534391534391535,0.125,0.6693121693121693,0.0,0.16534391534391535,0.0,24.4,0.0,75.6,0.0,366,366.0
dapper_no_freshness_gate,lossy,125,100.0,1000,25.290207315525716,34.07810779324134,34.85987931432081,34.99675173862079,31.822242841358705,0.0,0.725008358044021,0.7393774547547449,17500.0,17.5,17500.0,0.0,0.0,0.0,0.7,0.81,0.13714285714285715,0.096,0.6728571428571428,0.0,0.19,0.0,30.0,0.0,70.0,0.0,374,374.0
dapper_no_freshness_gate,lossy,126,100.0,1000,25.012306557377276,34.01851118868758,34.87231873366858,34.99707928007821,32.11656113797526,0.0,0.7223553858756083,0.7383183297008713,18525.0,18.525,18525.0,0.0,0.0,0.0,0.741,0.8218623481781376,0.13765182186234817,0.102,0.6842105263157895,0.0,0.17813765182186234,0.0,25.900000000000002,0.0,74.1,0.0,356,356.0
dapper_no_freshness_gate,lossy,127,100.0,1000,24.933813775828348,34.03862120823819,34.851014551058256,34.985303846764054,32.69662669143229,0.0,0.7254720911704587,0.7435683780371112,18200.0,18.2,18200.0,0.0,0.0,0.0,0.728,0.7733516483516484,0.15384615384615385,0.112,0.6195054945054945,0.0,0.22664835164835165,0.0,27.200000000000003,0.0,72.8,0.0,375,375.0
dapper_no_freshness_gate,lossy,128,100.0,1000,25.361525346794913,34.112832194106765,34.722796126768856,34.99638466136344,32.25036818382081,0.0,0.7258146565752936,0.7414867988063029,17875.0,17.875,17875.0,0.0,0.0,0.0,0.715,0.8265734265734266,0.14125874125874127,0.101,0.6853146853146853,0.0,0.17342657342657342,0.0,28.499999999999996,0.0,71.5,0.0,395,395.0
dapper_no_freshness_gate,lossy,129,100.0,1000,24.956002553810663,34.060395492680186,34.85750602439408,34.980831653703675,31.49496513929532,0.0,0.7240405957959037,0.7388445901022926,18975.0,18.975,18975.0,0.0,0.0,0.0,0.759,0.8142292490118577,0.12384716732542819,0.094,0.6903820816864296,0.0,0.1857707509881423,0.0,24.099999999999998,0.0,75.9,0.0,361,361.0
dapper_no_freshness_gate,outage,100,100.0,1000,7.390958833110617,31.53222247776869,33.92161243264051,34.99545577037872,7.390958833110617,0.0,0.7256162643603677,0.7256162643603677,0.0,0.0,0.0,1.0,0.735,0.0,0.0,0.0,0.0,0.0,0.0,0.0,0.0,0.0,22.6,0.0,0.0,77.4,422,422.0
dapper_no_freshness_gate,outage,101,100.0,1000,7.394054329988902,31.520563490832846,34.26171430265933,34.94450915915627,7.394054329988902,0.0,0.7269702216094329,0.7269702216094329,0.0,0.0,0.0,1.0,0.736,0.0,0.0,0.0,0.0,0.0,0.0,0.0,0.0,0.0,21.9,0.0,0.0,78.10000000000001,412,412.0
dapper_no_freshness_gate,outage,102,100.0,1000,7.51680019137851,31.462924322041214,34.417701339171714,34.98162652146018,7.51680019137851,0.0,0.725179462474503,0.725179462474503,0.0,0.0,0.0,1.0,0.731,0.0,0.0,0.0,0.0,0.0,0.0,0.0,0.0,0.0,23.200000000000003,0.0,0.0,76.8,422,422.0
dapper_no_freshness_gate,outage,103,100.0,1000,7.378221024983012,31.251434028184203,34.6042054298873,34.981104653112794,7.378221024983012,0.0,0.7262335249696575,0.7262335249696575,0.0,0.0,0.0,1.0,0.735,0.0,0.0,0.0,0.0,0.0,0.0,0.0,0.0,0.0,23.0,0.0,0.0,77.0,429,429.0
dapper_no_freshness_gate,outage,104,100.0,1000,7.568293210290533,31.59395630138461,34.54533747275368,34.97633437705056,7.568293210290533,0.0,0.7263175970031922,0.7263175970031922,0.0,0.0,0.0,1.0,0.728,0.0,0.0,0.0,0.0,0.0,0.0,0.0,0.0,0.0,23.5,0.0,0.0,76.5,422,422.0
dapper_no_freshness_gate,outage,105,100.0,1000,7.519378267796368,31.402502329388795,34.46505659979935,34.921933732182964,7.519378267796368,0.0,0.7248271436420854,0.7248271436420854,0.0,0.0,0.0,1.0,0.732,0.0,0.0,0.0,0.0,0.0,0.0,0.0,0.0,0.0,22.8,0.0,0.0,77.2,417,417.0
dapper_no_freshness_gate,outage,106,100.0,1000,7.549106265746754,31.449714720334896,34.37540672388598,34.964850295506736,7.549106265746754,0.0,0.7212594093828284,0.7212594093828284,0.0,0.0,0.0,1.0,0.732,0.0,0.0,0.0,0.0,0.0,0.0,0.0,0.0,0.0,22.3,0.0,0.0,77.7,414,414.0
dapper_no_freshness_gate,outage,107,100.0,1000,7.495635529917344,31.80791921566703,34.39018497885919,34.99112443015811,7.495635529917344,0.0,0.7250211366010297,0.7250211366010297,0.0,0.0,0.0,1.0,0.733,0.0,0.0,0.0,0.0,0.0,0.0,0.0,0.0,0.0,23.1,0.0,0.0,76.9,422,422.0
dapper_no_freshness_gate,outage,108,100.0,1000,7.251361824662859,31.14265792210696,34.17418822409749,34.97297658698431,7.251361824662859,0.0,0.7266974788453335,0.7266974788453335,0.0,0.0,0.0,1.0,0.736,0.0,0.0,0.0,0.0,0.0,0.0,0.0,0.0,0.0,23.0,0.0,0.0,77.0,426,426.0
dapper_no_freshness_gate,outage,109,100.0,1000,7.685496458575816,31.705170488180077,34.40871885608117,34.88886016594044,7.685496458575816,0.0,0.7258121030951461,0.7258121030951461,0.0,0.0,0.0,1.0,0.729,0.0,0.0,0.0,0.0,0.0,0.0,0.0,0.0,0.0,23.5,0.0,0.0,76.5,427,427.0
dapper_no_freshness_gate,outage,110,100.0,1000,7.355193804523941,30.694822041353905,34.222511546491425,34.969462845702225,7.355193804523941,0.0,0.7245809511185383,0.7245809511185383,0.0,0.0,0.0,1.0,0.735,0.0,0.0,0.0,0.0,0.0,0.0,0.0,0.0,0.0,22.8,0.0,0.0,77.2,425,425.0
dapper_no_freshness_gate,outage,111,100.0,1000,7.398682547644234,31.455362565824643,34.05726657846486,34.958198085831974,7.398682547644234,0.0,0.7280638471067766,0.7280638471067766,0.0,0.0,0.0,1.0,0.732,0.0,0.0,0.0,0.0,0.0,0.0,0.0,0.0,0.0,22.900000000000002,0.0,0.0,77.10000000000001,414,414.0
dapper_no_freshness_gate,outage,112,100.0,1000,7.370625290236145,31.426397231090824,34.038780941246515,34.949972127365655,7.370625290236145,0.0,0.7280606555765715,0.7280606555765715,0.0,0.0,0.0,1.0,0.734,0.0,0.0,0.0,0.0,0.0,0.0,0.0,0.0,0.0,22.1,0.0,0.0,77.9,412,412.0
dapper_no_freshness_gate,outage,113,100.0,1000,7.147796806593906,30.844985093880027,33.96419838510252,34.91680130902314,7.147796806593906,0.0,0.7299582611154545,0.7299582611154545,0.0,0.0,0.0,1.0,0.737,0.0,0.0,0.0,0.0,0.0,0.0,0.0,0.0,0.0,23.200000000000003,0.0,0.0,76.8,437,437.0
dapper_no_freshness_gate,outage,114,100.0,1000,7.501176014095029,31.4914309836508,34.414218678920534,34.97406829855338,7.501176014095029,0.0,0.7224631994341497,0.7224631994341497,0.0,0.0,0.0,1.0,0.728,0.0,0.0,0.0,0.0,0.0,0.0,0.0,0.0,0.0,22.3,0.0,0.0,77.7,398,398.0
dapper_no_freshness_gate,outage,115,100.0,1000,7.428611862088066,30.652007764158807,34.152857588086846,34.990047900593524,7.428611862088066,0.0,0.7262317832361891,0.7262317832361891,0.0,0.0,0.0,1.0,0.735,0.0,0.0,0.0,0.0,0.0,0.0,0.0,0.0,0.0,22.2,0.0,0.0,77.8,413,413.0
dapper_no_freshness_gate,outage,116,100.0,1000,7.310877248374183,30.959598437937885,34.2744524675671,34.84799240200695,7.310877248374183,0.0,0.727895972888168,0.727895972888168,0.0,0.0,0.0,1.0,0.734,0.0,0.0,0.0,0.0,0.0,0.0,0.0,0.0,0.0,23.5,0.0,0.0,76.5,434,434.0
dapper_no_freshness_gate,outage,117,100.0,1000,7.385847848859415,31.09198240986329,34.14712359689956,34.96597639562117,7.385847848859415,0.0,0.7183856901372877,0.7183856901372877,0.0,0.0,0.0,1.0,0.732,0.0,0.0,0.0,0.0,0.0,0.0,0.0,0.0,0.0,21.9,0.0,0.0,78.10000000000001,403,403.0
dapper_no_freshness_gate,outage,118,100.0,1000,7.254554051460061,31.241459127591458,33.60889001037177,34.741923692424066,7.254554051460061,0.0,0.7269199104810466,0.7269199104810466,0.0,0.0,0.0,1.0,0.737,0.0,0.0,0.0,0.0,0.0,0.0,0.0,0.0,0.0,22.0,0.0,0.0,78.0,408,408.0
dapper_no_freshness_gate,outage,119,100.0,1000,7.544636632920723,31.97128927281031,34.12470746616695,34.92690319762808,7.544636632920723,0.0,0.7220765044472426,0.7220765044472426,0.0,0.0,0.0,1.0,0.733,0.0,0.0,0.0,0.0,0.0,0.0,0.0,0.0,0.0,23.599999999999998,0.0,0.0,76.4,434,434.0
dapper_no_freshness_gate,outage,120,100.0,1000,7.2966883444603,30.892941767709793,34.211465224522804,34.99743937003936,7.2966883444603,0.0,0.7277157448014966,0.7277157448014966,0.0,0.0,0.0,1.0,0.733,0.0,0.0,0.0,0.0,0.0,0.0,0.0,0.0,0.0,22.1,0.0,0.0,77.9,410,410.0
dapper_no_freshness_gate,outage,121,100.0,1000,7.333809267763978,31.109084311834984,33.97165026658857,34.64971422730907,7.333809267763978,0.0,0.7274434266949621,0.7274434266949621,0.0,0.0,0.0,1.0,0.738,0.0,0.0,0.0,0.0,0.0,0.0,0.0,0.0,0.0,22.7,0.0,0.0,77.3,427,427.0
dapper_no_freshness_gate,outage,122,100.0,1000,7.251434439695796,30.60696308430699,34.355640534389124,34.986643071399804,7.251434439695796,0.0,0.7230377555986962,0.7230377555986962,0.0,0.0,0.0,1.0,0.738,0.0,0.0,0.0,0.0,0.0,0.0,0.0,0.0,0.0,21.8,0.0,0.0,78.2,412,412.0
dapper_no_freshness_gate,outage,123,100.0,1000,7.348689071341893,31.31477153672879,33.77157051102519,34.93381679406212,7.348689071341893,0.0,0.7249842011830019,0.7249842011830019,0.0,0.0,0.0,1.0,0.734,0.0,0.0,0.0,0.0,0.0,0.0,0.0,0.0,0.0,22.6,0.0,0.0,77.4,416,416.0
dapper_no_freshness_gate,outage,124,100.0,1000,7.660167119732145,32.1804553486177,34.264528586595944,34.941792593643456,7.660167119732145,0.0,0.7230039723105824,0.7230039723105824,0.0,0.0,0.0,1.0,0.731,0.0,0.0,0.0,0.0,0.0,0.0,0.0,0.0,0.0,22.3,0.0,0.0,77.7,400,400.0
dapper_no_freshness_gate,outage,125,100.0,1000,7.350838089581009,31.434653948905787,34.32904496368304,34.97323235440945,7.350838089581009,0.0,0.7221812250823167,0.7221812250823167,0.0,0.0,0.0,1.0,0.733,0.0,0.0,0.0,0.0,0.0,0.0,0.0,0.0,0.0,23.200000000000003,0.0,0.0,76.8,428,428.0
dapper_no_freshness_gate,outage,126,100.0,1000,7.215129876013096,30.710400018658593,33.86622552192073,34.99530404733341,7.215129876013096,0.0,0.725540342550057,0.725540342550057,0.0,0.0,0.0,1.0,0.738,0.0,0.0,0.0,0.0,0.0,0.0,0.0,0.0,0.0,22.6,0.0,0.0,77.4,428,428.0
dapper_no_freshness_gate,outage,127,100.0,1000,7.168677740371282,30.32721903409148,33.88590346281151,34.91862325958482,7.168677740371282,0.0,0.7321660926795039,0.7321660926795039,0.0,0.0,0.0,1.0,0.738,0.0,0.0,0.0,0.0,0.0,0.0,0.0,0.0,0.0,21.9,0.0,0.0,78.10000000000001,409,409.0
dapper_no_freshness_gate,outage,128,100.0,1000,7.182658284101614,30.07092856934142,34.160945540901714,34.96572059102459,7.182658284101614,0.0,0.7245057292187558,0.7245057292187558,0.0,0.0,0.0,1.0,0.736,0.0,0.0,0.0,0.0,0.0,0.0,0.0,0.0,0.0,23.0,0.0,0.0,77.0,428,428.0
dapper_no_freshness_gate,outage,129,100.0,1000,7.192894149462109,30.305709714834187,34.22738591997794,34.97529884555047,7.192894149462109,0.0,0.7266441172681618,0.7266441172681618,0.0,0.0,0.0,1.0,0.738,0.0,0.0,0.0,0.0,0.0,0.0,0.0,0.0,0.0,21.3,0.0,0.0,78.7,404,404.0
dapper_no_freshness_gate,stable,100,100.0,1000,25.279403323317702,33.96035223762113,34.73962355895296,34.988775105687154,51.53514833678389,0.0,0.7265268897628933,0.792417917211626,21350.0,21.35,21350.0,0.0,0.0,0.0,0.854,0.9918032786885246,0.4953161592505855,0.423,0.4964871194379391,0.0,0.00819672131147541,0.0,14.6,0.0,85.39999999999999,0.0,259,259.0
dapper_no_freshness_gate,stable,101,100.0,1000,24.820657080469697,33.96040511204254,34.788072376532675,34.99828909781833,53.53675771177409,0.0,0.7249338588619687,0.7978649635318986,21700.0,21.7,21700.0,0.0,0.0,0.0,0.868,0.9896313364055299,0.5288018433179723,0.459,0.4608294930875576,0.0,0.010368663594470046,0.0,13.200000000000001,0.0,86.8,0.0,231,231.0
dapper_no_freshness_gate,stable,102,100.0,1000,24.835880473076735,33.70682378335116,34.74818297607158,34.965240972972765,51.8627260021259,0.0,0.727324394359075,0.800034845226407,20900.0,20.9,20900.0,0.0,0.0,0.0,0.836,0.992822966507177,0.5263157894736842,0.44,0.4665071770334928,0.0,0.007177033492822967,0.0,16.400000000000002,0.0,83.6,0.0,284,284.0
dapper_no_freshness_gate,stable,103,100.0,1000,24.972078044518216,34.293187186352334,34.89307765319619,34.99802137082616,53.372703891643845,0.0,0.7236659440861409,0.7991290672988378,21525.0,21.525,21525.0,0.0,0.0,0.0,0.861,0.9883855981416957,0.5342624854819977,0.46,0.454123112659698,0.0,0.011614401858304297,0.0,13.900000000000002,0.0,86.1,0.0,237,237.0
dapper_no_freshness_gate,stable,104,100.0,1000,24.98622097286207,33.860115377670134,34.74837408619961,34.98656616097203,51.037343944723006,0.0,0.7240926018777877,0.7898578469524961,21900.0,21.9,21900.0,0.0,0.0,0.0,0.876,0.9920091324200914,0.4794520547945205,0.42,0.5125570776255708,0.0,0.007990867579908675,0.0,12.4,0.0,87.6,0.0,220,220.0
dapper_no_freshness_gate,stable,105,100.0,1000,24.85634769037545,33.82025179084476,34.62504012903672,34.93314580405199,51.59710330911793,0.0,0.7262361051095783,0.7959250227091806,21250.0,21.25,21250.0,0.0,0.0,0.0,0.85,0.9905882352941177,0.5105882352941177,0.434,0.48,0.0,0.009411764705882352,0.0,15.0,0.0,85.0,0.0,256,256.0
dapper_no_freshness_gate,stable,106,100.0,1000,24.716410963251104,33.86074949026578,34.68730165917939,34.933586993197196,52.69637342008328,0.0,0.7229428904328138,0.7962430814491968,21425.0,21.425,21425.0,0.0,0.0,0.0,0.857,0.9918319719953326,0.5227537922987164,0.448,0.4690781796966161,0.0,0.008168028004667444,0.0,14.299999999999999,0.0,85.7,0.0,252,252.0
dapper_no_freshness_gate,stable,107,100.0,1000,24.88557902804772,33.83424628214373,34.89267109559948,34.9936438529993,53.380353744565205,0.0,0.7245133185042392,0.7993133636844371,22025.0,22.025,22025.0,0.0,0.0,0.0,0.881,0.9886492622020431,0.5187287173666288,0.457,0.4699205448354143,0.0,0.011350737797956867,0.0,11.899999999999999,0.0,88.1,0.0,198,198.0
dapper_no_freshness_gate,stable,108,100.0,1000,25.235897183714567,34.2868707566229,34.87218349603604,34.989690121554816,51.92467360201944,0.0,0.7254394152220247,0.7967132376294662,21500.0,21.5,21500.0,0.0,0.0,0.0,0.86,0.9872093023255814,0.5023255813953489,0.432,0.4848837209302326,0.0,0.012790697674418604,0.0,14.000000000000002,0.0,86.0,0.0,231,231.0
dapper_no_freshness_gate,stable,109,100.0,1000,25.268964708760926,34.15910526808331,34.79620852522923,34.94284900848466,51.53790445445115,0.0,0.7225069831603355,0.7908717000411818,21775.0,21.775,21775.0,0.0,0.0,0.0,0.871,0.9850746268656716,0.4845005740528129,0.422,0.5005740528128588,0.0,0.014925373134328358,0.0,12.9,0.0,87.1,0.0,228,228.0
dapper_no_freshness_gate,stable,110,100.0,1000,24.978043487255007,33.957417382454665,34.80033649104111,34.99011804008187,51.64725260956925,0.0,0.7239727698806182,0.7935801521646344,21400.0,21.4,21400.0,0.0,0.0,0.0,0.856,0.985981308411215,0.5035046728971962,0.431,0.4824766355140187,0.0,0.014018691588785047,0.0,14.399999999999999,0.0,85.6,0.0,261,261.0
dapper_no_freshness_gate,stable,111,100.0,1000,25.491345575881343,33.99942489704205,34.77294614292747,34.98882482505357,52.77932606666301,0.0,0.7264559107913696,0.7988751227250941,20975.0,20.975,20975.0,0.0,0.0,0.0,0.839,0.9916567342073898,0.5256257449344458,0.441,0.466030989272944,0.0,0.00834326579261025,0.0,16.1,0.0,83.89999999999999,0.0,276,276.0
dapper_no_freshness_gate,stable,112,100.0,1000,25.044635098675773,33.93678625080242,34.80594764992258,34.978994945141224,52.774438295965986,0.0,0.7245903067601731,0.7942867336915719,21700.0,21.7,21700.0,0.0,0.0,0.0,0.868,0.9919354838709677,0.5103686635944701,0.443,0.4815668202764977,0.0,0.008064516129032258,0.0,13.200000000000001,0.0,86.8,0.0,220,220.0
dapper_no_freshness_gate,stable,113,100.0,1000,24.924957379086543,33.92528008813723,34.852479041190236,34.99387303551587,50.565197370598845,0.0,0.725184772552611,0.7910288053494875,21600.0,21.6,21600.0,0.0,0.0,0.0,0.864,0.9826388888888888,0.48032407407407407,0.415,0.5023148148148148,0.0,0.017361111111111112,0.0,13.600000000000001,0.0,86.4,0.0,239,239.0
dapper_no_freshness_gate,stable,114,100.0,1000,25.128438548268,33.86993382489312,34.786318253661975,34.99771913787838,53.866453690073165,0.0,0.7237524930795687,0.7977940224588013,21900.0,21.9,21900.0,0.0,0.0,0.0,0.876,0.9908675799086758,0.5308219178082192,0.465,0.4600456621004566,0.0,0.0091324200913242,0.0,12.4,0.0,87.6,0.0,214,214.0
dapper_no_freshness_gate,stable,115,100.0,1000,25.094705607799348,34.162413089123824,34.74465384721523,34.970565607066455,51.94937303752475,0.0,0.7245886848920773,0.7944537871206474,21750.0,21.75,21750.0,0.0,0.0,0.0,0.87,0.9873563218390805,0.5011494252873563,0.436,0.4862068965517241,0.0,0.01264367816091954,0.0,13.0,0.0,87.0,0.0,219,219.0
dapper_no_freshness_gate,stable,116,100.0,1000,25.028301912688907,34.05041769477859,34.88445460350265,34.99403448766891,54.211607535281885,0.0,0.7244573126145593,0.798391101095973,21750.0,21.75,21750.0,0.0,0.0,0.0,0.87,0.9942528735632183,0.5448275862068965,0.474,0.4494252873563218,0.0,0.005747126436781609,0.0,13.0,0.0,87.0,0.0,221,221.0
dapper_no_freshness_gate,stable,117,100.0,1000,24.997182216762514,33.94211020128963,34.806950360419165,34.98156739475102,51.94396103000347,0.0,0.7238166310991714,0.7935256482510197,21850.0,21.85,21850.0,0.0,0.0,0.0,0.874,0.9862700228832952,0.4897025171624714,0.428,0.4965675057208238,0.0,0.013729977116704805,0.0,12.6,0.0,87.4,0.0,226,226.0
dapper_no_freshness_gate,stable,118,100.0,1000,25.026589048763064,34.146334679362305,34.835239525322194,34.964244111574146,52.20873167600773,0.0,0.7280528994609765,0.7960765304196257,21475.0,21.475,21475.0,0.0,0.0,0.0,0.859,0.9906868451688009,0.5075669383003493,0.436,0.4831199068684517,0.0,0.009313154831199068,0.0,14.099999999999998,0.0,85.9,0.0,244,244.0
dapper_no_freshness_gate,stable,119,100.0,1000,24.80107188012856,34.00280379558126,34.81754573602827,34.936826663719394,53.78667209236602,0.0,0.7243707963012889,0.799875204249307,21925.0,21.925,21925.0,0.0,0.0,0.0,0.877,0.9874572405929305,0.5324971493728621,0.467,0.4549600912200684,0.0,0.012542759407069556,0.0,12.3,0.0,87.7,0.0,228,228.0
dapper_no_freshness_gate,stable,120,100.0,1000,25.000139802139184,33.83887438020657,34.75482963071029,34.96519781982063,52.586658253654925,0.0,0.7247996031934949,0.7950348677637523,21800.0,21.8,21800.0,0.0,0.0,0.0,0.872,0.9839449541284404,0.5103211009174312,0.445,0.4736238532110092,0.0,0.016055045871559634,0.0,12.8,0.0,87.2,0.0,212,212.0
dapper_no_freshness_gate,stable,121,100.0,1000,24.870142370806825,34.08802278656587,34.79782372711737,34.96061084968983,51.218892289603616,0.0,0.7235062491591376,0.7917923991779289,21800.0,21.8,21800.0,0.0,0.0,0.0,0.872,0.9862385321100917,0.48394495412844035,0.422,0.5022935779816514,0.0,0.013761467889908258,0.0,12.8,0.0,87.2,0.0,219,219.0
dapper_no_freshness_gate,stable,122,100.0,1000,24.829111935230273,33.958468133447,34.74506049633189,34.924143640943036,53.271418624119164,0.0,0.7259117747422895,0.7982645293058339,21950.0,21.95,21950.0,0.0,0.0,0.0,0.878,0.9886104783599089,0.5148063781321185,0.452,0.47380410022779046,0.0,0.011389521640091117,0.0,12.2,0.0,87.8,0.0,200,200.0
dapper_no_freshness_gate,stable,123,100.0,1000,25.35470141463279,34.01400394209814,34.728637206489786,34.90743937957425,51.64158095400979,0.0,0.7231039957478556,0.7928850748486099,22225.0,22.225,22225.0,0.0,0.0,0.0,0.889,0.9820022497187851,0.4769403824521935,0.424,0.5050618672665916,0.0,0.01799775028121485,0.0,11.1,0.0,88.9,0.0,196,196.0
dapper_no_freshness_gate,stable,124,100.0,1000,25.00583269004324,34.03261405514325,34.80612955591713,34.95256595801938,50.8126236179597,0.0,0.7270004160651047,0.7942088997255117,21000.0,21.0,21000.0,0.0,0.0,0.0,0.84,0.9928571428571429,0.49642857142857144,0.417,0.49642857142857144,0.0,0.007142857142857143,0.0,16.0,0.0,84.0,0.0,280,280.0
dapper_no_freshness_gate,stable,125,100.0,1000,24.9867591189863,33.982185709447386,34.8021659840167,34.99165214842439,53.959249959158115,0.0,0.7268533605073024,0.7989657788847586,21650.0,21.65,21650.0,0.0,0.0,0.0,0.866,0.9919168591224018,0.5323325635103926,0.461,0.45958429561200925,0.0,0.008083140877598153,0.0,13.4,0.0,86.6,0.0,238,238.0
dapper_no_freshness_gate,stable,126,100.0,1000,24.628886386363657,33.70638744138536,34.672811784104226,34.983867296625746,53.134621864449656,0.0,0.726794351381784,0.8009463128693688,21175.0,21.175,21175.0,0.0,0.0,0.0,0.847,0.9881936245572609,0.5419126328217237,0.459,0.4462809917355372,0.0,0.011806375442739079,0.0,15.299999999999999,0.0,84.7,0.0,252,252.0
dapper_no_freshness_gate,stable,127,100.0,1000,25.164646066804526,34.17312143282042,34.80106095916998,34.970740898815485,54.30743225703345,0.0,0.7237258806201099,0.7969399991420358,22125.0,22.125,22125.0,0.0,0.0,0.0,0.885,0.9909604519774011,0.5276836158192091,0.467,0.4632768361581921,0.0,0.00903954802259887,0.0,11.5,0.0,88.5,0.0,207,207.0
dapper_no_freshness_gate,stable,128,100.0,1000,25.178185128090664,33.92859815320874,34.67968897440042,34.972660274630584,53.589153958153254,0.0,0.7271450910033325,0.7988558762020542,21425.0,21.425,21425.0,0.0,0.0,0.0,0.857,0.9836639439906651,0.5309218203033839,0.455,0.45274212368728123,0.0,0.01633605600933489,0.0,14.299999999999999,0.0,85.7,0.0,237,237.0
dapper_no_freshness_gate,stable,129,100.0,1000,25.217209562918274,34.07064808785484,34.83459462785327,34.9933571344785,53.065152250426124,0.0,0.722736266433297,0.7957788932941594,21825.0,21.825,21825.0,0.0,0.0,0.0,0.873,0.9896907216494846,0.5131729667812142,0.448,0.4765177548682703,0.0,0.010309278350515464,0.0,12.7,0.0,87.3,0.0,214,214.0
dapper_no_degraded_reuse,variable,100,100.0,1000,25.049699244271466,33.97167160901372,34.8038020871074,34.974338710079344,27.177283553934533,0.0,0.7248984929768812,0.7298968987470957,5375.0,5.375,5375.0,0.284,0.002,0.0,0.215,0.9116279069767442,0.15348837209302327,0.033,0.7581395348837209,0.0,0.08837209302325581,0.0,78.3,0.0,21.5,0.2,200,200.0
dapper_no_degraded_reuse,variable,101,100.0,1000,24.588213094841645,33.95371677262301,34.79413893516457,34.99816501848515,27.144702315174985,0.0,0.7265474108567428,0.7328381095352468,6025.0,6.025,6025.0,0.256,0.003,0.0,0.241,0.9294605809128631,0.15767634854771784,0.038,0.7717842323651453,0.0,0.07053941908713693,0.0,75.6,0.0,24.099999999999998,0.3,204,204.0
dapper_no_degraded_reuse,variable,102,100.0,1000,24.860077837095925,34.114816730103335,34.86267395289757,34.995332379528136,27.684430954368857,0.0,0.7253406398986517,0.7324494602411155,6075.0,6.075,6075.0,0.167,0.004,0.0,0.243,0.9012345679012346,0.1728395061728395,0.042,0.7283950617283951,0.0,0.09876543209876543,0.0,75.3,0.0,24.3,0.4,226,226.0
dapper_no_degraded_reuse,variable,103,100.0,1000,25.395827836102953,33.98126067315058,34.77378414259423,34.99051342908312,27.42059325646671,0.0,0.7249008574797,0.7300881635158355,5975.0,5.975,5975.0,0.315,0.0,0.0,0.239,0.9079497907949791,0.12552301255230125,0.03,0.7824267782426778,0.0,0.09205020920502092,0.0,76.1,0.0,23.9,0.0,200,200.0
dapper_no_degraded_reuse,variable,104,100.0,1000,25.04918593636882,33.97278479960371,34.76084509444548,34.944614204784195,27.72361163330346,0.0,0.726210190689839,0.7323045277202243,5675.0,5.675,5675.0,0.187,0.0,0.0,0.227,0.920704845814978,0.1762114537444934,0.04,0.7444933920704846,0.0,0.07929515418502203,0.0,77.3,0.0,22.7,0.0,201,201.0
dapper_no_degraded_reuse,variable,105,100.0,1000,24.828950353370157,33.738178694679725,34.816159529115886,34.98077376103997,27.796118009285962,0.0,0.7256893970325211,0.7326380910746338,6100.0,6.1,6100.0,0.238,0.0,0.0,0.244,0.9467213114754098,0.1762295081967213,0.043,0.7704918032786885,0.0,0.05327868852459016,0.0,75.6,0.0,24.4,0.0,213,213.0
dapper_no_degraded_reuse,variable,106,100.0,1000,24.739386369507397,33.71723837450545,34.69339334676836,34.993851868805095,27.370303572646755,0.0,0.7244139203477601,0.7310686613379968,5525.0,5.525,5525.0,0.175,0.001,0.0,0.221,0.9366515837104072,0.18099547511312217,0.04,0.755656108597285,0.0,0.06334841628959276,0.0,77.8,0.0,22.1,0.1,203,203.0
dapper_no_degraded_reuse,variable,107,100.0,1000,24.76733653360038,33.96344320425181,34.76468201555273,34.9843616042788,27.001843111039747,0.0,0.723587649146802,0.7287792989595785,4925.0,4.925,4925.0,0.261,0.007,0.0,0.197,0.9137055837563451,0.16751269035532995,0.033,0.7461928934010152,0.0,0.08629441624365482,0.0,79.60000000000001,0.0,19.7,0.7000000000000001,167,167.0
dapper_no_degraded_reuse,variable,108,100.0,1000,25.10544416480742,34.04030680897198,34.77692101060002,34.94872090187498,27.925992129948998,0.0,0.726074267403352,0.7332696515349356,6000.0,6.0,6000.0,0.26,0.001,0.0,0.24,0.925,0.175,0.042,0.75,0.0,0.075,0.0,75.9,0.0,24.0,0.1,204,204.0
dapper_no_degraded_reuse,variable,109,100.0,1000,24.939889299983353,33.944849716672444,34.808061348888025,34.98660651522982,26.788903019156606,0.0,0.7257784306497054,0.7300252922294294,5375.0,5.375,5375.0,0.203,0.0,0.0,0.215,0.9348837209302325,0.12558139534883722,0.027,0.8093023255813954,0.0,0.06511627906976744,0.0,78.5,0.0,21.5,0.0,205,205.0
dapper_no_degraded_reuse,variable,110,100.0,1000,25.056127314493292,34.09036681632298,34.75558231743777,34.98146709760653,26.931881396221623,0.0,0.7248912188061517,0.7290607997982759,5500.0,5.5,5500.0,0.226,0.0,0.0,0.22,0.9181818181818182,0.12727272727272726,0.028,0.7909090909090909,0.0,0.08181818181818182,0.0,78.0,0.0,22.0,0.0,200,200.0
dapper_no_degraded_reuse,variable,111,100.0,1000,25.14575753216426,34.021868235408654,34.75474457284814,34.97684653932659,27.893636600354984,0.0,0.7254779293237011,0.731856813686501,6050.0,6.05,6050.0,0.216,0.001,0.0,0.242,0.9297520661157025,0.16942148760330578,0.041,0.7603305785123967,0.0,0.07024793388429752,0.0,75.7,0.0,24.2,0.1,204,204.0
dapper_no_degraded_reuse,variable,112,100.0,1000,24.90109357755788,34.145986228864444,34.810685213855976,34.95854802039493,28.03518384138636,0.0,0.7286379738049847,0.7355263489244004,6425.0,6.425,6425.0,0.215,0.0,0.0,0.257,0.9455252918287937,0.17898832684824903,0.046,0.7665369649805448,0.0,0.054474708171206226,0.0,74.3,0.0,25.7,0.0,218,218.0
dapper_no_degraded_reuse,variable,113,100.0,1000,24.787472588881332,34.06018471877035,34.84172199726573,34.96829040868747,26.41047929428869,0.0,0.7267890531389166,0.7303623423446645,5800.0,5.8,5800.0,0.197,0.002,0.0,0.232,0.9396551724137931,0.10344827586206896,0.024,0.8362068965517241,0.0,0.0603448275862069,0.0,76.6,0.0,23.200000000000003,0.2,204,204.0
dapper_no_degraded_reuse,variable,114,100.0,1000,24.480016054311367,33.85132740683547,34.756049460546116,34.99588156157893,26.62936219193667,0.0,0.722244689473176,0.727235589973439,4450.0,4.45,4450.0,0.266,0.001,0.0,0.178,0.9044943820224719,0.1797752808988764,0.032,0.7247191011235955,0.0,0.09550561797752809,0.0,82.1,0.0,17.8,0.1,194,194.0
dapper_no_degraded_reuse,variable,115,100.0,1000,24.713369058052958,33.754983698925756,34.698133408952685,34.87718954629805,27.804039055106763,0.0,0.724505523138718,0.732009378819461,5350.0,5.35,5350.0,0.176,0.005,0.0,0.214,0.9065420560747663,0.2102803738317757,0.045,0.6962616822429907,0.0,0.09345794392523364,0.0,78.10000000000001,0.0,21.4,0.5,196,196.0
dapper_no_degraded_reuse,variable,116,100.0,1000,25.129251123475754,34.1532601066187,34.779576234399606,34.94714462527301,26.96508616382482,0.0,0.7274077411045607,0.7322529265615355,4900.0,4.9,4900.0,0.239,0.003,0.0,0.196,0.9336734693877551,0.1377551020408163,0.027,0.7959183673469388,0.0,0.0663265306122449,0.0,80.10000000000001,0.0,19.6,0.3,174,174.0
dapper_no_degraded_reuse,variable,117,100.0,1000,25.05439424007944,34.24753791959726,34.844457412378894,34.990866631104254,26.63440766415186,0.0,0.7237617590768507,0.7274733524118354,6150.0,6.15,6150.0,0.132,0.001,0.0,0.246,0.9146341463414634,0.09349593495934959,0.023,0.8211382113821138,0.0,0.08536585365853659,0.0,75.3,0.0,24.6,0.1,232,232.0
dapper_no_degraded_reuse,variable,118,100.0,1000,24.76558861395877,33.74118394108295,34.53821145587195,34.992448462470236,28.361341977176664,0.0,0.7260249694231027,0.7341226394624125,6650.0,6.65,6650.0,0.193,0.002,0.0,0.266,0.9323308270676691,0.19548872180451127,0.052,0.7368421052631579,0.0,0.06766917293233082,0.0,73.2,0.0,26.6,0.2,222,222.0
dapper_no_degraded_reuse,variable,119,100.0,1000,25.030177233445983,33.88751496988006,34.69884575310599,34.99635852821138,27.800325151081953,0.0,0.723546641656499,0.7305051816732442,5900.0,5.9,5900.0,0.218,0.001,0.0,0.236,0.9279661016949152,0.17372881355932204,0.041,0.7542372881355932,0.0,0.07203389830508475,0.0,76.3,0.0,23.599999999999998,0.1,193,193.0
dapper_no_degraded_reuse,variable,120,100.0,1000,24.930531741633683,34.160813054680794,34.731093849668056,34.99491157025027,27.45078538106331,0.0,0.723563498588838,0.7298433888354837,7075.0,7.075,7075.0,0.179,0.001,0.0,0.283,0.9399293286219081,0.13074204946996468,0.037,0.8091872791519434,0.0,0.06007067137809187,0.0,71.6,0.0,28.299999999999997,0.1,228,228.0
dapper_no_degraded_reuse,variable,121,100.0,1000,24.807770479563647,34.0234707366942,34.80089032279628,34.994688323129196,28.719168148059726,0.0,0.7239997092885158,0.7339082373836575,6775.0,6.775,6775.0,0.217,0.0,0.0,0.271,0.948339483394834,0.2140221402214022,0.058,0.7343173431734318,0.0,0.05166051660516605,0.0,72.89999999999999,0.0,27.1,0.0,201,201.0
dapper_no_degraded_reuse,variable,122,100.0,1000,24.699633686122294,33.862987583904314,34.65447524104311,34.97317679379236,27.799083666139587,0.0,0.7258628943266425,0.73278175239724,5650.0,5.65,5650.0,0.197,0.001,0.0,0.226,0.9557522123893806,0.19911504424778761,0.045,0.7566371681415929,0.0,0.04424778761061947,0.0,77.3,0.0,22.6,0.1,206,206.0
dapper_no_degraded_reuse,variable,123,100.0,1000,25.0099739211768,33.900204729657574,34.83268544735611,34.9960844952581,27.098179814070917,0.0,0.7282723533445112,0.7340303009578591,5550.0,5.55,5550.0,0.215,0.002,0.0,0.222,0.9369369369369369,0.14414414414414414,0.032,0.7927927927927928,0.0,0.06306306306306306,0.0,77.60000000000001,0.0,22.2,0.2,212,212.0
dapper_no_degraded_reuse,variable,124,100.0,1000,24.911682641011286,33.793997167916714,34.79593977343024,34.996246009129095,26.92946070908656,0.0,0.7242303295445375,0.7289794198513715,6700.0,6.7,6700.0,0.169,0.0,0.0,0.268,0.8955223880597015,0.11194029850746269,0.03,0.7835820895522388,0.0,0.1044776119402985,0.0,73.2,0.0,26.8,0.0,248,248.0
dapper_no_degraded_reuse,variable,125,100.0,1000,24.73733905793578,33.79199463306303,34.7780426012565,34.94952031560075,27.61073558739017,0.0,0.7250638411899345,0.7314929029510754,5925.0,5.925,5925.0,0.222,0.0,0.0,0.237,0.9409282700421941,0.17721518987341772,0.042,0.7637130801687764,0.0,0.05907172995780591,0.0,76.3,0.0,23.7,0.0,203,203.0
dapper_no_degraded_reuse,variable,126,100.0,1000,24.969127837289125,33.97501250814527,34.75306843916457,34.997585709381326,27.545908252253568,0.0,0.7277917898185733,0.7339708383339066,5775.0,5.775,5775.0,0.21,0.0,0.0,0.231,0.9307359307359307,0.16883116883116883,0.039,0.7619047619047619,0.0,0.06926406926406926,0.0,76.9,0.0,23.1,0.0,208,208.0
dapper_no_degraded_reuse,variable,127,100.0,1000,25.14173156812526,34.17384675910244,34.792631447706896,34.9805264786951,27.445551525393597,0.0,0.7259054337219969,0.7316035414943586,5750.0,5.75,5750.0,0.245,0.003,0.0,0.23,0.9521739130434783,0.14347826086956522,0.033,0.808695652173913,0.0,0.04782608695652174,0.0,76.7,0.0,23.0,0.3,212,212.0
dapper_no_degraded_reuse,variable,128,100.0,1000,24.789071524589737,33.94732129307926,34.7698738663592,34.96530254190218,26.80439494125907,0.0,0.7251555707619434,0.7292667308843314,4475.0,4.475,4475.0,0.278,0.001,0.0,0.179,0.9162011173184358,0.16201117318435754,0.029,0.7541899441340782,0.0,0.08379888268156424,0.0,82.0,0.0,17.9,0.1,154,154.0
dapper_no_degraded_reuse,variable,129,100.0,1000,25.18534803810958,33.99372460496856,34.77333674805944,34.967648156933706,27.245155133390565,0.0,0.7229962319902838,0.727940608400759,5425.0,5.425,5425.0,0.227,0.001,0.0,0.217,0.9447004608294931,0.14746543778801843,0.032,0.7972350230414746,0.0,0.055299539170506916,0.0,78.2,0.0,21.7,0.1,200,200.0
dapper_no_degraded_reuse,congested,100,100.0,1000,24.824557271985057,33.928407620489025,34.77556075006328,34.97404020175507,24.824557271985057,0.0,0.7231225654703062,0.7231225654703062,0.0,0.0,0.0,0.004,0.004,0.0,0.0,0.0,0.0,0.0,0.0,0.0,0.0,0.0,99.6,0.0,0.0,0.4,8,8.0
dapper_no_degraded_reuse,congested,101,100.0,1000,25.026673523971784,34.03466107987438,34.84243479054015,34.99327875607795,25.026673523971784,0.0,0.7239603822715144,0.7239603822715144,0.0,0.0,0.0,0.007,0.007,0.0,0.0,0.0,0.0,0.0,0.0,0.0,0.0,0.0,99.3,0.0,0.0,0.7000000000000001,12,12.0
dapper_no_degraded_reuse,congested,102,100.0,1000,24.829712790777762,33.96479457393766,34.69588731781126,34.989536221406055,24.829712790777762,0.0,0.7270052366898776,0.7270052366898776,0.0,0.0,0.0,0.008,0.008,0.0,0.0,0.0,0.0,0.0,0.0,0.0,0.0,0.0,99.2,0.0,0.0,0.8,14,14.0
dapper_no_degraded_reuse,congested,103,100.0,1000,24.892785643695664,34.09454856492267,34.78542999553827,34.985893217625524,24.892785643695664,0.0,0.7249187188165734,0.7249187188165734,0.0,0.0,0.0,0.006,0.006,0.0,0.0,0.0,0.0,0.0,0.0,0.0,0.0,0.0,99.4,0.0,0.0,0.6,12,12.0
dapper_no_degraded_reuse,congested,104,100.0,1000,24.77796847513708,33.81394766067372,34.81048977789511,34.94578824107255,24.77796847513708,0.0,0.7272547943451833,0.7272547943451833,0.0,0.0,0.0,0.008,0.008,0.0,0.0,0.0,0.0,0.0,0.0,0.0,0.0,0.0,99.2,0.0,0.0,0.8,14,14.0
dapper_no_degraded_reuse,congested,105,100.0,1000,24.677162661323955,34.007432758127685,34.86009343610894,34.98145078352877,24.677162661323955,0.0,0.7241646482306923,0.7241646482306923,25.0,0.025,25.0,0.008,0.008,0.0,0.001,1.0,0.0,0.0,1.0,0.0,0.0,0.0,99.1,0.0,0.1,0.8,14,14.0
dapper_no_degraded_reuse,congested,106,100.0,1000,24.772684967250918,33.98450796903268,34.753821099438774,34.98979405154197,24.772684967250918,0.0,0.7262080408789683,0.7262080408789683,0.0,0.0,0.0,0.007,0.007,0.0,0.0,0.0,0.0,0.0,0.0,0.0,0.0,0.0,99.3,0.0,0.0,0.7000000000000001,8,8.0
dapper_no_degraded_reuse,congested,107,100.0,1000,24.763848167260303,33.88426057014752,34.77470672268729,34.998762184541775,24.763848167260303,0.0,0.7257346306649486,0.7257346306649486,0.0,0.0,0.0,0.005,0.005,0.0,0.0,0.0,0.0,0.0,0.0,0.0,0.0,0.0,99.5,0.0,0.0,0.5,8,8.0
dapper_no_degraded_reuse,congested,108,100.0,1000,24.953177155047733,33.943119032195405,34.814499351033405,34.99655745974279,24.953177155047733,0.0,0.7244295155267036,0.7244295155267036,0.0,0.0,0.0,0.008,0.008,0.0,0.0,0.0,0.0,0.0,0.0,0.0,0.0,0.0,99.2,0.0,0.0,0.8,14,14.0
dapper_no_degraded_reuse,congested,109,100.0,1000,24.847059358357548,33.93181537323021,34.785030538309286,34.98925809716232,24.847059358357548,0.0,0.7234323551786083,0.7234323551786083,0.0,0.0,0.0,0.007,0.007,0.0,0.0,0.0,0.0,0.0,0.0,0.0,0.0,0.0,99.3,0.0,0.0,0.7000000000000001,10,10.0
dapper_no_degraded_reuse,congested,110,100.0,1000,24.70223165713215,33.71973175922034,34.60151524624712,34.90888622322395,24.70223165713215,0.0,0.7246938266396346,0.7246938266396346,0.0,0.0,0.0,0.005,0.005,0.0,0.0,0.0,0.0,0.0,0.0,0.0,0.0,0.0,99.5,0.0,0.0,0.5,8,8.0
dapper_no_degraded_reuse,congested,111,100.0,1000,24.94253826558974,33.995133250212476,34.74455155405684,34.96241421096305,24.94253826558974,0.0,0.7254545302713125,0.7254545302713125,0.0,0.0,0.0,0.008,0.008,0.0,0.0,0.0,0.0,0.0,0.0,0.0,0.0,0.0,99.2,0.0,0.0,0.8,14,14.0
dapper_no_degraded_reuse,congested,112,100.0,1000,24.86963877249279,33.90095224371657,34.76580213455383,34.985906989642146,24.86963877249279,0.0,0.7266076329631779,0.7266076329631779,0.0,0.0,0.0,0.013,0.013,0.0,0.0,0.0,0.0,0.0,0.0,0.0,0.0,0.0,98.7,0.0,0.0,1.3,18,18.0
dapper_no_degraded_reuse,congested,113,100.0,1000,24.72292431672843,33.938019364553725,34.77247181035648,34.98424994294581,24.72292431672843,0.0,0.7265134749764945,0.7265134749764945,0.0,0.0,0.0,0.007,0.007,0.0,0.0,0.0,0.0,0.0,0.0,0.0,0.0,0.0,99.3,0.0,0.0,0.7000000000000001,12,12.0
dapper_no_degraded_reuse,congested,114,100.0,1000,24.915906991902833,33.99518413696301,34.87476614646897,34.96282987218834,24.915906991902833,0.0,0.7286233928366593,0.7286233928366593,0.0,0.0,0.0,0.008,0.008,0.0,0.0,0.0,0.0,0.0,0.0,0.0,0.0,0.0,99.2,0.0,0.0,0.8,10,10.0
dapper_no_degraded_reuse,congested,115,100.0,1000,25.085740611498316,34.01033183391731,34.751795785617006,34.96593743598228,25.085740611498316,0.0,0.722824442674691,0.722824442674691,0.0,0.0,0.0,0.006,0.006,0.0,0.0,0.0,0.0,0.0,0.0,0.0,0.0,0.0,99.4,0.0,0.0,0.6,10,10.0
dapper_no_degraded_reuse,congested,116,100.0,1000,25.324934204252145,33.95730249293956,34.77240430108412,34.9771698353159,25.324934204252145,0.0,0.7260315559209485,0.7260315559209485,0.0,0.0,0.0,0.008,0.008,0.0,0.0,0.0,0.0,0.0,0.0,0.0,0.0,0.0,99.2,0.0,0.0,0.8,16,16.0
dapper_no_degraded_reuse,congested,117,100.0,1000,24.38620885543388,33.706919736517364,34.66361864084976,34.994340946660934,24.38620885543388,0.0,0.7253330615138619,0.7253330615138619,25.0,0.025,25.0,0.008,0.008,0.0,0.001,1.0,0.0,0.0,1.0,0.0,0.0,0.0,99.1,0.0,0.1,0.8,18,18.0
dapper_no_degraded_reuse,congested,118,100.0,1000,25.01023416650803,34.01490807545646,34.75940662114508,34.968506891824205,25.01023416650803,0.0,0.7268033495517163,0.7268033495517163,0.0,0.0,0.0,0.007,0.007,0.0,0.0,0.0,0.0,0.0,0.0,0.0,0.0,0.0,99.3,0.0,0.0,0.7000000000000001,12,12.0
dapper_no_degraded_reuse,congested,119,100.0,1000,25.237974362405513,33.930297923071485,34.79939395844596,34.97944595589328,25.237974362405513,0.0,0.7235998627315303,0.7235998627315303,0.0,0.0,0.0,0.005,0.005,0.0,0.0,0.0,0.0,0.0,0.0,0.0,0.0,0.0,99.5,0.0,0.0,0.5,8,8.0
dapper_no_degraded_reuse,congested,120,100.0,1000,24.770729236686982,33.99634834863332,34.78821886321599,34.985958566309606,24.770729236686982,0.0,0.724149083598059,0.724149083598059,0.0,0.0,0.0,0.008,0.008,0.0,0.0,0.0,0.0,0.0,0.0,0.0,0.0,0.0,99.2,0.0,0.0,0.8,16,16.0
dapper_no_degraded_reuse,congested,121,100.0,1000,24.670024513531853,33.750343569648706,34.75280697328194,34.996277370025744,24.670024513531853,0.0,0.7242193034879331,0.7242193034879331,0.0,0.0,0.0,0.006,0.006,0.0,0.0,0.0,0.0,0.0,0.0,0.0,0.0,0.0,99.4,0.0,0.0,0.6,10,10.0
dapper_no_degraded_reuse,congested,122,100.0,1000,24.53787182490916,33.83751458842038,34.770700984913006,34.91653465760954,24.53787182490916,0.0,0.726925307989091,0.726925307989091,0.0,0.0,0.0,0.013,0.013,0.0,0.0,0.0,0.0,0.0,0.0,0.0,0.0,0.0,98.7,0.0,0.0,1.3,14,14.0
dapper_no_degraded_reuse,congested,123,100.0,1000,24.972968667791022,34.0068905091913,34.771507219222585,34.98883073588995,24.972968667791022,0.0,0.7231981737549722,0.7231981737549722,0.0,0.0,0.0,0.002,0.002,0.0,0.0,0.0,0.0,0.0,0.0,0.0,0.0,0.0,99.8,0.0,0.0,0.2,4,4.0
dapper_no_degraded_reuse,congested,124,100.0,1000,24.68398444976012,33.74309287533703,34.66363593071505,34.94326242767353,24.68398444976012,0.0,0.7246698111318651,0.7246698111318651,0.0,0.0,0.0,0.006,0.006,0.0,0.0,0.0,0.0,0.0,0.0,0.0,0.0,0.0,99.4,0.0,0.0,0.6,10,10.0
dapper_no_degraded_reuse,congested,125,100.0,1000,24.725669553063664,34.05786747219948,34.83418763630404,34.99974319601896,24.725669553063664,0.0,0.7228975062228786,0.7228975062228786,25.0,0.025,25.0,0.012,0.012,0.0,0.001,1.0,0.0,0.0,1.0,0.0,0.0,0.0,98.7,0.0,0.1,1.2,16,16.0
dapper_no_degraded_reuse,congested,126,100.0,1000,24.961010734873252,33.97988585528562,34.774114294105054,34.99086328598782,24.961010734873252,0.0,0.7258907807888281,0.7258907807888281,0.0,0.0,0.0,0.002,0.002,0.0,0.0,0.0,0.0,0.0,0.0,0.0,0.0,0.0,99.8,0.0,0.0,0.2,4,4.0
dapper_no_degraded_reuse,congested,127,100.0,1000,24.79915459305446,33.97839515917549,34.71031183612322,34.99801668883106,24.79915459305446,0.0,0.7241769809830646,0.7241769809830646,0.0,0.0,0.0,0.01,0.01,0.0,0.0,0.0,0.0,0.0,0.0,0.0,0.0,0.0,99.0,0.0,0.0,1.0,18,18.0
dapper_no_degraded_reuse,congested,128,100.0,1000,24.671514882986425,34.08647701991846,34.783499539553866,34.99302751306131,24.671514882986425,0.0,0.72324842617587,0.72324842617587,0.0,0.0,0.0,0.008,0.008,0.0,0.0,0.0,0.0,0.0,0.0,0.0,0.0,0.0,99.2,0.0,0.0,0.8,12,12.0
dapper_no_degraded_reuse,congested,129,100.0,1000,24.599702966215787,33.90591045177916,34.77957296022762,34.981958638619645,24.599702966215787,0.0,0.7227863941222297,0.7227863941222297,0.0,0.0,0.0,0.013,0.013,0.0,0.0,0.0,0.0,0.0,0.0,0.0,0.0,0.0,98.7,0.0,0.0,1.3,20,20.0
dapper_no_degraded_reuse,lossy,100,100.0,1000,25.284238375351617,34.04718924628941,34.84826155800029,34.98907189172226,31.857325313088005,0.0,0.7261089761349956,0.7418683904352356,18000.0,18.0,18000.0,0.0,0.0,0.0,0.72,0.8111111111111111,0.13055555555555556,0.094,0.6805555555555556,0.0,0.18888888888888888,0.0,28.000000000000004,0.0,72.0,0.0,364,364.0
dapper_no_degraded_reuse,lossy,101,100.0,1000,25.059527190349893,34.120642165867906,34.8265496982896,34.99538718567808,31.68360404093288,0.0,0.7233638220296621,0.7383227658545507,17675.0,17.675,17675.0,0.0,0.0,0.0,0.707,0.8330975954738331,0.13295615275813297,0.094,0.7001414427157001,0.0,0.1669024045261669,0.0,29.299999999999997,0.0,70.7,0.0,366,366.0
dapper_no_degraded_reuse,lossy,102,100.0,1000,24.993003502753638,33.78557770295638,34.81151542684563,34.990087052311324,30.926238985640797,0.0,0.7247993890094673,0.7385327568542848,17225.0,17.225,17225.0,0.0,0.0,0.0,0.689,0.8113207547169812,0.12336719883889695,0.085,0.6879535558780842,0.0,0.18867924528301888,0.0,31.1,0.0,68.89999999999999,0.0,390,390.0
dapper_no_degraded_reuse,lossy,103,100.0,1000,25.072925546868568,34.23372242321619,34.794279965090745,34.9768308072483,32.53725996440561,0.0,0.7255664298957895,0.7431153918263849,18675.0,18.675,18675.0,0.0,0.0,0.0,0.747,0.7991967871485943,0.14457831325301204,0.108,0.6546184738955824,0.0,0.20080321285140562,0.0,25.3,0.0,74.7,0.0,340,340.0
dapper_no_degraded_reuse,lossy,104,100.0,1000,24.952721574773207,33.7641107522445,34.821547122134376,34.99174516374082,32.954498342235674,0.0,0.725270205207262,0.7428455742749839,18200.0,18.2,18200.0,0.0,0.0,0.0,0.728,0.8063186813186813,0.15796703296703296,0.115,0.6483516483516484,0.0,0.1936813186813187,0.0,27.200000000000003,0.0,72.8,0.0,362,362.0
dapper_no_degraded_reuse,lossy,105,100.0,1000,25.095152971928933,33.826524025580916,34.67873591147265,34.99594666457182,31.650482579457197,0.0,0.7248747477212536,0.7392192203397958,18825.0,18.825,18825.0,0.0,0.0,0.0,0.753,0.8273572377158035,0.12350597609561753,0.093,0.703851261620186,0.0,0.17264276228419656,0.0,24.7,0.0,75.3,0.0,344,344.0
dapper_no_degraded_reuse,lossy,106,100.0,1000,24.856568122610433,33.832964597231225,34.72189143706977,34.99784375073101,31.50890321788417,0.0,0.7235813767870335,0.7392206310961336,17800.0,17.8,17800.0,0.0,0.0,0.0,0.712,0.8539325842696629,0.13342696629213482,0.095,0.7205056179775281,0.0,0.14606741573033707,0.0,28.799999999999997,0.0,71.2,0.0,389,389.0
dapper_no_degraded_reuse,lossy,107,100.0,1000,24.68158080592215,34.00414573371424,34.83973190471446,34.99325658145116,31.19660512918917,0.0,0.7241940517114336,0.7388308468489646,18025.0,18.025,18025.0,0.0,0.0,0.0,0.721,0.8099861303744799,0.1276005547850208,0.092,0.6823855755894591,0.0,0.1900138696255201,0.0,27.900000000000002,0.0,72.1,0.0,354,354.0
dapper_no_degraded_reuse,lossy,108,100.0,1000,25.047265262517854,34.05795037600457,34.73288919337191,34.96757252768798,31.073612955374518,0.0,0.7235643813542582,0.7373909269007133,18325.0,18.325,18325.0,0.0,0.0,0.0,0.733,0.810368349249659,0.11732605729877217,0.086,0.6930422919508867,0.0,0.18963165075034105,0.0,26.700000000000003,0.0,73.3,0.0,364,364.0
dapper_no_degraded_reuse,lossy,109,100.0,1000,24.775139056545807,34.049418286887835,34.7919194149339,34.94624843509132,31.96287960801317,0.0,0.7212325912059436,0.7383365724449257,18500.0,18.5,18500.0,0.0,0.0,0.0,0.74,0.827027027027027,0.13783783783783785,0.102,0.6891891891891891,0.0,0.17297297297297298,0.0,26.0,0.0,74.0,0.0,324,324.0
dapper_no_degraded_reuse,lossy,110,100.0,1000,25.004520730247734,33.8683404853258,34.86997539103268,34.98456857838196,32.44878696120915,0.0,0.7268739784421301,0.7433964854715304,17950.0,17.95,17950.0,0.0,0.0,0.0,0.718,0.7813370473537604,0.14623955431754876,0.105,0.6350974930362117,0.0,0.21866295264623956,0.0,28.199999999999996,0.0,71.8,0.0,380,380.0
dapper_no_degraded_reuse,lossy,111,100.0,1000,24.90307640535743,34.14835345167596,34.756755348825656,34.981698697795565,31.661618369672937,0.0,0.7248703254305311,0.7398456220643752,18200.0,18.2,18200.0,0.0,0.0,0.0,0.728,0.8008241758241759,0.1346153846153846,0.098,0.6662087912087912,0.0,0.19917582417582416,0.0,27.200000000000003,0.0,72.8,0.0,341,341.0
dapper_no_degraded_reuse,lossy,112,100.0,1000,24.956367632930085,34.151123089835,34.870234716853815,34.962158450180866,32.0743115042331,0.0,0.7253954496233768,0.7418527868840668,18175.0,18.175,18175.0,0.0,0.0,0.0,0.727,0.797799174690509,0.14167812929848694,0.103,0.656121045392022,0.0,0.20220082530949107,0.0,27.3,0.0,72.7,0.0,342,342.0
dapper_no_degraded_reuse,lossy,113,100.0,1000,25.11573781751927,34.14436127878192,34.867885766711,34.99782157537433,31.685721930267743,0.0,0.7254462125679975,0.7402162266401762,18625.0,18.625,18625.0,0.0,0.0,0.0,0.745,0.8053691275167785,0.1261744966442953,0.094,0.6791946308724832,0.0,0.19463087248322147,0.0,25.5,0.0,74.5,0.0,367,367.0
dapper_no_degraded_reuse,lossy,114,100.0,1000,25.05695156474369,34.026649628584615,34.857774174382406,34.983091762156874,31.76472240386522,0.0,0.72440817275247,0.7393453718347903,17675.0,17.675,17675.0,0.0,0.0,0.0,0.707,0.8076379066478077,0.1371994342291372,0.097,0.6704384724186704,0.0,0.19236209335219237,0.0,29.299999999999997,0.0,70.7,0.0,359,359.0
dapper_no_degraded_reuse,lossy,115,100.0,1000,24.76252752899427,34.140208891814694,34.85306689119638,34.992962372181864,31.597060228847266,0.0,0.7251726691219196,0.7398453016431278,17850.0,17.85,17850.0,0.0,0.0,0.0,0.714,0.7969187675070029,0.13725490196078433,0.098,0.6596638655462185,0.0,0.2030812324929972,0.0,28.599999999999998,0.0,71.39999999999999,0.0,380,380.0
dapper_no_degraded_reuse,lossy,116,100.0,1000,24.951356764470432,33.914227978461774,34.857265543400885,34.99525986411179,32.60167100412868,0.0,0.7243445892890008,0.7428840823811076,17975.0,17.975,17975.0,0.0,0.0,0.0,0.719,0.8344923504867872,0.15577190542420027,0.112,0.6787204450625869,0.0,0.16550764951321278,0.0,28.1,0.0,71.89999999999999,0.0,382,382.0
dapper_no_degraded_reuse,lossy,117,100.0,1000,25.037129912861214,33.9567672696681,34.764351269100246,34.996388970755305,30.05768402831528,0.0,0.726073452957747,0.7373350959476548,17900.0,17.9,17900.0,0.0,0.0,0.0,0.716,0.7988826815642458,0.1005586592178771,0.072,0.6983240223463687,0.0,0.2011173184357542,0.0,28.4,0.0,71.6,0.0,378,378.0
dapper_no_degraded_reuse,lossy,118,100.0,1000,24.83203368389728,33.86314293776527,34.704566823658226,34.94197590424748,31.59642683182519,0.0,0.7277094589160901,0.742481456687588,17425.0,17.425,17425.0,0.0,0.0,0.0,0.697,0.8335724533715926,0.13916786226685796,0.097,0.6944045911047346,0.0,0.16642754662840745,0.0,30.3,0.0,69.69999999999999,0.0,402,402.0
dapper_no_degraded_reuse,lossy,119,100.0,1000,25.22380561542694,34.16353447898527,34.88856396573517,34.993426719837316,32.113435816803424,0.0,0.72570145608929,0.7415107092676313,18600.0,18.6,18600.0,0.0,0.0,0.0,0.744,0.8198924731182796,0.13440860215053763,0.1,0.6854838709677419,0.0,0.18010752688172044,0.0,25.6,0.0,74.4,0.0,342,342.0
dapper_no_degraded_reuse,lossy,120,100.0,1000,24.94356883456326,33.94762430607923,34.82126839451995,34.99480299428936,31.257672307205212,0.0,0.7242446744200584,0.7384825033900047,18075.0,18.075,18075.0,0.0,0.0,0.0,0.723,0.7980636237897649,0.12448132780082988,0.09,0.673582295988935,0.0,0.20193637621023514,0.0,27.700000000000003,0.0,72.3,0.0,366,366.0
dapper_no_degraded_reuse,lossy,121,100.0,1000,24.890186762682326,33.9509837447526,34.75636721943252,34.9865485323475,32.77353024549474,0.0,0.7226738180182367,0.7410438719949963,18675.0,18.675,18675.0,0.0,0.0,0.0,0.747,0.821954484605087,0.1499330655957162,0.112,0.6720214190093708,0.0,0.17804551539491298,0.0,25.3,0.0,74.7,0.0,339,339.0
dapper_no_degraded_reuse,lossy,122,100.0,1000,25.08579289471596,34.07524967583675,34.72465675884838,34.92311681265087,31.763246506243785,0.0,0.7253656451784852,0.7408740543618451,18550.0,18.55,18550.0,0.0,0.0,0.0,0.742,0.7951482479784366,0.1280323450134771,0.095,0.6671159029649596,0.0,0.20485175202156333,0.0,25.8,0.0,74.2,0.0,330,330.0
dapper_no_degraded_reuse,lossy,123,100.0,1000,24.817178107343594,33.97858252982191,34.71884738710505,34.9640180768012,32.29314773222189,0.0,0.725177200048534,0.7433974475207357,17875.0,17.875,17875.0,0.0,0.0,0.0,0.715,0.8055944055944056,0.15244755244755245,0.109,0.6531468531468532,0.0,0.1944055944055944,0.0,28.499999999999996,0.0,71.5,0.0,380,380.0
dapper_no_degraded_reuse,lossy,124,100.0,1000,25.144076835710404,34.0084817041087,34.82162623829404,34.999930978152555,33.825274803426076,0.0,0.7252006399861742,0.7459351026481479,18725.0,18.725,18725.0,0.0,0.0,0.0,0.749,0.835781041388518,0.16688918558077437,0.125,0.6688918558077437,0.0,0.16421895861148197,0.0,25.1,0.0,74.9,0.0,362,362.0
dapper_no_degraded_reuse,lossy,125,100.0,1000,25.290207315525716,34.07810779324134,34.85987931432081,34.99675173862079,31.822242841358705,0.0,0.725008358044021,0.7393774547547449,17300.0,17.3,17300.0,0.0,0.0,0.0,0.692,0.8078034682080925,0.13872832369942195,0.096,0.6690751445086706,0.0,0.19219653179190752,0.0,30.8,0.0,69.19999999999999,0.0,374,374.0
dapper_no_degraded_reuse,lossy,126,100.0,1000,25.012306557377276,34.01851118868758,34.87231873366858,34.99707928007821,32.11656113797526,0.0,0.7223553858756083,0.7383183297008713,18375.0,18.375,18375.0,0.0,0.0,0.0,0.735,0.8204081632653061,0.13877551020408163,0.102,0.6816326530612244,0.0,0.17959183673469387,0.0,26.5,0.0,73.5,0.0,354,354.0
dapper_no_degraded_reuse,lossy,127,100.0,1000,24.933813775828348,34.03862120823819,34.851014551058256,34.985303846764054,32.69662669143229,0.0,0.7254720911704587,0.7435683780371112,18100.0,18.1,18100.0,0.0,0.0,0.0,0.724,0.7720994475138122,0.15469613259668508,0.112,0.6174033149171271,0.0,0.22790055248618785,0.0,27.6,0.0,72.39999999999999,0.0,373,373.0
dapper_no_degraded_reuse,lossy,128,100.0,1000,25.361525346794913,34.112832194106765,34.722796126768856,34.99638466136344,32.25036818382081,0.0,0.7258146565752936,0.7414867988063029,17775.0,17.775,17775.0,0.0,0.0,0.0,0.711,0.8270042194092827,0.1420534458509142,0.101,0.6849507735583685,0.0,0.1729957805907173,0.0,28.9,0.0,71.1,0.0,399,399.0
dapper_no_degraded_reuse,lossy,129,100.0,1000,24.956002553810663,34.060395492680186,34.85750602439408,34.980831653703675,31.49496513929532,0.0,0.7240405957959037,0.7388445901022926,18725.0,18.725,18725.0,0.0,0.0,0.0,0.749,0.8130841121495327,0.12550066755674233,0.094,0.6875834445927904,0.0,0.18691588785046728,0.0,25.1,0.0,74.9,0.0,351,351.0
dapper_no_degraded_reuse,outage,100,100.0,1000,22.058910812596466,33.590893059544214,34.63280645449819,34.99545577037872,22.058910812596466,0.0,0.7269768791257177,0.7269768791257177,0.0,0.0,0.0,1.0,0.126,0.0,0.0,0.0,0.0,0.0,0.0,0.0,0.0,0.0,85.1,0.0,0.0,14.899999999999999,87,87.0
dapper_no_degraded_reuse,outage,101,100.0,1000,22.115292779201635,33.697397432437235,34.738307807844755,34.99666358286235,22.115292779201635,0.0,0.7247214603746888,0.7247214603746888,0.0,0.0,0.0,1.0,0.122,0.0,0.0,0.0,0.0,0.0,0.0,0.0,0.0,0.0,85.6,0.0,0.0,14.399999999999999,77,77.0
dapper_no_degraded_reuse,outage,102,100.0,1000,22.368619939642002,34.088927514190814,34.76218466879992,34.98498997120777,22.368619939642002,0.0,0.72401454025731,0.72401454025731,0.0,0.0,0.0,1.0,0.118,0.0,0.0,0.0,0.0,0.0,0.0,0.0,0.0,0.0,85.5,0.0,0.0,14.499999999999998,82,82.0
dapper_no_degraded_reuse,outage,103,100.0,1000,22.331357437607263,33.803583896328036,34.78354435923766,34.98947525596243,22.331357437607263,0.0,0.7248736311361537,0.7248736311361537,0.0,0.0,0.0,1.0,0.111,0.0,0.0,0.0,0.0,0.0,0.0,0.0,0.0,0.0,87.1,0.0,0.0,12.9,79,79.0
dapper_no_degraded_reuse,outage,104,100.0,1000,22.10142076916608,33.97299759000334,34.903269306103894,34.992637490533546,22.10142076916608,0.0,0.7225904792587414,0.7225904792587414,0.0,0.0,0.0,1.0,0.118,0.0,0.0,0.0,0.0,0.0,0.0,0.0,0.0,0.0,86.0,0.0,0.0,14.000000000000002,80,80.0
dapper_no_degraded_reuse,outage,105,100.0,1000,22.48584818571206,34.10605204545131,34.86500862790571,34.99010808535235,22.48584818571206,0.0,0.7242410278392828,0.7242410278392828,0.0,0.0,0.0,1.0,0.112,0.0,0.0,0.0,0.0,0.0,0.0,0.0,0.0,0.0,87.3,0.0,0.0,12.7,85,85.0
dapper_no_degraded_reuse,outage,106,100.0,1000,22.156724740814155,33.95682537216119,34.7890135439707,34.964850295506736,22.156724740814155,0.0,0.7223976189482162,0.7223976189482162,0.0,0.0,0.0,1.0,0.12,0.0,0.0,0.0,0.0,0.0,0.0,0.0,0.0,0.0,85.6,0.0,0.0,14.399999999999999,84,84.0
dapper_no_degraded_reuse,outage,107,100.0,1000,21.971589354967662,33.88996889839862,34.69597025818602,34.992911865312266,21.971589354967662,0.0,0.7285411634270722,0.7285411634270722,0.0,0.0,0.0,1.0,0.123,0.0,0.0,0.0,0.0,0.0,0.0,0.0,0.0,0.0,85.7,0.0,0.0,14.299999999999999,84,84.0
dapper_no_degraded_reuse,outage,108,100.0,1000,22.00623912339896,33.7084522836545,34.79709088647637,34.99134649357638,22.00623912339896,0.0,0.7237636827508461,0.7237636827508461,0.0,0.0,0.0,1.0,0.115,0.0,0.0,0.0,0.0,0.0,0.0,0.0,0.0,0.0,86.7,0.0,0.0,13.3,89,89.0
dapper_no_degraded_reuse,outage,109,100.0,1000,22.361797221865256,34.16970205740514,34.839149132194734,34.98505022123036,22.361797221865256,0.0,0.7259336114594813,0.7259336114594813,0.0,0.0,0.0,1.0,0.12,0.0,0.0,0.0,0.0,0.0,0.0,0.0,0.0,0.0,86.2,0.0,0.0,13.8,81,81.0
dapper_no_degraded_reuse,outage,110,100.0,1000,22.15059643531947,33.95637401728397,34.8350608849969,34.98118598130211,22.15059643531947,0.0,0.7238732236171062,0.7238732236171062,0.0,0.0,0.0,1.0,0.122,0.0,0.0,0.0,0.0,0.0,0.0,0.0,0.0,0.0,86.1,0.0,0.0,13.900000000000002,86,86.0
dapper_no_degraded_reuse,outage,111,100.0,1000,22.151380333416483,34.11315071372445,34.86184392609564,34.98707841415352,22.151380333416483,0.0,0.7262311563137179,0.7262311563137179,0.0,0.0,0.0,1.0,0.123,0.0,0.0,0.0,0.0,0.0,0.0,0.0,0.0,0.0,85.39999999999999,0.0,0.0,14.6,91,91.0
dapper_no_degraded_reuse,outage,112,100.0,1000,21.981012270298358,33.8960049875784,34.83072440410714,34.99593938799836,21.981012270298358,0.0,0.7257116831905257,0.7257116831905257,0.0,0.0,0.0,1.0,0.128,0.0,0.0,0.0,0.0,0.0,0.0,0.0,0.0,0.0,85.2,0.0,0.0,14.799999999999999,91,91.0
dapper_no_degraded_reuse,outage,113,100.0,1000,22.337249912440218,33.74721539472473,34.71492420051869,34.982860274899195,22.337249912440218,0.0,0.7274449881627205,0.7274449881627205,0.0,0.0,0.0,1.0,0.097,0.0,0.0,0.0,0.0,0.0,0.0,0.0,0.0,0.0,89.1,0.0,0.0,10.9,78,78.0
dapper_no_degraded_reuse,outage,114,100.0,1000,21.50359601914568,34.164469794957114,34.80059842497914,34.979424030492495,21.50359601914568,0.0,0.7259984598934758,0.7259984598934758,0.0,0.0,0.0,1.0,0.143,0.0,0.0,0.0,0.0,0.0,0.0,0.0,0.0,0.0,83.0,0.0,0.0,17.0,91,91.0
dapper_no_degraded_reuse,outage,115,100.0,1000,21.807020444850828,33.825647993997094,34.61765321810612,34.990047900593524,21.807020444850828,0.0,0.7256485242908969,0.7256485242908969,0.0,0.0,0.0,1.0,0.132,0.0,0.0,0.0,0.0,0.0,0.0,0.0,0.0,0.0,84.2,0.0,0.0,15.8,92,92.0
dapper_no_degraded_reuse,outage,116,100.0,1000,22.27042136394714,33.8128960694244,34.76850112762208,34.997319860382795,22.27042136394714,0.0,0.7267253726386896,0.7267253726386896,0.0,0.0,0.0,1.0,0.107,0.0,0.0,0.0,0.0,0.0,0.0,0.0,0.0,0.0,87.7,0.0,0.0,12.3,77,77.0
dapper_no_degraded_reuse,outage,117,100.0,1000,21.529248344587668,33.92111119026647,34.82526549799229,34.98076375966268,21.529248344587668,0.0,0.7198184167691924,0.7198184167691924,0.0,0.0,0.0,1.0,0.148,0.0,0.0,0.0,0.0,0.0,0.0,0.0,0.0,0.0,81.89999999999999,0.0,0.0,18.099999999999998,81,81.0
dapper_no_degraded_reuse,outage,118,100.0,1000,21.596116128869216,33.82590015000337,34.672954655074776,34.966209979583226,21.596116128869216,0.0,0.7250732456227624,0.7250732456227624,0.0,0.0,0.0,1.0,0.141,0.0,0.0,0.0,0.0,0.0,0.0,0.0,0.0,0.0,82.8,0.0,0.0,17.2,75,75.0
dapper_no_degraded_reuse,outage,119,100.0,1000,22.656677908601893,33.91171521678669,34.75114687292188,34.958309682176704,22.656677908601893,0.0,0.723841129946911,0.723841129946911,0.0,0.0,0.0,1.0,0.103,0.0,0.0,0.0,0.0,0.0,0.0,0.0,0.0,0.0,88.3,0.0,0.0,11.700000000000001,73,73.0
dapper_no_degraded_reuse,outage,120,100.0,1000,21.507598091470538,33.76364411316356,34.74023329445118,34.99928906391148,21.507598091470538,0.0,0.7257119699613461,0.7257119699613461,0.0,0.0,0.0,1.0,0.139,0.0,0.0,0.0,0.0,0.0,0.0,0.0,0.0,0.0,83.89999999999999,0.0,0.0,16.1,95,95.0
dapper_no_degraded_reuse,outage,121,100.0,1000,22.434659059398903,34.00454747889434,34.70640452393175,34.94382633902894,22.434659059398903,0.0,0.7258124168813749,0.7258124168813749,0.0,0.0,0.0,1.0,0.125,0.0,0.0,0.0,0.0,0.0,0.0,0.0,0.0,0.0,85.39999999999999,0.0,0.0,14.6,82,82.0
dapper_no_degraded_reuse,outage,122,100.0,1000,21.707872259267155,33.586836598004204,34.83601820338085,34.986643071399804,21.707872259267155,0.0,0.7228735106621154,0.7228735106621154,0.0,0.0,0.0,1.0,0.133,0.0,0.0,0.0,0.0,0.0,0.0,0.0,0.0,0.0,84.1,0.0,0.0,15.9,71,71.0
dapper_no_degraded_reuse,outage,123,100.0,1000,21.794922306582404,33.60016612771808,34.76988425816984,34.97435269210599,21.794922306582404,0.0,0.7251950471654909,0.7251950471654909,0.0,0.0,0.0,1.0,0.132,0.0,0.0,0.0,0.0,0.0,0.0,0.0,0.0,0.0,84.1,0.0,0.0,15.9,83,83.0
dapper_no_degraded_reuse,outage,124,100.0,1000,22.100687370106797,33.914037107785475,34.744990010384385,34.95517797561206,22.100687370106797,0.0,0.7276754479859942,0.7276754479859942,0.0,0.0,0.0,1.0,0.127,0.0,0.0,0.0,0.0,0.0,0.0,0.0,0.0,0.0,84.89999999999999,0.0,0.0,15.1,91,91.0
dapper_no_degraded_reuse,outage,125,100.0,1000,22.1364756948843,33.92154834823462,34.65114297731282,34.97323235440945,22.1364756948843,0.0,0.724311117854578,0.724311117854578,0.0,0.0,0.0,1.0,0.112,0.0,0.0,0.0,0.0,0.0,0.0,0.0,0.0,0.0,86.8,0.0,0.0,13.200000000000001,87,87.0
dapper_no_degraded_reuse,outage,126,100.0,1000,22.03119922564225,33.819398151777506,34.74229474332139,34.99530404733341,22.03119922564225,0.0,0.7257402270821488,0.7257402270821488,0.0,0.0,0.0,1.0,0.127,0.0,0.0,0.0,0.0,0.0,0.0,0.0,0.0,0.0,85.0,0.0,0.0,15.0,95,95.0
dapper_no_degraded_reuse,outage,127,100.0,1000,21.480299435417077,33.73224538521925,34.57902779884395,34.985261757722654,21.480299435417077,0.0,0.7250883874548927,0.7250883874548927,0.0,0.0,0.0,1.0,0.141,0.0,0.0,0.0,0.0,0.0,0.0,0.0,0.0,0.0,82.89999999999999,0.0,0.0,17.1,76,76.0
dapper_no_degraded_reuse,outage,128,100.0,1000,21.926887289527606,33.87905465037074,34.836632068959624,34.998784469994746,21.926887289527606,0.0,0.7264817724418811,0.7264817724418811,0.0,0.0,0.0,1.0,0.119,0.0,0.0,0.0,0.0,0.0,0.0,0.0,0.0,0.0,86.4,0.0,0.0,13.600000000000001,87,87.0
dapper_no_degraded_reuse,outage,129,100.0,1000,20.950005036297767,33.25342175652248,34.620175414084976,34.97529884555047,20.950005036297767,0.0,0.7246195032775364,0.7246195032775364,0.0,0.0,0.0,1.0,0.157,0.0,0.0,0.0,0.0,0.0,0.0,0.0,0.0,0.0,81.6,0.0,0.0,18.4,87,87.0
dapper_no_degraded_reuse,stable,100,100.0,1000,25.279403323317702,33.96035223762113,34.73962355895296,34.988775105687154,51.53514833678389,0.0,0.7265268897628933,0.792417917211626,21350.0,21.35,21350.0,0.0,0.0,0.0,0.854,0.9918032786885246,0.4953161592505855,0.423,0.4964871194379391,0.0,0.00819672131147541,0.0,14.6,0.0,85.39999999999999,0.0,259,259.0
dapper_no_degraded_reuse,stable,101,100.0,1000,24.820657080469697,33.96040511204254,34.788072376532675,34.99828909781833,53.53675771177409,0.0,0.7249338588619687,0.7978649635318986,21700.0,21.7,21700.0,0.0,0.0,0.0,0.868,0.9896313364055299,0.5288018433179723,0.459,0.4608294930875576,0.0,0.010368663594470046,0.0,13.200000000000001,0.0,86.8,0.0,231,231.0
dapper_no_degraded_reuse,stable,102,100.0,1000,24.835880473076735,33.70682378335116,34.74818297607158,34.965240972972765,51.8627260021259,0.0,0.727324394359075,0.800034845226407,20900.0,20.9,20900.0,0.0,0.0,0.0,0.836,0.992822966507177,0.5263157894736842,0.44,0.4665071770334928,0.0,0.007177033492822967,0.0,16.400000000000002,0.0,83.6,0.0,284,284.0
dapper_no_degraded_reuse,stable,103,100.0,1000,24.972078044518216,34.293187186352334,34.89307765319619,34.99802137082616,53.372703891643845,0.0,0.7236659440861409,0.7991290672988378,21525.0,21.525,21525.0,0.0,0.0,0.0,0.861,0.9883855981416957,0.5342624854819977,0.46,0.454123112659698,0.0,0.011614401858304297,0.0,13.900000000000002,0.0,86.1,0.0,237,237.0
dapper_no_degraded_reuse,stable,104,100.0,1000,24.98622097286207,33.860115377670134,34.74837408619961,34.98656616097203,51.037343944723006,0.0,0.7240926018777877,0.7898578469524961,21900.0,21.9,21900.0,0.0,0.0,0.0,0.876,0.9920091324200914,0.4794520547945205,0.42,0.5125570776255708,0.0,0.007990867579908675,0.0,12.4,0.0,87.6,0.0,220,220.0
dapper_no_degraded_reuse,stable,105,100.0,1000,24.85634769037545,33.82025179084476,34.62504012903672,34.93314580405199,51.59710330911793,0.0,0.7262361051095783,0.7959250227091806,21250.0,21.25,21250.0,0.0,0.0,0.0,0.85,0.9905882352941177,0.5105882352941177,0.434,0.48,0.0,0.009411764705882352,0.0,15.0,0.0,85.0,0.0,256,256.0
dapper_no_degraded_reuse,stable,106,100.0,1000,24.716410963251104,33.86074949026578,34.68730165917939,34.933586993197196,52.69637342008328,0.0,0.7229428904328138,0.7962430814491968,21425.0,21.425,21425.0,0.0,0.0,0.0,0.857,0.9918319719953326,0.5227537922987164,0.448,0.4690781796966161,0.0,0.008168028004667444,0.0,14.299999999999999,0.0,85.7,0.0,252,252.0
dapper_no_degraded_reuse,stable,107,100.0,1000,24.88557902804772,33.83424628214373,34.89267109559948,34.9936438529993,53.380353744565205,0.0,0.7245133185042392,0.7993133636844371,22025.0,22.025,22025.0,0.0,0.0,0.0,0.881,0.9886492622020431,0.5187287173666288,0.457,0.4699205448354143,0.0,0.011350737797956867,0.0,11.899999999999999,0.0,88.1,0.0,198,198.0
dapper_no_degraded_reuse,stable,108,100.0,1000,25.235897183714567,34.2868707566229,34.87218349603604,34.989690121554816,51.92467360201944,0.0,0.7254394152220247,0.7967132376294662,21500.0,21.5,21500.0,0.0,0.0,0.0,0.86,0.9872093023255814,0.5023255813953489,0.432,0.4848837209302326,0.0,0.012790697674418604,0.0,14.000000000000002,0.0,86.0,0.0,231,231.0
dapper_no_degraded_reuse,stable,109,100.0,1000,25.268964708760926,34.15910526808331,34.79620852522923,34.94284900848466,51.53790445445115,0.0,0.7225069831603355,0.7908717000411818,21775.0,21.775,21775.0,0.0,0.0,0.0,0.871,0.9850746268656716,0.4845005740528129,0.422,0.5005740528128588,0.0,0.014925373134328358,0.0,12.9,0.0,87.1,0.0,228,228.0
dapper_no_degraded_reuse,stable,110,100.0,1000,24.978043487255007,33.957417382454665,34.80033649104111,34.99011804008187,51.64725260956925,0.0,0.7239727698806182,0.7935801521646344,21400.0,21.4,21400.0,0.0,0.0,0.0,0.856,0.985981308411215,0.5035046728971962,0.431,0.4824766355140187,0.0,0.014018691588785047,0.0,14.399999999999999,0.0,85.6,0.0,261,261.0
dapper_no_degraded_reuse,stable,111,100.0,1000,25.491345575881343,33.99942489704205,34.77294614292747,34.98882482505357,52.77932606666301,0.0,0.7264559107913696,0.7988751227250941,20975.0,20.975,20975.0,0.0,0.0,0.0,0.839,0.9916567342073898,0.5256257449344458,0.441,0.466030989272944,0.0,0.00834326579261025,0.0,16.1,0.0,83.89999999999999,0.0,276,276.0
dapper_no_degraded_reuse,stable,112,100.0,1000,25.044635098675773,33.93678625080242,34.80594764992258,34.978994945141224,52.774438295965986,0.0,0.7245903067601731,0.7942867336915719,21700.0,21.7,21700.0,0.0,0.0,0.0,0.868,0.9919354838709677,0.5103686635944701,0.443,0.4815668202764977,0.0,0.008064516129032258,0.0,13.200000000000001,0.0,86.8,0.0,220,220.0
dapper_no_degraded_reuse,stable,113,100.0,1000,24.924957379086543,33.92528008813723,34.852479041190236,34.99387303551587,50.565197370598845,0.0,0.725184772552611,0.7910288053494875,21600.0,21.6,21600.0,0.0,0.0,0.0,0.864,0.9826388888888888,0.48032407407407407,0.415,0.5023148148148148,0.0,0.017361111111111112,0.0,13.600000000000001,0.0,86.4,0.0,239,239.0
dapper_no_degraded_reuse,stable,114,100.0,1000,25.128438548268,33.86993382489312,34.786318253661975,34.99771913787838,53.866453690073165,0.0,0.7237524930795687,0.7977940224588013,21900.0,21.9,21900.0,0.0,0.0,0.0,0.876,0.9908675799086758,0.5308219178082192,0.465,0.4600456621004566,0.0,0.0091324200913242,0.0,12.4,0.0,87.6,0.0,214,214.0
dapper_no_degraded_reuse,stable,115,100.0,1000,25.094705607799348,34.162413089123824,34.74465384721523,34.970565607066455,51.94937303752475,0.0,0.7245886848920773,0.7944537871206474,21750.0,21.75,21750.0,0.0,0.0,0.0,0.87,0.9873563218390805,0.5011494252873563,0.436,0.4862068965517241,0.0,0.01264367816091954,0.0,13.0,0.0,87.0,0.0,219,219.0
dapper_no_degraded_reuse,stable,116,100.0,1000,25.028301912688907,34.05041769477859,34.88445460350265,34.99403448766891,54.211607535281885,0.0,0.7244573126145593,0.798391101095973,21750.0,21.75,21750.0,0.0,0.0,0.0,0.87,0.9942528735632183,0.5448275862068965,0.474,0.4494252873563218,0.0,0.005747126436781609,0.0,13.0,0.0,87.0,0.0,221,221.0
dapper_no_degraded_reuse,stable,117,100.0,1000,24.997182216762514,33.94211020128963,34.806950360419165,34.98156739475102,51.94396103000347,0.0,0.7238166310991714,0.7935256482510197,21850.0,21.85,21850.0,0.0,0.0,0.0,0.874,0.9862700228832952,0.4897025171624714,0.428,0.4965675057208238,0.0,0.013729977116704805,0.0,12.6,0.0,87.4,0.0,226,226.0
dapper_no_degraded_reuse,stable,118,100.0,1000,25.026589048763064,34.146334679362305,34.835239525322194,34.964244111574146,52.20873167600773,0.0,0.7280528994609765,0.7960765304196257,21475.0,21.475,21475.0,0.0,0.0,0.0,0.859,0.9906868451688009,0.5075669383003493,0.436,0.4831199068684517,0.0,0.009313154831199068,0.0,14.099999999999998,0.0,85.9,0.0,244,244.0
dapper_no_degraded_reuse,stable,119,100.0,1000,24.80107188012856,34.00280379558126,34.81754573602827,34.936826663719394,53.78667209236602,0.0,0.7243707963012889,0.799875204249307,21925.0,21.925,21925.0,0.0,0.0,0.0,0.877,0.9874572405929305,0.5324971493728621,0.467,0.4549600912200684,0.0,0.012542759407069556,0.0,12.3,0.0,87.7,0.0,228,228.0
dapper_no_degraded_reuse,stable,120,100.0,1000,25.000139802139184,33.83887438020657,34.75482963071029,34.96519781982063,52.586658253654925,0.0,0.7247996031934949,0.7950348677637523,21800.0,21.8,21800.0,0.0,0.0,0.0,0.872,0.9839449541284404,0.5103211009174312,0.445,0.4736238532110092,0.0,0.016055045871559634,0.0,12.8,0.0,87.2,0.0,212,212.0
dapper_no_degraded_reuse,stable,121,100.0,1000,24.870142370806825,34.08802278656587,34.79782372711737,34.96061084968983,51.218892289603616,0.0,0.7235062491591376,0.7917923991779289,21800.0,21.8,21800.0,0.0,0.0,0.0,0.872,0.9862385321100917,0.48394495412844035,0.422,0.5022935779816514,0.0,0.013761467889908258,0.0,12.8,0.0,87.2,0.0,219,219.0
dapper_no_degraded_reuse,stable,122,100.0,1000,24.829111935230273,33.958468133447,34.74506049633189,34.924143640943036,53.271418624119164,0.0,0.7259117747422895,0.7982645293058339,21950.0,21.95,21950.0,0.0,0.0,0.0,0.878,0.9886104783599089,0.5148063781321185,0.452,0.47380410022779046,0.0,0.011389521640091117,0.0,12.2,0.0,87.8,0.0,200,200.0
dapper_no_degraded_reuse,stable,123,100.0,1000,25.35470141463279,34.01400394209814,34.728637206489786,34.90743937957425,51.64158095400979,0.0,0.7231039957478556,0.7928850748486099,22225.0,22.225,22225.0,0.0,0.0,0.0,0.889,0.9820022497187851,0.4769403824521935,0.424,0.5050618672665916,0.0,0.01799775028121485,0.0,11.1,0.0,88.9,0.0,196,196.0
dapper_no_degraded_reuse,stable,124,100.0,1000,25.00583269004324,34.03261405514325,34.80612955591713,34.95256595801938,50.8126236179597,0.0,0.7270004160651047,0.7942088997255117,21000.0,21.0,21000.0,0.0,0.0,0.0,0.84,0.9928571428571429,0.49642857142857144,0.417,0.49642857142857144,0.0,0.007142857142857143,0.0,16.0,0.0,84.0,0.0,280,280.0
dapper_no_degraded_reuse,stable,125,100.0,1000,24.9867591189863,33.982185709447386,34.8021659840167,34.99165214842439,53.959249959158115,0.0,0.7268533605073024,0.7989657788847586,21650.0,21.65,21650.0,0.0,0.0,0.0,0.866,0.9919168591224018,0.5323325635103926,0.461,0.45958429561200925,0.0,0.008083140877598153,0.0,13.4,0.0,86.6,0.0,238,238.0
dapper_no_degraded_reuse,stable,126,100.0,1000,24.628886386363657,33.70638744138536,34.672811784104226,34.983867296625746,53.134621864449656,0.0,0.726794351381784,0.8009463128693688,21175.0,21.175,21175.0,0.0,0.0,0.0,0.847,0.9881936245572609,0.5419126328217237,0.459,0.4462809917355372,0.0,0.011806375442739079,0.0,15.299999999999999,0.0,84.7,0.0,252,252.0
dapper_no_degraded_reuse,stable,127,100.0,1000,25.164646066804526,34.17312143282042,34.80106095916998,34.970740898815485,54.30743225703345,0.0,0.7237258806201099,0.7969399991420358,22125.0,22.125,22125.0,0.0,0.0,0.0,0.885,0.9909604519774011,0.5276836158192091,0.467,0.4632768361581921,0.0,0.00903954802259887,0.0,11.5,0.0,88.5,0.0,207,207.0
dapper_no_degraded_reuse,stable,128,100.0,1000,25.178185128090664,33.92859815320874,34.67968897440042,34.972660274630584,53.589153958153254,0.0,0.7271450910033325,0.7988558762020542,21425.0,21.425,21425.0,0.0,0.0,0.0,0.857,0.9836639439906651,0.5309218203033839,0.455,0.45274212368728123,0.0,0.01633605600933489,0.0,14.299999999999999,0.0,85.7,0.0,237,237.0
dapper_no_degraded_reuse,stable,129,100.0,1000,25.217209562918274,34.07064808785484,34.83459462785327,34.9933571344785,53.065152250426124,0.0,0.722736266433297,0.7957788932941594,21825.0,21.825,21825.0,0.0,0.0,0.0,0.873,0.9896907216494846,0.5131729667812142,0.448,0.4765177548682703,0.0,0.010309278350515464,0.0,12.7,0.0,87.3,0.0,214,214.0
