deadline_sweep_ms,remote_deadline_margin,profile,policy,metric,mean,std,ci_lo,ci_hi,n_seeds
100.0,0.2,stable,dapper,deadline_miss_rate,0.0,0.0,0.0,0.0,30
100.0,0.2,stable,dapper,p95_latency_ms,33.984265110354684,0.14612908292769589,33.9343159514038,34.036015368498674,30
100.0,0.2,stable,dapper,p99_latency_ms,34.78401367177919,0.06560311317343774,34.76065987728268,34.806824911760046,30
100.0,0.2,stable,dapper,mean_latency_ms,25.02027748999063,0.19474756789946776,24.952896569039584,25.094599531312916,30
100.0,0.2,stable,dapper,usable_confidence_proxy,0.7959976928158301,0.0030581965746421004,0.7949187491188087,0.7970282591916404,30
100.0,0.2,stable,dapper,mean_output_confidence,0.7249667322554326,0.0015304909747104968,0.7244513387101592,0.7255071023390036,30
100.0,0.2,stable,dapper,bandwidth_per_1000_frames_kb,21621.666666666668,335.8425671130112,21501.645833333336,21735.0,30
100.0,0.2,stable,dapper,remote_attempt_rate,0.8648666666666667,0.013433702684520463,0.8600658333333333,0.8694,30
100.0,0.2,stable,dapper,remote_accept_rate,0.5119299636219802,0.019710509684781493,0.5048710537106218,0.5185291640553195,30
100.0,0.2,stable,dapper,remote_accepted_per_frame,0.4427,0.01712862093609448,0.43670000000000003,0.44869999999999993,30
100.0,0.2,stable,dapper,remote_rejected_deadline_rate,0.47690963533308023,0.018550469460783117,0.47058399999723577,0.48349712111243753,30
100.0,0.2,stable,dapper,remote_failed_loss_rate,0.011160401044939667,0.0032782175425864904,0.010069906399418155,0.012335025962814114,30
100.0,0.2,stable,dapper,fallback_rate,0.0,0.0,0.0,0.0,30
100.0,0.2,stable,dapper,reuse_rate,0.0,0.0,0.0,0.0,30
100.0,0.2,stable,dapper,stale_acceptance_rate,0.0,0.0,0.0,0.0,30
100.0,0.2,stable,dapper,mode_switches_per_1000,233.3,23.550605819867112,225.26666666666668,241.90083333333334,30
100.0,0.2,stable,dapper,pct_local_fast,13.513333333333334,1.3433702684520452,13.06,13.993416666666668,30
100.0,0.2,stable,dapper,pct_edge_accurate,0.0,0.0,0.0,0.0,30
100.0,0.2,stable,dapper,pct_hybrid,86.48666666666666,1.3433702684520459,86.00658333333332,86.93999999999998,30
100.0,0.2,stable,dapper,pct_degraded_safe,0.0,0.0,0.0,0.0,30
100.0,0.2,congested,dapper,deadline_miss_rate,0.0,0.0,0.0,0.0,30
100.0,0.2,congested,dapper,p95_latency_ms,33.93663339562628,0.10384597263558462,33.89863800925726,33.97238476351824,30
100.0,0.2,congested,dapper,p99_latency_ms,34.76774120719711,0.0574407179719229,34.74658413465894,34.7871629365586,30
100.0,0.2,congested,dapper,mean_latency_ms,24.831886454720813,0.19570763546815947,24.76464899629824,24.902166867111045,30
100.0,0.2,congested,dapper,usable_confidence_proxy,0.724962592880273,0.001562881778886257,0.7244059800112123,0.7255382569621288,30
100.0,0.2,congested,dapper,mean_output_confidence,0.724962592880273,0.001562881778886257,0.7244059800112123,0.7255382569621288,30
100.0,0.2,congested,dapper,bandwidth_per_1000_frames_kb,2.5,7.628214415734117,0.0,5.833333333333333,30
100.0,0.2,congested,dapper,remote_attempt_rate,0.0001,0.00030512857662936464,0.0,0.00023333333333333333,30
100.0,0.2,congested,dapper,remote_accept_rate,0.0,0.0,0.0,0.0,30
100.0,0.2,congested,dapper,remote_accepted_per_frame,0.0,0.0,0.0,0.0,30
100.0,0.2,congested,dapper,remote_rejected_deadline_rate,0.1,0.30512857662936466,0.0,0.23333333333333334,30
100.0,0.2,congested,dapper,remote_failed_loss_rate,0.0,0.0,0.0,0.0,30
100.0,0.2,congested,dapper,fallback_rate,0.007433333333333334,0.0027628487713469464,0.006500000000000001,0.008433333333333336,30
100.0,0.2,congested,dapper,reuse_rate,0.007433333333333334,0.0027628487713469464,0.006500000000000001,0.008433333333333336,30
100.0,0.2,congested,dapper,stale_acceptance_rate,0.0,0.0,0.0,0.0,30
100.0,0.2,congested,dapper,mode_switches_per_1000,12.133333333333333,4.032055463949847,10.733333333333333,13.533333333333333,30
100.0,0.2,congested,dapper,pct_local_fast,99.24666666666667,0.28494806947731727,99.14333333333335,99.34333333333335,30
100.0,0.2,congested,dapper,pct_edge_accurate,0.0,0.0,0.0,0.0,30
100.0,0.2,congested,dapper,pct_hybrid,0.010000000000000002,0.030512857662936467,0.0,0.02333333333333333,30
100.0,0.2,congested,dapper,pct_degraded_safe,0.7433333333333334,0.2762848771346947,0.6499999999999999,0.8433333333333334,30
100.0,0.2,lossy,dapper,deadline_miss_rate,0.0,0.0,0.0,0.0,30
100.0,0.2,lossy,dapper,p95_latency_ms,34.012278154614826,0.12120943376607804,33.96820622195287,34.05448763655662,30
100.0,0.2,lossy,dapper,p99_latency_ms,34.80546807570768,0.06143547890706443,34.78316485257998,34.826772350222946,30
100.0,0.2,lossy,dapper,mean_latency_ms,25.003209635014095,0.15974262798343122,24.94828249795479,25.06142062043607,30
100.0,0.2,lossy,dapper,usable_confidence_proxy,0.7405908249005024,0.0021791822011149593,0.7398410541525798,0.7414035181047496,30
100.0,0.2,lossy,dapper,mean_output_confidence,0.7247968267120143,0.001322250002252836,0.724324432482122,0.7252569980501671,30
100.0,0.2,lossy,dapper,bandwidth_per_1000_frames_kb,18126.666666666668,439.9222763118529,17974.145833333336,18280.854166666664,30
100.0,0.2,lossy,dapper,remote_attempt_rate,0.7250666666666666,0.017596891052474133,0.7189658333333333,0.7312341666666669,30
100.0,0.2,lossy,dapper,remote_accept_rate,0.13679093773844395,0.013577245742963,0.13191884518259378,0.14162339878389738,30
100.0,0.2,lossy,dapper,remote_accepted_per_frame,0.0992,0.010347080214510624,0.09549916666666665,0.10293333333333334,30
100.0,0.2,lossy,dapper,remote_rejected_deadline_rate,0.6753218499411897,0.02119149299989947,0.6676396061194204,0.6827484105054069,30
100.0,0.2,lossy,dapper,remote_failed_loss_rate,0.1878872123203663,0.01734266639357781,0.18157678395727622,0.1940945488078968,30
100.0,0.2,lossy,dapper,fallback_rate,0.0,0.0,0.0,0.0,30
100.0,0.2,lossy,dapper,reuse_rate,0.0,0.0,0.0,0.0,30
100.0,0.2,lossy,dapper,stale_acceptance_rate,0.0,0.0,0.0,0.0,30
100.0,0.2,lossy,dapper,mode_switches_per_1000,363.26666666666665,20.082473630667035,356.2,370.46666666666664,30
100.0,0.2,lossy,dapper,pct_local_fast,27.493333333333332,1.7596891052474113,26.87658333333333,28.103416666666664,30
100.0,0.2,lossy,dapper,pct_edge_accurate,0.0,0.0,0.0,0.0,30
100.0,0.2,lossy,dapper,pct_hybrid,72.50666666666667,1.759689105247415,71.89658333333333,73.12341666666669,30
100.0,0.2,lossy,dapper,pct_degraded_safe,0.0,0.0,0.0,0.0,30
100.0,0.2,variable,dapper,deadline_miss_rate,0.0,0.0,0.0,0.0,30
100.0,0.2,variable,dapper,p95_latency_ms,33.74407704498113,0.2126750836043015,33.67003978984998,33.81916560257354,30
100.0,0.2,variable,dapper,p99_latency_ms,34.714468841675405,0.09257023559024172,34.679345892530314,34.74441433608218,30
100.0,0.2,variable,dapper,mean_latency_ms,20.905161109397675,0.7368320428921273,20.650185695044428,21.16334665084393,30
100.0,0.2,variable,dapper,usable_confidence_proxy,0.731537829380306,0.002505299049290559,0.7306391558488198,0.7323760019224644,30
100.0,0.2,variable,dapper,mean_output_confidence,0.7256041346457223,0.001953260708744225,0.7249268098645119,0.7262791294460033,30
100.0,0.2,variable,dapper,bandwidth_per_1000_frames_kb,5777.5,618.9308774285564,5560.791666666666,5989.229166666666,30
100.0,0.2,variable,dapper,remote_attempt_rate,0.2311,0.02475723509714226,0.22243166666666667,0.23956916666666667,30
100.0,0.2,variable,dapper,remote_accept_rate,0.1593225904647559,0.030227815733317422,0.14854986769116424,0.16977120142322374,30
100.0,0.2,variable,dapper,remote_accepted_per_frame,0.03679999999999999,0.008243701880202556,0.03400000000000001,0.03976666666666666,30
100.0,0.2,variable,dapper,remote_rejected_deadline_rate,0.7687412516943987,0.03144991902511748,0.7573523738018126,0.7796160282186023,30
100.0,0.2,variable,dapper,remote_failed_loss_rate,0.07193615784084549,0.016135950496985536,0.06638961513178773,0.07778178250251701,30
100.0,0.2,variable,dapper,fallback_rate,0.21943333333333334,0.040132266950356946,0.20549999999999996,0.23376666666666665,30
100.0,0.2,variable,dapper,reuse_rate,0.16830000000000003,0.030488154850808802,0.15770000000000003,0.17916666666666664,30
100.0,0.2,variable,dapper,stale_acceptance_rate,0.0,0.0,0.0,0.0,30
100.0,0.2,variable,dapper,mode_switches_per_1000,315.43333333333334,16.716053265696694,309.5991666666667,321.56666666666666,30
100.0,0.2,variable,dapper,pct_local_fast,60.05999999999999,2.943326759602662,59.00658333333334,61.09666666666667,30
100.0,0.2,variable,dapper,pct_edge_accurate,0.0,0.0,0.0,0.0,30
100.0,0.2,variable,dapper,pct_hybrid,23.11,2.475723509714226,22.243166666666664,23.956916666666668,30
100.0,0.2,variable,dapper,pct_degraded_safe,16.83,3.0488154850808806,15.770000000000003,17.916666666666668,30
100.0,0.2,outage,dapper,deadline_miss_rate,0.0,0.0,0.0,0.0,30
100.0,0.2,outage,dapper,p95_latency_ms,31.18838425196936,0.5009047087578914,31.014573146138307,31.359947063348404,30
100.0,0.2,outage,dapper,p99_latency_ms,34.18711647171901,0.2345203938192105,34.10222418561493,34.27049382149214,30
100.0,0.2,outage,dapper,mean_latency_ms,7.381609814192322,0.14348774576691167,7.331697649688182,7.433717812533078,30
100.0,0.2,outage,dapper,usable_confidence_proxy,0.7255264574970844,0.00273138929991575,0.7245230285258677,0.7264802357218441,30
100.0,0.2,outage,dapper,mean_output_confidence,0.7255264574970844,0.00273138929991575,0.7245230285258677,0.7264802357218441,30
100.0,0.2,outage,dapper,bandwidth_per_1000_frames_kb,0.0,0.0,0.0,0.0,30
100.0,0.2,outage,dapper,remote_attempt_rate,0.0,0.0,0.0,0.0,30
100.0,0.2,outage,dapper,remote_accept_rate,0.0,0.0,0.0,0.0,30
100.0,0.2,outage,dapper,remote_accepted_per_frame,0.0,0.0,0.0,0.0,30
100.0,0.2,outage,dapper,remote_rejected_deadline_rate,0.0,0.0,0.0,0.0,30
100.0,0.2,outage,dapper,remote_failed_loss_rate,0.0,0.0,0.0,0.0,30
100.0,0.2,outage,dapper,fallback_rate,1.0,0.0,1.0,1.0,30
100.0,0.2,outage,dapper,reuse_rate,0.7340333333333333,0.0029300268721061903,0.7329666666666668,0.7350333333333333,30
100.0,0.2,outage,dapper,stale_acceptance_rate,0.0,0.0,0.0,0.0,30
100.0,0.2,outage,dapper,mode_switches_per_1000,418.43333333333334,10.48375864860971,414.6666666666667,422.1333333333333,30
100.0,0.2,outage,dapper,pct_local_fast,22.63,0.6012343624749752,22.419916666666666,22.84333333333333,30
100.0,0.2,outage,dapper,pct_edge_accurate,0.0,0.0,0.0,0.0,30
100.0,0.2,outage,dapper,pct_hybrid,0.0,0.0,0.0,0.0,30
100.0,0.2,outage,dapper,pct_degraded_safe,77.36999999999999,0.6012343624749765,77.15666666666668,77.58008333333335,30
100.0,0.3,stable,dapper,deadline_miss_rate,0.0,0.0,0.0,0.0,30
100.0,0.3,stable,dapper,p95_latency_ms,33.984265110354684,0.14612908292769589,33.9343159514038,34.036015368498674,30
100.0,0.3,stable,dapper,p99_latency_ms,34.78401367177919,0.06560311317343774,34.76065987728268,34.806824911760046,30
100.0,0.3,stable,dapper,mean_latency_ms,25.02027748999063,0.19474756789946776,24.952896569039584,25.094599531312916,30
100.0,0.3,stable,dapper,usable_confidence_proxy,0.7959976928158301,0.0030581965746421004,0.7949187491188087,0.7970282591916404,30
100.0,0.3,stable,dapper,mean_output_confidence,0.7249667322554326,0.0015304909747104968,0.7244513387101592,0.7255071023390036,30
100.0,0.3,stable,dapper,bandwidth_per_1000_frames_kb,21621.666666666668,335.8425671130112,21501.645833333336,21735.0,30
100.0,0.3,stable,dapper,remote_attempt_rate,0.8648666666666667,0.013433702684520463,0.8600658333333333,0.8694,30
100.0,0.3,stable,dapper,remote_accept_rate,0.5119299636219802,0.019710509684781493,0.5048710537106218,0.5185291640553195,30
100.0,0.3,stable,dapper,remote_accepted_per_frame,0.4427,0.01712862093609448,0.43670000000000003,0.44869999999999993,30
100.0,0.3,stable,dapper,remote_rejected_deadline_rate,0.47690963533308023,0.018550469460783117,0.47058399999723577,0.48349712111243753,30
100.0,0.3,stable,dapper,remote_failed_loss_rate,0.011160401044939667,0.0032782175425864904,0.010069906399418155,0.012335025962814114,30
100.0,0.3,stable,dapper,fallback_rate,0.0,0.0,0.0,0.0,30
100.0,0.3,stable,dapper,reuse_rate,0.0,0.0,0.0,0.0,30
100.0,0.3,stable,dapper,stale_acceptance_rate,0.0,0.0,0.0,0.0,30
100.0,0.3,stable,dapper,mode_switches_per_1000,233.3,23.550605819867112,225.26666666666668,241.90083333333334,30
100.0,0.3,stable,dapper,pct_local_fast,13.513333333333334,1.3433702684520452,13.06,13.993416666666668,30
100.0,0.3,stable,dapper,pct_edge_accurate,0.0,0.0,0.0,0.0,30
100.0,0.3,stable,dapper,pct_hybrid,86.48666666666666,1.3433702684520459,86.00658333333332,86.93999999999998,30
100.0,0.3,stable,dapper,pct_degraded_safe,0.0,0.0,0.0,0.0,30
100.0,0.3,congested,dapper,deadline_miss_rate,0.0,0.0,0.0,0.0,30
100.0,0.3,congested,dapper,p95_latency_ms,33.93663339562628,0.10384597263558462,33.89863800925726,33.97238476351824,30
100.0,0.3,congested,dapper,p99_latency_ms,34.76774120719711,0.0574407179719229,34.74658413465894,34.7871629365586,30
100.0,0.3,congested,dapper,mean_latency_ms,24.831886454720813,0.19570763546815947,24.76464899629824,24.902166867111045,30
100.0,0.3,congested,dapper,usable_confidence_proxy,0.724962592880273,0.001562881778886257,0.7244059800112123,0.7255382569621288,30
100.0,0.3,congested,dapper,mean_output_confidence,0.724962592880273,0.001562881778886257,0.7244059800112123,0.7255382569621288,30
100.0,0.3,congested,dapper,bandwidth_per_1000_frames_kb,2.5,7.628214415734117,0.0,5.833333333333333,30
100.0,0.3,congested,dapper,remote_attempt_rate,0.0001,0.00030512857662936464,0.0,0.00023333333333333333,30
100.0,0.3,congested,dapper,remote_accept_rate,0.0,0.0,0.0,0.0,30
100.0,0.3,congested,dapper,remote_accepted_per_frame,0.0,0.0,0.0,0.0,30
100.0,0.3,congested,dapper,remote_rejected_deadline_rate,0.1,0.30512857662936466,0.0,0.23333333333333334,30
100.0,0.3,congested,dapper,remote_failed_loss_rate,0.0,0.0,0.0,0.0,30
100.0,0.3,congested,dapper,fallback_rate,0.007433333333333334,0.0027628487713469464,0.006500000000000001,0.008433333333333336,30
100.0,0.3,congested,dapper,reuse_rate,0.007433333333333334,0.0027628487713469464,0.006500000000000001,0.008433333333333336,30
100.0,0.3,congested,dapper,stale_acceptance_rate,0.0,0.0,0.0,0.0,30
100.0,0.3,congested,dapper,mode_switches_per_1000,12.133333333333333,4.032055463949847,10.733333333333333,13.533333333333333,30
100.0,0.3,congested,dapper,pct_local_fast,99.24666666666667,0.28494806947731727,99.14333333333335,99.34333333333335,30
100.0,0.3,congested,dapper,pct_edge_accurate,0.0,0.0,0.0,0.0,30
100.0,0.3,congested,dapper,pct_hybrid,0.010000000000000002,0.030512857662936467,0.0,0.02333333333333333,30
100.0,0.3,congested,dapper,pct_degraded_safe,0.7433333333333334,0.2762848771346947,0.6499999999999999,0.8433333333333334,30
100.0,0.3,lossy,dapper,deadline_miss_rate,0.0,0.0,0.0,0.0,30
100.0,0.3,lossy,dapper,p95_latency_ms,34.012278154614826,0.12120943376607804,33.96820622195287,34.05448763655662,30
100.0,0.3,lossy,dapper,p99_latency_ms,34.80546807570768,0.06143547890706443,34.78316485257998,34.826772350222946,30
100.0,0.3,lossy,dapper,mean_latency_ms,25.003209635014095,0.15974262798343122,24.94828249795479,25.06142062043607,30
100.0,0.3,lossy,dapper,usable_confidence_proxy,0.7405908249005024,0.0021791822011149593,0.7398410541525798,0.7414035181047496,30
100.0,0.3,lossy,dapper,mean_output_confidence,0.7247968267120143,0.001322250002252836,0.724324432482122,0.7252569980501671,30
100.0,0.3,lossy,dapper,bandwidth_per_1000_frames_kb,18126.666666666668,439.9222763118529,17974.145833333336,18280.854166666664,30
100.0,0.3,lossy,dapper,remote_attempt_rate,0.7250666666666666,0.017596891052474133,0.7189658333333333,0.7312341666666669,30
100.0,0.3,lossy,dapper,remote_accept_rate,0.13679093773844395,0.013577245742963,0.13191884518259378,0.14162339878389738,30
100.0,0.3,lossy,dapper,remote_accepted_per_frame,0.0992,0.010347080214510624,0.09549916666666665,0.10293333333333334,30
100.0,0.3,lossy,dapper,remote_rejected_deadline_rate,0.6753218499411897,0.02119149299989947,0.6676396061194204,0.6827484105054069,30
100.0,0.3,lossy,dapper,remote_failed_loss_rate,0.1878872123203663,0.01734266639357781,0.18157678395727622,0.1940945488078968,30
100.0,0.3,lossy,dapper,fallback_rate,0.0,0.0,0.0,0.0,30
100.0,0.3,lossy,dapper,reuse_rate,0.0,0.0,0.0,0.0,30
100.0,0.3,lossy,dapper,stale_acceptance_rate,0.0,0.0,0.0,0.0,30
100.0,0.3,lossy,dapper,mode_switches_per_1000,363.26666666666665,20.082473630667035,356.2,370.46666666666664,30
100.0,0.3,lossy,dapper,pct_local_fast,27.493333333333332,1.7596891052474113,26.87658333333333,28.103416666666664,30
100.0,0.3,lossy,dapper,pct_edge_accurate,0.0,0.0,0.0,0.0,30
100.0,0.3,lossy,dapper,pct_hybrid,72.50666666666667,1.759689105247415,71.89658333333333,73.12341666666669,30
100.0,0.3,lossy,dapper,pct_degraded_safe,0.0,0.0,0.0,0.0,30
100.0,0.3,variable,dapper,deadline_miss_rate,0.0,0.0,0.0,0.0,30
100.0,0.3,variable,dapper,p95_latency_ms,33.74407704498113,0.2126750836043015,33.67003978984998,33.81916560257354,30
100.0,0.3,variable,dapper,p99_latency_ms,34.714468841675405,0.09257023559024172,34.679345892530314,34.74441433608218,30
100.0,0.3,variable,dapper,mean_latency_ms,20.905161109397675,0.7368320428921273,20.650185695044428,21.16334665084393,30
100.0,0.3,variable,dapper,usable_confidence_proxy,0.731537829380306,0.002505299049290559,0.7306391558488198,0.7323760019224644,30
100.0,0.3,variable,dapper,mean_output_confidence,0.7256041346457223,0.001953260708744225,0.7249268098645119,0.7262791294460033,30
100.0,0.3,variable,dapper,bandwidth_per_1000_frames_kb,5777.5,618.9308774285564,5560.791666666666,5989.229166666666,30
100.0,0.3,variable,dapper,remote_attempt_rate,0.2311,0.02475723509714226,0.22243166666666667,0.23956916666666667,30
100.0,0.3,variable,dapper,remote_accept_rate,0.1593225904647559,0.030227815733317422,0.14854986769116424,0.16977120142322374,30
100.0,0.3,variable,dapper,remote_accepted_per_frame,0.03679999999999999,0.008243701880202556,0.03400000000000001,0.03976666666666666,30
100.0,0.3,variable,dapper,remote_rejected_deadline_rate,0.7687412516943987,0.03144991902511748,0.7573523738018126,0.7796160282186023,30
100.0,0.3,variable,dapper,remote_failed_loss_rate,0.07193615784084549,0.016135950496985536,0.06638961513178773,0.07778178250251701,30
100.0,0.3,variable,dapper,fallback_rate,0.21943333333333334,0.040132266950356946,0.20549999999999996,0.23376666666666665,30
100.0,0.3,variable,dapper,reuse_rate,0.16830000000000003,0.030488154850808802,0.15770000000000003,0.17916666666666664,30
100.0,0.3,variable,dapper,stale_acceptance_rate,0.0,0.0,0.0,0.0,30
100.0,0.3,variable,dapper,mode_switches_per_1000,315.43333333333334,16.716053265696694,309.5991666666667,321.56666666666666,30
100.0,0.3,variable,dapper,pct_local_fast,60.05999999999999,2.943326759602662,59.00658333333334,61.09666666666667,30
100.0,0.3,variable,dapper,pct_edge_accurate,0.0,0.0,0.0,0.0,30
100.0,0.3,variable,dapper,pct_hybrid,23.11,2.475723509714226,22.243166666666664,23.956916666666668,30
100.0,0.3,variable,dapper,pct_degraded_safe,16.83,3.0488154850808806,15.770000000000003,17.916666666666668,30
100.0,0.3,outage,dapper,deadline_miss_rate,0.0,0.0,0.0,0.0,30
100.0,0.3,outage,dapper,p95_latency_ms,31.18838425196936,0.5009047087578914,31.014573146138307,31.359947063348404,30
100.0,0.3,outage,dapper,p99_latency_ms,34.18711647171901,0.2345203938192105,34.10222418561493,34.27049382149214,30
100.0,0.3,outage,dapper,mean_latency_ms,7.381609814192322,0.14348774576691167,7.331697649688182,7.433717812533078,30
100.0,0.3,outage,dapper,usable_confidence_proxy,0.7255264574970844,0.00273138929991575,0.7245230285258677,0.7264802357218441,30
100.0,0.3,outage,dapper,mean_output_confidence,0.7255264574970844,0.00273138929991575,0.7245230285258677,0.7264802357218441,30
100.0,0.3,outage,dapper,bandwidth_per_1000_frames_kb,0.0,0.0,0.0,0.0,30
100.0,0.3,outage,dapper,remote_attempt_rate,0.0,0.0,0.0,0.0,30
100.0,0.3,outage,dapper,remote_accept_rate,0.0,0.0,0.0,0.0,30
100.0,0.3,outage,dapper,remote_accepted_per_frame,0.0,0.0,0.0,0.0,30
100.0,0.3,outage,dapper,remote_rejected_deadline_rate,0.0,0.0,0.0,0.0,30
100.0,0.3,outage,dapper,remote_failed_loss_rate,0.0,0.0,0.0,0.0,30
100.0,0.3,outage,dapper,fallback_rate,1.0,0.0,1.0,1.0,30
100.0,0.3,outage,dapper,reuse_rate,0.7340333333333333,0.0029300268721061903,0.7329666666666668,0.7350333333333333,30
100.0,0.3,outage,dapper,stale_acceptance_rate,0.0,0.0,0.0,0.0,30
100.0,0.3,outage,dapper,mode_switches_per_1000,418.43333333333334,10.48375864860971,414.6666666666667,422.1333333333333,30
100.0,0.3,outage,dapper,pct_local_fast,22.63,0.6012343624749752,22.419916666666666,22.84333333333333,30
100.0,0.3,outage,dapper,pct_edge_accurate,0.0,0.0,0.0,0.0,30
100.0,0.3,outage,dapper,pct_hybrid,0.0,0.0,0.0,0.0,30
100.0,0.3,outage,dapper,pct_degraded_safe,77.36999999999999,0.6012343624749765,77.15666666666668,77.58008333333335,30
100.0,0.4,stable,dapper,deadline_miss_rate,0.0,0.0,0.0,0.0,30
100.0,0.4,stable,dapper,p95_latency_ms,33.984265110354684,0.14612908292769589,33.9343159514038,34.036015368498674,30
100.0,0.4,stable,dapper,p99_latency_ms,34.78401367177919,0.06560311317343774,34.76065987728268,34.806824911760046,30
100.0,0.4,stable,dapper,mean_latency_ms,25.02027748999063,0.19474756789946776,24.952896569039584,25.094599531312916,30
100.0,0.4,stable,dapper,usable_confidence_proxy,0.7959976928158301,0.0030581965746421004,0.7949187491188087,0.7970282591916404,30
100.0,0.4,stable,dapper,mean_output_confidence,0.7249667322554326,0.0015304909747104968,0.7244513387101592,0.7255071023390036,30
100.0,0.4,stable,dapper,bandwidth_per_1000_frames_kb,21621.666666666668,335.8425671130112,21501.645833333336,21735.0,30
100.0,0.4,stable,dapper,remote_attempt_rate,0.8648666666666667,0.013433702684520463,0.8600658333333333,0.8694,30
100.0,0.4,stable,dapper,remote_accept_rate,0.5119299636219802,0.019710509684781493,0.5048710537106218,0.5185291640553195,30
100.0,0.4,stable,dapper,remote_accepted_per_frame,0.4427,0.01712862093609448,0.43670000000000003,0.44869999999999993,30
100.0,0.4,stable,dapper,remote_rejected_deadline_rate,0.47690963533308023,0.018550469460783117,0.47058399999723577,0.48349712111243753,30
100.0,0.4,stable,dapper,remote_failed_loss_rate,0.011160401044939667,0.0032782175425864904,0.010069906399418155,0.012335025962814114,30
100.0,0.4,stable,dapper,fallback_rate,0.0,0.0,0.0,0.0,30
100.0,0.4,stable,dapper,reuse_rate,0.0,0.0,0.0,0.0,30
100.0,0.4,stable,dapper,stale_acceptance_rate,0.0,0.0,0.0,0.0,30
100.0,0.4,stable,dapper,mode_switches_per_1000,233.3,23.550605819867112,225.26666666666668,241.90083333333334,30
100.0,0.4,stable,dapper,pct_local_fast,13.513333333333334,1.3433702684520452,13.06,13.993416666666668,30
100.0,0.4,stable,dapper,pct_edge_accurate,0.0,0.0,0.0,0.0,30
100.0,0.4,stable,dapper,pct_hybrid,86.48666666666666,1.3433702684520459,86.00658333333332,86.93999999999998,30
100.0,0.4,stable,dapper,pct_degraded_safe,0.0,0.0,0.0,0.0,30
100.0,0.4,congested,dapper,deadline_miss_rate,0.0,0.0,0.0,0.0,30
100.0,0.4,congested,dapper,p95_latency_ms,33.93663339562628,0.10384597263558462,33.89863800925726,33.97238476351824,30
100.0,0.4,congested,dapper,p99_latency_ms,34.76774120719711,0.0574407179719229,34.74658413465894,34.7871629365586,30
100.0,0.4,congested,dapper,mean_latency_ms,24.831886454720813,0.19570763546815947,24.76464899629824,24.902166867111045,30
100.0,0.4,congested,dapper,usable_confidence_proxy,0.724962592880273,0.001562881778886257,0.7244059800112123,0.7255382569621288,30
100.0,0.4,congested,dapper,mean_output_confidence,0.724962592880273,0.001562881778886257,0.7244059800112123,0.7255382569621288,30
100.0,0.4,congested,dapper,bandwidth_per_1000_frames_kb,2.5,7.628214415734117,0.0,5.833333333333333,30
100.0,0.4,congested,dapper,remote_attempt_rate,0.0001,0.00030512857662936464,0.0,0.00023333333333333333,30
100.0,0.4,congested,dapper,remote_accept_rate,0.0,0.0,0.0,0.0,30
100.0,0.4,congested,dapper,remote_accepted_per_frame,0.0,0.0,0.0,0.0,30
100.0,0.4,congested,dapper,remote_rejected_deadline_rate,0.1,0.30512857662936466,0.0,0.23333333333333334,30
100.0,0.4,congested,dapper,remote_failed_loss_rate,0.0,0.0,0.0,0.0,30
100.0,0.4,congested,dapper,fallback_rate,0.007433333333333334,0.0027628487713469464,0.006500000000000001,0.008433333333333336,30
100.0,0.4,congested,dapper,reuse_rate,0.007433333333333334,0.0027628487713469464,0.006500000000000001,0.008433333333333336,30
100.0,0.4,congested,dapper,stale_acceptance_rate,0.0,0.0,0.0,0.0,30
100.0,0.4,congested,dapper,mode_switches_per_1000,12.133333333333333,4.032055463949847,10.733333333333333,13.533333333333333,30
100.0,0.4,congested,dapper,pct_local_fast,99.24666666666667,0.28494806947731727,99.14333333333335,99.34333333333335,30
100.0,0.4,congested,dapper,pct_edge_accurate,0.0,0.0,0.0,0.0,30
100.0,0.4,congested,dapper,pct_hybrid,0.010000000000000002,0.030512857662936467,0.0,0.02333333333333333,30
100.0,0.4,congested,dapper,pct_degraded_safe,0.7433333333333334,0.2762848771346947,0.6499999999999999,0.8433333333333334,30
100.0,0.4,lossy,dapper,deadline_miss_rate,0.0,0.0,0.0,0.0,30
100.0,0.4,lossy,dapper,p95_latency_ms,34.012278154614826,0.12120943376607804,33.96820622195287,34.05448763655662,30
100.0,0.4,lossy,dapper,p99_latency_ms,34.80546807570768,0.06143547890706443,34.78316485257998,34.826772350222946,30
100.0,0.4,lossy,dapper,mean_latency_ms,25.003209635014095,0.15974262798343122,24.94828249795479,25.06142062043607,30
100.0,0.4,lossy,dapper,usable_confidence_proxy,0.7405908249005024,0.0021791822011149593,0.7398410541525798,0.7414035181047496,30
100.0,0.4,lossy,dapper,mean_output_confidence,0.7247968267120143,0.001322250002252836,0.724324432482122,0.7252569980501671,30
100.0,0.4,lossy,dapper,bandwidth_per_1000_frames_kb,18126.666666666668,439.9222763118529,17974.145833333336,18280.854166666664,30
100.0,0.4,lossy,dapper,remote_attempt_rate,0.7250666666666666,0.017596891052474133,0.7189658333333333,0.7312341666666669,30
100.0,0.4,lossy,dapper,remote_accept_rate,0.13679093773844395,0.013577245742963,0.13191884518259378,0.14162339878389738,30
100.0,0.4,lossy,dapper,remote_accepted_per_frame,0.0992,0.010347080214510624,0.09549916666666665,0.10293333333333334,30
100.0,0.4,lossy,dapper,remote_rejected_deadline_rate,0.6753218499411897,0.02119149299989947,0.6676396061194204,0.6827484105054069,30
100.0,0.4,lossy,dapper,remote_failed_loss_rate,0.1878872123203663,0.01734266639357781,0.18157678395727622,0.1940945488078968,30
100.0,0.4,lossy,dapper,fallback_rate,0.0,0.0,0.0,0.0,30
100.0,0.4,lossy,dapper,reuse_rate,0.0,0.0,0.0,0.0,30
100.0,0.4,lossy,dapper,stale_acceptance_rate,0.0,0.0,0.0,0.0,30
100.0,0.4,lossy,dapper,mode_switches_per_1000,363.26666666666665,20.082473630667035,356.2,370.46666666666664,30
100.0,0.4,lossy,dapper,pct_local_fast,27.493333333333332,1.7596891052474113,26.87658333333333,28.103416666666664,30
100.0,0.4,lossy,dapper,pct_edge_accurate,0.0,0.0,0.0,0.0,30
100.0,0.4,lossy,dapper,pct_hybrid,72.50666666666667,1.759689105247415,71.89658333333333,73.12341666666669,30
100.0,0.4,lossy,dapper,pct_degraded_safe,0.0,0.0,0.0,0.0,30
100.0,0.4,variable,dapper,deadline_miss_rate,0.0,0.0,0.0,0.0,30
100.0,0.4,variable,dapper,p95_latency_ms,33.74407704498113,0.2126750836043015,33.67003978984998,33.81916560257354,30
100.0,0.4,variable,dapper,p99_latency_ms,34.714468841675405,0.09257023559024172,34.679345892530314,34.74441433608218,30
100.0,0.4,variable,dapper,mean_latency_ms,20.905161109397675,0.7368320428921273,20.650185695044428,21.16334665084393,30
100.0,0.4,variable,dapper,usable_confidence_proxy,0.731537829380306,0.002505299049290559,0.7306391558488198,0.7323760019224644,30
100.0,0.4,variable,dapper,mean_output_confidence,0.7256041346457223,0.001953260708744225,0.7249268098645119,0.7262791294460033,30
100.0,0.4,variable,dapper,bandwidth_per_1000_frames_kb,5777.5,618.9308774285564,5560.791666666666,5989.229166666666,30
100.0,0.4,variable,dapper,remote_attempt_rate,0.2311,0.02475723509714226,0.22243166666666667,0.23956916666666667,30
100.0,0.4,variable,dapper,remote_accept_rate,0.1593225904647559,0.030227815733317422,0.14854986769116424,0.16977120142322374,30
100.0,0.4,variable,dapper,remote_accepted_per_frame,0.03679999999999999,0.008243701880202556,0.03400000000000001,0.03976666666666666,30
100.0,0.4,variable,dapper,remote_rejected_deadline_rate,0.7687412516943987,0.03144991902511748,0.7573523738018126,0.7796160282186023,30
100.0,0.4,variable,dapper,remote_failed_loss_rate,0.07193615784084549,0.016135950496985536,0.06638961513178773,0.07778178250251701,30
100.0,0.4,variable,dapper,fallback_rate,0.21943333333333334,0.040132266950356946,0.20549999999999996,0.23376666666666665,30
100.0,0.4,variable,dapper,reuse_rate,0.16830000000000003,0.030488154850808802,0.15770000000000003,0.17916666666666664,30
100.0,0.4,variable,dapper,stale_acceptance_rate,0.0,0.0,0.0,0.0,30
100.0,0.4,variable,dapper,mode_switches_per_1000,315.43333333333334,16.716053265696694,309.5991666666667,321.56666666666666,30
100.0,0.4,variable,dapper,pct_local_fast,60.05999999999999,2.943326759602662,59.00658333333334,61.09666666666667,30
100.0,0.4,variable,dapper,pct_edge_accurate,0.0,0.0,0.0,0.0,30
100.0,0.4,variable,dapper,pct_hybrid,23.11,2.475723509714226,22.243166666666664,23.956916666666668,30
100.0,0.4,variable,dapper,pct_degraded_safe,16.83,3.0488154850808806,15.770000000000003,17.916666666666668,30
100.0,0.4,outage,dapper,deadline_miss_rate,0.0,0.0,0.0,0.0,30
100.0,0.4,outage,dapper,p95_latency_ms,31.18838425196936,0.5009047087578914,31.014573146138307,31.359947063348404,30
100.0,0.4,outage,dapper,p99_latency_ms,34.18711647171901,0.2345203938192105,34.10222418561493,34.27049382149214,30
100.0,0.4,outage,dapper,mean_latency_ms,7.381609814192322,0.14348774576691167,7.331697649688182,7.433717812533078,30
100.0,0.4,outage,dapper,usable_confidence_proxy,0.7255264574970844,0.00273138929991575,0.7245230285258677,0.7264802357218441,30
100.0,0.4,outage,dapper,mean_output_confidence,0.7255264574970844,0.00273138929991575,0.7245230285258677,0.7264802357218441,30
100.0,0.4,outage,dapper,bandwidth_per_1000_frames_kb,0.0,0.0,0.0,0.0,30
100.0,0.4,outage,dapper,remote_attempt_rate,0.0,0.0,0.0,0.0,30
100.0,0.4,outage,dapper,remote_accept_rate,0.0,0.0,0.0,0.0,30
100.0,0.4,outage,dapper,remote_accepted_per_frame,0.0,0.0,0.0,0.0,30
100.0,0.4,outage,dapper,remote_rejected_deadline_rate,0.0,0.0,0.0,0.0,30
100.0,0.4,outage,dapper,remote_failed_loss_rate,0.0,0.0,0.0,0.0,30
100.0,0.4,outage,dapper,fallback_rate,1.0,0.0,1.0,1.0,30
100.0,0.4,outage,dapper,reuse_rate,0.7340333333333333,0.0029300268721061903,0.7329666666666668,0.7350333333333333,30
100.0,0.4,outage,dapper,stale_acceptance_rate,0.0,0.0,0.0,0.0,30
100.0,0.4,outage,dapper,mode_switches_per_1000,418.43333333333334,10.48375864860971,414.6666666666667,422.1333333333333,30
100.0,0.4,outage,dapper,pct_local_fast,22.63,0.6012343624749752,22.419916666666666,22.84333333333333,30
100.0,0.4,outage,dapper,pct_edge_accurate,0.0,0.0,0.0,0.0,30
100.0,0.4,outage,dapper,pct_hybrid,0.0,0.0,0.0,0.0,30
100.0,0.4,outage,dapper,pct_degraded_safe,77.36999999999999,0.6012343624749765,77.15666666666668,77.58008333333335,30
100.0,0.5,stable,dapper,deadline_miss_rate,0.0,0.0,0.0,0.0,30
100.0,0.5,stable,dapper,p95_latency_ms,33.984265110354684,0.14612908292769589,33.9343159514038,34.036015368498674,30
100.0,0.5,stable,dapper,p99_latency_ms,34.78401367177919,0.06560311317343774,34.76065987728268,34.806824911760046,30
100.0,0.5,stable,dapper,mean_latency_ms,25.02027748999063,0.19474756789946776,24.952896569039584,25.094599531312916,30
100.0,0.5,stable,dapper,usable_confidence_proxy,0.7959976928158301,0.0030581965746421004,0.7949187491188087,0.7970282591916404,30
100.0,0.5,stable,dapper,mean_output_confidence,0.7249667322554326,0.0015304909747104968,0.7244513387101592,0.7255071023390036,30
100.0,0.5,stable,dapper,bandwidth_per_1000_frames_kb,21621.666666666668,335.8425671130112,21501.645833333336,21735.0,30
100.0,0.5,stable,dapper,remote_attempt_rate,0.8648666666666667,0.013433702684520463,0.8600658333333333,0.8694,30
100.0,0.5,stable,dapper,remote_accept_rate,0.5119299636219802,0.019710509684781493,0.5048710537106218,0.5185291640553195,30
100.0,0.5,stable,dapper,remote_accepted_per_frame,0.4427,0.01712862093609448,0.43670000000000003,0.44869999999999993,30
100.0,0.5,stable,dapper,remote_rejected_deadline_rate,0.47690963533308023,0.018550469460783117,0.47058399999723577,0.48349712111243753,30
100.0,0.5,stable,dapper,remote_failed_loss_rate,0.011160401044939667,0.0032782175425864904,0.010069906399418155,0.012335025962814114,30
100.0,0.5,stable,dapper,fallback_rate,0.0,0.0,0.0,0.0,30
100.0,0.5,stable,dapper,reuse_rate,0.0,0.0,0.0,0.0,30
100.0,0.5,stable,dapper,stale_acceptance_rate,0.0,0.0,0.0,0.0,30
100.0,0.5,stable,dapper,mode_switches_per_1000,233.3,23.550605819867112,225.26666666666668,241.90083333333334,30
100.0,0.5,stable,dapper,pct_local_fast,13.513333333333334,1.3433702684520452,13.06,13.993416666666668,30
100.0,0.5,stable,dapper,pct_edge_accurate,0.0,0.0,0.0,0.0,30
100.0,0.5,stable,dapper,pct_hybrid,86.48666666666666,1.3433702684520459,86.00658333333332,86.93999999999998,30
100.0,0.5,stable,dapper,pct_degraded_safe,0.0,0.0,0.0,0.0,30
100.0,0.5,congested,dapper,deadline_miss_rate,0.0,0.0,0.0,0.0,30
100.0,0.5,congested,dapper,p95_latency_ms,33.93663339562628,0.10384597263558462,33.89863800925726,33.97238476351824,30
100.0,0.5,congested,dapper,p99_latency_ms,34.76774120719711,0.0574407179719229,34.74658413465894,34.7871629365586,30
100.0,0.5,congested,dapper,mean_latency_ms,24.831886454720813,0.19570763546815947,24.76464899629824,24.902166867111045,30
100.0,0.5,congested,dapper,usable_confidence_proxy,0.724962592880273,0.001562881778886257,0.7244059800112123,0.7255382569621288,30
100.0,0.5,congested,dapper,mean_output_confidence,0.724962592880273,0.001562881778886257,0.7244059800112123,0.7255382569621288,30
100.0,0.5,congested,dapper,bandwidth_per_1000_frames_kb,2.5,7.628214415734117,0.0,5.833333333333333,30
100.0,0.5,congested,dapper,remote_attempt_rate,0.0001,0.00030512857662936464,0.0,0.00023333333333333333,30
100.0,0.5,congested,dapper,remote_accept_rate,0.0,0.0,0.0,0.0,30
100.0,0.5,congested,dapper,remote_accepted_per_frame,0.0,0.0,0.0,0.0,30
100.0,0.5,congested,dapper,remote_rejected_deadline_rate,0.1,0.30512857662936466,0.0,0.23333333333333334,30
100.0,0.5,congested,dapper,remote_failed_loss_rate,0.0,0.0,0.0,0.0,30
100.0,0.5,congested,dapper,fallback_rate,0.007433333333333334,0.0027628487713469464,0.006500000000000001,0.008433333333333336,30
100.0,0.5,congested,dapper,reuse_rate,0.007433333333333334,0.0027628487713469464,0.006500000000000001,0.008433333333333336,30
100.0,0.5,congested,dapper,stale_acceptance_rate,0.0,0.0,0.0,0.0,30
100.0,0.5,congested,dapper,mode_switches_per_1000,12.133333333333333,4.032055463949847,10.733333333333333,13.533333333333333,30
100.0,0.5,congested,dapper,pct_local_fast,99.24666666666667,0.28494806947731727,99.14333333333335,99.34333333333335,30
100.0,0.5,congested,dapper,pct_edge_accurate,0.0,0.0,0.0,0.0,30
100.0,0.5,congested,dapper,pct_hybrid,0.010000000000000002,0.030512857662936467,0.0,0.02333333333333333,30
100.0,0.5,congested,dapper,pct_degraded_safe,0.7433333333333334,0.2762848771346947,0.6499999999999999,0.8433333333333334,30
100.0,0.5,lossy,dapper,deadline_miss_rate,0.0,0.0,0.0,0.0,30
100.0,0.5,lossy,dapper,p95_latency_ms,34.012278154614826,0.12120943376607804,33.96820622195287,34.05448763655662,30
100.0,0.5,lossy,dapper,p99_latency_ms,34.80546807570768,0.06143547890706443,34.78316485257998,34.826772350222946,30
100.0,0.5,lossy,dapper,mean_latency_ms,25.003209635014095,0.15974262798343122,24.94828249795479,25.06142062043607,30
100.0,0.5,lossy,dapper,usable_confidence_proxy,0.7405908249005024,0.0021791822011149593,0.7398410541525798,0.7414035181047496,30
100.0,0.5,lossy,dapper,mean_output_confidence,0.7247968267120143,0.001322250002252836,0.724324432482122,0.7252569980501671,30
100.0,0.5,lossy,dapper,bandwidth_per_1000_frames_kb,18126.666666666668,439.9222763118529,17974.145833333336,18280.854166666664,30
100.0,0.5,lossy,dapper,remote_attempt_rate,0.7250666666666666,0.017596891052474133,0.7189658333333333,0.7312341666666669,30
100.0,0.5,lossy,dapper,remote_accept_rate,0.13679093773844395,0.013577245742963,0.13191884518259378,0.14162339878389738,30
100.0,0.5,lossy,dapper,remote_accepted_per_frame,0.0992,0.010347080214510624,0.09549916666666665,0.10293333333333334,30
100.0,0.5,lossy,dapper,remote_rejected_deadline_rate,0.6753218499411897,0.02119149299989947,0.6676396061194204,0.6827484105054069,30
100.0,0.5,lossy,dapper,remote_failed_loss_rate,0.1878872123203663,0.01734266639357781,0.18157678395727622,0.1940945488078968,30
100.0,0.5,lossy,dapper,fallback_rate,0.0,0.0,0.0,0.0,30
100.0,0.5,lossy,dapper,reuse_rate,0.0,0.0,0.0,0.0,30
100.0,0.5,lossy,dapper,stale_acceptance_rate,0.0,0.0,0.0,0.0,30
100.0,0.5,lossy,dapper,mode_switches_per_1000,363.26666666666665,20.082473630667035,356.2,370.46666666666664,30
100.0,0.5,lossy,dapper,pct_local_fast,27.493333333333332,1.7596891052474113,26.87658333333333,28.103416666666664,30
100.0,0.5,lossy,dapper,pct_edge_accurate,0.0,0.0,0.0,0.0,30
100.0,0.5,lossy,dapper,pct_hybrid,72.50666666666667,1.759689105247415,71.89658333333333,73.12341666666669,30
100.0,0.5,lossy,dapper,pct_degraded_safe,0.0,0.0,0.0,0.0,30
100.0,0.5,variable,dapper,deadline_miss_rate,0.0,0.0,0.0,0.0,30
100.0,0.5,variable,dapper,p95_latency_ms,33.74407704498113,0.2126750836043015,33.67003978984998,33.81916560257354,30
100.0,0.5,variable,dapper,p99_latency_ms,34.714468841675405,0.09257023559024172,34.679345892530314,34.74441433608218,30
100.0,0.5,variable,dapper,mean_latency_ms,20.905161109397675,0.7368320428921273,20.650185695044428,21.16334665084393,30
100.0,0.5,variable,dapper,usable_confidence_proxy,0.731537829380306,0.002505299049290559,0.7306391558488198,0.7323760019224644,30
100.0,0.5,variable,dapper,mean_output_confidence,0.7256041346457223,0.001953260708744225,0.7249268098645119,0.7262791294460033,30
100.0,0.5,variable,dapper,bandwidth_per_1000_frames_kb,5777.5,618.9308774285564,5560.791666666666,5989.229166666666,30
100.0,0.5,variable,dapper,remote_attempt_rate,0.2311,0.02475723509714226,0.22243166666666667,0.23956916666666667,30
100.0,0.5,variable,dapper,remote_accept_rate,0.1593225904647559,0.030227815733317422,0.14854986769116424,0.16977120142322374,30
100.0,0.5,variable,dapper,remote_accepted_per_frame,0.03679999999999999,0.008243701880202556,0.03400000000000001,0.03976666666666666,30
100.0,0.5,variable,dapper,remote_rejected_deadline_rate,0.7687412516943987,0.03144991902511748,0.7573523738018126,0.7796160282186023,30
100.0,0.5,variable,dapper,remote_failed_loss_rate,0.07193615784084549,0.016135950496985536,0.06638961513178773,0.07778178250251701,30
100.0,0.5,variable,dapper,fallback_rate,0.21943333333333334,0.040132266950356946,0.20549999999999996,0.23376666666666665,30
100.0,0.5,variable,dapper,reuse_rate,0.16830000000000003,0.030488154850808802,0.15770000000000003,0.17916666666666664,30
100.0,0.5,variable,dapper,stale_acceptance_rate,0.0,0.0,0.0,0.0,30
100.0,0.5,variable,dapper,mode_switches_per_1000,315.43333333333334,16.716053265696694,309.5991666666667,321.56666666666666,30
100.0,0.5,variable,dapper,pct_local_fast,60.05999999999999,2.943326759602662,59.00658333333334,61.09666666666667,30
100.0,0.5,variable,dapper,pct_edge_accurate,0.0,0.0,0.0,0.0,30
100.0,0.5,variable,dapper,pct_hybrid,23.11,2.475723509714226,22.243166666666664,23.956916666666668,30
100.0,0.5,variable,dapper,pct_degraded_safe,16.83,3.0488154850808806,15.770000000000003,17.916666666666668,30
100.0,0.5,outage,dapper,deadline_miss_rate,0.0,0.0,0.0,0.0,30
100.0,0.5,outage,dapper,p95_latency_ms,31.18838425196936,0.5009047087578914,31.014573146138307,31.359947063348404,30
100.0,0.5,outage,dapper,p99_latency_ms,34.18711647171901,0.2345203938192105,34.10222418561493,34.27049382149214,30
100.0,0.5,outage,dapper,mean_latency_ms,7.381609814192322,0.14348774576691167,7.331697649688182,7.433717812533078,30
100.0,0.5,outage,dapper,usable_confidence_proxy,0.7255264574970844,0.00273138929991575,0.7245230285258677,0.7264802357218441,30
100.0,0.5,outage,dapper,mean_output_confidence,0.7255264574970844,0.00273138929991575,0.7245230285258677,0.7264802357218441,30
100.0,0.5,outage,dapper,bandwidth_per_1000_frames_kb,0.0,0.0,0.0,0.0,30
100.0,0.5,outage,dapper,remote_attempt_rate,0.0,0.0,0.0,0.0,30
100.0,0.5,outage,dapper,remote_accept_rate,0.0,0.0,0.0,0.0,30
100.0,0.5,outage,dapper,remote_accepted_per_frame,0.0,0.0,0.0,0.0,30
100.0,0.5,outage,dapper,remote_rejected_deadline_rate,0.0,0.0,0.0,0.0,30
100.0,0.5,outage,dapper,remote_failed_loss_rate,0.0,0.0,0.0,0.0,30
100.0,0.5,outage,dapper,fallback_rate,1.0,0.0,1.0,1.0,30
100.0,0.5,outage,dapper,reuse_rate,0.7340333333333333,0.0029300268721061903,0.7329666666666668,0.7350333333333333,30
100.0,0.5,outage,dapper,stale_acceptance_rate,0.0,0.0,0.0,0.0,30
100.0,0.5,outage,dapper,mode_switches_per_1000,418.43333333333334,10.48375864860971,414.6666666666667,422.1333333333333,30
100.0,0.5,outage,dapper,pct_local_fast,22.63,0.6012343624749752,22.419916666666666,22.84333333333333,30
100.0,0.5,outage,dapper,pct_edge_accurate,0.0,0.0,0.0,0.0,30
100.0,0.5,outage,dapper,pct_hybrid,0.0,0.0,0.0,0.0,30
100.0,0.5,outage,dapper,pct_degraded_safe,77.36999999999999,0.6012343624749765,77.15666666666668,77.58008333333335,30
100.0,0.6,stable,dapper,deadline_miss_rate,0.0,0.0,0.0,0.0,30
100.0,0.6,stable,dapper,p95_latency_ms,33.984265110354684,0.14612908292769589,33.9343159514038,34.036015368498674,30
100.0,0.6,stable,dapper,p99_latency_ms,34.78401367177919,0.06560311317343774,34.76065987728268,34.806824911760046,30
100.0,0.6,stable,dapper,mean_latency_ms,25.02027748999063,0.19474756789946776,24.952896569039584,25.094599531312916,30
100.0,0.6,stable,dapper,usable_confidence_proxy,0.7959976928158301,0.0030581965746421004,0.7949187491188087,0.7970282591916404,30
100.0,0.6,stable,dapper,mean_output_confidence,0.7249667322554326,0.0015304909747104968,0.7244513387101592,0.7255071023390036,30
100.0,0.6,stable,dapper,bandwidth_per_1000_frames_kb,21621.666666666668,335.8425671130112,21501.645833333336,21735.0,30
100.0,0.6,stable,dapper,remote_attempt_rate,0.8648666666666667,0.013433702684520463,0.8600658333333333,0.8694,30
100.0,0.6,stable,dapper,remote_accept_rate,0.5119299636219802,0.019710509684781493,0.5048710537106218,0.5185291640553195,30
100.0,0.6,stable,dapper,remote_accepted_per_frame,0.4427,0.01712862093609448,0.43670000000000003,0.44869999999999993,30
100.0,0.6,stable,dapper,remote_rejected_deadline_rate,0.47690963533308023,0.018550469460783117,0.47058399999723577,0.48349712111243753,30
100.0,0.6,stable,dapper,remote_failed_loss_rate,0.011160401044939667,0.0032782175425864904,0.010069906399418155,0.012335025962814114,30
100.0,0.6,stable,dapper,fallback_rate,0.0,0.0,0.0,0.0,30
100.0,0.6,stable,dapper,reuse_rate,0.0,0.0,0.0,0.0,30
100.0,0.6,stable,dapper,stale_acceptance_rate,0.0,0.0,0.0,0.0,30
100.0,0.6,stable,dapper,mode_switches_per_1000,233.3,23.550605819867112,225.26666666666668,241.90083333333334,30
100.0,0.6,stable,dapper,pct_local_fast,13.513333333333334,1.3433702684520452,13.06,13.993416666666668,30
100.0,0.6,stable,dapper,pct_edge_accurate,0.0,0.0,0.0,0.0,30
100.0,0.6,stable,dapper,pct_hybrid,86.48666666666666,1.3433702684520459,86.00658333333332,86.93999999999998,30
100.0,0.6,stable,dapper,pct_degraded_safe,0.0,0.0,0.0,0.0,30
100.0,0.6,congested,dapper,deadline_miss_rate,0.0,0.0,0.0,0.0,30
100.0,0.6,congested,dapper,p95_latency_ms,33.93663339562628,0.10384597263558462,33.89863800925726,33.97238476351824,30
100.0,0.6,congested,dapper,p99_latency_ms,34.76774120719711,0.0574407179719229,34.74658413465894,34.7871629365586,30
100.0,0.6,congested,dapper,mean_latency_ms,24.831886454720813,0.19570763546815947,24.76464899629824,24.902166867111045,30
100.0,0.6,congested,dapper,usable_confidence_proxy,0.724962592880273,0.001562881778886257,0.7244059800112123,0.7255382569621288,30
100.0,0.6,congested,dapper,mean_output_confidence,0.724962592880273,0.001562881778886257,0.7244059800112123,0.7255382569621288,30
100.0,0.6,congested,dapper,bandwidth_per_1000_frames_kb,2.5,7.628214415734117,0.0,5.833333333333333,30
100.0,0.6,congested,dapper,remote_attempt_rate,0.0001,0.00030512857662936464,0.0,0.00023333333333333333,30
100.0,0.6,congested,dapper,remote_accept_rate,0.0,0.0,0.0,0.0,30
100.0,0.6,congested,dapper,remote_accepted_per_frame,0.0,0.0,0.0,0.0,30
100.0,0.6,congested,dapper,remote_rejected_deadline_rate,0.1,0.30512857662936466,0.0,0.23333333333333334,30
100.0,0.6,congested,dapper,remote_failed_loss_rate,0.0,0.0,0.0,0.0,30
100.0,0.6,congested,dapper,fallback_rate,0.007433333333333334,0.0027628487713469464,0.006500000000000001,0.008433333333333336,30
100.0,0.6,congested,dapper,reuse_rate,0.007433333333333334,0.0027628487713469464,0.006500000000000001,0.008433333333333336,30
100.0,0.6,congested,dapper,stale_acceptance_rate,0.0,0.0,0.0,0.0,30
100.0,0.6,congested,dapper,mode_switches_per_1000,12.133333333333333,4.032055463949847,10.733333333333333,13.533333333333333,30
100.0,0.6,congested,dapper,pct_local_fast,99.24666666666667,0.28494806947731727,99.14333333333335,99.34333333333335,30
100.0,0.6,congested,dapper,pct_edge_accurate,0.0,0.0,0.0,0.0,30
100.0,0.6,congested,dapper,pct_hybrid,0.010000000000000002,0.030512857662936467,0.0,0.02333333333333333,30
100.0,0.6,congested,dapper,pct_degraded_safe,0.7433333333333334,0.2762848771346947,0.6499999999999999,0.8433333333333334,30
100.0,0.6,lossy,dapper,deadline_miss_rate,0.0,0.0,0.0,0.0,30
100.0,0.6,lossy,dapper,p95_latency_ms,34.012278154614826,0.12120943376607804,33.96820622195287,34.05448763655662,30
100.0,0.6,lossy,dapper,p99_latency_ms,34.80546807570768,0.06143547890706443,34.78316485257998,34.826772350222946,30
100.0,0.6,lossy,dapper,mean_latency_ms,25.003209635014095,0.15974262798343122,24.94828249795479,25.06142062043607,30
100.0,0.6,lossy,dapper,usable_confidence_proxy,0.7405908249005024,0.0021791822011149593,0.7398410541525798,0.7414035181047496,30
100.0,0.6,lossy,dapper,mean_output_confidence,0.7247968267120143,0.001322250002252836,0.724324432482122,0.7252569980501671,30
100.0,0.6,lossy,dapper,bandwidth_per_1000_frames_kb,18126.666666666668,439.9222763118529,17974.145833333336,18280.854166666664,30
100.0,0.6,lossy,dapper,remote_attempt_rate,0.7250666666666666,0.017596891052474133,0.7189658333333333,0.7312341666666669,30
100.0,0.6,lossy,dapper,remote_accept_rate,0.13679093773844395,0.013577245742963,0.13191884518259378,0.14162339878389738,30
100.0,0.6,lossy,dapper,remote_accepted_per_frame,0.0992,0.010347080214510624,0.09549916666666665,0.10293333333333334,30
100.0,0.6,lossy,dapper,remote_rejected_deadline_rate,0.6753218499411897,0.02119149299989947,0.6676396061194204,0.6827484105054069,30
100.0,0.6,lossy,dapper,remote_failed_loss_rate,0.1878872123203663,0.01734266639357781,0.18157678395727622,0.1940945488078968,30
100.0,0.6,lossy,dapper,fallback_rate,0.0,0.0,0.0,0.0,30
100.0,0.6,lossy,dapper,reuse_rate,0.0,0.0,0.0,0.0,30
100.0,0.6,lossy,dapper,stale_acceptance_rate,0.0,0.0,0.0,0.0,30
100.0,0.6,lossy,dapper,mode_switches_per_1000,363.26666666666665,20.082473630667035,356.2,370.46666666666664,30
100.0,0.6,lossy,dapper,pct_local_fast,27.493333333333332,1.7596891052474113,26.87658333333333,28.103416666666664,30
100.0,0.6,lossy,dapper,pct_edge_accurate,0.0,0.0,0.0,0.0,30
100.0,0.6,lossy,dapper,pct_hybrid,72.50666666666667,1.759689105247415,71.89658333333333,73.12341666666669,30
100.0,0.6,lossy,dapper,pct_degraded_safe,0.0,0.0,0.0,0.0,30
100.0,0.6,variable,dapper,deadline_miss_rate,0.0,0.0,0.0,0.0,30
100.0,0.6,variable,dapper,p95_latency_ms,33.74407704498113,0.2126750836043015,33.67003978984998,33.81916560257354,30
100.0,0.6,variable,dapper,p99_latency_ms,34.714468841675405,0.09257023559024172,34.679345892530314,34.74441433608218,30
100.0,0.6,variable,dapper,mean_latency_ms,20.905161109397675,0.7368320428921273,20.650185695044428,21.16334665084393,30
100.0,0.6,variable,dapper,usable_confidence_proxy,0.731537829380306,0.002505299049290559,0.7306391558488198,0.7323760019224644,30
100.0,0.6,variable,dapper,mean_output_confidence,0.7256041346457223,0.001953260708744225,0.7249268098645119,0.7262791294460033,30
100.0,0.6,variable,dapper,bandwidth_per_1000_frames_kb,5777.5,618.9308774285564,5560.791666666666,5989.229166666666,30
100.0,0.6,variable,dapper,remote_attempt_rate,0.2311,0.02475723509714226,0.22243166666666667,0.23956916666666667,30
100.0,0.6,variable,dapper,remote_accept_rate,0.1593225904647559,0.030227815733317422,0.14854986769116424,0.16977120142322374,30
100.0,0.6,variable,dapper,remote_accepted_per_frame,0.03679999999999999,0.008243701880202556,0.03400000000000001,0.03976666666666666,30
100.0,0.6,variable,dapper,remote_rejected_deadline_rate,0.7687412516943987,0.03144991902511748,0.7573523738018126,0.7796160282186023,30
100.0,0.6,variable,dapper,remote_failed_loss_rate,0.07193615784084549,0.016135950496985536,0.06638961513178773,0.07778178250251701,30
100.0,0.6,variable,dapper,fallback_rate,0.21943333333333334,0.040132266950356946,0.20549999999999996,0.23376666666666665,30
100.0,0.6,variable,dapper,reuse_rate,0.16830000000000003,0.030488154850808802,0.15770000000000003,0.17916666666666664,30
100.0,0.6,variable,dapper,stale_acceptance_rate,0.0,0.0,0.0,0.0,30
100.0,0.6,variable,dapper,mode_switches_per_1000,315.43333333333334,16.716053265696694,309.5991666666667,321.56666666666666,30
100.0,0.6,variable,dapper,pct_local_fast,60.05999999999999,2.943326759602662,59.00658333333334,61.09666666666667,30
100.0,0.6,variable,dapper,pct_edge_accurate,0.0,0.0,0.0,0.0,30
100.0,0.6,variable,dapper,pct_hybrid,23.11,2.475723509714226,22.243166666666664,23.956916666666668,30
100.0,0.6,variable,dapper,pct_degraded_safe,16.83,3.0488154850808806,15.770000000000003,17.916666666666668,30
100.0,0.6,outage,dapper,deadline_miss_rate,0.0,0.0,0.0,0.0,30
100.0,0.6,outage,dapper,p95_latency_ms,31.18838425196936,0.5009047087578914,31.014573146138307,31.359947063348404,30
100.0,0.6,outage,dapper,p99_latency_ms,34.18711647171901,0.2345203938192105,34.10222418561493,34.27049382149214,30
100.0,0.6,outage,dapper,mean_latency_ms,7.381609814192322,0.14348774576691167,7.331697649688182,7.433717812533078,30
100.0,0.6,outage,dapper,usable_confidence_proxy,0.7255264574970844,0.00273138929991575,0.7245230285258677,0.7264802357218441,30
100.0,0.6,outage,dapper,mean_output_confidence,0.7255264574970844,0.00273138929991575,0.7245230285258677,0.7264802357218441,30
100.0,0.6,outage,dapper,bandwidth_per_1000_frames_kb,0.0,0.0,0.0,0.0,30
100.0,0.6,outage,dapper,remote_attempt_rate,0.0,0.0,0.0,0.0,30
100.0,0.6,outage,dapper,remote_accept_rate,0.0,0.0,0.0,0.0,30
100.0,0.6,outage,dapper,remote_accepted_per_frame,0.0,0.0,0.0,0.0,30
100.0,0.6,outage,dapper,remote_rejected_deadline_rate,0.0,0.0,0.0,0.0,30
100.0,0.6,outage,dapper,remote_failed_loss_rate,0.0,0.0,0.0,0.0,30
100.0,0.6,outage,dapper,fallback_rate,1.0,0.0,1.0,1.0,30
100.0,0.6,outage,dapper,reuse_rate,0.7340333333333333,0.0029300268721061903,0.7329666666666668,0.7350333333333333,30
100.0,0.6,outage,dapper,stale_acceptance_rate,0.0,0.0,0.0,0.0,30
100.0,0.6,outage,dapper,mode_switches_per_1000,418.43333333333334,10.48375864860971,414.6666666666667,422.1333333333333,30
100.0,0.6,outage,dapper,pct_local_fast,22.63,0.6012343624749752,22.419916666666666,22.84333333333333,30
100.0,0.6,outage,dapper,pct_edge_accurate,0.0,0.0,0.0,0.0,30
100.0,0.6,outage,dapper,pct_hybrid,0.0,0.0,0.0,0.0,30
100.0,0.6,outage,dapper,pct_degraded_safe,77.36999999999999,0.6012343624749765,77.15666666666668,77.58008333333335,30
100.0,0.7,stable,dapper,deadline_miss_rate,0.0,0.0,0.0,0.0,30
100.0,0.7,stable,dapper,p95_latency_ms,33.984265110354684,0.14612908292769589,33.9343159514038,34.036015368498674,30
100.0,0.7,stable,dapper,p99_latency_ms,34.78401367177919,0.06560311317343774,34.76065987728268,34.806824911760046,30
100.0,0.7,stable,dapper,mean_latency_ms,25.02027748999063,0.19474756789946776,24.952896569039584,25.094599531312916,30
100.0,0.7,stable,dapper,usable_confidence_proxy,0.7959976928158301,0.0030581965746421004,0.7949187491188087,0.7970282591916404,30
100.0,0.7,stable,dapper,mean_output_confidence,0.7249667322554326,0.0015304909747104968,0.7244513387101592,0.7255071023390036,30
100.0,0.7,stable,dapper,bandwidth_per_1000_frames_kb,21621.666666666668,335.8425671130112,21501.645833333336,21735.0,30
100.0,0.7,stable,dapper,remote_attempt_rate,0.8648666666666667,0.013433702684520463,0.8600658333333333,0.8694,30
100.0,0.7,stable,dapper,remote_accept_rate,0.5119299636219802,0.019710509684781493,0.5048710537106218,0.5185291640553195,30
100.0,0.7,stable,dapper,remote_accepted_per_frame,0.4427,0.01712862093609448,0.43670000000000003,0.44869999999999993,30
100.0,0.7,stable,dapper,remote_rejected_deadline_rate,0.47690963533308023,0.018550469460783117,0.47058399999723577,0.48349712111243753,30
100.0,0.7,stable,dapper,remote_failed_loss_rate,0.011160401044939667,0.0032782175425864904,0.010069906399418155,0.012335025962814114,30
100.0,0.7,stable,dapper,fallback_rate,0.0,0.0,0.0,0.0,30
100.0,0.7,stable,dapper,reuse_rate,0.0,0.0,0.0,0.0,30
100.0,0.7,stable,dapper,stale_acceptance_rate,0.0,0.0,0.0,0.0,30
100.0,0.7,stable,dapper,mode_switches_per_1000,233.3,23.550605819867112,225.26666666666668,241.90083333333334,30
100.0,0.7,stable,dapper,pct_local_fast,13.513333333333334,1.3433702684520452,13.06,13.993416666666668,30
100.0,0.7,stable,dapper,pct_edge_accurate,0.0,0.0,0.0,0.0,30
100.0,0.7,stable,dapper,pct_hybrid,86.48666666666666,1.3433702684520459,86.00658333333332,86.93999999999998,30
100.0,0.7,stable,dapper,pct_degraded_safe,0.0,0.0,0.0,0.0,30
100.0,0.7,congested,dapper,deadline_miss_rate,0.0,0.0,0.0,0.0,30
100.0,0.7,congested,dapper,p95_latency_ms,33.93663339562628,0.10384597263558462,33.89863800925726,33.97238476351824,30
100.0,0.7,congested,dapper,p99_latency_ms,34.76774120719711,0.0574407179719229,34.74658413465894,34.7871629365586,30
100.0,0.7,congested,dapper,mean_latency_ms,24.831886454720813,0.19570763546815947,24.76464899629824,24.902166867111045,30
100.0,0.7,congested,dapper,usable_confidence_proxy,0.724962592880273,0.001562881778886257,0.7244059800112123,0.7255382569621288,30
100.0,0.7,congested,dapper,mean_output_confidence,0.724962592880273,0.001562881778886257,0.7244059800112123,0.7255382569621288,30
100.0,0.7,congested,dapper,bandwidth_per_1000_frames_kb,2.5,7.628214415734117,0.0,5.833333333333333,30
100.0,0.7,congested,dapper,remote_attempt_rate,0.0001,0.00030512857662936464,0.0,0.00023333333333333333,30
100.0,0.7,congested,dapper,remote_accept_rate,0.0,0.0,0.0,0.0,30
100.0,0.7,congested,dapper,remote_accepted_per_frame,0.0,0.0,0.0,0.0,30
100.0,0.7,congested,dapper,remote_rejected_deadline_rate,0.1,0.30512857662936466,0.0,0.23333333333333334,30
100.0,0.7,congested,dapper,remote_failed_loss_rate,0.0,0.0,0.0,0.0,30
100.0,0.7,congested,dapper,fallback_rate,0.007433333333333334,0.0027628487713469464,0.006500000000000001,0.008433333333333336,30
100.0,0.7,congested,dapper,reuse_rate,0.007433333333333334,0.0027628487713469464,0.006500000000000001,0.008433333333333336,30
100.0,0.7,congested,dapper,stale_acceptance_rate,0.0,0.0,0.0,0.0,30
100.0,0.7,congested,dapper,mode_switches_per_1000,12.133333333333333,4.032055463949847,10.733333333333333,13.533333333333333,30
100.0,0.7,congested,dapper,pct_local_fast,99.24666666666667,0.28494806947731727,99.14333333333335,99.34333333333335,30
100.0,0.7,congested,dapper,pct_edge_accurate,0.0,0.0,0.0,0.0,30
100.0,0.7,congested,dapper,pct_hybrid,0.010000000000000002,0.030512857662936467,0.0,0.02333333333333333,30
100.0,0.7,congested,dapper,pct_degraded_safe,0.7433333333333334,0.2762848771346947,0.6499999999999999,0.8433333333333334,30
100.0,0.7,lossy,dapper,deadline_miss_rate,0.0,0.0,0.0,0.0,30
100.0,0.7,lossy,dapper,p95_latency_ms,34.012278154614826,0.12120943376607804,33.96820622195287,34.05448763655662,30
100.0,0.7,lossy,dapper,p99_latency_ms,34.80546807570768,0.06143547890706443,34.78316485257998,34.826772350222946,30
100.0,0.7,lossy,dapper,mean_latency_ms,25.003209635014095,0.15974262798343122,24.94828249795479,25.06142062043607,30
100.0,0.7,lossy,dapper,usable_confidence_proxy,0.7405908249005024,0.0021791822011149593,0.7398410541525798,0.7414035181047496,30
100.0,0.7,lossy,dapper,mean_output_confidence,0.7247968267120143,0.001322250002252836,0.724324432482122,0.7252569980501671,30
100.0,0.7,lossy,dapper,bandwidth_per_1000_frames_kb,18126.666666666668,439.9222763118529,17974.145833333336,18280.854166666664,30
100.0,0.7,lossy,dapper,remote_attempt_rate,0.7250666666666666,0.017596891052474133,0.7189658333333333,0.7312341666666669,30
100.0,0.7,lossy,dapper,remote_accept_rate,0.13679093773844395,0.013577245742963,0.13191884518259378,0.14162339878389738,30
100.0,0.7,lossy,dapper,remote_accepted_per_frame,0.0992,0.010347080214510624,0.09549916666666665,0.10293333333333334,30
100.0,0.7,lossy,dapper,remote_rejected_deadline_rate,0.6753218499411897,0.02119149299989947,0.6676396061194204,0.6827484105054069,30
100.0,0.7,lossy,dapper,remote_failed_loss_rate,0.1878872123203663,0.01734266639357781,0.18157678395727622,0.1940945488078968,30
100.0,0.7,lossy,dapper,fallback_rate,0.0,0.0,0.0,0.0,30
100.0,0.7,lossy,dapper,reuse_rate,0.0,0.0,0.0,0.0,30
100.0,0.7,lossy,dapper,stale_acceptance_rate,0.0,0.0,0.0,0.0,30
100.0,0.7,lossy,dapper,mode_switches_per_1000,363.26666666666665,20.082473630667035,356.2,370.46666666666664,30
100.0,0.7,lossy,dapper,pct_local_fast,27.493333333333332,1.7596891052474113,26.87658333333333,28.103416666666664,30
100.0,0.7,lossy,dapper,pct_edge_accurate,0.0,0.0,0.0,0.0,30
100.0,0.7,lossy,dapper,pct_hybrid,72.50666666666667,1.759689105247415,71.89658333333333,73.12341666666669,30
100.0,0.7,lossy,dapper,pct_degraded_safe,0.0,0.0,0.0,0.0,30
100.0,0.7,variable,dapper,deadline_miss_rate,0.0,0.0,0.0,0.0,30
100.0,0.7,variable,dapper,p95_latency_ms,33.74407704498113,0.2126750836043015,33.67003978984998,33.81916560257354,30
100.0,0.7,variable,dapper,p99_latency_ms,34.714468841675405,0.09257023559024172,34.679345892530314,34.74441433608218,30
100.0,0.7,variable,dapper,mean_latency_ms,20.905161109397675,0.7368320428921273,20.650185695044428,21.16334665084393,30
100.0,0.7,variable,dapper,usable_confidence_proxy,0.731537829380306,0.002505299049290559,0.7306391558488198,0.7323760019224644,30
100.0,0.7,variable,dapper,mean_output_confidence,0.7256041346457223,0.001953260708744225,0.7249268098645119,0.7262791294460033,30
100.0,0.7,variable,dapper,bandwidth_per_1000_frames_kb,5777.5,618.9308774285564,5560.791666666666,5989.229166666666,30
100.0,0.7,variable,dapper,remote_attempt_rate,0.2311,0.02475723509714226,0.22243166666666667,0.23956916666666667,30
100.0,0.7,variable,dapper,remote_accept_rate,0.1593225904647559,0.030227815733317422,0.14854986769116424,0.16977120142322374,30
100.0,0.7,variable,dapper,remote_accepted_per_frame,0.03679999999999999,0.008243701880202556,0.03400000000000001,0.03976666666666666,30
100.0,0.7,variable,dapper,remote_rejected_deadline_rate,0.7687412516943987,0.03144991902511748,0.7573523738018126,0.7796160282186023,30
100.0,0.7,variable,dapper,remote_failed_loss_rate,0.07193615784084549,0.016135950496985536,0.06638961513178773,0.07778178250251701,30
100.0,0.7,variable,dapper,fallback_rate,0.21943333333333334,0.040132266950356946,0.20549999999999996,0.23376666666666665,30
100.0,0.7,variable,dapper,reuse_rate,0.16830000000000003,0.030488154850808802,0.15770000000000003,0.17916666666666664,30
100.0,0.7,variable,dapper,stale_acceptance_rate,0.0,0.0,0.0,0.0,30
100.0,0.7,variable,dapper,mode_switches_per_1000,315.43333333333334,16.716053265696694,309.5991666666667,321.56666666666666,30
100.0,0.7,variable,dapper,pct_local_fast,60.05999999999999,2.943326759602662,59.00658333333334,61.09666666666667,30
100.0,0.7,variable,dapper,pct_edge_accurate,0.0,0.0,0.0,0.0,30
100.0,0.7,variable,dapper,pct_hybrid,23.11,2.475723509714226,22.243166666666664,23.956916666666668,30
100.0,0.7,variable,dapper,pct_degraded_safe,16.83,3.0488154850808806,15.770000000000003,17.916666666666668,30
100.0,0.7,outage,dapper,deadline_miss_rate,0.0,0.0,0.0,0.0,30
100.0,0.7,outage,dapper,p95_latency_ms,31.18838425196936,0.5009047087578914,31.014573146138307,31.359947063348404,30
100.0,0.7,outage,dapper,p99_latency_ms,34.18711647171901,0.2345203938192105,34.10222418561493,34.27049382149214,30
100.0,0.7,outage,dapper,mean_latency_ms,7.381609814192322,0.14348774576691167,7.331697649688182,7.433717812533078,30
100.0,0.7,outage,dapper,usable_confidence_proxy,0.7255264574970844,0.00273138929991575,0.7245230285258677,0.7264802357218441,30
100.0,0.7,outage,dapper,mean_output_confidence,0.7255264574970844,0.00273138929991575,0.7245230285258677,0.7264802357218441,30
100.0,0.7,outage,dapper,bandwidth_per_1000_frames_kb,0.0,0.0,0.0,0.0,30
100.0,0.7,outage,dapper,remote_attempt_rate,0.0,0.0,0.0,0.0,30
100.0,0.7,outage,dapper,remote_accept_rate,0.0,0.0,0.0,0.0,30
100.0,0.7,outage,dapper,remote_accepted_per_frame,0.0,0.0,0.0,0.0,30
100.0,0.7,outage,dapper,remote_rejected_deadline_rate,0.0,0.0,0.0,0.0,30
100.0,0.7,outage,dapper,remote_failed_loss_rate,0.0,0.0,0.0,0.0,30
100.0,0.7,outage,dapper,fallback_rate,1.0,0.0,1.0,1.0,30
100.0,0.7,outage,dapper,reuse_rate,0.7340333333333333,0.0029300268721061903,0.7329666666666668,0.7350333333333333,30
100.0,0.7,outage,dapper,stale_acceptance_rate,0.0,0.0,0.0,0.0,30
100.0,0.7,outage,dapper,mode_switches_per_1000,418.43333333333334,10.48375864860971,414.6666666666667,422.1333333333333,30
100.0,0.7,outage,dapper,pct_local_fast,22.63,0.6012343624749752,22.419916666666666,22.84333333333333,30
100.0,0.7,outage,dapper,pct_edge_accurate,0.0,0.0,0.0,0.0,30
100.0,0.7,outage,dapper,pct_hybrid,0.0,0.0,0.0,0.0,30
100.0,0.7,outage,dapper,pct_degraded_safe,77.36999999999999,0.6012343624749765,77.15666666666668,77.58008333333335,30
100.0,0.8,stable,dapper,deadline_miss_rate,0.0,0.0,0.0,0.0,30
100.0,0.8,stable,dapper,p95_latency_ms,33.984265110354684,0.14612908292769589,33.9343159514038,34.036015368498674,30
100.0,0.8,stable,dapper,p99_latency_ms,34.78401367177919,0.06560311317343774,34.76065987728268,34.806824911760046,30
100.0,0.8,stable,dapper,mean_latency_ms,25.02027748999063,0.19474756789946776,24.952896569039584,25.094599531312916,30
100.0,0.8,stable,dapper,usable_confidence_proxy,0.7959976928158301,0.0030581965746421004,0.7949187491188087,0.7970282591916404,30
100.0,0.8,stable,dapper,mean_output_confidence,0.7249667322554326,0.0015304909747104968,0.7244513387101592,0.7255071023390036,30
100.0,0.8,stable,dapper,bandwidth_per_1000_frames_kb,21621.666666666668,335.8425671130112,21501.645833333336,21735.0,30
100.0,0.8,stable,dapper,remote_attempt_rate,0.8648666666666667,0.013433702684520463,0.8600658333333333,0.8694,30
100.0,0.8,stable,dapper,remote_accept_rate,0.5119299636219802,0.019710509684781493,0.5048710537106218,0.5185291640553195,30
100.0,0.8,stable,dapper,remote_accepted_per_frame,0.4427,0.01712862093609448,0.43670000000000003,0.44869999999999993,30
100.0,0.8,stable,dapper,remote_rejected_deadline_rate,0.47690963533308023,0.018550469460783117,0.47058399999723577,0.48349712111243753,30
100.0,0.8,stable,dapper,remote_failed_loss_rate,0.011160401044939667,0.0032782175425864904,0.010069906399418155,0.012335025962814114,30
100.0,0.8,stable,dapper,fallback_rate,0.0,0.0,0.0,0.0,30
100.0,0.8,stable,dapper,reuse_rate,0.0,0.0,0.0,0.0,30
100.0,0.8,stable,dapper,stale_acceptance_rate,0.0,0.0,0.0,0.0,30
100.0,0.8,stable,dapper,mode_switches_per_1000,233.3,23.550605819867112,225.26666666666668,241.90083333333334,30
100.0,0.8,stable,dapper,pct_local_fast,13.513333333333334,1.3433702684520452,13.06,13.993416666666668,30
100.0,0.8,stable,dapper,pct_edge_accurate,0.0,0.0,0.0,0.0,30
100.0,0.8,stable,dapper,pct_hybrid,86.48666666666666,1.3433702684520459,86.00658333333332,86.93999999999998,30
100.0,0.8,stable,dapper,pct_degraded_safe,0.0,0.0,0.0,0.0,30
100.0,0.8,congested,dapper,deadline_miss_rate,0.0,0.0,0.0,0.0,30
100.0,0.8,congested,dapper,p95_latency_ms,33.93663339562628,0.10384597263558462,33.89863800925726,33.97238476351824,30
100.0,0.8,congested,dapper,p99_latency_ms,34.76774120719711,0.0574407179719229,34.74658413465894,34.7871629365586,30
100.0,0.8,congested,dapper,mean_latency_ms,24.831886454720813,0.19570763546815947,24.76464899629824,24.902166867111045,30
100.0,0.8,congested,dapper,usable_confidence_proxy,0.724962592880273,0.001562881778886257,0.7244059800112123,0.7255382569621288,30
100.0,0.8,congested,dapper,mean_output_confidence,0.724962592880273,0.001562881778886257,0.7244059800112123,0.7255382569621288,30
100.0,0.8,congested,dapper,bandwidth_per_1000_frames_kb,2.5,7.628214415734117,0.0,5.833333333333333,30
100.0,0.8,congested,dapper,remote_attempt_rate,0.0001,0.00030512857662936464,0.0,0.00023333333333333333,30
100.0,0.8,congested,dapper,remote_accept_rate,0.0,0.0,0.0,0.0,30
100.0,0.8,congested,dapper,remote_accepted_per_frame,0.0,0.0,0.0,0.0,30
100.0,0.8,congested,dapper,remote_rejected_deadline_rate,0.1,0.30512857662936466,0.0,0.23333333333333334,30
100.0,0.8,congested,dapper,remote_failed_loss_rate,0.0,0.0,0.0,0.0,30
100.0,0.8,congested,dapper,fallback_rate,0.007433333333333334,0.0027628487713469464,0.006500000000000001,0.008433333333333336,30
100.0,0.8,congested,dapper,reuse_rate,0.007433333333333334,0.0027628487713469464,0.006500000000000001,0.008433333333333336,30
100.0,0.8,congested,dapper,stale_acceptance_rate,0.0,0.0,0.0,0.0,30
100.0,0.8,congested,dapper,mode_switches_per_1000,12.133333333333333,4.032055463949847,10.733333333333333,13.533333333333333,30
100.0,0.8,congested,dapper,pct_local_fast,99.24666666666667,0.28494806947731727,99.14333333333335,99.34333333333335,30
100.0,0.8,congested,dapper,pct_edge_accurate,0.0,0.0,0.0,0.0,30
100.0,0.8,congested,dapper,pct_hybrid,0.010000000000000002,0.030512857662936467,0.0,0.02333333333333333,30
100.0,0.8,congested,dapper,pct_degraded_safe,0.7433333333333334,0.2762848771346947,0.6499999999999999,0.8433333333333334,30
100.0,0.8,lossy,dapper,deadline_miss_rate,0.0,0.0,0.0,0.0,30
100.0,0.8,lossy,dapper,p95_latency_ms,34.012278154614826,0.12120943376607804,33.96820622195287,34.05448763655662,30
100.0,0.8,lossy,dapper,p99_latency_ms,34.80546807570768,0.06143547890706443,34.78316485257998,34.826772350222946,30
100.0,0.8,lossy,dapper,mean_latency_ms,25.003209635014095,0.15974262798343122,24.94828249795479,25.06142062043607,30
100.0,0.8,lossy,dapper,usable_confidence_proxy,0.7405908249005024,0.0021791822011149593,0.7398410541525798,0.7414035181047496,30
100.0,0.8,lossy,dapper,mean_output_confidence,0.7247968267120143,0.001322250002252836,0.724324432482122,0.7252569980501671,30
100.0,0.8,lossy,dapper,bandwidth_per_1000_frames_kb,18126.666666666668,439.9222763118529,17974.145833333336,18280.854166666664,30
100.0,0.8,lossy,dapper,remote_attempt_rate,0.7250666666666666,0.017596891052474133,0.7189658333333333,0.7312341666666669,30
100.0,0.8,lossy,dapper,remote_accept_rate,0.13679093773844395,0.013577245742963,0.13191884518259378,0.14162339878389738,30
100.0,0.8,lossy,dapper,remote_accepted_per_frame,0.0992,0.010347080214510624,0.09549916666666665,0.10293333333333334,30
100.0,0.8,lossy,dapper,remote_rejected_deadline_rate,0.6753218499411897,0.02119149299989947,0.6676396061194204,0.6827484105054069,30
100.0,0.8,lossy,dapper,remote_failed_loss_rate,0.1878872123203663,0.01734266639357781,0.18157678395727622,0.1940945488078968,30
100.0,0.8,lossy,dapper,fallback_rate,0.0,0.0,0.0,0.0,30
100.0,0.8,lossy,dapper,reuse_rate,0.0,0.0,0.0,0.0,30
100.0,0.8,lossy,dapper,stale_acceptance_rate,0.0,0.0,0.0,0.0,30
100.0,0.8,lossy,dapper,mode_switches_per_1000,363.26666666666665,20.082473630667035,356.2,370.46666666666664,30
100.0,0.8,lossy,dapper,pct_local_fast,27.493333333333332,1.7596891052474113,26.87658333333333,28.103416666666664,30
100.0,0.8,lossy,dapper,pct_edge_accurate,0.0,0.0,0.0,0.0,30
100.0,0.8,lossy,dapper,pct_hybrid,72.50666666666667,1.759689105247415,71.89658333333333,73.12341666666669,30
100.0,0.8,lossy,dapper,pct_degraded_safe,0.0,0.0,0.0,0.0,30
100.0,0.8,variable,dapper,deadline_miss_rate,0.0,0.0,0.0,0.0,30
100.0,0.8,variable,dapper,p95_latency_ms,33.74407704498113,0.2126750836043015,33.67003978984998,33.81916560257354,30
100.0,0.8,variable,dapper,p99_latency_ms,34.714468841675405,0.09257023559024172,34.679345892530314,34.74441433608218,30
100.0,0.8,variable,dapper,mean_latency_ms,20.905161109397675,0.7368320428921273,20.650185695044428,21.16334665084393,30
100.0,0.8,variable,dapper,usable_confidence_proxy,0.731537829380306,0.002505299049290559,0.7306391558488198,0.7323760019224644,30
100.0,0.8,variable,dapper,mean_output_confidence,0.7256041346457223,0.001953260708744225,0.7249268098645119,0.7262791294460033,30
100.0,0.8,variable,dapper,bandwidth_per_1000_frames_kb,5777.5,618.9308774285564,5560.791666666666,5989.229166666666,30
100.0,0.8,variable,dapper,remote_attempt_rate,0.2311,0.02475723509714226,0.22243166666666667,0.23956916666666667,30
100.0,0.8,variable,dapper,remote_accept_rate,0.1593225904647559,0.030227815733317422,0.14854986769116424,0.16977120142322374,30
100.0,0.8,variable,dapper,remote_accepted_per_frame,0.03679999999999999,0.008243701880202556,0.03400000000000001,0.03976666666666666,30
100.0,0.8,variable,dapper,remote_rejected_deadline_rate,0.7687412516943987,0.03144991902511748,0.7573523738018126,0.7796160282186023,30
100.0,0.8,variable,dapper,remote_failed_loss_rate,0.07193615784084549,0.016135950496985536,0.06638961513178773,0.07778178250251701,30
100.0,0.8,variable,dapper,fallback_rate,0.21943333333333334,0.040132266950356946,0.20549999999999996,0.23376666666666665,30
100.0,0.8,variable,dapper,reuse_rate,0.16830000000000003,0.030488154850808802,0.15770000000000003,0.17916666666666664,30
100.0,0.8,variable,dapper,stale_acceptance_rate,0.0,0.0,0.0,0.0,30
100.0,0.8,variable,dapper,mode_switches_per_1000,315.43333333333334,16.716053265696694,309.5991666666667,321.56666666666666,30
100.0,0.8,variable,dapper,pct_local_fast,60.05999999999999,2.943326759602662,59.00658333333334,61.09666666666667,30
100.0,0.8,variable,dapper,pct_edge_accurate,0.0,0.0,0.0,0.0,30
100.0,0.8,variable,dapper,pct_hybrid,23.11,2.475723509714226,22.243166666666664,23.956916666666668,30
100.0,0.8,variable,dapper,pct_degraded_safe,16.83,3.0488154850808806,15.770000000000003,17.916666666666668,30
100.0,0.8,outage,dapper,deadline_miss_rate,0.0,0.0,0.0,0.0,30
100.0,0.8,outage,dapper,p95_latency_ms,31.18838425196936,0.5009047087578914,31.014573146138307,31.359947063348404,30
100.0,0.8,outage,dapper,p99_latency_ms,34.18711647171901,0.2345203938192105,34.10222418561493,34.27049382149214,30
100.0,0.8,outage,dapper,mean_latency_ms,7.381609814192322,0.14348774576691167,7.331697649688182,7.433717812533078,30
100.0,0.8,outage,dapper,usable_confidence_proxy,0.7255264574970844,0.00273138929991575,0.7245230285258677,0.7264802357218441,30
100.0,0.8,outage,dapper,mean_output_confidence,0.7255264574970844,0.00273138929991575,0.7245230285258677,0.7264802357218441,30
100.0,0.8,outage,dapper,bandwidth_per_1000_frames_kb,0.0,0.0,0.0,0.0,30
100.0,0.8,outage,dapper,remote_attempt_rate,0.0,0.0,0.0,0.0,30
100.0,0.8,outage,dapper,remote_accept_rate,0.0,0.0,0.0,0.0,30
100.0,0.8,outage,dapper,remote_accepted_per_frame,0.0,0.0,0.0,0.0,30
100.0,0.8,outage,dapper,remote_rejected_deadline_rate,0.0,0.0,0.0,0.0,30
100.0,0.8,outage,dapper,remote_failed_loss_rate,0.0,0.0,0.0,0.0,30
100.0,0.8,outage,dapper,fallback_rate,1.0,0.0,1.0,1.0,30
100.0,0.8,outage,dapper,reuse_rate,0.7340333333333333,0.0029300268721061903,0.7329666666666668,0.7350333333333333,30
100.0,0.8,outage,dapper,stale_acceptance_rate,0.0,0.0,0.0,0.0,30
100.0,0.8,outage,dapper,mode_switches_per_1000,418.43333333333334,10.48375864860971,414.6666666666667,422.1333333333333,30
100.0,0.8,outage,dapper,pct_local_fast,22.63,0.6012343624749752,22.419916666666666,22.84333333333333,30
100.0,0.8,outage,dapper,pct_edge_accurate,0.0,0.0,0.0,0.0,30
100.0,0.8,outage,dapper,pct_hybrid,0.0,0.0,0.0,0.0,30
100.0,0.8,outage,dapper,pct_degraded_safe,77.36999999999999,0.6012343624749765,77.15666666666668,77.58008333333335,30
100.0,0.9,stable,dapper,deadline_miss_rate,0.0,0.0,0.0,0.0,30
100.0,0.9,stable,dapper,p95_latency_ms,33.984265110354684,0.14612908292769589,33.9343159514038,34.036015368498674,30
100.0,0.9,stable,dapper,p99_latency_ms,34.78401367177919,0.06560311317343774,34.76065987728268,34.806824911760046,30
100.0,0.9,stable,dapper,mean_latency_ms,25.02027748999063,0.19474756789946776,24.952896569039584,25.094599531312916,30
100.0,0.9,stable,dapper,usable_confidence_proxy,0.7959976928158301,0.0030581965746421004,0.7949187491188087,0.7970282591916404,30
100.0,0.9,stable,dapper,mean_output_confidence,0.7249667322554326,0.0015304909747104968,0.7244513387101592,0.7255071023390036,30
100.0,0.9,stable,dapper,bandwidth_per_1000_frames_kb,21621.666666666668,335.8425671130112,21501.645833333336,21735.0,30
100.0,0.9,stable,dapper,remote_attempt_rate,0.8648666666666667,0.013433702684520463,0.8600658333333333,0.8694,30
100.0,0.9,stable,dapper,remote_accept_rate,0.5119299636219802,0.019710509684781493,0.5048710537106218,0.5185291640553195,30
100.0,0.9,stable,dapper,remote_accepted_per_frame,0.4427,0.01712862093609448,0.43670000000000003,0.44869999999999993,30
100.0,0.9,stable,dapper,remote_rejected_deadline_rate,0.47690963533308023,0.018550469460783117,0.47058399999723577,0.48349712111243753,30
100.0,0.9,stable,dapper,remote_failed_loss_rate,0.011160401044939667,0.0032782175425864904,0.010069906399418155,0.012335025962814114,30
100.0,0.9,stable,dapper,fallback_rate,0.0,0.0,0.0,0.0,30
100.0,0.9,stable,dapper,reuse_rate,0.0,0.0,0.0,0.0,30
100.0,0.9,stable,dapper,stale_acceptance_rate,0.0,0.0,0.0,0.0,30
100.0,0.9,stable,dapper,mode_switches_per_1000,233.3,23.550605819867112,225.26666666666668,241.90083333333334,30
100.0,0.9,stable,dapper,pct_local_fast,13.513333333333334,1.3433702684520452,13.06,13.993416666666668,30
100.0,0.9,stable,dapper,pct_edge_accurate,0.0,0.0,0.0,0.0,30
100.0,0.9,stable,dapper,pct_hybrid,86.48666666666666,1.3433702684520459,86.00658333333332,86.93999999999998,30
100.0,0.9,stable,dapper,pct_degraded_safe,0.0,0.0,0.0,0.0,30
100.0,0.9,congested,dapper,deadline_miss_rate,0.0,0.0,0.0,0.0,30
100.0,0.9,congested,dapper,p95_latency_ms,33.93663339562628,0.10384597263558462,33.89863800925726,33.97238476351824,30
100.0,0.9,congested,dapper,p99_latency_ms,34.76774120719711,0.0574407179719229,34.74658413465894,34.7871629365586,30
100.0,0.9,congested,dapper,mean_latency_ms,24.831886454720813,0.19570763546815947,24.76464899629824,24.902166867111045,30
100.0,0.9,congested,dapper,usable_confidence_proxy,0.724962592880273,0.001562881778886257,0.7244059800112123,0.7255382569621288,30
100.0,0.9,congested,dapper,mean_output_confidence,0.724962592880273,0.001562881778886257,0.7244059800112123,0.7255382569621288,30
100.0,0.9,congested,dapper,bandwidth_per_1000_frames_kb,2.5,7.628214415734117,0.0,5.833333333333333,30
100.0,0.9,congested,dapper,remote_attempt_rate,0.0001,0.00030512857662936464,0.0,0.00023333333333333333,30
100.0,0.9,congested,dapper,remote_accept_rate,0.0,0.0,0.0,0.0,30
100.0,0.9,congested,dapper,remote_accepted_per_frame,0.0,0.0,0.0,0.0,30
100.0,0.9,congested,dapper,remote_rejected_deadline_rate,0.1,0.30512857662936466,0.0,0.23333333333333334,30
100.0,0.9,congested,dapper,remote_failed_loss_rate,0.0,0.0,0.0,0.0,30
100.0,0.9,congested,dapper,fallback_rate,0.007433333333333334,0.0027628487713469464,0.006500000000000001,0.008433333333333336,30
100.0,0.9,congested,dapper,reuse_rate,0.007433333333333334,0.0027628487713469464,0.006500000000000001,0.008433333333333336,30
100.0,0.9,congested,dapper,stale_acceptance_rate,0.0,0.0,0.0,0.0,30
100.0,0.9,congested,dapper,mode_switches_per_1000,12.133333333333333,4.032055463949847,10.733333333333333,13.533333333333333,30
100.0,0.9,congested,dapper,pct_local_fast,99.24666666666667,0.28494806947731727,99.14333333333335,99.34333333333335,30
100.0,0.9,congested,dapper,pct_edge_accurate,0.0,0.0,0.0,0.0,30
100.0,0.9,congested,dapper,pct_hybrid,0.010000000000000002,0.030512857662936467,0.0,0.02333333333333333,30
100.0,0.9,congested,dapper,pct_degraded_safe,0.7433333333333334,0.2762848771346947,0.6499999999999999,0.8433333333333334,30
100.0,0.9,lossy,dapper,deadline_miss_rate,0.0,0.0,0.0,0.0,30
100.0,0.9,lossy,dapper,p95_latency_ms,34.012278154614826,0.12120943376607804,33.96820622195287,34.05448763655662,30
100.0,0.9,lossy,dapper,p99_latency_ms,34.80546807570768,0.06143547890706443,34.78316485257998,34.826772350222946,30
100.0,0.9,lossy,dapper,mean_latency_ms,25.003209635014095,0.15974262798343122,24.94828249795479,25.06142062043607,30
100.0,0.9,lossy,dapper,usable_confidence_proxy,0.7405908249005024,0.0021791822011149593,0.7398410541525798,0.7414035181047496,30
100.0,0.9,lossy,dapper,mean_output_confidence,0.7247968267120143,0.001322250002252836,0.724324432482122,0.7252569980501671,30
100.0,0.9,lossy,dapper,bandwidth_per_1000_frames_kb,18126.666666666668,439.9222763118529,17974.145833333336,18280.854166666664,30
100.0,0.9,lossy,dapper,remote_attempt_rate,0.7250666666666666,0.017596891052474133,0.7189658333333333,0.7312341666666669,30
100.0,0.9,lossy,dapper,remote_accept_rate,0.13679093773844395,0.013577245742963,0.13191884518259378,0.14162339878389738,30
100.0,0.9,lossy,dapper,remote_accepted_per_frame,0.0992,0.010347080214510624,0.09549916666666665,0.10293333333333334,30
100.0,0.9,lossy,dapper,remote_rejected_deadline_rate,0.6753218499411897,0.02119149299989947,0.6676396061194204,0.6827484105054069,30
100.0,0.9,lossy,dapper,remote_failed_loss_rate,0.1878872123203663,0.01734266639357781,0.18157678395727622,0.1940945488078968,30
100.0,0.9,lossy,dapper,fallback_rate,0.0,0.0,0.0,0.0,30
100.0,0.9,lossy,dapper,reuse_rate,0.0,0.0,0.0,0.0,30
100.0,0.9,lossy,dapper,stale_acceptance_rate,0.0,0.0,0.0,0.0,30
100.0,0.9,lossy,dapper,mode_switches_per_1000,363.26666666666665,20.082473630667035,356.2,370.46666666666664,30
100.0,0.9,lossy,dapper,pct_local_fast,27.493333333333332,1.7596891052474113,26.87658333333333,28.103416666666664,30
100.0,0.9,lossy,dapper,pct_edge_accurate,0.0,0.0,0.0,0.0,30
100.0,0.9,lossy,dapper,pct_hybrid,72.50666666666667,1.759689105247415,71.89658333333333,73.12341666666669,30
100.0,0.9,lossy,dapper,pct_degraded_safe,0.0,0.0,0.0,0.0,30
100.0,0.9,variable,dapper,deadline_miss_rate,0.0002666666666666667,0.0005208304597621879,0.0001,0.0004666666666666667,30
100.0,0.9,variable,dapper,p95_latency_ms,33.75978969502176,0.20893545019193607,33.685851455438026,33.83389674897893,30
100.0,0.9,variable,dapper,p99_latency_ms,34.72986627091071,0.10105136958407746,34.69084538820108,34.76297452615171,30
100.0,0.9,variable,dapper,mean_latency_ms,20.963579867744155,0.7429032505015373,20.70657174510282,21.22270458688661,30
100.0,0.9,variable,dapper,usable_confidence_proxy,0.7313352882725592,0.0025462335208402856,0.7304264533446478,0.7321873238723492,30
100.0,0.9,variable,dapper,mean_output_confidence,0.7256902629329639,0.001978043991541181,0.7250024259658719,0.7263765097830975,30
100.0,0.9,variable,dapper,bandwidth_per_1000_frames_kb,5777.5,618.9308774285564,5560.791666666666,5989.229166666666,30
100.0,0.9,variable,dapper,remote_attempt_rate,0.2311,0.02475723509714226,0.22243166666666667,0.23956916666666667,30
100.0,0.9,variable,dapper,remote_accept_rate,0.1593225904647559,0.030227815733317422,0.14854986769116424,0.16977120142322374,30
100.0,0.9,variable,dapper,remote_accepted_per_frame,0.03679999999999999,0.008243701880202556,0.03400000000000001,0.03976666666666666,30
100.0,0.9,variable,dapper,remote_rejected_deadline_rate,0.7687412516943987,0.03144991902511748,0.7573523738018126,0.7796160282186023,30
100.0,0.9,variable,dapper,remote_failed_loss_rate,0.07193615784084549,0.016135950496985536,0.06638961513178773,0.07778178250251701,30
100.0,0.9,variable,dapper,fallback_rate,0.21969999999999998,0.04010774282458138,0.2057658333333333,0.23396750000000002,30
100.0,0.9,variable,dapper,reuse_rate,0.16830000000000003,0.030488154850808802,0.15770000000000003,0.17916666666666664,30
100.0,0.9,variable,dapper,stale_acceptance_rate,0.0,0.0,0.0,0.0,30
100.0,0.9,variable,dapper,mode_switches_per_1000,316.6333333333333,16.73419652488082,310.8,322.73333333333335,30
100.0,0.9,variable,dapper,pct_local_fast,60.05999999999999,2.943326759602662,59.00658333333334,61.09666666666667,30
100.0,0.9,variable,dapper,pct_edge_accurate,0.08333333333333333,0.09128709291752769,0.05333333333333333,0.11666666666666668,30
100.0,0.9,variable,dapper,pct_hybrid,23.026666666666664,2.464217485550323,22.15666666666667,23.88,30
100.0,0.9,variable,dapper,pct_degraded_safe,16.83,3.0488154850808806,15.770000000000003,17.916666666666668,30
100.0,0.9,outage,dapper,deadline_miss_rate,0.0,0.0,0.0,0.0,30
100.0,0.9,outage,dapper,p95_latency_ms,31.18838425196936,0.5009047087578914,31.014573146138307,31.359947063348404,30
100.0,0.9,outage,dapper,p99_latency_ms,34.18711647171901,0.2345203938192105,34.10222418561493,34.27049382149214,30
100.0,0.9,outage,dapper,mean_latency_ms,7.381609814192322,0.14348774576691167,7.331697649688182,7.433717812533078,30
100.0,0.9,outage,dapper,usable_confidence_proxy,0.7255264574970844,0.00273138929991575,0.7245230285258677,0.7264802357218441,30
100.0,0.9,outage,dapper,mean_output_confidence,0.7255264574970844,0.00273138929991575,0.7245230285258677,0.7264802357218441,30
100.0,0.9,outage,dapper,bandwidth_per_1000_frames_kb,0.0,0.0,0.0,0.0,30
100.0,0.9,outage,dapper,remote_attempt_rate,0.0,0.0,0.0,0.0,30
100.0,0.9,outage,dapper,remote_accept_rate,0.0,0.0,0.0,0.0,30
100.0,0.9,outage,dapper,remote_accepted_per_frame,0.0,0.0,0.0,0.0,30
100.0,0.9,outage,dapper,remote_rejected_deadline_rate,0.0,0.0,0.0,0.0,30
100.0,0.9,outage,dapper,remote_failed_loss_rate,0.0,0.0,0.0,0.0,30
100.0,0.9,outage,dapper,fallback_rate,1.0,0.0,1.0,1.0,30
100.0,0.9,outage,dapper,reuse_rate,0.7340333333333333,0.0029300268721061903,0.7329666666666668,0.7350333333333333,30
100.0,0.9,outage,dapper,stale_acceptance_rate,0.0,0.0,0.0,0.0,30
100.0,0.9,outage,dapper,mode_switches_per_1000,418.43333333333334,10.48375864860971,414.6666666666667,422.1333333333333,30
100.0,0.9,outage,dapper,pct_local_fast,22.63,0.6012343624749752,22.419916666666666,22.84333333333333,30
100.0,0.9,outage,dapper,pct_edge_accurate,0.0,0.0,0.0,0.0,30
100.0,0.9,outage,dapper,pct_hybrid,0.0,0.0,0.0,0.0,30
100.0,0.9,outage,dapper,pct_degraded_safe,77.36999999999999,0.6012343624749765,77.15666666666668,77.58008333333335,30
100.0,1.0,stable,dapper,deadline_miss_rate,0.25899999999999995,0.019238969074107968,0.2524666666666667,0.2658008333333333,30
100.0,1.0,stable,dapper,p95_latency_ms,130.88774739188267,0.7221281994918645,130.63475661344592,131.14374236958471,30
100.0,1.0,stable,dapper,p99_latency_ms,134.16935782626248,0.2671122916644394,134.0709066492429,134.26007391621442,30
100.0,1.0,stable,dapper,mean_latency_ms,69.18726985222311,1.9779276483009105,68.51463251197642,69.86019951645703,30
100.0,1.0,stable,dapper,usable_confidence_proxy,0.6109753688661193,0.015786242886056727,0.6053578706615278,0.6163581962408314,30
100.0,1.0,stable,dapper,mean_output_confidence,0.7726841199863537,0.002597374443655774,0.7717793545020473,0.7735874340090333,30
100.0,1.0,stable,dapper,bandwidth_per_1000_frames_kb,21621.666666666668,335.8425671130112,21501.645833333336,21735.0,30
100.0,1.0,stable,dapper,remote_attempt_rate,0.8648666666666667,0.013433702684520463,0.8600658333333333,0.8694,30
100.0,1.0,stable,dapper,remote_accept_rate,0.5119299636219802,0.019710509684781493,0.5048710537106218,0.5185291640553195,30
100.0,1.0,stable,dapper,remote_accepted_per_frame,0.4427,0.01712862093609448,0.43670000000000003,0.44869999999999993,30
100.0,1.0,stable,dapper,remote_rejected_deadline_rate,0.47690963533308023,0.018550469460783117,0.47058399999723577,0.48349712111243753,30
100.0,1.0,stable,dapper,remote_failed_loss_rate,0.011160401044939667,0.0032782175425864904,0.010069906399418155,0.012335025962814114,30
100.0,1.0,stable,dapper,fallback_rate,0.25899999999999995,0.019238969074107968,0.2524666666666667,0.2658008333333333,30
100.0,1.0,stable,dapper,reuse_rate,0.0,0.0,0.0,0.0,30
100.0,1.0,stable,dapper,stale_acceptance_rate,0.0,0.0,0.0,0.0,30
100.0,1.0,stable,dapper,mode_switches_per_1000,410.23333333333335,20.49168600682479,403.2325,417.7,30
100.0,1.0,stable,dapper,pct_local_fast,13.513333333333334,1.3433702684520452,13.06,13.993416666666668,30
100.0,1.0,stable,dapper,pct_edge_accurate,55.62,2.2205000989991333,54.85991666666667,56.373416666666664,30
100.0,1.0,stable,dapper,pct_hybrid,30.86666666666667,2.4739098376977022,30.006666666666664,31.68675,30
100.0,1.0,stable,dapper,pct_degraded_safe,0.0,0.0,0.0,0.0,30
100.0,1.0,congested,dapper,deadline_miss_rate,0.0,0.0,0.0,0.0,30
100.0,1.0,congested,dapper,p95_latency_ms,33.93663339562628,0.10384597263558462,33.89863800925726,33.97238476351824,30
100.0,1.0,congested,dapper,p99_latency_ms,34.76774120719711,0.0574407179719229,34.74658413465894,34.7871629365586,30
100.0,1.0,congested,dapper,mean_latency_ms,24.831886454720813,0.19570763546815947,24.76464899629824,24.902166867111045,30
100.0,1.0,congested,dapper,usable_confidence_proxy,0.724962592880273,0.001562881778886257,0.7244059800112123,0.7255382569621288,30
100.0,1.0,congested,dapper,mean_output_confidence,0.724962592880273,0.001562881778886257,0.7244059800112123,0.7255382569621288,30
100.0,1.0,congested,dapper,bandwidth_per_1000_frames_kb,2.5,7.628214415734117,0.0,5.833333333333333,30
100.0,1.0,congested,dapper,remote_attempt_rate,0.0001,0.00030512857662936464,0.0,0.00023333333333333333,30
100.0,1.0,congested,dapper,remote_accept_rate,0.0,0.0,0.0,0.0,30
100.0,1.0,congested,dapper,remote_accepted_per_frame,0.0,0.0,0.0,0.0,30
100.0,1.0,congested,dapper,remote_rejected_deadline_rate,0.1,0.30512857662936466,0.0,0.23333333333333334,30
100.0,1.0,congested,dapper,remote_failed_loss_rate,0.0,0.0,0.0,0.0,30
100.0,1.0,congested,dapper,fallback_rate,0.007433333333333334,0.0027628487713469464,0.006500000000000001,0.008433333333333336,30
100.0,1.0,congested,dapper,reuse_rate,0.007433333333333334,0.0027628487713469464,0.006500000000000001,0.008433333333333336,30
100.0,1.0,congested,dapper,stale_acceptance_rate,0.0,0.0,0.0,0.0,30
100.0,1.0,congested,dapper,mode_switches_per_1000,12.133333333333333,4.032055463949847,10.733333333333333,13.533333333333333,30
100.0,1.0,congested,dapper,pct_local_fast,99.24666666666667,0.28494806947731727,99.14333333333335,99.34333333333335,30
100.0,1.0,congested,dapper,pct_edge_accurate,0.0,0.0,0.0,0.0,30
100.0,1.0,congested,dapper,pct_hybrid,0.010000000000000002,0.030512857662936467,0.0,0.02333333333333333,30
100.0,1.0,congested,dapper,pct_degraded_safe,0.7433333333333334,0.2762848771346947,0.6499999999999999,0.8433333333333334,30
100.0,1.0,lossy,dapper,deadline_miss_rate,0.0,0.0,0.0,0.0,30
100.0,1.0,lossy,dapper,p95_latency_ms,34.012278154614826,0.12120943376607804,33.96820622195287,34.05448763655662,30
100.0,1.0,lossy,dapper,p99_latency_ms,34.80546807570768,0.06143547890706443,34.78316485257998,34.826772350222946,30
100.0,1.0,lossy,dapper,mean_latency_ms,25.003209635014095,0.15974262798343122,24.94828249795479,25.06142062043607,30
100.0,1.0,lossy,dapper,usable_confidence_proxy,0.7405908249005024,0.0021791822011149593,0.7398410541525798,0.7414035181047496,30
100.0,1.0,lossy,dapper,mean_output_confidence,0.7247968267120143,0.001322250002252836,0.724324432482122,0.7252569980501671,30
100.0,1.0,lossy,dapper,bandwidth_per_1000_frames_kb,18126.666666666668,439.9222763118529,17974.145833333336,18280.854166666664,30
100.0,1.0,lossy,dapper,remote_attempt_rate,0.7250666666666666,0.017596891052474133,0.7189658333333333,0.7312341666666669,30
100.0,1.0,lossy,dapper,remote_accept_rate,0.13679093773844395,0.013577245742963,0.13191884518259378,0.14162339878389738,30
100.0,1.0,lossy,dapper,remote_accepted_per_frame,0.0992,0.010347080214510624,0.09549916666666665,0.10293333333333334,30
100.0,1.0,lossy,dapper,remote_rejected_deadline_rate,0.6753218499411897,0.02119149299989947,0.6676396061194204,0.6827484105054069,30
100.0,1.0,lossy,dapper,remote_failed_loss_rate,0.1878872123203663,0.01734266639357781,0.18157678395727622,0.1940945488078968,30
100.0,1.0,lossy,dapper,fallback_rate,0.0,0.0,0.0,0.0,30
100.0,1.0,lossy,dapper,reuse_rate,0.0,0.0,0.0,0.0,30
100.0,1.0,lossy,dapper,stale_acceptance_rate,0.0,0.0,0.0,0.0,30
100.0,1.0,lossy,dapper,mode_switches_per_1000,363.26666666666665,20.082473630667035,356.2,370.46666666666664,30
100.0,1.0,lossy,dapper,pct_local_fast,27.493333333333332,1.7596891052474113,26.87658333333333,28.103416666666664,30
100.0,1.0,lossy,dapper,pct_edge_accurate,0.0,0.0,0.0,0.0,30
100.0,1.0,lossy,dapper,pct_hybrid,72.50666666666667,1.759689105247415,71.89658333333333,73.12341666666669,30
100.0,1.0,lossy,dapper,pct_degraded_safe,0.0,0.0,0.0,0.0,30
100.0,1.0,variable,dapper,deadline_miss_rate,0.0029666666666666674,0.0022358109434191084,0.002266666666666667,0.0038000000000000004,30
100.0,1.0,variable,dapper,p95_latency_ms,33.91075584062427,0.20137864315731244,33.8380643567594,33.97934993909061,30
100.0,1.0,variable,dapper,p99_latency_ms,43.80144694962694,19.964087683389806,37.471375053972935,51.50450039949633,30
100.0,1.0,variable,dapper,mean_latency_ms,21.41378569945082,0.8295935511142272,21.12928709357179,21.70289526243055,30
100.0,1.0,variable,dapper,usable_confidence_proxy,0.7294247392263339,0.0032031274438298544,0.7282572726926859,0.7304845503493141,30
100.0,1.0,variable,dapper,mean_output_confidence,0.7261942056657111,0.002016765055562187,0.7254837500630298,0.7268924969782985,30
100.0,1.0,variable,dapper,bandwidth_per_1000_frames_kb,5777.5,618.9308774285564,5560.791666666666,5989.229166666666,30
100.0,1.0,variable,dapper,remote_attempt_rate,0.2311,0.02475723509714226,0.22243166666666667,0.23956916666666667,30
100.0,1.0,variable,dapper,remote_accept_rate,0.1593225904647559,0.030227815733317422,0.14854986769116424,0.16977120142322374,30
100.0,1.0,variable,dapper,remote_accepted_per_frame,0.03679999999999999,0.008243701880202556,0.03400000000000001,0.03976666666666666,30
100.0,1.0,variable,dapper,remote_rejected_deadline_rate,0.7687412516943987,0.03144991902511748,0.7573523738018126,0.7796160282186023,30
100.0,1.0,variable,dapper,remote_failed_loss_rate,0.07193615784084549,0.016135950496985536,0.06638961513178773,0.07778178250251701,30
100.0,1.0,variable,dapper,fallback_rate,0.2224,0.039675059481084414,0.20866666666666667,0.2364333333333333,30
100.0,1.0,variable,dapper,reuse_rate,0.16833333333333336,0.030506453057687965,0.1577658333333333,0.1792008333333333,30
100.0,1.0,variable,dapper,stale_acceptance_rate,0.0,0.0,0.0,0.0,30
100.0,1.0,variable,dapper,mode_switches_per_1000,323.2,17.117041317011413,317.1,329.3675,30
100.0,1.0,variable,dapper,pct_local_fast,60.05666666666666,2.941109728789732,59.00658333333334,61.09333333333334,30
100.0,1.0,variable,dapper,pct_edge_accurate,0.6566666666666666,0.323433448181073,0.5466666666666666,0.7733333333333333,30
100.0,1.0,variable,dapper,pct_hybrid,22.453333333333333,2.3957913289671167,21.610000000000003,23.270083333333332,30
100.0,1.0,variable,dapper,pct_degraded_safe,16.833333333333332,3.0506453057687963,15.776583333333335,17.920083333333334,30
100.0,1.0,outage,dapper,deadline_miss_rate,0.0,0.0,0.0,0.0,30
100.0,1.0,outage,dapper,p95_latency_ms,31.18838425196936,0.5009047087578914,31.014573146138307,31.359947063348404,30
100.0,1.0,outage,dapper,p99_latency_ms,34.18711647171901,0.2345203938192105,34.10222418561493,34.27049382149214,30
100.0,1.0,outage,dapper,mean_latency_ms,7.381609814192322,0.14348774576691167,7.331697649688182,7.433717812533078,30
100.0,1.0,outage,dapper,usable_confidence_proxy,0.7255264574970844,0.00273138929991575,0.7245230285258677,0.7264802357218441,30
100.0,1.0,outage,dapper,mean_output_confidence,0.7255264574970844,0.00273138929991575,0.7245230285258677,0.7264802357218441,30
100.0,1.0,outage,dapper,bandwidth_per_1000_frames_kb,0.0,0.0,0.0,0.0,30
100.0,1.0,outage,dapper,remote_attempt_rate,0.0,0.0,0.0,0.0,30
100.0,1.0,outage,dapper,remote_accept_rate,0.0,0.0,0.0,0.0,30
100.0,1.0,outage,dapper,remote_accepted_per_frame,0.0,0.0,0.0,0.0,30
100.0,1.0,outage,dapper,remote_rejected_deadline_rate,0.0,0.0,0.0,0.0,30
100.0,1.0,outage,dapper,remote_failed_loss_rate,0.0,0.0,0.0,0.0,30
100.0,1.0,outage,dapper,fallback_rate,1.0,0.0,1.0,1.0,30
100.0,1.0,outage,dapper,reuse_rate,0.7340333333333333,0.0029300268721061903,0.7329666666666668,0.7350333333333333,30
100.0,1.0,outage,dapper,stale_acceptance_rate,0.0,0.0,0.0,0.0,30
100.0,1.0,outage,dapper,mode_switches_per_1000,418.43333333333334,10.48375864860971,414.6666666666667,422.1333333333333,30
100.0,1.0,outage,dapper,pct_local_fast,22.63,0.6012343624749752,22.419916666666666,22.84333333333333,30
100.0,1.0,outage,dapper,pct_edge_accurate,0.0,0.0,0.0,0.0,30
100.0,1.0,outage,dapper,pct_hybrid,0.0,0.0,0.0,0.0,30
100.0,1.0,outage,dapper,pct_degraded_safe,77.36999999999999,0.6012343624749765,77.15666666666668,77.58008333333335,30
125.0,0.2,stable,dapper,deadline_miss_rate,0.0,0.0,0.0,0.0,30
125.0,0.2,stable,dapper,p95_latency_ms,33.984265110354684,0.14612908292769589,33.9343159514038,34.036015368498674,30
125.0,0.2,stable,dapper,p99_latency_ms,34.78401367177919,0.06560311317343774,34.76065987728268,34.806824911760046,30
125.0,0.2,stable,dapper,mean_latency_ms,25.02027748999063,0.19474756789946776,24.952896569039584,25.094599531312916,30
125.0,0.2,stable,dapper,usable_confidence_proxy,0.7959976928158301,0.0030581965746421004,0.7949187491188087,0.7970282591916404,30
125.0,0.2,stable,dapper,mean_output_confidence,0.7249667322554326,0.0015304909747104968,0.7244513387101592,0.7255071023390036,30
125.0,0.2,stable,dapper,bandwidth_per_1000_frames_kb,21621.666666666668,335.8425671130112,21501.645833333336,21735.0,30
125.0,0.2,stable,dapper,remote_attempt_rate,0.8648666666666667,0.013433702684520463,0.8600658333333333,0.8694,30
125.0,0.2,stable,dapper,remote_accept_rate,0.5119299636219802,0.019710509684781493,0.5048710537106218,0.5185291640553195,30
125.0,0.2,stable,dapper,remote_accepted_per_frame,0.4427,0.01712862093609448,0.43670000000000003,0.44869999999999993,30
125.0,0.2,stable,dapper,remote_rejected_deadline_rate,0.008698126776249222,0.0026380088807374685,0.0077721919339940335,0.00964403298076039,30
125.0,0.2,stable,dapper,remote_failed_loss_rate,0.011160401044939667,0.0032782175425864904,0.010069906399418155,0.012335025962814114,30
125.0,0.2,stable,dapper,fallback_rate,0.0,0.0,0.0,0.0,30
125.0,0.2,stable,dapper,reuse_rate,0.0,0.0,0.0,0.0,30
125.0,0.2,stable,dapper,stale_acceptance_rate,0.0,0.0,0.0,0.0,30
125.0,0.2,stable,dapper,mode_switches_per_1000,233.3,23.550605819867112,225.26666666666668,241.90083333333334,30
125.0,0.2,stable,dapper,pct_local_fast,13.513333333333334,1.3433702684520452,13.06,13.993416666666668,30
125.0,0.2,stable,dapper,pct_edge_accurate,0.0,0.0,0.0,0.0,30
125.0,0.2,stable,dapper,pct_hybrid,86.48666666666666,1.3433702684520459,86.00658333333332,86.93999999999998,30
125.0,0.2,stable,dapper,pct_degraded_safe,0.0,0.0,0.0,0.0,30
125.0,0.2,congested,dapper,deadline_miss_rate,0.0,0.0,0.0,0.0,30
125.0,0.2,congested,dapper,p95_latency_ms,33.94268972592376,0.09803104261482531,33.906854831430806,33.97630119170664,30
125.0,0.2,congested,dapper,p99_latency_ms,34.769178949662624,0.05524239382592479,34.748642896298946,34.7879694671568,30
125.0,0.2,congested,dapper,mean_latency_ms,25.012597088142645,0.18113657767527264,24.949225112390963,25.077791277753096,30
125.0,0.2,congested,dapper,usable_confidence_proxy,0.7249282051819181,0.0016092933478095927,0.7243536843822596,0.725520489679899,30
125.0,0.2,congested,dapper,mean_output_confidence,0.7249282051819181,0.0016092933478095927,0.7243536843822596,0.725520489679899,30
125.0,0.2,congested,dapper,bandwidth_per_1000_frames_kb,2.5,7.628214415734117,0.0,5.833333333333333,30
125.0,0.2,congested,dapper,remote_attempt_rate,0.0001,0.00030512857662936464,0.0,0.00023333333333333333,30
125.0,0.2,congested,dapper,remote_accept_rate,0.0,0.0,0.0,0.0,30
125.0,0.2,congested,dapper,remote_accepted_per_frame,0.0,0.0,0.0,0.0,30
125.0,0.2,congested,dapper,remote_rejected_deadline_rate,0.06666666666666667,0.2537081317024624,0.0,0.16666666666666666,30
125.0,0.2,congested,dapper,remote_failed_loss_rate,0.0,0.0,0.0,0.0,30
125.0,0.2,congested,dapper,fallback_rate,0.0,0.0,0.0,0.0,30
125.0,0.2,congested,dapper,reuse_rate,0.0,0.0,0.0,0.0,30
125.0,0.2,congested,dapper,stale_acceptance_rate,0.0,0.0,0.0,0.0,30
125.0,0.2,congested,dapper,mode_switches_per_1000,0.2,0.6102571532587293,0.0,0.4666666666666667,30
125.0,0.2,congested,dapper,pct_local_fast,99.99000000000001,0.030512857662934732,99.97666666666667,100.0,30
125.0,0.2,congested,dapper,pct_edge_accurate,0.0,0.0,0.0,0.0,30
125.0,0.2,congested,dapper,pct_hybrid,0.010000000000000002,0.030512857662936467,0.0,0.02333333333333333,30
125.0,0.2,congested,dapper,pct_degraded_safe,0.0,0.0,0.0,0.0,30
125.0,0.2,lossy,dapper,deadline_miss_rate,0.0,0.0,0.0,0.0,30
125.0,0.2,lossy,dapper,p95_latency_ms,34.012278154614826,0.12120943376607804,33.96820622195287,34.05448763655662,30
125.0,0.2,lossy,dapper,p99_latency_ms,34.80546807570768,0.06143547890706443,34.78316485257998,34.826772350222946,30
125.0,0.2,lossy,dapper,mean_latency_ms,25.003209635014095,0.15974262798343122,24.94828249795479,25.06142062043607,30
125.0,0.2,lossy,dapper,usable_confidence_proxy,0.7419330638486503,0.002176431935039012,0.7411786637885632,0.7427331588153571,30
125.0,0.2,lossy,dapper,mean_output_confidence,0.7247968267120143,0.001322250002252836,0.724324432482122,0.7252569980501671,30
125.0,0.2,lossy,dapper,bandwidth_per_1000_frames_kb,21082.5,356.11347958877883,20960.0,21209.166666666668,30
125.0,0.2,lossy,dapper,remote_attempt_rate,0.8433,0.014244539183551164,0.8383999999999999,0.8483666666666668,30
125.0,0.2,lossy,dapper,remote_accept_rate,0.12747672431208384,0.012751057831312767,0.12295730837018858,0.13204932177818435,30
125.0,0.2,lossy,dapper,remote_accepted_per_frame,0.10746666666666668,0.010533144185701704,0.10360000000000001,0.11123333333333334,30
125.0,0.2,lossy,dapper,remote_rejected_deadline_rate,0.28704053515306854,0.015687012812140473,0.28154250770921446,0.29265571149547853,30
125.0,0.2,lossy,dapper,remote_failed_loss_rate,0.19910581275818443,0.014475638618159817,0.19398314972756506,0.20405781866022585,30
125.0,0.2,lossy,dapper,fallback_rate,0.0,0.0,0.0,0.0,30
125.0,0.2,lossy,dapper,reuse_rate,0.0,0.0,0.0,0.0,30
125.0,0.2,lossy,dapper,stale_acceptance_rate,0.0,0.0,0.0,0.0,30
125.0,0.2,lossy,dapper,mode_switches_per_1000,250.73333333333332,21.692098248827417,243.06666666666666,258.33416666666665,30
125.0,0.2,lossy,dapper,pct_local_fast,15.67,1.4244539183551155,15.163333333333334,16.16,30
125.0,0.2,lossy,dapper,pct_edge_accurate,0.0,0.0,0.0,0.0,30
125.0,0.2,lossy,dapper,pct_hybrid,84.32999999999998,1.4244539183551168,83.83999999999999,84.83666666666666,30
125.0,0.2,lossy,dapper,pct_degraded_safe,0.0,0.0,0.0,0.0,30
125.0,0.2,variable,dapper,deadline_miss_rate,0.0,0.0,0.0,0.0,30
125.0,0.2,variable,dapper,p95_latency_ms,33.747775519517624,0.20973021505140457,33.675323470701066,33.82211577900011,30
125.0,0.2,variable,dapper,p99_latency_ms,34.71834607205886,0.08846723190950932,34.68461798114216,34.746951888657705,30
125.0,0.2,variable,dapper,mean_latency_ms,20.940446707168096,0.7350940723083381,20.683336067108257,21.199328671737284,30
125.0,0.2,variable,dapper,usable_confidence_proxy,0.7315327792840012,0.0025047865419971973,0.730630043265056,0.7323686534291781,30
125.0,0.2,variable,dapper,mean_output_confidence,0.7255990845494175,0.001961270671757357,0.7249273980970206,0.7262792520187936,30
125.0,0.2,variable,dapper,bandwidth_per_1000_frames_kb,5777.5,618.9308774285564,5560.791666666666,5989.229166666666,30
125.0,0.2,variable,dapper,remote_attempt_rate,0.2311,0.02475723509714226,0.22243166666666667,0.23956916666666667,30
125.0,0.2,variable,dapper,remote_accept_rate,0.1593225904647559,0.030227815733317422,0.14854986769116424,0.16977120142322374,30
125.0,0.2,variable,dapper,remote_accepted_per_frame,0.03679999999999999,0.008243701880202556,0.03400000000000001,0.03976666666666666,30
125.0,0.2,variable,dapper,remote_rejected_deadline_rate,0.3551919173908033,0.03296637957561167,0.34351304998204657,0.36601979092955833,30
125.0,0.2,variable,dapper,remote_failed_loss_rate,0.07193615784084549,0.016135950496985536,0.06638961513178773,0.07778178250251701,30
125.0,0.2,variable,dapper,fallback_rate,0.218,0.040093855406774126,0.2041991666666667,0.23230083333333335,30
125.0,0.2,variable,dapper,reuse_rate,0.1668666666666667,0.030431079092149253,0.15633333333333335,0.17766666666666667,30
125.0,0.2,variable,dapper,stale_acceptance_rate,0.0,0.0,0.0,0.0,30
125.0,0.2,variable,dapper,mode_switches_per_1000,313.23333333333335,17.826139917767282,306.93333333333334,319.73333333333335,30
125.0,0.2,variable,dapper,pct_local_fast,60.20333333333333,2.981377063607068,59.14,61.250083333333336,30
125.0,0.2,variable,dapper,pct_edge_accurate,0.0,0.0,0.0,0.0,30
125.0,0.2,variable,dapper,pct_hybrid,23.11,2.475723509714226,22.243166666666664,23.956916666666668,30
125.0,0.2,variable,dapper,pct_degraded_safe,16.686666666666664,3.043107909214925,15.633333333333333,17.766666666666666,30
125.0,0.2,outage,dapper,deadline_miss_rate,0.0,0.0,0.0,0.0,30
125.0,0.2,outage,dapper,p95_latency_ms,31.18838425196936,0.5009047087578914,31.014573146138307,31.359947063348404,30
125.0,0.2,outage,dapper,p99_latency_ms,34.18711647171901,0.2345203938192105,34.10222418561493,34.27049382149214,30
125.0,0.2,outage,dapper,mean_latency_ms,7.381609814192322,0.14348774576691167,7.331697649688182,7.433717812533078,30
125.0,0.2,outage,dapper,usable_confidence_proxy,0.7255264574970844,0.00273138929991575,0.7245230285258677,0.7264802357218441,30
125.0,0.2,outage,dapper,mean_output_confidence,0.7255264574970844,0.00273138929991575,0.7245230285258677,0.7264802357218441,30
125.0,0.2,outage,dapper,bandwidth_per_1000_frames_kb,0.0,0.0,0.0,0.0,30
125.0,0.2,outage,dapper,remote_attempt_rate,0.0,0.0,0.0,0.0,30
125.0,0.2,outage,dapper,remote_accept_rate,0.0,0.0,0.0,0.0,30
125.0,0.2,outage,dapper,remote_accepted_per_frame,0.0,0.0,0.0,0.0,30
125.0,0.2,outage,dapper,remote_rejected_deadline_rate,0.0,0.0,0.0,0.0,30
125.0,0.2,outage,dapper,remote_failed_loss_rate,0.0,0.0,0.0,0.0,30
125.0,0.2,outage,dapper,fallback_rate,1.0,0.0,1.0,1.0,30
125.0,0.2,outage,dapper,reuse_rate,0.7340333333333333,0.0029300268721061903,0.7329666666666668,0.7350333333333333,30
125.0,0.2,outage,dapper,stale_acceptance_rate,0.0,0.0,0.0,0.0,30
125.0,0.2,outage,dapper,mode_switches_per_1000,418.43333333333334,10.48375864860971,414.6666666666667,422.1333333333333,30
125.0,0.2,outage,dapper,pct_local_fast,22.63,0.6012343624749752,22.419916666666666,22.84333333333333,30
125.0,0.2,outage,dapper,pct_edge_accurate,0.0,0.0,0.0,0.0,30
125.0,0.2,outage,dapper,pct_hybrid,0.0,0.0,0.0,0.0,30
125.0,0.2,outage,dapper,pct_degraded_safe,77.36999999999999,0.6012343624749765,77.15666666666668,77.58008333333335,30
125.0,0.3,stable,dapper,deadline_miss_rate,0.0,0.0,0.0,0.0,30
125.0,0.3,stable,dapper,p95_latency_ms,33.984265110354684,0.14612908292769589,33.9343159514038,34.036015368498674,30
125.0,0.3,stable,dapper,p99_latency_ms,34.78401367177919,0.06560311317343774,34.76065987728268,34.806824911760046,30
125.0,0.3,stable,dapper,mean_latency_ms,25.02027748999063,0.19474756789946776,24.952896569039584,25.094599531312916,30
125.0,0.3,stable,dapper,usable_confidence_proxy,0.7959976928158301,0.0030581965746421004,0.7949187491188087,0.7970282591916404,30
125.0,0.3,stable,dapper,mean_output_confidence,0.7249667322554326,0.0015304909747104968,0.7244513387101592,0.7255071023390036,30
125.0,0.3,stable,dapper,bandwidth_per_1000_frames_kb,21621.666666666668,335.8425671130112,21501.645833333336,21735.0,30
125.0,0.3,stable,dapper,remote_attempt_rate,0.8648666666666667,0.013433702684520463,0.8600658333333333,0.8694,30
125.0,0.3,stable,dapper,remote_accept_rate,0.5119299636219802,0.019710509684781493,0.5048710537106218,0.5185291640553195,30
125.0,0.3,stable,dapper,remote_accepted_per_frame,0.4427,0.01712862093609448,0.43670000000000003,0.44869999999999993,30
125.0,0.3,stable,dapper,remote_rejected_deadline_rate,0.008698126776249222,0.0026380088807374685,0.0077721919339940335,0.00964403298076039,30
125.0,0.3,stable,dapper,remote_failed_loss_rate,0.011160401044939667,0.0032782175425864904,0.010069906399418155,0.012335025962814114,30
125.0,0.3,stable,dapper,fallback_rate,0.0,0.0,0.0,0.0,30
125.0,0.3,stable,dapper,reuse_rate,0.0,0.0,0.0,0.0,30
125.0,0.3,stable,dapper,stale_acceptance_rate,0.0,0.0,0.0,0.0,30
125.0,0.3,stable,dapper,mode_switches_per_1000,233.3,23.550605819867112,225.26666666666668,241.90083333333334,30
125.0,0.3,stable,dapper,pct_local_fast,13.513333333333334,1.3433702684520452,13.06,13.993416666666668,30
125.0,0.3,stable,dapper,pct_edge_accurate,0.0,0.0,0.0,0.0,30
125.0,0.3,stable,dapper,pct_hybrid,86.48666666666666,1.3433702684520459,86.00658333333332,86.93999999999998,30
125.0,0.3,stable,dapper,pct_degraded_safe,0.0,0.0,0.0,0.0,30
125.0,0.3,congested,dapper,deadline_miss_rate,0.0,0.0,0.0,0.0,30
125.0,0.3,congested,dapper,p95_latency_ms,33.94268972592376,0.09803104261482531,33.906854831430806,33.97630119170664,30
125.0,0.3,congested,dapper,p99_latency_ms,34.769178949662624,0.05524239382592479,34.748642896298946,34.7879694671568,30
125.0,0.3,congested,dapper,mean_latency_ms,25.012597088142645,0.18113657767527264,24.949225112390963,25.077791277753096,30
125.0,0.3,congested,dapper,usable_confidence_proxy,0.7249282051819181,0.0016092933478095927,0.7243536843822596,0.725520489679899,30
125.0,0.3,congested,dapper,mean_output_confidence,0.7249282051819181,0.0016092933478095927,0.7243536843822596,0.725520489679899,30
125.0,0.3,congested,dapper,bandwidth_per_1000_frames_kb,2.5,7.628214415734117,0.0,5.833333333333333,30
125.0,0.3,congested,dapper,remote_attempt_rate,0.0001,0.00030512857662936464,0.0,0.00023333333333333333,30
125.0,0.3,congested,dapper,remote_accept_rate,0.0,0.0,0.0,0.0,30
125.0,0.3,congested,dapper,remote_accepted_per_frame,0.0,0.0,0.0,0.0,30
125.0,0.3,congested,dapper,remote_rejected_deadline_rate,0.06666666666666667,0.2537081317024624,0.0,0.16666666666666666,30
125.0,0.3,congested,dapper,remote_failed_loss_rate,0.0,0.0,0.0,0.0,30
125.0,0.3,congested,dapper,fallback_rate,0.0,0.0,0.0,0.0,30
125.0,0.3,congested,dapper,reuse_rate,0.0,0.0,0.0,0.0,30
125.0,0.3,congested,dapper,stale_acceptance_rate,0.0,0.0,0.0,0.0,30
125.0,0.3,congested,dapper,mode_switches_per_1000,0.2,0.6102571532587293,0.0,0.4666666666666667,30
125.0,0.3,congested,dapper,pct_local_fast,99.99000000000001,0.030512857662934732,99.97666666666667,100.0,30
125.0,0.3,congested,dapper,pct_edge_accurate,0.0,0.0,0.0,0.0,30
125.0,0.3,congested,dapper,pct_hybrid,0.010000000000000002,0.030512857662936467,0.0,0.02333333333333333,30
125.0,0.3,congested,dapper,pct_degraded_safe,0.0,0.0,0.0,0.0,30
125.0,0.3,lossy,dapper,deadline_miss_rate,0.0,0.0,0.0,0.0,30
125.0,0.3,lossy,dapper,p95_latency_ms,34.012278154614826,0.12120943376607804,33.96820622195287,34.05448763655662,30
125.0,0.3,lossy,dapper,p99_latency_ms,34.80546807570768,0.06143547890706443,34.78316485257998,34.826772350222946,30
125.0,0.3,lossy,dapper,mean_latency_ms,25.003209635014095,0.15974262798343122,24.94828249795479,25.06142062043607,30
125.0,0.3,lossy,dapper,usable_confidence_proxy,0.7419330638486503,0.002176431935039012,0.7411786637885632,0.7427331588153571,30
125.0,0.3,lossy,dapper,mean_output_confidence,0.7247968267120143,0.001322250002252836,0.724324432482122,0.7252569980501671,30
125.0,0.3,lossy,dapper,bandwidth_per_1000_frames_kb,21082.5,356.11347958877883,20960.0,21209.166666666668,30
125.0,0.3,lossy,dapper,remote_attempt_rate,0.8433,0.014244539183551164,0.8383999999999999,0.8483666666666668,30
125.0,0.3,lossy,dapper,remote_accept_rate,0.12747672431208384,0.012751057831312767,0.12295730837018858,0.13204932177818435,30
125.0,0.3,lossy,dapper,remote_accepted_per_frame,0.10746666666666668,0.010533144185701704,0.10360000000000001,0.11123333333333334,30
125.0,0.3,lossy,dapper,remote_rejected_deadline_rate,0.28704053515306854,0.015687012812140473,0.28154250770921446,0.29265571149547853,30
125.0,0.3,lossy,dapper,remote_failed_loss_rate,0.19910581275818443,0.014475638618159817,0.19398314972756506,0.20405781866022585,30
125.0,0.3,lossy,dapper,fallback_rate,0.0,0.0,0.0,0.0,30
125.0,0.3,lossy,dapper,reuse_rate,0.0,0.0,0.0,0.0,30
125.0,0.3,lossy,dapper,stale_acceptance_rate,0.0,0.0,0.0,0.0,30
125.0,0.3,lossy,dapper,mode_switches_per_1000,250.73333333333332,21.692098248827417,243.06666666666666,258.33416666666665,30
125.0,0.3,lossy,dapper,pct_local_fast,15.67,1.4244539183551155,15.163333333333334,16.16,30
125.0,0.3,lossy,dapper,pct_edge_accurate,0.0,0.0,0.0,0.0,30
125.0,0.3,lossy,dapper,pct_hybrid,84.32999999999998,1.4244539183551168,83.83999999999999,84.83666666666666,30
125.0,0.3,lossy,dapper,pct_degraded_safe,0.0,0.0,0.0,0.0,30
125.0,0.3,variable,dapper,deadline_miss_rate,0.0,0.0,0.0,0.0,30
125.0,0.3,variable,dapper,p95_latency_ms,33.747775519517624,0.20973021505140457,33.675323470701066,33.82211577900011,30
125.0,0.3,variable,dapper,p99_latency_ms,34.71834607205886,0.08846723190950932,34.68461798114216,34.746951888657705,30
125.0,0.3,variable,dapper,mean_latency_ms,20.940446707168096,0.7350940723083381,20.683336067108257,21.199328671737284,30
125.0,0.3,variable,dapper,usable_confidence_proxy,0.7315327792840012,0.0025047865419971973,0.730630043265056,0.7323686534291781,30
125.0,0.3,variable,dapper,mean_output_confidence,0.7255990845494175,0.001961270671757357,0.7249273980970206,0.7262792520187936,30
125.0,0.3,variable,dapper,bandwidth_per_1000_frames_kb,5777.5,618.9308774285564,5560.791666666666,5989.229166666666,30
125.0,0.3,variable,dapper,remote_attempt_rate,0.2311,0.02475723509714226,0.22243166666666667,0.23956916666666667,30
125.0,0.3,variable,dapper,remote_accept_rate,0.1593225904647559,0.030227815733317422,0.14854986769116424,0.16977120142322374,30
125.0,0.3,variable,dapper,remote_accepted_per_frame,0.03679999999999999,0.008243701880202556,0.03400000000000001,0.03976666666666666,30
125.0,0.3,variable,dapper,remote_rejected_deadline_rate,0.3551919173908033,0.03296637957561167,0.34351304998204657,0.36601979092955833,30
125.0,0.3,variable,dapper,remote_failed_loss_rate,0.07193615784084549,0.016135950496985536,0.06638961513178773,0.07778178250251701,30
125.0,0.3,variable,dapper,fallback_rate,0.218,0.040093855406774126,0.2041991666666667,0.23230083333333335,30
125.0,0.3,variable,dapper,reuse_rate,0.1668666666666667,0.030431079092149253,0.15633333333333335,0.17766666666666667,30
125.0,0.3,variable,dapper,stale_acceptance_rate,0.0,0.0,0.0,0.0,30
125.0,0.3,variable,dapper,mode_switches_per_1000,313.23333333333335,17.826139917767282,306.93333333333334,319.73333333333335,30
125.0,0.3,variable,dapper,pct_local_fast,60.20333333333333,2.981377063607068,59.14,61.250083333333336,30
125.0,0.3,variable,dapper,pct_edge_accurate,0.0,0.0,0.0,0.0,30
125.0,0.3,variable,dapper,pct_hybrid,23.11,2.475723509714226,22.243166666666664,23.956916666666668,30
125.0,0.3,variable,dapper,pct_degraded_safe,16.686666666666664,3.043107909214925,15.633333333333333,17.766666666666666,30
125.0,0.3,outage,dapper,deadline_miss_rate,0.0,0.0,0.0,0.0,30
125.0,0.3,outage,dapper,p95_latency_ms,31.18838425196936,0.5009047087578914,31.014573146138307,31.359947063348404,30
125.0,0.3,outage,dapper,p99_latency_ms,34.18711647171901,0.2345203938192105,34.10222418561493,34.27049382149214,30
125.0,0.3,outage,dapper,mean_latency_ms,7.381609814192322,0.14348774576691167,7.331697649688182,7.433717812533078,30
125.0,0.3,outage,dapper,usable_confidence_proxy,0.7255264574970844,0.00273138929991575,0.7245230285258677,0.7264802357218441,30
125.0,0.3,outage,dapper,mean_output_confidence,0.7255264574970844,0.00273138929991575,0.7245230285258677,0.7264802357218441,30
125.0,0.3,outage,dapper,bandwidth_per_1000_frames_kb,0.0,0.0,0.0,0.0,30
125.0,0.3,outage,dapper,remote_attempt_rate,0.0,0.0,0.0,0.0,30
125.0,0.3,outage,dapper,remote_accept_rate,0.0,0.0,0.0,0.0,30
125.0,0.3,outage,dapper,remote_accepted_per_frame,0.0,0.0,0.0,0.0,30
125.0,0.3,outage,dapper,remote_rejected_deadline_rate,0.0,0.0,0.0,0.0,30
125.0,0.3,outage,dapper,remote_failed_loss_rate,0.0,0.0,0.0,0.0,30
125.0,0.3,outage,dapper,fallback_rate,1.0,0.0,1.0,1.0,30
125.0,0.3,outage,dapper,reuse_rate,0.7340333333333333,0.0029300268721061903,0.7329666666666668,0.7350333333333333,30
125.0,0.3,outage,dapper,stale_acceptance_rate,0.0,0.0,0.0,0.0,30
125.0,0.3,outage,dapper,mode_switches_per_1000,418.43333333333334,10.48375864860971,414.6666666666667,422.1333333333333,30
125.0,0.3,outage,dapper,pct_local_fast,22.63,0.6012343624749752,22.419916666666666,22.84333333333333,30
125.0,0.3,outage,dapper,pct_edge_accurate,0.0,0.0,0.0,0.0,30
125.0,0.3,outage,dapper,pct_hybrid,0.0,0.0,0.0,0.0,30
125.0,0.3,outage,dapper,pct_degraded_safe,77.36999999999999,0.6012343624749765,77.15666666666668,77.58008333333335,30
125.0,0.4,stable,dapper,deadline_miss_rate,0.0,0.0,0.0,0.0,30
125.0,0.4,stable,dapper,p95_latency_ms,33.984265110354684,0.14612908292769589,33.9343159514038,34.036015368498674,30
125.0,0.4,stable,dapper,p99_latency_ms,34.78401367177919,0.06560311317343774,34.76065987728268,34.806824911760046,30
125.0,0.4,stable,dapper,mean_latency_ms,25.02027748999063,0.19474756789946776,24.952896569039584,25.094599531312916,30
125.0,0.4,stable,dapper,usable_confidence_proxy,0.7959976928158301,0.0030581965746421004,0.7949187491188087,0.7970282591916404,30
125.0,0.4,stable,dapper,mean_output_confidence,0.7249667322554326,0.0015304909747104968,0.7244513387101592,0.7255071023390036,30
125.0,0.4,stable,dapper,bandwidth_per_1000_frames_kb,21621.666666666668,335.8425671130112,21501.645833333336,21735.0,30
125.0,0.4,stable,dapper,remote_attempt_rate,0.8648666666666667,0.013433702684520463,0.8600658333333333,0.8694,30
125.0,0.4,stable,dapper,remote_accept_rate,0.5119299636219802,0.019710509684781493,0.5048710537106218,0.5185291640553195,30
125.0,0.4,stable,dapper,remote_accepted_per_frame,0.4427,0.01712862093609448,0.43670000000000003,0.44869999999999993,30
125.0,0.4,stable,dapper,remote_rejected_deadline_rate,0.008698126776249222,0.0026380088807374685,0.0077721919339940335,0.00964403298076039,30
125.0,0.4,stable,dapper,remote_failed_loss_rate,0.011160401044939667,0.0032782175425864904,0.010069906399418155,0.012335025962814114,30
125.0,0.4,stable,dapper,fallback_rate,0.0,0.0,0.0,0.0,30
125.0,0.4,stable,dapper,reuse_rate,0.0,0.0,0.0,0.0,30
125.0,0.4,stable,dapper,stale_acceptance_rate,0.0,0.0,0.0,0.0,30
125.0,0.4,stable,dapper,mode_switches_per_1000,233.3,23.550605819867112,225.26666666666668,241.90083333333334,30
125.0,0.4,stable,dapper,pct_local_fast,13.513333333333334,1.3433702684520452,13.06,13.993416666666668,30
125.0,0.4,stable,dapper,pct_edge_accurate,0.0,0.0,0.0,0.0,30
125.0,0.4,stable,dapper,pct_hybrid,86.48666666666666,1.3433702684520459,86.00658333333332,86.93999999999998,30
125.0,0.4,stable,dapper,pct_degraded_safe,0.0,0.0,0.0,0.0,30
125.0,0.4,congested,dapper,deadline_miss_rate,0.0,0.0,0.0,0.0,30
125.0,0.4,congested,dapper,p95_latency_ms,33.94268972592376,0.09803104261482531,33.906854831430806,33.97630119170664,30
125.0,0.4,congested,dapper,p99_latency_ms,34.769178949662624,0.05524239382592479,34.748642896298946,34.7879694671568,30
125.0,0.4,congested,dapper,mean_latency_ms,25.012597088142645,0.18113657767527264,24.949225112390963,25.077791277753096,30
125.0,0.4,congested,dapper,usable_confidence_proxy,0.7249282051819181,0.0016092933478095927,0.7243536843822596,0.725520489679899,30
125.0,0.4,congested,dapper,mean_output_confidence,0.7249282051819181,0.0016092933478095927,0.7243536843822596,0.725520489679899,30
125.0,0.4,congested,dapper,bandwidth_per_1000_frames_kb,2.5,7.628214415734117,0.0,5.833333333333333,30
125.0,0.4,congested,dapper,remote_attempt_rate,0.0001,0.00030512857662936464,0.0,0.00023333333333333333,30
125.0,0.4,congested,dapper,remote_accept_rate,0.0,0.0,0.0,0.0,30
125.0,0.4,congested,dapper,remote_accepted_per_frame,0.0,0.0,0.0,0.0,30
125.0,0.4,congested,dapper,remote_rejected_deadline_rate,0.06666666666666667,0.2537081317024624,0.0,0.16666666666666666,30
125.0,0.4,congested,dapper,remote_failed_loss_rate,0.0,0.0,0.0,0.0,30
125.0,0.4,congested,dapper,fallback_rate,0.0,0.0,0.0,0.0,30
125.0,0.4,congested,dapper,reuse_rate,0.0,0.0,0.0,0.0,30
125.0,0.4,congested,dapper,stale_acceptance_rate,0.0,0.0,0.0,0.0,30
125.0,0.4,congested,dapper,mode_switches_per_1000,0.2,0.6102571532587293,0.0,0.4666666666666667,30
125.0,0.4,congested,dapper,pct_local_fast,99.99000000000001,0.030512857662934732,99.97666666666667,100.0,30
125.0,0.4,congested,dapper,pct_edge_accurate,0.0,0.0,0.0,0.0,30
125.0,0.4,congested,dapper,pct_hybrid,0.010000000000000002,0.030512857662936467,0.0,0.02333333333333333,30
125.0,0.4,congested,dapper,pct_degraded_safe,0.0,0.0,0.0,0.0,30
125.0,0.4,lossy,dapper,deadline_miss_rate,0.0,0.0,0.0,0.0,30
125.0,0.4,lossy,dapper,p95_latency_ms,34.012278154614826,0.12120943376607804,33.96820622195287,34.05448763655662,30
125.0,0.4,lossy,dapper,p99_latency_ms,34.80546807570768,0.06143547890706443,34.78316485257998,34.826772350222946,30
125.0,0.4,lossy,dapper,mean_latency_ms,25.003209635014095,0.15974262798343122,24.94828249795479,25.06142062043607,30
125.0,0.4,lossy,dapper,usable_confidence_proxy,0.7419330638486503,0.002176431935039012,0.7411786637885632,0.7427331588153571,30
125.0,0.4,lossy,dapper,mean_output_confidence,0.7247968267120143,0.001322250002252836,0.724324432482122,0.7252569980501671,30
125.0,0.4,lossy,dapper,bandwidth_per_1000_frames_kb,21082.5,356.11347958877883,20960.0,21209.166666666668,30
125.0,0.4,lossy,dapper,remote_attempt_rate,0.8433,0.014244539183551164,0.8383999999999999,0.8483666666666668,30
125.0,0.4,lossy,dapper,remote_accept_rate,0.12747672431208384,0.012751057831312767,0.12295730837018858,0.13204932177818435,30
125.0,0.4,lossy,dapper,remote_accepted_per_frame,0.10746666666666668,0.010533144185701704,0.10360000000000001,0.11123333333333334,30
125.0,0.4,lossy,dapper,remote_rejected_deadline_rate,0.28704053515306854,0.015687012812140473,0.28154250770921446,0.29265571149547853,30
125.0,0.4,lossy,dapper,remote_failed_loss_rate,0.19910581275818443,0.014475638618159817,0.19398314972756506,0.20405781866022585,30
125.0,0.4,lossy,dapper,fallback_rate,0.0,0.0,0.0,0.0,30
125.0,0.4,lossy,dapper,reuse_rate,0.0,0.0,0.0,0.0,30
125.0,0.4,lossy,dapper,stale_acceptance_rate,0.0,0.0,0.0,0.0,30
125.0,0.4,lossy,dapper,mode_switches_per_1000,250.73333333333332,21.692098248827417,243.06666666666666,258.33416666666665,30
125.0,0.4,lossy,dapper,pct_local_fast,15.67,1.4244539183551155,15.163333333333334,16.16,30
125.0,0.4,lossy,dapper,pct_edge_accurate,0.0,0.0,0.0,0.0,30
125.0,0.4,lossy,dapper,pct_hybrid,84.32999999999998,1.4244539183551168,83.83999999999999,84.83666666666666,30
125.0,0.4,lossy,dapper,pct_degraded_safe,0.0,0.0,0.0,0.0,30
125.0,0.4,variable,dapper,deadline_miss_rate,0.0,0.0,0.0,0.0,30
125.0,0.4,variable,dapper,p95_latency_ms,33.747775519517624,0.20973021505140457,33.675323470701066,33.82211577900011,30
125.0,0.4,variable,dapper,p99_latency_ms,34.71834607205886,0.08846723190950932,34.68461798114216,34.746951888657705,30
125.0,0.4,variable,dapper,mean_latency_ms,20.940446707168096,0.7350940723083381,20.683336067108257,21.199328671737284,30
125.0,0.4,variable,dapper,usable_confidence_proxy,0.7315327792840012,0.0025047865419971973,0.730630043265056,0.7323686534291781,30
125.0,0.4,variable,dapper,mean_output_confidence,0.7255990845494175,0.001961270671757357,0.7249273980970206,0.7262792520187936,30
125.0,0.4,variable,dapper,bandwidth_per_1000_frames_kb,5777.5,618.9308774285564,5560.791666666666,5989.229166666666,30
125.0,0.4,variable,dapper,remote_attempt_rate,0.2311,0.02475723509714226,0.22243166666666667,0.23956916666666667,30
125.0,0.4,variable,dapper,remote_accept_rate,0.1593225904647559,0.030227815733317422,0.14854986769116424,0.16977120142322374,30
125.0,0.4,variable,dapper,remote_accepted_per_frame,0.03679999999999999,0.008243701880202556,0.03400000000000001,0.03976666666666666,30
125.0,0.4,variable,dapper,remote_rejected_deadline_rate,0.3551919173908033,0.03296637957561167,0.34351304998204657,0.36601979092955833,30
125.0,0.4,variable,dapper,remote_failed_loss_rate,0.07193615784084549,0.016135950496985536,0.06638961513178773,0.07778178250251701,30
125.0,0.4,variable,dapper,fallback_rate,0.218,0.040093855406774126,0.2041991666666667,0.23230083333333335,30
125.0,0.4,variable,dapper,reuse_rate,0.1668666666666667,0.030431079092149253,0.15633333333333335,0.17766666666666667,30
125.0,0.4,variable,dapper,stale_acceptance_rate,0.0,0.0,0.0,0.0,30
125.0,0.4,variable,dapper,mode_switches_per_1000,313.23333333333335,17.826139917767282,306.93333333333334,319.73333333333335,30
125.0,0.4,variable,dapper,pct_local_fast,60.20333333333333,2.981377063607068,59.14,61.250083333333336,30
125.0,0.4,variable,dapper,pct_edge_accurate,0.0,0.0,0.0,0.0,30
125.0,0.4,variable,dapper,pct_hybrid,23.11,2.475723509714226,22.243166666666664,23.956916666666668,30
125.0,0.4,variable,dapper,pct_degraded_safe,16.686666666666664,3.043107909214925,15.633333333333333,17.766666666666666,30
125.0,0.4,outage,dapper,deadline_miss_rate,0.0,0.0,0.0,0.0,30
125.0,0.4,outage,dapper,p95_latency_ms,31.18838425196936,0.5009047087578914,31.014573146138307,31.359947063348404,30
125.0,0.4,outage,dapper,p99_latency_ms,34.18711647171901,0.2345203938192105,34.10222418561493,34.27049382149214,30
125.0,0.4,outage,dapper,mean_latency_ms,7.381609814192322,0.14348774576691167,7.331697649688182,7.433717812533078,30
125.0,0.4,outage,dapper,usable_confidence_proxy,0.7255264574970844,0.00273138929991575,0.7245230285258677,0.7264802357218441,30
125.0,0.4,outage,dapper,mean_output_confidence,0.7255264574970844,0.00273138929991575,0.7245230285258677,0.7264802357218441,30
125.0,0.4,outage,dapper,bandwidth_per_1000_frames_kb,0.0,0.0,0.0,0.0,30
125.0,0.4,outage,dapper,remote_attempt_rate,0.0,0.0,0.0,0.0,30
125.0,0.4,outage,dapper,remote_accept_rate,0.0,0.0,0.0,0.0,30
125.0,0.4,outage,dapper,remote_accepted_per_frame,0.0,0.0,0.0,0.0,30
125.0,0.4,outage,dapper,remote_rejected_deadline_rate,0.0,0.0,0.0,0.0,30
125.0,0.4,outage,dapper,remote_failed_loss_rate,0.0,0.0,0.0,0.0,30
125.0,0.4,outage,dapper,fallback_rate,1.0,0.0,1.0,1.0,30
125.0,0.4,outage,dapper,reuse_rate,0.7340333333333333,0.0029300268721061903,0.7329666666666668,0.7350333333333333,30
125.0,0.4,outage,dapper,stale_acceptance_rate,0.0,0.0,0.0,0.0,30
125.0,0.4,outage,dapper,mode_switches_per_1000,418.43333333333334,10.48375864860971,414.6666666666667,422.1333333333333,30
125.0,0.4,outage,dapper,pct_local_fast,22.63,0.6012343624749752,22.419916666666666,22.84333333333333,30
125.0,0.4,outage,dapper,pct_edge_accurate,0.0,0.0,0.0,0.0,30
125.0,0.4,outage,dapper,pct_hybrid,0.0,0.0,0.0,0.0,30
125.0,0.4,outage,dapper,pct_degraded_safe,77.36999999999999,0.6012343624749765,77.15666666666668,77.58008333333335,30
125.0,0.5,stable,dapper,deadline_miss_rate,0.0,0.0,0.0,0.0,30
125.0,0.5,stable,dapper,p95_latency_ms,33.984265110354684,0.14612908292769589,33.9343159514038,34.036015368498674,30
125.0,0.5,stable,dapper,p99_latency_ms,34.78401367177919,0.06560311317343774,34.76065987728268,34.806824911760046,30
125.0,0.5,stable,dapper,mean_latency_ms,25.02027748999063,0.19474756789946776,24.952896569039584,25.094599531312916,30
125.0,0.5,stable,dapper,usable_confidence_proxy,0.7959976928158301,0.0030581965746421004,0.7949187491188087,0.7970282591916404,30
125.0,0.5,stable,dapper,mean_output_confidence,0.7249667322554326,0.0015304909747104968,0.7244513387101592,0.7255071023390036,30
125.0,0.5,stable,dapper,bandwidth_per_1000_frames_kb,21621.666666666668,335.8425671130112,21501.645833333336,21735.0,30
125.0,0.5,stable,dapper,remote_attempt_rate,0.8648666666666667,0.013433702684520463,0.8600658333333333,0.8694,30
125.0,0.5,stable,dapper,remote_accept_rate,0.5119299636219802,0.019710509684781493,0.5048710537106218,0.5185291640553195,30
125.0,0.5,stable,dapper,remote_accepted_per_frame,0.4427,0.01712862093609448,0.43670000000000003,0.44869999999999993,30
125.0,0.5,stable,dapper,remote_rejected_deadline_rate,0.008698126776249222,0.0026380088807374685,0.0077721919339940335,0.00964403298076039,30
125.0,0.5,stable,dapper,remote_failed_loss_rate,0.011160401044939667,0.0032782175425864904,0.010069906399418155,0.012335025962814114,30
125.0,0.5,stable,dapper,fallback_rate,0.0,0.0,0.0,0.0,30
125.0,0.5,stable,dapper,reuse_rate,0.0,0.0,0.0,0.0,30
125.0,0.5,stable,dapper,stale_acceptance_rate,0.0,0.0,0.0,0.0,30
125.0,0.5,stable,dapper,mode_switches_per_1000,233.3,23.550605819867112,225.26666666666668,241.90083333333334,30
125.0,0.5,stable,dapper,pct_local_fast,13.513333333333334,1.3433702684520452,13.06,13.993416666666668,30
125.0,0.5,stable,dapper,pct_edge_accurate,0.0,0.0,0.0,0.0,30
125.0,0.5,stable,dapper,pct_hybrid,86.48666666666666,1.3433702684520459,86.00658333333332,86.93999999999998,30
125.0,0.5,stable,dapper,pct_degraded_safe,0.0,0.0,0.0,0.0,30
125.0,0.5,congested,dapper,deadline_miss_rate,0.0,0.0,0.0,0.0,30
125.0,0.5,congested,dapper,p95_latency_ms,33.94268972592376,0.09803104261482531,33.906854831430806,33.97630119170664,30
125.0,0.5,congested,dapper,p99_latency_ms,34.769178949662624,0.05524239382592479,34.748642896298946,34.7879694671568,30
125.0,0.5,congested,dapper,mean_latency_ms,25.012597088142645,0.18113657767527264,24.949225112390963,25.077791277753096,30
125.0,0.5,congested,dapper,usable_confidence_proxy,0.7249282051819181,0.0016092933478095927,0.7243536843822596,0.725520489679899,30
125.0,0.5,congested,dapper,mean_output_confidence,0.7249282051819181,0.0016092933478095927,0.7243536843822596,0.725520489679899,30
125.0,0.5,congested,dapper,bandwidth_per_1000_frames_kb,2.5,7.628214415734117,0.0,5.833333333333333,30
125.0,0.5,congested,dapper,remote_attempt_rate,0.0001,0.00030512857662936464,0.0,0.00023333333333333333,30
125.0,0.5,congested,dapper,remote_accept_rate,0.0,0.0,0.0,0.0,30
125.0,0.5,congested,dapper,remote_accepted_per_frame,0.0,0.0,0.0,0.0,30
125.0,0.5,congested,dapper,remote_rejected_deadline_rate,0.06666666666666667,0.2537081317024624,0.0,0.16666666666666666,30
125.0,0.5,congested,dapper,remote_failed_loss_rate,0.0,0.0,0.0,0.0,30
125.0,0.5,congested,dapper,fallback_rate,0.0,0.0,0.0,0.0,30
125.0,0.5,congested,dapper,reuse_rate,0.0,0.0,0.0,0.0,30
125.0,0.5,congested,dapper,stale_acceptance_rate,0.0,0.0,0.0,0.0,30
125.0,0.5,congested,dapper,mode_switches_per_1000,0.2,0.6102571532587293,0.0,0.4666666666666667,30
125.0,0.5,congested,dapper,pct_local_fast,99.99000000000001,0.030512857662934732,99.97666666666667,100.0,30
125.0,0.5,congested,dapper,pct_edge_accurate,0.0,0.0,0.0,0.0,30
125.0,0.5,congested,dapper,pct_hybrid,0.010000000000000002,0.030512857662936467,0.0,0.02333333333333333,30
125.0,0.5,congested,dapper,pct_degraded_safe,0.0,0.0,0.0,0.0,30
125.0,0.5,lossy,dapper,deadline_miss_rate,0.0,0.0,0.0,0.0,30
125.0,0.5,lossy,dapper,p95_latency_ms,34.012278154614826,0.12120943376607804,33.96820622195287,34.05448763655662,30
125.0,0.5,lossy,dapper,p99_latency_ms,34.80546807570768,0.06143547890706443,34.78316485257998,34.826772350222946,30
125.0,0.5,lossy,dapper,mean_latency_ms,25.003209635014095,0.15974262798343122,24.94828249795479,25.06142062043607,30
125.0,0.5,lossy,dapper,usable_confidence_proxy,0.7419330638486503,0.002176431935039012,0.7411786637885632,0.7427331588153571,30
125.0,0.5,lossy,dapper,mean_output_confidence,0.7247968267120143,0.001322250002252836,0.724324432482122,0.7252569980501671,30
125.0,0.5,lossy,dapper,bandwidth_per_1000_frames_kb,21082.5,356.11347958877883,20960.0,21209.166666666668,30
125.0,0.5,lossy,dapper,remote_attempt_rate,0.8433,0.014244539183551164,0.8383999999999999,0.8483666666666668,30
125.0,0.5,lossy,dapper,remote_accept_rate,0.12747672431208384,0.012751057831312767,0.12295730837018858,0.13204932177818435,30
125.0,0.5,lossy,dapper,remote_accepted_per_frame,0.10746666666666668,0.010533144185701704,0.10360000000000001,0.11123333333333334,30
125.0,0.5,lossy,dapper,remote_rejected_deadline_rate,0.28704053515306854,0.015687012812140473,0.28154250770921446,0.29265571149547853,30
125.0,0.5,lossy,dapper,remote_failed_loss_rate,0.19910581275818443,0.014475638618159817,0.19398314972756506,0.20405781866022585,30
125.0,0.5,lossy,dapper,fallback_rate,0.0,0.0,0.0,0.0,30
125.0,0.5,lossy,dapper,reuse_rate,0.0,0.0,0.0,0.0,30
125.0,0.5,lossy,dapper,stale_acceptance_rate,0.0,0.0,0.0,0.0,30
125.0,0.5,lossy,dapper,mode_switches_per_1000,250.73333333333332,21.692098248827417,243.06666666666666,258.33416666666665,30
125.0,0.5,lossy,dapper,pct_local_fast,15.67,1.4244539183551155,15.163333333333334,16.16,30
125.0,0.5,lossy,dapper,pct_edge_accurate,0.0,0.0,0.0,0.0,30
125.0,0.5,lossy,dapper,pct_hybrid,84.32999999999998,1.4244539183551168,83.83999999999999,84.83666666666666,30
125.0,0.5,lossy,dapper,pct_degraded_safe,0.0,0.0,0.0,0.0,30
125.0,0.5,variable,dapper,deadline_miss_rate,0.0,0.0,0.0,0.0,30
125.0,0.5,variable,dapper,p95_latency_ms,33.747775519517624,0.20973021505140457,33.675323470701066,33.82211577900011,30
125.0,0.5,variable,dapper,p99_latency_ms,34.71834607205886,0.08846723190950932,34.68461798114216,34.746951888657705,30
125.0,0.5,variable,dapper,mean_latency_ms,20.940446707168096,0.7350940723083381,20.683336067108257,21.199328671737284,30
125.0,0.5,variable,dapper,usable_confidence_proxy,0.7315327792840012,0.0025047865419971973,0.730630043265056,0.7323686534291781,30
125.0,0.5,variable,dapper,mean_output_confidence,0.7255990845494175,0.001961270671757357,0.7249273980970206,0.7262792520187936,30
125.0,0.5,variable,dapper,bandwidth_per_1000_frames_kb,5777.5,618.9308774285564,5560.791666666666,5989.229166666666,30
125.0,0.5,variable,dapper,remote_attempt_rate,0.2311,0.02475723509714226,0.22243166666666667,0.23956916666666667,30
125.0,0.5,variable,dapper,remote_accept_rate,0.1593225904647559,0.030227815733317422,0.14854986769116424,0.16977120142322374,30
125.0,0.5,variable,dapper,remote_accepted_per_frame,0.03679999999999999,0.008243701880202556,0.03400000000000001,0.03976666666666666,30
125.0,0.5,variable,dapper,remote_rejected_deadline_rate,0.3551919173908033,0.03296637957561167,0.34351304998204657,0.36601979092955833,30
125.0,0.5,variable,dapper,remote_failed_loss_rate,0.07193615784084549,0.016135950496985536,0.06638961513178773,0.07778178250251701,30
125.0,0.5,variable,dapper,fallback_rate,0.218,0.040093855406774126,0.2041991666666667,0.23230083333333335,30
125.0,0.5,variable,dapper,reuse_rate,0.1668666666666667,0.030431079092149253,0.15633333333333335,0.17766666666666667,30
125.0,0.5,variable,dapper,stale_acceptance_rate,0.0,0.0,0.0,0.0,30
125.0,0.5,variable,dapper,mode_switches_per_1000,313.23333333333335,17.826139917767282,306.93333333333334,319.73333333333335,30
125.0,0.5,variable,dapper,pct_local_fast,60.20333333333333,2.981377063607068,59.14,61.250083333333336,30
125.0,0.5,variable,dapper,pct_edge_accurate,0.0,0.0,0.0,0.0,30
125.0,0.5,variable,dapper,pct_hybrid,23.11,2.475723509714226,22.243166666666664,23.956916666666668,30
125.0,0.5,variable,dapper,pct_degraded_safe,16.686666666666664,3.043107909214925,15.633333333333333,17.766666666666666,30
125.0,0.5,outage,dapper,deadline_miss_rate,0.0,0.0,0.0,0.0,30
125.0,0.5,outage,dapper,p95_latency_ms,31.18838425196936,0.5009047087578914,31.014573146138307,31.359947063348404,30
125.0,0.5,outage,dapper,p99_latency_ms,34.18711647171901,0.2345203938192105,34.10222418561493,34.27049382149214,30
125.0,0.5,outage,dapper,mean_latency_ms,7.381609814192322,0.14348774576691167,7.331697649688182,7.433717812533078,30
125.0,0.5,outage,dapper,usable_confidence_proxy,0.7255264574970844,0.00273138929991575,0.7245230285258677,0.7264802357218441,30
125.0,0.5,outage,dapper,mean_output_confidence,0.7255264574970844,0.00273138929991575,0.7245230285258677,0.7264802357218441,30
125.0,0.5,outage,dapper,bandwidth_per_1000_frames_kb,0.0,0.0,0.0,0.0,30
125.0,0.5,outage,dapper,remote_attempt_rate,0.0,0.0,0.0,0.0,30
125.0,0.5,outage,dapper,remote_accept_rate,0.0,0.0,0.0,0.0,30
125.0,0.5,outage,dapper,remote_accepted_per_frame,0.0,0.0,0.0,0.0,30
125.0,0.5,outage,dapper,remote_rejected_deadline_rate,0.0,0.0,0.0,0.0,30
125.0,0.5,outage,dapper,remote_failed_loss_rate,0.0,0.0,0.0,0.0,30
125.0,0.5,outage,dapper,fallback_rate,1.0,0.0,1.0,1.0,30
125.0,0.5,outage,dapper,reuse_rate,0.7340333333333333,0.0029300268721061903,0.7329666666666668,0.7350333333333333,30
125.0,0.5,outage,dapper,stale_acceptance_rate,0.0,0.0,0.0,0.0,30
125.0,0.5,outage,dapper,mode_switches_per_1000,418.43333333333334,10.48375864860971,414.6666666666667,422.1333333333333,30
125.0,0.5,outage,dapper,pct_local_fast,22.63,0.6012343624749752,22.419916666666666,22.84333333333333,30
125.0,0.5,outage,dapper,pct_edge_accurate,0.0,0.0,0.0,0.0,30
125.0,0.5,outage,dapper,pct_hybrid,0.0,0.0,0.0,0.0,30
125.0,0.5,outage,dapper,pct_degraded_safe,77.36999999999999,0.6012343624749765,77.15666666666668,77.58008333333335,30
125.0,0.6,stable,dapper,deadline_miss_rate,0.0,0.0,0.0,0.0,30
125.0,0.6,stable,dapper,p95_latency_ms,33.984265110354684,0.14612908292769589,33.9343159514038,34.036015368498674,30
125.0,0.6,stable,dapper,p99_latency_ms,34.78401367177919,0.06560311317343774,34.76065987728268,34.806824911760046,30
125.0,0.6,stable,dapper,mean_latency_ms,25.02027748999063,0.19474756789946776,24.952896569039584,25.094599531312916,30
125.0,0.6,stable,dapper,usable_confidence_proxy,0.7959976928158301,0.0030581965746421004,0.7949187491188087,0.7970282591916404,30
125.0,0.6,stable,dapper,mean_output_confidence,0.7249667322554326,0.0015304909747104968,0.7244513387101592,0.7255071023390036,30
125.0,0.6,stable,dapper,bandwidth_per_1000_frames_kb,21621.666666666668,335.8425671130112,21501.645833333336,21735.0,30
125.0,0.6,stable,dapper,remote_attempt_rate,0.8648666666666667,0.013433702684520463,0.8600658333333333,0.8694,30
125.0,0.6,stable,dapper,remote_accept_rate,0.5119299636219802,0.019710509684781493,0.5048710537106218,0.5185291640553195,30
125.0,0.6,stable,dapper,remote_accepted_per_frame,0.4427,0.01712862093609448,0.43670000000000003,0.44869999999999993,30
125.0,0.6,stable,dapper,remote_rejected_deadline_rate,0.008698126776249222,0.0026380088807374685,0.0077721919339940335,0.00964403298076039,30
125.0,0.6,stable,dapper,remote_failed_loss_rate,0.011160401044939667,0.0032782175425864904,0.010069906399418155,0.012335025962814114,30
125.0,0.6,stable,dapper,fallback_rate,0.0,0.0,0.0,0.0,30
125.0,0.6,stable,dapper,reuse_rate,0.0,0.0,0.0,0.0,30
125.0,0.6,stable,dapper,stale_acceptance_rate,0.0,0.0,0.0,0.0,30
125.0,0.6,stable,dapper,mode_switches_per_1000,233.3,23.550605819867112,225.26666666666668,241.90083333333334,30
125.0,0.6,stable,dapper,pct_local_fast,13.513333333333334,1.3433702684520452,13.06,13.993416666666668,30
125.0,0.6,stable,dapper,pct_edge_accurate,0.0,0.0,0.0,0.0,30
125.0,0.6,stable,dapper,pct_hybrid,86.48666666666666,1.3433702684520459,86.00658333333332,86.93999999999998,30
125.0,0.6,stable,dapper,pct_degraded_safe,0.0,0.0,0.0,0.0,30
125.0,0.6,congested,dapper,deadline_miss_rate,0.0,0.0,0.0,0.0,30
125.0,0.6,congested,dapper,p95_latency_ms,33.94268972592376,0.09803104261482531,33.906854831430806,33.97630119170664,30
125.0,0.6,congested,dapper,p99_latency_ms,34.769178949662624,0.05524239382592479,34.748642896298946,34.7879694671568,30
125.0,0.6,congested,dapper,mean_latency_ms,25.012597088142645,0.18113657767527264,24.949225112390963,25.077791277753096,30
125.0,0.6,congested,dapper,usable_confidence_proxy,0.7249282051819181,0.0016092933478095927,0.7243536843822596,0.725520489679899,30
125.0,0.6,congested,dapper,mean_output_confidence,0.7249282051819181,0.0016092933478095927,0.7243536843822596,0.725520489679899,30
125.0,0.6,congested,dapper,bandwidth_per_1000_frames_kb,2.5,7.628214415734117,0.0,5.833333333333333,30
125.0,0.6,congested,dapper,remote_attempt_rate,0.0001,0.00030512857662936464,0.0,0.00023333333333333333,30
125.0,0.6,congested,dapper,remote_accept_rate,0.0,0.0,0.0,0.0,30
125.0,0.6,congested,dapper,remote_accepted_per_frame,0.0,0.0,0.0,0.0,30
125.0,0.6,congested,dapper,remote_rejected_deadline_rate,0.06666666666666667,0.2537081317024624,0.0,0.16666666666666666,30
125.0,0.6,congested,dapper,remote_failed_loss_rate,0.0,0.0,0.0,0.0,30
125.0,0.6,congested,dapper,fallback_rate,0.0,0.0,0.0,0.0,30
125.0,0.6,congested,dapper,reuse_rate,0.0,0.0,0.0,0.0,30
125.0,0.6,congested,dapper,stale_acceptance_rate,0.0,0.0,0.0,0.0,30
125.0,0.6,congested,dapper,mode_switches_per_1000,0.2,0.6102571532587293,0.0,0.4666666666666667,30
125.0,0.6,congested,dapper,pct_local_fast,99.99000000000001,0.030512857662934732,99.97666666666667,100.0,30
125.0,0.6,congested,dapper,pct_edge_accurate,0.0,0.0,0.0,0.0,30
125.0,0.6,congested,dapper,pct_hybrid,0.010000000000000002,0.030512857662936467,0.0,0.02333333333333333,30
125.0,0.6,congested,dapper,pct_degraded_safe,0.0,0.0,0.0,0.0,30
125.0,0.6,lossy,dapper,deadline_miss_rate,0.0,0.0,0.0,0.0,30
125.0,0.6,lossy,dapper,p95_latency_ms,34.012278154614826,0.12120943376607804,33.96820622195287,34.05448763655662,30
125.0,0.6,lossy,dapper,p99_latency_ms,34.80546807570768,0.06143547890706443,34.78316485257998,34.826772350222946,30
125.0,0.6,lossy,dapper,mean_latency_ms,25.003209635014095,0.15974262798343122,24.94828249795479,25.06142062043607,30
125.0,0.6,lossy,dapper,usable_confidence_proxy,0.7419330638486503,0.002176431935039012,0.7411786637885632,0.7427331588153571,30
125.0,0.6,lossy,dapper,mean_output_confidence,0.7247968267120143,0.001322250002252836,0.724324432482122,0.7252569980501671,30
125.0,0.6,lossy,dapper,bandwidth_per_1000_frames_kb,21082.5,356.11347958877883,20960.0,21209.166666666668,30
125.0,0.6,lossy,dapper,remote_attempt_rate,0.8433,0.014244539183551164,0.8383999999999999,0.8483666666666668,30
125.0,0.6,lossy,dapper,remote_accept_rate,0.12747672431208384,0.012751057831312767,0.12295730837018858,0.13204932177818435,30
125.0,0.6,lossy,dapper,remote_accepted_per_frame,0.10746666666666668,0.010533144185701704,0.10360000000000001,0.11123333333333334,30
125.0,0.6,lossy,dapper,remote_rejected_deadline_rate,0.28704053515306854,0.015687012812140473,0.28154250770921446,0.29265571149547853,30
125.0,0.6,lossy,dapper,remote_failed_loss_rate,0.19910581275818443,0.014475638618159817,0.19398314972756506,0.20405781866022585,30
125.0,0.6,lossy,dapper,fallback_rate,0.0,0.0,0.0,0.0,30
125.0,0.6,lossy,dapper,reuse_rate,0.0,0.0,0.0,0.0,30
125.0,0.6,lossy,dapper,stale_acceptance_rate,0.0,0.0,0.0,0.0,30
125.0,0.6,lossy,dapper,mode_switches_per_1000,250.73333333333332,21.692098248827417,243.06666666666666,258.33416666666665,30
125.0,0.6,lossy,dapper,pct_local_fast,15.67,1.4244539183551155,15.163333333333334,16.16,30
125.0,0.6,lossy,dapper,pct_edge_accurate,0.0,0.0,0.0,0.0,30
125.0,0.6,lossy,dapper,pct_hybrid,84.32999999999998,1.4244539183551168,83.83999999999999,84.83666666666666,30
125.0,0.6,lossy,dapper,pct_degraded_safe,0.0,0.0,0.0,0.0,30
125.0,0.6,variable,dapper,deadline_miss_rate,0.0,0.0,0.0,0.0,30
125.0,0.6,variable,dapper,p95_latency_ms,33.747775519517624,0.20973021505140457,33.675323470701066,33.82211577900011,30
125.0,0.6,variable,dapper,p99_latency_ms,34.71834607205886,0.08846723190950932,34.68461798114216,34.746951888657705,30
125.0,0.6,variable,dapper,mean_latency_ms,20.940446707168096,0.7350940723083381,20.683336067108257,21.199328671737284,30
125.0,0.6,variable,dapper,usable_confidence_proxy,0.7315327792840012,0.0025047865419971973,0.730630043265056,0.7323686534291781,30
125.0,0.6,variable,dapper,mean_output_confidence,0.7255990845494175,0.001961270671757357,0.7249273980970206,0.7262792520187936,30
125.0,0.6,variable,dapper,bandwidth_per_1000_frames_kb,5777.5,618.9308774285564,5560.791666666666,5989.229166666666,30
125.0,0.6,variable,dapper,remote_attempt_rate,0.2311,0.02475723509714226,0.22243166666666667,0.23956916666666667,30
125.0,0.6,variable,dapper,remote_accept_rate,0.1593225904647559,0.030227815733317422,0.14854986769116424,0.16977120142322374,30
125.0,0.6,variable,dapper,remote_accepted_per_frame,0.03679999999999999,0.008243701880202556,0.03400000000000001,0.03976666666666666,30
125.0,0.6,variable,dapper,remote_rejected_deadline_rate,0.3551919173908033,0.03296637957561167,0.34351304998204657,0.36601979092955833,30
125.0,0.6,variable,dapper,remote_failed_loss_rate,0.07193615784084549,0.016135950496985536,0.06638961513178773,0.07778178250251701,30
125.0,0.6,variable,dapper,fallback_rate,0.218,0.040093855406774126,0.2041991666666667,0.23230083333333335,30
125.0,0.6,variable,dapper,reuse_rate,0.1668666666666667,0.030431079092149253,0.15633333333333335,0.17766666666666667,30
125.0,0.6,variable,dapper,stale_acceptance_rate,0.0,0.0,0.0,0.0,30
125.0,0.6,variable,dapper,mode_switches_per_1000,313.23333333333335,17.826139917767282,306.93333333333334,319.73333333333335,30
125.0,0.6,variable,dapper,pct_local_fast,60.20333333333333,2.981377063607068,59.14,61.250083333333336,30
125.0,0.6,variable,dapper,pct_edge_accurate,0.0,0.0,0.0,0.0,30
125.0,0.6,variable,dapper,pct_hybrid,23.11,2.475723509714226,22.243166666666664,23.956916666666668,30
125.0,0.6,variable,dapper,pct_degraded_safe,16.686666666666664,3.043107909214925,15.633333333333333,17.766666666666666,30
125.0,0.6,outage,dapper,deadline_miss_rate,0.0,0.0,0.0,0.0,30
125.0,0.6,outage,dapper,p95_latency_ms,31.18838425196936,0.5009047087578914,31.014573146138307,31.359947063348404,30
125.0,0.6,outage,dapper,p99_latency_ms,34.18711647171901,0.2345203938192105,34.10222418561493,34.27049382149214,30
125.0,0.6,outage,dapper,mean_latency_ms,7.381609814192322,0.14348774576691167,7.331697649688182,7.433717812533078,30
125.0,0.6,outage,dapper,usable_confidence_proxy,0.7255264574970844,0.00273138929991575,0.7245230285258677,0.7264802357218441,30
125.0,0.6,outage,dapper,mean_output_confidence,0.7255264574970844,0.00273138929991575,0.7245230285258677,0.7264802357218441,30
125.0,0.6,outage,dapper,bandwidth_per_1000_frames_kb,0.0,0.0,0.0,0.0,30
125.0,0.6,outage,dapper,remote_attempt_rate,0.0,0.0,0.0,0.0,30
125.0,0.6,outage,dapper,remote_accept_rate,0.0,0.0,0.0,0.0,30
125.0,0.6,outage,dapper,remote_accepted_per_frame,0.0,0.0,0.0,0.0,30
125.0,0.6,outage,dapper,remote_rejected_deadline_rate,0.0,0.0,0.0,0.0,30
125.0,0.6,outage,dapper,remote_failed_loss_rate,0.0,0.0,0.0,0.0,30
125.0,0.6,outage,dapper,fallback_rate,1.0,0.0,1.0,1.0,30
125.0,0.6,outage,dapper,reuse_rate,0.7340333333333333,0.0029300268721061903,0.7329666666666668,0.7350333333333333,30
125.0,0.6,outage,dapper,stale_acceptance_rate,0.0,0.0,0.0,0.0,30
125.0,0.6,outage,dapper,mode_switches_per_1000,418.43333333333334,10.48375864860971,414.6666666666667,422.1333333333333,30
125.0,0.6,outage,dapper,pct_local_fast,22.63,0.6012343624749752,22.419916666666666,22.84333333333333,30
125.0,0.6,outage,dapper,pct_edge_accurate,0.0,0.0,0.0,0.0,30
125.0,0.6,outage,dapper,pct_hybrid,0.0,0.0,0.0,0.0,30
125.0,0.6,outage,dapper,pct_degraded_safe,77.36999999999999,0.6012343624749765,77.15666666666668,77.58008333333335,30
125.0,0.7,stable,dapper,deadline_miss_rate,0.0,0.0,0.0,0.0,30
125.0,0.7,stable,dapper,p95_latency_ms,33.984265110354684,0.14612908292769589,33.9343159514038,34.036015368498674,30
125.0,0.7,stable,dapper,p99_latency_ms,34.78401367177919,0.06560311317343774,34.76065987728268,34.806824911760046,30
125.0,0.7,stable,dapper,mean_latency_ms,25.02027748999063,0.19474756789946776,24.952896569039584,25.094599531312916,30
125.0,0.7,stable,dapper,usable_confidence_proxy,0.7959976928158301,0.0030581965746421004,0.7949187491188087,0.7970282591916404,30
125.0,0.7,stable,dapper,mean_output_confidence,0.7249667322554326,0.0015304909747104968,0.7244513387101592,0.7255071023390036,30
125.0,0.7,stable,dapper,bandwidth_per_1000_frames_kb,21621.666666666668,335.8425671130112,21501.645833333336,21735.0,30
125.0,0.7,stable,dapper,remote_attempt_rate,0.8648666666666667,0.013433702684520463,0.8600658333333333,0.8694,30
125.0,0.7,stable,dapper,remote_accept_rate,0.5119299636219802,0.019710509684781493,0.5048710537106218,0.5185291640553195,30
125.0,0.7,stable,dapper,remote_accepted_per_frame,0.4427,0.01712862093609448,0.43670000000000003,0.44869999999999993,30
125.0,0.7,stable,dapper,remote_rejected_deadline_rate,0.008698126776249222,0.0026380088807374685,0.0077721919339940335,0.00964403298076039,30
125.0,0.7,stable,dapper,remote_failed_loss_rate,0.011160401044939667,0.0032782175425864904,0.010069906399418155,0.012335025962814114,30
125.0,0.7,stable,dapper,fallback_rate,0.0,0.0,0.0,0.0,30
125.0,0.7,stable,dapper,reuse_rate,0.0,0.0,0.0,0.0,30
125.0,0.7,stable,dapper,stale_acceptance_rate,0.0,0.0,0.0,0.0,30
125.0,0.7,stable,dapper,mode_switches_per_1000,233.3,23.550605819867112,225.26666666666668,241.90083333333334,30
125.0,0.7,stable,dapper,pct_local_fast,13.513333333333334,1.3433702684520452,13.06,13.993416666666668,30
125.0,0.7,stable,dapper,pct_edge_accurate,0.0,0.0,0.0,0.0,30
125.0,0.7,stable,dapper,pct_hybrid,86.48666666666666,1.3433702684520459,86.00658333333332,86.93999999999998,30
125.0,0.7,stable,dapper,pct_degraded_safe,0.0,0.0,0.0,0.0,30
125.0,0.7,congested,dapper,deadline_miss_rate,0.0,0.0,0.0,0.0,30
125.0,0.7,congested,dapper,p95_latency_ms,33.94268972592376,0.09803104261482531,33.906854831430806,33.97630119170664,30
125.0,0.7,congested,dapper,p99_latency_ms,34.769178949662624,0.05524239382592479,34.748642896298946,34.7879694671568,30
125.0,0.7,congested,dapper,mean_latency_ms,25.012597088142645,0.18113657767527264,24.949225112390963,25.077791277753096,30
125.0,0.7,congested,dapper,usable_confidence_proxy,0.7249282051819181,0.0016092933478095927,0.7243536843822596,0.725520489679899,30
125.0,0.7,congested,dapper,mean_output_confidence,0.7249282051819181,0.0016092933478095927,0.7243536843822596,0.725520489679899,30
125.0,0.7,congested,dapper,bandwidth_per_1000_frames_kb,2.5,7.628214415734117,0.0,5.833333333333333,30
125.0,0.7,congested,dapper,remote_attempt_rate,0.0001,0.00030512857662936464,0.0,0.00023333333333333333,30
125.0,0.7,congested,dapper,remote_accept_rate,0.0,0.0,0.0,0.0,30
125.0,0.7,congested,dapper,remote_accepted_per_frame,0.0,0.0,0.0,0.0,30
125.0,0.7,congested,dapper,remote_rejected_deadline_rate,0.06666666666666667,0.2537081317024624,0.0,0.16666666666666666,30
125.0,0.7,congested,dapper,remote_failed_loss_rate,0.0,0.0,0.0,0.0,30
125.0,0.7,congested,dapper,fallback_rate,0.0,0.0,0.0,0.0,30
125.0,0.7,congested,dapper,reuse_rate,0.0,0.0,0.0,0.0,30
125.0,0.7,congested,dapper,stale_acceptance_rate,0.0,0.0,0.0,0.0,30
125.0,0.7,congested,dapper,mode_switches_per_1000,0.2,0.6102571532587293,0.0,0.4666666666666667,30
125.0,0.7,congested,dapper,pct_local_fast,99.99000000000001,0.030512857662934732,99.97666666666667,100.0,30
125.0,0.7,congested,dapper,pct_edge_accurate,0.0,0.0,0.0,0.0,30
125.0,0.7,congested,dapper,pct_hybrid,0.010000000000000002,0.030512857662936467,0.0,0.02333333333333333,30
125.0,0.7,congested,dapper,pct_degraded_safe,0.0,0.0,0.0,0.0,30
125.0,0.7,lossy,dapper,deadline_miss_rate,0.0,0.0,0.0,0.0,30
125.0,0.7,lossy,dapper,p95_latency_ms,34.012278154614826,0.12120943376607804,33.96820622195287,34.05448763655662,30
125.0,0.7,lossy,dapper,p99_latency_ms,34.80546807570768,0.06143547890706443,34.78316485257998,34.826772350222946,30
125.0,0.7,lossy,dapper,mean_latency_ms,25.003209635014095,0.15974262798343122,24.94828249795479,25.06142062043607,30
125.0,0.7,lossy,dapper,usable_confidence_proxy,0.7419330638486503,0.002176431935039012,0.7411786637885632,0.7427331588153571,30
125.0,0.7,lossy,dapper,mean_output_confidence,0.7247968267120143,0.001322250002252836,0.724324432482122,0.7252569980501671,30
125.0,0.7,lossy,dapper,bandwidth_per_1000_frames_kb,21082.5,356.11347958877883,20960.0,21209.166666666668,30
125.0,0.7,lossy,dapper,remote_attempt_rate,0.8433,0.014244539183551164,0.8383999999999999,0.8483666666666668,30
125.0,0.7,lossy,dapper,remote_accept_rate,0.12747672431208384,0.012751057831312767,0.12295730837018858,0.13204932177818435,30
125.0,0.7,lossy,dapper,remote_accepted_per_frame,0.10746666666666668,0.010533144185701704,0.10360000000000001,0.11123333333333334,30
125.0,0.7,lossy,dapper,remote_rejected_deadline_rate,0.28704053515306854,0.015687012812140473,0.28154250770921446,0.29265571149547853,30
125.0,0.7,lossy,dapper,remote_failed_loss_rate,0.19910581275818443,0.014475638618159817,0.19398314972756506,0.20405781866022585,30
125.0,0.7,lossy,dapper,fallback_rate,0.0,0.0,0.0,0.0,30
125.0,0.7,lossy,dapper,reuse_rate,0.0,0.0,0.0,0.0,30
125.0,0.7,lossy,dapper,stale_acceptance_rate,0.0,0.0,0.0,0.0,30
125.0,0.7,lossy,dapper,mode_switches_per_1000,250.73333333333332,21.692098248827417,243.06666666666666,258.33416666666665,30
125.0,0.7,lossy,dapper,pct_local_fast,15.67,1.4244539183551155,15.163333333333334,16.16,30
125.0,0.7,lossy,dapper,pct_edge_accurate,0.0,0.0,0.0,0.0,30
125.0,0.7,lossy,dapper,pct_hybrid,84.32999999999998,1.4244539183551168,83.83999999999999,84.83666666666666,30
125.0,0.7,lossy,dapper,pct_degraded_safe,0.0,0.0,0.0,0.0,30
125.0,0.7,variable,dapper,deadline_miss_rate,0.00016666666666666666,0.0004611330373774141,3.3333333333333335e-05,0.00036666666666666667,30
125.0,0.7,variable,dapper,p95_latency_ms,33.75736526967938,0.20829651215847167,33.68495586126721,33.830981841880806,30
125.0,0.7,variable,dapper,p99_latency_ms,34.72794258463048,0.09424173655933492,34.69139966339564,34.758822484304346,30
125.0,0.7,variable,dapper,mean_latency_ms,20.97869159607007,0.7377882112214282,20.71939638289513,21.236439160350052,30
125.0,0.7,variable,dapper,usable_confidence_proxy,0.7314163301336212,0.0025566315885662432,0.7305031877034567,0.7322673970191873,30
125.0,0.7,variable,dapper,mean_output_confidence,0.7256504074169232,0.001976324001363248,0.724964820887694,0.7263346020427007,30
125.0,0.7,variable,dapper,bandwidth_per_1000_frames_kb,5777.5,618.9308774285564,5560.791666666666,5989.229166666666,30
125.0,0.7,variable,dapper,remote_attempt_rate,0.2311,0.02475723509714226,0.22243166666666667,0.23956916666666667,30
125.0,0.7,variable,dapper,remote_accept_rate,0.1593225904647559,0.030227815733317422,0.14854986769116424,0.16977120142322374,30
125.0,0.7,variable,dapper,remote_accepted_per_frame,0.03679999999999999,0.008243701880202556,0.03400000000000001,0.03976666666666666,30
125.0,0.7,variable,dapper,remote_rejected_deadline_rate,0.35530970302095644,0.033057207640997344,0.3435972498983632,0.3661691355928666,30
125.0,0.7,variable,dapper,remote_failed_loss_rate,0.07193615784084549,0.016135950496985536,0.06638961513178773,0.07778178250251701,30
125.0,0.7,variable,dapper,fallback_rate,0.2182,0.04011569475301707,0.20439833333333335,0.23250083333333335,30
125.0,0.7,variable,dapper,reuse_rate,0.1668666666666667,0.030431079092149253,0.15633333333333335,0.17766666666666667,30
125.0,0.7,variable,dapper,stale_acceptance_rate,0.0,0.0,0.0,0.0,30
125.0,0.7,variable,dapper,mode_switches_per_1000,314.0,18.021060476277615,307.66583333333335,320.5,30
125.0,0.7,variable,dapper,pct_local_fast,60.20333333333333,2.981377063607068,59.14,61.250083333333336,30
125.0,0.7,variable,dapper,pct_edge_accurate,0.05000000000000001,0.0682288239221013,0.02666666666666667,0.07333333333333335,30
125.0,0.7,variable,dapper,pct_hybrid,23.060000000000002,2.467666774575698,22.19325,23.910083333333336,30
125.0,0.7,variable,dapper,pct_degraded_safe,16.686666666666664,3.043107909214925,15.633333333333333,17.766666666666666,30
125.0,0.7,outage,dapper,deadline_miss_rate,0.0,0.0,0.0,0.0,30
125.0,0.7,outage,dapper,p95_latency_ms,31.18838425196936,0.5009047087578914,31.014573146138307,31.359947063348404,30
125.0,0.7,outage,dapper,p99_latency_ms,34.18711647171901,0.2345203938192105,34.10222418561493,34.27049382149214,30
125.0,0.7,outage,dapper,mean_latency_ms,7.381609814192322,0.14348774576691167,7.331697649688182,7.433717812533078,30
125.0,0.7,outage,dapper,usable_confidence_proxy,0.7255264574970844,0.00273138929991575,0.7245230285258677,0.7264802357218441,30
125.0,0.7,outage,dapper,mean_output_confidence,0.7255264574970844,0.00273138929991575,0.7245230285258677,0.7264802357218441,30
125.0,0.7,outage,dapper,bandwidth_per_1000_frames_kb,0.0,0.0,0.0,0.0,30
125.0,0.7,outage,dapper,remote_attempt_rate,0.0,0.0,0.0,0.0,30
125.0,0.7,outage,dapper,remote_accept_rate,0.0,0.0,0.0,0.0,30
125.0,0.7,outage,dapper,remote_accepted_per_frame,0.0,0.0,0.0,0.0,30
125.0,0.7,outage,dapper,remote_rejected_deadline_rate,0.0,0.0,0.0,0.0,30
125.0,0.7,outage,dapper,remote_failed_loss_rate,0.0,0.0,0.0,0.0,30
125.0,0.7,outage,dapper,fallback_rate,1.0,0.0,1.0,1.0,30
125.0,0.7,outage,dapper,reuse_rate,0.7340333333333333,0.0029300268721061903,0.7329666666666668,0.7350333333333333,30
125.0,0.7,outage,dapper,stale_acceptance_rate,0.0,0.0,0.0,0.0,30
125.0,0.7,outage,dapper,mode_switches_per_1000,418.43333333333334,10.48375864860971,414.6666666666667,422.1333333333333,30
125.0,0.7,outage,dapper,pct_local_fast,22.63,0.6012343624749752,22.419916666666666,22.84333333333333,30
125.0,0.7,outage,dapper,pct_edge_accurate,0.0,0.0,0.0,0.0,30
125.0,0.7,outage,dapper,pct_hybrid,0.0,0.0,0.0,0.0,30
125.0,0.7,outage,dapper,pct_degraded_safe,77.36999999999999,0.6012343624749765,77.15666666666668,77.58008333333335,30
125.0,0.8,stable,dapper,deadline_miss_rate,0.25899999999999995,0.019238969074107968,0.2524666666666667,0.2658008333333333,30
125.0,0.8,stable,dapper,p95_latency_ms,148.95550079901022,0.6188548607023916,148.74183836142956,149.1749232275146,30
125.0,0.8,stable,dapper,p99_latency_ms,152.5684425005349,0.34059970420790175,152.4484209967069,152.69313926021212,30
125.0,0.8,stable,dapper,mean_latency_ms,73.85565540993005,2.279731796889587,73.08325473849067,74.63201917486698,30
125.0,0.8,stable,dapper,usable_confidence_proxy,0.6109753688661193,0.015786242886056727,0.6053578706615278,0.6163581962408314,30
125.0,0.8,stable,dapper,mean_output_confidence,0.7726841199863537,0.002597374443655774,0.7717793545020473,0.7735874340090333,30
125.0,0.8,stable,dapper,bandwidth_per_1000_frames_kb,21621.666666666668,335.8425671130112,21501.645833333336,21735.0,30
125.0,0.8,stable,dapper,remote_attempt_rate,0.8648666666666667,0.013433702684520463,0.8600658333333333,0.8694,30
125.0,0.8,stable,dapper,remote_accept_rate,0.5119299636219802,0.019710509684781493,0.5048710537106218,0.5185291640553195,30
125.0,0.8,stable,dapper,remote_accepted_per_frame,0.4427,0.01712862093609448,0.43670000000000003,0.44869999999999993,30
125.0,0.8,stable,dapper,remote_rejected_deadline_rate,0.07036532378126861,0.008697832557999321,0.0673504655416375,0.07343521123156188,30
125.0,0.8,stable,dapper,remote_failed_loss_rate,0.011160401044939667,0.0032782175425864904,0.010069906399418155,0.012335025962814114,30
125.0,0.8,stable,dapper,fallback_rate,0.25899999999999995,0.019238969074107968,0.2524666666666667,0.2658008333333333,30
125.0,0.8,stable,dapper,reuse_rate,0.0,0.0,0.0,0.0,30
125.0,0.8,stable,dapper,stale_acceptance_rate,0.0,0.0,0.0,0.0,30
125.0,0.8,stable,dapper,mode_switches_per_1000,410.23333333333335,20.49168600682479,403.2325,417.7,30
125.0,0.8,stable,dapper,pct_local_fast,13.513333333333334,1.3433702684520452,13.06,13.993416666666668,30
125.0,0.8,stable,dapper,pct_edge_accurate,55.62,2.2205000989991333,54.85991666666667,56.373416666666664,30
125.0,0.8,stable,dapper,pct_hybrid,30.86666666666667,2.4739098376977022,30.006666666666664,31.68675,30
125.0,0.8,stable,dapper,pct_degraded_safe,0.0,0.0,0.0,0.0,30
125.0,0.8,congested,dapper,deadline_miss_rate,0.0,0.0,0.0,0.0,30
125.0,0.8,congested,dapper,p95_latency_ms,33.94268972592376,0.09803104261482531,33.906854831430806,33.97630119170664,30
125.0,0.8,congested,dapper,p99_latency_ms,34.769178949662624,0.05524239382592479,34.748642896298946,34.7879694671568,30
125.0,0.8,congested,dapper,mean_latency_ms,25.012597088142645,0.18113657767527264,24.949225112390963,25.077791277753096,30
125.0,0.8,congested,dapper,usable_confidence_proxy,0.7249282051819181,0.0016092933478095927,0.7243536843822596,0.725520489679899,30
125.0,0.8,congested,dapper,mean_output_confidence,0.7249282051819181,0.0016092933478095927,0.7243536843822596,0.725520489679899,30
125.0,0.8,congested,dapper,bandwidth_per_1000_frames_kb,2.5,7.628214415734117,0.0,5.833333333333333,30
125.0,0.8,congested,dapper,remote_attempt_rate,0.0001,0.00030512857662936464,0.0,0.00023333333333333333,30
125.0,0.8,congested,dapper,remote_accept_rate,0.0,0.0,0.0,0.0,30
125.0,0.8,congested,dapper,remote_accepted_per_frame,0.0,0.0,0.0,0.0,30
125.0,0.8,congested,dapper,remote_rejected_deadline_rate,0.06666666666666667,0.2537081317024624,0.0,0.16666666666666666,30
125.0,0.8,congested,dapper,remote_failed_loss_rate,0.0,0.0,0.0,0.0,30
125.0,0.8,congested,dapper,fallback_rate,0.0,0.0,0.0,0.0,30
125.0,0.8,congested,dapper,reuse_rate,0.0,0.0,0.0,0.0,30
125.0,0.8,congested,dapper,stale_acceptance_rate,0.0,0.0,0.0,0.0,30
125.0,0.8,congested,dapper,mode_switches_per_1000,0.2,0.6102571532587293,0.0,0.4666666666666667,30
125.0,0.8,congested,dapper,pct_local_fast,99.99000000000001,0.030512857662934732,99.97666666666667,100.0,30
125.0,0.8,congested,dapper,pct_edge_accurate,0.0,0.0,0.0,0.0,30
125.0,0.8,congested,dapper,pct_hybrid,0.010000000000000002,0.030512857662936467,0.0,0.02333333333333333,30
125.0,0.8,congested,dapper,pct_degraded_safe,0.0,0.0,0.0,0.0,30
125.0,0.8,lossy,dapper,deadline_miss_rate,0.0,0.0,0.0,0.0,30
125.0,0.8,lossy,dapper,p95_latency_ms,34.012278154614826,0.12120943376607804,33.96820622195287,34.05448763655662,30
125.0,0.8,lossy,dapper,p99_latency_ms,34.80546807570768,0.06143547890706443,34.78316485257998,34.826772350222946,30
125.0,0.8,lossy,dapper,mean_latency_ms,25.003209635014095,0.15974262798343122,24.94828249795479,25.06142062043607,30
125.0,0.8,lossy,dapper,usable_confidence_proxy,0.7419330638486503,0.002176431935039012,0.7411786637885632,0.7427331588153571,30
125.0,0.8,lossy,dapper,mean_output_confidence,0.7247968267120143,0.001322250002252836,0.724324432482122,0.7252569980501671,30
125.0,0.8,lossy,dapper,bandwidth_per_1000_frames_kb,21082.5,356.11347958877883,20960.0,21209.166666666668,30
125.0,0.8,lossy,dapper,remote_attempt_rate,0.8433,0.014244539183551164,0.8383999999999999,0.8483666666666668,30
125.0,0.8,lossy,dapper,remote_accept_rate,0.12747672431208384,0.012751057831312767,0.12295730837018858,0.13204932177818435,30
125.0,0.8,lossy,dapper,remote_accepted_per_frame,0.10746666666666668,0.010533144185701704,0.10360000000000001,0.11123333333333334,30
125.0,0.8,lossy,dapper,remote_rejected_deadline_rate,0.28704053515306854,0.015687012812140473,0.28154250770921446,0.29265571149547853,30
125.0,0.8,lossy,dapper,remote_failed_loss_rate,0.19910581275818443,0.014475638618159817,0.19398314972756506,0.20405781866022585,30
125.0,0.8,lossy,dapper,fallback_rate,0.0,0.0,0.0,0.0,30
125.0,0.8,lossy,dapper,reuse_rate,0.0,0.0,0.0,0.0,30
125.0,0.8,lossy,dapper,stale_acceptance_rate,0.0,0.0,0.0,0.0,30
125.0,0.8,lossy,dapper,mode_switches_per_1000,250.73333333333332,21.692098248827417,243.06666666666666,258.33416666666665,30
125.0,0.8,lossy,dapper,pct_local_fast,15.67,1.4244539183551155,15.163333333333334,16.16,30
125.0,0.8,lossy,dapper,pct_edge_accurate,0.0,0.0,0.0,0.0,30
125.0,0.8,lossy,dapper,pct_hybrid,84.32999999999998,1.4244539183551168,83.83999999999999,84.83666666666666,30
125.0,0.8,lossy,dapper,pct_degraded_safe,0.0,0.0,0.0,0.0,30
125.0,0.8,variable,dapper,deadline_miss_rate,0.0029333333333333342,0.0022117762144910832,0.002233333333333334,0.0037666666666666673,30
125.0,0.8,variable,dapper,p95_latency_ms,33.91428774023019,0.19616601069402342,33.842999920767,33.98090508727986,30
125.0,0.8,variable,dapper,p99_latency_ms,44.17445650743834,21.436508612735825,37.47159192953472,52.564898328786605,30
125.0,0.8,variable,dapper,mean_latency_ms,21.49522313815418,0.8433537690970343,21.207567889079836,21.789777864478417,30
125.0,0.8,variable,dapper,usable_confidence_proxy,0.7294429205698274,0.003190731671765214,0.7282783593107051,0.7304960066038988,30
125.0,0.8,variable,dapper,mean_output_confidence,0.7261891555694064,0.0020254550148487167,0.7254798670417402,0.7268956376722745,30
125.0,0.8,variable,dapper,bandwidth_per_1000_frames_kb,5777.5,618.9308774285564,5560.791666666666,5989.229166666666,30
125.0,0.8,variable,dapper,remote_attempt_rate,0.2311,0.02475723509714226,0.22243166666666667,0.23956916666666667,30
125.0,0.8,variable,dapper,remote_accept_rate,0.1593225904647559,0.030227815733317422,0.14854986769116424,0.16977120142322374,30
125.0,0.8,variable,dapper,remote_accepted_per_frame,0.03679999999999999,0.008243701880202556,0.03400000000000001,0.03976666666666666,30
125.0,0.8,variable,dapper,remote_rejected_deadline_rate,0.3592894417961876,0.03467956063298278,0.34699609102253987,0.370821524882642,30
125.0,0.8,variable,dapper,remote_failed_loss_rate,0.07193615784084549,0.016135950496985536,0.06638961513178773,0.07778178250251701,30
125.0,0.8,variable,dapper,fallback_rate,0.22096666666666664,0.039638437748307345,0.20729916666666667,0.23503416666666668,30
125.0,0.8,variable,dapper,reuse_rate,0.16690000000000002,0.030447637358088316,0.15636666666666668,0.17773416666666667,30
125.0,0.8,variable,dapper,stale_acceptance_rate,0.0,0.0,0.0,0.0,30
125.0,0.8,variable,dapper,mode_switches_per_1000,321.0,18.309598010615765,314.43333333333334,327.5,30
125.0,0.8,variable,dapper,pct_local_fast,60.199999999999996,2.9790070088236944,59.13666666666667,61.24341666666667,30
125.0,0.8,variable,dapper,pct_edge_accurate,0.6566666666666666,0.323433448181073,0.5466666666666666,0.7733333333333333,30
125.0,0.8,variable,dapper,pct_hybrid,22.453333333333333,2.3957913289671167,21.610000000000003,23.270083333333332,30
125.0,0.8,variable,dapper,pct_degraded_safe,16.689999999999998,3.0447637358088313,15.636666666666665,17.773416666666666,30
125.0,0.8,outage,dapper,deadline_miss_rate,0.0,0.0,0.0,0.0,30
125.0,0.8,outage,dapper,p95_latency_ms,31.18838425196936,0.5009047087578914,31.014573146138307,31.359947063348404,30
125.0,0.8,outage,dapper,p99_latency_ms,34.18711647171901,0.2345203938192105,34.10222418561493,34.27049382149214,30
125.0,0.8,outage,dapper,mean_latency_ms,7.381609814192322,0.14348774576691167,7.331697649688182,7.433717812533078,30
125.0,0.8,outage,dapper,usable_confidence_proxy,0.7255264574970844,0.00273138929991575,0.7245230285258677,0.7264802357218441,30
125.0,0.8,outage,dapper,mean_output_confidence,0.7255264574970844,0.00273138929991575,0.7245230285258677,0.7264802357218441,30
125.0,0.8,outage,dapper,bandwidth_per_1000_frames_kb,0.0,0.0,0.0,0.0,30
125.0,0.8,outage,dapper,remote_attempt_rate,0.0,0.0,0.0,0.0,30
125.0,0.8,outage,dapper,remote_accept_rate,0.0,0.0,0.0,0.0,30
125.0,0.8,outage,dapper,remote_accepted_per_frame,0.0,0.0,0.0,0.0,30
125.0,0.8,outage,dapper,remote_rejected_deadline_rate,0.0,0.0,0.0,0.0,30
125.0,0.8,outage,dapper,remote_failed_loss_rate,0.0,0.0,0.0,0.0,30
125.0,0.8,outage,dapper,fallback_rate,1.0,0.0,1.0,1.0,30
125.0,0.8,outage,dapper,reuse_rate,0.7340333333333333,0.0029300268721061903,0.7329666666666668,0.7350333333333333,30
125.0,0.8,outage,dapper,stale_acceptance_rate,0.0,0.0,0.0,0.0,30
125.0,0.8,outage,dapper,mode_switches_per_1000,418.43333333333334,10.48375864860971,414.6666666666667,422.1333333333333,30
125.0,0.8,outage,dapper,pct_local_fast,22.63,0.6012343624749752,22.419916666666666,22.84333333333333,30
125.0,0.8,outage,dapper,pct_edge_accurate,0.0,0.0,0.0,0.0,30
125.0,0.8,outage,dapper,pct_hybrid,0.0,0.0,0.0,0.0,30
125.0,0.8,outage,dapper,pct_degraded_safe,77.36999999999999,0.6012343624749765,77.15666666666668,77.58008333333335,30
125.0,0.9,stable,dapper,deadline_miss_rate,0.42216666666666663,0.019499042122067458,0.4156,0.4290333333333333,30
125.0,0.9,stable,dapper,p95_latency_ms,152.17344058219462,0.4540583283408453,152.01027592559427,152.33074357139432,30
125.0,0.9,stable,dapper,p99_latency_ms,155.33485967144077,0.5480834748174567,155.13810102334295,155.52103090952247,30
125.0,0.9,stable,dapper,mean_latency_ms,102.92225426728979,1.8170815170213666,102.29253383037043,103.55399810636473,30
125.0,0.9,stable,dapper,usable_confidence_proxy,0.4942218664091679,0.016658329444483158,0.48839596036749083,0.4998706253176867,30
125.0,0.9,stable,dapper,mean_output_confidence,0.7959976928158301,0.0030581965746421004,0.7949187491188087,0.7970282591916404,30
125.0,0.9,stable,dapper,bandwidth_per_1000_frames_kb,21621.666666666668,335.8425671130112,21501.645833333336,21735.0,30
125.0,0.9,stable,dapper,remote_attempt_rate,0.8648666666666667,0.013433702684520463,0.8600658333333333,0.8694,30
125.0,0.9,stable,dapper,remote_accept_rate,0.5119299636219802,0.019710509684781493,0.5048710537106218,0.5185291640553195,30
125.0,0.9,stable,dapper,remote_accepted_per_frame,0.4427,0.01712862093609448,0.43670000000000003,0.44869999999999993,30
125.0,0.9,stable,dapper,remote_rejected_deadline_rate,0.09571176556872005,0.009351749073901463,0.09250225031077969,0.09893992513413837,30
125.0,0.9,stable,dapper,remote_failed_loss_rate,0.011160401044939667,0.0032782175425864904,0.010069906399418155,0.012335025962814114,30
125.0,0.9,stable,dapper,fallback_rate,0.42216666666666663,0.019499042122067458,0.4156,0.4290333333333333,30
125.0,0.9,stable,dapper,reuse_rate,0.0,0.0,0.0,0.0,30
125.0,0.9,stable,dapper,stale_acceptance_rate,0.0,0.0,0.0,0.0,30
125.0,0.9,stable,dapper,mode_switches_per_1000,233.3,23.550605819867112,225.26666666666668,241.90083333333334,30
125.0,0.9,stable,dapper,pct_local_fast,13.513333333333334,1.3433702684520452,13.06,13.993416666666668,30
125.0,0.9,stable,dapper,pct_edge_accurate,86.48666666666666,1.3433702684520459,86.00658333333332,86.93999999999998,30
125.0,0.9,stable,dapper,pct_hybrid,0.0,0.0,0.0,0.0,30
125.0,0.9,stable,dapper,pct_degraded_safe,0.0,0.0,0.0,0.0,30
125.0,0.9,congested,dapper,deadline_miss_rate,0.0,0.0,0.0,0.0,30
125.0,0.9,congested,dapper,p95_latency_ms,33.94268972592376,0.09803104261482531,33.906854831430806,33.97630119170664,30
125.0,0.9,congested,dapper,p99_latency_ms,34.769178949662624,0.05524239382592479,34.748642896298946,34.7879694671568,30
125.0,0.9,congested,dapper,mean_latency_ms,25.012597088142645,0.18113657767527264,24.949225112390963,25.077791277753096,30
125.0,0.9,congested,dapper,usable_confidence_proxy,0.7249282051819181,0.0016092933478095927,0.7243536843822596,0.725520489679899,30
125.0,0.9,congested,dapper,mean_output_confidence,0.7249282051819181,0.0016092933478095927,0.7243536843822596,0.725520489679899,30
125.0,0.9,congested,dapper,bandwidth_per_1000_frames_kb,2.5,7.628214415734117,0.0,5.833333333333333,30
125.0,0.9,congested,dapper,remote_attempt_rate,0.0001,0.00030512857662936464,0.0,0.00023333333333333333,30
125.0,0.9,congested,dapper,remote_accept_rate,0.0,0.0,0.0,0.0,30
125.0,0.9,congested,dapper,remote_accepted_per_frame,0.0,0.0,0.0,0.0,30
125.0,0.9,congested,dapper,remote_rejected_deadline_rate,0.06666666666666667,0.2537081317024624,0.0,0.16666666666666666,30
125.0,0.9,congested,dapper,remote_failed_loss_rate,0.0,0.0,0.0,0.0,30
125.0,0.9,congested,dapper,fallback_rate,0.0,0.0,0.0,0.0,30
125.0,0.9,congested,dapper,reuse_rate,0.0,0.0,0.0,0.0,30
125.0,0.9,congested,dapper,stale_acceptance_rate,0.0,0.0,0.0,0.0,30
125.0,0.9,congested,dapper,mode_switches_per_1000,0.2,0.6102571532587293,0.0,0.4666666666666667,30
125.0,0.9,congested,dapper,pct_local_fast,99.99000000000001,0.030512857662934732,99.97666666666667,100.0,30
125.0,0.9,congested,dapper,pct_edge_accurate,0.0,0.0,0.0,0.0,30
125.0,0.9,congested,dapper,pct_hybrid,0.010000000000000002,0.030512857662936467,0.0,0.02333333333333333,30
125.0,0.9,congested,dapper,pct_degraded_safe,0.0,0.0,0.0,0.0,30
125.0,0.9,lossy,dapper,deadline_miss_rate,0.0774,0.013244647585163315,0.07256583333333332,0.08200083333333336,30
125.0,0.9,lossy,dapper,p95_latency_ms,145.45315787695068,9.21985070550178,141.71644038462438,147.72712876402596,30
125.0,0.9,lossy,dapper,p99_latency_ms,157.11050259146924,1.1640485956180386,156.6912384557759,157.50670665079508,30
125.0,0.9,lossy,dapper,mean_latency_ms,36.185112757155615,1.9019562948648576,35.500456212109704,36.85733431686127,30
125.0,0.9,lossy,dapper,usable_confidence_proxy,0.6866598736814226,0.008862373543609588,0.683597453209843,0.6898727645628074,30
125.0,0.9,lossy,dapper,mean_output_confidence,0.7283991458217495,0.0016338961565529615,0.7278118469506413,0.7289648022071041,30
125.0,0.9,lossy,dapper,bandwidth_per_1000_frames_kb,21082.5,356.11347958877883,20960.0,21209.166666666668,30
125.0,0.9,lossy,dapper,remote_attempt_rate,0.8433,0.014244539183551164,0.8383999999999999,0.8483666666666668,30
125.0,0.9,lossy,dapper,remote_accept_rate,0.12747672431208384,0.012751057831312767,0.12295730837018858,0.13204932177818435,30
125.0,0.9,lossy,dapper,remote_accepted_per_frame,0.10746666666666668,0.010533144185701704,0.10360000000000001,0.11123333333333334,30
125.0,0.9,lossy,dapper,remote_rejected_deadline_rate,0.28707970475745553,0.015660315323788847,0.2816033320824176,0.29267016258831247,30
125.0,0.9,lossy,dapper,remote_failed_loss_rate,0.19910581275818443,0.014475638618159817,0.19398314972756506,0.20405781866022585,30
125.0,0.9,lossy,dapper,fallback_rate,0.0774,0.013244647585163315,0.07256583333333332,0.08200083333333336,30
125.0,0.9,lossy,dapper,reuse_rate,0.0,0.0,0.0,0.0,30
125.0,0.9,lossy,dapper,stale_acceptance_rate,0.0,0.0,0.0,0.0,30
125.0,0.9,lossy,dapper,mode_switches_per_1000,338.9,19.377110563577418,332.1666666666667,345.8,30
125.0,0.9,lossy,dapper,pct_local_fast,15.67,1.4244539183551155,15.163333333333334,16.16,30
125.0,0.9,lossy,dapper,pct_edge_accurate,9.99,1.6723615349105216,9.396666666666667,10.589999999999998,30
125.0,0.9,lossy,dapper,pct_hybrid,74.34,2.0177830101034346,73.62000000000002,75.04333333333334,30
125.0,0.9,lossy,dapper,pct_degraded_safe,0.0,0.0,0.0,0.0,30
125.0,0.9,variable,dapper,deadline_miss_rate,0.02783333333333334,0.007297062863699449,0.025233333333333337,0.030333333333333337,30
125.0,0.9,variable,dapper,p95_latency_ms,48.01274699326957,22.84419506307958,40.42468213553589,56.159595305357236,30
125.0,0.9,variable,dapper,p99_latency_ms,150.83562138646226,2.6245614496178398,149.8668617560133,151.68560892975313,30
125.0,0.9,variable,dapper,mean_latency_ms,25.423136098413583,1.5011402738758954,24.89677513973722,25.935336876533658,30
125.0,0.9,variable,dapper,usable_confidence_proxy,0.7116573378147948,0.004620604857121731,0.7100720930211217,0.7132644084217118,30
125.0,0.9,variable,dapper,mean_output_confidence,0.7281354070809415,0.002208753800329888,0.7273451027121439,0.7288874689629902,30
125.0,0.9,variable,dapper,bandwidth_per_1000_frames_kb,5777.5,618.9308774285564,5560.791666666666,5989.229166666666,30
125.0,0.9,variable,dapper,remote_attempt_rate,0.2311,0.02475723509714226,0.22243166666666667,0.23956916666666667,30
125.0,0.9,variable,dapper,remote_accept_rate,0.1593225904647559,0.030227815733317422,0.14854986769116424,0.16977120142322374,30
125.0,0.9,variable,dapper,remote_accepted_per_frame,0.03679999999999999,0.008243701880202556,0.03400000000000001,0.03976666666666666,30
125.0,0.9,variable,dapper,remote_rejected_deadline_rate,0.36009639597990317,0.03387478714028047,0.3480463878738423,0.3714225037068872,30
125.0,0.9,variable,dapper,remote_failed_loss_rate,0.07193615784084549,0.016135950496985536,0.06638961513178773,0.07778178250251701,30
125.0,0.9,variable,dapper,fallback_rate,0.24586666666666662,0.03859849321101692,0.23246583333333332,0.2595666666666666,30
125.0,0.9,variable,dapper,reuse_rate,0.16676666666666667,0.030503457501408423,0.15616666666666665,0.17766666666666664,30
125.0,0.9,variable,dapper,stale_acceptance_rate,0.0,0.0,0.0,0.0,30
125.0,0.9,variable,dapper,mode_switches_per_1000,347.73333333333335,21.02860667877391,340.3,355.0675,30
125.0,0.9,variable,dapper,pct_local_fast,60.21333333333333,2.991912470291379,59.15,61.269999999999996,30
125.0,0.9,variable,dapper,pct_edge_accurate,4.403333333333334,1.088017283500314,4.026583333333333,4.780000000000001,30
125.0,0.9,variable,dapper,pct_hybrid,18.706666666666663,1.8856871670438935,18.066666666666666,19.366750000000003,30
125.0,0.9,variable,dapper,pct_degraded_safe,16.676666666666666,3.050345750140842,15.616666666666667,17.766666666666662,30
125.0,0.9,outage,dapper,deadline_miss_rate,0.0,0.0,0.0,0.0,30
125.0,0.9,outage,dapper,p95_latency_ms,31.18838425196936,0.5009047087578914,31.014573146138307,31.359947063348404,30
125.0,0.9,outage,dapper,p99_latency_ms,34.18711647171901,0.2345203938192105,34.10222418561493,34.27049382149214,30
125.0,0.9,outage,dapper,mean_latency_ms,7.381609814192322,0.14348774576691167,7.331697649688182,7.433717812533078,30
125.0,0.9,outage,dapper,usable_confidence_proxy,0.7255264574970844,0.00273138929991575,0.7245230285258677,0.7264802357218441,30
125.0,0.9,outage,dapper,mean_output_confidence,0.7255264574970844,0.00273138929991575,0.7245230285258677,0.7264802357218441,30
125.0,0.9,outage,dapper,bandwidth_per_1000_frames_kb,0.0,0.0,0.0,0.0,30
125.0,0.9,outage,dapper,remote_attempt_rate,0.0,0.0,0.0,0.0,30
125.0,0.9,outage,dapper,remote_accept_rate,0.0,0.0,0.0,0.0,30
125.0,0.9,outage,dapper,remote_accepted_per_frame,0.0,0.0,0.0,0.0,30
125.0,0.9,outage,dapper,remote_rejected_deadline_rate,0.0,0.0,0.0,0.0,30
125.0,0.9,outage,dapper,remote_failed_loss_rate,0.0,0.0,0.0,0.0,30
125.0,0.9,outage,dapper,fallback_rate,1.0,0.0,1.0,1.0,30
125.0,0.9,outage,dapper,reuse_rate,0.7340333333333333,0.0029300268721061903,0.7329666666666668,0.7350333333333333,30
125.0,0.9,outage,dapper,stale_acceptance_rate,0.0,0.0,0.0,0.0,30
125.0,0.9,outage,dapper,mode_switches_per_1000,418.43333333333334,10.48375864860971,414.6666666666667,422.1333333333333,30
125.0,0.9,outage,dapper,pct_local_fast,22.63,0.6012343624749752,22.419916666666666,22.84333333333333,30
125.0,0.9,outage,dapper,pct_edge_accurate,0.0,0.0,0.0,0.0,30
125.0,0.9,outage,dapper,pct_hybrid,0.0,0.0,0.0,0.0,30
125.0,0.9,outage,dapper,pct_degraded_safe,77.36999999999999,0.6012343624749765,77.15666666666668,77.58008333333335,30
125.0,1.0,stable,dapper,deadline_miss_rate,0.42216666666666663,0.019499042122067458,0.4156,0.4290333333333333,30
125.0,1.0,stable,dapper,p95_latency_ms,152.17344058219462,0.4540583283408453,152.01027592559427,152.33074357139432,30
125.0,1.0,stable,dapper,p99_latency_ms,155.33485967144077,0.5480834748174567,155.13810102334295,155.52103090952247,30
125.0,1.0,stable,dapper,mean_latency_ms,102.92225426728979,1.8170815170213666,102.29253383037043,103.55399810636473,30
125.0,1.0,stable,dapper,usable_confidence_proxy,0.4942218664091679,0.016658329444483158,0.48839596036749083,0.4998706253176867,30
125.0,1.0,stable,dapper,mean_output_confidence,0.7959976928158301,0.0030581965746421004,0.7949187491188087,0.7970282591916404,30
125.0,1.0,stable,dapper,bandwidth_per_1000_frames_kb,21621.666666666668,335.8425671130112,21501.645833333336,21735.0,30
125.0,1.0,stable,dapper,remote_attempt_rate,0.8648666666666667,0.013433702684520463,0.8600658333333333,0.8694,30
125.0,1.0,stable,dapper,remote_accept_rate,0.5119299636219802,0.019710509684781493,0.5048710537106218,0.5185291640553195,30
125.0,1.0,stable,dapper,remote_accepted_per_frame,0.4427,0.01712862093609448,0.43670000000000003,0.44869999999999993,30
125.0,1.0,stable,dapper,remote_rejected_deadline_rate,0.09571176556872005,0.009351749073901463,0.09250225031077969,0.09893992513413837,30
125.0,1.0,stable,dapper,remote_failed_loss_rate,0.011160401044939667,0.0032782175425864904,0.010069906399418155,0.012335025962814114,30
125.0,1.0,stable,dapper,fallback_rate,0.42216666666666663,0.019499042122067458,0.4156,0.4290333333333333,30
125.0,1.0,stable,dapper,reuse_rate,0.0,0.0,0.0,0.0,30
125.0,1.0,stable,dapper,stale_acceptance_rate,0.0,0.0,0.0,0.0,30
125.0,1.0,stable,dapper,mode_switches_per_1000,233.3,23.550605819867112,225.26666666666668,241.90083333333334,30
125.0,1.0,stable,dapper,pct_local_fast,13.513333333333334,1.3433702684520452,13.06,13.993416666666668,30
125.0,1.0,stable,dapper,pct_edge_accurate,86.48666666666666,1.3433702684520459,86.00658333333332,86.93999999999998,30
125.0,1.0,stable,dapper,pct_hybrid,0.0,0.0,0.0,0.0,30
125.0,1.0,stable,dapper,pct_degraded_safe,0.0,0.0,0.0,0.0,30
125.0,1.0,congested,dapper,deadline_miss_rate,0.0,0.0,0.0,0.0,30
125.0,1.0,congested,dapper,p95_latency_ms,33.94268972592376,0.09803104261482531,33.906854831430806,33.97630119170664,30
125.0,1.0,congested,dapper,p99_latency_ms,34.769178949662624,0.05524239382592479,34.748642896298946,34.7879694671568,30
125.0,1.0,congested,dapper,mean_latency_ms,25.012597088142645,0.18113657767527264,24.949225112390963,25.077791277753096,30
125.0,1.0,congested,dapper,usable_confidence_proxy,0.7249282051819181,0.0016092933478095927,0.7243536843822596,0.725520489679899,30
125.0,1.0,congested,dapper,mean_output_confidence,0.7249282051819181,0.0016092933478095927,0.7243536843822596,0.725520489679899,30
125.0,1.0,congested,dapper,bandwidth_per_1000_frames_kb,2.5,7.628214415734117,0.0,5.833333333333333,30
125.0,1.0,congested,dapper,remote_attempt_rate,0.0001,0.00030512857662936464,0.0,0.00023333333333333333,30
125.0,1.0,congested,dapper,remote_accept_rate,0.0,0.0,0.0,0.0,30
125.0,1.0,congested,dapper,remote_accepted_per_frame,0.0,0.0,0.0,0.0,30
125.0,1.0,congested,dapper,remote_rejected_deadline_rate,0.06666666666666667,0.2537081317024624,0.0,0.16666666666666666,30
125.0,1.0,congested,dapper,remote_failed_loss_rate,0.0,0.0,0.0,0.0,30
125.0,1.0,congested,dapper,fallback_rate,0.0,0.0,0.0,0.0,30
125.0,1.0,congested,dapper,reuse_rate,0.0,0.0,0.0,0.0,30
125.0,1.0,congested,dapper,stale_acceptance_rate,0.0,0.0,0.0,0.0,30
125.0,1.0,congested,dapper,mode_switches_per_1000,0.2,0.6102571532587293,0.0,0.4666666666666667,30
125.0,1.0,congested,dapper,pct_local_fast,99.99000000000001,0.030512857662934732,99.97666666666667,100.0,30
125.0,1.0,congested,dapper,pct_edge_accurate,0.0,0.0,0.0,0.0,30
125.0,1.0,congested,dapper,pct_hybrid,0.010000000000000002,0.030512857662936467,0.0,0.02333333333333333,30
125.0,1.0,congested,dapper,pct_degraded_safe,0.0,0.0,0.0,0.0,30
125.0,1.0,lossy,dapper,deadline_miss_rate,0.7226666666666668,0.018817331214149077,0.7161333333333332,0.7293666666666668,30
125.0,1.0,lossy,dapper,p95_latency_ms,158.6018053991603,0.21714730317986988,158.5243882305943,158.6781170469501,30
125.0,1.0,lossy,dapper,p99_latency_ms,159.7217771519511,0.09656175512930357,159.6865303855245,159.75439838752604,30
125.0,1.0,lossy,dapper,mean_latency_ms,122.8318258576286,2.0518016594414816,122.11555035441242,123.5570338109236,30
125.0,1.0,lossy,dapper,usable_confidence_proxy,0.22549966914833608,0.015190667679657977,0.22011869051766017,0.23084405874411085,30
125.0,1.0,lossy,dapper,mean_output_confidence,0.741929959750785,0.0021733108777163427,0.741175369419731,0.7427271233770404,30
125.0,1.0,lossy,dapper,bandwidth_per_1000_frames_kb,21082.5,356.11347958877883,20960.0,21209.166666666668,30
125.0,1.0,lossy,dapper,remote_attempt_rate,0.8433,0.014244539183551164,0.8383999999999999,0.8483666666666668,30
125.0,1.0,lossy,dapper,remote_accept_rate,0.12747672431208384,0.012751057831312767,0.12295730837018858,0.13204932177818435,30
125.0,1.0,lossy,dapper,remote_accepted_per_frame,0.10746666666666668,0.010533144185701704,0.10360000000000001,0.11123333333333334,30
125.0,1.0,lossy,dapper,remote_rejected_deadline_rate,0.28707970475745553,0.015660315323788847,0.2816033320824176,0.29267016258831247,30
125.0,1.0,lossy,dapper,remote_failed_loss_rate,0.19910581275818443,0.014475638618159817,0.19398314972756506,0.20405781866022585,30
125.0,1.0,lossy,dapper,fallback_rate,0.7226666666666668,0.018817331214149077,0.7161333333333332,0.7293666666666668,30
125.0,1.0,lossy,dapper,reuse_rate,0.0,0.0,0.0,0.0,30
125.0,1.0,lossy,dapper,stale_acceptance_rate,0.0,0.0,0.0,0.0,30
125.0,1.0,lossy,dapper,mode_switches_per_1000,267.8333333333333,24.184753437870206,259.3666666666667,276.46666666666664,30
125.0,1.0,lossy,dapper,pct_local_fast,15.67,1.4244539183551155,15.163333333333334,16.16,30
125.0,1.0,lossy,dapper,pct_edge_accurate,83.01,1.5514953854377005,82.47666666666666,83.55666666666667,30
125.0,1.0,lossy,dapper,pct_hybrid,1.32,0.4490603215758359,1.1666666666666667,1.486666666666667,30
125.0,1.0,lossy,dapper,pct_degraded_safe,0.0,0.0,0.0,0.0,30
125.0,1.0,variable,dapper,deadline_miss_rate,0.1447,0.017072159227515867,0.13876666666666668,0.15079999999999996,30
125.0,1.0,variable,dapper,p95_latency_ms,152.6861899795578,1.2778807782184167,152.22048565768173,153.1313446213928,30
125.0,1.0,variable,dapper,p99_latency_ms,158.17737246882086,0.505173131987134,157.99896755694573,158.34972235231518,30
125.0,1.0,variable,dapper,mean_latency_ms,41.404792402941254,2.6830664023133117,40.480227508563836,42.34597078113324,30
125.0,1.0,variable,dapper,usable_confidence_proxy,0.6282177885853063,0.012052920481969142,0.6238394457676097,0.6323524577402576,30
125.0,1.0,variable,dapper,mean_output_confidence,0.7313286778096321,0.002381279157148562,0.7304848243883867,0.7321249156406279,30
125.0,1.0,variable,dapper,bandwidth_per_1000_frames_kb,5777.5,618.9308774285564,5560.791666666666,5989.229166666666,30
125.0,1.0,variable,dapper,remote_attempt_rate,0.2311,0.02475723509714226,0.22243166666666667,0.23956916666666667,30
125.0,1.0,variable,dapper,remote_accept_rate,0.1593225904647559,0.030227815733317422,0.14854986769116424,0.16977120142322374,30
125.0,1.0,variable,dapper,remote_accepted_per_frame,0.03679999999999999,0.008243701880202556,0.03400000000000001,0.03976666666666666,30
125.0,1.0,variable,dapper,remote_rejected_deadline_rate,0.36009639597990317,0.03387478714028047,0.3480463878738423,0.3714225037068872,30
125.0,1.0,variable,dapper,remote_failed_loss_rate,0.07193615784084549,0.016135950496985536,0.06638961513178773,0.07778178250251701,30
125.0,1.0,variable,dapper,fallback_rate,0.3627333333333333,0.03743954513919587,0.34976666666666667,0.37623499999999993,30
125.0,1.0,variable,dapper,reuse_rate,0.16530000000000003,0.030016259961377027,0.1549658333333333,0.17593416666666664,30
125.0,1.0,variable,dapper,stale_acceptance_rate,0.0,0.0,0.0,0.0,30
125.0,1.0,variable,dapper,mode_switches_per_1000,345.7,21.36247112142678,337.7991666666667,353.4008333333333,30
125.0,1.0,variable,dapper,pct_local_fast,60.35999999999999,2.945786002481138,59.30666666666666,61.38666666666667,30
125.0,1.0,variable,dapper,pct_edge_accurate,18.00333333333333,2.0486300440712237,17.303333333333335,18.726750000000003,30
125.0,1.0,variable,dapper,pct_hybrid,5.1066666666666665,0.8669937490660128,4.803333333333334,5.403333333333333,30
125.0,1.0,variable,dapper,pct_degraded_safe,16.530000000000005,3.0016259961377023,15.496583333333334,17.59341666666667,30
125.0,1.0,outage,dapper,deadline_miss_rate,0.0,0.0,0.0,0.0,30
125.0,1.0,outage,dapper,p95_latency_ms,31.18838425196936,0.5009047087578914,31.014573146138307,31.359947063348404,30
125.0,1.0,outage,dapper,p99_latency_ms,34.18711647171901,0.2345203938192105,34.10222418561493,34.27049382149214,30
125.0,1.0,outage,dapper,mean_latency_ms,7.381609814192322,0.14348774576691167,7.331697649688182,7.433717812533078,30
125.0,1.0,outage,dapper,usable_confidence_proxy,0.7255264574970844,0.00273138929991575,0.7245230285258677,0.7264802357218441,30
125.0,1.0,outage,dapper,mean_output_confidence,0.7255264574970844,0.00273138929991575,0.7245230285258677,0.7264802357218441,30
125.0,1.0,outage,dapper,bandwidth_per_1000_frames_kb,0.0,0.0,0.0,0.0,30
125.0,1.0,outage,dapper,remote_attempt_rate,0.0,0.0,0.0,0.0,30
125.0,1.0,outage,dapper,remote_accept_rate,0.0,0.0,0.0,0.0,30
125.0,1.0,outage,dapper,remote_accepted_per_frame,0.0,0.0,0.0,0.0,30
125.0,1.0,outage,dapper,remote_rejected_deadline_rate,0.0,0.0,0.0,0.0,30
125.0,1.0,outage,dapper,remote_failed_loss_rate,0.0,0.0,0.0,0.0,30
125.0,1.0,outage,dapper,fallback_rate,1.0,0.0,1.0,1.0,30
125.0,1.0,outage,dapper,reuse_rate,0.7340333333333333,0.0029300268721061903,0.7329666666666668,0.7350333333333333,30
125.0,1.0,outage,dapper,stale_acceptance_rate,0.0,0.0,0.0,0.0,30
125.0,1.0,outage,dapper,mode_switches_per_1000,418.43333333333334,10.48375864860971,414.6666666666667,422.1333333333333,30
125.0,1.0,outage,dapper,pct_local_fast,22.63,0.6012343624749752,22.419916666666666,22.84333333333333,30
125.0,1.0,outage,dapper,pct_edge_accurate,0.0,0.0,0.0,0.0,30
125.0,1.0,outage,dapper,pct_hybrid,0.0,0.0,0.0,0.0,30
125.0,1.0,outage,dapper,pct_degraded_safe,77.36999999999999,0.6012343624749765,77.15666666666668,77.58008333333335,30
150.0,0.2,stable,dapper,deadline_miss_rate,0.0,0.0,0.0,0.0,30
150.0,0.2,stable,dapper,p95_latency_ms,33.984265110354684,0.14612908292769589,33.9343159514038,34.036015368498674,30
150.0,0.2,stable,dapper,p99_latency_ms,34.78401367177919,0.06560311317343774,34.76065987728268,34.806824911760046,30
150.0,0.2,stable,dapper,mean_latency_ms,25.02027748999063,0.19474756789946776,24.952896569039584,25.094599531312916,30
150.0,0.2,stable,dapper,usable_confidence_proxy,0.7959976928158301,0.0030581965746421004,0.7949187491188087,0.7970282591916404,30
150.0,0.2,stable,dapper,mean_output_confidence,0.7249667322554326,0.0015304909747104968,0.7244513387101592,0.7255071023390036,30
150.0,0.2,stable,dapper,bandwidth_per_1000_frames_kb,21621.666666666668,335.8425671130112,21501.645833333336,21735.0,30
150.0,0.2,stable,dapper,remote_attempt_rate,0.8648666666666667,0.013433702684520463,0.8600658333333333,0.8694,30
150.0,0.2,stable,dapper,remote_accept_rate,0.5119299636219802,0.019710509684781493,0.5048710537106218,0.5185291640553195,30
150.0,0.2,stable,dapper,remote_accepted_per_frame,0.4427,0.01712862093609448,0.43670000000000003,0.44869999999999993,30
150.0,0.2,stable,dapper,remote_rejected_deadline_rate,0.0,0.0,0.0,0.0,30
150.0,0.2,stable,dapper,remote_failed_loss_rate,0.011160401044939667,0.0032782175425864904,0.010069906399418155,0.012335025962814114,30
150.0,0.2,stable,dapper,fallback_rate,0.0,0.0,0.0,0.0,30
150.0,0.2,stable,dapper,reuse_rate,0.0,0.0,0.0,0.0,30
150.0,0.2,stable,dapper,stale_acceptance_rate,0.0,0.0,0.0,0.0,30
150.0,0.2,stable,dapper,mode_switches_per_1000,233.3,23.550605819867112,225.26666666666668,241.90083333333334,30
150.0,0.2,stable,dapper,pct_local_fast,13.513333333333334,1.3433702684520452,13.06,13.993416666666668,30
150.0,0.2,stable,dapper,pct_edge_accurate,0.0,0.0,0.0,0.0,30
150.0,0.2,stable,dapper,pct_hybrid,86.48666666666666,1.3433702684520459,86.00658333333332,86.93999999999998,30
150.0,0.2,stable,dapper,pct_degraded_safe,0.0,0.0,0.0,0.0,30
150.0,0.2,congested,dapper,deadline_miss_rate,0.0,0.0,0.0,0.0,30
150.0,0.2,congested,dapper,p95_latency_ms,33.94268972592376,0.09803104261482531,33.906854831430806,33.97630119170664,30
150.0,0.2,congested,dapper,p99_latency_ms,34.769178949662624,0.05524239382592479,34.748642896298946,34.7879694671568,30
150.0,0.2,congested,dapper,mean_latency_ms,25.012597088142645,0.18113657767527264,24.949225112390963,25.077791277753096,30
150.0,0.2,congested,dapper,usable_confidence_proxy,0.7249282051819181,0.0016092933478095927,0.7243536843822596,0.725520489679899,30
150.0,0.2,congested,dapper,mean_output_confidence,0.7249282051819181,0.0016092933478095927,0.7243536843822596,0.725520489679899,30
150.0,0.2,congested,dapper,bandwidth_per_1000_frames_kb,2.5,7.628214415734117,0.0,5.833333333333333,30
150.0,0.2,congested,dapper,remote_attempt_rate,0.0001,0.00030512857662936464,0.0,0.00023333333333333333,30
150.0,0.2,congested,dapper,remote_accept_rate,0.0,0.0,0.0,0.0,30
150.0,0.2,congested,dapper,remote_accepted_per_frame,0.0,0.0,0.0,0.0,30
150.0,0.2,congested,dapper,remote_rejected_deadline_rate,0.06666666666666667,0.2537081317024624,0.0,0.16666666666666666,30
150.0,0.2,congested,dapper,remote_failed_loss_rate,0.0,0.0,0.0,0.0,30
150.0,0.2,congested,dapper,fallback_rate,0.0,0.0,0.0,0.0,30
150.0,0.2,congested,dapper,reuse_rate,0.0,0.0,0.0,0.0,30
150.0,0.2,congested,dapper,stale_acceptance_rate,0.0,0.0,0.0,0.0,30
150.0,0.2,congested,dapper,mode_switches_per_1000,0.2,0.6102571532587293,0.0,0.4666666666666667,30
150.0,0.2,congested,dapper,pct_local_fast,99.99000000000001,0.030512857662934732,99.97666666666667,100.0,30
150.0,0.2,congested,dapper,pct_edge_accurate,0.0,0.0,0.0,0.0,30
150.0,0.2,congested,dapper,pct_hybrid,0.010000000000000002,0.030512857662936467,0.0,0.02333333333333333,30
150.0,0.2,congested,dapper,pct_degraded_safe,0.0,0.0,0.0,0.0,30
150.0,0.2,lossy,dapper,deadline_miss_rate,0.0,0.0,0.0,0.0,30
150.0,0.2,lossy,dapper,p95_latency_ms,34.012278154614826,0.12120943376607804,33.96820622195287,34.05448763655662,30
150.0,0.2,lossy,dapper,p99_latency_ms,34.80546807570768,0.06143547890706443,34.78316485257998,34.826772350222946,30
150.0,0.2,lossy,dapper,mean_latency_ms,25.003209635014095,0.15974262798343122,24.94828249795479,25.06142062043607,30
150.0,0.2,lossy,dapper,usable_confidence_proxy,0.7419488805066937,0.0021694651931506532,0.7411968299043021,0.7427468304914678,30
150.0,0.2,lossy,dapper,mean_output_confidence,0.7247968267120143,0.001322250002252836,0.724324432482122,0.7252569980501671,30
150.0,0.2,lossy,dapper,bandwidth_per_1000_frames_kb,21150.0,355.25609995005595,21028.333333333332,21277.5,30
150.0,0.2,lossy,dapper,remote_attempt_rate,0.8459999999999999,0.01421024399800225,0.8411333333333334,0.8511,30
150.0,0.2,lossy,dapper,remote_accept_rate,0.1272378854001313,0.012843103402622898,0.1226604444039389,0.13181713898973657,30
150.0,0.2,lossy,dapper,remote_accepted_per_frame,0.1076,0.010545795043686763,0.10373333333333333,0.11133333333333331,30
150.0,0.2,lossy,dapper,remote_rejected_deadline_rate,0.0005531691253218503,0.0008078339844232618,0.0002776056400073699,0.0008333142967578924,30
150.0,0.2,lossy,dapper,remote_failed_loss_rate,0.19961581266921974,0.014430358687665578,0.19450895189348388,0.2046304954745599,30
150.0,0.2,lossy,dapper,fallback_rate,0.0,0.0,0.0,0.0,30
150.0,0.2,lossy,dapper,reuse_rate,0.0,0.0,0.0,0.0,30
150.0,0.2,lossy,dapper,stale_acceptance_rate,0.0,0.0,0.0,0.0,30
150.0,0.2,lossy,dapper,mode_switches_per_1000,248.33333333333334,21.18446622399069,240.83333333333334,255.73333333333332,30
150.0,0.2,lossy,dapper,pct_local_fast,15.399999999999999,1.4210243998002234,14.890000000000002,15.886666666666663,30
150.0,0.2,lossy,dapper,pct_edge_accurate,0.0,0.0,0.0,0.0,30
150.0,0.2,lossy,dapper,pct_hybrid,84.6,1.4210243998002252,84.11333333333333,85.10999999999999,30
150.0,0.2,lossy,dapper,pct_degraded_safe,0.0,0.0,0.0,0.0,30
150.0,0.2,variable,dapper,deadline_miss_rate,0.0,0.0,0.0,0.0,30
150.0,0.2,variable,dapper,p95_latency_ms,33.747775519517624,0.20973021505140457,33.675323470701066,33.82211577900011,30
150.0,0.2,variable,dapper,p99_latency_ms,34.71834607205886,0.08846723190950932,34.68461798114216,34.746951888657705,30
150.0,0.2,variable,dapper,mean_latency_ms,20.940446707168096,0.7350940723083381,20.683336067108257,21.199328671737284,30
150.0,0.2,variable,dapper,usable_confidence_proxy,0.7315327792840012,0.0025047865419971973,0.730630043265056,0.7323686534291781,30
150.0,0.2,variable,dapper,mean_output_confidence,0.7255990845494175,0.001961270671757357,0.7249273980970206,0.7262792520187936,30
150.0,0.2,variable,dapper,bandwidth_per_1000_frames_kb,5777.5,618.9308774285564,5560.791666666666,5989.229166666666,30
150.0,0.2,variable,dapper,remote_attempt_rate,0.2311,0.02475723509714226,0.22243166666666667,0.23956916666666667,30
150.0,0.2,variable,dapper,remote_accept_rate,0.1593225904647559,0.030227815733317422,0.14854986769116424,0.16977120142322374,30
150.0,0.2,variable,dapper,remote_accepted_per_frame,0.03679999999999999,0.008243701880202556,0.03400000000000001,0.03976666666666666,30
150.0,0.2,variable,dapper,remote_rejected_deadline_rate,0.023991299936414467,0.013559330226787243,0.0193159149177697,0.02880955192929131,30
150.0,0.2,variable,dapper,remote_failed_loss_rate,0.07193615784084549,0.016135950496985536,0.06638961513178773,0.07778178250251701,30
150.0,0.2,variable,dapper,fallback_rate,0.218,0.040093855406774126,0.2041991666666667,0.23230083333333335,30
150.0,0.2,variable,dapper,reuse_rate,0.1668666666666667,0.030431079092149253,0.15633333333333335,0.17766666666666667,30
150.0,0.2,variable,dapper,stale_acceptance_rate,0.0,0.0,0.0,0.0,30
150.0,0.2,variable,dapper,mode_switches_per_1000,313.23333333333335,17.826139917767282,306.93333333333334,319.73333333333335,30
150.0,0.2,variable,dapper,pct_local_fast,60.20333333333333,2.981377063607068,59.14,61.250083333333336,30
150.0,0.2,variable,dapper,pct_edge_accurate,0.0,0.0,0.0,0.0,30
150.0,0.2,variable,dapper,pct_hybrid,23.11,2.475723509714226,22.243166666666664,23.956916666666668,30
150.0,0.2,variable,dapper,pct_degraded_safe,16.686666666666664,3.043107909214925,15.633333333333333,17.766666666666666,30
150.0,0.2,outage,dapper,deadline_miss_rate,0.0,0.0,0.0,0.0,30
150.0,0.2,outage,dapper,p95_latency_ms,31.18838425196936,0.5009047087578914,31.014573146138307,31.359947063348404,30
150.0,0.2,outage,dapper,p99_latency_ms,34.18711647171901,0.2345203938192105,34.10222418561493,34.27049382149214,30
150.0,0.2,outage,dapper,mean_latency_ms,7.381609814192322,0.14348774576691167,7.331697649688182,7.433717812533078,30
150.0,0.2,outage,dapper,usable_confidence_proxy,0.7255264574970844,0.00273138929991575,0.7245230285258677,0.7264802357218441,30
150.0,0.2,outage,dapper,mean_output_confidence,0.7255264574970844,0.00273138929991575,0.7245230285258677,0.7264802357218441,30
150.0,0.2,outage,dapper,bandwidth_per_1000_frames_kb,0.0,0.0,0.0,0.0,30
150.0,0.2,outage,dapper,remote_attempt_rate,0.0,0.0,0.0,0.0,30
150.0,0.2,outage,dapper,remote_accept_rate,0.0,0.0,0.0,0.0,30
150.0,0.2,outage,dapper,remote_accepted_per_frame,0.0,0.0,0.0,0.0,30
150.0,0.2,outage,dapper,remote_rejected_deadline_rate,0.0,0.0,0.0,0.0,30
150.0,0.2,outage,dapper,remote_failed_loss_rate,0.0,0.0,0.0,0.0,30
150.0,0.2,outage,dapper,fallback_rate,1.0,0.0,1.0,1.0,30
150.0,0.2,outage,dapper,reuse_rate,0.7340333333333333,0.0029300268721061903,0.7329666666666668,0.7350333333333333,30
150.0,0.2,outage,dapper,stale_acceptance_rate,0.0,0.0,0.0,0.0,30
150.0,0.2,outage,dapper,mode_switches_per_1000,418.43333333333334,10.48375864860971,414.6666666666667,422.1333333333333,30
150.0,0.2,outage,dapper,pct_local_fast,22.63,0.6012343624749752,22.419916666666666,22.84333333333333,30
150.0,0.2,outage,dapper,pct_edge_accurate,0.0,0.0,0.0,0.0,30
150.0,0.2,outage,dapper,pct_hybrid,0.0,0.0,0.0,0.0,30
150.0,0.2,outage,dapper,pct_degraded_safe,77.36999999999999,0.6012343624749765,77.15666666666668,77.58008333333335,30
150.0,0.3,stable,dapper,deadline_miss_rate,0.0,0.0,0.0,0.0,30
150.0,0.3,stable,dapper,p95_latency_ms,33.984265110354684,0.14612908292769589,33.9343159514038,34.036015368498674,30
150.0,0.3,stable,dapper,p99_latency_ms,34.78401367177919,0.06560311317343774,34.76065987728268,34.806824911760046,30
150.0,0.3,stable,dapper,mean_latency_ms,25.02027748999063,0.19474756789946776,24.952896569039584,25.094599531312916,30
150.0,0.3,stable,dapper,usable_confidence_proxy,0.7959976928158301,0.0030581965746421004,0.7949187491188087,0.7970282591916404,30
150.0,0.3,stable,dapper,mean_output_confidence,0.7249667322554326,0.0015304909747104968,0.7244513387101592,0.7255071023390036,30
150.0,0.3,stable,dapper,bandwidth_per_1000_frames_kb,21621.666666666668,335.8425671130112,21501.645833333336,21735.0,30
150.0,0.3,stable,dapper,remote_attempt_rate,0.8648666666666667,0.013433702684520463,0.8600658333333333,0.8694,30
150.0,0.3,stable,dapper,remote_accept_rate,0.5119299636219802,0.019710509684781493,0.5048710537106218,0.5185291640553195,30
150.0,0.3,stable,dapper,remote_accepted_per_frame,0.4427,0.01712862093609448,0.43670000000000003,0.44869999999999993,30
150.0,0.3,stable,dapper,remote_rejected_deadline_rate,0.0,0.0,0.0,0.0,30
150.0,0.3,stable,dapper,remote_failed_loss_rate,0.011160401044939667,0.0032782175425864904,0.010069906399418155,0.012335025962814114,30
150.0,0.3,stable,dapper,fallback_rate,0.0,0.0,0.0,0.0,30
150.0,0.3,stable,dapper,reuse_rate,0.0,0.0,0.0,0.0,30
150.0,0.3,stable,dapper,stale_acceptance_rate,0.0,0.0,0.0,0.0,30
150.0,0.3,stable,dapper,mode_switches_per_1000,233.3,23.550605819867112,225.26666666666668,241.90083333333334,30
150.0,0.3,stable,dapper,pct_local_fast,13.513333333333334,1.3433702684520452,13.06,13.993416666666668,30
150.0,0.3,stable,dapper,pct_edge_accurate,0.0,0.0,0.0,0.0,30
150.0,0.3,stable,dapper,pct_hybrid,86.48666666666666,1.3433702684520459,86.00658333333332,86.93999999999998,30
150.0,0.3,stable,dapper,pct_degraded_safe,0.0,0.0,0.0,0.0,30
150.0,0.3,congested,dapper,deadline_miss_rate,0.0,0.0,0.0,0.0,30
150.0,0.3,congested,dapper,p95_latency_ms,33.94268972592376,0.09803104261482531,33.906854831430806,33.97630119170664,30
150.0,0.3,congested,dapper,p99_latency_ms,34.769178949662624,0.05524239382592479,34.748642896298946,34.7879694671568,30
150.0,0.3,congested,dapper,mean_latency_ms,25.012597088142645,0.18113657767527264,24.949225112390963,25.077791277753096,30
150.0,0.3,congested,dapper,usable_confidence_proxy,0.7249282051819181,0.0016092933478095927,0.7243536843822596,0.725520489679899,30
150.0,0.3,congested,dapper,mean_output_confidence,0.7249282051819181,0.0016092933478095927,0.7243536843822596,0.725520489679899,30
150.0,0.3,congested,dapper,bandwidth_per_1000_frames_kb,2.5,7.628214415734117,0.0,5.833333333333333,30
150.0,0.3,congested,dapper,remote_attempt_rate,0.0001,0.00030512857662936464,0.0,0.00023333333333333333,30
150.0,0.3,congested,dapper,remote_accept_rate,0.0,0.0,0.0,0.0,30
150.0,0.3,congested,dapper,remote_accepted_per_frame,0.0,0.0,0.0,0.0,30
150.0,0.3,congested,dapper,remote_rejected_deadline_rate,0.06666666666666667,0.2537081317024624,0.0,0.16666666666666666,30
150.0,0.3,congested,dapper,remote_failed_loss_rate,0.0,0.0,0.0,0.0,30
150.0,0.3,congested,dapper,fallback_rate,0.0,0.0,0.0,0.0,30
150.0,0.3,congested,dapper,reuse_rate,0.0,0.0,0.0,0.0,30
150.0,0.3,congested,dapper,stale_acceptance_rate,0.0,0.0,0.0,0.0,30
150.0,0.3,congested,dapper,mode_switches_per_1000,0.2,0.6102571532587293,0.0,0.4666666666666667,30
150.0,0.3,congested,dapper,pct_local_fast,99.99000000000001,0.030512857662934732,99.97666666666667,100.0,30
150.0,0.3,congested,dapper,pct_edge_accurate,0.0,0.0,0.0,0.0,30
150.0,0.3,congested,dapper,pct_hybrid,0.010000000000000002,0.030512857662936467,0.0,0.02333333333333333,30
150.0,0.3,congested,dapper,pct_degraded_safe,0.0,0.0,0.0,0.0,30
150.0,0.3,lossy,dapper,deadline_miss_rate,0.0,0.0,0.0,0.0,30
150.0,0.3,lossy,dapper,p95_latency_ms,34.012278154614826,0.12120943376607804,33.96820622195287,34.05448763655662,30
150.0,0.3,lossy,dapper,p99_latency_ms,34.80546807570768,0.06143547890706443,34.78316485257998,34.826772350222946,30
150.0,0.3,lossy,dapper,mean_latency_ms,25.003209635014095,0.15974262798343122,24.94828249795479,25.06142062043607,30
150.0,0.3,lossy,dapper,usable_confidence_proxy,0.7419488805066937,0.0021694651931506532,0.7411968299043021,0.7427468304914678,30
150.0,0.3,lossy,dapper,mean_output_confidence,0.7247968267120143,0.001322250002252836,0.724324432482122,0.7252569980501671,30
150.0,0.3,lossy,dapper,bandwidth_per_1000_frames_kb,21150.0,355.25609995005595,21028.333333333332,21277.5,30
150.0,0.3,lossy,dapper,remote_attempt_rate,0.8459999999999999,0.01421024399800225,0.8411333333333334,0.8511,30
150.0,0.3,lossy,dapper,remote_accept_rate,0.1272378854001313,0.012843103402622898,0.1226604444039389,0.13181713898973657,30
150.0,0.3,lossy,dapper,remote_accepted_per_frame,0.1076,0.010545795043686763,0.10373333333333333,0.11133333333333331,30
150.0,0.3,lossy,dapper,remote_rejected_deadline_rate,0.0005531691253218503,0.0008078339844232618,0.0002776056400073699,0.0008333142967578924,30
150.0,0.3,lossy,dapper,remote_failed_loss_rate,0.19961581266921974,0.014430358687665578,0.19450895189348388,0.2046304954745599,30
150.0,0.3,lossy,dapper,fallback_rate,0.0,0.0,0.0,0.0,30
150.0,0.3,lossy,dapper,reuse_rate,0.0,0.0,0.0,0.0,30
150.0,0.3,lossy,dapper,stale_acceptance_rate,0.0,0.0,0.0,0.0,30
150.0,0.3,lossy,dapper,mode_switches_per_1000,248.33333333333334,21.18446622399069,240.83333333333334,255.73333333333332,30
150.0,0.3,lossy,dapper,pct_local_fast,15.399999999999999,1.4210243998002234,14.890000000000002,15.886666666666663,30
150.0,0.3,lossy,dapper,pct_edge_accurate,0.0,0.0,0.0,0.0,30
150.0,0.3,lossy,dapper,pct_hybrid,84.6,1.4210243998002252,84.11333333333333,85.10999999999999,30
150.0,0.3,lossy,dapper,pct_degraded_safe,0.0,0.0,0.0,0.0,30
150.0,0.3,variable,dapper,deadline_miss_rate,0.0,0.0,0.0,0.0,30
150.0,0.3,variable,dapper,p95_latency_ms,33.747775519517624,0.20973021505140457,33.675323470701066,33.82211577900011,30
150.0,0.3,variable,dapper,p99_latency_ms,34.71834607205886,0.08846723190950932,34.68461798114216,34.746951888657705,30
150.0,0.3,variable,dapper,mean_latency_ms,20.940446707168096,0.7350940723083381,20.683336067108257,21.199328671737284,30
150.0,0.3,variable,dapper,usable_confidence_proxy,0.7315327792840012,0.0025047865419971973,0.730630043265056,0.7323686534291781,30
150.0,0.3,variable,dapper,mean_output_confidence,0.7255990845494175,0.001961270671757357,0.7249273980970206,0.7262792520187936,30
150.0,0.3,variable,dapper,bandwidth_per_1000_frames_kb,5777.5,618.9308774285564,5560.791666666666,5989.229166666666,30
150.0,0.3,variable,dapper,remote_attempt_rate,0.2311,0.02475723509714226,0.22243166666666667,0.23956916666666667,30
150.0,0.3,variable,dapper,remote_accept_rate,0.1593225904647559,0.030227815733317422,0.14854986769116424,0.16977120142322374,30
150.0,0.3,variable,dapper,remote_accepted_per_frame,0.03679999999999999,0.008243701880202556,0.03400000000000001,0.03976666666666666,30
150.0,0.3,variable,dapper,remote_rejected_deadline_rate,0.023991299936414467,0.013559330226787243,0.0193159149177697,0.02880955192929131,30
150.0,0.3,variable,dapper,remote_failed_loss_rate,0.07193615784084549,0.016135950496985536,0.06638961513178773,0.07778178250251701,30
150.0,0.3,variable,dapper,fallback_rate,0.218,0.040093855406774126,0.2041991666666667,0.23230083333333335,30
150.0,0.3,variable,dapper,reuse_rate,0.1668666666666667,0.030431079092149253,0.15633333333333335,0.17766666666666667,30
150.0,0.3,variable,dapper,stale_acceptance_rate,0.0,0.0,0.0,0.0,30
150.0,0.3,variable,dapper,mode_switches_per_1000,313.23333333333335,17.826139917767282,306.93333333333334,319.73333333333335,30
150.0,0.3,variable,dapper,pct_local_fast,60.20333333333333,2.981377063607068,59.14,61.250083333333336,30
150.0,0.3,variable,dapper,pct_edge_accurate,0.0,0.0,0.0,0.0,30
150.0,0.3,variable,dapper,pct_hybrid,23.11,2.475723509714226,22.243166666666664,23.956916666666668,30
150.0,0.3,variable,dapper,pct_degraded_safe,16.686666666666664,3.043107909214925,15.633333333333333,17.766666666666666,30
150.0,0.3,outage,dapper,deadline_miss_rate,0.0,0.0,0.0,0.0,30
150.0,0.3,outage,dapper,p95_latency_ms,31.18838425196936,0.5009047087578914,31.014573146138307,31.359947063348404,30
150.0,0.3,outage,dapper,p99_latency_ms,34.18711647171901,0.2345203938192105,34.10222418561493,34.27049382149214,30
150.0,0.3,outage,dapper,mean_latency_ms,7.381609814192322,0.14348774576691167,7.331697649688182,7.433717812533078,30
150.0,0.3,outage,dapper,usable_confidence_proxy,0.7255264574970844,0.00273138929991575,0.7245230285258677,0.7264802357218441,30
150.0,0.3,outage,dapper,mean_output_confidence,0.7255264574970844,0.00273138929991575,0.7245230285258677,0.7264802357218441,30
150.0,0.3,outage,dapper,bandwidth_per_1000_frames_kb,0.0,0.0,0.0,0.0,30
150.0,0.3,outage,dapper,remote_attempt_rate,0.0,0.0,0.0,0.0,30
150.0,0.3,outage,dapper,remote_accept_rate,0.0,0.0,0.0,0.0,30
150.0,0.3,outage,dapper,remote_accepted_per_frame,0.0,0.0,0.0,0.0,30
150.0,0.3,outage,dapper,remote_rejected_deadline_rate,0.0,0.0,0.0,0.0,30
150.0,0.3,outage,dapper,remote_failed_loss_rate,0.0,0.0,0.0,0.0,30
150.0,0.3,outage,dapper,fallback_rate,1.0,0.0,1.0,1.0,30
150.0,0.3,outage,dapper,reuse_rate,0.7340333333333333,0.0029300268721061903,0.7329666666666668,0.7350333333333333,30
150.0,0.3,outage,dapper,stale_acceptance_rate,0.0,0.0,0.0,0.0,30
150.0,0.3,outage,dapper,mode_switches_per_1000,418.43333333333334,10.48375864860971,414.6666666666667,422.1333333333333,30
150.0,0.3,outage,dapper,pct_local_fast,22.63,0.6012343624749752,22.419916666666666,22.84333333333333,30
150.0,0.3,outage,dapper,pct_edge_accurate,0.0,0.0,0.0,0.0,30
150.0,0.3,outage,dapper,pct_hybrid,0.0,0.0,0.0,0.0,30
150.0,0.3,outage,dapper,pct_degraded_safe,77.36999999999999,0.6012343624749765,77.15666666666668,77.58008333333335,30
150.0,0.4,stable,dapper,deadline_miss_rate,0.0,0.0,0.0,0.0,30
150.0,0.4,stable,dapper,p95_latency_ms,33.984265110354684,0.14612908292769589,33.9343159514038,34.036015368498674,30
150.0,0.4,stable,dapper,p99_latency_ms,34.78401367177919,0.06560311317343774,34.76065987728268,34.806824911760046,30
150.0,0.4,stable,dapper,mean_latency_ms,25.02027748999063,0.19474756789946776,24.952896569039584,25.094599531312916,30
150.0,0.4,stable,dapper,usable_confidence_proxy,0.7959976928158301,0.0030581965746421004,0.7949187491188087,0.7970282591916404,30
150.0,0.4,stable,dapper,mean_output_confidence,0.7249667322554326,0.0015304909747104968,0.7244513387101592,0.7255071023390036,30
150.0,0.4,stable,dapper,bandwidth_per_1000_frames_kb,21621.666666666668,335.8425671130112,21501.645833333336,21735.0,30
150.0,0.4,stable,dapper,remote_attempt_rate,0.8648666666666667,0.013433702684520463,0.8600658333333333,0.8694,30
150.0,0.4,stable,dapper,remote_accept_rate,0.5119299636219802,0.019710509684781493,0.5048710537106218,0.5185291640553195,30
150.0,0.4,stable,dapper,remote_accepted_per_frame,0.4427,0.01712862093609448,0.43670000000000003,0.44869999999999993,30
150.0,0.4,stable,dapper,remote_rejected_deadline_rate,0.0,0.0,0.0,0.0,30
150.0,0.4,stable,dapper,remote_failed_loss_rate,0.011160401044939667,0.0032782175425864904,0.010069906399418155,0.012335025962814114,30
150.0,0.4,stable,dapper,fallback_rate,0.0,0.0,0.0,0.0,30
150.0,0.4,stable,dapper,reuse_rate,0.0,0.0,0.0,0.0,30
150.0,0.4,stable,dapper,stale_acceptance_rate,0.0,0.0,0.0,0.0,30
150.0,0.4,stable,dapper,mode_switches_per_1000,233.3,23.550605819867112,225.26666666666668,241.90083333333334,30
150.0,0.4,stable,dapper,pct_local_fast,13.513333333333334,1.3433702684520452,13.06,13.993416666666668,30
150.0,0.4,stable,dapper,pct_edge_accurate,0.0,0.0,0.0,0.0,30
150.0,0.4,stable,dapper,pct_hybrid,86.48666666666666,1.3433702684520459,86.00658333333332,86.93999999999998,30
150.0,0.4,stable,dapper,pct_degraded_safe,0.0,0.0,0.0,0.0,30
150.0,0.4,congested,dapper,deadline_miss_rate,0.0,0.0,0.0,0.0,30
150.0,0.4,congested,dapper,p95_latency_ms,33.94268972592376,0.09803104261482531,33.906854831430806,33.97630119170664,30
150.0,0.4,congested,dapper,p99_latency_ms,34.769178949662624,0.05524239382592479,34.748642896298946,34.7879694671568,30
150.0,0.4,congested,dapper,mean_latency_ms,25.012597088142645,0.18113657767527264,24.949225112390963,25.077791277753096,30
150.0,0.4,congested,dapper,usable_confidence_proxy,0.7249282051819181,0.0016092933478095927,0.7243536843822596,0.725520489679899,30
150.0,0.4,congested,dapper,mean_output_confidence,0.7249282051819181,0.0016092933478095927,0.7243536843822596,0.725520489679899,30
150.0,0.4,congested,dapper,bandwidth_per_1000_frames_kb,2.5,7.628214415734117,0.0,5.833333333333333,30
150.0,0.4,congested,dapper,remote_attempt_rate,0.0001,0.00030512857662936464,0.0,0.00023333333333333333,30
150.0,0.4,congested,dapper,remote_accept_rate,0.0,0.0,0.0,0.0,30
150.0,0.4,congested,dapper,remote_accepted_per_frame,0.0,0.0,0.0,0.0,30
150.0,0.4,congested,dapper,remote_rejected_deadline_rate,0.06666666666666667,0.2537081317024624,0.0,0.16666666666666666,30
150.0,0.4,congested,dapper,remote_failed_loss_rate,0.0,0.0,0.0,0.0,30
150.0,0.4,congested,dapper,fallback_rate,0.0,0.0,0.0,0.0,30
150.0,0.4,congested,dapper,reuse_rate,0.0,0.0,0.0,0.0,30
150.0,0.4,congested,dapper,stale_acceptance_rate,0.0,0.0,0.0,0.0,30
150.0,0.4,congested,dapper,mode_switches_per_1000,0.2,0.6102571532587293,0.0,0.4666666666666667,30
150.0,0.4,congested,dapper,pct_local_fast,99.99000000000001,0.030512857662934732,99.97666666666667,100.0,30
150.0,0.4,congested,dapper,pct_edge_accurate,0.0,0.0,0.0,0.0,30
150.0,0.4,congested,dapper,pct_hybrid,0.010000000000000002,0.030512857662936467,0.0,0.02333333333333333,30
150.0,0.4,congested,dapper,pct_degraded_safe,0.0,0.0,0.0,0.0,30
150.0,0.4,lossy,dapper,deadline_miss_rate,0.0,0.0,0.0,0.0,30
150.0,0.4,lossy,dapper,p95_latency_ms,34.012278154614826,0.12120943376607804,33.96820622195287,34.05448763655662,30
150.0,0.4,lossy,dapper,p99_latency_ms,34.80546807570768,0.06143547890706443,34.78316485257998,34.826772350222946,30
150.0,0.4,lossy,dapper,mean_latency_ms,25.003209635014095,0.15974262798343122,24.94828249795479,25.06142062043607,30
150.0,0.4,lossy,dapper,usable_confidence_proxy,0.7419488805066937,0.0021694651931506532,0.7411968299043021,0.7427468304914678,30
150.0,0.4,lossy,dapper,mean_output_confidence,0.7247968267120143,0.001322250002252836,0.724324432482122,0.7252569980501671,30
150.0,0.4,lossy,dapper,bandwidth_per_1000_frames_kb,21150.0,355.25609995005595,21028.333333333332,21277.5,30
150.0,0.4,lossy,dapper,remote_attempt_rate,0.8459999999999999,0.01421024399800225,0.8411333333333334,0.8511,30
150.0,0.4,lossy,dapper,remote_accept_rate,0.1272378854001313,0.012843103402622898,0.1226604444039389,0.13181713898973657,30
150.0,0.4,lossy,dapper,remote_accepted_per_frame,0.1076,0.010545795043686763,0.10373333333333333,0.11133333333333331,30
150.0,0.4,lossy,dapper,remote_rejected_deadline_rate,0.0005531691253218503,0.0008078339844232618,0.0002776056400073699,0.0008333142967578924,30
150.0,0.4,lossy,dapper,remote_failed_loss_rate,0.19961581266921974,0.014430358687665578,0.19450895189348388,0.2046304954745599,30
150.0,0.4,lossy,dapper,fallback_rate,0.0,0.0,0.0,0.0,30
150.0,0.4,lossy,dapper,reuse_rate,0.0,0.0,0.0,0.0,30
150.0,0.4,lossy,dapper,stale_acceptance_rate,0.0,0.0,0.0,0.0,30
150.0,0.4,lossy,dapper,mode_switches_per_1000,248.33333333333334,21.18446622399069,240.83333333333334,255.73333333333332,30
150.0,0.4,lossy,dapper,pct_local_fast,15.399999999999999,1.4210243998002234,14.890000000000002,15.886666666666663,30
150.0,0.4,lossy,dapper,pct_edge_accurate,0.0,0.0,0.0,0.0,30
150.0,0.4,lossy,dapper,pct_hybrid,84.6,1.4210243998002252,84.11333333333333,85.10999999999999,30
150.0,0.4,lossy,dapper,pct_degraded_safe,0.0,0.0,0.0,0.0,30
150.0,0.4,variable,dapper,deadline_miss_rate,0.0,0.0,0.0,0.0,30
150.0,0.4,variable,dapper,p95_latency_ms,33.747775519517624,0.20973021505140457,33.675323470701066,33.82211577900011,30
150.0,0.4,variable,dapper,p99_latency_ms,34.71834607205886,0.08846723190950932,34.68461798114216,34.746951888657705,30
150.0,0.4,variable,dapper,mean_latency_ms,20.940446707168096,0.7350940723083381,20.683336067108257,21.199328671737284,30
150.0,0.4,variable,dapper,usable_confidence_proxy,0.7315327792840012,0.0025047865419971973,0.730630043265056,0.7323686534291781,30
150.0,0.4,variable,dapper,mean_output_confidence,0.7255990845494175,0.001961270671757357,0.7249273980970206,0.7262792520187936,30
150.0,0.4,variable,dapper,bandwidth_per_1000_frames_kb,5777.5,618.9308774285564,5560.791666666666,5989.229166666666,30
150.0,0.4,variable,dapper,remote_attempt_rate,0.2311,0.02475723509714226,0.22243166666666667,0.23956916666666667,30
150.0,0.4,variable,dapper,remote_accept_rate,0.1593225904647559,0.030227815733317422,0.14854986769116424,0.16977120142322374,30
150.0,0.4,variable,dapper,remote_accepted_per_frame,0.03679999999999999,0.008243701880202556,0.03400000000000001,0.03976666666666666,30
150.0,0.4,variable,dapper,remote_rejected_deadline_rate,0.023991299936414467,0.013559330226787243,0.0193159149177697,0.02880955192929131,30
150.0,0.4,variable,dapper,remote_failed_loss_rate,0.07193615784084549,0.016135950496985536,0.06638961513178773,0.07778178250251701,30
150.0,0.4,variable,dapper,fallback_rate,0.218,0.040093855406774126,0.2041991666666667,0.23230083333333335,30
150.0,0.4,variable,dapper,reuse_rate,0.1668666666666667,0.030431079092149253,0.15633333333333335,0.17766666666666667,30
150.0,0.4,variable,dapper,stale_acceptance_rate,0.0,0.0,0.0,0.0,30
150.0,0.4,variable,dapper,mode_switches_per_1000,313.23333333333335,17.826139917767282,306.93333333333334,319.73333333333335,30
150.0,0.4,variable,dapper,pct_local_fast,60.20333333333333,2.981377063607068,59.14,61.250083333333336,30
150.0,0.4,variable,dapper,pct_edge_accurate,0.0,0.0,0.0,0.0,30
150.0,0.4,variable,dapper,pct_hybrid,23.11,2.475723509714226,22.243166666666664,23.956916666666668,30
150.0,0.4,variable,dapper,pct_degraded_safe,16.686666666666664,3.043107909214925,15.633333333333333,17.766666666666666,30
150.0,0.4,outage,dapper,deadline_miss_rate,0.0,0.0,0.0,0.0,30
150.0,0.4,outage,dapper,p95_latency_ms,31.18838425196936,0.5009047087578914,31.014573146138307,31.359947063348404,30
150.0,0.4,outage,dapper,p99_latency_ms,34.18711647171901,0.2345203938192105,34.10222418561493,34.27049382149214,30
150.0,0.4,outage,dapper,mean_latency_ms,7.381609814192322,0.14348774576691167,7.331697649688182,7.433717812533078,30
150.0,0.4,outage,dapper,usable_confidence_proxy,0.7255264574970844,0.00273138929991575,0.7245230285258677,0.7264802357218441,30
150.0,0.4,outage,dapper,mean_output_confidence,0.7255264574970844,0.00273138929991575,0.7245230285258677,0.7264802357218441,30
150.0,0.4,outage,dapper,bandwidth_per_1000_frames_kb,0.0,0.0,0.0,0.0,30
150.0,0.4,outage,dapper,remote_attempt_rate,0.0,0.0,0.0,0.0,30
150.0,0.4,outage,dapper,remote_accept_rate,0.0,0.0,0.0,0.0,30
150.0,0.4,outage,dapper,remote_accepted_per_frame,0.0,0.0,0.0,0.0,30
150.0,0.4,outage,dapper,remote_rejected_deadline_rate,0.0,0.0,0.0,0.0,30
150.0,0.4,outage,dapper,remote_failed_loss_rate,0.0,0.0,0.0,0.0,30
150.0,0.4,outage,dapper,fallback_rate,1.0,0.0,1.0,1.0,30
150.0,0.4,outage,dapper,reuse_rate,0.7340333333333333,0.0029300268721061903,0.7329666666666668,0.7350333333333333,30
150.0,0.4,outage,dapper,stale_acceptance_rate,0.0,0.0,0.0,0.0,30
150.0,0.4,outage,dapper,mode_switches_per_1000,418.43333333333334,10.48375864860971,414.6666666666667,422.1333333333333,30
150.0,0.4,outage,dapper,pct_local_fast,22.63,0.6012343624749752,22.419916666666666,22.84333333333333,30
150.0,0.4,outage,dapper,pct_edge_accurate,0.0,0.0,0.0,0.0,30
150.0,0.4,outage,dapper,pct_hybrid,0.0,0.0,0.0,0.0,30
150.0,0.4,outage,dapper,pct_degraded_safe,77.36999999999999,0.6012343624749765,77.15666666666668,77.58008333333335,30
150.0,0.5,stable,dapper,deadline_miss_rate,0.0,0.0,0.0,0.0,30
150.0,0.5,stable,dapper,p95_latency_ms,33.984265110354684,0.14612908292769589,33.9343159514038,34.036015368498674,30
150.0,0.5,stable,dapper,p99_latency_ms,34.78401367177919,0.06560311317343774,34.76065987728268,34.806824911760046,30
150.0,0.5,stable,dapper,mean_latency_ms,25.02027748999063,0.19474756789946776,24.952896569039584,25.094599531312916,30
150.0,0.5,stable,dapper,usable_confidence_proxy,0.7959976928158301,0.0030581965746421004,0.7949187491188087,0.7970282591916404,30
150.0,0.5,stable,dapper,mean_output_confidence,0.7249667322554326,0.0015304909747104968,0.7244513387101592,0.7255071023390036,30
150.0,0.5,stable,dapper,bandwidth_per_1000_frames_kb,21621.666666666668,335.8425671130112,21501.645833333336,21735.0,30
150.0,0.5,stable,dapper,remote_attempt_rate,0.8648666666666667,0.013433702684520463,0.8600658333333333,0.8694,30
150.0,0.5,stable,dapper,remote_accept_rate,0.5119299636219802,0.019710509684781493,0.5048710537106218,0.5185291640553195,30
150.0,0.5,stable,dapper,remote_accepted_per_frame,0.4427,0.01712862093609448,0.43670000000000003,0.44869999999999993,30
150.0,0.5,stable,dapper,remote_rejected_deadline_rate,0.0,0.0,0.0,0.0,30
150.0,0.5,stable,dapper,remote_failed_loss_rate,0.011160401044939667,0.0032782175425864904,0.010069906399418155,0.012335025962814114,30
150.0,0.5,stable,dapper,fallback_rate,0.0,0.0,0.0,0.0,30
150.0,0.5,stable,dapper,reuse_rate,0.0,0.0,0.0,0.0,30
150.0,0.5,stable,dapper,stale_acceptance_rate,0.0,0.0,0.0,0.0,30
150.0,0.5,stable,dapper,mode_switches_per_1000,233.3,23.550605819867112,225.26666666666668,241.90083333333334,30
150.0,0.5,stable,dapper,pct_local_fast,13.513333333333334,1.3433702684520452,13.06,13.993416666666668,30
150.0,0.5,stable,dapper,pct_edge_accurate,0.0,0.0,0.0,0.0,30
150.0,0.5,stable,dapper,pct_hybrid,86.48666666666666,1.3433702684520459,86.00658333333332,86.93999999999998,30
150.0,0.5,stable,dapper,pct_degraded_safe,0.0,0.0,0.0,0.0,30
150.0,0.5,congested,dapper,deadline_miss_rate,0.0,0.0,0.0,0.0,30
150.0,0.5,congested,dapper,p95_latency_ms,33.94268972592376,0.09803104261482531,33.906854831430806,33.97630119170664,30
150.0,0.5,congested,dapper,p99_latency_ms,34.769178949662624,0.05524239382592479,34.748642896298946,34.7879694671568,30
150.0,0.5,congested,dapper,mean_latency_ms,25.012597088142645,0.18113657767527264,24.949225112390963,25.077791277753096,30
150.0,0.5,congested,dapper,usable_confidence_proxy,0.7249282051819181,0.0016092933478095927,0.7243536843822596,0.725520489679899,30
150.0,0.5,congested,dapper,mean_output_confidence,0.7249282051819181,0.0016092933478095927,0.7243536843822596,0.725520489679899,30
150.0,0.5,congested,dapper,bandwidth_per_1000_frames_kb,2.5,7.628214415734117,0.0,5.833333333333333,30
150.0,0.5,congested,dapper,remote_attempt_rate,0.0001,0.00030512857662936464,0.0,0.00023333333333333333,30
150.0,0.5,congested,dapper,remote_accept_rate,0.0,0.0,0.0,0.0,30
150.0,0.5,congested,dapper,remote_accepted_per_frame,0.0,0.0,0.0,0.0,30
150.0,0.5,congested,dapper,remote_rejected_deadline_rate,0.06666666666666667,0.2537081317024624,0.0,0.16666666666666666,30
150.0,0.5,congested,dapper,remote_failed_loss_rate,0.0,0.0,0.0,0.0,30
150.0,0.5,congested,dapper,fallback_rate,0.0,0.0,0.0,0.0,30
150.0,0.5,congested,dapper,reuse_rate,0.0,0.0,0.0,0.0,30
150.0,0.5,congested,dapper,stale_acceptance_rate,0.0,0.0,0.0,0.0,30
150.0,0.5,congested,dapper,mode_switches_per_1000,0.2,0.6102571532587293,0.0,0.4666666666666667,30
150.0,0.5,congested,dapper,pct_local_fast,99.99000000000001,0.030512857662934732,99.97666666666667,100.0,30
150.0,0.5,congested,dapper,pct_edge_accurate,0.0,0.0,0.0,0.0,30
150.0,0.5,congested,dapper,pct_hybrid,0.010000000000000002,0.030512857662936467,0.0,0.02333333333333333,30
150.0,0.5,congested,dapper,pct_degraded_safe,0.0,0.0,0.0,0.0,30
150.0,0.5,lossy,dapper,deadline_miss_rate,0.0,0.0,0.0,0.0,30
150.0,0.5,lossy,dapper,p95_latency_ms,34.012278154614826,0.12120943376607804,33.96820622195287,34.05448763655662,30
150.0,0.5,lossy,dapper,p99_latency_ms,34.80546807570768,0.06143547890706443,34.78316485257998,34.826772350222946,30
150.0,0.5,lossy,dapper,mean_latency_ms,25.003209635014095,0.15974262798343122,24.94828249795479,25.06142062043607,30
150.0,0.5,lossy,dapper,usable_confidence_proxy,0.7419488805066937,0.0021694651931506532,0.7411968299043021,0.7427468304914678,30
150.0,0.5,lossy,dapper,mean_output_confidence,0.7247968267120143,0.001322250002252836,0.724324432482122,0.7252569980501671,30
150.0,0.5,lossy,dapper,bandwidth_per_1000_frames_kb,21150.0,355.25609995005595,21028.333333333332,21277.5,30
150.0,0.5,lossy,dapper,remote_attempt_rate,0.8459999999999999,0.01421024399800225,0.8411333333333334,0.8511,30
150.0,0.5,lossy,dapper,remote_accept_rate,0.1272378854001313,0.012843103402622898,0.1226604444039389,0.13181713898973657,30
150.0,0.5,lossy,dapper,remote_accepted_per_frame,0.1076,0.010545795043686763,0.10373333333333333,0.11133333333333331,30
150.0,0.5,lossy,dapper,remote_rejected_deadline_rate,0.0005531691253218503,0.0008078339844232618,0.0002776056400073699,0.0008333142967578924,30
150.0,0.5,lossy,dapper,remote_failed_loss_rate,0.19961581266921974,0.014430358687665578,0.19450895189348388,0.2046304954745599,30
150.0,0.5,lossy,dapper,fallback_rate,0.0,0.0,0.0,0.0,30
150.0,0.5,lossy,dapper,reuse_rate,0.0,0.0,0.0,0.0,30
150.0,0.5,lossy,dapper,stale_acceptance_rate,0.0,0.0,0.0,0.0,30
150.0,0.5,lossy,dapper,mode_switches_per_1000,248.33333333333334,21.18446622399069,240.83333333333334,255.73333333333332,30
150.0,0.5,lossy,dapper,pct_local_fast,15.399999999999999,1.4210243998002234,14.890000000000002,15.886666666666663,30
150.0,0.5,lossy,dapper,pct_edge_accurate,0.0,0.0,0.0,0.0,30
150.0,0.5,lossy,dapper,pct_hybrid,84.6,1.4210243998002252,84.11333333333333,85.10999999999999,30
150.0,0.5,lossy,dapper,pct_degraded_safe,0.0,0.0,0.0,0.0,30
150.0,0.5,variable,dapper,deadline_miss_rate,0.0,0.0,0.0,0.0,30
150.0,0.5,variable,dapper,p95_latency_ms,33.747775519517624,0.20973021505140457,33.675323470701066,33.82211577900011,30
150.0,0.5,variable,dapper,p99_latency_ms,34.71834607205886,0.08846723190950932,34.68461798114216,34.746951888657705,30
150.0,0.5,variable,dapper,mean_latency_ms,20.940446707168096,0.7350940723083381,20.683336067108257,21.199328671737284,30
150.0,0.5,variable,dapper,usable_confidence_proxy,0.7315327792840012,0.0025047865419971973,0.730630043265056,0.7323686534291781,30
150.0,0.5,variable,dapper,mean_output_confidence,0.7255990845494175,0.001961270671757357,0.7249273980970206,0.7262792520187936,30
150.0,0.5,variable,dapper,bandwidth_per_1000_frames_kb,5777.5,618.9308774285564,5560.791666666666,5989.229166666666,30
150.0,0.5,variable,dapper,remote_attempt_rate,0.2311,0.02475723509714226,0.22243166666666667,0.23956916666666667,30
150.0,0.5,variable,dapper,remote_accept_rate,0.1593225904647559,0.030227815733317422,0.14854986769116424,0.16977120142322374,30
150.0,0.5,variable,dapper,remote_accepted_per_frame,0.03679999999999999,0.008243701880202556,0.03400000000000001,0.03976666666666666,30
150.0,0.5,variable,dapper,remote_rejected_deadline_rate,0.023991299936414467,0.013559330226787243,0.0193159149177697,0.02880955192929131,30
150.0,0.5,variable,dapper,remote_failed_loss_rate,0.07193615784084549,0.016135950496985536,0.06638961513178773,0.07778178250251701,30
150.0,0.5,variable,dapper,fallback_rate,0.218,0.040093855406774126,0.2041991666666667,0.23230083333333335,30
150.0,0.5,variable,dapper,reuse_rate,0.1668666666666667,0.030431079092149253,0.15633333333333335,0.17766666666666667,30
150.0,0.5,variable,dapper,stale_acceptance_rate,0.0,0.0,0.0,0.0,30
150.0,0.5,variable,dapper,mode_switches_per_1000,313.23333333333335,17.826139917767282,306.93333333333334,319.73333333333335,30
150.0,0.5,variable,dapper,pct_local_fast,60.20333333333333,2.981377063607068,59.14,61.250083333333336,30
150.0,0.5,variable,dapper,pct_edge_accurate,0.0,0.0,0.0,0.0,30
150.0,0.5,variable,dapper,pct_hybrid,23.11,2.475723509714226,22.243166666666664,23.956916666666668,30
150.0,0.5,variable,dapper,pct_degraded_safe,16.686666666666664,3.043107909214925,15.633333333333333,17.766666666666666,30
150.0,0.5,outage,dapper,deadline_miss_rate,0.0,0.0,0.0,0.0,30
150.0,0.5,outage,dapper,p95_latency_ms,31.18838425196936,0.5009047087578914,31.014573146138307,31.359947063348404,30
150.0,0.5,outage,dapper,p99_latency_ms,34.18711647171901,0.2345203938192105,34.10222418561493,34.27049382149214,30
150.0,0.5,outage,dapper,mean_latency_ms,7.381609814192322,0.14348774576691167,7.331697649688182,7.433717812533078,30
150.0,0.5,outage,dapper,usable_confidence_proxy,0.7255264574970844,0.00273138929991575,0.7245230285258677,0.7264802357218441,30
150.0,0.5,outage,dapper,mean_output_confidence,0.7255264574970844,0.00273138929991575,0.7245230285258677,0.7264802357218441,30
150.0,0.5,outage,dapper,bandwidth_per_1000_frames_kb,0.0,0.0,0.0,0.0,30
150.0,0.5,outage,dapper,remote_attempt_rate,0.0,0.0,0.0,0.0,30
150.0,0.5,outage,dapper,remote_accept_rate,0.0,0.0,0.0,0.0,30
150.0,0.5,outage,dapper,remote_accepted_per_frame,0.0,0.0,0.0,0.0,30
150.0,0.5,outage,dapper,remote_rejected_deadline_rate,0.0,0.0,0.0,0.0,30
150.0,0.5,outage,dapper,remote_failed_loss_rate,0.0,0.0,0.0,0.0,30
150.0,0.5,outage,dapper,fallback_rate,1.0,0.0,1.0,1.0,30
150.0,0.5,outage,dapper,reuse_rate,0.7340333333333333,0.0029300268721061903,0.7329666666666668,0.7350333333333333,30
150.0,0.5,outage,dapper,stale_acceptance_rate,0.0,0.0,0.0,0.0,30
150.0,0.5,outage,dapper,mode_switches_per_1000,418.43333333333334,10.48375864860971,414.6666666666667,422.1333333333333,30
150.0,0.5,outage,dapper,pct_local_fast,22.63,0.6012343624749752,22.419916666666666,22.84333333333333,30
150.0,0.5,outage,dapper,pct_edge_accurate,0.0,0.0,0.0,0.0,30
150.0,0.5,outage,dapper,pct_hybrid,0.0,0.0,0.0,0.0,30
150.0,0.5,outage,dapper,pct_degraded_safe,77.36999999999999,0.6012343624749765,77.15666666666668,77.58008333333335,30
150.0,0.6,stable,dapper,deadline_miss_rate,0.0,0.0,0.0,0.0,30
150.0,0.6,stable,dapper,p95_latency_ms,33.984265110354684,0.14612908292769589,33.9343159514038,34.036015368498674,30
150.0,0.6,stable,dapper,p99_latency_ms,34.78401367177919,0.06560311317343774,34.76065987728268,34.806824911760046,30
150.0,0.6,stable,dapper,mean_latency_ms,25.02027748999063,0.19474756789946776,24.952896569039584,25.094599531312916,30
150.0,0.6,stable,dapper,usable_confidence_proxy,0.7959976928158301,0.0030581965746421004,0.7949187491188087,0.7970282591916404,30
150.0,0.6,stable,dapper,mean_output_confidence,0.7249667322554326,0.0015304909747104968,0.7244513387101592,0.7255071023390036,30
150.0,0.6,stable,dapper,bandwidth_per_1000_frames_kb,21621.666666666668,335.8425671130112,21501.645833333336,21735.0,30
150.0,0.6,stable,dapper,remote_attempt_rate,0.8648666666666667,0.013433702684520463,0.8600658333333333,0.8694,30
150.0,0.6,stable,dapper,remote_accept_rate,0.5119299636219802,0.019710509684781493,0.5048710537106218,0.5185291640553195,30
150.0,0.6,stable,dapper,remote_accepted_per_frame,0.4427,0.01712862093609448,0.43670000000000003,0.44869999999999993,30
150.0,0.6,stable,dapper,remote_rejected_deadline_rate,0.0,0.0,0.0,0.0,30
150.0,0.6,stable,dapper,remote_failed_loss_rate,0.011160401044939667,0.0032782175425864904,0.010069906399418155,0.012335025962814114,30
150.0,0.6,stable,dapper,fallback_rate,0.0,0.0,0.0,0.0,30
150.0,0.6,stable,dapper,reuse_rate,0.0,0.0,0.0,0.0,30
150.0,0.6,stable,dapper,stale_acceptance_rate,0.0,0.0,0.0,0.0,30
150.0,0.6,stable,dapper,mode_switches_per_1000,233.3,23.550605819867112,225.26666666666668,241.90083333333334,30
150.0,0.6,stable,dapper,pct_local_fast,13.513333333333334,1.3433702684520452,13.06,13.993416666666668,30
150.0,0.6,stable,dapper,pct_edge_accurate,0.0,0.0,0.0,0.0,30
150.0,0.6,stable,dapper,pct_hybrid,86.48666666666666,1.3433702684520459,86.00658333333332,86.93999999999998,30
150.0,0.6,stable,dapper,pct_degraded_safe,0.0,0.0,0.0,0.0,30
150.0,0.6,congested,dapper,deadline_miss_rate,0.0,0.0,0.0,0.0,30
150.0,0.6,congested,dapper,p95_latency_ms,33.94268972592376,0.09803104261482531,33.906854831430806,33.97630119170664,30
150.0,0.6,congested,dapper,p99_latency_ms,34.769178949662624,0.05524239382592479,34.748642896298946,34.7879694671568,30
150.0,0.6,congested,dapper,mean_latency_ms,25.012597088142645,0.18113657767527264,24.949225112390963,25.077791277753096,30
150.0,0.6,congested,dapper,usable_confidence_proxy,0.7249282051819181,0.0016092933478095927,0.7243536843822596,0.725520489679899,30
150.0,0.6,congested,dapper,mean_output_confidence,0.7249282051819181,0.0016092933478095927,0.7243536843822596,0.725520489679899,30
150.0,0.6,congested,dapper,bandwidth_per_1000_frames_kb,2.5,7.628214415734117,0.0,5.833333333333333,30
150.0,0.6,congested,dapper,remote_attempt_rate,0.0001,0.00030512857662936464,0.0,0.00023333333333333333,30
150.0,0.6,congested,dapper,remote_accept_rate,0.0,0.0,0.0,0.0,30
150.0,0.6,congested,dapper,remote_accepted_per_frame,0.0,0.0,0.0,0.0,30
150.0,0.6,congested,dapper,remote_rejected_deadline_rate,0.06666666666666667,0.2537081317024624,0.0,0.16666666666666666,30
150.0,0.6,congested,dapper,remote_failed_loss_rate,0.0,0.0,0.0,0.0,30
150.0,0.6,congested,dapper,fallback_rate,0.0,0.0,0.0,0.0,30
150.0,0.6,congested,dapper,reuse_rate,0.0,0.0,0.0,0.0,30
150.0,0.6,congested,dapper,stale_acceptance_rate,0.0,0.0,0.0,0.0,30
150.0,0.6,congested,dapper,mode_switches_per_1000,0.2,0.6102571532587293,0.0,0.4666666666666667,30
150.0,0.6,congested,dapper,pct_local_fast,99.99000000000001,0.030512857662934732,99.97666666666667,100.0,30
150.0,0.6,congested,dapper,pct_edge_accurate,0.0,0.0,0.0,0.0,30
150.0,0.6,congested,dapper,pct_hybrid,0.010000000000000002,0.030512857662936467,0.0,0.02333333333333333,30
150.0,0.6,congested,dapper,pct_degraded_safe,0.0,0.0,0.0,0.0,30
150.0,0.6,lossy,dapper,deadline_miss_rate,0.0,0.0,0.0,0.0,30
150.0,0.6,lossy,dapper,p95_latency_ms,34.012278154614826,0.12120943376607804,33.96820622195287,34.05448763655662,30
150.0,0.6,lossy,dapper,p99_latency_ms,34.80546807570768,0.06143547890706443,34.78316485257998,34.826772350222946,30
150.0,0.6,lossy,dapper,mean_latency_ms,25.003209635014095,0.15974262798343122,24.94828249795479,25.06142062043607,30
150.0,0.6,lossy,dapper,usable_confidence_proxy,0.7419488805066937,0.0021694651931506532,0.7411968299043021,0.7427468304914678,30
150.0,0.6,lossy,dapper,mean_output_confidence,0.7247968267120143,0.001322250002252836,0.724324432482122,0.7252569980501671,30
150.0,0.6,lossy,dapper,bandwidth_per_1000_frames_kb,21150.0,355.25609995005595,21028.333333333332,21277.5,30
150.0,0.6,lossy,dapper,remote_attempt_rate,0.8459999999999999,0.01421024399800225,0.8411333333333334,0.8511,30
150.0,0.6,lossy,dapper,remote_accept_rate,0.1272378854001313,0.012843103402622898,0.1226604444039389,0.13181713898973657,30
150.0,0.6,lossy,dapper,remote_accepted_per_frame,0.1076,0.010545795043686763,0.10373333333333333,0.11133333333333331,30
150.0,0.6,lossy,dapper,remote_rejected_deadline_rate,0.0005531691253218503,0.0008078339844232618,0.0002776056400073699,0.0008333142967578924,30
150.0,0.6,lossy,dapper,remote_failed_loss_rate,0.19961581266921974,0.014430358687665578,0.19450895189348388,0.2046304954745599,30
150.0,0.6,lossy,dapper,fallback_rate,0.0,0.0,0.0,0.0,30
150.0,0.6,lossy,dapper,reuse_rate,0.0,0.0,0.0,0.0,30
150.0,0.6,lossy,dapper,stale_acceptance_rate,0.0,0.0,0.0,0.0,30
150.0,0.6,lossy,dapper,mode_switches_per_1000,248.33333333333334,21.18446622399069,240.83333333333334,255.73333333333332,30
150.0,0.6,lossy,dapper,pct_local_fast,15.399999999999999,1.4210243998002234,14.890000000000002,15.886666666666663,30
150.0,0.6,lossy,dapper,pct_edge_accurate,0.0,0.0,0.0,0.0,30
150.0,0.6,lossy,dapper,pct_hybrid,84.6,1.4210243998002252,84.11333333333333,85.10999999999999,30
150.0,0.6,lossy,dapper,pct_degraded_safe,0.0,0.0,0.0,0.0,30
150.0,0.6,variable,dapper,deadline_miss_rate,0.0,0.0,0.0,0.0,30
150.0,0.6,variable,dapper,p95_latency_ms,33.763726470559995,0.20479790216507757,33.691930997356565,33.835751541604395,30
150.0,0.6,variable,dapper,p99_latency_ms,34.733743501294164,0.09666988124409355,34.697009875444664,34.76516153772024,30
150.0,0.6,variable,dapper,mean_latency_ms,21.00063571810636,0.7418170538213776,20.741608811666737,21.26193330647136,30
150.0,0.6,variable,dapper,usable_confidence_proxy,0.7315205513733419,0.002494636940249835,0.7306282264400684,0.732354190652294,30
150.0,0.6,variable,dapper,mean_output_confidence,0.7256852128366592,0.001987519633718253,0.7249982991589617,0.7263752352932554,30
150.0,0.6,variable,dapper,bandwidth_per_1000_frames_kb,5777.5,618.9308774285564,5560.791666666666,5989.229166666666,30
150.0,0.6,variable,dapper,remote_attempt_rate,0.2311,0.02475723509714226,0.22243166666666667,0.23956916666666667,30
150.0,0.6,variable,dapper,remote_accept_rate,0.1593225904647559,0.030227815733317422,0.14854986769116424,0.16977120142322374,30
150.0,0.6,variable,dapper,remote_accepted_per_frame,0.03679999999999999,0.008243701880202556,0.03400000000000001,0.03976666666666666,30
150.0,0.6,variable,dapper,remote_rejected_deadline_rate,0.02438400082464783,0.013527683605611508,0.01968894627751125,0.029196688163298356,30
150.0,0.6,variable,dapper,remote_failed_loss_rate,0.07193615784084549,0.016135950496985536,0.06638961513178773,0.07778178250251701,30
150.0,0.6,variable,dapper,fallback_rate,0.2182666666666667,0.04006626694772595,0.204465,0.23256666666666664,30
150.0,0.6,variable,dapper,reuse_rate,0.1668666666666667,0.030431079092149253,0.15633333333333335,0.17766666666666667,30
150.0,0.6,variable,dapper,stale_acceptance_rate,0.0,0.0,0.0,0.0,30
150.0,0.6,variable,dapper,mode_switches_per_1000,314.43333333333334,17.830008283853903,308.1,320.9,30
150.0,0.6,variable,dapper,pct_local_fast,60.20333333333333,2.981377063607068,59.14,61.250083333333336,30
150.0,0.6,variable,dapper,pct_edge_accurate,0.08333333333333333,0.09128709291752769,0.05333333333333333,0.11666666666666668,30
150.0,0.6,variable,dapper,pct_hybrid,23.026666666666664,2.464217485550323,22.15666666666667,23.88,30
150.0,0.6,variable,dapper,pct_degraded_safe,16.686666666666664,3.043107909214925,15.633333333333333,17.766666666666666,30
150.0,0.6,outage,dapper,deadline_miss_rate,0.0,0.0,0.0,0.0,30
150.0,0.6,outage,dapper,p95_latency_ms,31.18838425196936,0.5009047087578914,31.014573146138307,31.359947063348404,30
150.0,0.6,outage,dapper,p99_latency_ms,34.18711647171901,0.2345203938192105,34.10222418561493,34.27049382149214,30
150.0,0.6,outage,dapper,mean_latency_ms,7.381609814192322,0.14348774576691167,7.331697649688182,7.433717812533078,30
150.0,0.6,outage,dapper,usable_confidence_proxy,0.7255264574970844,0.00273138929991575,0.7245230285258677,0.7264802357218441,30
150.0,0.6,outage,dapper,mean_output_confidence,0.7255264574970844,0.00273138929991575,0.7245230285258677,0.7264802357218441,30
150.0,0.6,outage,dapper,bandwidth_per_1000_frames_kb,0.0,0.0,0.0,0.0,30
150.0,0.6,outage,dapper,remote_attempt_rate,0.0,0.0,0.0,0.0,30
150.0,0.6,outage,dapper,remote_accept_rate,0.0,0.0,0.0,0.0,30
150.0,0.6,outage,dapper,remote_accepted_per_frame,0.0,0.0,0.0,0.0,30
150.0,0.6,outage,dapper,remote_rejected_deadline_rate,0.0,0.0,0.0,0.0,30
150.0,0.6,outage,dapper,remote_failed_loss_rate,0.0,0.0,0.0,0.0,30
150.0,0.6,outage,dapper,fallback_rate,1.0,0.0,1.0,1.0,30
150.0,0.6,outage,dapper,reuse_rate,0.7340333333333333,0.0029300268721061903,0.7329666666666668,0.7350333333333333,30
150.0,0.6,outage,dapper,stale_acceptance_rate,0.0,0.0,0.0,0.0,30
150.0,0.6,outage,dapper,mode_switches_per_1000,418.43333333333334,10.48375864860971,414.6666666666667,422.1333333333333,30
150.0,0.6,outage,dapper,pct_local_fast,22.63,0.6012343624749752,22.419916666666666,22.84333333333333,30
150.0,0.6,outage,dapper,pct_edge_accurate,0.0,0.0,0.0,0.0,30
150.0,0.6,outage,dapper,pct_hybrid,0.0,0.0,0.0,0.0,30
150.0,0.6,outage,dapper,pct_degraded_safe,77.36999999999999,0.6012343624749765,77.15666666666668,77.58008333333335,30
150.0,0.7,stable,dapper,deadline_miss_rate,0.09136666666666667,0.011263255281677225,0.08740000000000002,0.09533333333333334,30
150.0,0.7,stable,dapper,p95_latency_ms,152.13353805801614,0.4798557975679837,151.96274829772122,152.29844999355828,30
150.0,0.7,stable,dapper,p99_latency_ms,155.25215080249063,0.5419482911037147,155.05968260856255,155.44051805611053,30
150.0,0.7,stable,dapper,mean_latency_ms,102.5624785896,1.8200947207458182,101.93554614895234,103.19916808159235,30
150.0,0.7,stable,dapper,usable_confidence_proxy,0.7307145435503314,0.009756187814957821,0.727223999726322,0.7341577783620133,30
150.0,0.7,stable,dapper,mean_output_confidence,0.7957222869460508,0.003002563689665119,0.7946741095475737,0.7967400283402333,30
150.0,0.7,stable,dapper,bandwidth_per_1000_frames_kb,21621.666666666668,335.8425671130112,21501.645833333336,21735.0,30
150.0,0.7,stable,dapper,remote_attempt_rate,0.8648666666666667,0.013433702684520463,0.8600658333333333,0.8694,30
150.0,0.7,stable,dapper,remote_accept_rate,0.5119299636219802,0.019710509684781493,0.5048710537106218,0.5185291640553195,30
150.0,0.7,stable,dapper,remote_accepted_per_frame,0.4427,0.01712862093609448,0.43670000000000003,0.44869999999999993,30
150.0,0.7,stable,dapper,remote_rejected_deadline_rate,0.09525238465745638,0.009296067601138894,0.0920596194349523,0.09847577652604332,30
150.0,0.7,stable,dapper,remote_failed_loss_rate,0.011160401044939667,0.0032782175425864904,0.010069906399418155,0.012335025962814114,30
150.0,0.7,stable,dapper,fallback_rate,0.42023333333333335,0.019379483166898234,0.4137,0.42703416666666666,30
150.0,0.7,stable,dapper,reuse_rate,0.0,0.0,0.0,0.0,30
150.0,0.7,stable,dapper,stale_acceptance_rate,0.0,0.0,0.0,0.0,30
150.0,0.7,stable,dapper,mode_switches_per_1000,237.83333333333334,23.478652568594768,229.83333333333334,246.36666666666667,30
150.0,0.7,stable,dapper,pct_local_fast,13.513333333333334,1.3433702684520452,13.06,13.993416666666668,30
150.0,0.7,stable,dapper,pct_edge_accurate,86.11333333333333,1.3294368352240644,85.63333333333334,86.56666666666666,30
150.0,0.7,stable,dapper,pct_hybrid,0.37333333333333324,0.2362542951017462,0.29000000000000004,0.4567499999999989,30
150.0,0.7,stable,dapper,pct_degraded_safe,0.0,0.0,0.0,0.0,30
150.0,0.7,congested,dapper,deadline_miss_rate,0.0,0.0,0.0,0.0,30
150.0,0.7,congested,dapper,p95_latency_ms,33.94268972592376,0.09803104261482531,33.906854831430806,33.97630119170664,30
150.0,0.7,congested,dapper,p99_latency_ms,34.769178949662624,0.05524239382592479,34.748642896298946,34.7879694671568,30
150.0,0.7,congested,dapper,mean_latency_ms,25.012597088142645,0.18113657767527264,24.949225112390963,25.077791277753096,30
150.0,0.7,congested,dapper,usable_confidence_proxy,0.7249282051819181,0.0016092933478095927,0.7243536843822596,0.725520489679899,30
150.0,0.7,congested,dapper,mean_output_confidence,0.7249282051819181,0.0016092933478095927,0.7243536843822596,0.725520489679899,30
150.0,0.7,congested,dapper,bandwidth_per_1000_frames_kb,2.5,7.628214415734117,0.0,5.833333333333333,30
150.0,0.7,congested,dapper,remote_attempt_rate,0.0001,0.00030512857662936464,0.0,0.00023333333333333333,30
150.0,0.7,congested,dapper,remote_accept_rate,0.0,0.0,0.0,0.0,30
150.0,0.7,congested,dapper,remote_accepted_per_frame,0.0,0.0,0.0,0.0,30
150.0,0.7,congested,dapper,remote_rejected_deadline_rate,0.06666666666666667,0.2537081317024624,0.0,0.16666666666666666,30
150.0,0.7,congested,dapper,remote_failed_loss_rate,0.0,0.0,0.0,0.0,30
150.0,0.7,congested,dapper,fallback_rate,0.0,0.0,0.0,0.0,30
150.0,0.7,congested,dapper,reuse_rate,0.0,0.0,0.0,0.0,30
150.0,0.7,congested,dapper,stale_acceptance_rate,0.0,0.0,0.0,0.0,30
150.0,0.7,congested,dapper,mode_switches_per_1000,0.2,0.6102571532587293,0.0,0.4666666666666667,30
150.0,0.7,congested,dapper,pct_local_fast,99.99000000000001,0.030512857662934732,99.97666666666667,100.0,30
150.0,0.7,congested,dapper,pct_edge_accurate,0.0,0.0,0.0,0.0,30
150.0,0.7,congested,dapper,pct_hybrid,0.010000000000000002,0.030512857662936467,0.0,0.02333333333333333,30
150.0,0.7,congested,dapper,pct_degraded_safe,0.0,0.0,0.0,0.0,30
150.0,0.7,lossy,dapper,deadline_miss_rate,0.0005666666666666667,0.0007279320417946062,0.0003333333333333334,0.0008333333333333334,30
150.0,0.7,lossy,dapper,p95_latency_ms,34.03948200711736,0.12380626608092403,33.99519648636859,34.0815612873868,30
150.0,0.7,lossy,dapper,p99_latency_ms,34.834871005333426,0.06376728893780108,34.81174540814992,34.856838745104845,30
150.0,0.7,lossy,dapper,mean_latency_ms,25.15129760221672,0.23364581907231435,25.072044479258643,25.237675566480863,30
150.0,0.7,lossy,dapper,usable_confidence_proxy,0.7415389013837549,0.0023051030661343282,0.7407464555295222,0.7423606020199508,30
150.0,0.7,lossy,dapper,mean_output_confidence,0.7248761587899456,0.0013049984844609953,0.7244088163250029,0.7253265044030117,30
150.0,0.7,lossy,dapper,bandwidth_per_1000_frames_kb,21150.0,355.25609995005595,21028.333333333332,21277.5,30
150.0,0.7,lossy,dapper,remote_attempt_rate,0.8459999999999999,0.01421024399800225,0.8411333333333334,0.8511,30
150.0,0.7,lossy,dapper,remote_accept_rate,0.1272378854001313,0.012843103402622898,0.1226604444039389,0.13181713898973657,30
150.0,0.7,lossy,dapper,remote_accepted_per_frame,0.1076,0.010545795043686763,0.10373333333333333,0.11133333333333331,30
150.0,0.7,lossy,dapper,remote_rejected_deadline_rate,0.0006311419415358186,0.0008070988988643214,0.0003572304236175768,0.0009116719805882367,30
150.0,0.7,lossy,dapper,remote_failed_loss_rate,0.19961581266921974,0.014430358687665578,0.19450895189348388,0.2046304954745599,30
150.0,0.7,lossy,dapper,fallback_rate,0.0009000000000000001,0.0009948141396330238,0.0005666666666666667,0.0012666666666666668,30
150.0,0.7,lossy,dapper,reuse_rate,0.0,0.0,0.0,0.0,30
150.0,0.7,lossy,dapper,stale_acceptance_rate,0.0,0.0,0.0,0.0,30
150.0,0.7,lossy,dapper,mode_switches_per_1000,250.5,21.334365995121416,243.0,257.9675,30
150.0,0.7,lossy,dapper,pct_local_fast,15.399999999999999,1.4210243998002234,14.890000000000002,15.886666666666663,30
150.0,0.7,lossy,dapper,pct_edge_accurate,0.14666666666666667,0.13060425438846857,0.10333333333333333,0.19333333333333333,30
150.0,0.7,lossy,dapper,pct_hybrid,84.45333333333333,1.4385656969244818,83.95991666666664,84.96999999999998,30
150.0,0.7,lossy,dapper,pct_degraded_safe,0.0,0.0,0.0,0.0,30
150.0,0.7,variable,dapper,deadline_miss_rate,0.002433333333333334,0.001568731825465999,0.0019,0.003000000000000001,30
150.0,0.7,variable,dapper,p95_latency_ms,34.09733756425372,0.21408390780969386,34.019330920543894,34.16961666751562,30
150.0,0.7,variable,dapper,p99_latency_ms,88.40132950443895,37.07161704748313,75.57343077342524,101.24926045534023,30
150.0,0.7,variable,dapper,mean_latency_ms,22.326327226884278,1.043693729709956,21.96976198340788,22.682152850122833,30
150.0,0.7,variable,dapper,usable_confidence_proxy,0.7298081813541649,0.002814110121301732,0.7288141393347318,0.7307711062820683,30
150.0,0.7,variable,dapper,mean_output_confidence,0.7267306629700339,0.002106855470746807,0.7259731091828834,0.7274492947056704,30
150.0,0.7,variable,dapper,bandwidth_per_1000_frames_kb,5777.5,618.9308774285564,5560.791666666666,5989.229166666666,30
150.0,0.7,variable,dapper,remote_attempt_rate,0.2311,0.02475723509714226,0.22243166666666667,0.23956916666666667,30
150.0,0.7,variable,dapper,remote_accept_rate,0.1593225904647559,0.030227815733317422,0.14854986769116424,0.16977120142322374,30
150.0,0.7,variable,dapper,remote_accepted_per_frame,0.03679999999999999,0.008243701880202556,0.03400000000000001,0.03976666666666666,30
150.0,0.7,variable,dapper,remote_rejected_deadline_rate,0.03194023884077123,0.015607091481058828,0.026586769364237695,0.0374461361952859,30
150.0,0.7,variable,dapper,remote_failed_loss_rate,0.07193615784084549,0.016135950496985536,0.06638961513178773,0.07778178250251701,30
150.0,0.7,variable,dapper,fallback_rate,0.22599999999999998,0.03867013460468981,0.21269916666666663,0.23976749999999997,30
150.0,0.7,variable,dapper,reuse_rate,0.16693333333333335,0.030424506153964827,0.15643333333333334,0.17776666666666666,30
150.0,0.7,variable,dapper,stale_acceptance_rate,0.0,0.0,0.0,0.0,30
150.0,0.7,variable,dapper,mode_switches_per_1000,329.26666666666665,19.75528446689179,322.2325,336.2675,30
150.0,0.7,variable,dapper,pct_local_fast,60.19666666666665,2.9806830197737937,59.13658333333332,61.24333333333333,30
150.0,0.7,variable,dapper,pct_edge_accurate,1.5066666666666668,0.5464199050580772,1.3166666666666667,1.693416666666666,30
150.0,0.7,variable,dapper,pct_hybrid,21.603333333333335,2.2580863630491432,20.82333333333333,22.380000000000003,30
150.0,0.7,variable,dapper,pct_degraded_safe,16.69333333333333,3.0424506153964828,15.643333333333333,17.776666666666664,30
150.0,0.7,outage,dapper,deadline_miss_rate,0.0,0.0,0.0,0.0,30
150.0,0.7,outage,dapper,p95_latency_ms,31.18838425196936,0.5009047087578914,31.014573146138307,31.359947063348404,30
150.0,0.7,outage,dapper,p99_latency_ms,34.18711647171901,0.2345203938192105,34.10222418561493,34.27049382149214,30
150.0,0.7,outage,dapper,mean_latency_ms,7.381609814192322,0.14348774576691167,7.331697649688182,7.433717812533078,30
150.0,0.7,outage,dapper,usable_confidence_proxy,0.7255264574970844,0.00273138929991575,0.7245230285258677,0.7264802357218441,30
150.0,0.7,outage,dapper,mean_output_confidence,0.7255264574970844,0.00273138929991575,0.7245230285258677,0.7264802357218441,30
150.0,0.7,outage,dapper,bandwidth_per_1000_frames_kb,0.0,0.0,0.0,0.0,30
150.0,0.7,outage,dapper,remote_attempt_rate,0.0,0.0,0.0,0.0,30
150.0,0.7,outage,dapper,remote_accept_rate,0.0,0.0,0.0,0.0,30
150.0,0.7,outage,dapper,remote_accepted_per_frame,0.0,0.0,0.0,0.0,30
150.0,0.7,outage,dapper,remote_rejected_deadline_rate,0.0,0.0,0.0,0.0,30
150.0,0.7,outage,dapper,remote_failed_loss_rate,0.0,0.0,0.0,0.0,30
150.0,0.7,outage,dapper,fallback_rate,1.0,0.0,1.0,1.0,30
150.0,0.7,outage,dapper,reuse_rate,0.7340333333333333,0.0029300268721061903,0.7329666666666668,0.7350333333333333,30
150.0,0.7,outage,dapper,stale_acceptance_rate,0.0,0.0,0.0,0.0,30
150.0,0.7,outage,dapper,mode_switches_per_1000,418.43333333333334,10.48375864860971,414.6666666666667,422.1333333333333,30
150.0,0.7,outage,dapper,pct_local_fast,22.63,0.6012343624749752,22.419916666666666,22.84333333333333,30
150.0,0.7,outage,dapper,pct_edge_accurate,0.0,0.0,0.0,0.0,30
150.0,0.7,outage,dapper,pct_hybrid,0.0,0.0,0.0,0.0,30
150.0,0.7,outage,dapper,pct_degraded_safe,77.36999999999999,0.6012343624749765,77.15666666666668,77.58008333333335,30
150.0,0.8,stable,dapper,deadline_miss_rate,0.09236666666666668,0.011321274856120053,0.08839999999999999,0.09643333333333332,30
150.0,0.8,stable,dapper,p95_latency_ms,152.17408599779458,0.45402859838569465,152.0121082246416,152.331350523573,30
150.0,0.8,stable,dapper,p99_latency_ms,155.3409355561682,0.549924919346767,155.14753098714868,155.52857408892322,30
150.0,0.8,stable,dapper,mean_latency_ms,102.92338016748587,1.8171936585729458,102.2933926565328,103.55524137509077,30
150.0,0.8,stable,dapper,usable_confidence_proxy,0.7299887862316244,0.009790533762620497,0.726511376504676,0.7334469203635241,30
150.0,0.8,stable,dapper,mean_output_confidence,0.7959976928158301,0.0030581965746421004,0.7949187491188087,0.7970282591916404,30
150.0,0.8,stable,dapper,bandwidth_per_1000_frames_kb,21621.666666666668,335.8425671130112,21501.645833333336,21735.0,30
150.0,0.8,stable,dapper,remote_attempt_rate,0.8648666666666667,0.013433702684520463,0.8600658333333333,0.8694,30
150.0,0.8,stable,dapper,remote_accept_rate,0.5119299636219802,0.019710509684781493,0.5048710537106218,0.5185291640553195,30
150.0,0.8,stable,dapper,remote_accepted_per_frame,0.4427,0.01712862093609448,0.43670000000000003,0.44869999999999993,30
150.0,0.8,stable,dapper,remote_rejected_deadline_rate,0.09571176556872005,0.009351749073901463,0.09250225031077969,0.09893992513413837,30
150.0,0.8,stable,dapper,remote_failed_loss_rate,0.011160401044939667,0.0032782175425864904,0.010069906399418155,0.012335025962814114,30
150.0,0.8,stable,dapper,fallback_rate,0.42216666666666663,0.019499042122067458,0.4156,0.4290333333333333,30
150.0,0.8,stable,dapper,reuse_rate,0.0,0.0,0.0,0.0,30
150.0,0.8,stable,dapper,stale_acceptance_rate,0.0,0.0,0.0,0.0,30
150.0,0.8,stable,dapper,mode_switches_per_1000,233.3,23.550605819867112,225.26666666666668,241.90083333333334,30
150.0,0.8,stable,dapper,pct_local_fast,13.513333333333334,1.3433702684520452,13.06,13.993416666666668,30
150.0,0.8,stable,dapper,pct_edge_accurate,86.48666666666666,1.3433702684520459,86.00658333333332,86.93999999999998,30
150.0,0.8,stable,dapper,pct_hybrid,0.0,0.0,0.0,0.0,30
150.0,0.8,stable,dapper,pct_degraded_safe,0.0,0.0,0.0,0.0,30
150.0,0.8,congested,dapper,deadline_miss_rate,0.0,0.0,0.0,0.0,30
150.0,0.8,congested,dapper,p95_latency_ms,33.94268972592376,0.09803104261482531,33.906854831430806,33.97630119170664,30
150.0,0.8,congested,dapper,p99_latency_ms,34.769178949662624,0.05524239382592479,34.748642896298946,34.7879694671568,30
150.0,0.8,congested,dapper,mean_latency_ms,25.012597088142645,0.18113657767527264,24.949225112390963,25.077791277753096,30
150.0,0.8,congested,dapper,usable_confidence_proxy,0.7249282051819181,0.0016092933478095927,0.7243536843822596,0.725520489679899,30
150.0,0.8,congested,dapper,mean_output_confidence,0.7249282051819181,0.0016092933478095927,0.7243536843822596,0.725520489679899,30
150.0,0.8,congested,dapper,bandwidth_per_1000_frames_kb,2.5,7.628214415734117,0.0,5.833333333333333,30
150.0,0.8,congested,dapper,remote_attempt_rate,0.0001,0.00030512857662936464,0.0,0.00023333333333333333,30
150.0,0.8,congested,dapper,remote_accept_rate,0.0,0.0,0.0,0.0,30
150.0,0.8,congested,dapper,remote_accepted_per_frame,0.0,0.0,0.0,0.0,30
150.0,0.8,congested,dapper,remote_rejected_deadline_rate,0.06666666666666667,0.2537081317024624,0.0,0.16666666666666666,30
150.0,0.8,congested,dapper,remote_failed_loss_rate,0.0,0.0,0.0,0.0,30
150.0,0.8,congested,dapper,fallback_rate,0.0,0.0,0.0,0.0,30
150.0,0.8,congested,dapper,reuse_rate,0.0,0.0,0.0,0.0,30
150.0,0.8,congested,dapper,stale_acceptance_rate,0.0,0.0,0.0,0.0,30
150.0,0.8,congested,dapper,mode_switches_per_1000,0.2,0.6102571532587293,0.0,0.4666666666666667,30
150.0,0.8,congested,dapper,pct_local_fast,99.99000000000001,0.030512857662934732,99.97666666666667,100.0,30
150.0,0.8,congested,dapper,pct_edge_accurate,0.0,0.0,0.0,0.0,30
150.0,0.8,congested,dapper,pct_hybrid,0.010000000000000002,0.030512857662936467,0.0,0.02333333333333333,30
150.0,0.8,congested,dapper,pct_degraded_safe,0.0,0.0,0.0,0.0,30
150.0,0.8,lossy,dapper,deadline_miss_rate,0.5038666666666666,0.024832866615995354,0.49540000000000006,0.5127666666666667,30
150.0,0.8,lossy,dapper,p95_latency_ms,169.60066291697478,0.3882606737586441,169.45572227410761,169.74097735874884,30
150.0,0.8,lossy,dapper,p99_latency_ms,172.6013066515838,0.41407485148424766,172.45073593227545,172.74818135858018,30
150.0,0.8,lossy,dapper,mean_latency_ms,103.23157231746724,3.617602457478496,101.95163133590725,104.5215229651522,30
150.0,0.8,lossy,dapper,usable_confidence_proxy,0.3818998473244926,0.018410985811115943,0.3752009068787262,0.38818076895460535,30
150.0,0.8,lossy,dapper,mean_output_confidence,0.740128092118255,0.001987491409547463,0.739457064094518,0.7408504290247866,30
150.0,0.8,lossy,dapper,bandwidth_per_1000_frames_kb,21150.0,355.25609995005595,21028.333333333332,21277.5,30
150.0,0.8,lossy,dapper,remote_attempt_rate,0.8459999999999999,0.01421024399800225,0.8411333333333334,0.8511,30
150.0,0.8,lossy,dapper,remote_accept_rate,0.1272378854001313,0.012843103402622898,0.1226604444039389,0.13181713898973657,30
150.0,0.8,lossy,dapper,remote_accepted_per_frame,0.1076,0.010545795043686763,0.10373333333333333,0.11133333333333331,30
150.0,0.8,lossy,dapper,remote_rejected_deadline_rate,0.06722837686110873,0.010764107832189384,0.06334061527574089,0.07106592112132534,30
150.0,0.8,lossy,dapper,remote_failed_loss_rate,0.19961581266921974,0.014430358687665578,0.19450895189348388,0.2046304954745599,30
150.0,0.8,lossy,dapper,fallback_rate,0.527,0.026370045702365168,0.5178333333333334,0.5364333333333333,30
150.0,0.8,lossy,dapper,reuse_rate,0.0,0.0,0.0,0.0,30
150.0,0.8,lossy,dapper,stale_acceptance_rate,0.0,0.0,0.0,0.0,30
150.0,0.8,lossy,dapper,mode_switches_per_1000,407.6666666666667,21.74829891617104,400.03333333333336,415.4008333333333,30
150.0,0.8,lossy,dapper,pct_local_fast,15.399999999999999,1.4210243998002234,14.890000000000002,15.886666666666663,30
150.0,0.8,lossy,dapper,pct_edge_accurate,62.323333333333345,2.8510957764404887,61.30333333333335,63.339999999999996,30
150.0,0.8,lossy,dapper,pct_hybrid,22.276666666666664,2.4329184026643786,21.423250000000003,23.13025,30
150.0,0.8,lossy,dapper,pct_degraded_safe,0.0,0.0,0.0,0.0,30
150.0,0.8,variable,dapper,deadline_miss_rate,0.06939999999999999,0.009342524210334683,0.06613333333333334,0.07266666666666667,30
150.0,0.8,variable,dapper,p95_latency_ms,156.0089195963997,2.1896969006965183,155.20958859495386,156.75636193748164,30
150.0,0.8,variable,dapper,p99_latency_ms,167.7440901897293,1.0710009263631886,167.3662792750886,168.1197063478168,30
150.0,0.8,variable,dapper,mean_latency_ms,33.7540865171251,2.1232625362416604,33.02662303388562,34.51789461855445,30
150.0,0.8,variable,dapper,usable_confidence_proxy,0.6818531238656941,0.006702607600490817,0.6794937018223147,0.684149764500716,30
150.0,0.8,variable,dapper,mean_output_confidence,0.7301825877817261,0.002339741732380582,0.729344479482263,0.7309556014673484,30
150.0,0.8,variable,dapper,bandwidth_per_1000_frames_kb,5777.5,618.9308774285564,5560.791666666666,5989.229166666666,30
150.0,0.8,variable,dapper,remote_attempt_rate,0.2311,0.02475723509714226,0.22243166666666667,0.23956916666666667,30
150.0,0.8,variable,dapper,remote_accept_rate,0.1593225904647559,0.030227815733317422,0.14854986769116424,0.16977120142322374,30
150.0,0.8,variable,dapper,remote_accepted_per_frame,0.03679999999999999,0.008243701880202556,0.03400000000000001,0.03976666666666666,30
150.0,0.8,variable,dapper,remote_rejected_deadline_rate,0.0836572475776448,0.020157215009981595,0.07680966510906594,0.0907001062433258,30
150.0,0.8,variable,dapper,remote_failed_loss_rate,0.07193615784084549,0.016135950496985536,0.06638961513178773,0.07778178250251701,30
150.0,0.8,variable,dapper,fallback_rate,0.2996,0.03939333043496856,0.2859,0.3136666666666666,30
150.0,0.8,variable,dapper,reuse_rate,0.1659666666666667,0.030202173172932705,0.1555325,0.1767008333333333,30
150.0,0.8,variable,dapper,stale_acceptance_rate,0.0,0.0,0.0,0.0,30
150.0,0.8,variable,dapper,mode_switches_per_1000,364.76666666666665,21.05277986941119,357.36583333333334,372.3675,30
150.0,0.8,variable,dapper,pct_local_fast,60.29333333333332,2.978652013259012,59.230000000000004,61.34333333333333,30
150.0,0.8,variable,dapper,pct_edge_accurate,11.043333333333331,1.6332078300363226,10.49,11.626666666666665,30
150.0,0.8,variable,dapper,pct_hybrid,12.066666666666666,1.414782384468473,11.57325,12.546750000000001,30
150.0,0.8,variable,dapper,pct_degraded_safe,16.596666666666668,3.0202173172932705,15.55325,17.670083333333338,30
150.0,0.8,outage,dapper,deadline_miss_rate,0.0,0.0,0.0,0.0,30
150.0,0.8,outage,dapper,p95_latency_ms,31.18838425196936,0.5009047087578914,31.014573146138307,31.359947063348404,30
150.0,0.8,outage,dapper,p99_latency_ms,34.18711647171901,0.2345203938192105,34.10222418561493,34.27049382149214,30
150.0,0.8,outage,dapper,mean_latency_ms,7.381609814192322,0.14348774576691167,7.331697649688182,7.433717812533078,30
150.0,0.8,outage,dapper,usable_confidence_proxy,0.7255264574970844,0.00273138929991575,0.7245230285258677,0.7264802357218441,30
150.0,0.8,outage,dapper,mean_output_confidence,0.7255264574970844,0.00273138929991575,0.7245230285258677,0.7264802357218441,30
150.0,0.8,outage,dapper,bandwidth_per_1000_frames_kb,0.0,0.0,0.0,0.0,30
150.0,0.8,outage,dapper,remote_attempt_rate,0.0,0.0,0.0,0.0,30
150.0,0.8,outage,dapper,remote_accept_rate,0.0,0.0,0.0,0.0,30
150.0,0.8,outage,dapper,remote_accepted_per_frame,0.0,0.0,0.0,0.0,30
150.0,0.8,outage,dapper,remote_rejected_deadline_rate,0.0,0.0,0.0,0.0,30
150.0,0.8,outage,dapper,remote_failed_loss_rate,0.0,0.0,0.0,0.0,30
150.0,0.8,outage,dapper,fallback_rate,1.0,0.0,1.0,1.0,30
150.0,0.8,outage,dapper,reuse_rate,0.7340333333333333,0.0029300268721061903,0.7329666666666668,0.7350333333333333,30
150.0,0.8,outage,dapper,stale_acceptance_rate,0.0,0.0,0.0,0.0,30
150.0,0.8,outage,dapper,mode_switches_per_1000,418.43333333333334,10.48375864860971,414.6666666666667,422.1333333333333,30
150.0,0.8,outage,dapper,pct_local_fast,22.63,0.6012343624749752,22.419916666666666,22.84333333333333,30
150.0,0.8,outage,dapper,pct_edge_accurate,0.0,0.0,0.0,0.0,30
150.0,0.8,outage,dapper,pct_hybrid,0.0,0.0,0.0,0.0,30
150.0,0.8,outage,dapper,pct_degraded_safe,77.36999999999999,0.6012343624749765,77.15666666666668,77.58008333333335,30
150.0,0.9,stable,dapper,deadline_miss_rate,0.09236666666666668,0.011321274856120053,0.08839999999999999,0.09643333333333332,30
150.0,0.9,stable,dapper,p95_latency_ms,152.17408599779458,0.45402859838569465,152.0121082246416,152.331350523573,30
150.0,0.9,stable,dapper,p99_latency_ms,155.3409355561682,0.549924919346767,155.14753098714868,155.52857408892322,30
150.0,0.9,stable,dapper,mean_latency_ms,102.92338016748587,1.8171936585729458,102.2933926565328,103.55524137509077,30
150.0,0.9,stable,dapper,usable_confidence_proxy,0.7299887862316244,0.009790533762620497,0.726511376504676,0.7334469203635241,30
150.0,0.9,stable,dapper,mean_output_confidence,0.7959976928158301,0.0030581965746421004,0.7949187491188087,0.7970282591916404,30
150.0,0.9,stable,dapper,bandwidth_per_1000_frames_kb,21621.666666666668,335.8425671130112,21501.645833333336,21735.0,30
150.0,0.9,stable,dapper,remote_attempt_rate,0.8648666666666667,0.013433702684520463,0.8600658333333333,0.8694,30
150.0,0.9,stable,dapper,remote_accept_rate,0.5119299636219802,0.019710509684781493,0.5048710537106218,0.5185291640553195,30
150.0,0.9,stable,dapper,remote_accepted_per_frame,0.4427,0.01712862093609448,0.43670000000000003,0.44869999999999993,30
150.0,0.9,stable,dapper,remote_rejected_deadline_rate,0.09571176556872005,0.009351749073901463,0.09250225031077969,0.09893992513413837,30
150.0,0.9,stable,dapper,remote_failed_loss_rate,0.011160401044939667,0.0032782175425864904,0.010069906399418155,0.012335025962814114,30
150.0,0.9,stable,dapper,fallback_rate,0.42216666666666663,0.019499042122067458,0.4156,0.4290333333333333,30
150.0,0.9,stable,dapper,reuse_rate,0.0,0.0,0.0,0.0,30
150.0,0.9,stable,dapper,stale_acceptance_rate,0.0,0.0,0.0,0.0,30
150.0,0.9,stable,dapper,mode_switches_per_1000,233.3,23.550605819867112,225.26666666666668,241.90083333333334,30
150.0,0.9,stable,dapper,pct_local_fast,13.513333333333334,1.3433702684520452,13.06,13.993416666666668,30
150.0,0.9,stable,dapper,pct_edge_accurate,86.48666666666666,1.3433702684520459,86.00658333333332,86.93999999999998,30
150.0,0.9,stable,dapper,pct_hybrid,0.0,0.0,0.0,0.0,30
150.0,0.9,stable,dapper,pct_degraded_safe,0.0,0.0,0.0,0.0,30
150.0,0.9,congested,dapper,deadline_miss_rate,0.0010666666666666667,0.0010148325268098497,0.0007333333333333333,0.0014333333333333338,30
150.0,0.9,congested,dapper,p95_latency_ms,33.96688091458392,0.10627258983348344,33.9291756810877,34.005099664693994,30
150.0,0.9,congested,dapper,p99_latency_ms,34.79054214357481,0.05310700458659145,34.77152564585415,34.80942111764722,30
150.0,0.9,congested,dapper,mean_latency_ms,25.172597088142645,0.23646494114491476,25.09356111433685,25.259519682718043,30
150.0,0.9,congested,dapper,usable_confidence_proxy,0.7241573231051032,0.0018796620817239905,0.7234824156027787,0.7248164332713365,30
150.0,0.9,congested,dapper,mean_output_confidence,0.7249282051819181,0.0016092933478095927,0.7243536843822596,0.725520489679899,30
150.0,0.9,congested,dapper,bandwidth_per_1000_frames_kb,26.666666666666668,25.37081317024624,18.333333333333332,35.833333333333336,30
150.0,0.9,congested,dapper,remote_attempt_rate,0.0010666666666666667,0.0010148325268098497,0.0007333333333333333,0.0014333333333333338,30
150.0,0.9,congested,dapper,remote_accept_rate,0.0,0.0,0.0,0.0,30
150.0,0.9,congested,dapper,remote_accepted_per_frame,0.0,0.0,0.0,0.0,30
150.0,0.9,congested,dapper,remote_rejected_deadline_rate,0.175,0.3544665734933803,0.0664583333333334,0.30833333333333335,30
150.0,0.9,congested,dapper,remote_failed_loss_rate,0.06666666666666667,0.21708624272765237,0.0,0.15,30
150.0,0.9,congested,dapper,fallback_rate,0.0010666666666666667,0.0010148325268098497,0.0007333333333333333,0.0014333333333333338,30
150.0,0.9,congested,dapper,reuse_rate,0.0,0.0,0.0,0.0,30
150.0,0.9,congested,dapper,stale_acceptance_rate,0.0,0.0,0.0,0.0,30
150.0,0.9,congested,dapper,mode_switches_per_1000,1.9333333333333333,1.8557149999176976,1.3333333333333333,2.6666666666666665,30
150.0,0.9,congested,dapper,pct_local_fast,99.89333333333335,0.10148325268098612,99.85666666666665,99.92666666666669,30
150.0,0.9,congested,dapper,pct_edge_accurate,0.10666666666666667,0.10148325268098496,0.07333333333333333,0.14333333333333337,30
150.0,0.9,congested,dapper,pct_hybrid,0.0,0.0,0.0,0.0,30
150.0,0.9,congested,dapper,pct_degraded_safe,0.0,0.0,0.0,0.0,30
150.0,0.9,lossy,dapper,deadline_miss_rate,0.7357666666666666,0.018707703250787917,0.7289333333333333,0.7424,30
150.0,0.9,lossy,dapper,p95_latency_ms,173.52578606341038,0.5348747566548226,173.33435875706252,173.70984014540898,30
150.0,0.9,lossy,dapper,p99_latency_ms,177.5582775752749,0.6284157695143401,177.33562931945647,177.78521743131336,30
150.0,0.9,lossy,dapper,mean_latency_ms,137.14388521731982,2.081770690557903,136.40669866316378,137.877636296952,30
150.0,0.9,lossy,dapper,usable_confidence_proxy,0.2160866809917873,0.015295299345313727,0.21074605592372178,0.22165548683762068,30
150.0,0.9,lossy,dapper,mean_output_confidence,0.7419488805066937,0.0021694651931506532,0.7411968299043021,0.7427468304914678,30
150.0,0.9,lossy,dapper,bandwidth_per_1000_frames_kb,21662.5,323.48786152145516,21549.166666666668,21778.333333333332,30
150.0,0.9,lossy,dapper,remote_attempt_rate,0.8665,0.012939514460858217,0.8619666666666668,0.8711333333333333,30
150.0,0.9,lossy,dapper,remote_accept_rate,0.12423107475333914,0.01262127422628934,0.11970606437797647,0.1287334548161204,30
150.0,0.9,lossy,dapper,remote_accepted_per_frame,0.1076,0.010545795043686763,0.10373333333333333,0.11133333333333331,30
150.0,0.9,lossy,dapper,remote_rejected_deadline_rate,0.09101058222496873,0.01174921174547714,0.08684246302137691,0.09526578044500798,30
150.0,0.9,lossy,dapper,remote_failed_loss_rate,0.19934502048382838,0.014187025337500983,0.19425828353742633,0.20422981692418485,30
150.0,0.9,lossy,dapper,fallback_rate,0.7589,0.017889218482958807,0.7524991666666666,0.7652341666666667,30
150.0,0.9,lossy,dapper,reuse_rate,0.0,0.0,0.0,0.0,30
150.0,0.9,lossy,dapper,stale_acceptance_rate,0.0,0.0,0.0,0.0,30
150.0,0.9,lossy,dapper,mode_switches_per_1000,230.9,19.462342064116786,223.96666666666667,237.63416666666666,30
150.0,0.9,lossy,dapper,pct_local_fast,13.350000000000003,1.2939514460858204,12.886666666666665,13.803333333333333,30
150.0,0.9,lossy,dapper,pct_edge_accurate,86.65,1.2939514460858217,86.19666666666667,87.11333333333333,30
150.0,0.9,lossy,dapper,pct_hybrid,0.0,0.0,0.0,0.0,30
150.0,0.9,lossy,dapper,pct_degraded_safe,0.0,0.0,0.0,0.0,30
150.0,0.9,variable,dapper,deadline_miss_rate,0.3011333333333333,0.02528285957928309,0.29266666666666663,0.3102683333333334,30
150.0,0.9,variable,dapper,p95_latency_ms,177.89541187888898,0.8916274144574049,177.58018342932283,178.21112271261885,30
150.0,0.9,variable,dapper,p99_latency_ms,182.83285700560958,0.597751198763665,182.61242411043568,183.04106086050015,30
150.0,0.9,variable,dapper,mean_latency_ms,68.48813616847843,4.473178480818972,66.99250189890233,70.0944473405041,30
150.0,0.9,variable,dapper,usable_confidence_proxy,0.5167274601585138,0.018265438582918996,0.510068015081218,0.5227448723444058,30
150.0,0.9,variable,dapper,mean_output_confidence,0.7320120678863284,0.002215862674188715,0.7311985128611563,0.7327717793105747,30
150.0,0.9,variable,dapper,bandwidth_per_1000_frames_kb,8753.333333333334,738.0289842609133,8502.5,9010.854166666666,30
150.0,0.9,variable,dapper,remote_attempt_rate,0.3501333333333333,0.029521159370436537,0.3401,0.3604341666666668,30
150.0,0.9,variable,dapper,remote_accept_rate,0.10506041785715227,0.020614177673861908,0.09782024203959289,0.11224099490379029,30
150.0,0.9,variable,dapper,remote_accepted_per_frame,0.03679999999999999,0.008243701880202556,0.03400000000000001,0.03976666666666666,30
150.0,0.9,variable,dapper,remote_rejected_deadline_rate,0.1429532541088433,0.020739703329464263,0.13552541274826663,0.1502284308128946,30
150.0,0.9,variable,dapper,remote_failed_loss_rate,0.07029646224272973,0.013824645707895874,0.06547696662044367,0.07524407238165746,30
150.0,0.9,variable,dapper,fallback_rate,0.5313333333333333,0.03236466073308688,0.5203000000000001,0.5430341666666668,30
150.0,0.9,variable,dapper,reuse_rate,0.16340000000000002,0.02983124952588916,0.1531666666666667,0.17396666666666666,30
150.0,0.9,variable,dapper,stale_acceptance_rate,0.0,0.0,0.0,0.0,30
150.0,0.9,variable,dapper,mode_switches_per_1000,361.8333333333333,16.70449729519142,356.1,367.73333333333335,30
150.0,0.9,variable,dapper,pct_local_fast,48.646666666666654,2.639714369779994,47.70666666666668,49.56666666666667,30
150.0,0.9,variable,dapper,pct_edge_accurate,35.01333333333333,2.952115937043653,34.01,36.04341666666666,30
150.0,0.9,variable,dapper,pct_hybrid,0.0,0.0,0.0,0.0,30
150.0,0.9,variable,dapper,pct_degraded_safe,16.339999999999996,2.983124952588916,15.316666666666665,17.396666666666665,30
150.0,0.9,outage,dapper,deadline_miss_rate,0.0,0.0,0.0,0.0,30
150.0,0.9,outage,dapper,p95_latency_ms,31.18838425196936,0.5009047087578914,31.014573146138307,31.359947063348404,30
150.0,0.9,outage,dapper,p99_latency_ms,34.18711647171901,0.2345203938192105,34.10222418561493,34.27049382149214,30
150.0,0.9,outage,dapper,mean_latency_ms,7.381609814192322,0.14348774576691167,7.331697649688182,7.433717812533078,30
150.0,0.9,outage,dapper,usable_confidence_proxy,0.7255264574970844,0.00273138929991575,0.7245230285258677,0.7264802357218441,30
150.0,0.9,outage,dapper,mean_output_confidence,0.7255264574970844,0.00273138929991575,0.7245230285258677,0.7264802357218441,30
150.0,0.9,outage,dapper,bandwidth_per_1000_frames_kb,0.0,0.0,0.0,0.0,30
150.0,0.9,outage,dapper,remote_attempt_rate,0.0,0.0,0.0,0.0,30
150.0,0.9,outage,dapper,remote_accept_rate,0.0,0.0,0.0,0.0,30
150.0,0.9,outage,dapper,remote_accepted_per_frame,0.0,0.0,0.0,0.0,30
150.0,0.9,outage,dapper,remote_rejected_deadline_rate,0.0,0.0,0.0,0.0,30
150.0,0.9,outage,dapper,remote_failed_loss_rate,0.0,0.0,0.0,0.0,30
150.0,0.9,outage,dapper,fallback_rate,1.0,0.0,1.0,1.0,30
150.0,0.9,outage,dapper,reuse_rate,0.7340333333333333,0.0029300268721061903,0.7329666666666668,0.7350333333333333,30
150.0,0.9,outage,dapper,stale_acceptance_rate,0.0,0.0,0.0,0.0,30
150.0,0.9,outage,dapper,mode_switches_per_1000,418.43333333333334,10.48375864860971,414.6666666666667,422.1333333333333,30
150.0,0.9,outage,dapper,pct_local_fast,22.63,0.6012343624749752,22.419916666666666,22.84333333333333,30
150.0,0.9,outage,dapper,pct_edge_accurate,0.0,0.0,0.0,0.0,30
150.0,0.9,outage,dapper,pct_hybrid,0.0,0.0,0.0,0.0,30
150.0,0.9,outage,dapper,pct_degraded_safe,77.36999999999999,0.6012343624749765,77.15666666666668,77.58008333333335,30
150.0,1.0,stable,dapper,deadline_miss_rate,0.09236666666666668,0.011321274856120053,0.08839999999999999,0.09643333333333332,30
150.0,1.0,stable,dapper,p95_latency_ms,152.17408599779458,0.45402859838569465,152.0121082246416,152.331350523573,30
150.0,1.0,stable,dapper,p99_latency_ms,155.3409355561682,0.549924919346767,155.14753098714868,155.52857408892322,30
150.0,1.0,stable,dapper,mean_latency_ms,102.92338016748587,1.8171936585729458,102.2933926565328,103.55524137509077,30
150.0,1.0,stable,dapper,usable_confidence_proxy,0.7299887862316244,0.009790533762620497,0.726511376504676,0.7334469203635241,30
150.0,1.0,stable,dapper,mean_output_confidence,0.7959976928158301,0.0030581965746421004,0.7949187491188087,0.7970282591916404,30
150.0,1.0,stable,dapper,bandwidth_per_1000_frames_kb,21621.666666666668,335.8425671130112,21501.645833333336,21735.0,30
150.0,1.0,stable,dapper,remote_attempt_rate,0.8648666666666667,0.013433702684520463,0.8600658333333333,0.8694,30
150.0,1.0,stable,dapper,remote_accept_rate,0.5119299636219802,0.019710509684781493,0.5048710537106218,0.5185291640553195,30
150.0,1.0,stable,dapper,remote_accepted_per_frame,0.4427,0.01712862093609448,0.43670000000000003,0.44869999999999993,30
150.0,1.0,stable,dapper,remote_rejected_deadline_rate,0.09571176556872005,0.009351749073901463,0.09250225031077969,0.09893992513413837,30
150.0,1.0,stable,dapper,remote_failed_loss_rate,0.011160401044939667,0.0032782175425864904,0.010069906399418155,0.012335025962814114,30
150.0,1.0,stable,dapper,fallback_rate,0.42216666666666663,0.019499042122067458,0.4156,0.4290333333333333,30
150.0,1.0,stable,dapper,reuse_rate,0.0,0.0,0.0,0.0,30
150.0,1.0,stable,dapper,stale_acceptance_rate,0.0,0.0,0.0,0.0,30
150.0,1.0,stable,dapper,mode_switches_per_1000,233.3,23.550605819867112,225.26666666666668,241.90083333333334,30
150.0,1.0,stable,dapper,pct_local_fast,13.513333333333334,1.3433702684520452,13.06,13.993416666666668,30
150.0,1.0,stable,dapper,pct_edge_accurate,86.48666666666666,1.3433702684520459,86.00658333333332,86.93999999999998,30
150.0,1.0,stable,dapper,pct_hybrid,0.0,0.0,0.0,0.0,30
150.0,1.0,stable,dapper,pct_degraded_safe,0.0,0.0,0.0,0.0,30
150.0,1.0,congested,dapper,deadline_miss_rate,0.08270000000000001,0.01320697307981789,0.07800000000000003,0.08746666666666666,30
150.0,1.0,congested,dapper,p95_latency_ms,172.56645779047437,2.467516648952744,171.66733564862244,173.4120775252923,30
150.0,1.0,congested,dapper,p99_latency_ms,182.27032896938857,0.9107584025707092,181.94419694022332,182.58601267416933,30
150.0,1.0,congested,dapper,mean_latency_ms,37.41759708814264,2.010971875922008,36.70724596180358,38.14016511044159,30
150.0,1.0,congested,dapper,usable_confidence_proxy,0.6657274143078304,0.009683685444495424,0.6622130403645451,0.6691745045086639,30
150.0,1.0,congested,dapper,mean_output_confidence,0.7249282051819181,0.0016092933478095927,0.7243536843822596,0.725520489679899,30
150.0,1.0,congested,dapper,bandwidth_per_1000_frames_kb,2067.5,330.1743269954473,1950.0,2186.6666666666665,30
150.0,1.0,congested,dapper,remote_attempt_rate,0.08270000000000001,0.01320697307981789,0.07800000000000003,0.08746666666666666,30
150.0,1.0,congested,dapper,remote_accept_rate,0.0,0.0,0.0,0.0,30
150.0,1.0,congested,dapper,remote_accepted_per_frame,0.0,0.0,0.0,0.0,30
150.0,1.0,congested,dapper,remote_rejected_deadline_rate,0.41158892381751816,0.06034226738087617,0.3911546417700752,0.43291089180245673,30
150.0,1.0,congested,dapper,remote_failed_loss_rate,0.046211121607080845,0.021249603722110225,0.03853241538346051,0.053457172529252354,30
150.0,1.0,congested,dapper,fallback_rate,0.08270000000000001,0.01320697307981789,0.07800000000000003,0.08746666666666666,30
150.0,1.0,congested,dapper,reuse_rate,0.0,0.0,0.0,0.0,30
150.0,1.0,congested,dapper,stale_acceptance_rate,0.0,0.0,0.0,0.0,30
150.0,1.0,congested,dapper,mode_switches_per_1000,98.0,13.483067286351273,93.3,102.53333333333333,30
150.0,1.0,congested,dapper,pct_local_fast,91.73,1.320697307981789,91.25333333333336,92.2,30
150.0,1.0,congested,dapper,pct_edge_accurate,8.27,1.320697307981789,7.800000000000001,8.746666666666666,30
150.0,1.0,congested,dapper,pct_hybrid,0.0,0.0,0.0,0.0,30
150.0,1.0,congested,dapper,pct_degraded_safe,0.0,0.0,0.0,0.0,30
150.0,1.0,lossy,dapper,deadline_miss_rate,0.7357999999999998,0.01868135710938251,0.7289991666666666,0.7424333333333331,30
150.0,1.0,lossy,dapper,p95_latency_ms,173.52578606341038,0.5348747566548226,173.33435875706252,173.70984014540898,30
150.0,1.0,lossy,dapper,p99_latency_ms,177.5582775752749,0.6284157695143401,177.33562931945647,177.78521743131336,30
150.0,1.0,lossy,dapper,mean_latency_ms,137.14888521731984,2.078715254881385,136.41476885362178,137.87775147634343,30
150.0,1.0,lossy,dapper,usable_confidence_proxy,0.21606079222825675,0.015275975341858275,0.21070759176369028,0.22162999087224156,30
150.0,1.0,lossy,dapper,mean_output_confidence,0.7419488805066937,0.0021694651931506532,0.7411968299043021,0.7427468304914678,30
150.0,1.0,lossy,dapper,bandwidth_per_1000_frames_kb,21663.333333333332,323.2868197376626,21550.0,21779.166666666668,30
150.0,1.0,lossy,dapper,remote_attempt_rate,0.8665333333333333,0.012931472789506517,0.862,0.8711666666666668,30
150.0,1.0,lossy,dapper,remote_accept_rate,0.1242259784055429,0.01261801882669693,0.11970593696928157,0.12873332740742546,30
150.0,1.0,lossy,dapper,remote_accepted_per_frame,0.1076,0.010545795043686763,0.10373333333333333,0.11133333333333331,30
150.0,1.0,lossy,dapper,remote_rejected_deadline_rate,0.09100758700301831,0.011752749774631002,0.08683655708500843,0.09526578044500798,30
150.0,1.0,lossy,dapper,remote_failed_loss_rate,0.19933697361888697,0.01418167718561643,0.19424787553774744,0.20422073577770086,30
150.0,1.0,lossy,dapper,fallback_rate,0.7589333333333333,0.01787105796095124,0.7525333333333334,0.7652666666666668,30
150.0,1.0,lossy,dapper,reuse_rate,0.0,0.0,0.0,0.0,30
150.0,1.0,lossy,dapper,stale_acceptance_rate,0.0,0.0,0.0,0.0,30
150.0,1.0,lossy,dapper,mode_switches_per_1000,230.83333333333334,19.4476899316644,223.86666666666667,237.5675,30
150.0,1.0,lossy,dapper,pct_local_fast,13.34666666666667,1.2931472789506504,12.883333333333335,13.8,30
150.0,1.0,lossy,dapper,pct_edge_accurate,86.65333333333335,1.2931472789506515,86.2,87.11666666666665,30
150.0,1.0,lossy,dapper,pct_hybrid,0.0,0.0,0.0,0.0,30
150.0,1.0,lossy,dapper,pct_degraded_safe,0.0,0.0,0.0,0.0,30
150.0,1.0,variable,dapper,deadline_miss_rate,0.5297333333333333,0.03177716956790089,0.5191,0.5410666666666667,30
150.0,1.0,variable,dapper,p95_latency_ms,181.95125592398577,0.4095292519362325,181.8005972158801,182.08859457259234,30
150.0,1.0,variable,dapper,p99_latency_ms,184.29228069063768,0.2815039325940033,184.1900250748346,184.38870558548786,30
150.0,1.0,variable,dapper,mean_latency_ms,102.84833934483872,5.450432388309338,100.97299671603035,104.74305571732572,30
150.0,1.0,variable,dapper,usable_confidence_proxy,0.35315723101616825,0.023460816374405172,0.3447730682653415,0.3609928686527861,30
150.0,1.0,variable,dapper,mean_output_confidence,0.7320505637299567,0.002229867013821625,0.7312303141522984,0.7327821730064584,30
150.0,1.0,variable,dapper,bandwidth_per_1000_frames_kb,14468.333333333334,852.6817061213538,14174.166666666666,14763.333333333334,30
150.0,1.0,variable,dapper,remote_attempt_rate,0.5787333333333333,0.03410726824485415,0.5669666666666668,0.5905333333333334,30
150.0,1.0,variable,dapper,remote_accept_rate,0.0636006881384869,0.01343022670952876,0.05894654759494736,0.06830353807542953,30
150.0,1.0,variable,dapper,remote_accepted_per_frame,0.03679999999999999,0.008243701880202556,0.03400000000000001,0.03976666666666666,30
150.0,1.0,variable,dapper,remote_rejected_deadline_rate,0.21615924211928494,0.021944682757125925,0.20844672840989492,0.22396306983313788,30
150.0,1.0,variable,dapper,remote_failed_loss_rate,0.07078351241684237,0.011442765023749166,0.06677181979409569,0.0748239783393074,30
150.0,1.0,variable,dapper,fallback_rate,0.7599333333333332,0.02223531415119426,0.7522324999999997,0.7679675,30
150.0,1.0,variable,dapper,reuse_rate,0.16013333333333335,0.02949428154198981,0.14996666666666666,0.1706675,30
150.0,1.0,variable,dapper,stale_acceptance_rate,0.0,0.0,0.0,0.0,30
150.0,1.0,variable,dapper,mode_switches_per_1000,362.7,15.391780161882645,357.19916666666666,367.9008333333333,30
150.0,1.0,variable,dapper,pct_local_fast,26.113333333333333,1.8419879316189578,25.466666666666672,26.759999999999998,30
150.0,1.0,variable,dapper,pct_edge_accurate,57.873333333333335,3.410726824485414,56.69666666666667,59.05333333333333,30
150.0,1.0,variable,dapper,pct_hybrid,0.0,0.0,0.0,0.0,30
150.0,1.0,variable,dapper,pct_degraded_safe,16.013333333333335,2.949428154198981,14.996666666666668,17.06675,30
150.0,1.0,outage,dapper,deadline_miss_rate,0.0,0.0,0.0,0.0,30
150.0,1.0,outage,dapper,p95_latency_ms,31.18838425196936,0.5009047087578914,31.014573146138307,31.359947063348404,30
150.0,1.0,outage,dapper,p99_latency_ms,34.18711647171901,0.2345203938192105,34.10222418561493,34.27049382149214,30
150.0,1.0,outage,dapper,mean_latency_ms,7.381609814192322,0.14348774576691167,7.331697649688182,7.433717812533078,30
150.0,1.0,outage,dapper,usable_confidence_proxy,0.7255264574970844,0.00273138929991575,0.7245230285258677,0.7264802357218441,30
150.0,1.0,outage,dapper,mean_output_confidence,0.7255264574970844,0.00273138929991575,0.7245230285258677,0.7264802357218441,30
150.0,1.0,outage,dapper,bandwidth_per_1000_frames_kb,0.0,0.0,0.0,0.0,30
150.0,1.0,outage,dapper,remote_attempt_rate,0.0,0.0,0.0,0.0,30
150.0,1.0,outage,dapper,remote_accept_rate,0.0,0.0,0.0,0.0,30
150.0,1.0,outage,dapper,remote_accepted_per_frame,0.0,0.0,0.0,0.0,30
150.0,1.0,outage,dapper,remote_rejected_deadline_rate,0.0,0.0,0.0,0.0,30
150.0,1.0,outage,dapper,remote_failed_loss_rate,0.0,0.0,0.0,0.0,30
150.0,1.0,outage,dapper,fallback_rate,1.0,0.0,1.0,1.0,30
150.0,1.0,outage,dapper,reuse_rate,0.7340333333333333,0.0029300268721061903,0.7329666666666668,0.7350333333333333,30
150.0,1.0,outage,dapper,stale_acceptance_rate,0.0,0.0,0.0,0.0,30
150.0,1.0,outage,dapper,mode_switches_per_1000,418.43333333333334,10.48375864860971,414.6666666666667,422.1333333333333,30
150.0,1.0,outage,dapper,pct_local_fast,22.63,0.6012343624749752,22.419916666666666,22.84333333333333,30
150.0,1.0,outage,dapper,pct_edge_accurate,0.0,0.0,0.0,0.0,30
150.0,1.0,outage,dapper,pct_hybrid,0.0,0.0,0.0,0.0,30
150.0,1.0,outage,dapper,pct_degraded_safe,77.36999999999999,0.6012343624749765,77.15666666666668,77.58008333333335,30
200.0,0.2,stable,dapper,deadline_miss_rate,0.0,0.0,0.0,0.0,30
200.0,0.2,stable,dapper,p95_latency_ms,33.984265110354684,0.14612908292769589,33.9343159514038,34.036015368498674,30
200.0,0.2,stable,dapper,p99_latency_ms,34.78401367177919,0.06560311317343774,34.76065987728268,34.806824911760046,30
200.0,0.2,stable,dapper,mean_latency_ms,25.02027748999063,0.19474756789946776,24.952896569039584,25.094599531312916,30
200.0,0.2,stable,dapper,usable_confidence_proxy,0.7959976928158301,0.0030581965746421004,0.7949187491188087,0.7970282591916404,30
200.0,0.2,stable,dapper,mean_output_confidence,0.7249667322554326,0.0015304909747104968,0.7244513387101592,0.7255071023390036,30
200.0,0.2,stable,dapper,bandwidth_per_1000_frames_kb,21621.666666666668,335.8425671130112,21501.645833333336,21735.0,30
200.0,0.2,stable,dapper,remote_attempt_rate,0.8648666666666667,0.013433702684520463,0.8600658333333333,0.8694,30
200.0,0.2,stable,dapper,remote_accept_rate,0.5119299636219802,0.019710509684781493,0.5048710537106218,0.5185291640553195,30
200.0,0.2,stable,dapper,remote_accepted_per_frame,0.4427,0.01712862093609448,0.43670000000000003,0.44869999999999993,30
200.0,0.2,stable,dapper,remote_rejected_deadline_rate,0.0,0.0,0.0,0.0,30
200.0,0.2,stable,dapper,remote_failed_loss_rate,0.011160401044939667,0.0032782175425864904,0.010069906399418155,0.012335025962814114,30
200.0,0.2,stable,dapper,fallback_rate,0.0,0.0,0.0,0.0,30
200.0,0.2,stable,dapper,reuse_rate,0.0,0.0,0.0,0.0,30
200.0,0.2,stable,dapper,stale_acceptance_rate,0.0,0.0,0.0,0.0,30
200.0,0.2,stable,dapper,mode_switches_per_1000,233.3,23.550605819867112,225.26666666666668,241.90083333333334,30
200.0,0.2,stable,dapper,pct_local_fast,13.513333333333334,1.3433702684520452,13.06,13.993416666666668,30
200.0,0.2,stable,dapper,pct_edge_accurate,0.0,0.0,0.0,0.0,30
200.0,0.2,stable,dapper,pct_hybrid,86.48666666666666,1.3433702684520459,86.00658333333332,86.93999999999998,30
200.0,0.2,stable,dapper,pct_degraded_safe,0.0,0.0,0.0,0.0,30
200.0,0.2,congested,dapper,deadline_miss_rate,0.0,0.0,0.0,0.0,30
200.0,0.2,congested,dapper,p95_latency_ms,33.94268972592376,0.09803104261482531,33.906854831430806,33.97630119170664,30
200.0,0.2,congested,dapper,p99_latency_ms,34.769178949662624,0.05524239382592479,34.748642896298946,34.7879694671568,30
200.0,0.2,congested,dapper,mean_latency_ms,25.012597088142645,0.18113657767527264,24.949225112390963,25.077791277753096,30
200.0,0.2,congested,dapper,usable_confidence_proxy,0.7249282051819181,0.0016092933478095927,0.7243536843822596,0.725520489679899,30
200.0,0.2,congested,dapper,mean_output_confidence,0.7249282051819181,0.0016092933478095927,0.7243536843822596,0.725520489679899,30
200.0,0.2,congested,dapper,bandwidth_per_1000_frames_kb,2.5,7.628214415734117,0.0,5.833333333333333,30
200.0,0.2,congested,dapper,remote_attempt_rate,0.0001,0.00030512857662936464,0.0,0.00023333333333333333,30
200.0,0.2,congested,dapper,remote_accept_rate,0.0,0.0,0.0,0.0,30
200.0,0.2,congested,dapper,remote_accepted_per_frame,0.0,0.0,0.0,0.0,30
200.0,0.2,congested,dapper,remote_rejected_deadline_rate,0.0,0.0,0.0,0.0,30
200.0,0.2,congested,dapper,remote_failed_loss_rate,0.0,0.0,0.0,0.0,30
200.0,0.2,congested,dapper,fallback_rate,0.0,0.0,0.0,0.0,30
200.0,0.2,congested,dapper,reuse_rate,0.0,0.0,0.0,0.0,30
200.0,0.2,congested,dapper,stale_acceptance_rate,0.0,0.0,0.0,0.0,30
200.0,0.2,congested,dapper,mode_switches_per_1000,0.2,0.6102571532587293,0.0,0.4666666666666667,30
200.0,0.2,congested,dapper,pct_local_fast,99.99000000000001,0.030512857662934732,99.97666666666667,100.0,30
200.0,0.2,congested,dapper,pct_edge_accurate,0.0,0.0,0.0,0.0,30
200.0,0.2,congested,dapper,pct_hybrid,0.010000000000000002,0.030512857662936467,0.0,0.02333333333333333,30
200.0,0.2,congested,dapper,pct_degraded_safe,0.0,0.0,0.0,0.0,30
200.0,0.2,lossy,dapper,deadline_miss_rate,0.0,0.0,0.0,0.0,30
200.0,0.2,lossy,dapper,p95_latency_ms,34.012278154614826,0.12120943376607804,33.96820622195287,34.05448763655662,30
200.0,0.2,lossy,dapper,p99_latency_ms,34.80546807570768,0.06143547890706443,34.78316485257998,34.826772350222946,30
200.0,0.2,lossy,dapper,mean_latency_ms,25.003209635014095,0.15974262798343122,24.94828249795479,25.06142062043607,30
200.0,0.2,lossy,dapper,usable_confidence_proxy,0.7419488805066937,0.0021694651931506532,0.7411968299043021,0.7427468304914678,30
200.0,0.2,lossy,dapper,mean_output_confidence,0.7247968267120143,0.001322250002252836,0.724324432482122,0.7252569980501671,30
200.0,0.2,lossy,dapper,bandwidth_per_1000_frames_kb,21150.0,355.25609995005595,21028.333333333332,21277.5,30
200.0,0.2,lossy,dapper,remote_attempt_rate,0.8459999999999999,0.01421024399800225,0.8411333333333334,0.8511,30
200.0,0.2,lossy,dapper,remote_accept_rate,0.1272378854001313,0.012843103402622898,0.1226604444039389,0.13181713898973657,30
200.0,0.2,lossy,dapper,remote_accepted_per_frame,0.1076,0.010545795043686763,0.10373333333333333,0.11133333333333331,30
200.0,0.2,lossy,dapper,remote_rejected_deadline_rate,0.0,0.0,0.0,0.0,30
200.0,0.2,lossy,dapper,remote_failed_loss_rate,0.19961581266921974,0.014430358687665578,0.19450895189348388,0.2046304954745599,30
200.0,0.2,lossy,dapper,fallback_rate,0.0,0.0,0.0,0.0,30
200.0,0.2,lossy,dapper,reuse_rate,0.0,0.0,0.0,0.0,30
200.0,0.2,lossy,dapper,stale_acceptance_rate,0.0,0.0,0.0,0.0,30
200.0,0.2,lossy,dapper,mode_switches_per_1000,248.33333333333334,21.18446622399069,240.83333333333334,255.73333333333332,30
200.0,0.2,lossy,dapper,pct_local_fast,15.399999999999999,1.4210243998002234,14.890000000000002,15.886666666666663,30
200.0,0.2,lossy,dapper,pct_edge_accurate,0.0,0.0,0.0,0.0,30
200.0,0.2,lossy,dapper,pct_hybrid,84.6,1.4210243998002252,84.11333333333333,85.10999999999999,30
200.0,0.2,lossy,dapper,pct_degraded_safe,0.0,0.0,0.0,0.0,30
200.0,0.2,variable,dapper,deadline_miss_rate,0.0,0.0,0.0,0.0,30
200.0,0.2,variable,dapper,p95_latency_ms,33.747775519517624,0.20973021505140457,33.675323470701066,33.82211577900011,30
200.0,0.2,variable,dapper,p99_latency_ms,34.71834607205886,0.08846723190950932,34.68461798114216,34.746951888657705,30
200.0,0.2,variable,dapper,mean_latency_ms,20.940446707168096,0.7350940723083381,20.683336067108257,21.199328671737284,30
200.0,0.2,variable,dapper,usable_confidence_proxy,0.7315327792840012,0.0025047865419971973,0.730630043265056,0.7323686534291781,30
200.0,0.2,variable,dapper,mean_output_confidence,0.7255990845494175,0.001961270671757357,0.7249273980970206,0.7262792520187936,30
200.0,0.2,variable,dapper,bandwidth_per_1000_frames_kb,5777.5,618.9308774285564,5560.791666666666,5989.229166666666,30
200.0,0.2,variable,dapper,remote_attempt_rate,0.2311,0.02475723509714226,0.22243166666666667,0.23956916666666667,30
200.0,0.2,variable,dapper,remote_accept_rate,0.1593225904647559,0.030227815733317422,0.14854986769116424,0.16977120142322374,30
200.0,0.2,variable,dapper,remote_accepted_per_frame,0.03679999999999999,0.008243701880202556,0.03400000000000001,0.03976666666666666,30
200.0,0.2,variable,dapper,remote_rejected_deadline_rate,0.0,0.0,0.0,0.0,30
200.0,0.2,variable,dapper,remote_failed_loss_rate,0.07193615784084549,0.016135950496985536,0.06638961513178773,0.07778178250251701,30
200.0,0.2,variable,dapper,fallback_rate,0.218,0.040093855406774126,0.2041991666666667,0.23230083333333335,30
200.0,0.2,variable,dapper,reuse_rate,0.1668666666666667,0.030431079092149253,0.15633333333333335,0.17766666666666667,30
200.0,0.2,variable,dapper,stale_acceptance_rate,0.0,0.0,0.0,0.0,30
200.0,0.2,variable,dapper,mode_switches_per_1000,313.23333333333335,17.826139917767282,306.93333333333334,319.73333333333335,30
200.0,0.2,variable,dapper,pct_local_fast,60.20333333333333,2.981377063607068,59.14,61.250083333333336,30
200.0,0.2,variable,dapper,pct_edge_accurate,0.0,0.0,0.0,0.0,30
200.0,0.2,variable,dapper,pct_hybrid,23.11,2.475723509714226,22.243166666666664,23.956916666666668,30
200.0,0.2,variable,dapper,pct_degraded_safe,16.686666666666664,3.043107909214925,15.633333333333333,17.766666666666666,30
200.0,0.2,outage,dapper,deadline_miss_rate,0.0,0.0,0.0,0.0,30
200.0,0.2,outage,dapper,p95_latency_ms,31.180397455473944,0.5019222421134536,31.003461688254276,31.356612238909502,30
200.0,0.2,outage,dapper,p99_latency_ms,34.19876190660464,0.24613390636575014,34.11069835592174,34.28564968359419,30
200.0,0.2,outage,dapper,mean_latency_ms,7.3887722729777074,0.1438687754302819,7.338771957267607,7.440287447009226,30
200.0,0.2,outage,dapper,usable_confidence_proxy,0.7254843594835231,0.0028344314815583567,0.7244472943096172,0.7264722092457271,30
200.0,0.2,outage,dapper,mean_output_confidence,0.7254843594835231,0.0028344314815583567,0.7244472943096172,0.7264722092457271,30
200.0,0.2,outage,dapper,bandwidth_per_1000_frames_kb,0.0,0.0,0.0,0.0,30
200.0,0.2,outage,dapper,remote_attempt_rate,0.0,0.0,0.0,0.0,30
200.0,0.2,outage,dapper,remote_accept_rate,0.0,0.0,0.0,0.0,30
200.0,0.2,outage,dapper,remote_accepted_per_frame,0.0,0.0,0.0,0.0,30
200.0,0.2,outage,dapper,remote_rejected_deadline_rate,0.0,0.0,0.0,0.0,30
200.0,0.2,outage,dapper,remote_failed_loss_rate,0.0,0.0,0.0,0.0,30
200.0,0.2,outage,dapper,fallback_rate,0.9991,0.0010938700673013835,0.9987,0.9994666666666667,30
200.0,0.2,outage,dapper,reuse_rate,0.7336333333333334,0.0027728154909994374,0.7326333333333335,0.7345999999999999,30
200.0,0.2,outage,dapper,stale_acceptance_rate,0.0,0.0,0.0,0.0,30
200.0,0.2,outage,dapper,mode_switches_per_1000,420.1,10.551515661677268,416.26666666666665,423.8333333333333,30
200.0,0.2,outage,dapper,pct_local_fast,22.726666666666667,0.6203076730102591,22.506666666666664,22.94000000000001,30
200.0,0.2,outage,dapper,pct_edge_accurate,0.0,0.0,0.0,0.0,30
200.0,0.2,outage,dapper,pct_hybrid,0.0,0.0,0.0,0.0,30
200.0,0.2,outage,dapper,pct_degraded_safe,77.27333333333333,0.6203076730102597,77.05999999999999,77.49333333333334,30
200.0,0.3,stable,dapper,deadline_miss_rate,0.0,0.0,0.0,0.0,30
200.0,0.3,stable,dapper,p95_latency_ms,33.984265110354684,0.14612908292769589,33.9343159514038,34.036015368498674,30
200.0,0.3,stable,dapper,p99_latency_ms,34.78401367177919,0.06560311317343774,34.76065987728268,34.806824911760046,30
200.0,0.3,stable,dapper,mean_latency_ms,25.02027748999063,0.19474756789946776,24.952896569039584,25.094599531312916,30
200.0,0.3,stable,dapper,usable_confidence_proxy,0.7959976928158301,0.0030581965746421004,0.7949187491188087,0.7970282591916404,30
200.0,0.3,stable,dapper,mean_output_confidence,0.7249667322554326,0.0015304909747104968,0.7244513387101592,0.7255071023390036,30
200.0,0.3,stable,dapper,bandwidth_per_1000_frames_kb,21621.666666666668,335.8425671130112,21501.645833333336,21735.0,30
200.0,0.3,stable,dapper,remote_attempt_rate,0.8648666666666667,0.013433702684520463,0.8600658333333333,0.8694,30
200.0,0.3,stable,dapper,remote_accept_rate,0.5119299636219802,0.019710509684781493,0.5048710537106218,0.5185291640553195,30
200.0,0.3,stable,dapper,remote_accepted_per_frame,0.4427,0.01712862093609448,0.43670000000000003,0.44869999999999993,30
200.0,0.3,stable,dapper,remote_rejected_deadline_rate,0.0,0.0,0.0,0.0,30
200.0,0.3,stable,dapper,remote_failed_loss_rate,0.011160401044939667,0.0032782175425864904,0.010069906399418155,0.012335025962814114,30
200.0,0.3,stable,dapper,fallback_rate,0.0,0.0,0.0,0.0,30
200.0,0.3,stable,dapper,reuse_rate,0.0,0.0,0.0,0.0,30
200.0,0.3,stable,dapper,stale_acceptance_rate,0.0,0.0,0.0,0.0,30
200.0,0.3,stable,dapper,mode_switches_per_1000,233.3,23.550605819867112,225.26666666666668,241.90083333333334,30
200.0,0.3,stable,dapper,pct_local_fast,13.513333333333334,1.3433702684520452,13.06,13.993416666666668,30
200.0,0.3,stable,dapper,pct_edge_accurate,0.0,0.0,0.0,0.0,30
200.0,0.3,stable,dapper,pct_hybrid,86.48666666666666,1.3433702684520459,86.00658333333332,86.93999999999998,30
200.0,0.3,stable,dapper,pct_degraded_safe,0.0,0.0,0.0,0.0,30
200.0,0.3,congested,dapper,deadline_miss_rate,0.0,0.0,0.0,0.0,30
200.0,0.3,congested,dapper,p95_latency_ms,33.94268972592376,0.09803104261482531,33.906854831430806,33.97630119170664,30
200.0,0.3,congested,dapper,p99_latency_ms,34.769178949662624,0.05524239382592479,34.748642896298946,34.7879694671568,30
200.0,0.3,congested,dapper,mean_latency_ms,25.012597088142645,0.18113657767527264,24.949225112390963,25.077791277753096,30
200.0,0.3,congested,dapper,usable_confidence_proxy,0.7249282051819181,0.0016092933478095927,0.7243536843822596,0.725520489679899,30
200.0,0.3,congested,dapper,mean_output_confidence,0.7249282051819181,0.0016092933478095927,0.7243536843822596,0.725520489679899,30
200.0,0.3,congested,dapper,bandwidth_per_1000_frames_kb,2.5,7.628214415734117,0.0,5.833333333333333,30
200.0,0.3,congested,dapper,remote_attempt_rate,0.0001,0.00030512857662936464,0.0,0.00023333333333333333,30
200.0,0.3,congested,dapper,remote_accept_rate,0.0,0.0,0.0,0.0,30
200.0,0.3,congested,dapper,remote_accepted_per_frame,0.0,0.0,0.0,0.0,30
200.0,0.3,congested,dapper,remote_rejected_deadline_rate,0.0,0.0,0.0,0.0,30
200.0,0.3,congested,dapper,remote_failed_loss_rate,0.0,0.0,0.0,0.0,30
200.0,0.3,congested,dapper,fallback_rate,0.0,0.0,0.0,0.0,30
200.0,0.3,congested,dapper,reuse_rate,0.0,0.0,0.0,0.0,30
200.0,0.3,congested,dapper,stale_acceptance_rate,0.0,0.0,0.0,0.0,30
200.0,0.3,congested,dapper,mode_switches_per_1000,0.2,0.6102571532587293,0.0,0.4666666666666667,30
200.0,0.3,congested,dapper,pct_local_fast,99.99000000000001,0.030512857662934732,99.97666666666667,100.0,30
200.0,0.3,congested,dapper,pct_edge_accurate,0.0,0.0,0.0,0.0,30
200.0,0.3,congested,dapper,pct_hybrid,0.010000000000000002,0.030512857662936467,0.0,0.02333333333333333,30
200.0,0.3,congested,dapper,pct_degraded_safe,0.0,0.0,0.0,0.0,30
200.0,0.3,lossy,dapper,deadline_miss_rate,0.0,0.0,0.0,0.0,30
200.0,0.3,lossy,dapper,p95_latency_ms,34.012278154614826,0.12120943376607804,33.96820622195287,34.05448763655662,30
200.0,0.3,lossy,dapper,p99_latency_ms,34.80546807570768,0.06143547890706443,34.78316485257998,34.826772350222946,30
200.0,0.3,lossy,dapper,mean_latency_ms,25.003209635014095,0.15974262798343122,24.94828249795479,25.06142062043607,30
200.0,0.3,lossy,dapper,usable_confidence_proxy,0.7419488805066937,0.0021694651931506532,0.7411968299043021,0.7427468304914678,30
200.0,0.3,lossy,dapper,mean_output_confidence,0.7247968267120143,0.001322250002252836,0.724324432482122,0.7252569980501671,30
200.0,0.3,lossy,dapper,bandwidth_per_1000_frames_kb,21150.0,355.25609995005595,21028.333333333332,21277.5,30
200.0,0.3,lossy,dapper,remote_attempt_rate,0.8459999999999999,0.01421024399800225,0.8411333333333334,0.8511,30
200.0,0.3,lossy,dapper,remote_accept_rate,0.1272378854001313,0.012843103402622898,0.1226604444039389,0.13181713898973657,30
200.0,0.3,lossy,dapper,remote_accepted_per_frame,0.1076,0.010545795043686763,0.10373333333333333,0.11133333333333331,30
200.0,0.3,lossy,dapper,remote_rejected_deadline_rate,0.0,0.0,0.0,0.0,30
200.0,0.3,lossy,dapper,remote_failed_loss_rate,0.19961581266921974,0.014430358687665578,0.19450895189348388,0.2046304954745599,30
200.0,0.3,lossy,dapper,fallback_rate,0.0,0.0,0.0,0.0,30
200.0,0.3,lossy,dapper,reuse_rate,0.0,0.0,0.0,0.0,30
200.0,0.3,lossy,dapper,stale_acceptance_rate,0.0,0.0,0.0,0.0,30
200.0,0.3,lossy,dapper,mode_switches_per_1000,248.33333333333334,21.18446622399069,240.83333333333334,255.73333333333332,30
200.0,0.3,lossy,dapper,pct_local_fast,15.399999999999999,1.4210243998002234,14.890000000000002,15.886666666666663,30
200.0,0.3,lossy,dapper,pct_edge_accurate,0.0,0.0,0.0,0.0,30
200.0,0.3,lossy,dapper,pct_hybrid,84.6,1.4210243998002252,84.11333333333333,85.10999999999999,30
200.0,0.3,lossy,dapper,pct_degraded_safe,0.0,0.0,0.0,0.0,30
200.0,0.3,variable,dapper,deadline_miss_rate,0.0,0.0,0.0,0.0,30
200.0,0.3,variable,dapper,p95_latency_ms,33.747775519517624,0.20973021505140457,33.675323470701066,33.82211577900011,30
200.0,0.3,variable,dapper,p99_latency_ms,34.71834607205886,0.08846723190950932,34.68461798114216,34.746951888657705,30
200.0,0.3,variable,dapper,mean_latency_ms,20.940446707168096,0.7350940723083381,20.683336067108257,21.199328671737284,30
200.0,0.3,variable,dapper,usable_confidence_proxy,0.7315327792840012,0.0025047865419971973,0.730630043265056,0.7323686534291781,30
200.0,0.3,variable,dapper,mean_output_confidence,0.7255990845494175,0.001961270671757357,0.7249273980970206,0.7262792520187936,30
200.0,0.3,variable,dapper,bandwidth_per_1000_frames_kb,5777.5,618.9308774285564,5560.791666666666,5989.229166666666,30
200.0,0.3,variable,dapper,remote_attempt_rate,0.2311,0.02475723509714226,0.22243166666666667,0.23956916666666667,30
200.0,0.3,variable,dapper,remote_accept_rate,0.1593225904647559,0.030227815733317422,0.14854986769116424,0.16977120142322374,30
200.0,0.3,variable,dapper,remote_accepted_per_frame,0.03679999999999999,0.008243701880202556,0.03400000000000001,0.03976666666666666,30
200.0,0.3,variable,dapper,remote_rejected_deadline_rate,0.0,0.0,0.0,0.0,30
200.0,0.3,variable,dapper,remote_failed_loss_rate,0.07193615784084549,0.016135950496985536,0.06638961513178773,0.07778178250251701,30
200.0,0.3,variable,dapper,fallback_rate,0.218,0.040093855406774126,0.2041991666666667,0.23230083333333335,30
200.0,0.3,variable,dapper,reuse_rate,0.1668666666666667,0.030431079092149253,0.15633333333333335,0.17766666666666667,30
200.0,0.3,variable,dapper,stale_acceptance_rate,0.0,0.0,0.0,0.0,30
200.0,0.3,variable,dapper,mode_switches_per_1000,313.23333333333335,17.826139917767282,306.93333333333334,319.73333333333335,30
200.0,0.3,variable,dapper,pct_local_fast,60.20333333333333,2.981377063607068,59.14,61.250083333333336,30
200.0,0.3,variable,dapper,pct_edge_accurate,0.0,0.0,0.0,0.0,30
200.0,0.3,variable,dapper,pct_hybrid,23.11,2.475723509714226,22.243166666666664,23.956916666666668,30
200.0,0.3,variable,dapper,pct_degraded_safe,16.686666666666664,3.043107909214925,15.633333333333333,17.766666666666666,30
200.0,0.3,outage,dapper,deadline_miss_rate,0.0,0.0,0.0,0.0,30
200.0,0.3,outage,dapper,p95_latency_ms,31.180397455473944,0.5019222421134536,31.003461688254276,31.356612238909502,30
200.0,0.3,outage,dapper,p99_latency_ms,34.19876190660464,0.24613390636575014,34.11069835592174,34.28564968359419,30
200.0,0.3,outage,dapper,mean_latency_ms,7.3887722729777074,0.1438687754302819,7.338771957267607,7.440287447009226,30
200.0,0.3,outage,dapper,usable_confidence_proxy,0.7254843594835231,0.0028344314815583567,0.7244472943096172,0.7264722092457271,30
200.0,0.3,outage,dapper,mean_output_confidence,0.7254843594835231,0.0028344314815583567,0.7244472943096172,0.7264722092457271,30
200.0,0.3,outage,dapper,bandwidth_per_1000_frames_kb,0.0,0.0,0.0,0.0,30
200.0,0.3,outage,dapper,remote_attempt_rate,0.0,0.0,0.0,0.0,30
200.0,0.3,outage,dapper,remote_accept_rate,0.0,0.0,0.0,0.0,30
200.0,0.3,outage,dapper,remote_accepted_per_frame,0.0,0.0,0.0,0.0,30
200.0,0.3,outage,dapper,remote_rejected_deadline_rate,0.0,0.0,0.0,0.0,30
200.0,0.3,outage,dapper,remote_failed_loss_rate,0.0,0.0,0.0,0.0,30
200.0,0.3,outage,dapper,fallback_rate,0.9991,0.0010938700673013835,0.9987,0.9994666666666667,30
200.0,0.3,outage,dapper,reuse_rate,0.7336333333333334,0.0027728154909994374,0.7326333333333335,0.7345999999999999,30
200.0,0.3,outage,dapper,stale_acceptance_rate,0.0,0.0,0.0,0.0,30
200.0,0.3,outage,dapper,mode_switches_per_1000,420.1,10.551515661677268,416.26666666666665,423.8333333333333,30
200.0,0.3,outage,dapper,pct_local_fast,22.726666666666667,0.6203076730102591,22.506666666666664,22.94000000000001,30
200.0,0.3,outage,dapper,pct_edge_accurate,0.0,0.0,0.0,0.0,30
200.0,0.3,outage,dapper,pct_hybrid,0.0,0.0,0.0,0.0,30
200.0,0.3,outage,dapper,pct_degraded_safe,77.27333333333333,0.6203076730102597,77.05999999999999,77.49333333333334,30
200.0,0.4,stable,dapper,deadline_miss_rate,0.0,0.0,0.0,0.0,30
200.0,0.4,stable,dapper,p95_latency_ms,33.984265110354684,0.14612908292769589,33.9343159514038,34.036015368498674,30
200.0,0.4,stable,dapper,p99_latency_ms,34.78401367177919,0.06560311317343774,34.76065987728268,34.806824911760046,30
200.0,0.4,stable,dapper,mean_latency_ms,25.02027748999063,0.19474756789946776,24.952896569039584,25.094599531312916,30
200.0,0.4,stable,dapper,usable_confidence_proxy,0.7959976928158301,0.0030581965746421004,0.7949187491188087,0.7970282591916404,30
200.0,0.4,stable,dapper,mean_output_confidence,0.7249667322554326,0.0015304909747104968,0.7244513387101592,0.7255071023390036,30
200.0,0.4,stable,dapper,bandwidth_per_1000_frames_kb,21621.666666666668,335.8425671130112,21501.645833333336,21735.0,30
200.0,0.4,stable,dapper,remote_attempt_rate,0.8648666666666667,0.013433702684520463,0.8600658333333333,0.8694,30
200.0,0.4,stable,dapper,remote_accept_rate,0.5119299636219802,0.019710509684781493,0.5048710537106218,0.5185291640553195,30
200.0,0.4,stable,dapper,remote_accepted_per_frame,0.4427,0.01712862093609448,0.43670000000000003,0.44869999999999993,30
200.0,0.4,stable,dapper,remote_rejected_deadline_rate,0.0,0.0,0.0,0.0,30
200.0,0.4,stable,dapper,remote_failed_loss_rate,0.011160401044939667,0.0032782175425864904,0.010069906399418155,0.012335025962814114,30
200.0,0.4,stable,dapper,fallback_rate,0.0,0.0,0.0,0.0,30
200.0,0.4,stable,dapper,reuse_rate,0.0,0.0,0.0,0.0,30
200.0,0.4,stable,dapper,stale_acceptance_rate,0.0,0.0,0.0,0.0,30
200.0,0.4,stable,dapper,mode_switches_per_1000,233.3,23.550605819867112,225.26666666666668,241.90083333333334,30
200.0,0.4,stable,dapper,pct_local_fast,13.513333333333334,1.3433702684520452,13.06,13.993416666666668,30
200.0,0.4,stable,dapper,pct_edge_accurate,0.0,0.0,0.0,0.0,30
200.0,0.4,stable,dapper,pct_hybrid,86.48666666666666,1.3433702684520459,86.00658333333332,86.93999999999998,30
200.0,0.4,stable,dapper,pct_degraded_safe,0.0,0.0,0.0,0.0,30
200.0,0.4,congested,dapper,deadline_miss_rate,0.0,0.0,0.0,0.0,30
200.0,0.4,congested,dapper,p95_latency_ms,33.94268972592376,0.09803104261482531,33.906854831430806,33.97630119170664,30
200.0,0.4,congested,dapper,p99_latency_ms,34.769178949662624,0.05524239382592479,34.748642896298946,34.7879694671568,30
200.0,0.4,congested,dapper,mean_latency_ms,25.012597088142645,0.18113657767527264,24.949225112390963,25.077791277753096,30
200.0,0.4,congested,dapper,usable_confidence_proxy,0.7249282051819181,0.0016092933478095927,0.7243536843822596,0.725520489679899,30
200.0,0.4,congested,dapper,mean_output_confidence,0.7249282051819181,0.0016092933478095927,0.7243536843822596,0.725520489679899,30
200.0,0.4,congested,dapper,bandwidth_per_1000_frames_kb,2.5,7.628214415734117,0.0,5.833333333333333,30
200.0,0.4,congested,dapper,remote_attempt_rate,0.0001,0.00030512857662936464,0.0,0.00023333333333333333,30
200.0,0.4,congested,dapper,remote_accept_rate,0.0,0.0,0.0,0.0,30
200.0,0.4,congested,dapper,remote_accepted_per_frame,0.0,0.0,0.0,0.0,30
200.0,0.4,congested,dapper,remote_rejected_deadline_rate,0.0,0.0,0.0,0.0,30
200.0,0.4,congested,dapper,remote_failed_loss_rate,0.0,0.0,0.0,0.0,30
200.0,0.4,congested,dapper,fallback_rate,0.0,0.0,0.0,0.0,30
200.0,0.4,congested,dapper,reuse_rate,0.0,0.0,0.0,0.0,30
200.0,0.4,congested,dapper,stale_acceptance_rate,0.0,0.0,0.0,0.0,30
200.0,0.4,congested,dapper,mode_switches_per_1000,0.2,0.6102571532587293,0.0,0.4666666666666667,30
200.0,0.4,congested,dapper,pct_local_fast,99.99000000000001,0.030512857662934732,99.97666666666667,100.0,30
200.0,0.4,congested,dapper,pct_edge_accurate,0.0,0.0,0.0,0.0,30
200.0,0.4,congested,dapper,pct_hybrid,0.010000000000000002,0.030512857662936467,0.0,0.02333333333333333,30
200.0,0.4,congested,dapper,pct_degraded_safe,0.0,0.0,0.0,0.0,30
200.0,0.4,lossy,dapper,deadline_miss_rate,0.0,0.0,0.0,0.0,30
200.0,0.4,lossy,dapper,p95_latency_ms,34.012278154614826,0.12120943376607804,33.96820622195287,34.05448763655662,30
200.0,0.4,lossy,dapper,p99_latency_ms,34.80546807570768,0.06143547890706443,34.78316485257998,34.826772350222946,30
200.0,0.4,lossy,dapper,mean_latency_ms,25.003209635014095,0.15974262798343122,24.94828249795479,25.06142062043607,30
200.0,0.4,lossy,dapper,usable_confidence_proxy,0.7419488805066937,0.0021694651931506532,0.7411968299043021,0.7427468304914678,30
200.0,0.4,lossy,dapper,mean_output_confidence,0.7247968267120143,0.001322250002252836,0.724324432482122,0.7252569980501671,30
200.0,0.4,lossy,dapper,bandwidth_per_1000_frames_kb,21150.0,355.25609995005595,21028.333333333332,21277.5,30
200.0,0.4,lossy,dapper,remote_attempt_rate,0.8459999999999999,0.01421024399800225,0.8411333333333334,0.8511,30
200.0,0.4,lossy,dapper,remote_accept_rate,0.1272378854001313,0.012843103402622898,0.1226604444039389,0.13181713898973657,30
200.0,0.4,lossy,dapper,remote_accepted_per_frame,0.1076,0.010545795043686763,0.10373333333333333,0.11133333333333331,30
200.0,0.4,lossy,dapper,remote_rejected_deadline_rate,0.0,0.0,0.0,0.0,30
200.0,0.4,lossy,dapper,remote_failed_loss_rate,0.19961581266921974,0.014430358687665578,0.19450895189348388,0.2046304954745599,30
200.0,0.4,lossy,dapper,fallback_rate,0.0,0.0,0.0,0.0,30
200.0,0.4,lossy,dapper,reuse_rate,0.0,0.0,0.0,0.0,30
200.0,0.4,lossy,dapper,stale_acceptance_rate,0.0,0.0,0.0,0.0,30
200.0,0.4,lossy,dapper,mode_switches_per_1000,248.33333333333334,21.18446622399069,240.83333333333334,255.73333333333332,30
200.0,0.4,lossy,dapper,pct_local_fast,15.399999999999999,1.4210243998002234,14.890000000000002,15.886666666666663,30
200.0,0.4,lossy,dapper,pct_edge_accurate,0.0,0.0,0.0,0.0,30
200.0,0.4,lossy,dapper,pct_hybrid,84.6,1.4210243998002252,84.11333333333333,85.10999999999999,30
200.0,0.4,lossy,dapper,pct_degraded_safe,0.0,0.0,0.0,0.0,30
200.0,0.4,variable,dapper,deadline_miss_rate,0.0,0.0,0.0,0.0,30
200.0,0.4,variable,dapper,p95_latency_ms,33.747775519517624,0.20973021505140457,33.675323470701066,33.82211577900011,30
200.0,0.4,variable,dapper,p99_latency_ms,34.71834607205886,0.08846723190950932,34.68461798114216,34.746951888657705,30
200.0,0.4,variable,dapper,mean_latency_ms,20.940446707168096,0.7350940723083381,20.683336067108257,21.199328671737284,30
200.0,0.4,variable,dapper,usable_confidence_proxy,0.7315327792840012,0.0025047865419971973,0.730630043265056,0.7323686534291781,30
200.0,0.4,variable,dapper,mean_output_confidence,0.7255990845494175,0.001961270671757357,0.7249273980970206,0.7262792520187936,30
200.0,0.4,variable,dapper,bandwidth_per_1000_frames_kb,5777.5,618.9308774285564,5560.791666666666,5989.229166666666,30
200.0,0.4,variable,dapper,remote_attempt_rate,0.2311,0.02475723509714226,0.22243166666666667,0.23956916666666667,30
200.0,0.4,variable,dapper,remote_accept_rate,0.1593225904647559,0.030227815733317422,0.14854986769116424,0.16977120142322374,30
200.0,0.4,variable,dapper,remote_accepted_per_frame,0.03679999999999999,0.008243701880202556,0.03400000000000001,0.03976666666666666,30
200.0,0.4,variable,dapper,remote_rejected_deadline_rate,0.0,0.0,0.0,0.0,30
200.0,0.4,variable,dapper,remote_failed_loss_rate,0.07193615784084549,0.016135950496985536,0.06638961513178773,0.07778178250251701,30
200.0,0.4,variable,dapper,fallback_rate,0.218,0.040093855406774126,0.2041991666666667,0.23230083333333335,30
200.0,0.4,variable,dapper,reuse_rate,0.1668666666666667,0.030431079092149253,0.15633333333333335,0.17766666666666667,30
200.0,0.4,variable,dapper,stale_acceptance_rate,0.0,0.0,0.0,0.0,30
200.0,0.4,variable,dapper,mode_switches_per_1000,313.23333333333335,17.826139917767282,306.93333333333334,319.73333333333335,30
200.0,0.4,variable,dapper,pct_local_fast,60.20333333333333,2.981377063607068,59.14,61.250083333333336,30
200.0,0.4,variable,dapper,pct_edge_accurate,0.0,0.0,0.0,0.0,30
200.0,0.4,variable,dapper,pct_hybrid,23.11,2.475723509714226,22.243166666666664,23.956916666666668,30
200.0,0.4,variable,dapper,pct_degraded_safe,16.686666666666664,3.043107909214925,15.633333333333333,17.766666666666666,30
200.0,0.4,outage,dapper,deadline_miss_rate,0.0,0.0,0.0,0.0,30
200.0,0.4,outage,dapper,p95_latency_ms,31.180397455473944,0.5019222421134536,31.003461688254276,31.356612238909502,30
200.0,0.4,outage,dapper,p99_latency_ms,34.19876190660464,0.24613390636575014,34.11069835592174,34.28564968359419,30
200.0,0.4,outage,dapper,mean_latency_ms,7.3887722729777074,0.1438687754302819,7.338771957267607,7.440287447009226,30
200.0,0.4,outage,dapper,usable_confidence_proxy,0.7254843594835231,0.0028344314815583567,0.7244472943096172,0.7264722092457271,30
200.0,0.4,outage,dapper,mean_output_confidence,0.7254843594835231,0.0028344314815583567,0.7244472943096172,0.7264722092457271,30
200.0,0.4,outage,dapper,bandwidth_per_1000_frames_kb,0.0,0.0,0.0,0.0,30
200.0,0.4,outage,dapper,remote_attempt_rate,0.0,0.0,0.0,0.0,30
200.0,0.4,outage,dapper,remote_accept_rate,0.0,0.0,0.0,0.0,30
200.0,0.4,outage,dapper,remote_accepted_per_frame,0.0,0.0,0.0,0.0,30
200.0,0.4,outage,dapper,remote_rejected_deadline_rate,0.0,0.0,0.0,0.0,30
200.0,0.4,outage,dapper,remote_failed_loss_rate,0.0,0.0,0.0,0.0,30
200.0,0.4,outage,dapper,fallback_rate,0.9991,0.0010938700673013835,0.9987,0.9994666666666667,30
200.0,0.4,outage,dapper,reuse_rate,0.7336333333333334,0.0027728154909994374,0.7326333333333335,0.7345999999999999,30
200.0,0.4,outage,dapper,stale_acceptance_rate,0.0,0.0,0.0,0.0,30
200.0,0.4,outage,dapper,mode_switches_per_1000,420.1,10.551515661677268,416.26666666666665,423.8333333333333,30
200.0,0.4,outage,dapper,pct_local_fast,22.726666666666667,0.6203076730102591,22.506666666666664,22.94000000000001,30
200.0,0.4,outage,dapper,pct_edge_accurate,0.0,0.0,0.0,0.0,30
200.0,0.4,outage,dapper,pct_hybrid,0.0,0.0,0.0,0.0,30
200.0,0.4,outage,dapper,pct_degraded_safe,77.27333333333333,0.6203076730102597,77.05999999999999,77.49333333333334,30
200.0,0.5,stable,dapper,deadline_miss_rate,0.0,0.0,0.0,0.0,30
200.0,0.5,stable,dapper,p95_latency_ms,148.95550079901022,0.6188548607023916,148.74183836142956,149.1749232275146,30
200.0,0.5,stable,dapper,p99_latency_ms,152.5684425005349,0.34059970420790175,152.4484209967069,152.69313926021212,30
200.0,0.5,stable,dapper,mean_latency_ms,73.85565540993005,2.279731796889587,73.08325473849067,74.63201917486698,30
200.0,0.5,stable,dapper,usable_confidence_proxy,0.7959976928158301,0.0030581965746421004,0.7949187491188087,0.7970282591916404,30
200.0,0.5,stable,dapper,mean_output_confidence,0.7726841199863537,0.002597374443655774,0.7717793545020473,0.7735874340090333,30
200.0,0.5,stable,dapper,bandwidth_per_1000_frames_kb,21621.666666666668,335.8425671130112,21501.645833333336,21735.0,30
200.0,0.5,stable,dapper,remote_attempt_rate,0.8648666666666667,0.013433702684520463,0.8600658333333333,0.8694,30
200.0,0.5,stable,dapper,remote_accept_rate,0.5119299636219802,0.019710509684781493,0.5048710537106218,0.5185291640553195,30
200.0,0.5,stable,dapper,remote_accepted_per_frame,0.4427,0.01712862093609448,0.43670000000000003,0.44869999999999993,30
200.0,0.5,stable,dapper,remote_rejected_deadline_rate,0.06166719700501939,0.007968627773645546,0.0588661134495648,0.06447089997550111,30
200.0,0.5,stable,dapper,remote_failed_loss_rate,0.011160401044939667,0.0032782175425864904,0.010069906399418155,0.012335025962814114,30
200.0,0.5,stable,dapper,fallback_rate,0.25899999999999995,0.019238969074107968,0.2524666666666667,0.2658008333333333,30
200.0,0.5,stable,dapper,reuse_rate,0.0,0.0,0.0,0.0,30
200.0,0.5,stable,dapper,stale_acceptance_rate,0.0,0.0,0.0,0.0,30
200.0,0.5,stable,dapper,mode_switches_per_1000,410.23333333333335,20.49168600682479,403.2325,417.7,30
200.0,0.5,stable,dapper,pct_local_fast,13.513333333333334,1.3433702684520452,13.06,13.993416666666668,30
200.0,0.5,stable,dapper,pct_edge_accurate,55.62,2.2205000989991333,54.85991666666667,56.373416666666664,30
200.0,0.5,stable,dapper,pct_hybrid,30.86666666666667,2.4739098376977022,30.006666666666664,31.68675,30
200.0,0.5,stable,dapper,pct_degraded_safe,0.0,0.0,0.0,0.0,30
200.0,0.5,congested,dapper,deadline_miss_rate,0.0,0.0,0.0,0.0,30
200.0,0.5,congested,dapper,p95_latency_ms,33.94268972592376,0.09803104261482531,33.906854831430806,33.97630119170664,30
200.0,0.5,congested,dapper,p99_latency_ms,34.769178949662624,0.05524239382592479,34.748642896298946,34.7879694671568,30
200.0,0.5,congested,dapper,mean_latency_ms,25.012597088142645,0.18113657767527264,24.949225112390963,25.077791277753096,30
200.0,0.5,congested,dapper,usable_confidence_proxy,0.7249282051819181,0.0016092933478095927,0.7243536843822596,0.725520489679899,30
200.0,0.5,congested,dapper,mean_output_confidence,0.7249282051819181,0.0016092933478095927,0.7243536843822596,0.725520489679899,30
200.0,0.5,congested,dapper,bandwidth_per_1000_frames_kb,2.5,7.628214415734117,0.0,5.833333333333333,30
200.0,0.5,congested,dapper,remote_attempt_rate,0.0001,0.00030512857662936464,0.0,0.00023333333333333333,30
200.0,0.5,congested,dapper,remote_accept_rate,0.0,0.0,0.0,0.0,30
200.0,0.5,congested,dapper,remote_accepted_per_frame,0.0,0.0,0.0,0.0,30
200.0,0.5,congested,dapper,remote_rejected_deadline_rate,0.0,0.0,0.0,0.0,30
200.0,0.5,congested,dapper,remote_failed_loss_rate,0.0,0.0,0.0,0.0,30
200.0,0.5,congested,dapper,fallback_rate,0.0,0.0,0.0,0.0,30
200.0,0.5,congested,dapper,reuse_rate,0.0,0.0,0.0,0.0,30
200.0,0.5,congested,dapper,stale_acceptance_rate,0.0,0.0,0.0,0.0,30
200.0,0.5,congested,dapper,mode_switches_per_1000,0.2,0.6102571532587293,0.0,0.4666666666666667,30
200.0,0.5,congested,dapper,pct_local_fast,99.99000000000001,0.030512857662934732,99.97666666666667,100.0,30
200.0,0.5,congested,dapper,pct_edge_accurate,0.0,0.0,0.0,0.0,30
200.0,0.5,congested,dapper,pct_hybrid,0.010000000000000002,0.030512857662936467,0.0,0.02333333333333333,30
200.0,0.5,congested,dapper,pct_degraded_safe,0.0,0.0,0.0,0.0,30
200.0,0.5,lossy,dapper,deadline_miss_rate,0.0,0.0,0.0,0.0,30
200.0,0.5,lossy,dapper,p95_latency_ms,34.012278154614826,0.12120943376607804,33.96820622195287,34.05448763655662,30
200.0,0.5,lossy,dapper,p99_latency_ms,34.80546807570768,0.06143547890706443,34.78316485257998,34.826772350222946,30
200.0,0.5,lossy,dapper,mean_latency_ms,25.003209635014095,0.15974262798343122,24.94828249795479,25.06142062043607,30
200.0,0.5,lossy,dapper,usable_confidence_proxy,0.7419488805066937,0.0021694651931506532,0.7411968299043021,0.7427468304914678,30
200.0,0.5,lossy,dapper,mean_output_confidence,0.7247968267120143,0.001322250002252836,0.724324432482122,0.7252569980501671,30
200.0,0.5,lossy,dapper,bandwidth_per_1000_frames_kb,21150.0,355.25609995005595,21028.333333333332,21277.5,30
200.0,0.5,lossy,dapper,remote_attempt_rate,0.8459999999999999,0.01421024399800225,0.8411333333333334,0.8511,30
200.0,0.5,lossy,dapper,remote_accept_rate,0.1272378854001313,0.012843103402622898,0.1226604444039389,0.13181713898973657,30
200.0,0.5,lossy,dapper,remote_accepted_per_frame,0.1076,0.010545795043686763,0.10373333333333333,0.11133333333333331,30
200.0,0.5,lossy,dapper,remote_rejected_deadline_rate,0.0,0.0,0.0,0.0,30
200.0,0.5,lossy,dapper,remote_failed_loss_rate,0.19961581266921974,0.014430358687665578,0.19450895189348388,0.2046304954745599,30
200.0,0.5,lossy,dapper,fallback_rate,0.0,0.0,0.0,0.0,30
200.0,0.5,lossy,dapper,reuse_rate,0.0,0.0,0.0,0.0,30
200.0,0.5,lossy,dapper,stale_acceptance_rate,0.0,0.0,0.0,0.0,30
200.0,0.5,lossy,dapper,mode_switches_per_1000,248.33333333333334,21.18446622399069,240.83333333333334,255.73333333333332,30
200.0,0.5,lossy,dapper,pct_local_fast,15.399999999999999,1.4210243998002234,14.890000000000002,15.886666666666663,30
200.0,0.5,lossy,dapper,pct_edge_accurate,0.0,0.0,0.0,0.0,30
200.0,0.5,lossy,dapper,pct_hybrid,84.6,1.4210243998002252,84.11333333333333,85.10999999999999,30
200.0,0.5,lossy,dapper,pct_degraded_safe,0.0,0.0,0.0,0.0,30
200.0,0.5,variable,dapper,deadline_miss_rate,0.0,0.0,0.0,0.0,30
200.0,0.5,variable,dapper,p95_latency_ms,33.91428774023019,0.19616601069402342,33.842999920767,33.98090508727986,30
200.0,0.5,variable,dapper,p99_latency_ms,44.17445650743834,21.436508612735825,37.47159192953472,52.564898328786605,30
200.0,0.5,variable,dapper,mean_latency_ms,21.49522313815418,0.8433537690970343,21.207567889079836,21.789777864478417,30
200.0,0.5,variable,dapper,usable_confidence_proxy,0.7315358392747112,0.00247471547679826,0.7306457672653135,0.732363314672214,30
200.0,0.5,variable,dapper,mean_output_confidence,0.7261891555694064,0.0020254550148487167,0.7254798670417402,0.7268956376722745,30
200.0,0.5,variable,dapper,bandwidth_per_1000_frames_kb,5777.5,618.9308774285564,5560.791666666666,5989.229166666666,30
200.0,0.5,variable,dapper,remote_attempt_rate,0.2311,0.02475723509714226,0.22243166666666667,0.23956916666666667,30
200.0,0.5,variable,dapper,remote_accept_rate,0.1593225904647559,0.030227815733317422,0.14854986769116424,0.16977120142322374,30
200.0,0.5,variable,dapper,remote_accepted_per_frame,0.03679999999999999,0.008243701880202556,0.03400000000000001,0.03976666666666666,30
200.0,0.5,variable,dapper,remote_rejected_deadline_rate,0.00450956684265657,0.004387053620172022,0.0030565141048629367,0.006096556121759171,30
200.0,0.5,variable,dapper,remote_failed_loss_rate,0.07193615784084549,0.016135950496985536,0.06638961513178773,0.07778178250251701,30
200.0,0.5,variable,dapper,fallback_rate,0.22096666666666664,0.039638437748307345,0.20729916666666667,0.23503416666666668,30
200.0,0.5,variable,dapper,reuse_rate,0.16690000000000002,0.030447637358088316,0.15636666666666668,0.17773416666666667,30
200.0,0.5,variable,dapper,stale_acceptance_rate,0.0,0.0,0.0,0.0,30
200.0,0.5,variable,dapper,mode_switches_per_1000,321.0,18.309598010615765,314.43333333333334,327.5,30
200.0,0.5,variable,dapper,pct_local_fast,60.199999999999996,2.9790070088236944,59.13666666666667,61.24341666666667,30
200.0,0.5,variable,dapper,pct_edge_accurate,0.6566666666666666,0.323433448181073,0.5466666666666666,0.7733333333333333,30
200.0,0.5,variable,dapper,pct_hybrid,22.453333333333333,2.3957913289671167,21.610000000000003,23.270083333333332,30
200.0,0.5,variable,dapper,pct_degraded_safe,16.689999999999998,3.0447637358088313,15.636666666666665,17.773416666666666,30
200.0,0.5,outage,dapper,deadline_miss_rate,0.0,0.0,0.0,0.0,30
200.0,0.5,outage,dapper,p95_latency_ms,31.180397455473944,0.5019222421134536,31.003461688254276,31.356612238909502,30
200.0,0.5,outage,dapper,p99_latency_ms,34.19876190660464,0.24613390636575014,34.11069835592174,34.28564968359419,30
200.0,0.5,outage,dapper,mean_latency_ms,7.3887722729777074,0.1438687754302819,7.338771957267607,7.440287447009226,30
200.0,0.5,outage,dapper,usable_confidence_proxy,0.7254843594835231,0.0028344314815583567,0.7244472943096172,0.7264722092457271,30
200.0,0.5,outage,dapper,mean_output_confidence,0.7254843594835231,0.0028344314815583567,0.7244472943096172,0.7264722092457271,30
200.0,0.5,outage,dapper,bandwidth_per_1000_frames_kb,0.0,0.0,0.0,0.0,30
200.0,0.5,outage,dapper,remote_attempt_rate,0.0,0.0,0.0,0.0,30
200.0,0.5,outage,dapper,remote_accept_rate,0.0,0.0,0.0,0.0,30
200.0,0.5,outage,dapper,remote_accepted_per_frame,0.0,0.0,0.0,0.0,30
200.0,0.5,outage,dapper,remote_rejected_deadline_rate,0.0,0.0,0.0,0.0,30
200.0,0.5,outage,dapper,remote_failed_loss_rate,0.0,0.0,0.0,0.0,30
200.0,0.5,outage,dapper,fallback_rate,0.9991,0.0010938700673013835,0.9987,0.9994666666666667,30
200.0,0.5,outage,dapper,reuse_rate,0.7336333333333334,0.0027728154909994374,0.7326333333333335,0.7345999999999999,30
200.0,0.5,outage,dapper,stale_acceptance_rate,0.0,0.0,0.0,0.0,30
200.0,0.5,outage,dapper,mode_switches_per_1000,420.1,10.551515661677268,416.26666666666665,423.8333333333333,30
200.0,0.5,outage,dapper,pct_local_fast,22.726666666666667,0.6203076730102591,22.506666666666664,22.94000000000001,30
200.0,0.5,outage,dapper,pct_edge_accurate,0.0,0.0,0.0,0.0,30
200.0,0.5,outage,dapper,pct_hybrid,0.0,0.0,0.0,0.0,30
200.0,0.5,outage,dapper,pct_degraded_safe,77.27333333333333,0.6203076730102597,77.05999999999999,77.49333333333334,30
200.0,0.6,stable,dapper,deadline_miss_rate,0.0,0.0,0.0,0.0,30
200.0,0.6,stable,dapper,p95_latency_ms,152.17408599779458,0.45402859838569465,152.0121082246416,152.331350523573,30
200.0,0.6,stable,dapper,p99_latency_ms,155.3409355561682,0.549924919346767,155.14753098714868,155.52857408892322,30
200.0,0.6,stable,dapper,mean_latency_ms,102.92338016748587,1.8171936585729458,102.2933926565328,103.55524137509077,30
200.0,0.6,stable,dapper,usable_confidence_proxy,0.7959976928158301,0.0030581965746421004,0.7949187491188087,0.7970282591916404,30
200.0,0.6,stable,dapper,mean_output_confidence,0.7959976928158301,0.0030581965746421004,0.7949187491188087,0.7970282591916404,30
200.0,0.6,stable,dapper,bandwidth_per_1000_frames_kb,21621.666666666668,335.8425671130112,21501.645833333336,21735.0,30
200.0,0.6,stable,dapper,remote_attempt_rate,0.8648666666666667,0.013433702684520463,0.8600658333333333,0.8694,30
200.0,0.6,stable,dapper,remote_accept_rate,0.5119299636219802,0.019710509684781493,0.5048710537106218,0.5185291640553195,30
200.0,0.6,stable,dapper,remote_accepted_per_frame,0.4427,0.01712862093609448,0.43670000000000003,0.44869999999999993,30
200.0,0.6,stable,dapper,remote_rejected_deadline_rate,0.09571176556872005,0.009351749073901463,0.09250225031077969,0.09893992513413837,30
200.0,0.6,stable,dapper,remote_failed_loss_rate,0.011160401044939667,0.0032782175425864904,0.010069906399418155,0.012335025962814114,30
200.0,0.6,stable,dapper,fallback_rate,0.42216666666666663,0.019499042122067458,0.4156,0.4290333333333333,30
200.0,0.6,stable,dapper,reuse_rate,0.0,0.0,0.0,0.0,30
200.0,0.6,stable,dapper,stale_acceptance_rate,0.0,0.0,0.0,0.0,30
200.0,0.6,stable,dapper,mode_switches_per_1000,233.3,23.550605819867112,225.26666666666668,241.90083333333334,30
200.0,0.6,stable,dapper,pct_local_fast,13.513333333333334,1.3433702684520452,13.06,13.993416666666668,30
200.0,0.6,stable,dapper,pct_edge_accurate,86.48666666666666,1.3433702684520459,86.00658333333332,86.93999999999998,30
200.0,0.6,stable,dapper,pct_hybrid,0.0,0.0,0.0,0.0,30
200.0,0.6,stable,dapper,pct_degraded_safe,0.0,0.0,0.0,0.0,30
200.0,0.6,congested,dapper,deadline_miss_rate,0.0,0.0,0.0,0.0,30
200.0,0.6,congested,dapper,p95_latency_ms,33.94268972592376,0.09803104261482531,33.906854831430806,33.97630119170664,30
200.0,0.6,congested,dapper,p99_latency_ms,34.769178949662624,0.05524239382592479,34.748642896298946,34.7879694671568,30
200.0,0.6,congested,dapper,mean_latency_ms,25.012597088142645,0.18113657767527264,24.949225112390963,25.077791277753096,30
200.0,0.6,congested,dapper,usable_confidence_proxy,0.7249282051819181,0.0016092933478095927,0.7243536843822596,0.725520489679899,30
200.0,0.6,congested,dapper,mean_output_confidence,0.7249282051819181,0.0016092933478095927,0.7243536843822596,0.725520489679899,30
200.0,0.6,congested,dapper,bandwidth_per_1000_frames_kb,2.5,7.628214415734117,0.0,5.833333333333333,30
200.0,0.6,congested,dapper,remote_attempt_rate,0.0001,0.00030512857662936464,0.0,0.00023333333333333333,30
200.0,0.6,congested,dapper,remote_accept_rate,0.0,0.0,0.0,0.0,30
200.0,0.6,congested,dapper,remote_accepted_per_frame,0.0,0.0,0.0,0.0,30
200.0,0.6,congested,dapper,remote_rejected_deadline_rate,0.0,0.0,0.0,0.0,30
200.0,0.6,congested,dapper,remote_failed_loss_rate,0.0,0.0,0.0,0.0,30
200.0,0.6,congested,dapper,fallback_rate,0.0,0.0,0.0,0.0,30
200.0,0.6,congested,dapper,reuse_rate,0.0,0.0,0.0,0.0,30
200.0,0.6,congested,dapper,stale_acceptance_rate,0.0,0.0,0.0,0.0,30
200.0,0.6,congested,dapper,mode_switches_per_1000,0.2,0.6102571532587293,0.0,0.4666666666666667,30
200.0,0.6,congested,dapper,pct_local_fast,99.99000000000001,0.030512857662934732,99.97666666666667,100.0,30
200.0,0.6,congested,dapper,pct_edge_accurate,0.0,0.0,0.0,0.0,30
200.0,0.6,congested,dapper,pct_hybrid,0.010000000000000002,0.030512857662936467,0.0,0.02333333333333333,30
200.0,0.6,congested,dapper,pct_degraded_safe,0.0,0.0,0.0,0.0,30
200.0,0.6,lossy,dapper,deadline_miss_rate,0.0,0.0,0.0,0.0,30
200.0,0.6,lossy,dapper,p95_latency_ms,169.60066291697478,0.3882606737586441,169.45572227410761,169.74097735874884,30
200.0,0.6,lossy,dapper,p99_latency_ms,172.6013066515838,0.41407485148424766,172.45073593227545,172.74818135858018,30
200.0,0.6,lossy,dapper,mean_latency_ms,103.23157231746724,3.617602457478496,101.95163133590725,104.5215229651522,30
200.0,0.6,lossy,dapper,usable_confidence_proxy,0.7419488805066937,0.0021694651931506532,0.7411968299043021,0.7427468304914678,30
200.0,0.6,lossy,dapper,mean_output_confidence,0.740128092118255,0.001987491409547463,0.739457064094518,0.7408504290247866,30
200.0,0.6,lossy,dapper,bandwidth_per_1000_frames_kb,21150.0,355.25609995005595,21028.333333333332,21277.5,30
200.0,0.6,lossy,dapper,remote_attempt_rate,0.8459999999999999,0.01421024399800225,0.8411333333333334,0.8511,30
200.0,0.6,lossy,dapper,remote_accept_rate,0.1272378854001313,0.012843103402622898,0.1226604444039389,0.13181713898973657,30
200.0,0.6,lossy,dapper,remote_accepted_per_frame,0.1076,0.010545795043686763,0.10373333333333333,0.11133333333333331,30
200.0,0.6,lossy,dapper,remote_rejected_deadline_rate,0.06667520773578686,0.010642078466538592,0.0628913874724855,0.07043692336930218,30
200.0,0.6,lossy,dapper,remote_failed_loss_rate,0.19961581266921974,0.014430358687665578,0.19450895189348388,0.2046304954745599,30
200.0,0.6,lossy,dapper,fallback_rate,0.527,0.026370045702365168,0.5178333333333334,0.5364333333333333,30
200.0,0.6,lossy,dapper,reuse_rate,0.0,0.0,0.0,0.0,30
200.0,0.6,lossy,dapper,stale_acceptance_rate,0.0,0.0,0.0,0.0,30
200.0,0.6,lossy,dapper,mode_switches_per_1000,407.6666666666667,21.74829891617104,400.03333333333336,415.4008333333333,30
200.0,0.6,lossy,dapper,pct_local_fast,15.399999999999999,1.4210243998002234,14.890000000000002,15.886666666666663,30
200.0,0.6,lossy,dapper,pct_edge_accurate,62.323333333333345,2.8510957764404887,61.30333333333335,63.339999999999996,30
200.0,0.6,lossy,dapper,pct_hybrid,22.276666666666664,2.4329184026643786,21.423250000000003,23.13025,30
200.0,0.6,lossy,dapper,pct_degraded_safe,0.0,0.0,0.0,0.0,30
200.0,0.6,variable,dapper,deadline_miss_rate,0.0,0.0,0.0,0.0,30
200.0,0.6,variable,dapper,p95_latency_ms,156.0089195963997,2.1896969006965183,155.20958859495386,156.75636193748164,30
200.0,0.6,variable,dapper,p99_latency_ms,167.7440901897293,1.0710009263631886,167.3662792750886,168.1197063478168,30
200.0,0.6,variable,dapper,mean_latency_ms,33.7540865171251,2.1232625362416604,33.02662303388562,34.51789461855445,30
200.0,0.6,variable,dapper,usable_confidence_proxy,0.7314392554741185,0.0024196377405182696,0.7305705168578693,0.7322470463226526,30
200.0,0.6,variable,dapper,mean_output_confidence,0.7301825877817261,0.002339741732380582,0.729344479482263,0.7309556014673484,30
200.0,0.6,variable,dapper,bandwidth_per_1000_frames_kb,5777.5,618.9308774285564,5560.791666666666,5989.229166666666,30
200.0,0.6,variable,dapper,remote_attempt_rate,0.2311,0.02475723509714226,0.22243166666666667,0.23956916666666667,30
200.0,0.6,variable,dapper,remote_accept_rate,0.1593225904647559,0.030227815733317422,0.14854986769116424,0.16977120142322374,30
200.0,0.6,variable,dapper,remote_accepted_per_frame,0.03679999999999999,0.008243701880202556,0.03400000000000001,0.03976666666666666,30
200.0,0.6,variable,dapper,remote_rejected_deadline_rate,0.05966594764123033,0.015057152161338516,0.054645660517681764,0.0649960468855457,30
200.0,0.6,variable,dapper,remote_failed_loss_rate,0.07193615784084549,0.016135950496985536,0.06638961513178773,0.07778178250251701,30
200.0,0.6,variable,dapper,fallback_rate,0.2996,0.03939333043496856,0.2859,0.3136666666666666,30
200.0,0.6,variable,dapper,reuse_rate,0.1659666666666667,0.030202173172932705,0.1555325,0.1767008333333333,30
200.0,0.6,variable,dapper,stale_acceptance_rate,0.0,0.0,0.0,0.0,30
200.0,0.6,variable,dapper,mode_switches_per_1000,364.76666666666665,21.05277986941119,357.36583333333334,372.3675,30
200.0,0.6,variable,dapper,pct_local_fast,60.29333333333332,2.978652013259012,59.230000000000004,61.34333333333333,30
200.0,0.6,variable,dapper,pct_edge_accurate,11.043333333333331,1.6332078300363226,10.49,11.626666666666665,30
200.0,0.6,variable,dapper,pct_hybrid,12.066666666666666,1.414782384468473,11.57325,12.546750000000001,30
200.0,0.6,variable,dapper,pct_degraded_safe,16.596666666666668,3.0202173172932705,15.55325,17.670083333333338,30
200.0,0.6,outage,dapper,deadline_miss_rate,0.0,0.0,0.0,0.0,30
200.0,0.6,outage,dapper,p95_latency_ms,31.180397455473944,0.5019222421134536,31.003461688254276,31.356612238909502,30
200.0,0.6,outage,dapper,p99_latency_ms,34.19876190660464,0.24613390636575014,34.11069835592174,34.28564968359419,30
200.0,0.6,outage,dapper,mean_latency_ms,7.3887722729777074,0.1438687754302819,7.338771957267607,7.440287447009226,30
200.0,0.6,outage,dapper,usable_confidence_proxy,0.7254843594835231,0.0028344314815583567,0.7244472943096172,0.7264722092457271,30
200.0,0.6,outage,dapper,mean_output_confidence,0.7254843594835231,0.0028344314815583567,0.7244472943096172,0.7264722092457271,30
200.0,0.6,outage,dapper,bandwidth_per_1000_frames_kb,0.0,0.0,0.0,0.0,30
200.0,0.6,outage,dapper,remote_attempt_rate,0.0,0.0,0.0,0.0,30
200.0,0.6,outage,dapper,remote_accept_rate,0.0,0.0,0.0,0.0,30
200.0,0.6,outage,dapper,remote_accepted_per_frame,0.0,0.0,0.0,0.0,30
200.0,0.6,outage,dapper,remote_rejected_deadline_rate,0.0,0.0,0.0,0.0,30
200.0,0.6,outage,dapper,remote_failed_loss_rate,0.0,0.0,0.0,0.0,30
200.0,0.6,outage,dapper,fallback_rate,0.9991,0.0010938700673013835,0.9987,0.9994666666666667,30
200.0,0.6,outage,dapper,reuse_rate,0.7336333333333334,0.0027728154909994374,0.7326333333333335,0.7345999999999999,30
200.0,0.6,outage,dapper,stale_acceptance_rate,0.0,0.0,0.0,0.0,30
200.0,0.6,outage,dapper,mode_switches_per_1000,420.1,10.551515661677268,416.26666666666665,423.8333333333333,30
200.0,0.6,outage,dapper,pct_local_fast,22.726666666666667,0.6203076730102591,22.506666666666664,22.94000000000001,30
200.0,0.6,outage,dapper,pct_edge_accurate,0.0,0.0,0.0,0.0,30
200.0,0.6,outage,dapper,pct_hybrid,0.0,0.0,0.0,0.0,30
200.0,0.6,outage,dapper,pct_degraded_safe,77.27333333333333,0.6203076730102597,77.05999999999999,77.49333333333334,30
200.0,0.7,stable,dapper,deadline_miss_rate,0.0,0.0,0.0,0.0,30
200.0,0.7,stable,dapper,p95_latency_ms,152.17408599779458,0.45402859838569465,152.0121082246416,152.331350523573,30
200.0,0.7,stable,dapper,p99_latency_ms,155.3409355561682,0.549924919346767,155.14753098714868,155.52857408892322,30
200.0,0.7,stable,dapper,mean_latency_ms,102.92338016748587,1.8171936585729458,102.2933926565328,103.55524137509077,30
200.0,0.7,stable,dapper,usable_confidence_proxy,0.7959976928158301,0.0030581965746421004,0.7949187491188087,0.7970282591916404,30
200.0,0.7,stable,dapper,mean_output_confidence,0.7959976928158301,0.0030581965746421004,0.7949187491188087,0.7970282591916404,30
200.0,0.7,stable,dapper,bandwidth_per_1000_frames_kb,21621.666666666668,335.8425671130112,21501.645833333336,21735.0,30
200.0,0.7,stable,dapper,remote_attempt_rate,0.8648666666666667,0.013433702684520463,0.8600658333333333,0.8694,30
200.0,0.7,stable,dapper,remote_accept_rate,0.5119299636219802,0.019710509684781493,0.5048710537106218,0.5185291640553195,30
200.0,0.7,stable,dapper,remote_accepted_per_frame,0.4427,0.01712862093609448,0.43670000000000003,0.44869999999999993,30
200.0,0.7,stable,dapper,remote_rejected_deadline_rate,0.09571176556872005,0.009351749073901463,0.09250225031077969,0.09893992513413837,30
200.0,0.7,stable,dapper,remote_failed_loss_rate,0.011160401044939667,0.0032782175425864904,0.010069906399418155,0.012335025962814114,30
200.0,0.7,stable,dapper,fallback_rate,0.42216666666666663,0.019499042122067458,0.4156,0.4290333333333333,30
200.0,0.7,stable,dapper,reuse_rate,0.0,0.0,0.0,0.0,30
200.0,0.7,stable,dapper,stale_acceptance_rate,0.0,0.0,0.0,0.0,30
200.0,0.7,stable,dapper,mode_switches_per_1000,233.3,23.550605819867112,225.26666666666668,241.90083333333334,30
200.0,0.7,stable,dapper,pct_local_fast,13.513333333333334,1.3433702684520452,13.06,13.993416666666668,30
200.0,0.7,stable,dapper,pct_edge_accurate,86.48666666666666,1.3433702684520459,86.00658333333332,86.93999999999998,30
200.0,0.7,stable,dapper,pct_hybrid,0.0,0.0,0.0,0.0,30
200.0,0.7,stable,dapper,pct_degraded_safe,0.0,0.0,0.0,0.0,30
200.0,0.7,congested,dapper,deadline_miss_rate,0.0,0.0,0.0,0.0,30
200.0,0.7,congested,dapper,p95_latency_ms,34.05386331600082,0.12664648898907932,34.01262548392082,34.10226833799035,30
200.0,0.7,congested,dapper,p99_latency_ms,44.522326163785024,36.52361184133044,34.87645739091234,58.97290555109491,30
200.0,0.7,congested,dapper,mean_latency_ms,25.913410794733768,0.5247955475855275,25.74186368195549,26.114587209917467,30
200.0,0.7,congested,dapper,usable_confidence_proxy,0.7249282051819181,0.0016092933478095927,0.7243536843822596,0.725520489679899,30
200.0,0.7,congested,dapper,mean_output_confidence,0.7249282051819181,0.0016092933478095927,0.7243536843822596,0.725520489679899,30
200.0,0.7,congested,dapper,bandwidth_per_1000_frames_kb,143.33333333333334,77.9404429271361,118.33333333333333,174.16666666666666,30
200.0,0.7,congested,dapper,remote_attempt_rate,0.005733333333333335,0.0031176177170854445,0.004733333333333334,0.006966666666666667,30
200.0,0.7,congested,dapper,remote_accept_rate,0.0,0.0,0.0,0.0,30
200.0,0.7,congested,dapper,remote_accepted_per_frame,0.0,0.0,0.0,0.0,30
200.0,0.7,congested,dapper,remote_rejected_deadline_rate,0.16624572051042638,0.18771248009529745,0.10236863912231557,0.23557444366635538,30
200.0,0.7,congested,dapper,remote_failed_loss_rate,0.08117845117845118,0.12137395467156709,0.041386574074074076,0.12606123737373737,30
200.0,0.7,congested,dapper,fallback_rate,0.005733333333333335,0.0031176177170854445,0.004733333333333334,0.006966666666666667,30
200.0,0.7,congested,dapper,reuse_rate,0.0,0.0,0.0,0.0,30
200.0,0.7,congested,dapper,stale_acceptance_rate,0.0,0.0,0.0,0.0,30
200.0,0.7,congested,dapper,mode_switches_per_1000,9.166666666666666,5.010907642563256,7.566666666666666,11.1,30
200.0,0.7,congested,dapper,pct_local_fast,99.42666666666666,0.3117617717085442,99.30333333333336,99.52666666666667,30
200.0,0.7,congested,dapper,pct_edge_accurate,0.5733333333333335,0.3117617717085444,0.47333333333333333,0.6966666666666665,30
200.0,0.7,congested,dapper,pct_hybrid,0.0,0.0,0.0,0.0,30
200.0,0.7,congested,dapper,pct_degraded_safe,0.0,0.0,0.0,0.0,30
200.0,0.7,lossy,dapper,deadline_miss_rate,0.0,0.0,0.0,0.0,30
200.0,0.7,lossy,dapper,p95_latency_ms,173.52961334403224,0.5335645268682896,173.33745966513473,173.71484320372403,30
200.0,0.7,lossy,dapper,p99_latency_ms,177.5688980812624,0.6285032412263716,177.34770030074546,177.79359934924602,30
200.0,0.7,lossy,dapper,mean_latency_ms,137.15043332924537,2.0787917684747588,136.41638896574383,137.87908725071873,30
200.0,0.7,lossy,dapper,usable_confidence_proxy,0.7419488805066937,0.0021694651931506532,0.7411968299043021,0.7427468304914678,30
200.0,0.7,lossy,dapper,mean_output_confidence,0.7419488805066937,0.0021694651931506532,0.7411968299043021,0.7427468304914678,30
200.0,0.7,lossy,dapper,bandwidth_per_1000_frames_kb,21663.333333333332,323.2868197376626,21550.0,21779.166666666668,30
200.0,0.7,lossy,dapper,remote_attempt_rate,0.8665333333333333,0.012931472789506517,0.862,0.8711666666666668,30
200.0,0.7,lossy,dapper,remote_accept_rate,0.1242259784055429,0.01261801882669693,0.11970593696928157,0.12873332740742546,30
200.0,0.7,lossy,dapper,remote_accepted_per_frame,0.1076,0.010545795043686763,0.10373333333333333,0.11133333333333331,30
200.0,0.7,lossy,dapper,remote_rejected_deadline_rate,0.09096878219122166,0.01178316410086744,0.0867713445907015,0.09524718260646145,30
200.0,0.7,lossy,dapper,remote_failed_loss_rate,0.19933697361888697,0.01418167718561643,0.19424787553774744,0.20422073577770086,30
200.0,0.7,lossy,dapper,fallback_rate,0.7589333333333333,0.01787105796095124,0.7525333333333334,0.7652666666666668,30
200.0,0.7,lossy,dapper,reuse_rate,0.0,0.0,0.0,0.0,30
200.0,0.7,lossy,dapper,stale_acceptance_rate,0.0,0.0,0.0,0.0,30
200.0,0.7,lossy,dapper,mode_switches_per_1000,230.83333333333334,19.4476899316644,223.86666666666667,237.5675,30
200.0,0.7,lossy,dapper,pct_local_fast,13.34666666666667,1.2931472789506504,12.883333333333335,13.8,30
200.0,0.7,lossy,dapper,pct_edge_accurate,86.65333333333335,1.2931472789506515,86.2,87.11666666666665,30
200.0,0.7,lossy,dapper,pct_hybrid,0.0,0.0,0.0,0.0,30
200.0,0.7,lossy,dapper,pct_degraded_safe,0.0,0.0,0.0,0.0,30
200.0,0.7,variable,dapper,deadline_miss_rate,0.0,0.0,0.0,0.0,30
200.0,0.7,variable,dapper,p95_latency_ms,184.15617724748847,0.8034541476837597,183.8727100393994,184.4407427837721,30
200.0,0.7,variable,dapper,p99_latency_ms,190.0199324188596,0.687555145097586,189.7716867294025,190.25935455383149,30
200.0,0.7,variable,dapper,mean_latency_ms,82.65791748212291,5.100984273109251,80.94540276914802,84.50691935842154,30
200.0,0.7,variable,dapper,usable_confidence_proxy,0.7320698529898155,0.0023137398396400996,0.7312242656026121,0.732853994790908,30
200.0,0.7,variable,dapper,mean_output_confidence,0.7320698529898155,0.0023137398396400996,0.7312242656026121,0.732853994790908,30
200.0,0.7,variable,dapper,bandwidth_per_1000_frames_kb,10963.333333333334,817.4743835840314,10688.333333333334,11259.1875,30
200.0,0.7,variable,dapper,remote_attempt_rate,0.4385333333333334,0.032698975343361254,0.4275333333333334,0.4503675000000001,30
200.0,0.7,variable,dapper,remote_accept_rate,0.0839775341908788,0.017476172679075197,0.07787021353445396,0.09012883711318338,30
200.0,0.7,variable,dapper,remote_accepted_per_frame,0.03679999999999999,0.008243701880202556,0.03400000000000001,0.03976666666666666,30
200.0,0.7,variable,dapper,remote_rejected_deadline_rate,0.13226099580337872,0.015866789263541098,0.12671794535846315,0.13797467271913477,30
200.0,0.7,variable,dapper,remote_failed_loss_rate,0.07110763214437302,0.01225218894635399,0.06680902285871279,0.07543005902944108,30
200.0,0.7,variable,dapper,fallback_rate,0.6197333333333332,0.03173156085072067,0.6085991666666666,0.6311666666666667,30
200.0,0.7,variable,dapper,reuse_rate,0.16216666666666668,0.0296904528174588,0.152,0.1727,30
200.0,0.7,variable,dapper,stale_acceptance_rate,0.0,0.0,0.0,0.0,30
200.0,0.7,variable,dapper,mode_switches_per_1000,378.6,17.273859062078504,372.5991666666667,384.5,30
200.0,0.7,variable,dapper,pct_local_fast,39.92999999999999,2.636108678624089,39.0,40.87666666666667,30
200.0,0.7,variable,dapper,pct_edge_accurate,43.853333333333325,3.269897534336125,42.75333333333334,45.03675,30
200.0,0.7,variable,dapper,pct_hybrid,0.0,0.0,0.0,0.0,30
200.0,0.7,variable,dapper,pct_degraded_safe,16.216666666666665,2.9690452817458803,15.2,17.27,30
200.0,0.7,outage,dapper,deadline_miss_rate,0.0,0.0,0.0,0.0,30
200.0,0.7,outage,dapper,p95_latency_ms,31.180397455473944,0.5019222421134536,31.003461688254276,31.356612238909502,30
200.0,0.7,outage,dapper,p99_latency_ms,34.19876190660464,0.24613390636575014,34.11069835592174,34.28564968359419,30
200.0,0.7,outage,dapper,mean_latency_ms,7.3887722729777074,0.1438687754302819,7.338771957267607,7.440287447009226,30
200.0,0.7,outage,dapper,usable_confidence_proxy,0.7254843594835231,0.0028344314815583567,0.7244472943096172,0.7264722092457271,30
200.0,0.7,outage,dapper,mean_output_confidence,0.7254843594835231,0.0028344314815583567,0.7244472943096172,0.7264722092457271,30
200.0,0.7,outage,dapper,bandwidth_per_1000_frames_kb,0.0,0.0,0.0,0.0,30
200.0,0.7,outage,dapper,remote_attempt_rate,0.0,0.0,0.0,0.0,30
200.0,0.7,outage,dapper,remote_accept_rate,0.0,0.0,0.0,0.0,30
200.0,0.7,outage,dapper,remote_accepted_per_frame,0.0,0.0,0.0,0.0,30
200.0,0.7,outage,dapper,remote_rejected_deadline_rate,0.0,0.0,0.0,0.0,30
200.0,0.7,outage,dapper,remote_failed_loss_rate,0.0,0.0,0.0,0.0,30
200.0,0.7,outage,dapper,fallback_rate,0.9991,0.0010938700673013835,0.9987,0.9994666666666667,30
200.0,0.7,outage,dapper,reuse_rate,0.7336333333333334,0.0027728154909994374,0.7326333333333335,0.7345999999999999,30
200.0,0.7,outage,dapper,stale_acceptance_rate,0.0,0.0,0.0,0.0,30
200.0,0.7,outage,dapper,mode_switches_per_1000,420.1,10.551515661677268,416.26666666666665,423.8333333333333,30
200.0,0.7,outage,dapper,pct_local_fast,22.726666666666667,0.6203076730102591,22.506666666666664,22.94000000000001,30
200.0,0.7,outage,dapper,pct_edge_accurate,0.0,0.0,0.0,0.0,30
200.0,0.7,outage,dapper,pct_hybrid,0.0,0.0,0.0,0.0,30
200.0,0.7,outage,dapper,pct_degraded_safe,77.27333333333333,0.6203076730102597,77.05999999999999,77.49333333333334,30
200.0,0.8,stable,dapper,deadline_miss_rate,0.0,0.0,0.0,0.0,30
200.0,0.8,stable,dapper,p95_latency_ms,152.17408599779458,0.45402859838569465,152.0121082246416,152.331350523573,30
200.0,0.8,stable,dapper,p99_latency_ms,155.3409355561682,0.549924919346767,155.14753098714868,155.52857408892322,30
200.0,0.8,stable,dapper,mean_latency_ms,102.92338016748587,1.8171936585729458,102.2933926565328,103.55524137509077,30
200.0,0.8,stable,dapper,usable_confidence_proxy,0.7959976928158301,0.0030581965746421004,0.7949187491188087,0.7970282591916404,30
200.0,0.8,stable,dapper,mean_output_confidence,0.7959976928158301,0.0030581965746421004,0.7949187491188087,0.7970282591916404,30
200.0,0.8,stable,dapper,bandwidth_per_1000_frames_kb,21621.666666666668,335.8425671130112,21501.645833333336,21735.0,30
200.0,0.8,stable,dapper,remote_attempt_rate,0.8648666666666667,0.013433702684520463,0.8600658333333333,0.8694,30
200.0,0.8,stable,dapper,remote_accept_rate,0.5119299636219802,0.019710509684781493,0.5048710537106218,0.5185291640553195,30
200.0,0.8,stable,dapper,remote_accepted_per_frame,0.4427,0.01712862093609448,0.43670000000000003,0.44869999999999993,30
200.0,0.8,stable,dapper,remote_rejected_deadline_rate,0.09571176556872005,0.009351749073901463,0.09250225031077969,0.09893992513413837,30
200.0,0.8,stable,dapper,remote_failed_loss_rate,0.011160401044939667,0.0032782175425864904,0.010069906399418155,0.012335025962814114,30
200.0,0.8,stable,dapper,fallback_rate,0.42216666666666663,0.019499042122067458,0.4156,0.4290333333333333,30
200.0,0.8,stable,dapper,reuse_rate,0.0,0.0,0.0,0.0,30
200.0,0.8,stable,dapper,stale_acceptance_rate,0.0,0.0,0.0,0.0,30
200.0,0.8,stable,dapper,mode_switches_per_1000,233.3,23.550605819867112,225.26666666666668,241.90083333333334,30
200.0,0.8,stable,dapper,pct_local_fast,13.513333333333334,1.3433702684520452,13.06,13.993416666666668,30
200.0,0.8,stable,dapper,pct_edge_accurate,86.48666666666666,1.3433702684520459,86.00658333333332,86.93999999999998,30
200.0,0.8,stable,dapper,pct_hybrid,0.0,0.0,0.0,0.0,30
200.0,0.8,stable,dapper,pct_degraded_safe,0.0,0.0,0.0,0.0,30
200.0,0.8,congested,dapper,deadline_miss_rate,0.17096666666666666,0.014094467815015424,0.16563333333333335,0.17576666666666668,30
200.0,0.8,congested,dapper,p95_latency_ms,207.62782703866526,0.6302667669272245,207.4020916252798,207.84563548365853,30
200.0,0.8,congested,dapper,p99_latency_ms,211.57046796064034,0.5043618677798228,211.39924564978816,211.74601296457732,30
200.0,0.8,congested,dapper,mean_latency_ms,92.16391269423738,4.663513592284173,90.4673094278231,93.77545166641227,30
200.0,0.8,congested,dapper,usable_confidence_proxy,0.6026590882771597,0.010598226376602491,0.5990535542202197,0.6066090799026482,30
200.0,0.8,congested,dapper,mean_output_confidence,0.7249282051819181,0.0016092933478095927,0.7243536843822596,0.725520489679899,30
200.0,0.8,congested,dapper,bandwidth_per_1000_frames_kb,9670.833333333334,678.2356463309953,9422.5,9903.333333333334,30
200.0,0.8,congested,dapper,remote_attempt_rate,0.3868333333333334,0.027129425853239807,0.3769,0.39613333333333334,30
200.0,0.8,congested,dapper,remote_accept_rate,0.0,0.0,0.0,0.0,30
200.0,0.8,congested,dapper,remote_accepted_per_frame,0.0,0.0,0.0,0.0,30
200.0,0.8,congested,dapper,remote_rejected_deadline_rate,0.16522894322001952,0.020295547748609824,0.15822448414577153,0.1727461927333831,30
200.0,0.8,congested,dapper,remote_failed_loss_rate,0.04901968232773069,0.012456803688437141,0.044610625361244265,0.053373388318248706,30
200.0,0.8,congested,dapper,fallback_rate,0.3868333333333334,0.027129425853239807,0.3769,0.39613333333333334,30
200.0,0.8,congested,dapper,reuse_rate,0.0,0.0,0.0,0.0,30
200.0,0.8,congested,dapper,stale_acceptance_rate,0.0,0.0,0.0,0.0,30
200.0,0.8,congested,dapper,mode_switches_per_1000,285.7,19.676960096028292,278.8,292.7,30
200.0,0.8,congested,dapper,pct_local_fast,61.31666666666667,2.7129425853239826,60.38666666666666,62.31000000000001,30
200.0,0.8,congested,dapper,pct_edge_accurate,38.68333333333332,2.712942585323981,37.690000000000005,39.61333333333333,30
200.0,0.8,congested,dapper,pct_hybrid,0.0,0.0,0.0,0.0,30
200.0,0.8,congested,dapper,pct_degraded_safe,0.0,0.0,0.0,0.0,30
200.0,0.8,lossy,dapper,deadline_miss_rate,0.0,0.0,0.0,0.0,30
200.0,0.8,lossy,dapper,p95_latency_ms,173.52961334403224,0.5335645268682896,173.33745966513473,173.71484320372403,30
200.0,0.8,lossy,dapper,p99_latency_ms,177.5688980812624,0.6285032412263716,177.34770030074546,177.79359934924602,30
200.0,0.8,lossy,dapper,mean_latency_ms,137.15043332924537,2.0787917684747588,136.41638896574383,137.87908725071873,30
200.0,0.8,lossy,dapper,usable_confidence_proxy,0.7419488805066937,0.0021694651931506532,0.7411968299043021,0.7427468304914678,30
200.0,0.8,lossy,dapper,mean_output_confidence,0.7419488805066937,0.0021694651931506532,0.7411968299043021,0.7427468304914678,30
200.0,0.8,lossy,dapper,bandwidth_per_1000_frames_kb,21663.333333333332,323.2868197376626,21550.0,21779.166666666668,30
200.0,0.8,lossy,dapper,remote_attempt_rate,0.8665333333333333,0.012931472789506517,0.862,0.8711666666666668,30
200.0,0.8,lossy,dapper,remote_accept_rate,0.1242259784055429,0.01261801882669693,0.11970593696928157,0.12873332740742546,30
200.0,0.8,lossy,dapper,remote_accepted_per_frame,0.1076,0.010545795043686763,0.10373333333333333,0.11133333333333331,30
200.0,0.8,lossy,dapper,remote_rejected_deadline_rate,0.09096878219122166,0.01178316410086744,0.0867713445907015,0.09524718260646145,30
200.0,0.8,lossy,dapper,remote_failed_loss_rate,0.19933697361888697,0.01418167718561643,0.19424787553774744,0.20422073577770086,30
200.0,0.8,lossy,dapper,fallback_rate,0.7589333333333333,0.01787105796095124,0.7525333333333334,0.7652666666666668,30
200.0,0.8,lossy,dapper,reuse_rate,0.0,0.0,0.0,0.0,30
200.0,0.8,lossy,dapper,stale_acceptance_rate,0.0,0.0,0.0,0.0,30
200.0,0.8,lossy,dapper,mode_switches_per_1000,230.83333333333334,19.4476899316644,223.86666666666667,237.5675,30
200.0,0.8,lossy,dapper,pct_local_fast,13.34666666666667,1.2931472789506504,12.883333333333335,13.8,30
200.0,0.8,lossy,dapper,pct_edge_accurate,86.65333333333335,1.2931472789506515,86.2,87.11666666666665,30
200.0,0.8,lossy,dapper,pct_hybrid,0.0,0.0,0.0,0.0,30
200.0,0.8,lossy,dapper,pct_degraded_safe,0.0,0.0,0.0,0.0,30
200.0,0.8,variable,dapper,deadline_miss_rate,0.0393,0.00769303312229251,0.03659916666666666,0.04203333333333333,30
200.0,0.8,variable,dapper,p95_latency_ms,198.34300034883384,1.1792085997520334,197.9307680321841,198.75657425539114,30
200.0,0.8,variable,dapper,p99_latency_ms,206.18862667466476,1.2017735929886482,205.7598279142821,206.61262826758158,30
200.0,0.8,variable,dapper,mean_latency_ms,117.76836094944524,5.98618848950781,115.69624266519762,119.84961132666888,30
200.0,0.8,variable,dapper,usable_confidence_proxy,0.7040146950983881,0.006455889766957458,0.7016941051565393,0.706246629858291,30
200.0,0.8,variable,dapper,mean_output_confidence,0.7321321309942858,0.0021496417438738487,0.7313508709676358,0.7328713056435823,30
200.0,0.8,variable,dapper,bandwidth_per_1000_frames_kb,16183.333333333334,880.0062042623506,15876.645833333332,16488.333333333332,30
200.0,0.8,variable,dapper,remote_attempt_rate,0.6473333333333333,0.03520024817049403,0.6350658333333333,0.6595333333333332,30
200.0,0.8,variable,dapper,remote_accept_rate,0.05688374431196617,0.012232453445159355,0.0526652383007329,0.06116080281684565,30
200.0,0.8,variable,dapper,remote_accepted_per_frame,0.03679999999999999,0.008243701880202556,0.03400000000000001,0.03976666666666666,30
200.0,0.8,variable,dapper,remote_rejected_deadline_rate,0.13161995982811064,0.012740452889318007,0.1272041916898896,0.1362362795480693,30
200.0,0.8,variable,dapper,remote_failed_loss_rate,0.07016242553953138,0.010734316678581475,0.06639856067193828,0.07391016602134236,30
200.0,0.8,variable,dapper,fallback_rate,0.8285333333333333,0.016571128472453966,0.8228325,0.8346341666666666,30
200.0,0.8,variable,dapper,reuse_rate,0.15839999999999999,0.02891199488578853,0.14846666666666666,0.1686683333333333,30
200.0,0.8,variable,dapper,stale_acceptance_rate,0.0,0.0,0.0,0.0,30
200.0,0.8,variable,dapper,mode_switches_per_1000,333.43333333333334,18.085397678663366,326.9658333333333,339.76666666666665,30
200.0,0.8,variable,dapper,pct_local_fast,19.426666666666666,1.3364733141893368,18.953333333333333,19.89675,30
200.0,0.8,variable,dapper,pct_edge_accurate,64.73333333333332,3.5200248170494035,63.50658333333333,65.95333333333333,30
200.0,0.8,variable,dapper,pct_hybrid,0.0,0.0,0.0,0.0,30
200.0,0.8,variable,dapper,pct_degraded_safe,15.839999999999998,2.8911994885788532,14.846666666666666,16.866833333333332,30
200.0,0.8,outage,dapper,deadline_miss_rate,0.0,0.0,0.0,0.0,30
200.0,0.8,outage,dapper,p95_latency_ms,31.180397455473944,0.5019222421134536,31.003461688254276,31.356612238909502,30
200.0,0.8,outage,dapper,p99_latency_ms,34.19876190660464,0.24613390636575014,34.11069835592174,34.28564968359419,30
200.0,0.8,outage,dapper,mean_latency_ms,7.3887722729777074,0.1438687754302819,7.338771957267607,7.440287447009226,30
200.0,0.8,outage,dapper,usable_confidence_proxy,0.7254843594835231,0.0028344314815583567,0.7244472943096172,0.7264722092457271,30
200.0,0.8,outage,dapper,mean_output_confidence,0.7254843594835231,0.0028344314815583567,0.7244472943096172,0.7264722092457271,30
200.0,0.8,outage,dapper,bandwidth_per_1000_frames_kb,0.0,0.0,0.0,0.0,30
200.0,0.8,outage,dapper,remote_attempt_rate,0.0,0.0,0.0,0.0,30
200.0,0.8,outage,dapper,remote_accept_rate,0.0,0.0,0.0,0.0,30
200.0,0.8,outage,dapper,remote_accepted_per_frame,0.0,0.0,0.0,0.0,30
200.0,0.8,outage,dapper,remote_rejected_deadline_rate,0.0,0.0,0.0,0.0,30
200.0,0.8,outage,dapper,remote_failed_loss_rate,0.0,0.0,0.0,0.0,30
200.0,0.8,outage,dapper,fallback_rate,0.9991,0.0010938700673013835,0.9987,0.9994666666666667,30
200.0,0.8,outage,dapper,reuse_rate,0.7336333333333334,0.0027728154909994374,0.7326333333333335,0.7345999999999999,30
200.0,0.8,outage,dapper,stale_acceptance_rate,0.0,0.0,0.0,0.0,30
200.0,0.8,outage,dapper,mode_switches_per_1000,420.1,10.551515661677268,416.26666666666665,423.8333333333333,30
200.0,0.8,outage,dapper,pct_local_fast,22.726666666666667,0.6203076730102591,22.506666666666664,22.94000000000001,30
200.0,0.8,outage,dapper,pct_edge_accurate,0.0,0.0,0.0,0.0,30
200.0,0.8,outage,dapper,pct_hybrid,0.0,0.0,0.0,0.0,30
200.0,0.8,outage,dapper,pct_degraded_safe,77.27333333333333,0.6203076730102597,77.05999999999999,77.49333333333334,30
200.0,0.9,stable,dapper,deadline_miss_rate,0.0,0.0,0.0,0.0,30
200.0,0.9,stable,dapper,p95_latency_ms,152.17408599779458,0.45402859838569465,152.0121082246416,152.331350523573,30
200.0,0.9,stable,dapper,p99_latency_ms,155.3409355561682,0.549924919346767,155.14753098714868,155.52857408892322,30
200.0,0.9,stable,dapper,mean_latency_ms,102.92338016748587,1.8171936585729458,102.2933926565328,103.55524137509077,30
200.0,0.9,stable,dapper,usable_confidence_proxy,0.7959976928158301,0.0030581965746421004,0.7949187491188087,0.7970282591916404,30
200.0,0.9,stable,dapper,mean_output_confidence,0.7959976928158301,0.0030581965746421004,0.7949187491188087,0.7970282591916404,30
200.0,0.9,stable,dapper,bandwidth_per_1000_frames_kb,21621.666666666668,335.8425671130112,21501.645833333336,21735.0,30
200.0,0.9,stable,dapper,remote_attempt_rate,0.8648666666666667,0.013433702684520463,0.8600658333333333,0.8694,30
200.0,0.9,stable,dapper,remote_accept_rate,0.5119299636219802,0.019710509684781493,0.5048710537106218,0.5185291640553195,30
200.0,0.9,stable,dapper,remote_accepted_per_frame,0.4427,0.01712862093609448,0.43670000000000003,0.44869999999999993,30
200.0,0.9,stable,dapper,remote_rejected_deadline_rate,0.09571176556872005,0.009351749073901463,0.09250225031077969,0.09893992513413837,30
200.0,0.9,stable,dapper,remote_failed_loss_rate,0.011160401044939667,0.0032782175425864904,0.010069906399418155,0.012335025962814114,30
200.0,0.9,stable,dapper,fallback_rate,0.42216666666666663,0.019499042122067458,0.4156,0.4290333333333333,30
200.0,0.9,stable,dapper,reuse_rate,0.0,0.0,0.0,0.0,30
200.0,0.9,stable,dapper,stale_acceptance_rate,0.0,0.0,0.0,0.0,30
200.0,0.9,stable,dapper,mode_switches_per_1000,233.3,23.550605819867112,225.26666666666668,241.90083333333334,30
200.0,0.9,stable,dapper,pct_local_fast,13.513333333333334,1.3433702684520452,13.06,13.993416666666668,30
200.0,0.9,stable,dapper,pct_edge_accurate,86.48666666666666,1.3433702684520459,86.00658333333332,86.93999999999998,30
200.0,0.9,stable,dapper,pct_hybrid,0.0,0.0,0.0,0.0,30
200.0,0.9,stable,dapper,pct_degraded_safe,0.0,0.0,0.0,0.0,30
200.0,0.9,congested,dapper,deadline_miss_rate,0.6178666666666668,0.02049345283731863,0.6106991666666667,0.6252008333333333,30
200.0,0.9,congested,dapper,p95_latency_ms,221.57413891017157,0.7948041800729172,221.28510125654296,221.8535106208185,30
200.0,0.9,congested,dapper,p99_latency_ms,226.84765401560497,1.0025476507448479,226.49249708376428,227.2136560799697,30
200.0,0.9,congested,dapper,mean_latency_ms,180.4872941809932,1.907855885516673,179.78515082809366,181.15117619792804,30
200.0,0.9,congested,dapper,usable_confidence_proxy,0.28312413662924946,0.014601724279716451,0.2779170025166762,0.2882240174075732,30
200.0,0.9,congested,dapper,mean_output_confidence,0.7249282051819181,0.0016092933478095927,0.7243536843822596,0.725520489679899,30
200.0,0.9,congested,dapper,bandwidth_per_1000_frames_kb,21490.0,275.16452758555073,21388.333333333332,21584.166666666668,30
200.0,0.9,congested,dapper,remote_attempt_rate,0.8595999999999999,0.01100658110342204,0.8555333333333334,0.8633666666666666,30
200.0,0.9,congested,dapper,remote_accept_rate,0.0,0.0,0.0,0.0,30
200.0,0.9,congested,dapper,remote_accepted_per_frame,0.0,0.0,0.0,0.0,30
200.0,0.9,congested,dapper,remote_rejected_deadline_rate,0.16352445307925725,0.011849784891240894,0.15954489260607277,0.16763379184690627,30
200.0,0.9,congested,dapper,remote_failed_loss_rate,0.050237487382353674,0.008551102276277383,0.04724610594158352,0.05328086091131517,30
200.0,0.9,congested,dapper,fallback_rate,0.8595999999999999,0.01100658110342204,0.8555333333333334,0.8633666666666666,30
200.0,0.9,congested,dapper,reuse_rate,0.0,0.0,0.0,0.0,30
200.0,0.9,congested,dapper,stale_acceptance_rate,0.0,0.0,0.0,0.0,30
200.0,0.9,congested,dapper,mode_switches_per_1000,234.86666666666667,16.880376963704972,229.13333333333333,240.9675,30
200.0,0.9,congested,dapper,pct_local_fast,14.04,1.1006581103422026,13.66333333333333,14.446666666666667,30
200.0,0.9,congested,dapper,pct_edge_accurate,85.96,1.1006581103422035,85.55333333333334,86.33666666666667,30
200.0,0.9,congested,dapper,pct_hybrid,0.0,0.0,0.0,0.0,30
200.0,0.9,congested,dapper,pct_degraded_safe,0.0,0.0,0.0,0.0,30
200.0,0.9,lossy,dapper,deadline_miss_rate,0.0,0.0,0.0,0.0,30
200.0,0.9,lossy,dapper,p95_latency_ms,173.52961334403224,0.5335645268682896,173.33745966513473,173.71484320372403,30
200.0,0.9,lossy,dapper,p99_latency_ms,177.5688980812624,0.6285032412263716,177.34770030074546,177.79359934924602,30
200.0,0.9,lossy,dapper,mean_latency_ms,137.15043332924537,2.0787917684747588,136.41638896574383,137.87908725071873,30
200.0,0.9,lossy,dapper,usable_confidence_proxy,0.7419488805066937,0.0021694651931506532,0.7411968299043021,0.7427468304914678,30
200.0,0.9,lossy,dapper,mean_output_confidence,0.7419488805066937,0.0021694651931506532,0.7411968299043021,0.7427468304914678,30
200.0,0.9,lossy,dapper,bandwidth_per_1000_frames_kb,21663.333333333332,323.2868197376626,21550.0,21779.166666666668,30
200.0,0.9,lossy,dapper,remote_attempt_rate,0.8665333333333333,0.012931472789506517,0.862,0.8711666666666668,30
200.0,0.9,lossy,dapper,remote_accept_rate,0.1242259784055429,0.01261801882669693,0.11970593696928157,0.12873332740742546,30
200.0,0.9,lossy,dapper,remote_accepted_per_frame,0.1076,0.010545795043686763,0.10373333333333333,0.11133333333333331,30
200.0,0.9,lossy,dapper,remote_rejected_deadline_rate,0.09096878219122166,0.01178316410086744,0.0867713445907015,0.09524718260646145,30
200.0,0.9,lossy,dapper,remote_failed_loss_rate,0.19933697361888697,0.01418167718561643,0.19424787553774744,0.20422073577770086,30
200.0,0.9,lossy,dapper,fallback_rate,0.7589333333333333,0.01787105796095124,0.7525333333333334,0.7652666666666668,30
200.0,0.9,lossy,dapper,reuse_rate,0.0,0.0,0.0,0.0,30
200.0,0.9,lossy,dapper,stale_acceptance_rate,0.0,0.0,0.0,0.0,30
200.0,0.9,lossy,dapper,mode_switches_per_1000,230.83333333333334,19.4476899316644,223.86666666666667,237.5675,30
200.0,0.9,lossy,dapper,pct_local_fast,13.34666666666667,1.2931472789506504,12.883333333333335,13.8,30
200.0,0.9,lossy,dapper,pct_edge_accurate,86.65333333333335,1.2931472789506515,86.2,87.11666666666665,30
200.0,0.9,lossy,dapper,pct_hybrid,0.0,0.0,0.0,0.0,30
200.0,0.9,lossy,dapper,pct_degraded_safe,0.0,0.0,0.0,0.0,30
200.0,0.9,variable,dapper,deadline_miss_rate,0.06433333333333334,0.013953947243635434,0.05953333333333333,0.06943333333333333,30
200.0,0.9,variable,dapper,p95_latency_ms,201.98510528036175,1.9849352637008684,201.31438494938038,202.70583800729844,30
200.0,0.9,variable,dapper,p99_latency_ms,213.0642676970963,2.6946745647459163,212.12570295507473,214.0160929716383,30
200.0,0.9,variable,dapper,mean_latency_ms,122.88737381485839,6.16454131912377,120.77096642853427,125.07916393593453,30
200.0,0.9,variable,dapper,usable_confidence_proxy,0.6859426601833032,0.010846066121456341,0.682055017380925,0.6896214071291746,30
200.0,0.9,variable,dapper,mean_output_confidence,0.7320185674624449,0.002249095722499903,0.7312079994495432,0.7327772454101175,30
200.0,0.9,variable,dapper,bandwidth_per_1000_frames_kb,16869.166666666668,879.2552523872546,16561.645833333336,17178.354166666664,30
200.0,0.9,variable,dapper,remote_attempt_rate,0.6747666666666666,0.03517021009549017,0.6624658333333333,0.6871341666666667,30
200.0,0.9,variable,dapper,remote_accept_rate,0.05460436902916578,0.011923130897746435,0.05055662399576698,0.058759177496498324,30
200.0,0.9,variable,dapper,remote_accepted_per_frame,0.03679999999999999,0.008243701880202556,0.03400000000000001,0.03976666666666666,30
200.0,0.9,variable,dapper,remote_rejected_deadline_rate,0.13195013067155964,0.012465145845441521,0.12766850664318322,0.13648291571408178,30
200.0,0.9,variable,dapper,remote_failed_loss_rate,0.07011646510508567,0.010639959877435755,0.06636531620963129,0.07370376526254885,30
200.0,0.9,variable,dapper,fallback_rate,0.8559666666666665,0.014606288993475375,0.8508333333333334,0.8612008333333334,30
200.0,0.9,variable,dapper,reuse_rate,0.15756666666666666,0.02880814460187082,0.14766666666666667,0.16783416666666665,30
200.0,0.9,variable,dapper,stale_acceptance_rate,0.0,0.0,0.0,0.0,30
200.0,0.9,variable,dapper,mode_switches_per_1000,312.8,18.819285779257918,305.96666666666664,319.43416666666667,30
200.0,0.9,variable,dapper,pct_local_fast,16.76666666666667,1.029674650099472,16.39666666666667,17.130000000000003,30
200.0,0.9,variable,dapper,pct_edge_accurate,67.47666666666667,3.5170210095490155,66.24658333333332,68.71341666666667,30
200.0,0.9,variable,dapper,pct_hybrid,0.0,0.0,0.0,0.0,30
200.0,0.9,variable,dapper,pct_degraded_safe,15.756666666666666,2.880814460187082,14.766666666666667,16.783416666666668,30
200.0,0.9,outage,dapper,deadline_miss_rate,0.0,0.0,0.0,0.0,30
200.0,0.9,outage,dapper,p95_latency_ms,31.180397455473944,0.5019222421134536,31.003461688254276,31.356612238909502,30
200.0,0.9,outage,dapper,p99_latency_ms,34.19876190660464,0.24613390636575014,34.11069835592174,34.28564968359419,30
200.0,0.9,outage,dapper,mean_latency_ms,7.3887722729777074,0.1438687754302819,7.338771957267607,7.440287447009226,30
200.0,0.9,outage,dapper,usable_confidence_proxy,0.7254843594835231,0.0028344314815583567,0.7244472943096172,0.7264722092457271,30
200.0,0.9,outage,dapper,mean_output_confidence,0.7254843594835231,0.0028344314815583567,0.7244472943096172,0.7264722092457271,30
200.0,0.9,outage,dapper,bandwidth_per_1000_frames_kb,0.0,0.0,0.0,0.0,30
200.0,0.9,outage,dapper,remote_attempt_rate,0.0,0.0,0.0,0.0,30
200.0,0.9,outage,dapper,remote_accept_rate,0.0,0.0,0.0,0.0,30
200.0,0.9,outage,dapper,remote_accepted_per_frame,0.0,0.0,0.0,0.0,30
200.0,0.9,outage,dapper,remote_rejected_deadline_rate,0.0,0.0,0.0,0.0,30
200.0,0.9,outage,dapper,remote_failed_loss_rate,0.0,0.0,0.0,0.0,30
200.0,0.9,outage,dapper,fallback_rate,0.9991,0.0010938700673013835,0.9987,0.9994666666666667,30
200.0,0.9,outage,dapper,reuse_rate,0.7336333333333334,0.0027728154909994374,0.7326333333333335,0.7345999999999999,30
200.0,0.9,outage,dapper,stale_acceptance_rate,0.0,0.0,0.0,0.0,30
200.0,0.9,outage,dapper,mode_switches_per_1000,420.1,10.551515661677268,416.26666666666665,423.8333333333333,30
200.0,0.9,outage,dapper,pct_local_fast,22.726666666666667,0.6203076730102591,22.506666666666664,22.94000000000001,30
200.0,0.9,outage,dapper,pct_edge_accurate,0.0,0.0,0.0,0.0,30
200.0,0.9,outage,dapper,pct_hybrid,0.0,0.0,0.0,0.0,30
200.0,0.9,outage,dapper,pct_degraded_safe,77.27333333333333,0.6203076730102597,77.05999999999999,77.49333333333334,30
200.0,1.0,stable,dapper,deadline_miss_rate,0.0,0.0,0.0,0.0,30
200.0,1.0,stable,dapper,p95_latency_ms,152.17408599779458,0.45402859838569465,152.0121082246416,152.331350523573,30
200.0,1.0,stable,dapper,p99_latency_ms,155.3409355561682,0.549924919346767,155.14753098714868,155.52857408892322,30
200.0,1.0,stable,dapper,mean_latency_ms,102.92338016748587,1.8171936585729458,102.2933926565328,103.55524137509077,30
200.0,1.0,stable,dapper,usable_confidence_proxy,0.7959976928158301,0.0030581965746421004,0.7949187491188087,0.7970282591916404,30
200.0,1.0,stable,dapper,mean_output_confidence,0.7959976928158301,0.0030581965746421004,0.7949187491188087,0.7970282591916404,30
200.0,1.0,stable,dapper,bandwidth_per_1000_frames_kb,21621.666666666668,335.8425671130112,21501.645833333336,21735.0,30
200.0,1.0,stable,dapper,remote_attempt_rate,0.8648666666666667,0.013433702684520463,0.8600658333333333,0.8694,30
200.0,1.0,stable,dapper,remote_accept_rate,0.5119299636219802,0.019710509684781493,0.5048710537106218,0.5185291640553195,30
200.0,1.0,stable,dapper,remote_accepted_per_frame,0.4427,0.01712862093609448,0.43670000000000003,0.44869999999999993,30
200.0,1.0,stable,dapper,remote_rejected_deadline_rate,0.09571176556872005,0.009351749073901463,0.09250225031077969,0.09893992513413837,30
200.0,1.0,stable,dapper,remote_failed_loss_rate,0.011160401044939667,0.0032782175425864904,0.010069906399418155,0.012335025962814114,30
200.0,1.0,stable,dapper,fallback_rate,0.42216666666666663,0.019499042122067458,0.4156,0.4290333333333333,30
200.0,1.0,stable,dapper,reuse_rate,0.0,0.0,0.0,0.0,30
200.0,1.0,stable,dapper,stale_acceptance_rate,0.0,0.0,0.0,0.0,30
200.0,1.0,stable,dapper,mode_switches_per_1000,233.3,23.550605819867112,225.26666666666668,241.90083333333334,30
200.0,1.0,stable,dapper,pct_local_fast,13.513333333333334,1.3433702684520452,13.06,13.993416666666668,30
200.0,1.0,stable,dapper,pct_edge_accurate,86.48666666666666,1.3433702684520459,86.00658333333332,86.93999999999998,30
200.0,1.0,stable,dapper,pct_hybrid,0.0,0.0,0.0,0.0,30
200.0,1.0,stable,dapper,pct_degraded_safe,0.0,0.0,0.0,0.0,30
200.0,1.0,congested,dapper,deadline_miss_rate,0.6278333333333334,0.02015300667793568,0.6207999999999999,0.6350666666666667,30
200.0,1.0,congested,dapper,p95_latency_ms,222.13700149780087,0.6812012037936397,221.88267424925792,222.37480497724556,30
200.0,1.0,congested,dapper,p99_latency_ms,228.06572574007194,0.9447756203155849,227.72613697319764,228.40424878885926,30
200.0,1.0,congested,dapper,mean_latency_ms,182.4806275143265,1.7536767143286347,181.8451197680096,183.09886728921845,30
200.0,1.0,congested,dapper,usable_confidence_proxy,0.2760308614002135,0.014388915634127773,0.2708965562669481,0.2810429472840629,30
200.0,1.0,congested,dapper,mean_output_confidence,0.7249282051819181,0.0016092933478095927,0.7243536843822596,0.725520489679899,30
200.0,1.0,congested,dapper,bandwidth_per_1000_frames_kb,21739.166666666668,256.18919239275215,21646.666666666668,21828.333333333332,30
200.0,1.0,congested,dapper,remote_attempt_rate,0.8695666666666667,0.010247567695710095,0.8658666666666667,0.8731333333333333,30
200.0,1.0,congested,dapper,remote_accept_rate,0.0,0.0,0.0,0.0,30
200.0,1.0,congested,dapper,remote_accepted_per_frame,0.0,0.0,0.0,0.0,30
200.0,1.0,congested,dapper,remote_rejected_deadline_rate,0.16375266606197914,0.011683679095956663,0.15978767104246352,0.16785257279918525,30
200.0,1.0,congested,dapper,remote_failed_loss_rate,0.05017488068823786,0.008800087997543617,0.0471171168203417,0.05330346236895794,30
200.0,1.0,congested,dapper,fallback_rate,0.8695666666666667,0.010247567695710095,0.8658666666666667,0.8731333333333333,30
200.0,1.0,congested,dapper,reuse_rate,0.0,0.0,0.0,0.0,30
200.0,1.0,congested,dapper,stale_acceptance_rate,0.0,0.0,0.0,0.0,30
200.0,1.0,congested,dapper,mode_switches_per_1000,225.33333333333334,16.979365434983507,219.46666666666667,231.33416666666668,30
200.0,1.0,congested,dapper,pct_local_fast,13.043333333333333,1.0247567695710083,12.686666666666667,13.41333333333333,30
200.0,1.0,congested,dapper,pct_edge_accurate,86.95666666666666,1.0247567695710094,86.58666666666669,87.31333333333332,30
200.0,1.0,congested,dapper,pct_hybrid,0.0,0.0,0.0,0.0,30
200.0,1.0,congested,dapper,pct_degraded_safe,0.0,0.0,0.0,0.0,30
200.0,1.0,lossy,dapper,deadline_miss_rate,0.0,0.0,0.0,0.0,30
200.0,1.0,lossy,dapper,p95_latency_ms,173.52961334403224,0.5335645268682896,173.33745966513473,173.71484320372403,30
200.0,1.0,lossy,dapper,p99_latency_ms,177.5688980812624,0.6285032412263716,177.34770030074546,177.79359934924602,30
200.0,1.0,lossy,dapper,mean_latency_ms,137.15043332924537,2.0787917684747588,136.41638896574383,137.87908725071873,30
200.0,1.0,lossy,dapper,usable_confidence_proxy,0.7419488805066937,0.0021694651931506532,0.7411968299043021,0.7427468304914678,30
200.0,1.0,lossy,dapper,mean_output_confidence,0.7419488805066937,0.0021694651931506532,0.7411968299043021,0.7427468304914678,30
200.0,1.0,lossy,dapper,bandwidth_per_1000_frames_kb,21663.333333333332,323.2868197376626,21550.0,21779.166666666668,30
200.0,1.0,lossy,dapper,remote_attempt_rate,0.8665333333333333,0.012931472789506517,0.862,0.8711666666666668,30
200.0,1.0,lossy,dapper,remote_accept_rate,0.1242259784055429,0.01261801882669693,0.11970593696928157,0.12873332740742546,30
200.0,1.0,lossy,dapper,remote_accepted_per_frame,0.1076,0.010545795043686763,0.10373333333333333,0.11133333333333331,30
200.0,1.0,lossy,dapper,remote_rejected_deadline_rate,0.09096878219122166,0.01178316410086744,0.0867713445907015,0.09524718260646145,30
200.0,1.0,lossy,dapper,remote_failed_loss_rate,0.19933697361888697,0.01418167718561643,0.19424787553774744,0.20422073577770086,30
200.0,1.0,lossy,dapper,fallback_rate,0.7589333333333333,0.01787105796095124,0.7525333333333334,0.7652666666666668,30
200.0,1.0,lossy,dapper,reuse_rate,0.0,0.0,0.0,0.0,30
200.0,1.0,lossy,dapper,stale_acceptance_rate,0.0,0.0,0.0,0.0,30
200.0,1.0,lossy,dapper,mode_switches_per_1000,230.83333333333334,19.4476899316644,223.86666666666667,237.5675,30
200.0,1.0,lossy,dapper,pct_local_fast,13.34666666666667,1.2931472789506504,12.883333333333335,13.8,30
200.0,1.0,lossy,dapper,pct_edge_accurate,86.65333333333335,1.2931472789506515,86.2,87.11666666666665,30
200.0,1.0,lossy,dapper,pct_hybrid,0.0,0.0,0.0,0.0,30
200.0,1.0,lossy,dapper,pct_degraded_safe,0.0,0.0,0.0,0.0,30
200.0,1.0,variable,dapper,deadline_miss_rate,0.06513333333333333,0.014388053793130708,0.06020000000000001,0.07036666666666667,30
200.0,1.0,variable,dapper,p95_latency_ms,202.10986636373374,2.0514799810859325,201.4178071199634,202.85026428261557,30
200.0,1.0,variable,dapper,p99_latency_ms,213.53143474151554,3.021188264870588,212.4855779652307,214.59834451809058,30
200.0,1.0,variable,dapper,mean_latency_ms,123.04712919856169,6.180647034028897,120.91211250135625,125.25462191521083,30
200.0,1.0,variable,dapper,usable_confidence_proxy,0.6853866581074595,0.011135381948190092,0.6813994903953184,0.6891736663788901,30
200.0,1.0,variable,dapper,mean_output_confidence,0.7320228454791564,0.0022471171657900556,0.7312143373846592,0.7327818172026235,30
200.0,1.0,variable,dapper,bandwidth_per_1000_frames_kb,16889.166666666668,879.7943365995509,16580.0,17197.5,30
200.0,1.0,variable,dapper,remote_attempt_rate,0.6755666666666666,0.03519177346398202,0.6632,0.6878999999999998,30
200.0,1.0,variable,dapper,remote_accept_rate,0.054540647889618286,0.0119193899818812,0.05048927932375874,0.05868975327387163,30
200.0,1.0,variable,dapper,remote_accepted_per_frame,0.03679999999999999,0.008243701880202556,0.03400000000000001,0.03976666666666666,30
200.0,1.0,variable,dapper,remote_rejected_deadline_rate,0.13200101595883618,0.012446131144728648,0.1276843845552742,0.13652558361711664,30
200.0,1.0,variable,dapper,remote_failed_loss_rate,0.07012975059836844,0.010757586190922683,0.06633973018105711,0.07376152440679033,30
200.0,1.0,variable,dapper,fallback_rate,0.8567666666666667,0.014493002671523316,0.8518,0.862,30
200.0,1.0,variable,dapper,reuse_rate,0.15756666666666666,0.02880814460187082,0.14766666666666667,0.16783416666666665,30
200.0,1.0,variable,dapper,stale_acceptance_rate,0.0,0.0,0.0,0.0,30
200.0,1.0,variable,dapper,mode_switches_per_1000,311.73333333333335,18.750509571619705,304.93333333333334,318.3016666666667,30
200.0,1.0,variable,dapper,pct_local_fast,16.686666666666664,1.015647689843805,16.319916666666664,17.04,30
200.0,1.0,variable,dapper,pct_edge_accurate,67.55666666666667,3.519177346398202,66.32000000000001,68.78999999999999,30
200.0,1.0,variable,dapper,pct_hybrid,0.0,0.0,0.0,0.0,30
200.0,1.0,variable,dapper,pct_degraded_safe,15.756666666666666,2.880814460187082,14.766666666666667,16.783416666666668,30
200.0,1.0,outage,dapper,deadline_miss_rate,0.0,0.0,0.0,0.0,30
200.0,1.0,outage,dapper,p95_latency_ms,31.180397455473944,0.5019222421134536,31.003461688254276,31.356612238909502,30
200.0,1.0,outage,dapper,p99_latency_ms,34.19876190660464,0.24613390636575014,34.11069835592174,34.28564968359419,30
200.0,1.0,outage,dapper,mean_latency_ms,7.3887722729777074,0.1438687754302819,7.338771957267607,7.440287447009226,30
200.0,1.0,outage,dapper,usable_confidence_proxy,0.7254843594835231,0.0028344314815583567,0.7244472943096172,0.7264722092457271,30
200.0,1.0,outage,dapper,mean_output_confidence,0.7254843594835231,0.0028344314815583567,0.7244472943096172,0.7264722092457271,30
200.0,1.0,outage,dapper,bandwidth_per_1000_frames_kb,0.0,0.0,0.0,0.0,30
200.0,1.0,outage,dapper,remote_attempt_rate,0.0,0.0,0.0,0.0,30
200.0,1.0,outage,dapper,remote_accept_rate,0.0,0.0,0.0,0.0,30
200.0,1.0,outage,dapper,remote_accepted_per_frame,0.0,0.0,0.0,0.0,30
200.0,1.0,outage,dapper,remote_rejected_deadline_rate,0.0,0.0,0.0,0.0,30
200.0,1.0,outage,dapper,remote_failed_loss_rate,0.0,0.0,0.0,0.0,30
200.0,1.0,outage,dapper,fallback_rate,0.9991,0.0010938700673013835,0.9987,0.9994666666666667,30
200.0,1.0,outage,dapper,reuse_rate,0.7336333333333334,0.0027728154909994374,0.7326333333333335,0.7345999999999999,30
200.0,1.0,outage,dapper,stale_acceptance_rate,0.0,0.0,0.0,0.0,30
200.0,1.0,outage,dapper,mode_switches_per_1000,420.1,10.551515661677268,416.26666666666665,423.8333333333333,30
200.0,1.0,outage,dapper,pct_local_fast,22.726666666666667,0.6203076730102591,22.506666666666664,22.94000000000001,30
200.0,1.0,outage,dapper,pct_edge_accurate,0.0,0.0,0.0,0.0,30
200.0,1.0,outage,dapper,pct_hybrid,0.0,0.0,0.0,0.0,30
200.0,1.0,outage,dapper,pct_degraded_safe,77.27333333333333,0.6203076730102597,77.05999999999999,77.49333333333334,30
