deadline_sweep_ms,profile,policy,metric,mean,std,ci_lo,ci_hi,n_seeds
50.0,stable,local_only,deadline_miss_rate,0.0,0.0,0.0,0.0,30
50.0,stable,local_only,p95_latency_ms,33.984265110354684,0.14612908292769589,33.9343159514038,34.036015368498674,30
50.0,stable,local_only,p99_latency_ms,34.78401367177919,0.06560311317343774,34.76065987728268,34.806824911760046,30
50.0,stable,local_only,mean_latency_ms,25.02027748999063,0.19474756789946776,24.952896569039584,25.094599531312916,30
50.0,stable,local_only,usable_confidence_proxy,0.7249667322554326,0.0015304909747104968,0.7244513387101592,0.7255071023390036,30
50.0,stable,local_only,mean_output_confidence,0.7249667322554326,0.0015304909747104968,0.7244513387101592,0.7255071023390036,30
50.0,stable,local_only,bandwidth_per_1000_frames_kb,0.0,0.0,0.0,0.0,30
50.0,stable,local_only,remote_attempt_rate,0.0,0.0,0.0,0.0,30
50.0,stable,local_only,remote_accept_rate,0.0,0.0,0.0,0.0,30
50.0,stable,local_only,remote_accepted_per_frame,0.0,0.0,0.0,0.0,30
50.0,stable,local_only,remote_rejected_deadline_rate,0.0,0.0,0.0,0.0,30
50.0,stable,local_only,remote_failed_loss_rate,0.0,0.0,0.0,0.0,30
50.0,stable,local_only,fallback_rate,0.0,0.0,0.0,0.0,30
50.0,stable,local_only,reuse_rate,0.0,0.0,0.0,0.0,30
50.0,stable,local_only,stale_acceptance_rate,0.0,0.0,0.0,0.0,30
50.0,stable,local_only,mode_switches_per_1000,0.0,0.0,0.0,0.0,30
50.0,stable,local_only,pct_local_fast,100.0,0.0,100.0,100.0,30
50.0,stable,local_only,pct_edge_accurate,0.0,0.0,0.0,0.0,30
50.0,stable,local_only,pct_hybrid,0.0,0.0,0.0,0.0,30
50.0,stable,local_only,pct_degraded_safe,0.0,0.0,0.0,0.0,30
50.0,stable,edge_only,deadline_miss_rate,1.0,0.0,1.0,1.0,30
50.0,stable,edge_only,p95_latency_ms,83.9842651103547,0.14612908292769555,83.9343159514038,84.03601536849867,30
50.0,stable,edge_only,p99_latency_ms,84.78401367177919,0.06560311317343805,84.76065987728266,84.80682491176003,30
50.0,stable,edge_only,mean_latency_ms,75.02027748999063,0.19474756789946832,74.95289656903961,75.09459953131292,30
50.0,stable,edge_only,usable_confidence_proxy,0.0,0.0,0.0,0.0,30
50.0,stable,edge_only,mean_output_confidence,0.7249667322554326,0.0015304909747104968,0.7244513387101592,0.7255071023390036,30
50.0,stable,edge_only,bandwidth_per_1000_frames_kb,25000.0,0.0,25000.0,25000.0,30
50.0,stable,edge_only,remote_attempt_rate,1.0,0.0,1.0,1.0,30
50.0,stable,edge_only,remote_accept_rate,0.0,0.0,0.0,0.0,30
50.0,stable,edge_only,remote_accepted_per_frame,0.0,0.0,0.0,0.0,30
50.0,stable,edge_only,remote_rejected_deadline_rate,0.9889333333333332,0.00277840605921544,0.9879333333333332,0.9898666666666666,30
50.0,stable,edge_only,remote_failed_loss_rate,0.011066666666666669,0.0027784060592154374,0.010133333333333334,0.012066666666666668,30
50.0,stable,edge_only,fallback_rate,1.0,0.0,1.0,1.0,30
50.0,stable,edge_only,reuse_rate,0.0,0.0,0.0,0.0,30
50.0,stable,edge_only,stale_acceptance_rate,0.0,0.0,0.0,0.0,30
50.0,stable,edge_only,mode_switches_per_1000,0.0,0.0,0.0,0.0,30
50.0,stable,edge_only,pct_local_fast,0.0,0.0,0.0,0.0,30
50.0,stable,edge_only,pct_edge_accurate,100.0,0.0,100.0,100.0,30
50.0,stable,edge_only,pct_hybrid,0.0,0.0,0.0,0.0,30
50.0,stable,edge_only,pct_degraded_safe,0.0,0.0,0.0,0.0,30
50.0,stable,cloud_only,deadline_miss_rate,1.0,0.0,1.0,1.0,30
50.0,stable,cloud_only,p95_latency_ms,83.9842651103547,0.14612908292769555,83.9343159514038,84.03601536849867,30
50.0,stable,cloud_only,p99_latency_ms,84.78401367177919,0.06560311317343805,84.76065987728266,84.80682491176003,30
50.0,stable,cloud_only,mean_latency_ms,75.02027748999063,0.19474756789946832,74.95289656903961,75.09459953131292,30
50.0,stable,cloud_only,usable_confidence_proxy,0.0,0.0,0.0,0.0,30
50.0,stable,cloud_only,mean_output_confidence,0.7249667322554326,0.0015304909747104968,0.7244513387101592,0.7255071023390036,30
50.0,stable,cloud_only,bandwidth_per_1000_frames_kb,35000.0,0.0,35000.0,35000.0,30
50.0,stable,cloud_only,remote_attempt_rate,1.0,0.0,1.0,1.0,30
50.0,stable,cloud_only,remote_accept_rate,0.0,0.0,0.0,0.0,30
50.0,stable,cloud_only,remote_accepted_per_frame,0.0,0.0,0.0,0.0,30
50.0,stable,cloud_only,remote_rejected_deadline_rate,0.9906666666666666,0.003546084128116278,0.9893999999999998,0.9918999999999999,30
50.0,stable,cloud_only,remote_failed_loss_rate,0.009333333333333334,0.003546084128116275,0.008100000000000001,0.010600000000000002,30
50.0,stable,cloud_only,fallback_rate,1.0,0.0,1.0,1.0,30
50.0,stable,cloud_only,reuse_rate,0.0,0.0,0.0,0.0,30
50.0,stable,cloud_only,stale_acceptance_rate,0.0,0.0,0.0,0.0,30
50.0,stable,cloud_only,mode_switches_per_1000,0.0,0.0,0.0,0.0,30
50.0,stable,cloud_only,pct_local_fast,0.0,0.0,0.0,0.0,30
50.0,stable,cloud_only,pct_edge_accurate,100.0,0.0,100.0,100.0,30
50.0,stable,cloud_only,pct_hybrid,0.0,0.0,0.0,0.0,30
50.0,stable,cloud_only,pct_degraded_safe,0.0,0.0,0.0,0.0,30
50.0,stable,dapper,deadline_miss_rate,0.0,0.0,0.0,0.0,30
50.0,stable,dapper,p95_latency_ms,33.984265110354684,0.14612908292769589,33.9343159514038,34.036015368498674,30
50.0,stable,dapper,p99_latency_ms,34.78401367177919,0.06560311317343774,34.76065987728268,34.806824911760046,30
50.0,stable,dapper,mean_latency_ms,25.02027748999063,0.19474756789946776,24.952896569039584,25.094599531312916,30
50.0,stable,dapper,usable_confidence_proxy,0.7249667322554326,0.0015304909747104968,0.7244513387101592,0.7255071023390036,30
50.0,stable,dapper,mean_output_confidence,0.7249667322554326,0.0015304909747104968,0.7244513387101592,0.7255071023390036,30
50.0,stable,dapper,bandwidth_per_1000_frames_kb,0.0,0.0,0.0,0.0,30
50.0,stable,dapper,remote_attempt_rate,0.0,0.0,0.0,0.0,30
50.0,stable,dapper,remote_accept_rate,0.0,0.0,0.0,0.0,30
50.0,stable,dapper,remote_accepted_per_frame,0.0,0.0,0.0,0.0,30
50.0,stable,dapper,remote_rejected_deadline_rate,0.0,0.0,0.0,0.0,30
50.0,stable,dapper,remote_failed_loss_rate,0.0,0.0,0.0,0.0,30
50.0,stable,dapper,fallback_rate,0.0,0.0,0.0,0.0,30
50.0,stable,dapper,reuse_rate,0.0,0.0,0.0,0.0,30
50.0,stable,dapper,stale_acceptance_rate,0.0,0.0,0.0,0.0,30
50.0,stable,dapper,mode_switches_per_1000,0.0,0.0,0.0,0.0,30
50.0,stable,dapper,pct_local_fast,100.0,0.0,100.0,100.0,30
50.0,stable,dapper,pct_edge_accurate,0.0,0.0,0.0,0.0,30
50.0,stable,dapper,pct_hybrid,0.0,0.0,0.0,0.0,30
50.0,stable,dapper,pct_degraded_safe,0.0,0.0,0.0,0.0,30
50.0,stable,deadline_greedy,deadline_miss_rate,0.0,0.0,0.0,0.0,30
50.0,stable,deadline_greedy,p95_latency_ms,33.984265110354684,0.14612908292769589,33.9343159514038,34.036015368498674,30
50.0,stable,deadline_greedy,p99_latency_ms,34.78401367177919,0.06560311317343774,34.76065987728268,34.806824911760046,30
50.0,stable,deadline_greedy,mean_latency_ms,25.02027748999063,0.19474756789946776,24.952896569039584,25.094599531312916,30
50.0,stable,deadline_greedy,usable_confidence_proxy,0.7249667322554326,0.0015304909747104968,0.7244513387101592,0.7255071023390036,30
50.0,stable,deadline_greedy,mean_output_confidence,0.7249667322554326,0.0015304909747104968,0.7244513387101592,0.7255071023390036,30
50.0,stable,deadline_greedy,bandwidth_per_1000_frames_kb,0.0,0.0,0.0,0.0,30
50.0,stable,deadline_greedy,remote_attempt_rate,0.0,0.0,0.0,0.0,30
50.0,stable,deadline_greedy,remote_accept_rate,0.0,0.0,0.0,0.0,30
50.0,stable,deadline_greedy,remote_accepted_per_frame,0.0,0.0,0.0,0.0,30
50.0,stable,deadline_greedy,remote_rejected_deadline_rate,0.0,0.0,0.0,0.0,30
50.0,stable,deadline_greedy,remote_failed_loss_rate,0.0,0.0,0.0,0.0,30
50.0,stable,deadline_greedy,fallback_rate,0.0,0.0,0.0,0.0,30
50.0,stable,deadline_greedy,reuse_rate,0.0,0.0,0.0,0.0,30
50.0,stable,deadline_greedy,stale_acceptance_rate,0.0,0.0,0.0,0.0,30
50.0,stable,deadline_greedy,mode_switches_per_1000,0.0,0.0,0.0,0.0,30
50.0,stable,deadline_greedy,pct_local_fast,100.0,0.0,100.0,100.0,30
50.0,stable,deadline_greedy,pct_edge_accurate,0.0,0.0,0.0,0.0,30
50.0,stable,deadline_greedy,pct_hybrid,0.0,0.0,0.0,0.0,30
50.0,stable,deadline_greedy,pct_degraded_safe,0.0,0.0,0.0,0.0,30
50.0,stable,confidence_deadline,deadline_miss_rate,0.0,0.0,0.0,0.0,30
50.0,stable,confidence_deadline,p95_latency_ms,33.984265110354684,0.14612908292769589,33.9343159514038,34.036015368498674,30
50.0,stable,confidence_deadline,p99_latency_ms,34.78401367177919,0.06560311317343774,34.76065987728268,34.806824911760046,30
50.0,stable,confidence_deadline,mean_latency_ms,25.02027748999063,0.19474756789946776,24.952896569039584,25.094599531312916,30
50.0,stable,confidence_deadline,usable_confidence_proxy,0.7249667322554326,0.0015304909747104968,0.7244513387101592,0.7255071023390036,30
50.0,stable,confidence_deadline,mean_output_confidence,0.7249667322554326,0.0015304909747104968,0.7244513387101592,0.7255071023390036,30
50.0,stable,confidence_deadline,bandwidth_per_1000_frames_kb,0.0,0.0,0.0,0.0,30
50.0,stable,confidence_deadline,remote_attempt_rate,0.0,0.0,0.0,0.0,30
50.0,stable,confidence_deadline,remote_accept_rate,0.0,0.0,0.0,0.0,30
50.0,stable,confidence_deadline,remote_accepted_per_frame,0.0,0.0,0.0,0.0,30
50.0,stable,confidence_deadline,remote_rejected_deadline_rate,0.0,0.0,0.0,0.0,30
50.0,stable,confidence_deadline,remote_failed_loss_rate,0.0,0.0,0.0,0.0,30
50.0,stable,confidence_deadline,fallback_rate,0.0,0.0,0.0,0.0,30
50.0,stable,confidence_deadline,reuse_rate,0.0,0.0,0.0,0.0,30
50.0,stable,confidence_deadline,stale_acceptance_rate,0.0,0.0,0.0,0.0,30
50.0,stable,confidence_deadline,mode_switches_per_1000,0.0,0.0,0.0,0.0,30
50.0,stable,confidence_deadline,pct_local_fast,100.0,0.0,100.0,100.0,30
50.0,stable,confidence_deadline,pct_edge_accurate,0.0,0.0,0.0,0.0,30
50.0,stable,confidence_deadline,pct_hybrid,0.0,0.0,0.0,0.0,30
50.0,stable,confidence_deadline,pct_degraded_safe,0.0,0.0,0.0,0.0,30
50.0,stable,rtt_threshold,deadline_miss_rate,0.0,0.0,0.0,0.0,30
50.0,stable,rtt_threshold,p95_latency_ms,33.984265110354684,0.14612908292769589,33.9343159514038,34.036015368498674,30
50.0,stable,rtt_threshold,p99_latency_ms,34.78401367177919,0.06560311317343774,34.76065987728268,34.806824911760046,30
50.0,stable,rtt_threshold,mean_latency_ms,25.02027748999063,0.19474756789946776,24.952896569039584,25.094599531312916,30
50.0,stable,rtt_threshold,usable_confidence_proxy,0.7249667322554326,0.0015304909747104968,0.7244513387101592,0.7255071023390036,30
50.0,stable,rtt_threshold,mean_output_confidence,0.7249667322554326,0.0015304909747104968,0.7244513387101592,0.7255071023390036,30
50.0,stable,rtt_threshold,bandwidth_per_1000_frames_kb,0.0,0.0,0.0,0.0,30
50.0,stable,rtt_threshold,remote_attempt_rate,0.0,0.0,0.0,0.0,30
50.0,stable,rtt_threshold,remote_accept_rate,0.0,0.0,0.0,0.0,30
50.0,stable,rtt_threshold,remote_accepted_per_frame,0.0,0.0,0.0,0.0,30
50.0,stable,rtt_threshold,remote_rejected_deadline_rate,0.0,0.0,0.0,0.0,30
50.0,stable,rtt_threshold,remote_failed_loss_rate,0.0,0.0,0.0,0.0,30
50.0,stable,rtt_threshold,fallback_rate,0.0,0.0,0.0,0.0,30
50.0,stable,rtt_threshold,reuse_rate,0.0,0.0,0.0,0.0,30
50.0,stable,rtt_threshold,stale_acceptance_rate,0.0,0.0,0.0,0.0,30
50.0,stable,rtt_threshold,mode_switches_per_1000,0.0,0.0,0.0,0.0,30
50.0,stable,rtt_threshold,pct_local_fast,100.0,0.0,100.0,100.0,30
50.0,stable,rtt_threshold,pct_edge_accurate,0.0,0.0,0.0,0.0,30
50.0,stable,rtt_threshold,pct_hybrid,0.0,0.0,0.0,0.0,30
50.0,stable,rtt_threshold,pct_degraded_safe,0.0,0.0,0.0,0.0,30
50.0,stable,oracle_feasible,deadline_miss_rate,0.0,0.0,0.0,0.0,30
50.0,stable,oracle_feasible,p95_latency_ms,33.984265110354684,0.14612908292769589,33.9343159514038,34.036015368498674,30
50.0,stable,oracle_feasible,p99_latency_ms,34.78401367177919,0.06560311317343774,34.76065987728268,34.806824911760046,30
50.0,stable,oracle_feasible,mean_latency_ms,25.02027748999063,0.19474756789946776,24.952896569039584,25.094599531312916,30
50.0,stable,oracle_feasible,usable_confidence_proxy,0.7249667322554326,0.0015304909747104968,0.7244513387101592,0.7255071023390036,30
50.0,stable,oracle_feasible,mean_output_confidence,0.7249667322554326,0.0015304909747104968,0.7244513387101592,0.7255071023390036,30
50.0,stable,oracle_feasible,bandwidth_per_1000_frames_kb,0.0,0.0,0.0,0.0,30
50.0,stable,oracle_feasible,remote_attempt_rate,0.0,0.0,0.0,0.0,30
50.0,stable,oracle_feasible,remote_accept_rate,0.0,0.0,0.0,0.0,30
50.0,stable,oracle_feasible,remote_accepted_per_frame,0.0,0.0,0.0,0.0,30
50.0,stable,oracle_feasible,remote_rejected_deadline_rate,0.0,0.0,0.0,0.0,30
50.0,stable,oracle_feasible,remote_failed_loss_rate,0.0,0.0,0.0,0.0,30
50.0,stable,oracle_feasible,fallback_rate,0.0,0.0,0.0,0.0,30
50.0,stable,oracle_feasible,reuse_rate,0.0,0.0,0.0,0.0,30
50.0,stable,oracle_feasible,stale_acceptance_rate,0.0,0.0,0.0,0.0,30
50.0,stable,oracle_feasible,mode_switches_per_1000,0.0,0.0,0.0,0.0,30
50.0,stable,oracle_feasible,pct_local_fast,100.0,0.0,100.0,100.0,30
50.0,stable,oracle_feasible,pct_edge_accurate,0.0,0.0,0.0,0.0,30
50.0,stable,oracle_feasible,pct_hybrid,0.0,0.0,0.0,0.0,30
50.0,stable,oracle_feasible,pct_degraded_safe,0.0,0.0,0.0,0.0,30
50.0,congested,local_only,deadline_miss_rate,0.0,0.0,0.0,0.0,30
50.0,congested,local_only,p95_latency_ms,33.94268972592376,0.09803104261482531,33.906854831430806,33.97630119170664,30
50.0,congested,local_only,p99_latency_ms,34.769178949662624,0.05524239382592479,34.748642896298946,34.7879694671568,30
50.0,congested,local_only,mean_latency_ms,25.012597088142645,0.18113657767527264,24.949225112390963,25.077791277753096,30
50.0,congested,local_only,usable_confidence_proxy,0.7249282051819181,0.0016092933478095927,0.7243536843822596,0.725520489679899,30
50.0,congested,local_only,mean_output_confidence,0.7249282051819181,0.0016092933478095927,0.7243536843822596,0.725520489679899,30
50.0,congested,local_only,bandwidth_per_1000_frames_kb,0.0,0.0,0.0,0.0,30
50.0,congested,local_only,remote_attempt_rate,0.0,0.0,0.0,0.0,30
50.0,congested,local_only,remote_accept_rate,0.0,0.0,0.0,0.0,30
50.0,congested,local_only,remote_accepted_per_frame,0.0,0.0,0.0,0.0,30
50.0,congested,local_only,remote_rejected_deadline_rate,0.0,0.0,0.0,0.0,30
50.0,congested,local_only,remote_failed_loss_rate,0.0,0.0,0.0,0.0,30
50.0,congested,local_only,fallback_rate,0.0,0.0,0.0,0.0,30
50.0,congested,local_only,reuse_rate,0.0,0.0,0.0,0.0,30
50.0,congested,local_only,stale_acceptance_rate,0.0,0.0,0.0,0.0,30
50.0,congested,local_only,mode_switches_per_1000,0.0,0.0,0.0,0.0,30
50.0,congested,local_only,pct_local_fast,100.0,0.0,100.0,100.0,30
50.0,congested,local_only,pct_edge_accurate,0.0,0.0,0.0,0.0,30
50.0,congested,local_only,pct_hybrid,0.0,0.0,0.0,0.0,30
50.0,congested,local_only,pct_degraded_safe,0.0,0.0,0.0,0.0,30
50.0,congested,edge_only,deadline_miss_rate,1.0,0.0,1.0,1.0,30
50.0,congested,edge_only,p95_latency_ms,83.9426897259238,0.0980310426148264,83.9068548314308,83.97630119170667,30
50.0,congested,edge_only,p99_latency_ms,84.76917894966262,0.0552423938259245,84.74864289629895,84.78796946715677,30
50.0,congested,edge_only,mean_latency_ms,75.01259708814266,0.18113657767527402,74.94922511239096,75.0777912777531,30
50.0,congested,edge_only,usable_confidence_proxy,0.0,0.0,0.0,0.0,30
50.0,congested,edge_only,mean_output_confidence,0.7249282051819181,0.0016092933478095927,0.7243536843822596,0.725520489679899,30
50.0,congested,edge_only,bandwidth_per_1000_frames_kb,25000.0,0.0,25000.0,25000.0,30
50.0,congested,edge_only,remote_attempt_rate,1.0,0.0,1.0,1.0,30
50.0,congested,edge_only,remote_accept_rate,0.0,0.0,0.0,0.0,30
50.0,congested,edge_only,remote_accepted_per_frame,0.0,0.0,0.0,0.0,30
50.0,congested,edge_only,remote_rejected_deadline_rate,0.9504666666666668,0.007682193173438355,0.9477991666666665,0.9531666666666666,30
50.0,congested,edge_only,remote_failed_loss_rate,0.04953333333333333,0.007682193173438364,0.04683333333333333,0.05220083333333333,30
50.0,congested,edge_only,fallback_rate,1.0,0.0,1.0,1.0,30
50.0,congested,edge_only,reuse_rate,0.0,0.0,0.0,0.0,30
50.0,congested,edge_only,stale_acceptance_rate,0.0,0.0,0.0,0.0,30
50.0,congested,edge_only,mode_switches_per_1000,0.0,0.0,0.0,0.0,30
50.0,congested,edge_only,pct_local_fast,0.0,0.0,0.0,0.0,30
50.0,congested,edge_only,pct_edge_accurate,100.0,0.0,100.0,100.0,30
50.0,congested,edge_only,pct_hybrid,0.0,0.0,0.0,0.0,30
50.0,congested,edge_only,pct_degraded_safe,0.0,0.0,0.0,0.0,30
50.0,congested,cloud_only,deadline_miss_rate,1.0,0.0,1.0,1.0,30
50.0,congested,cloud_only,p95_latency_ms,83.9426897259238,0.0980310426148264,83.9068548314308,83.97630119170667,30
50.0,congested,cloud_only,p99_latency_ms,84.76917894966262,0.0552423938259245,84.74864289629895,84.78796946715677,30
50.0,congested,cloud_only,mean_latency_ms,75.01259708814266,0.18113657767527402,74.94922511239096,75.0777912777531,30
50.0,congested,cloud_only,usable_confidence_proxy,0.0,0.0,0.0,0.0,30
50.0,congested,cloud_only,mean_output_confidence,0.7249282051819181,0.0016092933478095927,0.7243536843822596,0.725520489679899,30
50.0,congested,cloud_only,bandwidth_per_1000_frames_kb,35000.0,0.0,35000.0,35000.0,30
50.0,congested,cloud_only,remote_attempt_rate,1.0,0.0,1.0,1.0,30
50.0,congested,cloud_only,remote_accept_rate,0.0,0.0,0.0,0.0,30
50.0,congested,cloud_only,remote_accepted_per_frame,0.0,0.0,0.0,0.0,30
50.0,congested,cloud_only,remote_rejected_deadline_rate,0.9505666666666667,0.00714231360821974,0.9480000000000001,0.9531333333333333,30
50.0,congested,cloud_only,remote_failed_loss_rate,0.049433333333333336,0.007142313608219744,0.04686666666666666,0.052000000000000005,30
50.0,congested,cloud_only,fallback_rate,1.0,0.0,1.0,1.0,30
50.0,congested,cloud_only,reuse_rate,0.0,0.0,0.0,0.0,30
50.0,congested,cloud_only,stale_acceptance_rate,0.0,0.0,0.0,0.0,30
50.0,congested,cloud_only,mode_switches_per_1000,0.0,0.0,0.0,0.0,30
50.0,congested,cloud_only,pct_local_fast,0.0,0.0,0.0,0.0,30
50.0,congested,cloud_only,pct_edge_accurate,100.0,0.0,100.0,100.0,30
50.0,congested,cloud_only,pct_hybrid,0.0,0.0,0.0,0.0,30
50.0,congested,cloud_only,pct_degraded_safe,0.0,0.0,0.0,0.0,30
50.0,congested,dapper,deadline_miss_rate,0.0,0.0,0.0,0.0,30
50.0,congested,dapper,p95_latency_ms,31.17566236969955,0.565378024877644,30.979558504075495,31.371327538420942,30
50.0,congested,dapper,p99_latency_ms,34.182737841466626,0.23376078903860192,34.101392085392895,34.265759709914235,30
50.0,congested,dapper,mean_latency_ms,7.393862425516067,0.14062005255142251,7.345303038455656,7.4446031790972285,30
50.0,congested,dapper,usable_confidence_proxy,0.7250032898678017,0.002514460325082457,0.7241310356763581,0.7258902759837533,30
50.0,congested,dapper,mean_output_confidence,0.7250032898678017,0.002514460325082457,0.7241310356763581,0.7258902759837533,30
50.0,congested,dapper,bandwidth_per_1000_frames_kb,0.0,0.0,0.0,0.0,30
50.0,congested,dapper,remote_attempt_rate,0.0,0.0,0.0,0.0,30
50.0,congested,dapper,remote_accept_rate,0.0,0.0,0.0,0.0,30
50.0,congested,dapper,remote_accepted_per_frame,0.0,0.0,0.0,0.0,30
50.0,congested,dapper,remote_rejected_deadline_rate,0.0,0.0,0.0,0.0,30
50.0,congested,dapper,remote_failed_loss_rate,0.0,0.0,0.0,0.0,30
50.0,congested,dapper,fallback_rate,0.9980666666666667,0.001387961376122981,0.9975666666666665,0.9985333333333333,30
50.0,congested,dapper,reuse_rate,0.7338333333333331,0.003097087990837284,0.7327333333333333,0.7349,30
50.0,congested,dapper,stale_acceptance_rate,0.0,0.0,0.0,0.0,30
50.0,congested,dapper,mode_switches_per_1000,3.1666666666666665,2.5472545509089657,2.3333333333333335,4.1,30
50.0,congested,dapper,pct_local_fast,0.19333333333333333,0.13879613761229795,0.14666666666666667,0.24333333333333335,30
50.0,congested,dapper,pct_edge_accurate,0.0,0.0,0.0,0.0,30
50.0,congested,dapper,pct_hybrid,0.0,0.0,0.0,0.0,30
50.0,congested,dapper,pct_degraded_safe,99.80666666666667,0.1387961376122998,99.75666666666666,99.85333333333334,30
50.0,congested,deadline_greedy,deadline_miss_rate,0.0,0.0,0.0,0.0,30
50.0,congested,deadline_greedy,p95_latency_ms,33.94268972592376,0.09803104261482531,33.906854831430806,33.97630119170664,30
50.0,congested,deadline_greedy,p99_latency_ms,34.769178949662624,0.05524239382592479,34.748642896298946,34.7879694671568,30
50.0,congested,deadline_greedy,mean_latency_ms,25.012597088142645,0.18113657767527264,24.949225112390963,25.077791277753096,30
50.0,congested,deadline_greedy,usable_confidence_proxy,0.7249282051819181,0.0016092933478095927,0.7243536843822596,0.725520489679899,30
50.0,congested,deadline_greedy,mean_output_confidence,0.7249282051819181,0.0016092933478095927,0.7243536843822596,0.725520489679899,30
50.0,congested,deadline_greedy,bandwidth_per_1000_frames_kb,0.0,0.0,0.0,0.0,30
50.0,congested,deadline_greedy,remote_attempt_rate,0.0,0.0,0.0,0.0,30
50.0,congested,deadline_greedy,remote_accept_rate,0.0,0.0,0.0,0.0,30
50.0,congested,deadline_greedy,remote_accepted_per_frame,0.0,0.0,0.0,0.0,30
50.0,congested,deadline_greedy,remote_rejected_deadline_rate,0.0,0.0,0.0,0.0,30
50.0,congested,deadline_greedy,remote_failed_loss_rate,0.0,0.0,0.0,0.0,30
50.0,congested,deadline_greedy,fallback_rate,0.0,0.0,0.0,0.0,30
50.0,congested,deadline_greedy,reuse_rate,0.0,0.0,0.0,0.0,30
50.0,congested,deadline_greedy,stale_acceptance_rate,0.0,0.0,0.0,0.0,30
50.0,congested,deadline_greedy,mode_switches_per_1000,0.0,0.0,0.0,0.0,30
50.0,congested,deadline_greedy,pct_local_fast,100.0,0.0,100.0,100.0,30
50.0,congested,deadline_greedy,pct_edge_accurate,0.0,0.0,0.0,0.0,30
50.0,congested,deadline_greedy,pct_hybrid,0.0,0.0,0.0,0.0,30
50.0,congested,deadline_greedy,pct_degraded_safe,0.0,0.0,0.0,0.0,30
50.0,congested,confidence_deadline,deadline_miss_rate,0.0,0.0,0.0,0.0,30
50.0,congested,confidence_deadline,p95_latency_ms,33.94268972592376,0.09803104261482531,33.906854831430806,33.97630119170664,30
50.0,congested,confidence_deadline,p99_latency_ms,34.769178949662624,0.05524239382592479,34.748642896298946,34.7879694671568,30
50.0,congested,confidence_deadline,mean_latency_ms,25.012597088142645,0.18113657767527264,24.949225112390963,25.077791277753096,30
50.0,congested,confidence_deadline,usable_confidence_proxy,0.7249282051819181,0.0016092933478095927,0.7243536843822596,0.725520489679899,30
50.0,congested,confidence_deadline,mean_output_confidence,0.7249282051819181,0.0016092933478095927,0.7243536843822596,0.725520489679899,30
50.0,congested,confidence_deadline,bandwidth_per_1000_frames_kb,0.0,0.0,0.0,0.0,30
50.0,congested,confidence_deadline,remote_attempt_rate,0.0,0.0,0.0,0.0,30
50.0,congested,confidence_deadline,remote_accept_rate,0.0,0.0,0.0,0.0,30
50.0,congested,confidence_deadline,remote_accepted_per_frame,0.0,0.0,0.0,0.0,30
50.0,congested,confidence_deadline,remote_rejected_deadline_rate,0.0,0.0,0.0,0.0,30
50.0,congested,confidence_deadline,remote_failed_loss_rate,0.0,0.0,0.0,0.0,30
50.0,congested,confidence_deadline,fallback_rate,0.0,0.0,0.0,0.0,30
50.0,congested,confidence_deadline,reuse_rate,0.0,0.0,0.0,0.0,30
50.0,congested,confidence_deadline,stale_acceptance_rate,0.0,0.0,0.0,0.0,30
50.0,congested,confidence_deadline,mode_switches_per_1000,0.0,0.0,0.0,0.0,30
50.0,congested,confidence_deadline,pct_local_fast,100.0,0.0,100.0,100.0,30
50.0,congested,confidence_deadline,pct_edge_accurate,0.0,0.0,0.0,0.0,30
50.0,congested,confidence_deadline,pct_hybrid,0.0,0.0,0.0,0.0,30
50.0,congested,confidence_deadline,pct_degraded_safe,0.0,0.0,0.0,0.0,30
50.0,congested,rtt_threshold,deadline_miss_rate,0.0,0.0,0.0,0.0,30
50.0,congested,rtt_threshold,p95_latency_ms,33.94268972592376,0.09803104261482531,33.906854831430806,33.97630119170664,30
50.0,congested,rtt_threshold,p99_latency_ms,34.769178949662624,0.05524239382592479,34.748642896298946,34.7879694671568,30
50.0,congested,rtt_threshold,mean_latency_ms,25.012597088142645,0.18113657767527264,24.949225112390963,25.077791277753096,30
50.0,congested,rtt_threshold,usable_confidence_proxy,0.7249282051819181,0.0016092933478095927,0.7243536843822596,0.725520489679899,30
50.0,congested,rtt_threshold,mean_output_confidence,0.7249282051819181,0.0016092933478095927,0.7243536843822596,0.725520489679899,30
50.0,congested,rtt_threshold,bandwidth_per_1000_frames_kb,0.0,0.0,0.0,0.0,30
50.0,congested,rtt_threshold,remote_attempt_rate,0.0,0.0,0.0,0.0,30
50.0,congested,rtt_threshold,remote_accept_rate,0.0,0.0,0.0,0.0,30
50.0,congested,rtt_threshold,remote_accepted_per_frame,0.0,0.0,0.0,0.0,30
50.0,congested,rtt_threshold,remote_rejected_deadline_rate,0.0,0.0,0.0,0.0,30
50.0,congested,rtt_threshold,remote_failed_loss_rate,0.0,0.0,0.0,0.0,30
50.0,congested,rtt_threshold,fallback_rate,0.0,0.0,0.0,0.0,30
50.0,congested,rtt_threshold,reuse_rate,0.0,0.0,0.0,0.0,30
50.0,congested,rtt_threshold,stale_acceptance_rate,0.0,0.0,0.0,0.0,30
50.0,congested,rtt_threshold,mode_switches_per_1000,0.0,0.0,0.0,0.0,30
50.0,congested,rtt_threshold,pct_local_fast,100.0,0.0,100.0,100.0,30
50.0,congested,rtt_threshold,pct_edge_accurate,0.0,0.0,0.0,0.0,30
50.0,congested,rtt_threshold,pct_hybrid,0.0,0.0,0.0,0.0,30
50.0,congested,rtt_threshold,pct_degraded_safe,0.0,0.0,0.0,0.0,30
50.0,congested,oracle_feasible,deadline_miss_rate,0.0,0.0,0.0,0.0,30
50.0,congested,oracle_feasible,p95_latency_ms,33.94268972592376,0.09803104261482531,33.906854831430806,33.97630119170664,30
50.0,congested,oracle_feasible,p99_latency_ms,34.769178949662624,0.05524239382592479,34.748642896298946,34.7879694671568,30
50.0,congested,oracle_feasible,mean_latency_ms,25.012597088142645,0.18113657767527264,24.949225112390963,25.077791277753096,30
50.0,congested,oracle_feasible,usable_confidence_proxy,0.7249282051819181,0.0016092933478095927,0.7243536843822596,0.725520489679899,30
50.0,congested,oracle_feasible,mean_output_confidence,0.7249282051819181,0.0016092933478095927,0.7243536843822596,0.725520489679899,30
50.0,congested,oracle_feasible,bandwidth_per_1000_frames_kb,0.0,0.0,0.0,0.0,30
50.0,congested,oracle_feasible,remote_attempt_rate,0.0,0.0,0.0,0.0,30
50.0,congested,oracle_feasible,remote_accept_rate,0.0,0.0,0.0,0.0,30
50.0,congested,oracle_feasible,remote_accepted_per_frame,0.0,0.0,0.0,0.0,30
50.0,congested,oracle_feasible,remote_rejected_deadline_rate,0.0,0.0,0.0,0.0,30
50.0,congested,oracle_feasible,remote_failed_loss_rate,0.0,0.0,0.0,0.0,30
50.0,congested,oracle_feasible,fallback_rate,0.0,0.0,0.0,0.0,30
50.0,congested,oracle_feasible,reuse_rate,0.0,0.0,0.0,0.0,30
50.0,congested,oracle_feasible,stale_acceptance_rate,0.0,0.0,0.0,0.0,30
50.0,congested,oracle_feasible,mode_switches_per_1000,0.0,0.0,0.0,0.0,30
50.0,congested,oracle_feasible,pct_local_fast,100.0,0.0,100.0,100.0,30
50.0,congested,oracle_feasible,pct_edge_accurate,0.0,0.0,0.0,0.0,30
50.0,congested,oracle_feasible,pct_hybrid,0.0,0.0,0.0,0.0,30
50.0,congested,oracle_feasible,pct_degraded_safe,0.0,0.0,0.0,0.0,30
50.0,lossy,local_only,deadline_miss_rate,0.0,0.0,0.0,0.0,30
50.0,lossy,local_only,p95_latency_ms,34.012278154614826,0.12120943376607804,33.96820622195287,34.05448763655662,30
50.0,lossy,local_only,p99_latency_ms,34.80546807570768,0.06143547890706443,34.78316485257998,34.826772350222946,30
50.0,lossy,local_only,mean_latency_ms,25.003209635014095,0.15974262798343122,24.94828249795479,25.06142062043607,30
50.0,lossy,local_only,usable_confidence_proxy,0.7247968267120143,0.001322250002252836,0.724324432482122,0.7252569980501671,30
50.0,lossy,local_only,mean_output_confidence,0.7247968267120143,0.001322250002252836,0.724324432482122,0.7252569980501671,30
50.0,lossy,local_only,bandwidth_per_1000_frames_kb,0.0,0.0,0.0,0.0,30
50.0,lossy,local_only,remote_attempt_rate,0.0,0.0,0.0,0.0,30
50.0,lossy,local_only,remote_accept_rate,0.0,0.0,0.0,0.0,30
50.0,lossy,local_only,remote_accepted_per_frame,0.0,0.0,0.0,0.0,30
50.0,lossy,local_only,remote_rejected_deadline_rate,0.0,0.0,0.0,0.0,30
50.0,lossy,local_only,remote_failed_loss_rate,0.0,0.0,0.0,0.0,30
50.0,lossy,local_only,fallback_rate,0.0,0.0,0.0,0.0,30
50.0,lossy,local_only,reuse_rate,0.0,0.0,0.0,0.0,30
50.0,lossy,local_only,stale_acceptance_rate,0.0,0.0,0.0,0.0,30
50.0,lossy,local_only,mode_switches_per_1000,0.0,0.0,0.0,0.0,30
50.0,lossy,local_only,pct_local_fast,100.0,0.0,100.0,100.0,30
50.0,lossy,local_only,pct_edge_accurate,0.0,0.0,0.0,0.0,30
50.0,lossy,local_only,pct_hybrid,0.0,0.0,0.0,0.0,30
50.0,lossy,local_only,pct_degraded_safe,0.0,0.0,0.0,0.0,30
50.0,lossy,edge_only,deadline_miss_rate,1.0,0.0,1.0,1.0,30
50.0,lossy,edge_only,p95_latency_ms,84.01227815461483,0.12120943376607893,83.96820622195287,84.0544876365566,30
50.0,lossy,edge_only,p99_latency_ms,84.8054680757077,0.06143547890706418,84.78316485258,84.82677235022294,30
50.0,lossy,edge_only,mean_latency_ms,75.00320963501412,0.1597426279834312,74.9482824979548,75.06142062043607,30
50.0,lossy,edge_only,usable_confidence_proxy,0.0,0.0,0.0,0.0,30
50.0,lossy,edge_only,mean_output_confidence,0.7247968267120143,0.001322250002252836,0.724324432482122,0.7252569980501671,30
50.0,lossy,edge_only,bandwidth_per_1000_frames_kb,25000.0,0.0,25000.0,25000.0,30
50.0,lossy,edge_only,remote_attempt_rate,1.0,0.0,1.0,1.0,30
50.0,lossy,edge_only,remote_accept_rate,0.0,0.0,0.0,0.0,30
50.0,lossy,edge_only,remote_accepted_per_frame,0.0,0.0,0.0,0.0,30
50.0,lossy,edge_only,remote_rejected_deadline_rate,0.7998333333333335,0.012903042499624883,0.7953666666666668,0.8043333333333333,30
50.0,lossy,edge_only,remote_failed_loss_rate,0.2001666666666667,0.0129030424996249,0.19566666666666668,0.20463333333333333,30
50.0,lossy,edge_only,fallback_rate,1.0,0.0,1.0,1.0,30
50.0,lossy,edge_only,reuse_rate,0.0,0.0,0.0,0.0,30
50.0,lossy,edge_only,stale_acceptance_rate,0.0,0.0,0.0,0.0,30
50.0,lossy,edge_only,mode_switches_per_1000,0.0,0.0,0.0,0.0,30
50.0,lossy,edge_only,pct_local_fast,0.0,0.0,0.0,0.0,30
50.0,lossy,edge_only,pct_edge_accurate,100.0,0.0,100.0,100.0,30
50.0,lossy,edge_only,pct_hybrid,0.0,0.0,0.0,0.0,30
50.0,lossy,edge_only,pct_degraded_safe,0.0,0.0,0.0,0.0,30
50.0,lossy,cloud_only,deadline_miss_rate,1.0,0.0,1.0,1.0,30
50.0,lossy,cloud_only,p95_latency_ms,84.01227815461483,0.12120943376607893,83.96820622195287,84.0544876365566,30
50.0,lossy,cloud_only,p99_latency_ms,84.8054680757077,0.06143547890706418,84.78316485258,84.82677235022294,30
50.0,lossy,cloud_only,mean_latency_ms,75.00320963501412,0.1597426279834312,74.9482824979548,75.06142062043607,30
50.0,lossy,cloud_only,usable_confidence_proxy,0.0,0.0,0.0,0.0,30
50.0,lossy,cloud_only,mean_output_confidence,0.7247968267120143,0.001322250002252836,0.724324432482122,0.7252569980501671,30
50.0,lossy,cloud_only,bandwidth_per_1000_frames_kb,35000.0,0.0,35000.0,35000.0,30
50.0,lossy,cloud_only,remote_attempt_rate,1.0,0.0,1.0,1.0,30
50.0,lossy,cloud_only,remote_accept_rate,0.0,0.0,0.0,0.0,30
50.0,lossy,cloud_only,remote_accepted_per_frame,0.0,0.0,0.0,0.0,30
50.0,lossy,cloud_only,remote_rejected_deadline_rate,0.8026666666666666,0.012160800034178009,0.7983333333333335,0.8069333333333333,30
50.0,lossy,cloud_only,remote_failed_loss_rate,0.19733333333333336,0.012160800034178028,0.1930666666666667,0.20166666666666663,30
50.0,lossy,cloud_only,fallback_rate,1.0,0.0,1.0,1.0,30
50.0,lossy,cloud_only,reuse_rate,0.0,0.0,0.0,0.0,30
50.0,lossy,cloud_only,stale_acceptance_rate,0.0,0.0,0.0,0.0,30
50.0,lossy,cloud_only,mode_switches_per_1000,0.0,0.0,0.0,0.0,30
50.0,lossy,cloud_only,pct_local_fast,0.0,0.0,0.0,0.0,30
50.0,lossy,cloud_only,pct_edge_accurate,100.0,0.0,100.0,100.0,30
50.0,lossy,cloud_only,pct_hybrid,0.0,0.0,0.0,0.0,30
50.0,lossy,cloud_only,pct_degraded_safe,0.0,0.0,0.0,0.0,30
50.0,lossy,dapper,deadline_miss_rate,0.0,0.0,0.0,0.0,30
50.0,lossy,dapper,p95_latency_ms,33.75081637402,0.17013285109659065,33.68930229756322,33.80770329606673,30
50.0,lossy,dapper,p99_latency_ms,34.75400597796082,0.08073063307067589,34.72399547694096,34.7803358669022,30
50.0,lossy,dapper,mean_latency_ms,20.507727627990793,0.5230827798978543,20.32393415826991,20.688967166804577,30
50.0,lossy,dapper,usable_confidence_proxy,0.7248585789444568,0.0014378391828357784,0.7243336844280771,0.7253627271682606,30
50.0,lossy,dapper,mean_output_confidence,0.7248585789444568,0.0014378391828357784,0.7243336844280771,0.7253627271682606,30
50.0,lossy,dapper,bandwidth_per_1000_frames_kb,0.0,0.0,0.0,0.0,30
50.0,lossy,dapper,remote_attempt_rate,0.0,0.0,0.0,0.0,30
50.0,lossy,dapper,remote_accept_rate,0.0,0.0,0.0,0.0,30
50.0,lossy,dapper,remote_accepted_per_frame,0.0,0.0,0.0,0.0,30
50.0,lossy,dapper,remote_rejected_deadline_rate,0.0,0.0,0.0,0.0,30
50.0,lossy,dapper,remote_failed_loss_rate,0.0,0.0,0.0,0.0,30
50.0,lossy,dapper,fallback_rate,0.20089999999999997,0.022640138296153703,0.19323333333333334,0.2088,30
50.0,lossy,dapper,reuse_rate,0.18710000000000002,0.01970357923025049,0.18036666666666668,0.19386749999999997,30
50.0,lossy,dapper,stale_acceptance_rate,0.0,0.0,0.0,0.0,30
50.0,lossy,dapper,mode_switches_per_1000,223.36666666666667,17.767625214055098,217.13333333333333,229.6,30
50.0,lossy,dapper,pct_local_fast,79.91000000000001,2.2640138296153682,79.12000000000002,80.67666666666666,30
50.0,lossy,dapper,pct_edge_accurate,0.0,0.0,0.0,0.0,30
50.0,lossy,dapper,pct_hybrid,0.0,0.0,0.0,0.0,30
50.0,lossy,dapper,pct_degraded_safe,20.09,2.2640138296153705,19.323333333333334,20.879999999999995,30
50.0,lossy,deadline_greedy,deadline_miss_rate,0.0,0.0,0.0,0.0,30
50.0,lossy,deadline_greedy,p95_latency_ms,34.012278154614826,0.12120943376607804,33.96820622195287,34.05448763655662,30
50.0,lossy,deadline_greedy,p99_latency_ms,34.80546807570768,0.06143547890706443,34.78316485257998,34.826772350222946,30
50.0,lossy,deadline_greedy,mean_latency_ms,25.003209635014095,0.15974262798343122,24.94828249795479,25.06142062043607,30
50.0,lossy,deadline_greedy,usable_confidence_proxy,0.7247968267120143,0.001322250002252836,0.724324432482122,0.7252569980501671,30
50.0,lossy,deadline_greedy,mean_output_confidence,0.7247968267120143,0.001322250002252836,0.724324432482122,0.7252569980501671,30
50.0,lossy,deadline_greedy,bandwidth_per_1000_frames_kb,0.0,0.0,0.0,0.0,30
50.0,lossy,deadline_greedy,remote_attempt_rate,0.0,0.0,0.0,0.0,30
50.0,lossy,deadline_greedy,remote_accept_rate,0.0,0.0,0.0,0.0,30
50.0,lossy,deadline_greedy,remote_accepted_per_frame,0.0,0.0,0.0,0.0,30
50.0,lossy,deadline_greedy,remote_rejected_deadline_rate,0.0,0.0,0.0,0.0,30
50.0,lossy,deadline_greedy,remote_failed_loss_rate,0.0,0.0,0.0,0.0,30
50.0,lossy,deadline_greedy,fallback_rate,0.0,0.0,0.0,0.0,30
50.0,lossy,deadline_greedy,reuse_rate,0.0,0.0,0.0,0.0,30
50.0,lossy,deadline_greedy,stale_acceptance_rate,0.0,0.0,0.0,0.0,30
50.0,lossy,deadline_greedy,mode_switches_per_1000,0.0,0.0,0.0,0.0,30
50.0,lossy,deadline_greedy,pct_local_fast,100.0,0.0,100.0,100.0,30
50.0,lossy,deadline_greedy,pct_edge_accurate,0.0,0.0,0.0,0.0,30
50.0,lossy,deadline_greedy,pct_hybrid,0.0,0.0,0.0,0.0,30
50.0,lossy,deadline_greedy,pct_degraded_safe,0.0,0.0,0.0,0.0,30
50.0,lossy,confidence_deadline,deadline_miss_rate,0.0,0.0,0.0,0.0,30
50.0,lossy,confidence_deadline,p95_latency_ms,34.012278154614826,0.12120943376607804,33.96820622195287,34.05448763655662,30
50.0,lossy,confidence_deadline,p99_latency_ms,34.80546807570768,0.06143547890706443,34.78316485257998,34.826772350222946,30
50.0,lossy,confidence_deadline,mean_latency_ms,25.003209635014095,0.15974262798343122,24.94828249795479,25.06142062043607,30
50.0,lossy,confidence_deadline,usable_confidence_proxy,0.7247968267120143,0.001322250002252836,0.724324432482122,0.7252569980501671,30
50.0,lossy,confidence_deadline,mean_output_confidence,0.7247968267120143,0.001322250002252836,0.724324432482122,0.7252569980501671,30
50.0,lossy,confidence_deadline,bandwidth_per_1000_frames_kb,0.0,0.0,0.0,0.0,30
50.0,lossy,confidence_deadline,remote_attempt_rate,0.0,0.0,0.0,0.0,30
50.0,lossy,confidence_deadline,remote_accept_rate,0.0,0.0,0.0,0.0,30
50.0,lossy,confidence_deadline,remote_accepted_per_frame,0.0,0.0,0.0,0.0,30
50.0,lossy,confidence_deadline,remote_rejected_deadline_rate,0.0,0.0,0.0,0.0,30
50.0,lossy,confidence_deadline,remote_failed_loss_rate,0.0,0.0,0.0,0.0,30
50.0,lossy,confidence_deadline,fallback_rate,0.0,0.0,0.0,0.0,30
50.0,lossy,confidence_deadline,reuse_rate,0.0,0.0,0.0,0.0,30
50.0,lossy,confidence_deadline,stale_acceptance_rate,0.0,0.0,0.0,0.0,30
50.0,lossy,confidence_deadline,mode_switches_per_1000,0.0,0.0,0.0,0.0,30
50.0,lossy,confidence_deadline,pct_local_fast,100.0,0.0,100.0,100.0,30
50.0,lossy,confidence_deadline,pct_edge_accurate,0.0,0.0,0.0,0.0,30
50.0,lossy,confidence_deadline,pct_hybrid,0.0,0.0,0.0,0.0,30
50.0,lossy,confidence_deadline,pct_degraded_safe,0.0,0.0,0.0,0.0,30
50.0,lossy,rtt_threshold,deadline_miss_rate,0.0,0.0,0.0,0.0,30
50.0,lossy,rtt_threshold,p95_latency_ms,34.012278154614826,0.12120943376607804,33.96820622195287,34.05448763655662,30
50.0,lossy,rtt_threshold,p99_latency_ms,34.80546807570768,0.06143547890706443,34.78316485257998,34.826772350222946,30
50.0,lossy,rtt_threshold,mean_latency_ms,25.003209635014095,0.15974262798343122,24.94828249795479,25.06142062043607,30
50.0,lossy,rtt_threshold,usable_confidence_proxy,0.7247968267120143,0.001322250002252836,0.724324432482122,0.7252569980501671,30
50.0,lossy,rtt_threshold,mean_output_confidence,0.7247968267120143,0.001322250002252836,0.724324432482122,0.7252569980501671,30
50.0,lossy,rtt_threshold,bandwidth_per_1000_frames_kb,0.0,0.0,0.0,0.0,30
50.0,lossy,rtt_threshold,remote_attempt_rate,0.0,0.0,0.0,0.0,30
50.0,lossy,rtt_threshold,remote_accept_rate,0.0,0.0,0.0,0.0,30
50.0,lossy,rtt_threshold,remote_accepted_per_frame,0.0,0.0,0.0,0.0,30
50.0,lossy,rtt_threshold,remote_rejected_deadline_rate,0.0,0.0,0.0,0.0,30
50.0,lossy,rtt_threshold,remote_failed_loss_rate,0.0,0.0,0.0,0.0,30
50.0,lossy,rtt_threshold,fallback_rate,0.0,0.0,0.0,0.0,30
50.0,lossy,rtt_threshold,reuse_rate,0.0,0.0,0.0,0.0,30
50.0,lossy,rtt_threshold,stale_acceptance_rate,0.0,0.0,0.0,0.0,30
50.0,lossy,rtt_threshold,mode_switches_per_1000,0.0,0.0,0.0,0.0,30
50.0,lossy,rtt_threshold,pct_local_fast,100.0,0.0,100.0,100.0,30
50.0,lossy,rtt_threshold,pct_edge_accurate,0.0,0.0,0.0,0.0,30
50.0,lossy,rtt_threshold,pct_hybrid,0.0,0.0,0.0,0.0,30
50.0,lossy,rtt_threshold,pct_degraded_safe,0.0,0.0,0.0,0.0,30
50.0,lossy,oracle_feasible,deadline_miss_rate,0.0,0.0,0.0,0.0,30
50.0,lossy,oracle_feasible,p95_latency_ms,34.012278154614826,0.12120943376607804,33.96820622195287,34.05448763655662,30
50.0,lossy,oracle_feasible,p99_latency_ms,34.80546807570768,0.06143547890706443,34.78316485257998,34.826772350222946,30
50.0,lossy,oracle_feasible,mean_latency_ms,25.003209635014095,0.15974262798343122,24.94828249795479,25.06142062043607,30
50.0,lossy,oracle_feasible,usable_confidence_proxy,0.7247968267120143,0.001322250002252836,0.724324432482122,0.7252569980501671,30
50.0,lossy,oracle_feasible,mean_output_confidence,0.7247968267120143,0.001322250002252836,0.724324432482122,0.7252569980501671,30
50.0,lossy,oracle_feasible,bandwidth_per_1000_frames_kb,0.0,0.0,0.0,0.0,30
50.0,lossy,oracle_feasible,remote_attempt_rate,0.0,0.0,0.0,0.0,30
50.0,lossy,oracle_feasible,remote_accept_rate,0.0,0.0,0.0,0.0,30
50.0,lossy,oracle_feasible,remote_accepted_per_frame,0.0,0.0,0.0,0.0,30
50.0,lossy,oracle_feasible,remote_rejected_deadline_rate,0.0,0.0,0.0,0.0,30
50.0,lossy,oracle_feasible,remote_failed_loss_rate,0.0,0.0,0.0,0.0,30
50.0,lossy,oracle_feasible,fallback_rate,0.0,0.0,0.0,0.0,30
50.0,lossy,oracle_feasible,reuse_rate,0.0,0.0,0.0,0.0,30
50.0,lossy,oracle_feasible,stale_acceptance_rate,0.0,0.0,0.0,0.0,30
50.0,lossy,oracle_feasible,mode_switches_per_1000,0.0,0.0,0.0,0.0,30
50.0,lossy,oracle_feasible,pct_local_fast,100.0,0.0,100.0,100.0,30
50.0,lossy,oracle_feasible,pct_edge_accurate,0.0,0.0,0.0,0.0,30
50.0,lossy,oracle_feasible,pct_hybrid,0.0,0.0,0.0,0.0,30
50.0,lossy,oracle_feasible,pct_degraded_safe,0.0,0.0,0.0,0.0,30
50.0,variable,local_only,deadline_miss_rate,0.0,0.0,0.0,0.0,30
50.0,variable,local_only,p95_latency_ms,33.968149024906744,0.1405586387811733,33.91643690824179,34.01692474906916,30
50.0,variable,local_only,p99_latency_ms,34.76851135047007,0.06136746205108886,34.74544472215542,34.78830822433854,30
50.0,variable,local_only,mean_latency_ms,24.954267881168015,0.19098209259437163,24.888226088629484,25.022143227100855,30
50.0,variable,local_only,usable_confidence_proxy,0.7253139635038416,0.0015586878317280677,0.7247747251435688,0.725862167316182,30
50.0,variable,local_only,mean_output_confidence,0.7253139635038416,0.0015586878317280677,0.7247747251435688,0.725862167316182,30
50.0,variable,local_only,bandwidth_per_1000_frames_kb,0.0,0.0,0.0,0.0,30
50.0,variable,local_only,remote_attempt_rate,0.0,0.0,0.0,0.0,30
50.0,variable,local_only,remote_accept_rate,0.0,0.0,0.0,0.0,30
50.0,variable,local_only,remote_accepted_per_frame,0.0,0.0,0.0,0.0,30
50.0,variable,local_only,remote_rejected_deadline_rate,0.0,0.0,0.0,0.0,30
50.0,variable,local_only,remote_failed_loss_rate,0.0,0.0,0.0,0.0,30
50.0,variable,local_only,fallback_rate,0.0,0.0,0.0,0.0,30
50.0,variable,local_only,reuse_rate,0.0,0.0,0.0,0.0,30
50.0,variable,local_only,stale_acceptance_rate,0.0,0.0,0.0,0.0,30
50.0,variable,local_only,mode_switches_per_1000,0.0,0.0,0.0,0.0,30
50.0,variable,local_only,pct_local_fast,100.0,0.0,100.0,100.0,30
50.0,variable,local_only,pct_edge_accurate,0.0,0.0,0.0,0.0,30
50.0,variable,local_only,pct_hybrid,0.0,0.0,0.0,0.0,30
50.0,variable,local_only,pct_degraded_safe,0.0,0.0,0.0,0.0,30
50.0,variable,edge_only,deadline_miss_rate,0.7819999999999999,0.04009385540677411,0.7676991666666665,0.7958008333333334,30
50.0,variable,edge_only,p95_latency_ms,83.6663704718774,0.2303474546051634,83.5857721747686,83.74635794064136,30
50.0,variable,edge_only,p99_latency_ms,84.71162317962177,0.08756262698262061,84.6789452112297,84.73983835733033,30
50.0,variable,edge_only,mean_latency_ms,64.054267881168,1.9790352037456829,63.356721287214235,64.74065910161043,30
50.0,variable,edge_only,usable_confidence_proxy,0.1580399411309307,0.029087738068927515,0.1479729652944653,0.16840410707253156,30
50.0,variable,edge_only,mean_output_confidence,0.7253139635038416,0.0015586878317280677,0.7247747251435688,0.725862167316182,30
50.0,variable,edge_only,bandwidth_per_1000_frames_kb,19550.0,1002.346385169353,19192.479166666668,19895.020833333332,30
50.0,variable,edge_only,remote_attempt_rate,0.7819999999999999,0.04009385540677411,0.7676991666666665,0.7958008333333334,30
50.0,variable,edge_only,remote_accept_rate,0.0,0.0,0.0,0.0,30
50.0,variable,edge_only,remote_accepted_per_frame,0.0,0.0,0.0,0.0,30
50.0,variable,edge_only,remote_rejected_deadline_rate,0.930029686985047,0.010165868779043335,0.9266116650836896,0.933671673964798,30
50.0,variable,edge_only,remote_failed_loss_rate,0.06997031301495303,0.010165868779043342,0.06632832603520199,0.07338833491631039,30
50.0,variable,edge_only,fallback_rate,1.0,0.0,1.0,1.0,30
50.0,variable,edge_only,reuse_rate,0.0,0.0,0.0,0.0,30
50.0,variable,edge_only,stale_acceptance_rate,0.0,0.0,0.0,0.0,30
50.0,variable,edge_only,mode_switches_per_1000,0.0,0.0,0.0,0.0,30
50.0,variable,edge_only,pct_local_fast,0.0,0.0,0.0,0.0,30
50.0,variable,edge_only,pct_edge_accurate,100.0,0.0,100.0,100.0,30
50.0,variable,edge_only,pct_hybrid,0.0,0.0,0.0,0.0,30
50.0,variable,edge_only,pct_degraded_safe,0.0,0.0,0.0,0.0,30
50.0,variable,cloud_only,deadline_miss_rate,0.7819999999999999,0.04009385540677411,0.7676991666666665,0.7958008333333334,30
50.0,variable,cloud_only,p95_latency_ms,83.6663704718774,0.2303474546051634,83.5857721747686,83.74635794064136,30
50.0,variable,cloud_only,p99_latency_ms,84.71162317962177,0.08756262698262061,84.6789452112297,84.73983835733033,30
50.0,variable,cloud_only,mean_latency_ms,64.054267881168,1.9790352037456829,63.356721287214235,64.74065910161043,30
50.0,variable,cloud_only,usable_confidence_proxy,0.1580399411309307,0.029087738068927515,0.1479729652944653,0.16840410707253156,30
50.0,variable,cloud_only,mean_output_confidence,0.7253139635038416,0.0015586878317280677,0.7247747251435688,0.725862167316182,30
50.0,variable,cloud_only,bandwidth_per_1000_frames_kb,27370.0,1403.2849392370942,26869.470833333333,27853.029166666667,30
50.0,variable,cloud_only,remote_attempt_rate,0.7819999999999999,0.04009385540677411,0.7676991666666665,0.7958008333333334,30
50.0,variable,cloud_only,remote_accept_rate,0.0,0.0,0.0,0.0,30
50.0,variable,cloud_only,remote_accepted_per_frame,0.0,0.0,0.0,0.0,30
50.0,variable,cloud_only,remote_rejected_deadline_rate,0.9282382668900749,0.011708123029951226,0.9240471924385651,0.9323063818590034,30
50.0,variable,cloud_only,remote_failed_loss_rate,0.07176173310992494,0.011708123029951225,0.0676936181409964,0.07595280756143473,30
50.0,variable,cloud_only,fallback_rate,1.0,0.0,1.0,1.0,30
50.0,variable,cloud_only,reuse_rate,0.0,0.0,0.0,0.0,30
50.0,variable,cloud_only,stale_acceptance_rate,0.0,0.0,0.0,0.0,30
50.0,variable,cloud_only,mode_switches_per_1000,0.0,0.0,0.0,0.0,30
50.0,variable,cloud_only,pct_local_fast,0.0,0.0,0.0,0.0,30
50.0,variable,cloud_only,pct_edge_accurate,100.0,0.0,100.0,100.0,30
50.0,variable,cloud_only,pct_hybrid,0.0,0.0,0.0,0.0,30
50.0,variable,cloud_only,pct_degraded_safe,0.0,0.0,0.0,0.0,30
50.0,variable,dapper,deadline_miss_rate,0.0,0.0,0.0,0.0,30
50.0,variable,dapper,p95_latency_ms,32.83816402431469,0.3131435967029503,32.72445700148335,32.94398859841325,30
50.0,variable,dapper,p99_latency_ms,34.508541313931,0.15488530828060698,34.45089205956888,34.561571722870816,30
50.0,variable,dapper,mean_latency_ms,12.391575388445972,0.5555025984941646,12.195451541799196,12.580536004606452,30
50.0,variable,dapper,usable_confidence_proxy,0.7253141763096723,0.002620439786091339,0.7243687317100859,0.7262188564878559,30
50.0,variable,dapper,mean_output_confidence,0.7253141763096723,0.002620439786091339,0.7243687317100859,0.7262188564878559,30
50.0,variable,dapper,bandwidth_per_1000_frames_kb,0.0,0.0,0.0,0.0,30
50.0,variable,dapper,remote_attempt_rate,0.0,0.0,0.0,0.0,30
50.0,variable,dapper,remote_accept_rate,0.0,0.0,0.0,0.0,30
50.0,variable,dapper,remote_accepted_per_frame,0.0,0.0,0.0,0.0,30
50.0,variable,dapper,remote_rejected_deadline_rate,0.0,0.0,0.0,0.0,30
50.0,variable,dapper,remote_failed_loss_rate,0.0,0.0,0.0,0.0,30
50.0,variable,dapper,fallback_rate,0.6617666666666667,0.03223157943141598,0.6504666666666667,0.6729,30
50.0,variable,dapper,reuse_rate,0.5246000000000001,0.022490764388046508,0.5167325,0.5323675,30
50.0,variable,dapper,stale_acceptance_rate,0.0,0.0,0.0,0.0,30
50.0,variable,dapper,mode_switches_per_1000,301.3333333333333,15.663120165960976,296.0,306.8,30
50.0,variable,dapper,pct_local_fast,39.41333333333334,2.789108538006653,38.45325,40.386749999999985,30
50.0,variable,dapper,pct_edge_accurate,0.0,0.0,0.0,0.0,30
50.0,variable,dapper,pct_hybrid,0.0,0.0,0.0,0.0,30
50.0,variable,dapper,pct_degraded_safe,60.58666666666666,2.789108538006653,59.61325,61.54675,30
50.0,variable,deadline_greedy,deadline_miss_rate,0.0,0.0,0.0,0.0,30
50.0,variable,deadline_greedy,p95_latency_ms,33.968149024906744,0.1405586387811733,33.91643690824179,34.01692474906916,30
50.0,variable,deadline_greedy,p99_latency_ms,34.76851135047007,0.06136746205108886,34.74544472215542,34.78830822433854,30
50.0,variable,deadline_greedy,mean_latency_ms,24.954267881168015,0.19098209259437163,24.888226088629484,25.022143227100855,30
50.0,variable,deadline_greedy,usable_confidence_proxy,0.7253139635038416,0.0015586878317280677,0.7247747251435688,0.725862167316182,30
50.0,variable,deadline_greedy,mean_output_confidence,0.7253139635038416,0.0015586878317280677,0.7247747251435688,0.725862167316182,30
50.0,variable,deadline_greedy,bandwidth_per_1000_frames_kb,0.0,0.0,0.0,0.0,30
50.0,variable,deadline_greedy,remote_attempt_rate,0.0,0.0,0.0,0.0,30
50.0,variable,deadline_greedy,remote_accept_rate,0.0,0.0,0.0,0.0,30
50.0,variable,deadline_greedy,remote_accepted_per_frame,0.0,0.0,0.0,0.0,30
50.0,variable,deadline_greedy,remote_rejected_deadline_rate,0.0,0.0,0.0,0.0,30
50.0,variable,deadline_greedy,remote_failed_loss_rate,0.0,0.0,0.0,0.0,30
50.0,variable,deadline_greedy,fallback_rate,0.0,0.0,0.0,0.0,30
50.0,variable,deadline_greedy,reuse_rate,0.0,0.0,0.0,0.0,30
50.0,variable,deadline_greedy,stale_acceptance_rate,0.0,0.0,0.0,0.0,30
50.0,variable,deadline_greedy,mode_switches_per_1000,0.0,0.0,0.0,0.0,30
50.0,variable,deadline_greedy,pct_local_fast,100.0,0.0,100.0,100.0,30
50.0,variable,deadline_greedy,pct_edge_accurate,0.0,0.0,0.0,0.0,30
50.0,variable,deadline_greedy,pct_hybrid,0.0,0.0,0.0,0.0,30
50.0,variable,deadline_greedy,pct_degraded_safe,0.0,0.0,0.0,0.0,30
50.0,variable,confidence_deadline,deadline_miss_rate,0.0,0.0,0.0,0.0,30
50.0,variable,confidence_deadline,p95_latency_ms,33.968149024906744,0.1405586387811733,33.91643690824179,34.01692474906916,30
50.0,variable,confidence_deadline,p99_latency_ms,34.76851135047007,0.06136746205108886,34.74544472215542,34.78830822433854,30
50.0,variable,confidence_deadline,mean_latency_ms,24.954267881168015,0.19098209259437163,24.888226088629484,25.022143227100855,30
50.0,variable,confidence_deadline,usable_confidence_proxy,0.7253139635038416,0.0015586878317280677,0.7247747251435688,0.725862167316182,30
50.0,variable,confidence_deadline,mean_output_confidence,0.7253139635038416,0.0015586878317280677,0.7247747251435688,0.725862167316182,30
50.0,variable,confidence_deadline,bandwidth_per_1000_frames_kb,0.0,0.0,0.0,0.0,30
50.0,variable,confidence_deadline,remote_attempt_rate,0.0,0.0,0.0,0.0,30
50.0,variable,confidence_deadline,remote_accept_rate,0.0,0.0,0.0,0.0,30
50.0,variable,confidence_deadline,remote_accepted_per_frame,0.0,0.0,0.0,0.0,30
50.0,variable,confidence_deadline,remote_rejected_deadline_rate,0.0,0.0,0.0,0.0,30
50.0,variable,confidence_deadline,remote_failed_loss_rate,0.0,0.0,0.0,0.0,30
50.0,variable,confidence_deadline,fallback_rate,0.0,0.0,0.0,0.0,30
50.0,variable,confidence_deadline,reuse_rate,0.0,0.0,0.0,0.0,30
50.0,variable,confidence_deadline,stale_acceptance_rate,0.0,0.0,0.0,0.0,30
50.0,variable,confidence_deadline,mode_switches_per_1000,0.0,0.0,0.0,0.0,30
50.0,variable,confidence_deadline,pct_local_fast,100.0,0.0,100.0,100.0,30
50.0,variable,confidence_deadline,pct_edge_accurate,0.0,0.0,0.0,0.0,30
50.0,variable,confidence_deadline,pct_hybrid,0.0,0.0,0.0,0.0,30
50.0,variable,confidence_deadline,pct_degraded_safe,0.0,0.0,0.0,0.0,30
50.0,variable,rtt_threshold,deadline_miss_rate,0.0007333333333333333,0.0009071871393197364,0.00043333333333333337,0.001066666666666667,30
50.0,variable,rtt_threshold,p95_latency_ms,33.986695938437485,0.1373435794736967,33.93640071825767,34.03465311828479,30
50.0,variable,rtt_threshold,p99_latency_ms,34.78130098298774,0.06030290078866963,34.75768079084346,34.80021007461255,30
50.0,variable,rtt_threshold,mean_latency_ms,24.990934547834684,0.18303939980758369,24.92859250289413,25.05547204292655,30
50.0,variable,rtt_threshold,usable_confidence_proxy,0.7247915894943966,0.0016219141486081034,0.724220869319255,0.7253643128676148,30
50.0,variable,rtt_threshold,mean_output_confidence,0.7253139635038416,0.0015586878317280677,0.7247747251435688,0.725862167316182,30
50.0,variable,rtt_threshold,bandwidth_per_1000_frames_kb,18.333333333333332,22.679678482993406,10.833333333333334,26.666666666666668,30
50.0,variable,rtt_threshold,remote_attempt_rate,0.0007333333333333333,0.0009071871393197364,0.00043333333333333337,0.001066666666666667,30
50.0,variable,rtt_threshold,remote_accept_rate,0.0,0.0,0.0,0.0,30
50.0,variable,rtt_threshold,remote_accepted_per_frame,0.0,0.0,0.0,0.0,30
50.0,variable,rtt_threshold,remote_rejected_deadline_rate,0.45,0.49740706981651184,0.2833333333333333,0.6333333333333333,30
50.0,variable,rtt_threshold,remote_failed_loss_rate,0.016666666666666666,0.09128709291752767,0.0,0.05,30
50.0,variable,rtt_threshold,fallback_rate,0.0007333333333333333,0.0009071871393197364,0.00043333333333333337,0.001066666666666667,30
50.0,variable,rtt_threshold,reuse_rate,0.0,0.0,0.0,0.0,30
50.0,variable,rtt_threshold,stale_acceptance_rate,0.0,0.0,0.0,0.0,30
50.0,variable,rtt_threshold,mode_switches_per_1000,1.1333333333333333,1.3578211078487255,0.6666666666666666,1.6,30
50.0,variable,rtt_threshold,pct_local_fast,99.92666666666668,0.0907187139319738,99.89333333333335,99.95666666666668,30
50.0,variable,rtt_threshold,pct_edge_accurate,0.07333333333333333,0.09071871393197363,0.043333333333333335,0.1066666666666667,30
50.0,variable,rtt_threshold,pct_hybrid,0.0,0.0,0.0,0.0,30
50.0,variable,rtt_threshold,pct_degraded_safe,0.0,0.0,0.0,0.0,30
50.0,variable,oracle_feasible,deadline_miss_rate,0.0,0.0,0.0,0.0,30
50.0,variable,oracle_feasible,p95_latency_ms,33.968149024906744,0.1405586387811733,33.91643690824179,34.01692474906916,30
50.0,variable,oracle_feasible,p99_latency_ms,34.76851135047007,0.06136746205108886,34.74544472215542,34.78830822433854,30
50.0,variable,oracle_feasible,mean_latency_ms,24.954267881168015,0.19098209259437163,24.888226088629484,25.022143227100855,30
50.0,variable,oracle_feasible,usable_confidence_proxy,0.7253139635038416,0.0015586878317280677,0.7247747251435688,0.725862167316182,30
50.0,variable,oracle_feasible,mean_output_confidence,0.7253139635038416,0.0015586878317280677,0.7247747251435688,0.725862167316182,30
50.0,variable,oracle_feasible,bandwidth_per_1000_frames_kb,0.0,0.0,0.0,0.0,30
50.0,variable,oracle_feasible,remote_attempt_rate,0.0,0.0,0.0,0.0,30
50.0,variable,oracle_feasible,remote_accept_rate,0.0,0.0,0.0,0.0,30
50.0,variable,oracle_feasible,remote_accepted_per_frame,0.0,0.0,0.0,0.0,30
50.0,variable,oracle_feasible,remote_rejected_deadline_rate,0.0,0.0,0.0,0.0,30
50.0,variable,oracle_feasible,remote_failed_loss_rate,0.0,0.0,0.0,0.0,30
50.0,variable,oracle_feasible,fallback_rate,0.0,0.0,0.0,0.0,30
50.0,variable,oracle_feasible,reuse_rate,0.0,0.0,0.0,0.0,30
50.0,variable,oracle_feasible,stale_acceptance_rate,0.0,0.0,0.0,0.0,30
50.0,variable,oracle_feasible,mode_switches_per_1000,0.0,0.0,0.0,0.0,30
50.0,variable,oracle_feasible,pct_local_fast,100.0,0.0,100.0,100.0,30
50.0,variable,oracle_feasible,pct_edge_accurate,0.0,0.0,0.0,0.0,30
50.0,variable,oracle_feasible,pct_hybrid,0.0,0.0,0.0,0.0,30
50.0,variable,oracle_feasible,pct_degraded_safe,0.0,0.0,0.0,0.0,30
50.0,outage,local_only,deadline_miss_rate,0.0,0.0,0.0,0.0,30
50.0,outage,local_only,p95_latency_ms,34.0121154317442,0.15795577821290474,33.95559240397263,34.06678081351494,30
50.0,outage,local_only,p99_latency_ms,34.777699557235714,0.07705312091530245,34.749491147370385,34.80488086421645,30
50.0,outage,local_only,mean_latency_ms,25.010062503109022,0.1685788631806354,24.95087977218813,25.069247105913615,30
50.0,outage,local_only,usable_confidence_proxy,0.7249467226228217,0.0013696023696029161,0.7244430956540359,0.7254187925547377,30
50.0,outage,local_only,mean_output_confidence,0.7249467226228217,0.0013696023696029161,0.7244430956540359,0.7254187925547377,30
50.0,outage,local_only,bandwidth_per_1000_frames_kb,0.0,0.0,0.0,0.0,30
50.0,outage,local_only,remote_attempt_rate,0.0,0.0,0.0,0.0,30
50.0,outage,local_only,remote_accept_rate,0.0,0.0,0.0,0.0,30
50.0,outage,local_only,remote_accepted_per_frame,0.0,0.0,0.0,0.0,30
50.0,outage,local_only,remote_rejected_deadline_rate,0.0,0.0,0.0,0.0,30
50.0,outage,local_only,remote_failed_loss_rate,0.0,0.0,0.0,0.0,30
50.0,outage,local_only,fallback_rate,0.0,0.0,0.0,0.0,30
50.0,outage,local_only,reuse_rate,0.0,0.0,0.0,0.0,30
50.0,outage,local_only,stale_acceptance_rate,0.0,0.0,0.0,0.0,30
50.0,outage,local_only,mode_switches_per_1000,0.0,0.0,0.0,0.0,30
50.0,outage,local_only,pct_local_fast,100.0,0.0,100.0,100.0,30
50.0,outage,local_only,pct_edge_accurate,0.0,0.0,0.0,0.0,30
50.0,outage,local_only,pct_hybrid,0.0,0.0,0.0,0.0,30
50.0,outage,local_only,pct_degraded_safe,0.0,0.0,0.0,0.0,30
50.0,outage,edge_only,deadline_miss_rate,0.1468,0.017916280402144744,0.14046666666666668,0.15319999999999998,30
50.0,outage,edge_only,p95_latency_ms,78.07706649270382,1.0513613154171968,77.69653397211765,78.44161829814958,30
50.0,outage,edge_only,p99_latency_ms,83.55336169996855,0.49453161615289687,83.37598231284059,83.72639105592835,30
50.0,outage,edge_only,mean_latency_ms,32.35006250310902,0.9057534996626133,32.02345280918616,32.66553478294029,30
50.0,outage,edge_only,usable_confidence_proxy,0.6187231720593105,0.013185832525004102,0.6140224486563564,0.6233365380563796,30
50.0,outage,edge_only,mean_output_confidence,0.7249467226228217,0.0013696023696029161,0.7244430956540359,0.7254187925547377,30
50.0,outage,edge_only,bandwidth_per_1000_frames_kb,3670.0,447.9070100536186,3511.6666666666665,3830.0,30
50.0,outage,edge_only,remote_attempt_rate,0.1468,0.017916280402144744,0.14046666666666668,0.15319999999999998,30
50.0,outage,edge_only,remote_accept_rate,0.0,0.0,0.0,0.0,30
50.0,outage,edge_only,remote_accepted_per_frame,0.0,0.0,0.0,0.0,30
50.0,outage,edge_only,remote_rejected_deadline_rate,0.6478458263339892,0.030744298729784847,0.6370254896761771,0.6587201011002732,30
50.0,outage,edge_only,remote_failed_loss_rate,0.3521541736660107,0.030744298729784847,0.3412798988997264,0.36297451032382305,30
50.0,outage,edge_only,fallback_rate,1.0,0.0,1.0,1.0,30
50.0,outage,edge_only,reuse_rate,0.0,0.0,0.0,0.0,30
50.0,outage,edge_only,stale_acceptance_rate,0.0,0.0,0.0,0.0,30
50.0,outage,edge_only,mode_switches_per_1000,0.0,0.0,0.0,0.0,30
50.0,outage,edge_only,pct_local_fast,0.0,0.0,0.0,0.0,30
50.0,outage,edge_only,pct_edge_accurate,100.0,0.0,100.0,100.0,30
50.0,outage,edge_only,pct_hybrid,0.0,0.0,0.0,0.0,30
50.0,outage,edge_only,pct_degraded_safe,0.0,0.0,0.0,0.0,30
50.0,outage,cloud_only,deadline_miss_rate,0.1468,0.017916280402144744,0.14046666666666668,0.15319999999999998,30
50.0,outage,cloud_only,p95_latency_ms,78.07706649270382,1.0513613154171968,77.69653397211765,78.44161829814958,30
50.0,outage,cloud_only,p99_latency_ms,83.55336169996855,0.49453161615289687,83.37598231284059,83.72639105592835,30
50.0,outage,cloud_only,mean_latency_ms,32.35006250310902,0.9057534996626133,32.02345280918616,32.66553478294029,30
50.0,outage,cloud_only,usable_confidence_proxy,0.6187231720593105,0.013185832525004102,0.6140224486563564,0.6233365380563796,30
50.0,outage,cloud_only,mean_output_confidence,0.7249467226228217,0.0013696023696029161,0.7244430956540359,0.7254187925547377,30
50.0,outage,cloud_only,bandwidth_per_1000_frames_kb,5138.0,627.069814075066,4916.333333333333,5362.0,30
50.0,outage,cloud_only,remote_attempt_rate,0.1468,0.017916280402144744,0.14046666666666668,0.15319999999999998,30
50.0,outage,cloud_only,remote_accept_rate,0.0,0.0,0.0,0.0,30
50.0,outage,cloud_only,remote_accepted_per_frame,0.0,0.0,0.0,0.0,30
50.0,outage,cloud_only,remote_rejected_deadline_rate,0.6512698376729025,0.03850931772583731,0.6377876605443613,0.6650002425313353,30
50.0,outage,cloud_only,remote_failed_loss_rate,0.34873016232709736,0.03850931772583731,0.3349997574686648,0.36221233945563863,30
50.0,outage,cloud_only,fallback_rate,1.0,0.0,1.0,1.0,30
50.0,outage,cloud_only,reuse_rate,0.0,0.0,0.0,0.0,30
50.0,outage,cloud_only,stale_acceptance_rate,0.0,0.0,0.0,0.0,30
50.0,outage,cloud_only,mode_switches_per_1000,0.0,0.0,0.0,0.0,30
50.0,outage,cloud_only,pct_local_fast,0.0,0.0,0.0,0.0,30
50.0,outage,cloud_only,pct_edge_accurate,100.0,0.0,100.0,100.0,30
50.0,outage,cloud_only,pct_hybrid,0.0,0.0,0.0,0.0,30
50.0,outage,cloud_only,pct_degraded_safe,0.0,0.0,0.0,0.0,30
50.0,outage,dapper,deadline_miss_rate,0.0,0.0,0.0,0.0,30
50.0,outage,dapper,p95_latency_ms,31.18838425196936,0.5009047087578914,31.014573146138307,31.359947063348404,30
50.0,outage,dapper,p99_latency_ms,34.18711647171901,0.2345203938192105,34.10222418561493,34.27049382149214,30
50.0,outage,dapper,mean_latency_ms,7.381609814192322,0.14348774576691167,7.331697649688182,7.433717812533078,30
50.0,outage,dapper,usable_confidence_proxy,0.7255264574970844,0.00273138929991575,0.7245230285258677,0.7264802357218441,30
50.0,outage,dapper,mean_output_confidence,0.7255264574970844,0.00273138929991575,0.7245230285258677,0.7264802357218441,30
50.0,outage,dapper,bandwidth_per_1000_frames_kb,0.0,0.0,0.0,0.0,30
50.0,outage,dapper,remote_attempt_rate,0.0,0.0,0.0,0.0,30
50.0,outage,dapper,remote_accept_rate,0.0,0.0,0.0,0.0,30
50.0,outage,dapper,remote_accepted_per_frame,0.0,0.0,0.0,0.0,30
50.0,outage,dapper,remote_rejected_deadline_rate,0.0,0.0,0.0,0.0,30
50.0,outage,dapper,remote_failed_loss_rate,0.0,0.0,0.0,0.0,30
50.0,outage,dapper,fallback_rate,1.0,0.0,1.0,1.0,30
50.0,outage,dapper,reuse_rate,0.7340333333333333,0.0029300268721061903,0.7329666666666668,0.7350333333333333,30
50.0,outage,dapper,stale_acceptance_rate,0.0,0.0,0.0,0.0,30
50.0,outage,dapper,mode_switches_per_1000,418.43333333333334,10.48375864860971,414.6666666666667,422.1333333333333,30
50.0,outage,dapper,pct_local_fast,22.63,0.6012343624749752,22.419916666666666,22.84333333333333,30
50.0,outage,dapper,pct_edge_accurate,0.0,0.0,0.0,0.0,30
50.0,outage,dapper,pct_hybrid,0.0,0.0,0.0,0.0,30
50.0,outage,dapper,pct_degraded_safe,77.36999999999999,0.6012343624749765,77.15666666666668,77.58008333333335,30
50.0,outage,deadline_greedy,deadline_miss_rate,0.0,0.0,0.0,0.0,30
50.0,outage,deadline_greedy,p95_latency_ms,34.0121154317442,0.15795577821290474,33.95559240397263,34.06678081351494,30
50.0,outage,deadline_greedy,p99_latency_ms,34.777699557235714,0.07705312091530245,34.749491147370385,34.80488086421645,30
50.0,outage,deadline_greedy,mean_latency_ms,25.010062503109022,0.1685788631806354,24.95087977218813,25.069247105913615,30
50.0,outage,deadline_greedy,usable_confidence_proxy,0.7249467226228217,0.0013696023696029161,0.7244430956540359,0.7254187925547377,30
50.0,outage,deadline_greedy,mean_output_confidence,0.7249467226228217,0.0013696023696029161,0.7244430956540359,0.7254187925547377,30
50.0,outage,deadline_greedy,bandwidth_per_1000_frames_kb,0.0,0.0,0.0,0.0,30
50.0,outage,deadline_greedy,remote_attempt_rate,0.0,0.0,0.0,0.0,30
50.0,outage,deadline_greedy,remote_accept_rate,0.0,0.0,0.0,0.0,30
50.0,outage,deadline_greedy,remote_accepted_per_frame,0.0,0.0,0.0,0.0,30
50.0,outage,deadline_greedy,remote_rejected_deadline_rate,0.0,0.0,0.0,0.0,30
50.0,outage,deadline_greedy,remote_failed_loss_rate,0.0,0.0,0.0,0.0,30
50.0,outage,deadline_greedy,fallback_rate,0.0,0.0,0.0,0.0,30
50.0,outage,deadline_greedy,reuse_rate,0.0,0.0,0.0,0.0,30
50.0,outage,deadline_greedy,stale_acceptance_rate,0.0,0.0,0.0,0.0,30
50.0,outage,deadline_greedy,mode_switches_per_1000,0.0,0.0,0.0,0.0,30
50.0,outage,deadline_greedy,pct_local_fast,100.0,0.0,100.0,100.0,30
50.0,outage,deadline_greedy,pct_edge_accurate,0.0,0.0,0.0,0.0,30
50.0,outage,deadline_greedy,pct_hybrid,0.0,0.0,0.0,0.0,30
50.0,outage,deadline_greedy,pct_degraded_safe,0.0,0.0,0.0,0.0,30
50.0,outage,confidence_deadline,deadline_miss_rate,0.0,0.0,0.0,0.0,30
50.0,outage,confidence_deadline,p95_latency_ms,34.0121154317442,0.15795577821290474,33.95559240397263,34.06678081351494,30
50.0,outage,confidence_deadline,p99_latency_ms,34.777699557235714,0.07705312091530245,34.749491147370385,34.80488086421645,30
50.0,outage,confidence_deadline,mean_latency_ms,25.010062503109022,0.1685788631806354,24.95087977218813,25.069247105913615,30
50.0,outage,confidence_deadline,usable_confidence_proxy,0.7249467226228217,0.0013696023696029161,0.7244430956540359,0.7254187925547377,30
50.0,outage,confidence_deadline,mean_output_confidence,0.7249467226228217,0.0013696023696029161,0.7244430956540359,0.7254187925547377,30
50.0,outage,confidence_deadline,bandwidth_per_1000_frames_kb,0.0,0.0,0.0,0.0,30
50.0,outage,confidence_deadline,remote_attempt_rate,0.0,0.0,0.0,0.0,30
50.0,outage,confidence_deadline,remote_accept_rate,0.0,0.0,0.0,0.0,30
50.0,outage,confidence_deadline,remote_accepted_per_frame,0.0,0.0,0.0,0.0,30
50.0,outage,confidence_deadline,remote_rejected_deadline_rate,0.0,0.0,0.0,0.0,30
50.0,outage,confidence_deadline,remote_failed_loss_rate,0.0,0.0,0.0,0.0,30
50.0,outage,confidence_deadline,fallback_rate,0.0,0.0,0.0,0.0,30
50.0,outage,confidence_deadline,reuse_rate,0.0,0.0,0.0,0.0,30
50.0,outage,confidence_deadline,stale_acceptance_rate,0.0,0.0,0.0,0.0,30
50.0,outage,confidence_deadline,mode_switches_per_1000,0.0,0.0,0.0,0.0,30
50.0,outage,confidence_deadline,pct_local_fast,100.0,0.0,100.0,100.0,30
50.0,outage,confidence_deadline,pct_edge_accurate,0.0,0.0,0.0,0.0,30
50.0,outage,confidence_deadline,pct_hybrid,0.0,0.0,0.0,0.0,30
50.0,outage,confidence_deadline,pct_degraded_safe,0.0,0.0,0.0,0.0,30
50.0,outage,rtt_threshold,deadline_miss_rate,0.0,0.0,0.0,0.0,30
50.0,outage,rtt_threshold,p95_latency_ms,34.0121154317442,0.15795577821290474,33.95559240397263,34.06678081351494,30
50.0,outage,rtt_threshold,p99_latency_ms,34.777699557235714,0.07705312091530245,34.749491147370385,34.80488086421645,30
50.0,outage,rtt_threshold,mean_latency_ms,25.010062503109022,0.1685788631806354,24.95087977218813,25.069247105913615,30
50.0,outage,rtt_threshold,usable_confidence_proxy,0.7249467226228217,0.0013696023696029161,0.7244430956540359,0.7254187925547377,30
50.0,outage,rtt_threshold,mean_output_confidence,0.7249467226228217,0.0013696023696029161,0.7244430956540359,0.7254187925547377,30
50.0,outage,rtt_threshold,bandwidth_per_1000_frames_kb,0.0,0.0,0.0,0.0,30
50.0,outage,rtt_threshold,remote_attempt_rate,0.0,0.0,0.0,0.0,30
50.0,outage,rtt_threshold,remote_accept_rate,0.0,0.0,0.0,0.0,30
50.0,outage,rtt_threshold,remote_accepted_per_frame,0.0,0.0,0.0,0.0,30
50.0,outage,rtt_threshold,remote_rejected_deadline_rate,0.0,0.0,0.0,0.0,30
50.0,outage,rtt_threshold,remote_failed_loss_rate,0.0,0.0,0.0,0.0,30
50.0,outage,rtt_threshold,fallback_rate,0.0,0.0,0.0,0.0,30
50.0,outage,rtt_threshold,reuse_rate,0.0,0.0,0.0,0.0,30
50.0,outage,rtt_threshold,stale_acceptance_rate,0.0,0.0,0.0,0.0,30
50.0,outage,rtt_threshold,mode_switches_per_1000,0.0,0.0,0.0,0.0,30
50.0,outage,rtt_threshold,pct_local_fast,100.0,0.0,100.0,100.0,30
50.0,outage,rtt_threshold,pct_edge_accurate,0.0,0.0,0.0,0.0,30
50.0,outage,rtt_threshold,pct_hybrid,0.0,0.0,0.0,0.0,30
50.0,outage,rtt_threshold,pct_degraded_safe,0.0,0.0,0.0,0.0,30
50.0,outage,oracle_feasible,deadline_miss_rate,0.0,0.0,0.0,0.0,30
50.0,outage,oracle_feasible,p95_latency_ms,34.0121154317442,0.15795577821290474,33.95559240397263,34.06678081351494,30
50.0,outage,oracle_feasible,p99_latency_ms,34.777699557235714,0.07705312091530245,34.749491147370385,34.80488086421645,30
50.0,outage,oracle_feasible,mean_latency_ms,25.010062503109022,0.1685788631806354,24.95087977218813,25.069247105913615,30
50.0,outage,oracle_feasible,usable_confidence_proxy,0.7249467226228217,0.0013696023696029161,0.7244430956540359,0.7254187925547377,30
50.0,outage,oracle_feasible,mean_output_confidence,0.7249467226228217,0.0013696023696029161,0.7244430956540359,0.7254187925547377,30
50.0,outage,oracle_feasible,bandwidth_per_1000_frames_kb,0.0,0.0,0.0,0.0,30
50.0,outage,oracle_feasible,remote_attempt_rate,0.0,0.0,0.0,0.0,30
50.0,outage,oracle_feasible,remote_accept_rate,0.0,0.0,0.0,0.0,30
50.0,outage,oracle_feasible,remote_accepted_per_frame,0.0,0.0,0.0,0.0,30
50.0,outage,oracle_feasible,remote_rejected_deadline_rate,0.0,0.0,0.0,0.0,30
50.0,outage,oracle_feasible,remote_failed_loss_rate,0.0,0.0,0.0,0.0,30
50.0,outage,oracle_feasible,fallback_rate,0.0,0.0,0.0,0.0,30
50.0,outage,oracle_feasible,reuse_rate,0.0,0.0,0.0,0.0,30
50.0,outage,oracle_feasible,stale_acceptance_rate,0.0,0.0,0.0,0.0,30
50.0,outage,oracle_feasible,mode_switches_per_1000,0.0,0.0,0.0,0.0,30
50.0,outage,oracle_feasible,pct_local_fast,100.0,0.0,100.0,100.0,30
50.0,outage,oracle_feasible,pct_edge_accurate,0.0,0.0,0.0,0.0,30
50.0,outage,oracle_feasible,pct_hybrid,0.0,0.0,0.0,0.0,30
50.0,outage,oracle_feasible,pct_degraded_safe,0.0,0.0,0.0,0.0,30
75.0,stable,local_only,deadline_miss_rate,0.0,0.0,0.0,0.0,30
75.0,stable,local_only,p95_latency_ms,33.984265110354684,0.14612908292769589,33.9343159514038,34.036015368498674,30
75.0,stable,local_only,p99_latency_ms,34.78401367177919,0.06560311317343774,34.76065987728268,34.806824911760046,30
75.0,stable,local_only,mean_latency_ms,25.02027748999063,0.19474756789946776,24.952896569039584,25.094599531312916,30
75.0,stable,local_only,usable_confidence_proxy,0.7249667322554326,0.0015304909747104968,0.7244513387101592,0.7255071023390036,30
75.0,stable,local_only,mean_output_confidence,0.7249667322554326,0.0015304909747104968,0.7244513387101592,0.7255071023390036,30
75.0,stable,local_only,bandwidth_per_1000_frames_kb,0.0,0.0,0.0,0.0,30
75.0,stable,local_only,remote_attempt_rate,0.0,0.0,0.0,0.0,30
75.0,stable,local_only,remote_accept_rate,0.0,0.0,0.0,0.0,30
75.0,stable,local_only,remote_accepted_per_frame,0.0,0.0,0.0,0.0,30
75.0,stable,local_only,remote_rejected_deadline_rate,0.0,0.0,0.0,0.0,30
75.0,stable,local_only,remote_failed_loss_rate,0.0,0.0,0.0,0.0,30
75.0,stable,local_only,fallback_rate,0.0,0.0,0.0,0.0,30
75.0,stable,local_only,reuse_rate,0.0,0.0,0.0,0.0,30
75.0,stable,local_only,stale_acceptance_rate,0.0,0.0,0.0,0.0,30
75.0,stable,local_only,mode_switches_per_1000,0.0,0.0,0.0,0.0,30
75.0,stable,local_only,pct_local_fast,100.0,0.0,100.0,100.0,30
75.0,stable,local_only,pct_edge_accurate,0.0,0.0,0.0,0.0,30
75.0,stable,local_only,pct_hybrid,0.0,0.0,0.0,0.0,30
75.0,stable,local_only,pct_degraded_safe,0.0,0.0,0.0,0.0,30
75.0,stable,edge_only,deadline_miss_rate,0.9763666666666668,0.004537075872328388,0.9747666666666668,0.9778666666666668,30
75.0,stable,edge_only,p95_latency_ms,108.96363056362672,0.15501060827743726,108.91014759893673,109.01871622810029,30
75.0,stable,edge_only,p99_latency_ms,109.77291392248004,0.07520762110831013,109.74597882092057,109.7992388861848,30
75.0,stable,edge_only,mean_latency_ms,99.40093103680009,0.24362779556458264,99.31741184015472,99.48907544579957,30
75.0,stable,edge_only,usable_confidence_proxy,0.020676053183724966,0.004002877891251599,0.019335156222391278,0.022083172585496778,30
75.0,stable,edge_only,mean_output_confidence,0.7285252916693182,0.0017858517663729171,0.7279142260624403,0.7291545188241574,30
75.0,stable,edge_only,bandwidth_per_1000_frames_kb,25000.0,0.0,25000.0,25000.0,30
75.0,stable,edge_only,remote_attempt_rate,1.0,0.0,1.0,1.0,30
75.0,stable,edge_only,remote_accept_rate,0.02363333333333334,0.004537075872328384,0.022133333333333338,0.025233333333333337,30
75.0,stable,edge_only,remote_accepted_per_frame,0.02363333333333334,0.004537075872328384,0.022133333333333338,0.025233333333333337,30
75.0,stable,edge_only,remote_rejected_deadline_rate,0.9653000000000002,0.005292480026186802,0.9635324999999998,0.9670666666666666,30
75.0,stable,edge_only,remote_failed_loss_rate,0.011066666666666669,0.0027784060592154374,0.010133333333333334,0.012066666666666668,30
75.0,stable,edge_only,fallback_rate,0.9763666666666668,0.004537075872328388,0.9747666666666668,0.9778666666666668,30
75.0,stable,edge_only,reuse_rate,0.0,0.0,0.0,0.0,30
75.0,stable,edge_only,stale_acceptance_rate,0.0,0.0,0.0,0.0,30
75.0,stable,edge_only,mode_switches_per_1000,0.0,0.0,0.0,0.0,30
75.0,stable,edge_only,pct_local_fast,0.0,0.0,0.0,0.0,30
75.0,stable,edge_only,pct_edge_accurate,100.0,0.0,100.0,100.0,30
75.0,stable,edge_only,pct_hybrid,0.0,0.0,0.0,0.0,30
75.0,stable,edge_only,pct_degraded_safe,0.0,0.0,0.0,0.0,30
75.0,stable,cloud_only,deadline_miss_rate,1.0,0.0,1.0,1.0,30
75.0,stable,cloud_only,p95_latency_ms,108.9842651103547,0.14612908292769555,108.9343159514038,109.0360153684987,30
75.0,stable,cloud_only,p99_latency_ms,109.78401367177919,0.06560311317343805,109.76065987728266,109.80682491176005,30
75.0,stable,cloud_only,mean_latency_ms,100.02027748999065,0.19474756789946784,99.95289656903961,100.09459953131294,30
75.0,stable,cloud_only,usable_confidence_proxy,0.0,0.0,0.0,0.0,30
75.0,stable,cloud_only,mean_output_confidence,0.7249667322554326,0.0015304909747104968,0.7244513387101592,0.7255071023390036,30
75.0,stable,cloud_only,bandwidth_per_1000_frames_kb,35000.0,0.0,35000.0,35000.0,30
75.0,stable,cloud_only,remote_attempt_rate,1.0,0.0,1.0,1.0,30
75.0,stable,cloud_only,remote_accept_rate,0.0,0.0,0.0,0.0,30
75.0,stable,cloud_only,remote_accepted_per_frame,0.0,0.0,0.0,0.0,30
75.0,stable,cloud_only,remote_rejected_deadline_rate,0.9906666666666666,0.003546084128116278,0.9893999999999998,0.9918999999999999,30
75.0,stable,cloud_only,remote_failed_loss_rate,0.009333333333333334,0.003546084128116275,0.008100000000000001,0.010600000000000002,30
75.0,stable,cloud_only,fallback_rate,1.0,0.0,1.0,1.0,30
75.0,stable,cloud_only,reuse_rate,0.0,0.0,0.0,0.0,30
75.0,stable,cloud_only,stale_acceptance_rate,0.0,0.0,0.0,0.0,30
75.0,stable,cloud_only,mode_switches_per_1000,0.0,0.0,0.0,0.0,30
75.0,stable,cloud_only,pct_local_fast,0.0,0.0,0.0,0.0,30
75.0,stable,cloud_only,pct_edge_accurate,100.0,0.0,100.0,100.0,30
75.0,stable,cloud_only,pct_hybrid,0.0,0.0,0.0,0.0,30
75.0,stable,cloud_only,pct_degraded_safe,0.0,0.0,0.0,0.0,30
75.0,stable,dapper,deadline_miss_rate,0.0,0.0,0.0,0.0,30
75.0,stable,dapper,p95_latency_ms,33.984265110354684,0.14612908292769589,33.9343159514038,34.036015368498674,30
75.0,stable,dapper,p99_latency_ms,34.78401367177919,0.06560311317343774,34.76065987728268,34.806824911760046,30
75.0,stable,dapper,mean_latency_ms,25.02027748999063,0.19474756789946776,24.952896569039584,25.094599531312916,30
75.0,stable,dapper,usable_confidence_proxy,0.7282442840585653,0.0017535297687095168,0.7276519488092529,0.7288660393406124,30
75.0,stable,dapper,mean_output_confidence,0.7249667322554326,0.0015304909747104968,0.7244513387101592,0.7255071023390036,30
75.0,stable,dapper,bandwidth_per_1000_frames_kb,12935.833333333334,605.779753041815,12725.0,13143.354166666666,30
75.0,stable,dapper,remote_attempt_rate,0.5174333333333334,0.024231190121672616,0.509,0.5257341666666667,30
75.0,stable,dapper,remote_accept_rate,0.03949078700371315,0.008242875431002758,0.03675767868732568,0.04248816637154096,30
75.0,stable,dapper,remote_accepted_per_frame,0.020433333333333338,0.004384009606500089,0.019000000000000006,0.022000000000000006,30
75.0,stable,dapper,remote_rejected_deadline_rate,0.9494362490947051,0.00858667210095094,0.9462971718988633,0.952205760604134,30
75.0,stable,dapper,remote_failed_loss_rate,0.011072963901581601,0.004207500180554147,0.009624371329457326,0.012594073869676151,30
75.0,stable,dapper,fallback_rate,0.0,0.0,0.0,0.0,30
75.0,stable,dapper,reuse_rate,0.0,0.0,0.0,0.0,30
75.0,stable,dapper,stale_acceptance_rate,0.0,0.0,0.0,0.0,30
75.0,stable,dapper,mode_switches_per_1000,324.8666666666667,16.965956446982865,318.9658333333333,330.8675,30
75.0,stable,dapper,pct_local_fast,48.25666666666667,2.42311901216726,47.426583333333326,49.099999999999994,30
75.0,stable,dapper,pct_edge_accurate,0.0,0.0,0.0,0.0,30
75.0,stable,dapper,pct_hybrid,51.74333333333333,2.423119012167261,50.900000000000006,52.573416666666674,30
75.0,stable,dapper,pct_degraded_safe,0.0,0.0,0.0,0.0,30
75.0,stable,deadline_greedy,deadline_miss_rate,0.0,0.0,0.0,0.0,30
75.0,stable,deadline_greedy,p95_latency_ms,33.984265110354684,0.14612908292769589,33.9343159514038,34.036015368498674,30
75.0,stable,deadline_greedy,p99_latency_ms,34.78401367177919,0.06560311317343774,34.76065987728268,34.806824911760046,30
75.0,stable,deadline_greedy,mean_latency_ms,25.02027748999063,0.19474756789946776,24.952896569039584,25.094599531312916,30
75.0,stable,deadline_greedy,usable_confidence_proxy,0.7249667322554326,0.0015304909747104968,0.7244513387101592,0.7255071023390036,30
75.0,stable,deadline_greedy,mean_output_confidence,0.7249667322554326,0.0015304909747104968,0.7244513387101592,0.7255071023390036,30
75.0,stable,deadline_greedy,bandwidth_per_1000_frames_kb,0.0,0.0,0.0,0.0,30
75.0,stable,deadline_greedy,remote_attempt_rate,0.0,0.0,0.0,0.0,30
75.0,stable,deadline_greedy,remote_accept_rate,0.0,0.0,0.0,0.0,30
75.0,stable,deadline_greedy,remote_accepted_per_frame,0.0,0.0,0.0,0.0,30
75.0,stable,deadline_greedy,remote_rejected_deadline_rate,0.0,0.0,0.0,0.0,30
75.0,stable,deadline_greedy,remote_failed_loss_rate,0.0,0.0,0.0,0.0,30
75.0,stable,deadline_greedy,fallback_rate,0.0,0.0,0.0,0.0,30
75.0,stable,deadline_greedy,reuse_rate,0.0,0.0,0.0,0.0,30
75.0,stable,deadline_greedy,stale_acceptance_rate,0.0,0.0,0.0,0.0,30
75.0,stable,deadline_greedy,mode_switches_per_1000,0.0,0.0,0.0,0.0,30
75.0,stable,deadline_greedy,pct_local_fast,100.0,0.0,100.0,100.0,30
75.0,stable,deadline_greedy,pct_edge_accurate,0.0,0.0,0.0,0.0,30
75.0,stable,deadline_greedy,pct_hybrid,0.0,0.0,0.0,0.0,30
75.0,stable,deadline_greedy,pct_degraded_safe,0.0,0.0,0.0,0.0,30
75.0,stable,confidence_deadline,deadline_miss_rate,0.0,0.0,0.0,0.0,30
75.0,stable,confidence_deadline,p95_latency_ms,33.984265110354684,0.14612908292769589,33.9343159514038,34.036015368498674,30
75.0,stable,confidence_deadline,p99_latency_ms,34.78401367177919,0.06560311317343774,34.76065987728268,34.806824911760046,30
75.0,stable,confidence_deadline,mean_latency_ms,25.02027748999063,0.19474756789946776,24.952896569039584,25.094599531312916,30
75.0,stable,confidence_deadline,usable_confidence_proxy,0.7249667322554326,0.0015304909747104968,0.7244513387101592,0.7255071023390036,30
75.0,stable,confidence_deadline,mean_output_confidence,0.7249667322554326,0.0015304909747104968,0.7244513387101592,0.7255071023390036,30
75.0,stable,confidence_deadline,bandwidth_per_1000_frames_kb,0.0,0.0,0.0,0.0,30
75.0,stable,confidence_deadline,remote_attempt_rate,0.0,0.0,0.0,0.0,30
75.0,stable,confidence_deadline,remote_accept_rate,0.0,0.0,0.0,0.0,30
75.0,stable,confidence_deadline,remote_accepted_per_frame,0.0,0.0,0.0,0.0,30
75.0,stable,confidence_deadline,remote_rejected_deadline_rate,0.0,0.0,0.0,0.0,30
75.0,stable,confidence_deadline,remote_failed_loss_rate,0.0,0.0,0.0,0.0,30
75.0,stable,confidence_deadline,fallback_rate,0.0,0.0,0.0,0.0,30
75.0,stable,confidence_deadline,reuse_rate,0.0,0.0,0.0,0.0,30
75.0,stable,confidence_deadline,stale_acceptance_rate,0.0,0.0,0.0,0.0,30
75.0,stable,confidence_deadline,mode_switches_per_1000,0.0,0.0,0.0,0.0,30
75.0,stable,confidence_deadline,pct_local_fast,100.0,0.0,100.0,100.0,30
75.0,stable,confidence_deadline,pct_edge_accurate,0.0,0.0,0.0,0.0,30
75.0,stable,confidence_deadline,pct_hybrid,0.0,0.0,0.0,0.0,30
75.0,stable,confidence_deadline,pct_degraded_safe,0.0,0.0,0.0,0.0,30
75.0,stable,rtt_threshold,deadline_miss_rate,0.0,0.0,0.0,0.0,30
75.0,stable,rtt_threshold,p95_latency_ms,33.984265110354684,0.14612908292769589,33.9343159514038,34.036015368498674,30
75.0,stable,rtt_threshold,p99_latency_ms,34.78401367177919,0.06560311317343774,34.76065987728268,34.806824911760046,30
75.0,stable,rtt_threshold,mean_latency_ms,25.02027748999063,0.19474756789946776,24.952896569039584,25.094599531312916,30
75.0,stable,rtt_threshold,usable_confidence_proxy,0.7249667322554326,0.0015304909747104968,0.7244513387101592,0.7255071023390036,30
75.0,stable,rtt_threshold,mean_output_confidence,0.7249667322554326,0.0015304909747104968,0.7244513387101592,0.7255071023390036,30
75.0,stable,rtt_threshold,bandwidth_per_1000_frames_kb,0.0,0.0,0.0,0.0,30
75.0,stable,rtt_threshold,remote_attempt_rate,0.0,0.0,0.0,0.0,30
75.0,stable,rtt_threshold,remote_accept_rate,0.0,0.0,0.0,0.0,30
75.0,stable,rtt_threshold,remote_accepted_per_frame,0.0,0.0,0.0,0.0,30
75.0,stable,rtt_threshold,remote_rejected_deadline_rate,0.0,0.0,0.0,0.0,30
75.0,stable,rtt_threshold,remote_failed_loss_rate,0.0,0.0,0.0,0.0,30
75.0,stable,rtt_threshold,fallback_rate,0.0,0.0,0.0,0.0,30
75.0,stable,rtt_threshold,reuse_rate,0.0,0.0,0.0,0.0,30
75.0,stable,rtt_threshold,stale_acceptance_rate,0.0,0.0,0.0,0.0,30
75.0,stable,rtt_threshold,mode_switches_per_1000,0.0,0.0,0.0,0.0,30
75.0,stable,rtt_threshold,pct_local_fast,100.0,0.0,100.0,100.0,30
75.0,stable,rtt_threshold,pct_edge_accurate,0.0,0.0,0.0,0.0,30
75.0,stable,rtt_threshold,pct_hybrid,0.0,0.0,0.0,0.0,30
75.0,stable,rtt_threshold,pct_degraded_safe,0.0,0.0,0.0,0.0,30
75.0,stable,oracle_feasible,deadline_miss_rate,0.0,0.0,0.0,0.0,30
75.0,stable,oracle_feasible,p95_latency_ms,34.46159289104456,0.11055991510064216,34.42360662692496,34.50129917537113,30
75.0,stable,oracle_feasible,p99_latency_ms,73.9844369812716,0.3271647505498157,73.86268610368953,74.09421176427098,30
75.0,stable,oracle_feasible,mean_latency_ms,26.1734310368001,0.26926073790216465,26.082263029859327,26.269241690111013,30
75.0,stable,oracle_feasible,usable_confidence_proxy,0.7285252916693182,0.0017858517663729171,0.7279142260624403,0.7291545188241574,30
75.0,stable,oracle_feasible,mean_output_confidence,0.7285252916693182,0.0017858517663729171,0.7279142260624403,0.7291545188241574,30
75.0,stable,oracle_feasible,bandwidth_per_1000_frames_kb,590.8333333333334,113.4268968082096,553.3333333333334,630.8333333333334,30
75.0,stable,oracle_feasible,remote_attempt_rate,0.02363333333333334,0.004537075872328384,0.022133333333333338,0.025233333333333337,30
75.0,stable,oracle_feasible,remote_accept_rate,1.0,0.0,1.0,1.0,30
75.0,stable,oracle_feasible,remote_accepted_per_frame,0.02363333333333334,0.004537075872328384,0.022133333333333338,0.025233333333333337,30
75.0,stable,oracle_feasible,remote_rejected_deadline_rate,0.0,0.0,0.0,0.0,30
75.0,stable,oracle_feasible,remote_failed_loss_rate,0.0,0.0,0.0,0.0,30
75.0,stable,oracle_feasible,fallback_rate,0.0,0.0,0.0,0.0,30
75.0,stable,oracle_feasible,reuse_rate,0.0,0.0,0.0,0.0,30
75.0,stable,oracle_feasible,stale_acceptance_rate,0.0,0.0,0.0,0.0,30
75.0,stable,oracle_feasible,mode_switches_per_1000,45.2,8.252063482798587,42.43333333333333,48.1,30
75.0,stable,oracle_feasible,pct_local_fast,97.63666666666664,0.4537075872328388,97.47666666666666,97.78666666666668,30
75.0,stable,oracle_feasible,pct_edge_accurate,2.363333333333333,0.4537075872328384,2.213333333333333,2.5233333333333334,30
75.0,stable,oracle_feasible,pct_hybrid,0.0,0.0,0.0,0.0,30
75.0,stable,oracle_feasible,pct_degraded_safe,0.0,0.0,0.0,0.0,30
75.0,congested,local_only,deadline_miss_rate,0.0,0.0,0.0,0.0,30
75.0,congested,local_only,p95_latency_ms,33.94268972592376,0.09803104261482531,33.906854831430806,33.97630119170664,30
75.0,congested,local_only,p99_latency_ms,34.769178949662624,0.05524239382592479,34.748642896298946,34.7879694671568,30
75.0,congested,local_only,mean_latency_ms,25.012597088142645,0.18113657767527264,24.949225112390963,25.077791277753096,30
75.0,congested,local_only,usable_confidence_proxy,0.7249282051819181,0.0016092933478095927,0.7243536843822596,0.725520489679899,30
75.0,congested,local_only,mean_output_confidence,0.7249282051819181,0.0016092933478095927,0.7243536843822596,0.725520489679899,30
75.0,congested,local_only,bandwidth_per_1000_frames_kb,0.0,0.0,0.0,0.0,30
75.0,congested,local_only,remote_attempt_rate,0.0,0.0,0.0,0.0,30
75.0,congested,local_only,remote_accept_rate,0.0,0.0,0.0,0.0,30
75.0,congested,local_only,remote_accepted_per_frame,0.0,0.0,0.0,0.0,30
75.0,congested,local_only,remote_rejected_deadline_rate,0.0,0.0,0.0,0.0,30
75.0,congested,local_only,remote_failed_loss_rate,0.0,0.0,0.0,0.0,30
75.0,congested,local_only,fallback_rate,0.0,0.0,0.0,0.0,30
75.0,congested,local_only,reuse_rate,0.0,0.0,0.0,0.0,30
75.0,congested,local_only,stale_acceptance_rate,0.0,0.0,0.0,0.0,30
75.0,congested,local_only,mode_switches_per_1000,0.0,0.0,0.0,0.0,30
75.0,congested,local_only,pct_local_fast,100.0,0.0,100.0,100.0,30
75.0,congested,local_only,pct_edge_accurate,0.0,0.0,0.0,0.0,30
75.0,congested,local_only,pct_hybrid,0.0,0.0,0.0,0.0,30
75.0,congested,local_only,pct_degraded_safe,0.0,0.0,0.0,0.0,30
75.0,congested,edge_only,deadline_miss_rate,1.0,0.0,1.0,1.0,30
75.0,congested,edge_only,p95_latency_ms,108.9426897259238,0.0980310426148264,108.9068548314308,108.97630119170667,30
75.0,congested,edge_only,p99_latency_ms,109.76917894966262,0.0552423938259245,109.74864289629895,109.78796946715677,30
75.0,congested,edge_only,mean_latency_ms,100.01259708814266,0.181136577675274,99.94922511239096,100.0777912777531,30
75.0,congested,edge_only,usable_confidence_proxy,0.0,0.0,0.0,0.0,30
75.0,congested,edge_only,mean_output_confidence,0.7249282051819181,0.0016092933478095927,0.7243536843822596,0.725520489679899,30
75.0,congested,edge_only,bandwidth_per_1000_frames_kb,25000.0,0.0,25000.0,25000.0,30
75.0,congested,edge_only,remote_attempt_rate,1.0,0.0,1.0,1.0,30
75.0,congested,edge_only,remote_accept_rate,0.0,0.0,0.0,0.0,30
75.0,congested,edge_only,remote_accepted_per_frame,0.0,0.0,0.0,0.0,30
75.0,congested,edge_only,remote_rejected_deadline_rate,0.9504666666666668,0.007682193173438355,0.9477991666666665,0.9531666666666666,30
75.0,congested,edge_only,remote_failed_loss_rate,0.04953333333333333,0.007682193173438364,0.04683333333333333,0.05220083333333333,30
75.0,congested,edge_only,fallback_rate,1.0,0.0,1.0,1.0,30
75.0,congested,edge_only,reuse_rate,0.0,0.0,0.0,0.0,30
75.0,congested,edge_only,stale_acceptance_rate,0.0,0.0,0.0,0.0,30
75.0,congested,edge_only,mode_switches_per_1000,0.0,0.0,0.0,0.0,30
75.0,congested,edge_only,pct_local_fast,0.0,0.0,0.0,0.0,30
75.0,congested,edge_only,pct_edge_accurate,100.0,0.0,100.0,100.0,30
75.0,congested,edge_only,pct_hybrid,0.0,0.0,0.0,0.0,30
75.0,congested,edge_only,pct_degraded_safe,0.0,0.0,0.0,0.0,30
75.0,congested,cloud_only,deadline_miss_rate,1.0,0.0,1.0,1.0,30
75.0,congested,cloud_only,p95_latency_ms,108.9426897259238,0.0980310426148264,108.9068548314308,108.97630119170667,30
75.0,congested,cloud_only,p99_latency_ms,109.76917894966262,0.0552423938259245,109.74864289629895,109.78796946715677,30
75.0,congested,cloud_only,mean_latency_ms,100.01259708814266,0.181136577675274,99.94922511239096,100.0777912777531,30
75.0,congested,cloud_only,usable_confidence_proxy,0.0,0.0,0.0,0.0,30
75.0,congested,cloud_only,mean_output_confidence,0.7249282051819181,0.0016092933478095927,0.7243536843822596,0.725520489679899,30
75.0,congested,cloud_only,bandwidth_per_1000_frames_kb,35000.0,0.0,35000.0,35000.0,30
75.0,congested,cloud_only,remote_attempt_rate,1.0,0.0,1.0,1.0,30
75.0,congested,cloud_only,remote_accept_rate,0.0,0.0,0.0,0.0,30
75.0,congested,cloud_only,remote_accepted_per_frame,0.0,0.0,0.0,0.0,30
75.0,congested,cloud_only,remote_rejected_deadline_rate,0.9505666666666667,0.00714231360821974,0.9480000000000001,0.9531333333333333,30
75.0,congested,cloud_only,remote_failed_loss_rate,0.049433333333333336,0.007142313608219744,0.04686666666666666,0.052000000000000005,30
75.0,congested,cloud_only,fallback_rate,1.0,0.0,1.0,1.0,30
75.0,congested,cloud_only,reuse_rate,0.0,0.0,0.0,0.0,30
75.0,congested,cloud_only,stale_acceptance_rate,0.0,0.0,0.0,0.0,30
75.0,congested,cloud_only,mode_switches_per_1000,0.0,0.0,0.0,0.0,30
75.0,congested,cloud_only,pct_local_fast,0.0,0.0,0.0,0.0,30
75.0,congested,cloud_only,pct_edge_accurate,100.0,0.0,100.0,100.0,30
75.0,congested,cloud_only,pct_hybrid,0.0,0.0,0.0,0.0,30
75.0,congested,cloud_only,pct_degraded_safe,0.0,0.0,0.0,0.0,30
75.0,congested,dapper,deadline_miss_rate,0.0,0.0,0.0,0.0,30
75.0,congested,dapper,p95_latency_ms,32.955101010446,0.2914687833904807,32.84969455941147,33.0531873292262,30
75.0,congested,dapper,p99_latency_ms,34.5211173204137,0.15510091524212954,34.46500728773701,34.57438932414506,30
75.0,congested,dapper,mean_latency_ms,13.259887500703048,0.4997026951995205,13.07826834669716,13.437135502874794,30
75.0,congested,dapper,usable_confidence_proxy,0.7251403774940063,0.003136751783749742,0.7240443575236394,0.7262586810224848,30
75.0,congested,dapper,mean_output_confidence,0.7251403774940063,0.003136751783749742,0.7240443575236394,0.7262586810224848,30
75.0,congested,dapper,bandwidth_per_1000_frames_kb,0.0,0.0,0.0,0.0,30
75.0,congested,dapper,remote_attempt_rate,0.0,0.0,0.0,0.0,30
75.0,congested,dapper,remote_accept_rate,0.0,0.0,0.0,0.0,30
75.0,congested,dapper,remote_accepted_per_frame,0.0,0.0,0.0,0.0,30
75.0,congested,dapper,remote_rejected_deadline_rate,0.0,0.0,0.0,0.0,30
75.0,congested,dapper,remote_failed_loss_rate,0.0,0.0,0.0,0.0,30
75.0,congested,dapper,fallback_rate,0.6013666666666667,0.03017018776681806,0.5909316666666666,0.6123333333333333,30
75.0,congested,dapper,reuse_rate,0.48916666666666664,0.02060144510052354,0.4818666666666666,0.49666666666666676,30
75.0,congested,dapper,stale_acceptance_rate,0.0,0.0,0.0,0.0,30
75.0,congested,dapper,mode_switches_per_1000,243.66666666666666,17.566294789843365,237.56666666666666,249.83416666666668,30
75.0,congested,dapper,pct_local_fast,39.86333333333334,3.0170187766818053,38.766666666666666,40.90683333333333,30
75.0,congested,dapper,pct_edge_accurate,0.0,0.0,0.0,0.0,30
75.0,congested,dapper,pct_hybrid,0.0,0.0,0.0,0.0,30
75.0,congested,dapper,pct_degraded_safe,60.13666666666666,3.0170187766818057,59.09316666666666,61.23333333333332,30
75.0,congested,deadline_greedy,deadline_miss_rate,0.0,0.0,0.0,0.0,30
75.0,congested,deadline_greedy,p95_latency_ms,33.94268972592376,0.09803104261482531,33.906854831430806,33.97630119170664,30
75.0,congested,deadline_greedy,p99_latency_ms,34.769178949662624,0.05524239382592479,34.748642896298946,34.7879694671568,30
75.0,congested,deadline_greedy,mean_latency_ms,25.012597088142645,0.18113657767527264,24.949225112390963,25.077791277753096,30
75.0,congested,deadline_greedy,usable_confidence_proxy,0.7249282051819181,0.0016092933478095927,0.7243536843822596,0.725520489679899,30
75.0,congested,deadline_greedy,mean_output_confidence,0.7249282051819181,0.0016092933478095927,0.7243536843822596,0.725520489679899,30
75.0,congested,deadline_greedy,bandwidth_per_1000_frames_kb,0.0,0.0,0.0,0.0,30
75.0,congested,deadline_greedy,remote_attempt_rate,0.0,0.0,0.0,0.0,30
75.0,congested,deadline_greedy,remote_accept_rate,0.0,0.0,0.0,0.0,30
75.0,congested,deadline_greedy,remote_accepted_per_frame,0.0,0.0,0.0,0.0,30
75.0,congested,deadline_greedy,remote_rejected_deadline_rate,0.0,0.0,0.0,0.0,30
75.0,congested,deadline_greedy,remote_failed_loss_rate,0.0,0.0,0.0,0.0,30
75.0,congested,deadline_greedy,fallback_rate,0.0,0.0,0.0,0.0,30
75.0,congested,deadline_greedy,reuse_rate,0.0,0.0,0.0,0.0,30
75.0,congested,deadline_greedy,stale_acceptance_rate,0.0,0.0,0.0,0.0,30
75.0,congested,deadline_greedy,mode_switches_per_1000,0.0,0.0,0.0,0.0,30
75.0,congested,deadline_greedy,pct_local_fast,100.0,0.0,100.0,100.0,30
75.0,congested,deadline_greedy,pct_edge_accurate,0.0,0.0,0.0,0.0,30
75.0,congested,deadline_greedy,pct_hybrid,0.0,0.0,0.0,0.0,30
75.0,congested,deadline_greedy,pct_degraded_safe,0.0,0.0,0.0,0.0,30
75.0,congested,confidence_deadline,deadline_miss_rate,0.0,0.0,0.0,0.0,30
75.0,congested,confidence_deadline,p95_latency_ms,33.94268972592376,0.09803104261482531,33.906854831430806,33.97630119170664,30
75.0,congested,confidence_deadline,p99_latency_ms,34.769178949662624,0.05524239382592479,34.748642896298946,34.7879694671568,30
75.0,congested,confidence_deadline,mean_latency_ms,25.012597088142645,0.18113657767527264,24.949225112390963,25.077791277753096,30
75.0,congested,confidence_deadline,usable_confidence_proxy,0.7249282051819181,0.0016092933478095927,0.7243536843822596,0.725520489679899,30
75.0,congested,confidence_deadline,mean_output_confidence,0.7249282051819181,0.0016092933478095927,0.7243536843822596,0.725520489679899,30
75.0,congested,confidence_deadline,bandwidth_per_1000_frames_kb,0.0,0.0,0.0,0.0,30
75.0,congested,confidence_deadline,remote_attempt_rate,0.0,0.0,0.0,0.0,30
75.0,congested,confidence_deadline,remote_accept_rate,0.0,0.0,0.0,0.0,30
75.0,congested,confidence_deadline,remote_accepted_per_frame,0.0,0.0,0.0,0.0,30
75.0,congested,confidence_deadline,remote_rejected_deadline_rate,0.0,0.0,0.0,0.0,30
75.0,congested,confidence_deadline,remote_failed_loss_rate,0.0,0.0,0.0,0.0,30
75.0,congested,confidence_deadline,fallback_rate,0.0,0.0,0.0,0.0,30
75.0,congested,confidence_deadline,reuse_rate,0.0,0.0,0.0,0.0,30
75.0,congested,confidence_deadline,stale_acceptance_rate,0.0,0.0,0.0,0.0,30
75.0,congested,confidence_deadline,mode_switches_per_1000,0.0,0.0,0.0,0.0,30
75.0,congested,confidence_deadline,pct_local_fast,100.0,0.0,100.0,100.0,30
75.0,congested,confidence_deadline,pct_edge_accurate,0.0,0.0,0.0,0.0,30
75.0,congested,confidence_deadline,pct_hybrid,0.0,0.0,0.0,0.0,30
75.0,congested,confidence_deadline,pct_degraded_safe,0.0,0.0,0.0,0.0,30
75.0,congested,rtt_threshold,deadline_miss_rate,0.0,0.0,0.0,0.0,30
75.0,congested,rtt_threshold,p95_latency_ms,33.94268972592376,0.09803104261482531,33.906854831430806,33.97630119170664,30
75.0,congested,rtt_threshold,p99_latency_ms,34.769178949662624,0.05524239382592479,34.748642896298946,34.7879694671568,30
75.0,congested,rtt_threshold,mean_latency_ms,25.012597088142645,0.18113657767527264,24.949225112390963,25.077791277753096,30
75.0,congested,rtt_threshold,usable_confidence_proxy,0.7249282051819181,0.0016092933478095927,0.7243536843822596,0.725520489679899,30
75.0,congested,rtt_threshold,mean_output_confidence,0.7249282051819181,0.0016092933478095927,0.7243536843822596,0.725520489679899,30
75.0,congested,rtt_threshold,bandwidth_per_1000_frames_kb,0.0,0.0,0.0,0.0,30
75.0,congested,rtt_threshold,remote_attempt_rate,0.0,0.0,0.0,0.0,30
75.0,congested,rtt_threshold,remote_accept_rate,0.0,0.0,0.0,0.0,30
75.0,congested,rtt_threshold,remote_accepted_per_frame,0.0,0.0,0.0,0.0,30
75.0,congested,rtt_threshold,remote_rejected_deadline_rate,0.0,0.0,0.0,0.0,30
75.0,congested,rtt_threshold,remote_failed_loss_rate,0.0,0.0,0.0,0.0,30
75.0,congested,rtt_threshold,fallback_rate,0.0,0.0,0.0,0.0,30
75.0,congested,rtt_threshold,reuse_rate,0.0,0.0,0.0,0.0,30
75.0,congested,rtt_threshold,stale_acceptance_rate,0.0,0.0,0.0,0.0,30
75.0,congested,rtt_threshold,mode_switches_per_1000,0.0,0.0,0.0,0.0,30
75.0,congested,rtt_threshold,pct_local_fast,100.0,0.0,100.0,100.0,30
75.0,congested,rtt_threshold,pct_edge_accurate,0.0,0.0,0.0,0.0,30
75.0,congested,rtt_threshold,pct_hybrid,0.0,0.0,0.0,0.0,30
75.0,congested,rtt_threshold,pct_degraded_safe,0.0,0.0,0.0,0.0,30
75.0,congested,oracle_feasible,deadline_miss_rate,0.0,0.0,0.0,0.0,30
75.0,congested,oracle_feasible,p95_latency_ms,33.94268972592376,0.09803104261482531,33.906854831430806,33.97630119170664,30
75.0,congested,oracle_feasible,p99_latency_ms,34.769178949662624,0.05524239382592479,34.748642896298946,34.7879694671568,30
75.0,congested,oracle_feasible,mean_latency_ms,25.012597088142645,0.18113657767527264,24.949225112390963,25.077791277753096,30
75.0,congested,oracle_feasible,usable_confidence_proxy,0.7249282051819181,0.0016092933478095927,0.7243536843822596,0.725520489679899,30
75.0,congested,oracle_feasible,mean_output_confidence,0.7249282051819181,0.0016092933478095927,0.7243536843822596,0.725520489679899,30
75.0,congested,oracle_feasible,bandwidth_per_1000_frames_kb,0.0,0.0,0.0,0.0,30
75.0,congested,oracle_feasible,remote_attempt_rate,0.0,0.0,0.0,0.0,30
75.0,congested,oracle_feasible,remote_accept_rate,0.0,0.0,0.0,0.0,30
75.0,congested,oracle_feasible,remote_accepted_per_frame,0.0,0.0,0.0,0.0,30
75.0,congested,oracle_feasible,remote_rejected_deadline_rate,0.0,0.0,0.0,0.0,30
75.0,congested,oracle_feasible,remote_failed_loss_rate,0.0,0.0,0.0,0.0,30
75.0,congested,oracle_feasible,fallback_rate,0.0,0.0,0.0,0.0,30
75.0,congested,oracle_feasible,reuse_rate,0.0,0.0,0.0,0.0,30
75.0,congested,oracle_feasible,stale_acceptance_rate,0.0,0.0,0.0,0.0,30
75.0,congested,oracle_feasible,mode_switches_per_1000,0.0,0.0,0.0,0.0,30
75.0,congested,oracle_feasible,pct_local_fast,100.0,0.0,100.0,100.0,30
75.0,congested,oracle_feasible,pct_edge_accurate,0.0,0.0,0.0,0.0,30
75.0,congested,oracle_feasible,pct_hybrid,0.0,0.0,0.0,0.0,30
75.0,congested,oracle_feasible,pct_degraded_safe,0.0,0.0,0.0,0.0,30
75.0,lossy,local_only,deadline_miss_rate,0.0,0.0,0.0,0.0,30
75.0,lossy,local_only,p95_latency_ms,34.012278154614826,0.12120943376607804,33.96820622195287,34.05448763655662,30
75.0,lossy,local_only,p99_latency_ms,34.80546807570768,0.06143547890706443,34.78316485257998,34.826772350222946,30
75.0,lossy,local_only,mean_latency_ms,25.003209635014095,0.15974262798343122,24.94828249795479,25.06142062043607,30
75.0,lossy,local_only,usable_confidence_proxy,0.7247968267120143,0.001322250002252836,0.724324432482122,0.7252569980501671,30
75.0,lossy,local_only,mean_output_confidence,0.7247968267120143,0.001322250002252836,0.724324432482122,0.7252569980501671,30
75.0,lossy,local_only,bandwidth_per_1000_frames_kb,0.0,0.0,0.0,0.0,30
75.0,lossy,local_only,remote_attempt_rate,0.0,0.0,0.0,0.0,30
75.0,lossy,local_only,remote_accept_rate,0.0,0.0,0.0,0.0,30
75.0,lossy,local_only,remote_accepted_per_frame,0.0,0.0,0.0,0.0,30
75.0,lossy,local_only,remote_rejected_deadline_rate,0.0,0.0,0.0,0.0,30
75.0,lossy,local_only,remote_failed_loss_rate,0.0,0.0,0.0,0.0,30
75.0,lossy,local_only,fallback_rate,0.0,0.0,0.0,0.0,30
75.0,lossy,local_only,reuse_rate,0.0,0.0,0.0,0.0,30
75.0,lossy,local_only,stale_acceptance_rate,0.0,0.0,0.0,0.0,30
75.0,lossy,local_only,mode_switches_per_1000,0.0,0.0,0.0,0.0,30
75.0,lossy,local_only,pct_local_fast,100.0,0.0,100.0,100.0,30
75.0,lossy,local_only,pct_edge_accurate,0.0,0.0,0.0,0.0,30
75.0,lossy,local_only,pct_hybrid,0.0,0.0,0.0,0.0,30
75.0,lossy,local_only,pct_degraded_safe,0.0,0.0,0.0,0.0,30
75.0,lossy,edge_only,deadline_miss_rate,1.0,0.0,1.0,1.0,30
75.0,lossy,edge_only,p95_latency_ms,109.01227815461485,0.12120943376607894,108.96820622195287,109.0544876365566,30
75.0,lossy,edge_only,p99_latency_ms,109.8054680757077,0.06143547890706418,109.78316485258,109.82677235022294,30
75.0,lossy,edge_only,mean_latency_ms,100.0032096350141,0.15974262798342978,99.9482824979548,100.06142062043607,30
75.0,lossy,edge_only,usable_confidence_proxy,0.0,0.0,0.0,0.0,30
75.0,lossy,edge_only,mean_output_confidence,0.7247968267120143,0.001322250002252836,0.724324432482122,0.7252569980501671,30
75.0,lossy,edge_only,bandwidth_per_1000_frames_kb,25000.0,0.0,25000.0,25000.0,30
75.0,lossy,edge_only,remote_attempt_rate,1.0,0.0,1.0,1.0,30
75.0,lossy,edge_only,remote_accept_rate,0.0,0.0,0.0,0.0,30
75.0,lossy,edge_only,remote_accepted_per_frame,0.0,0.0,0.0,0.0,30
75.0,lossy,edge_only,remote_rejected_deadline_rate,0.7998333333333335,0.012903042499624883,0.7953666666666668,0.8043333333333333,30
75.0,lossy,edge_only,remote_failed_loss_rate,0.2001666666666667,0.0129030424996249,0.19566666666666668,0.20463333333333333,30
75.0,lossy,edge_only,fallback_rate,1.0,0.0,1.0,1.0,30
75.0,lossy,edge_only,reuse_rate,0.0,0.0,0.0,0.0,30
75.0,lossy,edge_only,stale_acceptance_rate,0.0,0.0,0.0,0.0,30
75.0,lossy,edge_only,mode_switches_per_1000,0.0,0.0,0.0,0.0,30
75.0,lossy,edge_only,pct_local_fast,0.0,0.0,0.0,0.0,30
75.0,lossy,edge_only,pct_edge_accurate,100.0,0.0,100.0,100.0,30
75.0,lossy,edge_only,pct_hybrid,0.0,0.0,0.0,0.0,30
75.0,lossy,edge_only,pct_degraded_safe,0.0,0.0,0.0,0.0,30
75.0,lossy,cloud_only,deadline_miss_rate,1.0,0.0,1.0,1.0,30
75.0,lossy,cloud_only,p95_latency_ms,109.01227815461485,0.12120943376607894,108.96820622195287,109.0544876365566,30
75.0,lossy,cloud_only,p99_latency_ms,109.8054680757077,0.06143547890706418,109.78316485258,109.82677235022294,30
75.0,lossy,cloud_only,mean_latency_ms,100.0032096350141,0.15974262798342978,99.9482824979548,100.06142062043607,30
75.0,lossy,cloud_only,usable_confidence_proxy,0.0,0.0,0.0,0.0,30
75.0,lossy,cloud_only,mean_output_confidence,0.7247968267120143,0.001322250002252836,0.724324432482122,0.7252569980501671,30
75.0,lossy,cloud_only,bandwidth_per_1000_frames_kb,35000.0,0.0,35000.0,35000.0,30
75.0,lossy,cloud_only,remote_attempt_rate,1.0,0.0,1.0,1.0,30
75.0,lossy,cloud_only,remote_accept_rate,0.0,0.0,0.0,0.0,30
75.0,lossy,cloud_only,remote_accepted_per_frame,0.0,0.0,0.0,0.0,30
75.0,lossy,cloud_only,remote_rejected_deadline_rate,0.8026666666666666,0.012160800034178009,0.7983333333333335,0.8069333333333333,30
75.0,lossy,cloud_only,remote_failed_loss_rate,0.19733333333333336,0.012160800034178028,0.1930666666666667,0.20166666666666663,30
75.0,lossy,cloud_only,fallback_rate,1.0,0.0,1.0,1.0,30
75.0,lossy,cloud_only,reuse_rate,0.0,0.0,0.0,0.0,30
75.0,lossy,cloud_only,stale_acceptance_rate,0.0,0.0,0.0,0.0,30
75.0,lossy,cloud_only,mode_switches_per_1000,0.0,0.0,0.0,0.0,30
75.0,lossy,cloud_only,pct_local_fast,0.0,0.0,0.0,0.0,30
75.0,lossy,cloud_only,pct_edge_accurate,100.0,0.0,100.0,100.0,30
75.0,lossy,cloud_only,pct_hybrid,0.0,0.0,0.0,0.0,30
75.0,lossy,cloud_only,pct_degraded_safe,0.0,0.0,0.0,0.0,30
75.0,lossy,dapper,deadline_miss_rate,0.0,0.0,0.0,0.0,30
75.0,lossy,dapper,p95_latency_ms,34.012278154614826,0.12120943376607804,33.96820622195287,34.05448763655662,30
75.0,lossy,dapper,p99_latency_ms,34.80546807570768,0.06143547890706443,34.78316485257998,34.826772350222946,30
75.0,lossy,dapper,mean_latency_ms,25.003209635014095,0.15974262798343122,24.94828249795479,25.06142062043607,30
75.0,lossy,dapper,usable_confidence_proxy,0.7247968267120143,0.001322250002252836,0.724324432482122,0.7252569980501671,30
75.0,lossy,dapper,mean_output_confidence,0.7247968267120143,0.001322250002252836,0.724324432482122,0.7252569980501671,30
75.0,lossy,dapper,bandwidth_per_1000_frames_kb,0.8333333333333334,4.564354645876384,0.0,2.5,30
75.0,lossy,dapper,remote_attempt_rate,3.3333333333333335e-05,0.00018257418583505534,0.0,0.0001,30
75.0,lossy,dapper,remote_accept_rate,0.0,0.0,0.0,0.0,30
75.0,lossy,dapper,remote_accepted_per_frame,0.0,0.0,0.0,0.0,30
75.0,lossy,dapper,remote_rejected_deadline_rate,0.03333333333333333,0.18257418583505536,0.0,0.1,30
75.0,lossy,dapper,remote_failed_loss_rate,0.0,0.0,0.0,0.0,30
75.0,lossy,dapper,fallback_rate,0.0,0.0,0.0,0.0,30
75.0,lossy,dapper,reuse_rate,0.0,0.0,0.0,0.0,30
75.0,lossy,dapper,stale_acceptance_rate,0.0,0.0,0.0,0.0,30
75.0,lossy,dapper,mode_switches_per_1000,0.06666666666666667,0.3651483716701107,0.0,0.2,30
75.0,lossy,dapper,pct_local_fast,99.99666666666667,0.0182574185835045,99.99,100.0,30
75.0,lossy,dapper,pct_edge_accurate,0.0,0.0,0.0,0.0,30
75.0,lossy,dapper,pct_hybrid,0.0033333333333333335,0.01825741858350554,0.0,0.010000000000000002,30
75.0,lossy,dapper,pct_degraded_safe,0.0,0.0,0.0,0.0,30
75.0,lossy,deadline_greedy,deadline_miss_rate,0.0,0.0,0.0,0.0,30
75.0,lossy,deadline_greedy,p95_latency_ms,34.012278154614826,0.12120943376607804,33.96820622195287,34.05448763655662,30
75.0,lossy,deadline_greedy,p99_latency_ms,34.80546807570768,0.06143547890706443,34.78316485257998,34.826772350222946,30
75.0,lossy,deadline_greedy,mean_latency_ms,25.003209635014095,0.15974262798343122,24.94828249795479,25.06142062043607,30
75.0,lossy,deadline_greedy,usable_confidence_proxy,0.7247968267120143,0.001322250002252836,0.724324432482122,0.7252569980501671,30
75.0,lossy,deadline_greedy,mean_output_confidence,0.7247968267120143,0.001322250002252836,0.724324432482122,0.7252569980501671,30
75.0,lossy,deadline_greedy,bandwidth_per_1000_frames_kb,0.0,0.0,0.0,0.0,30
75.0,lossy,deadline_greedy,remote_attempt_rate,0.0,0.0,0.0,0.0,30
75.0,lossy,deadline_greedy,remote_accept_rate,0.0,0.0,0.0,0.0,30
75.0,lossy,deadline_greedy,remote_accepted_per_frame,0.0,0.0,0.0,0.0,30
75.0,lossy,deadline_greedy,remote_rejected_deadline_rate,0.0,0.0,0.0,0.0,30
75.0,lossy,deadline_greedy,remote_failed_loss_rate,0.0,0.0,0.0,0.0,30
75.0,lossy,deadline_greedy,fallback_rate,0.0,0.0,0.0,0.0,30
75.0,lossy,deadline_greedy,reuse_rate,0.0,0.0,0.0,0.0,30
75.0,lossy,deadline_greedy,stale_acceptance_rate,0.0,0.0,0.0,0.0,30
75.0,lossy,deadline_greedy,mode_switches_per_1000,0.0,0.0,0.0,0.0,30
75.0,lossy,deadline_greedy,pct_local_fast,100.0,0.0,100.0,100.0,30
75.0,lossy,deadline_greedy,pct_edge_accurate,0.0,0.0,0.0,0.0,30
75.0,lossy,deadline_greedy,pct_hybrid,0.0,0.0,0.0,0.0,30
75.0,lossy,deadline_greedy,pct_degraded_safe,0.0,0.0,0.0,0.0,30
75.0,lossy,confidence_deadline,deadline_miss_rate,0.0,0.0,0.0,0.0,30
75.0,lossy,confidence_deadline,p95_latency_ms,34.012278154614826,0.12120943376607804,33.96820622195287,34.05448763655662,30
75.0,lossy,confidence_deadline,p99_latency_ms,34.80546807570768,0.06143547890706443,34.78316485257998,34.826772350222946,30
75.0,lossy,confidence_deadline,mean_latency_ms,25.003209635014095,0.15974262798343122,24.94828249795479,25.06142062043607,30
75.0,lossy,confidence_deadline,usable_confidence_proxy,0.7247968267120143,0.001322250002252836,0.724324432482122,0.7252569980501671,30
75.0,lossy,confidence_deadline,mean_output_confidence,0.7247968267120143,0.001322250002252836,0.724324432482122,0.7252569980501671,30
75.0,lossy,confidence_deadline,bandwidth_per_1000_frames_kb,0.0,0.0,0.0,0.0,30
75.0,lossy,confidence_deadline,remote_attempt_rate,0.0,0.0,0.0,0.0,30
75.0,lossy,confidence_deadline,remote_accept_rate,0.0,0.0,0.0,0.0,30
75.0,lossy,confidence_deadline,remote_accepted_per_frame,0.0,0.0,0.0,0.0,30
75.0,lossy,confidence_deadline,remote_rejected_deadline_rate,0.0,0.0,0.0,0.0,30
75.0,lossy,confidence_deadline,remote_failed_loss_rate,0.0,0.0,0.0,0.0,30
75.0,lossy,confidence_deadline,fallback_rate,0.0,0.0,0.0,0.0,30
75.0,lossy,confidence_deadline,reuse_rate,0.0,0.0,0.0,0.0,30
75.0,lossy,confidence_deadline,stale_acceptance_rate,0.0,0.0,0.0,0.0,30
75.0,lossy,confidence_deadline,mode_switches_per_1000,0.0,0.0,0.0,0.0,30
75.0,lossy,confidence_deadline,pct_local_fast,100.0,0.0,100.0,100.0,30
75.0,lossy,confidence_deadline,pct_edge_accurate,0.0,0.0,0.0,0.0,30
75.0,lossy,confidence_deadline,pct_hybrid,0.0,0.0,0.0,0.0,30
75.0,lossy,confidence_deadline,pct_degraded_safe,0.0,0.0,0.0,0.0,30
75.0,lossy,rtt_threshold,deadline_miss_rate,0.0,0.0,0.0,0.0,30
75.0,lossy,rtt_threshold,p95_latency_ms,34.012278154614826,0.12120943376607804,33.96820622195287,34.05448763655662,30
75.0,lossy,rtt_threshold,p99_latency_ms,34.80546807570768,0.06143547890706443,34.78316485257998,34.826772350222946,30
75.0,lossy,rtt_threshold,mean_latency_ms,25.003209635014095,0.15974262798343122,24.94828249795479,25.06142062043607,30
75.0,lossy,rtt_threshold,usable_confidence_proxy,0.7247968267120143,0.001322250002252836,0.724324432482122,0.7252569980501671,30
75.0,lossy,rtt_threshold,mean_output_confidence,0.7247968267120143,0.001322250002252836,0.724324432482122,0.7252569980501671,30
75.0,lossy,rtt_threshold,bandwidth_per_1000_frames_kb,0.0,0.0,0.0,0.0,30
75.0,lossy,rtt_threshold,remote_attempt_rate,0.0,0.0,0.0,0.0,30
75.0,lossy,rtt_threshold,remote_accept_rate,0.0,0.0,0.0,0.0,30
75.0,lossy,rtt_threshold,remote_accepted_per_frame,0.0,0.0,0.0,0.0,30
75.0,lossy,rtt_threshold,remote_rejected_deadline_rate,0.0,0.0,0.0,0.0,30
75.0,lossy,rtt_threshold,remote_failed_loss_rate,0.0,0.0,0.0,0.0,30
75.0,lossy,rtt_threshold,fallback_rate,0.0,0.0,0.0,0.0,30
75.0,lossy,rtt_threshold,reuse_rate,0.0,0.0,0.0,0.0,30
75.0,lossy,rtt_threshold,stale_acceptance_rate,0.0,0.0,0.0,0.0,30
75.0,lossy,rtt_threshold,mode_switches_per_1000,0.0,0.0,0.0,0.0,30
75.0,lossy,rtt_threshold,pct_local_fast,100.0,0.0,100.0,100.0,30
75.0,lossy,rtt_threshold,pct_edge_accurate,0.0,0.0,0.0,0.0,30
75.0,lossy,rtt_threshold,pct_hybrid,0.0,0.0,0.0,0.0,30
75.0,lossy,rtt_threshold,pct_degraded_safe,0.0,0.0,0.0,0.0,30
75.0,lossy,oracle_feasible,deadline_miss_rate,0.0,0.0,0.0,0.0,30
75.0,lossy,oracle_feasible,p95_latency_ms,34.012278154614826,0.12120943376607804,33.96820622195287,34.05448763655662,30
75.0,lossy,oracle_feasible,p99_latency_ms,34.80546807570768,0.06143547890706443,34.78316485257998,34.826772350222946,30
75.0,lossy,oracle_feasible,mean_latency_ms,25.003209635014095,0.15974262798343122,24.94828249795479,25.06142062043607,30
75.0,lossy,oracle_feasible,usable_confidence_proxy,0.7247968267120143,0.001322250002252836,0.724324432482122,0.7252569980501671,30
75.0,lossy,oracle_feasible,mean_output_confidence,0.7247968267120143,0.001322250002252836,0.724324432482122,0.7252569980501671,30
75.0,lossy,oracle_feasible,bandwidth_per_1000_frames_kb,0.0,0.0,0.0,0.0,30
75.0,lossy,oracle_feasible,remote_attempt_rate,0.0,0.0,0.0,0.0,30
75.0,lossy,oracle_feasible,remote_accept_rate,0.0,0.0,0.0,0.0,30
75.0,lossy,oracle_feasible,remote_accepted_per_frame,0.0,0.0,0.0,0.0,30
75.0,lossy,oracle_feasible,remote_rejected_deadline_rate,0.0,0.0,0.0,0.0,30
75.0,lossy,oracle_feasible,remote_failed_loss_rate,0.0,0.0,0.0,0.0,30
75.0,lossy,oracle_feasible,fallback_rate,0.0,0.0,0.0,0.0,30
75.0,lossy,oracle_feasible,reuse_rate,0.0,0.0,0.0,0.0,30
75.0,lossy,oracle_feasible,stale_acceptance_rate,0.0,0.0,0.0,0.0,30
75.0,lossy,oracle_feasible,mode_switches_per_1000,0.0,0.0,0.0,0.0,30
75.0,lossy,oracle_feasible,pct_local_fast,100.0,0.0,100.0,100.0,30
75.0,lossy,oracle_feasible,pct_edge_accurate,0.0,0.0,0.0,0.0,30
75.0,lossy,oracle_feasible,pct_hybrid,0.0,0.0,0.0,0.0,30
75.0,lossy,oracle_feasible,pct_degraded_safe,0.0,0.0,0.0,0.0,30
75.0,variable,local_only,deadline_miss_rate,0.0,0.0,0.0,0.0,30
75.0,variable,local_only,p95_latency_ms,33.968149024906744,0.1405586387811733,33.91643690824179,34.01692474906916,30
75.0,variable,local_only,p99_latency_ms,34.76851135047007,0.06136746205108886,34.74544472215542,34.78830822433854,30
75.0,variable,local_only,mean_latency_ms,24.954267881168015,0.19098209259437163,24.888226088629484,25.022143227100855,30
75.0,variable,local_only,usable_confidence_proxy,0.7253139635038416,0.0015586878317280677,0.7247747251435688,0.725862167316182,30
75.0,variable,local_only,mean_output_confidence,0.7253139635038416,0.0015586878317280677,0.7247747251435688,0.725862167316182,30
75.0,variable,local_only,bandwidth_per_1000_frames_kb,0.0,0.0,0.0,0.0,30
75.0,variable,local_only,remote_attempt_rate,0.0,0.0,0.0,0.0,30
75.0,variable,local_only,remote_accept_rate,0.0,0.0,0.0,0.0,30
75.0,variable,local_only,remote_accepted_per_frame,0.0,0.0,0.0,0.0,30
75.0,variable,local_only,remote_rejected_deadline_rate,0.0,0.0,0.0,0.0,30
75.0,variable,local_only,remote_failed_loss_rate,0.0,0.0,0.0,0.0,30
75.0,variable,local_only,fallback_rate,0.0,0.0,0.0,0.0,30
75.0,variable,local_only,reuse_rate,0.0,0.0,0.0,0.0,30
75.0,variable,local_only,stale_acceptance_rate,0.0,0.0,0.0,0.0,30
75.0,variable,local_only,mode_switches_per_1000,0.0,0.0,0.0,0.0,30
75.0,variable,local_only,pct_local_fast,100.0,0.0,100.0,100.0,30
75.0,variable,local_only,pct_edge_accurate,0.0,0.0,0.0,0.0,30
75.0,variable,local_only,pct_hybrid,0.0,0.0,0.0,0.0,30
75.0,variable,local_only,pct_degraded_safe,0.0,0.0,0.0,0.0,30
75.0,variable,edge_only,deadline_miss_rate,0.7810999999999999,0.039977019260639186,0.7668666666666667,0.7948691666666664,30
75.0,variable,edge_only,p95_latency_ms,108.66468584925674,0.2297375706798693,108.58382732132506,108.74483666896514,30
75.0,variable,edge_only,p99_latency_ms,109.7115545497376,0.0876448381072294,109.67887486559842,109.73977144319323,30
75.0,variable,edge_only,mean_latency_ms,83.57689064476683,2.9770557582527464,82.52317894216135,84.61018960484716,30
75.0,variable,edge_only,usable_confidence_proxy,0.15883086908017444,0.02898314941210726,0.14877360162586092,0.1691679070275238,30
75.0,variable,edge_only,mean_output_confidence,0.7254501628925811,0.001575338894442625,0.7249040234142506,0.7259957268574173,30
75.0,variable,edge_only,bandwidth_per_1000_frames_kb,19550.0,1002.346385169353,19192.479166666668,19895.020833333332,30
75.0,variable,edge_only,remote_attempt_rate,0.7819999999999999,0.04009385540677411,0.7676991666666665,0.7958008333333334,30
75.0,variable,edge_only,remote_accept_rate,0.001145231494190656,0.0011801872588515943,0.0007618530747092384,0.00157684421507131,30
75.0,variable,edge_only,remote_accepted_per_frame,0.0009000000000000001,0.0009228890171255884,0.0006000000000000001,0.0012333333333333335,30
75.0,variable,edge_only,remote_rejected_deadline_rate,0.9288844554908562,0.010683978245175526,0.9253431378516328,0.9326893637159814,30
75.0,variable,edge_only,remote_failed_loss_rate,0.06997031301495303,0.010165868779043342,0.06632832603520199,0.07338833491631039,30
75.0,variable,edge_only,fallback_rate,0.9990999999999999,0.0009228890171255891,0.9987666666666666,0.9993999999999998,30
75.0,variable,edge_only,reuse_rate,0.0,0.0,0.0,0.0,30
75.0,variable,edge_only,stale_acceptance_rate,0.0,0.0,0.0,0.0,30
75.0,variable,edge_only,mode_switches_per_1000,0.0,0.0,0.0,0.0,30
75.0,variable,edge_only,pct_local_fast,0.0,0.0,0.0,0.0,30
75.0,variable,edge_only,pct_edge_accurate,100.0,0.0,100.0,100.0,30
75.0,variable,edge_only,pct_hybrid,0.0,0.0,0.0,0.0,30
75.0,variable,edge_only,pct_degraded_safe,0.0,0.0,0.0,0.0,30
75.0,variable,cloud_only,deadline_miss_rate,0.7819999999999999,0.04009385540677411,0.7676991666666665,0.7958008333333334,30
75.0,variable,cloud_only,p95_latency_ms,108.6663704718774,0.2303474546051634,108.5857721747686,108.74635794064135,30
75.0,variable,cloud_only,p99_latency_ms,109.71162317962177,0.08756262698262061,109.6789452112297,109.73983835733033,30
75.0,variable,cloud_only,mean_latency_ms,83.60426788116803,2.978376781778526,82.55097670091776,84.63386571469843,30
75.0,variable,cloud_only,usable_confidence_proxy,0.1580399411309307,0.029087738068927515,0.1479729652944653,0.16840410707253156,30
75.0,variable,cloud_only,mean_output_confidence,0.7253139635038416,0.0015586878317280677,0.7247747251435688,0.725862167316182,30
75.0,variable,cloud_only,bandwidth_per_1000_frames_kb,27370.0,1403.2849392370942,26869.470833333333,27853.029166666667,30
75.0,variable,cloud_only,remote_attempt_rate,0.7819999999999999,0.04009385540677411,0.7676991666666665,0.7958008333333334,30
75.0,variable,cloud_only,remote_accept_rate,0.0,0.0,0.0,0.0,30
75.0,variable,cloud_only,remote_accepted_per_frame,0.0,0.0,0.0,0.0,30
75.0,variable,cloud_only,remote_rejected_deadline_rate,0.9282382668900749,0.011708123029951226,0.9240471924385651,0.9323063818590034,30
75.0,variable,cloud_only,remote_failed_loss_rate,0.07176173310992494,0.011708123029951225,0.0676936181409964,0.07595280756143473,30
75.0,variable,cloud_only,fallback_rate,1.0,0.0,1.0,1.0,30
75.0,variable,cloud_only,reuse_rate,0.0,0.0,0.0,0.0,30
75.0,variable,cloud_only,stale_acceptance_rate,0.0,0.0,0.0,0.0,30
75.0,variable,cloud_only,mode_switches_per_1000,0.0,0.0,0.0,0.0,30
75.0,variable,cloud_only,pct_local_fast,0.0,0.0,0.0,0.0,30
75.0,variable,cloud_only,pct_edge_accurate,100.0,0.0,100.0,100.0,30
75.0,variable,cloud_only,pct_hybrid,0.0,0.0,0.0,0.0,30
75.0,variable,cloud_only,pct_degraded_safe,0.0,0.0,0.0,0.0,30
75.0,variable,dapper,deadline_miss_rate,0.0,0.0,0.0,0.0,30
75.0,variable,dapper,p95_latency_ms,33.65945745094239,0.24303522618829929,33.572346396575945,33.74450353331378,30
75.0,variable,dapper,p99_latency_ms,34.68956251254914,0.11074186843069028,34.64794766999861,34.726711053334434,30
75.0,variable,dapper,mean_latency_ms,19.578550078245737,0.7682618662864187,19.309456735288293,19.83720270053671,30
75.0,variable,dapper,usable_confidence_proxy,0.7253597934937458,0.0021381403402000987,0.7246170748966183,0.7260956693304735,30
75.0,variable,dapper,mean_output_confidence,0.7252410584936364,0.002130426768818644,0.7244990230997318,0.7259793379689733,30
75.0,variable,dapper,bandwidth_per_1000_frames_kb,280.8333333333333,116.27911821704417,240.0,322.5,30
75.0,variable,dapper,remote_attempt_rate,0.011233333333333336,0.004651164728681766,0.009600000000000001,0.0129,30
75.0,variable,dapper,remote_accept_rate,0.06826178451178452,0.08719733071257273,0.03983059764309763,0.10112868265993266,30
75.0,variable,dapper,remote_accepted_per_frame,0.0007333333333333334,0.0009444331755018489,0.00043333333333333337,0.0010666666666666667,30
75.0,variable,dapper,remote_rejected_deadline_rate,0.8504924242424244,0.11104625800501428,0.8114341780904282,0.8887704124579124,30
75.0,variable,dapper,remote_failed_loss_rate,0.08124579124579126,0.09473360026884403,0.050690235690235695,0.11726677489177491,30
75.0,variable,dapper,fallback_rate,0.2794,0.03997982249706158,0.2661325,0.29363333333333325,30
75.0,variable,dapper,reuse_rate,0.22396666666666665,0.030555188433879523,0.2137983333333333,0.2347675,30
75.0,variable,dapper,stale_acceptance_rate,0.0,0.0,0.0,0.0,30
75.0,variable,dapper,mode_switches_per_1000,202.36666666666667,20.435741734272455,195.29916666666668,209.4,30
75.0,variable,dapper,pct_local_fast,76.10666666666665,3.0057339838397574,75.05658333333332,77.11341666666665,30
75.0,variable,dapper,pct_edge_accurate,0.0,0.0,0.0,0.0,30
75.0,variable,dapper,pct_hybrid,1.1233333333333335,0.46511647286817664,0.9600000000000001,1.2899999999999996,30
75.0,variable,dapper,pct_degraded_safe,22.77,3.1406291923972702,21.716583333333325,23.870083333333334,30
75.0,variable,deadline_greedy,deadline_miss_rate,0.0,0.0,0.0,0.0,30
75.0,variable,deadline_greedy,p95_latency_ms,33.968149024906744,0.1405586387811733,33.91643690824179,34.01692474906916,30
75.0,variable,deadline_greedy,p99_latency_ms,34.76851135047007,0.06136746205108886,34.74544472215542,34.78830822433854,30
75.0,variable,deadline_greedy,mean_latency_ms,24.954267881168015,0.19098209259437163,24.888226088629484,25.022143227100855,30
75.0,variable,deadline_greedy,usable_confidence_proxy,0.7253139635038416,0.0015586878317280677,0.7247747251435688,0.725862167316182,30
75.0,variable,deadline_greedy,mean_output_confidence,0.7253139635038416,0.0015586878317280677,0.7247747251435688,0.725862167316182,30
75.0,variable,deadline_greedy,bandwidth_per_1000_frames_kb,0.0,0.0,0.0,0.0,30
75.0,variable,deadline_greedy,remote_attempt_rate,0.0,0.0,0.0,0.0,30
75.0,variable,deadline_greedy,remote_accept_rate,0.0,0.0,0.0,0.0,30
75.0,variable,deadline_greedy,remote_accepted_per_frame,0.0,0.0,0.0,0.0,30
75.0,variable,deadline_greedy,remote_rejected_deadline_rate,0.0,0.0,0.0,0.0,30
75.0,variable,deadline_greedy,remote_failed_loss_rate,0.0,0.0,0.0,0.0,30
75.0,variable,deadline_greedy,fallback_rate,0.0,0.0,0.0,0.0,30
75.0,variable,deadline_greedy,reuse_rate,0.0,0.0,0.0,0.0,30
75.0,variable,deadline_greedy,stale_acceptance_rate,0.0,0.0,0.0,0.0,30
75.0,variable,deadline_greedy,mode_switches_per_1000,0.0,0.0,0.0,0.0,30
75.0,variable,deadline_greedy,pct_local_fast,100.0,0.0,100.0,100.0,30
75.0,variable,deadline_greedy,pct_edge_accurate,0.0,0.0,0.0,0.0,30
75.0,variable,deadline_greedy,pct_hybrid,0.0,0.0,0.0,0.0,30
75.0,variable,deadline_greedy,pct_degraded_safe,0.0,0.0,0.0,0.0,30
75.0,variable,confidence_deadline,deadline_miss_rate,0.0,0.0,0.0,0.0,30
75.0,variable,confidence_deadline,p95_latency_ms,33.968149024906744,0.1405586387811733,33.91643690824179,34.01692474906916,30
75.0,variable,confidence_deadline,p99_latency_ms,34.76851135047007,0.06136746205108886,34.74544472215542,34.78830822433854,30
75.0,variable,confidence_deadline,mean_latency_ms,24.954267881168015,0.19098209259437163,24.888226088629484,25.022143227100855,30
75.0,variable,confidence_deadline,usable_confidence_proxy,0.7253139635038416,0.0015586878317280677,0.7247747251435688,0.725862167316182,30
75.0,variable,confidence_deadline,mean_output_confidence,0.7253139635038416,0.0015586878317280677,0.7247747251435688,0.725862167316182,30
75.0,variable,confidence_deadline,bandwidth_per_1000_frames_kb,0.0,0.0,0.0,0.0,30
75.0,variable,confidence_deadline,remote_attempt_rate,0.0,0.0,0.0,0.0,30
75.0,variable,confidence_deadline,remote_accept_rate,0.0,0.0,0.0,0.0,30
75.0,variable,confidence_deadline,remote_accepted_per_frame,0.0,0.0,0.0,0.0,30
75.0,variable,confidence_deadline,remote_rejected_deadline_rate,0.0,0.0,0.0,0.0,30
75.0,variable,confidence_deadline,remote_failed_loss_rate,0.0,0.0,0.0,0.0,30
75.0,variable,confidence_deadline,fallback_rate,0.0,0.0,0.0,0.0,30
75.0,variable,confidence_deadline,reuse_rate,0.0,0.0,0.0,0.0,30
75.0,variable,confidence_deadline,stale_acceptance_rate,0.0,0.0,0.0,0.0,30
75.0,variable,confidence_deadline,mode_switches_per_1000,0.0,0.0,0.0,0.0,30
75.0,variable,confidence_deadline,pct_local_fast,100.0,0.0,100.0,100.0,30
75.0,variable,confidence_deadline,pct_edge_accurate,0.0,0.0,0.0,0.0,30
75.0,variable,confidence_deadline,pct_hybrid,0.0,0.0,0.0,0.0,30
75.0,variable,confidence_deadline,pct_degraded_safe,0.0,0.0,0.0,0.0,30
75.0,variable,rtt_threshold,deadline_miss_rate,0.0005333333333333334,0.0007760791522613611,0.0002666666666666667,0.0008333333333333334,30
75.0,variable,rtt_threshold,p95_latency_ms,33.986695938437485,0.1373435794736967,33.93640071825767,34.03465311828479,30
75.0,variable,rtt_threshold,p99_latency_ms,34.78130098298774,0.06030290078866963,34.75768079084346,34.80021007461255,30
75.0,variable,rtt_threshold,mean_latency_ms,25.002495329593888,0.18774290931496357,24.93802502241889,25.069032788087817,30
75.0,variable,rtt_threshold,usable_confidence_proxy,0.7249674756548493,0.0015125026350423997,0.7244317821610723,0.7254915115903074,30
75.0,variable,rtt_threshold,mean_output_confidence,0.7253465323692894,0.0015483953279138208,0.7248107040090032,0.7258854926692626,30
75.0,variable,rtt_threshold,bandwidth_per_1000_frames_kb,18.333333333333332,22.679678482993406,10.833333333333334,26.666666666666668,30
75.0,variable,rtt_threshold,remote_attempt_rate,0.0007333333333333333,0.0009071871393197364,0.00043333333333333337,0.001066666666666667,30
75.0,variable,rtt_threshold,remote_accept_rate,0.13333333333333333,0.29164614049283744,0.03333333333333333,0.25,30
75.0,variable,rtt_threshold,remote_accepted_per_frame,0.0002,0.00040683810217248615,6.666666666666667e-05,0.00036666666666666667,30
75.0,variable,rtt_threshold,remote_rejected_deadline_rate,0.31666666666666665,0.4251436538827571,0.16666666666666666,0.4666666666666667,30
75.0,variable,rtt_threshold,remote_failed_loss_rate,0.016666666666666666,0.09128709291752767,0.0,0.05,30
75.0,variable,rtt_threshold,fallback_rate,0.0005333333333333334,0.0007760791522613611,0.0002666666666666667,0.0008333333333333334,30
75.0,variable,rtt_threshold,reuse_rate,0.0,0.0,0.0,0.0,30
75.0,variable,rtt_threshold,stale_acceptance_rate,0.0,0.0,0.0,0.0,30
75.0,variable,rtt_threshold,mode_switches_per_1000,1.1333333333333333,1.3578211078487255,0.6666666666666666,1.6,30
75.0,variable,rtt_threshold,pct_local_fast,99.92666666666668,0.0907187139319738,99.89333333333335,99.95666666666668,30
75.0,variable,rtt_threshold,pct_edge_accurate,0.07333333333333333,0.09071871393197363,0.043333333333333335,0.1066666666666667,30
75.0,variable,rtt_threshold,pct_hybrid,0.0,0.0,0.0,0.0,30
75.0,variable,rtt_threshold,pct_degraded_safe,0.0,0.0,0.0,0.0,30
75.0,variable,oracle_feasible,deadline_miss_rate,0.0,0.0,0.0,0.0,30
75.0,variable,oracle_feasible,p95_latency_ms,33.993521192703334,0.13880918358779953,33.94241847810991,34.04100229137769,30
75.0,variable,oracle_feasible,p99_latency_ms,34.78766940283913,0.054334445588543036,34.768065392249085,34.805863032614916,30
75.0,variable,oracle_feasible,mean_latency_ms,24.994390644766835,0.19401696978621105,24.926539815987702,25.061604744526655,30
75.0,variable,oracle_feasible,usable_confidence_proxy,0.7254501628925811,0.001575338894442625,0.7249040234142506,0.7259957268574173,30
75.0,variable,oracle_feasible,mean_output_confidence,0.7254501628925811,0.001575338894442625,0.7249040234142506,0.7259957268574173,30
75.0,variable,oracle_feasible,bandwidth_per_1000_frames_kb,22.5,23.072225428139706,15.0,30.833333333333332,30
75.0,variable,oracle_feasible,remote_attempt_rate,0.0009000000000000001,0.0009228890171255884,0.0006000000000000001,0.0012333333333333335,30
75.0,variable,oracle_feasible,remote_accept_rate,0.6666666666666666,0.47946330148538413,0.5,0.8333333333333334,30
75.0,variable,oracle_feasible,remote_accepted_per_frame,0.0009000000000000001,0.0009228890171255884,0.0006000000000000001,0.0012333333333333335,30
75.0,variable,oracle_feasible,remote_rejected_deadline_rate,0.0,0.0,0.0,0.0,30
75.0,variable,oracle_feasible,remote_failed_loss_rate,0.0,0.0,0.0,0.0,30
75.0,variable,oracle_feasible,fallback_rate,0.0,0.0,0.0,0.0,30
75.0,variable,oracle_feasible,reuse_rate,0.0,0.0,0.0,0.0,30
75.0,variable,oracle_feasible,stale_acceptance_rate,0.0,0.0,0.0,0.0,30
75.0,variable,oracle_feasible,mode_switches_per_1000,1.8,1.8457780342511767,1.2,2.466666666666667,30
75.0,variable,oracle_feasible,pct_local_fast,99.91,0.09228890171255916,99.87666666666668,99.94000000000001,30
75.0,variable,oracle_feasible,pct_edge_accurate,0.09000000000000001,0.09228890171255884,0.06000000000000001,0.12333333333333335,30
75.0,variable,oracle_feasible,pct_hybrid,0.0,0.0,0.0,0.0,30
75.0,variable,oracle_feasible,pct_degraded_safe,0.0,0.0,0.0,0.0,30
75.0,outage,local_only,deadline_miss_rate,0.0,0.0,0.0,0.0,30
75.0,outage,local_only,p95_latency_ms,34.0121154317442,0.15795577821290474,33.95559240397263,34.06678081351494,30
75.0,outage,local_only,p99_latency_ms,34.777699557235714,0.07705312091530245,34.749491147370385,34.80488086421645,30
75.0,outage,local_only,mean_latency_ms,25.010062503109022,0.1685788631806354,24.95087977218813,25.069247105913615,30
75.0,outage,local_only,usable_confidence_proxy,0.7249467226228217,0.0013696023696029161,0.7244430956540359,0.7254187925547377,30
75.0,outage,local_only,mean_output_confidence,0.7249467226228217,0.0013696023696029161,0.7244430956540359,0.7254187925547377,30
75.0,outage,local_only,bandwidth_per_1000_frames_kb,0.0,0.0,0.0,0.0,30
75.0,outage,local_only,remote_attempt_rate,0.0,0.0,0.0,0.0,30
75.0,outage,local_only,remote_accept_rate,0.0,0.0,0.0,0.0,30
75.0,outage,local_only,remote_accepted_per_frame,0.0,0.0,0.0,0.0,30
75.0,outage,local_only,remote_rejected_deadline_rate,0.0,0.0,0.0,0.0,30
75.0,outage,local_only,remote_failed_loss_rate,0.0,0.0,0.0,0.0,30
75.0,outage,local_only,fallback_rate,0.0,0.0,0.0,0.0,30
75.0,outage,local_only,reuse_rate,0.0,0.0,0.0,0.0,30
75.0,outage,local_only,stale_acceptance_rate,0.0,0.0,0.0,0.0,30
75.0,outage,local_only,mode_switches_per_1000,0.0,0.0,0.0,0.0,30
75.0,outage,local_only,pct_local_fast,100.0,0.0,100.0,100.0,30
75.0,outage,local_only,pct_edge_accurate,0.0,0.0,0.0,0.0,30
75.0,outage,local_only,pct_hybrid,0.0,0.0,0.0,0.0,30
75.0,outage,local_only,pct_degraded_safe,0.0,0.0,0.0,0.0,30
75.0,outage,edge_only,deadline_miss_rate,0.1468,0.017916280402144744,0.14046666666666668,0.15319999999999998,30
75.0,outage,edge_only,p95_latency_ms,103.07706649270384,1.0513613154171968,102.69653397211766,103.44161829814955,30
75.0,outage,edge_only,p99_latency_ms,108.55336169996855,0.49453161615289687,108.37598231284059,108.72639105592833,30
75.0,outage,edge_only,mean_latency_ms,36.020062503109024,1.3484200961260127,35.5388237419309,36.49039897043813,30
75.0,outage,edge_only,usable_confidence_proxy,0.6187231720593105,0.013185832525004102,0.6140224486563564,0.6233365380563796,30
75.0,outage,edge_only,mean_output_confidence,0.7249467226228217,0.0013696023696029161,0.7244430956540359,0.7254187925547377,30
75.0,outage,edge_only,bandwidth_per_1000_frames_kb,3670.0,447.9070100536186,3511.6666666666665,3830.0,30
75.0,outage,edge_only,remote_attempt_rate,0.1468,0.017916280402144744,0.14046666666666668,0.15319999999999998,30
75.0,outage,edge_only,remote_accept_rate,0.0,0.0,0.0,0.0,30
75.0,outage,edge_only,remote_accepted_per_frame,0.0,0.0,0.0,0.0,30
75.0,outage,edge_only,remote_rejected_deadline_rate,0.6478458263339892,0.030744298729784847,0.6370254896761771,0.6587201011002732,30
75.0,outage,edge_only,remote_failed_loss_rate,0.3521541736660107,0.030744298729784847,0.3412798988997264,0.36297451032382305,30
75.0,outage,edge_only,fallback_rate,1.0,0.0,1.0,1.0,30
75.0,outage,edge_only,reuse_rate,0.0,0.0,0.0,0.0,30
75.0,outage,edge_only,stale_acceptance_rate,0.0,0.0,0.0,0.0,30
75.0,outage,edge_only,mode_switches_per_1000,0.0,0.0,0.0,0.0,30
75.0,outage,edge_only,pct_local_fast,0.0,0.0,0.0,0.0,30
75.0,outage,edge_only,pct_edge_accurate,100.0,0.0,100.0,100.0,30
75.0,outage,edge_only,pct_hybrid,0.0,0.0,0.0,0.0,30
75.0,outage,edge_only,pct_degraded_safe,0.0,0.0,0.0,0.0,30
75.0,outage,cloud_only,deadline_miss_rate,0.1468,0.017916280402144744,0.14046666666666668,0.15319999999999998,30
75.0,outage,cloud_only,p95_latency_ms,103.07706649270384,1.0513613154171968,102.69653397211766,103.44161829814955,30
75.0,outage,cloud_only,p99_latency_ms,108.55336169996855,0.49453161615289687,108.37598231284059,108.72639105592833,30
75.0,outage,cloud_only,mean_latency_ms,36.020062503109024,1.3484200961260127,35.5388237419309,36.49039897043813,30
75.0,outage,cloud_only,usable_confidence_proxy,0.6187231720593105,0.013185832525004102,0.6140224486563564,0.6233365380563796,30
75.0,outage,cloud_only,mean_output_confidence,0.7249467226228217,0.0013696023696029161,0.7244430956540359,0.7254187925547377,30
75.0,outage,cloud_only,bandwidth_per_1000_frames_kb,5138.0,627.069814075066,4916.333333333333,5362.0,30
75.0,outage,cloud_only,remote_attempt_rate,0.1468,0.017916280402144744,0.14046666666666668,0.15319999999999998,30
75.0,outage,cloud_only,remote_accept_rate,0.0,0.0,0.0,0.0,30
75.0,outage,cloud_only,remote_accepted_per_frame,0.0,0.0,0.0,0.0,30
75.0,outage,cloud_only,remote_rejected_deadline_rate,0.6512698376729025,0.03850931772583731,0.6377876605443613,0.6650002425313353,30
75.0,outage,cloud_only,remote_failed_loss_rate,0.34873016232709736,0.03850931772583731,0.3349997574686648,0.36221233945563863,30
75.0,outage,cloud_only,fallback_rate,1.0,0.0,1.0,1.0,30
75.0,outage,cloud_only,reuse_rate,0.0,0.0,0.0,0.0,30
75.0,outage,cloud_only,stale_acceptance_rate,0.0,0.0,0.0,0.0,30
75.0,outage,cloud_only,mode_switches_per_1000,0.0,0.0,0.0,0.0,30
75.0,outage,cloud_only,pct_local_fast,0.0,0.0,0.0,0.0,30
75.0,outage,cloud_only,pct_edge_accurate,100.0,0.0,100.0,100.0,30
75.0,outage,cloud_only,pct_hybrid,0.0,0.0,0.0,0.0,30
75.0,outage,cloud_only,pct_degraded_safe,0.0,0.0,0.0,0.0,30
75.0,outage,dapper,deadline_miss_rate,0.0,0.0,0.0,0.0,30
75.0,outage,dapper,p95_latency_ms,31.18838425196936,0.5009047087578914,31.014573146138307,31.359947063348404,30
75.0,outage,dapper,p99_latency_ms,34.18711647171901,0.2345203938192105,34.10222418561493,34.27049382149214,30
75.0,outage,dapper,mean_latency_ms,7.381609814192322,0.14348774576691167,7.331697649688182,7.433717812533078,30
75.0,outage,dapper,usable_confidence_proxy,0.7255264574970844,0.00273138929991575,0.7245230285258677,0.7264802357218441,30
75.0,outage,dapper,mean_output_confidence,0.7255264574970844,0.00273138929991575,0.7245230285258677,0.7264802357218441,30
75.0,outage,dapper,bandwidth_per_1000_frames_kb,0.0,0.0,0.0,0.0,30
75.0,outage,dapper,remote_attempt_rate,0.0,0.0,0.0,0.0,30
75.0,outage,dapper,remote_accept_rate,0.0,0.0,0.0,0.0,30
75.0,outage,dapper,remote_accepted_per_frame,0.0,0.0,0.0,0.0,30
75.0,outage,dapper,remote_rejected_deadline_rate,0.0,0.0,0.0,0.0,30
75.0,outage,dapper,remote_failed_loss_rate,0.0,0.0,0.0,0.0,30
75.0,outage,dapper,fallback_rate,1.0,0.0,1.0,1.0,30
75.0,outage,dapper,reuse_rate,0.7340333333333333,0.0029300268721061903,0.7329666666666668,0.7350333333333333,30
75.0,outage,dapper,stale_acceptance_rate,0.0,0.0,0.0,0.0,30
75.0,outage,dapper,mode_switches_per_1000,418.43333333333334,10.48375864860971,414.6666666666667,422.1333333333333,30
75.0,outage,dapper,pct_local_fast,22.63,0.6012343624749752,22.419916666666666,22.84333333333333,30
75.0,outage,dapper,pct_edge_accurate,0.0,0.0,0.0,0.0,30
75.0,outage,dapper,pct_hybrid,0.0,0.0,0.0,0.0,30
75.0,outage,dapper,pct_degraded_safe,77.36999999999999,0.6012343624749765,77.15666666666668,77.58008333333335,30
75.0,outage,deadline_greedy,deadline_miss_rate,0.0,0.0,0.0,0.0,30
75.0,outage,deadline_greedy,p95_latency_ms,34.0121154317442,0.15795577821290474,33.95559240397263,34.06678081351494,30
75.0,outage,deadline_greedy,p99_latency_ms,34.777699557235714,0.07705312091530245,34.749491147370385,34.80488086421645,30
75.0,outage,deadline_greedy,mean_latency_ms,25.010062503109022,0.1685788631806354,24.95087977218813,25.069247105913615,30
75.0,outage,deadline_greedy,usable_confidence_proxy,0.7249467226228217,0.0013696023696029161,0.7244430956540359,0.7254187925547377,30
75.0,outage,deadline_greedy,mean_output_confidence,0.7249467226228217,0.0013696023696029161,0.7244430956540359,0.7254187925547377,30
75.0,outage,deadline_greedy,bandwidth_per_1000_frames_kb,0.0,0.0,0.0,0.0,30
75.0,outage,deadline_greedy,remote_attempt_rate,0.0,0.0,0.0,0.0,30
75.0,outage,deadline_greedy,remote_accept_rate,0.0,0.0,0.0,0.0,30
75.0,outage,deadline_greedy,remote_accepted_per_frame,0.0,0.0,0.0,0.0,30
75.0,outage,deadline_greedy,remote_rejected_deadline_rate,0.0,0.0,0.0,0.0,30
75.0,outage,deadline_greedy,remote_failed_loss_rate,0.0,0.0,0.0,0.0,30
75.0,outage,deadline_greedy,fallback_rate,0.0,0.0,0.0,0.0,30
75.0,outage,deadline_greedy,reuse_rate,0.0,0.0,0.0,0.0,30
75.0,outage,deadline_greedy,stale_acceptance_rate,0.0,0.0,0.0,0.0,30
75.0,outage,deadline_greedy,mode_switches_per_1000,0.0,0.0,0.0,0.0,30
75.0,outage,deadline_greedy,pct_local_fast,100.0,0.0,100.0,100.0,30
75.0,outage,deadline_greedy,pct_edge_accurate,0.0,0.0,0.0,0.0,30
75.0,outage,deadline_greedy,pct_hybrid,0.0,0.0,0.0,0.0,30
75.0,outage,deadline_greedy,pct_degraded_safe,0.0,0.0,0.0,0.0,30
75.0,outage,confidence_deadline,deadline_miss_rate,0.0,0.0,0.0,0.0,30
75.0,outage,confidence_deadline,p95_latency_ms,34.0121154317442,0.15795577821290474,33.95559240397263,34.06678081351494,30
75.0,outage,confidence_deadline,p99_latency_ms,34.777699557235714,0.07705312091530245,34.749491147370385,34.80488086421645,30
75.0,outage,confidence_deadline,mean_latency_ms,25.010062503109022,0.1685788631806354,24.95087977218813,25.069247105913615,30
75.0,outage,confidence_deadline,usable_confidence_proxy,0.7249467226228217,0.0013696023696029161,0.7244430956540359,0.7254187925547377,30
75.0,outage,confidence_deadline,mean_output_confidence,0.7249467226228217,0.0013696023696029161,0.7244430956540359,0.7254187925547377,30
75.0,outage,confidence_deadline,bandwidth_per_1000_frames_kb,0.0,0.0,0.0,0.0,30
75.0,outage,confidence_deadline,remote_attempt_rate,0.0,0.0,0.0,0.0,30
75.0,outage,confidence_deadline,remote_accept_rate,0.0,0.0,0.0,0.0,30
75.0,outage,confidence_deadline,remote_accepted_per_frame,0.0,0.0,0.0,0.0,30
75.0,outage,confidence_deadline,remote_rejected_deadline_rate,0.0,0.0,0.0,0.0,30
75.0,outage,confidence_deadline,remote_failed_loss_rate,0.0,0.0,0.0,0.0,30
75.0,outage,confidence_deadline,fallback_rate,0.0,0.0,0.0,0.0,30
75.0,outage,confidence_deadline,reuse_rate,0.0,0.0,0.0,0.0,30
75.0,outage,confidence_deadline,stale_acceptance_rate,0.0,0.0,0.0,0.0,30
75.0,outage,confidence_deadline,mode_switches_per_1000,0.0,0.0,0.0,0.0,30
75.0,outage,confidence_deadline,pct_local_fast,100.0,0.0,100.0,100.0,30
75.0,outage,confidence_deadline,pct_edge_accurate,0.0,0.0,0.0,0.0,30
75.0,outage,confidence_deadline,pct_hybrid,0.0,0.0,0.0,0.0,30
75.0,outage,confidence_deadline,pct_degraded_safe,0.0,0.0,0.0,0.0,30
75.0,outage,rtt_threshold,deadline_miss_rate,0.0,0.0,0.0,0.0,30
75.0,outage,rtt_threshold,p95_latency_ms,34.0121154317442,0.15795577821290474,33.95559240397263,34.06678081351494,30
75.0,outage,rtt_threshold,p99_latency_ms,34.777699557235714,0.07705312091530245,34.749491147370385,34.80488086421645,30
75.0,outage,rtt_threshold,mean_latency_ms,25.010062503109022,0.1685788631806354,24.95087977218813,25.069247105913615,30
75.0,outage,rtt_threshold,usable_confidence_proxy,0.7249467226228217,0.0013696023696029161,0.7244430956540359,0.7254187925547377,30
75.0,outage,rtt_threshold,mean_output_confidence,0.7249467226228217,0.0013696023696029161,0.7244430956540359,0.7254187925547377,30
75.0,outage,rtt_threshold,bandwidth_per_1000_frames_kb,0.0,0.0,0.0,0.0,30
75.0,outage,rtt_threshold,remote_attempt_rate,0.0,0.0,0.0,0.0,30
75.0,outage,rtt_threshold,remote_accept_rate,0.0,0.0,0.0,0.0,30
75.0,outage,rtt_threshold,remote_accepted_per_frame,0.0,0.0,0.0,0.0,30
75.0,outage,rtt_threshold,remote_rejected_deadline_rate,0.0,0.0,0.0,0.0,30
75.0,outage,rtt_threshold,remote_failed_loss_rate,0.0,0.0,0.0,0.0,30
75.0,outage,rtt_threshold,fallback_rate,0.0,0.0,0.0,0.0,30
75.0,outage,rtt_threshold,reuse_rate,0.0,0.0,0.0,0.0,30
75.0,outage,rtt_threshold,stale_acceptance_rate,0.0,0.0,0.0,0.0,30
75.0,outage,rtt_threshold,mode_switches_per_1000,0.0,0.0,0.0,0.0,30
75.0,outage,rtt_threshold,pct_local_fast,100.0,0.0,100.0,100.0,30
75.0,outage,rtt_threshold,pct_edge_accurate,0.0,0.0,0.0,0.0,30
75.0,outage,rtt_threshold,pct_hybrid,0.0,0.0,0.0,0.0,30
75.0,outage,rtt_threshold,pct_degraded_safe,0.0,0.0,0.0,0.0,30
75.0,outage,oracle_feasible,deadline_miss_rate,0.0,0.0,0.0,0.0,30
75.0,outage,oracle_feasible,p95_latency_ms,34.0121154317442,0.15795577821290474,33.95559240397263,34.06678081351494,30
75.0,outage,oracle_feasible,p99_latency_ms,34.777699557235714,0.07705312091530245,34.749491147370385,34.80488086421645,30
75.0,outage,oracle_feasible,mean_latency_ms,25.010062503109022,0.1685788631806354,24.95087977218813,25.069247105913615,30
75.0,outage,oracle_feasible,usable_confidence_proxy,0.7249467226228217,0.0013696023696029161,0.7244430956540359,0.7254187925547377,30
75.0,outage,oracle_feasible,mean_output_confidence,0.7249467226228217,0.0013696023696029161,0.7244430956540359,0.7254187925547377,30
75.0,outage,oracle_feasible,bandwidth_per_1000_frames_kb,0.0,0.0,0.0,0.0,30
75.0,outage,oracle_feasible,remote_attempt_rate,0.0,0.0,0.0,0.0,30
75.0,outage,oracle_feasible,remote_accept_rate,0.0,0.0,0.0,0.0,30
75.0,outage,oracle_feasible,remote_accepted_per_frame,0.0,0.0,0.0,0.0,30
75.0,outage,oracle_feasible,remote_rejected_deadline_rate,0.0,0.0,0.0,0.0,30
75.0,outage,oracle_feasible,remote_failed_loss_rate,0.0,0.0,0.0,0.0,30
75.0,outage,oracle_feasible,fallback_rate,0.0,0.0,0.0,0.0,30
75.0,outage,oracle_feasible,reuse_rate,0.0,0.0,0.0,0.0,30
75.0,outage,oracle_feasible,stale_acceptance_rate,0.0,0.0,0.0,0.0,30
75.0,outage,oracle_feasible,mode_switches_per_1000,0.0,0.0,0.0,0.0,30
75.0,outage,oracle_feasible,pct_local_fast,100.0,0.0,100.0,100.0,30
75.0,outage,oracle_feasible,pct_edge_accurate,0.0,0.0,0.0,0.0,30
75.0,outage,oracle_feasible,pct_hybrid,0.0,0.0,0.0,0.0,30
75.0,outage,oracle_feasible,pct_degraded_safe,0.0,0.0,0.0,0.0,30
100.0,stable,local_only,deadline_miss_rate,0.0,0.0,0.0,0.0,30
100.0,stable,local_only,p95_latency_ms,33.984265110354684,0.14612908292769589,33.9343159514038,34.036015368498674,30
100.0,stable,local_only,p99_latency_ms,34.78401367177919,0.06560311317343774,34.76065987728268,34.806824911760046,30
100.0,stable,local_only,mean_latency_ms,25.02027748999063,0.19474756789946776,24.952896569039584,25.094599531312916,30
100.0,stable,local_only,usable_confidence_proxy,0.7249667322554326,0.0015304909747104968,0.7244513387101592,0.7255071023390036,30
100.0,stable,local_only,mean_output_confidence,0.7249667322554326,0.0015304909747104968,0.7244513387101592,0.7255071023390036,30
100.0,stable,local_only,bandwidth_per_1000_frames_kb,0.0,0.0,0.0,0.0,30
100.0,stable,local_only,remote_attempt_rate,0.0,0.0,0.0,0.0,30
100.0,stable,local_only,remote_accept_rate,0.0,0.0,0.0,0.0,30
100.0,stable,local_only,remote_accepted_per_frame,0.0,0.0,0.0,0.0,30
100.0,stable,local_only,remote_rejected_deadline_rate,0.0,0.0,0.0,0.0,30
100.0,stable,local_only,remote_failed_loss_rate,0.0,0.0,0.0,0.0,30
100.0,stable,local_only,fallback_rate,0.0,0.0,0.0,0.0,30
100.0,stable,local_only,reuse_rate,0.0,0.0,0.0,0.0,30
100.0,stable,local_only,stale_acceptance_rate,0.0,0.0,0.0,0.0,30
100.0,stable,local_only,mode_switches_per_1000,0.0,0.0,0.0,0.0,30
100.0,stable,local_only,pct_local_fast,100.0,0.0,100.0,100.0,30
100.0,stable,local_only,pct_edge_accurate,0.0,0.0,0.0,0.0,30
100.0,stable,local_only,pct_hybrid,0.0,0.0,0.0,0.0,30
100.0,stable,local_only,pct_degraded_safe,0.0,0.0,0.0,0.0,30
100.0,stable,edge_only,deadline_miss_rate,0.48766666666666664,0.017307230566588564,0.48173249999999995,0.4938008333333334,30
100.0,stable,edge_only,p95_latency_ms,132.81733139293937,0.30593015833849796,132.71084468521116,132.9247731677656,30
100.0,stable,edge_only,p99_latency_ms,134.5574969014746,0.14450161643231713,134.50545774857406,134.60895679349068,30
100.0,stable,edge_only,mean_latency_ms,105.61111912563356,0.7172371856629703,105.36989092482128,105.86285332043418,30
100.0,stable,edge_only,usable_confidence_proxy,0.4483087878864294,0.015200156779463628,0.44296430829161876,0.45352983854864626,30
100.0,stable,edge_only,mean_output_confidence,0.8018397604921572,0.003217967031190964,0.8007202870741114,0.8029298858199907,30
100.0,stable,edge_only,bandwidth_per_1000_frames_kb,25000.0,0.0,25000.0,25000.0,30
100.0,stable,edge_only,remote_attempt_rate,1.0,0.0,1.0,1.0,30
100.0,stable,edge_only,remote_accept_rate,0.5123333333333334,0.017307230566588578,0.5061991666666666,0.5182675000000001,30
100.0,stable,edge_only,remote_accepted_per_frame,0.5123333333333334,0.017307230566588578,0.5061991666666666,0.5182675000000001,30
100.0,stable,edge_only,remote_rejected_deadline_rate,0.4766,0.01613007471603363,0.47103333333333336,0.48230083333333323,30
100.0,stable,edge_only,remote_failed_loss_rate,0.011066666666666669,0.0027784060592154374,0.010133333333333334,0.012066666666666668,30
100.0,stable,edge_only,fallback_rate,0.48766666666666664,0.017307230566588564,0.48173249999999995,0.4938008333333334,30
100.0,stable,edge_only,reuse_rate,0.0,0.0,0.0,0.0,30
100.0,stable,edge_only,stale_acceptance_rate,0.0,0.0,0.0,0.0,30
100.0,stable,edge_only,mode_switches_per_1000,0.0,0.0,0.0,0.0,30
100.0,stable,edge_only,pct_local_fast,0.0,0.0,0.0,0.0,30
100.0,stable,edge_only,pct_edge_accurate,100.0,0.0,100.0,100.0,30
100.0,stable,edge_only,pct_hybrid,0.0,0.0,0.0,0.0,30
100.0,stable,edge_only,pct_degraded_safe,0.0,0.0,0.0,0.0,30
100.0,stable,cloud_only,deadline_miss_rate,1.0,0.0,1.0,1.0,30
100.0,stable,cloud_only,p95_latency_ms,133.9842651103547,0.14612908292769947,133.9343159514038,134.03601536849868,30
100.0,stable,cloud_only,p99_latency_ms,134.7840136717792,0.06560311317343609,134.76065987728268,134.80682491176006,30
100.0,stable,cloud_only,mean_latency_ms,125.02027748999065,0.19474756789946737,124.95289656903961,125.09459953131294,30
100.0,stable,cloud_only,usable_confidence_proxy,0.0,0.0,0.0,0.0,30
100.0,stable,cloud_only,mean_output_confidence,0.7249667322554326,0.0015304909747104968,0.7244513387101592,0.7255071023390036,30
100.0,stable,cloud_only,bandwidth_per_1000_frames_kb,35000.0,0.0,35000.0,35000.0,30
100.0,stable,cloud_only,remote_attempt_rate,1.0,0.0,1.0,1.0,30
100.0,stable,cloud_only,remote_accept_rate,0.0,0.0,0.0,0.0,30
100.0,stable,cloud_only,remote_accepted_per_frame,0.0,0.0,0.0,0.0,30
100.0,stable,cloud_only,remote_rejected_deadline_rate,0.9906666666666666,0.003546084128116278,0.9893999999999998,0.9918999999999999,30
100.0,stable,cloud_only,remote_failed_loss_rate,0.009333333333333334,0.003546084128116275,0.008100000000000001,0.010600000000000002,30
100.0,stable,cloud_only,fallback_rate,1.0,0.0,1.0,1.0,30
100.0,stable,cloud_only,reuse_rate,0.0,0.0,0.0,0.0,30
100.0,stable,cloud_only,stale_acceptance_rate,0.0,0.0,0.0,0.0,30
100.0,stable,cloud_only,mode_switches_per_1000,0.0,0.0,0.0,0.0,30
100.0,stable,cloud_only,pct_local_fast,0.0,0.0,0.0,0.0,30
100.0,stable,cloud_only,pct_edge_accurate,100.0,0.0,100.0,100.0,30
100.0,stable,cloud_only,pct_hybrid,0.0,0.0,0.0,0.0,30
100.0,stable,cloud_only,pct_degraded_safe,0.0,0.0,0.0,0.0,30
100.0,stable,dapper,deadline_miss_rate,0.0,0.0,0.0,0.0,30
100.0,stable,dapper,p95_latency_ms,33.984265110354684,0.14612908292769589,33.9343159514038,34.036015368498674,30
100.0,stable,dapper,p99_latency_ms,34.78401367177919,0.06560311317343774,34.76065987728268,34.806824911760046,30
100.0,stable,dapper,mean_latency_ms,25.02027748999063,0.19474756789946776,24.952896569039584,25.094599531312916,30
100.0,stable,dapper,usable_confidence_proxy,0.7959976928158301,0.0030581965746421004,0.7949187491188087,0.7970282591916404,30
100.0,stable,dapper,mean_output_confidence,0.7249667322554326,0.0015304909747104968,0.7244513387101592,0.7255071023390036,30
100.0,stable,dapper,bandwidth_per_1000_frames_kb,21621.666666666668,335.8425671130112,21501.645833333336,21735.0,30
100.0,stable,dapper,remote_attempt_rate,0.8648666666666667,0.013433702684520463,0.8600658333333333,0.8694,30
100.0,stable,dapper,remote_accept_rate,0.5119299636219802,0.019710509684781493,0.5048710537106218,0.5185291640553195,30
100.0,stable,dapper,remote_accepted_per_frame,0.4427,0.01712862093609448,0.43670000000000003,0.44869999999999993,30
100.0,stable,dapper,remote_rejected_deadline_rate,0.47690963533308023,0.018550469460783117,0.47058399999723577,0.48349712111243753,30
100.0,stable,dapper,remote_failed_loss_rate,0.011160401044939667,0.0032782175425864904,0.010069906399418155,0.012335025962814114,30
100.0,stable,dapper,fallback_rate,0.0,0.0,0.0,0.0,30
100.0,stable,dapper,reuse_rate,0.0,0.0,0.0,0.0,30
100.0,stable,dapper,stale_acceptance_rate,0.0,0.0,0.0,0.0,30
100.0,stable,dapper,mode_switches_per_1000,233.3,23.550605819867112,225.26666666666668,241.90083333333334,30
100.0,stable,dapper,pct_local_fast,13.513333333333334,1.3433702684520452,13.06,13.993416666666668,30
100.0,stable,dapper,pct_edge_accurate,0.0,0.0,0.0,0.0,30
100.0,stable,dapper,pct_hybrid,86.48666666666666,1.3433702684520459,86.00658333333332,86.93999999999998,30
100.0,stable,dapper,pct_degraded_safe,0.0,0.0,0.0,0.0,30
100.0,stable,deadline_greedy,deadline_miss_rate,0.0,0.0,0.0,0.0,30
100.0,stable,deadline_greedy,p95_latency_ms,33.984265110354684,0.14612908292769589,33.9343159514038,34.036015368498674,30
100.0,stable,deadline_greedy,p99_latency_ms,34.78401367177919,0.06560311317343774,34.76065987728268,34.806824911760046,30
100.0,stable,deadline_greedy,mean_latency_ms,25.02027748999063,0.19474756789946776,24.952896569039584,25.094599531312916,30
100.0,stable,deadline_greedy,usable_confidence_proxy,0.7249667322554326,0.0015304909747104968,0.7244513387101592,0.7255071023390036,30
100.0,stable,deadline_greedy,mean_output_confidence,0.7249667322554326,0.0015304909747104968,0.7244513387101592,0.7255071023390036,30
100.0,stable,deadline_greedy,bandwidth_per_1000_frames_kb,0.0,0.0,0.0,0.0,30
100.0,stable,deadline_greedy,remote_attempt_rate,0.0,0.0,0.0,0.0,30
100.0,stable,deadline_greedy,remote_accept_rate,0.0,0.0,0.0,0.0,30
100.0,stable,deadline_greedy,remote_accepted_per_frame,0.0,0.0,0.0,0.0,30
100.0,stable,deadline_greedy,remote_rejected_deadline_rate,0.0,0.0,0.0,0.0,30
100.0,stable,deadline_greedy,remote_failed_loss_rate,0.0,0.0,0.0,0.0,30
100.0,stable,deadline_greedy,fallback_rate,0.0,0.0,0.0,0.0,30
100.0,stable,deadline_greedy,reuse_rate,0.0,0.0,0.0,0.0,30
100.0,stable,deadline_greedy,stale_acceptance_rate,0.0,0.0,0.0,0.0,30
100.0,stable,deadline_greedy,mode_switches_per_1000,0.0,0.0,0.0,0.0,30
100.0,stable,deadline_greedy,pct_local_fast,100.0,0.0,100.0,100.0,30
100.0,stable,deadline_greedy,pct_edge_accurate,0.0,0.0,0.0,0.0,30
100.0,stable,deadline_greedy,pct_hybrid,0.0,0.0,0.0,0.0,30
100.0,stable,deadline_greedy,pct_degraded_safe,0.0,0.0,0.0,0.0,30
100.0,stable,confidence_deadline,deadline_miss_rate,0.0,0.0,0.0,0.0,30
100.0,stable,confidence_deadline,p95_latency_ms,33.984265110354684,0.14612908292769589,33.9343159514038,34.036015368498674,30
100.0,stable,confidence_deadline,p99_latency_ms,34.78401367177919,0.06560311317343774,34.76065987728268,34.806824911760046,30
100.0,stable,confidence_deadline,mean_latency_ms,25.02027748999063,0.19474756789946776,24.952896569039584,25.094599531312916,30
100.0,stable,confidence_deadline,usable_confidence_proxy,0.7249667322554326,0.0015304909747104968,0.7244513387101592,0.7255071023390036,30
100.0,stable,confidence_deadline,mean_output_confidence,0.7249667322554326,0.0015304909747104968,0.7244513387101592,0.7255071023390036,30
100.0,stable,confidence_deadline,bandwidth_per_1000_frames_kb,0.0,0.0,0.0,0.0,30
100.0,stable,confidence_deadline,remote_attempt_rate,0.0,0.0,0.0,0.0,30
100.0,stable,confidence_deadline,remote_accept_rate,0.0,0.0,0.0,0.0,30
100.0,stable,confidence_deadline,remote_accepted_per_frame,0.0,0.0,0.0,0.0,30
100.0,stable,confidence_deadline,remote_rejected_deadline_rate,0.0,0.0,0.0,0.0,30
100.0,stable,confidence_deadline,remote_failed_loss_rate,0.0,0.0,0.0,0.0,30
100.0,stable,confidence_deadline,fallback_rate,0.0,0.0,0.0,0.0,30
100.0,stable,confidence_deadline,reuse_rate,0.0,0.0,0.0,0.0,30
100.0,stable,confidence_deadline,stale_acceptance_rate,0.0,0.0,0.0,0.0,30
100.0,stable,confidence_deadline,mode_switches_per_1000,0.0,0.0,0.0,0.0,30
100.0,stable,confidence_deadline,pct_local_fast,100.0,0.0,100.0,100.0,30
100.0,stable,confidence_deadline,pct_edge_accurate,0.0,0.0,0.0,0.0,30
100.0,stable,confidence_deadline,pct_hybrid,0.0,0.0,0.0,0.0,30
100.0,stable,confidence_deadline,pct_degraded_safe,0.0,0.0,0.0,0.0,30
100.0,stable,rtt_threshold,deadline_miss_rate,0.0,0.0,0.0,0.0,30
100.0,stable,rtt_threshold,p95_latency_ms,33.984265110354684,0.14612908292769589,33.9343159514038,34.036015368498674,30
100.0,stable,rtt_threshold,p99_latency_ms,34.78401367177919,0.06560311317343774,34.76065987728268,34.806824911760046,30
100.0,stable,rtt_threshold,mean_latency_ms,25.02027748999063,0.19474756789946776,24.952896569039584,25.094599531312916,30
100.0,stable,rtt_threshold,usable_confidence_proxy,0.7249667322554326,0.0015304909747104968,0.7244513387101592,0.7255071023390036,30
100.0,stable,rtt_threshold,mean_output_confidence,0.7249667322554326,0.0015304909747104968,0.7244513387101592,0.7255071023390036,30
100.0,stable,rtt_threshold,bandwidth_per_1000_frames_kb,0.0,0.0,0.0,0.0,30
100.0,stable,rtt_threshold,remote_attempt_rate,0.0,0.0,0.0,0.0,30
100.0,stable,rtt_threshold,remote_accept_rate,0.0,0.0,0.0,0.0,30
100.0,stable,rtt_threshold,remote_accepted_per_frame,0.0,0.0,0.0,0.0,30
100.0,stable,rtt_threshold,remote_rejected_deadline_rate,0.0,0.0,0.0,0.0,30
100.0,stable,rtt_threshold,remote_failed_loss_rate,0.0,0.0,0.0,0.0,30
100.0,stable,rtt_threshold,fallback_rate,0.0,0.0,0.0,0.0,30
100.0,stable,rtt_threshold,reuse_rate,0.0,0.0,0.0,0.0,30
100.0,stable,rtt_threshold,stale_acceptance_rate,0.0,0.0,0.0,0.0,30
100.0,stable,rtt_threshold,mode_switches_per_1000,0.0,0.0,0.0,0.0,30
100.0,stable,rtt_threshold,pct_local_fast,100.0,0.0,100.0,100.0,30
100.0,stable,rtt_threshold,pct_edge_accurate,0.0,0.0,0.0,0.0,30
100.0,stable,rtt_threshold,pct_hybrid,0.0,0.0,0.0,0.0,30
100.0,stable,rtt_threshold,pct_degraded_safe,0.0,0.0,0.0,0.0,30
100.0,stable,oracle_feasible,deadline_miss_rate,0.0,0.0,0.0,0.0,30
100.0,stable,oracle_feasible,p95_latency_ms,97.53004413558443,0.3102627822443879,97.42062742795284,97.63684478973028,30
100.0,stable,oracle_feasible,p99_latency_ms,99.50507143434609,0.12392426016749884,99.4582903861729,99.54724722039084,30
100.0,stable,oracle_feasible,mean_latency_ms,56.844452458966884,1.0822797819502115,56.45923555482655,57.211731445478414,30
100.0,stable,oracle_feasible,usable_confidence_proxy,0.8018397604921572,0.003217967031190964,0.8007202870741114,0.8029298858199907,30
100.0,stable,oracle_feasible,mean_output_confidence,0.8018397604921572,0.003217967031190964,0.8007202870741114,0.8029298858199907,30
100.0,stable,oracle_feasible,bandwidth_per_1000_frames_kb,12808.333333333334,432.68076416471405,12654.979166666666,12956.6875,30
100.0,stable,oracle_feasible,remote_attempt_rate,0.5123333333333334,0.017307230566588578,0.5061991666666666,0.5182675000000001,30
100.0,stable,oracle_feasible,remote_accept_rate,1.0,0.0,1.0,1.0,30
100.0,stable,oracle_feasible,remote_accepted_per_frame,0.5123333333333334,0.017307230566588578,0.5061991666666666,0.5182675000000001,30
100.0,stable,oracle_feasible,remote_rejected_deadline_rate,0.0,0.0,0.0,0.0,30
100.0,stable,oracle_feasible,remote_failed_loss_rate,0.0,0.0,0.0,0.0,30
100.0,stable,oracle_feasible,fallback_rate,0.0,0.0,0.0,0.0,30
100.0,stable,oracle_feasible,reuse_rate,0.0,0.0,0.0,0.0,30
100.0,stable,oracle_feasible,stale_acceptance_rate,0.0,0.0,0.0,0.0,30
100.0,stable,oracle_feasible,mode_switches_per_1000,493.3,14.943918149373424,488.0991666666667,498.8333333333333,30
100.0,stable,oracle_feasible,pct_local_fast,48.766666666666666,1.7307230566588565,48.17324999999999,49.38008333333333,30
100.0,stable,oracle_feasible,pct_edge_accurate,51.233333333333334,1.7307230566588578,50.61991666666666,51.826750000000004,30
100.0,stable,oracle_feasible,pct_hybrid,0.0,0.0,0.0,0.0,30
100.0,stable,oracle_feasible,pct_degraded_safe,0.0,0.0,0.0,0.0,30
100.0,congested,local_only,deadline_miss_rate,0.0,0.0,0.0,0.0,30
100.0,congested,local_only,p95_latency_ms,33.94268972592376,0.09803104261482531,33.906854831430806,33.97630119170664,30
100.0,congested,local_only,p99_latency_ms,34.769178949662624,0.05524239382592479,34.748642896298946,34.7879694671568,30
100.0,congested,local_only,mean_latency_ms,25.012597088142645,0.18113657767527264,24.949225112390963,25.077791277753096,30
100.0,congested,local_only,usable_confidence_proxy,0.7249282051819181,0.0016092933478095927,0.7243536843822596,0.725520489679899,30
100.0,congested,local_only,mean_output_confidence,0.7249282051819181,0.0016092933478095927,0.7243536843822596,0.725520489679899,30
100.0,congested,local_only,bandwidth_per_1000_frames_kb,0.0,0.0,0.0,0.0,30
100.0,congested,local_only,remote_attempt_rate,0.0,0.0,0.0,0.0,30
100.0,congested,local_only,remote_accept_rate,0.0,0.0,0.0,0.0,30
100.0,congested,local_only,remote_accepted_per_frame,0.0,0.0,0.0,0.0,30
100.0,congested,local_only,remote_rejected_deadline_rate,0.0,0.0,0.0,0.0,30
100.0,congested,local_only,remote_failed_loss_rate,0.0,0.0,0.0,0.0,30
100.0,congested,local_only,fallback_rate,0.0,0.0,0.0,0.0,30
100.0,congested,local_only,reuse_rate,0.0,0.0,0.0,0.0,30
100.0,congested,local_only,stale_acceptance_rate,0.0,0.0,0.0,0.0,30
100.0,congested,local_only,mode_switches_per_1000,0.0,0.0,0.0,0.0,30
100.0,congested,local_only,pct_local_fast,100.0,0.0,100.0,100.0,30
100.0,congested,local_only,pct_edge_accurate,0.0,0.0,0.0,0.0,30
100.0,congested,local_only,pct_hybrid,0.0,0.0,0.0,0.0,30
100.0,congested,local_only,pct_degraded_safe,0.0,0.0,0.0,0.0,30
100.0,congested,edge_only,deadline_miss_rate,1.0,0.0,1.0,1.0,30
100.0,congested,edge_only,p95_latency_ms,133.9426897259238,0.09803104261482606,133.90685483143082,133.97630119170665,30
100.0,congested,edge_only,p99_latency_ms,134.76917894966263,0.055242393825926016,134.74864289629895,134.78796946715676,30
100.0,congested,edge_only,mean_latency_ms,125.01259708814266,0.1811365776752744,124.94922511239096,125.07779127775311,30
100.0,congested,edge_only,usable_confidence_proxy,0.0,0.0,0.0,0.0,30
100.0,congested,edge_only,mean_output_confidence,0.7249282051819181,0.0016092933478095927,0.7243536843822596,0.725520489679899,30
100.0,congested,edge_only,bandwidth_per_1000_frames_kb,25000.0,0.0,25000.0,25000.0,30
100.0,congested,edge_only,remote_attempt_rate,1.0,0.0,1.0,1.0,30
100.0,congested,edge_only,remote_accept_rate,0.0,0.0,0.0,0.0,30
100.0,congested,edge_only,remote_accepted_per_frame,0.0,0.0,0.0,0.0,30
100.0,congested,edge_only,remote_rejected_deadline_rate,0.9504666666666668,0.007682193173438355,0.9477991666666665,0.9531666666666666,30
100.0,congested,edge_only,remote_failed_loss_rate,0.04953333333333333,0.007682193173438364,0.04683333333333333,0.05220083333333333,30
100.0,congested,edge_only,fallback_rate,1.0,0.0,1.0,1.0,30
100.0,congested,edge_only,reuse_rate,0.0,0.0,0.0,0.0,30
100.0,congested,edge_only,stale_acceptance_rate,0.0,0.0,0.0,0.0,30
100.0,congested,edge_only,mode_switches_per_1000,0.0,0.0,0.0,0.0,30
100.0,congested,edge_only,pct_local_fast,0.0,0.0,0.0,0.0,30
100.0,congested,edge_only,pct_edge_accurate,100.0,0.0,100.0,100.0,30
100.0,congested,edge_only,pct_hybrid,0.0,0.0,0.0,0.0,30
100.0,congested,edge_only,pct_degraded_safe,0.0,0.0,0.0,0.0,30
100.0,congested,cloud_only,deadline_miss_rate,1.0,0.0,1.0,1.0,30
100.0,congested,cloud_only,p95_latency_ms,133.9426897259238,0.09803104261482606,133.90685483143082,133.97630119170665,30
100.0,congested,cloud_only,p99_latency_ms,134.76917894966263,0.055242393825926016,134.74864289629895,134.78796946715676,30
100.0,congested,cloud_only,mean_latency_ms,125.01259708814266,0.1811365776752744,124.94922511239096,125.07779127775311,30
100.0,congested,cloud_only,usable_confidence_proxy,0.0,0.0,0.0,0.0,30
100.0,congested,cloud_only,mean_output_confidence,0.7249282051819181,0.0016092933478095927,0.7243536843822596,0.725520489679899,30
100.0,congested,cloud_only,bandwidth_per_1000_frames_kb,35000.0,0.0,35000.0,35000.0,30
100.0,congested,cloud_only,remote_attempt_rate,1.0,0.0,1.0,1.0,30
100.0,congested,cloud_only,remote_accept_rate,0.0,0.0,0.0,0.0,30
100.0,congested,cloud_only,remote_accepted_per_frame,0.0,0.0,0.0,0.0,30
100.0,congested,cloud_only,remote_rejected_deadline_rate,0.9505666666666667,0.00714231360821974,0.9480000000000001,0.9531333333333333,30
100.0,congested,cloud_only,remote_failed_loss_rate,0.049433333333333336,0.007142313608219744,0.04686666666666666,0.052000000000000005,30
100.0,congested,cloud_only,fallback_rate,1.0,0.0,1.0,1.0,30
100.0,congested,cloud_only,reuse_rate,0.0,0.0,0.0,0.0,30
100.0,congested,cloud_only,stale_acceptance_rate,0.0,0.0,0.0,0.0,30
100.0,congested,cloud_only,mode_switches_per_1000,0.0,0.0,0.0,0.0,30
100.0,congested,cloud_only,pct_local_fast,0.0,0.0,0.0,0.0,30
100.0,congested,cloud_only,pct_edge_accurate,100.0,0.0,100.0,100.0,30
100.0,congested,cloud_only,pct_hybrid,0.0,0.0,0.0,0.0,30
100.0,congested,cloud_only,pct_degraded_safe,0.0,0.0,0.0,0.0,30
100.0,congested,dapper,deadline_miss_rate,0.0,0.0,0.0,0.0,30
100.0,congested,dapper,p95_latency_ms,33.93663339562628,0.10384597263558462,33.89863800925726,33.97238476351824,30
100.0,congested,dapper,p99_latency_ms,34.76774120719711,0.0574407179719229,34.74658413465894,34.7871629365586,30
100.0,congested,dapper,mean_latency_ms,24.831886454720813,0.19570763546815947,24.76464899629824,24.902166867111045,30
100.0,congested,dapper,usable_confidence_proxy,0.724962592880273,0.001562881778886257,0.7244059800112123,0.7255382569621288,30
100.0,congested,dapper,mean_output_confidence,0.724962592880273,0.001562881778886257,0.7244059800112123,0.7255382569621288,30
100.0,congested,dapper,bandwidth_per_1000_frames_kb,2.5,7.628214415734117,0.0,5.833333333333333,30
100.0,congested,dapper,remote_attempt_rate,0.0001,0.00030512857662936464,0.0,0.00023333333333333333,30
100.0,congested,dapper,remote_accept_rate,0.0,0.0,0.0,0.0,30
100.0,congested,dapper,remote_accepted_per_frame,0.0,0.0,0.0,0.0,30
100.0,congested,dapper,remote_rejected_deadline_rate,0.1,0.30512857662936466,0.0,0.23333333333333334,30
100.0,congested,dapper,remote_failed_loss_rate,0.0,0.0,0.0,0.0,30
100.0,congested,dapper,fallback_rate,0.007433333333333334,0.0027628487713469464,0.006500000000000001,0.008433333333333336,30
100.0,congested,dapper,reuse_rate,0.007433333333333334,0.0027628487713469464,0.006500000000000001,0.008433333333333336,30
100.0,congested,dapper,stale_acceptance_rate,0.0,0.0,0.0,0.0,30
100.0,congested,dapper,mode_switches_per_1000,12.133333333333333,4.032055463949847,10.733333333333333,13.533333333333333,30
100.0,congested,dapper,pct_local_fast,99.24666666666667,0.28494806947731727,99.14333333333335,99.34333333333335,30
100.0,congested,dapper,pct_edge_accurate,0.0,0.0,0.0,0.0,30
100.0,congested,dapper,pct_hybrid,0.010000000000000002,0.030512857662936467,0.0,0.02333333333333333,30
100.0,congested,dapper,pct_degraded_safe,0.7433333333333334,0.2762848771346947,0.6499999999999999,0.8433333333333334,30
100.0,congested,deadline_greedy,deadline_miss_rate,0.0,0.0,0.0,0.0,30
100.0,congested,deadline_greedy,p95_latency_ms,33.94268972592376,0.09803104261482531,33.906854831430806,33.97630119170664,30
100.0,congested,deadline_greedy,p99_latency_ms,34.769178949662624,0.05524239382592479,34.748642896298946,34.7879694671568,30
100.0,congested,deadline_greedy,mean_latency_ms,25.012597088142645,0.18113657767527264,24.949225112390963,25.077791277753096,30
100.0,congested,deadline_greedy,usable_confidence_proxy,0.7249282051819181,0.0016092933478095927,0.7243536843822596,0.725520489679899,30
100.0,congested,deadline_greedy,mean_output_confidence,0.7249282051819181,0.0016092933478095927,0.7243536843822596,0.725520489679899,30
100.0,congested,deadline_greedy,bandwidth_per_1000_frames_kb,0.0,0.0,0.0,0.0,30
100.0,congested,deadline_greedy,remote_attempt_rate,0.0,0.0,0.0,0.0,30
100.0,congested,deadline_greedy,remote_accept_rate,0.0,0.0,0.0,0.0,30
100.0,congested,deadline_greedy,remote_accepted_per_frame,0.0,0.0,0.0,0.0,30
100.0,congested,deadline_greedy,remote_rejected_deadline_rate,0.0,0.0,0.0,0.0,30
100.0,congested,deadline_greedy,remote_failed_loss_rate,0.0,0.0,0.0,0.0,30
100.0,congested,deadline_greedy,fallback_rate,0.0,0.0,0.0,0.0,30
100.0,congested,deadline_greedy,reuse_rate,0.0,0.0,0.0,0.0,30
100.0,congested,deadline_greedy,stale_acceptance_rate,0.0,0.0,0.0,0.0,30
100.0,congested,deadline_greedy,mode_switches_per_1000,0.0,0.0,0.0,0.0,30
100.0,congested,deadline_greedy,pct_local_fast,100.0,0.0,100.0,100.0,30
100.0,congested,deadline_greedy,pct_edge_accurate,0.0,0.0,0.0,0.0,30
100.0,congested,deadline_greedy,pct_hybrid,0.0,0.0,0.0,0.0,30
100.0,congested,deadline_greedy,pct_degraded_safe,0.0,0.0,0.0,0.0,30
100.0,congested,confidence_deadline,deadline_miss_rate,0.0,0.0,0.0,0.0,30
100.0,congested,confidence_deadline,p95_latency_ms,33.94268972592376,0.09803104261482531,33.906854831430806,33.97630119170664,30
100.0,congested,confidence_deadline,p99_latency_ms,34.769178949662624,0.05524239382592479,34.748642896298946,34.7879694671568,30
100.0,congested,confidence_deadline,mean_latency_ms,25.012597088142645,0.18113657767527264,24.949225112390963,25.077791277753096,30
100.0,congested,confidence_deadline,usable_confidence_proxy,0.7249282051819181,0.0016092933478095927,0.7243536843822596,0.725520489679899,30
100.0,congested,confidence_deadline,mean_output_confidence,0.7249282051819181,0.0016092933478095927,0.7243536843822596,0.725520489679899,30
100.0,congested,confidence_deadline,bandwidth_per_1000_frames_kb,0.0,0.0,0.0,0.0,30
100.0,congested,confidence_deadline,remote_attempt_rate,0.0,0.0,0.0,0.0,30
100.0,congested,confidence_deadline,remote_accept_rate,0.0,0.0,0.0,0.0,30
100.0,congested,confidence_deadline,remote_accepted_per_frame,0.0,0.0,0.0,0.0,30
100.0,congested,confidence_deadline,remote_rejected_deadline_rate,0.0,0.0,0.0,0.0,30
100.0,congested,confidence_deadline,remote_failed_loss_rate,0.0,0.0,0.0,0.0,30
100.0,congested,confidence_deadline,fallback_rate,0.0,0.0,0.0,0.0,30
100.0,congested,confidence_deadline,reuse_rate,0.0,0.0,0.0,0.0,30
100.0,congested,confidence_deadline,stale_acceptance_rate,0.0,0.0,0.0,0.0,30
100.0,congested,confidence_deadline,mode_switches_per_1000,0.0,0.0,0.0,0.0,30
100.0,congested,confidence_deadline,pct_local_fast,100.0,0.0,100.0,100.0,30
100.0,congested,confidence_deadline,pct_edge_accurate,0.0,0.0,0.0,0.0,30
100.0,congested,confidence_deadline,pct_hybrid,0.0,0.0,0.0,0.0,30
100.0,congested,confidence_deadline,pct_degraded_safe,0.0,0.0,0.0,0.0,30
100.0,congested,rtt_threshold,deadline_miss_rate,0.0,0.0,0.0,0.0,30
100.0,congested,rtt_threshold,p95_latency_ms,33.94268972592376,0.09803104261482531,33.906854831430806,33.97630119170664,30
100.0,congested,rtt_threshold,p99_latency_ms,34.769178949662624,0.05524239382592479,34.748642896298946,34.7879694671568,30
100.0,congested,rtt_threshold,mean_latency_ms,25.012597088142645,0.18113657767527264,24.949225112390963,25.077791277753096,30
100.0,congested,rtt_threshold,usable_confidence_proxy,0.7249282051819181,0.0016092933478095927,0.7243536843822596,0.725520489679899,30
100.0,congested,rtt_threshold,mean_output_confidence,0.7249282051819181,0.0016092933478095927,0.7243536843822596,0.725520489679899,30
100.0,congested,rtt_threshold,bandwidth_per_1000_frames_kb,0.0,0.0,0.0,0.0,30
100.0,congested,rtt_threshold,remote_attempt_rate,0.0,0.0,0.0,0.0,30
100.0,congested,rtt_threshold,remote_accept_rate,0.0,0.0,0.0,0.0,30
100.0,congested,rtt_threshold,remote_accepted_per_frame,0.0,0.0,0.0,0.0,30
100.0,congested,rtt_threshold,remote_rejected_deadline_rate,0.0,0.0,0.0,0.0,30
100.0,congested,rtt_threshold,remote_failed_loss_rate,0.0,0.0,0.0,0.0,30
100.0,congested,rtt_threshold,fallback_rate,0.0,0.0,0.0,0.0,30
100.0,congested,rtt_threshold,reuse_rate,0.0,0.0,0.0,0.0,30
100.0,congested,rtt_threshold,stale_acceptance_rate,0.0,0.0,0.0,0.0,30
100.0,congested,rtt_threshold,mode_switches_per_1000,0.0,0.0,0.0,0.0,30
100.0,congested,rtt_threshold,pct_local_fast,100.0,0.0,100.0,100.0,30
100.0,congested,rtt_threshold,pct_edge_accurate,0.0,0.0,0.0,0.0,30
100.0,congested,rtt_threshold,pct_hybrid,0.0,0.0,0.0,0.0,30
100.0,congested,rtt_threshold,pct_degraded_safe,0.0,0.0,0.0,0.0,30
100.0,congested,oracle_feasible,deadline_miss_rate,0.0,0.0,0.0,0.0,30
100.0,congested,oracle_feasible,p95_latency_ms,33.94268972592376,0.09803104261482531,33.906854831430806,33.97630119170664,30
100.0,congested,oracle_feasible,p99_latency_ms,34.769178949662624,0.05524239382592479,34.748642896298946,34.7879694671568,30
100.0,congested,oracle_feasible,mean_latency_ms,25.012597088142645,0.18113657767527264,24.949225112390963,25.077791277753096,30
100.0,congested,oracle_feasible,usable_confidence_proxy,0.7249282051819181,0.0016092933478095927,0.7243536843822596,0.725520489679899,30
100.0,congested,oracle_feasible,mean_output_confidence,0.7249282051819181,0.0016092933478095927,0.7243536843822596,0.725520489679899,30
100.0,congested,oracle_feasible,bandwidth_per_1000_frames_kb,0.0,0.0,0.0,0.0,30
100.0,congested,oracle_feasible,remote_attempt_rate,0.0,0.0,0.0,0.0,30
100.0,congested,oracle_feasible,remote_accept_rate,0.0,0.0,0.0,0.0,30
100.0,congested,oracle_feasible,remote_accepted_per_frame,0.0,0.0,0.0,0.0,30
100.0,congested,oracle_feasible,remote_rejected_deadline_rate,0.0,0.0,0.0,0.0,30
100.0,congested,oracle_feasible,remote_failed_loss_rate,0.0,0.0,0.0,0.0,30
100.0,congested,oracle_feasible,fallback_rate,0.0,0.0,0.0,0.0,30
100.0,congested,oracle_feasible,reuse_rate,0.0,0.0,0.0,0.0,30
100.0,congested,oracle_feasible,stale_acceptance_rate,0.0,0.0,0.0,0.0,30
100.0,congested,oracle_feasible,mode_switches_per_1000,0.0,0.0,0.0,0.0,30
100.0,congested,oracle_feasible,pct_local_fast,100.0,0.0,100.0,100.0,30
100.0,congested,oracle_feasible,pct_edge_accurate,0.0,0.0,0.0,0.0,30
100.0,congested,oracle_feasible,pct_hybrid,0.0,0.0,0.0,0.0,30
100.0,congested,oracle_feasible,pct_degraded_safe,0.0,0.0,0.0,0.0,30
100.0,lossy,local_only,deadline_miss_rate,0.0,0.0,0.0,0.0,30
100.0,lossy,local_only,p95_latency_ms,34.012278154614826,0.12120943376607804,33.96820622195287,34.05448763655662,30
100.0,lossy,local_only,p99_latency_ms,34.80546807570768,0.06143547890706443,34.78316485257998,34.826772350222946,30
100.0,lossy,local_only,mean_latency_ms,25.003209635014095,0.15974262798343122,24.94828249795479,25.06142062043607,30
100.0,lossy,local_only,usable_confidence_proxy,0.7247968267120143,0.001322250002252836,0.724324432482122,0.7252569980501671,30
100.0,lossy,local_only,mean_output_confidence,0.7247968267120143,0.001322250002252836,0.724324432482122,0.7252569980501671,30
100.0,lossy,local_only,bandwidth_per_1000_frames_kb,0.0,0.0,0.0,0.0,30
100.0,lossy,local_only,remote_attempt_rate,0.0,0.0,0.0,0.0,30
100.0,lossy,local_only,remote_accept_rate,0.0,0.0,0.0,0.0,30
100.0,lossy,local_only,remote_accepted_per_frame,0.0,0.0,0.0,0.0,30
100.0,lossy,local_only,remote_rejected_deadline_rate,0.0,0.0,0.0,0.0,30
100.0,lossy,local_only,remote_failed_loss_rate,0.0,0.0,0.0,0.0,30
100.0,lossy,local_only,fallback_rate,0.0,0.0,0.0,0.0,30
100.0,lossy,local_only,reuse_rate,0.0,0.0,0.0,0.0,30
100.0,lossy,local_only,stale_acceptance_rate,0.0,0.0,0.0,0.0,30
100.0,lossy,local_only,mode_switches_per_1000,0.0,0.0,0.0,0.0,30
100.0,lossy,local_only,pct_local_fast,100.0,0.0,100.0,100.0,30
100.0,lossy,local_only,pct_edge_accurate,0.0,0.0,0.0,0.0,30
100.0,lossy,local_only,pct_hybrid,0.0,0.0,0.0,0.0,30
100.0,lossy,local_only,pct_degraded_safe,0.0,0.0,0.0,0.0,30
100.0,lossy,edge_only,deadline_miss_rate,0.8750666666666667,0.012500850545775532,0.8705333333333333,0.8794333333333333,30
100.0,lossy,edge_only,p95_latency_ms,133.85583842676783,0.14881019917836424,133.8049523065842,133.90892277899852,30
100.0,lossy,edge_only,p99_latency_ms,134.77750694468406,0.07430751757261647,134.74984332602114,134.80226094071875,30
100.0,lossy,edge_only,mean_latency_ms,121.21609851108734,0.4278732224908022,121.06337099485889,121.36918662046286,30
100.0,lossy,edge_only,usable_confidence_proxy,0.10932864090769345,0.01103135108250066,0.10545598471089324,0.1133446094596325,30
100.0,lossy,edge_only,mean_output_confidence,0.7434737048265869,0.0024259067554197747,0.74263216066205,0.7443649231807572,30
100.0,lossy,edge_only,bandwidth_per_1000_frames_kb,25000.0,0.0,25000.0,25000.0,30
100.0,lossy,edge_only,remote_attempt_rate,1.0,0.0,1.0,1.0,30
100.0,lossy,edge_only,remote_accept_rate,0.12493333333333334,0.01250085054577552,0.12056666666666667,0.12946666666666667,30
100.0,lossy,edge_only,remote_accepted_per_frame,0.12493333333333334,0.01250085054577552,0.12056666666666667,0.12946666666666667,30
100.0,lossy,edge_only,remote_rejected_deadline_rate,0.6749000000000002,0.01746000355492319,0.6686991666666666,0.6808333333333331,30
100.0,lossy,edge_only,remote_failed_loss_rate,0.2001666666666667,0.0129030424996249,0.19566666666666668,0.20463333333333333,30
100.0,lossy,edge_only,fallback_rate,0.8750666666666667,0.012500850545775532,0.8705333333333333,0.8794333333333333,30
100.0,lossy,edge_only,reuse_rate,0.0,0.0,0.0,0.0,30
100.0,lossy,edge_only,stale_acceptance_rate,0.0,0.0,0.0,0.0,30
100.0,lossy,edge_only,mode_switches_per_1000,0.0,0.0,0.0,0.0,30
100.0,lossy,edge_only,pct_local_fast,0.0,0.0,0.0,0.0,30
100.0,lossy,edge_only,pct_edge_accurate,100.0,0.0,100.0,100.0,30
100.0,lossy,edge_only,pct_hybrid,0.0,0.0,0.0,0.0,30
100.0,lossy,edge_only,pct_degraded_safe,0.0,0.0,0.0,0.0,30
100.0,lossy,cloud_only,deadline_miss_rate,1.0,0.0,1.0,1.0,30
100.0,lossy,cloud_only,p95_latency_ms,134.01227815461485,0.12120943376607722,133.96820622195287,134.05448763655662,30
100.0,lossy,cloud_only,p99_latency_ms,134.8054680757077,0.06143547890706077,134.78316485257997,134.8267723502229,30
100.0,lossy,cloud_only,mean_latency_ms,125.0032096350141,0.15974262798343022,124.9482824979548,125.06142062043607,30
100.0,lossy,cloud_only,usable_confidence_proxy,0.0,0.0,0.0,0.0,30
100.0,lossy,cloud_only,mean_output_confidence,0.7247968267120143,0.001322250002252836,0.724324432482122,0.7252569980501671,30
100.0,lossy,cloud_only,bandwidth_per_1000_frames_kb,35000.0,0.0,35000.0,35000.0,30
100.0,lossy,cloud_only,remote_attempt_rate,1.0,0.0,1.0,1.0,30
100.0,lossy,cloud_only,remote_accept_rate,0.0,0.0,0.0,0.0,30
100.0,lossy,cloud_only,remote_accepted_per_frame,0.0,0.0,0.0,0.0,30
100.0,lossy,cloud_only,remote_rejected_deadline_rate,0.8026666666666666,0.012160800034178009,0.7983333333333335,0.8069333333333333,30
100.0,lossy,cloud_only,remote_failed_loss_rate,0.19733333333333336,0.012160800034178028,0.1930666666666667,0.20166666666666663,30
100.0,lossy,cloud_only,fallback_rate,1.0,0.0,1.0,1.0,30
100.0,lossy,cloud_only,reuse_rate,0.0,0.0,0.0,0.0,30
100.0,lossy,cloud_only,stale_acceptance_rate,0.0,0.0,0.0,0.0,30
100.0,lossy,cloud_only,mode_switches_per_1000,0.0,0.0,0.0,0.0,30
100.0,lossy,cloud_only,pct_local_fast,0.0,0.0,0.0,0.0,30
100.0,lossy,cloud_only,pct_edge_accurate,100.0,0.0,100.0,100.0,30
100.0,lossy,cloud_only,pct_hybrid,0.0,0.0,0.0,0.0,30
100.0,lossy,cloud_only,pct_degraded_safe,0.0,0.0,0.0,0.0,30
100.0,lossy,dapper,deadline_miss_rate,0.0,0.0,0.0,0.0,30
100.0,lossy,dapper,p95_latency_ms,34.012278154614826,0.12120943376607804,33.96820622195287,34.05448763655662,30
100.0,lossy,dapper,p99_latency_ms,34.80546807570768,0.06143547890706443,34.78316485257998,34.826772350222946,30
100.0,lossy,dapper,mean_latency_ms,25.003209635014095,0.15974262798343122,24.94828249795479,25.06142062043607,30
100.0,lossy,dapper,usable_confidence_proxy,0.7405908249005024,0.0021791822011149593,0.7398410541525798,0.7414035181047496,30
100.0,lossy,dapper,mean_output_confidence,0.7247968267120143,0.001322250002252836,0.724324432482122,0.7252569980501671,30
100.0,lossy,dapper,bandwidth_per_1000_frames_kb,18126.666666666668,439.9222763118529,17974.145833333336,18280.854166666664,30
100.0,lossy,dapper,remote_attempt_rate,0.7250666666666666,0.017596891052474133,0.7189658333333333,0.7312341666666669,30
100.0,lossy,dapper,remote_accept_rate,0.13679093773844395,0.013577245742963,0.13191884518259378,0.14162339878389738,30
100.0,lossy,dapper,remote_accepted_per_frame,0.0992,0.010347080214510624,0.09549916666666665,0.10293333333333334,30
100.0,lossy,dapper,remote_rejected_deadline_rate,0.6753218499411897,0.02119149299989947,0.6676396061194204,0.6827484105054069,30
100.0,lossy,dapper,remote_failed_loss_rate,0.1878872123203663,0.01734266639357781,0.18157678395727622,0.1940945488078968,30
100.0,lossy,dapper,fallback_rate,0.0,0.0,0.0,0.0,30
100.0,lossy,dapper,reuse_rate,0.0,0.0,0.0,0.0,30
100.0,lossy,dapper,stale_acceptance_rate,0.0,0.0,0.0,0.0,30
100.0,lossy,dapper,mode_switches_per_1000,363.26666666666665,20.082473630667035,356.2,370.46666666666664,30
100.0,lossy,dapper,pct_local_fast,27.493333333333332,1.7596891052474113,26.87658333333333,28.103416666666664,30
100.0,lossy,dapper,pct_edge_accurate,0.0,0.0,0.0,0.0,30
100.0,lossy,dapper,pct_hybrid,72.50666666666667,1.759689105247415,71.89658333333333,73.12341666666669,30
100.0,lossy,dapper,pct_degraded_safe,0.0,0.0,0.0,0.0,30
100.0,lossy,deadline_greedy,deadline_miss_rate,0.0,0.0,0.0,0.0,30
100.0,lossy,deadline_greedy,p95_latency_ms,34.012278154614826,0.12120943376607804,33.96820622195287,34.05448763655662,30
100.0,lossy,deadline_greedy,p99_latency_ms,34.80546807570768,0.06143547890706443,34.78316485257998,34.826772350222946,30
100.0,lossy,deadline_greedy,mean_latency_ms,25.003209635014095,0.15974262798343122,24.94828249795479,25.06142062043607,30
100.0,lossy,deadline_greedy,usable_confidence_proxy,0.7247968267120143,0.001322250002252836,0.724324432482122,0.7252569980501671,30
100.0,lossy,deadline_greedy,mean_output_confidence,0.7247968267120143,0.001322250002252836,0.724324432482122,0.7252569980501671,30
100.0,lossy,deadline_greedy,bandwidth_per_1000_frames_kb,0.0,0.0,0.0,0.0,30
100.0,lossy,deadline_greedy,remote_attempt_rate,0.0,0.0,0.0,0.0,30
100.0,lossy,deadline_greedy,remote_accept_rate,0.0,0.0,0.0,0.0,30
100.0,lossy,deadline_greedy,remote_accepted_per_frame,0.0,0.0,0.0,0.0,30
100.0,lossy,deadline_greedy,remote_rejected_deadline_rate,0.0,0.0,0.0,0.0,30
100.0,lossy,deadline_greedy,remote_failed_loss_rate,0.0,0.0,0.0,0.0,30
100.0,lossy,deadline_greedy,fallback_rate,0.0,0.0,0.0,0.0,30
100.0,lossy,deadline_greedy,reuse_rate,0.0,0.0,0.0,0.0,30
100.0,lossy,deadline_greedy,stale_acceptance_rate,0.0,0.0,0.0,0.0,30
100.0,lossy,deadline_greedy,mode_switches_per_1000,0.0,0.0,0.0,0.0,30
100.0,lossy,deadline_greedy,pct_local_fast,100.0,0.0,100.0,100.0,30
100.0,lossy,deadline_greedy,pct_edge_accurate,0.0,0.0,0.0,0.0,30
100.0,lossy,deadline_greedy,pct_hybrid,0.0,0.0,0.0,0.0,30
100.0,lossy,deadline_greedy,pct_degraded_safe,0.0,0.0,0.0,0.0,30
100.0,lossy,confidence_deadline,deadline_miss_rate,0.0,0.0,0.0,0.0,30
100.0,lossy,confidence_deadline,p95_latency_ms,34.012278154614826,0.12120943376607804,33.96820622195287,34.05448763655662,30
100.0,lossy,confidence_deadline,p99_latency_ms,34.80546807570768,0.06143547890706443,34.78316485257998,34.826772350222946,30
100.0,lossy,confidence_deadline,mean_latency_ms,25.003209635014095,0.15974262798343122,24.94828249795479,25.06142062043607,30
100.0,lossy,confidence_deadline,usable_confidence_proxy,0.7247968267120143,0.001322250002252836,0.724324432482122,0.7252569980501671,30
100.0,lossy,confidence_deadline,mean_output_confidence,0.7247968267120143,0.001322250002252836,0.724324432482122,0.7252569980501671,30
100.0,lossy,confidence_deadline,bandwidth_per_1000_frames_kb,0.0,0.0,0.0,0.0,30
100.0,lossy,confidence_deadline,remote_attempt_rate,0.0,0.0,0.0,0.0,30
100.0,lossy,confidence_deadline,remote_accept_rate,0.0,0.0,0.0,0.0,30
100.0,lossy,confidence_deadline,remote_accepted_per_frame,0.0,0.0,0.0,0.0,30
100.0,lossy,confidence_deadline,remote_rejected_deadline_rate,0.0,0.0,0.0,0.0,30
100.0,lossy,confidence_deadline,remote_failed_loss_rate,0.0,0.0,0.0,0.0,30
100.0,lossy,confidence_deadline,fallback_rate,0.0,0.0,0.0,0.0,30
100.0,lossy,confidence_deadline,reuse_rate,0.0,0.0,0.0,0.0,30
100.0,lossy,confidence_deadline,stale_acceptance_rate,0.0,0.0,0.0,0.0,30
100.0,lossy,confidence_deadline,mode_switches_per_1000,0.0,0.0,0.0,0.0,30
100.0,lossy,confidence_deadline,pct_local_fast,100.0,0.0,100.0,100.0,30
100.0,lossy,confidence_deadline,pct_edge_accurate,0.0,0.0,0.0,0.0,30
100.0,lossy,confidence_deadline,pct_hybrid,0.0,0.0,0.0,0.0,30
100.0,lossy,confidence_deadline,pct_degraded_safe,0.0,0.0,0.0,0.0,30
100.0,lossy,rtt_threshold,deadline_miss_rate,0.0,0.0,0.0,0.0,30
100.0,lossy,rtt_threshold,p95_latency_ms,34.012278154614826,0.12120943376607804,33.96820622195287,34.05448763655662,30
100.0,lossy,rtt_threshold,p99_latency_ms,34.80546807570768,0.06143547890706443,34.78316485257998,34.826772350222946,30
100.0,lossy,rtt_threshold,mean_latency_ms,25.003209635014095,0.15974262798343122,24.94828249795479,25.06142062043607,30
100.0,lossy,rtt_threshold,usable_confidence_proxy,0.7247968267120143,0.001322250002252836,0.724324432482122,0.7252569980501671,30
100.0,lossy,rtt_threshold,mean_output_confidence,0.7247968267120143,0.001322250002252836,0.724324432482122,0.7252569980501671,30
100.0,lossy,rtt_threshold,bandwidth_per_1000_frames_kb,0.0,0.0,0.0,0.0,30
100.0,lossy,rtt_threshold,remote_attempt_rate,0.0,0.0,0.0,0.0,30
100.0,lossy,rtt_threshold,remote_accept_rate,0.0,0.0,0.0,0.0,30
100.0,lossy,rtt_threshold,remote_accepted_per_frame,0.0,0.0,0.0,0.0,30
100.0,lossy,rtt_threshold,remote_rejected_deadline_rate,0.0,0.0,0.0,0.0,30
100.0,lossy,rtt_threshold,remote_failed_loss_rate,0.0,0.0,0.0,0.0,30
100.0,lossy,rtt_threshold,fallback_rate,0.0,0.0,0.0,0.0,30
100.0,lossy,rtt_threshold,reuse_rate,0.0,0.0,0.0,0.0,30
100.0,lossy,rtt_threshold,stale_acceptance_rate,0.0,0.0,0.0,0.0,30
100.0,lossy,rtt_threshold,mode_switches_per_1000,0.0,0.0,0.0,0.0,30
100.0,lossy,rtt_threshold,pct_local_fast,100.0,0.0,100.0,100.0,30
100.0,lossy,rtt_threshold,pct_edge_accurate,0.0,0.0,0.0,0.0,30
100.0,lossy,rtt_threshold,pct_hybrid,0.0,0.0,0.0,0.0,30
100.0,lossy,rtt_threshold,pct_degraded_safe,0.0,0.0,0.0,0.0,30
100.0,lossy,oracle_feasible,deadline_miss_rate,0.0,0.0,0.0,0.0,30
100.0,lossy,oracle_feasible,p95_latency_ms,96.32680275736992,0.6672307605289065,96.08723849990136,96.56023602282882,30
100.0,lossy,oracle_feasible,p99_latency_ms,99.21094849802871,0.21803793061448445,99.13247096671581,99.28831330281803,30
100.0,lossy,oracle_feasible,mean_latency_ms,33.70943184442068,0.8663519725563767,33.40926443489863,34.0237972319025,30
100.0,lossy,oracle_feasible,usable_confidence_proxy,0.7434737048265869,0.0024259067554197747,0.74263216066205,0.7443649231807572,30
100.0,lossy,oracle_feasible,mean_output_confidence,0.7434737048265869,0.0024259067554197747,0.74263216066205,0.7443649231807572,30
100.0,lossy,oracle_feasible,bandwidth_per_1000_frames_kb,3123.3333333333335,312.52126364438806,3014.1666666666665,3236.6666666666665,30
100.0,lossy,oracle_feasible,remote_attempt_rate,0.12493333333333334,0.01250085054577552,0.12056666666666667,0.12946666666666667,30
100.0,lossy,oracle_feasible,remote_accept_rate,1.0,0.0,1.0,1.0,30
100.0,lossy,oracle_feasible,remote_accepted_per_frame,0.12493333333333334,0.01250085054577552,0.12056666666666667,0.12946666666666667,30
100.0,lossy,oracle_feasible,remote_rejected_deadline_rate,0.0,0.0,0.0,0.0,30
100.0,lossy,oracle_feasible,remote_failed_loss_rate,0.0,0.0,0.0,0.0,30
100.0,lossy,oracle_feasible,fallback_rate,0.0,0.0,0.0,0.0,30
100.0,lossy,oracle_feasible,reuse_rate,0.0,0.0,0.0,0.0,30
100.0,lossy,oracle_feasible,stale_acceptance_rate,0.0,0.0,0.0,0.0,30
100.0,lossy,oracle_feasible,mode_switches_per_1000,213.13333333333333,16.771760611903225,207.29916666666668,219.16666666666666,30
100.0,lossy,oracle_feasible,pct_local_fast,87.50666666666666,1.250085054577553,87.05333333333334,87.94333333333333,30
100.0,lossy,oracle_feasible,pct_edge_accurate,12.493333333333332,1.2500850545775521,12.056666666666668,12.946666666666665,30
100.0,lossy,oracle_feasible,pct_hybrid,0.0,0.0,0.0,0.0,30
100.0,lossy,oracle_feasible,pct_degraded_safe,0.0,0.0,0.0,0.0,30
100.0,variable,local_only,deadline_miss_rate,0.0,0.0,0.0,0.0,30
100.0,variable,local_only,p95_latency_ms,33.968149024906744,0.1405586387811733,33.91643690824179,34.01692474906916,30
100.0,variable,local_only,p99_latency_ms,34.76851135047007,0.06136746205108886,34.74544472215542,34.78830822433854,30
100.0,variable,local_only,mean_latency_ms,24.954267881168015,0.19098209259437163,24.888226088629484,25.022143227100855,30
100.0,variable,local_only,usable_confidence_proxy,0.7253139635038416,0.0015586878317280677,0.7247747251435688,0.725862167316182,30
100.0,variable,local_only,mean_output_confidence,0.7253139635038416,0.0015586878317280677,0.7247747251435688,0.725862167316182,30
100.0,variable,local_only,bandwidth_per_1000_frames_kb,0.0,0.0,0.0,0.0,30
100.0,variable,local_only,remote_attempt_rate,0.0,0.0,0.0,0.0,30
100.0,variable,local_only,remote_accept_rate,0.0,0.0,0.0,0.0,30
100.0,variable,local_only,remote_accepted_per_frame,0.0,0.0,0.0,0.0,30
100.0,variable,local_only,remote_rejected_deadline_rate,0.0,0.0,0.0,0.0,30
100.0,variable,local_only,remote_failed_loss_rate,0.0,0.0,0.0,0.0,30
100.0,variable,local_only,fallback_rate,0.0,0.0,0.0,0.0,30
100.0,variable,local_only,reuse_rate,0.0,0.0,0.0,0.0,30
100.0,variable,local_only,stale_acceptance_rate,0.0,0.0,0.0,0.0,30
100.0,variable,local_only,mode_switches_per_1000,0.0,0.0,0.0,0.0,30
100.0,variable,local_only,pct_local_fast,100.0,0.0,100.0,100.0,30
100.0,variable,local_only,pct_edge_accurate,0.0,0.0,0.0,0.0,30
100.0,variable,local_only,pct_hybrid,0.0,0.0,0.0,0.0,30
100.0,variable,local_only,pct_degraded_safe,0.0,0.0,0.0,0.0,30
100.0,variable,edge_only,deadline_miss_rate,0.7400333333333333,0.03943609700675814,0.7263991666666667,0.7540666666666667,30
100.0,variable,edge_only,p95_latency_ms,133.58563931025864,0.2503107508975509,133.49953086982399,133.6734616184864,30
100.0,variable,edge_only,p99_latency_ms,134.68664718736727,0.10248695843146194,134.64806157875407,134.72056189451646,30
100.0,variable,edge_only,mean_latency_ms,101.78834639001225,3.9386310961854063,100.40425908850237,103.17098469984154,30
100.0,variable,edge_only,usable_confidence_proxy,0.19477717694989172,0.02867220566693067,0.184535790687604,0.20473168688664517,30
100.0,variable,edge_only,mean_output_confidence,0.7316820879972125,0.0021661360124628016,0.7308923541219083,0.7324372968342028,30
100.0,variable,edge_only,bandwidth_per_1000_frames_kb,19550.0,1002.346385169353,19192.479166666668,19895.020833333332,30
100.0,variable,edge_only,remote_attempt_rate,0.7819999999999999,0.04009385540677411,0.7676991666666665,0.7958008333333334,30
100.0,variable,edge_only,remote_accept_rate,0.053694758605144007,0.010525070289835119,0.05012033227121713,0.05742498264975691,30
100.0,variable,edge_only,remote_accepted_per_frame,0.04196666666666666,0.008479115655470833,0.03906583333333333,0.04503333333333333,30
100.0,variable,edge_only,remote_rejected_deadline_rate,0.876334928379903,0.014584200660845929,0.8712560747213308,0.8813656119583289,30
100.0,variable,edge_only,remote_failed_loss_rate,0.06997031301495303,0.010165868779043342,0.06632832603520199,0.07338833491631039,30
100.0,variable,edge_only,fallback_rate,0.9580333333333332,0.00847911565547083,0.9549666666666667,0.9609341666666668,30
100.0,variable,edge_only,reuse_rate,0.0,0.0,0.0,0.0,30
100.0,variable,edge_only,stale_acceptance_rate,0.0,0.0,0.0,0.0,30
100.0,variable,edge_only,mode_switches_per_1000,0.0,0.0,0.0,0.0,30
100.0,variable,edge_only,pct_local_fast,0.0,0.0,0.0,0.0,30
100.0,variable,edge_only,pct_edge_accurate,100.0,0.0,100.0,100.0,30
100.0,variable,edge_only,pct_hybrid,0.0,0.0,0.0,0.0,30
100.0,variable,edge_only,pct_degraded_safe,0.0,0.0,0.0,0.0,30
100.0,variable,cloud_only,deadline_miss_rate,0.7819999999999999,0.04009385540677411,0.7676991666666665,0.7958008333333334,30
100.0,variable,cloud_only,p95_latency_ms,133.6663704718774,0.23034745460516473,133.58577217476858,133.74635794064133,30
100.0,variable,cloud_only,p99_latency_ms,134.71162317962177,0.08756262698262257,134.67894521122975,134.73983835733034,30
100.0,variable,cloud_only,mean_latency_ms,103.15426788116801,3.9792301670717984,101.74151627695866,104.535131817358,30
100.0,variable,cloud_only,usable_confidence_proxy,0.1580399411309307,0.029087738068927515,0.1479729652944653,0.16840410707253156,30
100.0,variable,cloud_only,mean_output_confidence,0.7253139635038416,0.0015586878317280677,0.7247747251435688,0.725862167316182,30
100.0,variable,cloud_only,bandwidth_per_1000_frames_kb,27370.0,1403.2849392370942,26869.470833333333,27853.029166666667,30
100.0,variable,cloud_only,remote_attempt_rate,0.7819999999999999,0.04009385540677411,0.7676991666666665,0.7958008333333334,30
100.0,variable,cloud_only,remote_accept_rate,0.0,0.0,0.0,0.0,30
100.0,variable,cloud_only,remote_accepted_per_frame,0.0,0.0,0.0,0.0,30
100.0,variable,cloud_only,remote_rejected_deadline_rate,0.9282382668900749,0.011708123029951226,0.9240471924385651,0.9323063818590034,30
100.0,variable,cloud_only,remote_failed_loss_rate,0.07176173310992494,0.011708123029951225,0.0676936181409964,0.07595280756143473,30
100.0,variable,cloud_only,fallback_rate,1.0,0.0,1.0,1.0,30
100.0,variable,cloud_only,reuse_rate,0.0,0.0,0.0,0.0,30
100.0,variable,cloud_only,stale_acceptance_rate,0.0,0.0,0.0,0.0,30
100.0,variable,cloud_only,mode_switches_per_1000,0.0,0.0,0.0,0.0,30
100.0,variable,cloud_only,pct_local_fast,0.0,0.0,0.0,0.0,30
100.0,variable,cloud_only,pct_edge_accurate,100.0,0.0,100.0,100.0,30
100.0,variable,cloud_only,pct_hybrid,0.0,0.0,0.0,0.0,30
100.0,variable,cloud_only,pct_degraded_safe,0.0,0.0,0.0,0.0,30
100.0,variable,dapper,deadline_miss_rate,0.0,0.0,0.0,0.0,30
100.0,variable,dapper,p95_latency_ms,33.74407704498113,0.2126750836043015,33.67003978984998,33.81916560257354,30
100.0,variable,dapper,p99_latency_ms,34.714468841675405,0.09257023559024172,34.679345892530314,34.74441433608218,30
100.0,variable,dapper,mean_latency_ms,20.905161109397675,0.7368320428921273,20.650185695044428,21.16334665084393,30
100.0,variable,dapper,usable_confidence_proxy,0.731537829380306,0.002505299049290559,0.7306391558488198,0.7323760019224644,30
100.0,variable,dapper,mean_output_confidence,0.7256041346457223,0.001953260708744225,0.7249268098645119,0.7262791294460033,30
100.0,variable,dapper,bandwidth_per_1000_frames_kb,5777.5,618.9308774285564,5560.791666666666,5989.229166666666,30
100.0,variable,dapper,remote_attempt_rate,0.2311,0.02475723509714226,0.22243166666666667,0.23956916666666667,30
100.0,variable,dapper,remote_accept_rate,0.1593225904647559,0.030227815733317422,0.14854986769116424,0.16977120142322374,30
100.0,variable,dapper,remote_accepted_per_frame,0.03679999999999999,0.008243701880202556,0.03400000000000001,0.03976666666666666,30
100.0,variable,dapper,remote_rejected_deadline_rate,0.7687412516943987,0.03144991902511748,0.7573523738018126,0.7796160282186023,30
100.0,variable,dapper,remote_failed_loss_rate,0.07193615784084549,0.016135950496985536,0.06638961513178773,0.07778178250251701,30
100.0,variable,dapper,fallback_rate,0.21943333333333334,0.040132266950356946,0.20549999999999996,0.23376666666666665,30
100.0,variable,dapper,reuse_rate,0.16830000000000003,0.030488154850808802,0.15770000000000003,0.17916666666666664,30
100.0,variable,dapper,stale_acceptance_rate,0.0,0.0,0.0,0.0,30
100.0,variable,dapper,mode_switches_per_1000,315.43333333333334,16.716053265696694,309.5991666666667,321.56666666666666,30
100.0,variable,dapper,pct_local_fast,60.05999999999999,2.943326759602662,59.00658333333334,61.09666666666667,30
100.0,variable,dapper,pct_edge_accurate,0.0,0.0,0.0,0.0,30
100.0,variable,dapper,pct_hybrid,23.11,2.475723509714226,22.243166666666664,23.956916666666668,30
100.0,variable,dapper,pct_degraded_safe,16.83,3.0488154850808806,15.770000000000003,17.916666666666668,30
100.0,variable,deadline_greedy,deadline_miss_rate,0.0,0.0,0.0,0.0,30
100.0,variable,deadline_greedy,p95_latency_ms,33.968149024906744,0.1405586387811733,33.91643690824179,34.01692474906916,30
100.0,variable,deadline_greedy,p99_latency_ms,34.76851135047007,0.06136746205108886,34.74544472215542,34.78830822433854,30
100.0,variable,deadline_greedy,mean_latency_ms,24.954267881168015,0.19098209259437163,24.888226088629484,25.022143227100855,30
100.0,variable,deadline_greedy,usable_confidence_proxy,0.7253139635038416,0.0015586878317280677,0.7247747251435688,0.725862167316182,30
100.0,variable,deadline_greedy,mean_output_confidence,0.7253139635038416,0.0015586878317280677,0.7247747251435688,0.725862167316182,30
100.0,variable,deadline_greedy,bandwidth_per_1000_frames_kb,0.0,0.0,0.0,0.0,30
100.0,variable,deadline_greedy,remote_attempt_rate,0.0,0.0,0.0,0.0,30
100.0,variable,deadline_greedy,remote_accept_rate,0.0,0.0,0.0,0.0,30
100.0,variable,deadline_greedy,remote_accepted_per_frame,0.0,0.0,0.0,0.0,30
100.0,variable,deadline_greedy,remote_rejected_deadline_rate,0.0,0.0,0.0,0.0,30
100.0,variable,deadline_greedy,remote_failed_loss_rate,0.0,0.0,0.0,0.0,30
100.0,variable,deadline_greedy,fallback_rate,0.0,0.0,0.0,0.0,30
100.0,variable,deadline_greedy,reuse_rate,0.0,0.0,0.0,0.0,30
100.0,variable,deadline_greedy,stale_acceptance_rate,0.0,0.0,0.0,0.0,30
100.0,variable,deadline_greedy,mode_switches_per_1000,0.0,0.0,0.0,0.0,30
100.0,variable,deadline_greedy,pct_local_fast,100.0,0.0,100.0,100.0,30
100.0,variable,deadline_greedy,pct_edge_accurate,0.0,0.0,0.0,0.0,30
100.0,variable,deadline_greedy,pct_hybrid,0.0,0.0,0.0,0.0,30
100.0,variable,deadline_greedy,pct_degraded_safe,0.0,0.0,0.0,0.0,30
100.0,variable,confidence_deadline,deadline_miss_rate,0.0,0.0,0.0,0.0,30
100.0,variable,confidence_deadline,p95_latency_ms,33.968149024906744,0.1405586387811733,33.91643690824179,34.01692474906916,30
100.0,variable,confidence_deadline,p99_latency_ms,34.76851135047007,0.06136746205108886,34.74544472215542,34.78830822433854,30
100.0,variable,confidence_deadline,mean_latency_ms,24.954267881168015,0.19098209259437163,24.888226088629484,25.022143227100855,30
100.0,variable,confidence_deadline,usable_confidence_proxy,0.7253139635038416,0.0015586878317280677,0.7247747251435688,0.725862167316182,30
100.0,variable,confidence_deadline,mean_output_confidence,0.7253139635038416,0.0015586878317280677,0.7247747251435688,0.725862167316182,30
100.0,variable,confidence_deadline,bandwidth_per_1000_frames_kb,0.0,0.0,0.0,0.0,30
100.0,variable,confidence_deadline,remote_attempt_rate,0.0,0.0,0.0,0.0,30
100.0,variable,confidence_deadline,remote_accept_rate,0.0,0.0,0.0,0.0,30
100.0,variable,confidence_deadline,remote_accepted_per_frame,0.0,0.0,0.0,0.0,30
100.0,variable,confidence_deadline,remote_rejected_deadline_rate,0.0,0.0,0.0,0.0,30
100.0,variable,confidence_deadline,remote_failed_loss_rate,0.0,0.0,0.0,0.0,30
100.0,variable,confidence_deadline,fallback_rate,0.0,0.0,0.0,0.0,30
100.0,variable,confidence_deadline,reuse_rate,0.0,0.0,0.0,0.0,30
100.0,variable,confidence_deadline,stale_acceptance_rate,0.0,0.0,0.0,0.0,30
100.0,variable,confidence_deadline,mode_switches_per_1000,0.0,0.0,0.0,0.0,30
100.0,variable,confidence_deadline,pct_local_fast,100.0,0.0,100.0,100.0,30
100.0,variable,confidence_deadline,pct_edge_accurate,0.0,0.0,0.0,0.0,30
100.0,variable,confidence_deadline,pct_hybrid,0.0,0.0,0.0,0.0,30
100.0,variable,confidence_deadline,pct_degraded_safe,0.0,0.0,0.0,0.0,30
100.0,variable,rtt_threshold,deadline_miss_rate,0.00023333333333333333,0.000504006932993731,6.666666666666667e-05,0.00043333333333333337,30
100.0,variable,rtt_threshold,p95_latency_ms,33.986695938437485,0.1373435794736967,33.93640071825767,34.03465311828479,30
100.0,variable,rtt_threshold,p99_latency_ms,34.78130098298774,0.06030290078866963,34.75768079084346,34.80021007461255,30
100.0,variable,rtt_threshold,mean_latency_ms,25.004945392746876,0.19164603718604595,24.9390172337763,25.073120086150716,30
100.0,variable,rtt_threshold,usable_confidence_proxy,0.7252399815638955,0.001677698933646823,0.7246489696806643,0.7258274457018898,30
100.0,variable,rtt_threshold,mean_output_confidence,0.7254046937630475,0.001612361510553975,0.7248448879040539,0.7259647125728497,30
100.0,variable,rtt_threshold,bandwidth_per_1000_frames_kb,18.333333333333332,22.679678482993406,10.833333333333334,26.666666666666668,30
100.0,variable,rtt_threshold,remote_attempt_rate,0.0007333333333333333,0.0009071871393197364,0.00043333333333333337,0.001066666666666667,30
100.0,variable,rtt_threshold,remote_accept_rate,0.3222222222222222,0.44835444836260846,0.16666666666666666,0.48333333333333334,30
100.0,variable,rtt_threshold,remote_accepted_per_frame,0.0005,0.0007310832774866962,0.0002666666666666667,0.0007666666666666669,30
100.0,variable,rtt_threshold,remote_rejected_deadline_rate,0.12777777777777777,0.31465889009158055,0.03333333333333333,0.25,30
100.0,variable,rtt_threshold,remote_failed_loss_rate,0.016666666666666666,0.09128709291752767,0.0,0.05,30
100.0,variable,rtt_threshold,fallback_rate,0.00023333333333333333,0.000504006932993731,6.666666666666667e-05,0.00043333333333333337,30
100.0,variable,rtt_threshold,reuse_rate,0.0,0.0,0.0,0.0,30
100.0,variable,rtt_threshold,stale_acceptance_rate,0.0,0.0,0.0,0.0,30
100.0,variable,rtt_threshold,mode_switches_per_1000,1.1333333333333333,1.3578211078487255,0.6666666666666666,1.6,30
100.0,variable,rtt_threshold,pct_local_fast,99.92666666666668,0.0907187139319738,99.89333333333335,99.95666666666668,30
100.0,variable,rtt_threshold,pct_edge_accurate,0.07333333333333333,0.09071871393197363,0.043333333333333335,0.1066666666666667,30
100.0,variable,rtt_threshold,pct_hybrid,0.0,0.0,0.0,0.0,30
100.0,variable,rtt_threshold,pct_degraded_safe,0.0,0.0,0.0,0.0,30
100.0,variable,oracle_feasible,deadline_miss_rate,0.0,0.0,0.0,0.0,30
100.0,variable,oracle_feasible,p95_latency_ms,42.028649291541704,16.73368244864834,36.45914697041533,48.25546357091125,30
100.0,variable,oracle_feasible,p99_latency_ms,97.16063731413773,1.0066400837590679,96.79923029407598,97.49301371712352,30
100.0,variable,oracle_feasible,mean_latency_ms,27.785013056678896,0.5284492541005652,27.60768359554711,27.974806040416283,30
100.0,variable,oracle_feasible,usable_confidence_proxy,0.7316820879972125,0.0021661360124628016,0.7308923541219083,0.7324372968342028,30
100.0,variable,oracle_feasible,mean_output_confidence,0.7316820879972125,0.0021661360124628016,0.7308923541219083,0.7324372968342028,30
100.0,variable,oracle_feasible,bandwidth_per_1000_frames_kb,1049.1666666666667,211.9778913867708,976.6458333333333,1125.8333333333333,30
100.0,variable,oracle_feasible,remote_attempt_rate,0.04196666666666666,0.008479115655470833,0.03906583333333333,0.04503333333333333,30
100.0,variable,oracle_feasible,remote_accept_rate,1.0,0.0,1.0,1.0,30
100.0,variable,oracle_feasible,remote_accepted_per_frame,0.04196666666666666,0.008479115655470833,0.03906583333333333,0.04503333333333333,30
100.0,variable,oracle_feasible,remote_rejected_deadline_rate,0.0,0.0,0.0,0.0,30
100.0,variable,oracle_feasible,remote_failed_loss_rate,0.0,0.0,0.0,0.0,30
100.0,variable,oracle_feasible,fallback_rate,0.0,0.0,0.0,0.0,30
100.0,variable,oracle_feasible,reuse_rate,0.0,0.0,0.0,0.0,30
100.0,variable,oracle_feasible,stale_acceptance_rate,0.0,0.0,0.0,0.0,30
100.0,variable,oracle_feasible,mode_switches_per_1000,69.86666666666666,12.888736952466873,65.56583333333333,74.53333333333333,30
100.0,variable,oracle_feasible,pct_local_fast,95.80333333333333,0.8479115655470832,95.49666666666667,96.09341666666668,30
100.0,variable,oracle_feasible,pct_edge_accurate,4.196666666666667,0.8479115655470834,3.906583333333333,4.503333333333333,30
100.0,variable,oracle_feasible,pct_hybrid,0.0,0.0,0.0,0.0,30
100.0,variable,oracle_feasible,pct_degraded_safe,0.0,0.0,0.0,0.0,30
100.0,outage,local_only,deadline_miss_rate,0.0,0.0,0.0,0.0,30
100.0,outage,local_only,p95_latency_ms,34.0121154317442,0.15795577821290474,33.95559240397263,34.06678081351494,30
100.0,outage,local_only,p99_latency_ms,34.777699557235714,0.07705312091530245,34.749491147370385,34.80488086421645,30
100.0,outage,local_only,mean_latency_ms,25.010062503109022,0.1685788631806354,24.95087977218813,25.069247105913615,30
100.0,outage,local_only,usable_confidence_proxy,0.7249467226228217,0.0013696023696029161,0.7244430956540359,0.7254187925547377,30
100.0,outage,local_only,mean_output_confidence,0.7249467226228217,0.0013696023696029161,0.7244430956540359,0.7254187925547377,30
100.0,outage,local_only,bandwidth_per_1000_frames_kb,0.0,0.0,0.0,0.0,30
100.0,outage,local_only,remote_attempt_rate,0.0,0.0,0.0,0.0,30
100.0,outage,local_only,remote_accept_rate,0.0,0.0,0.0,0.0,30
100.0,outage,local_only,remote_accepted_per_frame,0.0,0.0,0.0,0.0,30
100.0,outage,local_only,remote_rejected_deadline_rate,0.0,0.0,0.0,0.0,30
100.0,outage,local_only,remote_failed_loss_rate,0.0,0.0,0.0,0.0,30
100.0,outage,local_only,fallback_rate,0.0,0.0,0.0,0.0,30
100.0,outage,local_only,reuse_rate,0.0,0.0,0.0,0.0,30
100.0,outage,local_only,stale_acceptance_rate,0.0,0.0,0.0,0.0,30
100.0,outage,local_only,mode_switches_per_1000,0.0,0.0,0.0,0.0,30
100.0,outage,local_only,pct_local_fast,100.0,0.0,100.0,100.0,30
100.0,outage,local_only,pct_edge_accurate,0.0,0.0,0.0,0.0,30
100.0,outage,local_only,pct_hybrid,0.0,0.0,0.0,0.0,30
100.0,outage,local_only,pct_degraded_safe,0.0,0.0,0.0,0.0,30
100.0,outage,edge_only,deadline_miss_rate,0.1468,0.017916280402144744,0.14046666666666668,0.15319999999999998,30
100.0,outage,edge_only,p95_latency_ms,128.07706649270384,1.0513613154171975,127.69653397211766,128.44161829814956,30
100.0,outage,edge_only,p99_latency_ms,133.55336169996855,0.4945316161528973,133.37598231284062,133.72639105592833,30
100.0,outage,edge_only,mean_latency_ms,39.690062503109026,1.7936904661708621,39.05054917713646,40.322159090236674,30
100.0,outage,edge_only,usable_confidence_proxy,0.6187231720593105,0.013185832525004102,0.6140224486563564,0.6233365380563796,30
100.0,outage,edge_only,mean_output_confidence,0.7249467226228217,0.0013696023696029161,0.7244430956540359,0.7254187925547377,30
100.0,outage,edge_only,bandwidth_per_1000_frames_kb,3670.0,447.9070100536186,3511.6666666666665,3830.0,30
100.0,outage,edge_only,remote_attempt_rate,0.1468,0.017916280402144744,0.14046666666666668,0.15319999999999998,30
100.0,outage,edge_only,remote_accept_rate,0.0,0.0,0.0,0.0,30
100.0,outage,edge_only,remote_accepted_per_frame,0.0,0.0,0.0,0.0,30
100.0,outage,edge_only,remote_rejected_deadline_rate,0.6478458263339892,0.030744298729784847,0.6370254896761771,0.6587201011002732,30
100.0,outage,edge_only,remote_failed_loss_rate,0.3521541736660107,0.030744298729784847,0.3412798988997264,0.36297451032382305,30
100.0,outage,edge_only,fallback_rate,1.0,0.0,1.0,1.0,30
100.0,outage,edge_only,reuse_rate,0.0,0.0,0.0,0.0,30
100.0,outage,edge_only,stale_acceptance_rate,0.0,0.0,0.0,0.0,30
100.0,outage,edge_only,mode_switches_per_1000,0.0,0.0,0.0,0.0,30
100.0,outage,edge_only,pct_local_fast,0.0,0.0,0.0,0.0,30
100.0,outage,edge_only,pct_edge_accurate,100.0,0.0,100.0,100.0,30
100.0,outage,edge_only,pct_hybrid,0.0,0.0,0.0,0.0,30
100.0,outage,edge_only,pct_degraded_safe,0.0,0.0,0.0,0.0,30
100.0,outage,cloud_only,deadline_miss_rate,0.1468,0.017916280402144744,0.14046666666666668,0.15319999999999998,30
100.0,outage,cloud_only,p95_latency_ms,128.07706649270384,1.0513613154171975,127.69653397211766,128.44161829814956,30
100.0,outage,cloud_only,p99_latency_ms,133.55336169996855,0.4945316161528973,133.37598231284062,133.72639105592833,30
100.0,outage,cloud_only,mean_latency_ms,39.690062503109026,1.7936904661708621,39.05054917713646,40.322159090236674,30
100.0,outage,cloud_only,usable_confidence_proxy,0.6187231720593105,0.013185832525004102,0.6140224486563564,0.6233365380563796,30
100.0,outage,cloud_only,mean_output_confidence,0.7249467226228217,0.0013696023696029161,0.7244430956540359,0.7254187925547377,30
100.0,outage,cloud_only,bandwidth_per_1000_frames_kb,5138.0,627.069814075066,4916.333333333333,5362.0,30
100.0,outage,cloud_only,remote_attempt_rate,0.1468,0.017916280402144744,0.14046666666666668,0.15319999999999998,30
100.0,outage,cloud_only,remote_accept_rate,0.0,0.0,0.0,0.0,30
100.0,outage,cloud_only,remote_accepted_per_frame,0.0,0.0,0.0,0.0,30
100.0,outage,cloud_only,remote_rejected_deadline_rate,0.6512698376729025,0.03850931772583731,0.6377876605443613,0.6650002425313353,30
100.0,outage,cloud_only,remote_failed_loss_rate,0.34873016232709736,0.03850931772583731,0.3349997574686648,0.36221233945563863,30
100.0,outage,cloud_only,fallback_rate,1.0,0.0,1.0,1.0,30
100.0,outage,cloud_only,reuse_rate,0.0,0.0,0.0,0.0,30
100.0,outage,cloud_only,stale_acceptance_rate,0.0,0.0,0.0,0.0,30
100.0,outage,cloud_only,mode_switches_per_1000,0.0,0.0,0.0,0.0,30
100.0,outage,cloud_only,pct_local_fast,0.0,0.0,0.0,0.0,30
100.0,outage,cloud_only,pct_edge_accurate,100.0,0.0,100.0,100.0,30
100.0,outage,cloud_only,pct_hybrid,0.0,0.0,0.0,0.0,30
100.0,outage,cloud_only,pct_degraded_safe,0.0,0.0,0.0,0.0,30
100.0,outage,dapper,deadline_miss_rate,0.0,0.0,0.0,0.0,30
100.0,outage,dapper,p95_latency_ms,31.18838425196936,0.5009047087578914,31.014573146138307,31.359947063348404,30
100.0,outage,dapper,p99_latency_ms,34.18711647171901,0.2345203938192105,34.10222418561493,34.27049382149214,30
100.0,outage,dapper,mean_latency_ms,7.381609814192322,0.14348774576691167,7.331697649688182,7.433717812533078,30
100.0,outage,dapper,usable_confidence_proxy,0.7255264574970844,0.00273138929991575,0.7245230285258677,0.7264802357218441,30
100.0,outage,dapper,mean_output_confidence,0.7255264574970844,0.00273138929991575,0.7245230285258677,0.7264802357218441,30
100.0,outage,dapper,bandwidth_per_1000_frames_kb,0.0,0.0,0.0,0.0,30
100.0,outage,dapper,remote_attempt_rate,0.0,0.0,0.0,0.0,30
100.0,outage,dapper,remote_accept_rate,0.0,0.0,0.0,0.0,30
100.0,outage,dapper,remote_accepted_per_frame,0.0,0.0,0.0,0.0,30
100.0,outage,dapper,remote_rejected_deadline_rate,0.0,0.0,0.0,0.0,30
100.0,outage,dapper,remote_failed_loss_rate,0.0,0.0,0.0,0.0,30
100.0,outage,dapper,fallback_rate,1.0,0.0,1.0,1.0,30
100.0,outage,dapper,reuse_rate,0.7340333333333333,0.0029300268721061903,0.7329666666666668,0.7350333333333333,30
100.0,outage,dapper,stale_acceptance_rate,0.0,0.0,0.0,0.0,30
100.0,outage,dapper,mode_switches_per_1000,418.43333333333334,10.48375864860971,414.6666666666667,422.1333333333333,30
100.0,outage,dapper,pct_local_fast,22.63,0.6012343624749752,22.419916666666666,22.84333333333333,30
100.0,outage,dapper,pct_edge_accurate,0.0,0.0,0.0,0.0,30
100.0,outage,dapper,pct_hybrid,0.0,0.0,0.0,0.0,30
100.0,outage,dapper,pct_degraded_safe,77.36999999999999,0.6012343624749765,77.15666666666668,77.58008333333335,30
100.0,outage,deadline_greedy,deadline_miss_rate,0.0,0.0,0.0,0.0,30
100.0,outage,deadline_greedy,p95_latency_ms,34.0121154317442,0.15795577821290474,33.95559240397263,34.06678081351494,30
100.0,outage,deadline_greedy,p99_latency_ms,34.777699557235714,0.07705312091530245,34.749491147370385,34.80488086421645,30
100.0,outage,deadline_greedy,mean_latency_ms,25.010062503109022,0.1685788631806354,24.95087977218813,25.069247105913615,30
100.0,outage,deadline_greedy,usable_confidence_proxy,0.7249467226228217,0.0013696023696029161,0.7244430956540359,0.7254187925547377,30
100.0,outage,deadline_greedy,mean_output_confidence,0.7249467226228217,0.0013696023696029161,0.7244430956540359,0.7254187925547377,30
100.0,outage,deadline_greedy,bandwidth_per_1000_frames_kb,0.0,0.0,0.0,0.0,30
100.0,outage,deadline_greedy,remote_attempt_rate,0.0,0.0,0.0,0.0,30
100.0,outage,deadline_greedy,remote_accept_rate,0.0,0.0,0.0,0.0,30
100.0,outage,deadline_greedy,remote_accepted_per_frame,0.0,0.0,0.0,0.0,30
100.0,outage,deadline_greedy,remote_rejected_deadline_rate,0.0,0.0,0.0,0.0,30
100.0,outage,deadline_greedy,remote_failed_loss_rate,0.0,0.0,0.0,0.0,30
100.0,outage,deadline_greedy,fallback_rate,0.0,0.0,0.0,0.0,30
100.0,outage,deadline_greedy,reuse_rate,0.0,0.0,0.0,0.0,30
100.0,outage,deadline_greedy,stale_acceptance_rate,0.0,0.0,0.0,0.0,30
100.0,outage,deadline_greedy,mode_switches_per_1000,0.0,0.0,0.0,0.0,30
100.0,outage,deadline_greedy,pct_local_fast,100.0,0.0,100.0,100.0,30
100.0,outage,deadline_greedy,pct_edge_accurate,0.0,0.0,0.0,0.0,30
100.0,outage,deadline_greedy,pct_hybrid,0.0,0.0,0.0,0.0,30
100.0,outage,deadline_greedy,pct_degraded_safe,0.0,0.0,0.0,0.0,30
100.0,outage,confidence_deadline,deadline_miss_rate,0.0,0.0,0.0,0.0,30
100.0,outage,confidence_deadline,p95_latency_ms,34.0121154317442,0.15795577821290474,33.95559240397263,34.06678081351494,30
100.0,outage,confidence_deadline,p99_latency_ms,34.777699557235714,0.07705312091530245,34.749491147370385,34.80488086421645,30
100.0,outage,confidence_deadline,mean_latency_ms,25.010062503109022,0.1685788631806354,24.95087977218813,25.069247105913615,30
100.0,outage,confidence_deadline,usable_confidence_proxy,0.7249467226228217,0.0013696023696029161,0.7244430956540359,0.7254187925547377,30
100.0,outage,confidence_deadline,mean_output_confidence,0.7249467226228217,0.0013696023696029161,0.7244430956540359,0.7254187925547377,30
100.0,outage,confidence_deadline,bandwidth_per_1000_frames_kb,0.0,0.0,0.0,0.0,30
100.0,outage,confidence_deadline,remote_attempt_rate,0.0,0.0,0.0,0.0,30
100.0,outage,confidence_deadline,remote_accept_rate,0.0,0.0,0.0,0.0,30
100.0,outage,confidence_deadline,remote_accepted_per_frame,0.0,0.0,0.0,0.0,30
100.0,outage,confidence_deadline,remote_rejected_deadline_rate,0.0,0.0,0.0,0.0,30
100.0,outage,confidence_deadline,remote_failed_loss_rate,0.0,0.0,0.0,0.0,30
100.0,outage,confidence_deadline,fallback_rate,0.0,0.0,0.0,0.0,30
100.0,outage,confidence_deadline,reuse_rate,0.0,0.0,0.0,0.0,30
100.0,outage,confidence_deadline,stale_acceptance_rate,0.0,0.0,0.0,0.0,30
100.0,outage,confidence_deadline,mode_switches_per_1000,0.0,0.0,0.0,0.0,30
100.0,outage,confidence_deadline,pct_local_fast,100.0,0.0,100.0,100.0,30
100.0,outage,confidence_deadline,pct_edge_accurate,0.0,0.0,0.0,0.0,30
100.0,outage,confidence_deadline,pct_hybrid,0.0,0.0,0.0,0.0,30
100.0,outage,confidence_deadline,pct_degraded_safe,0.0,0.0,0.0,0.0,30
100.0,outage,rtt_threshold,deadline_miss_rate,0.0,0.0,0.0,0.0,30
100.0,outage,rtt_threshold,p95_latency_ms,34.0121154317442,0.15795577821290474,33.95559240397263,34.06678081351494,30
100.0,outage,rtt_threshold,p99_latency_ms,34.777699557235714,0.07705312091530245,34.749491147370385,34.80488086421645,30
100.0,outage,rtt_threshold,mean_latency_ms,25.010062503109022,0.1685788631806354,24.95087977218813,25.069247105913615,30
100.0,outage,rtt_threshold,usable_confidence_proxy,0.7249467226228217,0.0013696023696029161,0.7244430956540359,0.7254187925547377,30
100.0,outage,rtt_threshold,mean_output_confidence,0.7249467226228217,0.0013696023696029161,0.7244430956540359,0.7254187925547377,30
100.0,outage,rtt_threshold,bandwidth_per_1000_frames_kb,0.0,0.0,0.0,0.0,30
100.0,outage,rtt_threshold,remote_attempt_rate,0.0,0.0,0.0,0.0,30
100.0,outage,rtt_threshold,remote_accept_rate,0.0,0.0,0.0,0.0,30
100.0,outage,rtt_threshold,remote_accepted_per_frame,0.0,0.0,0.0,0.0,30
100.0,outage,rtt_threshold,remote_rejected_deadline_rate,0.0,0.0,0.0,0.0,30
100.0,outage,rtt_threshold,remote_failed_loss_rate,0.0,0.0,0.0,0.0,30
100.0,outage,rtt_threshold,fallback_rate,0.0,0.0,0.0,0.0,30
100.0,outage,rtt_threshold,reuse_rate,0.0,0.0,0.0,0.0,30
100.0,outage,rtt_threshold,stale_acceptance_rate,0.0,0.0,0.0,0.0,30
100.0,outage,rtt_threshold,mode_switches_per_1000,0.0,0.0,0.0,0.0,30
100.0,outage,rtt_threshold,pct_local_fast,100.0,0.0,100.0,100.0,30
100.0,outage,rtt_threshold,pct_edge_accurate,0.0,0.0,0.0,0.0,30
100.0,outage,rtt_threshold,pct_hybrid,0.0,0.0,0.0,0.0,30
100.0,outage,rtt_threshold,pct_degraded_safe,0.0,0.0,0.0,0.0,30
100.0,outage,oracle_feasible,deadline_miss_rate,0.0,0.0,0.0,0.0,30
100.0,outage,oracle_feasible,p95_latency_ms,34.0121154317442,0.15795577821290474,33.95559240397263,34.06678081351494,30
100.0,outage,oracle_feasible,p99_latency_ms,34.777699557235714,0.07705312091530245,34.749491147370385,34.80488086421645,30
100.0,outage,oracle_feasible,mean_latency_ms,25.010062503109022,0.1685788631806354,24.95087977218813,25.069247105913615,30
100.0,outage,oracle_feasible,usable_confidence_proxy,0.7249467226228217,0.0013696023696029161,0.7244430956540359,0.7254187925547377,30
100.0,outage,oracle_feasible,mean_output_confidence,0.7249467226228217,0.0013696023696029161,0.7244430956540359,0.7254187925547377,30
100.0,outage,oracle_feasible,bandwidth_per_1000_frames_kb,0.0,0.0,0.0,0.0,30
100.0,outage,oracle_feasible,remote_attempt_rate,0.0,0.0,0.0,0.0,30
100.0,outage,oracle_feasible,remote_accept_rate,0.0,0.0,0.0,0.0,30
100.0,outage,oracle_feasible,remote_accepted_per_frame,0.0,0.0,0.0,0.0,30
100.0,outage,oracle_feasible,remote_rejected_deadline_rate,0.0,0.0,0.0,0.0,30
100.0,outage,oracle_feasible,remote_failed_loss_rate,0.0,0.0,0.0,0.0,30
100.0,outage,oracle_feasible,fallback_rate,0.0,0.0,0.0,0.0,30
100.0,outage,oracle_feasible,reuse_rate,0.0,0.0,0.0,0.0,30
100.0,outage,oracle_feasible,stale_acceptance_rate,0.0,0.0,0.0,0.0,30
100.0,outage,oracle_feasible,mode_switches_per_1000,0.0,0.0,0.0,0.0,30
100.0,outage,oracle_feasible,pct_local_fast,100.0,0.0,100.0,100.0,30
100.0,outage,oracle_feasible,pct_edge_accurate,0.0,0.0,0.0,0.0,30
100.0,outage,oracle_feasible,pct_hybrid,0.0,0.0,0.0,0.0,30
100.0,outage,oracle_feasible,pct_degraded_safe,0.0,0.0,0.0,0.0,30
125.0,stable,local_only,deadline_miss_rate,0.0,0.0,0.0,0.0,30
125.0,stable,local_only,p95_latency_ms,33.984265110354684,0.14612908292769589,33.9343159514038,34.036015368498674,30
125.0,stable,local_only,p99_latency_ms,34.78401367177919,0.06560311317343774,34.76065987728268,34.806824911760046,30
125.0,stable,local_only,mean_latency_ms,25.02027748999063,0.19474756789946776,24.952896569039584,25.094599531312916,30
125.0,stable,local_only,usable_confidence_proxy,0.7249667322554326,0.0015304909747104968,0.7244513387101592,0.7255071023390036,30
125.0,stable,local_only,mean_output_confidence,0.7249667322554326,0.0015304909747104968,0.7244513387101592,0.7255071023390036,30
125.0,stable,local_only,bandwidth_per_1000_frames_kb,0.0,0.0,0.0,0.0,30
125.0,stable,local_only,remote_attempt_rate,0.0,0.0,0.0,0.0,30
125.0,stable,local_only,remote_accept_rate,0.0,0.0,0.0,0.0,30
125.0,stable,local_only,remote_accepted_per_frame,0.0,0.0,0.0,0.0,30
125.0,stable,local_only,remote_rejected_deadline_rate,0.0,0.0,0.0,0.0,30
125.0,stable,local_only,remote_failed_loss_rate,0.0,0.0,0.0,0.0,30
125.0,stable,local_only,fallback_rate,0.0,0.0,0.0,0.0,30
125.0,stable,local_only,reuse_rate,0.0,0.0,0.0,0.0,30
125.0,stable,local_only,stale_acceptance_rate,0.0,0.0,0.0,0.0,30
125.0,stable,local_only,mode_switches_per_1000,0.0,0.0,0.0,0.0,30
125.0,stable,local_only,pct_local_fast,100.0,0.0,100.0,100.0,30
125.0,stable,local_only,pct_edge_accurate,0.0,0.0,0.0,0.0,30
125.0,stable,local_only,pct_hybrid,0.0,0.0,0.0,0.0,30
125.0,stable,local_only,pct_degraded_safe,0.0,0.0,0.0,0.0,30
125.0,stable,edge_only,deadline_miss_rate,0.48766666666666664,0.017307230566588564,0.48173249999999995,0.4938008333333334,30
125.0,stable,edge_only,p95_latency_ms,152.52256595631084,0.3494777488890294,152.3974597996671,152.64319070600226,30
125.0,stable,edge_only,p99_latency_ms,155.46545413222717,0.4881595841446359,155.29036169903534,155.63862766280843,30
125.0,stable,edge_only,mean_latency_ms,115.05623542776252,1.02530503337824,114.70997305313773,115.41913503585454,30
125.0,stable,edge_only,usable_confidence_proxy,0.4483087878864294,0.015200156779463628,0.44296430829161876,0.45352983854864626,30
125.0,stable,edge_only,mean_output_confidence,0.8018397604921572,0.003217967031190964,0.8007202870741114,0.8029298858199907,30
125.0,stable,edge_only,bandwidth_per_1000_frames_kb,25000.0,0.0,25000.0,25000.0,30
125.0,stable,edge_only,remote_attempt_rate,1.0,0.0,1.0,1.0,30
125.0,stable,edge_only,remote_accept_rate,0.5123333333333334,0.017307230566588578,0.5061991666666666,0.5182675000000001,30
125.0,stable,edge_only,remote_accepted_per_frame,0.5123333333333334,0.017307230566588578,0.5061991666666666,0.5182675000000001,30
125.0,stable,edge_only,remote_rejected_deadline_rate,0.09553333333333333,0.008834623631635004,0.0923666666666667,0.09860000000000001,30
125.0,stable,edge_only,remote_failed_loss_rate,0.011066666666666669,0.0027784060592154374,0.010133333333333334,0.012066666666666668,30
125.0,stable,edge_only,fallback_rate,0.48766666666666664,0.017307230566588564,0.48173249999999995,0.4938008333333334,30
125.0,stable,edge_only,reuse_rate,0.0,0.0,0.0,0.0,30
125.0,stable,edge_only,stale_acceptance_rate,0.0,0.0,0.0,0.0,30
125.0,stable,edge_only,mode_switches_per_1000,0.0,0.0,0.0,0.0,30
125.0,stable,edge_only,pct_local_fast,0.0,0.0,0.0,0.0,30
125.0,stable,edge_only,pct_edge_accurate,100.0,0.0,100.0,100.0,30
125.0,stable,edge_only,pct_hybrid,0.0,0.0,0.0,0.0,30
125.0,stable,edge_only,pct_degraded_safe,0.0,0.0,0.0,0.0,30
125.0,stable,cloud_only,deadline_miss_rate,1.0,0.0,1.0,1.0,30
125.0,stable,cloud_only,p95_latency_ms,158.98426511035467,0.14612908292769947,158.9343159514038,159.03601536849865,30
125.0,stable,cloud_only,p99_latency_ms,159.78401367177918,0.06560311317343609,159.76065987728268,159.8068249117601,30
125.0,stable,cloud_only,mean_latency_ms,150.02027748999066,0.19474756789946487,149.9528965690396,150.09459953131295,30
125.0,stable,cloud_only,usable_confidence_proxy,0.0,0.0,0.0,0.0,30
125.0,stable,cloud_only,mean_output_confidence,0.7249667322554326,0.0015304909747104968,0.7244513387101592,0.7255071023390036,30
125.0,stable,cloud_only,bandwidth_per_1000_frames_kb,35000.0,0.0,35000.0,35000.0,30
125.0,stable,cloud_only,remote_attempt_rate,1.0,0.0,1.0,1.0,30
125.0,stable,cloud_only,remote_accept_rate,0.0,0.0,0.0,0.0,30
125.0,stable,cloud_only,remote_accepted_per_frame,0.0,0.0,0.0,0.0,30
125.0,stable,cloud_only,remote_rejected_deadline_rate,0.9906666666666666,0.003546084128116278,0.9893999999999998,0.9918999999999999,30
125.0,stable,cloud_only,remote_failed_loss_rate,0.009333333333333334,0.003546084128116275,0.008100000000000001,0.010600000000000002,30
125.0,stable,cloud_only,fallback_rate,1.0,0.0,1.0,1.0,30
125.0,stable,cloud_only,reuse_rate,0.0,0.0,0.0,0.0,30
125.0,stable,cloud_only,stale_acceptance_rate,0.0,0.0,0.0,0.0,30
125.0,stable,cloud_only,mode_switches_per_1000,0.0,0.0,0.0,0.0,30
125.0,stable,cloud_only,pct_local_fast,0.0,0.0,0.0,0.0,30
125.0,stable,cloud_only,pct_edge_accurate,100.0,0.0,100.0,100.0,30
125.0,stable,cloud_only,pct_hybrid,0.0,0.0,0.0,0.0,30
125.0,stable,cloud_only,pct_degraded_safe,0.0,0.0,0.0,0.0,30
125.0,stable,dapper,deadline_miss_rate,0.25899999999999995,0.019238969074107968,0.2524666666666667,0.2658008333333333,30
125.0,stable,dapper,p95_latency_ms,148.95550079901022,0.6188548607023916,148.74183836142956,149.1749232275146,30
125.0,stable,dapper,p99_latency_ms,152.5684425005349,0.34059970420790175,152.4484209967069,152.69313926021212,30
125.0,stable,dapper,mean_latency_ms,73.85565540993005,2.279731796889587,73.08325473849067,74.63201917486698,30
125.0,stable,dapper,usable_confidence_proxy,0.6109753688661193,0.015786242886056727,0.6053578706615278,0.6163581962408314,30
125.0,stable,dapper,mean_output_confidence,0.7726841199863537,0.002597374443655774,0.7717793545020473,0.7735874340090333,30
125.0,stable,dapper,bandwidth_per_1000_frames_kb,21621.666666666668,335.8425671130112,21501.645833333336,21735.0,30
125.0,stable,dapper,remote_attempt_rate,0.8648666666666667,0.013433702684520463,0.8600658333333333,0.8694,30
125.0,stable,dapper,remote_accept_rate,0.5119299636219802,0.019710509684781493,0.5048710537106218,0.5185291640553195,30
125.0,stable,dapper,remote_accepted_per_frame,0.4427,0.01712862093609448,0.43670000000000003,0.44869999999999993,30
125.0,stable,dapper,remote_rejected_deadline_rate,0.07036532378126861,0.008697832557999321,0.0673504655416375,0.07343521123156188,30
125.0,stable,dapper,remote_failed_loss_rate,0.011160401044939667,0.0032782175425864904,0.010069906399418155,0.012335025962814114,30
125.0,stable,dapper,fallback_rate,0.25899999999999995,0.019238969074107968,0.2524666666666667,0.2658008333333333,30
125.0,stable,dapper,reuse_rate,0.0,0.0,0.0,0.0,30
125.0,stable,dapper,stale_acceptance_rate,0.0,0.0,0.0,0.0,30
125.0,stable,dapper,mode_switches_per_1000,410.23333333333335,20.49168600682479,403.2325,417.7,30
125.0,stable,dapper,pct_local_fast,13.513333333333334,1.3433702684520452,13.06,13.993416666666668,30
125.0,stable,dapper,pct_edge_accurate,55.62,2.2205000989991333,54.85991666666667,56.373416666666664,30
125.0,stable,dapper,pct_hybrid,30.86666666666667,2.4739098376977022,30.006666666666664,31.68675,30
125.0,stable,dapper,pct_degraded_safe,0.0,0.0,0.0,0.0,30
125.0,stable,deadline_greedy,deadline_miss_rate,0.0,0.0,0.0,0.0,30
125.0,stable,deadline_greedy,p95_latency_ms,33.984265110354684,0.14612908292769589,33.9343159514038,34.036015368498674,30
125.0,stable,deadline_greedy,p99_latency_ms,34.78401367177919,0.06560311317343774,34.76065987728268,34.806824911760046,30
125.0,stable,deadline_greedy,mean_latency_ms,25.02027748999063,0.19474756789946776,24.952896569039584,25.094599531312916,30
125.0,stable,deadline_greedy,usable_confidence_proxy,0.7249667322554326,0.0015304909747104968,0.7244513387101592,0.7255071023390036,30
125.0,stable,deadline_greedy,mean_output_confidence,0.7249667322554326,0.0015304909747104968,0.7244513387101592,0.7255071023390036,30
125.0,stable,deadline_greedy,bandwidth_per_1000_frames_kb,0.0,0.0,0.0,0.0,30
125.0,stable,deadline_greedy,remote_attempt_rate,0.0,0.0,0.0,0.0,30
125.0,stable,deadline_greedy,remote_accept_rate,0.0,0.0,0.0,0.0,30
125.0,stable,deadline_greedy,remote_accepted_per_frame,0.0,0.0,0.0,0.0,30
125.0,stable,deadline_greedy,remote_rejected_deadline_rate,0.0,0.0,0.0,0.0,30
125.0,stable,deadline_greedy,remote_failed_loss_rate,0.0,0.0,0.0,0.0,30
125.0,stable,deadline_greedy,fallback_rate,0.0,0.0,0.0,0.0,30
125.0,stable,deadline_greedy,reuse_rate,0.0,0.0,0.0,0.0,30
125.0,stable,deadline_greedy,stale_acceptance_rate,0.0,0.0,0.0,0.0,30
125.0,stable,deadline_greedy,mode_switches_per_1000,0.0,0.0,0.0,0.0,30
125.0,stable,deadline_greedy,pct_local_fast,100.0,0.0,100.0,100.0,30
125.0,stable,deadline_greedy,pct_edge_accurate,0.0,0.0,0.0,0.0,30
125.0,stable,deadline_greedy,pct_hybrid,0.0,0.0,0.0,0.0,30
125.0,stable,deadline_greedy,pct_degraded_safe,0.0,0.0,0.0,0.0,30
125.0,stable,confidence_deadline,deadline_miss_rate,0.0,0.0,0.0,0.0,30
125.0,stable,confidence_deadline,p95_latency_ms,33.984265110354684,0.14612908292769589,33.9343159514038,34.036015368498674,30
125.0,stable,confidence_deadline,p99_latency_ms,34.78401367177919,0.06560311317343774,34.76065987728268,34.806824911760046,30
125.0,stable,confidence_deadline,mean_latency_ms,25.02027748999063,0.19474756789946776,24.952896569039584,25.094599531312916,30
125.0,stable,confidence_deadline,usable_confidence_proxy,0.7249667322554326,0.0015304909747104968,0.7244513387101592,0.7255071023390036,30
125.0,stable,confidence_deadline,mean_output_confidence,0.7249667322554326,0.0015304909747104968,0.7244513387101592,0.7255071023390036,30
125.0,stable,confidence_deadline,bandwidth_per_1000_frames_kb,0.0,0.0,0.0,0.0,30
125.0,stable,confidence_deadline,remote_attempt_rate,0.0,0.0,0.0,0.0,30
125.0,stable,confidence_deadline,remote_accept_rate,0.0,0.0,0.0,0.0,30
125.0,stable,confidence_deadline,remote_accepted_per_frame,0.0,0.0,0.0,0.0,30
125.0,stable,confidence_deadline,remote_rejected_deadline_rate,0.0,0.0,0.0,0.0,30
125.0,stable,confidence_deadline,remote_failed_loss_rate,0.0,0.0,0.0,0.0,30
125.0,stable,confidence_deadline,fallback_rate,0.0,0.0,0.0,0.0,30
125.0,stable,confidence_deadline,reuse_rate,0.0,0.0,0.0,0.0,30
125.0,stable,confidence_deadline,stale_acceptance_rate,0.0,0.0,0.0,0.0,30
125.0,stable,confidence_deadline,mode_switches_per_1000,0.0,0.0,0.0,0.0,30
125.0,stable,confidence_deadline,pct_local_fast,100.0,0.0,100.0,100.0,30
125.0,stable,confidence_deadline,pct_edge_accurate,0.0,0.0,0.0,0.0,30
125.0,stable,confidence_deadline,pct_hybrid,0.0,0.0,0.0,0.0,30
125.0,stable,confidence_deadline,pct_degraded_safe,0.0,0.0,0.0,0.0,30
125.0,stable,rtt_threshold,deadline_miss_rate,0.0,0.0,0.0,0.0,30
125.0,stable,rtt_threshold,p95_latency_ms,33.984265110354684,0.14612908292769589,33.9343159514038,34.036015368498674,30
125.0,stable,rtt_threshold,p99_latency_ms,34.78401367177919,0.06560311317343774,34.76065987728268,34.806824911760046,30
125.0,stable,rtt_threshold,mean_latency_ms,25.02027748999063,0.19474756789946776,24.952896569039584,25.094599531312916,30
125.0,stable,rtt_threshold,usable_confidence_proxy,0.7249667322554326,0.0015304909747104968,0.7244513387101592,0.7255071023390036,30
125.0,stable,rtt_threshold,mean_output_confidence,0.7249667322554326,0.0015304909747104968,0.7244513387101592,0.7255071023390036,30
125.0,stable,rtt_threshold,bandwidth_per_1000_frames_kb,0.0,0.0,0.0,0.0,30
125.0,stable,rtt_threshold,remote_attempt_rate,0.0,0.0,0.0,0.0,30
125.0,stable,rtt_threshold,remote_accept_rate,0.0,0.0,0.0,0.0,30
125.0,stable,rtt_threshold,remote_accepted_per_frame,0.0,0.0,0.0,0.0,30
125.0,stable,rtt_threshold,remote_rejected_deadline_rate,0.0,0.0,0.0,0.0,30
125.0,stable,rtt_threshold,remote_failed_loss_rate,0.0,0.0,0.0,0.0,30
125.0,stable,rtt_threshold,fallback_rate,0.0,0.0,0.0,0.0,30
125.0,stable,rtt_threshold,reuse_rate,0.0,0.0,0.0,0.0,30
125.0,stable,rtt_threshold,stale_acceptance_rate,0.0,0.0,0.0,0.0,30
125.0,stable,rtt_threshold,mode_switches_per_1000,0.0,0.0,0.0,0.0,30
125.0,stable,rtt_threshold,pct_local_fast,100.0,0.0,100.0,100.0,30
125.0,stable,rtt_threshold,pct_edge_accurate,0.0,0.0,0.0,0.0,30
125.0,stable,rtt_threshold,pct_hybrid,0.0,0.0,0.0,0.0,30
125.0,stable,rtt_threshold,pct_degraded_safe,0.0,0.0,0.0,0.0,30
125.0,stable,oracle_feasible,deadline_miss_rate,0.38106666666666666,0.016115816461783294,0.37540000000000007,0.38676750000000004,30
125.0,stable,oracle_feasible,p95_latency_ms,151.86125808287525,0.45630638697810344,151.70294530757465,152.0219759922818,30
125.0,stable,oracle_feasible,p99_latency_ms,155.16699082886282,0.5404840460297775,154.97218868852545,155.34981954429034,30
125.0,stable,oracle_feasible,mean_latency_ms,102.34975564757896,1.1952543772244182,101.93885815497669,102.78315701647556,30
125.0,stable,oracle_feasible,usable_confidence_proxy,0.5255082649043475,0.014084468836897209,0.5205268374258888,0.5303744562564757,30
125.0,stable,oracle_feasible,mean_output_confidence,0.8018397604921572,0.003217967031190964,0.8007202870741114,0.8029298858199907,30
125.0,stable,oracle_feasible,bandwidth_per_1000_frames_kb,22335.0,236.04134646578194,22254.166666666668,22419.166666666668,30
125.0,stable,oracle_feasible,remote_attempt_rate,0.8933999999999999,0.009441653858631285,0.8901666666666664,0.8967666666666666,30
125.0,stable,oracle_feasible,remote_accept_rate,0.5734477903510619,0.017911701111550896,0.5670510249028858,0.5796207849780518,30
125.0,stable,oracle_feasible,remote_accepted_per_frame,0.5123333333333334,0.017307230566588578,0.5061991666666666,0.5182675000000001,30
125.0,stable,oracle_feasible,remote_rejected_deadline_rate,0.0,0.0,0.0,0.0,30
125.0,stable,oracle_feasible,remote_failed_loss_rate,0.0,0.0,0.0,0.0,30
125.0,stable,oracle_feasible,fallback_rate,0.38106666666666666,0.016115816461783294,0.37540000000000007,0.38676750000000004,30
125.0,stable,oracle_feasible,reuse_rate,0.0,0.0,0.0,0.0,30
125.0,stable,oracle_feasible,stale_acceptance_rate,0.0,0.0,0.0,0.0,30
125.0,stable,oracle_feasible,mode_switches_per_1000,189.03333333333333,16.18957376988581,183.29916666666668,194.8,30
125.0,stable,oracle_feasible,pct_local_fast,10.660000000000002,0.9441653858631276,10.323333333333332,10.983333333333336,30
125.0,stable,oracle_feasible,pct_edge_accurate,89.34000000000002,0.9441653858631285,89.01666666666667,89.67666666666668,30
125.0,stable,oracle_feasible,pct_hybrid,0.0,0.0,0.0,0.0,30
125.0,stable,oracle_feasible,pct_degraded_safe,0.0,0.0,0.0,0.0,30
125.0,congested,local_only,deadline_miss_rate,0.0,0.0,0.0,0.0,30
125.0,congested,local_only,p95_latency_ms,33.94268972592376,0.09803104261482531,33.906854831430806,33.97630119170664,30
125.0,congested,local_only,p99_latency_ms,34.769178949662624,0.05524239382592479,34.748642896298946,34.7879694671568,30
125.0,congested,local_only,mean_latency_ms,25.012597088142645,0.18113657767527264,24.949225112390963,25.077791277753096,30
125.0,congested,local_only,usable_confidence_proxy,0.7249282051819181,0.0016092933478095927,0.7243536843822596,0.725520489679899,30
125.0,congested,local_only,mean_output_confidence,0.7249282051819181,0.0016092933478095927,0.7243536843822596,0.725520489679899,30
125.0,congested,local_only,bandwidth_per_1000_frames_kb,0.0,0.0,0.0,0.0,30
125.0,congested,local_only,remote_attempt_rate,0.0,0.0,0.0,0.0,30
125.0,congested,local_only,remote_accept_rate,0.0,0.0,0.0,0.0,30
125.0,congested,local_only,remote_accepted_per_frame,0.0,0.0,0.0,0.0,30
125.0,congested,local_only,remote_rejected_deadline_rate,0.0,0.0,0.0,0.0,30
125.0,congested,local_only,remote_failed_loss_rate,0.0,0.0,0.0,0.0,30
125.0,congested,local_only,fallback_rate,0.0,0.0,0.0,0.0,30
125.0,congested,local_only,reuse_rate,0.0,0.0,0.0,0.0,30
125.0,congested,local_only,stale_acceptance_rate,0.0,0.0,0.0,0.0,30
125.0,congested,local_only,mode_switches_per_1000,0.0,0.0,0.0,0.0,30
125.0,congested,local_only,pct_local_fast,100.0,0.0,100.0,100.0,30
125.0,congested,local_only,pct_edge_accurate,0.0,0.0,0.0,0.0,30
125.0,congested,local_only,pct_hybrid,0.0,0.0,0.0,0.0,30
125.0,congested,local_only,pct_degraded_safe,0.0,0.0,0.0,0.0,30
125.0,congested,edge_only,deadline_miss_rate,1.0,0.0,1.0,1.0,30
125.0,congested,edge_only,p95_latency_ms,158.94268972592377,0.09803104261482606,158.90685483143085,158.97630119170663,30
125.0,congested,edge_only,p99_latency_ms,159.7691789496626,0.05524239382592602,159.74864289629892,159.78796946715676,30
125.0,congested,edge_only,mean_latency_ms,150.01259708814266,0.18113657767527527,149.94922511239096,150.07779127775308,30
125.0,congested,edge_only,usable_confidence_proxy,0.0,0.0,0.0,0.0,30
125.0,congested,edge_only,mean_output_confidence,0.7249282051819181,0.0016092933478095927,0.7243536843822596,0.725520489679899,30
125.0,congested,edge_only,bandwidth_per_1000_frames_kb,25000.0,0.0,25000.0,25000.0,30
125.0,congested,edge_only,remote_attempt_rate,1.0,0.0,1.0,1.0,30
125.0,congested,edge_only,remote_accept_rate,0.0,0.0,0.0,0.0,30
125.0,congested,edge_only,remote_accepted_per_frame,0.0,0.0,0.0,0.0,30
125.0,congested,edge_only,remote_rejected_deadline_rate,0.9308333333333334,0.008103142571880958,0.9279333333333334,0.9336999999999999,30
125.0,congested,edge_only,remote_failed_loss_rate,0.04953333333333333,0.007682193173438364,0.04683333333333333,0.05220083333333333,30
125.0,congested,edge_only,fallback_rate,1.0,0.0,1.0,1.0,30
125.0,congested,edge_only,reuse_rate,0.0,0.0,0.0,0.0,30
125.0,congested,edge_only,stale_acceptance_rate,0.0,0.0,0.0,0.0,30
125.0,congested,edge_only,mode_switches_per_1000,0.0,0.0,0.0,0.0,30
125.0,congested,edge_only,pct_local_fast,0.0,0.0,0.0,0.0,30
125.0,congested,edge_only,pct_edge_accurate,100.0,0.0,100.0,100.0,30
125.0,congested,edge_only,pct_hybrid,0.0,0.0,0.0,0.0,30
125.0,congested,edge_only,pct_degraded_safe,0.0,0.0,0.0,0.0,30
125.0,congested,cloud_only,deadline_miss_rate,1.0,0.0,1.0,1.0,30
125.0,congested,cloud_only,p95_latency_ms,158.94268972592377,0.09803104261482606,158.90685483143085,158.97630119170663,30
125.0,congested,cloud_only,p99_latency_ms,159.7691789496626,0.05524239382592602,159.74864289629892,159.78796946715676,30
125.0,congested,cloud_only,mean_latency_ms,150.01259708814266,0.18113657767527527,149.94922511239096,150.07779127775308,30
125.0,congested,cloud_only,usable_confidence_proxy,0.0,0.0,0.0,0.0,30
125.0,congested,cloud_only,mean_output_confidence,0.7249282051819181,0.0016092933478095927,0.7243536843822596,0.725520489679899,30
125.0,congested,cloud_only,bandwidth_per_1000_frames_kb,35000.0,0.0,35000.0,35000.0,30
125.0,congested,cloud_only,remote_attempt_rate,1.0,0.0,1.0,1.0,30
125.0,congested,cloud_only,remote_accept_rate,0.0,0.0,0.0,0.0,30
125.0,congested,cloud_only,remote_accepted_per_frame,0.0,0.0,0.0,0.0,30
125.0,congested,cloud_only,remote_rejected_deadline_rate,0.9505666666666667,0.00714231360821974,0.9480000000000001,0.9531333333333333,30
125.0,congested,cloud_only,remote_failed_loss_rate,0.049433333333333336,0.007142313608219744,0.04686666666666666,0.052000000000000005,30
125.0,congested,cloud_only,fallback_rate,1.0,0.0,1.0,1.0,30
125.0,congested,cloud_only,reuse_rate,0.0,0.0,0.0,0.0,30
125.0,congested,cloud_only,stale_acceptance_rate,0.0,0.0,0.0,0.0,30
125.0,congested,cloud_only,mode_switches_per_1000,0.0,0.0,0.0,0.0,30
125.0,congested,cloud_only,pct_local_fast,0.0,0.0,0.0,0.0,30
125.0,congested,cloud_only,pct_edge_accurate,100.0,0.0,100.0,100.0,30
125.0,congested,cloud_only,pct_hybrid,0.0,0.0,0.0,0.0,30
125.0,congested,cloud_only,pct_degraded_safe,0.0,0.0,0.0,0.0,30
125.0,congested,dapper,deadline_miss_rate,0.0,0.0,0.0,0.0,30
125.0,congested,dapper,p95_latency_ms,33.94268972592376,0.09803104261482531,33.906854831430806,33.97630119170664,30
125.0,congested,dapper,p99_latency_ms,34.769178949662624,0.05524239382592479,34.748642896298946,34.7879694671568,30
125.0,congested,dapper,mean_latency_ms,25.012597088142645,0.18113657767527264,24.949225112390963,25.077791277753096,30
125.0,congested,dapper,usable_confidence_proxy,0.7249282051819181,0.0016092933478095927,0.7243536843822596,0.725520489679899,30
125.0,congested,dapper,mean_output_confidence,0.7249282051819181,0.0016092933478095927,0.7243536843822596,0.725520489679899,30
125.0,congested,dapper,bandwidth_per_1000_frames_kb,2.5,7.628214415734117,0.0,5.833333333333333,30
125.0,congested,dapper,remote_attempt_rate,0.0001,0.00030512857662936464,0.0,0.00023333333333333333,30
125.0,congested,dapper,remote_accept_rate,0.0,0.0,0.0,0.0,30
125.0,congested,dapper,remote_accepted_per_frame,0.0,0.0,0.0,0.0,30
125.0,congested,dapper,remote_rejected_deadline_rate,0.06666666666666667,0.2537081317024624,0.0,0.16666666666666666,30
125.0,congested,dapper,remote_failed_loss_rate,0.0,0.0,0.0,0.0,30
125.0,congested,dapper,fallback_rate,0.0,0.0,0.0,0.0,30
125.0,congested,dapper,reuse_rate,0.0,0.0,0.0,0.0,30
125.0,congested,dapper,stale_acceptance_rate,0.0,0.0,0.0,0.0,30
125.0,congested,dapper,mode_switches_per_1000,0.2,0.6102571532587293,0.0,0.4666666666666667,30
125.0,congested,dapper,pct_local_fast,99.99000000000001,0.030512857662934732,99.97666666666667,100.0,30
125.0,congested,dapper,pct_edge_accurate,0.0,0.0,0.0,0.0,30
125.0,congested,dapper,pct_hybrid,0.010000000000000002,0.030512857662936467,0.0,0.02333333333333333,30
125.0,congested,dapper,pct_degraded_safe,0.0,0.0,0.0,0.0,30
125.0,congested,deadline_greedy,deadline_miss_rate,0.0,0.0,0.0,0.0,30
125.0,congested,deadline_greedy,p95_latency_ms,33.94268972592376,0.09803104261482531,33.906854831430806,33.97630119170664,30
125.0,congested,deadline_greedy,p99_latency_ms,34.769178949662624,0.05524239382592479,34.748642896298946,34.7879694671568,30
125.0,congested,deadline_greedy,mean_latency_ms,25.012597088142645,0.18113657767527264,24.949225112390963,25.077791277753096,30
125.0,congested,deadline_greedy,usable_confidence_proxy,0.7249282051819181,0.0016092933478095927,0.7243536843822596,0.725520489679899,30
125.0,congested,deadline_greedy,mean_output_confidence,0.7249282051819181,0.0016092933478095927,0.7243536843822596,0.725520489679899,30
125.0,congested,deadline_greedy,bandwidth_per_1000_frames_kb,0.0,0.0,0.0,0.0,30
125.0,congested,deadline_greedy,remote_attempt_rate,0.0,0.0,0.0,0.0,30
125.0,congested,deadline_greedy,remote_accept_rate,0.0,0.0,0.0,0.0,30
125.0,congested,deadline_greedy,remote_accepted_per_frame,0.0,0.0,0.0,0.0,30
125.0,congested,deadline_greedy,remote_rejected_deadline_rate,0.0,0.0,0.0,0.0,30
125.0,congested,deadline_greedy,remote_failed_loss_rate,0.0,0.0,0.0,0.0,30
125.0,congested,deadline_greedy,fallback_rate,0.0,0.0,0.0,0.0,30
125.0,congested,deadline_greedy,reuse_rate,0.0,0.0,0.0,0.0,30
125.0,congested,deadline_greedy,stale_acceptance_rate,0.0,0.0,0.0,0.0,30
125.0,congested,deadline_greedy,mode_switches_per_1000,0.0,0.0,0.0,0.0,30
125.0,congested,deadline_greedy,pct_local_fast,100.0,0.0,100.0,100.0,30
125.0,congested,deadline_greedy,pct_edge_accurate,0.0,0.0,0.0,0.0,30
125.0,congested,deadline_greedy,pct_hybrid,0.0,0.0,0.0,0.0,30
125.0,congested,deadline_greedy,pct_degraded_safe,0.0,0.0,0.0,0.0,30
125.0,congested,confidence_deadline,deadline_miss_rate,0.0,0.0,0.0,0.0,30
125.0,congested,confidence_deadline,p95_latency_ms,33.94268972592376,0.09803104261482531,33.906854831430806,33.97630119170664,30
125.0,congested,confidence_deadline,p99_latency_ms,34.769178949662624,0.05524239382592479,34.748642896298946,34.7879694671568,30
125.0,congested,confidence_deadline,mean_latency_ms,25.012597088142645,0.18113657767527264,24.949225112390963,25.077791277753096,30
125.0,congested,confidence_deadline,usable_confidence_proxy,0.7249282051819181,0.0016092933478095927,0.7243536843822596,0.725520489679899,30
125.0,congested,confidence_deadline,mean_output_confidence,0.7249282051819181,0.0016092933478095927,0.7243536843822596,0.725520489679899,30
125.0,congested,confidence_deadline,bandwidth_per_1000_frames_kb,0.0,0.0,0.0,0.0,30
125.0,congested,confidence_deadline,remote_attempt_rate,0.0,0.0,0.0,0.0,30
125.0,congested,confidence_deadline,remote_accept_rate,0.0,0.0,0.0,0.0,30
125.0,congested,confidence_deadline,remote_accepted_per_frame,0.0,0.0,0.0,0.0,30
125.0,congested,confidence_deadline,remote_rejected_deadline_rate,0.0,0.0,0.0,0.0,30
125.0,congested,confidence_deadline,remote_failed_loss_rate,0.0,0.0,0.0,0.0,30
125.0,congested,confidence_deadline,fallback_rate,0.0,0.0,0.0,0.0,30
125.0,congested,confidence_deadline,reuse_rate,0.0,0.0,0.0,0.0,30
125.0,congested,confidence_deadline,stale_acceptance_rate,0.0,0.0,0.0,0.0,30
125.0,congested,confidence_deadline,mode_switches_per_1000,0.0,0.0,0.0,0.0,30
125.0,congested,confidence_deadline,pct_local_fast,100.0,0.0,100.0,100.0,30
125.0,congested,confidence_deadline,pct_edge_accurate,0.0,0.0,0.0,0.0,30
125.0,congested,confidence_deadline,pct_hybrid,0.0,0.0,0.0,0.0,30
125.0,congested,confidence_deadline,pct_degraded_safe,0.0,0.0,0.0,0.0,30
125.0,congested,rtt_threshold,deadline_miss_rate,0.0,0.0,0.0,0.0,30
125.0,congested,rtt_threshold,p95_latency_ms,33.94268972592376,0.09803104261482531,33.906854831430806,33.97630119170664,30
125.0,congested,rtt_threshold,p99_latency_ms,34.769178949662624,0.05524239382592479,34.748642896298946,34.7879694671568,30
125.0,congested,rtt_threshold,mean_latency_ms,25.012597088142645,0.18113657767527264,24.949225112390963,25.077791277753096,30
125.0,congested,rtt_threshold,usable_confidence_proxy,0.7249282051819181,0.0016092933478095927,0.7243536843822596,0.725520489679899,30
125.0,congested,rtt_threshold,mean_output_confidence,0.7249282051819181,0.0016092933478095927,0.7243536843822596,0.725520489679899,30
125.0,congested,rtt_threshold,bandwidth_per_1000_frames_kb,0.0,0.0,0.0,0.0,30
125.0,congested,rtt_threshold,remote_attempt_rate,0.0,0.0,0.0,0.0,30
125.0,congested,rtt_threshold,remote_accept_rate,0.0,0.0,0.0,0.0,30
125.0,congested,rtt_threshold,remote_accepted_per_frame,0.0,0.0,0.0,0.0,30
125.0,congested,rtt_threshold,remote_rejected_deadline_rate,0.0,0.0,0.0,0.0,30
125.0,congested,rtt_threshold,remote_failed_loss_rate,0.0,0.0,0.0,0.0,30
125.0,congested,rtt_threshold,fallback_rate,0.0,0.0,0.0,0.0,30
125.0,congested,rtt_threshold,reuse_rate,0.0,0.0,0.0,0.0,30
125.0,congested,rtt_threshold,stale_acceptance_rate,0.0,0.0,0.0,0.0,30
125.0,congested,rtt_threshold,mode_switches_per_1000,0.0,0.0,0.0,0.0,30
125.0,congested,rtt_threshold,pct_local_fast,100.0,0.0,100.0,100.0,30
125.0,congested,rtt_threshold,pct_edge_accurate,0.0,0.0,0.0,0.0,30
125.0,congested,rtt_threshold,pct_hybrid,0.0,0.0,0.0,0.0,30
125.0,congested,rtt_threshold,pct_degraded_safe,0.0,0.0,0.0,0.0,30
125.0,congested,oracle_feasible,deadline_miss_rate,0.019633333333333336,0.003960871841795242,0.01826666666666667,0.02106666666666667,30
125.0,congested,oracle_feasible,p95_latency_ms,34.33663633346558,0.15130170397176435,34.28447901000298,34.39042087483071,30
125.0,congested,oracle_feasible,p99_latency_ms,149.29389455460813,2.512393960553313,148.41438518651205,150.19694464570236,30
125.0,congested,oracle_feasible,mean_latency_ms,27.466763754809314,0.6019140983889762,27.263842430637112,27.692369564774232,30
125.0,congested,oracle_feasible,usable_confidence_proxy,0.7107162615865946,0.0033233368611320898,0.7095536951185578,0.7118992502366503,30
125.0,congested,oracle_feasible,mean_output_confidence,0.7249282051819181,0.0016092933478095927,0.7243536843822596,0.725520489679899,30
125.0,congested,oracle_feasible,bandwidth_per_1000_frames_kb,490.8333333333333,99.02179604488107,456.6666666666667,526.6666666666666,30
125.0,congested,oracle_feasible,remote_attempt_rate,0.019633333333333336,0.003960871841795242,0.01826666666666667,0.02106666666666667,30
125.0,congested,oracle_feasible,remote_accept_rate,0.0,0.0,0.0,0.0,30
125.0,congested,oracle_feasible,remote_accepted_per_frame,0.0,0.0,0.0,0.0,30
125.0,congested,oracle_feasible,remote_rejected_deadline_rate,0.0,0.0,0.0,0.0,30
125.0,congested,oracle_feasible,remote_failed_loss_rate,0.0,0.0,0.0,0.0,30
125.0,congested,oracle_feasible,fallback_rate,0.019633333333333336,0.003960871841795242,0.01826666666666667,0.02106666666666667,30
125.0,congested,oracle_feasible,reuse_rate,0.0,0.0,0.0,0.0,30
125.0,congested,oracle_feasible,stale_acceptance_rate,0.0,0.0,0.0,0.0,30
125.0,congested,oracle_feasible,mode_switches_per_1000,35.9,7.585603424273169,33.3,38.63333333333333,30
125.0,congested,oracle_feasible,pct_local_fast,98.03666666666665,0.396087184179525,97.8933333333333,98.17333333333332,30
125.0,congested,oracle_feasible,pct_edge_accurate,1.9633333333333332,0.3960871841795242,1.8266666666666669,2.106666666666667,30
125.0,congested,oracle_feasible,pct_hybrid,0.0,0.0,0.0,0.0,30
125.0,congested,oracle_feasible,pct_degraded_safe,0.0,0.0,0.0,0.0,30
125.0,lossy,local_only,deadline_miss_rate,0.0,0.0,0.0,0.0,30
125.0,lossy,local_only,p95_latency_ms,34.012278154614826,0.12120943376607804,33.96820622195287,34.05448763655662,30
125.0,lossy,local_only,p99_latency_ms,34.80546807570768,0.06143547890706443,34.78316485257998,34.826772350222946,30
125.0,lossy,local_only,mean_latency_ms,25.003209635014095,0.15974262798343122,24.94828249795479,25.06142062043607,30
125.0,lossy,local_only,usable_confidence_proxy,0.7247968267120143,0.001322250002252836,0.724324432482122,0.7252569980501671,30
125.0,lossy,local_only,mean_output_confidence,0.7247968267120143,0.001322250002252836,0.724324432482122,0.7252569980501671,30
125.0,lossy,local_only,bandwidth_per_1000_frames_kb,0.0,0.0,0.0,0.0,30
125.0,lossy,local_only,remote_attempt_rate,0.0,0.0,0.0,0.0,30
125.0,lossy,local_only,remote_accept_rate,0.0,0.0,0.0,0.0,30
125.0,lossy,local_only,remote_accepted_per_frame,0.0,0.0,0.0,0.0,30
125.0,lossy,local_only,remote_rejected_deadline_rate,0.0,0.0,0.0,0.0,30
125.0,lossy,local_only,remote_failed_loss_rate,0.0,0.0,0.0,0.0,30
125.0,lossy,local_only,fallback_rate,0.0,0.0,0.0,0.0,30
125.0,lossy,local_only,reuse_rate,0.0,0.0,0.0,0.0,30
125.0,lossy,local_only,stale_acceptance_rate,0.0,0.0,0.0,0.0,30
125.0,lossy,local_only,mode_switches_per_1000,0.0,0.0,0.0,0.0,30
125.0,lossy,local_only,pct_local_fast,100.0,0.0,100.0,100.0,30
125.0,lossy,local_only,pct_edge_accurate,0.0,0.0,0.0,0.0,30
125.0,lossy,local_only,pct_hybrid,0.0,0.0,0.0,0.0,30
125.0,lossy,local_only,pct_degraded_safe,0.0,0.0,0.0,0.0,30
125.0,lossy,edge_only,deadline_miss_rate,0.8750666666666667,0.012500850545775532,0.8705333333333333,0.8794333333333333,30
125.0,lossy,edge_only,p95_latency_ms,158.8558384267678,0.14881019917836427,158.8049523065842,158.90892277899852,30
125.0,lossy,edge_only,p99_latency_ms,159.77750694468406,0.07430751757261647,159.74984332602114,159.80226094071875,30
125.0,lossy,edge_only,mean_latency_ms,143.09152401761574,0.7275842524159059,142.82926082441264,143.351234329621,30
125.0,lossy,edge_only,usable_confidence_proxy,0.10932864090769345,0.01103135108250066,0.10545598471089324,0.1133446094596325,30
125.0,lossy,edge_only,mean_output_confidence,0.7434737048265869,0.0024259067554197747,0.74263216066205,0.7443649231807572,30
125.0,lossy,edge_only,bandwidth_per_1000_frames_kb,25000.0,0.0,25000.0,25000.0,30
125.0,lossy,edge_only,remote_attempt_rate,1.0,0.0,1.0,1.0,30
125.0,lossy,edge_only,remote_accept_rate,0.12493333333333334,0.01250085054577552,0.12056666666666667,0.12946666666666667,30
125.0,lossy,edge_only,remote_accepted_per_frame,0.12493333333333334,0.01250085054577552,0.12056666666666667,0.12946666666666667,30
125.0,lossy,edge_only,remote_rejected_deadline_rate,0.2894666666666667,0.014095079438152023,0.2842,0.29430083333333334,30
125.0,lossy,edge_only,remote_failed_loss_rate,0.2001666666666667,0.0129030424996249,0.19566666666666668,0.20463333333333333,30
125.0,lossy,edge_only,fallback_rate,0.8750666666666667,0.012500850545775532,0.8705333333333333,0.8794333333333333,30
125.0,lossy,edge_only,reuse_rate,0.0,0.0,0.0,0.0,30
125.0,lossy,edge_only,stale_acceptance_rate,0.0,0.0,0.0,0.0,30
125.0,lossy,edge_only,mode_switches_per_1000,0.0,0.0,0.0,0.0,30
125.0,lossy,edge_only,pct_local_fast,0.0,0.0,0.0,0.0,30
125.0,lossy,edge_only,pct_edge_accurate,100.0,0.0,100.0,100.0,30
125.0,lossy,edge_only,pct_hybrid,0.0,0.0,0.0,0.0,30
125.0,lossy,edge_only,pct_degraded_safe,0.0,0.0,0.0,0.0,30
125.0,lossy,cloud_only,deadline_miss_rate,1.0,0.0,1.0,1.0,30
125.0,lossy,cloud_only,p95_latency_ms,159.01227815461485,0.12120943376607722,158.9682062219528,159.05448763655662,30
125.0,lossy,cloud_only,p99_latency_ms,159.80546807570767,0.06143547890706076,159.78316485257997,159.8267723502229,30
125.0,lossy,cloud_only,mean_latency_ms,150.0032096350141,0.15974262798343095,149.94828249795478,150.06142062043605,30
125.0,lossy,cloud_only,usable_confidence_proxy,0.0,0.0,0.0,0.0,30
125.0,lossy,cloud_only,mean_output_confidence,0.7247968267120143,0.001322250002252836,0.724324432482122,0.7252569980501671,30
125.0,lossy,cloud_only,bandwidth_per_1000_frames_kb,35000.0,0.0,35000.0,35000.0,30
125.0,lossy,cloud_only,remote_attempt_rate,1.0,0.0,1.0,1.0,30
125.0,lossy,cloud_only,remote_accept_rate,0.0,0.0,0.0,0.0,30
125.0,lossy,cloud_only,remote_accepted_per_frame,0.0,0.0,0.0,0.0,30
125.0,lossy,cloud_only,remote_rejected_deadline_rate,0.8026666666666666,0.012160800034178009,0.7983333333333335,0.8069333333333333,30
125.0,lossy,cloud_only,remote_failed_loss_rate,0.19733333333333336,0.012160800034178028,0.1930666666666667,0.20166666666666663,30
125.0,lossy,cloud_only,fallback_rate,1.0,0.0,1.0,1.0,30
125.0,lossy,cloud_only,reuse_rate,0.0,0.0,0.0,0.0,30
125.0,lossy,cloud_only,stale_acceptance_rate,0.0,0.0,0.0,0.0,30
125.0,lossy,cloud_only,mode_switches_per_1000,0.0,0.0,0.0,0.0,30
125.0,lossy,cloud_only,pct_local_fast,0.0,0.0,0.0,0.0,30
125.0,lossy,cloud_only,pct_edge_accurate,100.0,0.0,100.0,100.0,30
125.0,lossy,cloud_only,pct_hybrid,0.0,0.0,0.0,0.0,30
125.0,lossy,cloud_only,pct_degraded_safe,0.0,0.0,0.0,0.0,30
125.0,lossy,dapper,deadline_miss_rate,0.0,0.0,0.0,0.0,30
125.0,lossy,dapper,p95_latency_ms,34.012278154614826,0.12120943376607804,33.96820622195287,34.05448763655662,30
125.0,lossy,dapper,p99_latency_ms,34.80546807570768,0.06143547890706443,34.78316485257998,34.826772350222946,30
125.0,lossy,dapper,mean_latency_ms,25.003209635014095,0.15974262798343122,24.94828249795479,25.06142062043607,30
125.0,lossy,dapper,usable_confidence_proxy,0.7419330638486503,0.002176431935039012,0.7411786637885632,0.7427331588153571,30
125.0,lossy,dapper,mean_output_confidence,0.7247968267120143,0.001322250002252836,0.724324432482122,0.7252569980501671,30
125.0,lossy,dapper,bandwidth_per_1000_frames_kb,21082.5,356.11347958877883,20960.0,21209.166666666668,30
125.0,lossy,dapper,remote_attempt_rate,0.8433,0.014244539183551164,0.8383999999999999,0.8483666666666668,30
125.0,lossy,dapper,remote_accept_rate,0.12747672431208384,0.012751057831312767,0.12295730837018858,0.13204932177818435,30
125.0,lossy,dapper,remote_accepted_per_frame,0.10746666666666668,0.010533144185701704,0.10360000000000001,0.11123333333333334,30
125.0,lossy,dapper,remote_rejected_deadline_rate,0.28704053515306854,0.015687012812140473,0.28154250770921446,0.29265571149547853,30
125.0,lossy,dapper,remote_failed_loss_rate,0.19910581275818443,0.014475638618159817,0.19398314972756506,0.20405781866022585,30
125.0,lossy,dapper,fallback_rate,0.0,0.0,0.0,0.0,30
125.0,lossy,dapper,reuse_rate,0.0,0.0,0.0,0.0,30
125.0,lossy,dapper,stale_acceptance_rate,0.0,0.0,0.0,0.0,30
125.0,lossy,dapper,mode_switches_per_1000,250.73333333333332,21.692098248827417,243.06666666666666,258.33416666666665,30
125.0,lossy,dapper,pct_local_fast,15.67,1.4244539183551155,15.163333333333334,16.16,30
125.0,lossy,dapper,pct_edge_accurate,0.0,0.0,0.0,0.0,30
125.0,lossy,dapper,pct_hybrid,84.32999999999998,1.4244539183551168,83.83999999999999,84.83666666666666,30
125.0,lossy,dapper,pct_degraded_safe,0.0,0.0,0.0,0.0,30
125.0,lossy,deadline_greedy,deadline_miss_rate,0.0,0.0,0.0,0.0,30
125.0,lossy,deadline_greedy,p95_latency_ms,34.012278154614826,0.12120943376607804,33.96820622195287,34.05448763655662,30
125.0,lossy,deadline_greedy,p99_latency_ms,34.80546807570768,0.06143547890706443,34.78316485257998,34.826772350222946,30
125.0,lossy,deadline_greedy,mean_latency_ms,25.003209635014095,0.15974262798343122,24.94828249795479,25.06142062043607,30
125.0,lossy,deadline_greedy,usable_confidence_proxy,0.7247968267120143,0.001322250002252836,0.724324432482122,0.7252569980501671,30
125.0,lossy,deadline_greedy,mean_output_confidence,0.7247968267120143,0.001322250002252836,0.724324432482122,0.7252569980501671,30
125.0,lossy,deadline_greedy,bandwidth_per_1000_frames_kb,0.0,0.0,0.0,0.0,30
125.0,lossy,deadline_greedy,remote_attempt_rate,0.0,0.0,0.0,0.0,30
125.0,lossy,deadline_greedy,remote_accept_rate,0.0,0.0,0.0,0.0,30
125.0,lossy,deadline_greedy,remote_accepted_per_frame,0.0,0.0,0.0,0.0,30
125.0,lossy,deadline_greedy,remote_rejected_deadline_rate,0.0,0.0,0.0,0.0,30
125.0,lossy,deadline_greedy,remote_failed_loss_rate,0.0,0.0,0.0,0.0,30
125.0,lossy,deadline_greedy,fallback_rate,0.0,0.0,0.0,0.0,30
125.0,lossy,deadline_greedy,reuse_rate,0.0,0.0,0.0,0.0,30
125.0,lossy,deadline_greedy,stale_acceptance_rate,0.0,0.0,0.0,0.0,30
125.0,lossy,deadline_greedy,mode_switches_per_1000,0.0,0.0,0.0,0.0,30
125.0,lossy,deadline_greedy,pct_local_fast,100.0,0.0,100.0,100.0,30
125.0,lossy,deadline_greedy,pct_edge_accurate,0.0,0.0,0.0,0.0,30
125.0,lossy,deadline_greedy,pct_hybrid,0.0,0.0,0.0,0.0,30
125.0,lossy,deadline_greedy,pct_degraded_safe,0.0,0.0,0.0,0.0,30
125.0,lossy,confidence_deadline,deadline_miss_rate,0.0,0.0,0.0,0.0,30
125.0,lossy,confidence_deadline,p95_latency_ms,34.012278154614826,0.12120943376607804,33.96820622195287,34.05448763655662,30
125.0,lossy,confidence_deadline,p99_latency_ms,34.80546807570768,0.06143547890706443,34.78316485257998,34.826772350222946,30
125.0,lossy,confidence_deadline,mean_latency_ms,25.003209635014095,0.15974262798343122,24.94828249795479,25.06142062043607,30
125.0,lossy,confidence_deadline,usable_confidence_proxy,0.7247968267120143,0.001322250002252836,0.724324432482122,0.7252569980501671,30
125.0,lossy,confidence_deadline,mean_output_confidence,0.7247968267120143,0.001322250002252836,0.724324432482122,0.7252569980501671,30
125.0,lossy,confidence_deadline,bandwidth_per_1000_frames_kb,0.0,0.0,0.0,0.0,30
125.0,lossy,confidence_deadline,remote_attempt_rate,0.0,0.0,0.0,0.0,30
125.0,lossy,confidence_deadline,remote_accept_rate,0.0,0.0,0.0,0.0,30
125.0,lossy,confidence_deadline,remote_accepted_per_frame,0.0,0.0,0.0,0.0,30
125.0,lossy,confidence_deadline,remote_rejected_deadline_rate,0.0,0.0,0.0,0.0,30
125.0,lossy,confidence_deadline,remote_failed_loss_rate,0.0,0.0,0.0,0.0,30
125.0,lossy,confidence_deadline,fallback_rate,0.0,0.0,0.0,0.0,30
125.0,lossy,confidence_deadline,reuse_rate,0.0,0.0,0.0,0.0,30
125.0,lossy,confidence_deadline,stale_acceptance_rate,0.0,0.0,0.0,0.0,30
125.0,lossy,confidence_deadline,mode_switches_per_1000,0.0,0.0,0.0,0.0,30
125.0,lossy,confidence_deadline,pct_local_fast,100.0,0.0,100.0,100.0,30
125.0,lossy,confidence_deadline,pct_edge_accurate,0.0,0.0,0.0,0.0,30
125.0,lossy,confidence_deadline,pct_hybrid,0.0,0.0,0.0,0.0,30
125.0,lossy,confidence_deadline,pct_degraded_safe,0.0,0.0,0.0,0.0,30
125.0,lossy,rtt_threshold,deadline_miss_rate,0.0,0.0,0.0,0.0,30
125.0,lossy,rtt_threshold,p95_latency_ms,34.012278154614826,0.12120943376607804,33.96820622195287,34.05448763655662,30
125.0,lossy,rtt_threshold,p99_latency_ms,34.80546807570768,0.06143547890706443,34.78316485257998,34.826772350222946,30
125.0,lossy,rtt_threshold,mean_latency_ms,25.003209635014095,0.15974262798343122,24.94828249795479,25.06142062043607,30
125.0,lossy,rtt_threshold,usable_confidence_proxy,0.7247968267120143,0.001322250002252836,0.724324432482122,0.7252569980501671,30
125.0,lossy,rtt_threshold,mean_output_confidence,0.7247968267120143,0.001322250002252836,0.724324432482122,0.7252569980501671,30
125.0,lossy,rtt_threshold,bandwidth_per_1000_frames_kb,0.0,0.0,0.0,0.0,30
125.0,lossy,rtt_threshold,remote_attempt_rate,0.0,0.0,0.0,0.0,30
125.0,lossy,rtt_threshold,remote_accept_rate,0.0,0.0,0.0,0.0,30
125.0,lossy,rtt_threshold,remote_accepted_per_frame,0.0,0.0,0.0,0.0,30
125.0,lossy,rtt_threshold,remote_rejected_deadline_rate,0.0,0.0,0.0,0.0,30
125.0,lossy,rtt_threshold,remote_failed_loss_rate,0.0,0.0,0.0,0.0,30
125.0,lossy,rtt_threshold,fallback_rate,0.0,0.0,0.0,0.0,30
125.0,lossy,rtt_threshold,reuse_rate,0.0,0.0,0.0,0.0,30
125.0,lossy,rtt_threshold,stale_acceptance_rate,0.0,0.0,0.0,0.0,30
125.0,lossy,rtt_threshold,mode_switches_per_1000,0.0,0.0,0.0,0.0,30
125.0,lossy,rtt_threshold,pct_local_fast,100.0,0.0,100.0,100.0,30
125.0,lossy,rtt_threshold,pct_edge_accurate,0.0,0.0,0.0,0.0,30
125.0,lossy,rtt_threshold,pct_hybrid,0.0,0.0,0.0,0.0,30
125.0,lossy,rtt_threshold,pct_degraded_safe,0.0,0.0,0.0,0.0,30
125.0,lossy,oracle_feasible,deadline_miss_rate,0.3854333333333333,0.015014207830638598,0.38010000000000016,0.3906675,30
125.0,lossy,oracle_feasible,p95_latency_ms,157.37914884086783,0.3527202543669338,157.25419806331567,157.5030568780989,30
125.0,lossy,oracle_feasible,p99_latency_ms,159.45171060373235,0.15278694627551273,159.397949116871,159.50605993743784,30
125.0,lossy,oracle_feasible,mean_latency_ms,81.8878092947556,1.7115586157680391,81.2870462477477,82.49443582143837,30
125.0,lossy,oracle_feasible,usable_confidence_proxy,0.4640423641628929,0.01210787969413861,0.45978951460158307,0.46826642744450936,30
125.0,lossy,oracle_feasible,mean_output_confidence,0.7434737048265869,0.0024259067554197747,0.74263216066205,0.7443649231807572,30
125.0,lossy,oracle_feasible,bandwidth_per_1000_frames_kb,12759.166666666666,376.60480368805645,12625.833333333334,12897.520833333334,30
125.0,lossy,oracle_feasible,remote_attempt_rate,0.5103666666666666,0.015064192147522271,0.5050333333333332,0.5159008333333334,30
125.0,lossy,oracle_feasible,remote_accept_rate,0.24471514769585972,0.022270369376525948,0.2367584400267618,0.25243839432987714,30
125.0,lossy,oracle_feasible,remote_accepted_per_frame,0.12493333333333334,0.01250085054577552,0.12056666666666667,0.12946666666666667,30
125.0,lossy,oracle_feasible,remote_rejected_deadline_rate,0.0,0.0,0.0,0.0,30
125.0,lossy,oracle_feasible,remote_failed_loss_rate,0.0,0.0,0.0,0.0,30
125.0,lossy,oracle_feasible,fallback_rate,0.3854333333333333,0.015014207830638598,0.38010000000000016,0.3906675,30
125.0,lossy,oracle_feasible,reuse_rate,0.0,0.0,0.0,0.0,30
125.0,lossy,oracle_feasible,stale_acceptance_rate,0.0,0.0,0.0,0.0,30
125.0,lossy,oracle_feasible,mode_switches_per_1000,495.43333333333334,19.31889076085594,488.73333333333335,502.4,30
125.0,lossy,oracle_feasible,pct_local_fast,48.96333333333334,1.506419214752226,48.40991666666665,49.49666666666666,30
125.0,lossy,oracle_feasible,pct_edge_accurate,51.03666666666666,1.506419214752227,50.50333333333334,51.59008333333334,30
125.0,lossy,oracle_feasible,pct_hybrid,0.0,0.0,0.0,0.0,30
125.0,lossy,oracle_feasible,pct_degraded_safe,0.0,0.0,0.0,0.0,30
125.0,variable,local_only,deadline_miss_rate,0.0,0.0,0.0,0.0,30
125.0,variable,local_only,p95_latency_ms,33.968149024906744,0.1405586387811733,33.91643690824179,34.01692474906916,30
125.0,variable,local_only,p99_latency_ms,34.76851135047007,0.06136746205108886,34.74544472215542,34.78830822433854,30
125.0,variable,local_only,mean_latency_ms,24.954267881168015,0.19098209259437163,24.888226088629484,25.022143227100855,30
125.0,variable,local_only,usable_confidence_proxy,0.7253139635038416,0.0015586878317280677,0.7247747251435688,0.725862167316182,30
125.0,variable,local_only,mean_output_confidence,0.7253139635038416,0.0015586878317280677,0.7247747251435688,0.725862167316182,30
125.0,variable,local_only,bandwidth_per_1000_frames_kb,0.0,0.0,0.0,0.0,30
125.0,variable,local_only,remote_attempt_rate,0.0,0.0,0.0,0.0,30
125.0,variable,local_only,remote_accept_rate,0.0,0.0,0.0,0.0,30
125.0,variable,local_only,remote_accepted_per_frame,0.0,0.0,0.0,0.0,30
125.0,variable,local_only,remote_rejected_deadline_rate,0.0,0.0,0.0,0.0,30
125.0,variable,local_only,remote_failed_loss_rate,0.0,0.0,0.0,0.0,30
125.0,variable,local_only,fallback_rate,0.0,0.0,0.0,0.0,30
125.0,variable,local_only,reuse_rate,0.0,0.0,0.0,0.0,30
125.0,variable,local_only,stale_acceptance_rate,0.0,0.0,0.0,0.0,30
125.0,variable,local_only,mode_switches_per_1000,0.0,0.0,0.0,0.0,30
125.0,variable,local_only,pct_local_fast,100.0,0.0,100.0,100.0,30
125.0,variable,local_only,pct_edge_accurate,0.0,0.0,0.0,0.0,30
125.0,variable,local_only,pct_hybrid,0.0,0.0,0.0,0.0,30
125.0,variable,local_only,pct_degraded_safe,0.0,0.0,0.0,0.0,30
125.0,variable,edge_only,deadline_miss_rate,0.74,0.03948635731228071,0.7263333333333333,0.7540333333333333,30
125.0,variable,edge_only,p95_latency_ms,158.55987089393486,0.26802781269459086,158.46629584720506,158.65218985601092,30
125.0,variable,edge_only,p99_latency_ms,159.6851547461269,0.10385944770437883,159.64664415559184,159.7195475638444,30
125.0,variable,edge_only,mean_latency_ms,120.24643381664949,4.910224157351546,118.52225271946821,121.97849811176636,30
125.0,variable,edge_only,usable_confidence_proxy,0.19480040838968993,0.028705117228652297,0.1845392955514313,0.2047560798984333,30
125.0,variable,edge_only,mean_output_confidence,0.7316820879972125,0.0021661360124628016,0.7308923541219083,0.7324372968342028,30
125.0,variable,edge_only,bandwidth_per_1000_frames_kb,19550.0,1002.346385169353,19192.479166666668,19895.020833333332,30
125.0,variable,edge_only,remote_attempt_rate,0.7819999999999999,0.04009385540677411,0.7676991666666665,0.7958008333333334,30
125.0,variable,edge_only,remote_accept_rate,0.053694758605144007,0.010525070289835119,0.05012033227121713,0.05742498264975691,30
125.0,variable,edge_only,remote_accepted_per_frame,0.04196666666666666,0.008479115655470833,0.03906583333333333,0.04503333333333333,30
125.0,variable,edge_only,remote_rejected_deadline_rate,0.6089183627207951,0.023990426452721998,0.6008913428983361,0.6173529084278195,30
125.0,variable,edge_only,remote_failed_loss_rate,0.06997031301495303,0.010165868779043342,0.06632832603520199,0.07338833491631039,30
125.0,variable,edge_only,fallback_rate,0.9580333333333332,0.00847911565547083,0.9549666666666667,0.9609341666666668,30
125.0,variable,edge_only,reuse_rate,0.0,0.0,0.0,0.0,30
125.0,variable,edge_only,stale_acceptance_rate,0.0,0.0,0.0,0.0,30
125.0,variable,edge_only,mode_switches_per_1000,0.0,0.0,0.0,0.0,30
125.0,variable,edge_only,pct_local_fast,0.0,0.0,0.0,0.0,30
125.0,variable,edge_only,pct_edge_accurate,100.0,0.0,100.0,100.0,30
125.0,variable,edge_only,pct_hybrid,0.0,0.0,0.0,0.0,30
125.0,variable,edge_only,pct_degraded_safe,0.0,0.0,0.0,0.0,30
125.0,variable,cloud_only,deadline_miss_rate,0.7819999999999999,0.04009385540677411,0.7676991666666665,0.7958008333333334,30
125.0,variable,cloud_only,p95_latency_ms,158.6663704718774,0.23034745460516473,158.5857721747686,158.7463579406413,30
125.0,variable,cloud_only,p99_latency_ms,159.71162317962177,0.08756262698262257,159.67894521122977,159.73983835733034,30
125.0,variable,cloud_only,mean_latency_ms,122.70426788116802,4.98068406371607,120.94033468336517,124.4302200964413,30
125.0,variable,cloud_only,usable_confidence_proxy,0.1580399411309307,0.029087738068927515,0.1479729652944653,0.16840410707253156,30
125.0,variable,cloud_only,mean_output_confidence,0.7253139635038416,0.0015586878317280677,0.7247747251435688,0.725862167316182,30
125.0,variable,cloud_only,bandwidth_per_1000_frames_kb,27370.0,1403.2849392370942,26869.470833333333,27853.029166666667,30
125.0,variable,cloud_only,remote_attempt_rate,0.7819999999999999,0.04009385540677411,0.7676991666666665,0.7958008333333334,30
125.0,variable,cloud_only,remote_accept_rate,0.0,0.0,0.0,0.0,30
125.0,variable,cloud_only,remote_accepted_per_frame,0.0,0.0,0.0,0.0,30
125.0,variable,cloud_only,remote_rejected_deadline_rate,0.9282382668900749,0.011708123029951226,0.9240471924385651,0.9323063818590034,30
125.0,variable,cloud_only,remote_failed_loss_rate,0.07176173310992494,0.011708123029951225,0.0676936181409964,0.07595280756143473,30
125.0,variable,cloud_only,fallback_rate,1.0,0.0,1.0,1.0,30
125.0,variable,cloud_only,reuse_rate,0.0,0.0,0.0,0.0,30
125.0,variable,cloud_only,stale_acceptance_rate,0.0,0.0,0.0,0.0,30
125.0,variable,cloud_only,mode_switches_per_1000,0.0,0.0,0.0,0.0,30
125.0,variable,cloud_only,pct_local_fast,0.0,0.0,0.0,0.0,30
125.0,variable,cloud_only,pct_edge_accurate,100.0,0.0,100.0,100.0,30
125.0,variable,cloud_only,pct_hybrid,0.0,0.0,0.0,0.0,30
125.0,variable,cloud_only,pct_degraded_safe,0.0,0.0,0.0,0.0,30
125.0,variable,dapper,deadline_miss_rate,0.0029333333333333342,0.0022117762144910832,0.002233333333333334,0.0037666666666666673,30
125.0,variable,dapper,p95_latency_ms,33.91428774023019,0.19616601069402342,33.842999920767,33.98090508727986,30
125.0,variable,dapper,p99_latency_ms,44.17445650743834,21.436508612735825,37.47159192953472,52.564898328786605,30
125.0,variable,dapper,mean_latency_ms,21.49522313815418,0.8433537690970343,21.207567889079836,21.789777864478417,30
125.0,variable,dapper,usable_confidence_proxy,0.7294429205698274,0.003190731671765214,0.7282783593107051,0.7304960066038988,30
125.0,variable,dapper,mean_output_confidence,0.7261891555694064,0.0020254550148487167,0.7254798670417402,0.7268956376722745,30
125.0,variable,dapper,bandwidth_per_1000_frames_kb,5777.5,618.9308774285564,5560.791666666666,5989.229166666666,30
125.0,variable,dapper,remote_attempt_rate,0.2311,0.02475723509714226,0.22243166666666667,0.23956916666666667,30
125.0,variable,dapper,remote_accept_rate,0.1593225904647559,0.030227815733317422,0.14854986769116424,0.16977120142322374,30
125.0,variable,dapper,remote_accepted_per_frame,0.03679999999999999,0.008243701880202556,0.03400000000000001,0.03976666666666666,30
125.0,variable,dapper,remote_rejected_deadline_rate,0.3592894417961876,0.03467956063298278,0.34699609102253987,0.370821524882642,30
125.0,variable,dapper,remote_failed_loss_rate,0.07193615784084549,0.016135950496985536,0.06638961513178773,0.07778178250251701,30
125.0,variable,dapper,fallback_rate,0.22096666666666664,0.039638437748307345,0.20729916666666667,0.23503416666666668,30
125.0,variable,dapper,reuse_rate,0.16690000000000002,0.030447637358088316,0.15636666666666668,0.17773416666666667,30
125.0,variable,dapper,stale_acceptance_rate,0.0,0.0,0.0,0.0,30
125.0,variable,dapper,mode_switches_per_1000,321.0,18.309598010615765,314.43333333333334,327.5,30
125.0,variable,dapper,pct_local_fast,60.199999999999996,2.9790070088236944,59.13666666666667,61.24341666666667,30
125.0,variable,dapper,pct_edge_accurate,0.6566666666666666,0.323433448181073,0.5466666666666666,0.7733333333333333,30
125.0,variable,dapper,pct_hybrid,22.453333333333333,2.3957913289671167,21.610000000000003,23.270083333333332,30
125.0,variable,dapper,pct_degraded_safe,16.689999999999998,3.0447637358088313,15.636666666666665,17.773416666666666,30
125.0,variable,deadline_greedy,deadline_miss_rate,0.0,0.0,0.0,0.0,30
125.0,variable,deadline_greedy,p95_latency_ms,33.968149024906744,0.1405586387811733,33.91643690824179,34.01692474906916,30
125.0,variable,deadline_greedy,p99_latency_ms,34.76851135047007,0.06136746205108886,34.74544472215542,34.78830822433854,30
125.0,variable,deadline_greedy,mean_latency_ms,24.954267881168015,0.19098209259437163,24.888226088629484,25.022143227100855,30
125.0,variable,deadline_greedy,usable_confidence_proxy,0.7253139635038416,0.0015586878317280677,0.7247747251435688,0.725862167316182,30
125.0,variable,deadline_greedy,mean_output_confidence,0.7253139635038416,0.0015586878317280677,0.7247747251435688,0.725862167316182,30
125.0,variable,deadline_greedy,bandwidth_per_1000_frames_kb,0.0,0.0,0.0,0.0,30
125.0,variable,deadline_greedy,remote_attempt_rate,0.0,0.0,0.0,0.0,30
125.0,variable,deadline_greedy,remote_accept_rate,0.0,0.0,0.0,0.0,30
125.0,variable,deadline_greedy,remote_accepted_per_frame,0.0,0.0,0.0,0.0,30
125.0,variable,deadline_greedy,remote_rejected_deadline_rate,0.0,0.0,0.0,0.0,30
125.0,variable,deadline_greedy,remote_failed_loss_rate,0.0,0.0,0.0,0.0,30
125.0,variable,deadline_greedy,fallback_rate,0.0,0.0,0.0,0.0,30
125.0,variable,deadline_greedy,reuse_rate,0.0,0.0,0.0,0.0,30
125.0,variable,deadline_greedy,stale_acceptance_rate,0.0,0.0,0.0,0.0,30
125.0,variable,deadline_greedy,mode_switches_per_1000,0.0,0.0,0.0,0.0,30
125.0,variable,deadline_greedy,pct_local_fast,100.0,0.0,100.0,100.0,30
125.0,variable,deadline_greedy,pct_edge_accurate,0.0,0.0,0.0,0.0,30
125.0,variable,deadline_greedy,pct_hybrid,0.0,0.0,0.0,0.0,30
125.0,variable,deadline_greedy,pct_degraded_safe,0.0,0.0,0.0,0.0,30
125.0,variable,confidence_deadline,deadline_miss_rate,0.0,0.0,0.0,0.0,30
125.0,variable,confidence_deadline,p95_latency_ms,33.968149024906744,0.1405586387811733,33.91643690824179,34.01692474906916,30
125.0,variable,confidence_deadline,p99_latency_ms,34.76851135047007,0.06136746205108886,34.74544472215542,34.78830822433854,30
125.0,variable,confidence_deadline,mean_latency_ms,24.954267881168015,0.19098209259437163,24.888226088629484,25.022143227100855,30
125.0,variable,confidence_deadline,usable_confidence_proxy,0.7253139635038416,0.0015586878317280677,0.7247747251435688,0.725862167316182,30
125.0,variable,confidence_deadline,mean_output_confidence,0.7253139635038416,0.0015586878317280677,0.7247747251435688,0.725862167316182,30
125.0,variable,confidence_deadline,bandwidth_per_1000_frames_kb,0.0,0.0,0.0,0.0,30
125.0,variable,confidence_deadline,remote_attempt_rate,0.0,0.0,0.0,0.0,30
125.0,variable,confidence_deadline,remote_accept_rate,0.0,0.0,0.0,0.0,30
125.0,variable,confidence_deadline,remote_accepted_per_frame,0.0,0.0,0.0,0.0,30
125.0,variable,confidence_deadline,remote_rejected_deadline_rate,0.0,0.0,0.0,0.0,30
125.0,variable,confidence_deadline,remote_failed_loss_rate,0.0,0.0,0.0,0.0,30
125.0,variable,confidence_deadline,fallback_rate,0.0,0.0,0.0,0.0,30
125.0,variable,confidence_deadline,reuse_rate,0.0,0.0,0.0,0.0,30
125.0,variable,confidence_deadline,stale_acceptance_rate,0.0,0.0,0.0,0.0,30
125.0,variable,confidence_deadline,mode_switches_per_1000,0.0,0.0,0.0,0.0,30
125.0,variable,confidence_deadline,pct_local_fast,100.0,0.0,100.0,100.0,30
125.0,variable,confidence_deadline,pct_edge_accurate,0.0,0.0,0.0,0.0,30
125.0,variable,confidence_deadline,pct_hybrid,0.0,0.0,0.0,0.0,30
125.0,variable,confidence_deadline,pct_degraded_safe,0.0,0.0,0.0,0.0,30
125.0,variable,rtt_threshold,deadline_miss_rate,0.0002,0.0004842341981115022,6.666666666666667e-05,0.0004,30
125.0,variable,rtt_threshold,p95_latency_ms,33.986695938437485,0.1373435794736967,33.93640071825767,34.03465311828479,30
125.0,variable,rtt_threshold,p99_latency_ms,34.78130098298774,0.06030290078866963,34.75768079084346,34.80021007461255,30
125.0,variable,rtt_threshold,mean_latency_ms,25.006386001287627,0.19269180399914132,24.939954034342907,25.07527110494459,30
125.0,variable,rtt_threshold,usable_confidence_proxy,0.7252632130036937,0.001671097295451453,0.7246694943906432,0.725840489507912,30
125.0,variable,rtt_threshold,mean_output_confidence,0.7254046937630475,0.001612361510553975,0.7248448879040539,0.7259647125728497,30
125.0,variable,rtt_threshold,bandwidth_per_1000_frames_kb,18.333333333333332,22.679678482993406,10.833333333333334,26.666666666666668,30
125.0,variable,rtt_threshold,remote_attempt_rate,0.0007333333333333333,0.0009071871393197364,0.00043333333333333337,0.001066666666666667,30
125.0,variable,rtt_threshold,remote_accept_rate,0.3222222222222222,0.44835444836260846,0.16666666666666666,0.48333333333333334,30
125.0,variable,rtt_threshold,remote_accepted_per_frame,0.0005,0.0007310832774866962,0.0002666666666666667,0.0007666666666666669,30
125.0,variable,rtt_threshold,remote_rejected_deadline_rate,0.05,0.20128894996822436,0.0,0.13333333333333333,30
125.0,variable,rtt_threshold,remote_failed_loss_rate,0.016666666666666666,0.09128709291752767,0.0,0.05,30
125.0,variable,rtt_threshold,fallback_rate,0.00023333333333333333,0.000504006932993731,6.666666666666667e-05,0.00043333333333333337,30
125.0,variable,rtt_threshold,reuse_rate,0.0,0.0,0.0,0.0,30
125.0,variable,rtt_threshold,stale_acceptance_rate,0.0,0.0,0.0,0.0,30
125.0,variable,rtt_threshold,mode_switches_per_1000,1.1333333333333333,1.3578211078487255,0.6666666666666666,1.6,30
125.0,variable,rtt_threshold,pct_local_fast,99.92666666666668,0.0907187139319738,99.89333333333335,99.95666666666668,30
125.0,variable,rtt_threshold,pct_edge_accurate,0.07333333333333333,0.09071871393197363,0.043333333333333335,0.1066666666666667,30
125.0,variable,rtt_threshold,pct_hybrid,0.0,0.0,0.0,0.0,30
125.0,variable,rtt_threshold,pct_degraded_safe,0.0,0.0,0.0,0.0,30
125.0,variable,oracle_feasible,deadline_miss_rate,0.20909999999999998,0.019776945826059607,0.20219916666666662,0.216,30
125.0,variable,oracle_feasible,p95_latency_ms,155.0378197643045,0.835246662478864,154.7220932479407,155.318549190558,30
125.0,variable,oracle_feasible,p99_latency_ms,158.92689550997758,0.3430125053431377,158.80110151071665,159.04287367461055,30
125.0,variable,oracle_feasible,mean_latency_ms,53.90256021930955,2.5101254580336136,53.00625217081167,54.74876268226511,30
125.0,variable,oracle_feasible,usable_confidence_proxy,0.5801327628288936,0.014571051798810955,0.574961679263125,0.5851106511952143,30
125.0,variable,oracle_feasible,mean_output_confidence,0.7316820879972125,0.0021661360124628016,0.7308923541219083,0.7324372968342028,30
125.0,variable,oracle_feasible,bandwidth_per_1000_frames_kb,6277.5,523.637394281248,6090.0,6452.5,30
125.0,variable,oracle_feasible,remote_attempt_rate,0.2511,0.02094549577124992,0.24359999999999998,0.2581,30
125.0,variable,oracle_feasible,remote_accept_rate,0.16733396589279526,0.030609099675982996,0.1564681666402734,0.17807543220759706,30
125.0,variable,oracle_feasible,remote_accepted_per_frame,0.04196666666666666,0.008479115655470833,0.03906583333333333,0.04503333333333333,30
125.0,variable,oracle_feasible,remote_rejected_deadline_rate,0.0,0.0,0.0,0.0,30
125.0,variable,oracle_feasible,remote_failed_loss_rate,0.0,0.0,0.0,0.0,30
125.0,variable,oracle_feasible,fallback_rate,0.2091333333333333,0.0197566808138819,0.20223249999999998,0.21606666666666668,30
125.0,variable,oracle_feasible,reuse_rate,0.0,0.0,0.0,0.0,30
125.0,variable,oracle_feasible,stale_acceptance_rate,0.0,0.0,0.0,0.0,30
125.0,variable,oracle_feasible,mode_switches_per_1000,291.9,21.20076446246935,284.53333333333336,299.3333333333333,30
125.0,variable,oracle_feasible,pct_local_fast,74.89000000000001,2.094549577124993,74.19000000000001,75.64000000000001,30
125.0,variable,oracle_feasible,pct_edge_accurate,25.110000000000003,2.094549577124992,24.36,25.81,30
125.0,variable,oracle_feasible,pct_hybrid,0.0,0.0,0.0,0.0,30
125.0,variable,oracle_feasible,pct_degraded_safe,0.0,0.0,0.0,0.0,30
125.0,outage,local_only,deadline_miss_rate,0.0,0.0,0.0,0.0,30
125.0,outage,local_only,p95_latency_ms,34.0121154317442,0.15795577821290474,33.95559240397263,34.06678081351494,30
125.0,outage,local_only,p99_latency_ms,34.777699557235714,0.07705312091530245,34.749491147370385,34.80488086421645,30
125.0,outage,local_only,mean_latency_ms,25.010062503109022,0.1685788631806354,24.95087977218813,25.069247105913615,30
125.0,outage,local_only,usable_confidence_proxy,0.7249467226228217,0.0013696023696029161,0.7244430956540359,0.7254187925547377,30
125.0,outage,local_only,mean_output_confidence,0.7249467226228217,0.0013696023696029161,0.7244430956540359,0.7254187925547377,30
125.0,outage,local_only,bandwidth_per_1000_frames_kb,0.0,0.0,0.0,0.0,30
125.0,outage,local_only,remote_attempt_rate,0.0,0.0,0.0,0.0,30
125.0,outage,local_only,remote_accept_rate,0.0,0.0,0.0,0.0,30
125.0,outage,local_only,remote_accepted_per_frame,0.0,0.0,0.0,0.0,30
125.0,outage,local_only,remote_rejected_deadline_rate,0.0,0.0,0.0,0.0,30
125.0,outage,local_only,remote_failed_loss_rate,0.0,0.0,0.0,0.0,30
125.0,outage,local_only,fallback_rate,0.0,0.0,0.0,0.0,30
125.0,outage,local_only,reuse_rate,0.0,0.0,0.0,0.0,30
125.0,outage,local_only,stale_acceptance_rate,0.0,0.0,0.0,0.0,30
125.0,outage,local_only,mode_switches_per_1000,0.0,0.0,0.0,0.0,30
125.0,outage,local_only,pct_local_fast,100.0,0.0,100.0,100.0,30
125.0,outage,local_only,pct_edge_accurate,0.0,0.0,0.0,0.0,30
125.0,outage,local_only,pct_hybrid,0.0,0.0,0.0,0.0,30
125.0,outage,local_only,pct_degraded_safe,0.0,0.0,0.0,0.0,30
125.0,outage,edge_only,deadline_miss_rate,0.1468,0.017916280402144744,0.14046666666666668,0.15319999999999998,30
125.0,outage,edge_only,p95_latency_ms,153.07706649270386,1.0513613154172003,152.6965339721177,153.4416182981496,30
125.0,outage,edge_only,p99_latency_ms,158.55336169996858,0.4945316161528973,158.3759823128406,158.72639105592836,30
125.0,outage,edge_only,mean_latency_ms,43.36006250310903,2.240012410800072,42.56156167251753,44.15177436730994,30
125.0,outage,edge_only,usable_confidence_proxy,0.6187231720593105,0.013185832525004102,0.6140224486563564,0.6233365380563796,30
125.0,outage,edge_only,mean_output_confidence,0.7249467226228217,0.0013696023696029161,0.7244430956540359,0.7254187925547377,30
125.0,outage,edge_only,bandwidth_per_1000_frames_kb,3670.0,447.9070100536186,3511.6666666666665,3830.0,30
125.0,outage,edge_only,remote_attempt_rate,0.1468,0.017916280402144744,0.14046666666666668,0.15319999999999998,30
125.0,outage,edge_only,remote_accept_rate,0.0,0.0,0.0,0.0,30
125.0,outage,edge_only,remote_accepted_per_frame,0.0,0.0,0.0,0.0,30
125.0,outage,edge_only,remote_rejected_deadline_rate,0.6478458263339892,0.030744298729784847,0.6370254896761771,0.6587201011002732,30
125.0,outage,edge_only,remote_failed_loss_rate,0.3521541736660107,0.030744298729784847,0.3412798988997264,0.36297451032382305,30
125.0,outage,edge_only,fallback_rate,1.0,0.0,1.0,1.0,30
125.0,outage,edge_only,reuse_rate,0.0,0.0,0.0,0.0,30
125.0,outage,edge_only,stale_acceptance_rate,0.0,0.0,0.0,0.0,30
125.0,outage,edge_only,mode_switches_per_1000,0.0,0.0,0.0,0.0,30
125.0,outage,edge_only,pct_local_fast,0.0,0.0,0.0,0.0,30
125.0,outage,edge_only,pct_edge_accurate,100.0,0.0,100.0,100.0,30
125.0,outage,edge_only,pct_hybrid,0.0,0.0,0.0,0.0,30
125.0,outage,edge_only,pct_degraded_safe,0.0,0.0,0.0,0.0,30
125.0,outage,cloud_only,deadline_miss_rate,0.1468,0.017916280402144744,0.14046666666666668,0.15319999999999998,30
125.0,outage,cloud_only,p95_latency_ms,153.07706649270386,1.0513613154172003,152.6965339721177,153.4416182981496,30
125.0,outage,cloud_only,p99_latency_ms,158.55336169996858,0.4945316161528973,158.3759823128406,158.72639105592836,30
125.0,outage,cloud_only,mean_latency_ms,43.36006250310903,2.240012410800072,42.56156167251753,44.15177436730994,30
125.0,outage,cloud_only,usable_confidence_proxy,0.6187231720593105,0.013185832525004102,0.6140224486563564,0.6233365380563796,30
125.0,outage,cloud_only,mean_output_confidence,0.7249467226228217,0.0013696023696029161,0.7244430956540359,0.7254187925547377,30
125.0,outage,cloud_only,bandwidth_per_1000_frames_kb,5138.0,627.069814075066,4916.333333333333,5362.0,30
125.0,outage,cloud_only,remote_attempt_rate,0.1468,0.017916280402144744,0.14046666666666668,0.15319999999999998,30
125.0,outage,cloud_only,remote_accept_rate,0.0,0.0,0.0,0.0,30
125.0,outage,cloud_only,remote_accepted_per_frame,0.0,0.0,0.0,0.0,30
125.0,outage,cloud_only,remote_rejected_deadline_rate,0.6512698376729025,0.03850931772583731,0.6377876605443613,0.6650002425313353,30
125.0,outage,cloud_only,remote_failed_loss_rate,0.34873016232709736,0.03850931772583731,0.3349997574686648,0.36221233945563863,30
125.0,outage,cloud_only,fallback_rate,1.0,0.0,1.0,1.0,30
125.0,outage,cloud_only,reuse_rate,0.0,0.0,0.0,0.0,30
125.0,outage,cloud_only,stale_acceptance_rate,0.0,0.0,0.0,0.0,30
125.0,outage,cloud_only,mode_switches_per_1000,0.0,0.0,0.0,0.0,30
125.0,outage,cloud_only,pct_local_fast,0.0,0.0,0.0,0.0,30
125.0,outage,cloud_only,pct_edge_accurate,100.0,0.0,100.0,100.0,30
125.0,outage,cloud_only,pct_hybrid,0.0,0.0,0.0,0.0,30
125.0,outage,cloud_only,pct_degraded_safe,0.0,0.0,0.0,0.0,30
125.0,outage,dapper,deadline_miss_rate,0.0,0.0,0.0,0.0,30
125.0,outage,dapper,p95_latency_ms,31.18838425196936,0.5009047087578914,31.014573146138307,31.359947063348404,30
125.0,outage,dapper,p99_latency_ms,34.18711647171901,0.2345203938192105,34.10222418561493,34.27049382149214,30
125.0,outage,dapper,mean_latency_ms,7.381609814192322,0.14348774576691167,7.331697649688182,7.433717812533078,30
125.0,outage,dapper,usable_confidence_proxy,0.7255264574970844,0.00273138929991575,0.7245230285258677,0.7264802357218441,30
125.0,outage,dapper,mean_output_confidence,0.7255264574970844,0.00273138929991575,0.7245230285258677,0.7264802357218441,30
125.0,outage,dapper,bandwidth_per_1000_frames_kb,0.0,0.0,0.0,0.0,30
125.0,outage,dapper,remote_attempt_rate,0.0,0.0,0.0,0.0,30
125.0,outage,dapper,remote_accept_rate,0.0,0.0,0.0,0.0,30
125.0,outage,dapper,remote_accepted_per_frame,0.0,0.0,0.0,0.0,30
125.0,outage,dapper,remote_rejected_deadline_rate,0.0,0.0,0.0,0.0,30
125.0,outage,dapper,remote_failed_loss_rate,0.0,0.0,0.0,0.0,30
125.0,outage,dapper,fallback_rate,1.0,0.0,1.0,1.0,30
125.0,outage,dapper,reuse_rate,0.7340333333333333,0.0029300268721061903,0.7329666666666668,0.7350333333333333,30
125.0,outage,dapper,stale_acceptance_rate,0.0,0.0,0.0,0.0,30
125.0,outage,dapper,mode_switches_per_1000,418.43333333333334,10.48375864860971,414.6666666666667,422.1333333333333,30
125.0,outage,dapper,pct_local_fast,22.63,0.6012343624749752,22.419916666666666,22.84333333333333,30
125.0,outage,dapper,pct_edge_accurate,0.0,0.0,0.0,0.0,30
125.0,outage,dapper,pct_hybrid,0.0,0.0,0.0,0.0,30
125.0,outage,dapper,pct_degraded_safe,77.36999999999999,0.6012343624749765,77.15666666666668,77.58008333333335,30
125.0,outage,deadline_greedy,deadline_miss_rate,0.0,0.0,0.0,0.0,30
125.0,outage,deadline_greedy,p95_latency_ms,34.0121154317442,0.15795577821290474,33.95559240397263,34.06678081351494,30
125.0,outage,deadline_greedy,p99_latency_ms,34.777699557235714,0.07705312091530245,34.749491147370385,34.80488086421645,30
125.0,outage,deadline_greedy,mean_latency_ms,25.010062503109022,0.1685788631806354,24.95087977218813,25.069247105913615,30
125.0,outage,deadline_greedy,usable_confidence_proxy,0.7249467226228217,0.0013696023696029161,0.7244430956540359,0.7254187925547377,30
125.0,outage,deadline_greedy,mean_output_confidence,0.7249467226228217,0.0013696023696029161,0.7244430956540359,0.7254187925547377,30
125.0,outage,deadline_greedy,bandwidth_per_1000_frames_kb,0.0,0.0,0.0,0.0,30
125.0,outage,deadline_greedy,remote_attempt_rate,0.0,0.0,0.0,0.0,30
125.0,outage,deadline_greedy,remote_accept_rate,0.0,0.0,0.0,0.0,30
125.0,outage,deadline_greedy,remote_accepted_per_frame,0.0,0.0,0.0,0.0,30
125.0,outage,deadline_greedy,remote_rejected_deadline_rate,0.0,0.0,0.0,0.0,30
125.0,outage,deadline_greedy,remote_failed_loss_rate,0.0,0.0,0.0,0.0,30
125.0,outage,deadline_greedy,fallback_rate,0.0,0.0,0.0,0.0,30
125.0,outage,deadline_greedy,reuse_rate,0.0,0.0,0.0,0.0,30
125.0,outage,deadline_greedy,stale_acceptance_rate,0.0,0.0,0.0,0.0,30
125.0,outage,deadline_greedy,mode_switches_per_1000,0.0,0.0,0.0,0.0,30
125.0,outage,deadline_greedy,pct_local_fast,100.0,0.0,100.0,100.0,30
125.0,outage,deadline_greedy,pct_edge_accurate,0.0,0.0,0.0,0.0,30
125.0,outage,deadline_greedy,pct_hybrid,0.0,0.0,0.0,0.0,30
125.0,outage,deadline_greedy,pct_degraded_safe,0.0,0.0,0.0,0.0,30
125.0,outage,confidence_deadline,deadline_miss_rate,0.0,0.0,0.0,0.0,30
125.0,outage,confidence_deadline,p95_latency_ms,34.0121154317442,0.15795577821290474,33.95559240397263,34.06678081351494,30
125.0,outage,confidence_deadline,p99_latency_ms,34.777699557235714,0.07705312091530245,34.749491147370385,34.80488086421645,30
125.0,outage,confidence_deadline,mean_latency_ms,25.010062503109022,0.1685788631806354,24.95087977218813,25.069247105913615,30
125.0,outage,confidence_deadline,usable_confidence_proxy,0.7249467226228217,0.0013696023696029161,0.7244430956540359,0.7254187925547377,30
125.0,outage,confidence_deadline,mean_output_confidence,0.7249467226228217,0.0013696023696029161,0.7244430956540359,0.7254187925547377,30
125.0,outage,confidence_deadline,bandwidth_per_1000_frames_kb,0.0,0.0,0.0,0.0,30
125.0,outage,confidence_deadline,remote_attempt_rate,0.0,0.0,0.0,0.0,30
125.0,outage,confidence_deadline,remote_accept_rate,0.0,0.0,0.0,0.0,30
125.0,outage,confidence_deadline,remote_accepted_per_frame,0.0,0.0,0.0,0.0,30
125.0,outage,confidence_deadline,remote_rejected_deadline_rate,0.0,0.0,0.0,0.0,30
125.0,outage,confidence_deadline,remote_failed_loss_rate,0.0,0.0,0.0,0.0,30
125.0,outage,confidence_deadline,fallback_rate,0.0,0.0,0.0,0.0,30
125.0,outage,confidence_deadline,reuse_rate,0.0,0.0,0.0,0.0,30
125.0,outage,confidence_deadline,stale_acceptance_rate,0.0,0.0,0.0,0.0,30
125.0,outage,confidence_deadline,mode_switches_per_1000,0.0,0.0,0.0,0.0,30
125.0,outage,confidence_deadline,pct_local_fast,100.0,0.0,100.0,100.0,30
125.0,outage,confidence_deadline,pct_edge_accurate,0.0,0.0,0.0,0.0,30
125.0,outage,confidence_deadline,pct_hybrid,0.0,0.0,0.0,0.0,30
125.0,outage,confidence_deadline,pct_degraded_safe,0.0,0.0,0.0,0.0,30
125.0,outage,rtt_threshold,deadline_miss_rate,0.0,0.0,0.0,0.0,30
125.0,outage,rtt_threshold,p95_latency_ms,34.0121154317442,0.15795577821290474,33.95559240397263,34.06678081351494,30
125.0,outage,rtt_threshold,p99_latency_ms,34.777699557235714,0.07705312091530245,34.749491147370385,34.80488086421645,30
125.0,outage,rtt_threshold,mean_latency_ms,25.010062503109022,0.1685788631806354,24.95087977218813,25.069247105913615,30
125.0,outage,rtt_threshold,usable_confidence_proxy,0.7249467226228217,0.0013696023696029161,0.7244430956540359,0.7254187925547377,30
125.0,outage,rtt_threshold,mean_output_confidence,0.7249467226228217,0.0013696023696029161,0.7244430956540359,0.7254187925547377,30
125.0,outage,rtt_threshold,bandwidth_per_1000_frames_kb,0.0,0.0,0.0,0.0,30
125.0,outage,rtt_threshold,remote_attempt_rate,0.0,0.0,0.0,0.0,30
125.0,outage,rtt_threshold,remote_accept_rate,0.0,0.0,0.0,0.0,30
125.0,outage,rtt_threshold,remote_accepted_per_frame,0.0,0.0,0.0,0.0,30
125.0,outage,rtt_threshold,remote_rejected_deadline_rate,0.0,0.0,0.0,0.0,30
125.0,outage,rtt_threshold,remote_failed_loss_rate,0.0,0.0,0.0,0.0,30
125.0,outage,rtt_threshold,fallback_rate,0.0,0.0,0.0,0.0,30
125.0,outage,rtt_threshold,reuse_rate,0.0,0.0,0.0,0.0,30
125.0,outage,rtt_threshold,stale_acceptance_rate,0.0,0.0,0.0,0.0,30
125.0,outage,rtt_threshold,mode_switches_per_1000,0.0,0.0,0.0,0.0,30
125.0,outage,rtt_threshold,pct_local_fast,100.0,0.0,100.0,100.0,30
125.0,outage,rtt_threshold,pct_edge_accurate,0.0,0.0,0.0,0.0,30
125.0,outage,rtt_threshold,pct_hybrid,0.0,0.0,0.0,0.0,30
125.0,outage,rtt_threshold,pct_degraded_safe,0.0,0.0,0.0,0.0,30
125.0,outage,oracle_feasible,deadline_miss_rate,0.0,0.0,0.0,0.0,30
125.0,outage,oracle_feasible,p95_latency_ms,34.0121154317442,0.15795577821290474,33.95559240397263,34.06678081351494,30
125.0,outage,oracle_feasible,p99_latency_ms,34.777699557235714,0.07705312091530245,34.749491147370385,34.80488086421645,30
125.0,outage,oracle_feasible,mean_latency_ms,25.010062503109022,0.1685788631806354,24.95087977218813,25.069247105913615,30
125.0,outage,oracle_feasible,usable_confidence_proxy,0.7249467226228217,0.0013696023696029161,0.7244430956540359,0.7254187925547377,30
125.0,outage,oracle_feasible,mean_output_confidence,0.7249467226228217,0.0013696023696029161,0.7244430956540359,0.7254187925547377,30
125.0,outage,oracle_feasible,bandwidth_per_1000_frames_kb,0.0,0.0,0.0,0.0,30
125.0,outage,oracle_feasible,remote_attempt_rate,0.0,0.0,0.0,0.0,30
125.0,outage,oracle_feasible,remote_accept_rate,0.0,0.0,0.0,0.0,30
125.0,outage,oracle_feasible,remote_accepted_per_frame,0.0,0.0,0.0,0.0,30
125.0,outage,oracle_feasible,remote_rejected_deadline_rate,0.0,0.0,0.0,0.0,30
125.0,outage,oracle_feasible,remote_failed_loss_rate,0.0,0.0,0.0,0.0,30
125.0,outage,oracle_feasible,fallback_rate,0.0,0.0,0.0,0.0,30
125.0,outage,oracle_feasible,reuse_rate,0.0,0.0,0.0,0.0,30
125.0,outage,oracle_feasible,stale_acceptance_rate,0.0,0.0,0.0,0.0,30
125.0,outage,oracle_feasible,mode_switches_per_1000,0.0,0.0,0.0,0.0,30
125.0,outage,oracle_feasible,pct_local_fast,100.0,0.0,100.0,100.0,30
125.0,outage,oracle_feasible,pct_edge_accurate,0.0,0.0,0.0,0.0,30
125.0,outage,oracle_feasible,pct_hybrid,0.0,0.0,0.0,0.0,30
125.0,outage,oracle_feasible,pct_degraded_safe,0.0,0.0,0.0,0.0,30
150.0,stable,local_only,deadline_miss_rate,0.0,0.0,0.0,0.0,30
150.0,stable,local_only,p95_latency_ms,33.984265110354684,0.14612908292769589,33.9343159514038,34.036015368498674,30
150.0,stable,local_only,p99_latency_ms,34.78401367177919,0.06560311317343774,34.76065987728268,34.806824911760046,30
150.0,stable,local_only,mean_latency_ms,25.02027748999063,0.19474756789946776,24.952896569039584,25.094599531312916,30
150.0,stable,local_only,usable_confidence_proxy,0.7249667322554326,0.0015304909747104968,0.7244513387101592,0.7255071023390036,30
150.0,stable,local_only,mean_output_confidence,0.7249667322554326,0.0015304909747104968,0.7244513387101592,0.7255071023390036,30
150.0,stable,local_only,bandwidth_per_1000_frames_kb,0.0,0.0,0.0,0.0,30
150.0,stable,local_only,remote_attempt_rate,0.0,0.0,0.0,0.0,30
150.0,stable,local_only,remote_accept_rate,0.0,0.0,0.0,0.0,30
150.0,stable,local_only,remote_accepted_per_frame,0.0,0.0,0.0,0.0,30
150.0,stable,local_only,remote_rejected_deadline_rate,0.0,0.0,0.0,0.0,30
150.0,stable,local_only,remote_failed_loss_rate,0.0,0.0,0.0,0.0,30
150.0,stable,local_only,fallback_rate,0.0,0.0,0.0,0.0,30
150.0,stable,local_only,reuse_rate,0.0,0.0,0.0,0.0,30
150.0,stable,local_only,stale_acceptance_rate,0.0,0.0,0.0,0.0,30
150.0,stable,local_only,mode_switches_per_1000,0.0,0.0,0.0,0.0,30
150.0,stable,local_only,pct_local_fast,100.0,0.0,100.0,100.0,30
150.0,stable,local_only,pct_edge_accurate,0.0,0.0,0.0,0.0,30
150.0,stable,local_only,pct_hybrid,0.0,0.0,0.0,0.0,30
150.0,stable,local_only,pct_degraded_safe,0.0,0.0,0.0,0.0,30
150.0,stable,edge_only,deadline_miss_rate,0.1061,0.011008930544069116,0.10220000000000001,0.11000000000000003,30
150.0,stable,edge_only,p95_latency_ms,152.52768017496658,0.34100345400097426,152.40566292884466,152.64597997557178,30
150.0,stable,edge_only,p99_latency_ms,155.48528101316464,0.4985131228177649,155.3068695505588,155.66130250081798,30
150.0,stable,edge_only,mean_latency_ms,115.05752379524384,1.0251425834892363,114.71155545565776,115.42069999420458,30
150.0,stable,edge_only,usable_confidence_proxy,0.7249781778772593,0.009820429387989929,0.7214470570192905,0.7284418993516975,30
150.0,stable,edge_only,mean_output_confidence,0.8018397604921572,0.003217967031190964,0.8007202870741114,0.8029298858199907,30
150.0,stable,edge_only,bandwidth_per_1000_frames_kb,25000.0,0.0,25000.0,25000.0,30
150.0,stable,edge_only,remote_attempt_rate,1.0,0.0,1.0,1.0,30
150.0,stable,edge_only,remote_accept_rate,0.5123333333333334,0.017307230566588578,0.5061991666666666,0.5182675000000001,30
150.0,stable,edge_only,remote_accepted_per_frame,0.5123333333333334,0.017307230566588578,0.5061991666666666,0.5182675000000001,30
150.0,stable,edge_only,remote_rejected_deadline_rate,0.09549999999999999,0.008838590931544033,0.09233333333333334,0.09856666666666668,30
150.0,stable,edge_only,remote_failed_loss_rate,0.011066666666666669,0.0027784060592154374,0.010133333333333334,0.012066666666666668,30
150.0,stable,edge_only,fallback_rate,0.48766666666666664,0.017307230566588564,0.48173249999999995,0.4938008333333334,30
150.0,stable,edge_only,reuse_rate,0.0,0.0,0.0,0.0,30
150.0,stable,edge_only,stale_acceptance_rate,0.0,0.0,0.0,0.0,30
150.0,stable,edge_only,mode_switches_per_1000,0.0,0.0,0.0,0.0,30
150.0,stable,edge_only,pct_local_fast,0.0,0.0,0.0,0.0,30
150.0,stable,edge_only,pct_edge_accurate,100.0,0.0,100.0,100.0,30
150.0,stable,edge_only,pct_hybrid,0.0,0.0,0.0,0.0,30
150.0,stable,edge_only,pct_degraded_safe,0.0,0.0,0.0,0.0,30
150.0,stable,cloud_only,deadline_miss_rate,1.0,0.0,1.0,1.0,30
150.0,stable,cloud_only,p95_latency_ms,183.98426511035467,0.14612908292769947,183.93431595140382,184.0360153684987,30
150.0,stable,cloud_only,p99_latency_ms,184.7840136717792,0.06560311317343609,184.7606598772827,184.8068249117601,30
150.0,stable,cloud_only,mean_latency_ms,175.02027748999063,0.19474756789946465,174.9528965690396,175.09459953131295,30
150.0,stable,cloud_only,usable_confidence_proxy,0.0,0.0,0.0,0.0,30
150.0,stable,cloud_only,mean_output_confidence,0.7249667322554326,0.0015304909747104968,0.7244513387101592,0.7255071023390036,30
150.0,stable,cloud_only,bandwidth_per_1000_frames_kb,35000.0,0.0,35000.0,35000.0,30
150.0,stable,cloud_only,remote_attempt_rate,1.0,0.0,1.0,1.0,30
150.0,stable,cloud_only,remote_accept_rate,0.0,0.0,0.0,0.0,30
150.0,stable,cloud_only,remote_accepted_per_frame,0.0,0.0,0.0,0.0,30
150.0,stable,cloud_only,remote_rejected_deadline_rate,0.9906666666666666,0.003546084128116278,0.9893999999999998,0.9918999999999999,30
150.0,stable,cloud_only,remote_failed_loss_rate,0.009333333333333334,0.003546084128116275,0.008100000000000001,0.010600000000000002,30
150.0,stable,cloud_only,fallback_rate,1.0,0.0,1.0,1.0,30
150.0,stable,cloud_only,reuse_rate,0.0,0.0,0.0,0.0,30
150.0,stable,cloud_only,stale_acceptance_rate,0.0,0.0,0.0,0.0,30
150.0,stable,cloud_only,mode_switches_per_1000,0.0,0.0,0.0,0.0,30
150.0,stable,cloud_only,pct_local_fast,0.0,0.0,0.0,0.0,30
150.0,stable,cloud_only,pct_edge_accurate,100.0,0.0,100.0,100.0,30
150.0,stable,cloud_only,pct_hybrid,0.0,0.0,0.0,0.0,30
150.0,stable,cloud_only,pct_degraded_safe,0.0,0.0,0.0,0.0,30
150.0,stable,dapper,deadline_miss_rate,0.09236666666666668,0.011321274856120053,0.08839999999999999,0.09643333333333332,30
150.0,stable,dapper,p95_latency_ms,152.17408599779458,0.45402859838569465,152.0121082246416,152.331350523573,30
150.0,stable,dapper,p99_latency_ms,155.3409355561682,0.549924919346767,155.14753098714868,155.52857408892322,30
150.0,stable,dapper,mean_latency_ms,102.92338016748587,1.8171936585729458,102.2933926565328,103.55524137509077,30
150.0,stable,dapper,usable_confidence_proxy,0.7299887862316244,0.009790533762620497,0.726511376504676,0.7334469203635241,30
150.0,stable,dapper,mean_output_confidence,0.7959976928158301,0.0030581965746421004,0.7949187491188087,0.7970282591916404,30
150.0,stable,dapper,bandwidth_per_1000_frames_kb,21621.666666666668,335.8425671130112,21501.645833333336,21735.0,30
150.0,stable,dapper,remote_attempt_rate,0.8648666666666667,0.013433702684520463,0.8600658333333333,0.8694,30
150.0,stable,dapper,remote_accept_rate,0.5119299636219802,0.019710509684781493,0.5048710537106218,0.5185291640553195,30
150.0,stable,dapper,remote_accepted_per_frame,0.4427,0.01712862093609448,0.43670000000000003,0.44869999999999993,30
150.0,stable,dapper,remote_rejected_deadline_rate,0.09571176556872005,0.009351749073901463,0.09250225031077969,0.09893992513413837,30
150.0,stable,dapper,remote_failed_loss_rate,0.011160401044939667,0.0032782175425864904,0.010069906399418155,0.012335025962814114,30
150.0,stable,dapper,fallback_rate,0.42216666666666663,0.019499042122067458,0.4156,0.4290333333333333,30
150.0,stable,dapper,reuse_rate,0.0,0.0,0.0,0.0,30
150.0,stable,dapper,stale_acceptance_rate,0.0,0.0,0.0,0.0,30
150.0,stable,dapper,mode_switches_per_1000,233.3,23.550605819867112,225.26666666666668,241.90083333333334,30
150.0,stable,dapper,pct_local_fast,13.513333333333334,1.3433702684520452,13.06,13.993416666666668,30
150.0,stable,dapper,pct_edge_accurate,86.48666666666666,1.3433702684520459,86.00658333333332,86.93999999999998,30
150.0,stable,dapper,pct_hybrid,0.0,0.0,0.0,0.0,30
150.0,stable,dapper,pct_degraded_safe,0.0,0.0,0.0,0.0,30
150.0,stable,deadline_greedy,deadline_miss_rate,0.0,0.0,0.0,0.0,30
150.0,stable,deadline_greedy,p95_latency_ms,33.984265110354684,0.14612908292769589,33.9343159514038,34.036015368498674,30
150.0,stable,deadline_greedy,p99_latency_ms,34.78401367177919,0.06560311317343774,34.76065987728268,34.806824911760046,30
150.0,stable,deadline_greedy,mean_latency_ms,25.02027748999063,0.19474756789946776,24.952896569039584,25.094599531312916,30
150.0,stable,deadline_greedy,usable_confidence_proxy,0.7249667322554326,0.0015304909747104968,0.7244513387101592,0.7255071023390036,30
150.0,stable,deadline_greedy,mean_output_confidence,0.7249667322554326,0.0015304909747104968,0.7244513387101592,0.7255071023390036,30
150.0,stable,deadline_greedy,bandwidth_per_1000_frames_kb,0.0,0.0,0.0,0.0,30
150.0,stable,deadline_greedy,remote_attempt_rate,0.0,0.0,0.0,0.0,30
150.0,stable,deadline_greedy,remote_accept_rate,0.0,0.0,0.0,0.0,30
150.0,stable,deadline_greedy,remote_accepted_per_frame,0.0,0.0,0.0,0.0,30
150.0,stable,deadline_greedy,remote_rejected_deadline_rate,0.0,0.0,0.0,0.0,30
150.0,stable,deadline_greedy,remote_failed_loss_rate,0.0,0.0,0.0,0.0,30
150.0,stable,deadline_greedy,fallback_rate,0.0,0.0,0.0,0.0,30
150.0,stable,deadline_greedy,reuse_rate,0.0,0.0,0.0,0.0,30
150.0,stable,deadline_greedy,stale_acceptance_rate,0.0,0.0,0.0,0.0,30
150.0,stable,deadline_greedy,mode_switches_per_1000,0.0,0.0,0.0,0.0,30
150.0,stable,deadline_greedy,pct_local_fast,100.0,0.0,100.0,100.0,30
150.0,stable,deadline_greedy,pct_edge_accurate,0.0,0.0,0.0,0.0,30
150.0,stable,deadline_greedy,pct_hybrid,0.0,0.0,0.0,0.0,30
150.0,stable,deadline_greedy,pct_degraded_safe,0.0,0.0,0.0,0.0,30
150.0,stable,confidence_deadline,deadline_miss_rate,0.0,0.0,0.0,0.0,30
150.0,stable,confidence_deadline,p95_latency_ms,33.984265110354684,0.14612908292769589,33.9343159514038,34.036015368498674,30
150.0,stable,confidence_deadline,p99_latency_ms,34.78401367177919,0.06560311317343774,34.76065987728268,34.806824911760046,30
150.0,stable,confidence_deadline,mean_latency_ms,25.02027748999063,0.19474756789946776,24.952896569039584,25.094599531312916,30
150.0,stable,confidence_deadline,usable_confidence_proxy,0.7249667322554326,0.0015304909747104968,0.7244513387101592,0.7255071023390036,30
150.0,stable,confidence_deadline,mean_output_confidence,0.7249667322554326,0.0015304909747104968,0.7244513387101592,0.7255071023390036,30
150.0,stable,confidence_deadline,bandwidth_per_1000_frames_kb,0.0,0.0,0.0,0.0,30
150.0,stable,confidence_deadline,remote_attempt_rate,0.0,0.0,0.0,0.0,30
150.0,stable,confidence_deadline,remote_accept_rate,0.0,0.0,0.0,0.0,30
150.0,stable,confidence_deadline,remote_accepted_per_frame,0.0,0.0,0.0,0.0,30
150.0,stable,confidence_deadline,remote_rejected_deadline_rate,0.0,0.0,0.0,0.0,30
150.0,stable,confidence_deadline,remote_failed_loss_rate,0.0,0.0,0.0,0.0,30
150.0,stable,confidence_deadline,fallback_rate,0.0,0.0,0.0,0.0,30
150.0,stable,confidence_deadline,reuse_rate,0.0,0.0,0.0,0.0,30
150.0,stable,confidence_deadline,stale_acceptance_rate,0.0,0.0,0.0,0.0,30
150.0,stable,confidence_deadline,mode_switches_per_1000,0.0,0.0,0.0,0.0,30
150.0,stable,confidence_deadline,pct_local_fast,100.0,0.0,100.0,100.0,30
150.0,stable,confidence_deadline,pct_edge_accurate,0.0,0.0,0.0,0.0,30
150.0,stable,confidence_deadline,pct_hybrid,0.0,0.0,0.0,0.0,30
150.0,stable,confidence_deadline,pct_degraded_safe,0.0,0.0,0.0,0.0,30
150.0,stable,rtt_threshold,deadline_miss_rate,0.0,0.0,0.0,0.0,30
150.0,stable,rtt_threshold,p95_latency_ms,33.984265110354684,0.14612908292769589,33.9343159514038,34.036015368498674,30
150.0,stable,rtt_threshold,p99_latency_ms,34.78401367177919,0.06560311317343774,34.76065987728268,34.806824911760046,30
150.0,stable,rtt_threshold,mean_latency_ms,25.02027748999063,0.19474756789946776,24.952896569039584,25.094599531312916,30
150.0,stable,rtt_threshold,usable_confidence_proxy,0.7249667322554326,0.0015304909747104968,0.7244513387101592,0.7255071023390036,30
150.0,stable,rtt_threshold,mean_output_confidence,0.7249667322554326,0.0015304909747104968,0.7244513387101592,0.7255071023390036,30
150.0,stable,rtt_threshold,bandwidth_per_1000_frames_kb,0.0,0.0,0.0,0.0,30
150.0,stable,rtt_threshold,remote_attempt_rate,0.0,0.0,0.0,0.0,30
150.0,stable,rtt_threshold,remote_accept_rate,0.0,0.0,0.0,0.0,30
150.0,stable,rtt_threshold,remote_accepted_per_frame,0.0,0.0,0.0,0.0,30
150.0,stable,rtt_threshold,remote_rejected_deadline_rate,0.0,0.0,0.0,0.0,30
150.0,stable,rtt_threshold,remote_failed_loss_rate,0.0,0.0,0.0,0.0,30
150.0,stable,rtt_threshold,fallback_rate,0.0,0.0,0.0,0.0,30
150.0,stable,rtt_threshold,reuse_rate,0.0,0.0,0.0,0.0,30
150.0,stable,rtt_threshold,stale_acceptance_rate,0.0,0.0,0.0,0.0,30
150.0,stable,rtt_threshold,mode_switches_per_1000,0.0,0.0,0.0,0.0,30
150.0,stable,rtt_threshold,pct_local_fast,100.0,0.0,100.0,100.0,30
150.0,stable,rtt_threshold,pct_edge_accurate,0.0,0.0,0.0,0.0,30
150.0,stable,rtt_threshold,pct_hybrid,0.0,0.0,0.0,0.0,30
150.0,stable,rtt_threshold,pct_degraded_safe,0.0,0.0,0.0,0.0,30
150.0,stable,oracle_feasible,deadline_miss_rate,0.08353333333333333,0.00881899725840065,0.08043333333333334,0.08656750000000002,30
150.0,stable,oracle_feasible,p95_latency_ms,151.86305638916357,0.4588935706300311,151.70382072041306,152.02511066835768,30
150.0,stable,oracle_feasible,p99_latency_ms,155.16710769051605,0.5404960962132144,154.97241656874922,155.3498224658317,30
150.0,stable,oracle_feasible,mean_latency_ms,102.35495612395205,1.1919730296757938,101.94436608426815,102.7865582196234,30
150.0,stable,oracle_feasible,usable_confidence_proxy,0.7413224074048688,0.008502550147021544,0.7383314271607496,0.744274975055261,30
150.0,stable,oracle_feasible,mean_output_confidence,0.8018397604921572,0.003217967031190964,0.8007202870741114,0.8029298858199907,30
150.0,stable,oracle_feasible,bandwidth_per_1000_frames_kb,22335.833333333332,236.1402393572052,22255.0,22420.0,30
150.0,stable,oracle_feasible,remote_attempt_rate,0.8934333333333332,0.009445609574288217,0.8901999999999999,0.8967999999999999,30
150.0,stable,oracle_feasible,remote_accept_rate,0.5734259189051719,0.017894661102124107,0.5670297065077783,0.5795797629072468,30
150.0,stable,oracle_feasible,remote_accepted_per_frame,0.5123333333333334,0.017307230566588578,0.5061991666666666,0.5182675000000001,30
150.0,stable,oracle_feasible,remote_rejected_deadline_rate,0.0,0.0,0.0,0.0,30
150.0,stable,oracle_feasible,remote_failed_loss_rate,0.0,0.0,0.0,0.0,30
150.0,stable,oracle_feasible,fallback_rate,0.3811,0.016091012698247826,0.3754333333333334,0.38680000000000003,30
150.0,stable,oracle_feasible,reuse_rate,0.0,0.0,0.0,0.0,30
150.0,stable,oracle_feasible,stale_acceptance_rate,0.0,0.0,0.0,0.0,30
150.0,stable,oracle_feasible,mode_switches_per_1000,188.96666666666667,16.134100390238647,183.26583333333335,194.7,30
150.0,stable,oracle_feasible,pct_local_fast,10.656666666666668,0.9445609574288206,10.319999999999999,10.98,30
150.0,stable,oracle_feasible,pct_edge_accurate,89.34333333333335,0.9445609574288213,89.02,89.68,30
150.0,stable,oracle_feasible,pct_hybrid,0.0,0.0,0.0,0.0,30
150.0,stable,oracle_feasible,pct_degraded_safe,0.0,0.0,0.0,0.0,30
150.0,congested,local_only,deadline_miss_rate,0.0,0.0,0.0,0.0,30
150.0,congested,local_only,p95_latency_ms,33.94268972592376,0.09803104261482531,33.906854831430806,33.97630119170664,30
150.0,congested,local_only,p99_latency_ms,34.769178949662624,0.05524239382592479,34.748642896298946,34.7879694671568,30
150.0,congested,local_only,mean_latency_ms,25.012597088142645,0.18113657767527264,24.949225112390963,25.077791277753096,30
150.0,congested,local_only,usable_confidence_proxy,0.7249282051819181,0.0016092933478095927,0.7243536843822596,0.725520489679899,30
150.0,congested,local_only,mean_output_confidence,0.7249282051819181,0.0016092933478095927,0.7243536843822596,0.725520489679899,30
150.0,congested,local_only,bandwidth_per_1000_frames_kb,0.0,0.0,0.0,0.0,30
150.0,congested,local_only,remote_attempt_rate,0.0,0.0,0.0,0.0,30
150.0,congested,local_only,remote_accept_rate,0.0,0.0,0.0,0.0,30
150.0,congested,local_only,remote_accepted_per_frame,0.0,0.0,0.0,0.0,30
150.0,congested,local_only,remote_rejected_deadline_rate,0.0,0.0,0.0,0.0,30
150.0,congested,local_only,remote_failed_loss_rate,0.0,0.0,0.0,0.0,30
150.0,congested,local_only,fallback_rate,0.0,0.0,0.0,0.0,30
150.0,congested,local_only,reuse_rate,0.0,0.0,0.0,0.0,30
150.0,congested,local_only,stale_acceptance_rate,0.0,0.0,0.0,0.0,30
150.0,congested,local_only,mode_switches_per_1000,0.0,0.0,0.0,0.0,30
150.0,congested,local_only,pct_local_fast,100.0,0.0,100.0,100.0,30
150.0,congested,local_only,pct_edge_accurate,0.0,0.0,0.0,0.0,30
150.0,congested,local_only,pct_hybrid,0.0,0.0,0.0,0.0,30
150.0,congested,local_only,pct_degraded_safe,0.0,0.0,0.0,0.0,30
150.0,congested,edge_only,deadline_miss_rate,1.0,0.0,1.0,1.0,30
150.0,congested,edge_only,p95_latency_ms,183.94268972592374,0.09803104261482609,183.90685483143085,183.97630119170663,30
150.0,congested,edge_only,p99_latency_ms,184.7691789496626,0.05524239382592602,184.74864289629892,184.78796946715676,30
150.0,congested,edge_only,mean_latency_ms,175.01259708814263,0.1811365776752773,174.949225112391,175.07779127775308,30
150.0,congested,edge_only,usable_confidence_proxy,0.0,0.0,0.0,0.0,30
150.0,congested,edge_only,mean_output_confidence,0.7249282051819181,0.0016092933478095927,0.7243536843822596,0.725520489679899,30
150.0,congested,edge_only,bandwidth_per_1000_frames_kb,25000.0,0.0,25000.0,25000.0,30
150.0,congested,edge_only,remote_attempt_rate,1.0,0.0,1.0,1.0,30
150.0,congested,edge_only,remote_accept_rate,0.0,0.0,0.0,0.0,30
150.0,congested,edge_only,remote_accepted_per_frame,0.0,0.0,0.0,0.0,30
150.0,congested,edge_only,remote_rejected_deadline_rate,0.6483666666666666,0.016185313336975968,0.6425666666666667,0.6539675,30
150.0,congested,edge_only,remote_failed_loss_rate,0.04953333333333333,0.007682193173438364,0.04683333333333333,0.05220083333333333,30
150.0,congested,edge_only,fallback_rate,1.0,0.0,1.0,1.0,30
150.0,congested,edge_only,reuse_rate,0.0,0.0,0.0,0.0,30
150.0,congested,edge_only,stale_acceptance_rate,0.0,0.0,0.0,0.0,30
150.0,congested,edge_only,mode_switches_per_1000,0.0,0.0,0.0,0.0,30
150.0,congested,edge_only,pct_local_fast,0.0,0.0,0.0,0.0,30
150.0,congested,edge_only,pct_edge_accurate,100.0,0.0,100.0,100.0,30
150.0,congested,edge_only,pct_hybrid,0.0,0.0,0.0,0.0,30
150.0,congested,edge_only,pct_degraded_safe,0.0,0.0,0.0,0.0,30
150.0,congested,cloud_only,deadline_miss_rate,1.0,0.0,1.0,1.0,30
150.0,congested,cloud_only,p95_latency_ms,183.94268972592374,0.09803104261482609,183.90685483143085,183.97630119170663,30
150.0,congested,cloud_only,p99_latency_ms,184.7691789496626,0.05524239382592602,184.74864289629892,184.78796946715676,30
150.0,congested,cloud_only,mean_latency_ms,175.01259708814263,0.1811365776752773,174.949225112391,175.07779127775308,30
150.0,congested,cloud_only,usable_confidence_proxy,0.0,0.0,0.0,0.0,30
150.0,congested,cloud_only,mean_output_confidence,0.7249282051819181,0.0016092933478095927,0.7243536843822596,0.725520489679899,30
150.0,congested,cloud_only,bandwidth_per_1000_frames_kb,35000.0,0.0,35000.0,35000.0,30
150.0,congested,cloud_only,remote_attempt_rate,1.0,0.0,1.0,1.0,30
150.0,congested,cloud_only,remote_accept_rate,0.0,0.0,0.0,0.0,30
150.0,congested,cloud_only,remote_accepted_per_frame,0.0,0.0,0.0,0.0,30
150.0,congested,cloud_only,remote_rejected_deadline_rate,0.9505666666666667,0.00714231360821974,0.9480000000000001,0.9531333333333333,30
150.0,congested,cloud_only,remote_failed_loss_rate,0.049433333333333336,0.007142313608219744,0.04686666666666666,0.052000000000000005,30
150.0,congested,cloud_only,fallback_rate,1.0,0.0,1.0,1.0,30
150.0,congested,cloud_only,reuse_rate,0.0,0.0,0.0,0.0,30
150.0,congested,cloud_only,stale_acceptance_rate,0.0,0.0,0.0,0.0,30
150.0,congested,cloud_only,mode_switches_per_1000,0.0,0.0,0.0,0.0,30
150.0,congested,cloud_only,pct_local_fast,0.0,0.0,0.0,0.0,30
150.0,congested,cloud_only,pct_edge_accurate,100.0,0.0,100.0,100.0,30
150.0,congested,cloud_only,pct_hybrid,0.0,0.0,0.0,0.0,30
150.0,congested,cloud_only,pct_degraded_safe,0.0,0.0,0.0,0.0,30
150.0,congested,dapper,deadline_miss_rate,0.0,0.0,0.0,0.0,30
150.0,congested,dapper,p95_latency_ms,33.94268972592376,0.09803104261482531,33.906854831430806,33.97630119170664,30
150.0,congested,dapper,p99_latency_ms,34.769178949662624,0.05524239382592479,34.748642896298946,34.7879694671568,30
150.0,congested,dapper,mean_latency_ms,25.012597088142645,0.18113657767527264,24.949225112390963,25.077791277753096,30
150.0,congested,dapper,usable_confidence_proxy,0.7249282051819181,0.0016092933478095927,0.7243536843822596,0.725520489679899,30
150.0,congested,dapper,mean_output_confidence,0.7249282051819181,0.0016092933478095927,0.7243536843822596,0.725520489679899,30
150.0,congested,dapper,bandwidth_per_1000_frames_kb,2.5,7.628214415734117,0.0,5.833333333333333,30
150.0,congested,dapper,remote_attempt_rate,0.0001,0.00030512857662936464,0.0,0.00023333333333333333,30
150.0,congested,dapper,remote_accept_rate,0.0,0.0,0.0,0.0,30
150.0,congested,dapper,remote_accepted_per_frame,0.0,0.0,0.0,0.0,30
150.0,congested,dapper,remote_rejected_deadline_rate,0.06666666666666667,0.2537081317024624,0.0,0.16666666666666666,30
150.0,congested,dapper,remote_failed_loss_rate,0.0,0.0,0.0,0.0,30
150.0,congested,dapper,fallback_rate,0.0,0.0,0.0,0.0,30
150.0,congested,dapper,reuse_rate,0.0,0.0,0.0,0.0,30
150.0,congested,dapper,stale_acceptance_rate,0.0,0.0,0.0,0.0,30
150.0,congested,dapper,mode_switches_per_1000,0.2,0.6102571532587293,0.0,0.4666666666666667,30
150.0,congested,dapper,pct_local_fast,99.99000000000001,0.030512857662934732,99.97666666666667,100.0,30
150.0,congested,dapper,pct_edge_accurate,0.0,0.0,0.0,0.0,30
150.0,congested,dapper,pct_hybrid,0.010000000000000002,0.030512857662936467,0.0,0.02333333333333333,30
150.0,congested,dapper,pct_degraded_safe,0.0,0.0,0.0,0.0,30
150.0,congested,deadline_greedy,deadline_miss_rate,0.0,0.0,0.0,0.0,30
150.0,congested,deadline_greedy,p95_latency_ms,33.94268972592376,0.09803104261482531,33.906854831430806,33.97630119170664,30
150.0,congested,deadline_greedy,p99_latency_ms,34.769178949662624,0.05524239382592479,34.748642896298946,34.7879694671568,30
150.0,congested,deadline_greedy,mean_latency_ms,25.012597088142645,0.18113657767527264,24.949225112390963,25.077791277753096,30
150.0,congested,deadline_greedy,usable_confidence_proxy,0.7249282051819181,0.0016092933478095927,0.7243536843822596,0.725520489679899,30
150.0,congested,deadline_greedy,mean_output_confidence,0.7249282051819181,0.0016092933478095927,0.7243536843822596,0.725520489679899,30
150.0,congested,deadline_greedy,bandwidth_per_1000_frames_kb,0.0,0.0,0.0,0.0,30
150.0,congested,deadline_greedy,remote_attempt_rate,0.0,0.0,0.0,0.0,30
150.0,congested,deadline_greedy,remote_accept_rate,0.0,0.0,0.0,0.0,30
150.0,congested,deadline_greedy,remote_accepted_per_frame,0.0,0.0,0.0,0.0,30
150.0,congested,deadline_greedy,remote_rejected_deadline_rate,0.0,0.0,0.0,0.0,30
150.0,congested,deadline_greedy,remote_failed_loss_rate,0.0,0.0,0.0,0.0,30
150.0,congested,deadline_greedy,fallback_rate,0.0,0.0,0.0,0.0,30
150.0,congested,deadline_greedy,reuse_rate,0.0,0.0,0.0,0.0,30
150.0,congested,deadline_greedy,stale_acceptance_rate,0.0,0.0,0.0,0.0,30
150.0,congested,deadline_greedy,mode_switches_per_1000,0.0,0.0,0.0,0.0,30
150.0,congested,deadline_greedy,pct_local_fast,100.0,0.0,100.0,100.0,30
150.0,congested,deadline_greedy,pct_edge_accurate,0.0,0.0,0.0,0.0,30
150.0,congested,deadline_greedy,pct_hybrid,0.0,0.0,0.0,0.0,30
150.0,congested,deadline_greedy,pct_degraded_safe,0.0,0.0,0.0,0.0,30
150.0,congested,confidence_deadline,deadline_miss_rate,0.0,0.0,0.0,0.0,30
150.0,congested,confidence_deadline,p95_latency_ms,33.94268972592376,0.09803104261482531,33.906854831430806,33.97630119170664,30
150.0,congested,confidence_deadline,p99_latency_ms,34.769178949662624,0.05524239382592479,34.748642896298946,34.7879694671568,30
150.0,congested,confidence_deadline,mean_latency_ms,25.012597088142645,0.18113657767527264,24.949225112390963,25.077791277753096,30
150.0,congested,confidence_deadline,usable_confidence_proxy,0.7249282051819181,0.0016092933478095927,0.7243536843822596,0.725520489679899,30
150.0,congested,confidence_deadline,mean_output_confidence,0.7249282051819181,0.0016092933478095927,0.7243536843822596,0.725520489679899,30
150.0,congested,confidence_deadline,bandwidth_per_1000_frames_kb,0.0,0.0,0.0,0.0,30
150.0,congested,confidence_deadline,remote_attempt_rate,0.0,0.0,0.0,0.0,30
150.0,congested,confidence_deadline,remote_accept_rate,0.0,0.0,0.0,0.0,30
150.0,congested,confidence_deadline,remote_accepted_per_frame,0.0,0.0,0.0,0.0,30
150.0,congested,confidence_deadline,remote_rejected_deadline_rate,0.0,0.0,0.0,0.0,30
150.0,congested,confidence_deadline,remote_failed_loss_rate,0.0,0.0,0.0,0.0,30
150.0,congested,confidence_deadline,fallback_rate,0.0,0.0,0.0,0.0,30
150.0,congested,confidence_deadline,reuse_rate,0.0,0.0,0.0,0.0,30
150.0,congested,confidence_deadline,stale_acceptance_rate,0.0,0.0,0.0,0.0,30
150.0,congested,confidence_deadline,mode_switches_per_1000,0.0,0.0,0.0,0.0,30
150.0,congested,confidence_deadline,pct_local_fast,100.0,0.0,100.0,100.0,30
150.0,congested,confidence_deadline,pct_edge_accurate,0.0,0.0,0.0,0.0,30
150.0,congested,confidence_deadline,pct_hybrid,0.0,0.0,0.0,0.0,30
150.0,congested,confidence_deadline,pct_degraded_safe,0.0,0.0,0.0,0.0,30
150.0,congested,rtt_threshold,deadline_miss_rate,0.0,0.0,0.0,0.0,30
150.0,congested,rtt_threshold,p95_latency_ms,33.94268972592376,0.09803104261482531,33.906854831430806,33.97630119170664,30
150.0,congested,rtt_threshold,p99_latency_ms,34.769178949662624,0.05524239382592479,34.748642896298946,34.7879694671568,30
150.0,congested,rtt_threshold,mean_latency_ms,25.012597088142645,0.18113657767527264,24.949225112390963,25.077791277753096,30
150.0,congested,rtt_threshold,usable_confidence_proxy,0.7249282051819181,0.0016092933478095927,0.7243536843822596,0.725520489679899,30
150.0,congested,rtt_threshold,mean_output_confidence,0.7249282051819181,0.0016092933478095927,0.7243536843822596,0.725520489679899,30
150.0,congested,rtt_threshold,bandwidth_per_1000_frames_kb,0.0,0.0,0.0,0.0,30
150.0,congested,rtt_threshold,remote_attempt_rate,0.0,0.0,0.0,0.0,30
150.0,congested,rtt_threshold,remote_accept_rate,0.0,0.0,0.0,0.0,30
150.0,congested,rtt_threshold,remote_accepted_per_frame,0.0,0.0,0.0,0.0,30
150.0,congested,rtt_threshold,remote_rejected_deadline_rate,0.0,0.0,0.0,0.0,30
150.0,congested,rtt_threshold,remote_failed_loss_rate,0.0,0.0,0.0,0.0,30
150.0,congested,rtt_threshold,fallback_rate,0.0,0.0,0.0,0.0,30
150.0,congested,rtt_threshold,reuse_rate,0.0,0.0,0.0,0.0,30
150.0,congested,rtt_threshold,stale_acceptance_rate,0.0,0.0,0.0,0.0,30
150.0,congested,rtt_threshold,mode_switches_per_1000,0.0,0.0,0.0,0.0,30
150.0,congested,rtt_threshold,pct_local_fast,100.0,0.0,100.0,100.0,30
150.0,congested,rtt_threshold,pct_edge_accurate,0.0,0.0,0.0,0.0,30
150.0,congested,rtt_threshold,pct_hybrid,0.0,0.0,0.0,0.0,30
150.0,congested,rtt_threshold,pct_degraded_safe,0.0,0.0,0.0,0.0,30
150.0,congested,oracle_feasible,deadline_miss_rate,0.3021,0.015853532185561073,0.2964991666666666,0.3077333333333333,30
150.0,congested,oracle_feasible,p95_latency_ms,181.64431898788726,0.4976357057933008,181.46300227072845,181.8125475911947,30
150.0,congested,oracle_feasible,p99_latency_ms,184.28106238474655,0.1669846138541655,184.2220533127484,184.34004186718673,30
150.0,congested,oracle_feasible,mean_latency_ms,70.32759708814265,2.3933193011553886,69.477117357001,71.18207769631411,30
150.0,congested,oracle_feasible,usable_confidence_proxy,0.505855896425977,0.011261218948767197,0.5018053101655922,0.5097551988046226,30
150.0,congested,oracle_feasible,mean_output_confidence,0.7249282051819181,0.0016092933478095927,0.7243536843822596,0.725520489679899,30
150.0,congested,oracle_feasible,bandwidth_per_1000_frames_kb,7552.5,396.3383046390267,7412.479166666667,7693.333333333333,30
150.0,congested,oracle_feasible,remote_attempt_rate,0.3021,0.015853532185561073,0.2964991666666666,0.3077333333333333,30
150.0,congested,oracle_feasible,remote_accept_rate,0.0,0.0,0.0,0.0,30
150.0,congested,oracle_feasible,remote_accepted_per_frame,0.0,0.0,0.0,0.0,30
150.0,congested,oracle_feasible,remote_rejected_deadline_rate,0.0,0.0,0.0,0.0,30
150.0,congested,oracle_feasible,remote_failed_loss_rate,0.0,0.0,0.0,0.0,30
150.0,congested,oracle_feasible,fallback_rate,0.3021,0.015853532185561073,0.2964991666666666,0.3077333333333333,30
150.0,congested,oracle_feasible,reuse_rate,0.0,0.0,0.0,0.0,30
150.0,congested,oracle_feasible,stale_acceptance_rate,0.0,0.0,0.0,0.0,30
150.0,congested,oracle_feasible,mode_switches_per_1000,399.93333333333334,20.115071263955862,393.13166666666666,407.2675,30
150.0,congested,oracle_feasible,pct_local_fast,69.78999999999999,1.585353218556104,69.22666666666667,70.35008333333333,30
150.0,congested,oracle_feasible,pct_edge_accurate,30.209999999999994,1.5853532185561068,29.649916666666662,30.773333333333333,30
150.0,congested,oracle_feasible,pct_hybrid,0.0,0.0,0.0,0.0,30
150.0,congested,oracle_feasible,pct_degraded_safe,0.0,0.0,0.0,0.0,30
150.0,lossy,local_only,deadline_miss_rate,0.0,0.0,0.0,0.0,30
150.0,lossy,local_only,p95_latency_ms,34.012278154614826,0.12120943376607804,33.96820622195287,34.05448763655662,30
150.0,lossy,local_only,p99_latency_ms,34.80546807570768,0.06143547890706443,34.78316485257998,34.826772350222946,30
150.0,lossy,local_only,mean_latency_ms,25.003209635014095,0.15974262798343122,24.94828249795479,25.06142062043607,30
150.0,lossy,local_only,usable_confidence_proxy,0.7247968267120143,0.001322250002252836,0.724324432482122,0.7252569980501671,30
150.0,lossy,local_only,mean_output_confidence,0.7247968267120143,0.001322250002252836,0.724324432482122,0.7252569980501671,30
150.0,lossy,local_only,bandwidth_per_1000_frames_kb,0.0,0.0,0.0,0.0,30
150.0,lossy,local_only,remote_attempt_rate,0.0,0.0,0.0,0.0,30
150.0,lossy,local_only,remote_accept_rate,0.0,0.0,0.0,0.0,30
150.0,lossy,local_only,remote_accepted_per_frame,0.0,0.0,0.0,0.0,30
150.0,lossy,local_only,remote_rejected_deadline_rate,0.0,0.0,0.0,0.0,30
150.0,lossy,local_only,remote_failed_loss_rate,0.0,0.0,0.0,0.0,30
150.0,lossy,local_only,fallback_rate,0.0,0.0,0.0,0.0,30
150.0,lossy,local_only,reuse_rate,0.0,0.0,0.0,0.0,30
150.0,lossy,local_only,stale_acceptance_rate,0.0,0.0,0.0,0.0,30
150.0,lossy,local_only,mode_switches_per_1000,0.0,0.0,0.0,0.0,30
150.0,lossy,local_only,pct_local_fast,100.0,0.0,100.0,100.0,30
150.0,lossy,local_only,pct_edge_accurate,0.0,0.0,0.0,0.0,30
150.0,lossy,local_only,pct_hybrid,0.0,0.0,0.0,0.0,30
150.0,lossy,local_only,pct_degraded_safe,0.0,0.0,0.0,0.0,30
150.0,lossy,edge_only,deadline_miss_rate,0.8485333333333335,0.01519240584641876,0.8430666666666667,0.8539000000000001,30
150.0,lossy,edge_only,p95_latency_ms,173.99176366422034,0.5748594091042067,173.7855311865529,174.19328478370159,30
150.0,lossy,edge_only,p99_latency_ms,177.93449292824758,0.7490077425057178,177.67288804118346,178.1952455965348,30
150.0,lossy,edge_only,mean_latency_ms,154.3688463221819,1.080753606590962,153.9776475915199,154.7459482316795,30
150.0,lossy,edge_only,usable_confidence_proxy,0.12852014564828448,0.012780451106766868,0.1239801199397388,0.13311374172796364,30
150.0,lossy,edge_only,mean_output_confidence,0.7434737048265869,0.0024259067554197747,0.74263216066205,0.7443649231807572,30
150.0,lossy,edge_only,bandwidth_per_1000_frames_kb,25000.0,0.0,25000.0,25000.0,30
150.0,lossy,edge_only,remote_attempt_rate,1.0,0.0,1.0,1.0,30
150.0,lossy,edge_only,remote_accept_rate,0.12493333333333334,0.01250085054577552,0.12056666666666667,0.12946666666666667,30
150.0,lossy,edge_only,remote_accepted_per_frame,0.12493333333333334,0.01250085054577552,0.12056666666666667,0.12946666666666667,30
150.0,lossy,edge_only,remote_rejected_deadline_rate,0.0909666666666667,0.010548682981475847,0.08726666666666666,0.09473333333333334,30
150.0,lossy,edge_only,remote_failed_loss_rate,0.2001666666666667,0.0129030424996249,0.19566666666666668,0.20463333333333333,30
150.0,lossy,edge_only,fallback_rate,0.8750666666666667,0.012500850545775532,0.8705333333333333,0.8794333333333333,30
150.0,lossy,edge_only,reuse_rate,0.0,0.0,0.0,0.0,30
150.0,lossy,edge_only,stale_acceptance_rate,0.0,0.0,0.0,0.0,30
150.0,lossy,edge_only,mode_switches_per_1000,0.0,0.0,0.0,0.0,30
150.0,lossy,edge_only,pct_local_fast,0.0,0.0,0.0,0.0,30
150.0,lossy,edge_only,pct_edge_accurate,100.0,0.0,100.0,100.0,30
150.0,lossy,edge_only,pct_hybrid,0.0,0.0,0.0,0.0,30
150.0,lossy,edge_only,pct_degraded_safe,0.0,0.0,0.0,0.0,30
150.0,lossy,cloud_only,deadline_miss_rate,1.0,0.0,1.0,1.0,30
150.0,lossy,cloud_only,p95_latency_ms,184.01227815461485,0.12120943376607722,183.96820622195284,184.05448763655662,30
150.0,lossy,cloud_only,p99_latency_ms,184.80546807570767,0.06143547890706076,184.78316485257994,184.82677235022288,30
150.0,lossy,cloud_only,mean_latency_ms,175.00320963501412,0.15974262798343156,174.94828249795478,175.06142062043605,30
150.0,lossy,cloud_only,usable_confidence_proxy,0.0,0.0,0.0,0.0,30
150.0,lossy,cloud_only,mean_output_confidence,0.7247968267120143,0.001322250002252836,0.724324432482122,0.7252569980501671,30
150.0,lossy,cloud_only,bandwidth_per_1000_frames_kb,35000.0,0.0,35000.0,35000.0,30
150.0,lossy,cloud_only,remote_attempt_rate,1.0,0.0,1.0,1.0,30
150.0,lossy,cloud_only,remote_accept_rate,0.0,0.0,0.0,0.0,30
150.0,lossy,cloud_only,remote_accepted_per_frame,0.0,0.0,0.0,0.0,30
150.0,lossy,cloud_only,remote_rejected_deadline_rate,0.8026666666666666,0.012160800034178009,0.7983333333333335,0.8069333333333333,30
150.0,lossy,cloud_only,remote_failed_loss_rate,0.19733333333333336,0.012160800034178028,0.1930666666666667,0.20166666666666663,30
150.0,lossy,cloud_only,fallback_rate,1.0,0.0,1.0,1.0,30
150.0,lossy,cloud_only,reuse_rate,0.0,0.0,0.0,0.0,30
150.0,lossy,cloud_only,stale_acceptance_rate,0.0,0.0,0.0,0.0,30
150.0,lossy,cloud_only,mode_switches_per_1000,0.0,0.0,0.0,0.0,30
150.0,lossy,cloud_only,pct_local_fast,0.0,0.0,0.0,0.0,30
150.0,lossy,cloud_only,pct_edge_accurate,100.0,0.0,100.0,100.0,30
150.0,lossy,cloud_only,pct_hybrid,0.0,0.0,0.0,0.0,30
150.0,lossy,cloud_only,pct_degraded_safe,0.0,0.0,0.0,0.0,30
150.0,lossy,dapper,deadline_miss_rate,0.5038666666666666,0.024832866615995354,0.49540000000000006,0.5127666666666667,30
150.0,lossy,dapper,p95_latency_ms,169.60066291697478,0.3882606737586441,169.45572227410761,169.74097735874884,30
150.0,lossy,dapper,p99_latency_ms,172.6013066515838,0.41407485148424766,172.45073593227545,172.74818135858018,30
150.0,lossy,dapper,mean_latency_ms,103.23157231746724,3.617602457478496,101.95163133590725,104.5215229651522,30
150.0,lossy,dapper,usable_confidence_proxy,0.3818998473244926,0.018410985811115943,0.3752009068787262,0.38818076895460535,30
150.0,lossy,dapper,mean_output_confidence,0.740128092118255,0.001987491409547463,0.739457064094518,0.7408504290247866,30
150.0,lossy,dapper,bandwidth_per_1000_frames_kb,21150.0,355.25609995005595,21028.333333333332,21277.5,30
150.0,lossy,dapper,remote_attempt_rate,0.8459999999999999,0.01421024399800225,0.8411333333333334,0.8511,30
150.0,lossy,dapper,remote_accept_rate,0.1272378854001313,0.012843103402622898,0.1226604444039389,0.13181713898973657,30
150.0,lossy,dapper,remote_accepted_per_frame,0.1076,0.010545795043686763,0.10373333333333333,0.11133333333333331,30
150.0,lossy,dapper,remote_rejected_deadline_rate,0.06722837686110873,0.010764107832189384,0.06334061527574089,0.07106592112132534,30
150.0,lossy,dapper,remote_failed_loss_rate,0.19961581266921974,0.014430358687665578,0.19450895189348388,0.2046304954745599,30
150.0,lossy,dapper,fallback_rate,0.527,0.026370045702365168,0.5178333333333334,0.5364333333333333,30
150.0,lossy,dapper,reuse_rate,0.0,0.0,0.0,0.0,30
150.0,lossy,dapper,stale_acceptance_rate,0.0,0.0,0.0,0.0,30
150.0,lossy,dapper,mode_switches_per_1000,407.6666666666667,21.74829891617104,400.03333333333336,415.4008333333333,30
150.0,lossy,dapper,pct_local_fast,15.399999999999999,1.4210243998002234,14.890000000000002,15.886666666666663,30
150.0,lossy,dapper,pct_edge_accurate,62.323333333333345,2.8510957764404887,61.30333333333335,63.339999999999996,30
150.0,lossy,dapper,pct_hybrid,22.276666666666664,2.4329184026643786,21.423250000000003,23.13025,30
150.0,lossy,dapper,pct_degraded_safe,0.0,0.0,0.0,0.0,30
150.0,lossy,deadline_greedy,deadline_miss_rate,0.0,0.0,0.0,0.0,30
150.0,lossy,deadline_greedy,p95_latency_ms,34.012278154614826,0.12120943376607804,33.96820622195287,34.05448763655662,30
150.0,lossy,deadline_greedy,p99_latency_ms,34.80546807570768,0.06143547890706443,34.78316485257998,34.826772350222946,30
150.0,lossy,deadline_greedy,mean_latency_ms,25.003209635014095,0.15974262798343122,24.94828249795479,25.06142062043607,30
150.0,lossy,deadline_greedy,usable_confidence_proxy,0.7247968267120143,0.001322250002252836,0.724324432482122,0.7252569980501671,30
150.0,lossy,deadline_greedy,mean_output_confidence,0.7247968267120143,0.001322250002252836,0.724324432482122,0.7252569980501671,30
150.0,lossy,deadline_greedy,bandwidth_per_1000_frames_kb,0.0,0.0,0.0,0.0,30
150.0,lossy,deadline_greedy,remote_attempt_rate,0.0,0.0,0.0,0.0,30
150.0,lossy,deadline_greedy,remote_accept_rate,0.0,0.0,0.0,0.0,30
150.0,lossy,deadline_greedy,remote_accepted_per_frame,0.0,0.0,0.0,0.0,30
150.0,lossy,deadline_greedy,remote_rejected_deadline_rate,0.0,0.0,0.0,0.0,30
150.0,lossy,deadline_greedy,remote_failed_loss_rate,0.0,0.0,0.0,0.0,30
150.0,lossy,deadline_greedy,fallback_rate,0.0,0.0,0.0,0.0,30
150.0,lossy,deadline_greedy,reuse_rate,0.0,0.0,0.0,0.0,30
150.0,lossy,deadline_greedy,stale_acceptance_rate,0.0,0.0,0.0,0.0,30
150.0,lossy,deadline_greedy,mode_switches_per_1000,0.0,0.0,0.0,0.0,30
150.0,lossy,deadline_greedy,pct_local_fast,100.0,0.0,100.0,100.0,30
150.0,lossy,deadline_greedy,pct_edge_accurate,0.0,0.0,0.0,0.0,30
150.0,lossy,deadline_greedy,pct_hybrid,0.0,0.0,0.0,0.0,30
150.0,lossy,deadline_greedy,pct_degraded_safe,0.0,0.0,0.0,0.0,30
150.0,lossy,confidence_deadline,deadline_miss_rate,0.0,0.0,0.0,0.0,30
150.0,lossy,confidence_deadline,p95_latency_ms,34.012278154614826,0.12120943376607804,33.96820622195287,34.05448763655662,30
150.0,lossy,confidence_deadline,p99_latency_ms,34.80546807570768,0.06143547890706443,34.78316485257998,34.826772350222946,30
150.0,lossy,confidence_deadline,mean_latency_ms,25.003209635014095,0.15974262798343122,24.94828249795479,25.06142062043607,30
150.0,lossy,confidence_deadline,usable_confidence_proxy,0.7247968267120143,0.001322250002252836,0.724324432482122,0.7252569980501671,30
150.0,lossy,confidence_deadline,mean_output_confidence,0.7247968267120143,0.001322250002252836,0.724324432482122,0.7252569980501671,30
150.0,lossy,confidence_deadline,bandwidth_per_1000_frames_kb,0.0,0.0,0.0,0.0,30
150.0,lossy,confidence_deadline,remote_attempt_rate,0.0,0.0,0.0,0.0,30
150.0,lossy,confidence_deadline,remote_accept_rate,0.0,0.0,0.0,0.0,30
150.0,lossy,confidence_deadline,remote_accepted_per_frame,0.0,0.0,0.0,0.0,30
150.0,lossy,confidence_deadline,remote_rejected_deadline_rate,0.0,0.0,0.0,0.0,30
150.0,lossy,confidence_deadline,remote_failed_loss_rate,0.0,0.0,0.0,0.0,30
150.0,lossy,confidence_deadline,fallback_rate,0.0,0.0,0.0,0.0,30
150.0,lossy,confidence_deadline,reuse_rate,0.0,0.0,0.0,0.0,30
150.0,lossy,confidence_deadline,stale_acceptance_rate,0.0,0.0,0.0,0.0,30
150.0,lossy,confidence_deadline,mode_switches_per_1000,0.0,0.0,0.0,0.0,30
150.0,lossy,confidence_deadline,pct_local_fast,100.0,0.0,100.0,100.0,30
150.0,lossy,confidence_deadline,pct_edge_accurate,0.0,0.0,0.0,0.0,30
150.0,lossy,confidence_deadline,pct_hybrid,0.0,0.0,0.0,0.0,30
150.0,lossy,confidence_deadline,pct_degraded_safe,0.0,0.0,0.0,0.0,30
150.0,lossy,rtt_threshold,deadline_miss_rate,0.0,0.0,0.0,0.0,30
150.0,lossy,rtt_threshold,p95_latency_ms,34.012278154614826,0.12120943376607804,33.96820622195287,34.05448763655662,30
150.0,lossy,rtt_threshold,p99_latency_ms,34.80546807570768,0.06143547890706443,34.78316485257998,34.826772350222946,30
150.0,lossy,rtt_threshold,mean_latency_ms,25.003209635014095,0.15974262798343122,24.94828249795479,25.06142062043607,30
150.0,lossy,rtt_threshold,usable_confidence_proxy,0.7247968267120143,0.001322250002252836,0.724324432482122,0.7252569980501671,30
150.0,lossy,rtt_threshold,mean_output_confidence,0.7247968267120143,0.001322250002252836,0.724324432482122,0.7252569980501671,30
150.0,lossy,rtt_threshold,bandwidth_per_1000_frames_kb,0.0,0.0,0.0,0.0,30
150.0,lossy,rtt_threshold,remote_attempt_rate,0.0,0.0,0.0,0.0,30
150.0,lossy,rtt_threshold,remote_accept_rate,0.0,0.0,0.0,0.0,30
150.0,lossy,rtt_threshold,remote_accepted_per_frame,0.0,0.0,0.0,0.0,30
150.0,lossy,rtt_threshold,remote_rejected_deadline_rate,0.0,0.0,0.0,0.0,30
150.0,lossy,rtt_threshold,remote_failed_loss_rate,0.0,0.0,0.0,0.0,30
150.0,lossy,rtt_threshold,fallback_rate,0.0,0.0,0.0,0.0,30
150.0,lossy,rtt_threshold,reuse_rate,0.0,0.0,0.0,0.0,30
150.0,lossy,rtt_threshold,stale_acceptance_rate,0.0,0.0,0.0,0.0,30
150.0,lossy,rtt_threshold,mode_switches_per_1000,0.0,0.0,0.0,0.0,30
150.0,lossy,rtt_threshold,pct_local_fast,100.0,0.0,100.0,100.0,30
150.0,lossy,rtt_threshold,pct_edge_accurate,0.0,0.0,0.0,0.0,30
150.0,lossy,rtt_threshold,pct_hybrid,0.0,0.0,0.0,0.0,30
150.0,lossy,rtt_threshold,pct_degraded_safe,0.0,0.0,0.0,0.0,30
150.0,lossy,oracle_feasible,deadline_miss_rate,0.5666333333333333,0.018355649949197392,0.5602325,0.5732333333333333,30
150.0,lossy,oracle_feasible,p95_latency_ms,172.92952702458075,0.6263327450668271,172.70881829078672,173.15160540538687,30
150.0,lossy,oracle_feasible,p99_latency_ms,177.00829687616937,0.8180943198839141,176.7128522248919,177.29953641618553,30
150.0,lossy,oracle_feasible,mean_latency_ms,114.30064529374704,1.9631078915642433,113.59395284587679,114.98658209933257,30
150.0,lossy,oracle_feasible,usable_confidence_proxy,0.3328583001356261,0.01455785260295737,0.327698862377157,0.3379175869468624,30
150.0,lossy,oracle_feasible,mean_output_confidence,0.7434737048265869,0.0024259067554197747,0.74263216066205,0.7443649231807572,30
150.0,lossy,oracle_feasible,bandwidth_per_1000_frames_kb,17721.666666666668,323.75313427675565,17606.666666666668,17837.5,30
150.0,lossy,oracle_feasible,remote_attempt_rate,0.7088666666666669,0.012950125371070232,0.7042666666666667,0.7134999999999999,30
150.0,lossy,oracle_feasible,remote_accept_rate,0.1762775710708153,0.017555480417722577,0.17005524499221972,0.18254727020564043,30
150.0,lossy,oracle_feasible,remote_accepted_per_frame,0.12493333333333334,0.01250085054577552,0.12056666666666667,0.12946666666666667,30
150.0,lossy,oracle_feasible,remote_rejected_deadline_rate,0.0,0.0,0.0,0.0,30
150.0,lossy,oracle_feasible,remote_failed_loss_rate,0.0,0.0,0.0,0.0,30
150.0,lossy,oracle_feasible,fallback_rate,0.5839333333333333,0.017208525019109945,0.5778324999999999,0.59,30
150.0,lossy,oracle_feasible,reuse_rate,0.0,0.0,0.0,0.0,30
150.0,lossy,oracle_feasible,stale_acceptance_rate,0.0,0.0,0.0,0.0,30
150.0,lossy,oracle_feasible,mode_switches_per_1000,416.4,16.912757885996736,410.4,422.3666666666667,30
150.0,lossy,oracle_feasible,pct_local_fast,29.11333333333334,1.2950125371070225,28.65,29.573333333333334,30
150.0,lossy,oracle_feasible,pct_edge_accurate,70.88666666666667,1.2950125371070242,70.42666666666666,71.35,30
150.0,lossy,oracle_feasible,pct_hybrid,0.0,0.0,0.0,0.0,30
150.0,lossy,oracle_feasible,pct_degraded_safe,0.0,0.0,0.0,0.0,30
150.0,variable,local_only,deadline_miss_rate,0.0,0.0,0.0,0.0,30
150.0,variable,local_only,p95_latency_ms,33.968149024906744,0.1405586387811733,33.91643690824179,34.01692474906916,30
150.0,variable,local_only,p99_latency_ms,34.76851135047007,0.06136746205108886,34.74544472215542,34.78830822433854,30
150.0,variable,local_only,mean_latency_ms,24.954267881168015,0.19098209259437163,24.888226088629484,25.022143227100855,30
150.0,variable,local_only,usable_confidence_proxy,0.7253139635038416,0.0015586878317280677,0.7247747251435688,0.725862167316182,30
150.0,variable,local_only,mean_output_confidence,0.7253139635038416,0.0015586878317280677,0.7247747251435688,0.725862167316182,30
150.0,variable,local_only,bandwidth_per_1000_frames_kb,0.0,0.0,0.0,0.0,30
150.0,variable,local_only,remote_attempt_rate,0.0,0.0,0.0,0.0,30
150.0,variable,local_only,remote_accept_rate,0.0,0.0,0.0,0.0,30
150.0,variable,local_only,remote_accepted_per_frame,0.0,0.0,0.0,0.0,30
150.0,variable,local_only,remote_rejected_deadline_rate,0.0,0.0,0.0,0.0,30
150.0,variable,local_only,remote_failed_loss_rate,0.0,0.0,0.0,0.0,30
150.0,variable,local_only,fallback_rate,0.0,0.0,0.0,0.0,30
150.0,variable,local_only,reuse_rate,0.0,0.0,0.0,0.0,30
150.0,variable,local_only,stale_acceptance_rate,0.0,0.0,0.0,0.0,30
150.0,variable,local_only,mode_switches_per_1000,0.0,0.0,0.0,0.0,30
150.0,variable,local_only,pct_local_fast,100.0,0.0,100.0,100.0,30
150.0,variable,local_only,pct_edge_accurate,0.0,0.0,0.0,0.0,30
150.0,variable,local_only,pct_hybrid,0.0,0.0,0.0,0.0,30
150.0,variable,local_only,pct_degraded_safe,0.0,0.0,0.0,0.0,30
150.0,variable,edge_only,deadline_miss_rate,0.7260333333333333,0.03868572162272877,0.7126325,0.7398333333333333,30
150.0,variable,edge_only,p95_latency_ms,182.8883520389774,0.3437476739418572,182.76523660311022,183.012996889014,30
150.0,variable,edge_only,p99_latency_ms,184.51435033704075,0.16738169444615575,184.45208644902382,184.57059471530647,30
150.0,variable,edge_only,mean_latency_ms,136.44390202598382,5.78016439989054,134.40954187856582,138.4763119962117,30
150.0,variable,edge_only,usable_confidence_proxy,0.20487478912540344,0.02824380256601878,0.19479746368305567,0.21459992194514624,30
150.0,variable,edge_only,mean_output_confidence,0.7316820879972125,0.0021661360124628016,0.7308923541219083,0.7324372968342028,30
150.0,variable,edge_only,bandwidth_per_1000_frames_kb,19550.0,1002.346385169353,19192.479166666668,19895.020833333332,30
150.0,variable,edge_only,remote_attempt_rate,0.7819999999999999,0.04009385540677411,0.7676991666666665,0.7958008333333334,30
150.0,variable,edge_only,remote_accept_rate,0.053694758605144007,0.010525070289835119,0.05012033227121713,0.05742498264975691,30
150.0,variable,edge_only,remote_accepted_per_frame,0.04196666666666666,0.008479115655470833,0.03906583333333333,0.04503333333333333,30
150.0,variable,edge_only,remote_rejected_deadline_rate,0.26739603604237294,0.02139819374398681,0.25985042909149747,0.27482039642796596,30
150.0,variable,edge_only,remote_failed_loss_rate,0.06997031301495303,0.010165868779043342,0.06632832603520199,0.07338833491631039,30
150.0,variable,edge_only,fallback_rate,0.9580333333333332,0.00847911565547083,0.9549666666666667,0.9609341666666668,30
150.0,variable,edge_only,reuse_rate,0.0,0.0,0.0,0.0,30
150.0,variable,edge_only,stale_acceptance_rate,0.0,0.0,0.0,0.0,30
150.0,variable,edge_only,mode_switches_per_1000,0.0,0.0,0.0,0.0,30
150.0,variable,edge_only,pct_local_fast,0.0,0.0,0.0,0.0,30
150.0,variable,edge_only,pct_edge_accurate,100.0,0.0,100.0,100.0,30
150.0,variable,edge_only,pct_hybrid,0.0,0.0,0.0,0.0,30
150.0,variable,edge_only,pct_degraded_safe,0.0,0.0,0.0,0.0,30
150.0,variable,cloud_only,deadline_miss_rate,0.7819999999999999,0.04009385540677411,0.7676991666666665,0.7958008333333334,30
150.0,variable,cloud_only,p95_latency_ms,183.66637047187734,0.2303474546051647,183.5857721747686,183.74635794064133,30
150.0,variable,cloud_only,p99_latency_ms,184.7116231796218,0.08756262698262257,184.67894521122975,184.73983835733037,30
150.0,variable,cloud_only,mean_latency_ms,142.25426788116803,5.98243690433091,140.1315913734641,144.33227641811678,30
150.0,variable,cloud_only,usable_confidence_proxy,0.1580399411309307,0.029087738068927515,0.1479729652944653,0.16840410707253156,30
150.0,variable,cloud_only,mean_output_confidence,0.7253139635038416,0.0015586878317280677,0.7247747251435688,0.725862167316182,30
150.0,variable,cloud_only,bandwidth_per_1000_frames_kb,27370.0,1403.2849392370942,26869.470833333333,27853.029166666667,30
150.0,variable,cloud_only,remote_attempt_rate,0.7819999999999999,0.04009385540677411,0.7676991666666665,0.7958008333333334,30
150.0,variable,cloud_only,remote_accept_rate,0.0,0.0,0.0,0.0,30
150.0,variable,cloud_only,remote_accepted_per_frame,0.0,0.0,0.0,0.0,30
150.0,variable,cloud_only,remote_rejected_deadline_rate,0.9282382668900749,0.011708123029951226,0.9240471924385651,0.9323063818590034,30
150.0,variable,cloud_only,remote_failed_loss_rate,0.07176173310992494,0.011708123029951225,0.0676936181409964,0.07595280756143473,30
150.0,variable,cloud_only,fallback_rate,1.0,0.0,1.0,1.0,30
150.0,variable,cloud_only,reuse_rate,0.0,0.0,0.0,0.0,30
150.0,variable,cloud_only,stale_acceptance_rate,0.0,0.0,0.0,0.0,30
150.0,variable,cloud_only,mode_switches_per_1000,0.0,0.0,0.0,0.0,30
150.0,variable,cloud_only,pct_local_fast,0.0,0.0,0.0,0.0,30
150.0,variable,cloud_only,pct_edge_accurate,100.0,0.0,100.0,100.0,30
150.0,variable,cloud_only,pct_hybrid,0.0,0.0,0.0,0.0,30
150.0,variable,cloud_only,pct_degraded_safe,0.0,0.0,0.0,0.0,30
150.0,variable,dapper,deadline_miss_rate,0.06939999999999999,0.009342524210334683,0.06613333333333334,0.07266666666666667,30
150.0,variable,dapper,p95_latency_ms,156.0089195963997,2.1896969006965183,155.20958859495386,156.75636193748164,30
150.0,variable,dapper,p99_latency_ms,167.7440901897293,1.0710009263631886,167.3662792750886,168.1197063478168,30
150.0,variable,dapper,mean_latency_ms,33.7540865171251,2.1232625362416604,33.02662303388562,34.51789461855445,30
150.0,variable,dapper,usable_confidence_proxy,0.6818531238656941,0.006702607600490817,0.6794937018223147,0.684149764500716,30
150.0,variable,dapper,mean_output_confidence,0.7301825877817261,0.002339741732380582,0.729344479482263,0.7309556014673484,30
150.0,variable,dapper,bandwidth_per_1000_frames_kb,5777.5,618.9308774285564,5560.791666666666,5989.229166666666,30
150.0,variable,dapper,remote_attempt_rate,0.2311,0.02475723509714226,0.22243166666666667,0.23956916666666667,30
150.0,variable,dapper,remote_accept_rate,0.1593225904647559,0.030227815733317422,0.14854986769116424,0.16977120142322374,30
150.0,variable,dapper,remote_accepted_per_frame,0.03679999999999999,0.008243701880202556,0.03400000000000001,0.03976666666666666,30
150.0,variable,dapper,remote_rejected_deadline_rate,0.0836572475776448,0.020157215009981595,0.07680966510906594,0.0907001062433258,30
150.0,variable,dapper,remote_failed_loss_rate,0.07193615784084549,0.016135950496985536,0.06638961513178773,0.07778178250251701,30
150.0,variable,dapper,fallback_rate,0.2996,0.03939333043496856,0.2859,0.3136666666666666,30
150.0,variable,dapper,reuse_rate,0.1659666666666667,0.030202173172932705,0.1555325,0.1767008333333333,30
150.0,variable,dapper,stale_acceptance_rate,0.0,0.0,0.0,0.0,30
150.0,variable,dapper,mode_switches_per_1000,364.76666666666665,21.05277986941119,357.36583333333334,372.3675,30
150.0,variable,dapper,pct_local_fast,60.29333333333332,2.978652013259012,59.230000000000004,61.34333333333333,30
150.0,variable,dapper,pct_edge_accurate,11.043333333333331,1.6332078300363226,10.49,11.626666666666665,30
150.0,variable,dapper,pct_hybrid,12.066666666666666,1.414782384468473,11.57325,12.546750000000001,30
150.0,variable,dapper,pct_degraded_safe,16.596666666666668,3.0202173172932705,15.55325,17.670083333333338,30
150.0,variable,deadline_greedy,deadline_miss_rate,0.0,0.0,0.0,0.0,30
150.0,variable,deadline_greedy,p95_latency_ms,33.968149024906744,0.1405586387811733,33.91643690824179,34.01692474906916,30
150.0,variable,deadline_greedy,p99_latency_ms,34.76851135047007,0.06136746205108886,34.74544472215542,34.78830822433854,30
150.0,variable,deadline_greedy,mean_latency_ms,24.954267881168015,0.19098209259437163,24.888226088629484,25.022143227100855,30
150.0,variable,deadline_greedy,usable_confidence_proxy,0.7253139635038416,0.0015586878317280677,0.7247747251435688,0.725862167316182,30
150.0,variable,deadline_greedy,mean_output_confidence,0.7253139635038416,0.0015586878317280677,0.7247747251435688,0.725862167316182,30
150.0,variable,deadline_greedy,bandwidth_per_1000_frames_kb,0.0,0.0,0.0,0.0,30
150.0,variable,deadline_greedy,remote_attempt_rate,0.0,0.0,0.0,0.0,30
150.0,variable,deadline_greedy,remote_accept_rate,0.0,0.0,0.0,0.0,30
150.0,variable,deadline_greedy,remote_accepted_per_frame,0.0,0.0,0.0,0.0,30
150.0,variable,deadline_greedy,remote_rejected_deadline_rate,0.0,0.0,0.0,0.0,30
150.0,variable,deadline_greedy,remote_failed_loss_rate,0.0,0.0,0.0,0.0,30
150.0,variable,deadline_greedy,fallback_rate,0.0,0.0,0.0,0.0,30
150.0,variable,deadline_greedy,reuse_rate,0.0,0.0,0.0,0.0,30
150.0,variable,deadline_greedy,stale_acceptance_rate,0.0,0.0,0.0,0.0,30
150.0,variable,deadline_greedy,mode_switches_per_1000,0.0,0.0,0.0,0.0,30
150.0,variable,deadline_greedy,pct_local_fast,100.0,0.0,100.0,100.0,30
150.0,variable,deadline_greedy,pct_edge_accurate,0.0,0.0,0.0,0.0,30
150.0,variable,deadline_greedy,pct_hybrid,0.0,0.0,0.0,0.0,30
150.0,variable,deadline_greedy,pct_degraded_safe,0.0,0.0,0.0,0.0,30
150.0,variable,confidence_deadline,deadline_miss_rate,0.0,0.0,0.0,0.0,30
150.0,variable,confidence_deadline,p95_latency_ms,33.968149024906744,0.1405586387811733,33.91643690824179,34.01692474906916,30
150.0,variable,confidence_deadline,p99_latency_ms,34.76851135047007,0.06136746205108886,34.74544472215542,34.78830822433854,30
150.0,variable,confidence_deadline,mean_latency_ms,24.954267881168015,0.19098209259437163,24.888226088629484,25.022143227100855,30
150.0,variable,confidence_deadline,usable_confidence_proxy,0.7253139635038416,0.0015586878317280677,0.7247747251435688,0.725862167316182,30
150.0,variable,confidence_deadline,mean_output_confidence,0.7253139635038416,0.0015586878317280677,0.7247747251435688,0.725862167316182,30
150.0,variable,confidence_deadline,bandwidth_per_1000_frames_kb,0.0,0.0,0.0,0.0,30
150.0,variable,confidence_deadline,remote_attempt_rate,0.0,0.0,0.0,0.0,30
150.0,variable,confidence_deadline,remote_accept_rate,0.0,0.0,0.0,0.0,30
150.0,variable,confidence_deadline,remote_accepted_per_frame,0.0,0.0,0.0,0.0,30
150.0,variable,confidence_deadline,remote_rejected_deadline_rate,0.0,0.0,0.0,0.0,30
150.0,variable,confidence_deadline,remote_failed_loss_rate,0.0,0.0,0.0,0.0,30
150.0,variable,confidence_deadline,fallback_rate,0.0,0.0,0.0,0.0,30
150.0,variable,confidence_deadline,reuse_rate,0.0,0.0,0.0,0.0,30
150.0,variable,confidence_deadline,stale_acceptance_rate,0.0,0.0,0.0,0.0,30
150.0,variable,confidence_deadline,mode_switches_per_1000,0.0,0.0,0.0,0.0,30
150.0,variable,confidence_deadline,pct_local_fast,100.0,0.0,100.0,100.0,30
150.0,variable,confidence_deadline,pct_edge_accurate,0.0,0.0,0.0,0.0,30
150.0,variable,confidence_deadline,pct_hybrid,0.0,0.0,0.0,0.0,30
150.0,variable,confidence_deadline,pct_degraded_safe,0.0,0.0,0.0,0.0,30
150.0,variable,rtt_threshold,deadline_miss_rate,0.0,0.0,0.0,0.0,30
150.0,variable,rtt_threshold,p95_latency_ms,33.986695938437485,0.1373435794736967,33.93640071825767,34.03465311828479,30
150.0,variable,rtt_threshold,p99_latency_ms,34.78130098298774,0.06030290078866963,34.75768079084346,34.80021007461255,30
150.0,variable,rtt_threshold,mean_latency_ms,25.006386001287627,0.19269180399914132,24.939954034342907,25.07527110494459,30
150.0,variable,rtt_threshold,usable_confidence_proxy,0.7254046937630475,0.001612361510553975,0.7248448879040539,0.7259647125728497,30
150.0,variable,rtt_threshold,mean_output_confidence,0.7254046937630475,0.001612361510553975,0.7248448879040539,0.7259647125728497,30
150.0,variable,rtt_threshold,bandwidth_per_1000_frames_kb,18.333333333333332,22.679678482993406,10.833333333333334,26.666666666666668,30
150.0,variable,rtt_threshold,remote_attempt_rate,0.0007333333333333333,0.0009071871393197364,0.00043333333333333337,0.001066666666666667,30
150.0,variable,rtt_threshold,remote_accept_rate,0.3222222222222222,0.44835444836260846,0.16666666666666666,0.48333333333333334,30
150.0,variable,rtt_threshold,remote_accepted_per_frame,0.0005,0.0007310832774866962,0.0002666666666666667,0.0007666666666666669,30
150.0,variable,rtt_threshold,remote_rejected_deadline_rate,0.05,0.20128894996822436,0.0,0.13333333333333333,30
150.0,variable,rtt_threshold,remote_failed_loss_rate,0.016666666666666666,0.09128709291752767,0.0,0.05,30
150.0,variable,rtt_threshold,fallback_rate,0.00023333333333333333,0.000504006932993731,6.666666666666667e-05,0.00043333333333333337,30
150.0,variable,rtt_threshold,reuse_rate,0.0,0.0,0.0,0.0,30
150.0,variable,rtt_threshold,stale_acceptance_rate,0.0,0.0,0.0,0.0,30
150.0,variable,rtt_threshold,mode_switches_per_1000,1.1333333333333333,1.3578211078487255,0.6666666666666666,1.6,30
150.0,variable,rtt_threshold,pct_local_fast,99.92666666666668,0.0907187139319738,99.89333333333335,99.95666666666668,30
150.0,variable,rtt_threshold,pct_edge_accurate,0.07333333333333333,0.09071871393197363,0.043333333333333335,0.1066666666666667,30
150.0,variable,rtt_threshold,pct_hybrid,0.0,0.0,0.0,0.0,30
150.0,variable,rtt_threshold,pct_degraded_safe,0.0,0.0,0.0,0.0,30
150.0,variable,oracle_feasible,deadline_miss_rate,0.4671,0.03182208081798246,0.4563666666666667,0.47856916666666655,30
150.0,variable,oracle_feasible,p95_latency_ms,181.6210290408795,0.5003483381300824,181.43855965548235,181.7951627030285,30
150.0,variable,oracle_feasible,p99_latency_ms,184.22373597077657,0.28138488144030516,184.12069834713412,184.32179385607063,30
150.0,variable,oracle_feasible,mean_latency_ms,97.49051500912474,4.733149966274596,95.88607194376267,99.17861802550972,30
150.0,variable,oracle_feasible,usable_confidence_proxy,0.39277123290975735,0.023190443976573615,0.3843557267560074,0.40057383611096337,30
150.0,variable,oracle_feasible,mean_output_confidence,0.7316820879972125,0.0021661360124628016,0.7308923541219083,0.7324372968342028,30
150.0,variable,oracle_feasible,bandwidth_per_1000_frames_kb,12956.666666666666,836.1429647322666,12664.979166666666,13250.833333333334,30
150.0,variable,oracle_feasible,remote_attempt_rate,0.5182666666666667,0.033445718589290664,0.5065991666666666,0.5300333333333334,30
150.0,variable,oracle_feasible,remote_accept_rate,0.0810155220253255,0.015320267869495282,0.07575952461954785,0.08632745794435516,30
150.0,variable,oracle_feasible,remote_accepted_per_frame,0.04196666666666666,0.008479115655470833,0.03906583333333333,0.04503333333333333,30
150.0,variable,oracle_feasible,remote_rejected_deadline_rate,0.0,0.0,0.0,0.0,30
150.0,variable,oracle_feasible,remote_failed_loss_rate,0.0,0.0,0.0,0.0,30
150.0,variable,oracle_feasible,fallback_rate,0.4763,0.03235487491915991,0.46539916666666664,0.4878675000000001,30
150.0,variable,oracle_feasible,reuse_rate,0.0,0.0,0.0,0.0,30
150.0,variable,oracle_feasible,stale_acceptance_rate,0.0,0.0,0.0,0.0,30
150.0,variable,oracle_feasible,mode_switches_per_1000,334.06666666666666,23.829760201570803,325.7,342.83416666666665,30
150.0,variable,oracle_feasible,pct_local_fast,48.173333333333325,3.3445718589290667,46.99666666666666,49.34008333333333,30
150.0,variable,oracle_feasible,pct_edge_accurate,51.826666666666675,3.3445718589290663,50.65991666666666,53.003333333333345,30
150.0,variable,oracle_feasible,pct_hybrid,0.0,0.0,0.0,0.0,30
150.0,variable,oracle_feasible,pct_degraded_safe,0.0,0.0,0.0,0.0,30
150.0,outage,local_only,deadline_miss_rate,0.0,0.0,0.0,0.0,30
150.0,outage,local_only,p95_latency_ms,34.0121154317442,0.15795577821290474,33.95559240397263,34.06678081351494,30
150.0,outage,local_only,p99_latency_ms,34.777699557235714,0.07705312091530245,34.749491147370385,34.80488086421645,30
150.0,outage,local_only,mean_latency_ms,25.010062503109022,0.1685788631806354,24.95087977218813,25.069247105913615,30
150.0,outage,local_only,usable_confidence_proxy,0.7249467226228217,0.0013696023696029161,0.7244430956540359,0.7254187925547377,30
150.0,outage,local_only,mean_output_confidence,0.7249467226228217,0.0013696023696029161,0.7244430956540359,0.7254187925547377,30
150.0,outage,local_only,bandwidth_per_1000_frames_kb,0.0,0.0,0.0,0.0,30
150.0,outage,local_only,remote_attempt_rate,0.0,0.0,0.0,0.0,30
150.0,outage,local_only,remote_accept_rate,0.0,0.0,0.0,0.0,30
150.0,outage,local_only,remote_accepted_per_frame,0.0,0.0,0.0,0.0,30
150.0,outage,local_only,remote_rejected_deadline_rate,0.0,0.0,0.0,0.0,30
150.0,outage,local_only,remote_failed_loss_rate,0.0,0.0,0.0,0.0,30
150.0,outage,local_only,fallback_rate,0.0,0.0,0.0,0.0,30
150.0,outage,local_only,reuse_rate,0.0,0.0,0.0,0.0,30
150.0,outage,local_only,stale_acceptance_rate,0.0,0.0,0.0,0.0,30
150.0,outage,local_only,mode_switches_per_1000,0.0,0.0,0.0,0.0,30
150.0,outage,local_only,pct_local_fast,100.0,0.0,100.0,100.0,30
150.0,outage,local_only,pct_edge_accurate,0.0,0.0,0.0,0.0,30
150.0,outage,local_only,pct_hybrid,0.0,0.0,0.0,0.0,30
150.0,outage,local_only,pct_degraded_safe,0.0,0.0,0.0,0.0,30
150.0,outage,edge_only,deadline_miss_rate,0.1468,0.017916280402144744,0.14046666666666668,0.15319999999999998,30
150.0,outage,edge_only,p95_latency_ms,178.07706649270378,1.0513613154172003,177.6965339721177,178.4416182981496,30
150.0,outage,edge_only,p99_latency_ms,183.55336169996858,0.4945316161528973,183.37598231284056,183.7263910559284,30
150.0,outage,edge_only,mean_latency_ms,47.03006250310902,2.6868619413648336,46.07550273396408,47.98098322466129,30
150.0,outage,edge_only,usable_confidence_proxy,0.6187231720593105,0.013185832525004102,0.6140224486563564,0.6233365380563796,30
150.0,outage,edge_only,mean_output_confidence,0.7249467226228217,0.0013696023696029161,0.7244430956540359,0.7254187925547377,30
150.0,outage,edge_only,bandwidth_per_1000_frames_kb,3670.0,447.9070100536186,3511.6666666666665,3830.0,30
150.0,outage,edge_only,remote_attempt_rate,0.1468,0.017916280402144744,0.14046666666666668,0.15319999999999998,30
150.0,outage,edge_only,remote_accept_rate,0.0,0.0,0.0,0.0,30
150.0,outage,edge_only,remote_accepted_per_frame,0.0,0.0,0.0,0.0,30
150.0,outage,edge_only,remote_rejected_deadline_rate,0.6478458263339892,0.030744298729784847,0.6370254896761771,0.6587201011002732,30
150.0,outage,edge_only,remote_failed_loss_rate,0.3521541736660107,0.030744298729784847,0.3412798988997264,0.36297451032382305,30
150.0,outage,edge_only,fallback_rate,1.0,0.0,1.0,1.0,30
150.0,outage,edge_only,reuse_rate,0.0,0.0,0.0,0.0,30
150.0,outage,edge_only,stale_acceptance_rate,0.0,0.0,0.0,0.0,30
150.0,outage,edge_only,mode_switches_per_1000,0.0,0.0,0.0,0.0,30
150.0,outage,edge_only,pct_local_fast,0.0,0.0,0.0,0.0,30
150.0,outage,edge_only,pct_edge_accurate,100.0,0.0,100.0,100.0,30
150.0,outage,edge_only,pct_hybrid,0.0,0.0,0.0,0.0,30
150.0,outage,edge_only,pct_degraded_safe,0.0,0.0,0.0,0.0,30
150.0,outage,cloud_only,deadline_miss_rate,0.1468,0.017916280402144744,0.14046666666666668,0.15319999999999998,30
150.0,outage,cloud_only,p95_latency_ms,178.07706649270378,1.0513613154172003,177.6965339721177,178.4416182981496,30
150.0,outage,cloud_only,p99_latency_ms,183.55336169996858,0.4945316161528973,183.37598231284056,183.7263910559284,30
150.0,outage,cloud_only,mean_latency_ms,47.03006250310902,2.6868619413648336,46.07550273396408,47.98098322466129,30
150.0,outage,cloud_only,usable_confidence_proxy,0.6187231720593105,0.013185832525004102,0.6140224486563564,0.6233365380563796,30
150.0,outage,cloud_only,mean_output_confidence,0.7249467226228217,0.0013696023696029161,0.7244430956540359,0.7254187925547377,30
150.0,outage,cloud_only,bandwidth_per_1000_frames_kb,5138.0,627.069814075066,4916.333333333333,5362.0,30
150.0,outage,cloud_only,remote_attempt_rate,0.1468,0.017916280402144744,0.14046666666666668,0.15319999999999998,30
150.0,outage,cloud_only,remote_accept_rate,0.0,0.0,0.0,0.0,30
150.0,outage,cloud_only,remote_accepted_per_frame,0.0,0.0,0.0,0.0,30
150.0,outage,cloud_only,remote_rejected_deadline_rate,0.6512698376729025,0.03850931772583731,0.6377876605443613,0.6650002425313353,30
150.0,outage,cloud_only,remote_failed_loss_rate,0.34873016232709736,0.03850931772583731,0.3349997574686648,0.36221233945563863,30
150.0,outage,cloud_only,fallback_rate,1.0,0.0,1.0,1.0,30
150.0,outage,cloud_only,reuse_rate,0.0,0.0,0.0,0.0,30
150.0,outage,cloud_only,stale_acceptance_rate,0.0,0.0,0.0,0.0,30
150.0,outage,cloud_only,mode_switches_per_1000,0.0,0.0,0.0,0.0,30
150.0,outage,cloud_only,pct_local_fast,0.0,0.0,0.0,0.0,30
150.0,outage,cloud_only,pct_edge_accurate,100.0,0.0,100.0,100.0,30
150.0,outage,cloud_only,pct_hybrid,0.0,0.0,0.0,0.0,30
150.0,outage,cloud_only,pct_degraded_safe,0.0,0.0,0.0,0.0,30
150.0,outage,dapper,deadline_miss_rate,0.0,0.0,0.0,0.0,30
150.0,outage,dapper,p95_latency_ms,31.18838425196936,0.5009047087578914,31.014573146138307,31.359947063348404,30
150.0,outage,dapper,p99_latency_ms,34.18711647171901,0.2345203938192105,34.10222418561493,34.27049382149214,30
150.0,outage,dapper,mean_latency_ms,7.381609814192322,0.14348774576691167,7.331697649688182,7.433717812533078,30
150.0,outage,dapper,usable_confidence_proxy,0.7255264574970844,0.00273138929991575,0.7245230285258677,0.7264802357218441,30
150.0,outage,dapper,mean_output_confidence,0.7255264574970844,0.00273138929991575,0.7245230285258677,0.7264802357218441,30
150.0,outage,dapper,bandwidth_per_1000_frames_kb,0.0,0.0,0.0,0.0,30
150.0,outage,dapper,remote_attempt_rate,0.0,0.0,0.0,0.0,30
150.0,outage,dapper,remote_accept_rate,0.0,0.0,0.0,0.0,30
150.0,outage,dapper,remote_accepted_per_frame,0.0,0.0,0.0,0.0,30
150.0,outage,dapper,remote_rejected_deadline_rate,0.0,0.0,0.0,0.0,30
150.0,outage,dapper,remote_failed_loss_rate,0.0,0.0,0.0,0.0,30
150.0,outage,dapper,fallback_rate,1.0,0.0,1.0,1.0,30
150.0,outage,dapper,reuse_rate,0.7340333333333333,0.0029300268721061903,0.7329666666666668,0.7350333333333333,30
150.0,outage,dapper,stale_acceptance_rate,0.0,0.0,0.0,0.0,30
150.0,outage,dapper,mode_switches_per_1000,418.43333333333334,10.48375864860971,414.6666666666667,422.1333333333333,30
150.0,outage,dapper,pct_local_fast,22.63,0.6012343624749752,22.419916666666666,22.84333333333333,30
150.0,outage,dapper,pct_edge_accurate,0.0,0.0,0.0,0.0,30
150.0,outage,dapper,pct_hybrid,0.0,0.0,0.0,0.0,30
150.0,outage,dapper,pct_degraded_safe,77.36999999999999,0.6012343624749765,77.15666666666668,77.58008333333335,30
150.0,outage,deadline_greedy,deadline_miss_rate,0.0,0.0,0.0,0.0,30
150.0,outage,deadline_greedy,p95_latency_ms,34.0121154317442,0.15795577821290474,33.95559240397263,34.06678081351494,30
150.0,outage,deadline_greedy,p99_latency_ms,34.777699557235714,0.07705312091530245,34.749491147370385,34.80488086421645,30
150.0,outage,deadline_greedy,mean_latency_ms,25.010062503109022,0.1685788631806354,24.95087977218813,25.069247105913615,30
150.0,outage,deadline_greedy,usable_confidence_proxy,0.7249467226228217,0.0013696023696029161,0.7244430956540359,0.7254187925547377,30
150.0,outage,deadline_greedy,mean_output_confidence,0.7249467226228217,0.0013696023696029161,0.7244430956540359,0.7254187925547377,30
150.0,outage,deadline_greedy,bandwidth_per_1000_frames_kb,0.0,0.0,0.0,0.0,30
150.0,outage,deadline_greedy,remote_attempt_rate,0.0,0.0,0.0,0.0,30
150.0,outage,deadline_greedy,remote_accept_rate,0.0,0.0,0.0,0.0,30
150.0,outage,deadline_greedy,remote_accepted_per_frame,0.0,0.0,0.0,0.0,30
150.0,outage,deadline_greedy,remote_rejected_deadline_rate,0.0,0.0,0.0,0.0,30
150.0,outage,deadline_greedy,remote_failed_loss_rate,0.0,0.0,0.0,0.0,30
150.0,outage,deadline_greedy,fallback_rate,0.0,0.0,0.0,0.0,30
150.0,outage,deadline_greedy,reuse_rate,0.0,0.0,0.0,0.0,30
150.0,outage,deadline_greedy,stale_acceptance_rate,0.0,0.0,0.0,0.0,30
150.0,outage,deadline_greedy,mode_switches_per_1000,0.0,0.0,0.0,0.0,30
150.0,outage,deadline_greedy,pct_local_fast,100.0,0.0,100.0,100.0,30
150.0,outage,deadline_greedy,pct_edge_accurate,0.0,0.0,0.0,0.0,30
150.0,outage,deadline_greedy,pct_hybrid,0.0,0.0,0.0,0.0,30
150.0,outage,deadline_greedy,pct_degraded_safe,0.0,0.0,0.0,0.0,30
150.0,outage,confidence_deadline,deadline_miss_rate,0.0,0.0,0.0,0.0,30
150.0,outage,confidence_deadline,p95_latency_ms,34.0121154317442,0.15795577821290474,33.95559240397263,34.06678081351494,30
150.0,outage,confidence_deadline,p99_latency_ms,34.777699557235714,0.07705312091530245,34.749491147370385,34.80488086421645,30
150.0,outage,confidence_deadline,mean_latency_ms,25.010062503109022,0.1685788631806354,24.95087977218813,25.069247105913615,30
150.0,outage,confidence_deadline,usable_confidence_proxy,0.7249467226228217,0.0013696023696029161,0.7244430956540359,0.7254187925547377,30
150.0,outage,confidence_deadline,mean_output_confidence,0.7249467226228217,0.0013696023696029161,0.7244430956540359,0.7254187925547377,30
150.0,outage,confidence_deadline,bandwidth_per_1000_frames_kb,0.0,0.0,0.0,0.0,30
150.0,outage,confidence_deadline,remote_attempt_rate,0.0,0.0,0.0,0.0,30
150.0,outage,confidence_deadline,remote_accept_rate,0.0,0.0,0.0,0.0,30
150.0,outage,confidence_deadline,remote_accepted_per_frame,0.0,0.0,0.0,0.0,30
150.0,outage,confidence_deadline,remote_rejected_deadline_rate,0.0,0.0,0.0,0.0,30
150.0,outage,confidence_deadline,remote_failed_loss_rate,0.0,0.0,0.0,0.0,30
150.0,outage,confidence_deadline,fallback_rate,0.0,0.0,0.0,0.0,30
150.0,outage,confidence_deadline,reuse_rate,0.0,0.0,0.0,0.0,30
150.0,outage,confidence_deadline,stale_acceptance_rate,0.0,0.0,0.0,0.0,30
150.0,outage,confidence_deadline,mode_switches_per_1000,0.0,0.0,0.0,0.0,30
150.0,outage,confidence_deadline,pct_local_fast,100.0,0.0,100.0,100.0,30
150.0,outage,confidence_deadline,pct_edge_accurate,0.0,0.0,0.0,0.0,30
150.0,outage,confidence_deadline,pct_hybrid,0.0,0.0,0.0,0.0,30
150.0,outage,confidence_deadline,pct_degraded_safe,0.0,0.0,0.0,0.0,30
150.0,outage,rtt_threshold,deadline_miss_rate,0.0,0.0,0.0,0.0,30
150.0,outage,rtt_threshold,p95_latency_ms,34.0121154317442,0.15795577821290474,33.95559240397263,34.06678081351494,30
150.0,outage,rtt_threshold,p99_latency_ms,34.777699557235714,0.07705312091530245,34.749491147370385,34.80488086421645,30
150.0,outage,rtt_threshold,mean_latency_ms,25.010062503109022,0.1685788631806354,24.95087977218813,25.069247105913615,30
150.0,outage,rtt_threshold,usable_confidence_proxy,0.7249467226228217,0.0013696023696029161,0.7244430956540359,0.7254187925547377,30
150.0,outage,rtt_threshold,mean_output_confidence,0.7249467226228217,0.0013696023696029161,0.7244430956540359,0.7254187925547377,30
150.0,outage,rtt_threshold,bandwidth_per_1000_frames_kb,0.0,0.0,0.0,0.0,30
150.0,outage,rtt_threshold,remote_attempt_rate,0.0,0.0,0.0,0.0,30
150.0,outage,rtt_threshold,remote_accept_rate,0.0,0.0,0.0,0.0,30
150.0,outage,rtt_threshold,remote_accepted_per_frame,0.0,0.0,0.0,0.0,30
150.0,outage,rtt_threshold,remote_rejected_deadline_rate,0.0,0.0,0.0,0.0,30
150.0,outage,rtt_threshold,remote_failed_loss_rate,0.0,0.0,0.0,0.0,30
150.0,outage,rtt_threshold,fallback_rate,0.0,0.0,0.0,0.0,30
150.0,outage,rtt_threshold,reuse_rate,0.0,0.0,0.0,0.0,30
150.0,outage,rtt_threshold,stale_acceptance_rate,0.0,0.0,0.0,0.0,30
150.0,outage,rtt_threshold,mode_switches_per_1000,0.0,0.0,0.0,0.0,30
150.0,outage,rtt_threshold,pct_local_fast,100.0,0.0,100.0,100.0,30
150.0,outage,rtt_threshold,pct_edge_accurate,0.0,0.0,0.0,0.0,30
150.0,outage,rtt_threshold,pct_hybrid,0.0,0.0,0.0,0.0,30
150.0,outage,rtt_threshold,pct_degraded_safe,0.0,0.0,0.0,0.0,30
150.0,outage,oracle_feasible,deadline_miss_rate,0.0,0.0,0.0,0.0,30
150.0,outage,oracle_feasible,p95_latency_ms,34.0121154317442,0.15795577821290474,33.95559240397263,34.06678081351494,30
150.0,outage,oracle_feasible,p99_latency_ms,34.777699557235714,0.07705312091530245,34.749491147370385,34.80488086421645,30
150.0,outage,oracle_feasible,mean_latency_ms,25.010062503109022,0.1685788631806354,24.95087977218813,25.069247105913615,30
150.0,outage,oracle_feasible,usable_confidence_proxy,0.7249467226228217,0.0013696023696029161,0.7244430956540359,0.7254187925547377,30
150.0,outage,oracle_feasible,mean_output_confidence,0.7249467226228217,0.0013696023696029161,0.7244430956540359,0.7254187925547377,30
150.0,outage,oracle_feasible,bandwidth_per_1000_frames_kb,0.0,0.0,0.0,0.0,30
150.0,outage,oracle_feasible,remote_attempt_rate,0.0,0.0,0.0,0.0,30
150.0,outage,oracle_feasible,remote_accept_rate,0.0,0.0,0.0,0.0,30
150.0,outage,oracle_feasible,remote_accepted_per_frame,0.0,0.0,0.0,0.0,30
150.0,outage,oracle_feasible,remote_rejected_deadline_rate,0.0,0.0,0.0,0.0,30
150.0,outage,oracle_feasible,remote_failed_loss_rate,0.0,0.0,0.0,0.0,30
150.0,outage,oracle_feasible,fallback_rate,0.0,0.0,0.0,0.0,30
150.0,outage,oracle_feasible,reuse_rate,0.0,0.0,0.0,0.0,30
150.0,outage,oracle_feasible,stale_acceptance_rate,0.0,0.0,0.0,0.0,30
150.0,outage,oracle_feasible,mode_switches_per_1000,0.0,0.0,0.0,0.0,30
150.0,outage,oracle_feasible,pct_local_fast,100.0,0.0,100.0,100.0,30
150.0,outage,oracle_feasible,pct_edge_accurate,0.0,0.0,0.0,0.0,30
150.0,outage,oracle_feasible,pct_hybrid,0.0,0.0,0.0,0.0,30
150.0,outage,oracle_feasible,pct_degraded_safe,0.0,0.0,0.0,0.0,30
200.0,stable,local_only,deadline_miss_rate,0.0,0.0,0.0,0.0,30
200.0,stable,local_only,p95_latency_ms,33.984265110354684,0.14612908292769589,33.9343159514038,34.036015368498674,30
200.0,stable,local_only,p99_latency_ms,34.78401367177919,0.06560311317343774,34.76065987728268,34.806824911760046,30
200.0,stable,local_only,mean_latency_ms,25.02027748999063,0.19474756789946776,24.952896569039584,25.094599531312916,30
200.0,stable,local_only,usable_confidence_proxy,0.7249667322554326,0.0015304909747104968,0.7244513387101592,0.7255071023390036,30
200.0,stable,local_only,mean_output_confidence,0.7249667322554326,0.0015304909747104968,0.7244513387101592,0.7255071023390036,30
200.0,stable,local_only,bandwidth_per_1000_frames_kb,0.0,0.0,0.0,0.0,30
200.0,stable,local_only,remote_attempt_rate,0.0,0.0,0.0,0.0,30
200.0,stable,local_only,remote_accept_rate,0.0,0.0,0.0,0.0,30
200.0,stable,local_only,remote_accepted_per_frame,0.0,0.0,0.0,0.0,30
200.0,stable,local_only,remote_rejected_deadline_rate,0.0,0.0,0.0,0.0,30
200.0,stable,local_only,remote_failed_loss_rate,0.0,0.0,0.0,0.0,30
200.0,stable,local_only,fallback_rate,0.0,0.0,0.0,0.0,30
200.0,stable,local_only,reuse_rate,0.0,0.0,0.0,0.0,30
200.0,stable,local_only,stale_acceptance_rate,0.0,0.0,0.0,0.0,30
200.0,stable,local_only,mode_switches_per_1000,0.0,0.0,0.0,0.0,30
200.0,stable,local_only,pct_local_fast,100.0,0.0,100.0,100.0,30
200.0,stable,local_only,pct_edge_accurate,0.0,0.0,0.0,0.0,30
200.0,stable,local_only,pct_hybrid,0.0,0.0,0.0,0.0,30
200.0,stable,local_only,pct_degraded_safe,0.0,0.0,0.0,0.0,30
200.0,stable,edge_only,deadline_miss_rate,0.0,0.0,0.0,0.0,30
200.0,stable,edge_only,p95_latency_ms,152.52768017496658,0.34100345400097426,152.40566292884466,152.64597997557178,30
200.0,stable,edge_only,p99_latency_ms,155.48528101316464,0.4985131228177649,155.3068695505588,155.66130250081798,30
200.0,stable,edge_only,mean_latency_ms,115.05752379524384,1.0251425834892363,114.71155545565776,115.42069999420458,30
200.0,stable,edge_only,usable_confidence_proxy,0.8018397604921572,0.003217967031190964,0.8007202870741114,0.8029298858199907,30
200.0,stable,edge_only,mean_output_confidence,0.8018397604921572,0.003217967031190964,0.8007202870741114,0.8029298858199907,30
200.0,stable,edge_only,bandwidth_per_1000_frames_kb,25000.0,0.0,25000.0,25000.0,30
200.0,stable,edge_only,remote_attempt_rate,1.0,0.0,1.0,1.0,30
200.0,stable,edge_only,remote_accept_rate,0.5123333333333334,0.017307230566588578,0.5061991666666666,0.5182675000000001,30
200.0,stable,edge_only,remote_accepted_per_frame,0.5123333333333334,0.017307230566588578,0.5061991666666666,0.5182675000000001,30
200.0,stable,edge_only,remote_rejected_deadline_rate,0.09549999999999999,0.008838590931544033,0.09233333333333334,0.09856666666666668,30
200.0,stable,edge_only,remote_failed_loss_rate,0.011066666666666669,0.0027784060592154374,0.010133333333333334,0.012066666666666668,30
200.0,stable,edge_only,fallback_rate,0.48766666666666664,0.017307230566588564,0.48173249999999995,0.4938008333333334,30
200.0,stable,edge_only,reuse_rate,0.0,0.0,0.0,0.0,30
200.0,stable,edge_only,stale_acceptance_rate,0.0,0.0,0.0,0.0,30
200.0,stable,edge_only,mode_switches_per_1000,0.0,0.0,0.0,0.0,30
200.0,stable,edge_only,pct_local_fast,0.0,0.0,0.0,0.0,30
200.0,stable,edge_only,pct_edge_accurate,100.0,0.0,100.0,100.0,30
200.0,stable,edge_only,pct_hybrid,0.0,0.0,0.0,0.0,30
200.0,stable,edge_only,pct_degraded_safe,0.0,0.0,0.0,0.0,30
200.0,stable,cloud_only,deadline_miss_rate,1.0,0.0,1.0,1.0,30
200.0,stable,cloud_only,p95_latency_ms,233.98426511035467,0.14612908292769947,233.93431595140382,234.0360153684987,30
200.0,stable,cloud_only,p99_latency_ms,234.7840136717792,0.06560311317343609,234.7606598772827,234.8068249117601,30
200.0,stable,cloud_only,mean_latency_ms,225.02027748999063,0.1947475678994652,224.9528965690396,225.09459953131295,30
200.0,stable,cloud_only,usable_confidence_proxy,0.0,0.0,0.0,0.0,30
200.0,stable,cloud_only,mean_output_confidence,0.7249667322554326,0.0015304909747104968,0.7244513387101592,0.7255071023390036,30
200.0,stable,cloud_only,bandwidth_per_1000_frames_kb,35000.0,0.0,35000.0,35000.0,30
200.0,stable,cloud_only,remote_attempt_rate,1.0,0.0,1.0,1.0,30
200.0,stable,cloud_only,remote_accept_rate,0.0,0.0,0.0,0.0,30
200.0,stable,cloud_only,remote_accepted_per_frame,0.0,0.0,0.0,0.0,30
200.0,stable,cloud_only,remote_rejected_deadline_rate,0.6149333333333333,0.01342137598509682,0.6101333333333333,0.6196333333333331,30
200.0,stable,cloud_only,remote_failed_loss_rate,0.009333333333333334,0.003546084128116275,0.008100000000000001,0.010600000000000002,30
200.0,stable,cloud_only,fallback_rate,1.0,0.0,1.0,1.0,30
200.0,stable,cloud_only,reuse_rate,0.0,0.0,0.0,0.0,30
200.0,stable,cloud_only,stale_acceptance_rate,0.0,0.0,0.0,0.0,30
200.0,stable,cloud_only,mode_switches_per_1000,0.0,0.0,0.0,0.0,30
200.0,stable,cloud_only,pct_local_fast,0.0,0.0,0.0,0.0,30
200.0,stable,cloud_only,pct_edge_accurate,100.0,0.0,100.0,100.0,30
200.0,stable,cloud_only,pct_hybrid,0.0,0.0,0.0,0.0,30
200.0,stable,cloud_only,pct_degraded_safe,0.0,0.0,0.0,0.0,30
200.0,stable,dapper,deadline_miss_rate,0.0,0.0,0.0,0.0,30
200.0,stable,dapper,p95_latency_ms,152.17408599779458,0.45402859838569465,152.0121082246416,152.331350523573,30
200.0,stable,dapper,p99_latency_ms,155.3409355561682,0.549924919346767,155.14753098714868,155.52857408892322,30
200.0,stable,dapper,mean_latency_ms,102.92338016748587,1.8171936585729458,102.2933926565328,103.55524137509077,30
200.0,stable,dapper,usable_confidence_proxy,0.7959976928158301,0.0030581965746421004,0.7949187491188087,0.7970282591916404,30
200.0,stable,dapper,mean_output_confidence,0.7959976928158301,0.0030581965746421004,0.7949187491188087,0.7970282591916404,30
200.0,stable,dapper,bandwidth_per_1000_frames_kb,21621.666666666668,335.8425671130112,21501.645833333336,21735.0,30
200.0,stable,dapper,remote_attempt_rate,0.8648666666666667,0.013433702684520463,0.8600658333333333,0.8694,30
200.0,stable,dapper,remote_accept_rate,0.5119299636219802,0.019710509684781493,0.5048710537106218,0.5185291640553195,30
200.0,stable,dapper,remote_accepted_per_frame,0.4427,0.01712862093609448,0.43670000000000003,0.44869999999999993,30
200.0,stable,dapper,remote_rejected_deadline_rate,0.09571176556872005,0.009351749073901463,0.09250225031077969,0.09893992513413837,30
200.0,stable,dapper,remote_failed_loss_rate,0.011160401044939667,0.0032782175425864904,0.010069906399418155,0.012335025962814114,30
200.0,stable,dapper,fallback_rate,0.42216666666666663,0.019499042122067458,0.4156,0.4290333333333333,30
200.0,stable,dapper,reuse_rate,0.0,0.0,0.0,0.0,30
200.0,stable,dapper,stale_acceptance_rate,0.0,0.0,0.0,0.0,30
200.0,stable,dapper,mode_switches_per_1000,233.3,23.550605819867112,225.26666666666668,241.90083333333334,30
200.0,stable,dapper,pct_local_fast,13.513333333333334,1.3433702684520452,13.06,13.993416666666668,30
200.0,stable,dapper,pct_edge_accurate,86.48666666666666,1.3433702684520459,86.00658333333332,86.93999999999998,30
200.0,stable,dapper,pct_hybrid,0.0,0.0,0.0,0.0,30
200.0,stable,dapper,pct_degraded_safe,0.0,0.0,0.0,0.0,30
200.0,stable,deadline_greedy,deadline_miss_rate,0.0,0.0,0.0,0.0,30
200.0,stable,deadline_greedy,p95_latency_ms,33.984265110354684,0.14612908292769589,33.9343159514038,34.036015368498674,30
200.0,stable,deadline_greedy,p99_latency_ms,34.78401367177919,0.06560311317343774,34.76065987728268,34.806824911760046,30
200.0,stable,deadline_greedy,mean_latency_ms,25.02027748999063,0.19474756789946776,24.952896569039584,25.094599531312916,30
200.0,stable,deadline_greedy,usable_confidence_proxy,0.7249667322554326,0.0015304909747104968,0.7244513387101592,0.7255071023390036,30
200.0,stable,deadline_greedy,mean_output_confidence,0.7249667322554326,0.0015304909747104968,0.7244513387101592,0.7255071023390036,30
200.0,stable,deadline_greedy,bandwidth_per_1000_frames_kb,0.0,0.0,0.0,0.0,30
200.0,stable,deadline_greedy,remote_attempt_rate,0.0,0.0,0.0,0.0,30
200.0,stable,deadline_greedy,remote_accept_rate,0.0,0.0,0.0,0.0,30
200.0,stable,deadline_greedy,remote_accepted_per_frame,0.0,0.0,0.0,0.0,30
200.0,stable,deadline_greedy,remote_rejected_deadline_rate,0.0,0.0,0.0,0.0,30
200.0,stable,deadline_greedy,remote_failed_loss_rate,0.0,0.0,0.0,0.0,30
200.0,stable,deadline_greedy,fallback_rate,0.0,0.0,0.0,0.0,30
200.0,stable,deadline_greedy,reuse_rate,0.0,0.0,0.0,0.0,30
200.0,stable,deadline_greedy,stale_acceptance_rate,0.0,0.0,0.0,0.0,30
200.0,stable,deadline_greedy,mode_switches_per_1000,0.0,0.0,0.0,0.0,30
200.0,stable,deadline_greedy,pct_local_fast,100.0,0.0,100.0,100.0,30
200.0,stable,deadline_greedy,pct_edge_accurate,0.0,0.0,0.0,0.0,30
200.0,stable,deadline_greedy,pct_hybrid,0.0,0.0,0.0,0.0,30
200.0,stable,deadline_greedy,pct_degraded_safe,0.0,0.0,0.0,0.0,30
200.0,stable,confidence_deadline,deadline_miss_rate,0.0,0.0,0.0,0.0,30
200.0,stable,confidence_deadline,p95_latency_ms,33.984265110354684,0.14612908292769589,33.9343159514038,34.036015368498674,30
200.0,stable,confidence_deadline,p99_latency_ms,34.78401367177919,0.06560311317343774,34.76065987728268,34.806824911760046,30
200.0,stable,confidence_deadline,mean_latency_ms,25.02027748999063,0.19474756789946776,24.952896569039584,25.094599531312916,30
200.0,stable,confidence_deadline,usable_confidence_proxy,0.7249667322554326,0.0015304909747104968,0.7244513387101592,0.7255071023390036,30
200.0,stable,confidence_deadline,mean_output_confidence,0.7249667322554326,0.0015304909747104968,0.7244513387101592,0.7255071023390036,30
200.0,stable,confidence_deadline,bandwidth_per_1000_frames_kb,0.0,0.0,0.0,0.0,30
200.0,stable,confidence_deadline,remote_attempt_rate,0.0,0.0,0.0,0.0,30
200.0,stable,confidence_deadline,remote_accept_rate,0.0,0.0,0.0,0.0,30
200.0,stable,confidence_deadline,remote_accepted_per_frame,0.0,0.0,0.0,0.0,30
200.0,stable,confidence_deadline,remote_rejected_deadline_rate,0.0,0.0,0.0,0.0,30
200.0,stable,confidence_deadline,remote_failed_loss_rate,0.0,0.0,0.0,0.0,30
200.0,stable,confidence_deadline,fallback_rate,0.0,0.0,0.0,0.0,30
200.0,stable,confidence_deadline,reuse_rate,0.0,0.0,0.0,0.0,30
200.0,stable,confidence_deadline,stale_acceptance_rate,0.0,0.0,0.0,0.0,30
200.0,stable,confidence_deadline,mode_switches_per_1000,0.0,0.0,0.0,0.0,30
200.0,stable,confidence_deadline,pct_local_fast,100.0,0.0,100.0,100.0,30
200.0,stable,confidence_deadline,pct_edge_accurate,0.0,0.0,0.0,0.0,30
200.0,stable,confidence_deadline,pct_hybrid,0.0,0.0,0.0,0.0,30
200.0,stable,confidence_deadline,pct_degraded_safe,0.0,0.0,0.0,0.0,30
200.0,stable,rtt_threshold,deadline_miss_rate,0.0,0.0,0.0,0.0,30
200.0,stable,rtt_threshold,p95_latency_ms,33.984265110354684,0.14612908292769589,33.9343159514038,34.036015368498674,30
200.0,stable,rtt_threshold,p99_latency_ms,34.78401367177919,0.06560311317343774,34.76065987728268,34.806824911760046,30
200.0,stable,rtt_threshold,mean_latency_ms,25.02027748999063,0.19474756789946776,24.952896569039584,25.094599531312916,30
200.0,stable,rtt_threshold,usable_confidence_proxy,0.7249667322554326,0.0015304909747104968,0.7244513387101592,0.7255071023390036,30
200.0,stable,rtt_threshold,mean_output_confidence,0.7249667322554326,0.0015304909747104968,0.7244513387101592,0.7255071023390036,30
200.0,stable,rtt_threshold,bandwidth_per_1000_frames_kb,0.0,0.0,0.0,0.0,30
200.0,stable,rtt_threshold,remote_attempt_rate,0.0,0.0,0.0,0.0,30
200.0,stable,rtt_threshold,remote_accept_rate,0.0,0.0,0.0,0.0,30
200.0,stable,rtt_threshold,remote_accepted_per_frame,0.0,0.0,0.0,0.0,30
200.0,stable,rtt_threshold,remote_rejected_deadline_rate,0.0,0.0,0.0,0.0,30
200.0,stable,rtt_threshold,remote_failed_loss_rate,0.0,0.0,0.0,0.0,30
200.0,stable,rtt_threshold,fallback_rate,0.0,0.0,0.0,0.0,30
200.0,stable,rtt_threshold,reuse_rate,0.0,0.0,0.0,0.0,30
200.0,stable,rtt_threshold,stale_acceptance_rate,0.0,0.0,0.0,0.0,30
200.0,stable,rtt_threshold,mode_switches_per_1000,0.0,0.0,0.0,0.0,30
200.0,stable,rtt_threshold,pct_local_fast,100.0,0.0,100.0,100.0,30
200.0,stable,rtt_threshold,pct_edge_accurate,0.0,0.0,0.0,0.0,30
200.0,stable,rtt_threshold,pct_hybrid,0.0,0.0,0.0,0.0,30
200.0,stable,rtt_threshold,pct_degraded_safe,0.0,0.0,0.0,0.0,30
200.0,stable,oracle_feasible,deadline_miss_rate,0.0,0.0,0.0,0.0,30
200.0,stable,oracle_feasible,p95_latency_ms,151.86305638916357,0.4588935706300311,151.70382072041306,152.02511066835768,30
200.0,stable,oracle_feasible,p99_latency_ms,155.16710769051605,0.5404960962132144,154.97241656874922,155.3498224658317,30
200.0,stable,oracle_feasible,mean_latency_ms,102.35495612395205,1.1919730296757938,101.94436608426815,102.7865582196234,30
200.0,stable,oracle_feasible,usable_confidence_proxy,0.8018397604921572,0.003217967031190964,0.8007202870741114,0.8029298858199907,30
200.0,stable,oracle_feasible,mean_output_confidence,0.8018397604921572,0.003217967031190964,0.8007202870741114,0.8029298858199907,30
200.0,stable,oracle_feasible,bandwidth_per_1000_frames_kb,22335.833333333332,236.1402393572052,22255.0,22420.0,30
200.0,stable,oracle_feasible,remote_attempt_rate,0.8934333333333332,0.009445609574288217,0.8901999999999999,0.8967999999999999,30
200.0,stable,oracle_feasible,remote_accept_rate,0.5734259189051719,0.017894661102124107,0.5670297065077783,0.5795797629072468,30
200.0,stable,oracle_feasible,remote_accepted_per_frame,0.5123333333333334,0.017307230566588578,0.5061991666666666,0.5182675000000001,30
200.0,stable,oracle_feasible,remote_rejected_deadline_rate,0.0,0.0,0.0,0.0,30
200.0,stable,oracle_feasible,remote_failed_loss_rate,0.0,0.0,0.0,0.0,30
200.0,stable,oracle_feasible,fallback_rate,0.3811,0.016091012698247826,0.3754333333333334,0.38680000000000003,30
200.0,stable,oracle_feasible,reuse_rate,0.0,0.0,0.0,0.0,30
200.0,stable,oracle_feasible,stale_acceptance_rate,0.0,0.0,0.0,0.0,30
200.0,stable,oracle_feasible,mode_switches_per_1000,188.96666666666667,16.134100390238647,183.26583333333335,194.7,30
200.0,stable,oracle_feasible,pct_local_fast,10.656666666666668,0.9445609574288206,10.319999999999999,10.98,30
200.0,stable,oracle_feasible,pct_edge_accurate,89.34333333333335,0.9445609574288213,89.02,89.68,30
200.0,stable,oracle_feasible,pct_hybrid,0.0,0.0,0.0,0.0,30
200.0,stable,oracle_feasible,pct_degraded_safe,0.0,0.0,0.0,0.0,30
200.0,congested,local_only,deadline_miss_rate,0.0,0.0,0.0,0.0,30
200.0,congested,local_only,p95_latency_ms,33.94268972592376,0.09803104261482531,33.906854831430806,33.97630119170664,30
200.0,congested,local_only,p99_latency_ms,34.769178949662624,0.05524239382592479,34.748642896298946,34.7879694671568,30
200.0,congested,local_only,mean_latency_ms,25.012597088142645,0.18113657767527264,24.949225112390963,25.077791277753096,30
200.0,congested,local_only,usable_confidence_proxy,0.7249282051819181,0.0016092933478095927,0.7243536843822596,0.725520489679899,30
200.0,congested,local_only,mean_output_confidence,0.7249282051819181,0.0016092933478095927,0.7243536843822596,0.725520489679899,30
200.0,congested,local_only,bandwidth_per_1000_frames_kb,0.0,0.0,0.0,0.0,30
200.0,congested,local_only,remote_attempt_rate,0.0,0.0,0.0,0.0,30
200.0,congested,local_only,remote_accept_rate,0.0,0.0,0.0,0.0,30
200.0,congested,local_only,remote_accepted_per_frame,0.0,0.0,0.0,0.0,30
200.0,congested,local_only,remote_rejected_deadline_rate,0.0,0.0,0.0,0.0,30
200.0,congested,local_only,remote_failed_loss_rate,0.0,0.0,0.0,0.0,30
200.0,congested,local_only,fallback_rate,0.0,0.0,0.0,0.0,30
200.0,congested,local_only,reuse_rate,0.0,0.0,0.0,0.0,30
200.0,congested,local_only,stale_acceptance_rate,0.0,0.0,0.0,0.0,30
200.0,congested,local_only,mode_switches_per_1000,0.0,0.0,0.0,0.0,30
200.0,congested,local_only,pct_local_fast,100.0,0.0,100.0,100.0,30
200.0,congested,local_only,pct_edge_accurate,0.0,0.0,0.0,0.0,30
200.0,congested,local_only,pct_hybrid,0.0,0.0,0.0,0.0,30
200.0,congested,local_only,pct_degraded_safe,0.0,0.0,0.0,0.0,30
200.0,congested,edge_only,deadline_miss_rate,0.7222666666666665,0.022830610627164488,0.7143999999999999,0.7306666666666665,30
200.0,congested,edge_only,p95_latency_ms,222.76306842886507,0.7518733890833459,222.49568610746567,223.03163531271105,30
200.0,congested,edge_only,p99_latency_ms,228.47804134738422,0.9467554506353812,228.13032355311077,228.80859161202883,30
200.0,congested,edge_only,mean_latency_ms,206.10107852455383,0.575289233010232,205.9015714977981,206.3141570459795,30
200.0,congested,edge_only,usable_confidence_proxy,0.20141792781611573,0.016280987753088706,0.19543768432135625,0.20702247778432176,30
200.0,congested,edge_only,mean_output_confidence,0.7249282051819181,0.0016092933478095927,0.7243536843822596,0.725520489679899,30
200.0,congested,edge_only,bandwidth_per_1000_frames_kb,25000.0,0.0,25000.0,25000.0,30
200.0,congested,edge_only,remote_attempt_rate,1.0,0.0,1.0,1.0,30
200.0,congested,edge_only,remote_accept_rate,0.0,0.0,0.0,0.0,30
200.0,congested,edge_only,remote_accepted_per_frame,0.0,0.0,0.0,0.0,30
200.0,congested,edge_only,remote_rejected_deadline_rate,0.16563333333333327,0.009984413139845848,0.16223333333333334,0.16923333333333332,30
200.0,congested,edge_only,remote_failed_loss_rate,0.04953333333333333,0.007682193173438364,0.04683333333333333,0.05220083333333333,30
200.0,congested,edge_only,fallback_rate,1.0,0.0,1.0,1.0,30
200.0,congested,edge_only,reuse_rate,0.0,0.0,0.0,0.0,30
200.0,congested,edge_only,stale_acceptance_rate,0.0,0.0,0.0,0.0,30
200.0,congested,edge_only,mode_switches_per_1000,0.0,0.0,0.0,0.0,30
200.0,congested,edge_only,pct_local_fast,0.0,0.0,0.0,0.0,30
200.0,congested,edge_only,pct_edge_accurate,100.0,0.0,100.0,100.0,30
200.0,congested,edge_only,pct_hybrid,0.0,0.0,0.0,0.0,30
200.0,congested,edge_only,pct_degraded_safe,0.0,0.0,0.0,0.0,30
200.0,congested,cloud_only,deadline_miss_rate,1.0,0.0,1.0,1.0,30
200.0,congested,cloud_only,p95_latency_ms,233.94268972592374,0.09803104261482609,233.90685483143085,233.97630119170663,30
200.0,congested,cloud_only,p99_latency_ms,234.7691789496626,0.05524239382592602,234.74864289629892,234.78796946715676,30
200.0,congested,cloud_only,mean_latency_ms,225.01259708814263,0.1811365776752743,224.949225112391,225.07779127775308,30
200.0,congested,cloud_only,usable_confidence_proxy,0.0,0.0,0.0,0.0,30
200.0,congested,cloud_only,mean_output_confidence,0.7249282051819181,0.0016092933478095927,0.7243536843822596,0.725520489679899,30
200.0,congested,cloud_only,bandwidth_per_1000_frames_kb,35000.0,0.0,35000.0,35000.0,30
200.0,congested,cloud_only,remote_attempt_rate,1.0,0.0,1.0,1.0,30
200.0,congested,cloud_only,remote_accept_rate,0.0,0.0,0.0,0.0,30
200.0,congested,cloud_only,remote_accepted_per_frame,0.0,0.0,0.0,0.0,30
200.0,congested,cloud_only,remote_rejected_deadline_rate,0.9505666666666667,0.00714231360821974,0.9480000000000001,0.9531333333333333,30
200.0,congested,cloud_only,remote_failed_loss_rate,0.049433333333333336,0.007142313608219744,0.04686666666666666,0.052000000000000005,30
200.0,congested,cloud_only,fallback_rate,1.0,0.0,1.0,1.0,30
200.0,congested,cloud_only,reuse_rate,0.0,0.0,0.0,0.0,30
200.0,congested,cloud_only,stale_acceptance_rate,0.0,0.0,0.0,0.0,30
200.0,congested,cloud_only,mode_switches_per_1000,0.0,0.0,0.0,0.0,30
200.0,congested,cloud_only,pct_local_fast,0.0,0.0,0.0,0.0,30
200.0,congested,cloud_only,pct_edge_accurate,100.0,0.0,100.0,100.0,30
200.0,congested,cloud_only,pct_hybrid,0.0,0.0,0.0,0.0,30
200.0,congested,cloud_only,pct_degraded_safe,0.0,0.0,0.0,0.0,30
200.0,congested,dapper,deadline_miss_rate,0.17096666666666666,0.014094467815015424,0.16563333333333335,0.17576666666666668,30
200.0,congested,dapper,p95_latency_ms,207.62782703866526,0.6302667669272245,207.4020916252798,207.84563548365853,30
200.0,congested,dapper,p99_latency_ms,211.57046796064034,0.5043618677798228,211.39924564978816,211.74601296457732,30
200.0,congested,dapper,mean_latency_ms,92.16391269423738,4.663513592284173,90.4673094278231,93.77545166641227,30
200.0,congested,dapper,usable_confidence_proxy,0.6026590882771597,0.010598226376602491,0.5990535542202197,0.6066090799026482,30
200.0,congested,dapper,mean_output_confidence,0.7249282051819181,0.0016092933478095927,0.7243536843822596,0.725520489679899,30
200.0,congested,dapper,bandwidth_per_1000_frames_kb,9670.833333333334,678.2356463309953,9422.5,9903.333333333334,30
200.0,congested,dapper,remote_attempt_rate,0.3868333333333334,0.027129425853239807,0.3769,0.39613333333333334,30
200.0,congested,dapper,remote_accept_rate,0.0,0.0,0.0,0.0,30
200.0,congested,dapper,remote_accepted_per_frame,0.0,0.0,0.0,0.0,30
200.0,congested,dapper,remote_rejected_deadline_rate,0.16522894322001952,0.020295547748609824,0.15822448414577153,0.1727461927333831,30
200.0,congested,dapper,remote_failed_loss_rate,0.04901968232773069,0.012456803688437141,0.044610625361244265,0.053373388318248706,30
200.0,congested,dapper,fallback_rate,0.3868333333333334,0.027129425853239807,0.3769,0.39613333333333334,30
200.0,congested,dapper,reuse_rate,0.0,0.0,0.0,0.0,30
200.0,congested,dapper,stale_acceptance_rate,0.0,0.0,0.0,0.0,30
200.0,congested,dapper,mode_switches_per_1000,285.7,19.676960096028292,278.8,292.7,30
200.0,congested,dapper,pct_local_fast,61.31666666666667,2.7129425853239826,60.38666666666666,62.31000000000001,30
200.0,congested,dapper,pct_edge_accurate,38.68333333333332,2.712942585323981,37.690000000000005,39.61333333333333,30
200.0,congested,dapper,pct_hybrid,0.0,0.0,0.0,0.0,30
200.0,congested,dapper,pct_degraded_safe,0.0,0.0,0.0,0.0,30
200.0,congested,deadline_greedy,deadline_miss_rate,0.0,0.0,0.0,0.0,30
200.0,congested,deadline_greedy,p95_latency_ms,33.94268972592376,0.09803104261482531,33.906854831430806,33.97630119170664,30
200.0,congested,deadline_greedy,p99_latency_ms,34.769178949662624,0.05524239382592479,34.748642896298946,34.7879694671568,30
200.0,congested,deadline_greedy,mean_latency_ms,25.012597088142645,0.18113657767527264,24.949225112390963,25.077791277753096,30
200.0,congested,deadline_greedy,usable_confidence_proxy,0.7249282051819181,0.0016092933478095927,0.7243536843822596,0.725520489679899,30
200.0,congested,deadline_greedy,mean_output_confidence,0.7249282051819181,0.0016092933478095927,0.7243536843822596,0.725520489679899,30
200.0,congested,deadline_greedy,bandwidth_per_1000_frames_kb,0.0,0.0,0.0,0.0,30
200.0,congested,deadline_greedy,remote_attempt_rate,0.0,0.0,0.0,0.0,30
200.0,congested,deadline_greedy,remote_accept_rate,0.0,0.0,0.0,0.0,30
200.0,congested,deadline_greedy,remote_accepted_per_frame,0.0,0.0,0.0,0.0,30
200.0,congested,deadline_greedy,remote_rejected_deadline_rate,0.0,0.0,0.0,0.0,30
200.0,congested,deadline_greedy,remote_failed_loss_rate,0.0,0.0,0.0,0.0,30
200.0,congested,deadline_greedy,fallback_rate,0.0,0.0,0.0,0.0,30
200.0,congested,deadline_greedy,reuse_rate,0.0,0.0,0.0,0.0,30
200.0,congested,deadline_greedy,stale_acceptance_rate,0.0,0.0,0.0,0.0,30
200.0,congested,deadline_greedy,mode_switches_per_1000,0.0,0.0,0.0,0.0,30
200.0,congested,deadline_greedy,pct_local_fast,100.0,0.0,100.0,100.0,30
200.0,congested,deadline_greedy,pct_edge_accurate,0.0,0.0,0.0,0.0,30
200.0,congested,deadline_greedy,pct_hybrid,0.0,0.0,0.0,0.0,30
200.0,congested,deadline_greedy,pct_degraded_safe,0.0,0.0,0.0,0.0,30
200.0,congested,confidence_deadline,deadline_miss_rate,0.0,0.0,0.0,0.0,30
200.0,congested,confidence_deadline,p95_latency_ms,33.94268972592376,0.09803104261482531,33.906854831430806,33.97630119170664,30
200.0,congested,confidence_deadline,p99_latency_ms,34.769178949662624,0.05524239382592479,34.748642896298946,34.7879694671568,30
200.0,congested,confidence_deadline,mean_latency_ms,25.012597088142645,0.18113657767527264,24.949225112390963,25.077791277753096,30
200.0,congested,confidence_deadline,usable_confidence_proxy,0.7249282051819181,0.0016092933478095927,0.7243536843822596,0.725520489679899,30
200.0,congested,confidence_deadline,mean_output_confidence,0.7249282051819181,0.0016092933478095927,0.7243536843822596,0.725520489679899,30
200.0,congested,confidence_deadline,bandwidth_per_1000_frames_kb,0.0,0.0,0.0,0.0,30
200.0,congested,confidence_deadline,remote_attempt_rate,0.0,0.0,0.0,0.0,30
200.0,congested,confidence_deadline,remote_accept_rate,0.0,0.0,0.0,0.0,30
200.0,congested,confidence_deadline,remote_accepted_per_frame,0.0,0.0,0.0,0.0,30
200.0,congested,confidence_deadline,remote_rejected_deadline_rate,0.0,0.0,0.0,0.0,30
200.0,congested,confidence_deadline,remote_failed_loss_rate,0.0,0.0,0.0,0.0,30
200.0,congested,confidence_deadline,fallback_rate,0.0,0.0,0.0,0.0,30
200.0,congested,confidence_deadline,reuse_rate,0.0,0.0,0.0,0.0,30
200.0,congested,confidence_deadline,stale_acceptance_rate,0.0,0.0,0.0,0.0,30
200.0,congested,confidence_deadline,mode_switches_per_1000,0.0,0.0,0.0,0.0,30
200.0,congested,confidence_deadline,pct_local_fast,100.0,0.0,100.0,100.0,30
200.0,congested,confidence_deadline,pct_edge_accurate,0.0,0.0,0.0,0.0,30
200.0,congested,confidence_deadline,pct_hybrid,0.0,0.0,0.0,0.0,30
200.0,congested,confidence_deadline,pct_degraded_safe,0.0,0.0,0.0,0.0,30
200.0,congested,rtt_threshold,deadline_miss_rate,0.0,0.0,0.0,0.0,30
200.0,congested,rtt_threshold,p95_latency_ms,33.94268972592376,0.09803104261482531,33.906854831430806,33.97630119170664,30
200.0,congested,rtt_threshold,p99_latency_ms,34.769178949662624,0.05524239382592479,34.748642896298946,34.7879694671568,30
200.0,congested,rtt_threshold,mean_latency_ms,25.012597088142645,0.18113657767527264,24.949225112390963,25.077791277753096,30
200.0,congested,rtt_threshold,usable_confidence_proxy,0.7249282051819181,0.0016092933478095927,0.7243536843822596,0.725520489679899,30
200.0,congested,rtt_threshold,mean_output_confidence,0.7249282051819181,0.0016092933478095927,0.7243536843822596,0.725520489679899,30
200.0,congested,rtt_threshold,bandwidth_per_1000_frames_kb,0.0,0.0,0.0,0.0,30
200.0,congested,rtt_threshold,remote_attempt_rate,0.0,0.0,0.0,0.0,30
200.0,congested,rtt_threshold,remote_accept_rate,0.0,0.0,0.0,0.0,30
200.0,congested,rtt_threshold,remote_accepted_per_frame,0.0,0.0,0.0,0.0,30
200.0,congested,rtt_threshold,remote_rejected_deadline_rate,0.0,0.0,0.0,0.0,30
200.0,congested,rtt_threshold,remote_failed_loss_rate,0.0,0.0,0.0,0.0,30
200.0,congested,rtt_threshold,fallback_rate,0.0,0.0,0.0,0.0,30
200.0,congested,rtt_threshold,reuse_rate,0.0,0.0,0.0,0.0,30
200.0,congested,rtt_threshold,stale_acceptance_rate,0.0,0.0,0.0,0.0,30
200.0,congested,rtt_threshold,mode_switches_per_1000,0.0,0.0,0.0,0.0,30
200.0,congested,rtt_threshold,pct_local_fast,100.0,0.0,100.0,100.0,30
200.0,congested,rtt_threshold,pct_edge_accurate,0.0,0.0,0.0,0.0,30
200.0,congested,rtt_threshold,pct_hybrid,0.0,0.0,0.0,0.0,30
200.0,congested,rtt_threshold,pct_degraded_safe,0.0,0.0,0.0,0.0,30
200.0,congested,oracle_feasible,deadline_miss_rate,0.5676,0.019473412466834036,0.5608333333333332,0.5745666666666666,30
200.0,congested,oracle_feasible,p95_latency_ms,221.72688682338057,0.7064755099625153,221.47350300647506,221.97433984378037,30
200.0,congested,oracle_feasible,p99_latency_ms,227.6773673794114,1.093545873518255,227.27988415180218,228.04874691773492,30
200.0,congested,oracle_feasible,mean_latency_ms,167.1411334289079,2.2551530434539564,166.334502593438,167.92070989769107,30
200.0,congested,oracle_feasible,usable_confidence_proxy,0.3135780245432952,0.013541623239913323,0.3087534402331958,0.3182652815039112,30
200.0,congested,oracle_feasible,mean_output_confidence,0.7249282051819181,0.0016092933478095927,0.7243536843822596,0.725520489679899,30
200.0,congested,oracle_feasible,bandwidth_per_1000_frames_kb,19620.833333333332,305.20508462042517,19511.666666666668,19726.666666666668,30
200.0,congested,oracle_feasible,remote_attempt_rate,0.7848333333333333,0.01220820338481702,0.7804666666666669,0.7890666666666667,30
200.0,congested,oracle_feasible,remote_accept_rate,0.0,0.0,0.0,0.0,30
200.0,congested,oracle_feasible,remote_accepted_per_frame,0.0,0.0,0.0,0.0,30
200.0,congested,oracle_feasible,remote_rejected_deadline_rate,0.0,0.0,0.0,0.0,30
200.0,congested,oracle_feasible,remote_failed_loss_rate,0.0,0.0,0.0,0.0,30
200.0,congested,oracle_feasible,fallback_rate,0.7848333333333333,0.01220820338481702,0.7804666666666669,0.7890666666666667,30
200.0,congested,oracle_feasible,reuse_rate,0.0,0.0,0.0,0.0,30
200.0,congested,oracle_feasible,stale_acceptance_rate,0.0,0.0,0.0,0.0,30
200.0,congested,oracle_feasible,mode_switches_per_1000,337.96666666666664,17.67227193663279,331.6666666666667,344.26666666666665,30
200.0,congested,oracle_feasible,pct_local_fast,21.516666666666666,1.2208203384817007,21.09333333333333,21.95333333333333,30
200.0,congested,oracle_feasible,pct_edge_accurate,78.48333333333335,1.2208203384817031,78.04666666666668,78.9066666666667,30
200.0,congested,oracle_feasible,pct_hybrid,0.0,0.0,0.0,0.0,30
200.0,congested,oracle_feasible,pct_degraded_safe,0.0,0.0,0.0,0.0,30
200.0,lossy,local_only,deadline_miss_rate,0.0,0.0,0.0,0.0,30
200.0,lossy,local_only,p95_latency_ms,34.012278154614826,0.12120943376607804,33.96820622195287,34.05448763655662,30
200.0,lossy,local_only,p99_latency_ms,34.80546807570768,0.06143547890706443,34.78316485257998,34.826772350222946,30
200.0,lossy,local_only,mean_latency_ms,25.003209635014095,0.15974262798343122,24.94828249795479,25.06142062043607,30
200.0,lossy,local_only,usable_confidence_proxy,0.7247968267120143,0.001322250002252836,0.724324432482122,0.7252569980501671,30
200.0,lossy,local_only,mean_output_confidence,0.7247968267120143,0.001322250002252836,0.724324432482122,0.7252569980501671,30
200.0,lossy,local_only,bandwidth_per_1000_frames_kb,0.0,0.0,0.0,0.0,30
200.0,lossy,local_only,remote_attempt_rate,0.0,0.0,0.0,0.0,30
200.0,lossy,local_only,remote_accept_rate,0.0,0.0,0.0,0.0,30
200.0,lossy,local_only,remote_accepted_per_frame,0.0,0.0,0.0,0.0,30
200.0,lossy,local_only,remote_rejected_deadline_rate,0.0,0.0,0.0,0.0,30
200.0,lossy,local_only,remote_failed_loss_rate,0.0,0.0,0.0,0.0,30
200.0,lossy,local_only,fallback_rate,0.0,0.0,0.0,0.0,30
200.0,lossy,local_only,reuse_rate,0.0,0.0,0.0,0.0,30
200.0,lossy,local_only,stale_acceptance_rate,0.0,0.0,0.0,0.0,30
200.0,lossy,local_only,mode_switches_per_1000,0.0,0.0,0.0,0.0,30
200.0,lossy,local_only,pct_local_fast,100.0,0.0,100.0,100.0,30
200.0,lossy,local_only,pct_edge_accurate,0.0,0.0,0.0,0.0,30
200.0,lossy,local_only,pct_hybrid,0.0,0.0,0.0,0.0,30
200.0,lossy,local_only,pct_degraded_safe,0.0,0.0,0.0,0.0,30
200.0,lossy,edge_only,deadline_miss_rate,0.0,0.0,0.0,0.0,30
200.0,lossy,edge_only,p95_latency_ms,174.0003394996917,0.5741353278864506,173.7940396626971,174.20019853918234,30
200.0,lossy,edge_only,p99_latency_ms,177.96434359451118,0.7513497431096959,177.7012256330578,178.22396638462337,30
200.0,lossy,edge_only,mean_latency_ms,154.3707560145537,1.0809689533159348,153.97958413646572,154.74763172196253,30
200.0,lossy,edge_only,usable_confidence_proxy,0.7434737048265869,0.0024259067554197747,0.74263216066205,0.7443649231807572,30
200.0,lossy,edge_only,mean_output_confidence,0.7434737048265869,0.0024259067554197747,0.74263216066205,0.7443649231807572,30
200.0,lossy,edge_only,bandwidth_per_1000_frames_kb,25000.0,0.0,25000.0,25000.0,30
200.0,lossy,edge_only,remote_attempt_rate,1.0,0.0,1.0,1.0,30
200.0,lossy,edge_only,remote_accept_rate,0.12493333333333334,0.01250085054577552,0.12056666666666667,0.12946666666666667,30
200.0,lossy,edge_only,remote_accepted_per_frame,0.12493333333333334,0.01250085054577552,0.12056666666666667,0.12946666666666667,30
200.0,lossy,edge_only,remote_rejected_deadline_rate,0.09093333333333337,0.010559954719512812,0.08723333333333336,0.09470000000000002,30
200.0,lossy,edge_only,remote_failed_loss_rate,0.2001666666666667,0.0129030424996249,0.19566666666666668,0.20463333333333333,30
200.0,lossy,edge_only,fallback_rate,0.8750666666666667,0.012500850545775532,0.8705333333333333,0.8794333333333333,30
200.0,lossy,edge_only,reuse_rate,0.0,0.0,0.0,0.0,30
200.0,lossy,edge_only,stale_acceptance_rate,0.0,0.0,0.0,0.0,30
200.0,lossy,edge_only,mode_switches_per_1000,0.0,0.0,0.0,0.0,30
200.0,lossy,edge_only,pct_local_fast,0.0,0.0,0.0,0.0,30
200.0,lossy,edge_only,pct_edge_accurate,100.0,0.0,100.0,100.0,30
200.0,lossy,edge_only,pct_hybrid,0.0,0.0,0.0,0.0,30
200.0,lossy,edge_only,pct_degraded_safe,0.0,0.0,0.0,0.0,30
200.0,lossy,cloud_only,deadline_miss_rate,1.0,0.0,1.0,1.0,30
200.0,lossy,cloud_only,p95_latency_ms,234.01227815461485,0.12120943376607722,233.96820622195284,234.05448763655662,30
200.0,lossy,cloud_only,p99_latency_ms,234.80546807570767,0.06143547890706076,234.78316485257994,234.82677235022288,30
200.0,lossy,cloud_only,mean_latency_ms,225.00320963501412,0.1597426279834336,224.94828249795478,225.06142062043605,30
200.0,lossy,cloud_only,usable_confidence_proxy,0.0,0.0,0.0,0.0,30
200.0,lossy,cloud_only,mean_output_confidence,0.7247968267120143,0.001322250002252836,0.724324432482122,0.7252569980501671,30
200.0,lossy,cloud_only,bandwidth_per_1000_frames_kb,35000.0,0.0,35000.0,35000.0,30
200.0,lossy,cloud_only,remote_attempt_rate,1.0,0.0,1.0,1.0,30
200.0,lossy,cloud_only,remote_accept_rate,0.0,0.0,0.0,0.0,30
200.0,lossy,cloud_only,remote_accepted_per_frame,0.0,0.0,0.0,0.0,30
200.0,lossy,cloud_only,remote_rejected_deadline_rate,0.6920999999999999,0.013931730095299548,0.6869000000000001,0.6967666666666668,30
200.0,lossy,cloud_only,remote_failed_loss_rate,0.19733333333333336,0.012160800034178028,0.1930666666666667,0.20166666666666663,30
200.0,lossy,cloud_only,fallback_rate,1.0,0.0,1.0,1.0,30
200.0,lossy,cloud_only,reuse_rate,0.0,0.0,0.0,0.0,30
200.0,lossy,cloud_only,stale_acceptance_rate,0.0,0.0,0.0,0.0,30
200.0,lossy,cloud_only,mode_switches_per_1000,0.0,0.0,0.0,0.0,30
200.0,lossy,cloud_only,pct_local_fast,0.0,0.0,0.0,0.0,30
200.0,lossy,cloud_only,pct_edge_accurate,100.0,0.0,100.0,100.0,30
200.0,lossy,cloud_only,pct_hybrid,0.0,0.0,0.0,0.0,30
200.0,lossy,cloud_only,pct_degraded_safe,0.0,0.0,0.0,0.0,30
200.0,lossy,dapper,deadline_miss_rate,0.0,0.0,0.0,0.0,30
200.0,lossy,dapper,p95_latency_ms,173.52961334403224,0.5335645268682896,173.33745966513473,173.71484320372403,30
200.0,lossy,dapper,p99_latency_ms,177.5688980812624,0.6285032412263716,177.34770030074546,177.79359934924602,30
200.0,lossy,dapper,mean_latency_ms,137.15043332924537,2.0787917684747588,136.41638896574383,137.87908725071873,30
200.0,lossy,dapper,usable_confidence_proxy,0.7419488805066937,0.0021694651931506532,0.7411968299043021,0.7427468304914678,30
200.0,lossy,dapper,mean_output_confidence,0.7419488805066937,0.0021694651931506532,0.7411968299043021,0.7427468304914678,30
200.0,lossy,dapper,bandwidth_per_1000_frames_kb,21663.333333333332,323.2868197376626,21550.0,21779.166666666668,30
200.0,lossy,dapper,remote_attempt_rate,0.8665333333333333,0.012931472789506517,0.862,0.8711666666666668,30
200.0,lossy,dapper,remote_accept_rate,0.1242259784055429,0.01261801882669693,0.11970593696928157,0.12873332740742546,30
200.0,lossy,dapper,remote_accepted_per_frame,0.1076,0.010545795043686763,0.10373333333333333,0.11133333333333331,30
200.0,lossy,dapper,remote_rejected_deadline_rate,0.09096878219122166,0.01178316410086744,0.0867713445907015,0.09524718260646145,30
200.0,lossy,dapper,remote_failed_loss_rate,0.19933697361888697,0.01418167718561643,0.19424787553774744,0.20422073577770086,30
200.0,lossy,dapper,fallback_rate,0.7589333333333333,0.01787105796095124,0.7525333333333334,0.7652666666666668,30
200.0,lossy,dapper,reuse_rate,0.0,0.0,0.0,0.0,30
200.0,lossy,dapper,stale_acceptance_rate,0.0,0.0,0.0,0.0,30
200.0,lossy,dapper,mode_switches_per_1000,230.83333333333334,19.4476899316644,223.86666666666667,237.5675,30
200.0,lossy,dapper,pct_local_fast,13.34666666666667,1.2931472789506504,12.883333333333335,13.8,30
200.0,lossy,dapper,pct_edge_accurate,86.65333333333335,1.2931472789506515,86.2,87.11666666666665,30
200.0,lossy,dapper,pct_hybrid,0.0,0.0,0.0,0.0,30
200.0,lossy,dapper,pct_degraded_safe,0.0,0.0,0.0,0.0,30
200.0,lossy,deadline_greedy,deadline_miss_rate,0.0,0.0,0.0,0.0,30
200.0,lossy,deadline_greedy,p95_latency_ms,34.012278154614826,0.12120943376607804,33.96820622195287,34.05448763655662,30
200.0,lossy,deadline_greedy,p99_latency_ms,34.80546807570768,0.06143547890706443,34.78316485257998,34.826772350222946,30
200.0,lossy,deadline_greedy,mean_latency_ms,25.003209635014095,0.15974262798343122,24.94828249795479,25.06142062043607,30
200.0,lossy,deadline_greedy,usable_confidence_proxy,0.7247968267120143,0.001322250002252836,0.724324432482122,0.7252569980501671,30
200.0,lossy,deadline_greedy,mean_output_confidence,0.7247968267120143,0.001322250002252836,0.724324432482122,0.7252569980501671,30
200.0,lossy,deadline_greedy,bandwidth_per_1000_frames_kb,0.0,0.0,0.0,0.0,30
200.0,lossy,deadline_greedy,remote_attempt_rate,0.0,0.0,0.0,0.0,30
200.0,lossy,deadline_greedy,remote_accept_rate,0.0,0.0,0.0,0.0,30
200.0,lossy,deadline_greedy,remote_accepted_per_frame,0.0,0.0,0.0,0.0,30
200.0,lossy,deadline_greedy,remote_rejected_deadline_rate,0.0,0.0,0.0,0.0,30
200.0,lossy,deadline_greedy,remote_failed_loss_rate,0.0,0.0,0.0,0.0,30
200.0,lossy,deadline_greedy,fallback_rate,0.0,0.0,0.0,0.0,30
200.0,lossy,deadline_greedy,reuse_rate,0.0,0.0,0.0,0.0,30
200.0,lossy,deadline_greedy,stale_acceptance_rate,0.0,0.0,0.0,0.0,30
200.0,lossy,deadline_greedy,mode_switches_per_1000,0.0,0.0,0.0,0.0,30
200.0,lossy,deadline_greedy,pct_local_fast,100.0,0.0,100.0,100.0,30
200.0,lossy,deadline_greedy,pct_edge_accurate,0.0,0.0,0.0,0.0,30
200.0,lossy,deadline_greedy,pct_hybrid,0.0,0.0,0.0,0.0,30
200.0,lossy,deadline_greedy,pct_degraded_safe,0.0,0.0,0.0,0.0,30
200.0,lossy,confidence_deadline,deadline_miss_rate,0.0,0.0,0.0,0.0,30
200.0,lossy,confidence_deadline,p95_latency_ms,34.012278154614826,0.12120943376607804,33.96820622195287,34.05448763655662,30
200.0,lossy,confidence_deadline,p99_latency_ms,34.80546807570768,0.06143547890706443,34.78316485257998,34.826772350222946,30
200.0,lossy,confidence_deadline,mean_latency_ms,25.003209635014095,0.15974262798343122,24.94828249795479,25.06142062043607,30
200.0,lossy,confidence_deadline,usable_confidence_proxy,0.7247968267120143,0.001322250002252836,0.724324432482122,0.7252569980501671,30
200.0,lossy,confidence_deadline,mean_output_confidence,0.7247968267120143,0.001322250002252836,0.724324432482122,0.7252569980501671,30
200.0,lossy,confidence_deadline,bandwidth_per_1000_frames_kb,0.0,0.0,0.0,0.0,30
200.0,lossy,confidence_deadline,remote_attempt_rate,0.0,0.0,0.0,0.0,30
200.0,lossy,confidence_deadline,remote_accept_rate,0.0,0.0,0.0,0.0,30
200.0,lossy,confidence_deadline,remote_accepted_per_frame,0.0,0.0,0.0,0.0,30
200.0,lossy,confidence_deadline,remote_rejected_deadline_rate,0.0,0.0,0.0,0.0,30
200.0,lossy,confidence_deadline,remote_failed_loss_rate,0.0,0.0,0.0,0.0,30
200.0,lossy,confidence_deadline,fallback_rate,0.0,0.0,0.0,0.0,30
200.0,lossy,confidence_deadline,reuse_rate,0.0,0.0,0.0,0.0,30
200.0,lossy,confidence_deadline,stale_acceptance_rate,0.0,0.0,0.0,0.0,30
200.0,lossy,confidence_deadline,mode_switches_per_1000,0.0,0.0,0.0,0.0,30
200.0,lossy,confidence_deadline,pct_local_fast,100.0,0.0,100.0,100.0,30
200.0,lossy,confidence_deadline,pct_edge_accurate,0.0,0.0,0.0,0.0,30
200.0,lossy,confidence_deadline,pct_hybrid,0.0,0.0,0.0,0.0,30
200.0,lossy,confidence_deadline,pct_degraded_safe,0.0,0.0,0.0,0.0,30
200.0,lossy,rtt_threshold,deadline_miss_rate,0.0,0.0,0.0,0.0,30
200.0,lossy,rtt_threshold,p95_latency_ms,34.012278154614826,0.12120943376607804,33.96820622195287,34.05448763655662,30
200.0,lossy,rtt_threshold,p99_latency_ms,34.80546807570768,0.06143547890706443,34.78316485257998,34.826772350222946,30
200.0,lossy,rtt_threshold,mean_latency_ms,25.003209635014095,0.15974262798343122,24.94828249795479,25.06142062043607,30
200.0,lossy,rtt_threshold,usable_confidence_proxy,0.7247968267120143,0.001322250002252836,0.724324432482122,0.7252569980501671,30
200.0,lossy,rtt_threshold,mean_output_confidence,0.7247968267120143,0.001322250002252836,0.724324432482122,0.7252569980501671,30
200.0,lossy,rtt_threshold,bandwidth_per_1000_frames_kb,0.0,0.0,0.0,0.0,30
200.0,lossy,rtt_threshold,remote_attempt_rate,0.0,0.0,0.0,0.0,30
200.0,lossy,rtt_threshold,remote_accept_rate,0.0,0.0,0.0,0.0,30
200.0,lossy,rtt_threshold,remote_accepted_per_frame,0.0,0.0,0.0,0.0,30
200.0,lossy,rtt_threshold,remote_rejected_deadline_rate,0.0,0.0,0.0,0.0,30
200.0,lossy,rtt_threshold,remote_failed_loss_rate,0.0,0.0,0.0,0.0,30
200.0,lossy,rtt_threshold,fallback_rate,0.0,0.0,0.0,0.0,30
200.0,lossy,rtt_threshold,reuse_rate,0.0,0.0,0.0,0.0,30
200.0,lossy,rtt_threshold,stale_acceptance_rate,0.0,0.0,0.0,0.0,30
200.0,lossy,rtt_threshold,mode_switches_per_1000,0.0,0.0,0.0,0.0,30
200.0,lossy,rtt_threshold,pct_local_fast,100.0,0.0,100.0,100.0,30
200.0,lossy,rtt_threshold,pct_edge_accurate,0.0,0.0,0.0,0.0,30
200.0,lossy,rtt_threshold,pct_hybrid,0.0,0.0,0.0,0.0,30
200.0,lossy,rtt_threshold,pct_degraded_safe,0.0,0.0,0.0,0.0,30
200.0,lossy,oracle_feasible,deadline_miss_rate,0.0,0.0,0.0,0.0,30
200.0,lossy,oracle_feasible,p95_latency_ms,172.93697624085934,0.6257985478191388,172.71684242269103,173.16028049185383,30
200.0,lossy,oracle_feasible,p99_latency_ms,177.0231670912709,0.8250470445776907,176.72617083216545,177.31551944210176,30
200.0,lossy,oracle_feasible,mean_latency_ms,114.30698584822628,1.9671893489913865,113.59845563769636,114.99755551204662,30
200.0,lossy,oracle_feasible,usable_confidence_proxy,0.7434737048265869,0.0024259067554197747,0.74263216066205,0.7443649231807572,30
200.0,lossy,oracle_feasible,mean_output_confidence,0.7434737048265869,0.0024259067554197747,0.74263216066205,0.7443649231807572,30
200.0,lossy,oracle_feasible,bandwidth_per_1000_frames_kb,17722.5,323.6610349072643,17607.5,17838.333333333332,30
200.0,lossy,oracle_feasible,remote_attempt_rate,0.7089000000000001,0.012946441396290578,0.7042999999999999,0.7135333333333335,30
200.0,lossy,oracle_feasible,remote_accept_rate,0.17627091180924748,0.01756918239795408,0.17004858573065187,0.18254238767652858,30
200.0,lossy,oracle_feasible,remote_accepted_per_frame,0.12493333333333334,0.01250085054577552,0.12056666666666667,0.12946666666666667,30
200.0,lossy,oracle_feasible,remote_rejected_deadline_rate,0.0,0.0,0.0,0.0,30
200.0,lossy,oracle_feasible,remote_failed_loss_rate,0.0,0.0,0.0,0.0,30
200.0,lossy,oracle_feasible,fallback_rate,0.5839666666666666,0.017255650415570183,0.5778333333333332,0.5900333333333333,30
200.0,lossy,oracle_feasible,reuse_rate,0.0,0.0,0.0,0.0,30
200.0,lossy,oracle_feasible,stale_acceptance_rate,0.0,0.0,0.0,0.0,30
200.0,lossy,oracle_feasible,mode_switches_per_1000,416.3333333333333,16.89385387798103,410.36583333333334,422.2675,30
200.0,lossy,oracle_feasible,pct_local_fast,29.110000000000003,1.2946441396290573,28.646666666666665,29.57,30
200.0,lossy,oracle_feasible,pct_edge_accurate,70.89,1.2946441396290593,70.42999999999999,71.35333333333334,30
200.0,lossy,oracle_feasible,pct_hybrid,0.0,0.0,0.0,0.0,30
200.0,lossy,oracle_feasible,pct_degraded_safe,0.0,0.0,0.0,0.0,30
200.0,variable,local_only,deadline_miss_rate,0.0,0.0,0.0,0.0,30
200.0,variable,local_only,p95_latency_ms,33.968149024906744,0.1405586387811733,33.91643690824179,34.01692474906916,30
200.0,variable,local_only,p99_latency_ms,34.76851135047007,0.06136746205108886,34.74544472215542,34.78830822433854,30
200.0,variable,local_only,mean_latency_ms,24.954267881168015,0.19098209259437163,24.888226088629484,25.022143227100855,30
200.0,variable,local_only,usable_confidence_proxy,0.7253139635038416,0.0015586878317280677,0.7247747251435688,0.725862167316182,30
200.0,variable,local_only,mean_output_confidence,0.7253139635038416,0.0015586878317280677,0.7247747251435688,0.725862167316182,30
200.0,variable,local_only,bandwidth_per_1000_frames_kb,0.0,0.0,0.0,0.0,30
200.0,variable,local_only,remote_attempt_rate,0.0,0.0,0.0,0.0,30
200.0,variable,local_only,remote_accept_rate,0.0,0.0,0.0,0.0,30
200.0,variable,local_only,remote_accepted_per_frame,0.0,0.0,0.0,0.0,30
200.0,variable,local_only,remote_rejected_deadline_rate,0.0,0.0,0.0,0.0,30
200.0,variable,local_only,remote_failed_loss_rate,0.0,0.0,0.0,0.0,30
200.0,variable,local_only,fallback_rate,0.0,0.0,0.0,0.0,30
200.0,variable,local_only,reuse_rate,0.0,0.0,0.0,0.0,30
200.0,variable,local_only,stale_acceptance_rate,0.0,0.0,0.0,0.0,30
200.0,variable,local_only,mode_switches_per_1000,0.0,0.0,0.0,0.0,30
200.0,variable,local_only,pct_local_fast,100.0,0.0,100.0,100.0,30
200.0,variable,local_only,pct_edge_accurate,0.0,0.0,0.0,0.0,30
200.0,variable,local_only,pct_hybrid,0.0,0.0,0.0,0.0,30
200.0,variable,local_only,pct_degraded_safe,0.0,0.0,0.0,0.0,30
200.0,variable,edge_only,deadline_miss_rate,0.07486666666666668,0.015586761255526486,0.06956583333333331,0.08056666666666666,30
200.0,variable,edge_only,p95_latency_ms,203.33341928325692,2.1368254216968383,202.6070374099802,204.12526410689836,30
200.0,variable,edge_only,p99_latency_ms,214.3401461536074,2.8594424110582715,213.353789055405,215.36025527795513,30
200.0,variable,edge_only,mean_latency_ms,142.9137356537944,6.190099046261083,140.74711067319544,145.1220627403625,30
200.0,variable,edge_only,usable_confidence_proxy,0.6773699277263927,0.012094707576662329,0.6730127224635881,0.6815406278753978,30
200.0,variable,edge_only,mean_output_confidence,0.7316820879972125,0.0021661360124628016,0.7308923541219083,0.7324372968342028,30
200.0,variable,edge_only,bandwidth_per_1000_frames_kb,19550.0,1002.346385169353,19192.479166666668,19895.020833333332,30
200.0,variable,edge_only,remote_attempt_rate,0.7819999999999999,0.04009385540677411,0.7676991666666665,0.7958008333333334,30
200.0,variable,edge_only,remote_accept_rate,0.053694758605144007,0.010525070289835119,0.05012033227121713,0.05742498264975691,30
200.0,variable,edge_only,remote_accepted_per_frame,0.04196666666666666,0.008479115655470833,0.03906583333333333,0.04503333333333333,30
200.0,variable,edge_only,remote_rejected_deadline_rate,0.1312419863088504,0.01007565183541458,0.1277394906381583,0.13475025450793907,30
200.0,variable,edge_only,remote_failed_loss_rate,0.06997031301495303,0.010165868779043342,0.06632832603520199,0.07338833491631039,30
200.0,variable,edge_only,fallback_rate,0.9580333333333332,0.00847911565547083,0.9549666666666667,0.9609341666666668,30
200.0,variable,edge_only,reuse_rate,0.0,0.0,0.0,0.0,30
200.0,variable,edge_only,stale_acceptance_rate,0.0,0.0,0.0,0.0,30
200.0,variable,edge_only,mode_switches_per_1000,0.0,0.0,0.0,0.0,30
200.0,variable,edge_only,pct_local_fast,0.0,0.0,0.0,0.0,30
200.0,variable,edge_only,pct_edge_accurate,100.0,0.0,100.0,100.0,30
200.0,variable,edge_only,pct_hybrid,0.0,0.0,0.0,0.0,30
200.0,variable,edge_only,pct_degraded_safe,0.0,0.0,0.0,0.0,30
200.0,variable,cloud_only,deadline_miss_rate,0.7819999999999999,0.04009385540677411,0.7676991666666665,0.7958008333333334,30
200.0,variable,cloud_only,p95_latency_ms,233.66637047187734,0.2303474546051647,233.5857721747686,233.74635794064133,30
200.0,variable,cloud_only,p99_latency_ms,234.7116231796218,0.08756262698262257,234.67894521122975,234.73983835733037,30
200.0,variable,cloud_only,mean_latency_ms,181.354267881168,7.986389429082646,178.51829335131032,184.1202774355952,30
200.0,variable,cloud_only,usable_confidence_proxy,0.1580399411309307,0.029087738068927515,0.1479729652944653,0.16840410707253156,30
200.0,variable,cloud_only,mean_output_confidence,0.7253139635038416,0.0015586878317280677,0.7247747251435688,0.725862167316182,30
200.0,variable,cloud_only,bandwidth_per_1000_frames_kb,27370.0,1403.2849392370942,26869.470833333333,27853.029166666667,30
200.0,variable,cloud_only,remote_attempt_rate,0.7819999999999999,0.04009385540677411,0.7676991666666665,0.7958008333333334,30
200.0,variable,cloud_only,remote_accept_rate,0.0,0.0,0.0,0.0,30
200.0,variable,cloud_only,remote_accepted_per_frame,0.0,0.0,0.0,0.0,30
200.0,variable,cloud_only,remote_rejected_deadline_rate,0.8871473629061324,0.011321931203749276,0.8832078981109395,0.8910876132993968,30
200.0,variable,cloud_only,remote_failed_loss_rate,0.07176173310992494,0.011708123029951225,0.0676936181409964,0.07595280756143473,30
200.0,variable,cloud_only,fallback_rate,1.0,0.0,1.0,1.0,30
200.0,variable,cloud_only,reuse_rate,0.0,0.0,0.0,0.0,30
200.0,variable,cloud_only,stale_acceptance_rate,0.0,0.0,0.0,0.0,30
200.0,variable,cloud_only,mode_switches_per_1000,0.0,0.0,0.0,0.0,30
200.0,variable,cloud_only,pct_local_fast,0.0,0.0,0.0,0.0,30
200.0,variable,cloud_only,pct_edge_accurate,100.0,0.0,100.0,100.0,30
200.0,variable,cloud_only,pct_hybrid,0.0,0.0,0.0,0.0,30
200.0,variable,cloud_only,pct_degraded_safe,0.0,0.0,0.0,0.0,30
200.0,variable,dapper,deadline_miss_rate,0.0393,0.00769303312229251,0.03659916666666666,0.04203333333333333,30
200.0,variable,dapper,p95_latency_ms,198.34300034883384,1.1792085997520334,197.9307680321841,198.75657425539114,30
200.0,variable,dapper,p99_latency_ms,206.18862667466476,1.2017735929886482,205.7598279142821,206.61262826758158,30
200.0,variable,dapper,mean_latency_ms,117.76836094944524,5.98618848950781,115.69624266519762,119.84961132666888,30
200.0,variable,dapper,usable_confidence_proxy,0.7040146950983881,0.006455889766957458,0.7016941051565393,0.706246629858291,30
200.0,variable,dapper,mean_output_confidence,0.7321321309942858,0.0021496417438738487,0.7313508709676358,0.7328713056435823,30
200.0,variable,dapper,bandwidth_per_1000_frames_kb,16183.333333333334,880.0062042623506,15876.645833333332,16488.333333333332,30
200.0,variable,dapper,remote_attempt_rate,0.6473333333333333,0.03520024817049403,0.6350658333333333,0.6595333333333332,30
200.0,variable,dapper,remote_accept_rate,0.05688374431196617,0.012232453445159355,0.0526652383007329,0.06116080281684565,30
200.0,variable,dapper,remote_accepted_per_frame,0.03679999999999999,0.008243701880202556,0.03400000000000001,0.03976666666666666,30
200.0,variable,dapper,remote_rejected_deadline_rate,0.13161995982811064,0.012740452889318007,0.1272041916898896,0.1362362795480693,30
200.0,variable,dapper,remote_failed_loss_rate,0.07016242553953138,0.010734316678581475,0.06639856067193828,0.07391016602134236,30
200.0,variable,dapper,fallback_rate,0.8285333333333333,0.016571128472453966,0.8228325,0.8346341666666666,30
200.0,variable,dapper,reuse_rate,0.15839999999999999,0.02891199488578853,0.14846666666666666,0.1686683333333333,30
200.0,variable,dapper,stale_acceptance_rate,0.0,0.0,0.0,0.0,30
200.0,variable,dapper,mode_switches_per_1000,333.43333333333334,18.085397678663366,326.9658333333333,339.76666666666665,30
200.0,variable,dapper,pct_local_fast,19.426666666666666,1.3364733141893368,18.953333333333333,19.89675,30
200.0,variable,dapper,pct_edge_accurate,64.73333333333332,3.5200248170494035,63.50658333333333,65.95333333333333,30
200.0,variable,dapper,pct_hybrid,0.0,0.0,0.0,0.0,30
200.0,variable,dapper,pct_degraded_safe,15.839999999999998,2.8911994885788532,14.846666666666666,16.866833333333332,30
200.0,variable,deadline_greedy,deadline_miss_rate,0.0,0.0,0.0,0.0,30
200.0,variable,deadline_greedy,p95_latency_ms,33.968149024906744,0.1405586387811733,33.91643690824179,34.01692474906916,30
200.0,variable,deadline_greedy,p99_latency_ms,34.76851135047007,0.06136746205108886,34.74544472215542,34.78830822433854,30
200.0,variable,deadline_greedy,mean_latency_ms,24.954267881168015,0.19098209259437163,24.888226088629484,25.022143227100855,30
200.0,variable,deadline_greedy,usable_confidence_proxy,0.7253139635038416,0.0015586878317280677,0.7247747251435688,0.725862167316182,30
200.0,variable,deadline_greedy,mean_output_confidence,0.7253139635038416,0.0015586878317280677,0.7247747251435688,0.725862167316182,30
200.0,variable,deadline_greedy,bandwidth_per_1000_frames_kb,0.0,0.0,0.0,0.0,30
200.0,variable,deadline_greedy,remote_attempt_rate,0.0,0.0,0.0,0.0,30
200.0,variable,deadline_greedy,remote_accept_rate,0.0,0.0,0.0,0.0,30
200.0,variable,deadline_greedy,remote_accepted_per_frame,0.0,0.0,0.0,0.0,30
200.0,variable,deadline_greedy,remote_rejected_deadline_rate,0.0,0.0,0.0,0.0,30
200.0,variable,deadline_greedy,remote_failed_loss_rate,0.0,0.0,0.0,0.0,30
200.0,variable,deadline_greedy,fallback_rate,0.0,0.0,0.0,0.0,30
200.0,variable,deadline_greedy,reuse_rate,0.0,0.0,0.0,0.0,30
200.0,variable,deadline_greedy,stale_acceptance_rate,0.0,0.0,0.0,0.0,30
200.0,variable,deadline_greedy,mode_switches_per_1000,0.0,0.0,0.0,0.0,30
200.0,variable,deadline_greedy,pct_local_fast,100.0,0.0,100.0,100.0,30
200.0,variable,deadline_greedy,pct_edge_accurate,0.0,0.0,0.0,0.0,30
200.0,variable,deadline_greedy,pct_hybrid,0.0,0.0,0.0,0.0,30
200.0,variable,deadline_greedy,pct_degraded_safe,0.0,0.0,0.0,0.0,30
200.0,variable,confidence_deadline,deadline_miss_rate,0.0,0.0,0.0,0.0,30
200.0,variable,confidence_deadline,p95_latency_ms,33.968149024906744,0.1405586387811733,33.91643690824179,34.01692474906916,30
200.0,variable,confidence_deadline,p99_latency_ms,34.76851135047007,0.06136746205108886,34.74544472215542,34.78830822433854,30
200.0,variable,confidence_deadline,mean_latency_ms,24.954267881168015,0.19098209259437163,24.888226088629484,25.022143227100855,30
200.0,variable,confidence_deadline,usable_confidence_proxy,0.7253139635038416,0.0015586878317280677,0.7247747251435688,0.725862167316182,30
200.0,variable,confidence_deadline,mean_output_confidence,0.7253139635038416,0.0015586878317280677,0.7247747251435688,0.725862167316182,30
200.0,variable,confidence_deadline,bandwidth_per_1000_frames_kb,0.0,0.0,0.0,0.0,30
200.0,variable,confidence_deadline,remote_attempt_rate,0.0,0.0,0.0,0.0,30
200.0,variable,confidence_deadline,remote_accept_rate,0.0,0.0,0.0,0.0,30
200.0,variable,confidence_deadline,remote_accepted_per_frame,0.0,0.0,0.0,0.0,30
200.0,variable,confidence_deadline,remote_rejected_deadline_rate,0.0,0.0,0.0,0.0,30
200.0,variable,confidence_deadline,remote_failed_loss_rate,0.0,0.0,0.0,0.0,30
200.0,variable,confidence_deadline,fallback_rate,0.0,0.0,0.0,0.0,30
200.0,variable,confidence_deadline,reuse_rate,0.0,0.0,0.0,0.0,30
200.0,variable,confidence_deadline,stale_acceptance_rate,0.0,0.0,0.0,0.0,30
200.0,variable,confidence_deadline,mode_switches_per_1000,0.0,0.0,0.0,0.0,30
200.0,variable,confidence_deadline,pct_local_fast,100.0,0.0,100.0,100.0,30
200.0,variable,confidence_deadline,pct_edge_accurate,0.0,0.0,0.0,0.0,30
200.0,variable,confidence_deadline,pct_hybrid,0.0,0.0,0.0,0.0,30
200.0,variable,confidence_deadline,pct_degraded_safe,0.0,0.0,0.0,0.0,30
200.0,variable,rtt_threshold,deadline_miss_rate,0.0,0.0,0.0,0.0,30
200.0,variable,rtt_threshold,p95_latency_ms,33.986695938437485,0.1373435794736967,33.93640071825767,34.03465311828479,30
200.0,variable,rtt_threshold,p99_latency_ms,34.78130098298774,0.06030290078866963,34.75768079084346,34.80021007461255,30
200.0,variable,rtt_threshold,mean_latency_ms,25.006386001287627,0.19269180399914132,24.939954034342907,25.07527110494459,30
200.0,variable,rtt_threshold,usable_confidence_proxy,0.7254046937630475,0.001612361510553975,0.7248448879040539,0.7259647125728497,30
200.0,variable,rtt_threshold,mean_output_confidence,0.7254046937630475,0.001612361510553975,0.7248448879040539,0.7259647125728497,30
200.0,variable,rtt_threshold,bandwidth_per_1000_frames_kb,18.333333333333332,22.679678482993406,10.833333333333334,26.666666666666668,30
200.0,variable,rtt_threshold,remote_attempt_rate,0.0007333333333333333,0.0009071871393197364,0.00043333333333333337,0.001066666666666667,30
200.0,variable,rtt_threshold,remote_accept_rate,0.3222222222222222,0.44835444836260846,0.16666666666666666,0.48333333333333334,30
200.0,variable,rtt_threshold,remote_accepted_per_frame,0.0005,0.0007310832774866962,0.0002666666666666667,0.0007666666666666669,30
200.0,variable,rtt_threshold,remote_rejected_deadline_rate,0.05,0.20128894996822436,0.0,0.13333333333333333,30
200.0,variable,rtt_threshold,remote_failed_loss_rate,0.016666666666666666,0.09128709291752767,0.0,0.05,30
200.0,variable,rtt_threshold,fallback_rate,0.00023333333333333333,0.000504006932993731,6.666666666666667e-05,0.00043333333333333337,30
200.0,variable,rtt_threshold,reuse_rate,0.0,0.0,0.0,0.0,30
200.0,variable,rtt_threshold,stale_acceptance_rate,0.0,0.0,0.0,0.0,30
200.0,variable,rtt_threshold,mode_switches_per_1000,1.1333333333333333,1.3578211078487255,0.6666666666666666,1.6,30
200.0,variable,rtt_threshold,pct_local_fast,99.92666666666668,0.0907187139319738,99.89333333333335,99.95666666666668,30
200.0,variable,rtt_threshold,pct_edge_accurate,0.07333333333333333,0.09071871393197363,0.043333333333333335,0.1066666666666667,30
200.0,variable,rtt_threshold,pct_hybrid,0.0,0.0,0.0,0.0,30
200.0,variable,rtt_threshold,pct_degraded_safe,0.0,0.0,0.0,0.0,30
200.0,variable,oracle_feasible,deadline_miss_rate,0.05933333333333334,0.013031350350367494,0.05489999999999999,0.0641,30
200.0,variable,oracle_feasible,p95_latency_ms,201.45231505409856,2.224316219813372,200.68992994412005,202.27054070902454,30
200.0,variable,oracle_feasible,p99_latency_ms,212.84556290583708,2.8205129633758412,211.8667087288106,213.8570935794659,30
200.0,variable,oracle_feasible,mean_latency_ms,118.60311280873795,4.941137224364993,116.88101638285866,120.37947739003778,30
200.0,variable,oracle_feasible,usable_confidence_proxy,0.688642596134084,0.010346699377749237,0.684887503242343,0.69213444160594,30
200.0,variable,oracle_feasible,mean_output_confidence,0.7316820879972125,0.0021661360124628016,0.7308923541219083,0.7324372968342028,30
200.0,variable,oracle_feasible,bandwidth_per_1000_frames_kb,15615.0,812.8971178063871,15331.645833333332,15900.020833333334,30
200.0,variable,oracle_feasible,remote_attempt_rate,0.6246000000000002,0.032515884712255486,0.6132658333333333,0.6360008333333333,30
200.0,variable,oracle_feasible,remote_accept_rate,0.06721484439588951,0.013047097205690934,0.06280210783155298,0.07179212551718808,30
200.0,variable,oracle_feasible,remote_accepted_per_frame,0.04196666666666666,0.008479115655470833,0.03906583333333333,0.04503333333333333,30
200.0,variable,oracle_feasible,remote_rejected_deadline_rate,0.0,0.0,0.0,0.0,30
200.0,variable,oracle_feasible,remote_failed_loss_rate,0.0,0.0,0.0,0.0,30
200.0,variable,oracle_feasible,fallback_rate,0.5826333333333334,0.031925001912708424,0.5717,0.5941,30
200.0,variable,oracle_feasible,reuse_rate,0.0,0.0,0.0,0.0,30
200.0,variable,oracle_feasible,stale_acceptance_rate,0.0,0.0,0.0,0.0,30
200.0,variable,oracle_feasible,mode_switches_per_1000,266.3333333333333,19.119106409167177,259.46666666666664,273.0,30
200.0,variable,oracle_feasible,pct_local_fast,37.54,3.251588471225549,36.39991666666666,38.67341666666666,30
200.0,variable,oracle_feasible,pct_edge_accurate,62.46,3.25158847122555,61.32658333333334,63.60008333333333,30
200.0,variable,oracle_feasible,pct_hybrid,0.0,0.0,0.0,0.0,30
200.0,variable,oracle_feasible,pct_degraded_safe,0.0,0.0,0.0,0.0,30
200.0,outage,local_only,deadline_miss_rate,0.0,0.0,0.0,0.0,30
200.0,outage,local_only,p95_latency_ms,34.0121154317442,0.15795577821290474,33.95559240397263,34.06678081351494,30
200.0,outage,local_only,p99_latency_ms,34.777699557235714,0.07705312091530245,34.749491147370385,34.80488086421645,30
200.0,outage,local_only,mean_latency_ms,25.010062503109022,0.1685788631806354,24.95087977218813,25.069247105913615,30
200.0,outage,local_only,usable_confidence_proxy,0.7249467226228217,0.0013696023696029161,0.7244430956540359,0.7254187925547377,30
200.0,outage,local_only,mean_output_confidence,0.7249467226228217,0.0013696023696029161,0.7244430956540359,0.7254187925547377,30
200.0,outage,local_only,bandwidth_per_1000_frames_kb,0.0,0.0,0.0,0.0,30
200.0,outage,local_only,remote_attempt_rate,0.0,0.0,0.0,0.0,30
200.0,outage,local_only,remote_accept_rate,0.0,0.0,0.0,0.0,30
200.0,outage,local_only,remote_accepted_per_frame,0.0,0.0,0.0,0.0,30
200.0,outage,local_only,remote_rejected_deadline_rate,0.0,0.0,0.0,0.0,30
200.0,outage,local_only,remote_failed_loss_rate,0.0,0.0,0.0,0.0,30
200.0,outage,local_only,fallback_rate,0.0,0.0,0.0,0.0,30
200.0,outage,local_only,reuse_rate,0.0,0.0,0.0,0.0,30
200.0,outage,local_only,stale_acceptance_rate,0.0,0.0,0.0,0.0,30
200.0,outage,local_only,mode_switches_per_1000,0.0,0.0,0.0,0.0,30
200.0,outage,local_only,pct_local_fast,100.0,0.0,100.0,100.0,30
200.0,outage,local_only,pct_edge_accurate,0.0,0.0,0.0,0.0,30
200.0,outage,local_only,pct_hybrid,0.0,0.0,0.0,0.0,30
200.0,outage,local_only,pct_degraded_safe,0.0,0.0,0.0,0.0,30
200.0,outage,edge_only,deadline_miss_rate,0.1468,0.017916280402144744,0.14046666666666668,0.15319999999999998,30
200.0,outage,edge_only,p95_latency_ms,228.07706649270378,1.0513613154172003,227.6965339721177,228.4416182981496,30
200.0,outage,edge_only,p99_latency_ms,233.55336169996858,0.4945316161528973,233.37598231284056,233.7263910559284,30
200.0,outage,edge_only,mean_latency_ms,54.37006250310903,3.581353684393477,53.09972534281902,55.64059060044674,30
200.0,outage,edge_only,usable_confidence_proxy,0.6187231720593105,0.013185832525004102,0.6140224486563564,0.6233365380563796,30
200.0,outage,edge_only,mean_output_confidence,0.7249467226228217,0.0013696023696029161,0.7244430956540359,0.7254187925547377,30
200.0,outage,edge_only,bandwidth_per_1000_frames_kb,3670.0,447.9070100536186,3511.6666666666665,3830.0,30
200.0,outage,edge_only,remote_attempt_rate,0.1468,0.017916280402144744,0.14046666666666668,0.15319999999999998,30
200.0,outage,edge_only,remote_accept_rate,0.0,0.0,0.0,0.0,30
200.0,outage,edge_only,remote_accepted_per_frame,0.0,0.0,0.0,0.0,30
200.0,outage,edge_only,remote_rejected_deadline_rate,0.6457481737911676,0.03056018209245721,0.6349118318447631,0.656675010893193,30
200.0,outage,edge_only,remote_failed_loss_rate,0.3521541736660107,0.030744298729784847,0.3412798988997264,0.36297451032382305,30
200.0,outage,edge_only,fallback_rate,1.0,0.0,1.0,1.0,30
200.0,outage,edge_only,reuse_rate,0.0,0.0,0.0,0.0,30
200.0,outage,edge_only,stale_acceptance_rate,0.0,0.0,0.0,0.0,30
200.0,outage,edge_only,mode_switches_per_1000,0.0,0.0,0.0,0.0,30
200.0,outage,edge_only,pct_local_fast,0.0,0.0,0.0,0.0,30
200.0,outage,edge_only,pct_edge_accurate,100.0,0.0,100.0,100.0,30
200.0,outage,edge_only,pct_hybrid,0.0,0.0,0.0,0.0,30
200.0,outage,edge_only,pct_degraded_safe,0.0,0.0,0.0,0.0,30
200.0,outage,cloud_only,deadline_miss_rate,0.1468,0.017916280402144744,0.14046666666666668,0.15319999999999998,30
200.0,outage,cloud_only,p95_latency_ms,228.07706649270378,1.0513613154172003,227.6965339721177,228.4416182981496,30
200.0,outage,cloud_only,p99_latency_ms,233.55336169996858,0.4945316161528973,233.37598231284056,233.7263910559284,30
200.0,outage,cloud_only,mean_latency_ms,54.37006250310903,3.581353684393477,53.09972534281902,55.64059060044674,30
200.0,outage,cloud_only,usable_confidence_proxy,0.6187231720593105,0.013185832525004102,0.6140224486563564,0.6233365380563796,30
200.0,outage,cloud_only,mean_output_confidence,0.7249467226228217,0.0013696023696029161,0.7244430956540359,0.7254187925547377,30
200.0,outage,cloud_only,bandwidth_per_1000_frames_kb,5138.0,627.069814075066,4916.333333333333,5362.0,30
200.0,outage,cloud_only,remote_attempt_rate,0.1468,0.017916280402144744,0.14046666666666668,0.15319999999999998,30
200.0,outage,cloud_only,remote_accept_rate,0.0,0.0,0.0,0.0,30
200.0,outage,cloud_only,remote_accepted_per_frame,0.0,0.0,0.0,0.0,30
200.0,outage,cloud_only,remote_rejected_deadline_rate,0.6512698376729025,0.03850931772583731,0.6377876605443613,0.6650002425313353,30
200.0,outage,cloud_only,remote_failed_loss_rate,0.34873016232709736,0.03850931772583731,0.3349997574686648,0.36221233945563863,30
200.0,outage,cloud_only,fallback_rate,1.0,0.0,1.0,1.0,30
200.0,outage,cloud_only,reuse_rate,0.0,0.0,0.0,0.0,30
200.0,outage,cloud_only,stale_acceptance_rate,0.0,0.0,0.0,0.0,30
200.0,outage,cloud_only,mode_switches_per_1000,0.0,0.0,0.0,0.0,30
200.0,outage,cloud_only,pct_local_fast,0.0,0.0,0.0,0.0,30
200.0,outage,cloud_only,pct_edge_accurate,100.0,0.0,100.0,100.0,30
200.0,outage,cloud_only,pct_hybrid,0.0,0.0,0.0,0.0,30
200.0,outage,cloud_only,pct_degraded_safe,0.0,0.0,0.0,0.0,30
200.0,outage,dapper,deadline_miss_rate,0.0,0.0,0.0,0.0,30
200.0,outage,dapper,p95_latency_ms,31.180397455473944,0.5019222421134536,31.003461688254276,31.356612238909502,30
200.0,outage,dapper,p99_latency_ms,34.19876190660464,0.24613390636575014,34.11069835592174,34.28564968359419,30
200.0,outage,dapper,mean_latency_ms,7.3887722729777074,0.1438687754302819,7.338771957267607,7.440287447009226,30
200.0,outage,dapper,usable_confidence_proxy,0.7254843594835231,0.0028344314815583567,0.7244472943096172,0.7264722092457271,30
200.0,outage,dapper,mean_output_confidence,0.7254843594835231,0.0028344314815583567,0.7244472943096172,0.7264722092457271,30
200.0,outage,dapper,bandwidth_per_1000_frames_kb,0.0,0.0,0.0,0.0,30
200.0,outage,dapper,remote_attempt_rate,0.0,0.0,0.0,0.0,30
200.0,outage,dapper,remote_accept_rate,0.0,0.0,0.0,0.0,30
200.0,outage,dapper,remote_accepted_per_frame,0.0,0.0,0.0,0.0,30
200.0,outage,dapper,remote_rejected_deadline_rate,0.0,0.0,0.0,0.0,30
200.0,outage,dapper,remote_failed_loss_rate,0.0,0.0,0.0,0.0,30
200.0,outage,dapper,fallback_rate,0.9991,0.0010938700673013835,0.9987,0.9994666666666667,30
200.0,outage,dapper,reuse_rate,0.7336333333333334,0.0027728154909994374,0.7326333333333335,0.7345999999999999,30
200.0,outage,dapper,stale_acceptance_rate,0.0,0.0,0.0,0.0,30
200.0,outage,dapper,mode_switches_per_1000,420.1,10.551515661677268,416.26666666666665,423.8333333333333,30
200.0,outage,dapper,pct_local_fast,22.726666666666667,0.6203076730102591,22.506666666666664,22.94000000000001,30
200.0,outage,dapper,pct_edge_accurate,0.0,0.0,0.0,0.0,30
200.0,outage,dapper,pct_hybrid,0.0,0.0,0.0,0.0,30
200.0,outage,dapper,pct_degraded_safe,77.27333333333333,0.6203076730102597,77.05999999999999,77.49333333333334,30
200.0,outage,deadline_greedy,deadline_miss_rate,0.0,0.0,0.0,0.0,30
200.0,outage,deadline_greedy,p95_latency_ms,34.0121154317442,0.15795577821290474,33.95559240397263,34.06678081351494,30
200.0,outage,deadline_greedy,p99_latency_ms,34.777699557235714,0.07705312091530245,34.749491147370385,34.80488086421645,30
200.0,outage,deadline_greedy,mean_latency_ms,25.010062503109022,0.1685788631806354,24.95087977218813,25.069247105913615,30
200.0,outage,deadline_greedy,usable_confidence_proxy,0.7249467226228217,0.0013696023696029161,0.7244430956540359,0.7254187925547377,30
200.0,outage,deadline_greedy,mean_output_confidence,0.7249467226228217,0.0013696023696029161,0.7244430956540359,0.7254187925547377,30
200.0,outage,deadline_greedy,bandwidth_per_1000_frames_kb,0.0,0.0,0.0,0.0,30
200.0,outage,deadline_greedy,remote_attempt_rate,0.0,0.0,0.0,0.0,30
200.0,outage,deadline_greedy,remote_accept_rate,0.0,0.0,0.0,0.0,30
200.0,outage,deadline_greedy,remote_accepted_per_frame,0.0,0.0,0.0,0.0,30
200.0,outage,deadline_greedy,remote_rejected_deadline_rate,0.0,0.0,0.0,0.0,30
200.0,outage,deadline_greedy,remote_failed_loss_rate,0.0,0.0,0.0,0.0,30
200.0,outage,deadline_greedy,fallback_rate,0.0,0.0,0.0,0.0,30
200.0,outage,deadline_greedy,reuse_rate,0.0,0.0,0.0,0.0,30
200.0,outage,deadline_greedy,stale_acceptance_rate,0.0,0.0,0.0,0.0,30
200.0,outage,deadline_greedy,mode_switches_per_1000,0.0,0.0,0.0,0.0,30
200.0,outage,deadline_greedy,pct_local_fast,100.0,0.0,100.0,100.0,30
200.0,outage,deadline_greedy,pct_edge_accurate,0.0,0.0,0.0,0.0,30
200.0,outage,deadline_greedy,pct_hybrid,0.0,0.0,0.0,0.0,30
200.0,outage,deadline_greedy,pct_degraded_safe,0.0,0.0,0.0,0.0,30
200.0,outage,confidence_deadline,deadline_miss_rate,0.0,0.0,0.0,0.0,30
200.0,outage,confidence_deadline,p95_latency_ms,34.0121154317442,0.15795577821290474,33.95559240397263,34.06678081351494,30
200.0,outage,confidence_deadline,p99_latency_ms,34.777699557235714,0.07705312091530245,34.749491147370385,34.80488086421645,30
200.0,outage,confidence_deadline,mean_latency_ms,25.010062503109022,0.1685788631806354,24.95087977218813,25.069247105913615,30
200.0,outage,confidence_deadline,usable_confidence_proxy,0.7249467226228217,0.0013696023696029161,0.7244430956540359,0.7254187925547377,30
200.0,outage,confidence_deadline,mean_output_confidence,0.7249467226228217,0.0013696023696029161,0.7244430956540359,0.7254187925547377,30
200.0,outage,confidence_deadline,bandwidth_per_1000_frames_kb,0.0,0.0,0.0,0.0,30
200.0,outage,confidence_deadline,remote_attempt_rate,0.0,0.0,0.0,0.0,30
200.0,outage,confidence_deadline,remote_accept_rate,0.0,0.0,0.0,0.0,30
200.0,outage,confidence_deadline,remote_accepted_per_frame,0.0,0.0,0.0,0.0,30
200.0,outage,confidence_deadline,remote_rejected_deadline_rate,0.0,0.0,0.0,0.0,30
200.0,outage,confidence_deadline,remote_failed_loss_rate,0.0,0.0,0.0,0.0,30
200.0,outage,confidence_deadline,fallback_rate,0.0,0.0,0.0,0.0,30
200.0,outage,confidence_deadline,reuse_rate,0.0,0.0,0.0,0.0,30
200.0,outage,confidence_deadline,stale_acceptance_rate,0.0,0.0,0.0,0.0,30
200.0,outage,confidence_deadline,mode_switches_per_1000,0.0,0.0,0.0,0.0,30
200.0,outage,confidence_deadline,pct_local_fast,100.0,0.0,100.0,100.0,30
200.0,outage,confidence_deadline,pct_edge_accurate,0.0,0.0,0.0,0.0,30
200.0,outage,confidence_deadline,pct_hybrid,0.0,0.0,0.0,0.0,30
200.0,outage,confidence_deadline,pct_degraded_safe,0.0,0.0,0.0,0.0,30
200.0,outage,rtt_threshold,deadline_miss_rate,0.0,0.0,0.0,0.0,30
200.0,outage,rtt_threshold,p95_latency_ms,34.0121154317442,0.15795577821290474,33.95559240397263,34.06678081351494,30
200.0,outage,rtt_threshold,p99_latency_ms,34.777699557235714,0.07705312091530245,34.749491147370385,34.80488086421645,30
200.0,outage,rtt_threshold,mean_latency_ms,25.010062503109022,0.1685788631806354,24.95087977218813,25.069247105913615,30
200.0,outage,rtt_threshold,usable_confidence_proxy,0.7249467226228217,0.0013696023696029161,0.7244430956540359,0.7254187925547377,30
200.0,outage,rtt_threshold,mean_output_confidence,0.7249467226228217,0.0013696023696029161,0.7244430956540359,0.7254187925547377,30
200.0,outage,rtt_threshold,bandwidth_per_1000_frames_kb,0.0,0.0,0.0,0.0,30
200.0,outage,rtt_threshold,remote_attempt_rate,0.0,0.0,0.0,0.0,30
200.0,outage,rtt_threshold,remote_accept_rate,0.0,0.0,0.0,0.0,30
200.0,outage,rtt_threshold,remote_accepted_per_frame,0.0,0.0,0.0,0.0,30
200.0,outage,rtt_threshold,remote_rejected_deadline_rate,0.0,0.0,0.0,0.0,30
200.0,outage,rtt_threshold,remote_failed_loss_rate,0.0,0.0,0.0,0.0,30
200.0,outage,rtt_threshold,fallback_rate,0.0,0.0,0.0,0.0,30
200.0,outage,rtt_threshold,reuse_rate,0.0,0.0,0.0,0.0,30
200.0,outage,rtt_threshold,stale_acceptance_rate,0.0,0.0,0.0,0.0,30
200.0,outage,rtt_threshold,mode_switches_per_1000,0.0,0.0,0.0,0.0,30
200.0,outage,rtt_threshold,pct_local_fast,100.0,0.0,100.0,100.0,30
200.0,outage,rtt_threshold,pct_edge_accurate,0.0,0.0,0.0,0.0,30
200.0,outage,rtt_threshold,pct_hybrid,0.0,0.0,0.0,0.0,30
200.0,outage,rtt_threshold,pct_degraded_safe,0.0,0.0,0.0,0.0,30
200.0,outage,oracle_feasible,deadline_miss_rate,0.00030000000000000003,0.0005959634332684378,0.0001,0.0005333333333333334,30
200.0,outage,oracle_feasible,p95_latency_ms,34.01602370853231,0.15698540245225712,33.95950306958829,34.070985108572245,30
200.0,outage,oracle_feasible,p99_latency_ms,34.78438512343049,0.08005054470997912,34.7548948844231,34.8125086706543,30
200.0,outage,oracle_feasible,mean_latency_ms,25.07006250310902,0.1763620059417563,25.00780597631852,25.13106094436061,30
200.0,outage,oracle_feasible,usable_confidence_proxy,0.7247328010182987,0.0013885897194358362,0.7242276350518424,0.7252106494695368,30
200.0,outage,oracle_feasible,mean_output_confidence,0.7249467226228217,0.0013696023696029161,0.7244430956540359,0.7254187925547377,30
200.0,outage,oracle_feasible,bandwidth_per_1000_frames_kb,7.5,14.89908583171094,2.5,13.333333333333334,30
200.0,outage,oracle_feasible,remote_attempt_rate,0.00030000000000000003,0.0005959634332684378,0.0001,0.0005333333333333334,30
200.0,outage,oracle_feasible,remote_accept_rate,0.0,0.0,0.0,0.0,30
200.0,outage,oracle_feasible,remote_accepted_per_frame,0.0,0.0,0.0,0.0,30
200.0,outage,oracle_feasible,remote_rejected_deadline_rate,0.0,0.0,0.0,0.0,30
200.0,outage,oracle_feasible,remote_failed_loss_rate,0.0,0.0,0.0,0.0,30
200.0,outage,oracle_feasible,fallback_rate,0.00030000000000000003,0.0005959634332684378,0.0001,0.0005333333333333334,30
200.0,outage,oracle_feasible,reuse_rate,0.0,0.0,0.0,0.0,30
200.0,outage,oracle_feasible,stale_acceptance_rate,0.0,0.0,0.0,0.0,30
200.0,outage,oracle_feasible,mode_switches_per_1000,0.6,1.1919268665368752,0.2,1.0666666666666667,30
200.0,outage,oracle_feasible,pct_local_fast,99.97,0.05959634332684317,99.94666666666669,99.99,30
200.0,outage,oracle_feasible,pct_edge_accurate,0.030000000000000006,0.059596343326843756,0.010000000000000002,0.05333333333333334,30
200.0,outage,oracle_feasible,pct_hybrid,0.0,0.0,0.0,0.0,30
200.0,outage,oracle_feasible,pct_degraded_safe,0.0,0.0,0.0,0.0,30
250.0,stable,local_only,deadline_miss_rate,0.0,0.0,0.0,0.0,30
250.0,stable,local_only,p95_latency_ms,33.984265110354684,0.14612908292769589,33.9343159514038,34.036015368498674,30
250.0,stable,local_only,p99_latency_ms,34.78401367177919,0.06560311317343774,34.76065987728268,34.806824911760046,30
250.0,stable,local_only,mean_latency_ms,25.02027748999063,0.19474756789946776,24.952896569039584,25.094599531312916,30
250.0,stable,local_only,usable_confidence_proxy,0.7249667322554326,0.0015304909747104968,0.7244513387101592,0.7255071023390036,30
250.0,stable,local_only,mean_output_confidence,0.7249667322554326,0.0015304909747104968,0.7244513387101592,0.7255071023390036,30
250.0,stable,local_only,bandwidth_per_1000_frames_kb,0.0,0.0,0.0,0.0,30
250.0,stable,local_only,remote_attempt_rate,0.0,0.0,0.0,0.0,30
250.0,stable,local_only,remote_accept_rate,0.0,0.0,0.0,0.0,30
250.0,stable,local_only,remote_accepted_per_frame,0.0,0.0,0.0,0.0,30
250.0,stable,local_only,remote_rejected_deadline_rate,0.0,0.0,0.0,0.0,30
250.0,stable,local_only,remote_failed_loss_rate,0.0,0.0,0.0,0.0,30
250.0,stable,local_only,fallback_rate,0.0,0.0,0.0,0.0,30
250.0,stable,local_only,reuse_rate,0.0,0.0,0.0,0.0,30
250.0,stable,local_only,stale_acceptance_rate,0.0,0.0,0.0,0.0,30
250.0,stable,local_only,mode_switches_per_1000,0.0,0.0,0.0,0.0,30
250.0,stable,local_only,pct_local_fast,100.0,0.0,100.0,100.0,30
250.0,stable,local_only,pct_edge_accurate,0.0,0.0,0.0,0.0,30
250.0,stable,local_only,pct_hybrid,0.0,0.0,0.0,0.0,30
250.0,stable,local_only,pct_degraded_safe,0.0,0.0,0.0,0.0,30
250.0,stable,edge_only,deadline_miss_rate,0.0,0.0,0.0,0.0,30
250.0,stable,edge_only,p95_latency_ms,152.52768017496658,0.34100345400097426,152.40566292884466,152.64597997557178,30
250.0,stable,edge_only,p99_latency_ms,155.48528101316464,0.4985131228177649,155.3068695505588,155.66130250081798,30
250.0,stable,edge_only,mean_latency_ms,115.05752379524384,1.0251425834892363,114.71155545565776,115.42069999420458,30
250.0,stable,edge_only,usable_confidence_proxy,0.8018397604921572,0.003217967031190964,0.8007202870741114,0.8029298858199907,30
250.0,stable,edge_only,mean_output_confidence,0.8018397604921572,0.003217967031190964,0.8007202870741114,0.8029298858199907,30
250.0,stable,edge_only,bandwidth_per_1000_frames_kb,25000.0,0.0,25000.0,25000.0,30
250.0,stable,edge_only,remote_attempt_rate,1.0,0.0,1.0,1.0,30
250.0,stable,edge_only,remote_accept_rate,0.5123333333333334,0.017307230566588578,0.5061991666666666,0.5182675000000001,30
250.0,stable,edge_only,remote_accepted_per_frame,0.5123333333333334,0.017307230566588578,0.5061991666666666,0.5182675000000001,30
250.0,stable,edge_only,remote_rejected_deadline_rate,0.09549999999999999,0.008838590931544033,0.09233333333333334,0.09856666666666668,30
250.0,stable,edge_only,remote_failed_loss_rate,0.011066666666666669,0.0027784060592154374,0.010133333333333334,0.012066666666666668,30
250.0,stable,edge_only,fallback_rate,0.48766666666666664,0.017307230566588564,0.48173249999999995,0.4938008333333334,30
250.0,stable,edge_only,reuse_rate,0.0,0.0,0.0,0.0,30
250.0,stable,edge_only,stale_acceptance_rate,0.0,0.0,0.0,0.0,30
250.0,stable,edge_only,mode_switches_per_1000,0.0,0.0,0.0,0.0,30
250.0,stable,edge_only,pct_local_fast,0.0,0.0,0.0,0.0,30
250.0,stable,edge_only,pct_edge_accurate,100.0,0.0,100.0,100.0,30
250.0,stable,edge_only,pct_hybrid,0.0,0.0,0.0,0.0,30
250.0,stable,edge_only,pct_degraded_safe,0.0,0.0,0.0,0.0,30
250.0,stable,cloud_only,deadline_miss_rate,0.7251999999999997,0.01609326267256818,0.7195,0.7308666666666664,30
250.0,stable,cloud_only,p95_latency_ms,264.1972326876118,0.3285282310524167,264.0845825833015,264.315418515133,30
250.0,stable,cloud_only,p99_latency_ms,266.6309050986303,0.5970280360918819,266.42402436407184,266.8390211231199,30
250.0,stable,cloud_only,mean_latency_ms,254.46205937565495,0.2498900220139019,254.37666297770727,254.55050144044532,30
250.0,stable,cloud_only,usable_confidence_proxy,0.1993255764123028,0.011753832464619807,0.19523567369090697,0.20344415173635844,30
250.0,stable,cloud_only,mean_output_confidence,0.7249667322554326,0.0015304909747104968,0.7244513387101592,0.7255071023390036,30
250.0,stable,cloud_only,bandwidth_per_1000_frames_kb,35000.0,0.0,35000.0,35000.0,30
250.0,stable,cloud_only,remote_attempt_rate,1.0,0.0,1.0,1.0,30
250.0,stable,cloud_only,remote_accept_rate,0.0,0.0,0.0,0.0,30
250.0,stable,cloud_only,remote_accepted_per_frame,0.0,0.0,0.0,0.0,30
250.0,stable,cloud_only,remote_rejected_deadline_rate,0.23320000000000002,0.012866422485920742,0.22856666666666664,0.23759999999999992,30
250.0,stable,cloud_only,remote_failed_loss_rate,0.009333333333333334,0.003546084128116275,0.008100000000000001,0.010600000000000002,30
250.0,stable,cloud_only,fallback_rate,1.0,0.0,1.0,1.0,30
250.0,stable,cloud_only,reuse_rate,0.0,0.0,0.0,0.0,30
250.0,stable,cloud_only,stale_acceptance_rate,0.0,0.0,0.0,0.0,30
250.0,stable,cloud_only,mode_switches_per_1000,0.0,0.0,0.0,0.0,30
250.0,stable,cloud_only,pct_local_fast,0.0,0.0,0.0,0.0,30
250.0,stable,cloud_only,pct_edge_accurate,100.0,0.0,100.0,100.0,30
250.0,stable,cloud_only,pct_hybrid,0.0,0.0,0.0,0.0,30
250.0,stable,cloud_only,pct_degraded_safe,0.0,0.0,0.0,0.0,30
250.0,stable,dapper,deadline_miss_rate,0.0,0.0,0.0,0.0,30
250.0,stable,dapper,p95_latency_ms,152.17408599779458,0.45402859838569465,152.0121082246416,152.331350523573,30
250.0,stable,dapper,p99_latency_ms,155.3409355561682,0.549924919346767,155.14753098714868,155.52857408892322,30
250.0,stable,dapper,mean_latency_ms,102.92338016748587,1.8171936585729458,102.2933926565328,103.55524137509077,30
250.0,stable,dapper,usable_confidence_proxy,0.7959976928158301,0.0030581965746421004,0.7949187491188087,0.7970282591916404,30
250.0,stable,dapper,mean_output_confidence,0.7959976928158301,0.0030581965746421004,0.7949187491188087,0.7970282591916404,30
250.0,stable,dapper,bandwidth_per_1000_frames_kb,21621.666666666668,335.8425671130112,21501.645833333336,21735.0,30
250.0,stable,dapper,remote_attempt_rate,0.8648666666666667,0.013433702684520463,0.8600658333333333,0.8694,30
250.0,stable,dapper,remote_accept_rate,0.5119299636219802,0.019710509684781493,0.5048710537106218,0.5185291640553195,30
250.0,stable,dapper,remote_accepted_per_frame,0.4427,0.01712862093609448,0.43670000000000003,0.44869999999999993,30
250.0,stable,dapper,remote_rejected_deadline_rate,0.09571176556872005,0.009351749073901463,0.09250225031077969,0.09893992513413837,30
250.0,stable,dapper,remote_failed_loss_rate,0.011160401044939667,0.0032782175425864904,0.010069906399418155,0.012335025962814114,30
250.0,stable,dapper,fallback_rate,0.42216666666666663,0.019499042122067458,0.4156,0.4290333333333333,30
250.0,stable,dapper,reuse_rate,0.0,0.0,0.0,0.0,30
250.0,stable,dapper,stale_acceptance_rate,0.0,0.0,0.0,0.0,30
250.0,stable,dapper,mode_switches_per_1000,233.3,23.550605819867112,225.26666666666668,241.90083333333334,30
250.0,stable,dapper,pct_local_fast,13.513333333333334,1.3433702684520452,13.06,13.993416666666668,30
250.0,stable,dapper,pct_edge_accurate,86.48666666666666,1.3433702684520459,86.00658333333332,86.93999999999998,30
250.0,stable,dapper,pct_hybrid,0.0,0.0,0.0,0.0,30
250.0,stable,dapper,pct_degraded_safe,0.0,0.0,0.0,0.0,30
250.0,stable,deadline_greedy,deadline_miss_rate,0.0,0.0,0.0,0.0,30
250.0,stable,deadline_greedy,p95_latency_ms,33.984265110354684,0.14612908292769589,33.9343159514038,34.036015368498674,30
250.0,stable,deadline_greedy,p99_latency_ms,34.78401367177919,0.06560311317343774,34.76065987728268,34.806824911760046,30
250.0,stable,deadline_greedy,mean_latency_ms,25.02027748999063,0.19474756789946776,24.952896569039584,25.094599531312916,30
250.0,stable,deadline_greedy,usable_confidence_proxy,0.7249667322554326,0.0015304909747104968,0.7244513387101592,0.7255071023390036,30
250.0,stable,deadline_greedy,mean_output_confidence,0.7249667322554326,0.0015304909747104968,0.7244513387101592,0.7255071023390036,30
250.0,stable,deadline_greedy,bandwidth_per_1000_frames_kb,0.0,0.0,0.0,0.0,30
250.0,stable,deadline_greedy,remote_attempt_rate,0.0,0.0,0.0,0.0,30
250.0,stable,deadline_greedy,remote_accept_rate,0.0,0.0,0.0,0.0,30
250.0,stable,deadline_greedy,remote_accepted_per_frame,0.0,0.0,0.0,0.0,30
250.0,stable,deadline_greedy,remote_rejected_deadline_rate,0.0,0.0,0.0,0.0,30
250.0,stable,deadline_greedy,remote_failed_loss_rate,0.0,0.0,0.0,0.0,30
250.0,stable,deadline_greedy,fallback_rate,0.0,0.0,0.0,0.0,30
250.0,stable,deadline_greedy,reuse_rate,0.0,0.0,0.0,0.0,30
250.0,stable,deadline_greedy,stale_acceptance_rate,0.0,0.0,0.0,0.0,30
250.0,stable,deadline_greedy,mode_switches_per_1000,0.0,0.0,0.0,0.0,30
250.0,stable,deadline_greedy,pct_local_fast,100.0,0.0,100.0,100.0,30
250.0,stable,deadline_greedy,pct_edge_accurate,0.0,0.0,0.0,0.0,30
250.0,stable,deadline_greedy,pct_hybrid,0.0,0.0,0.0,0.0,30
250.0,stable,deadline_greedy,pct_degraded_safe,0.0,0.0,0.0,0.0,30
250.0,stable,confidence_deadline,deadline_miss_rate,0.0,0.0,0.0,0.0,30
250.0,stable,confidence_deadline,p95_latency_ms,33.984265110354684,0.14612908292769589,33.9343159514038,34.036015368498674,30
250.0,stable,confidence_deadline,p99_latency_ms,34.78401367177919,0.06560311317343774,34.76065987728268,34.806824911760046,30
250.0,stable,confidence_deadline,mean_latency_ms,25.02027748999063,0.19474756789946776,24.952896569039584,25.094599531312916,30
250.0,stable,confidence_deadline,usable_confidence_proxy,0.7249667322554326,0.0015304909747104968,0.7244513387101592,0.7255071023390036,30
250.0,stable,confidence_deadline,mean_output_confidence,0.7249667322554326,0.0015304909747104968,0.7244513387101592,0.7255071023390036,30
250.0,stable,confidence_deadline,bandwidth_per_1000_frames_kb,0.0,0.0,0.0,0.0,30
250.0,stable,confidence_deadline,remote_attempt_rate,0.0,0.0,0.0,0.0,30
250.0,stable,confidence_deadline,remote_accept_rate,0.0,0.0,0.0,0.0,30
250.0,stable,confidence_deadline,remote_accepted_per_frame,0.0,0.0,0.0,0.0,30
250.0,stable,confidence_deadline,remote_rejected_deadline_rate,0.0,0.0,0.0,0.0,30
250.0,stable,confidence_deadline,remote_failed_loss_rate,0.0,0.0,0.0,0.0,30
250.0,stable,confidence_deadline,fallback_rate,0.0,0.0,0.0,0.0,30
250.0,stable,confidence_deadline,reuse_rate,0.0,0.0,0.0,0.0,30
250.0,stable,confidence_deadline,stale_acceptance_rate,0.0,0.0,0.0,0.0,30
250.0,stable,confidence_deadline,mode_switches_per_1000,0.0,0.0,0.0,0.0,30
250.0,stable,confidence_deadline,pct_local_fast,100.0,0.0,100.0,100.0,30
250.0,stable,confidence_deadline,pct_edge_accurate,0.0,0.0,0.0,0.0,30
250.0,stable,confidence_deadline,pct_hybrid,0.0,0.0,0.0,0.0,30
250.0,stable,confidence_deadline,pct_degraded_safe,0.0,0.0,0.0,0.0,30
250.0,stable,rtt_threshold,deadline_miss_rate,0.0,0.0,0.0,0.0,30
250.0,stable,rtt_threshold,p95_latency_ms,33.984265110354684,0.14612908292769589,33.9343159514038,34.036015368498674,30
250.0,stable,rtt_threshold,p99_latency_ms,34.78401367177919,0.06560311317343774,34.76065987728268,34.806824911760046,30
250.0,stable,rtt_threshold,mean_latency_ms,25.02027748999063,0.19474756789946776,24.952896569039584,25.094599531312916,30
250.0,stable,rtt_threshold,usable_confidence_proxy,0.7249667322554326,0.0015304909747104968,0.7244513387101592,0.7255071023390036,30
250.0,stable,rtt_threshold,mean_output_confidence,0.7249667322554326,0.0015304909747104968,0.7244513387101592,0.7255071023390036,30
250.0,stable,rtt_threshold,bandwidth_per_1000_frames_kb,0.0,0.0,0.0,0.0,30
250.0,stable,rtt_threshold,remote_attempt_rate,0.0,0.0,0.0,0.0,30
250.0,stable,rtt_threshold,remote_accept_rate,0.0,0.0,0.0,0.0,30
250.0,stable,rtt_threshold,remote_accepted_per_frame,0.0,0.0,0.0,0.0,30
250.0,stable,rtt_threshold,remote_rejected_deadline_rate,0.0,0.0,0.0,0.0,30
250.0,stable,rtt_threshold,remote_failed_loss_rate,0.0,0.0,0.0,0.0,30
250.0,stable,rtt_threshold,fallback_rate,0.0,0.0,0.0,0.0,30
250.0,stable,rtt_threshold,reuse_rate,0.0,0.0,0.0,0.0,30
250.0,stable,rtt_threshold,stale_acceptance_rate,0.0,0.0,0.0,0.0,30
250.0,stable,rtt_threshold,mode_switches_per_1000,0.0,0.0,0.0,0.0,30
250.0,stable,rtt_threshold,pct_local_fast,100.0,0.0,100.0,100.0,30
250.0,stable,rtt_threshold,pct_edge_accurate,0.0,0.0,0.0,0.0,30
250.0,stable,rtt_threshold,pct_hybrid,0.0,0.0,0.0,0.0,30
250.0,stable,rtt_threshold,pct_degraded_safe,0.0,0.0,0.0,0.0,30
250.0,stable,oracle_feasible,deadline_miss_rate,0.0,0.0,0.0,0.0,30
250.0,stable,oracle_feasible,p95_latency_ms,151.86305638916357,0.4588935706300311,151.70382072041306,152.02511066835768,30
250.0,stable,oracle_feasible,p99_latency_ms,155.16710769051605,0.5404960962132144,154.97241656874922,155.3498224658317,30
250.0,stable,oracle_feasible,mean_latency_ms,102.35495612395205,1.1919730296757938,101.94436608426815,102.7865582196234,30
250.0,stable,oracle_feasible,usable_confidence_proxy,0.8018397604921572,0.003217967031190964,0.8007202870741114,0.8029298858199907,30
250.0,stable,oracle_feasible,mean_output_confidence,0.8018397604921572,0.003217967031190964,0.8007202870741114,0.8029298858199907,30
250.0,stable,oracle_feasible,bandwidth_per_1000_frames_kb,22335.833333333332,236.1402393572052,22255.0,22420.0,30
250.0,stable,oracle_feasible,remote_attempt_rate,0.8934333333333332,0.009445609574288217,0.8901999999999999,0.8967999999999999,30
250.0,stable,oracle_feasible,remote_accept_rate,0.5734259189051719,0.017894661102124107,0.5670297065077783,0.5795797629072468,30
250.0,stable,oracle_feasible,remote_accepted_per_frame,0.5123333333333334,0.017307230566588578,0.5061991666666666,0.5182675000000001,30
250.0,stable,oracle_feasible,remote_rejected_deadline_rate,0.0,0.0,0.0,0.0,30
250.0,stable,oracle_feasible,remote_failed_loss_rate,0.0,0.0,0.0,0.0,30
250.0,stable,oracle_feasible,fallback_rate,0.3811,0.016091012698247826,0.3754333333333334,0.38680000000000003,30
250.0,stable,oracle_feasible,reuse_rate,0.0,0.0,0.0,0.0,30
250.0,stable,oracle_feasible,stale_acceptance_rate,0.0,0.0,0.0,0.0,30
250.0,stable,oracle_feasible,mode_switches_per_1000,188.96666666666667,16.134100390238647,183.26583333333335,194.7,30
250.0,stable,oracle_feasible,pct_local_fast,10.656666666666668,0.9445609574288206,10.319999999999999,10.98,30
250.0,stable,oracle_feasible,pct_edge_accurate,89.34333333333335,0.9445609574288213,89.02,89.68,30
250.0,stable,oracle_feasible,pct_hybrid,0.0,0.0,0.0,0.0,30
250.0,stable,oracle_feasible,pct_degraded_safe,0.0,0.0,0.0,0.0,30
250.0,congested,local_only,deadline_miss_rate,0.0,0.0,0.0,0.0,30
250.0,congested,local_only,p95_latency_ms,33.94268972592376,0.09803104261482531,33.906854831430806,33.97630119170664,30
250.0,congested,local_only,p99_latency_ms,34.769178949662624,0.05524239382592479,34.748642896298946,34.7879694671568,30
250.0,congested,local_only,mean_latency_ms,25.012597088142645,0.18113657767527264,24.949225112390963,25.077791277753096,30
250.0,congested,local_only,usable_confidence_proxy,0.7249282051819181,0.0016092933478095927,0.7243536843822596,0.725520489679899,30
250.0,congested,local_only,mean_output_confidence,0.7249282051819181,0.0016092933478095927,0.7243536843822596,0.725520489679899,30
250.0,congested,local_only,bandwidth_per_1000_frames_kb,0.0,0.0,0.0,0.0,30
250.0,congested,local_only,remote_attempt_rate,0.0,0.0,0.0,0.0,30
250.0,congested,local_only,remote_accept_rate,0.0,0.0,0.0,0.0,30
250.0,congested,local_only,remote_accepted_per_frame,0.0,0.0,0.0,0.0,30
250.0,congested,local_only,remote_rejected_deadline_rate,0.0,0.0,0.0,0.0,30
250.0,congested,local_only,remote_failed_loss_rate,0.0,0.0,0.0,0.0,30
250.0,congested,local_only,fallback_rate,0.0,0.0,0.0,0.0,30
250.0,congested,local_only,reuse_rate,0.0,0.0,0.0,0.0,30
250.0,congested,local_only,stale_acceptance_rate,0.0,0.0,0.0,0.0,30
250.0,congested,local_only,mode_switches_per_1000,0.0,0.0,0.0,0.0,30
250.0,congested,local_only,pct_local_fast,100.0,0.0,100.0,100.0,30
250.0,congested,local_only,pct_edge_accurate,0.0,0.0,0.0,0.0,30
250.0,congested,local_only,pct_hybrid,0.0,0.0,0.0,0.0,30
250.0,congested,local_only,pct_degraded_safe,0.0,0.0,0.0,0.0,30
250.0,congested,edge_only,deadline_miss_rate,0.0,0.0,0.0,0.0,30
250.0,congested,edge_only,p95_latency_ms,222.8457778387569,0.7342777022504414,222.58392173597178,223.10556213452057,30
250.0,congested,edge_only,p99_latency_ms,228.83761921080674,1.172976576198256,228.4091627193559,229.24237227990312,30
250.0,congested,edge_only,mean_latency_ms,206.12943685788483,0.5772111517141497,205.9287143030029,206.34280449852196,30
250.0,congested,edge_only,usable_confidence_proxy,0.7249282051819181,0.0016092933478095927,0.7243536843822596,0.725520489679899,30
250.0,congested,edge_only,mean_output_confidence,0.7249282051819181,0.0016092933478095927,0.7243536843822596,0.725520489679899,30
250.0,congested,edge_only,bandwidth_per_1000_frames_kb,25000.0,0.0,25000.0,25000.0,30
250.0,congested,edge_only,remote_attempt_rate,1.0,0.0,1.0,1.0,30
250.0,congested,edge_only,remote_accept_rate,0.0,0.0,0.0,0.0,30
250.0,congested,edge_only,remote_accepted_per_frame,0.0,0.0,0.0,0.0,30
250.0,congested,edge_only,remote_rejected_deadline_rate,0.16526666666666665,0.009927090532315174,0.16193333333333332,0.16886666666666666,30
250.0,congested,edge_only,remote_failed_loss_rate,0.04953333333333333,0.007682193173438364,0.04683333333333333,0.05220083333333333,30
250.0,congested,edge_only,fallback_rate,1.0,0.0,1.0,1.0,30
250.0,congested,edge_only,reuse_rate,0.0,0.0,0.0,0.0,30
250.0,congested,edge_only,stale_acceptance_rate,0.0,0.0,0.0,0.0,30
250.0,congested,edge_only,mode_switches_per_1000,0.0,0.0,0.0,0.0,30
250.0,congested,edge_only,pct_local_fast,0.0,0.0,0.0,0.0,30
250.0,congested,edge_only,pct_edge_accurate,100.0,0.0,100.0,100.0,30
250.0,congested,edge_only,pct_hybrid,0.0,0.0,0.0,0.0,30
250.0,congested,edge_only,pct_degraded_safe,0.0,0.0,0.0,0.0,30
250.0,congested,cloud_only,deadline_miss_rate,1.0,0.0,1.0,1.0,30
250.0,congested,cloud_only,p95_latency_ms,283.94268972592374,0.09803104261482216,283.9068548314309,283.9763011917066,30
250.0,congested,cloud_only,p99_latency_ms,284.7691789496626,0.05524239382592813,284.7486428962989,284.78796946715687,30
250.0,congested,cloud_only,mean_latency_ms,275.0125970881426,0.181136577675278,274.949225112391,275.0777912777531,30
250.0,congested,cloud_only,usable_confidence_proxy,0.0,0.0,0.0,0.0,30
250.0,congested,cloud_only,mean_output_confidence,0.7249282051819181,0.0016092933478095927,0.7243536843822596,0.725520489679899,30
250.0,congested,cloud_only,bandwidth_per_1000_frames_kb,35000.0,0.0,35000.0,35000.0,30
250.0,congested,cloud_only,remote_attempt_rate,1.0,0.0,1.0,1.0,30
250.0,congested,cloud_only,remote_accept_rate,0.0,0.0,0.0,0.0,30
250.0,congested,cloud_only,remote_accepted_per_frame,0.0,0.0,0.0,0.0,30
250.0,congested,cloud_only,remote_rejected_deadline_rate,0.7609333333333334,0.014529241225016296,0.7557324999999998,0.7659333333333332,30
250.0,congested,cloud_only,remote_failed_loss_rate,0.049433333333333336,0.007142313608219744,0.04686666666666666,0.052000000000000005,30
250.0,congested,cloud_only,fallback_rate,1.0,0.0,1.0,1.0,30
250.0,congested,cloud_only,reuse_rate,0.0,0.0,0.0,0.0,30
250.0,congested,cloud_only,stale_acceptance_rate,0.0,0.0,0.0,0.0,30
250.0,congested,cloud_only,mode_switches_per_1000,0.0,0.0,0.0,0.0,30
250.0,congested,cloud_only,pct_local_fast,0.0,0.0,0.0,0.0,30
250.0,congested,cloud_only,pct_edge_accurate,100.0,0.0,100.0,100.0,30
250.0,congested,cloud_only,pct_hybrid,0.0,0.0,0.0,0.0,30
250.0,congested,cloud_only,pct_degraded_safe,0.0,0.0,0.0,0.0,30
250.0,congested,dapper,deadline_miss_rate,0.0,0.0,0.0,0.0,30
250.0,congested,dapper,p95_latency_ms,222.22301465165702,0.6797243243782066,221.97553217743683,222.4643188806939,30
250.0,congested,dapper,p99_latency_ms,228.4608863171751,1.0640635298810677,228.06429864002894,228.82716793682619,30
250.0,congested,dapper,mean_latency_ms,182.50595184847091,1.7540764741395811,181.872288423178,183.12285365137168,30
250.0,congested,dapper,usable_confidence_proxy,0.7249282051819181,0.0016092933478095927,0.7243536843822596,0.725520489679899,30
250.0,congested,dapper,mean_output_confidence,0.7249282051819181,0.0016092933478095927,0.7243536843822596,0.725520489679899,30
250.0,congested,dapper,bandwidth_per_1000_frames_kb,21739.166666666668,256.18919239275215,21646.666666666668,21828.333333333332,30
250.0,congested,dapper,remote_attempt_rate,0.8695666666666667,0.010247567695710095,0.8658666666666667,0.8731333333333333,30
250.0,congested,dapper,remote_accept_rate,0.0,0.0,0.0,0.0,30
250.0,congested,dapper,remote_accepted_per_frame,0.0,0.0,0.0,0.0,30
250.0,congested,dapper,remote_rejected_deadline_rate,0.16336886538114756,0.011578198980938113,0.15943286838805368,0.1674388325106693,30
250.0,congested,dapper,remote_failed_loss_rate,0.05017488068823786,0.008800087997543617,0.0471171168203417,0.05330346236895794,30
250.0,congested,dapper,fallback_rate,0.8695666666666667,0.010247567695710095,0.8658666666666667,0.8731333333333333,30
250.0,congested,dapper,reuse_rate,0.0,0.0,0.0,0.0,30
250.0,congested,dapper,stale_acceptance_rate,0.0,0.0,0.0,0.0,30
250.0,congested,dapper,mode_switches_per_1000,225.33333333333334,16.979365434983507,219.46666666666667,231.33416666666668,30
250.0,congested,dapper,pct_local_fast,13.043333333333333,1.0247567695710083,12.686666666666667,13.41333333333333,30
250.0,congested,dapper,pct_edge_accurate,86.95666666666666,1.0247567695710094,86.58666666666669,87.31333333333332,30
250.0,congested,dapper,pct_hybrid,0.0,0.0,0.0,0.0,30
250.0,congested,dapper,pct_degraded_safe,0.0,0.0,0.0,0.0,30
250.0,congested,deadline_greedy,deadline_miss_rate,0.0,0.0,0.0,0.0,30
250.0,congested,deadline_greedy,p95_latency_ms,33.94268972592376,0.09803104261482531,33.906854831430806,33.97630119170664,30
250.0,congested,deadline_greedy,p99_latency_ms,34.769178949662624,0.05524239382592479,34.748642896298946,34.7879694671568,30
250.0,congested,deadline_greedy,mean_latency_ms,25.012597088142645,0.18113657767527264,24.949225112390963,25.077791277753096,30
250.0,congested,deadline_greedy,usable_confidence_proxy,0.7249282051819181,0.0016092933478095927,0.7243536843822596,0.725520489679899,30
250.0,congested,deadline_greedy,mean_output_confidence,0.7249282051819181,0.0016092933478095927,0.7243536843822596,0.725520489679899,30
250.0,congested,deadline_greedy,bandwidth_per_1000_frames_kb,0.0,0.0,0.0,0.0,30
250.0,congested,deadline_greedy,remote_attempt_rate,0.0,0.0,0.0,0.0,30
250.0,congested,deadline_greedy,remote_accept_rate,0.0,0.0,0.0,0.0,30
250.0,congested,deadline_greedy,remote_accepted_per_frame,0.0,0.0,0.0,0.0,30
250.0,congested,deadline_greedy,remote_rejected_deadline_rate,0.0,0.0,0.0,0.0,30
250.0,congested,deadline_greedy,remote_failed_loss_rate,0.0,0.0,0.0,0.0,30
250.0,congested,deadline_greedy,fallback_rate,0.0,0.0,0.0,0.0,30
250.0,congested,deadline_greedy,reuse_rate,0.0,0.0,0.0,0.0,30
250.0,congested,deadline_greedy,stale_acceptance_rate,0.0,0.0,0.0,0.0,30
250.0,congested,deadline_greedy,mode_switches_per_1000,0.0,0.0,0.0,0.0,30
250.0,congested,deadline_greedy,pct_local_fast,100.0,0.0,100.0,100.0,30
250.0,congested,deadline_greedy,pct_edge_accurate,0.0,0.0,0.0,0.0,30
250.0,congested,deadline_greedy,pct_hybrid,0.0,0.0,0.0,0.0,30
250.0,congested,deadline_greedy,pct_degraded_safe,0.0,0.0,0.0,0.0,30
250.0,congested,confidence_deadline,deadline_miss_rate,0.0,0.0,0.0,0.0,30
250.0,congested,confidence_deadline,p95_latency_ms,33.94268972592376,0.09803104261482531,33.906854831430806,33.97630119170664,30
250.0,congested,confidence_deadline,p99_latency_ms,34.769178949662624,0.05524239382592479,34.748642896298946,34.7879694671568,30
250.0,congested,confidence_deadline,mean_latency_ms,25.012597088142645,0.18113657767527264,24.949225112390963,25.077791277753096,30
250.0,congested,confidence_deadline,usable_confidence_proxy,0.7249282051819181,0.0016092933478095927,0.7243536843822596,0.725520489679899,30
250.0,congested,confidence_deadline,mean_output_confidence,0.7249282051819181,0.0016092933478095927,0.7243536843822596,0.725520489679899,30
250.0,congested,confidence_deadline,bandwidth_per_1000_frames_kb,0.0,0.0,0.0,0.0,30
250.0,congested,confidence_deadline,remote_attempt_rate,0.0,0.0,0.0,0.0,30
250.0,congested,confidence_deadline,remote_accept_rate,0.0,0.0,0.0,0.0,30
250.0,congested,confidence_deadline,remote_accepted_per_frame,0.0,0.0,0.0,0.0,30
250.0,congested,confidence_deadline,remote_rejected_deadline_rate,0.0,0.0,0.0,0.0,30
250.0,congested,confidence_deadline,remote_failed_loss_rate,0.0,0.0,0.0,0.0,30
250.0,congested,confidence_deadline,fallback_rate,0.0,0.0,0.0,0.0,30
250.0,congested,confidence_deadline,reuse_rate,0.0,0.0,0.0,0.0,30
250.0,congested,confidence_deadline,stale_acceptance_rate,0.0,0.0,0.0,0.0,30
250.0,congested,confidence_deadline,mode_switches_per_1000,0.0,0.0,0.0,0.0,30
250.0,congested,confidence_deadline,pct_local_fast,100.0,0.0,100.0,100.0,30
250.0,congested,confidence_deadline,pct_edge_accurate,0.0,0.0,0.0,0.0,30
250.0,congested,confidence_deadline,pct_hybrid,0.0,0.0,0.0,0.0,30
250.0,congested,confidence_deadline,pct_degraded_safe,0.0,0.0,0.0,0.0,30
250.0,congested,rtt_threshold,deadline_miss_rate,0.0,0.0,0.0,0.0,30
250.0,congested,rtt_threshold,p95_latency_ms,33.94268972592376,0.09803104261482531,33.906854831430806,33.97630119170664,30
250.0,congested,rtt_threshold,p99_latency_ms,34.769178949662624,0.05524239382592479,34.748642896298946,34.7879694671568,30
250.0,congested,rtt_threshold,mean_latency_ms,25.012597088142645,0.18113657767527264,24.949225112390963,25.077791277753096,30
250.0,congested,rtt_threshold,usable_confidence_proxy,0.7249282051819181,0.0016092933478095927,0.7243536843822596,0.725520489679899,30
250.0,congested,rtt_threshold,mean_output_confidence,0.7249282051819181,0.0016092933478095927,0.7243536843822596,0.725520489679899,30
250.0,congested,rtt_threshold,bandwidth_per_1000_frames_kb,0.0,0.0,0.0,0.0,30
250.0,congested,rtt_threshold,remote_attempt_rate,0.0,0.0,0.0,0.0,30
250.0,congested,rtt_threshold,remote_accept_rate,0.0,0.0,0.0,0.0,30
250.0,congested,rtt_threshold,remote_accepted_per_frame,0.0,0.0,0.0,0.0,30
250.0,congested,rtt_threshold,remote_rejected_deadline_rate,0.0,0.0,0.0,0.0,30
250.0,congested,rtt_threshold,remote_failed_loss_rate,0.0,0.0,0.0,0.0,30
250.0,congested,rtt_threshold,fallback_rate,0.0,0.0,0.0,0.0,30
250.0,congested,rtt_threshold,reuse_rate,0.0,0.0,0.0,0.0,30
250.0,congested,rtt_threshold,stale_acceptance_rate,0.0,0.0,0.0,0.0,30
250.0,congested,rtt_threshold,mode_switches_per_1000,0.0,0.0,0.0,0.0,30
250.0,congested,rtt_threshold,pct_local_fast,100.0,0.0,100.0,100.0,30
250.0,congested,rtt_threshold,pct_edge_accurate,0.0,0.0,0.0,0.0,30
250.0,congested,rtt_threshold,pct_hybrid,0.0,0.0,0.0,0.0,30
250.0,congested,rtt_threshold,pct_degraded_safe,0.0,0.0,0.0,0.0,30
250.0,congested,oracle_feasible,deadline_miss_rate,0.0,0.0,0.0,0.0,30
250.0,congested,oracle_feasible,p95_latency_ms,221.83687690315347,0.7112474277895121,221.58097745519677,222.08724947061756,30
250.0,congested,oracle_feasible,p99_latency_ms,228.0232066241533,1.2831709045618251,227.55707739753223,228.4623320079579,30
250.0,congested,oracle_feasible,mean_latency_ms,167.2380070292938,2.2282337954535687,166.4425629436274,168.01080946940456,30
250.0,congested,oracle_feasible,usable_confidence_proxy,0.7249282051819181,0.0016092933478095927,0.7243536843822596,0.725520489679899,30
250.0,congested,oracle_feasible,mean_output_confidence,0.7249282051819181,0.0016092933478095927,0.7243536843822596,0.725520489679899,30
250.0,congested,oracle_feasible,bandwidth_per_1000_frames_kb,19630.0,301.6049025486478,19522.5,19735.0,30
250.0,congested,oracle_feasible,remote_attempt_rate,0.7851999999999999,0.01206419610194592,0.7809000000000001,0.7894,30
250.0,congested,oracle_feasible,remote_accept_rate,0.0,0.0,0.0,0.0,30
250.0,congested,oracle_feasible,remote_accepted_per_frame,0.0,0.0,0.0,0.0,30
250.0,congested,oracle_feasible,remote_rejected_deadline_rate,0.0,0.0,0.0,0.0,30
250.0,congested,oracle_feasible,remote_failed_loss_rate,0.0,0.0,0.0,0.0,30
250.0,congested,oracle_feasible,fallback_rate,0.7851999999999999,0.01206419610194592,0.7809000000000001,0.7894,30
250.0,congested,oracle_feasible,reuse_rate,0.0,0.0,0.0,0.0,30
250.0,congested,oracle_feasible,stale_acceptance_rate,0.0,0.0,0.0,0.0,30
250.0,congested,oracle_feasible,mode_switches_per_1000,337.76666666666665,17.58463932612452,331.46666666666664,344.06666666666666,30
250.0,congested,oracle_feasible,pct_local_fast,21.480000000000004,1.206419610194591,21.060000000000002,21.909999999999993,30
250.0,congested,oracle_feasible,pct_edge_accurate,78.52000000000001,1.2064196101945928,78.09,78.94000000000001,30
250.0,congested,oracle_feasible,pct_hybrid,0.0,0.0,0.0,0.0,30
250.0,congested,oracle_feasible,pct_degraded_safe,0.0,0.0,0.0,0.0,30
250.0,lossy,local_only,deadline_miss_rate,0.0,0.0,0.0,0.0,30
250.0,lossy,local_only,p95_latency_ms,34.012278154614826,0.12120943376607804,33.96820622195287,34.05448763655662,30
250.0,lossy,local_only,p99_latency_ms,34.80546807570768,0.06143547890706443,34.78316485257998,34.826772350222946,30
250.0,lossy,local_only,mean_latency_ms,25.003209635014095,0.15974262798343122,24.94828249795479,25.06142062043607,30
250.0,lossy,local_only,usable_confidence_proxy,0.7247968267120143,0.001322250002252836,0.724324432482122,0.7252569980501671,30
250.0,lossy,local_only,mean_output_confidence,0.7247968267120143,0.001322250002252836,0.724324432482122,0.7252569980501671,30
250.0,lossy,local_only,bandwidth_per_1000_frames_kb,0.0,0.0,0.0,0.0,30
250.0,lossy,local_only,remote_attempt_rate,0.0,0.0,0.0,0.0,30
250.0,lossy,local_only,remote_accept_rate,0.0,0.0,0.0,0.0,30
250.0,lossy,local_only,remote_accepted_per_frame,0.0,0.0,0.0,0.0,30
250.0,lossy,local_only,remote_rejected_deadline_rate,0.0,0.0,0.0,0.0,30
250.0,lossy,local_only,remote_failed_loss_rate,0.0,0.0,0.0,0.0,30
250.0,lossy,local_only,fallback_rate,0.0,0.0,0.0,0.0,30
250.0,lossy,local_only,reuse_rate,0.0,0.0,0.0,0.0,30
250.0,lossy,local_only,stale_acceptance_rate,0.0,0.0,0.0,0.0,30
250.0,lossy,local_only,mode_switches_per_1000,0.0,0.0,0.0,0.0,30
250.0,lossy,local_only,pct_local_fast,100.0,0.0,100.0,100.0,30
250.0,lossy,local_only,pct_edge_accurate,0.0,0.0,0.0,0.0,30
250.0,lossy,local_only,pct_hybrid,0.0,0.0,0.0,0.0,30
250.0,lossy,local_only,pct_degraded_safe,0.0,0.0,0.0,0.0,30
250.0,lossy,edge_only,deadline_miss_rate,0.0,0.0,0.0,0.0,30
250.0,lossy,edge_only,p95_latency_ms,174.0003394996917,0.5741353278864506,173.7940396626971,174.20019853918234,30
250.0,lossy,edge_only,p99_latency_ms,177.96434359451118,0.7513497431096959,177.7012256330578,178.22396638462337,30
250.0,lossy,edge_only,mean_latency_ms,154.3707560145537,1.0809689533159348,153.97958413646572,154.74763172196253,30
250.0,lossy,edge_only,usable_confidence_proxy,0.7434737048265869,0.0024259067554197747,0.74263216066205,0.7443649231807572,30
250.0,lossy,edge_only,mean_output_confidence,0.7434737048265869,0.0024259067554197747,0.74263216066205,0.7443649231807572,30
250.0,lossy,edge_only,bandwidth_per_1000_frames_kb,25000.0,0.0,25000.0,25000.0,30
250.0,lossy,edge_only,remote_attempt_rate,1.0,0.0,1.0,1.0,30
250.0,lossy,edge_only,remote_accept_rate,0.12493333333333334,0.01250085054577552,0.12056666666666667,0.12946666666666667,30
250.0,lossy,edge_only,remote_accepted_per_frame,0.12493333333333334,0.01250085054577552,0.12056666666666667,0.12946666666666667,30
250.0,lossy,edge_only,remote_rejected_deadline_rate,0.09093333333333337,0.010559954719512812,0.08723333333333336,0.09470000000000002,30
250.0,lossy,edge_only,remote_failed_loss_rate,0.2001666666666667,0.0129030424996249,0.19566666666666668,0.20463333333333333,30
250.0,lossy,edge_only,fallback_rate,0.8750666666666667,0.012500850545775532,0.8705333333333333,0.8794333333333333,30
250.0,lossy,edge_only,reuse_rate,0.0,0.0,0.0,0.0,30
250.0,lossy,edge_only,stale_acceptance_rate,0.0,0.0,0.0,0.0,30
250.0,lossy,edge_only,mode_switches_per_1000,0.0,0.0,0.0,0.0,30
250.0,lossy,edge_only,pct_local_fast,0.0,0.0,0.0,0.0,30
250.0,lossy,edge_only,pct_edge_accurate,100.0,0.0,100.0,100.0,30
250.0,lossy,edge_only,pct_hybrid,0.0,0.0,0.0,0.0,30
250.0,lossy,edge_only,pct_degraded_safe,0.0,0.0,0.0,0.0,30
250.0,lossy,cloud_only,deadline_miss_rate,1.0,0.0,1.0,1.0,30
250.0,lossy,cloud_only,p95_latency_ms,283.08678638877825,0.28382377791079083,282.987022386489,283.1874741649586,30
250.0,lossy,cloud_only,p99_latency_ms,284.5242718800832,0.15092461100919652,284.46934968343135,284.57578617907507,30
250.0,lossy,cloud_only,mean_latency_ms,272.87594724116116,0.24693399509849817,272.78975873733094,272.9664216126235,30
250.0,lossy,cloud_only,usable_confidence_proxy,0.0,0.0,0.0,0.0,30
250.0,lossy,cloud_only,mean_output_confidence,0.7247968267120143,0.001322250002252836,0.724324432482122,0.7252569980501671,30
250.0,lossy,cloud_only,bandwidth_per_1000_frames_kb,35000.0,0.0,35000.0,35000.0,30
250.0,lossy,cloud_only,remote_attempt_rate,1.0,0.0,1.0,1.0,30
250.0,lossy,cloud_only,remote_accept_rate,0.0,0.0,0.0,0.0,30
250.0,lossy,cloud_only,remote_accepted_per_frame,0.0,0.0,0.0,0.0,30
250.0,lossy,cloud_only,remote_rejected_deadline_rate,0.21413333333333331,0.011400947732333584,0.21023333333333333,0.21819999999999998,30
250.0,lossy,cloud_only,remote_failed_loss_rate,0.19733333333333336,0.012160800034178028,0.1930666666666667,0.20166666666666663,30
250.0,lossy,cloud_only,fallback_rate,1.0,0.0,1.0,1.0,30
250.0,lossy,cloud_only,reuse_rate,0.0,0.0,0.0,0.0,30
250.0,lossy,cloud_only,stale_acceptance_rate,0.0,0.0,0.0,0.0,30
250.0,lossy,cloud_only,mode_switches_per_1000,0.0,0.0,0.0,0.0,30
250.0,lossy,cloud_only,pct_local_fast,0.0,0.0,0.0,0.0,30
250.0,lossy,cloud_only,pct_edge_accurate,100.0,0.0,100.0,100.0,30
250.0,lossy,cloud_only,pct_hybrid,0.0,0.0,0.0,0.0,30
250.0,lossy,cloud_only,pct_degraded_safe,0.0,0.0,0.0,0.0,30
250.0,lossy,dapper,deadline_miss_rate,0.0,0.0,0.0,0.0,30
250.0,lossy,dapper,p95_latency_ms,173.52961334403224,0.5335645268682896,173.33745966513473,173.71484320372403,30
250.0,lossy,dapper,p99_latency_ms,177.5688980812624,0.6285032412263716,177.34770030074546,177.79359934924602,30
250.0,lossy,dapper,mean_latency_ms,137.15043332924537,2.0787917684747588,136.41638896574383,137.87908725071873,30
250.0,lossy,dapper,usable_confidence_proxy,0.7419488805066937,0.0021694651931506532,0.7411968299043021,0.7427468304914678,30
250.0,lossy,dapper,mean_output_confidence,0.7419488805066937,0.0021694651931506532,0.7411968299043021,0.7427468304914678,30
250.0,lossy,dapper,bandwidth_per_1000_frames_kb,21663.333333333332,323.2868197376626,21550.0,21779.166666666668,30
250.0,lossy,dapper,remote_attempt_rate,0.8665333333333333,0.012931472789506517,0.862,0.8711666666666668,30
250.0,lossy,dapper,remote_accept_rate,0.1242259784055429,0.01261801882669693,0.11970593696928157,0.12873332740742546,30
250.0,lossy,dapper,remote_accepted_per_frame,0.1076,0.010545795043686763,0.10373333333333333,0.11133333333333331,30
250.0,lossy,dapper,remote_rejected_deadline_rate,0.09096878219122166,0.01178316410086744,0.0867713445907015,0.09524718260646145,30
250.0,lossy,dapper,remote_failed_loss_rate,0.19933697361888697,0.01418167718561643,0.19424787553774744,0.20422073577770086,30
250.0,lossy,dapper,fallback_rate,0.7589333333333333,0.01787105796095124,0.7525333333333334,0.7652666666666668,30
250.0,lossy,dapper,reuse_rate,0.0,0.0,0.0,0.0,30
250.0,lossy,dapper,stale_acceptance_rate,0.0,0.0,0.0,0.0,30
250.0,lossy,dapper,mode_switches_per_1000,230.83333333333334,19.4476899316644,223.86666666666667,237.5675,30
250.0,lossy,dapper,pct_local_fast,13.34666666666667,1.2931472789506504,12.883333333333335,13.8,30
250.0,lossy,dapper,pct_edge_accurate,86.65333333333335,1.2931472789506515,86.2,87.11666666666665,30
250.0,lossy,dapper,pct_hybrid,0.0,0.0,0.0,0.0,30
250.0,lossy,dapper,pct_degraded_safe,0.0,0.0,0.0,0.0,30
250.0,lossy,deadline_greedy,deadline_miss_rate,0.0,0.0,0.0,0.0,30
250.0,lossy,deadline_greedy,p95_latency_ms,34.012278154614826,0.12120943376607804,33.96820622195287,34.05448763655662,30
250.0,lossy,deadline_greedy,p99_latency_ms,34.80546807570768,0.06143547890706443,34.78316485257998,34.826772350222946,30
250.0,lossy,deadline_greedy,mean_latency_ms,25.003209635014095,0.15974262798343122,24.94828249795479,25.06142062043607,30
250.0,lossy,deadline_greedy,usable_confidence_proxy,0.7247968267120143,0.001322250002252836,0.724324432482122,0.7252569980501671,30
250.0,lossy,deadline_greedy,mean_output_confidence,0.7247968267120143,0.001322250002252836,0.724324432482122,0.7252569980501671,30
250.0,lossy,deadline_greedy,bandwidth_per_1000_frames_kb,0.0,0.0,0.0,0.0,30
250.0,lossy,deadline_greedy,remote_attempt_rate,0.0,0.0,0.0,0.0,30
250.0,lossy,deadline_greedy,remote_accept_rate,0.0,0.0,0.0,0.0,30
250.0,lossy,deadline_greedy,remote_accepted_per_frame,0.0,0.0,0.0,0.0,30
250.0,lossy,deadline_greedy,remote_rejected_deadline_rate,0.0,0.0,0.0,0.0,30
250.0,lossy,deadline_greedy,remote_failed_loss_rate,0.0,0.0,0.0,0.0,30
250.0,lossy,deadline_greedy,fallback_rate,0.0,0.0,0.0,0.0,30
250.0,lossy,deadline_greedy,reuse_rate,0.0,0.0,0.0,0.0,30
250.0,lossy,deadline_greedy,stale_acceptance_rate,0.0,0.0,0.0,0.0,30
250.0,lossy,deadline_greedy,mode_switches_per_1000,0.0,0.0,0.0,0.0,30
250.0,lossy,deadline_greedy,pct_local_fast,100.0,0.0,100.0,100.0,30
250.0,lossy,deadline_greedy,pct_edge_accurate,0.0,0.0,0.0,0.0,30
250.0,lossy,deadline_greedy,pct_hybrid,0.0,0.0,0.0,0.0,30
250.0,lossy,deadline_greedy,pct_degraded_safe,0.0,0.0,0.0,0.0,30
250.0,lossy,confidence_deadline,deadline_miss_rate,0.0,0.0,0.0,0.0,30
250.0,lossy,confidence_deadline,p95_latency_ms,34.012278154614826,0.12120943376607804,33.96820622195287,34.05448763655662,30
250.0,lossy,confidence_deadline,p99_latency_ms,34.80546807570768,0.06143547890706443,34.78316485257998,34.826772350222946,30
250.0,lossy,confidence_deadline,mean_latency_ms,25.003209635014095,0.15974262798343122,24.94828249795479,25.06142062043607,30
250.0,lossy,confidence_deadline,usable_confidence_proxy,0.7247968267120143,0.001322250002252836,0.724324432482122,0.7252569980501671,30
250.0,lossy,confidence_deadline,mean_output_confidence,0.7247968267120143,0.001322250002252836,0.724324432482122,0.7252569980501671,30
250.0,lossy,confidence_deadline,bandwidth_per_1000_frames_kb,0.0,0.0,0.0,0.0,30
250.0,lossy,confidence_deadline,remote_attempt_rate,0.0,0.0,0.0,0.0,30
250.0,lossy,confidence_deadline,remote_accept_rate,0.0,0.0,0.0,0.0,30
250.0,lossy,confidence_deadline,remote_accepted_per_frame,0.0,0.0,0.0,0.0,30
250.0,lossy,confidence_deadline,remote_rejected_deadline_rate,0.0,0.0,0.0,0.0,30
250.0,lossy,confidence_deadline,remote_failed_loss_rate,0.0,0.0,0.0,0.0,30
250.0,lossy,confidence_deadline,fallback_rate,0.0,0.0,0.0,0.0,30
250.0,lossy,confidence_deadline,reuse_rate,0.0,0.0,0.0,0.0,30
250.0,lossy,confidence_deadline,stale_acceptance_rate,0.0,0.0,0.0,0.0,30
250.0,lossy,confidence_deadline,mode_switches_per_1000,0.0,0.0,0.0,0.0,30
250.0,lossy,confidence_deadline,pct_local_fast,100.0,0.0,100.0,100.0,30
250.0,lossy,confidence_deadline,pct_edge_accurate,0.0,0.0,0.0,0.0,30
250.0,lossy,confidence_deadline,pct_hybrid,0.0,0.0,0.0,0.0,30
250.0,lossy,confidence_deadline,pct_degraded_safe,0.0,0.0,0.0,0.0,30
250.0,lossy,rtt_threshold,deadline_miss_rate,0.0,0.0,0.0,0.0,30
250.0,lossy,rtt_threshold,p95_latency_ms,34.012278154614826,0.12120943376607804,33.96820622195287,34.05448763655662,30
250.0,lossy,rtt_threshold,p99_latency_ms,34.80546807570768,0.06143547890706443,34.78316485257998,34.826772350222946,30
250.0,lossy,rtt_threshold,mean_latency_ms,25.003209635014095,0.15974262798343122,24.94828249795479,25.06142062043607,30
250.0,lossy,rtt_threshold,usable_confidence_proxy,0.7247968267120143,0.001322250002252836,0.724324432482122,0.7252569980501671,30
250.0,lossy,rtt_threshold,mean_output_confidence,0.7247968267120143,0.001322250002252836,0.724324432482122,0.7252569980501671,30
250.0,lossy,rtt_threshold,bandwidth_per_1000_frames_kb,0.0,0.0,0.0,0.0,30
250.0,lossy,rtt_threshold,remote_attempt_rate,0.0,0.0,0.0,0.0,30
250.0,lossy,rtt_threshold,remote_accept_rate,0.0,0.0,0.0,0.0,30
250.0,lossy,rtt_threshold,remote_accepted_per_frame,0.0,0.0,0.0,0.0,30
250.0,lossy,rtt_threshold,remote_rejected_deadline_rate,0.0,0.0,0.0,0.0,30
250.0,lossy,rtt_threshold,remote_failed_loss_rate,0.0,0.0,0.0,0.0,30
250.0,lossy,rtt_threshold,fallback_rate,0.0,0.0,0.0,0.0,30
250.0,lossy,rtt_threshold,reuse_rate,0.0,0.0,0.0,0.0,30
250.0,lossy,rtt_threshold,stale_acceptance_rate,0.0,0.0,0.0,0.0,30
250.0,lossy,rtt_threshold,mode_switches_per_1000,0.0,0.0,0.0,0.0,30
250.0,lossy,rtt_threshold,pct_local_fast,100.0,0.0,100.0,100.0,30
250.0,lossy,rtt_threshold,pct_edge_accurate,0.0,0.0,0.0,0.0,30
250.0,lossy,rtt_threshold,pct_hybrid,0.0,0.0,0.0,0.0,30
250.0,lossy,rtt_threshold,pct_degraded_safe,0.0,0.0,0.0,0.0,30
250.0,lossy,oracle_feasible,deadline_miss_rate,0.0,0.0,0.0,0.0,30
250.0,lossy,oracle_feasible,p95_latency_ms,172.93697624085934,0.6257985478191388,172.71684242269103,173.16028049185383,30
250.0,lossy,oracle_feasible,p99_latency_ms,177.0231670912709,0.8250470445776907,176.72617083216545,177.31551944210176,30
250.0,lossy,oracle_feasible,mean_latency_ms,114.30698584822628,1.9671893489913865,113.59845563769636,114.99755551204662,30
250.0,lossy,oracle_feasible,usable_confidence_proxy,0.7434737048265869,0.0024259067554197747,0.74263216066205,0.7443649231807572,30
250.0,lossy,oracle_feasible,mean_output_confidence,0.7434737048265869,0.0024259067554197747,0.74263216066205,0.7443649231807572,30
250.0,lossy,oracle_feasible,bandwidth_per_1000_frames_kb,17722.5,323.6610349072643,17607.5,17838.333333333332,30
250.0,lossy,oracle_feasible,remote_attempt_rate,0.7089000000000001,0.012946441396290578,0.7042999999999999,0.7135333333333335,30
250.0,lossy,oracle_feasible,remote_accept_rate,0.17627091180924748,0.01756918239795408,0.17004858573065187,0.18254238767652858,30
250.0,lossy,oracle_feasible,remote_accepted_per_frame,0.12493333333333334,0.01250085054577552,0.12056666666666667,0.12946666666666667,30
250.0,lossy,oracle_feasible,remote_rejected_deadline_rate,0.0,0.0,0.0,0.0,30
250.0,lossy,oracle_feasible,remote_failed_loss_rate,0.0,0.0,0.0,0.0,30
250.0,lossy,oracle_feasible,fallback_rate,0.5839666666666666,0.017255650415570183,0.5778333333333332,0.5900333333333333,30
250.0,lossy,oracle_feasible,reuse_rate,0.0,0.0,0.0,0.0,30
250.0,lossy,oracle_feasible,stale_acceptance_rate,0.0,0.0,0.0,0.0,30
250.0,lossy,oracle_feasible,mode_switches_per_1000,416.3333333333333,16.89385387798103,410.36583333333334,422.2675,30
250.0,lossy,oracle_feasible,pct_local_fast,29.110000000000003,1.2946441396290573,28.646666666666665,29.57,30
250.0,lossy,oracle_feasible,pct_edge_accurate,70.89,1.2946441396290593,70.42999999999999,71.35333333333334,30
250.0,lossy,oracle_feasible,pct_hybrid,0.0,0.0,0.0,0.0,30
250.0,lossy,oracle_feasible,pct_degraded_safe,0.0,0.0,0.0,0.0,30
250.0,variable,local_only,deadline_miss_rate,0.0,0.0,0.0,0.0,30
250.0,variable,local_only,p95_latency_ms,33.968149024906744,0.1405586387811733,33.91643690824179,34.01692474906916,30
250.0,variable,local_only,p99_latency_ms,34.76851135047007,0.06136746205108886,34.74544472215542,34.78830822433854,30
250.0,variable,local_only,mean_latency_ms,24.954267881168015,0.19098209259437163,24.888226088629484,25.022143227100855,30
250.0,variable,local_only,usable_confidence_proxy,0.7253139635038416,0.0015586878317280677,0.7247747251435688,0.725862167316182,30
250.0,variable,local_only,mean_output_confidence,0.7253139635038416,0.0015586878317280677,0.7247747251435688,0.725862167316182,30
250.0,variable,local_only,bandwidth_per_1000_frames_kb,0.0,0.0,0.0,0.0,30
250.0,variable,local_only,remote_attempt_rate,0.0,0.0,0.0,0.0,30
250.0,variable,local_only,remote_accept_rate,0.0,0.0,0.0,0.0,30
250.0,variable,local_only,remote_accepted_per_frame,0.0,0.0,0.0,0.0,30
250.0,variable,local_only,remote_rejected_deadline_rate,0.0,0.0,0.0,0.0,30
250.0,variable,local_only,remote_failed_loss_rate,0.0,0.0,0.0,0.0,30
250.0,variable,local_only,fallback_rate,0.0,0.0,0.0,0.0,30
250.0,variable,local_only,reuse_rate,0.0,0.0,0.0,0.0,30
250.0,variable,local_only,stale_acceptance_rate,0.0,0.0,0.0,0.0,30
250.0,variable,local_only,mode_switches_per_1000,0.0,0.0,0.0,0.0,30
250.0,variable,local_only,pct_local_fast,100.0,0.0,100.0,100.0,30
250.0,variable,local_only,pct_edge_accurate,0.0,0.0,0.0,0.0,30
250.0,variable,local_only,pct_hybrid,0.0,0.0,0.0,0.0,30
250.0,variable,local_only,pct_degraded_safe,0.0,0.0,0.0,0.0,30
250.0,variable,edge_only,deadline_miss_rate,0.0,0.0,0.0,0.0,30
250.0,variable,edge_only,p95_latency_ms,203.33341928325692,2.1368254216968383,202.6070374099802,204.12526410689836,30
250.0,variable,edge_only,p99_latency_ms,214.36716480030105,2.9051459495142757,213.36956157681283,215.4202048725397,30
250.0,variable,edge_only,mean_latency_ms,142.9184917927143,6.190721686180653,140.75126753876077,145.1269880922386,30
250.0,variable,edge_only,usable_confidence_proxy,0.7316820879972125,0.0021661360124628016,0.7308923541219083,0.7324372968342028,30
250.0,variable,edge_only,mean_output_confidence,0.7316820879972125,0.0021661360124628016,0.7308923541219083,0.7324372968342028,30
250.0,variable,edge_only,bandwidth_per_1000_frames_kb,19550.0,1002.346385169353,19192.479166666668,19895.020833333332,30
250.0,variable,edge_only,remote_attempt_rate,0.7819999999999999,0.04009385540677411,0.7676991666666665,0.7958008333333334,30
250.0,variable,edge_only,remote_accept_rate,0.053694758605144007,0.010525070289835119,0.05012033227121713,0.05742498264975691,30
250.0,variable,edge_only,remote_accepted_per_frame,0.04196666666666666,0.008479115655470833,0.03906583333333333,0.04503333333333333,30
250.0,variable,edge_only,remote_rejected_deadline_rate,0.13119835629139842,0.010074198868607411,0.1277006247631822,0.1347080958200064,30
250.0,variable,edge_only,remote_failed_loss_rate,0.06997031301495303,0.010165868779043342,0.06632832603520199,0.07338833491631039,30
250.0,variable,edge_only,fallback_rate,0.9580333333333332,0.00847911565547083,0.9549666666666667,0.9609341666666668,30
250.0,variable,edge_only,reuse_rate,0.0,0.0,0.0,0.0,30
250.0,variable,edge_only,stale_acceptance_rate,0.0,0.0,0.0,0.0,30
250.0,variable,edge_only,mode_switches_per_1000,0.0,0.0,0.0,0.0,30
250.0,variable,edge_only,pct_local_fast,0.0,0.0,0.0,0.0,30
250.0,variable,edge_only,pct_edge_accurate,100.0,0.0,100.0,100.0,30
250.0,variable,edge_only,pct_hybrid,0.0,0.0,0.0,0.0,30
250.0,variable,edge_only,pct_degraded_safe,0.0,0.0,0.0,0.0,30
250.0,variable,cloud_only,deadline_miss_rate,0.7799333333333334,0.03983148411039665,0.7657658333333334,0.7937341666666669,30
250.0,variable,cloud_only,p95_latency_ms,283.5367333246113,0.2686777702970254,283.44357445827706,283.6309284503475,30
250.0,variable,cloud_only,p99_latency_ms,284.6739940331805,0.1027930715188504,284.63639167548325,284.70927869609096,30
250.0,variable,cloud_only,mean_latency_ms,219.92951104358963,9.94550457887015,216.37949502823798,223.37334931955266,30
250.0,variable,cloud_only,usable_confidence_proxy,0.15953699292736054,0.028890438204929238,0.14953153542724387,0.16982549026797575,30
250.0,variable,cloud_only,mean_output_confidence,0.7253139635038416,0.0015586878317280677,0.7247747251435688,0.725862167316182,30
250.0,variable,cloud_only,bandwidth_per_1000_frames_kb,27370.0,1403.2849392370942,26869.470833333333,27853.029166666667,30
250.0,variable,cloud_only,remote_attempt_rate,0.7819999999999999,0.04009385540677411,0.7676991666666665,0.7958008333333334,30
250.0,variable,cloud_only,remote_accept_rate,0.0,0.0,0.0,0.0,30
250.0,variable,cloud_only,remote_accepted_per_frame,0.0,0.0,0.0,0.0,30
250.0,variable,cloud_only,remote_rejected_deadline_rate,0.4615979178101827,0.018553420209474623,0.4549564703572048,0.46793539424376457,30
250.0,variable,cloud_only,remote_failed_loss_rate,0.07176173310992494,0.011708123029951225,0.0676936181409964,0.07595280756143473,30
250.0,variable,cloud_only,fallback_rate,1.0,0.0,1.0,1.0,30
250.0,variable,cloud_only,reuse_rate,0.0,0.0,0.0,0.0,30
250.0,variable,cloud_only,stale_acceptance_rate,0.0,0.0,0.0,0.0,30
250.0,variable,cloud_only,mode_switches_per_1000,0.0,0.0,0.0,0.0,30
250.0,variable,cloud_only,pct_local_fast,0.0,0.0,0.0,0.0,30
250.0,variable,cloud_only,pct_edge_accurate,100.0,0.0,100.0,100.0,30
250.0,variable,cloud_only,pct_hybrid,0.0,0.0,0.0,0.0,30
250.0,variable,cloud_only,pct_degraded_safe,0.0,0.0,0.0,0.0,30
250.0,variable,dapper,deadline_miss_rate,0.0,0.0,0.0,0.0,30
250.0,variable,dapper,p95_latency_ms,202.12803612860523,2.0457078611765858,201.4371204756172,202.86502273745882,30
250.0,variable,dapper,p99_latency_ms,213.65116491219032,3.0338936697587435,212.59988757390474,214.73479494445078,30
250.0,variable,dapper,mean_latency_ms,123.07130189295874,6.182002335958019,120.94649642682108,125.27869774275922,30
250.0,variable,dapper,usable_confidence_proxy,0.7320228454791564,0.0022471171657900556,0.7312143373846592,0.7327818172026235,30
250.0,variable,dapper,mean_output_confidence,0.7320228454791564,0.0022471171657900556,0.7312143373846592,0.7327818172026235,30
250.0,variable,dapper,bandwidth_per_1000_frames_kb,16891.666666666668,880.4469215172459,16583.291666666664,17199.166666666668,30
250.0,variable,dapper,remote_attempt_rate,0.6756666666666665,0.03521787686068983,0.6633316666666663,0.6879666666666666,30
250.0,variable,dapper,remote_accept_rate,0.054530910128918565,0.01190871839538573,0.05048231916574724,0.058681757752238745,30
250.0,variable,dapper,remote_accepted_per_frame,0.03679999999999999,0.008243701880202556,0.03400000000000001,0.03976666666666666,30
250.0,variable,dapper,remote_rejected_deadline_rate,0.13202617528194371,0.01239070357547754,0.12775382677227665,0.13651251348038454,30
250.0,variable,dapper,remote_failed_loss_rate,0.07011912796381077,0.01075464159942549,0.0663328487349066,0.07375126831953262,30
250.0,variable,dapper,fallback_rate,0.8568666666666667,0.014397637098600202,0.8519666666666665,0.8620666666666666,30
250.0,variable,dapper,reuse_rate,0.15756666666666666,0.02880814460187082,0.14766666666666667,0.16783416666666665,30
250.0,variable,dapper,stale_acceptance_rate,0.0,0.0,0.0,0.0,30
250.0,variable,dapper,mode_switches_per_1000,311.53333333333336,18.808899825446414,304.73333333333335,318.1333333333333,30
250.0,variable,dapper,pct_local_fast,16.676666666666666,1.016309528377681,16.306666666666665,17.033333333333335,30
250.0,variable,dapper,pct_edge_accurate,67.56666666666668,3.521787686068983,66.33316666666666,68.79666666666667,30
250.0,variable,dapper,pct_hybrid,0.0,0.0,0.0,0.0,30
250.0,variable,dapper,pct_degraded_safe,15.756666666666666,2.880814460187082,14.766666666666667,16.783416666666668,30
250.0,variable,deadline_greedy,deadline_miss_rate,0.0,0.0,0.0,0.0,30
250.0,variable,deadline_greedy,p95_latency_ms,33.968149024906744,0.1405586387811733,33.91643690824179,34.01692474906916,30
250.0,variable,deadline_greedy,p99_latency_ms,34.76851135047007,0.06136746205108886,34.74544472215542,34.78830822433854,30
250.0,variable,deadline_greedy,mean_latency_ms,24.954267881168015,0.19098209259437163,24.888226088629484,25.022143227100855,30
250.0,variable,deadline_greedy,usable_confidence_proxy,0.7253139635038416,0.0015586878317280677,0.7247747251435688,0.725862167316182,30
250.0,variable,deadline_greedy,mean_output_confidence,0.7253139635038416,0.0015586878317280677,0.7247747251435688,0.725862167316182,30
250.0,variable,deadline_greedy,bandwidth_per_1000_frames_kb,0.0,0.0,0.0,0.0,30
250.0,variable,deadline_greedy,remote_attempt_rate,0.0,0.0,0.0,0.0,30
250.0,variable,deadline_greedy,remote_accept_rate,0.0,0.0,0.0,0.0,30
250.0,variable,deadline_greedy,remote_accepted_per_frame,0.0,0.0,0.0,0.0,30
250.0,variable,deadline_greedy,remote_rejected_deadline_rate,0.0,0.0,0.0,0.0,30
250.0,variable,deadline_greedy,remote_failed_loss_rate,0.0,0.0,0.0,0.0,30
250.0,variable,deadline_greedy,fallback_rate,0.0,0.0,0.0,0.0,30
250.0,variable,deadline_greedy,reuse_rate,0.0,0.0,0.0,0.0,30
250.0,variable,deadline_greedy,stale_acceptance_rate,0.0,0.0,0.0,0.0,30
250.0,variable,deadline_greedy,mode_switches_per_1000,0.0,0.0,0.0,0.0,30
250.0,variable,deadline_greedy,pct_local_fast,100.0,0.0,100.0,100.0,30
250.0,variable,deadline_greedy,pct_edge_accurate,0.0,0.0,0.0,0.0,30
250.0,variable,deadline_greedy,pct_hybrid,0.0,0.0,0.0,0.0,30
250.0,variable,deadline_greedy,pct_degraded_safe,0.0,0.0,0.0,0.0,30
250.0,variable,confidence_deadline,deadline_miss_rate,0.0,0.0,0.0,0.0,30
250.0,variable,confidence_deadline,p95_latency_ms,33.968149024906744,0.1405586387811733,33.91643690824179,34.01692474906916,30
250.0,variable,confidence_deadline,p99_latency_ms,34.76851135047007,0.06136746205108886,34.74544472215542,34.78830822433854,30
250.0,variable,confidence_deadline,mean_latency_ms,24.954267881168015,0.19098209259437163,24.888226088629484,25.022143227100855,30
250.0,variable,confidence_deadline,usable_confidence_proxy,0.7253139635038416,0.0015586878317280677,0.7247747251435688,0.725862167316182,30
250.0,variable,confidence_deadline,mean_output_confidence,0.7253139635038416,0.0015586878317280677,0.7247747251435688,0.725862167316182,30
250.0,variable,confidence_deadline,bandwidth_per_1000_frames_kb,0.0,0.0,0.0,0.0,30
250.0,variable,confidence_deadline,remote_attempt_rate,0.0,0.0,0.0,0.0,30
250.0,variable,confidence_deadline,remote_accept_rate,0.0,0.0,0.0,0.0,30
250.0,variable,confidence_deadline,remote_accepted_per_frame,0.0,0.0,0.0,0.0,30
250.0,variable,confidence_deadline,remote_rejected_deadline_rate,0.0,0.0,0.0,0.0,30
250.0,variable,confidence_deadline,remote_failed_loss_rate,0.0,0.0,0.0,0.0,30
250.0,variable,confidence_deadline,fallback_rate,0.0,0.0,0.0,0.0,30
250.0,variable,confidence_deadline,reuse_rate,0.0,0.0,0.0,0.0,30
250.0,variable,confidence_deadline,stale_acceptance_rate,0.0,0.0,0.0,0.0,30
250.0,variable,confidence_deadline,mode_switches_per_1000,0.0,0.0,0.0,0.0,30
250.0,variable,confidence_deadline,pct_local_fast,100.0,0.0,100.0,100.0,30
250.0,variable,confidence_deadline,pct_edge_accurate,0.0,0.0,0.0,0.0,30
250.0,variable,confidence_deadline,pct_hybrid,0.0,0.0,0.0,0.0,30
250.0,variable,confidence_deadline,pct_degraded_safe,0.0,0.0,0.0,0.0,30
250.0,variable,rtt_threshold,deadline_miss_rate,0.0,0.0,0.0,0.0,30
250.0,variable,rtt_threshold,p95_latency_ms,33.986695938437485,0.1373435794736967,33.93640071825767,34.03465311828479,30
250.0,variable,rtt_threshold,p99_latency_ms,34.78130098298774,0.06030290078866963,34.75768079084346,34.80021007461255,30
250.0,variable,rtt_threshold,mean_latency_ms,25.006386001287627,0.19269180399914132,24.939954034342907,25.07527110494459,30
250.0,variable,rtt_threshold,usable_confidence_proxy,0.7254046937630475,0.001612361510553975,0.7248448879040539,0.7259647125728497,30
250.0,variable,rtt_threshold,mean_output_confidence,0.7254046937630475,0.001612361510553975,0.7248448879040539,0.7259647125728497,30
250.0,variable,rtt_threshold,bandwidth_per_1000_frames_kb,18.333333333333332,22.679678482993406,10.833333333333334,26.666666666666668,30
250.0,variable,rtt_threshold,remote_attempt_rate,0.0007333333333333333,0.0009071871393197364,0.00043333333333333337,0.001066666666666667,30
250.0,variable,rtt_threshold,remote_accept_rate,0.3222222222222222,0.44835444836260846,0.16666666666666666,0.48333333333333334,30
250.0,variable,rtt_threshold,remote_accepted_per_frame,0.0005,0.0007310832774866962,0.0002666666666666667,0.0007666666666666669,30
250.0,variable,rtt_threshold,remote_rejected_deadline_rate,0.05,0.20128894996822436,0.0,0.13333333333333333,30
250.0,variable,rtt_threshold,remote_failed_loss_rate,0.016666666666666666,0.09128709291752767,0.0,0.05,30
250.0,variable,rtt_threshold,fallback_rate,0.00023333333333333333,0.000504006932993731,6.666666666666667e-05,0.00043333333333333337,30
250.0,variable,rtt_threshold,reuse_rate,0.0,0.0,0.0,0.0,30
250.0,variable,rtt_threshold,stale_acceptance_rate,0.0,0.0,0.0,0.0,30
250.0,variable,rtt_threshold,mode_switches_per_1000,1.1333333333333333,1.3578211078487255,0.6666666666666666,1.6,30
250.0,variable,rtt_threshold,pct_local_fast,99.92666666666668,0.0907187139319738,99.89333333333335,99.95666666666668,30
250.0,variable,rtt_threshold,pct_edge_accurate,0.07333333333333333,0.09071871393197363,0.043333333333333335,0.1066666666666667,30
250.0,variable,rtt_threshold,pct_hybrid,0.0,0.0,0.0,0.0,30
250.0,variable,rtt_threshold,pct_degraded_safe,0.0,0.0,0.0,0.0,30
250.0,variable,oracle_feasible,deadline_miss_rate,0.0,0.0,0.0,0.0,30
250.0,variable,oracle_feasible,p95_latency_ms,201.4536490498649,2.226544431605923,200.69126393988643,202.2719088073412,30
250.0,variable,oracle_feasible,p99_latency_ms,212.8475649174447,2.822498869778502,211.86843795720432,213.85911169098617,30
250.0,variable,oracle_feasible,mean_latency_ms,118.61305853811022,4.941498790014857,116.8862646545586,120.38827984314221,30
250.0,variable,oracle_feasible,usable_confidence_proxy,0.7316820879972125,0.0021661360124628016,0.7308923541219083,0.7324372968342028,30
250.0,variable,oracle_feasible,mean_output_confidence,0.7316820879972125,0.0021661360124628016,0.7308923541219083,0.7324372968342028,30
250.0,variable,oracle_feasible,bandwidth_per_1000_frames_kb,15615.833333333334,812.5758143231859,15332.479166666666,15900.833333333334,30
250.0,variable,oracle_feasible,remote_attempt_rate,0.6246333333333334,0.032503032572927436,0.6132991666666667,0.6360333333333333,30
250.0,variable,oracle_feasible,remote_accept_rate,0.06721191228231542,0.013050197174688905,0.06279214579806945,0.07178926670645334,30
250.0,variable,oracle_feasible,remote_accepted_per_frame,0.04196666666666666,0.008479115655470833,0.03906583333333333,0.04503333333333333,30
250.0,variable,oracle_feasible,remote_rejected_deadline_rate,0.0,0.0,0.0,0.0,30
250.0,variable,oracle_feasible,remote_failed_loss_rate,0.0,0.0,0.0,0.0,30
250.0,variable,oracle_feasible,fallback_rate,0.5826666666666668,0.03192159936073263,0.5717333333333333,0.5941333333333333,30
250.0,variable,oracle_feasible,reuse_rate,0.0,0.0,0.0,0.0,30
250.0,variable,oracle_feasible,stale_acceptance_rate,0.0,0.0,0.0,0.0,30
250.0,variable,oracle_feasible,mode_switches_per_1000,266.3333333333333,19.119106409167177,259.46666666666664,273.0,30
250.0,variable,oracle_feasible,pct_local_fast,37.53666666666667,3.2503032572927437,36.39666666666667,38.67008333333333,30
250.0,variable,oracle_feasible,pct_edge_accurate,62.46333333333333,3.2503032572927455,61.32991666666666,63.603333333333325,30
250.0,variable,oracle_feasible,pct_hybrid,0.0,0.0,0.0,0.0,30
250.0,variable,oracle_feasible,pct_degraded_safe,0.0,0.0,0.0,0.0,30
250.0,outage,local_only,deadline_miss_rate,0.0,0.0,0.0,0.0,30
250.0,outage,local_only,p95_latency_ms,34.0121154317442,0.15795577821290474,33.95559240397263,34.06678081351494,30
250.0,outage,local_only,p99_latency_ms,34.777699557235714,0.07705312091530245,34.749491147370385,34.80488086421645,30
250.0,outage,local_only,mean_latency_ms,25.010062503109022,0.1685788631806354,24.95087977218813,25.069247105913615,30
250.0,outage,local_only,usable_confidence_proxy,0.7249467226228217,0.0013696023696029161,0.7244430956540359,0.7254187925547377,30
250.0,outage,local_only,mean_output_confidence,0.7249467226228217,0.0013696023696029161,0.7244430956540359,0.7254187925547377,30
250.0,outage,local_only,bandwidth_per_1000_frames_kb,0.0,0.0,0.0,0.0,30
250.0,outage,local_only,remote_attempt_rate,0.0,0.0,0.0,0.0,30
250.0,outage,local_only,remote_accept_rate,0.0,0.0,0.0,0.0,30
250.0,outage,local_only,remote_accepted_per_frame,0.0,0.0,0.0,0.0,30
250.0,outage,local_only,remote_rejected_deadline_rate,0.0,0.0,0.0,0.0,30
250.0,outage,local_only,remote_failed_loss_rate,0.0,0.0,0.0,0.0,30
250.0,outage,local_only,fallback_rate,0.0,0.0,0.0,0.0,30
250.0,outage,local_only,reuse_rate,0.0,0.0,0.0,0.0,30
250.0,outage,local_only,stale_acceptance_rate,0.0,0.0,0.0,0.0,30
250.0,outage,local_only,mode_switches_per_1000,0.0,0.0,0.0,0.0,30
250.0,outage,local_only,pct_local_fast,100.0,0.0,100.0,100.0,30
250.0,outage,local_only,pct_edge_accurate,0.0,0.0,0.0,0.0,30
250.0,outage,local_only,pct_hybrid,0.0,0.0,0.0,0.0,30
250.0,outage,local_only,pct_degraded_safe,0.0,0.0,0.0,0.0,30
250.0,outage,edge_only,deadline_miss_rate,0.14663333333333334,0.017979841841453393,0.14029916666666664,0.15303416666666664,30
250.0,outage,edge_only,p95_latency_ms,277.9611832845049,1.1026871987936686,277.5592251740768,278.34590806738004,30
250.0,outage,edge_only,p99_latency_ms,283.5307364779166,0.4858358549531456,283.35482700378685,283.69891809209514,30
250.0,outage,edge_only,mean_latency_ms,61.67977098330708,4.480794649071439,60.09052290675851,63.26899549976544,30
250.0,outage,edge_only,usable_confidence_proxy,0.6188411139658216,0.013229167377691121,0.6141615818062782,0.6234926374244504,30
250.0,outage,edge_only,mean_output_confidence,0.7249467226228217,0.0013696023696029161,0.7244430956540359,0.7254187925547377,30
250.0,outage,edge_only,bandwidth_per_1000_frames_kb,3670.0,447.9070100536186,3511.6666666666665,3830.0,30
250.0,outage,edge_only,remote_attempt_rate,0.1468,0.017916280402144744,0.14046666666666668,0.15319999999999998,30
250.0,outage,edge_only,remote_accept_rate,0.0,0.0,0.0,0.0,30
250.0,outage,edge_only,remote_accepted_per_frame,0.0,0.0,0.0,0.0,30
250.0,outage,edge_only,remote_rejected_deadline_rate,0.5811342852154121,0.03416478888599251,0.5689242106144261,0.5929281092159554,30
250.0,outage,edge_only,remote_failed_loss_rate,0.3521541736660107,0.030744298729784847,0.3412798988997264,0.36297451032382305,30
250.0,outage,edge_only,fallback_rate,1.0,0.0,1.0,1.0,30
250.0,outage,edge_only,reuse_rate,0.0,0.0,0.0,0.0,30
250.0,outage,edge_only,stale_acceptance_rate,0.0,0.0,0.0,0.0,30
250.0,outage,edge_only,mode_switches_per_1000,0.0,0.0,0.0,0.0,30
250.0,outage,edge_only,pct_local_fast,0.0,0.0,0.0,0.0,30
250.0,outage,edge_only,pct_edge_accurate,100.0,0.0,100.0,100.0,30
250.0,outage,edge_only,pct_hybrid,0.0,0.0,0.0,0.0,30
250.0,outage,edge_only,pct_degraded_safe,0.0,0.0,0.0,0.0,30
250.0,outage,cloud_only,deadline_miss_rate,0.1468,0.017916280402144744,0.14046666666666668,0.15319999999999998,30
250.0,outage,cloud_only,p95_latency_ms,278.0770664927038,1.0513613154171926,277.69653397211766,278.4416182981496,30
250.0,outage,cloud_only,p99_latency_ms,283.5533616999686,0.49453161615289787,283.37598231284056,283.72639105592833,30
250.0,outage,cloud_only,mean_latency_ms,61.71006250310903,4.476374297433588,60.12121489758851,63.297822554396035,30
250.0,outage,cloud_only,usable_confidence_proxy,0.6187231720593105,0.013185832525004102,0.6140224486563564,0.6233365380563796,30
250.0,outage,cloud_only,mean_output_confidence,0.7249467226228217,0.0013696023696029161,0.7244430956540359,0.7254187925547377,30
250.0,outage,cloud_only,bandwidth_per_1000_frames_kb,5138.0,627.069814075066,4916.333333333333,5362.0,30
250.0,outage,cloud_only,remote_attempt_rate,0.1468,0.017916280402144744,0.14046666666666668,0.15319999999999998,30
250.0,outage,cloud_only,remote_accept_rate,0.0,0.0,0.0,0.0,30
250.0,outage,cloud_only,remote_accepted_per_frame,0.0,0.0,0.0,0.0,30
250.0,outage,cloud_only,remote_rejected_deadline_rate,0.6512698376729025,0.03850931772583731,0.6377876605443613,0.6650002425313353,30
250.0,outage,cloud_only,remote_failed_loss_rate,0.34873016232709736,0.03850931772583731,0.3349997574686648,0.36221233945563863,30
250.0,outage,cloud_only,fallback_rate,1.0,0.0,1.0,1.0,30
250.0,outage,cloud_only,reuse_rate,0.0,0.0,0.0,0.0,30
250.0,outage,cloud_only,stale_acceptance_rate,0.0,0.0,0.0,0.0,30
250.0,outage,cloud_only,mode_switches_per_1000,0.0,0.0,0.0,0.0,30
250.0,outage,cloud_only,pct_local_fast,0.0,0.0,0.0,0.0,30
250.0,outage,cloud_only,pct_edge_accurate,100.0,0.0,100.0,100.0,30
250.0,outage,cloud_only,pct_hybrid,0.0,0.0,0.0,0.0,30
250.0,outage,cloud_only,pct_degraded_safe,0.0,0.0,0.0,0.0,30
250.0,outage,dapper,deadline_miss_rate,0.0,0.0,0.0,0.0,30
250.0,outage,dapper,p95_latency_ms,31.324033094233986,0.4385331372992728,31.1704544564415,31.475765975709802,30
250.0,outage,dapper,p99_latency_ms,34.23373701010655,0.20345125428207592,34.15922812832676,34.30520014388097,30
250.0,outage,dapper,mean_latency_ms,7.487162599553111,0.14528795633011704,7.436108032703403,7.538496793580801,30
250.0,outage,dapper,usable_confidence_proxy,0.7253658714006943,0.0028470697979591916,0.7243423951910606,0.726380770323931,30
250.0,outage,dapper,mean_output_confidence,0.7253658714006943,0.0028470697979591916,0.7243423951910606,0.726380770323931,30
250.0,outage,dapper,bandwidth_per_1000_frames_kb,0.0,0.0,0.0,0.0,30
250.0,outage,dapper,remote_attempt_rate,0.0,0.0,0.0,0.0,30
250.0,outage,dapper,remote_accept_rate,0.0,0.0,0.0,0.0,30
250.0,outage,dapper,remote_accepted_per_frame,0.0,0.0,0.0,0.0,30
250.0,outage,dapper,remote_rejected_deadline_rate,0.0,0.0,0.0,0.0,30
250.0,outage,dapper,remote_failed_loss_rate,0.0,0.0,0.0,0.0,30
250.0,outage,dapper,fallback_rate,0.9906333333333331,0.0027852237368599007,0.9896333333333333,0.9916666666666666,30
250.0,outage,dapper,reuse_rate,0.73,0.003227040920634304,0.7287991666666666,0.7310666666666668,30
250.0,outage,dapper,stale_acceptance_rate,0.0,0.0,0.0,0.0,30
250.0,outage,dapper,mode_switches_per_1000,430.73333333333335,10.218081786827643,427.0,434.3333333333333,30
250.0,outage,dapper,pct_local_fast,23.516666666666666,0.5730037812557022,23.310000000000002,23.71333333333333,30
250.0,outage,dapper,pct_edge_accurate,0.0,0.0,0.0,0.0,30
250.0,outage,dapper,pct_hybrid,0.0,0.0,0.0,0.0,30
250.0,outage,dapper,pct_degraded_safe,76.48333333333333,0.5730037812557033,76.28666666666668,76.69000000000001,30
250.0,outage,deadline_greedy,deadline_miss_rate,0.0,0.0,0.0,0.0,30
250.0,outage,deadline_greedy,p95_latency_ms,34.0121154317442,0.15795577821290474,33.95559240397263,34.06678081351494,30
250.0,outage,deadline_greedy,p99_latency_ms,34.777699557235714,0.07705312091530245,34.749491147370385,34.80488086421645,30
250.0,outage,deadline_greedy,mean_latency_ms,25.010062503109022,0.1685788631806354,24.95087977218813,25.069247105913615,30
250.0,outage,deadline_greedy,usable_confidence_proxy,0.7249467226228217,0.0013696023696029161,0.7244430956540359,0.7254187925547377,30
250.0,outage,deadline_greedy,mean_output_confidence,0.7249467226228217,0.0013696023696029161,0.7244430956540359,0.7254187925547377,30
250.0,outage,deadline_greedy,bandwidth_per_1000_frames_kb,0.0,0.0,0.0,0.0,30
250.0,outage,deadline_greedy,remote_attempt_rate,0.0,0.0,0.0,0.0,30
250.0,outage,deadline_greedy,remote_accept_rate,0.0,0.0,0.0,0.0,30
250.0,outage,deadline_greedy,remote_accepted_per_frame,0.0,0.0,0.0,0.0,30
250.0,outage,deadline_greedy,remote_rejected_deadline_rate,0.0,0.0,0.0,0.0,30
250.0,outage,deadline_greedy,remote_failed_loss_rate,0.0,0.0,0.0,0.0,30
250.0,outage,deadline_greedy,fallback_rate,0.0,0.0,0.0,0.0,30
250.0,outage,deadline_greedy,reuse_rate,0.0,0.0,0.0,0.0,30
250.0,outage,deadline_greedy,stale_acceptance_rate,0.0,0.0,0.0,0.0,30
250.0,outage,deadline_greedy,mode_switches_per_1000,0.0,0.0,0.0,0.0,30
250.0,outage,deadline_greedy,pct_local_fast,100.0,0.0,100.0,100.0,30
250.0,outage,deadline_greedy,pct_edge_accurate,0.0,0.0,0.0,0.0,30
250.0,outage,deadline_greedy,pct_hybrid,0.0,0.0,0.0,0.0,30
250.0,outage,deadline_greedy,pct_degraded_safe,0.0,0.0,0.0,0.0,30
250.0,outage,confidence_deadline,deadline_miss_rate,0.0,0.0,0.0,0.0,30
250.0,outage,confidence_deadline,p95_latency_ms,34.0121154317442,0.15795577821290474,33.95559240397263,34.06678081351494,30
250.0,outage,confidence_deadline,p99_latency_ms,34.777699557235714,0.07705312091530245,34.749491147370385,34.80488086421645,30
250.0,outage,confidence_deadline,mean_latency_ms,25.010062503109022,0.1685788631806354,24.95087977218813,25.069247105913615,30
250.0,outage,confidence_deadline,usable_confidence_proxy,0.7249467226228217,0.0013696023696029161,0.7244430956540359,0.7254187925547377,30
250.0,outage,confidence_deadline,mean_output_confidence,0.7249467226228217,0.0013696023696029161,0.7244430956540359,0.7254187925547377,30
250.0,outage,confidence_deadline,bandwidth_per_1000_frames_kb,0.0,0.0,0.0,0.0,30
250.0,outage,confidence_deadline,remote_attempt_rate,0.0,0.0,0.0,0.0,30
250.0,outage,confidence_deadline,remote_accept_rate,0.0,0.0,0.0,0.0,30
250.0,outage,confidence_deadline,remote_accepted_per_frame,0.0,0.0,0.0,0.0,30
250.0,outage,confidence_deadline,remote_rejected_deadline_rate,0.0,0.0,0.0,0.0,30
250.0,outage,confidence_deadline,remote_failed_loss_rate,0.0,0.0,0.0,0.0,30
250.0,outage,confidence_deadline,fallback_rate,0.0,0.0,0.0,0.0,30
250.0,outage,confidence_deadline,reuse_rate,0.0,0.0,0.0,0.0,30
250.0,outage,confidence_deadline,stale_acceptance_rate,0.0,0.0,0.0,0.0,30
250.0,outage,confidence_deadline,mode_switches_per_1000,0.0,0.0,0.0,0.0,30
250.0,outage,confidence_deadline,pct_local_fast,100.0,0.0,100.0,100.0,30
250.0,outage,confidence_deadline,pct_edge_accurate,0.0,0.0,0.0,0.0,30
250.0,outage,confidence_deadline,pct_hybrid,0.0,0.0,0.0,0.0,30
250.0,outage,confidence_deadline,pct_degraded_safe,0.0,0.0,0.0,0.0,30
250.0,outage,rtt_threshold,deadline_miss_rate,0.0,0.0,0.0,0.0,30
250.0,outage,rtt_threshold,p95_latency_ms,34.0121154317442,0.15795577821290474,33.95559240397263,34.06678081351494,30
250.0,outage,rtt_threshold,p99_latency_ms,34.777699557235714,0.07705312091530245,34.749491147370385,34.80488086421645,30
250.0,outage,rtt_threshold,mean_latency_ms,25.010062503109022,0.1685788631806354,24.95087977218813,25.069247105913615,30
250.0,outage,rtt_threshold,usable_confidence_proxy,0.7249467226228217,0.0013696023696029161,0.7244430956540359,0.7254187925547377,30
250.0,outage,rtt_threshold,mean_output_confidence,0.7249467226228217,0.0013696023696029161,0.7244430956540359,0.7254187925547377,30
250.0,outage,rtt_threshold,bandwidth_per_1000_frames_kb,0.0,0.0,0.0,0.0,30
250.0,outage,rtt_threshold,remote_attempt_rate,0.0,0.0,0.0,0.0,30
250.0,outage,rtt_threshold,remote_accept_rate,0.0,0.0,0.0,0.0,30
250.0,outage,rtt_threshold,remote_accepted_per_frame,0.0,0.0,0.0,0.0,30
250.0,outage,rtt_threshold,remote_rejected_deadline_rate,0.0,0.0,0.0,0.0,30
250.0,outage,rtt_threshold,remote_failed_loss_rate,0.0,0.0,0.0,0.0,30
250.0,outage,rtt_threshold,fallback_rate,0.0,0.0,0.0,0.0,30
250.0,outage,rtt_threshold,reuse_rate,0.0,0.0,0.0,0.0,30
250.0,outage,rtt_threshold,stale_acceptance_rate,0.0,0.0,0.0,0.0,30
250.0,outage,rtt_threshold,mode_switches_per_1000,0.0,0.0,0.0,0.0,30
250.0,outage,rtt_threshold,pct_local_fast,100.0,0.0,100.0,100.0,30
250.0,outage,rtt_threshold,pct_edge_accurate,0.0,0.0,0.0,0.0,30
250.0,outage,rtt_threshold,pct_hybrid,0.0,0.0,0.0,0.0,30
250.0,outage,rtt_threshold,pct_degraded_safe,0.0,0.0,0.0,0.0,30
250.0,outage,oracle_feasible,deadline_miss_rate,0.009700000000000002,0.002768667051376765,0.008700000000000003,0.010633333333333335,30
250.0,outage,oracle_feasible,p95_latency_ms,34.18590480619092,0.1314022904620427,34.1389928280313,34.232562564680634,30
250.0,outage,oracle_feasible,p99_latency_ms,112.39989667030825,109.99141587711594,74.17144957580852,150.97825793793916,30
250.0,outage,oracle_feasible,mean_latency_ms,27.427656311298268,0.6803336083659659,27.179976423073647,27.656078928395353,30
250.0,outage,oracle_feasible,usable_confidence_proxy,0.7179040284174258,0.0025365057251391,0.7170369297595109,0.7188129777117857,30
250.0,outage,oracle_feasible,mean_output_confidence,0.7249467226228217,0.0013696023696029161,0.7244430956540359,0.7254187925547377,30
250.0,outage,oracle_feasible,bandwidth_per_1000_frames_kb,243.33333333333334,68.83680517809087,218.33333333333334,266.6666666666667,30
250.0,outage,oracle_feasible,remote_attempt_rate,0.009733333333333335,0.002753472207123634,0.008733333333333336,0.010666666666666668,30
250.0,outage,oracle_feasible,remote_accept_rate,0.0,0.0,0.0,0.0,30
250.0,outage,oracle_feasible,remote_accepted_per_frame,0.0,0.0,0.0,0.0,30
250.0,outage,oracle_feasible,remote_rejected_deadline_rate,0.0,0.0,0.0,0.0,30
250.0,outage,oracle_feasible,remote_failed_loss_rate,0.0,0.0,0.0,0.0,30
250.0,outage,oracle_feasible,fallback_rate,0.009733333333333335,0.002753472207123634,0.008733333333333336,0.010666666666666668,30
250.0,outage,oracle_feasible,reuse_rate,0.0,0.0,0.0,0.0,30
250.0,outage,oracle_feasible,stale_acceptance_rate,0.0,0.0,0.0,0.0,30
250.0,outage,oracle_feasible,mode_switches_per_1000,17.066666666666666,4.926587497225244,15.266666666666667,18.733333333333334,30
250.0,outage,oracle_feasible,pct_local_fast,99.02666666666669,0.275347220712363,98.93333333333335,99.12666666666664,30
250.0,outage,oracle_feasible,pct_edge_accurate,0.9733333333333333,0.27534722071236345,0.8733333333333335,1.0666666666666667,30
250.0,outage,oracle_feasible,pct_hybrid,0.0,0.0,0.0,0.0,30
250.0,outage,oracle_feasible,pct_degraded_safe,0.0,0.0,0.0,0.0,30
