bias_target,bias,profile,policy,metric,mean,std,ci_lo,ci_hi,n_seeds
rtt,-0.3,stable,dapper,deadline_miss_rate,0.0,0.0,0.0,0.0,30
rtt,-0.3,stable,dapper,p95_latency_ms,33.984265110354684,0.14612908292769589,33.9343159514038,34.036015368498674,30
rtt,-0.3,stable,dapper,p99_latency_ms,34.78401367177919,0.06560311317343774,34.76065987728268,34.806824911760046,30
rtt,-0.3,stable,dapper,mean_latency_ms,25.02027748999063,0.19474756789946776,24.952896569039584,25.094599531312916,30
rtt,-0.3,stable,dapper,usable_confidence_proxy,0.7959976928158301,0.0030581965746421004,0.7949187491188087,0.7970282591916404,30
rtt,-0.3,stable,dapper,mean_output_confidence,0.7249667322554326,0.0015304909747104968,0.7244513387101592,0.7255071023390036,30
rtt,-0.3,stable,dapper,bandwidth_per_1000_frames_kb,21621.666666666668,335.8425671130112,21501.645833333336,21735.0,30
rtt,-0.3,stable,dapper,remote_attempt_rate,0.8648666666666667,0.013433702684520463,0.8600658333333333,0.8694,30
rtt,-0.3,stable,dapper,remote_accept_rate,0.5119299636219802,0.019710509684781493,0.5048710537106218,0.5185291640553195,30
rtt,-0.3,stable,dapper,remote_accepted_per_frame,0.4427,0.01712862093609448,0.43670000000000003,0.44869999999999993,30
rtt,-0.3,stable,dapper,remote_rejected_deadline_rate,0.47690963533308023,0.018550469460783117,0.47058399999723577,0.48349712111243753,30
rtt,-0.3,stable,dapper,remote_failed_loss_rate,0.011160401044939667,0.0032782175425864904,0.010069906399418155,0.012335025962814114,30
rtt,-0.3,stable,dapper,fallback_rate,0.0,0.0,0.0,0.0,30
rtt,-0.3,stable,dapper,reuse_rate,0.0,0.0,0.0,0.0,30
rtt,-0.3,stable,dapper,stale_acceptance_rate,0.0,0.0,0.0,0.0,30
rtt,-0.3,stable,dapper,mode_switches_per_1000,233.3,23.550605819867112,225.26666666666668,241.90083333333334,30
rtt,-0.3,stable,dapper,pct_local_fast,13.513333333333334,1.3433702684520452,13.06,13.993416666666668,30
rtt,-0.3,stable,dapper,pct_edge_accurate,0.0,0.0,0.0,0.0,30
rtt,-0.3,stable,dapper,pct_hybrid,86.48666666666666,1.3433702684520459,86.00658333333332,86.93999999999998,30
rtt,-0.3,stable,dapper,pct_degraded_safe,0.0,0.0,0.0,0.0,30
rtt,-0.3,congested,dapper,deadline_miss_rate,0.0,0.0,0.0,0.0,30
rtt,-0.3,congested,dapper,p95_latency_ms,33.94268972592376,0.09803104261482531,33.906854831430806,33.97630119170664,30
rtt,-0.3,congested,dapper,p99_latency_ms,34.769178949662624,0.05524239382592479,34.748642896298946,34.7879694671568,30
rtt,-0.3,congested,dapper,mean_latency_ms,25.012597088142645,0.18113657767527264,24.949225112390963,25.077791277753096,30
rtt,-0.3,congested,dapper,usable_confidence_proxy,0.7249282051819181,0.0016092933478095927,0.7243536843822596,0.725520489679899,30
rtt,-0.3,congested,dapper,mean_output_confidence,0.7249282051819181,0.0016092933478095927,0.7243536843822596,0.725520489679899,30
rtt,-0.3,congested,dapper,bandwidth_per_1000_frames_kb,1112.5,235.68956057814108,1029.9791666666667,1199.1666666666667,30
rtt,-0.3,congested,dapper,remote_attempt_rate,0.0445,0.009427582423125644,0.04119916666666667,0.04796666666666667,30
rtt,-0.3,congested,dapper,remote_accept_rate,0.0,0.0,0.0,0.0,30
rtt,-0.3,congested,dapper,remote_accepted_per_frame,0.0,0.0,0.0,0.0,30
rtt,-0.3,congested,dapper,remote_rejected_deadline_rate,0.9552203001555299,0.03030165172309642,0.9445263105623789,0.9654667291577768,30
rtt,-0.3,congested,dapper,remote_failed_loss_rate,0.044779699844470125,0.03030165172309643,0.034533270842223254,0.05547368943762108,30
rtt,-0.3,congested,dapper,fallback_rate,0.0,0.0,0.0,0.0,30
rtt,-0.3,congested,dapper,reuse_rate,0.0,0.0,0.0,0.0,30
rtt,-0.3,congested,dapper,stale_acceptance_rate,0.0,0.0,0.0,0.0,30
rtt,-0.3,congested,dapper,mode_switches_per_1000,57.46666666666667,9.558290618108966,54.03333333333333,60.73416666666665,30
rtt,-0.3,congested,dapper,pct_local_fast,95.55,0.9427582423125656,95.20333333333333,95.88008333333335,30
rtt,-0.3,congested,dapper,pct_edge_accurate,0.0,0.0,0.0,0.0,30
rtt,-0.3,congested,dapper,pct_hybrid,4.449999999999999,0.9427582423125643,4.119916666666667,4.796666666666667,30
rtt,-0.3,congested,dapper,pct_degraded_safe,0.0,0.0,0.0,0.0,30
rtt,-0.3,variable,dapper,deadline_miss_rate,0.0,0.0,0.0,0.0,30
rtt,-0.3,variable,dapper,p95_latency_ms,33.747775519517624,0.20973021505140457,33.675323470701066,33.82211577900011,30
rtt,-0.3,variable,dapper,p99_latency_ms,34.71834607205886,0.08846723190950932,34.68461798114216,34.746951888657705,30
rtt,-0.3,variable,dapper,mean_latency_ms,20.940446707168096,0.7350940723083381,20.683336067108257,21.199328671737284,30
rtt,-0.3,variable,dapper,usable_confidence_proxy,0.7315327792840012,0.0025047865419971973,0.730630043265056,0.7323686534291781,30
rtt,-0.3,variable,dapper,mean_output_confidence,0.7255990845494175,0.001961270671757357,0.7249273980970206,0.7262792520187936,30
rtt,-0.3,variable,dapper,bandwidth_per_1000_frames_kb,13580.833333333334,821.8378094596715,13299.166666666666,13869.1875,30
rtt,-0.3,variable,dapper,remote_attempt_rate,0.5432333333333333,0.03287351237838686,0.5319666666666666,0.5547675000000001,30
rtt,-0.3,variable,dapper,remote_accept_rate,0.06775729113457797,0.014262291164362196,0.06283153962930435,0.0727705985414503,30
rtt,-0.3,variable,dapper,remote_accepted_per_frame,0.03679999999999999,0.008243701880202556,0.03400000000000001,0.03976666666666666,30
rtt,-0.3,variable,dapper,remote_rejected_deadline_rate,0.8611561761637999,0.01754143695620339,0.8549936728324167,0.8672283008550675,30
rtt,-0.3,variable,dapper,remote_failed_loss_rate,0.07108653270162195,0.011225751658970445,0.0671902655116389,0.07506076308874962,30
rtt,-0.3,variable,dapper,fallback_rate,0.218,0.040093855406774126,0.2041991666666667,0.23230083333333335,30
rtt,-0.3,variable,dapper,reuse_rate,0.1668666666666667,0.030431079092149253,0.15633333333333335,0.17766666666666667,30
rtt,-0.3,variable,dapper,stale_acceptance_rate,0.0,0.0,0.0,0.0,30
rtt,-0.3,variable,dapper,mode_switches_per_1000,365.8333333333333,14.258895187006006,360.73333333333335,370.6333333333333,30
rtt,-0.3,variable,dapper,pct_local_fast,28.990000000000006,1.994881380969287,28.300000000000004,29.69,30
rtt,-0.3,variable,dapper,pct_edge_accurate,0.0,0.0,0.0,0.0,30
rtt,-0.3,variable,dapper,pct_hybrid,54.32333333333334,3.2873512378386858,53.196666666666665,55.47675,30
rtt,-0.3,variable,dapper,pct_degraded_safe,16.686666666666664,3.043107909214925,15.633333333333333,17.766666666666666,30
rtt,-0.2,stable,dapper,deadline_miss_rate,0.0,0.0,0.0,0.0,30
rtt,-0.2,stable,dapper,p95_latency_ms,33.984265110354684,0.14612908292769589,33.9343159514038,34.036015368498674,30
rtt,-0.2,stable,dapper,p99_latency_ms,34.78401367177919,0.06560311317343774,34.76065987728268,34.806824911760046,30
rtt,-0.2,stable,dapper,mean_latency_ms,25.02027748999063,0.19474756789946776,24.952896569039584,25.094599531312916,30
rtt,-0.2,stable,dapper,usable_confidence_proxy,0.7959976928158301,0.0030581965746421004,0.7949187491188087,0.7970282591916404,30
rtt,-0.2,stable,dapper,mean_output_confidence,0.7249667322554326,0.0015304909747104968,0.7244513387101592,0.7255071023390036,30
rtt,-0.2,stable,dapper,bandwidth_per_1000_frames_kb,21621.666666666668,335.8425671130112,21501.645833333336,21735.0,30
rtt,-0.2,stable,dapper,remote_attempt_rate,0.8648666666666667,0.013433702684520463,0.8600658333333333,0.8694,30
rtt,-0.2,stable,dapper,remote_accept_rate,0.5119299636219802,0.019710509684781493,0.5048710537106218,0.5185291640553195,30
rtt,-0.2,stable,dapper,remote_accepted_per_frame,0.4427,0.01712862093609448,0.43670000000000003,0.44869999999999993,30
rtt,-0.2,stable,dapper,remote_rejected_deadline_rate,0.47690963533308023,0.018550469460783117,0.47058399999723577,0.48349712111243753,30
rtt,-0.2,stable,dapper,remote_failed_loss_rate,0.011160401044939667,0.0032782175425864904,0.010069906399418155,0.012335025962814114,30
rtt,-0.2,stable,dapper,fallback_rate,0.0,0.0,0.0,0.0,30
rtt,-0.2,stable,dapper,reuse_rate,0.0,0.0,0.0,0.0,30
rtt,-0.2,stable,dapper,stale_acceptance_rate,0.0,0.0,0.0,0.0,30
rtt,-0.2,stable,dapper,mode_switches_per_1000,233.3,23.550605819867112,225.26666666666668,241.90083333333334,30
rtt,-0.2,stable,dapper,pct_local_fast,13.513333333333334,1.3433702684520452,13.06,13.993416666666668,30
rtt,-0.2,stable,dapper,pct_edge_accurate,0.0,0.0,0.0,0.0,30
rtt,-0.2,stable,dapper,pct_hybrid,86.48666666666666,1.3433702684520459,86.00658333333332,86.93999999999998,30
rtt,-0.2,stable,dapper,pct_degraded_safe,0.0,0.0,0.0,0.0,30
rtt,-0.2,congested,dapper,deadline_miss_rate,0.0,0.0,0.0,0.0,30
rtt,-0.2,congested,dapper,p95_latency_ms,33.94268972592376,0.09803104261482531,33.906854831430806,33.97630119170664,30
rtt,-0.2,congested,dapper,p99_latency_ms,34.769178949662624,0.05524239382592479,34.748642896298946,34.7879694671568,30
rtt,-0.2,congested,dapper,mean_latency_ms,25.012597088142645,0.18113657767527264,24.949225112390963,25.077791277753096,30
rtt,-0.2,congested,dapper,usable_confidence_proxy,0.7249282051819181,0.0016092933478095927,0.7243536843822596,0.725520489679899,30
rtt,-0.2,congested,dapper,mean_output_confidence,0.7249282051819181,0.0016092933478095927,0.7243536843822596,0.725520489679899,30
rtt,-0.2,congested,dapper,bandwidth_per_1000_frames_kb,155.0,80.51557998728975,128.33333333333334,185.83333333333334,30
rtt,-0.2,congested,dapper,remote_attempt_rate,0.006200000000000001,0.00322062319949159,0.005133333333333335,0.007433333333333334,30
rtt,-0.2,congested,dapper,remote_accept_rate,0.0,0.0,0.0,0.0,30
rtt,-0.2,congested,dapper,remote_accepted_per_frame,0.0,0.0,0.0,0.0,30
rtt,-0.2,congested,dapper,remote_rejected_deadline_rate,0.9282407407407407,0.09997893385317469,0.8924074074074074,0.962039351851852,30
rtt,-0.2,congested,dapper,remote_failed_loss_rate,0.07175925925925926,0.09997893385317472,0.037960648148148146,0.10759259259259259,30
rtt,-0.2,congested,dapper,fallback_rate,0.0,0.0,0.0,0.0,30
rtt,-0.2,congested,dapper,reuse_rate,0.0,0.0,0.0,0.0,30
rtt,-0.2,congested,dapper,stale_acceptance_rate,0.0,0.0,0.0,0.0,30
rtt,-0.2,congested,dapper,mode_switches_per_1000,9.766666666666667,5.117133716375249,8.133333333333333,11.766666666666667,30
rtt,-0.2,congested,dapper,pct_local_fast,99.37999999999997,0.32206231994915924,99.25666666666665,99.48666666666664,30
rtt,-0.2,congested,dapper,pct_edge_accurate,0.0,0.0,0.0,0.0,30
rtt,-0.2,congested,dapper,pct_hybrid,0.6200000000000002,0.322062319949159,0.5133333333333334,0.7433333333333335,30
rtt,-0.2,congested,dapper,pct_degraded_safe,0.0,0.0,0.0,0.0,30
rtt,-0.2,variable,dapper,deadline_miss_rate,0.0,0.0,0.0,0.0,30
rtt,-0.2,variable,dapper,p95_latency_ms,33.747775519517624,0.20973021505140457,33.675323470701066,33.82211577900011,30
rtt,-0.2,variable,dapper,p99_latency_ms,34.71834607205886,0.08846723190950932,34.68461798114216,34.746951888657705,30
rtt,-0.2,variable,dapper,mean_latency_ms,20.940446707168096,0.7350940723083381,20.683336067108257,21.199328671737284,30
rtt,-0.2,variable,dapper,usable_confidence_proxy,0.7315327792840012,0.0025047865419971973,0.730630043265056,0.7323686534291781,30
rtt,-0.2,variable,dapper,mean_output_confidence,0.7255990845494175,0.001961270671757357,0.7249273980970206,0.7262792520187936,30
rtt,-0.2,variable,dapper,bandwidth_per_1000_frames_kb,10559.166666666666,803.9901390428622,10291.666666666666,10849.1875,30
rtt,-0.2,variable,dapper,remote_attempt_rate,0.42236666666666667,0.03215960556171449,0.4116666666666667,0.43396749999999995,30
rtt,-0.2,variable,dapper,remote_accept_rate,0.08721235385912156,0.018167879302723476,0.08087301126404021,0.09362775333350223,30
rtt,-0.2,variable,dapper,remote_accepted_per_frame,0.03679999999999999,0.008243701880202556,0.03400000000000001,0.03976666666666666,30
rtt,-0.2,variable,dapper,remote_rejected_deadline_rate,0.8414774876516037,0.020643917892433094,0.8340492184308853,0.8487215100092439,30
rtt,-0.2,variable,dapper,remote_failed_loss_rate,0.07131015848927466,0.011873110467991268,0.06721698570291232,0.07547413079091979,30
rtt,-0.2,variable,dapper,fallback_rate,0.218,0.040093855406774126,0.2041991666666667,0.23230083333333335,30
rtt,-0.2,variable,dapper,reuse_rate,0.1668666666666667,0.030431079092149253,0.15633333333333335,0.17766666666666667,30
rtt,-0.2,variable,dapper,stale_acceptance_rate,0.0,0.0,0.0,0.0,30
rtt,-0.2,variable,dapper,mode_switches_per_1000,374.2,15.724788250314896,368.73333333333335,379.4675,30
rtt,-0.2,variable,dapper,pct_local_fast,41.07666666666667,2.757270431039556,40.10000000000001,42.05333333333333,30
rtt,-0.2,variable,dapper,pct_edge_accurate,0.0,0.0,0.0,0.0,30
rtt,-0.2,variable,dapper,pct_hybrid,42.23666666666667,3.215960556171449,41.16666666666666,43.39674999999999,30
rtt,-0.2,variable,dapper,pct_degraded_safe,16.686666666666664,3.043107909214925,15.633333333333333,17.766666666666666,30
rtt,-0.1,stable,dapper,deadline_miss_rate,0.0,0.0,0.0,0.0,30
rtt,-0.1,stable,dapper,p95_latency_ms,33.984265110354684,0.14612908292769589,33.9343159514038,34.036015368498674,30
rtt,-0.1,stable,dapper,p99_latency_ms,34.78401367177919,0.06560311317343774,34.76065987728268,34.806824911760046,30
rtt,-0.1,stable,dapper,mean_latency_ms,25.02027748999063,0.19474756789946776,24.952896569039584,25.094599531312916,30
rtt,-0.1,stable,dapper,usable_confidence_proxy,0.7959976928158301,0.0030581965746421004,0.7949187491188087,0.7970282591916404,30
rtt,-0.1,stable,dapper,mean_output_confidence,0.7249667322554326,0.0015304909747104968,0.7244513387101592,0.7255071023390036,30
rtt,-0.1,stable,dapper,bandwidth_per_1000_frames_kb,21621.666666666668,335.8425671130112,21501.645833333336,21735.0,30
rtt,-0.1,stable,dapper,remote_attempt_rate,0.8648666666666667,0.013433702684520463,0.8600658333333333,0.8694,30
rtt,-0.1,stable,dapper,remote_accept_rate,0.5119299636219802,0.019710509684781493,0.5048710537106218,0.5185291640553195,30
rtt,-0.1,stable,dapper,remote_accepted_per_frame,0.4427,0.01712862093609448,0.43670000000000003,0.44869999999999993,30
rtt,-0.1,stable,dapper,remote_rejected_deadline_rate,0.47690963533308023,0.018550469460783117,0.47058399999723577,0.48349712111243753,30
rtt,-0.1,stable,dapper,remote_failed_loss_rate,0.011160401044939667,0.0032782175425864904,0.010069906399418155,0.012335025962814114,30
rtt,-0.1,stable,dapper,fallback_rate,0.0,0.0,0.0,0.0,30
rtt,-0.1,stable,dapper,reuse_rate,0.0,0.0,0.0,0.0,30
rtt,-0.1,stable,dapper,stale_acceptance_rate,0.0,0.0,0.0,0.0,30
rtt,-0.1,stable,dapper,mode_switches_per_1000,233.3,23.550605819867112,225.26666666666668,241.90083333333334,30
rtt,-0.1,stable,dapper,pct_local_fast,13.513333333333334,1.3433702684520452,13.06,13.993416666666668,30
rtt,-0.1,stable,dapper,pct_edge_accurate,0.0,0.0,0.0,0.0,30
rtt,-0.1,stable,dapper,pct_hybrid,86.48666666666666,1.3433702684520459,86.00658333333332,86.93999999999998,30
rtt,-0.1,stable,dapper,pct_degraded_safe,0.0,0.0,0.0,0.0,30
rtt,-0.1,congested,dapper,deadline_miss_rate,0.0,0.0,0.0,0.0,30
rtt,-0.1,congested,dapper,p95_latency_ms,33.94268972592376,0.09803104261482531,33.906854831430806,33.97630119170664,30
rtt,-0.1,congested,dapper,p99_latency_ms,34.769178949662624,0.05524239382592479,34.748642896298946,34.7879694671568,30
rtt,-0.1,congested,dapper,mean_latency_ms,25.012597088142645,0.18113657767527264,24.949225112390963,25.077791277753096,30
rtt,-0.1,congested,dapper,usable_confidence_proxy,0.7249282051819181,0.0016092933478095927,0.7243536843822596,0.725520489679899,30
rtt,-0.1,congested,dapper,mean_output_confidence,0.7249282051819181,0.0016092933478095927,0.7243536843822596,0.725520489679899,30
rtt,-0.1,congested,dapper,bandwidth_per_1000_frames_kb,21.666666666666668,23.427560152791067,14.166666666666666,30.833333333333332,30
rtt,-0.1,congested,dapper,remote_attempt_rate,0.0008666666666666667,0.0009371024061116427,0.0005666666666666667,0.0012333333333333335,30
rtt,-0.1,congested,dapper,remote_accept_rate,0.0,0.0,0.0,0.0,30
rtt,-0.1,congested,dapper,remote_accepted_per_frame,0.0,0.0,0.0,0.0,30
rtt,-0.1,congested,dapper,remote_rejected_deadline_rate,0.5,0.4913036844405175,0.3333333333333333,0.6833333333333333,30
rtt,-0.1,congested,dapper,remote_failed_loss_rate,0.06666666666666667,0.21708624272765237,0.0,0.15,30
rtt,-0.1,congested,dapper,fallback_rate,0.0,0.0,0.0,0.0,30
rtt,-0.1,congested,dapper,reuse_rate,0.0,0.0,0.0,0.0,30
rtt,-0.1,congested,dapper,stale_acceptance_rate,0.0,0.0,0.0,0.0,30
rtt,-0.1,congested,dapper,mode_switches_per_1000,1.5333333333333334,1.6344003083137535,1.0,2.1333333333333333,30
rtt,-0.1,congested,dapper,pct_local_fast,99.91333333333334,0.09371024061116413,99.8766666666667,99.94333333333336,30
rtt,-0.1,congested,dapper,pct_edge_accurate,0.0,0.0,0.0,0.0,30
rtt,-0.1,congested,dapper,pct_hybrid,0.08666666666666667,0.09371024061116426,0.056666666666666664,0.12333333333333334,30
rtt,-0.1,congested,dapper,pct_degraded_safe,0.0,0.0,0.0,0.0,30
rtt,-0.1,variable,dapper,deadline_miss_rate,0.0,0.0,0.0,0.0,30
rtt,-0.1,variable,dapper,p95_latency_ms,33.74708707542259,0.21098096606262806,33.67386186238893,33.82170809288952,30
rtt,-0.1,variable,dapper,p99_latency_ms,34.71765433245266,0.09108332071810102,34.68283850182844,34.74691236534769,30
rtt,-0.1,variable,dapper,mean_latency_ms,20.934680974122458,0.7320498519160612,20.679611381442797,21.193179793822125,30
rtt,-0.1,variable,dapper,usable_confidence_proxy,0.7315354262444939,0.0025020724369843278,0.7306361997684925,0.7323676635548986,30
rtt,-0.1,variable,dapper,mean_output_confidence,0.7256017315099103,0.001956117333630121,0.7249314909577123,0.7262786261583939,30
rtt,-0.1,variable,dapper,bandwidth_per_1000_frames_kb,7837.5,703.6159684334082,7595.8125,8083.333333333333,30
rtt,-0.1,variable,dapper,remote_attempt_rate,0.3135,0.028144638737336324,0.3038325,0.3233333333333333,30
rtt,-0.1,variable,dapper,remote_accept_rate,0.11736449850213827,0.023000093393342438,0.10923835404721101,0.1252817590811196,30
rtt,-0.1,variable,dapper,remote_accepted_per_frame,0.03679999999999999,0.008243701880202556,0.03400000000000001,0.03976666666666666,30
rtt,-0.1,variable,dapper,remote_rejected_deadline_rate,0.8124583859500897,0.024727944501469423,0.8037648850750096,0.8212504910478159,30
rtt,-0.1,variable,dapper,remote_failed_loss_rate,0.07017711554777208,0.015480518626964927,0.06461854424377338,0.07562674141802571,30
rtt,-0.1,variable,dapper,fallback_rate,0.2182,0.0399580814837508,0.20440000000000003,0.2324341666666666,30
rtt,-0.1,variable,dapper,reuse_rate,0.16706666666666667,0.030296162649160168,0.15660000000000002,0.17786666666666667,30
rtt,-0.1,variable,dapper,stale_acceptance_rate,0.0,0.0,0.0,0.0,30
rtt,-0.1,variable,dapper,mode_switches_per_1000,346.96666666666664,17.249654336033625,341.0325,352.93333333333334,30
rtt,-0.1,variable,dapper,pct_local_fast,51.94333333333334,2.8805750543386583,50.9265,52.93341666666667,30
rtt,-0.1,variable,dapper,pct_edge_accurate,0.0,0.0,0.0,0.0,30
rtt,-0.1,variable,dapper,pct_hybrid,31.35,2.8144638737336316,30.38325,32.333333333333336,30
rtt,-0.1,variable,dapper,pct_degraded_safe,16.706666666666663,3.029616264916017,15.66,17.786666666666665,30
rtt,0.0,stable,dapper,deadline_miss_rate,0.0,0.0,0.0,0.0,30
rtt,0.0,stable,dapper,p95_latency_ms,33.984265110354684,0.14612908292769589,33.9343159514038,34.036015368498674,30
rtt,0.0,stable,dapper,p99_latency_ms,34.78401367177919,0.06560311317343774,34.76065987728268,34.806824911760046,30
rtt,0.0,stable,dapper,mean_latency_ms,25.02027748999063,0.19474756789946776,24.952896569039584,25.094599531312916,30
rtt,0.0,stable,dapper,usable_confidence_proxy,0.7959976928158301,0.0030581965746421004,0.7949187491188087,0.7970282591916404,30
rtt,0.0,stable,dapper,mean_output_confidence,0.7249667322554326,0.0015304909747104968,0.7244513387101592,0.7255071023390036,30
rtt,0.0,stable,dapper,bandwidth_per_1000_frames_kb,21621.666666666668,335.8425671130112,21501.645833333336,21735.0,30
rtt,0.0,stable,dapper,remote_attempt_rate,0.8648666666666667,0.013433702684520463,0.8600658333333333,0.8694,30
rtt,0.0,stable,dapper,remote_accept_rate,0.5119299636219802,0.019710509684781493,0.5048710537106218,0.5185291640553195,30
rtt,0.0,stable,dapper,remote_accepted_per_frame,0.4427,0.01712862093609448,0.43670000000000003,0.44869999999999993,30
rtt,0.0,stable,dapper,remote_rejected_deadline_rate,0.47690963533308023,0.018550469460783117,0.47058399999723577,0.48349712111243753,30
rtt,0.0,stable,dapper,remote_failed_loss_rate,0.011160401044939667,0.0032782175425864904,0.010069906399418155,0.012335025962814114,30
rtt,0.0,stable,dapper,fallback_rate,0.0,0.0,0.0,0.0,30
rtt,0.0,stable,dapper,reuse_rate,0.0,0.0,0.0,0.0,30
rtt,0.0,stable,dapper,stale_acceptance_rate,0.0,0.0,0.0,0.0,30
rtt,0.0,stable,dapper,mode_switches_per_1000,233.3,23.550605819867112,225.26666666666668,241.90083333333334,30
rtt,0.0,stable,dapper,pct_local_fast,13.513333333333334,1.3433702684520452,13.06,13.993416666666668,30
rtt,0.0,stable,dapper,pct_edge_accurate,0.0,0.0,0.0,0.0,30
rtt,0.0,stable,dapper,pct_hybrid,86.48666666666666,1.3433702684520459,86.00658333333332,86.93999999999998,30
rtt,0.0,stable,dapper,pct_degraded_safe,0.0,0.0,0.0,0.0,30
rtt,0.0,congested,dapper,deadline_miss_rate,0.0,0.0,0.0,0.0,30
rtt,0.0,congested,dapper,p95_latency_ms,33.93663339562628,0.10384597263558462,33.89863800925726,33.97238476351824,30
rtt,0.0,congested,dapper,p99_latency_ms,34.76774120719711,0.0574407179719229,34.74658413465894,34.7871629365586,30
rtt,0.0,congested,dapper,mean_latency_ms,24.831886454720813,0.19570763546815947,24.76464899629824,24.902166867111045,30
rtt,0.0,congested,dapper,usable_confidence_proxy,0.724962592880273,0.001562881778886257,0.7244059800112123,0.7255382569621288,30
rtt,0.0,congested,dapper,mean_output_confidence,0.724962592880273,0.001562881778886257,0.7244059800112123,0.7255382569621288,30
rtt,0.0,congested,dapper,bandwidth_per_1000_frames_kb,2.5,7.628214415734117,0.0,5.833333333333333,30
rtt,0.0,congested,dapper,remote_attempt_rate,0.0001,0.00030512857662936464,0.0,0.00023333333333333333,30
rtt,0.0,congested,dapper,remote_accept_rate,0.0,0.0,0.0,0.0,30
rtt,0.0,congested,dapper,remote_accepted_per_frame,0.0,0.0,0.0,0.0,30
rtt,0.0,congested,dapper,remote_rejected_deadline_rate,0.1,0.30512857662936466,0.0,0.23333333333333334,30
rtt,0.0,congested,dapper,remote_failed_loss_rate,0.0,0.0,0.0,0.0,30
rtt,0.0,congested,dapper,fallback_rate,0.007433333333333334,0.0027628487713469464,0.006500000000000001,0.008433333333333336,30
rtt,0.0,congested,dapper,reuse_rate,0.007433333333333334,0.0027628487713469464,0.006500000000000001,0.008433333333333336,30
rtt,0.0,congested,dapper,stale_acceptance_rate,0.0,0.0,0.0,0.0,30
rtt,0.0,congested,dapper,mode_switches_per_1000,12.133333333333333,4.032055463949847,10.733333333333333,13.533333333333333,30
rtt,0.0,congested,dapper,pct_local_fast,99.24666666666667,0.28494806947731727,99.14333333333335,99.34333333333335,30
rtt,0.0,congested,dapper,pct_edge_accurate,0.0,0.0,0.0,0.0,30
rtt,0.0,congested,dapper,pct_hybrid,0.010000000000000002,0.030512857662936467,0.0,0.02333333333333333,30
rtt,0.0,congested,dapper,pct_degraded_safe,0.7433333333333334,0.2762848771346947,0.6499999999999999,0.8433333333333334,30
rtt,0.0,variable,dapper,deadline_miss_rate,0.0,0.0,0.0,0.0,30
rtt,0.0,variable,dapper,p95_latency_ms,33.74407704498113,0.2126750836043015,33.67003978984998,33.81916560257354,30
rtt,0.0,variable,dapper,p99_latency_ms,34.714468841675405,0.09257023559024172,34.679345892530314,34.74441433608218,30
rtt,0.0,variable,dapper,mean_latency_ms,20.905161109397675,0.7368320428921273,20.650185695044428,21.16334665084393,30
rtt,0.0,variable,dapper,usable_confidence_proxy,0.731537829380306,0.002505299049290559,0.7306391558488198,0.7323760019224644,30
rtt,0.0,variable,dapper,mean_output_confidence,0.7256041346457223,0.001953260708744225,0.7249268098645119,0.7262791294460033,30
rtt,0.0,variable,dapper,bandwidth_per_1000_frames_kb,5777.5,618.9308774285564,5560.791666666666,5989.229166666666,30
rtt,0.0,variable,dapper,remote_attempt_rate,0.2311,0.02475723509714226,0.22243166666666667,0.23956916666666667,30
rtt,0.0,variable,dapper,remote_accept_rate,0.1593225904647559,0.030227815733317422,0.14854986769116424,0.16977120142322374,30
rtt,0.0,variable,dapper,remote_accepted_per_frame,0.03679999999999999,0.008243701880202556,0.03400000000000001,0.03976666666666666,30
rtt,0.0,variable,dapper,remote_rejected_deadline_rate,0.7687412516943987,0.03144991902511748,0.7573523738018126,0.7796160282186023,30
rtt,0.0,variable,dapper,remote_failed_loss_rate,0.07193615784084549,0.016135950496985536,0.06638961513178773,0.07778178250251701,30
rtt,0.0,variable,dapper,fallback_rate,0.21943333333333334,0.040132266950356946,0.20549999999999996,0.23376666666666665,30
rtt,0.0,variable,dapper,reuse_rate,0.16830000000000003,0.030488154850808802,0.15770000000000003,0.17916666666666664,30
rtt,0.0,variable,dapper,stale_acceptance_rate,0.0,0.0,0.0,0.0,30
rtt,0.0,variable,dapper,mode_switches_per_1000,315.43333333333334,16.716053265696694,309.5991666666667,321.56666666666666,30
rtt,0.0,variable,dapper,pct_local_fast,60.05999999999999,2.943326759602662,59.00658333333334,61.09666666666667,30
rtt,0.0,variable,dapper,pct_edge_accurate,0.0,0.0,0.0,0.0,30
rtt,0.0,variable,dapper,pct_hybrid,23.11,2.475723509714226,22.243166666666664,23.956916666666668,30
rtt,0.0,variable,dapper,pct_degraded_safe,16.83,3.0488154850808806,15.770000000000003,17.916666666666668,30
rtt,0.1,stable,dapper,deadline_miss_rate,0.0,0.0,0.0,0.0,30
rtt,0.1,stable,dapper,p95_latency_ms,33.984265110354684,0.14612908292769589,33.9343159514038,34.036015368498674,30
rtt,0.1,stable,dapper,p99_latency_ms,34.78401367177919,0.06560311317343774,34.76065987728268,34.806824911760046,30
rtt,0.1,stable,dapper,mean_latency_ms,25.02027748999063,0.19474756789946776,24.952896569039584,25.094599531312916,30
rtt,0.1,stable,dapper,usable_confidence_proxy,0.7959976928158301,0.0030581965746421004,0.7949187491188087,0.7970282591916404,30
rtt,0.1,stable,dapper,mean_output_confidence,0.7249667322554326,0.0015304909747104968,0.7244513387101592,0.7255071023390036,30
rtt,0.1,stable,dapper,bandwidth_per_1000_frames_kb,21621.666666666668,335.8425671130112,21501.645833333336,21735.0,30
rtt,0.1,stable,dapper,remote_attempt_rate,0.8648666666666667,0.013433702684520463,0.8600658333333333,0.8694,30
rtt,0.1,stable,dapper,remote_accept_rate,0.5119299636219802,0.019710509684781493,0.5048710537106218,0.5185291640553195,30
rtt,0.1,stable,dapper,remote_accepted_per_frame,0.4427,0.01712862093609448,0.43670000000000003,0.44869999999999993,30
rtt,0.1,stable,dapper,remote_rejected_deadline_rate,0.47690963533308023,0.018550469460783117,0.47058399999723577,0.48349712111243753,30
rtt,0.1,stable,dapper,remote_failed_loss_rate,0.011160401044939667,0.0032782175425864904,0.010069906399418155,0.012335025962814114,30
rtt,0.1,stable,dapper,fallback_rate,0.0,0.0,0.0,0.0,30
rtt,0.1,stable,dapper,reuse_rate,0.0,0.0,0.0,0.0,30
rtt,0.1,stable,dapper,stale_acceptance_rate,0.0,0.0,0.0,0.0,30
rtt,0.1,stable,dapper,mode_switches_per_1000,233.3,23.550605819867112,225.26666666666668,241.90083333333334,30
rtt,0.1,stable,dapper,pct_local_fast,13.513333333333334,1.3433702684520452,13.06,13.993416666666668,30
rtt,0.1,stable,dapper,pct_edge_accurate,0.0,0.0,0.0,0.0,30
rtt,0.1,stable,dapper,pct_hybrid,86.48666666666666,1.3433702684520459,86.00658333333332,86.93999999999998,30
rtt,0.1,stable,dapper,pct_degraded_safe,0.0,0.0,0.0,0.0,30
rtt,0.1,congested,dapper,deadline_miss_rate,0.0,0.0,0.0,0.0,30
rtt,0.1,congested,dapper,p95_latency_ms,33.86895669425183,0.13371939607374095,33.82043015986531,33.91503987066952,30
rtt,0.1,congested,dapper,p99_latency_ms,34.75728909607516,0.057393525838259137,34.73617099434814,34.77661005032757,30
rtt,0.1,congested,dapper,mean_latency_ms,23.304967531841125,0.32074043275689623,23.187905313487658,23.417429145473214,30
rtt,0.1,congested,dapper,usable_confidence_proxy,0.7249873724664191,0.0017335266938709722,0.7243593009083508,0.7256206727836914,30
rtt,0.1,congested,dapper,mean_output_confidence,0.7249873724664191,0.0017335266938709722,0.7243593009083508,0.7256206727836914,30
rtt,0.1,congested,dapper,bandwidth_per_1000_frames_kb,0.0,0.0,0.0,0.0,30
rtt,0.1,congested,dapper,remote_attempt_rate,0.0,0.0,0.0,0.0,30
rtt,0.1,congested,dapper,remote_accept_rate,0.0,0.0,0.0,0.0,30
rtt,0.1,congested,dapper,remote_accepted_per_frame,0.0,0.0,0.0,0.0,30
rtt,0.1,congested,dapper,remote_rejected_deadline_rate,0.0,0.0,0.0,0.0,30
rtt,0.1,congested,dapper,remote_failed_loss_rate,0.0,0.0,0.0,0.0,30
rtt,0.1,congested,dapper,fallback_rate,0.07496666666666667,0.013254754080975114,0.07039916666666667,0.07980000000000001,30
rtt,0.1,congested,dapper,reuse_rate,0.0711,0.011544068487382571,0.06706666666666666,0.07533416666666667,30
rtt,0.1,congested,dapper,stale_acceptance_rate,0.0,0.0,0.0,0.0,30
rtt,0.1,congested,dapper,mode_switches_per_1000,87.3,14.000369453253231,82.33333333333333,92.53333333333333,30
rtt,0.1,congested,dapper,pct_local_fast,92.50333333333334,1.3254754080975115,92.02000000000001,92.96008333333336,30
rtt,0.1,congested,dapper,pct_edge_accurate,0.0,0.0,0.0,0.0,30
rtt,0.1,congested,dapper,pct_hybrid,0.0,0.0,0.0,0.0,30
rtt,0.1,congested,dapper,pct_degraded_safe,7.496666666666666,1.3254754080975115,7.039916666666665,7.9799999999999995,30
rtt,0.1,variable,dapper,deadline_miss_rate,0.0,0.0,0.0,0.0,30
rtt,0.1,variable,dapper,p95_latency_ms,33.736074213270506,0.2176081882985087,33.65997062107431,33.81293636705184,30
rtt,0.1,variable,dapper,p99_latency_ms,34.713160824253784,0.09340789814599304,34.67774058009805,34.743386918979525,30
rtt,0.1,variable,dapper,mean_latency_ms,20.798208062864603,0.7372125109624075,20.539132027511947,21.053880532991457,30
rtt,0.1,variable,dapper,usable_confidence_proxy,0.731158893931481,0.0024701855772061685,0.730276898878674,0.731992437685996,30
rtt,0.1,variable,dapper,mean_output_confidence,0.7255482383063355,0.0019639671432658064,0.7248663092867476,0.7262275487021547,30
rtt,0.1,variable,dapper,bandwidth_per_1000_frames_kb,4163.333333333333,519.56270295206,3990.8333333333335,4351.666666666667,30
rtt,0.1,variable,dapper,remote_attempt_rate,0.16653333333333326,0.0207825081180824,0.1596333333333333,0.17406666666666665,30
rtt,0.1,variable,dapper,remote_accept_rate,0.20816506394727502,0.037630647696217316,0.19476810194240418,0.22123001385101512,30
rtt,0.1,variable,dapper,remote_accepted_per_frame,0.03473333333333333,0.008089726704958552,0.03200000000000001,0.03763333333333333,30
rtt,0.1,variable,dapper,remote_rejected_deadline_rate,0.7192485576008697,0.036452025082596894,0.7066067591673196,0.7321417845175563,30
rtt,0.1,variable,dapper,remote_failed_loss_rate,0.07258637845185532,0.01809075210603255,0.0665850780422556,0.07917523366054302,30
rtt,0.1,variable,dapper,fallback_rate,0.22413333333333332,0.039967860651496864,0.21026666666666663,0.23826749999999997,30
rtt,0.1,variable,dapper,reuse_rate,0.17283333333333328,0.03034069002617389,0.1623666666666667,0.1835333333333333,30
rtt,0.1,variable,dapper,stale_acceptance_rate,0.0,0.0,0.0,0.0,30
rtt,0.1,variable,dapper,mode_switches_per_1000,286.93333333333334,19.431459265721713,280.1,293.76666666666665,30
rtt,0.1,variable,dapper,pct_local_fast,66.05000000000001,2.9714445575545736,65.02333333333334,67.10341666666667,30
rtt,0.1,variable,dapper,pct_edge_accurate,0.0,0.0,0.0,0.0,30
rtt,0.1,variable,dapper,pct_hybrid,16.653333333333332,2.07825081180824,15.963333333333335,17.40666666666667,30
rtt,0.1,variable,dapper,pct_degraded_safe,17.296666666666667,3.038203113835469,16.249916666666664,18.369999999999997,30
rtt,0.2,stable,dapper,deadline_miss_rate,0.0,0.0,0.0,0.0,30
rtt,0.2,stable,dapper,p95_latency_ms,33.984265110354684,0.14612908292769589,33.9343159514038,34.036015368498674,30
rtt,0.2,stable,dapper,p99_latency_ms,34.78401367177919,0.06560311317343774,34.76065987728268,34.806824911760046,30
rtt,0.2,stable,dapper,mean_latency_ms,25.02027748999063,0.19474756789946776,24.952896569039584,25.094599531312916,30
rtt,0.2,stable,dapper,usable_confidence_proxy,0.7959976928158301,0.0030581965746421004,0.7949187491188087,0.7970282591916404,30
rtt,0.2,stable,dapper,mean_output_confidence,0.7249667322554326,0.0015304909747104968,0.7244513387101592,0.7255071023390036,30
rtt,0.2,stable,dapper,bandwidth_per_1000_frames_kb,21621.666666666668,335.8425671130112,21501.645833333336,21735.0,30
rtt,0.2,stable,dapper,remote_attempt_rate,0.8648666666666667,0.013433702684520463,0.8600658333333333,0.8694,30
rtt,0.2,stable,dapper,remote_accept_rate,0.5119299636219802,0.019710509684781493,0.5048710537106218,0.5185291640553195,30
rtt,0.2,stable,dapper,remote_accepted_per_frame,0.4427,0.01712862093609448,0.43670000000000003,0.44869999999999993,30
rtt,0.2,stable,dapper,remote_rejected_deadline_rate,0.47690963533308023,0.018550469460783117,0.47058399999723577,0.48349712111243753,30
rtt,0.2,stable,dapper,remote_failed_loss_rate,0.011160401044939667,0.0032782175425864904,0.010069906399418155,0.012335025962814114,30
rtt,0.2,stable,dapper,fallback_rate,0.0,0.0,0.0,0.0,30
rtt,0.2,stable,dapper,reuse_rate,0.0,0.0,0.0,0.0,30
rtt,0.2,stable,dapper,stale_acceptance_rate,0.0,0.0,0.0,0.0,30
rtt,0.2,stable,dapper,mode_switches_per_1000,233.3,23.550605819867112,225.26666666666668,241.90083333333334,30
rtt,0.2,stable,dapper,pct_local_fast,13.513333333333334,1.3433702684520452,13.06,13.993416666666668,30
rtt,0.2,stable,dapper,pct_edge_accurate,0.0,0.0,0.0,0.0,30
rtt,0.2,stable,dapper,pct_hybrid,86.48666666666666,1.3433702684520459,86.00658333333332,86.93999999999998,30
rtt,0.2,stable,dapper,pct_degraded_safe,0.0,0.0,0.0,0.0,30
rtt,0.2,congested,dapper,deadline_miss_rate,0.0,0.0,0.0,0.0,30
rtt,0.2,congested,dapper,p95_latency_ms,33.639351324284526,0.20703378346412193,33.565464250916456,33.71047275097724,30
rtt,0.2,congested,dapper,p99_latency_ms,34.70133721808108,0.08405855844042831,34.6711763779191,34.730516464673386,30
rtt,0.2,congested,dapper,mean_latency_ms,19.3050558432711,0.49230771996482037,19.125554211211576,19.47979775131798,30
rtt,0.2,congested,dapper,usable_confidence_proxy,0.7245884541219796,0.0020969469194726904,0.7238441861950511,0.7253393609144385,30
rtt,0.2,congested,dapper,mean_output_confidence,0.7245884541219796,0.0020969469194726904,0.7238441861950511,0.7253393609144385,30
rtt,0.2,congested,dapper,bandwidth_per_1000_frames_kb,0.0,0.0,0.0,0.0,30
rtt,0.2,congested,dapper,remote_attempt_rate,0.0,0.0,0.0,0.0,30
rtt,0.2,congested,dapper,remote_accept_rate,0.0,0.0,0.0,0.0,30
rtt,0.2,congested,dapper,remote_accepted_per_frame,0.0,0.0,0.0,0.0,30
rtt,0.2,congested,dapper,remote_rejected_deadline_rate,0.0,0.0,0.0,0.0,30
rtt,0.2,congested,dapper,remote_failed_loss_rate,0.0,0.0,0.0,0.0,30
rtt,0.2,congested,dapper,fallback_rate,0.26809999999999995,0.02489612904407652,0.2594333333333333,0.2772341666666667,30
rtt,0.2,congested,dapper,reuse_rate,0.2374,0.02144696747312085,0.2299666666666667,0.24523416666666664,30
rtt,0.2,congested,dapper,stale_acceptance_rate,0.0,0.0,0.0,0.0,30
rtt,0.2,congested,dapper,mode_switches_per_1000,210.9,18.03703087424925,204.56666666666666,217.23333333333332,30
rtt,0.2,congested,dapper,pct_local_fast,73.19,2.4896129044076543,72.27658333333333,74.05666666666666,30
rtt,0.2,congested,dapper,pct_edge_accurate,0.0,0.0,0.0,0.0,30
rtt,0.2,congested,dapper,pct_hybrid,0.0,0.0,0.0,0.0,30
rtt,0.2,congested,dapper,pct_degraded_safe,26.810000000000006,2.4896129044076516,25.94333333333333,27.723416666666672,30
rtt,0.2,variable,dapper,deadline_miss_rate,0.0,0.0,0.0,0.0,30
rtt,0.2,variable,dapper,p95_latency_ms,33.711429141746045,0.227630969275608,33.630804425812876,33.791187862240655,30
rtt,0.2,variable,dapper,p99_latency_ms,34.702167647281804,0.1030008174063181,34.66244834397069,34.736237477252686,30
rtt,0.2,variable,dapper,mean_latency_ms,20.453188100756375,0.7500109823749127,20.189184774141065,20.709428904635196,30
rtt,0.2,variable,dapper,usable_confidence_proxy,0.7304675369682199,0.0024569469741096066,0.7295865048370971,0.7312955335541559,30
rtt,0.2,variable,dapper,mean_output_confidence,0.7255869788003374,0.002028028237503401,0.7248880329123913,0.7262787341934491,30
rtt,0.2,variable,dapper,bandwidth_per_1000_frames_kb,3017.5,463.26939730869196,2860.8333333333335,3184.1666666666665,30
rtt,0.2,variable,dapper,remote_attempt_rate,0.1207,0.018530775892347678,0.11443333333333333,0.12736666666666666,30
rtt,0.2,variable,dapper,remote_accept_rate,0.2487835077662611,0.04115393755683778,0.23471518633181143,0.26348007362413756,30
rtt,0.2,variable,dapper,remote_accepted_per_frame,0.030066666666666672,0.007021805118802201,0.027700000000000006,0.03253333333333334,30
rtt,0.2,variable,dapper,remote_rejected_deadline_rate,0.6767374441848912,0.04669805085180597,0.6602579508392288,0.6927141798924266,30
rtt,0.2,variable,dapper,remote_failed_loss_rate,0.07447904804884789,0.023667423414869146,0.06679451866087704,0.08325901776190742,30
rtt,0.2,variable,dapper,fallback_rate,0.23956666666666665,0.04029005467540502,0.2257975,0.2537008333333333,30
rtt,0.2,variable,dapper,reuse_rate,0.1871666666666667,0.030575044289965197,0.17673250000000001,0.19786666666666666,30
rtt,0.2,variable,dapper,stale_acceptance_rate,0.0,0.0,0.0,0.0,30
rtt,0.2,variable,dapper,mode_switches_per_1000,273.6,21.15069086668166,266.1333333333333,280.93333333333334,30
rtt,0.2,variable,dapper,pct_local_fast,69.10666666666667,3.0082568366750695,68.05324999999999,70.17341666666668,30
rtt,0.2,variable,dapper,pct_edge_accurate,0.0,0.0,0.0,0.0,30
rtt,0.2,variable,dapper,pct_hybrid,12.069999999999999,1.8530775892347677,11.443333333333332,12.736666666666668,30
rtt,0.2,variable,dapper,pct_degraded_safe,18.82333333333333,3.094899400441083,17.766583333333333,19.90666666666667,30
rtt,0.3,stable,dapper,deadline_miss_rate,0.0,0.0,0.0,0.0,30
rtt,0.3,stable,dapper,p95_latency_ms,33.984265110354684,0.14612908292769589,33.9343159514038,34.036015368498674,30
rtt,0.3,stable,dapper,p99_latency_ms,34.78401367177919,0.06560311317343774,34.76065987728268,34.806824911760046,30
rtt,0.3,stable,dapper,mean_latency_ms,25.02027748999063,0.19474756789946776,24.952896569039584,25.094599531312916,30
rtt,0.3,stable,dapper,usable_confidence_proxy,0.7959976928158301,0.0030581965746421004,0.7949187491188087,0.7970282591916404,30
rtt,0.3,stable,dapper,mean_output_confidence,0.7249667322554326,0.0015304909747104968,0.7244513387101592,0.7255071023390036,30
rtt,0.3,stable,dapper,bandwidth_per_1000_frames_kb,21621.666666666668,335.8425671130112,21501.645833333336,21735.0,30
rtt,0.3,stable,dapper,remote_attempt_rate,0.8648666666666667,0.013433702684520463,0.8600658333333333,0.8694,30
rtt,0.3,stable,dapper,remote_accept_rate,0.5119299636219802,0.019710509684781493,0.5048710537106218,0.5185291640553195,30
rtt,0.3,stable,dapper,remote_accepted_per_frame,0.4427,0.01712862093609448,0.43670000000000003,0.44869999999999993,30
rtt,0.3,stable,dapper,remote_rejected_deadline_rate,0.47690963533308023,0.018550469460783117,0.47058399999723577,0.48349712111243753,30
rtt,0.3,stable,dapper,remote_failed_loss_rate,0.011160401044939667,0.0032782175425864904,0.010069906399418155,0.012335025962814114,30
rtt,0.3,stable,dapper,fallback_rate,0.0,0.0,0.0,0.0,30
rtt,0.3,stable,dapper,reuse_rate,0.0,0.0,0.0,0.0,30
rtt,0.3,stable,dapper,stale_acceptance_rate,0.0,0.0,0.0,0.0,30
rtt,0.3,stable,dapper,mode_switches_per_1000,233.3,23.550605819867112,225.26666666666668,241.90083333333334,30
rtt,0.3,stable,dapper,pct_local_fast,13.513333333333334,1.3433702684520452,13.06,13.993416666666668,30
rtt,0.3,stable,dapper,pct_edge_accurate,0.0,0.0,0.0,0.0,30
rtt,0.3,stable,dapper,pct_hybrid,86.48666666666666,1.3433702684520459,86.00658333333332,86.93999999999998,30
rtt,0.3,stable,dapper,pct_degraded_safe,0.0,0.0,0.0,0.0,30
rtt,0.3,congested,dapper,deadline_miss_rate,0.0,0.0,0.0,0.0,30
rtt,0.3,congested,dapper,p95_latency_ms,33.177330090928976,0.22120231347958716,33.100642074228396,33.25489384322235,30
rtt,0.3,congested,dapper,p99_latency_ms,34.569654504257194,0.14331079169840805,34.51770307750993,34.618225151451725,30
rtt,0.3,congested,dapper,mean_latency_ms,14.590960697859876,0.49424886900819937,14.408787472937577,14.756382328106797,30
rtt,0.3,congested,dapper,usable_confidence_proxy,0.7249872413581905,0.0027344812853869684,0.7240402308490546,0.7259510277598717,30
rtt,0.3,congested,dapper,mean_output_confidence,0.7249872413581905,0.0027344812853869684,0.7240402308490546,0.7259510277598717,30
rtt,0.3,congested,dapper,bandwidth_per_1000_frames_kb,0.0,0.0,0.0,0.0,30
rtt,0.3,congested,dapper,remote_attempt_rate,0.0,0.0,0.0,0.0,30
rtt,0.3,congested,dapper,remote_accept_rate,0.0,0.0,0.0,0.0,30
rtt,0.3,congested,dapper,remote_accepted_per_frame,0.0,0.0,0.0,0.0,30
rtt,0.3,congested,dapper,remote_rejected_deadline_rate,0.0,0.0,0.0,0.0,30
rtt,0.3,congested,dapper,remote_failed_loss_rate,0.0,0.0,0.0,0.0,30
rtt,0.3,congested,dapper,fallback_rate,0.5233333333333333,0.02882208603967036,0.5133991666666666,0.5339341666666667,30
rtt,0.3,congested,dapper,reuse_rate,0.4338,0.019693163525832325,0.42716666666666664,0.4411333333333332,30
rtt,0.3,congested,dapper,stale_acceptance_rate,0.0,0.0,0.0,0.0,30
rtt,0.3,congested,dapper,mode_switches_per_1000,253.63333333333333,13.909766683715523,248.83333333333334,258.7,30
rtt,0.3,congested,dapper,pct_local_fast,47.66666666666667,2.882208603967036,46.606583333333326,48.66008333333333,30
rtt,0.3,congested,dapper,pct_edge_accurate,0.0,0.0,0.0,0.0,30
rtt,0.3,congested,dapper,pct_hybrid,0.0,0.0,0.0,0.0,30
rtt,0.3,congested,dapper,pct_degraded_safe,52.33333333333333,2.8822086039670363,51.33991666666666,53.39341666666667,30
rtt,0.3,variable,dapper,deadline_miss_rate,0.0,0.0,0.0,0.0,30
rtt,0.3,variable,dapper,p95_latency_ms,33.674768472058055,0.2427916531635354,33.587690210061574,33.7595867202122,30
rtt,0.3,variable,dapper,p99_latency_ms,34.69312506941665,0.11021835101939305,34.65151016485416,34.7296623729643,30
rtt,0.3,variable,dapper,mean_latency_ms,19.857466421928205,0.7718315053276315,19.585654529783113,20.121523010726428,30
rtt,0.3,variable,dapper,usable_confidence_proxy,0.72967640613629,0.0023257133297943694,0.728850950466243,0.7304634127710135,30
rtt,0.3,variable,dapper,mean_output_confidence,0.7255897687475041,0.002127078077656532,0.724850181132576,0.7263396410121804,30
rtt,0.3,variable,dapper,bandwidth_per_1000_frames_kb,2189.1666666666665,374.5504968794511,2062.4791666666665,2323.3333333333335,30
rtt,0.3,variable,dapper,remote_attempt_rate,0.08756666666666667,0.014982019875178042,0.08249916666666664,0.09293333333333333,30
rtt,0.3,variable,dapper,remote_accept_rate,0.2880650268220603,0.0392974773219425,0.27387040259088885,0.3017894796428227,30
rtt,0.3,variable,dapper,remote_accepted_per_frame,0.025300000000000003,0.005995112952259101,0.02326666666666667,0.02746666666666667,30
rtt,0.3,variable,dapper,remote_rejected_deadline_rate,0.6377524925547462,0.049810795626440425,0.6198048789612937,0.6551442189242461,30
rtt,0.3,variable,dapper,remote_failed_loss_rate,0.07418248062319356,0.02796925356977421,0.06499472934484125,0.08444832440723357,30
rtt,0.3,variable,dapper,fallback_rate,0.26666666666666666,0.04070527656496004,0.2530325,0.28099999999999997,30
rtt,0.3,variable,dapper,reuse_rate,0.21226666666666671,0.03110153930477456,0.2019,0.22323333333333334,30
rtt,0.3,variable,dapper,stale_acceptance_rate,0.0,0.0,0.0,0.0,30
rtt,0.3,variable,dapper,mode_switches_per_1000,274.03333333333336,22.956455531608373,266.2325,281.8333333333333,30
rtt,0.3,variable,dapper,pct_local_fast,69.74333333333334,2.924413685219456,68.74333333333334,70.75666666666666,30
rtt,0.3,variable,dapper,pct_edge_accurate,0.0,0.0,0.0,0.0,30
rtt,0.3,variable,dapper,pct_hybrid,8.756666666666666,1.4982019875178043,8.249916666666666,9.293333333333333,30
rtt,0.3,variable,dapper,pct_degraded_safe,21.500000000000004,3.1876918468297446,20.42991666666667,22.623333333333328,30
compute,-0.3,stable,dapper,deadline_miss_rate,0.38546666666666657,0.021513000613635907,0.3783666666666667,0.3931008333333334,30
compute,-0.3,stable,dapper,p95_latency_ms,132.29602065912908,0.4173410532925603,132.1520043524858,132.44092584764724,30
compute,-0.3,stable,dapper,p99_latency_ms,134.43762578459464,0.19896923364078453,134.36634610728981,134.5044508485168,30
compute,-0.3,stable,dapper,mean_latency_ms,89.26394526942431,1.786853460204327,88.6400055243954,89.9148757032808,30
compute,-0.3,stable,dapper,usable_confidence_proxy,0.5204720896830494,0.018038556836144914,0.5140715219516065,0.5264835127828825,30
compute,-0.3,stable,dapper,mean_output_confidence,0.7915536010531846,0.0029462423695251027,0.7905339129142511,0.7925905514067119,30
compute,-0.3,stable,dapper,bandwidth_per_1000_frames_kb,21621.666666666668,335.8425671130112,21501.645833333336,21735.0,30
compute,-0.3,stable,dapper,remote_attempt_rate,0.8648666666666667,0.013433702684520463,0.8600658333333333,0.8694,30
compute,-0.3,stable,dapper,remote_accept_rate,0.5119299636219802,0.019710509684781493,0.5048710537106218,0.5185291640553195,30
compute,-0.3,stable,dapper,remote_accepted_per_frame,0.4427,0.01712862093609448,0.43670000000000003,0.44869999999999993,30
compute,-0.3,stable,dapper,remote_rejected_deadline_rate,0.47690963533308023,0.018550469460783117,0.47058399999723577,0.48349712111243753,30
compute,-0.3,stable,dapper,remote_failed_loss_rate,0.011160401044939667,0.0032782175425864904,0.010069906399418155,0.012335025962814114,30
compute,-0.3,stable,dapper,fallback_rate,0.38546666666666657,0.021513000613635907,0.3783666666666667,0.3931008333333334,30
compute,-0.3,stable,dapper,reuse_rate,0.0,0.0,0.0,0.0,30
compute,-0.3,stable,dapper,stale_acceptance_rate,0.0,0.0,0.0,0.0,30
compute,-0.3,stable,dapper,mode_switches_per_1000,296.1333333333333,21.295512451563887,289.06666666666666,303.83416666666665,30
compute,-0.3,stable,dapper,pct_local_fast,13.513333333333334,1.3433702684520452,13.06,13.993416666666668,30
compute,-0.3,stable,dapper,pct_edge_accurate,80.01666666666665,1.6883134480452862,79.41666666666667,80.62333333333332,30
compute,-0.3,stable,dapper,pct_hybrid,6.47,1.3973250306851697,5.96,6.9600833333333325,30
compute,-0.3,stable,dapper,pct_degraded_safe,0.0,0.0,0.0,0.0,30
compute,-0.3,congested,dapper,deadline_miss_rate,0.0,0.0,0.0,0.0,30
compute,-0.3,congested,dapper,p95_latency_ms,33.93663339562628,0.10384597263558462,33.89863800925726,33.97238476351824,30
compute,-0.3,congested,dapper,p99_latency_ms,34.76774120719711,0.0574407179719229,34.74658413465894,34.7871629365586,30
compute,-0.3,congested,dapper,mean_latency_ms,24.831886454720813,0.19570763546815947,24.76464899629824,24.902166867111045,30
compute,-0.3,congested,dapper,usable_confidence_proxy,0.724962592880273,0.001562881778886257,0.7244059800112123,0.7255382569621288,30
compute,-0.3,congested,dapper,mean_output_confidence,0.724962592880273,0.001562881778886257,0.7244059800112123,0.7255382569621288,30
compute,-0.3,congested,dapper,bandwidth_per_1000_frames_kb,150.0,88.08303292720552,121.66666666666667,183.33333333333334,30
compute,-0.3,congested,dapper,remote_attempt_rate,0.006000000000000001,0.003523321317088221,0.004866666666666668,0.007333333333333334,30
compute,-0.3,congested,dapper,remote_accept_rate,0.0,0.0,0.0,0.0,30
compute,-0.3,congested,dapper,remote_accepted_per_frame,0.0,0.0,0.0,0.0,30
compute,-0.3,congested,dapper,remote_rejected_deadline_rate,0.9157142857142857,0.13146421015048332,0.8687824074074074,0.958941798941799,30
compute,-0.3,congested,dapper,remote_failed_loss_rate,0.0842857142857143,0.13146421015048332,0.04105820105820106,0.1312175925925926,30
compute,-0.3,congested,dapper,fallback_rate,0.007433333333333334,0.0027628487713469464,0.006500000000000001,0.008433333333333336,30
compute,-0.3,congested,dapper,reuse_rate,0.007433333333333334,0.0027628487713469464,0.006500000000000001,0.008433333333333336,30
compute,-0.3,congested,dapper,stale_acceptance_rate,0.0,0.0,0.0,0.0,30
compute,-0.3,congested,dapper,mode_switches_per_1000,21.566666666666666,7.990008127971928,18.933333333333334,24.5,30
compute,-0.3,congested,dapper,pct_local_fast,98.65666666666668,0.5110390587227464,98.47,98.82666666666665,30
compute,-0.3,congested,dapper,pct_edge_accurate,0.0,0.0,0.0,0.0,30
compute,-0.3,congested,dapper,pct_hybrid,0.6,0.35233213170882205,0.48666666666666664,0.7333333333333333,30
compute,-0.3,congested,dapper,pct_degraded_safe,0.7433333333333334,0.2762848771346947,0.6499999999999999,0.8433333333333334,30
compute,-0.3,variable,dapper,deadline_miss_rate,0.008466666666666667,0.0038032049400593647,0.0071666666666666675,0.009800000000000001,30
compute,-0.3,variable,dapper,p95_latency_ms,34.110939765290404,0.2259169725873416,34.028658166887276,34.18673434468147,30
compute,-0.3,variable,dapper,p99_latency_ms,86.65054618689547,30.450992661659043,75.85433412132814,96.96025277896415,30
compute,-0.3,variable,dapper,mean_latency_ms,22.18498003803536,0.9977198257710944,21.843639029139638,22.525051337242967,30
compute,-0.3,variable,dapper,usable_confidence_proxy,0.7255210110617163,0.0036148220498713308,0.7242432414754753,0.726744518161481,30
compute,-0.3,variable,dapper,mean_output_confidence,0.7267638912166982,0.0021070869848710404,0.726007841872166,0.7274835021819162,30
compute,-0.3,variable,dapper,bandwidth_per_1000_frames_kb,9745.833333333334,800.5139333398665,9474.125,10034.208333333332,30
compute,-0.3,variable,dapper,remote_attempt_rate,0.3898333333333333,0.032020557333594664,0.378965,0.4013683333333333,30
compute,-0.3,variable,dapper,remote_accept_rate,0.09445689345634795,0.019287803579956114,0.0877138827752892,0.10123793821954089,30
compute,-0.3,variable,dapper,remote_accepted_per_frame,0.03679999999999999,0.008243701880202556,0.03400000000000001,0.03976666666666666,30
compute,-0.3,variable,dapper,remote_rejected_deadline_rate,0.8367973437076894,0.02225872409843468,0.8287989625897778,0.8446180521999415,30
compute,-0.3,variable,dapper,remote_failed_loss_rate,0.06874576283596266,0.012336237655538963,0.06452452864512363,0.07316459885333262,30
compute,-0.3,variable,dapper,fallback_rate,0.2279,0.03884571604659147,0.21453249999999993,0.2417333333333333,30
compute,-0.3,variable,dapper,reuse_rate,0.16836666666666666,0.030484007489890136,0.15779916666666666,0.17920166666666665,30
compute,-0.3,variable,dapper,stale_acceptance_rate,0.0,0.0,0.0,0.0,30
compute,-0.3,variable,dapper,mode_switches_per_1000,389.43333333333334,15.921538942541032,383.8333333333333,394.9,30
compute,-0.3,variable,dapper,pct_local_fast,44.18,2.7808954152115875,43.2,45.136833333333335,30
compute,-0.3,variable,dapper,pct_edge_accurate,1.5666666666666664,0.5713464637233658,1.3699999999999999,1.7633333333333332,30
compute,-0.3,variable,dapper,pct_hybrid,37.41666666666666,3.0213131802799484,36.393249999999995,38.50008333333333,30
compute,-0.3,variable,dapper,pct_degraded_safe,16.836666666666666,3.048400748989014,15.779916666666667,17.920166666666667,30
compute,-0.2,stable,dapper,deadline_miss_rate,0.007000000000000001,0.002936101097573518,0.006000000000000002,0.008033333333333335,30
compute,-0.2,stable,dapper,p95_latency_ms,34.33652834727884,0.1355997581412773,34.290106121649266,34.38488874210791,30
compute,-0.2,stable,dapper,p99_latency_ms,88.5362891937072,16.23878741771226,82.86253534226923,94.0342180796981,30
compute,-0.2,stable,dapper,mean_latency_ms,26.344417751822366,0.4193421318157754,26.200458570051612,26.491392584024897,30
compute,-0.2,stable,dapper,usable_confidence_proxy,0.7910072931811083,0.003902598324026793,0.7896737201730127,0.792334525521043,30
compute,-0.2,stable,dapper,mean_output_confidence,0.7266450298369732,0.001646548886850702,0.7260807893796968,0.7272198347268131,30
compute,-0.2,stable,dapper,bandwidth_per_1000_frames_kb,21621.666666666668,335.8425671130112,21501.645833333336,21735.0,30
compute,-0.2,stable,dapper,remote_attempt_rate,0.8648666666666667,0.013433702684520463,0.8600658333333333,0.8694,30
compute,-0.2,stable,dapper,remote_accept_rate,0.5119299636219802,0.019710509684781493,0.5048710537106218,0.5185291640553195,30
compute,-0.2,stable,dapper,remote_accepted_per_frame,0.4427,0.01712862093609448,0.43670000000000003,0.44869999999999993,30
compute,-0.2,stable,dapper,remote_rejected_deadline_rate,0.47690963533308023,0.018550469460783117,0.47058399999723577,0.48349712111243753,30
compute,-0.2,stable,dapper,remote_failed_loss_rate,0.011160401044939667,0.0032782175425864904,0.010069906399418155,0.012335025962814114,30
compute,-0.2,stable,dapper,fallback_rate,0.007000000000000001,0.002936101097573518,0.006000000000000002,0.008033333333333335,30
compute,-0.2,stable,dapper,reuse_rate,0.0,0.0,0.0,0.0,30
compute,-0.2,stable,dapper,stale_acceptance_rate,0.0,0.0,0.0,0.0,30
compute,-0.2,stable,dapper,mode_switches_per_1000,254.2,24.78792809636063,245.69916666666666,263.1333333333333,30
compute,-0.2,stable,dapper,pct_local_fast,13.513333333333334,1.3433702684520452,13.06,13.993416666666668,30
compute,-0.2,stable,dapper,pct_edge_accurate,1.7499999999999998,0.4614445085627942,1.5899999999999999,1.9099999999999997,30
compute,-0.2,stable,dapper,pct_hybrid,84.73666666666666,1.3710009767177147,84.23666666666665,85.19999999999999,30
compute,-0.2,stable,dapper,pct_degraded_safe,0.0,0.0,0.0,0.0,30
compute,-0.2,congested,dapper,deadline_miss_rate,0.0,0.0,0.0,0.0,30
compute,-0.2,congested,dapper,p95_latency_ms,33.93663339562628,0.10384597263558462,33.89863800925726,33.97238476351824,30
compute,-0.2,congested,dapper,p99_latency_ms,34.76774120719711,0.0574407179719229,34.74658413465894,34.7871629365586,30
compute,-0.2,congested,dapper,mean_latency_ms,24.831886454720813,0.19570763546815947,24.76464899629824,24.902166867111045,30
compute,-0.2,congested,dapper,usable_confidence_proxy,0.724962592880273,0.001562881778886257,0.7244059800112123,0.7255382569621288,30
compute,-0.2,congested,dapper,mean_output_confidence,0.724962592880273,0.001562881778886257,0.7244059800112123,0.7255382569621288,30
compute,-0.2,congested,dapper,bandwidth_per_1000_frames_kb,149.16666666666666,87.95652661805515,120.83333333333333,182.5,30
compute,-0.2,congested,dapper,remote_attempt_rate,0.005966666666666667,0.0035182610647222054,0.004833333333333334,0.007300000000000001,30
compute,-0.2,congested,dapper,remote_accept_rate,0.0,0.0,0.0,0.0,30
compute,-0.2,congested,dapper,remote_accepted_per_frame,0.0,0.0,0.0,0.0,30
compute,-0.2,congested,dapper,remote_rejected_deadline_rate,0.9157142857142857,0.13146421015048332,0.8687824074074074,0.958941798941799,30
compute,-0.2,congested,dapper,remote_failed_loss_rate,0.0842857142857143,0.13146421015048332,0.04105820105820106,0.1312175925925926,30
compute,-0.2,congested,dapper,fallback_rate,0.007433333333333334,0.0027628487713469464,0.006500000000000001,0.008433333333333336,30
compute,-0.2,congested,dapper,reuse_rate,0.007433333333333334,0.0027628487713469464,0.006500000000000001,0.008433333333333336,30
compute,-0.2,congested,dapper,stale_acceptance_rate,0.0,0.0,0.0,0.0,30
compute,-0.2,congested,dapper,mode_switches_per_1000,21.566666666666666,7.990008127971928,18.933333333333334,24.5,30
compute,-0.2,congested,dapper,pct_local_fast,98.66000000000001,0.510307547566611,98.47333333333333,98.82999999999998,30
compute,-0.2,congested,dapper,pct_edge_accurate,0.0,0.0,0.0,0.0,30
compute,-0.2,congested,dapper,pct_hybrid,0.5966666666666666,0.35182610647222057,0.48333333333333334,0.73,30
compute,-0.2,congested,dapper,pct_degraded_safe,0.7433333333333334,0.2762848771346947,0.6499999999999999,0.8433333333333334,30
compute,-0.2,variable,dapper,deadline_miss_rate,0.0014666666666666671,0.0014558640835892124,0.001,0.0020333333333333336,30
compute,-0.2,variable,dapper,p95_latency_ms,33.83324463638197,0.20608100111787497,33.75839194655545,33.903092493286394,30
compute,-0.2,variable,dapper,p99_latency_ms,34.799625509263954,0.10772226501017804,34.75828431896936,34.83447136153222,30
compute,-0.2,variable,dapper,mean_latency_ms,21.176342755338315,0.7682236815793805,20.909747151474892,21.44436737196827,30
compute,-0.2,variable,dapper,usable_confidence_proxy,0.7304959924402986,0.002809176908246904,0.7294831707270406,0.731435068514657,30
compute,-0.2,variable,dapper,mean_output_confidence,0.7259744906388234,0.0020263546780097848,0.7252597915448685,0.7266791985656595,30
compute,-0.2,variable,dapper,bandwidth_per_1000_frames_kb,9712.5,792.9036011329846,9443.3125,9995.833333333334,30
compute,-0.2,variable,dapper,remote_attempt_rate,0.3885,0.03171614404531939,0.37773249999999997,0.3998333333333333,30
compute,-0.2,variable,dapper,remote_accept_rate,0.09476990631512984,0.019311729801201195,0.08801505096372966,0.10153202170456571,30
compute,-0.2,variable,dapper,remote_accepted_per_frame,0.03679999999999999,0.008243701880202556,0.03400000000000001,0.03976666666666666,30
compute,-0.2,variable,dapper,remote_rejected_deadline_rate,0.8364284035508831,0.021841426135008845,0.8285855067706998,0.8440832337036763,30
compute,-0.2,variable,dapper,remote_failed_loss_rate,0.06880169013398718,0.01218017670190602,0.06464482772922464,0.07319406779582795,30
compute,-0.2,variable,dapper,fallback_rate,0.2209,0.040051992072374094,0.2069666666666667,0.23513416666666667,30
compute,-0.2,variable,dapper,reuse_rate,0.16830000000000003,0.030488154850808802,0.15770000000000003,0.17916666666666664,30
compute,-0.2,variable,dapper,stale_acceptance_rate,0.0,0.0,0.0,0.0,30
compute,-0.2,variable,dapper,mode_switches_per_1000,376.43333333333334,14.038575753807875,371.56583333333333,381.33416666666665,30
compute,-0.2,variable,dapper,pct_local_fast,44.32,2.7637306121530227,43.346583333333335,45.27016666666666,30
compute,-0.2,variable,dapper,pct_edge_accurate,0.3566666666666667,0.2207875142230231,0.28,0.4333333333333334,30
compute,-0.2,variable,dapper,pct_hybrid,38.49333333333333,3.1600887518454646,37.41333333333333,39.629999999999995,30
compute,-0.2,variable,dapper,pct_degraded_safe,16.83,3.0488154850808806,15.770000000000003,17.916666666666668,30
compute,-0.1,stable,dapper,deadline_miss_rate,0.0,0.0,0.0,0.0,30
compute,-0.1,stable,dapper,p95_latency_ms,33.984265110354684,0.14612908292769589,33.9343159514038,34.036015368498674,30
compute,-0.1,stable,dapper,p99_latency_ms,34.78401367177919,0.06560311317343774,34.76065987728268,34.806824911760046,30
compute,-0.1,stable,dapper,mean_latency_ms,25.02027748999063,0.19474756789946776,24.952896569039584,25.094599531312916,30
compute,-0.1,stable,dapper,usable_confidence_proxy,0.7959976928158301,0.0030581965746421004,0.7949187491188087,0.7970282591916404,30
compute,-0.1,stable,dapper,mean_output_confidence,0.7249667322554326,0.0015304909747104968,0.7244513387101592,0.7255071023390036,30
compute,-0.1,stable,dapper,bandwidth_per_1000_frames_kb,21621.666666666668,335.8425671130112,21501.645833333336,21735.0,30
compute,-0.1,stable,dapper,remote_attempt_rate,0.8648666666666667,0.013433702684520463,0.8600658333333333,0.8694,30
compute,-0.1,stable,dapper,remote_accept_rate,0.5119299636219802,0.019710509684781493,0.5048710537106218,0.5185291640553195,30
compute,-0.1,stable,dapper,remote_accepted_per_frame,0.4427,0.01712862093609448,0.43670000000000003,0.44869999999999993,30
compute,-0.1,stable,dapper,remote_rejected_deadline_rate,0.47690963533308023,0.018550469460783117,0.47058399999723577,0.48349712111243753,30
compute,-0.1,stable,dapper,remote_failed_loss_rate,0.011160401044939667,0.0032782175425864904,0.010069906399418155,0.012335025962814114,30
compute,-0.1,stable,dapper,fallback_rate,0.0,0.0,0.0,0.0,30
compute,-0.1,stable,dapper,reuse_rate,0.0,0.0,0.0,0.0,30
compute,-0.1,stable,dapper,stale_acceptance_rate,0.0,0.0,0.0,0.0,30
compute,-0.1,stable,dapper,mode_switches_per_1000,233.3,23.550605819867112,225.26666666666668,241.90083333333334,30
compute,-0.1,stable,dapper,pct_local_fast,13.513333333333334,1.3433702684520452,13.06,13.993416666666668,30
compute,-0.1,stable,dapper,pct_edge_accurate,0.0,0.0,0.0,0.0,30
compute,-0.1,stable,dapper,pct_hybrid,86.48666666666666,1.3433702684520459,86.00658333333332,86.93999999999998,30
compute,-0.1,stable,dapper,pct_degraded_safe,0.0,0.0,0.0,0.0,30
compute,-0.1,congested,dapper,deadline_miss_rate,0.0,0.0,0.0,0.0,30
compute,-0.1,congested,dapper,p95_latency_ms,33.93663339562628,0.10384597263558462,33.89863800925726,33.97238476351824,30
compute,-0.1,congested,dapper,p99_latency_ms,34.76774120719711,0.0574407179719229,34.74658413465894,34.7871629365586,30
compute,-0.1,congested,dapper,mean_latency_ms,24.831886454720813,0.19570763546815947,24.76464899629824,24.902166867111045,30
compute,-0.1,congested,dapper,usable_confidence_proxy,0.724962592880273,0.001562881778886257,0.7244059800112123,0.7255382569621288,30
compute,-0.1,congested,dapper,mean_output_confidence,0.724962592880273,0.001562881778886257,0.7244059800112123,0.7255382569621288,30
compute,-0.1,congested,dapper,bandwidth_per_1000_frames_kb,49.166666666666664,39.108234720944715,36.666666666666664,64.16666666666667,30
compute,-0.1,congested,dapper,remote_attempt_rate,0.001966666666666667,0.0015643293888377887,0.0014666666666666671,0.002566666666666667,30
compute,-0.1,congested,dapper,remote_accept_rate,0.0,0.0,0.0,0.0,30
compute,-0.1,congested,dapper,remote_accepted_per_frame,0.0,0.0,0.0,0.0,30
compute,-0.1,congested,dapper,remote_rejected_deadline_rate,0.7822222222222223,0.35855535312082065,0.6533333333333334,0.9,30
compute,-0.1,congested,dapper,remote_failed_loss_rate,0.08444444444444445,0.17976854709216258,0.027777777777777776,0.1511111111111111,30
compute,-0.1,congested,dapper,fallback_rate,0.007433333333333334,0.0027628487713469464,0.006500000000000001,0.008433333333333336,30
compute,-0.1,congested,dapper,reuse_rate,0.007433333333333334,0.0027628487713469464,0.006500000000000001,0.008433333333333336,30
compute,-0.1,congested,dapper,stale_acceptance_rate,0.0,0.0,0.0,0.0,30
compute,-0.1,congested,dapper,mode_switches_per_1000,15.366666666666667,5.202673936732344,13.633333333333333,17.233333333333334,30
compute,-0.1,congested,dapper,pct_local_fast,99.05999999999999,0.34099246629356134,98.93666666666667,99.17333333333333,30
compute,-0.1,congested,dapper,pct_edge_accurate,0.0,0.0,0.0,0.0,30
compute,-0.1,congested,dapper,pct_hybrid,0.19666666666666668,0.15643293888377888,0.14666666666666664,0.25666666666666665,30
compute,-0.1,congested,dapper,pct_degraded_safe,0.7433333333333334,0.2762848771346947,0.6499999999999999,0.8433333333333334,30
compute,-0.1,variable,dapper,deadline_miss_rate,0.0002,0.0004842341981115022,3.3333333333333335e-05,0.0004,30
compute,-0.1,variable,dapper,p95_latency_ms,33.75610497728618,0.2088637864131203,33.68263276745723,33.830537318922886,30
compute,-0.1,variable,dapper,p99_latency_ms,34.72543501573254,0.09803180291561829,34.68738688829723,34.75729275959847,30
compute,-0.1,variable,dapper,mean_latency_ms,20.94742342489077,0.7399919164568645,20.690148023126103,21.20962560612558,30
compute,-0.1,variable,dapper,usable_confidence_proxy,0.7313859208794683,0.0025579258599481795,0.7304719049993069,0.7322326644002655,30
compute,-0.1,variable,dapper,mean_output_confidence,0.7256637639715652,0.0019554314377295398,0.7249843324629718,0.7263378271355085,30
compute,-0.1,variable,dapper,bandwidth_per_1000_frames_kb,8187.5,705.6346495323835,7944.979166666667,8430.041666666666,30
compute,-0.1,variable,dapper,remote_attempt_rate,0.3275,0.028225385981295335,0.31779916666666663,0.3372016666666667,30
compute,-0.1,variable,dapper,remote_accept_rate,0.11231154746804226,0.021994580232745524,0.10451531009395355,0.11987802675643619,30
compute,-0.1,variable,dapper,remote_accepted_per_frame,0.03679999999999999,0.008243701880202556,0.03400000000000001,0.03976666666666666,30
compute,-0.1,variable,dapper,remote_rejected_deadline_rate,0.8173756524234066,0.02479003285623344,0.8085864817545209,0.8262697003390042,30
compute,-0.1,variable,dapper,remote_failed_loss_rate,0.07031280010855108,0.014986434007653105,0.06500020283183477,0.07562344716076835,30
compute,-0.1,variable,dapper,fallback_rate,0.21963333333333335,0.04015528765227292,0.20569999999999997,0.23393333333333333,30
compute,-0.1,variable,dapper,reuse_rate,0.16830000000000003,0.030488154850808802,0.15770000000000003,0.17916666666666664,30
compute,-0.1,variable,dapper,stale_acceptance_rate,0.0,0.0,0.0,0.0,30
compute,-0.1,variable,dapper,mode_switches_per_1000,353.1,16.545340004426293,347.26666666666665,358.8,30
compute,-0.1,variable,dapper,pct_local_fast,50.419999999999995,2.7176815677058785,49.45666666666668,51.36333333333333,30
compute,-0.1,variable,dapper,pct_edge_accurate,0.06000000000000001,0.07701320979389588,0.03333333333333333,0.0866666666666667,30
compute,-0.1,variable,dapper,pct_hybrid,32.690000000000005,2.8195560912533972,31.716666666666676,33.660000000000004,30
compute,-0.1,variable,dapper,pct_degraded_safe,16.83,3.0488154850808806,15.770000000000003,17.916666666666668,30
compute,0.0,stable,dapper,deadline_miss_rate,0.0,0.0,0.0,0.0,30
compute,0.0,stable,dapper,p95_latency_ms,33.984265110354684,0.14612908292769589,33.9343159514038,34.036015368498674,30
compute,0.0,stable,dapper,p99_latency_ms,34.78401367177919,0.06560311317343774,34.76065987728268,34.806824911760046,30
compute,0.0,stable,dapper,mean_latency_ms,25.02027748999063,0.19474756789946776,24.952896569039584,25.094599531312916,30
compute,0.0,stable,dapper,usable_confidence_proxy,0.7959976928158301,0.0030581965746421004,0.7949187491188087,0.7970282591916404,30
compute,0.0,stable,dapper,mean_output_confidence,0.7249667322554326,0.0015304909747104968,0.7244513387101592,0.7255071023390036,30
compute,0.0,stable,dapper,bandwidth_per_1000_frames_kb,21621.666666666668,335.8425671130112,21501.645833333336,21735.0,30
compute,0.0,stable,dapper,remote_attempt_rate,0.8648666666666667,0.013433702684520463,0.8600658333333333,0.8694,30
compute,0.0,stable,dapper,remote_accept_rate,0.5119299636219802,0.019710509684781493,0.5048710537106218,0.5185291640553195,30
compute,0.0,stable,dapper,remote_accepted_per_frame,0.4427,0.01712862093609448,0.43670000000000003,0.44869999999999993,30
compute,0.0,stable,dapper,remote_rejected_deadline_rate,0.47690963533308023,0.018550469460783117,0.47058399999723577,0.48349712111243753,30
compute,0.0,stable,dapper,remote_failed_loss_rate,0.011160401044939667,0.0032782175425864904,0.010069906399418155,0.012335025962814114,30
compute,0.0,stable,dapper,fallback_rate,0.0,0.0,0.0,0.0,30
compute,0.0,stable,dapper,reuse_rate,0.0,0.0,0.0,0.0,30
compute,0.0,stable,dapper,stale_acceptance_rate,0.0,0.0,0.0,0.0,30
compute,0.0,stable,dapper,mode_switches_per_1000,233.3,23.550605819867112,225.26666666666668,241.90083333333334,30
compute,0.0,stable,dapper,pct_local_fast,13.513333333333334,1.3433702684520452,13.06,13.993416666666668,30
compute,0.0,stable,dapper,pct_edge_accurate,0.0,0.0,0.0,0.0,30
compute,0.0,stable,dapper,pct_hybrid,86.48666666666666,1.3433702684520459,86.00658333333332,86.93999999999998,30
compute,0.0,stable,dapper,pct_degraded_safe,0.0,0.0,0.0,0.0,30
compute,0.0,congested,dapper,deadline_miss_rate,0.0,0.0,0.0,0.0,30
compute,0.0,congested,dapper,p95_latency_ms,33.93663339562628,0.10384597263558462,33.89863800925726,33.97238476351824,30
compute,0.0,congested,dapper,p99_latency_ms,34.76774120719711,0.0574407179719229,34.74658413465894,34.7871629365586,30
compute,0.0,congested,dapper,mean_latency_ms,24.831886454720813,0.19570763546815947,24.76464899629824,24.902166867111045,30
compute,0.0,congested,dapper,usable_confidence_proxy,0.724962592880273,0.001562881778886257,0.7244059800112123,0.7255382569621288,30
compute,0.0,congested,dapper,mean_output_confidence,0.724962592880273,0.001562881778886257,0.7244059800112123,0.7255382569621288,30
compute,0.0,congested,dapper,bandwidth_per_1000_frames_kb,2.5,7.628214415734117,0.0,5.833333333333333,30
compute,0.0,congested,dapper,remote_attempt_rate,0.0001,0.00030512857662936464,0.0,0.00023333333333333333,30
compute,0.0,congested,dapper,remote_accept_rate,0.0,0.0,0.0,0.0,30
compute,0.0,congested,dapper,remote_accepted_per_frame,0.0,0.0,0.0,0.0,30
compute,0.0,congested,dapper,remote_rejected_deadline_rate,0.1,0.30512857662936466,0.0,0.23333333333333334,30
compute,0.0,congested,dapper,remote_failed_loss_rate,0.0,0.0,0.0,0.0,30
compute,0.0,congested,dapper,fallback_rate,0.007433333333333334,0.0027628487713469464,0.006500000000000001,0.008433333333333336,30
compute,0.0,congested,dapper,reuse_rate,0.007433333333333334,0.0027628487713469464,0.006500000000000001,0.008433333333333336,30
compute,0.0,congested,dapper,stale_acceptance_rate,0.0,0.0,0.0,0.0,30
compute,0.0,congested,dapper,mode_switches_per_1000,12.133333333333333,4.032055463949847,10.733333333333333,13.533333333333333,30
compute,0.0,congested,dapper,pct_local_fast,99.24666666666667,0.28494806947731727,99.14333333333335,99.34333333333335,30
compute,0.0,congested,dapper,pct_edge_accurate,0.0,0.0,0.0,0.0,30
compute,0.0,congested,dapper,pct_hybrid,0.010000000000000002,0.030512857662936467,0.0,0.02333333333333333,30
compute,0.0,congested,dapper,pct_degraded_safe,0.7433333333333334,0.2762848771346947,0.6499999999999999,0.8433333333333334,30
compute,0.0,variable,dapper,deadline_miss_rate,0.0,0.0,0.0,0.0,30
compute,0.0,variable,dapper,p95_latency_ms,33.74407704498113,0.2126750836043015,33.67003978984998,33.81916560257354,30
compute,0.0,variable,dapper,p99_latency_ms,34.714468841675405,0.09257023559024172,34.679345892530314,34.74441433608218,30
compute,0.0,variable,dapper,mean_latency_ms,20.905161109397675,0.7368320428921273,20.650185695044428,21.16334665084393,30
compute,0.0,variable,dapper,usable_confidence_proxy,0.731537829380306,0.002505299049290559,0.7306391558488198,0.7323760019224644,30
compute,0.0,variable,dapper,mean_output_confidence,0.7256041346457223,0.001953260708744225,0.7249268098645119,0.7262791294460033,30
compute,0.0,variable,dapper,bandwidth_per_1000_frames_kb,5777.5,618.9308774285564,5560.791666666666,5989.229166666666,30
compute,0.0,variable,dapper,remote_attempt_rate,0.2311,0.02475723509714226,0.22243166666666667,0.23956916666666667,30
compute,0.0,variable,dapper,remote_accept_rate,0.1593225904647559,0.030227815733317422,0.14854986769116424,0.16977120142322374,30
compute,0.0,variable,dapper,remote_accepted_per_frame,0.03679999999999999,0.008243701880202556,0.03400000000000001,0.03976666666666666,30
compute,0.0,variable,dapper,remote_rejected_deadline_rate,0.7687412516943987,0.03144991902511748,0.7573523738018126,0.7796160282186023,30
compute,0.0,variable,dapper,remote_failed_loss_rate,0.07193615784084549,0.016135950496985536,0.06638961513178773,0.07778178250251701,30
compute,0.0,variable,dapper,fallback_rate,0.21943333333333334,0.040132266950356946,0.20549999999999996,0.23376666666666665,30
compute,0.0,variable,dapper,reuse_rate,0.16830000000000003,0.030488154850808802,0.15770000000000003,0.17916666666666664,30
compute,0.0,variable,dapper,stale_acceptance_rate,0.0,0.0,0.0,0.0,30
compute,0.0,variable,dapper,mode_switches_per_1000,315.43333333333334,16.716053265696694,309.5991666666667,321.56666666666666,30
compute,0.0,variable,dapper,pct_local_fast,60.05999999999999,2.943326759602662,59.00658333333334,61.09666666666667,30
compute,0.0,variable,dapper,pct_edge_accurate,0.0,0.0,0.0,0.0,30
compute,0.0,variable,dapper,pct_hybrid,23.11,2.475723509714226,22.243166666666664,23.956916666666668,30
compute,0.0,variable,dapper,pct_degraded_safe,16.83,3.0488154850808806,15.770000000000003,17.916666666666668,30
compute,0.1,stable,dapper,deadline_miss_rate,0.0,0.0,0.0,0.0,30
compute,0.1,stable,dapper,p95_latency_ms,33.984265110354684,0.14612908292769589,33.9343159514038,34.036015368498674,30
compute,0.1,stable,dapper,p99_latency_ms,34.78401367177919,0.06560311317343774,34.76065987728268,34.806824911760046,30
compute,0.1,stable,dapper,mean_latency_ms,25.02027748999063,0.19474756789946776,24.952896569039584,25.094599531312916,30
compute,0.1,stable,dapper,usable_confidence_proxy,0.7959976928158301,0.0030581965746421004,0.7949187491188087,0.7970282591916404,30
compute,0.1,stable,dapper,mean_output_confidence,0.7249667322554326,0.0015304909747104968,0.7244513387101592,0.7255071023390036,30
compute,0.1,stable,dapper,bandwidth_per_1000_frames_kb,21621.666666666668,335.8425671130112,21501.645833333336,21735.0,30
compute,0.1,stable,dapper,remote_attempt_rate,0.8648666666666667,0.013433702684520463,0.8600658333333333,0.8694,30
compute,0.1,stable,dapper,remote_accept_rate,0.5119299636219802,0.019710509684781493,0.5048710537106218,0.5185291640553195,30
compute,0.1,stable,dapper,remote_accepted_per_frame,0.4427,0.01712862093609448,0.43670000000000003,0.44869999999999993,30
compute,0.1,stable,dapper,remote_rejected_deadline_rate,0.47690963533308023,0.018550469460783117,0.47058399999723577,0.48349712111243753,30
compute,0.1,stable,dapper,remote_failed_loss_rate,0.011160401044939667,0.0032782175425864904,0.010069906399418155,0.012335025962814114,30
compute,0.1,stable,dapper,fallback_rate,0.0,0.0,0.0,0.0,30
compute,0.1,stable,dapper,reuse_rate,0.0,0.0,0.0,0.0,30
compute,0.1,stable,dapper,stale_acceptance_rate,0.0,0.0,0.0,0.0,30
compute,0.1,stable,dapper,mode_switches_per_1000,233.3,23.550605819867112,225.26666666666668,241.90083333333334,30
compute,0.1,stable,dapper,pct_local_fast,13.513333333333334,1.3433702684520452,13.06,13.993416666666668,30
compute,0.1,stable,dapper,pct_edge_accurate,0.0,0.0,0.0,0.0,30
compute,0.1,stable,dapper,pct_hybrid,86.48666666666666,1.3433702684520459,86.00658333333332,86.93999999999998,30
compute,0.1,stable,dapper,pct_degraded_safe,0.0,0.0,0.0,0.0,30
compute,0.1,congested,dapper,deadline_miss_rate,0.0,0.0,0.0,0.0,30
compute,0.1,congested,dapper,p95_latency_ms,33.93663339562628,0.10384597263558462,33.89863800925726,33.97238476351824,30
compute,0.1,congested,dapper,p99_latency_ms,34.76774120719711,0.0574407179719229,34.74658413465894,34.7871629365586,30
compute,0.1,congested,dapper,mean_latency_ms,24.831886454720813,0.19570763546815947,24.76464899629824,24.902166867111045,30
compute,0.1,congested,dapper,usable_confidence_proxy,0.724962592880273,0.001562881778886257,0.7244059800112123,0.7255382569621288,30
compute,0.1,congested,dapper,mean_output_confidence,0.724962592880273,0.001562881778886257,0.7244059800112123,0.7255382569621288,30
compute,0.1,congested,dapper,bandwidth_per_1000_frames_kb,0.0,0.0,0.0,0.0,30
compute,0.1,congested,dapper,remote_attempt_rate,0.0,0.0,0.0,0.0,30
compute,0.1,congested,dapper,remote_accept_rate,0.0,0.0,0.0,0.0,30
compute,0.1,congested,dapper,remote_accepted_per_frame,0.0,0.0,0.0,0.0,30
compute,0.1,congested,dapper,remote_rejected_deadline_rate,0.0,0.0,0.0,0.0,30
compute,0.1,congested,dapper,remote_failed_loss_rate,0.0,0.0,0.0,0.0,30
compute,0.1,congested,dapper,fallback_rate,0.007433333333333334,0.0027628487713469464,0.006500000000000001,0.008433333333333336,30
compute,0.1,congested,dapper,reuse_rate,0.007433333333333334,0.0027628487713469464,0.006500000000000001,0.008433333333333336,30
compute,0.1,congested,dapper,stale_acceptance_rate,0.0,0.0,0.0,0.0,30
compute,0.1,congested,dapper,mode_switches_per_1000,11.933333333333334,3.8768395707678267,10.6,13.266666666666667,30
compute,0.1,congested,dapper,pct_local_fast,99.25666666666667,0.27628487713469374,99.15666666666668,99.35000000000004,30
compute,0.1,congested,dapper,pct_edge_accurate,0.0,0.0,0.0,0.0,30
compute,0.1,congested,dapper,pct_hybrid,0.0,0.0,0.0,0.0,30
compute,0.1,congested,dapper,pct_degraded_safe,0.7433333333333334,0.2762848771346947,0.6499999999999999,0.8433333333333334,30
compute,0.1,variable,dapper,deadline_miss_rate,0.0,0.0,0.0,0.0,30
compute,0.1,variable,dapper,p95_latency_ms,33.74407704498113,0.2126750836043015,33.67003978984998,33.81916560257354,30
compute,0.1,variable,dapper,p99_latency_ms,34.714468841675405,0.09257023559024172,34.679345892530314,34.74441433608218,30
compute,0.1,variable,dapper,mean_latency_ms,20.905161109397675,0.7368320428921273,20.650185695044428,21.16334665084393,30
compute,0.1,variable,dapper,usable_confidence_proxy,0.7308719772476973,0.0024287370929658883,0.7299920741775942,0.7316853191471131,30
compute,0.1,variable,dapper,mean_output_confidence,0.7255839984056377,0.0019291192928252141,0.7249185630986251,0.7262522344217339,30
compute,0.1,variable,dapper,bandwidth_per_1000_frames_kb,3559.1666666666665,482.1147440566215,3398.3125,3731.6666666666665,30
compute,0.1,variable,dapper,remote_attempt_rate,0.14236666666666667,0.019284589762264857,0.1359325,0.1492666666666667,30
compute,0.1,variable,dapper,remote_accept_rate,0.22995040617616394,0.04120449206721662,0.2154889021610784,0.24447409925766725,30
compute,0.1,variable,dapper,remote_accepted_per_frame,0.03273333333333334,0.007478398009039716,0.030200000000000005,0.03543333333333333,30
compute,0.1,variable,dapper,remote_rejected_deadline_rate,0.6959065906953528,0.04130493403175514,0.6812444630161467,0.7100841802391306,30
compute,0.1,variable,dapper,remote_failed_loss_rate,0.07414300312848326,0.020836320469438414,0.06738635158518762,0.0818709650992666,30
compute,0.1,variable,dapper,fallback_rate,0.21943333333333334,0.040132266950356946,0.20549999999999996,0.23376666666666665,30
compute,0.1,variable,dapper,reuse_rate,0.16830000000000003,0.030488154850808802,0.15770000000000003,0.17916666666666664,30
compute,0.1,variable,dapper,stale_acceptance_rate,0.0,0.0,0.0,0.0,30
compute,0.1,variable,dapper,mode_switches_per_1000,265.1666666666667,22.156315100904635,257.2658333333333,272.9,30
compute,0.1,variable,dapper,pct_local_fast,68.93333333333334,3.1451476949403343,67.83991666666665,70.04333333333334,30
compute,0.1,variable,dapper,pct_edge_accurate,0.0,0.0,0.0,0.0,30
compute,0.1,variable,dapper,pct_hybrid,14.236666666666668,1.9284589762264857,13.593250000000001,14.926666666666668,30
compute,0.1,variable,dapper,pct_degraded_safe,16.83,3.0488154850808806,15.770000000000003,17.916666666666668,30
compute,0.2,stable,dapper,deadline_miss_rate,0.0,0.0,0.0,0.0,30
compute,0.2,stable,dapper,p95_latency_ms,33.984265110354684,0.14612908292769589,33.9343159514038,34.036015368498674,30
compute,0.2,stable,dapper,p99_latency_ms,34.78401367177919,0.06560311317343774,34.76065987728268,34.806824911760046,30
compute,0.2,stable,dapper,mean_latency_ms,25.02027748999063,0.19474756789946776,24.952896569039584,25.094599531312916,30
compute,0.2,stable,dapper,usable_confidence_proxy,0.7959976928158301,0.0030581965746421004,0.7949187491188087,0.7970282591916404,30
compute,0.2,stable,dapper,mean_output_confidence,0.7249667322554326,0.0015304909747104968,0.7244513387101592,0.7255071023390036,30
compute,0.2,stable,dapper,bandwidth_per_1000_frames_kb,21621.666666666668,335.8425671130112,21501.645833333336,21735.0,30
compute,0.2,stable,dapper,remote_attempt_rate,0.8648666666666667,0.013433702684520463,0.8600658333333333,0.8694,30
compute,0.2,stable,dapper,remote_accept_rate,0.5119299636219802,0.019710509684781493,0.5048710537106218,0.5185291640553195,30
compute,0.2,stable,dapper,remote_accepted_per_frame,0.4427,0.01712862093609448,0.43670000000000003,0.44869999999999993,30
compute,0.2,stable,dapper,remote_rejected_deadline_rate,0.47690963533308023,0.018550469460783117,0.47058399999723577,0.48349712111243753,30
compute,0.2,stable,dapper,remote_failed_loss_rate,0.011160401044939667,0.0032782175425864904,0.010069906399418155,0.012335025962814114,30
compute,0.2,stable,dapper,fallback_rate,0.0,0.0,0.0,0.0,30
compute,0.2,stable,dapper,reuse_rate,0.0,0.0,0.0,0.0,30
compute,0.2,stable,dapper,stale_acceptance_rate,0.0,0.0,0.0,0.0,30
compute,0.2,stable,dapper,mode_switches_per_1000,233.3,23.550605819867112,225.26666666666668,241.90083333333334,30
compute,0.2,stable,dapper,pct_local_fast,13.513333333333334,1.3433702684520452,13.06,13.993416666666668,30
compute,0.2,stable,dapper,pct_edge_accurate,0.0,0.0,0.0,0.0,30
compute,0.2,stable,dapper,pct_hybrid,86.48666666666666,1.3433702684520459,86.00658333333332,86.93999999999998,30
compute,0.2,stable,dapper,pct_degraded_safe,0.0,0.0,0.0,0.0,30
compute,0.2,congested,dapper,deadline_miss_rate,0.0,0.0,0.0,0.0,30
compute,0.2,congested,dapper,p95_latency_ms,33.93663339562628,0.10384597263558462,33.89863800925726,33.97238476351824,30
compute,0.2,congested,dapper,p99_latency_ms,34.76774120719711,0.0574407179719229,34.74658413465894,34.7871629365586,30
compute,0.2,congested,dapper,mean_latency_ms,24.831886454720813,0.19570763546815947,24.76464899629824,24.902166867111045,30
compute,0.2,congested,dapper,usable_confidence_proxy,0.724962592880273,0.001562881778886257,0.7244059800112123,0.7255382569621288,30
compute,0.2,congested,dapper,mean_output_confidence,0.724962592880273,0.001562881778886257,0.7244059800112123,0.7255382569621288,30
compute,0.2,congested,dapper,bandwidth_per_1000_frames_kb,0.0,0.0,0.0,0.0,30
compute,0.2,congested,dapper,remote_attempt_rate,0.0,0.0,0.0,0.0,30
compute,0.2,congested,dapper,remote_accept_rate,0.0,0.0,0.0,0.0,30
compute,0.2,congested,dapper,remote_accepted_per_frame,0.0,0.0,0.0,0.0,30
compute,0.2,congested,dapper,remote_rejected_deadline_rate,0.0,0.0,0.0,0.0,30
compute,0.2,congested,dapper,remote_failed_loss_rate,0.0,0.0,0.0,0.0,30
compute,0.2,congested,dapper,fallback_rate,0.007433333333333334,0.0027628487713469464,0.006500000000000001,0.008433333333333336,30
compute,0.2,congested,dapper,reuse_rate,0.007433333333333334,0.0027628487713469464,0.006500000000000001,0.008433333333333336,30
compute,0.2,congested,dapper,stale_acceptance_rate,0.0,0.0,0.0,0.0,30
compute,0.2,congested,dapper,mode_switches_per_1000,11.933333333333334,3.8768395707678267,10.6,13.266666666666667,30
compute,0.2,congested,dapper,pct_local_fast,99.25666666666667,0.27628487713469374,99.15666666666668,99.35000000000004,30
compute,0.2,congested,dapper,pct_edge_accurate,0.0,0.0,0.0,0.0,30
compute,0.2,congested,dapper,pct_hybrid,0.0,0.0,0.0,0.0,30
compute,0.2,congested,dapper,pct_degraded_safe,0.7433333333333334,0.2762848771346947,0.6499999999999999,0.8433333333333334,30
compute,0.2,variable,dapper,deadline_miss_rate,0.0,0.0,0.0,0.0,30
compute,0.2,variable,dapper,p95_latency_ms,33.74407704498113,0.2126750836043015,33.67003978984998,33.81916560257354,30
compute,0.2,variable,dapper,p99_latency_ms,34.714468841675405,0.09257023559024172,34.679345892530314,34.74441433608218,30
compute,0.2,variable,dapper,mean_latency_ms,20.905161109397675,0.7368320428921273,20.650185695044428,21.16334665084393,30
compute,0.2,variable,dapper,usable_confidence_proxy,0.7293874820312534,0.0022840647568098554,0.7285731958894669,0.7301582866783685,30
compute,0.2,variable,dapper,mean_output_confidence,0.7255699802059046,0.0019218159076011625,0.7249094590233678,0.7262374161164751,30
compute,0.2,variable,dapper,bandwidth_per_1000_frames_kb,1915.0,374.48815643534687,1785.0,2050.0,30
compute,0.2,variable,dapper,remote_attempt_rate,0.0766,0.014979526257413875,0.07139999999999999,0.082,30
compute,0.2,variable,dapper,remote_accept_rate,0.3089045558236601,0.04826890904977376,0.2914218471843569,0.32531398355380664,30
compute,0.2,variable,dapper,remote_accepted_per_frame,0.023700000000000006,0.006137223903474543,0.021633333333333338,0.02590083333333333,30
compute,0.2,variable,dapper,remote_rejected_deadline_rate,0.615997213961194,0.057740067048783,0.595592519190338,0.6360886659226707,30
compute,0.2,variable,dapper,remote_failed_loss_rate,0.0750982302151457,0.02941052029010299,0.06525787375663769,0.08566377918930008,30
compute,0.2,variable,dapper,fallback_rate,0.21943333333333334,0.040132266950356946,0.20549999999999996,0.23376666666666665,30
compute,0.2,variable,dapper,reuse_rate,0.16830000000000003,0.030488154850808802,0.15770000000000003,0.17916666666666664,30
compute,0.2,variable,dapper,stale_acceptance_rate,0.0,0.0,0.0,0.0,30
compute,0.2,variable,dapper,mode_switches_per_1000,209.8,22.80411336156038,201.7325,217.63333333333333,30
compute,0.2,variable,dapper,pct_local_fast,75.51,2.987716230812772,74.47666666666667,76.58999999999999,30
compute,0.2,variable,dapper,pct_edge_accurate,0.0,0.0,0.0,0.0,30
compute,0.2,variable,dapper,pct_hybrid,7.659999999999999,1.4979526257413875,7.14,8.200000000000001,30
compute,0.2,variable,dapper,pct_degraded_safe,16.83,3.0488154850808806,15.770000000000003,17.916666666666668,30
compute,0.3,stable,dapper,deadline_miss_rate,0.0,0.0,0.0,0.0,30
compute,0.3,stable,dapper,p95_latency_ms,33.984265110354684,0.14612908292769589,33.9343159514038,34.036015368498674,30
compute,0.3,stable,dapper,p99_latency_ms,34.78401367177919,0.06560311317343774,34.76065987728268,34.806824911760046,30
compute,0.3,stable,dapper,mean_latency_ms,25.02027748999063,0.19474756789946776,24.952896569039584,25.094599531312916,30
compute,0.3,stable,dapper,usable_confidence_proxy,0.7959976928158301,0.0030581965746421004,0.7949187491188087,0.7970282591916404,30
compute,0.3,stable,dapper,mean_output_confidence,0.7249667322554326,0.0015304909747104968,0.7244513387101592,0.7255071023390036,30
compute,0.3,stable,dapper,bandwidth_per_1000_frames_kb,21621.666666666668,335.8425671130112,21501.645833333336,21735.0,30
compute,0.3,stable,dapper,remote_attempt_rate,0.8648666666666667,0.013433702684520463,0.8600658333333333,0.8694,30
compute,0.3,stable,dapper,remote_accept_rate,0.5119299636219802,0.019710509684781493,0.5048710537106218,0.5185291640553195,30
compute,0.3,stable,dapper,remote_accepted_per_frame,0.4427,0.01712862093609448,0.43670000000000003,0.44869999999999993,30
compute,0.3,stable,dapper,remote_rejected_deadline_rate,0.47690963533308023,0.018550469460783117,0.47058399999723577,0.48349712111243753,30
compute,0.3,stable,dapper,remote_failed_loss_rate,0.011160401044939667,0.0032782175425864904,0.010069906399418155,0.012335025962814114,30
compute,0.3,stable,dapper,fallback_rate,0.0,0.0,0.0,0.0,30
compute,0.3,stable,dapper,reuse_rate,0.0,0.0,0.0,0.0,30
compute,0.3,stable,dapper,stale_acceptance_rate,0.0,0.0,0.0,0.0,30
compute,0.3,stable,dapper,mode_switches_per_1000,233.3,23.550605819867112,225.26666666666668,241.90083333333334,30
compute,0.3,stable,dapper,pct_local_fast,13.513333333333334,1.3433702684520452,13.06,13.993416666666668,30
compute,0.3,stable,dapper,pct_edge_accurate,0.0,0.0,0.0,0.0,30
compute,0.3,stable,dapper,pct_hybrid,86.48666666666666,1.3433702684520459,86.00658333333332,86.93999999999998,30
compute,0.3,stable,dapper,pct_degraded_safe,0.0,0.0,0.0,0.0,30
compute,0.3,congested,dapper,deadline_miss_rate,0.0,0.0,0.0,0.0,30
compute,0.3,congested,dapper,p95_latency_ms,33.93663339562628,0.10384597263558462,33.89863800925726,33.97238476351824,30
compute,0.3,congested,dapper,p99_latency_ms,34.76774120719711,0.0574407179719229,34.74658413465894,34.7871629365586,30
compute,0.3,congested,dapper,mean_latency_ms,24.831886454720813,0.19570763546815947,24.76464899629824,24.902166867111045,30
compute,0.3,congested,dapper,usable_confidence_proxy,0.724962592880273,0.001562881778886257,0.7244059800112123,0.7255382569621288,30
compute,0.3,congested,dapper,mean_output_confidence,0.724962592880273,0.001562881778886257,0.7244059800112123,0.7255382569621288,30
compute,0.3,congested,dapper,bandwidth_per_1000_frames_kb,0.0,0.0,0.0,0.0,30
compute,0.3,congested,dapper,remote_attempt_rate,0.0,0.0,0.0,0.0,30
compute,0.3,congested,dapper,remote_accept_rate,0.0,0.0,0.0,0.0,30
compute,0.3,congested,dapper,remote_accepted_per_frame,0.0,0.0,0.0,0.0,30
compute,0.3,congested,dapper,remote_rejected_deadline_rate,0.0,0.0,0.0,0.0,30
compute,0.3,congested,dapper,remote_failed_loss_rate,0.0,0.0,0.0,0.0,30
compute,0.3,congested,dapper,fallback_rate,0.007433333333333334,0.0027628487713469464,0.006500000000000001,0.008433333333333336,30
compute,0.3,congested,dapper,reuse_rate,0.007433333333333334,0.0027628487713469464,0.006500000000000001,0.008433333333333336,30
compute,0.3,congested,dapper,stale_acceptance_rate,0.0,0.0,0.0,0.0,30
compute,0.3,congested,dapper,mode_switches_per_1000,11.933333333333334,3.8768395707678267,10.6,13.266666666666667,30
compute,0.3,congested,dapper,pct_local_fast,99.25666666666667,0.27628487713469374,99.15666666666668,99.35000000000004,30
compute,0.3,congested,dapper,pct_edge_accurate,0.0,0.0,0.0,0.0,30
compute,0.3,congested,dapper,pct_hybrid,0.0,0.0,0.0,0.0,30
compute,0.3,congested,dapper,pct_degraded_safe,0.7433333333333334,0.2762848771346947,0.6499999999999999,0.8433333333333334,30
compute,0.3,variable,dapper,deadline_miss_rate,0.0,0.0,0.0,0.0,30
compute,0.3,variable,dapper,p95_latency_ms,33.74407704498113,0.2126750836043015,33.67003978984998,33.81916560257354,30
compute,0.3,variable,dapper,p99_latency_ms,34.714468841675405,0.09257023559024172,34.679345892530314,34.74441433608218,30
compute,0.3,variable,dapper,mean_latency_ms,20.905161109397675,0.7368320428921273,20.650185695044428,21.16334665084393,30
compute,0.3,variable,dapper,usable_confidence_proxy,0.7277987113261541,0.0021982057011692233,0.7270194303999155,0.7285353631627832,30
compute,0.3,variable,dapper,mean_output_confidence,0.7255306517476059,0.0019156609269235184,0.7248661951715275,0.7261983075377699,30
compute,0.3,variable,dapper,bandwidth_per_1000_frames_kb,932.5,239.53529003554735,849.1666666666666,1016.6666666666666,30
compute,0.3,variable,dapper,remote_attempt_rate,0.0373,0.009581411601421893,0.03396666666666667,0.040666666666666657,30
compute,0.3,variable,dapper,remote_accept_rate,0.3814944938024184,0.08776224162315524,0.3507752818231275,0.41237760385504346,30
compute,0.3,variable,dapper,remote_accepted_per_frame,0.014166666666666668,0.0049694468805743935,0.012533333333333336,0.01596666666666667,30
compute,0.3,variable,dapper,remote_rejected_deadline_rate,0.5392266028981777,0.09683125081510904,0.5040367612980571,0.5729774874287323,30
compute,0.3,variable,dapper,remote_failed_loss_rate,0.07927890329940385,0.047315879202612265,0.06335844026381264,0.09731316139699443,30
compute,0.3,variable,dapper,fallback_rate,0.21943333333333334,0.040132266950356946,0.20549999999999996,0.23376666666666665,30
compute,0.3,variable,dapper,reuse_rate,0.16830000000000003,0.030488154850808802,0.15770000000000003,0.17916666666666664,30
compute,0.3,variable,dapper,stale_acceptance_rate,0.0,0.0,0.0,0.0,30
compute,0.3,variable,dapper,mode_switches_per_1000,168.23333333333332,22.5704771057594,160.03333333333333,175.96666666666667,30
compute,0.3,variable,dapper,pct_local_fast,79.44,2.8647200019644448,78.44,80.45000000000002,30
compute,0.3,variable,dapper,pct_edge_accurate,0.0,0.0,0.0,0.0,30
compute,0.3,variable,dapper,pct_hybrid,3.73,0.9581411601421894,3.396666666666667,4.066666666666666,30
compute,0.3,variable,dapper,pct_degraded_safe,16.83,3.0488154850808806,15.770000000000003,17.916666666666668,30
both,-0.3,stable,dapper,deadline_miss_rate,0.42216666666666663,0.019499042122067458,0.4156,0.4290333333333333,30
both,-0.3,stable,dapper,p95_latency_ms,132.56141384188768,0.3767345789064439,132.4303072061694,132.69510795604262,30
both,-0.3,stable,dapper,p99_latency_ms,134.49517118633926,0.16990765681891623,134.43321849236492,134.55416005083887,30
both,-0.3,stable,dapper,mean_latency_ms,94.74336286166367,1.479955860511371,94.22903323751056,95.25731824476554,30
both,-0.3,stable,dapper,usable_confidence_proxy,0.4942218664091679,0.016658329444483158,0.48839596036749083,0.4998706253176867,30
both,-0.3,stable,dapper,mean_output_confidence,0.7959976928158301,0.0030581965746421004,0.7949187491188087,0.7970282591916404,30
both,-0.3,stable,dapper,bandwidth_per_1000_frames_kb,21621.666666666668,335.8425671130112,21501.645833333336,21735.0,30
both,-0.3,stable,dapper,remote_attempt_rate,0.8648666666666667,0.013433702684520463,0.8600658333333333,0.8694,30
both,-0.3,stable,dapper,remote_accept_rate,0.5119299636219802,0.019710509684781493,0.5048710537106218,0.5185291640553195,30
both,-0.3,stable,dapper,remote_accepted_per_frame,0.4427,0.01712862093609448,0.43670000000000003,0.44869999999999993,30
both,-0.3,stable,dapper,remote_rejected_deadline_rate,0.47690963533308023,0.018550469460783117,0.47058399999723577,0.48349712111243753,30
both,-0.3,stable,dapper,remote_failed_loss_rate,0.011160401044939667,0.0032782175425864904,0.010069906399418155,0.012335025962814114,30
both,-0.3,stable,dapper,fallback_rate,0.42216666666666663,0.019499042122067458,0.4156,0.4290333333333333,30
both,-0.3,stable,dapper,reuse_rate,0.0,0.0,0.0,0.0,30
both,-0.3,stable,dapper,stale_acceptance_rate,0.0,0.0,0.0,0.0,30
both,-0.3,stable,dapper,mode_switches_per_1000,233.3,23.550605819867112,225.26666666666668,241.90083333333334,30
both,-0.3,stable,dapper,pct_local_fast,13.513333333333334,1.3433702684520452,13.06,13.993416666666668,30
both,-0.3,stable,dapper,pct_edge_accurate,86.48666666666666,1.3433702684520459,86.00658333333332,86.93999999999998,30
both,-0.3,stable,dapper,pct_hybrid,0.0,0.0,0.0,0.0,30
both,-0.3,stable,dapper,pct_degraded_safe,0.0,0.0,0.0,0.0,30
both,-0.3,congested,dapper,deadline_miss_rate,0.0,0.0,0.0,0.0,30
both,-0.3,congested,dapper,p95_latency_ms,33.94268972592376,0.09803104261482531,33.906854831430806,33.97630119170664,30
both,-0.3,congested,dapper,p99_latency_ms,34.769178949662624,0.05524239382592479,34.748642896298946,34.7879694671568,30
both,-0.3,congested,dapper,mean_latency_ms,25.012597088142645,0.18113657767527264,24.949225112390963,25.077791277753096,30
both,-0.3,congested,dapper,usable_confidence_proxy,0.7249282051819181,0.0016092933478095927,0.7243536843822596,0.725520489679899,30
both,-0.3,congested,dapper,mean_output_confidence,0.7249282051819181,0.0016092933478095927,0.7243536843822596,0.725520489679899,30
both,-0.3,congested,dapper,bandwidth_per_1000_frames_kb,10479.166666666666,686.793001155939,10224.958333333334,10713.354166666666,30
both,-0.3,congested,dapper,remote_attempt_rate,0.4191666666666666,0.027471720046237564,0.40899833333333324,0.42853416666666666,30
both,-0.3,congested,dapper,remote_accept_rate,0.0,0.0,0.0,0.0,30
both,-0.3,congested,dapper,remote_accepted_per_frame,0.0,0.0,0.0,0.0,30
both,-0.3,congested,dapper,remote_rejected_deadline_rate,0.9535082388029441,0.011635039269181153,0.9493895344593141,0.9577603193649719,30
both,-0.3,congested,dapper,remote_failed_loss_rate,0.046491761197055816,0.011635039269181153,0.04223968063502808,0.050610465540685705,30
both,-0.3,congested,dapper,fallback_rate,0.0,0.0,0.0,0.0,30
both,-0.3,congested,dapper,reuse_rate,0.0,0.0,0.0,0.0,30
both,-0.3,congested,dapper,stale_acceptance_rate,0.0,0.0,0.0,0.0,30
both,-0.3,congested,dapper,mode_switches_per_1000,309.4,19.91983935678197,302.3666666666667,316.4,30
both,-0.3,congested,dapper,pct_local_fast,58.08333333333333,2.747172004623754,57.146583333333325,59.10016666666668,30
both,-0.3,congested,dapper,pct_edge_accurate,0.0,0.0,0.0,0.0,30
both,-0.3,congested,dapper,pct_hybrid,41.91666666666667,2.747172004623756,40.89983333333332,42.853416666666675,30
both,-0.3,congested,dapper,pct_degraded_safe,0.0,0.0,0.0,0.0,30
both,-0.3,variable,dapper,deadline_miss_rate,0.03666666666666666,0.009185195484689154,0.033433333333333336,0.039799999999999995,30
both,-0.3,variable,dapper,p95_latency_ms,74.17032032943726,27.523351511621986,64.42168344130127,83.32208916191563,30
both,-0.3,variable,dapper,p99_latency_ms,128.81147670144028,2.006179597523112,128.09339081753942,129.46923641160404,30
both,-0.3,variable,dapper,mean_latency_ms,25.84175007522326,1.527497345893626,25.305655569207612,26.371257280314886,30
both,-0.3,variable,dapper,usable_confidence_proxy,0.7053501614452187,0.0062220712034094915,0.7031572019090614,0.7074586552699241,30
both,-0.3,variable,dapper,mean_output_confidence,0.7286068721409773,0.0022000353835425353,0.7278264749458199,0.7293466716765094,30
both,-0.3,variable,dapper,bandwidth_per_1000_frames_kb,16111.666666666666,896.4665631525668,15797.458333333334,16422.5,30
both,-0.3,variable,dapper,remote_attempt_rate,0.6444666666666665,0.035858662526102675,0.6318983333333333,0.6569,30
both,-0.3,variable,dapper,remote_accept_rate,0.0571273600365461,0.012208207993663239,0.05293798243056513,0.06139727817736904,30
both,-0.3,variable,dapper,remote_accepted_per_frame,0.03679999999999999,0.008243701880202556,0.03400000000000001,0.03976666666666666,30
both,-0.3,variable,dapper,remote_rejected_deadline_rate,0.8724859083036914,0.015847610445676806,0.8668254192568641,0.8779027580637059,30
both,-0.3,variable,dapper,remote_failed_loss_rate,0.07038673165976239,0.01072842252127764,0.06663291351860186,0.07408670473392165,30
both,-0.3,variable,dapper,fallback_rate,0.2546666666666667,0.03840288542799098,0.24126666666666666,0.2683008333333334,30
both,-0.3,variable,dapper,reuse_rate,0.1667,0.03044401305732348,0.1561658333333333,0.17753333333333332,30
both,-0.3,variable,dapper,stale_acceptance_rate,0.0,0.0,0.0,0.0,30
both,-0.3,variable,dapper,mode_switches_per_1000,379.73333333333335,16.35792190944199,373.8,385.1675,30
both,-0.3,variable,dapper,pct_local_fast,18.883333333333333,1.4046924643993182,18.386666666666667,19.386666666666663,30
both,-0.3,variable,dapper,pct_edge_accurate,5.570000000000001,1.2619497776771111,5.130000000000001,6.0200000000000005,30
both,-0.3,variable,dapper,pct_hybrid,58.87666666666667,3.3063870617788917,57.74991666666667,60.05675000000001,30
both,-0.3,variable,dapper,pct_degraded_safe,16.67,3.044401305732348,15.616583333333333,17.75333333333333,30
both,-0.2,stable,dapper,deadline_miss_rate,0.25899999999999995,0.019238969074107968,0.2524666666666667,0.2658008333333333,30
both,-0.2,stable,dapper,p95_latency_ms,130.88774739188267,0.7221281994918645,130.63475661344592,131.14374236958471,30
both,-0.2,stable,dapper,p99_latency_ms,134.16935782626248,0.2671122916644394,134.0709066492429,134.26007391621442,30
both,-0.2,stable,dapper,mean_latency_ms,69.18726985222311,1.9779276483009105,68.51463251197642,69.86019951645703,30
both,-0.2,stable,dapper,usable_confidence_proxy,0.6109753688661193,0.015786242886056727,0.6053578706615278,0.6163581962408314,30
both,-0.2,stable,dapper,mean_output_confidence,0.7726841199863537,0.002597374443655774,0.7717793545020473,0.7735874340090333,30
both,-0.2,stable,dapper,bandwidth_per_1000_frames_kb,21621.666666666668,335.8425671130112,21501.645833333336,21735.0,30
both,-0.2,stable,dapper,remote_attempt_rate,0.8648666666666667,0.013433702684520463,0.8600658333333333,0.8694,30
both,-0.2,stable,dapper,remote_accept_rate,0.5119299636219802,0.019710509684781493,0.5048710537106218,0.5185291640553195,30
both,-0.2,stable,dapper,remote_accepted_per_frame,0.4427,0.01712862093609448,0.43670000000000003,0.44869999999999993,30
both,-0.2,stable,dapper,remote_rejected_deadline_rate,0.47690963533308023,0.018550469460783117,0.47058399999723577,0.48349712111243753,30
both,-0.2,stable,dapper,remote_failed_loss_rate,0.011160401044939667,0.0032782175425864904,0.010069906399418155,0.012335025962814114,30
both,-0.2,stable,dapper,fallback_rate,0.25899999999999995,0.019238969074107968,0.2524666666666667,0.2658008333333333,30
both,-0.2,stable,dapper,reuse_rate,0.0,0.0,0.0,0.0,30
both,-0.2,stable,dapper,stale_acceptance_rate,0.0,0.0,0.0,0.0,30
both,-0.2,stable,dapper,mode_switches_per_1000,410.23333333333335,20.49168600682479,403.2325,417.7,30
both,-0.2,stable,dapper,pct_local_fast,13.513333333333334,1.3433702684520452,13.06,13.993416666666668,30
both,-0.2,stable,dapper,pct_edge_accurate,55.62,2.2205000989991333,54.85991666666667,56.373416666666664,30
both,-0.2,stable,dapper,pct_hybrid,30.86666666666667,2.4739098376977022,30.006666666666664,31.68675,30
both,-0.2,stable,dapper,pct_degraded_safe,0.0,0.0,0.0,0.0,30
both,-0.2,congested,dapper,deadline_miss_rate,0.0,0.0,0.0,0.0,30
both,-0.2,congested,dapper,p95_latency_ms,33.94268972592376,0.09803104261482531,33.906854831430806,33.97630119170664,30
both,-0.2,congested,dapper,p99_latency_ms,34.769178949662624,0.05524239382592479,34.748642896298946,34.7879694671568,30
both,-0.2,congested,dapper,mean_latency_ms,25.012597088142645,0.18113657767527264,24.949225112390963,25.077791277753096,30
both,-0.2,congested,dapper,usable_confidence_proxy,0.7249282051819181,0.0016092933478095927,0.7243536843822596,0.725520489679899,30
both,-0.2,congested,dapper,mean_output_confidence,0.7249282051819181,0.0016092933478095927,0.7243536843822596,0.725520489679899,30
both,-0.2,congested,dapper,bandwidth_per_1000_frames_kb,3122.5,379.2205026830332,2982.4791666666665,3256.6666666666665,30
both,-0.2,congested,dapper,remote_attempt_rate,0.1249,0.015168820107321332,0.11929916666666666,0.13026666666666667,30
both,-0.2,congested,dapper,remote_accept_rate,0.0,0.0,0.0,0.0,30
both,-0.2,congested,dapper,remote_accepted_per_frame,0.0,0.0,0.0,0.0,30
both,-0.2,congested,dapper,remote_rejected_deadline_rate,0.950406694491108,0.01875697395706061,0.9435654494799128,0.9567138407455429,30
both,-0.2,congested,dapper,remote_failed_loss_rate,0.04959330550889187,0.018756973957060604,0.04328615925445696,0.05643455052008714,30
both,-0.2,congested,dapper,fallback_rate,0.0,0.0,0.0,0.0,30
both,-0.2,congested,dapper,reuse_rate,0.0,0.0,0.0,0.0,30
both,-0.2,congested,dapper,stale_acceptance_rate,0.0,0.0,0.0,0.0,30
both,-0.2,congested,dapper,mode_switches_per_1000,139.16666666666666,16.1097172075039,133.5,144.43416666666667,30
both,-0.2,congested,dapper,pct_local_fast,87.50999999999999,1.5168820107321335,86.97333333333334,88.07008333333333,30
both,-0.2,congested,dapper,pct_edge_accurate,0.0,0.0,0.0,0.0,30
both,-0.2,congested,dapper,pct_hybrid,12.49,1.516882010732133,11.929916666666667,13.026666666666669,30
both,-0.2,congested,dapper,pct_degraded_safe,0.0,0.0,0.0,0.0,30
both,-0.2,variable,dapper,deadline_miss_rate,0.0029666666666666674,0.0022358109434191084,0.002266666666666667,0.0038000000000000004,30
both,-0.2,variable,dapper,p95_latency_ms,33.91428774023019,0.19616601069402342,33.842999920767,33.98090508727986,30
both,-0.2,variable,dapper,p99_latency_ms,43.80166938610058,19.963984186248155,37.47159192953472,51.50472283596995,30
both,-0.2,variable,dapper,mean_latency_ms,21.449071297221245,0.8263499263678195,21.164843037205014,21.735408690814545,30
both,-0.2,variable,dapper,usable_confidence_proxy,0.7294196891300293,0.003202950392376461,0.7282564600873407,0.7304817717568093,30
both,-0.2,variable,dapper,mean_output_confidence,0.7261891555694064,0.0020254550148487167,0.7254798670417402,0.7268956376722745,30
both,-0.2,variable,dapper,bandwidth_per_1000_frames_kb,14533.333333333334,859.188002120901,14231.666666666666,14830.041666666666,30
both,-0.2,variable,dapper,remote_attempt_rate,0.5813333333333333,0.03436752008483604,0.5692666666666667,0.5932016666666666,30
both,-0.2,variable,dapper,remote_accept_rate,0.06333981748599574,0.013498019559406433,0.05867054590434856,0.06809833826182111,30
both,-0.2,variable,dapper,remote_accepted_per_frame,0.03679999999999999,0.008243701880202556,0.03400000000000001,0.03976666666666666,30
both,-0.2,variable,dapper,remote_rejected_deadline_rate,0.8662432759598229,0.017063650430420716,0.8600897536747777,0.8720979751005166,30
both,-0.2,variable,dapper,remote_failed_loss_rate,0.07041690655418129,0.011384141613845062,0.06639179857767391,0.07443973983657438,30
both,-0.2,variable,dapper,fallback_rate,0.22096666666666664,0.039638437748307345,0.20729916666666667,0.23503416666666668,30
both,-0.2,variable,dapper,reuse_rate,0.16690000000000002,0.030447637358088316,0.15636666666666668,0.17773416666666667,30
both,-0.2,variable,dapper,stale_acceptance_rate,0.0,0.0,0.0,0.0,30
both,-0.2,variable,dapper,mode_switches_per_1000,367.3,15.802989677862245,361.8,372.76666666666665,30
both,-0.2,variable,dapper,pct_local_fast,25.176666666666666,1.8293928394195549,24.523333333333337,25.82008333333334,30
both,-0.2,variable,dapper,pct_edge_accurate,0.6566666666666666,0.323433448181073,0.5466666666666666,0.7733333333333333,30
both,-0.2,variable,dapper,pct_hybrid,57.476666666666674,3.382478517232626,56.29666666666667,58.656749999999995,30
both,-0.2,variable,dapper,pct_degraded_safe,16.689999999999998,3.0447637358088313,15.636666666666665,17.773416666666666,30
both,-0.1,stable,dapper,deadline_miss_rate,0.0,0.0,0.0,0.0,30
both,-0.1,stable,dapper,p95_latency_ms,33.984265110354684,0.14612908292769589,33.9343159514038,34.036015368498674,30
both,-0.1,stable,dapper,p99_latency_ms,34.78401367177919,0.06560311317343774,34.76065987728268,34.806824911760046,30
both,-0.1,stable,dapper,mean_latency_ms,25.02027748999063,0.19474756789946776,24.952896569039584,25.094599531312916,30
both,-0.1,stable,dapper,usable_confidence_proxy,0.7959976928158301,0.0030581965746421004,0.7949187491188087,0.7970282591916404,30
both,-0.1,stable,dapper,mean_output_confidence,0.7249667322554326,0.0015304909747104968,0.7244513387101592,0.7255071023390036,30
both,-0.1,stable,dapper,bandwidth_per_1000_frames_kb,21621.666666666668,335.8425671130112,21501.645833333336,21735.0,30
both,-0.1,stable,dapper,remote_attempt_rate,0.8648666666666667,0.013433702684520463,0.8600658333333333,0.8694,30
both,-0.1,stable,dapper,remote_accept_rate,0.5119299636219802,0.019710509684781493,0.5048710537106218,0.5185291640553195,30
both,-0.1,stable,dapper,remote_accepted_per_frame,0.4427,0.01712862093609448,0.43670000000000003,0.44869999999999993,30
both,-0.1,stable,dapper,remote_rejected_deadline_rate,0.47690963533308023,0.018550469460783117,0.47058399999723577,0.48349712111243753,30
both,-0.1,stable,dapper,remote_failed_loss_rate,0.011160401044939667,0.0032782175425864904,0.010069906399418155,0.012335025962814114,30
both,-0.1,stable,dapper,fallback_rate,0.0,0.0,0.0,0.0,30
both,-0.1,stable,dapper,reuse_rate,0.0,0.0,0.0,0.0,30
both,-0.1,stable,dapper,stale_acceptance_rate,0.0,0.0,0.0,0.0,30
both,-0.1,stable,dapper,mode_switches_per_1000,233.3,23.550605819867112,225.26666666666668,241.90083333333334,30
both,-0.1,stable,dapper,pct_local_fast,13.513333333333334,1.3433702684520452,13.06,13.993416666666668,30
both,-0.1,stable,dapper,pct_edge_accurate,0.0,0.0,0.0,0.0,30
both,-0.1,stable,dapper,pct_hybrid,86.48666666666666,1.3433702684520459,86.00658333333332,86.93999999999998,30
both,-0.1,stable,dapper,pct_degraded_safe,0.0,0.0,0.0,0.0,30
both,-0.1,congested,dapper,deadline_miss_rate,0.0,0.0,0.0,0.0,30
both,-0.1,congested,dapper,p95_latency_ms,33.94268972592376,0.09803104261482531,33.906854831430806,33.97630119170664,30
both,-0.1,congested,dapper,p99_latency_ms,34.769178949662624,0.05524239382592479,34.748642896298946,34.7879694671568,30
both,-0.1,congested,dapper,mean_latency_ms,25.012597088142645,0.18113657767527264,24.949225112390963,25.077791277753096,30
both,-0.1,congested,dapper,usable_confidence_proxy,0.7249282051819181,0.0016092933478095927,0.7243536843822596,0.725520489679899,30
both,-0.1,congested,dapper,mean_output_confidence,0.7249282051819181,0.0016092933478095927,0.7243536843822596,0.725520489679899,30
both,-0.1,congested,dapper,bandwidth_per_1000_frames_kb,244.16666666666666,114.0332931823991,205.83333333333334,287.5,30
both,-0.1,congested,dapper,remote_attempt_rate,0.009766666666666668,0.004561331727295964,0.008233333333333336,0.011500000000000003,30
both,-0.1,congested,dapper,remote_accept_rate,0.0,0.0,0.0,0.0,30
both,-0.1,congested,dapper,remote_accepted_per_frame,0.0,0.0,0.0,0.0,30
both,-0.1,congested,dapper,remote_rejected_deadline_rate,0.9208157583157583,0.08866165574900224,0.8895652287527287,0.9512981416731416,30
both,-0.1,congested,dapper,remote_failed_loss_rate,0.07918424168424168,0.08866165574900221,0.048701858326858326,0.11043477124727118,30
both,-0.1,congested,dapper,fallback_rate,0.0,0.0,0.0,0.0,30
both,-0.1,congested,dapper,reuse_rate,0.0,0.0,0.0,0.0,30
both,-0.1,congested,dapper,stale_acceptance_rate,0.0,0.0,0.0,0.0,30
both,-0.1,congested,dapper,mode_switches_per_1000,14.966666666666667,6.392254652329636,12.865833333333335,17.334166666666654,30
both,-0.1,congested,dapper,pct_local_fast,99.02333333333334,0.45613317272959597,98.85000000000001,99.17666666666669,30
both,-0.1,congested,dapper,pct_edge_accurate,0.0,0.0,0.0,0.0,30
both,-0.1,congested,dapper,pct_hybrid,0.9766666666666667,0.45613317272959636,0.8233333333333331,1.15,30
both,-0.1,congested,dapper,pct_degraded_safe,0.0,0.0,0.0,0.0,30
both,-0.1,variable,dapper,deadline_miss_rate,0.0002,0.0004842341981115022,3.3333333333333335e-05,0.0004,30
both,-0.1,variable,dapper,p95_latency_ms,33.75946962338108,0.20665600394036493,33.687281129935904,33.83249311966234,30
both,-0.1,variable,dapper,p99_latency_ms,34.73009138588455,0.0975347512741037,34.69223864284122,34.76143948931603,30
both,-0.1,variable,dapper,mean_latency_ms,20.981104582650705,0.7335727148462636,20.72367145589069,21.237967706942275,30
both,-0.1,variable,dapper,usable_confidence_proxy,0.7313835177436564,0.0025547286824248545,0.7304665249358319,0.7322357307629823,30
both,-0.1,variable,dapper,mean_output_confidence,0.7256761914847568,0.001973738364451017,0.7249930226503787,0.7263624154599795,30
both,-0.1,variable,dapper,bandwidth_per_1000_frames_kb,10627.5,811.2450520544077,10355.0,10919.1875,30
both,-0.1,variable,dapper,remote_attempt_rate,0.4250999999999999,0.03244980208217631,0.4142,0.43676750000000003,30
both,-0.1,variable,dapper,remote_accept_rate,0.08664403740538813,0.017998294703381122,0.08033424552064188,0.09296535965156418,30
both,-0.1,variable,dapper,remote_accepted_per_frame,0.03679999999999999,0.008243701880202556,0.03400000000000001,0.03976666666666666,30
both,-0.1,variable,dapper,remote_rejected_deadline_rate,0.8422752872403069,0.02037628202353779,0.8349754682802821,0.8494350838906394,30
both,-0.1,variable,dapper,remote_failed_loss_rate,0.0710806753543049,0.011617722684668989,0.06705488268949053,0.07518176349623461,30
both,-0.1,variable,dapper,fallback_rate,0.2184,0.03997895998371281,0.2046658333333333,0.2326016666666666,30
both,-0.1,variable,dapper,reuse_rate,0.16706666666666667,0.030296162649160168,0.15660000000000002,0.17786666666666667,30
both,-0.1,variable,dapper,stale_acceptance_rate,0.0,0.0,0.0,0.0,30
both,-0.1,variable,dapper,mode_switches_per_1000,375.76666666666665,15.025686818505704,370.56666666666666,380.83416666666665,30
both,-0.1,variable,dapper,pct_local_fast,40.78333333333334,2.7716649214473255,39.806666666666665,41.75,30
both,-0.1,variable,dapper,pct_edge_accurate,0.06666666666666668,0.08840866447369844,0.03666666666666667,0.10000000000000002,30
both,-0.1,variable,dapper,pct_hybrid,42.443333333333335,3.2512791470364437,41.35658333333333,43.6135,30
both,-0.1,variable,dapper,pct_degraded_safe,16.706666666666663,3.029616264916017,15.66,17.786666666666665,30
both,0.0,stable,dapper,deadline_miss_rate,0.0,0.0,0.0,0.0,30
both,0.0,stable,dapper,p95_latency_ms,33.984265110354684,0.14612908292769589,33.9343159514038,34.036015368498674,30
both,0.0,stable,dapper,p99_latency_ms,34.78401367177919,0.06560311317343774,34.76065987728268,34.806824911760046,30
both,0.0,stable,dapper,mean_latency_ms,25.02027748999063,0.19474756789946776,24.952896569039584,25.094599531312916,30
both,0.0,stable,dapper,usable_confidence_proxy,0.7959976928158301,0.0030581965746421004,0.7949187491188087,0.7970282591916404,30
both,0.0,stable,dapper,mean_output_confidence,0.7249667322554326,0.0015304909747104968,0.7244513387101592,0.7255071023390036,30
both,0.0,stable,dapper,bandwidth_per_1000_frames_kb,21621.666666666668,335.8425671130112,21501.645833333336,21735.0,30
both,0.0,stable,dapper,remote_attempt_rate,0.8648666666666667,0.013433702684520463,0.8600658333333333,0.8694,30
both,0.0,stable,dapper,remote_accept_rate,0.5119299636219802,0.019710509684781493,0.5048710537106218,0.5185291640553195,30
both,0.0,stable,dapper,remote_accepted_per_frame,0.4427,0.01712862093609448,0.43670000000000003,0.44869999999999993,30
both,0.0,stable,dapper,remote_rejected_deadline_rate,0.47690963533308023,0.018550469460783117,0.47058399999723577,0.48349712111243753,30
both,0.0,stable,dapper,remote_failed_loss_rate,0.011160401044939667,0.0032782175425864904,0.010069906399418155,0.012335025962814114,30
both,0.0,stable,dapper,fallback_rate,0.0,0.0,0.0,0.0,30
both,0.0,stable,dapper,reuse_rate,0.0,0.0,0.0,0.0,30
both,0.0,stable,dapper,stale_acceptance_rate,0.0,0.0,0.0,0.0,30
both,0.0,stable,dapper,mode_switches_per_1000,233.3,23.550605819867112,225.26666666666668,241.90083333333334,30
both,0.0,stable,dapper,pct_local_fast,13.513333333333334,1.3433702684520452,13.06,13.993416666666668,30
both,0.0,stable,dapper,pct_edge_accurate,0.0,0.0,0.0,0.0,30
both,0.0,stable,dapper,pct_hybrid,86.48666666666666,1.3433702684520459,86.00658333333332,86.93999999999998,30
both,0.0,stable,dapper,pct_degraded_safe,0.0,0.0,0.0,0.0,30
both,0.0,congested,dapper,deadline_miss_rate,0.0,0.0,0.0,0.0,30
both,0.0,congested,dapper,p95_latency_ms,33.93663339562628,0.10384597263558462,33.89863800925726,33.97238476351824,30
both,0.0,congested,dapper,p99_latency_ms,34.76774120719711,0.0574407179719229,34.74658413465894,34.7871629365586,30
both,0.0,congested,dapper,mean_latency_ms,24.831886454720813,0.19570763546815947,24.76464899629824,24.902166867111045,30
both,0.0,congested,dapper,usable_confidence_proxy,0.724962592880273,0.001562881778886257,0.7244059800112123,0.7255382569621288,30
both,0.0,congested,dapper,mean_output_confidence,0.724962592880273,0.001562881778886257,0.7244059800112123,0.7255382569621288,30
both,0.0,congested,dapper,bandwidth_per_1000_frames_kb,2.5,7.628214415734117,0.0,5.833333333333333,30
both,0.0,congested,dapper,remote_attempt_rate,0.0001,0.00030512857662936464,0.0,0.00023333333333333333,30
both,0.0,congested,dapper,remote_accept_rate,0.0,0.0,0.0,0.0,30
both,0.0,congested,dapper,remote_accepted_per_frame,0.0,0.0,0.0,0.0,30
both,0.0,congested,dapper,remote_rejected_deadline_rate,0.1,0.30512857662936466,0.0,0.23333333333333334,30
both,0.0,congested,dapper,remote_failed_loss_rate,0.0,0.0,0.0,0.0,30
both,0.0,congested,dapper,fallback_rate,0.007433333333333334,0.0027628487713469464,0.006500000000000001,0.008433333333333336,30
both,0.0,congested,dapper,reuse_rate,0.007433333333333334,0.0027628487713469464,0.006500000000000001,0.008433333333333336,30
both,0.0,congested,dapper,stale_acceptance_rate,0.0,0.0,0.0,0.0,30
both,0.0,congested,dapper,mode_switches_per_1000,12.133333333333333,4.032055463949847,10.733333333333333,13.533333333333333,30
both,0.0,congested,dapper,pct_local_fast,99.24666666666667,0.28494806947731727,99.14333333333335,99.34333333333335,30
both,0.0,congested,dapper,pct_edge_accurate,0.0,0.0,0.0,0.0,30
both,0.0,congested,dapper,pct_hybrid,0.010000000000000002,0.030512857662936467,0.0,0.02333333333333333,30
both,0.0,congested,dapper,pct_degraded_safe,0.7433333333333334,0.2762848771346947,0.6499999999999999,0.8433333333333334,30
both,0.0,variable,dapper,deadline_miss_rate,0.0,0.0,0.0,0.0,30
both,0.0,variable,dapper,p95_latency_ms,33.74407704498113,0.2126750836043015,33.67003978984998,33.81916560257354,30
both,0.0,variable,dapper,p99_latency_ms,34.714468841675405,0.09257023559024172,34.679345892530314,34.74441433608218,30
both,0.0,variable,dapper,mean_latency_ms,20.905161109397675,0.7368320428921273,20.650185695044428,21.16334665084393,30
both,0.0,variable,dapper,usable_confidence_proxy,0.731537829380306,0.002505299049290559,0.7306391558488198,0.7323760019224644,30
both,0.0,variable,dapper,mean_output_confidence,0.7256041346457223,0.001953260708744225,0.7249268098645119,0.7262791294460033,30
both,0.0,variable,dapper,bandwidth_per_1000_frames_kb,5777.5,618.9308774285564,5560.791666666666,5989.229166666666,30
both,0.0,variable,dapper,remote_attempt_rate,0.2311,0.02475723509714226,0.22243166666666667,0.23956916666666667,30
both,0.0,variable,dapper,remote_accept_rate,0.1593225904647559,0.030227815733317422,0.14854986769116424,0.16977120142322374,30
both,0.0,variable,dapper,remote_accepted_per_frame,0.03679999999999999,0.008243701880202556,0.03400000000000001,0.03976666666666666,30
both,0.0,variable,dapper,remote_rejected_deadline_rate,0.7687412516943987,0.03144991902511748,0.7573523738018126,0.7796160282186023,30
both,0.0,variable,dapper,remote_failed_loss_rate,0.07193615784084549,0.016135950496985536,0.06638961513178773,0.07778178250251701,30
both,0.0,variable,dapper,fallback_rate,0.21943333333333334,0.040132266950356946,0.20549999999999996,0.23376666666666665,30
both,0.0,variable,dapper,reuse_rate,0.16830000000000003,0.030488154850808802,0.15770000000000003,0.17916666666666664,30
both,0.0,variable,dapper,stale_acceptance_rate,0.0,0.0,0.0,0.0,30
both,0.0,variable,dapper,mode_switches_per_1000,315.43333333333334,16.716053265696694,309.5991666666667,321.56666666666666,30
both,0.0,variable,dapper,pct_local_fast,60.05999999999999,2.943326759602662,59.00658333333334,61.09666666666667,30
both,0.0,variable,dapper,pct_edge_accurate,0.0,0.0,0.0,0.0,30
both,0.0,variable,dapper,pct_hybrid,23.11,2.475723509714226,22.243166666666664,23.956916666666668,30
both,0.0,variable,dapper,pct_degraded_safe,16.83,3.0488154850808806,15.770000000000003,17.916666666666668,30
both,0.1,stable,dapper,deadline_miss_rate,0.0,0.0,0.0,0.0,30
both,0.1,stable,dapper,p95_latency_ms,33.984265110354684,0.14612908292769589,33.9343159514038,34.036015368498674,30
both,0.1,stable,dapper,p99_latency_ms,34.78401367177919,0.06560311317343774,34.76065987728268,34.806824911760046,30
both,0.1,stable,dapper,mean_latency_ms,25.02027748999063,0.19474756789946776,24.952896569039584,25.094599531312916,30
both,0.1,stable,dapper,usable_confidence_proxy,0.7959976928158301,0.0030581965746421004,0.7949187491188087,0.7970282591916404,30
both,0.1,stable,dapper,mean_output_confidence,0.7249667322554326,0.0015304909747104968,0.7244513387101592,0.7255071023390036,30
both,0.1,stable,dapper,bandwidth_per_1000_frames_kb,21621.666666666668,335.8425671130112,21501.645833333336,21735.0,30
both,0.1,stable,dapper,remote_attempt_rate,0.8648666666666667,0.013433702684520463,0.8600658333333333,0.8694,30
both,0.1,stable,dapper,remote_accept_rate,0.5119299636219802,0.019710509684781493,0.5048710537106218,0.5185291640553195,30
both,0.1,stable,dapper,remote_accepted_per_frame,0.4427,0.01712862093609448,0.43670000000000003,0.44869999999999993,30
both,0.1,stable,dapper,remote_rejected_deadline_rate,0.47690963533308023,0.018550469460783117,0.47058399999723577,0.48349712111243753,30
both,0.1,stable,dapper,remote_failed_loss_rate,0.011160401044939667,0.0032782175425864904,0.010069906399418155,0.012335025962814114,30
both,0.1,stable,dapper,fallback_rate,0.0,0.0,0.0,0.0,30
both,0.1,stable,dapper,reuse_rate,0.0,0.0,0.0,0.0,30
both,0.1,stable,dapper,stale_acceptance_rate,0.0,0.0,0.0,0.0,30
both,0.1,stable,dapper,mode_switches_per_1000,233.3,23.550605819867112,225.26666666666668,241.90083333333334,30
both,0.1,stable,dapper,pct_local_fast,13.513333333333334,1.3433702684520452,13.06,13.993416666666668,30
both,0.1,stable,dapper,pct_edge_accurate,0.0,0.0,0.0,0.0,30
both,0.1,stable,dapper,pct_hybrid,86.48666666666666,1.3433702684520459,86.00658333333332,86.93999999999998,30
both,0.1,stable,dapper,pct_degraded_safe,0.0,0.0,0.0,0.0,30
both,0.1,congested,dapper,deadline_miss_rate,0.0,0.0,0.0,0.0,30
both,0.1,congested,dapper,p95_latency_ms,33.86895669425183,0.13371939607374095,33.82043015986531,33.91503987066952,30
both,0.1,congested,dapper,p99_latency_ms,34.75728909607516,0.057393525838259137,34.73617099434814,34.77661005032757,30
both,0.1,congested,dapper,mean_latency_ms,23.304967531841125,0.32074043275689623,23.187905313487658,23.417429145473214,30
both,0.1,congested,dapper,usable_confidence_proxy,0.7249873724664191,0.0017335266938709722,0.7243593009083508,0.7256206727836914,30
both,0.1,congested,dapper,mean_output_confidence,0.7249873724664191,0.0017335266938709722,0.7243593009083508,0.7256206727836914,30
both,0.1,congested,dapper,bandwidth_per_1000_frames_kb,0.0,0.0,0.0,0.0,30
both,0.1,congested,dapper,remote_attempt_rate,0.0,0.0,0.0,0.0,30
both,0.1,congested,dapper,remote_accept_rate,0.0,0.0,0.0,0.0,30
both,0.1,congested,dapper,remote_accepted_per_frame,0.0,0.0,0.0,0.0,30
both,0.1,congested,dapper,remote_rejected_deadline_rate,0.0,0.0,0.0,0.0,30
both,0.1,congested,dapper,remote_failed_loss_rate,0.0,0.0,0.0,0.0,30
both,0.1,congested,dapper,fallback_rate,0.07496666666666667,0.013254754080975114,0.07039916666666667,0.07980000000000001,30
both,0.1,congested,dapper,reuse_rate,0.0711,0.011544068487382571,0.06706666666666666,0.07533416666666667,30
both,0.1,congested,dapper,stale_acceptance_rate,0.0,0.0,0.0,0.0,30
both,0.1,congested,dapper,mode_switches_per_1000,87.3,14.000369453253231,82.33333333333333,92.53333333333333,30
both,0.1,congested,dapper,pct_local_fast,92.50333333333334,1.3254754080975115,92.02000000000001,92.96008333333336,30
both,0.1,congested,dapper,pct_edge_accurate,0.0,0.0,0.0,0.0,30
both,0.1,congested,dapper,pct_hybrid,0.0,0.0,0.0,0.0,30
both,0.1,congested,dapper,pct_degraded_safe,7.496666666666666,1.3254754080975115,7.039916666666665,7.9799999999999995,30
both,0.1,variable,dapper,deadline_miss_rate,0.0,0.0,0.0,0.0,30
both,0.1,variable,dapper,p95_latency_ms,33.736074213270506,0.2176081882985087,33.65997062107431,33.81293636705184,30
both,0.1,variable,dapper,p99_latency_ms,34.713160824253784,0.09340789814599304,34.67774058009805,34.743386918979525,30
both,0.1,variable,dapper,mean_latency_ms,20.798208062864603,0.7372125109624075,20.539132027511947,21.053880532991457,30
both,0.1,variable,dapper,usable_confidence_proxy,0.7298907803898661,0.002385625797195373,0.7290410154037837,0.7306881872508031,30
both,0.1,variable,dapper,mean_output_confidence,0.725528102066251,0.0019399791256604782,0.7248564510610694,0.726199843445371,30
both,0.1,variable,dapper,bandwidth_per_1000_frames_kb,2466.6666666666665,406.3257002856744,2327.5,2611.6666666666665,30
both,0.1,variable,dapper,remote_attempt_rate,0.09866666666666667,0.01625302801142698,0.0931,0.10446666666666667,30
both,0.1,variable,dapper,remote_accept_rate,0.2722197803011691,0.040686423410800886,0.2573987218125844,0.28638667937775614,30
both,0.1,variable,dapper,remote_accepted_per_frame,0.02693333333333334,0.006432317828254304,0.02476666666666667,0.029200000000000004,30
both,0.1,variable,dapper,remote_rejected_deadline_rate,0.6540692830614278,0.048794796665976366,0.6365382086084328,0.6710390011277503,30
both,0.1,variable,dapper,remote_failed_loss_rate,0.07371093663740319,0.026533202935654875,0.06500460851536016,0.08341340884448664,30
both,0.1,variable,dapper,fallback_rate,0.22413333333333332,0.039967860651496864,0.21026666666666663,0.23826749999999997,30
both,0.1,variable,dapper,reuse_rate,0.17283333333333328,0.03034069002617389,0.1623666666666667,0.1835333333333333,30
both,0.1,variable,dapper,stale_acceptance_rate,0.0,0.0,0.0,0.0,30
both,0.1,variable,dapper,mode_switches_per_1000,237.8,20.555056429686257,230.53333333333333,244.8675,30
both,0.1,variable,dapper,pct_local_fast,72.83666666666666,2.972341853144424,71.81666666666666,73.88341666666669,30
both,0.1,variable,dapper,pct_edge_accurate,0.0,0.0,0.0,0.0,30
both,0.1,variable,dapper,pct_hybrid,9.866666666666669,1.6253028011426978,9.31,10.446666666666667,30
both,0.1,variable,dapper,pct_degraded_safe,17.296666666666667,3.038203113835469,16.249916666666664,18.369999999999997,30
both,0.2,stable,dapper,deadline_miss_rate,0.0,0.0,0.0,0.0,30
both,0.2,stable,dapper,p95_latency_ms,33.984265110354684,0.14612908292769589,33.9343159514038,34.036015368498674,30
both,0.2,stable,dapper,p99_latency_ms,34.78401367177919,0.06560311317343774,34.76065987728268,34.806824911760046,30
both,0.2,stable,dapper,mean_latency_ms,25.02027748999063,0.19474756789946776,24.952896569039584,25.094599531312916,30
both,0.2,stable,dapper,usable_confidence_proxy,0.7959976928158301,0.0030581965746421004,0.7949187491188087,0.7970282591916404,30
both,0.2,stable,dapper,mean_output_confidence,0.7249667322554326,0.0015304909747104968,0.7244513387101592,0.7255071023390036,30
both,0.2,stable,dapper,bandwidth_per_1000_frames_kb,21621.666666666668,335.8425671130112,21501.645833333336,21735.0,30
both,0.2,stable,dapper,remote_attempt_rate,0.8648666666666667,0.013433702684520463,0.8600658333333333,0.8694,30
both,0.2,stable,dapper,remote_accept_rate,0.5119299636219802,0.019710509684781493,0.5048710537106218,0.5185291640553195,30
both,0.2,stable,dapper,remote_accepted_per_frame,0.4427,0.01712862093609448,0.43670000000000003,0.44869999999999993,30
both,0.2,stable,dapper,remote_rejected_deadline_rate,0.47690963533308023,0.018550469460783117,0.47058399999723577,0.48349712111243753,30
both,0.2,stable,dapper,remote_failed_loss_rate,0.011160401044939667,0.0032782175425864904,0.010069906399418155,0.012335025962814114,30
both,0.2,stable,dapper,fallback_rate,0.0,0.0,0.0,0.0,30
both,0.2,stable,dapper,reuse_rate,0.0,0.0,0.0,0.0,30
both,0.2,stable,dapper,stale_acceptance_rate,0.0,0.0,0.0,0.0,30
both,0.2,stable,dapper,mode_switches_per_1000,233.3,23.550605819867112,225.26666666666668,241.90083333333334,30
both,0.2,stable,dapper,pct_local_fast,13.513333333333334,1.3433702684520452,13.06,13.993416666666668,30
both,0.2,stable,dapper,pct_edge_accurate,0.0,0.0,0.0,0.0,30
both,0.2,stable,dapper,pct_hybrid,86.48666666666666,1.3433702684520459,86.00658333333332,86.93999999999998,30
both,0.2,stable,dapper,pct_degraded_safe,0.0,0.0,0.0,0.0,30
both,0.2,congested,dapper,deadline_miss_rate,0.0,0.0,0.0,0.0,30
both,0.2,congested,dapper,p95_latency_ms,33.639351324284526,0.20703378346412193,33.565464250916456,33.71047275097724,30
both,0.2,congested,dapper,p99_latency_ms,34.70133721808108,0.08405855844042831,34.6711763779191,34.730516464673386,30
both,0.2,congested,dapper,mean_latency_ms,19.3050558432711,0.49230771996482037,19.125554211211576,19.47979775131798,30
both,0.2,congested,dapper,usable_confidence_proxy,0.7245884541219796,0.0020969469194726904,0.7238441861950511,0.7253393609144385,30
both,0.2,congested,dapper,mean_output_confidence,0.7245884541219796,0.0020969469194726904,0.7238441861950511,0.7253393609144385,30
both,0.2,congested,dapper,bandwidth_per_1000_frames_kb,0.0,0.0,0.0,0.0,30
both,0.2,congested,dapper,remote_attempt_rate,0.0,0.0,0.0,0.0,30
both,0.2,congested,dapper,remote_accept_rate,0.0,0.0,0.0,0.0,30
both,0.2,congested,dapper,remote_accepted_per_frame,0.0,0.0,0.0,0.0,30
both,0.2,congested,dapper,remote_rejected_deadline_rate,0.0,0.0,0.0,0.0,30
both,0.2,congested,dapper,remote_failed_loss_rate,0.0,0.0,0.0,0.0,30
both,0.2,congested,dapper,fallback_rate,0.26809999999999995,0.02489612904407652,0.2594333333333333,0.2772341666666667,30
both,0.2,congested,dapper,reuse_rate,0.2374,0.02144696747312085,0.2299666666666667,0.24523416666666664,30
both,0.2,congested,dapper,stale_acceptance_rate,0.0,0.0,0.0,0.0,30
both,0.2,congested,dapper,mode_switches_per_1000,210.9,18.03703087424925,204.56666666666666,217.23333333333332,30
both,0.2,congested,dapper,pct_local_fast,73.19,2.4896129044076543,72.27658333333333,74.05666666666666,30
both,0.2,congested,dapper,pct_edge_accurate,0.0,0.0,0.0,0.0,30
both,0.2,congested,dapper,pct_hybrid,0.0,0.0,0.0,0.0,30
both,0.2,congested,dapper,pct_degraded_safe,26.810000000000006,2.4896129044076516,25.94333333333333,27.723416666666672,30
both,0.2,variable,dapper,deadline_miss_rate,0.0,0.0,0.0,0.0,30
both,0.2,variable,dapper,p95_latency_ms,33.711429141746045,0.227630969275608,33.630804425812876,33.791187862240655,30
both,0.2,variable,dapper,p99_latency_ms,34.702167647281804,0.1030008174063181,34.66244834397069,34.736237477252686,30
both,0.2,variable,dapper,mean_latency_ms,20.453188100756375,0.7500109823749127,20.189184774141065,20.709428904635196,30
both,0.2,variable,dapper,usable_confidence_proxy,0.7278486217402061,0.0022446324605363546,0.7270605908418735,0.7286006146562988,30
both,0.2,variable,dapper,mean_output_confidence,0.7255336321423055,0.0020229937220115637,0.7248389459877437,0.7262277532399112,30
both,0.2,variable,dapper,bandwidth_per_1000_frames_kb,956.6666666666666,248.43764684084434,870.8333333333334,1043.3541666666663,30
both,0.2,variable,dapper,remote_attempt_rate,0.038266666666666664,0.009937505873633772,0.03483333333333334,0.04173416666666665,30
both,0.2,variable,dapper,remote_accept_rate,0.3796027252466525,0.0867665574248629,0.349522845660926,0.409976416235103,30
both,0.2,variable,dapper,remote_accepted_per_frame,0.014466666666666668,0.005063277753510605,0.012800000000000002,0.01626666666666667,30
both,0.2,variable,dapper,remote_rejected_deadline_rate,0.5401686829492555,0.09543226740879276,0.5057333931123922,0.5735173854512398,30
both,0.2,variable,dapper,remote_failed_loss_rate,0.08022859180409195,0.04641519909382567,0.06460358120237486,0.097788829335657,30
both,0.2,variable,dapper,fallback_rate,0.23956666666666665,0.04029005467540502,0.2257975,0.2537008333333333,30
both,0.2,variable,dapper,reuse_rate,0.1871666666666667,0.030575044289965197,0.17673250000000001,0.19786666666666666,30
both,0.2,variable,dapper,stale_acceptance_rate,0.0,0.0,0.0,0.0,30
both,0.2,variable,dapper,mode_switches_per_1000,193.56666666666666,21.769455560539377,185.86583333333334,200.93416666666667,30
both,0.2,variable,dapper,pct_local_fast,77.35,2.7767197218648336,76.39666666666668,78.31349999999999,30
both,0.2,variable,dapper,pct_edge_accurate,0.0,0.0,0.0,0.0,30
both,0.2,variable,dapper,pct_hybrid,3.826666666666666,0.9937505873633773,3.4833333333333334,4.173416666666666,30
both,0.2,variable,dapper,pct_degraded_safe,18.82333333333333,3.094899400441083,17.766583333333333,19.90666666666667,30
both,0.3,stable,dapper,deadline_miss_rate,0.0,0.0,0.0,0.0,30
both,0.3,stable,dapper,p95_latency_ms,33.984265110354684,0.14612908292769589,33.9343159514038,34.036015368498674,30
both,0.3,stable,dapper,p99_latency_ms,34.78401367177919,0.06560311317343774,34.76065987728268,34.806824911760046,30
both,0.3,stable,dapper,mean_latency_ms,25.02027748999063,0.19474756789946776,24.952896569039584,25.094599531312916,30
both,0.3,stable,dapper,usable_confidence_proxy,0.7884827244477538,0.0030654760505962656,0.787434706239261,0.7895646873755909,30
both,0.3,stable,dapper,mean_output_confidence,0.7249667322554326,0.0015304909747104968,0.7244513387101592,0.7255071023390036,30
both,0.3,stable,dapper,bandwidth_per_1000_frames_kb,18960.0,419.85219073974775,18810.0,19108.333333333332,30
both,0.3,stable,dapper,remote_attempt_rate,0.7584,0.016794087629589925,0.7524,0.7643333333333332,30
both,0.3,stable,dapper,remote_accept_rate,0.5217530705574269,0.022342226550443014,0.5136424804528986,0.5294100828320087,30
both,0.3,stable,dapper,remote_accepted_per_frame,0.39559999999999995,0.0169310976893265,0.3898000000000001,0.40159999999999996,30
both,0.3,stable,dapper,remote_rejected_deadline_rate,0.46781433722625476,0.021535129190834064,0.460451985760328,0.4755198567852194,30
both,0.3,stable,dapper,remote_failed_loss_rate,0.010432592216318393,0.003473729486573116,0.009273809721362266,0.011642941979292335,30
both,0.3,stable,dapper,fallback_rate,0.0,0.0,0.0,0.0,30
both,0.3,stable,dapper,reuse_rate,0.0,0.0,0.0,0.0,30
both,0.3,stable,dapper,stale_acceptance_rate,0.0,0.0,0.0,0.0,30
both,0.3,stable,dapper,mode_switches_per_1000,300.23333333333335,18.188066063395436,293.96666666666664,306.7,30
both,0.3,stable,dapper,pct_local_fast,24.15999999999999,1.6794087629589913,23.566666666666663,24.759999999999994,30
both,0.3,stable,dapper,pct_edge_accurate,0.0,0.0,0.0,0.0,30
both,0.3,stable,dapper,pct_hybrid,75.83999999999997,1.6794087629589933,75.24000000000001,76.43333333333332,30
both,0.3,stable,dapper,pct_degraded_safe,0.0,0.0,0.0,0.0,30
both,0.3,congested,dapper,deadline_miss_rate,0.0,0.0,0.0,0.0,30
both,0.3,congested,dapper,p95_latency_ms,33.177330090928976,0.22120231347958716,33.100642074228396,33.25489384322235,30
both,0.3,congested,dapper,p99_latency_ms,34.569654504257194,0.14331079169840805,34.51770307750993,34.618225151451725,30
both,0.3,congested,dapper,mean_latency_ms,14.590960697859876,0.49424886900819937,14.408787472937577,14.756382328106797,30
both,0.3,congested,dapper,usable_confidence_proxy,0.7249872413581905,0.0027344812853869684,0.7240402308490546,0.7259510277598717,30
both,0.3,congested,dapper,mean_output_confidence,0.7249872413581905,0.0027344812853869684,0.7240402308490546,0.7259510277598717,30
both,0.3,congested,dapper,bandwidth_per_1000_frames_kb,0.0,0.0,0.0,0.0,30
both,0.3,congested,dapper,remote_attempt_rate,0.0,0.0,0.0,0.0,30
both,0.3,congested,dapper,remote_accept_rate,0.0,0.0,0.0,0.0,30
both,0.3,congested,dapper,remote_accepted_per_frame,0.0,0.0,0.0,0.0,30
both,0.3,congested,dapper,remote_rejected_deadline_rate,0.0,0.0,0.0,0.0,30
both,0.3,congested,dapper,remote_failed_loss_rate,0.0,0.0,0.0,0.0,30
both,0.3,congested,dapper,fallback_rate,0.5233333333333333,0.02882208603967036,0.5133991666666666,0.5339341666666667,30
both,0.3,congested,dapper,reuse_rate,0.4338,0.019693163525832325,0.42716666666666664,0.4411333333333332,30
both,0.3,congested,dapper,stale_acceptance_rate,0.0,0.0,0.0,0.0,30
both,0.3,congested,dapper,mode_switches_per_1000,253.63333333333333,13.909766683715523,248.83333333333334,258.7,30
both,0.3,congested,dapper,pct_local_fast,47.66666666666667,2.882208603967036,46.606583333333326,48.66008333333333,30
both,0.3,congested,dapper,pct_edge_accurate,0.0,0.0,0.0,0.0,30
both,0.3,congested,dapper,pct_hybrid,0.0,0.0,0.0,0.0,30
both,0.3,congested,dapper,pct_degraded_safe,52.33333333333333,2.8822086039670363,51.33991666666666,53.39341666666667,30
both,0.3,variable,dapper,deadline_miss_rate,0.0,0.0,0.0,0.0,30
both,0.3,variable,dapper,p95_latency_ms,33.674768472058055,0.2427916531635354,33.587690210061574,33.7595867202122,30
both,0.3,variable,dapper,p99_latency_ms,34.69312506941665,0.11021835101939305,34.65151016485416,34.7296623729643,30
both,0.3,variable,dapper,mean_latency_ms,19.857466421928205,0.7718315053276315,19.585654529783113,20.121523010726428,30
both,0.3,variable,dapper,usable_confidence_proxy,0.7266542712822329,0.002273697664049139,0.7258561408103495,0.7274378213073093,30
both,0.3,variable,dapper,mean_output_confidence,0.7255286545901799,0.0021170519671407572,0.7247910948382114,0.7262796461784357,30
both,0.3,variable,dapper,bandwidth_per_1000_frames_kb,379.1666666666667,144.00121726816286,330.0,428.35416666666634,30
both,0.3,variable,dapper,remote_attempt_rate,0.015166666666666669,0.005760048690726515,0.013200000000000002,0.01713416666666666,30
both,0.3,variable,dapper,remote_accept_rate,0.46926959722058886,0.1348457686614683,0.4218537268674709,0.5146493150677666,30
both,0.3,variable,dapper,remote_accepted_per_frame,0.007100000000000001,0.003467583875126092,0.005900000000000002,0.008300000000000002,30
both,0.3,variable,dapper,remote_rejected_deadline_rate,0.44188783534865334,0.1560122539455603,0.38961085602380274,0.4982113693925302,30
both,0.3,variable,dapper,remote_failed_loss_rate,0.08884256743075784,0.08571750384643792,0.060712267918017065,0.12182587097184593,30
both,0.3,variable,dapper,fallback_rate,0.26666666666666666,0.04070527656496004,0.2530325,0.28099999999999997,30
both,0.3,variable,dapper,reuse_rate,0.21226666666666671,0.03110153930477456,0.2019,0.22323333333333334,30
both,0.3,variable,dapper,stale_acceptance_rate,0.0,0.0,0.0,0.0,30
both,0.3,variable,dapper,mode_switches_per_1000,195.33333333333334,20.533124345853917,188.3325,202.36666666666667,30
both,0.3,variable,dapper,pct_local_fast,76.98333333333333,3.0013885675355882,75.92666666666668,77.98333333333333,30
both,0.3,variable,dapper,pct_edge_accurate,0.0,0.0,0.0,0.0,30
both,0.3,variable,dapper,pct_hybrid,1.5166666666666668,0.5760048690726514,1.32,1.7134166666666655,30
both,0.3,variable,dapper,pct_degraded_safe,21.500000000000004,3.1876918468297446,20.42991666666667,22.623333333333328,30
