policy,profile,seed,deadline_ms,frames,mean_latency_ms,p95_latency_ms,p99_latency_ms,max_latency_ms,mean_final_latency_ms,deadline_miss_rate,mean_output_confidence,usable_confidence_proxy,total_bandwidth_kb,bandwidth_per_frame_kb,bandwidth_per_1000_frames_kb,fallback_rate,reuse_rate,stale_acceptance_rate,remote_attempt_rate,remote_success_rate,remote_accept_rate,remote_accepted_per_frame,remote_rejected_deadline_rate,remote_rejected_freshness_rate,remote_failed_loss_rate,remote_unreachable_rate,pct_local_fast,pct_edge_accurate,pct_hybrid,pct_degraded_safe,mode_switches,mode_switches_per_1000,bias_target,rtt_estimate_bias,compute_estimate_bias,bias
dapper,stable,100,100.0,1000,25.279403323317702,33.96035223762113,34.73962355895296,34.988775105687154,51.53514833678389,0.0,0.7265268897628933,0.792417917211626,21350.0,21.35,21350.0,0.0,0.0,0.0,0.854,0.9918032786885246,0.4953161592505855,0.423,0.4964871194379391,0.0,0.00819672131147541,0.0,14.6,0.0,85.39999999999999,0.0,259,259.0,rtt,-0.3,0.0,-0.3
dapper,stable,101,100.0,1000,24.820657080469697,33.96040511204254,34.788072376532675,34.99828909781833,53.53675771177409,0.0,0.7249338588619687,0.7978649635318986,21700.0,21.7,21700.0,0.0,0.0,0.0,0.868,0.9896313364055299,0.5288018433179723,0.459,0.4608294930875576,0.0,0.010368663594470046,0.0,13.200000000000001,0.0,86.8,0.0,231,231.0,rtt,-0.3,0.0,-0.3
dapper,stable,102,100.0,1000,24.835880473076735,33.70682378335116,34.74818297607158,34.965240972972765,51.8627260021259,0.0,0.727324394359075,0.800034845226407,20900.0,20.9,20900.0,0.0,0.0,0.0,0.836,0.992822966507177,0.5263157894736842,0.44,0.4665071770334928,0.0,0.007177033492822967,0.0,16.400000000000002,0.0,83.6,0.0,284,284.0,rtt,-0.3,0.0,-0.3
dapper,stable,103,100.0,1000,24.972078044518216,34.293187186352334,34.89307765319619,34.99802137082616,53.372703891643845,0.0,0.7236659440861409,0.7991290672988378,21525.0,21.525,21525.0,0.0,0.0,0.0,0.861,0.9883855981416957,0.5342624854819977,0.46,0.454123112659698,0.0,0.011614401858304297,0.0,13.900000000000002,0.0,86.1,0.0,237,237.0,rtt,-0.3,0.0,-0.3
dapper,stable,104,100.0,1000,24.98622097286207,33.860115377670134,34.74837408619961,34.98656616097203,51.037343944723006,0.0,0.7240926018777877,0.7898578469524961,21900.0,21.9,21900.0,0.0,0.0,0.0,0.876,0.9920091324200914,0.4794520547945205,0.42,0.5125570776255708,0.0,0.007990867579908675,0.0,12.4,0.0,87.6,0.0,220,220.0,rtt,-0.3,0.0,-0.3
dapper,stable,105,100.0,1000,24.85634769037545,33.82025179084476,34.62504012903672,34.93314580405199,51.59710330911793,0.0,0.7262361051095783,0.7959250227091806,21250.0,21.25,21250.0,0.0,0.0,0.0,0.85,0.9905882352941177,0.5105882352941177,0.434,0.48,0.0,0.009411764705882352,0.0,15.0,0.0,85.0,0.0,256,256.0,rtt,-0.3,0.0,-0.3
dapper,stable,106,100.0,1000,24.716410963251104,33.86074949026578,34.68730165917939,34.933586993197196,52.69637342008328,0.0,0.7229428904328138,0.7962430814491968,21425.0,21.425,21425.0,0.0,0.0,0.0,0.857,0.9918319719953326,0.5227537922987164,0.448,0.4690781796966161,0.0,0.008168028004667444,0.0,14.299999999999999,0.0,85.7,0.0,252,252.0,rtt,-0.3,0.0,-0.3
dapper,stable,107,100.0,1000,24.88557902804772,33.83424628214373,34.89267109559948,34.9936438529993,53.380353744565205,0.0,0.7245133185042392,0.7993133636844371,22025.0,22.025,22025.0,0.0,0.0,0.0,0.881,0.9886492622020431,0.5187287173666288,0.457,0.4699205448354143,0.0,0.011350737797956867,0.0,11.899999999999999,0.0,88.1,0.0,198,198.0,rtt,-0.3,0.0,-0.3
dapper,stable,108,100.0,1000,25.235897183714567,34.2868707566229,34.87218349603604,34.989690121554816,51.92467360201944,0.0,0.7254394152220247,0.7967132376294662,21500.0,21.5,21500.0,0.0,0.0,0.0,0.86,0.9872093023255814,0.5023255813953489,0.432,0.4848837209302326,0.0,0.012790697674418604,0.0,14.000000000000002,0.0,86.0,0.0,231,231.0,rtt,-0.3,0.0,-0.3
dapper,stable,109,100.0,1000,25.268964708760926,34.15910526808331,34.79620852522923,34.94284900848466,51.53790445445115,0.0,0.7225069831603355,0.7908717000411818,21775.0,21.775,21775.0,0.0,0.0,0.0,0.871,0.9850746268656716,0.4845005740528129,0.422,0.5005740528128588,0.0,0.014925373134328358,0.0,12.9,0.0,87.1,0.0,228,228.0,rtt,-0.3,0.0,-0.3
dapper,stable,110,100.0,1000,24.978043487255007,33.957417382454665,34.80033649104111,34.99011804008187,51.64725260956925,0.0,0.7239727698806182,0.7935801521646344,21400.0,21.4,21400.0,0.0,0.0,0.0,0.856,0.985981308411215,0.5035046728971962,0.431,0.4824766355140187,0.0,0.014018691588785047,0.0,14.399999999999999,0.0,85.6,0.0,261,261.0,rtt,-0.3,0.0,-0.3
dapper,stable,111,100.0,1000,25.491345575881343,33.99942489704205,34.77294614292747,34.98882482505357,52.77932606666301,0.0,0.7264559107913696,0.7988751227250941,20975.0,20.975,20975.0,0.0,0.0,0.0,0.839,0.9916567342073898,0.5256257449344458,0.441,0.466030989272944,0.0,0.00834326579261025,0.0,16.1,0.0,83.89999999999999,0.0,276,276.0,rtt,-0.3,0.0,-0.3
dapper,stable,112,100.0,1000,25.044635098675773,33.93678625080242,34.80594764992258,34.978994945141224,52.774438295965986,0.0,0.7245903067601731,0.7942867336915719,21700.0,21.7,21700.0,0.0,0.0,0.0,0.868,0.9919354838709677,0.5103686635944701,0.443,0.4815668202764977,0.0,0.008064516129032258,0.0,13.200000000000001,0.0,86.8,0.0,220,220.0,rtt,-0.3,0.0,-0.3
dapper,stable,113,100.0,1000,24.924957379086543,33.92528008813723,34.852479041190236,34.99387303551587,50.565197370598845,0.0,0.725184772552611,0.7910288053494875,21600.0,21.6,21600.0,0.0,0.0,0.0,0.864,0.9826388888888888,0.48032407407407407,0.415,0.5023148148148148,0.0,0.017361111111111112,0.0,13.600000000000001,0.0,86.4,0.0,239,239.0,rtt,-0.3,0.0,-0.3
dapper,stable,114,100.0,1000,25.128438548268,33.86993382489312,34.786318253661975,34.99771913787838,53.866453690073165,0.0,0.7237524930795687,0.7977940224588013,21900.0,21.9,21900.0,0.0,0.0,0.0,0.876,0.9908675799086758,0.5308219178082192,0.465,0.4600456621004566,0.0,0.0091324200913242,0.0,12.4,0.0,87.6,0.0,214,214.0,rtt,-0.3,0.0,-0.3
dapper,stable,115,100.0,1000,25.094705607799348,34.162413089123824,34.74465384721523,34.970565607066455,51.94937303752475,0.0,0.7245886848920773,0.7944537871206474,21750.0,21.75,21750.0,0.0,0.0,0.0,0.87,0.9873563218390805,0.5011494252873563,0.436,0.4862068965517241,0.0,0.01264367816091954,0.0,13.0,0.0,87.0,0.0,219,219.0,rtt,-0.3,0.0,-0.3
dapper,stable,116,100.0,1000,25.028301912688907,34.05041769477859,34.88445460350265,34.99403448766891,54.211607535281885,0.0,0.7244573126145593,0.798391101095973,21750.0,21.75,21750.0,0.0,0.0,0.0,0.87,0.9942528735632183,0.5448275862068965,0.474,0.4494252873563218,0.0,0.005747126436781609,0.0,13.0,0.0,87.0,0.0,221,221.0,rtt,-0.3,0.0,-0.3
dapper,stable,117,100.0,1000,24.997182216762514,33.94211020128963,34.806950360419165,34.98156739475102,51.94396103000347,0.0,0.7238166310991714,0.7935256482510197,21850.0,21.85,21850.0,0.0,0.0,0.0,0.874,0.9862700228832952,0.4897025171624714,0.428,0.4965675057208238,0.0,0.013729977116704805,0.0,12.6,0.0,87.4,0.0,226,226.0,rtt,-0.3,0.0,-0.3
dapper,stable,118,100.0,1000,25.026589048763064,34.146334679362305,34.835239525322194,34.964244111574146,52.20873167600773,0.0,0.7280528994609765,0.7960765304196257,21475.0,21.475,21475.0,0.0,0.0,0.0,0.859,0.9906868451688009,0.5075669383003493,0.436,0.4831199068684517,0.0,0.009313154831199068,0.0,14.099999999999998,0.0,85.9,0.0,244,244.0,rtt,-0.3,0.0,-0.3
dapper,stable,119,100.0,1000,24.80107188012856,34.00280379558126,34.81754573602827,34.936826663719394,53.78667209236602,0.0,0.7243707963012889,0.799875204249307,21925.0,21.925,21925.0,0.0,0.0,0.0,0.877,0.9874572405929305,0.5324971493728621,0.467,0.4549600912200684,0.0,0.012542759407069556,0.0,12.3,0.0,87.7,0.0,228,228.0,rtt,-0.3,0.0,-0.3
dapper,stable,120,100.0,1000,25.000139802139184,33.83887438020657,34.75482963071029,34.96519781982063,52.586658253654925,0.0,0.7247996031934949,0.7950348677637523,21800.0,21.8,21800.0,0.0,0.0,0.0,0.872,0.9839449541284404,0.5103211009174312,0.445,0.4736238532110092,0.0,0.016055045871559634,0.0,12.8,0.0,87.2,0.0,212,212.0,rtt,-0.3,0.0,-0.3
dapper,stable,121,100.0,1000,24.870142370806825,34.08802278656587,34.79782372711737,34.96061084968983,51.218892289603616,0.0,0.7235062491591376,0.7917923991779289,21800.0,21.8,21800.0,0.0,0.0,0.0,0.872,0.9862385321100917,0.48394495412844035,0.422,0.5022935779816514,0.0,0.013761467889908258,0.0,12.8,0.0,87.2,0.0,219,219.0,rtt,-0.3,0.0,-0.3
dapper,stable,122,100.0,1000,24.829111935230273,33.958468133447,34.74506049633189,34.924143640943036,53.271418624119164,0.0,0.7259117747422895,0.7982645293058339,21950.0,21.95,21950.0,0.0,0.0,0.0,0.878,0.9886104783599089,0.5148063781321185,0.452,0.47380410022779046,0.0,0.011389521640091117,0.0,12.2,0.0,87.8,0.0,200,200.0,rtt,-0.3,0.0,-0.3
dapper,stable,123,100.0,1000,25.35470141463279,34.01400394209814,34.728637206489786,34.90743937957425,51.64158095400979,0.0,0.7231039957478556,0.7928850748486099,22225.0,22.225,22225.0,0.0,0.0,0.0,0.889,0.9820022497187851,0.4769403824521935,0.424,0.5050618672665916,0.0,0.01799775028121485,0.0,11.1,0.0,88.9,0.0,196,196.0,rtt,-0.3,0.0,-0.3
dapper,stable,124,100.0,1000,25.00583269004324,34.03261405514325,34.80612955591713,34.95256595801938,50.8126236179597,0.0,0.7270004160651047,0.7942088997255117,21000.0,21.0,21000.0,0.0,0.0,0.0,0.84,0.9928571428571429,0.49642857142857144,0.417,0.49642857142857144,0.0,0.007142857142857143,0.0,16.0,0.0,84.0,0.0,280,280.0,rtt,-0.3,0.0,-0.3
dapper,stable,125,100.0,1000,24.9867591189863,33.982185709447386,34.8021659840167,34.99165214842439,53.959249959158115,0.0,0.7268533605073024,0.7989657788847586,21650.0,21.65,21650.0,0.0,0.0,0.0,0.866,0.9919168591224018,0.5323325635103926,0.461,0.45958429561200925,0.0,0.008083140877598153,0.0,13.4,0.0,86.6,0.0,238,238.0,rtt,-0.3,0.0,-0.3
dapper,stable,126,100.0,1000,24.628886386363657,33.70638744138536,34.672811784104226,34.983867296625746,53.134621864449656,0.0,0.726794351381784,0.8009463128693688,21175.0,21.175,21175.0,0.0,0.0,0.0,0.847,0.9881936245572609,0.5419126328217237,0.459,0.4462809917355372,0.0,0.011806375442739079,0.0,15.299999999999999,0.0,84.7,0.0,252,252.0,rtt,-0.3,0.0,-0.3
dapper,stable,127,100.0,1000,25.164646066804526,34.17312143282042,34.80106095916998,34.970740898815485,54.30743225703345,0.0,0.7237258806201099,0.7969399991420358,22125.0,22.125,22125.0,0.0,0.0,0.0,0.885,0.9909604519774011,0.5276836158192091,0.467,0.4632768361581921,0.0,0.00903954802259887,0.0,11.5,0.0,88.5,0.0,207,207.0,rtt,-0.3,0.0,-0.3
dapper,stable,128,100.0,1000,25.178185128090664,33.92859815320874,34.67968897440042,34.972660274630584,53.589153958153254,0.0,0.7271450910033325,0.7988558762020542,21425.0,21.425,21425.0,0.0,0.0,0.0,0.857,0.9836639439906651,0.5309218203033839,0.455,0.45274212368728123,0.0,0.01633605600933489,0.0,14.299999999999999,0.0,85.7,0.0,237,237.0,rtt,-0.3,0.0,-0.3
dapper,stable,129,100.0,1000,25.217209562918274,34.07064808785484,34.83459462785327,34.9933571344785,53.065152250426124,0.0,0.722736266433297,0.7957788932941594,21825.0,21.825,21825.0,0.0,0.0,0.0,0.873,0.9896907216494846,0.5131729667812142,0.448,0.4765177548682703,0.0,0.010309278350515464,0.0,12.7,0.0,87.3,0.0,214,214.0,rtt,-0.3,0.0,-0.3
dapper,congested,100,100.0,1000,24.931615048786146,33.928407620489025,34.77556075006328,34.97404020175507,24.931615048786146,0.0,0.7231503929045445,0.7231503929045445,925.0,0.925,925.0,0.0,0.0,0.0,0.037,0.972972972972973,0.0,0.0,0.972972972972973,0.0,0.02702702702702703,0.0,96.3,0.0,3.6999999999999997,0.0,56,56.0,rtt,-0.3,0.0,-0.3
dapper,congested,101,100.0,1000,25.188437717504375,34.03466107987438,34.84243479054015,34.99327875607795,25.188437717504375,0.0,0.7240147265422211,0.7240147265422211,875.0,0.875,875.0,0.0,0.0,0.0,0.035,0.9428571428571428,0.0,0.0,0.9428571428571428,0.0,0.05714285714285714,0.0,96.5,0.0,3.5000000000000004,0.0,44,44.0,rtt,-0.3,0.0,-0.3
dapper,congested,102,100.0,1000,25.03548939727799,33.96479457393766,34.69588731781126,34.989536221406055,25.03548939727799,0.0,0.7265290036152598,0.7265290036152598,1475.0,1.475,1475.0,0.0,0.0,0.0,0.059,0.9322033898305084,0.0,0.0,0.9322033898305084,0.0,0.06779661016949153,0.0,94.1,0.0,5.8999999999999995,0.0,78,78.0,rtt,-0.3,0.0,-0.3
dapper,congested,103,100.0,1000,25.03328827891089,34.09454856492267,34.78542999553827,34.985893217625524,25.03328827891089,0.0,0.7249975495254066,0.7249975495254066,1175.0,1.175,1175.0,0.0,0.0,0.0,0.047,0.9574468085106383,0.0,0.0,0.9574468085106383,0.0,0.0425531914893617,0.0,95.3,0.0,4.7,0.0,61,61.0,rtt,-0.3,0.0,-0.3
dapper,congested,104,100.0,1000,24.969774547081954,33.81394766067372,34.81048977789511,34.94578824107255,24.969774547081954,0.0,0.7273630134211108,0.7273630134211108,1175.0,1.175,1175.0,0.0,0.0,0.0,0.047,0.9574468085106383,0.0,0.0,0.9574468085106383,0.0,0.0425531914893617,0.0,95.3,0.0,4.7,0.0,54,54.0,rtt,-0.3,0.0,-0.3
dapper,congested,105,100.0,1000,24.881530354040223,34.02785562253984,34.86009343610894,34.98145078352877,24.881530354040223,0.0,0.7241433821596263,0.7241433821596263,1200.0,1.2,1200.0,0.0,0.0,0.0,0.048,0.9583333333333334,0.0,0.0,0.9583333333333334,0.0,0.041666666666666664,0.0,95.19999999999999,0.0,4.8,0.0,58,58.0,rtt,-0.3,0.0,-0.3
dapper,congested,106,100.0,1000,24.9413023153378,33.98450796903268,34.753821099438774,34.98979405154197,24.9413023153378,0.0,0.7260421946156992,0.7260421946156992,950.0,0.95,950.0,0.0,0.0,0.0,0.038,0.9736842105263158,0.0,0.0,0.9736842105263158,0.0,0.02631578947368421,0.0,96.2,0.0,3.8,0.0,54,54.0,rtt,-0.3,0.0,-0.3
dapper,congested,107,100.0,1000,24.886925897119337,33.88426057014752,34.77470672268729,34.998762184541775,24.886925897119337,0.0,0.7258328653791636,0.7258328653791636,1075.0,1.075,1075.0,0.0,0.0,0.0,0.043,0.9534883720930233,0.0,0.0,0.9534883720930233,0.0,0.046511627906976744,0.0,95.7,0.0,4.3,0.0,62,62.0,rtt,-0.3,0.0,-0.3
dapper,congested,108,100.0,1000,25.12572335979201,33.943119032195405,34.814499351033405,34.99655745974279,25.12572335979201,0.0,0.7241104019978909,0.7241104019978909,1100.0,1.1,1100.0,0.0,0.0,0.0,0.044,0.8863636363636364,0.0,0.0,0.8863636363636364,0.0,0.11363636363636363,0.0,95.6,0.0,4.3999999999999995,0.0,56,56.0,rtt,-0.3,0.0,-0.3
dapper,congested,109,100.0,1000,25.037194206353533,33.93181537323021,34.785030538309286,34.98925809716232,25.037194206353533,0.0,0.7232170518910273,0.7232170518910273,700.0,0.7,700.0,0.0,0.0,0.0,0.028,0.9642857142857143,0.0,0.0,0.9642857142857143,0.0,0.03571428571428571,0.0,97.2,0.0,2.8000000000000003,0.0,46,46.0,rtt,-0.3,0.0,-0.3
dapper,congested,110,100.0,1000,24.809401201588823,33.71973175922034,34.60151524624712,34.90888622322395,24.809401201588823,0.0,0.7246041378695668,0.7246041378695668,1275.0,1.275,1275.0,0.0,0.0,0.0,0.051,0.9803921568627451,0.0,0.0,0.9803921568627451,0.0,0.0196078431372549,0.0,94.89999999999999,0.0,5.1,0.0,54,54.0,rtt,-0.3,0.0,-0.3
dapper,congested,111,100.0,1000,25.119606788303717,34.001774933641265,34.74455155405684,34.96241421096305,25.119606788303717,0.0,0.725386178810248,0.725386178810248,950.0,0.95,950.0,0.0,0.0,0.0,0.038,1.0,0.0,0.0,1.0,0.0,0.0,0.0,96.2,0.0,3.8,0.0,46,46.0,rtt,-0.3,0.0,-0.3
dapper,congested,112,100.0,1000,25.185269217607274,33.90095224371657,34.76580213455383,34.985906989642146,25.185269217607274,0.0,0.7266896434568639,0.7266896434568639,1250.0,1.25,1250.0,0.0,0.0,0.0,0.05,0.98,0.0,0.0,0.98,0.0,0.02,0.0,95.0,0.0,5.0,0.0,58,58.0,rtt,-0.3,0.0,-0.3
dapper,congested,113,100.0,1000,24.906335043070264,33.941743755105556,34.77247181035648,34.98424994294581,24.906335043070264,0.0,0.7265627615919971,0.7265627615919971,1300.0,1.3,1300.0,0.0,0.0,0.0,0.052,0.9807692307692307,0.0,0.0,0.9807692307692307,0.0,0.019230769230769232,0.0,94.8,0.0,5.2,0.0,58,58.0,rtt,-0.3,0.0,-0.3
dapper,congested,114,100.0,1000,25.106436885026124,33.99518413696301,34.87476614646897,34.96282987218834,25.106436885026124,0.0,0.7286951154525153,0.7286951154525153,725.0,0.725,725.0,0.0,0.0,0.0,0.029,0.896551724137931,0.0,0.0,0.896551724137931,0.0,0.10344827586206896,0.0,97.1,0.0,2.9000000000000004,0.0,38,38.0,rtt,-0.3,0.0,-0.3
dapper,congested,115,100.0,1000,25.22862077033868,34.01033183391731,34.751795785617006,34.96593743598228,25.22862077033868,0.0,0.7228431329922943,0.7228431329922943,1075.0,1.075,1075.0,0.0,0.0,0.0,0.043,0.9302325581395349,0.0,0.0,0.9302325581395349,0.0,0.06976744186046512,0.0,95.7,0.0,4.3,0.0,62,62.0,rtt,-0.3,0.0,-0.3
dapper,congested,116,100.0,1000,25.532666746770744,33.96456327797874,34.77240430108412,34.9771698353159,25.532666746770744,0.0,0.725945101429929,0.725945101429929,1400.0,1.4,1400.0,0.0,0.0,0.0,0.056,0.9821428571428571,0.0,0.0,0.9821428571428571,0.0,0.017857142857142856,0.0,94.39999999999999,0.0,5.6000000000000005,0.0,60,60.0,rtt,-0.3,0.0,-0.3
dapper,congested,117,100.0,1000,24.586721544902087,33.766185707586004,34.70675091481512,34.994340946660934,24.586721544902087,0.0,0.7255476583450682,0.7255476583450682,1000.0,1.0,1000.0,0.0,0.0,0.0,0.04,0.925,0.0,0.0,0.925,0.0,0.075,0.0,96.0,0.0,4.0,0.0,62,62.0,rtt,-0.3,0.0,-0.3
dapper,congested,118,100.0,1000,25.162494743028066,34.01490807545646,34.75940662114508,34.968506891824205,25.162494743028066,0.0,0.7267436342489003,0.7267436342489003,1250.0,1.25,1250.0,0.0,0.0,0.0,0.05,0.92,0.0,0.0,0.92,0.0,0.08,0.0,95.0,0.0,5.0,0.0,62,62.0,rtt,-0.3,0.0,-0.3
dapper,congested,119,100.0,1000,25.33798431808029,33.930297923071485,34.79939395844596,34.97944595589328,25.33798431808029,0.0,0.7233345714577454,0.7233345714577454,1150.0,1.15,1150.0,0.0,0.0,0.0,0.046,0.9782608695652174,0.0,0.0,0.9782608695652174,0.0,0.021739130434782608,0.0,95.39999999999999,0.0,4.6,0.0,64,64.0,rtt,-0.3,0.0,-0.3
dapper,congested,120,100.0,1000,24.938916091364213,33.99634834863332,34.78821886321599,34.985958566309606,24.938916091364213,0.0,0.7244242831436923,0.7244242831436923,800.0,0.8,800.0,0.0,0.0,0.0,0.032,1.0,0.0,0.0,1.0,0.0,0.0,0.0,96.8,0.0,3.2,0.0,38,38.0,rtt,-0.3,0.0,-0.3
dapper,congested,121,100.0,1000,24.80917420207108,33.750343569648706,34.75280697328194,34.996277370025744,24.80917420207108,0.0,0.7240164055794182,0.7240164055794182,875.0,0.875,875.0,0.0,0.0,0.0,0.035,0.9428571428571428,0.0,0.0,0.9428571428571428,0.0,0.05714285714285714,0.0,96.5,0.0,3.5000000000000004,0.0,52,52.0,rtt,-0.3,0.0,-0.3
dapper,congested,122,100.0,1000,24.869545093034485,33.85721546067485,34.770700984913006,34.91653465760954,24.869545093034485,0.0,0.7271559083016325,0.7271559083016325,900.0,0.9,900.0,0.0,0.0,0.0,0.036,0.9722222222222222,0.0,0.0,0.9722222222222222,0.0,0.027777777777777776,0.0,96.39999999999999,0.0,3.5999999999999996,0.0,52,52.0,rtt,-0.3,0.0,-0.3
dapper,congested,123,100.0,1000,25.019147835962976,34.0068905091913,34.771507219222585,34.98883073588995,25.019147835962976,0.0,0.723120628404554,0.723120628404554,1300.0,1.3,1300.0,0.0,0.0,0.0,0.052,0.9615384615384616,0.0,0.0,0.9615384615384616,0.0,0.038461538461538464,0.0,94.8,0.0,5.2,0.0,64,64.0,rtt,-0.3,0.0,-0.3
dapper,congested,124,100.0,1000,24.84861311989367,33.78084958434015,34.66363593071505,34.94326242767353,24.84861311989367,0.0,0.7246412727356085,0.7246412727356085,1450.0,1.45,1450.0,0.0,0.0,0.0,0.058,0.9827586206896551,0.0,0.0,0.9827586206896551,0.0,0.017241379310344827,0.0,94.19999999999999,0.0,5.800000000000001,0.0,70,70.0,rtt,-0.3,0.0,-0.3
dapper,congested,125,100.0,1000,25.028806878728822,34.05786747219948,34.83418763630404,34.99974319601896,25.028806878728822,0.0,0.7225453340361464,0.7225453340361464,1650.0,1.65,1650.0,0.0,0.0,0.0,0.066,0.9696969696969697,0.0,0.0,0.9696969696969697,0.0,0.030303030303030304,0.0,93.4,0.0,6.6000000000000005,0.0,70,70.0,rtt,-0.3,0.0,-0.3
dapper,congested,126,100.0,1000,25.01200503410485,33.97988585528562,34.774114294105054,34.99086328598782,25.01200503410485,0.0,0.7260325028592299,0.7260325028592299,1325.0,1.325,1325.0,0.0,0.0,0.0,0.053,0.8867924528301887,0.0,0.0,0.8867924528301887,0.0,0.11320754716981132,0.0,94.69999999999999,0.0,5.3,0.0,70,70.0,rtt,-0.3,0.0,-0.3
dapper,congested,127,100.0,1000,25.067778068181923,34.00531179234195,34.71031183612322,34.99801668883106,25.067778068181923,0.0,0.7239904038714414,0.7239904038714414,1025.0,1.025,1025.0,0.0,0.0,0.0,0.041,0.9512195121951219,0.0,0.0,0.9512195121951219,0.0,0.04878048780487805,0.0,95.89999999999999,0.0,4.1000000000000005,0.0,58,58.0,rtt,-0.3,0.0,-0.3
dapper,congested,128,100.0,1000,24.85704421534759,34.08647701991846,34.783499539553866,34.99302751306131,24.85704421534759,0.0,0.7235741311250974,0.7235741311250974,1225.0,1.225,1225.0,0.0,0.0,0.0,0.049,0.9795918367346939,0.0,0.0,0.9795918367346939,0.0,0.02040816326530612,0.0,95.1,0.0,4.9,0.0,70,70.0,rtt,-0.3,0.0,-0.3
dapper,congested,129,100.0,1000,24.920063724669387,33.90591045177916,34.77957296022762,34.981958638619645,24.920063724669387,0.0,0.7225927676936471,0.7225927676936471,800.0,0.8,800.0,0.0,0.0,0.0,0.032,0.9375,0.0,0.0,0.9375,0.0,0.0625,0.0,96.8,0.0,3.2,0.0,47,47.0,rtt,-0.3,0.0,-0.3
dapper,variable,100,100.0,1000,19.88432481747889,33.61420558459003,34.76027410675784,34.95054826151675,22.01190912714196,0.0,0.7259494975552994,0.730947903325514,12125.0,12.125,12125.0,0.282,0.214,0.0,0.485,0.9278350515463918,0.06804123711340206,0.033,0.8597938144329897,0.0,0.07216494845360824,0.0,30.099999999999998,0.0,48.5,21.4,389,389.0,rtt,-0.3,0.0,-0.3
dapper,variable,101,100.0,1000,19.95785345569506,33.51859359353788,34.716729365681125,34.99816501848515,22.5143426760284,0.0,0.7274250735029988,0.7337157721815029,13575.0,13.575,13575.0,0.253,0.197,0.0,0.543,0.9410681399631676,0.06998158379373849,0.038,0.8710865561694291,0.0,0.058931860036832415,0.0,26.0,0.0,54.300000000000004,19.7,370,370.0,rtt,-0.3,0.0,-0.3
dapper,variable,102,100.0,1000,21.834264010846912,33.952084801243224,34.85412725538718,34.995332379528136,24.658617128119847,0.0,0.7252911865625793,0.732400006905043,14200.0,14.2,14200.0,0.163,0.127,0.0,0.568,0.9049295774647887,0.07394366197183098,0.042,0.8309859154929577,0.0,0.09507042253521127,0.0,30.5,0.0,56.8,12.7,364,364.0,rtt,-0.3,0.0,-0.3
dapper,variable,103,100.0,1000,19.512093113412188,33.581179869308166,34.6745142049723,34.99051342908312,21.536858533775952,0.0,0.7264145780785138,0.7316018841146493,12550.0,12.55,12550.0,0.315,0.239,0.0,0.502,0.9183266932270916,0.05976095617529881,0.03,0.8585657370517928,0.0,0.08167330677290836,0.0,25.900000000000002,0.0,50.2,23.9,374,374.0,rtt,-0.3,0.0,-0.3
dapper,variable,104,100.0,1000,21.518439904160722,33.92297556550541,34.71580596411837,34.944614204784195,24.19286560109536,0.0,0.727405744674525,0.7335000817049102,13975.0,13.975,13975.0,0.187,0.143,0.0,0.559,0.9302325581395349,0.07155635062611806,0.04,0.8586762075134168,0.0,0.06976744186046512,0.0,29.799999999999997,0.0,55.900000000000006,14.299999999999999,385,385.0,rtt,-0.3,0.0,-0.3
dapper,variable,105,100.0,1000,20.409246302565197,33.52133876628223,34.7773651787171,34.98077376103997,23.376413958481,0.0,0.726150768098847,0.7330994621409599,13750.0,13.75,13750.0,0.238,0.184,0.0,0.55,0.9436363636363636,0.07818181818181819,0.043,0.8654545454545455,0.0,0.056363636363636366,0.0,26.6,0.0,55.00000000000001,18.4,359,359.0,rtt,-0.3,0.0,-0.3
dapper,variable,106,100.0,1000,21.621797773151822,33.5305156645498,34.67586933903363,34.993851868805095,24.252714976291177,0.0,0.7254470682295528,0.7321018092197896,13975.0,13.975,13975.0,0.174,0.135,0.0,0.559,0.9338103756708408,0.07155635062611806,0.04,0.8622540250447227,0.0,0.06618962432915922,0.0,30.599999999999998,0.0,55.900000000000006,13.5,352,352.0,rtt,-0.3,0.0,-0.3
dapper,variable,107,100.0,1000,20.234451338400376,33.6513949971422,34.722410045883045,34.98148819897819,22.468957915839745,0.0,0.7237161358789629,0.7289077856917393,12525.0,12.525,12525.0,0.254,0.194,0.0,0.501,0.9161676646706587,0.0658682634730539,0.033,0.8502994011976048,0.0,0.08383233532934131,0.0,30.5,0.0,50.1,19.400000000000002,367,367.0,rtt,-0.3,0.0,-0.3
dapper,variable,108,100.0,1000,20.50931185101458,33.99159903353784,34.77692101060002,34.94872090187498,23.329859816156162,0.0,0.7260340756214905,0.7332294597530742,13425.0,13.425,13425.0,0.259,0.195,0.0,0.537,0.9273743016759777,0.0782122905027933,0.042,0.8491620111731844,0.0,0.07262569832402235,0.0,26.8,0.0,53.7,19.5,365,365.0,rtt,-0.3,0.0,-0.3
dapper,variable,109,100.0,1000,21.210997956041414,33.76823065319891,34.76110730262953,34.98660651522982,23.060011675214664,0.0,0.7239038673745836,0.7281507289543079,13625.0,13.625,13625.0,0.203,0.156,0.0,0.545,0.9229357798165138,0.04954128440366973,0.027,0.8733944954128441,0.0,0.07706422018348624,0.0,29.9,0.0,54.50000000000001,15.6,366,366.0,rtt,-0.3,0.0,-0.3
dapper,variable,110,100.0,1000,20.982663888093814,33.908831310824965,34.67822534775889,34.98146709760653,22.85841796982215,0.0,0.7252583766377324,0.7294279576298566,14050.0,14.05,14050.0,0.226,0.171,0.0,0.562,0.9448398576512456,0.0498220640569395,0.028,0.895017793594306,0.0,0.05516014234875445,0.0,26.700000000000003,0.0,56.2,17.1,355,355.0,rtt,-0.3,0.0,-0.3
dapper,variable,111,100.0,1000,21.16809675678184,33.79838354481562,34.723349040720166,34.97684653932659,23.915975824972563,0.0,0.7256479697289735,0.7320268540917734,13275.0,13.275,13275.0,0.215,0.165,0.0,0.531,0.9416195856873822,0.07721280602636535,0.041,0.864406779661017,0.0,0.0583804143126177,0.0,30.4,0.0,53.1,16.5,369,369.0,rtt,-0.3,0.0,-0.3
dapper,variable,112,100.0,1000,21.078172240720427,34.0565418294024,34.79412676903375,34.95854802039493,24.212262504548903,0.0,0.728773769620013,0.7356621447394286,13875.0,13.875,13875.0,0.215,0.162,0.0,0.555,0.9351351351351351,0.08288288288288288,0.046,0.8522522522522522,0.0,0.06486486486486487,0.0,28.299999999999997,0.0,55.50000000000001,16.2,388,388.0,rtt,-0.3,0.0,-0.3
dapper,variable,113,100.0,1000,21.31694882499063,33.57682626381407,34.78843892853948,34.96829040868747,22.939955530397988,0.0,0.7264232866327129,0.7299965758384606,14000.0,14.0,14000.0,0.195,0.148,0.0,0.56,0.9375,0.04285714285714286,0.024,0.8946428571428572,0.0,0.0625,0.0,29.2,0.0,56.00000000000001,14.799999999999999,367,367.0,rtt,-0.3,0.0,-0.3
dapper,variable,114,100.0,1000,19.67604199921086,33.53883646549626,34.61117657596823,34.99588156157893,21.825388136836153,0.0,0.7223593713543665,0.7273502718546296,12125.0,12.125,12125.0,0.265,0.204,0.0,0.485,0.931958762886598,0.06597938144329897,0.032,0.865979381443299,0.0,0.06804123711340206,0.0,31.1,0.0,48.5,20.4,384,384.0,rtt,-0.3,0.0,-0.3
dapper,variable,115,100.0,1000,21.574672548111323,33.364621656107765,34.626745067103904,34.87718954629805,24.665342545165135,0.0,0.7231527813269875,0.7306566370077305,13375.0,13.375,13375.0,0.171,0.132,0.0,0.535,0.9121495327102803,0.08411214953271028,0.045,0.8280373831775701,0.0,0.08785046728971962,0.0,33.300000000000004,0.0,53.5,13.200000000000001,361,361.0,rtt,-0.3,0.0,-0.3
dapper,variable,116,100.0,1000,20.906294903309245,33.98344969197258,34.76841725790863,34.94714462527301,22.74212994365831,0.0,0.7290119598437401,0.7338571453007148,12675.0,12.675,12675.0,0.236,0.181,0.0,0.507,0.9289940828402367,0.05325443786982249,0.027,0.8757396449704142,0.0,0.07100591715976332,0.0,31.2,0.0,50.7,18.099999999999998,377,377.0,rtt,-0.3,0.0,-0.3
dapper,variable,117,100.0,1000,22.79278973468874,34.240173789397694,34.82080355680936,34.990866631104254,24.372803158761158,0.0,0.7236089220200427,0.7273205153550273,14900.0,14.9,14900.0,0.131,0.099,0.0,0.596,0.9194630872483222,0.03859060402684564,0.023,0.8808724832214765,0.0,0.08053691275167785,0.0,30.5,0.0,59.599999999999994,9.9,343,343.0,rtt,-0.3,0.0,-0.3
dapper,variable,118,100.0,1000,21.261636132643194,33.51310316081959,34.400172701004855,34.868091607089696,24.857389495861092,0.0,0.7252176136214916,0.7333152836608016,14325.0,14.325,14325.0,0.191,0.146,0.0,0.573,0.924956369982548,0.09075043630017451,0.052,0.8342059336823735,0.0,0.07504363001745201,0.0,28.1,0.0,57.3,14.6,365,365.0,rtt,-0.3,0.0,-0.3
dapper,variable,119,100.0,1000,21.014738694675003,33.65904383541709,34.57959716197339,34.99635852821138,23.784886612310977,0.0,0.7246782245108351,0.7316367645275803,13475.0,13.475,13475.0,0.217,0.165,0.0,0.539,0.9276437847866419,0.07606679035250463,0.041,0.8515769944341373,0.0,0.07235621521335807,0.0,29.599999999999998,0.0,53.900000000000006,16.5,350,350.0,rtt,-0.3,0.0,-0.3
dapper,variable,120,100.0,1000,21.652203797202326,33.96526001626422,34.71258654891299,34.99491157025027,24.172457436631948,0.0,0.7236302032790113,0.7299100935256569,14875.0,14.875,14875.0,0.178,0.133,0.0,0.595,0.9294117647058824,0.06218487394957983,0.037,0.8672268907563025,0.0,0.07058823529411765,0.0,27.200000000000003,0.0,59.5,13.3,334,334.0,rtt,-0.3,0.0,-0.3
dapper,variable,121,100.0,1000,20.769854338698046,33.76407787463392,34.80089032279628,34.994688323129196,24.68125200719413,0.0,0.7246801812954811,0.7345887093906228,14100.0,14.1,14100.0,0.217,0.168,0.0,0.564,0.9273049645390071,0.10283687943262411,0.058,0.824468085106383,0.0,0.0726950354609929,0.0,26.8,0.0,56.39999999999999,16.8,347,347.0,rtt,-0.3,0.0,-0.3
dapper,variable,122,100.0,1000,21.16350775983448,33.694416258508085,34.631522901173106,34.97317679379236,24.26295773985177,0.0,0.7270704428833787,0.7339893009539761,13900.0,13.9,13900.0,0.196,0.15,0.0,0.556,0.9460431654676259,0.08093525179856115,0.045,0.8651079136690647,0.0,0.0539568345323741,0.0,29.4,0.0,55.60000000000001,15.0,359,359.0,rtt,-0.3,0.0,-0.3
dapper,variable,123,100.0,1000,21.141639097235224,33.79103353765298,34.79488657343286,34.98222422308634,23.229844990129337,0.0,0.7283106253308629,0.7340685729442107,13150.0,13.15,13150.0,0.213,0.162,0.0,0.526,0.9277566539923955,0.060836501901140684,0.032,0.8669201520912547,0.0,0.07224334600760456,0.0,31.2,0.0,52.6,16.2,365,365.0,rtt,-0.3,0.0,-0.3
dapper,variable,124,100.0,1000,21.732988484636902,33.61582768332837,34.67732058291188,34.996246009129095,23.750766552712175,0.0,0.7242599698219147,0.7290090601287487,15350.0,15.35,15350.0,0.169,0.132,0.0,0.614,0.9055374592833876,0.048859934853420196,0.03,0.8566775244299675,0.0,0.09446254071661238,0.0,25.4,0.0,61.4,13.200000000000001,362,362.0,rtt,-0.3,0.0,-0.3
dapper,variable,125,100.0,1000,20.769788307085673,33.55572104656107,34.7780426012565,34.94952031560075,23.64318483654006,0.0,0.7246252838037862,0.7310543455649272,14200.0,14.2,14200.0,0.222,0.17,0.0,0.568,0.926056338028169,0.07394366197183098,0.042,0.852112676056338,0.0,0.07394366197183098,0.0,26.200000000000003,0.0,56.8,17.0,354,354.0,rtt,-0.3,0.0,-0.3
dapper,variable,126,100.0,1000,21.1478810158433,33.75159446968112,34.720173914570076,34.997585709381326,23.72466143080774,0.0,0.730137150017489,0.7363161985328225,13775.0,13.775,13775.0,0.21,0.163,0.0,0.551,0.9219600725952813,0.07078039927404718,0.039,0.8511796733212341,0.0,0.0780399274047187,0.0,28.599999999999998,0.0,55.1,16.3,393,393.0,rtt,-0.3,0.0,-0.3
dapper,variable,127,100.0,1000,20.71779492129796,34.01155392391131,34.710521322396545,34.9805264786951,23.02161487856629,0.0,0.7255219403916765,0.7312200481640382,12875.0,12.875,12875.0,0.242,0.184,0.0,0.515,0.9475728155339805,0.06407766990291262,0.033,0.883495145631068,0.0,0.05242718446601942,0.0,30.099999999999998,0.0,51.5,18.4,387,387.0,rtt,-0.3,0.0,-0.3
dapper,variable,128,100.0,1000,19.610045047259096,33.63444553862527,34.724924465655434,34.96530254190218,21.62536846392843,0.0,0.7261744085071619,0.7302855686295497,12050.0,12.05,12050.0,0.277,0.213,0.0,0.482,0.9232365145228216,0.06016597510373444,0.029,0.8630705394190872,0.0,0.07676348547717843,0.0,30.5,0.0,48.199999999999996,21.3,360,360.0,rtt,-0.3,0.0,-0.3
dapper,variable,129,100.0,1000,21.042862199957614,33.95740515939866,34.77333674805944,34.967648156933706,23.1026692952386,0.0,0.7216920602775155,0.7266364366879909,13350.0,13.35,13350.0,0.226,0.174,0.0,0.534,0.9419475655430711,0.0599250936329588,0.032,0.8820224719101124,0.0,0.05805243445692884,0.0,29.2,0.0,53.400000000000006,17.4,364,364.0,rtt,-0.3,0.0,-0.3
dapper,stable,100,100.0,1000,25.279403323317702,33.96035223762113,34.73962355895296,34.988775105687154,51.53514833678389,0.0,0.7265268897628933,0.792417917211626,21350.0,21.35,21350.0,0.0,0.0,0.0,0.854,0.9918032786885246,0.4953161592505855,0.423,0.4964871194379391,0.0,0.00819672131147541,0.0,14.6,0.0,85.39999999999999,0.0,259,259.0,rtt,-0.2,0.0,-0.2
dapper,stable,101,100.0,1000,24.820657080469697,33.96040511204254,34.788072376532675,34.99828909781833,53.53675771177409,0.0,0.7249338588619687,0.7978649635318986,21700.0,21.7,21700.0,0.0,0.0,0.0,0.868,0.9896313364055299,0.5288018433179723,0.459,0.4608294930875576,0.0,0.010368663594470046,0.0,13.200000000000001,0.0,86.8,0.0,231,231.0,rtt,-0.2,0.0,-0.2
dapper,stable,102,100.0,1000,24.835880473076735,33.70682378335116,34.74818297607158,34.965240972972765,51.8627260021259,0.0,0.727324394359075,0.800034845226407,20900.0,20.9,20900.0,0.0,0.0,0.0,0.836,0.992822966507177,0.5263157894736842,0.44,0.4665071770334928,0.0,0.007177033492822967,0.0,16.400000000000002,0.0,83.6,0.0,284,284.0,rtt,-0.2,0.0,-0.2
dapper,stable,103,100.0,1000,24.972078044518216,34.293187186352334,34.89307765319619,34.99802137082616,53.372703891643845,0.0,0.7236659440861409,0.7991290672988378,21525.0,21.525,21525.0,0.0,0.0,0.0,0.861,0.9883855981416957,0.5342624854819977,0.46,0.454123112659698,0.0,0.011614401858304297,0.0,13.900000000000002,0.0,86.1,0.0,237,237.0,rtt,-0.2,0.0,-0.2
dapper,stable,104,100.0,1000,24.98622097286207,33.860115377670134,34.74837408619961,34.98656616097203,51.037343944723006,0.0,0.7240926018777877,0.7898578469524961,21900.0,21.9,21900.0,0.0,0.0,0.0,0.876,0.9920091324200914,0.4794520547945205,0.42,0.5125570776255708,0.0,0.007990867579908675,0.0,12.4,0.0,87.6,0.0,220,220.0,rtt,-0.2,0.0,-0.2
dapper,stable,105,100.0,1000,24.85634769037545,33.82025179084476,34.62504012903672,34.93314580405199,51.59710330911793,0.0,0.7262361051095783,0.7959250227091806,21250.0,21.25,21250.0,0.0,0.0,0.0,0.85,0.9905882352941177,0.5105882352941177,0.434,0.48,0.0,0.009411764705882352,0.0,15.0,0.0,85.0,0.0,256,256.0,rtt,-0.2,0.0,-0.2
dapper,stable,106,100.0,1000,24.716410963251104,33.86074949026578,34.68730165917939,34.933586993197196,52.69637342008328,0.0,0.7229428904328138,0.7962430814491968,21425.0,21.425,21425.0,0.0,0.0,0.0,0.857,0.9918319719953326,0.5227537922987164,0.448,0.4690781796966161,0.0,0.008168028004667444,0.0,14.299999999999999,0.0,85.7,0.0,252,252.0,rtt,-0.2,0.0,-0.2
dapper,stable,107,100.0,1000,24.88557902804772,33.83424628214373,34.89267109559948,34.9936438529993,53.380353744565205,0.0,0.7245133185042392,0.7993133636844371,22025.0,22.025,22025.0,0.0,0.0,0.0,0.881,0.9886492622020431,0.5187287173666288,0.457,0.4699205448354143,0.0,0.011350737797956867,0.0,11.899999999999999,0.0,88.1,0.0,198,198.0,rtt,-0.2,0.0,-0.2
dapper,stable,108,100.0,1000,25.235897183714567,34.2868707566229,34.87218349603604,34.989690121554816,51.92467360201944,0.0,0.7254394152220247,0.7967132376294662,21500.0,21.5,21500.0,0.0,0.0,0.0,0.86,0.9872093023255814,0.5023255813953489,0.432,0.4848837209302326,0.0,0.012790697674418604,0.0,14.000000000000002,0.0,86.0,0.0,231,231.0,rtt,-0.2,0.0,-0.2
dapper,stable,109,100.0,1000,25.268964708760926,34.15910526808331,34.79620852522923,34.94284900848466,51.53790445445115,0.0,0.7225069831603355,0.7908717000411818,21775.0,21.775,21775.0,0.0,0.0,0.0,0.871,0.9850746268656716,0.4845005740528129,0.422,0.5005740528128588,0.0,0.014925373134328358,0.0,12.9,0.0,87.1,0.0,228,228.0,rtt,-0.2,0.0,-0.2
dapper,stable,110,100.0,1000,24.978043487255007,33.957417382454665,34.80033649104111,34.99011804008187,51.64725260956925,0.0,0.7239727698806182,0.7935801521646344,21400.0,21.4,21400.0,0.0,0.0,0.0,0.856,0.985981308411215,0.5035046728971962,0.431,0.4824766355140187,0.0,0.014018691588785047,0.0,14.399999999999999,0.0,85.6,0.0,261,261.0,rtt,-0.2,0.0,-0.2
dapper,stable,111,100.0,1000,25.491345575881343,33.99942489704205,34.77294614292747,34.98882482505357,52.77932606666301,0.0,0.7264559107913696,0.7988751227250941,20975.0,20.975,20975.0,0.0,0.0,0.0,0.839,0.9916567342073898,0.5256257449344458,0.441,0.466030989272944,0.0,0.00834326579261025,0.0,16.1,0.0,83.89999999999999,0.0,276,276.0,rtt,-0.2,0.0,-0.2
dapper,stable,112,100.0,1000,25.044635098675773,33.93678625080242,34.80594764992258,34.978994945141224,52.774438295965986,0.0,0.7245903067601731,0.7942867336915719,21700.0,21.7,21700.0,0.0,0.0,0.0,0.868,0.9919354838709677,0.5103686635944701,0.443,0.4815668202764977,0.0,0.008064516129032258,0.0,13.200000000000001,0.0,86.8,0.0,220,220.0,rtt,-0.2,0.0,-0.2
dapper,stable,113,100.0,1000,24.924957379086543,33.92528008813723,34.852479041190236,34.99387303551587,50.565197370598845,0.0,0.725184772552611,0.7910288053494875,21600.0,21.6,21600.0,0.0,0.0,0.0,0.864,0.9826388888888888,0.48032407407407407,0.415,0.5023148148148148,0.0,0.017361111111111112,0.0,13.600000000000001,0.0,86.4,0.0,239,239.0,rtt,-0.2,0.0,-0.2
dapper,stable,114,100.0,1000,25.128438548268,33.86993382489312,34.786318253661975,34.99771913787838,53.866453690073165,0.0,0.7237524930795687,0.7977940224588013,21900.0,21.9,21900.0,0.0,0.0,0.0,0.876,0.9908675799086758,0.5308219178082192,0.465,0.4600456621004566,0.0,0.0091324200913242,0.0,12.4,0.0,87.6,0.0,214,214.0,rtt,-0.2,0.0,-0.2
dapper,stable,115,100.0,1000,25.094705607799348,34.162413089123824,34.74465384721523,34.970565607066455,51.94937303752475,0.0,0.7245886848920773,0.7944537871206474,21750.0,21.75,21750.0,0.0,0.0,0.0,0.87,0.9873563218390805,0.5011494252873563,0.436,0.4862068965517241,0.0,0.01264367816091954,0.0,13.0,0.0,87.0,0.0,219,219.0,rtt,-0.2,0.0,-0.2
dapper,stable,116,100.0,1000,25.028301912688907,34.05041769477859,34.88445460350265,34.99403448766891,54.211607535281885,0.0,0.7244573126145593,0.798391101095973,21750.0,21.75,21750.0,0.0,0.0,0.0,0.87,0.9942528735632183,0.5448275862068965,0.474,0.4494252873563218,0.0,0.005747126436781609,0.0,13.0,0.0,87.0,0.0,221,221.0,rtt,-0.2,0.0,-0.2
dapper,stable,117,100.0,1000,24.997182216762514,33.94211020128963,34.806950360419165,34.98156739475102,51.94396103000347,0.0,0.7238166310991714,0.7935256482510197,21850.0,21.85,21850.0,0.0,0.0,0.0,0.874,0.9862700228832952,0.4897025171624714,0.428,0.4965675057208238,0.0,0.013729977116704805,0.0,12.6,0.0,87.4,0.0,226,226.0,rtt,-0.2,0.0,-0.2
dapper,stable,118,100.0,1000,25.026589048763064,34.146334679362305,34.835239525322194,34.964244111574146,52.20873167600773,0.0,0.7280528994609765,0.7960765304196257,21475.0,21.475,21475.0,0.0,0.0,0.0,0.859,0.9906868451688009,0.5075669383003493,0.436,0.4831199068684517,0.0,0.009313154831199068,0.0,14.099999999999998,0.0,85.9,0.0,244,244.0,rtt,-0.2,0.0,-0.2
dapper,stable,119,100.0,1000,24.80107188012856,34.00280379558126,34.81754573602827,34.936826663719394,53.78667209236602,0.0,0.7243707963012889,0.799875204249307,21925.0,21.925,21925.0,0.0,0.0,0.0,0.877,0.9874572405929305,0.5324971493728621,0.467,0.4549600912200684,0.0,0.012542759407069556,0.0,12.3,0.0,87.7,0.0,228,228.0,rtt,-0.2,0.0,-0.2
dapper,stable,120,100.0,1000,25.000139802139184,33.83887438020657,34.75482963071029,34.96519781982063,52.586658253654925,0.0,0.7247996031934949,0.7950348677637523,21800.0,21.8,21800.0,0.0,0.0,0.0,0.872,0.9839449541284404,0.5103211009174312,0.445,0.4736238532110092,0.0,0.016055045871559634,0.0,12.8,0.0,87.2,0.0,212,212.0,rtt,-0.2,0.0,-0.2
dapper,stable,121,100.0,1000,24.870142370806825,34.08802278656587,34.79782372711737,34.96061084968983,51.218892289603616,0.0,0.7235062491591376,0.7917923991779289,21800.0,21.8,21800.0,0.0,0.0,0.0,0.872,0.9862385321100917,0.48394495412844035,0.422,0.5022935779816514,0.0,0.013761467889908258,0.0,12.8,0.0,87.2,0.0,219,219.0,rtt,-0.2,0.0,-0.2
dapper,stable,122,100.0,1000,24.829111935230273,33.958468133447,34.74506049633189,34.924143640943036,53.271418624119164,0.0,0.7259117747422895,0.7982645293058339,21950.0,21.95,21950.0,0.0,0.0,0.0,0.878,0.9886104783599089,0.5148063781321185,0.452,0.47380410022779046,0.0,0.011389521640091117,0.0,12.2,0.0,87.8,0.0,200,200.0,rtt,-0.2,0.0,-0.2
dapper,stable,123,100.0,1000,25.35470141463279,34.01400394209814,34.728637206489786,34.90743937957425,51.64158095400979,0.0,0.7231039957478556,0.7928850748486099,22225.0,22.225,22225.0,0.0,0.0,0.0,0.889,0.9820022497187851,0.4769403824521935,0.424,0.5050618672665916,0.0,0.01799775028121485,0.0,11.1,0.0,88.9,0.0,196,196.0,rtt,-0.2,0.0,-0.2
dapper,stable,124,100.0,1000,25.00583269004324,34.03261405514325,34.80612955591713,34.95256595801938,50.8126236179597,0.0,0.7270004160651047,0.7942088997255117,21000.0,21.0,21000.0,0.0,0.0,0.0,0.84,0.9928571428571429,0.49642857142857144,0.417,0.49642857142857144,0.0,0.007142857142857143,0.0,16.0,0.0,84.0,0.0,280,280.0,rtt,-0.2,0.0,-0.2
dapper,stable,125,100.0,1000,24.9867591189863,33.982185709447386,34.8021659840167,34.99165214842439,53.959249959158115,0.0,0.7268533605073024,0.7989657788847586,21650.0,21.65,21650.0,0.0,0.0,0.0,0.866,0.9919168591224018,0.5323325635103926,0.461,0.45958429561200925,0.0,0.008083140877598153,0.0,13.4,0.0,86.6,0.0,238,238.0,rtt,-0.2,0.0,-0.2
dapper,stable,126,100.0,1000,24.628886386363657,33.70638744138536,34.672811784104226,34.983867296625746,53.134621864449656,0.0,0.726794351381784,0.8009463128693688,21175.0,21.175,21175.0,0.0,0.0,0.0,0.847,0.9881936245572609,0.5419126328217237,0.459,0.4462809917355372,0.0,0.011806375442739079,0.0,15.299999999999999,0.0,84.7,0.0,252,252.0,rtt,-0.2,0.0,-0.2
dapper,stable,127,100.0,1000,25.164646066804526,34.17312143282042,34.80106095916998,34.970740898815485,54.30743225703345,0.0,0.7237258806201099,0.7969399991420358,22125.0,22.125,22125.0,0.0,0.0,0.0,0.885,0.9909604519774011,0.5276836158192091,0.467,0.4632768361581921,0.0,0.00903954802259887,0.0,11.5,0.0,88.5,0.0,207,207.0,rtt,-0.2,0.0,-0.2
dapper,stable,128,100.0,1000,25.178185128090664,33.92859815320874,34.67968897440042,34.972660274630584,53.589153958153254,0.0,0.7271450910033325,0.7988558762020542,21425.0,21.425,21425.0,0.0,0.0,0.0,0.857,0.9836639439906651,0.5309218203033839,0.455,0.45274212368728123,0.0,0.01633605600933489,0.0,14.299999999999999,0.0,85.7,0.0,237,237.0,rtt,-0.2,0.0,-0.2
dapper,stable,129,100.0,1000,25.217209562918274,34.07064808785484,34.83459462785327,34.9933571344785,53.065152250426124,0.0,0.722736266433297,0.7957788932941594,21825.0,21.825,21825.0,0.0,0.0,0.0,0.873,0.9896907216494846,0.5131729667812142,0.448,0.4765177548682703,0.0,0.010309278350515464,0.0,12.7,0.0,87.3,0.0,214,214.0,rtt,-0.2,0.0,-0.2
dapper,congested,100,100.0,1000,24.931615048786146,33.928407620489025,34.77556075006328,34.97404020175507,24.931615048786146,0.0,0.7231503929045445,0.7231503929045445,125.0,0.125,125.0,0.0,0.0,0.0,0.005,1.0,0.0,0.0,1.0,0.0,0.0,0.0,99.5,0.0,0.5,0.0,6,6.0,rtt,-0.2,0.0,-0.2
dapper,congested,101,100.0,1000,25.188437717504375,34.03466107987438,34.84243479054015,34.99327875607795,25.188437717504375,0.0,0.7240147265422211,0.7240147265422211,150.0,0.15,150.0,0.0,0.0,0.0,0.006,1.0,0.0,0.0,1.0,0.0,0.0,0.0,99.4,0.0,0.6,0.0,10,10.0,rtt,-0.2,0.0,-0.2
dapper,congested,102,100.0,1000,25.03548939727799,33.96479457393766,34.69588731781126,34.989536221406055,25.03548939727799,0.0,0.7265290036152598,0.7265290036152598,150.0,0.15,150.0,0.0,0.0,0.0,0.006,0.8333333333333334,0.0,0.0,0.8333333333333334,0.0,0.16666666666666666,0.0,99.4,0.0,0.6,0.0,12,12.0,rtt,-0.2,0.0,-0.2
dapper,congested,103,100.0,1000,25.03328827891089,34.09454856492267,34.78542999553827,34.985893217625524,25.03328827891089,0.0,0.7249975495254066,0.7249975495254066,100.0,0.1,100.0,0.0,0.0,0.0,0.004,0.75,0.0,0.0,0.75,0.0,0.25,0.0,99.6,0.0,0.4,0.0,7,7.0,rtt,-0.2,0.0,-0.2
dapper,congested,104,100.0,1000,24.969774547081954,33.81394766067372,34.81048977789511,34.94578824107255,24.969774547081954,0.0,0.7273630134211108,0.7273630134211108,150.0,0.15,150.0,0.0,0.0,0.0,0.006,1.0,0.0,0.0,1.0,0.0,0.0,0.0,99.4,0.0,0.6,0.0,12,12.0,rtt,-0.2,0.0,-0.2
dapper,congested,105,100.0,1000,24.881530354040223,34.02785562253984,34.86009343610894,34.98145078352877,24.881530354040223,0.0,0.7241433821596263,0.7241433821596263,200.0,0.2,200.0,0.0,0.0,0.0,0.008,1.0,0.0,0.0,1.0,0.0,0.0,0.0,99.2,0.0,0.8,0.0,10,10.0,rtt,-0.2,0.0,-0.2
dapper,congested,106,100.0,1000,24.9413023153378,33.98450796903268,34.753821099438774,34.98979405154197,24.9413023153378,0.0,0.7260421946156992,0.7260421946156992,75.0,0.075,75.0,0.0,0.0,0.0,0.003,1.0,0.0,0.0,1.0,0.0,0.0,0.0,99.7,0.0,0.3,0.0,6,6.0,rtt,-0.2,0.0,-0.2
dapper,congested,107,100.0,1000,24.886925897119337,33.88426057014752,34.77470672268729,34.998762184541775,24.886925897119337,0.0,0.7258328653791636,0.7258328653791636,100.0,0.1,100.0,0.0,0.0,0.0,0.004,0.75,0.0,0.0,0.75,0.0,0.25,0.0,99.6,0.0,0.4,0.0,6,6.0,rtt,-0.2,0.0,-0.2
dapper,congested,108,100.0,1000,25.12572335979201,33.943119032195405,34.814499351033405,34.99655745974279,25.12572335979201,0.0,0.7241104019978909,0.7241104019978909,250.0,0.25,250.0,0.0,0.0,0.0,0.01,0.8,0.0,0.0,0.8,0.0,0.2,0.0,99.0,0.0,1.0,0.0,12,12.0,rtt,-0.2,0.0,-0.2
dapper,congested,109,100.0,1000,25.037194206353533,33.93181537323021,34.785030538309286,34.98925809716232,25.037194206353533,0.0,0.7232170518910273,0.7232170518910273,100.0,0.1,100.0,0.0,0.0,0.0,0.004,1.0,0.0,0.0,1.0,0.0,0.0,0.0,99.6,0.0,0.4,0.0,8,8.0,rtt,-0.2,0.0,-0.2
dapper,congested,110,100.0,1000,24.809401201588823,33.71973175922034,34.60151524624712,34.90888622322395,24.809401201588823,0.0,0.7246041378695668,0.7246041378695668,225.0,0.225,225.0,0.0,0.0,0.0,0.009,0.8888888888888888,0.0,0.0,0.8888888888888888,0.0,0.1111111111111111,0.0,99.1,0.0,0.8999999999999999,0.0,12,12.0,rtt,-0.2,0.0,-0.2
dapper,congested,111,100.0,1000,25.119606788303717,34.001774933641265,34.74455155405684,34.96241421096305,25.119606788303717,0.0,0.725386178810248,0.725386178810248,175.0,0.175,175.0,0.0,0.0,0.0,0.007,1.0,0.0,0.0,1.0,0.0,0.0,0.0,99.3,0.0,0.7000000000000001,0.0,8,8.0,rtt,-0.2,0.0,-0.2
dapper,congested,112,100.0,1000,25.185269217607274,33.90095224371657,34.76580213455383,34.985906989642146,25.185269217607274,0.0,0.7266896434568639,0.7266896434568639,125.0,0.125,125.0,0.0,0.0,0.0,0.005,1.0,0.0,0.0,1.0,0.0,0.0,0.0,99.5,0.0,0.5,0.0,10,10.0,rtt,-0.2,0.0,-0.2
dapper,congested,113,100.0,1000,24.906335043070264,33.941743755105556,34.77247181035648,34.98424994294581,24.906335043070264,0.0,0.7265627615919971,0.7265627615919971,300.0,0.3,300.0,0.0,0.0,0.0,0.012,0.9166666666666666,0.0,0.0,0.9166666666666666,0.0,0.08333333333333333,0.0,98.8,0.0,1.2,0.0,20,20.0,rtt,-0.2,0.0,-0.2
dapper,congested,114,100.0,1000,25.106436885026124,33.99518413696301,34.87476614646897,34.96282987218834,25.106436885026124,0.0,0.7286951154525153,0.7286951154525153,75.0,0.075,75.0,0.0,0.0,0.0,0.003,1.0,0.0,0.0,1.0,0.0,0.0,0.0,99.7,0.0,0.3,0.0,6,6.0,rtt,-0.2,0.0,-0.2
dapper,congested,115,100.0,1000,25.22862077033868,34.01033183391731,34.751795785617006,34.96593743598228,25.22862077033868,0.0,0.7228431329922943,0.7228431329922943,125.0,0.125,125.0,0.0,0.0,0.0,0.005,0.8,0.0,0.0,0.8,0.0,0.2,0.0,99.5,0.0,0.5,0.0,4,4.0,rtt,-0.2,0.0,-0.2
dapper,congested,116,100.0,1000,25.532666746770744,33.96456327797874,34.77240430108412,34.9771698353159,25.532666746770744,0.0,0.725945101429929,0.725945101429929,250.0,0.25,250.0,0.0,0.0,0.0,0.01,0.9,0.0,0.0,0.9,0.0,0.1,0.0,99.0,0.0,1.0,0.0,18,18.0,rtt,-0.2,0.0,-0.2
dapper,congested,117,100.0,1000,24.586721544902087,33.766185707586004,34.70675091481512,34.994340946660934,24.586721544902087,0.0,0.7255476583450682,0.7255476583450682,150.0,0.15,150.0,0.0,0.0,0.0,0.006,1.0,0.0,0.0,1.0,0.0,0.0,0.0,99.4,0.0,0.6,0.0,12,12.0,rtt,-0.2,0.0,-0.2
dapper,congested,118,100.0,1000,25.162494743028066,34.01490807545646,34.75940662114508,34.968506891824205,25.162494743028066,0.0,0.7267436342489003,0.7267436342489003,150.0,0.15,150.0,0.0,0.0,0.0,0.006,0.8333333333333334,0.0,0.0,0.8333333333333334,0.0,0.16666666666666666,0.0,99.4,0.0,0.6,0.0,10,10.0,rtt,-0.2,0.0,-0.2
dapper,congested,119,100.0,1000,25.33798431808029,33.930297923071485,34.79939395844596,34.97944595589328,25.33798431808029,0.0,0.7233345714577454,0.7233345714577454,150.0,0.15,150.0,0.0,0.0,0.0,0.006,1.0,0.0,0.0,1.0,0.0,0.0,0.0,99.4,0.0,0.6,0.0,10,10.0,rtt,-0.2,0.0,-0.2
dapper,congested,120,100.0,1000,24.938916091364213,33.99634834863332,34.78821886321599,34.985958566309606,24.938916091364213,0.0,0.7244242831436923,0.7244242831436923,175.0,0.175,175.0,0.0,0.0,0.0,0.007,1.0,0.0,0.0,1.0,0.0,0.0,0.0,99.3,0.0,0.7000000000000001,0.0,10,10.0,rtt,-0.2,0.0,-0.2
dapper,congested,121,100.0,1000,24.80917420207108,33.750343569648706,34.75280697328194,34.996277370025744,24.80917420207108,0.0,0.7240164055794182,0.7240164055794182,75.0,0.075,75.0,0.0,0.0,0.0,0.003,1.0,0.0,0.0,1.0,0.0,0.0,0.0,99.7,0.0,0.3,0.0,4,4.0,rtt,-0.2,0.0,-0.2
dapper,congested,122,100.0,1000,24.869545093034485,33.85721546067485,34.770700984913006,34.91653465760954,24.869545093034485,0.0,0.7271559083016325,0.7271559083016325,200.0,0.2,200.0,0.0,0.0,0.0,0.008,0.875,0.0,0.0,0.875,0.0,0.125,0.0,99.2,0.0,0.8,0.0,12,12.0,rtt,-0.2,0.0,-0.2
dapper,congested,123,100.0,1000,25.019147835962976,34.0068905091913,34.771507219222585,34.98883073588995,25.019147835962976,0.0,0.723120628404554,0.723120628404554,125.0,0.125,125.0,0.0,0.0,0.0,0.005,1.0,0.0,0.0,1.0,0.0,0.0,0.0,99.5,0.0,0.5,0.0,8,8.0,rtt,-0.2,0.0,-0.2
dapper,congested,124,100.0,1000,24.84861311989367,33.78084958434015,34.66363593071505,34.94326242767353,24.84861311989367,0.0,0.7246412727356085,0.7246412727356085,125.0,0.125,125.0,0.0,0.0,0.0,0.005,1.0,0.0,0.0,1.0,0.0,0.0,0.0,99.5,0.0,0.5,0.0,10,10.0,rtt,-0.2,0.0,-0.2
dapper,congested,125,100.0,1000,25.028806878728822,34.05786747219948,34.83418763630404,34.99974319601896,25.028806878728822,0.0,0.7225453340361464,0.7225453340361464,450.0,0.45,450.0,0.0,0.0,0.0,0.018,1.0,0.0,0.0,1.0,0.0,0.0,0.0,98.2,0.0,1.7999999999999998,0.0,28,28.0,rtt,-0.2,0.0,-0.2
dapper,congested,126,100.0,1000,25.01200503410485,33.97988585528562,34.774114294105054,34.99086328598782,25.01200503410485,0.0,0.7260325028592299,0.7260325028592299,75.0,0.075,75.0,0.0,0.0,0.0,0.003,0.6666666666666666,0.0,0.0,0.6666666666666666,0.0,0.3333333333333333,0.0,99.7,0.0,0.3,0.0,4,4.0,rtt,-0.2,0.0,-0.2
dapper,congested,127,100.0,1000,25.067778068181923,34.00531179234195,34.71031183612322,34.99801668883106,25.067778068181923,0.0,0.7239904038714414,0.7239904038714414,150.0,0.15,150.0,0.0,0.0,0.0,0.006,0.8333333333333334,0.0,0.0,0.8333333333333334,0.0,0.16666666666666666,0.0,99.4,0.0,0.6,0.0,8,8.0,rtt,-0.2,0.0,-0.2
dapper,congested,128,100.0,1000,24.85704421534759,34.08647701991846,34.783499539553866,34.99302751306131,24.85704421534759,0.0,0.7235741311250974,0.7235741311250974,75.0,0.075,75.0,0.0,0.0,0.0,0.003,1.0,0.0,0.0,1.0,0.0,0.0,0.0,99.7,0.0,0.3,0.0,6,6.0,rtt,-0.2,0.0,-0.2
dapper,congested,129,100.0,1000,24.920063724669387,33.90591045177916,34.77957296022762,34.981958638619645,24.920063724669387,0.0,0.7225927676936471,0.7225927676936471,75.0,0.075,75.0,0.0,0.0,0.0,0.003,1.0,0.0,0.0,1.0,0.0,0.0,0.0,99.7,0.0,0.3,0.0,4,4.0,rtt,-0.2,0.0,-0.2
dapper,variable,100,100.0,1000,19.88432481747889,33.61420558459003,34.76027410675784,34.95054826151675,22.01190912714196,0.0,0.7259494975552994,0.730947903325514,9550.0,9.55,9550.0,0.282,0.214,0.0,0.382,0.9240837696335078,0.08638743455497382,0.033,0.837696335078534,0.0,0.07591623036649214,0.0,40.400000000000006,0.0,38.2,21.4,392,392.0,rtt,-0.2,0.0,-0.2
dapper,variable,101,100.0,1000,19.95785345569506,33.51859359353788,34.716729365681125,34.99816501848515,22.5143426760284,0.0,0.7274250735029988,0.7337157721815029,10875.0,10.875,10875.0,0.253,0.197,0.0,0.435,0.9402298850574713,0.08735632183908046,0.038,0.8528735632183908,0.0,0.059770114942528735,0.0,36.8,0.0,43.5,19.7,379,379.0,rtt,-0.2,0.0,-0.2
dapper,variable,102,100.0,1000,21.834264010846912,33.952084801243224,34.85412725538718,34.995332379528136,24.658617128119847,0.0,0.7252911865625793,0.732400006905043,10925.0,10.925,10925.0,0.163,0.127,0.0,0.437,0.897025171624714,0.09610983981693363,0.042,0.8009153318077803,0.0,0.10297482837528604,0.0,43.6,0.0,43.7,12.7,343,343.0,rtt,-0.2,0.0,-0.2
dapper,variable,103,100.0,1000,19.512093113412188,33.581179869308166,34.6745142049723,34.99051342908312,21.536858533775952,0.0,0.7264145780785138,0.7316018841146493,10400.0,10.4,10400.0,0.315,0.239,0.0,0.416,0.9182692307692307,0.07211538461538461,0.03,0.8461538461538461,0.0,0.08173076923076923,0.0,34.5,0.0,41.6,23.9,389,389.0,rtt,-0.2,0.0,-0.2
dapper,variable,104,100.0,1000,21.518439904160722,33.92297556550541,34.71580596411837,34.944614204784195,24.19286560109536,0.0,0.727405744674525,0.7335000817049102,10575.0,10.575,10575.0,0.187,0.143,0.0,0.423,0.933806146572104,0.09456264775413711,0.04,0.8392434988179669,0.0,0.06619385342789598,0.0,43.4,0.0,42.3,14.299999999999999,358,358.0,rtt,-0.2,0.0,-0.2
dapper,variable,105,100.0,1000,20.409246302565197,33.52133876628223,34.7773651787171,34.98077376103997,23.376413958481,0.0,0.726150768098847,0.7330994621409599,10825.0,10.825,10825.0,0.238,0.184,0.0,0.433,0.9445727482678984,0.09930715935334873,0.043,0.8452655889145496,0.0,0.05542725173210162,0.0,38.3,0.0,43.3,18.4,368,368.0,rtt,-0.2,0.0,-0.2
dapper,variable,106,100.0,1000,21.621797773151822,33.5305156645498,34.67586933903363,34.993851868805095,24.252714976291177,0.0,0.7254470682295528,0.7321018092197896,10725.0,10.725,10725.0,0.174,0.135,0.0,0.429,0.9393939393939394,0.09324009324009325,0.04,0.8461538461538461,0.0,0.06060606060606061,0.0,43.6,0.0,42.9,13.5,377,377.0,rtt,-0.2,0.0,-0.2
dapper,variable,107,100.0,1000,20.234451338400376,33.6513949971422,34.722410045883045,34.98148819897819,22.468957915839745,0.0,0.7237161358789629,0.7289077856917393,9575.0,9.575,9575.0,0.254,0.194,0.0,0.383,0.9216710182767625,0.08616187989556136,0.033,0.835509138381201,0.0,0.0783289817232376,0.0,42.3,0.0,38.3,19.400000000000002,379,379.0,rtt,-0.2,0.0,-0.2
dapper,variable,108,100.0,1000,20.50931185101458,33.99159903353784,34.77692101060002,34.94872090187498,23.329859816156162,0.0,0.7260340756214905,0.7332294597530742,10750.0,10.75,10750.0,0.259,0.195,0.0,0.43,0.9279069767441861,0.09767441860465116,0.042,0.8302325581395349,0.0,0.07209302325581396,0.0,37.5,0.0,43.0,19.5,392,392.0,rtt,-0.2,0.0,-0.2
dapper,variable,109,100.0,1000,21.210997956041414,33.76823065319891,34.76110730262953,34.98660651522982,23.060011675214664,0.0,0.7239038673745836,0.7281507289543079,10550.0,10.55,10550.0,0.203,0.156,0.0,0.422,0.9218009478672986,0.06398104265402843,0.027,0.8578199052132701,0.0,0.07819905213270142,0.0,42.199999999999996,0.0,42.199999999999996,15.6,382,382.0,rtt,-0.2,0.0,-0.2
dapper,variable,110,100.0,1000,20.982663888093814,33.908831310824965,34.67822534775889,34.98146709760653,22.85841796982215,0.0,0.7252583766377324,0.7294279576298566,10500.0,10.5,10500.0,0.226,0.171,0.0,0.42,0.9333333333333333,0.06666666666666667,0.028,0.8666666666666667,0.0,0.06666666666666667,0.0,40.9,0.0,42.0,17.1,376,376.0,rtt,-0.2,0.0,-0.2
dapper,variable,111,100.0,1000,21.16809675678184,33.79838354481562,34.723349040720166,34.97684653932659,23.915975824972563,0.0,0.7256479697289735,0.7320268540917734,10675.0,10.675,10675.0,0.215,0.165,0.0,0.427,0.936768149882904,0.09601873536299765,0.041,0.8407494145199064,0.0,0.06323185011709602,0.0,40.8,0.0,42.699999999999996,16.5,366,366.0,rtt,-0.2,0.0,-0.2
dapper,variable,112,100.0,1000,21.078172240720427,34.0565418294024,34.79412676903375,34.95854802039493,24.212262504548903,0.0,0.728773769620013,0.7356621447394286,10450.0,10.45,10450.0,0.215,0.162,0.0,0.418,0.9330143540669856,0.11004784688995216,0.046,0.8229665071770335,0.0,0.06698564593301436,0.0,42.0,0.0,41.8,16.2,382,382.0,rtt,-0.2,0.0,-0.2
dapper,variable,113,100.0,1000,21.31694882499063,33.57682626381407,34.78843892853948,34.96829040868747,22.939955530397988,0.0,0.7264232866327129,0.7299965758384606,10400.0,10.4,10400.0,0.195,0.148,0.0,0.416,0.9375,0.057692307692307696,0.024,0.8798076923076923,0.0,0.0625,0.0,43.6,0.0,41.6,14.799999999999999,371,371.0,rtt,-0.2,0.0,-0.2
dapper,variable,114,100.0,1000,19.67604199921086,33.53883646549626,34.61117657596823,34.99588156157893,21.825388136836153,0.0,0.7223593713543665,0.7273502718546296,9000.0,9.0,9000.0,0.265,0.204,0.0,0.36,0.9277777777777778,0.08888888888888889,0.032,0.8388888888888889,0.0,0.07222222222222222,0.0,43.6,0.0,36.0,20.4,385,385.0,rtt,-0.2,0.0,-0.2
dapper,variable,115,100.0,1000,21.574672548111323,33.364621656107765,34.626745067103904,34.87718954629805,24.665342545165135,0.0,0.7231527813269875,0.7306566370077305,9975.0,9.975,9975.0,0.171,0.132,0.0,0.399,0.9122807017543859,0.11278195488721804,0.045,0.7994987468671679,0.0,0.08771929824561403,0.0,46.9,0.0,39.900000000000006,13.200000000000001,342,342.0,rtt,-0.2,0.0,-0.2
dapper,variable,116,100.0,1000,20.906294903309245,33.98344969197258,34.76841725790863,34.94714462527301,22.74212994365831,0.0,0.7290119598437401,0.7338571453007148,9575.0,9.575,9575.0,0.236,0.181,0.0,0.383,0.9295039164490861,0.07049608355091384,0.027,0.8590078328981723,0.0,0.07049608355091384,0.0,43.6,0.0,38.3,18.099999999999998,381,381.0,rtt,-0.2,0.0,-0.2
dapper,variable,117,100.0,1000,22.79278973468874,34.240173789397694,34.82080355680936,34.990866631104254,24.372803158761158,0.0,0.7236089220200427,0.7273205153550273,11775.0,11.775,11775.0,0.131,0.099,0.0,0.471,0.921443736730361,0.04883227176220807,0.023,0.8726114649681529,0.0,0.07855626326963906,0.0,43.0,0.0,47.099999999999994,9.9,349,349.0,rtt,-0.2,0.0,-0.2
dapper,variable,118,100.0,1000,21.261636132643194,33.51310316081959,34.400172701004855,34.868091607089696,24.857389495861092,0.0,0.7252176136214916,0.7333152836608016,11525.0,11.525,11525.0,0.191,0.146,0.0,0.461,0.9349240780911063,0.11279826464208242,0.052,0.8221258134490239,0.0,0.0650759219088937,0.0,39.300000000000004,0.0,46.1,14.6,383,383.0,rtt,-0.2,0.0,-0.2
dapper,variable,119,100.0,1000,21.014738694675003,33.65904383541709,34.57959716197339,34.99635852821138,23.784886612310977,0.0,0.7246782245108351,0.7316367645275803,10325.0,10.325,10325.0,0.217,0.165,0.0,0.413,0.9225181598062954,0.09927360774818401,0.041,0.8232445520581114,0.0,0.0774818401937046,0.0,42.199999999999996,0.0,41.3,16.5,363,363.0,rtt,-0.2,0.0,-0.2
dapper,variable,120,100.0,1000,21.652203797202326,33.96526001626422,34.71258654891299,34.99491157025027,24.172457436631948,0.0,0.7236302032790113,0.7299100935256569,12375.0,12.375,12375.0,0.178,0.133,0.0,0.495,0.9272727272727272,0.07474747474747474,0.037,0.8525252525252526,0.0,0.07272727272727272,0.0,37.2,0.0,49.5,13.3,357,357.0,rtt,-0.2,0.0,-0.2
dapper,variable,121,100.0,1000,20.769854338698046,33.76407787463392,34.80089032279628,34.994688323129196,24.68125200719413,0.0,0.7246801812954811,0.7345887093906228,11300.0,11.3,11300.0,0.217,0.168,0.0,0.452,0.9269911504424779,0.12831858407079647,0.058,0.7986725663716814,0.0,0.07300884955752213,0.0,38.0,0.0,45.2,16.8,365,365.0,rtt,-0.2,0.0,-0.2
dapper,variable,122,100.0,1000,21.16350775983448,33.694416258508085,34.631522901173106,34.97317679379236,24.26295773985177,0.0,0.7270704428833787,0.7339893009539761,10725.0,10.725,10725.0,0.196,0.15,0.0,0.429,0.9487179487179487,0.1048951048951049,0.045,0.8438228438228438,0.0,0.05128205128205128,0.0,42.1,0.0,42.9,15.0,369,369.0,rtt,-0.2,0.0,-0.2
dapper,variable,123,100.0,1000,21.141639097235224,33.79103353765298,34.79488657343286,34.98222422308634,23.229844990129337,0.0,0.7283106253308629,0.7340685729442107,10025.0,10.025,10025.0,0.213,0.162,0.0,0.401,0.9376558603491272,0.0798004987531172,0.032,0.85785536159601,0.0,0.06234413965087282,0.0,43.7,0.0,40.1,16.2,377,377.0,rtt,-0.2,0.0,-0.2
dapper,variable,124,100.0,1000,21.732988484636902,33.61582768332837,34.67732058291188,34.996246009129095,23.750766552712175,0.0,0.7242599698219147,0.7290090601287487,12475.0,12.475,12475.0,0.169,0.132,0.0,0.499,0.9098196392785571,0.06012024048096192,0.03,0.8496993987975952,0.0,0.09018036072144289,0.0,36.9,0.0,49.9,13.200000000000001,369,369.0,rtt,-0.2,0.0,-0.2
dapper,variable,125,100.0,1000,20.769788307085673,33.55572104656107,34.7780426012565,34.94952031560075,23.64318483654006,0.0,0.7246252838037862,0.7310543455649272,10850.0,10.85,10850.0,0.222,0.17,0.0,0.434,0.9285714285714286,0.0967741935483871,0.042,0.8317972350230415,0.0,0.07142857142857142,0.0,39.6,0.0,43.4,17.0,390,390.0,rtt,-0.2,0.0,-0.2
dapper,variable,126,100.0,1000,21.1478810158433,33.75159446968112,34.720173914570076,34.997585709381326,23.72466143080774,0.0,0.730137150017489,0.7363161985328225,10400.0,10.4,10400.0,0.21,0.163,0.0,0.416,0.9206730769230769,0.09375,0.039,0.8269230769230769,0.0,0.07932692307692307,0.0,42.1,0.0,41.6,16.3,409,409.0,rtt,-0.2,0.0,-0.2
dapper,variable,127,100.0,1000,20.71779492129796,34.01155392391131,34.710521322396545,34.9805264786951,23.02161487856629,0.0,0.7255219403916765,0.7312200481640382,10300.0,10.3,10300.0,0.242,0.184,0.0,0.412,0.9538834951456311,0.08009708737864078,0.033,0.8737864077669902,0.0,0.04611650485436893,0.0,40.400000000000006,0.0,41.199999999999996,18.4,399,399.0,rtt,-0.2,0.0,-0.2
dapper,variable,128,100.0,1000,19.610045047259096,33.63444553862527,34.724924465655434,34.96530254190218,21.62536846392843,0.0,0.7261744085071619,0.7302855686295497,9150.0,9.15,9150.0,0.277,0.213,0.0,0.366,0.9153005464480874,0.07923497267759563,0.029,0.8360655737704918,0.0,0.08469945355191257,0.0,42.1,0.0,36.6,21.3,375,375.0,rtt,-0.2,0.0,-0.2
dapper,variable,129,100.0,1000,21.042862199957614,33.95740515939866,34.77333674805944,34.967648156933706,23.1026692952386,0.0,0.7216920602775155,0.7266364366879909,10225.0,10.225,10225.0,0.226,0.174,0.0,0.409,0.9339853300733496,0.07823960880195599,0.032,0.8557457212713936,0.0,0.06601466992665037,0.0,41.699999999999996,0.0,40.9,17.4,359,359.0,rtt,-0.2,0.0,-0.2
dapper,stable,100,100.0,1000,25.279403323317702,33.96035223762113,34.73962355895296,34.988775105687154,51.53514833678389,0.0,0.7265268897628933,0.792417917211626,21350.0,21.35,21350.0,0.0,0.0,0.0,0.854,0.9918032786885246,0.4953161592505855,0.423,0.4964871194379391,0.0,0.00819672131147541,0.0,14.6,0.0,85.39999999999999,0.0,259,259.0,rtt,-0.1,0.0,-0.1
dapper,stable,101,100.0,1000,24.820657080469697,33.96040511204254,34.788072376532675,34.99828909781833,53.53675771177409,0.0,0.7249338588619687,0.7978649635318986,21700.0,21.7,21700.0,0.0,0.0,0.0,0.868,0.9896313364055299,0.5288018433179723,0.459,0.4608294930875576,0.0,0.010368663594470046,0.0,13.200000000000001,0.0,86.8,0.0,231,231.0,rtt,-0.1,0.0,-0.1
dapper,stable,102,100.0,1000,24.835880473076735,33.70682378335116,34.74818297607158,34.965240972972765,51.8627260021259,0.0,0.727324394359075,0.800034845226407,20900.0,20.9,20900.0,0.0,0.0,0.0,0.836,0.992822966507177,0.5263157894736842,0.44,0.4665071770334928,0.0,0.007177033492822967,0.0,16.400000000000002,0.0,83.6,0.0,284,284.0,rtt,-0.1,0.0,-0.1
dapper,stable,103,100.0,1000,24.972078044518216,34.293187186352334,34.89307765319619,34.99802137082616,53.372703891643845,0.0,0.7236659440861409,0.7991290672988378,21525.0,21.525,21525.0,0.0,0.0,0.0,0.861,0.9883855981416957,0.5342624854819977,0.46,0.454123112659698,0.0,0.011614401858304297,0.0,13.900000000000002,0.0,86.1,0.0,237,237.0,rtt,-0.1,0.0,-0.1
dapper,stable,104,100.0,1000,24.98622097286207,33.860115377670134,34.74837408619961,34.98656616097203,51.037343944723006,0.0,0.7240926018777877,0.7898578469524961,21900.0,21.9,21900.0,0.0,0.0,0.0,0.876,0.9920091324200914,0.4794520547945205,0.42,0.5125570776255708,0.0,0.007990867579908675,0.0,12.4,0.0,87.6,0.0,220,220.0,rtt,-0.1,0.0,-0.1
dapper,stable,105,100.0,1000,24.85634769037545,33.82025179084476,34.62504012903672,34.93314580405199,51.59710330911793,0.0,0.7262361051095783,0.7959250227091806,21250.0,21.25,21250.0,0.0,0.0,0.0,0.85,0.9905882352941177,0.5105882352941177,0.434,0.48,0.0,0.009411764705882352,0.0,15.0,0.0,85.0,0.0,256,256.0,rtt,-0.1,0.0,-0.1
dapper,stable,106,100.0,1000,24.716410963251104,33.86074949026578,34.68730165917939,34.933586993197196,52.69637342008328,0.0,0.7229428904328138,0.7962430814491968,21425.0,21.425,21425.0,0.0,0.0,0.0,0.857,0.9918319719953326,0.5227537922987164,0.448,0.4690781796966161,0.0,0.008168028004667444,0.0,14.299999999999999,0.0,85.7,0.0,252,252.0,rtt,-0.1,0.0,-0.1
dapper,stable,107,100.0,1000,24.88557902804772,33.83424628214373,34.89267109559948,34.9936438529993,53.380353744565205,0.0,0.7245133185042392,0.7993133636844371,22025.0,22.025,22025.0,0.0,0.0,0.0,0.881,0.9886492622020431,0.5187287173666288,0.457,0.4699205448354143,0.0,0.011350737797956867,0.0,11.899999999999999,0.0,88.1,0.0,198,198.0,rtt,-0.1,0.0,-0.1
dapper,stable,108,100.0,1000,25.235897183714567,34.2868707566229,34.87218349603604,34.989690121554816,51.92467360201944,0.0,0.7254394152220247,0.7967132376294662,21500.0,21.5,21500.0,0.0,0.0,0.0,0.86,0.9872093023255814,0.5023255813953489,0.432,0.4848837209302326,0.0,0.012790697674418604,0.0,14.000000000000002,0.0,86.0,0.0,231,231.0,rtt,-0.1,0.0,-0.1
dapper,stable,109,100.0,1000,25.268964708760926,34.15910526808331,34.79620852522923,34.94284900848466,51.53790445445115,0.0,0.7225069831603355,0.7908717000411818,21775.0,21.775,21775.0,0.0,0.0,0.0,0.871,0.9850746268656716,0.4845005740528129,0.422,0.5005740528128588,0.0,0.014925373134328358,0.0,12.9,0.0,87.1,0.0,228,228.0,rtt,-0.1,0.0,-0.1
dapper,stable,110,100.0,1000,24.978043487255007,33.957417382454665,34.80033649104111,34.99011804008187,51.64725260956925,0.0,0.7239727698806182,0.7935801521646344,21400.0,21.4,21400.0,0.0,0.0,0.0,0.856,0.985981308411215,0.5035046728971962,0.431,0.4824766355140187,0.0,0.014018691588785047,0.0,14.399999999999999,0.0,85.6,0.0,261,261.0,rtt,-0.1,0.0,-0.1
dapper,stable,111,100.0,1000,25.491345575881343,33.99942489704205,34.77294614292747,34.98882482505357,52.77932606666301,0.0,0.7264559107913696,0.7988751227250941,20975.0,20.975,20975.0,0.0,0.0,0.0,0.839,0.9916567342073898,0.5256257449344458,0.441,0.466030989272944,0.0,0.00834326579261025,0.0,16.1,0.0,83.89999999999999,0.0,276,276.0,rtt,-0.1,0.0,-0.1
dapper,stable,112,100.0,1000,25.044635098675773,33.93678625080242,34.80594764992258,34.978994945141224,52.774438295965986,0.0,0.7245903067601731,0.7942867336915719,21700.0,21.7,21700.0,0.0,0.0,0.0,0.868,0.9919354838709677,0.5103686635944701,0.443,0.4815668202764977,0.0,0.008064516129032258,0.0,13.200000000000001,0.0,86.8,0.0,220,220.0,rtt,-0.1,0.0,-0.1
dapper,stable,113,100.0,1000,24.924957379086543,33.92528008813723,34.852479041190236,34.99387303551587,50.565197370598845,0.0,0.725184772552611,0.7910288053494875,21600.0,21.6,21600.0,0.0,0.0,0.0,0.864,0.9826388888888888,0.48032407407407407,0.415,0.5023148148148148,0.0,0.017361111111111112,0.0,13.600000000000001,0.0,86.4,0.0,239,239.0,rtt,-0.1,0.0,-0.1
dapper,stable,114,100.0,1000,25.128438548268,33.86993382489312,34.786318253661975,34.99771913787838,53.866453690073165,0.0,0.7237524930795687,0.7977940224588013,21900.0,21.9,21900.0,0.0,0.0,0.0,0.876,0.9908675799086758,0.5308219178082192,0.465,0.4600456621004566,0.0,0.0091324200913242,0.0,12.4,0.0,87.6,0.0,214,214.0,rtt,-0.1,0.0,-0.1
dapper,stable,115,100.0,1000,25.094705607799348,34.162413089123824,34.74465384721523,34.970565607066455,51.94937303752475,0.0,0.7245886848920773,0.7944537871206474,21750.0,21.75,21750.0,0.0,0.0,0.0,0.87,0.9873563218390805,0.5011494252873563,0.436,0.4862068965517241,0.0,0.01264367816091954,0.0,13.0,0.0,87.0,0.0,219,219.0,rtt,-0.1,0.0,-0.1
dapper,stable,116,100.0,1000,25.028301912688907,34.05041769477859,34.88445460350265,34.99403448766891,54.211607535281885,0.0,0.7244573126145593,0.798391101095973,21750.0,21.75,21750.0,0.0,0.0,0.0,0.87,0.9942528735632183,0.5448275862068965,0.474,0.4494252873563218,0.0,0.005747126436781609,0.0,13.0,0.0,87.0,0.0,221,221.0,rtt,-0.1,0.0,-0.1
dapper,stable,117,100.0,1000,24.997182216762514,33.94211020128963,34.806950360419165,34.98156739475102,51.94396103000347,0.0,0.7238166310991714,0.7935256482510197,21850.0,21.85,21850.0,0.0,0.0,0.0,0.874,0.9862700228832952,0.4897025171624714,0.428,0.4965675057208238,0.0,0.013729977116704805,0.0,12.6,0.0,87.4,0.0,226,226.0,rtt,-0.1,0.0,-0.1
dapper,stable,118,100.0,1000,25.026589048763064,34.146334679362305,34.835239525322194,34.964244111574146,52.20873167600773,0.0,0.7280528994609765,0.7960765304196257,21475.0,21.475,21475.0,0.0,0.0,0.0,0.859,0.9906868451688009,0.5075669383003493,0.436,0.4831199068684517,0.0,0.009313154831199068,0.0,14.099999999999998,0.0,85.9,0.0,244,244.0,rtt,-0.1,0.0,-0.1
dapper,stable,119,100.0,1000,24.80107188012856,34.00280379558126,34.81754573602827,34.936826663719394,53.78667209236602,0.0,0.7243707963012889,0.799875204249307,21925.0,21.925,21925.0,0.0,0.0,0.0,0.877,0.9874572405929305,0.5324971493728621,0.467,0.4549600912200684,0.0,0.012542759407069556,0.0,12.3,0.0,87.7,0.0,228,228.0,rtt,-0.1,0.0,-0.1
dapper,stable,120,100.0,1000,25.000139802139184,33.83887438020657,34.75482963071029,34.96519781982063,52.586658253654925,0.0,0.7247996031934949,0.7950348677637523,21800.0,21.8,21800.0,0.0,0.0,0.0,0.872,0.9839449541284404,0.5103211009174312,0.445,0.4736238532110092,0.0,0.016055045871559634,0.0,12.8,0.0,87.2,0.0,212,212.0,rtt,-0.1,0.0,-0.1
dapper,stable,121,100.0,1000,24.870142370806825,34.08802278656587,34.79782372711737,34.96061084968983,51.218892289603616,0.0,0.7235062491591376,0.7917923991779289,21800.0,21.8,21800.0,0.0,0.0,0.0,0.872,0.9862385321100917,0.48394495412844035,0.422,0.5022935779816514,0.0,0.013761467889908258,0.0,12.8,0.0,87.2,0.0,219,219.0,rtt,-0.1,0.0,-0.1
dapper,stable,122,100.0,1000,24.829111935230273,33.958468133447,34.74506049633189,34.924143640943036,53.271418624119164,0.0,0.7259117747422895,0.7982645293058339,21950.0,21.95,21950.0,0.0,0.0,0.0,0.878,0.9886104783599089,0.5148063781321185,0.452,0.47380410022779046,0.0,0.011389521640091117,0.0,12.2,0.0,87.8,0.0,200,200.0,rtt,-0.1,0.0,-0.1
dapper,stable,123,100.0,1000,25.35470141463279,34.01400394209814,34.728637206489786,34.90743937957425,51.64158095400979,0.0,0.7231039957478556,0.7928850748486099,22225.0,22.225,22225.0,0.0,0.0,0.0,0.889,0.9820022497187851,0.4769403824521935,0.424,0.5050618672665916,0.0,0.01799775028121485,0.0,11.1,0.0,88.9,0.0,196,196.0,rtt,-0.1,0.0,-0.1
dapper,stable,124,100.0,1000,25.00583269004324,34.03261405514325,34.80612955591713,34.95256595801938,50.8126236179597,0.0,0.7270004160651047,0.7942088997255117,21000.0,21.0,21000.0,0.0,0.0,0.0,0.84,0.9928571428571429,0.49642857142857144,0.417,0.49642857142857144,0.0,0.007142857142857143,0.0,16.0,0.0,84.0,0.0,280,280.0,rtt,-0.1,0.0,-0.1
dapper,stable,125,100.0,1000,24.9867591189863,33.982185709447386,34.8021659840167,34.99165214842439,53.959249959158115,0.0,0.7268533605073024,0.7989657788847586,21650.0,21.65,21650.0,0.0,0.0,0.0,0.866,0.9919168591224018,0.5323325635103926,0.461,0.45958429561200925,0.0,0.008083140877598153,0.0,13.4,0.0,86.6,0.0,238,238.0,rtt,-0.1,0.0,-0.1
dapper,stable,126,100.0,1000,24.628886386363657,33.70638744138536,34.672811784104226,34.983867296625746,53.134621864449656,0.0,0.726794351381784,0.8009463128693688,21175.0,21.175,21175.0,0.0,0.0,0.0,0.847,0.9881936245572609,0.5419126328217237,0.459,0.4462809917355372,0.0,0.011806375442739079,0.0,15.299999999999999,0.0,84.7,0.0,252,252.0,rtt,-0.1,0.0,-0.1
dapper,stable,127,100.0,1000,25.164646066804526,34.17312143282042,34.80106095916998,34.970740898815485,54.30743225703345,0.0,0.7237258806201099,0.7969399991420358,22125.0,22.125,22125.0,0.0,0.0,0.0,0.885,0.9909604519774011,0.5276836158192091,0.467,0.4632768361581921,0.0,0.00903954802259887,0.0,11.5,0.0,88.5,0.0,207,207.0,rtt,-0.1,0.0,-0.1
dapper,stable,128,100.0,1000,25.178185128090664,33.92859815320874,34.67968897440042,34.972660274630584,53.589153958153254,0.0,0.7271450910033325,0.7988558762020542,21425.0,21.425,21425.0,0.0,0.0,0.0,0.857,0.9836639439906651,0.5309218203033839,0.455,0.45274212368728123,0.0,0.01633605600933489,0.0,14.299999999999999,0.0,85.7,0.0,237,237.0,rtt,-0.1,0.0,-0.1
dapper,stable,129,100.0,1000,25.217209562918274,34.07064808785484,34.83459462785327,34.9933571344785,53.065152250426124,0.0,0.722736266433297,0.7957788932941594,21825.0,21.825,21825.0,0.0,0.0,0.0,0.873,0.9896907216494846,0.5131729667812142,0.448,0.4765177548682703,0.0,0.010309278350515464,0.0,12.7,0.0,87.3,0.0,214,214.0,rtt,-0.1,0.0,-0.1
dapper,congested,100,100.0,1000,24.931615048786146,33.928407620489025,34.77556075006328,34.97404020175507,24.931615048786146,0.0,0.7231503929045445,0.7231503929045445,0.0,0.0,0.0,0.0,0.0,0.0,0.0,0.0,0.0,0.0,0.0,0.0,0.0,0.0,100.0,0.0,0.0,0.0,0,0.0,rtt,-0.1,0.0,-0.1
dapper,congested,101,100.0,1000,25.188437717504375,34.03466107987438,34.84243479054015,34.99327875607795,25.188437717504375,0.0,0.7240147265422211,0.7240147265422211,25.0,0.025,25.0,0.0,0.0,0.0,0.001,1.0,0.0,0.0,1.0,0.0,0.0,0.0,99.9,0.0,0.1,0.0,2,2.0,rtt,-0.1,0.0,-0.1
dapper,congested,102,100.0,1000,25.03548939727799,33.96479457393766,34.69588731781126,34.989536221406055,25.03548939727799,0.0,0.7265290036152598,0.7265290036152598,50.0,0.05,50.0,0.0,0.0,0.0,0.002,1.0,0.0,0.0,1.0,0.0,0.0,0.0,99.8,0.0,0.2,0.0,4,4.0,rtt,-0.1,0.0,-0.1
dapper,congested,103,100.0,1000,25.03328827891089,34.09454856492267,34.78542999553827,34.985893217625524,25.03328827891089,0.0,0.7249975495254066,0.7249975495254066,0.0,0.0,0.0,0.0,0.0,0.0,0.0,0.0,0.0,0.0,0.0,0.0,0.0,0.0,100.0,0.0,0.0,0.0,0,0.0,rtt,-0.1,0.0,-0.1
dapper,congested,104,100.0,1000,24.969774547081954,33.81394766067372,34.81048977789511,34.94578824107255,24.969774547081954,0.0,0.7273630134211108,0.7273630134211108,0.0,0.0,0.0,0.0,0.0,0.0,0.0,0.0,0.0,0.0,0.0,0.0,0.0,0.0,100.0,0.0,0.0,0.0,0,0.0,rtt,-0.1,0.0,-0.1
dapper,congested,105,100.0,1000,24.881530354040223,34.02785562253984,34.86009343610894,34.98145078352877,24.881530354040223,0.0,0.7241433821596263,0.7241433821596263,75.0,0.075,75.0,0.0,0.0,0.0,0.003,1.0,0.0,0.0,1.0,0.0,0.0,0.0,99.7,0.0,0.3,0.0,4,4.0,rtt,-0.1,0.0,-0.1
dapper,congested,106,100.0,1000,24.9413023153378,33.98450796903268,34.753821099438774,34.98979405154197,24.9413023153378,0.0,0.7260421946156992,0.7260421946156992,0.0,0.0,0.0,0.0,0.0,0.0,0.0,0.0,0.0,0.0,0.0,0.0,0.0,0.0,100.0,0.0,0.0,0.0,0,0.0,rtt,-0.1,0.0,-0.1
dapper,congested,107,100.0,1000,24.886925897119337,33.88426057014752,34.77470672268729,34.998762184541775,24.886925897119337,0.0,0.7258328653791636,0.7258328653791636,0.0,0.0,0.0,0.0,0.0,0.0,0.0,0.0,0.0,0.0,0.0,0.0,0.0,0.0,100.0,0.0,0.0,0.0,0,0.0,rtt,-0.1,0.0,-0.1
dapper,congested,108,100.0,1000,25.12572335979201,33.943119032195405,34.814499351033405,34.99655745974279,25.12572335979201,0.0,0.7241104019978909,0.7241104019978909,25.0,0.025,25.0,0.0,0.0,0.0,0.001,1.0,0.0,0.0,1.0,0.0,0.0,0.0,99.9,0.0,0.1,0.0,2,2.0,rtt,-0.1,0.0,-0.1
dapper,congested,109,100.0,1000,25.037194206353533,33.93181537323021,34.785030538309286,34.98925809716232,25.037194206353533,0.0,0.7232170518910273,0.7232170518910273,0.0,0.0,0.0,0.0,0.0,0.0,0.0,0.0,0.0,0.0,0.0,0.0,0.0,0.0,100.0,0.0,0.0,0.0,0,0.0,rtt,-0.1,0.0,-0.1
dapper,congested,110,100.0,1000,24.809401201588823,33.71973175922034,34.60151524624712,34.90888622322395,24.809401201588823,0.0,0.7246041378695668,0.7246041378695668,50.0,0.05,50.0,0.0,0.0,0.0,0.002,0.5,0.0,0.0,0.5,0.0,0.5,0.0,99.8,0.0,0.2,0.0,2,2.0,rtt,-0.1,0.0,-0.1
dapper,congested,111,100.0,1000,25.119606788303717,34.001774933641265,34.74455155405684,34.96241421096305,25.119606788303717,0.0,0.725386178810248,0.725386178810248,25.0,0.025,25.0,0.0,0.0,0.0,0.001,1.0,0.0,0.0,1.0,0.0,0.0,0.0,99.9,0.0,0.1,0.0,2,2.0,rtt,-0.1,0.0,-0.1
dapper,congested,112,100.0,1000,25.185269217607274,33.90095224371657,34.76580213455383,34.985906989642146,25.185269217607274,0.0,0.7266896434568639,0.7266896434568639,0.0,0.0,0.0,0.0,0.0,0.0,0.0,0.0,0.0,0.0,0.0,0.0,0.0,0.0,100.0,0.0,0.0,0.0,0,0.0,rtt,-0.1,0.0,-0.1
dapper,congested,113,100.0,1000,24.906335043070264,33.941743755105556,34.77247181035648,34.98424994294581,24.906335043070264,0.0,0.7265627615919971,0.7265627615919971,25.0,0.025,25.0,0.0,0.0,0.0,0.001,1.0,0.0,0.0,1.0,0.0,0.0,0.0,99.9,0.0,0.1,0.0,2,2.0,rtt,-0.1,0.0,-0.1
dapper,congested,114,100.0,1000,25.106436885026124,33.99518413696301,34.87476614646897,34.96282987218834,25.106436885026124,0.0,0.7286951154525153,0.7286951154525153,0.0,0.0,0.0,0.0,0.0,0.0,0.0,0.0,0.0,0.0,0.0,0.0,0.0,0.0,100.0,0.0,0.0,0.0,0,0.0,rtt,-0.1,0.0,-0.1
dapper,congested,115,100.0,1000,25.22862077033868,34.01033183391731,34.751795785617006,34.96593743598228,25.22862077033868,0.0,0.7228431329922943,0.7228431329922943,25.0,0.025,25.0,0.0,0.0,0.0,0.001,0.0,0.0,0.0,0.0,0.0,1.0,0.0,99.9,0.0,0.1,0.0,2,2.0,rtt,-0.1,0.0,-0.1
dapper,congested,116,100.0,1000,25.532666746770744,33.96456327797874,34.77240430108412,34.9771698353159,25.532666746770744,0.0,0.725945101429929,0.725945101429929,50.0,0.05,50.0,0.0,0.0,0.0,0.002,1.0,0.0,0.0,1.0,0.0,0.0,0.0,99.8,0.0,0.2,0.0,4,4.0,rtt,-0.1,0.0,-0.1
dapper,congested,117,100.0,1000,24.586721544902087,33.766185707586004,34.70675091481512,34.994340946660934,24.586721544902087,0.0,0.7255476583450682,0.7255476583450682,25.0,0.025,25.0,0.0,0.0,0.0,0.001,1.0,0.0,0.0,1.0,0.0,0.0,0.0,99.9,0.0,0.1,0.0,2,2.0,rtt,-0.1,0.0,-0.1
dapper,congested,118,100.0,1000,25.162494743028066,34.01490807545646,34.75940662114508,34.968506891824205,25.162494743028066,0.0,0.7267436342489003,0.7267436342489003,50.0,0.05,50.0,0.0,0.0,0.0,0.002,0.5,0.0,0.0,0.5,0.0,0.5,0.0,99.8,0.0,0.2,0.0,2,2.0,rtt,-0.1,0.0,-0.1
dapper,congested,119,100.0,1000,25.33798431808029,33.930297923071485,34.79939395844596,34.97944595589328,25.33798431808029,0.0,0.7233345714577454,0.7233345714577454,25.0,0.025,25.0,0.0,0.0,0.0,0.001,1.0,0.0,0.0,1.0,0.0,0.0,0.0,99.9,0.0,0.1,0.0,2,2.0,rtt,-0.1,0.0,-0.1
dapper,congested,120,100.0,1000,24.938916091364213,33.99634834863332,34.78821886321599,34.985958566309606,24.938916091364213,0.0,0.7244242831436923,0.7244242831436923,50.0,0.05,50.0,0.0,0.0,0.0,0.002,1.0,0.0,0.0,1.0,0.0,0.0,0.0,99.8,0.0,0.2,0.0,4,4.0,rtt,-0.1,0.0,-0.1
dapper,congested,121,100.0,1000,24.80917420207108,33.750343569648706,34.75280697328194,34.996277370025744,24.80917420207108,0.0,0.7240164055794182,0.7240164055794182,0.0,0.0,0.0,0.0,0.0,0.0,0.0,0.0,0.0,0.0,0.0,0.0,0.0,0.0,100.0,0.0,0.0,0.0,0,0.0,rtt,-0.1,0.0,-0.1
dapper,congested,122,100.0,1000,24.869545093034485,33.85721546067485,34.770700984913006,34.91653465760954,24.869545093034485,0.0,0.7271559083016325,0.7271559083016325,25.0,0.025,25.0,0.0,0.0,0.0,0.001,1.0,0.0,0.0,1.0,0.0,0.0,0.0,99.9,0.0,0.1,0.0,2,2.0,rtt,-0.1,0.0,-0.1
dapper,congested,123,100.0,1000,25.019147835962976,34.0068905091913,34.771507219222585,34.98883073588995,25.019147835962976,0.0,0.723120628404554,0.723120628404554,25.0,0.025,25.0,0.0,0.0,0.0,0.001,1.0,0.0,0.0,1.0,0.0,0.0,0.0,99.9,0.0,0.1,0.0,2,2.0,rtt,-0.1,0.0,-0.1
dapper,congested,124,100.0,1000,24.84861311989367,33.78084958434015,34.66363593071505,34.94326242767353,24.84861311989367,0.0,0.7246412727356085,0.7246412727356085,25.0,0.025,25.0,0.0,0.0,0.0,0.001,1.0,0.0,0.0,1.0,0.0,0.0,0.0,99.9,0.0,0.1,0.0,2,2.0,rtt,-0.1,0.0,-0.1
dapper,congested,125,100.0,1000,25.028806878728822,34.05786747219948,34.83418763630404,34.99974319601896,25.028806878728822,0.0,0.7225453340361464,0.7225453340361464,75.0,0.075,75.0,0.0,0.0,0.0,0.003,1.0,0.0,0.0,1.0,0.0,0.0,0.0,99.7,0.0,0.3,0.0,6,6.0,rtt,-0.1,0.0,-0.1
dapper,congested,126,100.0,1000,25.01200503410485,33.97988585528562,34.774114294105054,34.99086328598782,25.01200503410485,0.0,0.7260325028592299,0.7260325028592299,0.0,0.0,0.0,0.0,0.0,0.0,0.0,0.0,0.0,0.0,0.0,0.0,0.0,0.0,100.0,0.0,0.0,0.0,0,0.0,rtt,-0.1,0.0,-0.1
dapper,congested,127,100.0,1000,25.067778068181923,34.00531179234195,34.71031183612322,34.99801668883106,25.067778068181923,0.0,0.7239904038714414,0.7239904038714414,0.0,0.0,0.0,0.0,0.0,0.0,0.0,0.0,0.0,0.0,0.0,0.0,0.0,0.0,100.0,0.0,0.0,0.0,0,0.0,rtt,-0.1,0.0,-0.1
dapper,congested,128,100.0,1000,24.85704421534759,34.08647701991846,34.783499539553866,34.99302751306131,24.85704421534759,0.0,0.7235741311250974,0.7235741311250974,0.0,0.0,0.0,0.0,0.0,0.0,0.0,0.0,0.0,0.0,0.0,0.0,0.0,0.0,100.0,0.0,0.0,0.0,0,0.0,rtt,-0.1,0.0,-0.1
dapper,congested,129,100.0,1000,24.920063724669387,33.90591045177916,34.77957296022762,34.981958638619645,24.920063724669387,0.0,0.7225927676936471,0.7225927676936471,0.0,0.0,0.0,0.0,0.0,0.0,0.0,0.0,0.0,0.0,0.0,0.0,0.0,0.0,100.0,0.0,0.0,0.0,0,0.0,rtt,-0.1,0.0,-0.1
dapper,variable,100,100.0,1000,19.88432481747889,33.61420558459003,34.76027410675784,34.95054826151675,22.01190912714196,0.0,0.7259494975552994,0.730947903325514,7300.0,7.3,7300.0,0.282,0.214,0.0,0.292,0.9143835616438356,0.11301369863013698,0.033,0.8013698630136986,0.0,0.08561643835616438,0.0,49.4,0.0,29.2,21.4,367,367.0,rtt,-0.1,0.0,-0.1
dapper,variable,101,100.0,1000,19.95785345569506,33.51859359353788,34.716729365681125,34.99816501848515,22.5143426760284,0.0,0.7274250735029988,0.7337157721815029,8050.0,8.05,8050.000000000001,0.253,0.197,0.0,0.322,0.9409937888198758,0.11801242236024845,0.038,0.8229813664596274,0.0,0.059006211180124224,0.0,48.1,0.0,32.2,19.7,355,355.0,rtt,-0.1,0.0,-0.1
dapper,variable,102,100.0,1000,21.802345648212846,33.952084801243224,34.85412725538718,34.995332379528136,24.62669876548578,0.0,0.7253222144276329,0.7324310347700966,8600.0,8.6,8600.0,0.164,0.128,0.0,0.344,0.8953488372093024,0.12209302325581395,0.042,0.7732558139534884,0.0,0.10465116279069768,0.0,52.800000000000004,0.0,34.4,12.8,322,322.0,rtt,-0.1,0.0,-0.1
dapper,variable,103,100.0,1000,19.512093113412188,33.581179869308166,34.6745142049723,34.99051342908312,21.536858533775952,0.0,0.7264145780785138,0.7316018841146493,8125.0,8.125,8125.0,0.315,0.239,0.0,0.325,0.9230769230769231,0.09230769230769231,0.03,0.8307692307692308,0.0,0.07692307692307693,0.0,43.6,0.0,32.5,23.9,384,384.0,rtt,-0.1,0.0,-0.1
dapper,variable,104,100.0,1000,21.518439904160722,33.92297556550541,34.71580596411837,34.944614204784195,24.19286560109536,0.0,0.727405744674525,0.7335000817049102,7800.0,7.8,7800.0,0.187,0.143,0.0,0.312,0.9262820512820513,0.1282051282051282,0.04,0.7980769230769231,0.0,0.07371794871794872,0.0,54.50000000000001,0.0,31.2,14.299999999999999,342,342.0,rtt,-0.1,0.0,-0.1
dapper,variable,105,100.0,1000,20.409246302565197,33.52133876628223,34.7773651787171,34.98077376103997,23.376413958481,0.0,0.726150768098847,0.7330994621409599,8000.0,8.0,8000.0,0.238,0.184,0.0,0.32,0.940625,0.134375,0.043,0.80625,0.0,0.059375,0.0,49.6,0.0,32.0,18.4,338,338.0,rtt,-0.1,0.0,-0.1
dapper,variable,106,100.0,1000,21.621797773151822,33.5305156645498,34.67586933903363,34.993851868805095,24.252714976291177,0.0,0.7254470682295528,0.7321018092197896,7550.0,7.55,7550.0,0.174,0.135,0.0,0.302,0.9337748344370861,0.13245033112582782,0.04,0.8013245033112583,0.0,0.06622516556291391,0.0,56.3,0.0,30.2,13.5,332,332.0,rtt,-0.1,0.0,-0.1
dapper,variable,107,100.0,1000,20.234451338400376,33.6513949971422,34.722410045883045,34.98148819897819,22.468957915839745,0.0,0.7237161358789629,0.7289077856917393,6925.0,6.925,6925.0,0.254,0.194,0.0,0.277,0.9133574007220217,0.11913357400722022,0.033,0.7942238267148014,0.0,0.08664259927797834,0.0,52.900000000000006,0.0,27.700000000000003,19.400000000000002,340,340.0,rtt,-0.1,0.0,-0.1
dapper,variable,108,100.0,1000,20.480881005394448,33.99159903353784,34.77692101060002,34.94872090187498,23.301428970536026,0.0,0.7260048286422379,0.7332002127738215,8100.0,8.1,8100.0,0.26,0.196,0.0,0.324,0.9320987654320988,0.12962962962962962,0.042,0.8024691358024691,0.0,0.06790123456790123,0.0,48.0,0.0,32.4,19.6,367,367.0,rtt,-0.1,0.0,-0.1
dapper,variable,109,100.0,1000,21.210997956041414,33.76823065319891,34.76110730262953,34.98660651522982,23.060011675214664,0.0,0.7239038673745836,0.7281507289543079,7625.0,7.625,7625.0,0.203,0.156,0.0,0.305,0.9147540983606557,0.08852459016393442,0.027,0.8262295081967214,0.0,0.08524590163934426,0.0,53.900000000000006,0.0,30.5,15.6,349,349.0,rtt,-0.1,0.0,-0.1
dapper,variable,110,100.0,1000,20.982663888093814,33.908831310824965,34.67822534775889,34.98146709760653,22.85841796982215,0.0,0.7252583766377324,0.7294279576298566,7375.0,7.375,7375.0,0.226,0.171,0.0,0.295,0.9288135593220339,0.09491525423728814,0.028,0.8338983050847457,0.0,0.0711864406779661,0.0,53.400000000000006,0.0,29.5,17.1,338,338.0,rtt,-0.1,0.0,-0.1
dapper,variable,111,100.0,1000,21.16809675678184,33.79838354481562,34.723349040720166,34.97684653932659,23.915975824972563,0.0,0.7256479697289735,0.7320268540917734,7975.0,7.975,7975.0,0.215,0.165,0.0,0.319,0.9310344827586207,0.12852664576802508,0.041,0.8025078369905956,0.0,0.06896551724137931,0.0,51.6,0.0,31.900000000000002,16.5,347,347.0,rtt,-0.1,0.0,-0.1
dapper,variable,112,100.0,1000,21.078172240720427,34.0565418294024,34.79412676903375,34.95854802039493,24.212262504548903,0.0,0.728773769620013,0.7356621447394286,8075.0,8.075,8074.999999999999,0.215,0.162,0.0,0.323,0.9473684210526315,0.14241486068111456,0.046,0.804953560371517,0.0,0.05263157894736842,0.0,51.5,0.0,32.300000000000004,16.2,353,353.0,rtt,-0.1,0.0,-0.1
dapper,variable,113,100.0,1000,21.31694882499063,33.57682626381407,34.78843892853948,34.96829040868747,22.939955530397988,0.0,0.7264232866327129,0.7299965758384606,7800.0,7.8,7800.0,0.195,0.148,0.0,0.312,0.9487179487179487,0.07692307692307693,0.024,0.8717948717948718,0.0,0.05128205128205128,0.0,54.0,0.0,31.2,14.799999999999999,349,349.0,rtt,-0.1,0.0,-0.1
dapper,variable,114,100.0,1000,19.67604199921086,33.53883646549626,34.61117657596823,34.99588156157893,21.825388136836153,0.0,0.7223593713543665,0.7273502718546296,6425.0,6.425,6425.0,0.265,0.204,0.0,0.257,0.9182879377431906,0.1245136186770428,0.032,0.7937743190661478,0.0,0.08171206225680934,0.0,53.900000000000006,0.0,25.7,20.4,371,371.0,rtt,-0.1,0.0,-0.1
dapper,variable,115,100.0,1000,21.52377817248878,33.34691437699113,34.626745067103904,34.87718954629805,24.614448169542587,0.0,0.7232738089489201,0.7307776646296632,7575.0,7.575,7575.0,0.173,0.134,0.0,0.303,0.9174917491749175,0.1485148514851485,0.045,0.768976897689769,0.0,0.08250825082508251,0.0,56.3,0.0,30.3,13.4,304,304.0,rtt,-0.1,0.0,-0.1
dapper,variable,116,100.0,1000,20.906294903309245,33.98344969197258,34.76841725790863,34.94714462527301,22.74212994365831,0.0,0.7290119598437401,0.7338571453007148,6600.0,6.6,6600.0,0.236,0.181,0.0,0.264,0.9318181818181818,0.10227272727272728,0.027,0.8295454545454546,0.0,0.06818181818181818,0.0,55.50000000000001,0.0,26.400000000000002,18.099999999999998,333,333.0,rtt,-0.1,0.0,-0.1
dapper,variable,117,100.0,1000,22.79278973468874,34.240173789397694,34.82080355680936,34.990866631104254,24.372803158761158,0.0,0.7236089220200427,0.7273205153550273,8525.0,8.525,8525.0,0.131,0.099,0.0,0.341,0.9208211143695014,0.06744868035190615,0.023,0.8533724340175953,0.0,0.07917888563049853,0.0,56.00000000000001,0.0,34.1,9.9,354,354.0,rtt,-0.1,0.0,-0.1
dapper,variable,118,100.0,1000,21.19990772515089,33.5101571170854,34.37942051281876,34.868091607089696,24.795661088368785,0.0,0.7251742139285398,0.7332718839678496,8675.0,8.675,8675.0,0.193,0.148,0.0,0.347,0.930835734870317,0.14985590778097982,0.052,0.7809798270893372,0.0,0.069164265129683,0.0,50.5,0.0,34.699999999999996,14.799999999999999,366,366.0,rtt,-0.1,0.0,-0.1
dapper,variable,119,100.0,1000,21.014738694675003,33.65904383541709,34.57959716197339,34.99635852821138,23.784886612310977,0.0,0.7246782245108351,0.7316367645275803,7925.0,7.925,7925.0,0.217,0.165,0.0,0.317,0.917981072555205,0.12933753943217666,0.041,0.7886435331230284,0.0,0.08201892744479496,0.0,51.800000000000004,0.0,31.7,16.5,325,325.0,rtt,-0.1,0.0,-0.1
dapper,variable,120,100.0,1000,21.652203797202326,33.96526001626422,34.71258654891299,34.99491157025027,24.172457436631948,0.0,0.7236302032790113,0.7299100935256569,9500.0,9.5,9500.0,0.178,0.133,0.0,0.38,0.9368421052631579,0.09736842105263158,0.037,0.8394736842105263,0.0,0.06315789473684211,0.0,48.699999999999996,0.0,38.0,13.3,336,336.0,rtt,-0.1,0.0,-0.1
dapper,variable,121,100.0,1000,20.769854338698046,33.76407787463392,34.80089032279628,34.994688323129196,24.68125200719413,0.0,0.7246801812954811,0.7345887093906228,8775.0,8.775,8775.0,0.217,0.168,0.0,0.351,0.9515669515669516,0.16524216524216523,0.058,0.7863247863247863,0.0,0.04843304843304843,0.0,48.1,0.0,35.099999999999994,16.8,337,337.0,rtt,-0.1,0.0,-0.1
dapper,variable,122,100.0,1000,21.16350775983448,33.694416258508085,34.631522901173106,34.97317679379236,24.26295773985177,0.0,0.7270704428833787,0.7339893009539761,7900.0,7.9,7900.0,0.196,0.15,0.0,0.316,0.9588607594936709,0.14240506329113925,0.045,0.8164556962025317,0.0,0.04113924050632911,0.0,53.400000000000006,0.0,31.6,15.0,345,345.0,rtt,-0.1,0.0,-0.1
dapper,variable,123,100.0,1000,21.141639097235224,33.79103353765298,34.79488657343286,34.98222422308634,23.229844990129337,0.0,0.7283106253308629,0.7340685729442107,7550.0,7.55,7550.0,0.213,0.162,0.0,0.302,0.9470198675496688,0.10596026490066225,0.032,0.8410596026490066,0.0,0.052980132450331126,0.0,53.6,0.0,30.2,16.2,347,347.0,rtt,-0.1,0.0,-0.1
dapper,variable,124,100.0,1000,21.732988484636902,33.61582768332837,34.67732058291188,34.996246009129095,23.750766552712175,0.0,0.7242599698219147,0.7290090601287487,9100.0,9.1,9100.0,0.169,0.132,0.0,0.364,0.9038461538461539,0.08241758241758242,0.03,0.8214285714285714,0.0,0.09615384615384616,0.0,50.4,0.0,36.4,13.200000000000001,361,361.0,rtt,-0.1,0.0,-0.1
dapper,variable,125,100.0,1000,20.769788307085673,33.55572104656107,34.7780426012565,34.94952031560075,23.64318483654006,0.0,0.7246252838037862,0.7310543455649272,7925.0,7.925,7925.0,0.222,0.17,0.0,0.317,0.9274447949526814,0.13249211356466878,0.042,0.7949526813880127,0.0,0.07255520504731862,0.0,51.300000000000004,0.0,31.7,17.0,363,363.0,rtt,-0.1,0.0,-0.1
dapper,variable,126,100.0,1000,21.1478810158433,33.75159446968112,34.720173914570076,34.997585709381326,23.72466143080774,0.0,0.730137150017489,0.7363161985328225,7700.0,7.7,7700.0,0.21,0.163,0.0,0.308,0.9285714285714286,0.1266233766233766,0.039,0.801948051948052,0.0,0.07142857142857142,0.0,52.900000000000006,0.0,30.8,16.3,352,352.0,rtt,-0.1,0.0,-0.1
dapper,variable,127,100.0,1000,20.71779492129796,34.01155392391131,34.710521322396545,34.9805264786951,23.02161487856629,0.0,0.7255219403916765,0.7312200481640382,7725.0,7.725,7725.0,0.242,0.184,0.0,0.309,0.9546925566343042,0.10679611650485436,0.033,0.8478964401294499,0.0,0.045307443365695796,0.0,50.7,0.0,30.9,18.4,369,369.0,rtt,-0.1,0.0,-0.1
dapper,variable,128,100.0,1000,19.610045047259096,33.63444553862527,34.724924465655434,34.96530254190218,21.62536846392843,0.0,0.7261744085071619,0.7302855686295497,6550.0,6.55,6550.0,0.277,0.213,0.0,0.262,0.9122137404580153,0.11068702290076336,0.029,0.8015267175572519,0.0,0.08778625954198473,0.0,52.5,0.0,26.200000000000003,21.3,338,338.0,rtt,-0.1,0.0,-0.1
dapper,variable,129,100.0,1000,21.042862199957614,33.95740515939866,34.77333674805944,34.967648156933706,23.1026692952386,0.0,0.7216920602775155,0.7266364366879909,7375.0,7.375,7375.0,0.226,0.174,0.0,0.295,0.9457627118644067,0.10847457627118644,0.032,0.8372881355932204,0.0,0.05423728813559322,0.0,53.1,0.0,29.5,17.4,325,325.0,rtt,-0.1,0.0,-0.1
dapper,stable,100,100.0,1000,25.279403323317702,33.96035223762113,34.73962355895296,34.988775105687154,51.53514833678389,0.0,0.7265268897628933,0.792417917211626,21350.0,21.35,21350.0,0.0,0.0,0.0,0.854,0.9918032786885246,0.4953161592505855,0.423,0.4964871194379391,0.0,0.00819672131147541,0.0,14.6,0.0,85.39999999999999,0.0,259,259.0,rtt,0.0,0.0,0.0
dapper,stable,101,100.0,1000,24.820657080469697,33.96040511204254,34.788072376532675,34.99828909781833,53.53675771177409,0.0,0.7249338588619687,0.7978649635318986,21700.0,21.7,21700.0,0.0,0.0,0.0,0.868,0.9896313364055299,0.5288018433179723,0.459,0.4608294930875576,0.0,0.010368663594470046,0.0,13.200000000000001,0.0,86.8,0.0,231,231.0,rtt,0.0,0.0,0.0
dapper,stable,102,100.0,1000,24.835880473076735,33.70682378335116,34.74818297607158,34.965240972972765,51.8627260021259,0.0,0.727324394359075,0.800034845226407,20900.0,20.9,20900.0,0.0,0.0,0.0,0.836,0.992822966507177,0.5263157894736842,0.44,0.4665071770334928,0.0,0.007177033492822967,0.0,16.400000000000002,0.0,83.6,0.0,284,284.0,rtt,0.0,0.0,0.0
dapper,stable,103,100.0,1000,24.972078044518216,34.293187186352334,34.89307765319619,34.99802137082616,53.372703891643845,0.0,0.7236659440861409,0.7991290672988378,21525.0,21.525,21525.0,0.0,0.0,0.0,0.861,0.9883855981416957,0.5342624854819977,0.46,0.454123112659698,0.0,0.011614401858304297,0.0,13.900000000000002,0.0,86.1,0.0,237,237.0,rtt,0.0,0.0,0.0
dapper,stable,104,100.0,1000,24.98622097286207,33.860115377670134,34.74837408619961,34.98656616097203,51.037343944723006,0.0,0.7240926018777877,0.7898578469524961,21900.0,21.9,21900.0,0.0,0.0,0.0,0.876,0.9920091324200914,0.4794520547945205,0.42,0.5125570776255708,0.0,0.007990867579908675,0.0,12.4,0.0,87.6,0.0,220,220.0,rtt,0.0,0.0,0.0
dapper,stable,105,100.0,1000,24.85634769037545,33.82025179084476,34.62504012903672,34.93314580405199,51.59710330911793,0.0,0.7262361051095783,0.7959250227091806,21250.0,21.25,21250.0,0.0,0.0,0.0,0.85,0.9905882352941177,0.5105882352941177,0.434,0.48,0.0,0.009411764705882352,0.0,15.0,0.0,85.0,0.0,256,256.0,rtt,0.0,0.0,0.0
dapper,stable,106,100.0,1000,24.716410963251104,33.86074949026578,34.68730165917939,34.933586993197196,52.69637342008328,0.0,0.7229428904328138,0.7962430814491968,21425.0,21.425,21425.0,0.0,0.0,0.0,0.857,0.9918319719953326,0.5227537922987164,0.448,0.4690781796966161,0.0,0.008168028004667444,0.0,14.299999999999999,0.0,85.7,0.0,252,252.0,rtt,0.0,0.0,0.0
dapper,stable,107,100.0,1000,24.88557902804772,33.83424628214373,34.89267109559948,34.9936438529993,53.380353744565205,0.0,0.7245133185042392,0.7993133636844371,22025.0,22.025,22025.0,0.0,0.0,0.0,0.881,0.9886492622020431,0.5187287173666288,0.457,0.4699205448354143,0.0,0.011350737797956867,0.0,11.899999999999999,0.0,88.1,0.0,198,198.0,rtt,0.0,0.0,0.0
dapper,stable,108,100.0,1000,25.235897183714567,34.2868707566229,34.87218349603604,34.989690121554816,51.92467360201944,0.0,0.7254394152220247,0.7967132376294662,21500.0,21.5,21500.0,0.0,0.0,0.0,0.86,0.9872093023255814,0.5023255813953489,0.432,0.4848837209302326,0.0,0.012790697674418604,0.0,14.000000000000002,0.0,86.0,0.0,231,231.0,rtt,0.0,0.0,0.0
dapper,stable,109,100.0,1000,25.268964708760926,34.15910526808331,34.79620852522923,34.94284900848466,51.53790445445115,0.0,0.7225069831603355,0.7908717000411818,21775.0,21.775,21775.0,0.0,0.0,0.0,0.871,0.9850746268656716,0.4845005740528129,0.422,0.5005740528128588,0.0,0.014925373134328358,0.0,12.9,0.0,87.1,0.0,228,228.0,rtt,0.0,0.0,0.0
dapper,stable,110,100.0,1000,24.978043487255007,33.957417382454665,34.80033649104111,34.99011804008187,51.64725260956925,0.0,0.7239727698806182,0.7935801521646344,21400.0,21.4,21400.0,0.0,0.0,0.0,0.856,0.985981308411215,0.5035046728971962,0.431,0.4824766355140187,0.0,0.014018691588785047,0.0,14.399999999999999,0.0,85.6,0.0,261,261.0,rtt,0.0,0.0,0.0
dapper,stable,111,100.0,1000,25.491345575881343,33.99942489704205,34.77294614292747,34.98882482505357,52.77932606666301,0.0,0.7264559107913696,0.7988751227250941,20975.0,20.975,20975.0,0.0,0.0,0.0,0.839,0.9916567342073898,0.5256257449344458,0.441,0.466030989272944,0.0,0.00834326579261025,0.0,16.1,0.0,83.89999999999999,0.0,276,276.0,rtt,0.0,0.0,0.0
dapper,stable,112,100.0,1000,25.044635098675773,33.93678625080242,34.80594764992258,34.978994945141224,52.774438295965986,0.0,0.7245903067601731,0.7942867336915719,21700.0,21.7,21700.0,0.0,0.0,0.0,0.868,0.9919354838709677,0.5103686635944701,0.443,0.4815668202764977,0.0,0.008064516129032258,0.0,13.200000000000001,0.0,86.8,0.0,220,220.0,rtt,0.0,0.0,0.0
dapper,stable,113,100.0,1000,24.924957379086543,33.92528008813723,34.852479041190236,34.99387303551587,50.565197370598845,0.0,0.725184772552611,0.7910288053494875,21600.0,21.6,21600.0,0.0,0.0,0.0,0.864,0.9826388888888888,0.48032407407407407,0.415,0.5023148148148148,0.0,0.017361111111111112,0.0,13.600000000000001,0.0,86.4,0.0,239,239.0,rtt,0.0,0.0,0.0
dapper,stable,114,100.0,1000,25.128438548268,33.86993382489312,34.786318253661975,34.99771913787838,53.866453690073165,0.0,0.7237524930795687,0.7977940224588013,21900.0,21.9,21900.0,0.0,0.0,0.0,0.876,0.9908675799086758,0.5308219178082192,0.465,0.4600456621004566,0.0,0.0091324200913242,0.0,12.4,0.0,87.6,0.0,214,214.0,rtt,0.0,0.0,0.0
dapper,stable,115,100.0,1000,25.094705607799348,34.162413089123824,34.74465384721523,34.970565607066455,51.94937303752475,0.0,0.7245886848920773,0.7944537871206474,21750.0,21.75,21750.0,0.0,0.0,0.0,0.87,0.9873563218390805,0.5011494252873563,0.436,0.4862068965517241,0.0,0.01264367816091954,0.0,13.0,0.0,87.0,0.0,219,219.0,rtt,0.0,0.0,0.0
dapper,stable,116,100.0,1000,25.028301912688907,34.05041769477859,34.88445460350265,34.99403448766891,54.211607535281885,0.0,0.7244573126145593,0.798391101095973,21750.0,21.75,21750.0,0.0,0.0,0.0,0.87,0.9942528735632183,0.5448275862068965,0.474,0.4494252873563218,0.0,0.005747126436781609,0.0,13.0,0.0,87.0,0.0,221,221.0,rtt,0.0,0.0,0.0
dapper,stable,117,100.0,1000,24.997182216762514,33.94211020128963,34.806950360419165,34.98156739475102,51.94396103000347,0.0,0.7238166310991714,0.7935256482510197,21850.0,21.85,21850.0,0.0,0.0,0.0,0.874,0.9862700228832952,0.4897025171624714,0.428,0.4965675057208238,0.0,0.013729977116704805,0.0,12.6,0.0,87.4,0.0,226,226.0,rtt,0.0,0.0,0.0
dapper,stable,118,100.0,1000,25.026589048763064,34.146334679362305,34.835239525322194,34.964244111574146,52.20873167600773,0.0,0.7280528994609765,0.7960765304196257,21475.0,21.475,21475.0,0.0,0.0,0.0,0.859,0.9906868451688009,0.5075669383003493,0.436,0.4831199068684517,0.0,0.009313154831199068,0.0,14.099999999999998,0.0,85.9,0.0,244,244.0,rtt,0.0,0.0,0.0
dapper,stable,119,100.0,1000,24.80107188012856,34.00280379558126,34.81754573602827,34.936826663719394,53.78667209236602,0.0,0.7243707963012889,0.799875204249307,21925.0,21.925,21925.0,0.0,0.0,0.0,0.877,0.9874572405929305,0.5324971493728621,0.467,0.4549600912200684,0.0,0.012542759407069556,0.0,12.3,0.0,87.7,0.0,228,228.0,rtt,0.0,0.0,0.0
dapper,stable,120,100.0,1000,25.000139802139184,33.83887438020657,34.75482963071029,34.96519781982063,52.586658253654925,0.0,0.7247996031934949,0.7950348677637523,21800.0,21.8,21800.0,0.0,0.0,0.0,0.872,0.9839449541284404,0.5103211009174312,0.445,0.4736238532110092,0.0,0.016055045871559634,0.0,12.8,0.0,87.2,0.0,212,212.0,rtt,0.0,0.0,0.0
dapper,stable,121,100.0,1000,24.870142370806825,34.08802278656587,34.79782372711737,34.96061084968983,51.218892289603616,0.0,0.7235062491591376,0.7917923991779289,21800.0,21.8,21800.0,0.0,0.0,0.0,0.872,0.9862385321100917,0.48394495412844035,0.422,0.5022935779816514,0.0,0.013761467889908258,0.0,12.8,0.0,87.2,0.0,219,219.0,rtt,0.0,0.0,0.0
dapper,stable,122,100.0,1000,24.829111935230273,33.958468133447,34.74506049633189,34.924143640943036,53.271418624119164,0.0,0.7259117747422895,0.7982645293058339,21950.0,21.95,21950.0,0.0,0.0,0.0,0.878,0.9886104783599089,0.5148063781321185,0.452,0.47380410022779046,0.0,0.011389521640091117,0.0,12.2,0.0,87.8,0.0,200,200.0,rtt,0.0,0.0,0.0
dapper,stable,123,100.0,1000,25.35470141463279,34.01400394209814,34.728637206489786,34.90743937957425,51.64158095400979,0.0,0.7231039957478556,0.7928850748486099,22225.0,22.225,22225.0,0.0,0.0,0.0,0.889,0.9820022497187851,0.4769403824521935,0.424,0.5050618672665916,0.0,0.01799775028121485,0.0,11.1,0.0,88.9,0.0,196,196.0,rtt,0.0,0.0,0.0
dapper,stable,124,100.0,1000,25.00583269004324,34.03261405514325,34.80612955591713,34.95256595801938,50.8126236179597,0.0,0.7270004160651047,0.7942088997255117,21000.0,21.0,21000.0,0.0,0.0,0.0,0.84,0.9928571428571429,0.49642857142857144,0.417,0.49642857142857144,0.0,0.007142857142857143,0.0,16.0,0.0,84.0,0.0,280,280.0,rtt,0.0,0.0,0.0
dapper,stable,125,100.0,1000,24.9867591189863,33.982185709447386,34.8021659840167,34.99165214842439,53.959249959158115,0.0,0.7268533605073024,0.7989657788847586,21650.0,21.65,21650.0,0.0,0.0,0.0,0.866,0.9919168591224018,0.5323325635103926,0.461,0.45958429561200925,0.0,0.008083140877598153,0.0,13.4,0.0,86.6,0.0,238,238.0,rtt,0.0,0.0,0.0
dapper,stable,126,100.0,1000,24.628886386363657,33.70638744138536,34.672811784104226,34.983867296625746,53.134621864449656,0.0,0.726794351381784,0.8009463128693688,21175.0,21.175,21175.0,0.0,0.0,0.0,0.847,0.9881936245572609,0.5419126328217237,0.459,0.4462809917355372,0.0,0.011806375442739079,0.0,15.299999999999999,0.0,84.7,0.0,252,252.0,rtt,0.0,0.0,0.0
dapper,stable,127,100.0,1000,25.164646066804526,34.17312143282042,34.80106095916998,34.970740898815485,54.30743225703345,0.0,0.7237258806201099,0.7969399991420358,22125.0,22.125,22125.0,0.0,0.0,0.0,0.885,0.9909604519774011,0.5276836158192091,0.467,0.4632768361581921,0.0,0.00903954802259887,0.0,11.5,0.0,88.5,0.0,207,207.0,rtt,0.0,0.0,0.0
dapper,stable,128,100.0,1000,25.178185128090664,33.92859815320874,34.67968897440042,34.972660274630584,53.589153958153254,0.0,0.7271450910033325,0.7988558762020542,21425.0,21.425,21425.0,0.0,0.0,0.0,0.857,0.9836639439906651,0.5309218203033839,0.455,0.45274212368728123,0.0,0.01633605600933489,0.0,14.299999999999999,0.0,85.7,0.0,237,237.0,rtt,0.0,0.0,0.0
dapper,stable,129,100.0,1000,25.217209562918274,34.07064808785484,34.83459462785327,34.9933571344785,53.065152250426124,0.0,0.722736266433297,0.7957788932941594,21825.0,21.825,21825.0,0.0,0.0,0.0,0.873,0.9896907216494846,0.5131729667812142,0.448,0.4765177548682703,0.0,0.010309278350515464,0.0,12.7,0.0,87.3,0.0,214,214.0,rtt,0.0,0.0,0.0
dapper,congested,100,100.0,1000,24.824557271985057,33.928407620489025,34.77556075006328,34.97404020175507,24.824557271985057,0.0,0.7231225654703062,0.7231225654703062,0.0,0.0,0.0,0.004,0.004,0.0,0.0,0.0,0.0,0.0,0.0,0.0,0.0,0.0,99.6,0.0,0.0,0.4,8,8.0,rtt,0.0,0.0,0.0
dapper,congested,101,100.0,1000,25.026673523971784,34.03466107987438,34.84243479054015,34.99327875607795,25.026673523971784,0.0,0.7239603822715144,0.7239603822715144,0.0,0.0,0.0,0.007,0.007,0.0,0.0,0.0,0.0,0.0,0.0,0.0,0.0,0.0,99.3,0.0,0.0,0.7000000000000001,12,12.0,rtt,0.0,0.0,0.0
dapper,congested,102,100.0,1000,24.829712790777762,33.96479457393766,34.69588731781126,34.989536221406055,24.829712790777762,0.0,0.7270052366898776,0.7270052366898776,0.0,0.0,0.0,0.008,0.008,0.0,0.0,0.0,0.0,0.0,0.0,0.0,0.0,0.0,99.2,0.0,0.0,0.8,14,14.0,rtt,0.0,0.0,0.0
dapper,congested,103,100.0,1000,24.892785643695664,34.09454856492267,34.78542999553827,34.985893217625524,24.892785643695664,0.0,0.7249187188165734,0.7249187188165734,0.0,0.0,0.0,0.006,0.006,0.0,0.0,0.0,0.0,0.0,0.0,0.0,0.0,0.0,99.4,0.0,0.0,0.6,12,12.0,rtt,0.0,0.0,0.0
dapper,congested,104,100.0,1000,24.77796847513708,33.81394766067372,34.81048977789511,34.94578824107255,24.77796847513708,0.0,0.7272547943451833,0.7272547943451833,0.0,0.0,0.0,0.008,0.008,0.0,0.0,0.0,0.0,0.0,0.0,0.0,0.0,0.0,99.2,0.0,0.0,0.8,14,14.0,rtt,0.0,0.0,0.0
dapper,congested,105,100.0,1000,24.677162661323955,34.007432758127685,34.86009343610894,34.98145078352877,24.677162661323955,0.0,0.7241646482306923,0.7241646482306923,25.0,0.025,25.0,0.008,0.008,0.0,0.001,1.0,0.0,0.0,1.0,0.0,0.0,0.0,99.1,0.0,0.1,0.8,14,14.0,rtt,0.0,0.0,0.0
dapper,congested,106,100.0,1000,24.772684967250918,33.98450796903268,34.753821099438774,34.98979405154197,24.772684967250918,0.0,0.7262080408789683,0.7262080408789683,0.0,0.0,0.0,0.007,0.007,0.0,0.0,0.0,0.0,0.0,0.0,0.0,0.0,0.0,99.3,0.0,0.0,0.7000000000000001,8,8.0,rtt,0.0,0.0,0.0
dapper,congested,107,100.0,1000,24.763848167260303,33.88426057014752,34.77470672268729,34.998762184541775,24.763848167260303,0.0,0.7257346306649486,0.7257346306649486,0.0,0.0,0.0,0.005,0.005,0.0,0.0,0.0,0.0,0.0,0.0,0.0,0.0,0.0,99.5,0.0,0.0,0.5,8,8.0,rtt,0.0,0.0,0.0
dapper,congested,108,100.0,1000,24.953177155047733,33.943119032195405,34.814499351033405,34.99655745974279,24.953177155047733,0.0,0.7244295155267036,0.7244295155267036,0.0,0.0,0.0,0.008,0.008,0.0,0.0,0.0,0.0,0.0,0.0,0.0,0.0,0.0,99.2,0.0,0.0,0.8,14,14.0,rtt,0.0,0.0,0.0
dapper,congested,109,100.0,1000,24.847059358357548,33.93181537323021,34.785030538309286,34.98925809716232,24.847059358357548,0.0,0.7234323551786083,0.7234323551786083,0.0,0.0,0.0,0.007,0.007,0.0,0.0,0.0,0.0,0.0,0.0,0.0,0.0,0.0,99.3,0.0,0.0,0.7000000000000001,10,10.0,rtt,0.0,0.0,0.0
dapper,congested,110,100.0,1000,24.70223165713215,33.71973175922034,34.60151524624712,34.90888622322395,24.70223165713215,0.0,0.7246938266396346,0.7246938266396346,0.0,0.0,0.0,0.005,0.005,0.0,0.0,0.0,0.0,0.0,0.0,0.0,0.0,0.0,99.5,0.0,0.0,0.5,8,8.0,rtt,0.0,0.0,0.0
dapper,congested,111,100.0,1000,24.94253826558974,33.995133250212476,34.74455155405684,34.96241421096305,24.94253826558974,0.0,0.7254545302713125,0.7254545302713125,0.0,0.0,0.0,0.008,0.008,0.0,0.0,0.0,0.0,0.0,0.0,0.0,0.0,0.0,99.2,0.0,0.0,0.8,14,14.0,rtt,0.0,0.0,0.0
dapper,congested,112,100.0,1000,24.86963877249279,33.90095224371657,34.76580213455383,34.985906989642146,24.86963877249279,0.0,0.7266076329631779,0.7266076329631779,0.0,0.0,0.0,0.013,0.013,0.0,0.0,0.0,0.0,0.0,0.0,0.0,0.0,0.0,98.7,0.0,0.0,1.3,18,18.0,rtt,0.0,0.0,0.0
dapper,congested,113,100.0,1000,24.72292431672843,33.938019364553725,34.77247181035648,34.98424994294581,24.72292431672843,0.0,0.7265134749764945,0.7265134749764945,0.0,0.0,0.0,0.007,0.007,0.0,0.0,0.0,0.0,0.0,0.0,0.0,0.0,0.0,99.3,0.0,0.0,0.7000000000000001,12,12.0,rtt,0.0,0.0,0.0
dapper,congested,114,100.0,1000,24.915906991902833,33.99518413696301,34.87476614646897,34.96282987218834,24.915906991902833,0.0,0.7286233928366593,0.7286233928366593,0.0,0.0,0.0,0.008,0.008,0.0,0.0,0.0,0.0,0.0,0.0,0.0,0.0,0.0,99.2,0.0,0.0,0.8,10,10.0,rtt,0.0,0.0,0.0
dapper,congested,115,100.0,1000,25.085740611498316,34.01033183391731,34.751795785617006,34.96593743598228,25.085740611498316,0.0,0.722824442674691,0.722824442674691,0.0,0.0,0.0,0.006,0.006,0.0,0.0,0.0,0.0,0.0,0.0,0.0,0.0,0.0,99.4,0.0,0.0,0.6,10,10.0,rtt,0.0,0.0,0.0
dapper,congested,116,100.0,1000,25.324934204252145,33.95730249293956,34.77240430108412,34.9771698353159,25.324934204252145,0.0,0.7260315559209485,0.7260315559209485,0.0,0.0,0.0,0.008,0.008,0.0,0.0,0.0,0.0,0.0,0.0,0.0,0.0,0.0,99.2,0.0,0.0,0.8,16,16.0,rtt,0.0,0.0,0.0
dapper,congested,117,100.0,1000,24.38620885543388,33.706919736517364,34.66361864084976,34.994340946660934,24.38620885543388,0.0,0.7253330615138619,0.7253330615138619,25.0,0.025,25.0,0.008,0.008,0.0,0.001,1.0,0.0,0.0,1.0,0.0,0.0,0.0,99.1,0.0,0.1,0.8,18,18.0,rtt,0.0,0.0,0.0
dapper,congested,118,100.0,1000,25.01023416650803,34.01490807545646,34.75940662114508,34.968506891824205,25.01023416650803,0.0,0.7268033495517163,0.7268033495517163,0.0,0.0,0.0,0.007,0.007,0.0,0.0,0.0,0.0,0.0,0.0,0.0,0.0,0.0,99.3,0.0,0.0,0.7000000000000001,12,12.0,rtt,0.0,0.0,0.0
dapper,congested,119,100.0,1000,25.237974362405513,33.930297923071485,34.79939395844596,34.97944595589328,25.237974362405513,0.0,0.7235998627315303,0.7235998627315303,0.0,0.0,0.0,0.005,0.005,0.0,0.0,0.0,0.0,0.0,0.0,0.0,0.0,0.0,99.5,0.0,0.0,0.5,8,8.0,rtt,0.0,0.0,0.0
dapper,congested,120,100.0,1000,24.770729236686982,33.99634834863332,34.78821886321599,34.985958566309606,24.770729236686982,0.0,0.724149083598059,0.724149083598059,0.0,0.0,0.0,0.008,0.008,0.0,0.0,0.0,0.0,0.0,0.0,0.0,0.0,0.0,99.2,0.0,0.0,0.8,16,16.0,rtt,0.0,0.0,0.0
dapper,congested,121,100.0,1000,24.670024513531853,33.750343569648706,34.75280697328194,34.996277370025744,24.670024513531853,0.0,0.7242193034879331,0.7242193034879331,0.0,0.0,0.0,0.006,0.006,0.0,0.0,0.0,0.0,0.0,0.0,0.0,0.0,0.0,99.4,0.0,0.0,0.6,10,10.0,rtt,0.0,0.0,0.0
dapper,congested,122,100.0,1000,24.53787182490916,33.83751458842038,34.770700984913006,34.91653465760954,24.53787182490916,0.0,0.726925307989091,0.726925307989091,0.0,0.0,0.0,0.013,0.013,0.0,0.0,0.0,0.0,0.0,0.0,0.0,0.0,0.0,98.7,0.0,0.0,1.3,14,14.0,rtt,0.0,0.0,0.0
dapper,congested,123,100.0,1000,24.972968667791022,34.0068905091913,34.771507219222585,34.98883073588995,24.972968667791022,0.0,0.7231981737549722,0.7231981737549722,0.0,0.0,0.0,0.002,0.002,0.0,0.0,0.0,0.0,0.0,0.0,0.0,0.0,0.0,99.8,0.0,0.0,0.2,4,4.0,rtt,0.0,0.0,0.0
dapper,congested,124,100.0,1000,24.68398444976012,33.74309287533703,34.66363593071505,34.94326242767353,24.68398444976012,0.0,0.7246698111318651,0.7246698111318651,0.0,0.0,0.0,0.006,0.006,0.0,0.0,0.0,0.0,0.0,0.0,0.0,0.0,0.0,99.4,0.0,0.0,0.6,10,10.0,rtt,0.0,0.0,0.0
dapper,congested,125,100.0,1000,24.725669553063664,34.05786747219948,34.83418763630404,34.99974319601896,24.725669553063664,0.0,0.7228975062228786,0.7228975062228786,25.0,0.025,25.0,0.012,0.012,0.0,0.001,1.0,0.0,0.0,1.0,0.0,0.0,0.0,98.7,0.0,0.1,1.2,16,16.0,rtt,0.0,0.0,0.0
dapper,congested,126,100.0,1000,24.961010734873252,33.97988585528562,34.774114294105054,34.99086328598782,24.961010734873252,0.0,0.7258907807888281,0.7258907807888281,0.0,0.0,0.0,0.002,0.002,0.0,0.0,0.0,0.0,0.0,0.0,0.0,0.0,0.0,99.8,0.0,0.0,0.2,4,4.0,rtt,0.0,0.0,0.0
dapper,congested,127,100.0,1000,24.79915459305446,33.97839515917549,34.71031183612322,34.99801668883106,24.79915459305446,0.0,0.7241769809830646,0.7241769809830646,0.0,0.0,0.0,0.01,0.01,0.0,0.0,0.0,0.0,0.0,0.0,0.0,0.0,0.0,99.0,0.0,0.0,1.0,18,18.0,rtt,0.0,0.0,0.0
dapper,congested,128,100.0,1000,24.671514882986425,34.08647701991846,34.783499539553866,34.99302751306131,24.671514882986425,0.0,0.72324842617587,0.72324842617587,0.0,0.0,0.0,0.008,0.008,0.0,0.0,0.0,0.0,0.0,0.0,0.0,0.0,0.0,99.2,0.0,0.0,0.8,12,12.0,rtt,0.0,0.0,0.0
dapper,congested,129,100.0,1000,24.599702966215787,33.90591045177916,34.77957296022762,34.981958638619645,24.599702966215787,0.0,0.7227863941222297,0.7227863941222297,0.0,0.0,0.0,0.013,0.013,0.0,0.0,0.0,0.0,0.0,0.0,0.0,0.0,0.0,98.7,0.0,0.0,1.3,20,20.0,rtt,0.0,0.0,0.0
dapper,variable,100,100.0,1000,19.847097399190012,33.61420558459003,34.76027410675784,34.95054826151675,21.97468170885308,0.0,0.7259116438296801,0.7309100495998946,5375.0,5.375,5375.0,0.284,0.216,0.0,0.215,0.9116279069767442,0.15348837209302327,0.033,0.7581395348837209,0.0,0.08837209302325581,0.0,56.89999999999999,0.0,21.5,21.6,342,342.0,rtt,0.0,0.0,0.0
dapper,variable,101,100.0,1000,19.873228370530978,33.51859359353788,34.716729365681125,34.99816501848515,22.429717590864318,0.0,0.7275598148950951,0.7338505135735993,6025.0,6.025,6025.0,0.256,0.2,0.0,0.241,0.9294605809128631,0.15767634854771784,0.038,0.7717842323651453,0.0,0.07053941908713693,0.0,55.900000000000006,0.0,24.099999999999998,20.0,331,331.0,rtt,0.0,0.0,0.0
dapper,variable,102,100.0,1000,21.725835154751234,33.952084801243224,34.85412725538718,34.995332379528136,24.55018827202417,0.0,0.7253923428217819,0.7325011631642455,6075.0,6.075,6075.0,0.167,0.131,0.0,0.243,0.9012345679012346,0.1728395061728395,0.042,0.7283950617283951,0.0,0.09876543209876543,0.0,62.6,0.0,24.3,13.100000000000001,304,304.0,rtt,0.0,0.0,0.0
dapper,variable,103,100.0,1000,19.512093113412188,33.581179869308166,34.6745142049723,34.99051342908312,21.536858533775952,0.0,0.7264145780785138,0.7316018841146493,5975.0,5.975,5975.0,0.315,0.239,0.0,0.239,0.9079497907949791,0.12552301255230125,0.03,0.7824267782426778,0.0,0.09205020920502092,0.0,52.2,0.0,23.9,23.9,358,358.0,rtt,0.0,0.0,0.0
dapper,variable,104,100.0,1000,21.518439904160722,33.92297556550541,34.71580596411837,34.944614204784195,24.19286560109536,0.0,0.727405744674525,0.7335000817049102,5675.0,5.675,5675.0,0.187,0.143,0.0,0.227,0.920704845814978,0.1762114537444934,0.04,0.7444933920704846,0.0,0.07929515418502203,0.0,63.0,0.0,22.7,14.299999999999999,297,297.0,rtt,0.0,0.0,0.0
dapper,variable,105,100.0,1000,20.409246302565197,33.52133876628223,34.7773651787171,34.98077376103997,23.376413958481,0.0,0.726150768098847,0.7330994621409599,6100.0,6.1,6100.0,0.238,0.184,0.0,0.244,0.9467213114754098,0.1762295081967213,0.043,0.7704918032786885,0.0,0.05327868852459016,0.0,57.199999999999996,0.0,24.4,18.4,334,334.0,rtt,0.0,0.0,0.0
dapper,variable,106,100.0,1000,21.59372391817589,33.5305156645498,34.67586933903363,34.993851868805095,24.22464112131524,0.0,0.7255234671581106,0.7321782081483472,5525.0,5.525,5525.0,0.175,0.136,0.0,0.221,0.9366515837104072,0.18099547511312217,0.04,0.755656108597285,0.0,0.06334841628959276,0.0,64.3,0.0,22.1,13.600000000000001,290,290.0,rtt,0.0,0.0,0.0
dapper,variable,107,100.0,1000,20.056441701403287,33.56666120695883,34.6268453225655,34.98148819897819,22.290948278842663,0.0,0.7240116849833446,0.729203334796121,4925.0,4.925,4925.0,0.261,0.201,0.0,0.197,0.9137055837563451,0.16751269035532995,0.033,0.7461928934010152,0.0,0.08629441624365482,0.0,60.199999999999996,0.0,19.7,20.1,301,301.0,rtt,0.0,0.0,0.0
dapper,variable,108,100.0,1000,20.480881005394448,33.99159903353784,34.77692101060002,34.94872090187498,23.301428970536026,0.0,0.7260048286422379,0.7332002127738215,6000.0,6.0,6000.0,0.26,0.196,0.0,0.24,0.925,0.175,0.042,0.75,0.0,0.075,0.0,56.39999999999999,0.0,24.0,19.6,334,334.0,rtt,0.0,0.0,0.0
dapper,variable,109,100.0,1000,21.210997956041414,33.76823065319891,34.76110730262953,34.98660651522982,23.060011675214664,0.0,0.7239038673745836,0.7281507289543079,5375.0,5.375,5375.0,0.203,0.156,0.0,0.215,0.9348837209302325,0.12558139534883722,0.027,0.8093023255813954,0.0,0.06511627906976744,0.0,62.9,0.0,21.5,15.6,311,311.0,rtt,0.0,0.0,0.0
dapper,variable,110,100.0,1000,20.982663888093814,33.908831310824965,34.67822534775889,34.98146709760653,22.85841796982215,0.0,0.7252583766377324,0.7294279576298566,5500.0,5.5,5500.0,0.226,0.171,0.0,0.22,0.9181818181818182,0.12727272727272726,0.028,0.7909090909090909,0.0,0.08181818181818182,0.0,60.9,0.0,22.0,17.1,315,315.0,rtt,0.0,0.0,0.0
dapper,variable,111,100.0,1000,21.15036747714493,33.79838354481562,34.723349040720166,34.97684653932659,23.898246545335653,0.0,0.7257443855359366,0.7321232698987364,6050.0,6.05,6050.0,0.216,0.166,0.0,0.242,0.9297520661157025,0.16942148760330578,0.041,0.7603305785123967,0.0,0.07024793388429752,0.0,59.199999999999996,0.0,24.2,16.6,312,312.0,rtt,0.0,0.0,0.0
dapper,variable,112,100.0,1000,21.078172240720427,34.0565418294024,34.79412676903375,34.95854802039493,24.212262504548903,0.0,0.728773769620013,0.7356621447394286,6425.0,6.425,6425.0,0.215,0.162,0.0,0.257,0.9455252918287937,0.17898832684824903,0.046,0.7665369649805448,0.0,0.054474708171206226,0.0,58.099999999999994,0.0,25.7,16.2,324,324.0,rtt,0.0,0.0,0.0
dapper,variable,113,100.0,1000,21.273906223598555,33.57682626381407,34.78843892853948,34.96829040868747,22.896912929005918,0.0,0.7263068757945752,0.7298801650003229,5800.0,5.8,5800.0,0.197,0.15,0.0,0.232,0.9396551724137931,0.10344827586206896,0.024,0.8362068965517241,0.0,0.0603448275862069,0.0,61.8,0.0,23.200000000000003,15.0,301,301.0,rtt,0.0,0.0,0.0
dapper,variable,114,100.0,1000,19.651478679764644,33.53883646549626,34.61117657596823,34.99588156157893,21.80082481738994,0.0,0.7222741502329159,0.7272650507331792,4450.0,4.45,4450.0,0.266,0.205,0.0,0.178,0.9044943820224719,0.1797752808988764,0.032,0.7247191011235955,0.0,0.09550561797752809,0.0,61.7,0.0,17.8,20.5,333,333.0,rtt,0.0,0.0,0.0
dapper,variable,115,100.0,1000,21.45827282696581,33.34691437699113,34.626745067103904,34.87718954629805,24.548942824019623,0.0,0.7230935571850724,0.7305974128658156,5350.0,5.35,5350.0,0.176,0.137,0.0,0.214,0.9065420560747663,0.2102803738317757,0.045,0.6962616822429907,0.0,0.09345794392523364,0.0,64.9,0.0,21.4,13.700000000000001,290,290.0,rtt,0.0,0.0,0.0
dapper,variable,116,100.0,1000,20.840460970931165,33.98344969197258,34.76841725790863,34.94714462527301,22.676296011280233,0.0,0.7289372186607409,0.7337824041177154,4900.0,4.9,4900.0,0.239,0.184,0.0,0.196,0.9336734693877551,0.1377551020408163,0.027,0.7959183673469388,0.0,0.0663265306122449,0.0,62.0,0.0,19.6,18.4,294,294.0,rtt,0.0,0.0,0.0
dapper,variable,117,100.0,1000,22.76021868961211,34.240173789397694,34.82080355680936,34.990866631104254,24.340232113684532,0.0,0.7236897900442029,0.7274013833791875,6150.0,6.15,6150.0,0.132,0.1,0.0,0.246,0.9146341463414634,0.09349593495934959,0.023,0.8211382113821138,0.0,0.08536585365853659,0.0,65.4,0.0,24.6,10.0,296,296.0,rtt,0.0,0.0,0.0
dapper,variable,118,100.0,1000,21.19990772515089,33.5101571170854,34.37942051281876,34.868091607089696,24.795661088368785,0.0,0.7251742139285398,0.7332718839678496,6650.0,6.65,6650.0,0.193,0.148,0.0,0.266,0.9323308270676691,0.19548872180451127,0.052,0.7368421052631579,0.0,0.06766917293233082,0.0,58.599999999999994,0.0,26.6,14.799999999999999,320,320.0,rtt,0.0,0.0,0.0
dapper,variable,119,100.0,1000,20.98980792595105,33.65904383541709,34.57959716197339,34.99635852821138,23.759955843587026,0.0,0.7248011782863056,0.731759718303051,5900.0,5.9,5900.0,0.218,0.166,0.0,0.236,0.9279661016949152,0.17372881355932204,0.041,0.7542372881355932,0.0,0.07203389830508475,0.0,59.8,0.0,23.599999999999998,16.6,303,303.0,rtt,0.0,0.0,0.0
dapper,variable,120,100.0,1000,21.637219680970638,33.96526001626422,34.71258654891299,34.99491157025027,24.157473320400253,0.0,0.7236256274039456,0.7299055176505913,7075.0,7.075,7075.0,0.179,0.134,0.0,0.283,0.9399293286219081,0.13074204946996468,0.037,0.8091872791519434,0.0,0.06007067137809187,0.0,58.3,0.0,28.299999999999997,13.4,319,319.0,rtt,0.0,0.0,0.0
dapper,variable,121,100.0,1000,20.769854338698046,33.76407787463392,34.80089032279628,34.994688323129196,24.68125200719413,0.0,0.7246801812954811,0.7345887093906228,6775.0,6.775,6775.0,0.217,0.168,0.0,0.271,0.948339483394834,0.2140221402214022,0.058,0.7343173431734318,0.0,0.05166051660516605,0.0,56.10000000000001,0.0,27.1,16.8,311,311.0,rtt,0.0,0.0,0.0
dapper,variable,122,100.0,1000,21.13175821444513,33.694416258508085,34.631522901173106,34.97317679379236,24.23120819446242,0.0,0.727101792089757,0.7340206501603544,5650.0,5.65,5650.0,0.197,0.151,0.0,0.226,0.9557522123893806,0.19911504424778761,0.045,0.7566371681415929,0.0,0.04424778761061947,0.0,62.3,0.0,22.6,15.1,312,312.0,rtt,0.0,0.0,0.0
dapper,variable,123,100.0,1000,21.09321361110236,33.79103353765298,34.79488657343286,34.98222422308634,23.181419503996473,0.0,0.7282104611957531,0.7339684088091011,5550.0,5.55,5550.0,0.215,0.164,0.0,0.222,0.9369369369369369,0.14414414414414414,0.032,0.7927927927927928,0.0,0.06306306306306306,0.0,61.4,0.0,22.2,16.400000000000002,318,318.0,rtt,0.0,0.0,0.0
dapper,variable,124,100.0,1000,21.732988484636902,33.61582768332837,34.67732058291188,34.996246009129095,23.750766552712175,0.0,0.7242599698219147,0.7290090601287487,6700.0,6.7,6700.0,0.169,0.132,0.0,0.268,0.8955223880597015,0.11194029850746269,0.03,0.7835820895522388,0.0,0.1044776119402985,0.0,60.0,0.0,26.8,13.200000000000001,338,338.0,rtt,0.0,0.0,0.0
dapper,variable,125,100.0,1000,20.769788307085673,33.55572104656107,34.7780426012565,34.94952031560075,23.64318483654006,0.0,0.7246252838037862,0.7310543455649272,5925.0,5.925,5925.0,0.222,0.17,0.0,0.237,0.9409282700421941,0.17721518987341772,0.042,0.7637130801687764,0.0,0.05907172995780591,0.0,59.3,0.0,23.7,17.0,320,320.0,rtt,0.0,0.0,0.0
dapper,variable,126,100.0,1000,21.1478810158433,33.75159446968112,34.720173914570076,34.997585709381326,23.72466143080774,0.0,0.730137150017489,0.7363161985328225,5775.0,5.775,5775.0,0.21,0.163,0.0,0.231,0.9307359307359307,0.16883116883116883,0.039,0.7619047619047619,0.0,0.06926406926406926,0.0,60.6,0.0,23.1,16.3,315,315.0,rtt,0.0,0.0,0.0
dapper,variable,127,100.0,1000,20.660215773075464,34.01155392391131,34.710521322396545,34.9805264786951,22.9640357303438,0.0,0.7254115546748069,0.7311096624471685,5750.0,5.75,5750.0,0.245,0.187,0.0,0.23,0.9521739130434783,0.14347826086956522,0.033,0.808695652173913,0.0,0.04782608695652174,0.0,58.3,0.0,23.0,18.7,329,329.0,rtt,0.0,0.0,0.0
dapper,variable,128,100.0,1000,19.588881490818014,33.63444553862527,34.724924465655434,34.96530254190218,21.60420490748735,0.0,0.7261101277963585,0.7302212879187465,4475.0,4.475,4475.0,0.278,0.214,0.0,0.179,0.9162011173184358,0.16201117318435754,0.029,0.7541899441340782,0.0,0.08379888268156424,0.0,60.699999999999996,0.0,17.9,21.4,299,299.0,rtt,0.0,0.0,0.0
dapper,variable,129,100.0,1000,21.009790891695804,33.95183803633796,34.77333674805944,34.967648156933706,23.06959798697679,0.0,0.7216296347896245,0.7265740112000998,5425.0,5.425,5425.0,0.227,0.175,0.0,0.217,0.9447004608294931,0.14746543778801843,0.032,0.7972350230414746,0.0,0.055299539170506916,0.0,60.8,0.0,21.7,17.5,312,312.0,rtt,0.0,0.0,0.0
dapper,stable,100,100.0,1000,25.279403323317702,33.96035223762113,34.73962355895296,34.988775105687154,51.53514833678389,0.0,0.7265268897628933,0.792417917211626,21350.0,21.35,21350.0,0.0,0.0,0.0,0.854,0.9918032786885246,0.4953161592505855,0.423,0.4964871194379391,0.0,0.00819672131147541,0.0,14.6,0.0,85.39999999999999,0.0,259,259.0,rtt,0.1,0.0,0.1
dapper,stable,101,100.0,1000,24.820657080469697,33.96040511204254,34.788072376532675,34.99828909781833,53.53675771177409,0.0,0.7249338588619687,0.7978649635318986,21700.0,21.7,21700.0,0.0,0.0,0.0,0.868,0.9896313364055299,0.5288018433179723,0.459,0.4608294930875576,0.0,0.010368663594470046,0.0,13.200000000000001,0.0,86.8,0.0,231,231.0,rtt,0.1,0.0,0.1
dapper,stable,102,100.0,1000,24.835880473076735,33.70682378335116,34.74818297607158,34.965240972972765,51.8627260021259,0.0,0.727324394359075,0.800034845226407,20900.0,20.9,20900.0,0.0,0.0,0.0,0.836,0.992822966507177,0.5263157894736842,0.44,0.4665071770334928,0.0,0.007177033492822967,0.0,16.400000000000002,0.0,83.6,0.0,284,284.0,rtt,0.1,0.0,0.1
dapper,stable,103,100.0,1000,24.972078044518216,34.293187186352334,34.89307765319619,34.99802137082616,53.372703891643845,0.0,0.7236659440861409,0.7991290672988378,21525.0,21.525,21525.0,0.0,0.0,0.0,0.861,0.9883855981416957,0.5342624854819977,0.46,0.454123112659698,0.0,0.011614401858304297,0.0,13.900000000000002,0.0,86.1,0.0,237,237.0,rtt,0.1,0.0,0.1
dapper,stable,104,100.0,1000,24.98622097286207,33.860115377670134,34.74837408619961,34.98656616097203,51.037343944723006,0.0,0.7240926018777877,0.7898578469524961,21900.0,21.9,21900.0,0.0,0.0,0.0,0.876,0.9920091324200914,0.4794520547945205,0.42,0.5125570776255708,0.0,0.007990867579908675,0.0,12.4,0.0,87.6,0.0,220,220.0,rtt,0.1,0.0,0.1
dapper,stable,105,100.0,1000,24.85634769037545,33.82025179084476,34.62504012903672,34.93314580405199,51.59710330911793,0.0,0.7262361051095783,0.7959250227091806,21250.0,21.25,21250.0,0.0,0.0,0.0,0.85,0.9905882352941177,0.5105882352941177,0.434,0.48,0.0,0.009411764705882352,0.0,15.0,0.0,85.0,0.0,256,256.0,rtt,0.1,0.0,0.1
dapper,stable,106,100.0,1000,24.716410963251104,33.86074949026578,34.68730165917939,34.933586993197196,52.69637342008328,0.0,0.7229428904328138,0.7962430814491968,21425.0,21.425,21425.0,0.0,0.0,0.0,0.857,0.9918319719953326,0.5227537922987164,0.448,0.4690781796966161,0.0,0.008168028004667444,0.0,14.299999999999999,0.0,85.7,0.0,252,252.0,rtt,0.1,0.0,0.1
dapper,stable,107,100.0,1000,24.88557902804772,33.83424628214373,34.89267109559948,34.9936438529993,53.380353744565205,0.0,0.7245133185042392,0.7993133636844371,22025.0,22.025,22025.0,0.0,0.0,0.0,0.881,0.9886492622020431,0.5187287173666288,0.457,0.4699205448354143,0.0,0.011350737797956867,0.0,11.899999999999999,0.0,88.1,0.0,198,198.0,rtt,0.1,0.0,0.1
dapper,stable,108,100.0,1000,25.235897183714567,34.2868707566229,34.87218349603604,34.989690121554816,51.92467360201944,0.0,0.7254394152220247,0.7967132376294662,21500.0,21.5,21500.0,0.0,0.0,0.0,0.86,0.9872093023255814,0.5023255813953489,0.432,0.4848837209302326,0.0,0.012790697674418604,0.0,14.000000000000002,0.0,86.0,0.0,231,231.0,rtt,0.1,0.0,0.1
dapper,stable,109,100.0,1000,25.268964708760926,34.15910526808331,34.79620852522923,34.94284900848466,51.53790445445115,0.0,0.7225069831603355,0.7908717000411818,21775.0,21.775,21775.0,0.0,0.0,0.0,0.871,0.9850746268656716,0.4845005740528129,0.422,0.5005740528128588,0.0,0.014925373134328358,0.0,12.9,0.0,87.1,0.0,228,228.0,rtt,0.1,0.0,0.1
dapper,stable,110,100.0,1000,24.978043487255007,33.957417382454665,34.80033649104111,34.99011804008187,51.64725260956925,0.0,0.7239727698806182,0.7935801521646344,21400.0,21.4,21400.0,0.0,0.0,0.0,0.856,0.985981308411215,0.5035046728971962,0.431,0.4824766355140187,0.0,0.014018691588785047,0.0,14.399999999999999,0.0,85.6,0.0,261,261.0,rtt,0.1,0.0,0.1
dapper,stable,111,100.0,1000,25.491345575881343,33.99942489704205,34.77294614292747,34.98882482505357,52.77932606666301,0.0,0.7264559107913696,0.7988751227250941,20975.0,20.975,20975.0,0.0,0.0,0.0,0.839,0.9916567342073898,0.5256257449344458,0.441,0.466030989272944,0.0,0.00834326579261025,0.0,16.1,0.0,83.89999999999999,0.0,276,276.0,rtt,0.1,0.0,0.1
dapper,stable,112,100.0,1000,25.044635098675773,33.93678625080242,34.80594764992258,34.978994945141224,52.774438295965986,0.0,0.7245903067601731,0.7942867336915719,21700.0,21.7,21700.0,0.0,0.0,0.0,0.868,0.9919354838709677,0.5103686635944701,0.443,0.4815668202764977,0.0,0.008064516129032258,0.0,13.200000000000001,0.0,86.8,0.0,220,220.0,rtt,0.1,0.0,0.1
dapper,stable,113,100.0,1000,24.924957379086543,33.92528008813723,34.852479041190236,34.99387303551587,50.565197370598845,0.0,0.725184772552611,0.7910288053494875,21600.0,21.6,21600.0,0.0,0.0,0.0,0.864,0.9826388888888888,0.48032407407407407,0.415,0.5023148148148148,0.0,0.017361111111111112,0.0,13.600000000000001,0.0,86.4,0.0,239,239.0,rtt,0.1,0.0,0.1
dapper,stable,114,100.0,1000,25.128438548268,33.86993382489312,34.786318253661975,34.99771913787838,53.866453690073165,0.0,0.7237524930795687,0.7977940224588013,21900.0,21.9,21900.0,0.0,0.0,0.0,0.876,0.9908675799086758,0.5308219178082192,0.465,0.4600456621004566,0.0,0.0091324200913242,0.0,12.4,0.0,87.6,0.0,214,214.0,rtt,0.1,0.0,0.1
dapper,stable,115,100.0,1000,25.094705607799348,34.162413089123824,34.74465384721523,34.970565607066455,51.94937303752475,0.0,0.7245886848920773,0.7944537871206474,21750.0,21.75,21750.0,0.0,0.0,0.0,0.87,0.9873563218390805,0.5011494252873563,0.436,0.4862068965517241,0.0,0.01264367816091954,0.0,13.0,0.0,87.0,0.0,219,219.0,rtt,0.1,0.0,0.1
dapper,stable,116,100.0,1000,25.028301912688907,34.05041769477859,34.88445460350265,34.99403448766891,54.211607535281885,0.0,0.7244573126145593,0.798391101095973,21750.0,21.75,21750.0,0.0,0.0,0.0,0.87,0.9942528735632183,0.5448275862068965,0.474,0.4494252873563218,0.0,0.005747126436781609,0.0,13.0,0.0,87.0,0.0,221,221.0,rtt,0.1,0.0,0.1
dapper,stable,117,100.0,1000,24.997182216762514,33.94211020128963,34.806950360419165,34.98156739475102,51.94396103000347,0.0,0.7238166310991714,0.7935256482510197,21850.0,21.85,21850.0,0.0,0.0,0.0,0.874,0.9862700228832952,0.4897025171624714,0.428,0.4965675057208238,0.0,0.013729977116704805,0.0,12.6,0.0,87.4,0.0,226,226.0,rtt,0.1,0.0,0.1
dapper,stable,118,100.0,1000,25.026589048763064,34.146334679362305,34.835239525322194,34.964244111574146,52.20873167600773,0.0,0.7280528994609765,0.7960765304196257,21475.0,21.475,21475.0,0.0,0.0,0.0,0.859,0.9906868451688009,0.5075669383003493,0.436,0.4831199068684517,0.0,0.009313154831199068,0.0,14.099999999999998,0.0,85.9,0.0,244,244.0,rtt,0.1,0.0,0.1
dapper,stable,119,100.0,1000,24.80107188012856,34.00280379558126,34.81754573602827,34.936826663719394,53.78667209236602,0.0,0.7243707963012889,0.799875204249307,21925.0,21.925,21925.0,0.0,0.0,0.0,0.877,0.9874572405929305,0.5324971493728621,0.467,0.4549600912200684,0.0,0.012542759407069556,0.0,12.3,0.0,87.7,0.0,228,228.0,rtt,0.1,0.0,0.1
dapper,stable,120,100.0,1000,25.000139802139184,33.83887438020657,34.75482963071029,34.96519781982063,52.586658253654925,0.0,0.7247996031934949,0.7950348677637523,21800.0,21.8,21800.0,0.0,0.0,0.0,0.872,0.9839449541284404,0.5103211009174312,0.445,0.4736238532110092,0.0,0.016055045871559634,0.0,12.8,0.0,87.2,0.0,212,212.0,rtt,0.1,0.0,0.1
dapper,stable,121,100.0,1000,24.870142370806825,34.08802278656587,34.79782372711737,34.96061084968983,51.218892289603616,0.0,0.7235062491591376,0.7917923991779289,21800.0,21.8,21800.0,0.0,0.0,0.0,0.872,0.9862385321100917,0.48394495412844035,0.422,0.5022935779816514,0.0,0.013761467889908258,0.0,12.8,0.0,87.2,0.0,219,219.0,rtt,0.1,0.0,0.1
dapper,stable,122,100.0,1000,24.829111935230273,33.958468133447,34.74506049633189,34.924143640943036,53.271418624119164,0.0,0.7259117747422895,0.7982645293058339,21950.0,21.95,21950.0,0.0,0.0,0.0,0.878,0.9886104783599089,0.5148063781321185,0.452,0.47380410022779046,0.0,0.011389521640091117,0.0,12.2,0.0,87.8,0.0,200,200.0,rtt,0.1,0.0,0.1
dapper,stable,123,100.0,1000,25.35470141463279,34.01400394209814,34.728637206489786,34.90743937957425,51.64158095400979,0.0,0.7231039957478556,0.7928850748486099,22225.0,22.225,22225.0,0.0,0.0,0.0,0.889,0.9820022497187851,0.4769403824521935,0.424,0.5050618672665916,0.0,0.01799775028121485,0.0,11.1,0.0,88.9,0.0,196,196.0,rtt,0.1,0.0,0.1
dapper,stable,124,100.0,1000,25.00583269004324,34.03261405514325,34.80612955591713,34.95256595801938,50.8126236179597,0.0,0.7270004160651047,0.7942088997255117,21000.0,21.0,21000.0,0.0,0.0,0.0,0.84,0.9928571428571429,0.49642857142857144,0.417,0.49642857142857144,0.0,0.007142857142857143,0.0,16.0,0.0,84.0,0.0,280,280.0,rtt,0.1,0.0,0.1
dapper,stable,125,100.0,1000,24.9867591189863,33.982185709447386,34.8021659840167,34.99165214842439,53.959249959158115,0.0,0.7268533605073024,0.7989657788847586,21650.0,21.65,21650.0,0.0,0.0,0.0,0.866,0.9919168591224018,0.5323325635103926,0.461,0.45958429561200925,0.0,0.008083140877598153,0.0,13.4,0.0,86.6,0.0,238,238.0,rtt,0.1,0.0,0.1
dapper,stable,126,100.0,1000,24.628886386363657,33.70638744138536,34.672811784104226,34.983867296625746,53.134621864449656,0.0,0.726794351381784,0.8009463128693688,21175.0,21.175,21175.0,0.0,0.0,0.0,0.847,0.9881936245572609,0.5419126328217237,0.459,0.4462809917355372,0.0,0.011806375442739079,0.0,15.299999999999999,0.0,84.7,0.0,252,252.0,rtt,0.1,0.0,0.1
dapper,stable,127,100.0,1000,25.164646066804526,34.17312143282042,34.80106095916998,34.970740898815485,54.30743225703345,0.0,0.7237258806201099,0.7969399991420358,22125.0,22.125,22125.0,0.0,0.0,0.0,0.885,0.9909604519774011,0.5276836158192091,0.467,0.4632768361581921,0.0,0.00903954802259887,0.0,11.5,0.0,88.5,0.0,207,207.0,rtt,0.1,0.0,0.1
dapper,stable,128,100.0,1000,25.178185128090664,33.92859815320874,34.67968897440042,34.972660274630584,53.589153958153254,0.0,0.7271450910033325,0.7988558762020542,21425.0,21.425,21425.0,0.0,0.0,0.0,0.857,0.9836639439906651,0.5309218203033839,0.455,0.45274212368728123,0.0,0.01633605600933489,0.0,14.299999999999999,0.0,85.7,0.0,237,237.0,rtt,0.1,0.0,0.1
dapper,stable,129,100.0,1000,25.217209562918274,34.07064808785484,34.83459462785327,34.9933571344785,53.065152250426124,0.0,0.722736266433297,0.7957788932941594,21825.0,21.825,21825.0,0.0,0.0,0.0,0.873,0.9896907216494846,0.5131729667812142,0.448,0.4765177548682703,0.0,0.010309278350515464,0.0,12.7,0.0,87.3,0.0,214,214.0,rtt,0.1,0.0,0.1
dapper,congested,100,100.0,1000,22.634553642810786,33.68806482643059,34.75681430525194,34.97404020175507,22.634553642810786,0.0,0.7226184075881795,0.7226184075881795,0.0,0.0,0.0,0.1,0.097,0.0,0.0,0.0,0.0,0.0,0.0,0.0,0.0,0.0,90.0,0.0,0.0,10.0,132,132.0,rtt,0.1,0.0,0.1
dapper,congested,101,100.0,1000,23.177152384952212,33.961540053354156,34.837903869816294,34.99327875607795,23.177152384952212,0.0,0.7240654103731038,0.7240654103731038,0.0,0.0,0.0,0.088,0.085,0.0,0.0,0.0,0.0,0.0,0.0,0.0,0.0,0.0,91.2,0.0,0.0,8.799999999999999,112,112.0,rtt,0.1,0.0,0.1
dapper,congested,102,100.0,1000,23.53506179348024,33.90569981409746,34.69588731781126,34.989536221406055,23.53506179348024,0.0,0.7267031995525667,0.7267031995525667,0.0,0.0,0.0,0.064,0.061,0.0,0.0,0.0,0.0,0.0,0.0,0.0,0.0,0.0,93.60000000000001,0.0,0.0,6.4,90,90.0,rtt,0.1,0.0,0.1
dapper,congested,103,100.0,1000,23.561173133343704,34.06444873289046,34.78047856031671,34.985893217625524,23.561173133343704,0.0,0.724965886129569,0.724965886129569,0.0,0.0,0.0,0.067,0.064,0.0,0.0,0.0,0.0,0.0,0.0,0.0,0.0,0.0,93.30000000000001,0.0,0.0,6.7,88,88.0,rtt,0.1,0.0,0.1
dapper,congested,104,100.0,1000,22.90874554164362,33.6168448735883,34.78581942808879,34.94578824107255,22.90874554164362,0.0,0.7286260024210167,0.7286260024210167,0.0,0.0,0.0,0.087,0.081,0.0,0.0,0.0,0.0,0.0,0.0,0.0,0.0,0.0,91.3,0.0,0.0,8.7,83,83.0,rtt,0.1,0.0,0.1
dapper,congested,105,100.0,1000,23.260980236089463,33.95432288660125,34.83181907479281,34.98145078352877,23.260980236089463,0.0,0.7242270615050862,0.7242270615050862,0.0,0.0,0.0,0.07,0.067,0.0,0.0,0.0,0.0,0.0,0.0,0.0,0.0,0.0,93.0,0.0,0.0,7.000000000000001,86,86.0,rtt,0.1,0.0,0.1
dapper,congested,106,100.0,1000,23.627618122220863,33.90908800388628,34.753821099438774,34.98979405154197,23.627618122220863,0.0,0.7268932209892296,0.7268932209892296,0.0,0.0,0.0,0.059,0.056,0.0,0.0,0.0,0.0,0.0,0.0,0.0,0.0,0.0,94.1,0.0,0.0,5.8999999999999995,66,66.0,rtt,0.1,0.0,0.1
dapper,congested,107,100.0,1000,22.982407919753275,33.797293680961246,34.75951823316668,34.94833905393857,22.982407919753275,0.0,0.7252068656820168,0.7252068656820168,0.0,0.0,0.0,0.08,0.075,0.0,0.0,0.0,0.0,0.0,0.0,0.0,0.0,0.0,92.0,0.0,0.0,8.0,94,94.0,rtt,0.1,0.0,0.1
dapper,congested,108,100.0,1000,23.485127601581976,33.90499595887103,34.814499351033405,34.99655745974279,23.485127601581976,0.0,0.7248674006809542,0.7248674006809542,0.0,0.0,0.0,0.07,0.068,0.0,0.0,0.0,0.0,0.0,0.0,0.0,0.0,0.0,93.0,0.0,0.0,7.000000000000001,98,98.0,rtt,0.1,0.0,0.1
dapper,congested,109,100.0,1000,23.555839721106352,33.89585406024983,34.785030538309286,34.98925809716232,23.555839721106352,0.0,0.7237094712953887,0.7237094712953887,0.0,0.0,0.0,0.066,0.062,0.0,0.0,0.0,0.0,0.0,0.0,0.0,0.0,0.0,93.4,0.0,0.0,6.6000000000000005,66,66.0,rtt,0.1,0.0,0.1
dapper,congested,110,100.0,1000,23.2633091172101,33.71973175922034,34.60151524624712,34.90888622322395,23.2633091172101,0.0,0.7253743663758171,0.7253743663758171,0.0,0.0,0.0,0.066,0.065,0.0,0.0,0.0,0.0,0.0,0.0,0.0,0.0,0.0,93.4,0.0,0.0,6.6000000000000005,88,88.0,rtt,0.1,0.0,0.1
dapper,congested,111,100.0,1000,23.4308519687942,33.96556750696523,34.74455155405684,34.96241421096305,23.4308519687942,0.0,0.7264385394974545,0.7264385394974545,0.0,0.0,0.0,0.075,0.069,0.0,0.0,0.0,0.0,0.0,0.0,0.0,0.0,0.0,92.5,0.0,0.0,7.5,88,88.0,rtt,0.1,0.0,0.1
dapper,congested,112,100.0,1000,23.12775380660819,33.893418612407096,34.76580213455383,34.985906989642146,23.12775380660819,0.0,0.7267717667741292,0.7267717667741292,0.0,0.0,0.0,0.095,0.086,0.0,0.0,0.0,0.0,0.0,0.0,0.0,0.0,0.0,90.5,0.0,0.0,9.5,84,84.0,rtt,0.1,0.0,0.1
dapper,congested,113,100.0,1000,23.006632369090156,33.86862128355283,34.77247181035648,34.98424994294581,23.006632369090156,0.0,0.7257312544972635,0.7257312544972635,0.0,0.0,0.0,0.09,0.081,0.0,0.0,0.0,0.0,0.0,0.0,0.0,0.0,0.0,91.0,0.0,0.0,9.0,96,96.0,rtt,0.1,0.0,0.1
dapper,congested,114,100.0,1000,23.051073777731123,33.9444130958889,34.8496047425224,34.96282987218834,23.051073777731123,0.0,0.7284084014943907,0.7284084014943907,0.0,0.0,0.0,0.085,0.083,0.0,0.0,0.0,0.0,0.0,0.0,0.0,0.0,0.0,91.5,0.0,0.0,8.5,94,94.0,rtt,0.1,0.0,0.1
dapper,congested,115,100.0,1000,23.734714647812304,33.97416941972919,34.751795785617006,34.96593743598228,23.734714647812304,0.0,0.72271925022731,0.72271925022731,0.0,0.0,0.0,0.062,0.06,0.0,0.0,0.0,0.0,0.0,0.0,0.0,0.0,0.0,93.8,0.0,0.0,6.2,72,72.0,rtt,0.1,0.0,0.1
dapper,congested,116,100.0,1000,23.862749125156466,33.93143869880377,34.747832911412715,34.9771698353159,23.862749125156466,0.0,0.7258653420424329,0.7258653420424329,0.0,0.0,0.0,0.072,0.068,0.0,0.0,0.0,0.0,0.0,0.0,0.0,0.0,0.0,92.80000000000001,0.0,0.0,7.199999999999999,90,90.0,rtt,0.1,0.0,0.1
dapper,congested,117,100.0,1000,23.363845422075137,33.703654863375704,34.66361864084976,34.994340946660934,23.363845422075137,0.0,0.7248389086494927,0.7248389086494927,0.0,0.0,0.0,0.053,0.053,0.0,0.0,0.0,0.0,0.0,0.0,0.0,0.0,0.0,94.69999999999999,0.0,0.0,5.3,70,70.0,rtt,0.1,0.0,0.1
dapper,congested,118,100.0,1000,23.90227863920052,33.93265347873759,34.75495381604132,34.94095401442569,23.90227863920052,0.0,0.7274221729759561,0.7274221729759561,0.0,0.0,0.0,0.057,0.054,0.0,0.0,0.0,0.0,0.0,0.0,0.0,0.0,0.0,94.3,0.0,0.0,5.7,64,64.0,rtt,0.1,0.0,0.1
dapper,congested,119,100.0,1000,23.703899733397883,33.84161717821862,34.79939395844596,34.97944595589328,23.703899733397883,0.0,0.7235754802112965,0.7235754802112965,0.0,0.0,0.0,0.067,0.065,0.0,0.0,0.0,0.0,0.0,0.0,0.0,0.0,0.0,93.30000000000001,0.0,0.0,6.7,75,75.0,rtt,0.1,0.0,0.1
dapper,congested,120,100.0,1000,23.04857548875851,33.86682239192191,34.78476062691318,34.985958566309606,23.04857548875851,0.0,0.7226387810658131,0.7226387810658131,0.0,0.0,0.0,0.083,0.079,0.0,0.0,0.0,0.0,0.0,0.0,0.0,0.0,0.0,91.7,0.0,0.0,8.3,92,92.0,rtt,0.1,0.0,0.1
dapper,congested,121,100.0,1000,23.117094134341038,33.64604138643909,34.75280697328194,34.996277370025744,23.117094134341038,0.0,0.7235341206808498,0.7235341206808498,0.0,0.0,0.0,0.074,0.07,0.0,0.0,0.0,0.0,0.0,0.0,0.0,0.0,0.0,92.60000000000001,0.0,0.0,7.3999999999999995,94,94.0,rtt,0.1,0.0,0.1
dapper,congested,122,100.0,1000,23.10533713001111,33.75647213655121,34.75074614821489,34.91653465760954,23.10533713001111,0.0,0.726667731646242,0.726667731646242,0.0,0.0,0.0,0.075,0.072,0.0,0.0,0.0,0.0,0.0,0.0,0.0,0.0,0.0,92.5,0.0,0.0,7.5,90,90.0,rtt,0.1,0.0,0.1
dapper,congested,123,100.0,1000,23.58407374878657,34.0068905091913,34.771507219222585,34.98883073588995,23.58407374878657,0.0,0.7229563972023122,0.7229563972023122,0.0,0.0,0.0,0.064,0.061,0.0,0.0,0.0,0.0,0.0,0.0,0.0,0.0,0.0,93.60000000000001,0.0,0.0,6.4,72,72.0,rtt,0.1,0.0,0.1
dapper,congested,124,100.0,1000,23.28057209356646,33.53825951987412,34.66363593071505,34.94326242767353,23.28057209356646,0.0,0.7250230986543136,0.7250230986543136,0.0,0.0,0.0,0.065,0.064,0.0,0.0,0.0,0.0,0.0,0.0,0.0,0.0,0.0,93.5,0.0,0.0,6.5,86,86.0,rtt,0.1,0.0,0.1
dapper,congested,125,100.0,1000,23.23737445929301,34.03086241325529,34.83418763630404,34.99974319601896,23.23737445929301,0.0,0.7235558124222359,0.7235558124222359,0.0,0.0,0.0,0.082,0.076,0.0,0.0,0.0,0.0,0.0,0.0,0.0,0.0,0.0,91.8,0.0,0.0,8.200000000000001,85,85.0,rtt,0.1,0.0,0.1
dapper,congested,126,100.0,1000,23.635017726218646,33.849612803412526,34.774114294105054,34.99086328598782,23.635017726218646,0.0,0.725415849579171,0.725415849579171,0.0,0.0,0.0,0.059,0.059,0.0,0.0,0.0,0.0,0.0,0.0,0.0,0.0,0.0,94.1,0.0,0.0,5.8999999999999995,90,90.0,rtt,0.1,0.0,0.1
dapper,congested,127,100.0,1000,23.035129187770544,33.97839515917549,34.685031932570624,34.99801668883106,23.035129187770544,0.0,0.72450797797536,0.72450797797536,0.0,0.0,0.0,0.1,0.089,0.0,0.0,0.0,0.0,0.0,0.0,0.0,0.0,0.0,90.0,0.0,0.0,10.0,86,86.0,rtt,0.1,0.0,0.1
dapper,congested,128,100.0,1000,22.762473138317755,34.07680955501622,34.783499539553866,34.99302751306131,22.762473138317755,0.0,0.7244159067454766,0.7244159067454766,0.0,0.0,0.0,0.097,0.091,0.0,0.0,0.0,0.0,0.0,0.0,0.0,0.0,0.0,90.3,0.0,0.0,9.700000000000001,104,104.0,rtt,0.1,0.0,0.1
dapper,congested,129,100.0,1000,23.16761014411169,33.84509616488772,34.665250203244156,34.981958638619645,23.16761014411169,0.0,0.7218770890581417,0.7218770890581417,0.0,0.0,0.0,0.077,0.072,0.0,0.0,0.0,0.0,0.0,0.0,0.0,0.0,0.0,92.30000000000001,0.0,0.0,7.7,84,84.0,rtt,0.1,0.0,0.1
dapper,variable,100,100.0,1000,19.751514700419044,33.61420558459003,34.76027410675784,34.95054826151675,21.808021504232688,0.0,0.7258050252033813,0.7306732055704146,3700.0,3.7,3700.0,0.288,0.22,0.0,0.148,0.9324324324324325,0.21621621621621623,0.032,0.7162162162162162,0.0,0.06756756756756757,0.0,63.2,0.0,14.799999999999999,22.0,322,322.0,rtt,0.1,0.0,0.1
dapper,variable,101,100.0,1000,19.836712509173665,33.51859359353788,34.716729365681125,34.99816501848515,22.1685224686659,0.0,0.7276809137506457,0.7334569111848214,4300.0,4.3,4300.0,0.259,0.202,0.0,0.172,0.9127906976744186,0.20348837209302326,0.035,0.7093023255813954,0.0,0.0872093023255814,0.0,62.5,0.0,17.2,20.3,302,302.0,rtt,0.1,0.0,0.1
dapper,variable,102,100.0,1000,21.65581393132093,33.952084801243224,34.85412725538718,34.995332379528136,24.41555511357801,0.0,0.7255434597220326,0.7325058634831662,4325.0,4.325,4325.0,0.17,0.134,0.0,0.173,0.9017341040462428,0.23699421965317918,0.041,0.6647398843930635,0.0,0.09826589595375723,0.0,69.3,0.0,17.299999999999997,13.4,250,250.0,rtt,0.1,0.0,0.1
dapper,variable,103,100.0,1000,19.45756577112939,33.581179869308166,34.6745142049723,34.99051342908312,21.41834137278412,0.0,0.7263187179079666,0.731406887401221,4450.0,4.45,4450.0,0.318,0.242,0.0,0.178,0.8876404494382022,0.16292134831460675,0.029,0.7247191011235955,0.0,0.11235955056179775,0.0,57.99999999999999,0.0,17.8,24.2,326,326.0,rtt,0.1,0.0,0.1
dapper,variable,104,100.0,1000,21.458848466648256,33.92297556550541,34.71580596411837,34.944614204784195,24.056782140445115,0.0,0.7273080574921345,0.7332125067595714,4225.0,4.225,4225.0,0.19,0.146,0.0,0.169,0.9171597633136095,0.23076923076923078,0.039,0.6863905325443787,0.0,0.08284023668639054,0.0,68.5,0.0,16.900000000000002,14.6,258,258.0,rtt,0.1,0.0,0.1
dapper,variable,105,100.0,1000,20.33402120604324,33.50010649790644,34.7773651787171,34.98077376103997,23.140668914882266,0.0,0.7261533185587848,0.7327970540190265,4325.0,4.325,4325.0,0.241,0.187,0.0,0.173,0.9421965317919075,0.23699421965317918,0.041,0.7052023121387283,0.0,0.057803468208092484,0.0,64.0,0.0,17.299999999999997,18.7,301,301.0,rtt,0.1,0.0,0.1
dapper,variable,106,100.0,1000,21.42762592045102,33.414978958514645,34.636628816385,34.993851868805095,23.838452936968928,0.0,0.7252797004561293,0.7313774730605512,3850.0,3.85,3850.0,0.181,0.142,0.0,0.154,0.9415584415584416,0.24025974025974026,0.037,0.7012987012987013,0.0,0.05844155844155844,0.0,70.39999999999999,0.0,15.4,14.2,254,254.0,rtt,0.1,0.0,0.1
dapper,variable,107,100.0,1000,19.886897199943174,33.53378573372289,34.6268453225655,34.98148819897819,22.056434199671486,0.0,0.7237728607503388,0.7288437249506878,3425.0,3.425,3425.0,0.269,0.209,0.0,0.137,0.9343065693430657,0.23357664233576642,0.032,0.7007299270072993,0.0,0.06569343065693431,0.0,65.4,0.0,13.700000000000001,20.9,293,293.0,rtt,0.1,0.0,0.1
dapper,variable,108,100.0,1000,20.397778526840856,33.98898454789754,34.77692101060002,34.94872090187498,22.829330352187178,0.0,0.7258771268582326,0.7321761288709817,4425.0,4.425,4425.0,0.263,0.199,0.0,0.177,0.9152542372881356,0.20903954802259886,0.037,0.7062146892655368,0.0,0.0847457627118644,0.0,62.4,0.0,17.7,19.900000000000002,302,302.0,rtt,0.1,0.0,0.1
dapper,variable,109,100.0,1000,20.973596676064627,33.755924050718484,34.76110730262953,34.98660651522982,22.599466272568137,0.0,0.7241642757903765,0.7279513351267592,3725.0,3.725,3725.0,0.212,0.165,0.0,0.149,0.9194630872483222,0.1610738255033557,0.024,0.7583892617449665,0.0,0.08053691275167785,0.0,68.60000000000001,0.0,14.899999999999999,16.5,295,295.0,rtt,0.1,0.0,0.1
dapper,variable,110,100.0,1000,20.910687996168626,33.908831310824965,34.67822534775889,34.98146709760653,22.786442077896957,0.0,0.7251660125534386,0.7293355935455627,3775.0,3.775,3775.0,0.229,0.174,0.0,0.151,0.9403973509933775,0.18543046357615894,0.028,0.7549668874172185,0.0,0.059602649006622516,0.0,67.5,0.0,15.1,17.4,289,289.0,rtt,0.1,0.0,0.1
dapper,variable,111,100.0,1000,21.02165617152951,33.79838354481562,34.723349040720166,34.97684653932659,23.61276937121436,0.0,0.7255636957228029,0.7316479917611691,4350.0,4.35,4350.0,0.222,0.172,0.0,0.174,0.9137931034482759,0.22413793103448276,0.039,0.6896551724137931,0.0,0.08620689655172414,0.0,65.4,0.0,17.4,17.2,276,276.0,rtt,0.1,0.0,0.1
dapper,variable,112,100.0,1000,20.959367903813632,34.0565418294024,34.79412676903375,34.95854802039493,23.947826985081814,0.0,0.7288717822715162,0.7354577902044757,4950.0,4.95,4950.0,0.219,0.166,0.0,0.198,0.9444444444444444,0.2222222222222222,0.044,0.7222222222222222,0.0,0.05555555555555555,0.0,63.6,0.0,19.8,16.6,317,317.0,rtt,0.1,0.0,0.1
dapper,variable,113,100.0,1000,21.0865926151471,33.55166064200897,34.78843892853948,34.96829040868747,22.709599320554453,0.0,0.72607041812893,0.7296437073346778,4275.0,4.275,4275.0,0.206,0.158,0.0,0.171,0.9415204678362573,0.14035087719298245,0.024,0.8011695906432749,0.0,0.05847953216374269,0.0,67.0,0.0,17.1,15.9,283,283.0,rtt,0.1,0.0,0.1
dapper,variable,114,100.0,1000,19.3593890712299,33.53883646549626,34.61117657596823,34.99588156157893,21.430455951105568,0.0,0.7222527591211164,0.7270103396355302,3425.0,3.425,3425.0,0.279,0.217,0.0,0.137,0.927007299270073,0.22627737226277372,0.031,0.7007299270072993,0.0,0.072992700729927,0.0,64.5,0.0,13.700000000000001,21.8,292,292.0,rtt,0.1,0.0,0.1
dapper,variable,115,100.0,1000,21.219704389940333,33.34691437699113,34.626745067103904,34.87718954629805,24.23902498184653,0.0,0.7230665221708275,0.7303452821091296,4150.0,4.15,4150.0,0.186,0.147,0.0,0.166,0.9036144578313253,0.26506024096385544,0.044,0.6385542168674698,0.0,0.0963855421686747,0.0,68.7,0.0,16.6,14.7,271,271.0,rtt,0.1,0.0,0.1
dapper,variable,116,100.0,1000,20.721442814846807,33.98344969197258,34.76841725790863,34.94714462527301,22.35208882687758,0.0,0.7290772026553869,0.7333147695083332,3775.0,3.775,3775.0,0.244,0.189,0.0,0.151,0.9403973509933775,0.15894039735099338,0.024,0.7814569536423841,0.0,0.059602649006622516,0.0,66.0,0.0,15.1,18.9,272,272.0,rtt,0.1,0.0,0.1
dapper,variable,117,100.0,1000,22.557547761681214,34.20981999565183,34.82080355680936,34.990866631104254,23.989289394983505,0.0,0.7235129522098239,0.7269180429232599,4025.0,4.025,4025.0000000000005,0.141,0.109,0.0,0.161,0.906832298136646,0.13043478260869565,0.021,0.7763975155279503,0.0,0.09316770186335403,0.0,73.0,0.0,16.1,10.9,255,255.0,rtt,0.1,0.0,0.1
dapper,variable,118,100.0,1000,21.185299475195727,33.5101571170854,34.37942051281876,34.868091607089696,24.57889895292569,0.0,0.7250195997571225,0.7328703332095593,5250.0,5.25,5250.0,0.195,0.149,0.0,0.21,0.9285714285714286,0.23333333333333334,0.049,0.6952380952380952,0.0,0.07142857142857142,0.0,64.0,0.0,21.0,15.0,309,309.0,rtt,0.1,0.0,0.1
dapper,variable,119,100.0,1000,20.90644218511127,33.65904383541709,34.57959716197339,34.99635852821138,23.1587691624555,0.0,0.7247107810022256,0.7304650497303591,4325.0,4.325,4325.0,0.221,0.169,0.0,0.173,0.930635838150289,0.19653179190751446,0.034,0.7341040462427746,0.0,0.06936416184971098,0.0,65.8,0.0,17.299999999999997,16.900000000000002,273,273.0,rtt,0.1,0.0,0.1
dapper,variable,120,100.0,1000,21.585775818756247,33.96526001626422,34.71258654891299,34.99491157025027,24.022296260619093,0.0,0.7236650862051842,0.7296960098973855,5000.0,5.0,5000.0,0.181,0.136,0.0,0.2,0.94,0.18,0.036,0.76,0.0,0.06,0.0,66.4,0.0,20.0,13.600000000000001,298,298.0,rtt,0.1,0.0,0.1
dapper,variable,121,100.0,1000,20.67576305278699,33.76407787463392,34.80089032279628,34.994688323129196,24.43932128149005,0.0,0.7243147420544015,0.7338588342407764,5375.0,5.375,5375.0,0.222,0.172,0.0,0.215,0.958139534883721,0.26046511627906976,0.056,0.6976744186046512,0.0,0.04186046511627907,0.0,61.3,0.0,21.5,17.2,296,296.0,rtt,0.1,0.0,0.1
dapper,variable,122,100.0,1000,21.01779728008864,33.694416258508085,34.631522901173106,34.97317679379236,23.96451198673827,0.0,0.7271011242710439,0.7338602964109427,3900.0,3.9,3900.0,0.203,0.157,0.0,0.156,0.9423076923076923,0.27564102564102566,0.043,0.6666666666666666,0.0,0.057692307692307696,0.0,68.7,0.0,15.6,15.7,280,280.0,rtt,0.1,0.0,0.1
dapper,variable,123,100.0,1000,20.987940240245592,33.79103353765298,34.79488657343286,34.98222422308634,22.99694427865963,0.0,0.7279443120062622,0.7335164967592999,4000.0,4.0,4000.0,0.22,0.169,0.0,0.16,0.93125,0.19375,0.031,0.7375,0.0,0.06875,0.0,67.10000000000001,0.0,16.0,16.900000000000002,284,284.0,rtt,0.1,0.0,0.1
dapper,variable,124,100.0,1000,21.65794641274491,33.61582768332837,34.67732058291188,34.996246009129095,23.675724480820183,0.0,0.7242974063441946,0.7290464966510287,4775.0,4.775,4775.0,0.172,0.135,0.0,0.191,0.8848167539267016,0.15706806282722513,0.03,0.7277486910994765,0.0,0.11518324607329843,0.0,67.4,0.0,19.1,13.5,307,307.0,rtt,0.1,0.0,0.1
dapper,variable,125,100.0,1000,20.727587306833648,33.55572104656107,34.7780426012565,34.94952031560075,23.281795316034298,0.0,0.7246190113312967,0.7304845042276027,4025.0,4.025,4025.0000000000005,0.224,0.172,0.0,0.161,0.937888198757764,0.2360248447204969,0.038,0.7018633540372671,0.0,0.062111801242236024,0.0,66.7,0.0,16.1,17.2,285,285.0,rtt,0.1,0.0,0.1
dapper,variable,126,100.0,1000,21.116664245899816,33.75159446968112,34.720173914570076,34.997585709381326,23.693444660864262,0.0,0.7301583577353281,0.7363374062506616,3925.0,3.925,3925.0,0.211,0.164,0.0,0.157,0.9426751592356688,0.2484076433121019,0.039,0.6942675159235668,0.0,0.05732484076433121,0.0,67.9,0.0,15.7,16.400000000000002,282,282.0,rtt,0.1,0.0,0.1
dapper,variable,127,100.0,1000,20.629866941379237,34.01155392391131,34.710521322396545,34.9805264786951,22.568948583898692,0.0,0.725451056729191,0.730402632253484,3825.0,3.825,3825.0,0.246,0.188,0.0,0.153,0.9411764705882353,0.1830065359477124,0.028,0.7581699346405228,0.0,0.058823529411764705,0.0,65.9,0.0,15.299999999999999,18.8,276,276.0,rtt,0.1,0.0,0.1
dapper,variable,128,100.0,1000,19.447093411797038,33.63444553862527,34.724924465655434,34.96530254190218,21.097212826775383,0.0,0.7259775079104448,0.7295064119340198,3250.0,3.25,3250.0,0.284,0.22,0.0,0.13,0.9153846153846154,0.18461538461538463,0.024,0.7307692307692307,0.0,0.08461538461538462,0.0,65.0,0.0,13.0,22.0,280,280.0,rtt,0.1,0.0,0.1
dapper,variable,129,100.0,1000,20.99130188270762,33.95183803633796,34.77333674805944,34.967648156933706,23.051108977988605,0.0,0.7217033625195008,0.7266477389299761,3775.0,3.775,3775.0,0.228,0.176,0.0,0.151,0.9470198675496688,0.2119205298013245,0.032,0.7350993377483444,0.0,0.052980132450331126,0.0,67.30000000000001,0.0,15.1,17.599999999999998,280,280.0,rtt,0.1,0.0,0.1
dapper,stable,100,100.0,1000,25.279403323317702,33.96035223762113,34.73962355895296,34.988775105687154,51.53514833678389,0.0,0.7265268897628933,0.792417917211626,21350.0,21.35,21350.0,0.0,0.0,0.0,0.854,0.9918032786885246,0.4953161592505855,0.423,0.4964871194379391,0.0,0.00819672131147541,0.0,14.6,0.0,85.39999999999999,0.0,259,259.0,rtt,0.2,0.0,0.2
dapper,stable,101,100.0,1000,24.820657080469697,33.96040511204254,34.788072376532675,34.99828909781833,53.53675771177409,0.0,0.7249338588619687,0.7978649635318986,21700.0,21.7,21700.0,0.0,0.0,0.0,0.868,0.9896313364055299,0.5288018433179723,0.459,0.4608294930875576,0.0,0.010368663594470046,0.0,13.200000000000001,0.0,86.8,0.0,231,231.0,rtt,0.2,0.0,0.2
dapper,stable,102,100.0,1000,24.835880473076735,33.70682378335116,34.74818297607158,34.965240972972765,51.8627260021259,0.0,0.727324394359075,0.800034845226407,20900.0,20.9,20900.0,0.0,0.0,0.0,0.836,0.992822966507177,0.5263157894736842,0.44,0.4665071770334928,0.0,0.007177033492822967,0.0,16.400000000000002,0.0,83.6,0.0,284,284.0,rtt,0.2,0.0,0.2
dapper,stable,103,100.0,1000,24.972078044518216,34.293187186352334,34.89307765319619,34.99802137082616,53.372703891643845,0.0,0.7236659440861409,0.7991290672988378,21525.0,21.525,21525.0,0.0,0.0,0.0,0.861,0.9883855981416957,0.5342624854819977,0.46,0.454123112659698,0.0,0.011614401858304297,0.0,13.900000000000002,0.0,86.1,0.0,237,237.0,rtt,0.2,0.0,0.2
dapper,stable,104,100.0,1000,24.98622097286207,33.860115377670134,34.74837408619961,34.98656616097203,51.037343944723006,0.0,0.7240926018777877,0.7898578469524961,21900.0,21.9,21900.0,0.0,0.0,0.0,0.876,0.9920091324200914,0.4794520547945205,0.42,0.5125570776255708,0.0,0.007990867579908675,0.0,12.4,0.0,87.6,0.0,220,220.0,rtt,0.2,0.0,0.2
dapper,stable,105,100.0,1000,24.85634769037545,33.82025179084476,34.62504012903672,34.93314580405199,51.59710330911793,0.0,0.7262361051095783,0.7959250227091806,21250.0,21.25,21250.0,0.0,0.0,0.0,0.85,0.9905882352941177,0.5105882352941177,0.434,0.48,0.0,0.009411764705882352,0.0,15.0,0.0,85.0,0.0,256,256.0,rtt,0.2,0.0,0.2
dapper,stable,106,100.0,1000,24.716410963251104,33.86074949026578,34.68730165917939,34.933586993197196,52.69637342008328,0.0,0.7229428904328138,0.7962430814491968,21425.0,21.425,21425.0,0.0,0.0,0.0,0.857,0.9918319719953326,0.5227537922987164,0.448,0.4690781796966161,0.0,0.008168028004667444,0.0,14.299999999999999,0.0,85.7,0.0,252,252.0,rtt,0.2,0.0,0.2
dapper,stable,107,100.0,1000,24.88557902804772,33.83424628214373,34.89267109559948,34.9936438529993,53.380353744565205,0.0,0.7245133185042392,0.7993133636844371,22025.0,22.025,22025.0,0.0,0.0,0.0,0.881,0.9886492622020431,0.5187287173666288,0.457,0.4699205448354143,0.0,0.011350737797956867,0.0,11.899999999999999,0.0,88.1,0.0,198,198.0,rtt,0.2,0.0,0.2
dapper,stable,108,100.0,1000,25.235897183714567,34.2868707566229,34.87218349603604,34.989690121554816,51.92467360201944,0.0,0.7254394152220247,0.7967132376294662,21500.0,21.5,21500.0,0.0,0.0,0.0,0.86,0.9872093023255814,0.5023255813953489,0.432,0.4848837209302326,0.0,0.012790697674418604,0.0,14.000000000000002,0.0,86.0,0.0,231,231.0,rtt,0.2,0.0,0.2
dapper,stable,109,100.0,1000,25.268964708760926,34.15910526808331,34.79620852522923,34.94284900848466,51.53790445445115,0.0,0.7225069831603355,0.7908717000411818,21775.0,21.775,21775.0,0.0,0.0,0.0,0.871,0.9850746268656716,0.4845005740528129,0.422,0.5005740528128588,0.0,0.014925373134328358,0.0,12.9,0.0,87.1,0.0,228,228.0,rtt,0.2,0.0,0.2
dapper,stable,110,100.0,1000,24.978043487255007,33.957417382454665,34.80033649104111,34.99011804008187,51.64725260956925,0.0,0.7239727698806182,0.7935801521646344,21400.0,21.4,21400.0,0.0,0.0,0.0,0.856,0.985981308411215,0.5035046728971962,0.431,0.4824766355140187,0.0,0.014018691588785047,0.0,14.399999999999999,0.0,85.6,0.0,261,261.0,rtt,0.2,0.0,0.2
dapper,stable,111,100.0,1000,25.491345575881343,33.99942489704205,34.77294614292747,34.98882482505357,52.77932606666301,0.0,0.7264559107913696,0.7988751227250941,20975.0,20.975,20975.0,0.0,0.0,0.0,0.839,0.9916567342073898,0.5256257449344458,0.441,0.466030989272944,0.0,0.00834326579261025,0.0,16.1,0.0,83.89999999999999,0.0,276,276.0,rtt,0.2,0.0,0.2
dapper,stable,112,100.0,1000,25.044635098675773,33.93678625080242,34.80594764992258,34.978994945141224,52.774438295965986,0.0,0.7245903067601731,0.7942867336915719,21700.0,21.7,21700.0,0.0,0.0,0.0,0.868,0.9919354838709677,0.5103686635944701,0.443,0.4815668202764977,0.0,0.008064516129032258,0.0,13.200000000000001,0.0,86.8,0.0,220,220.0,rtt,0.2,0.0,0.2
dapper,stable,113,100.0,1000,24.924957379086543,33.92528008813723,34.852479041190236,34.99387303551587,50.565197370598845,0.0,0.725184772552611,0.7910288053494875,21600.0,21.6,21600.0,0.0,0.0,0.0,0.864,0.9826388888888888,0.48032407407407407,0.415,0.5023148148148148,0.0,0.017361111111111112,0.0,13.600000000000001,0.0,86.4,0.0,239,239.0,rtt,0.2,0.0,0.2
dapper,stable,114,100.0,1000,25.128438548268,33.86993382489312,34.786318253661975,34.99771913787838,53.866453690073165,0.0,0.7237524930795687,0.7977940224588013,21900.0,21.9,21900.0,0.0,0.0,0.0,0.876,0.9908675799086758,0.5308219178082192,0.465,0.4600456621004566,0.0,0.0091324200913242,0.0,12.4,0.0,87.6,0.0,214,214.0,rtt,0.2,0.0,0.2
dapper,stable,115,100.0,1000,25.094705607799348,34.162413089123824,34.74465384721523,34.970565607066455,51.94937303752475,0.0,0.7245886848920773,0.7944537871206474,21750.0,21.75,21750.0,0.0,0.0,0.0,0.87,0.9873563218390805,0.5011494252873563,0.436,0.4862068965517241,0.0,0.01264367816091954,0.0,13.0,0.0,87.0,0.0,219,219.0,rtt,0.2,0.0,0.2
dapper,stable,116,100.0,1000,25.028301912688907,34.05041769477859,34.88445460350265,34.99403448766891,54.211607535281885,0.0,0.7244573126145593,0.798391101095973,21750.0,21.75,21750.0,0.0,0.0,0.0,0.87,0.9942528735632183,0.5448275862068965,0.474,0.4494252873563218,0.0,0.005747126436781609,0.0,13.0,0.0,87.0,0.0,221,221.0,rtt,0.2,0.0,0.2
dapper,stable,117,100.0,1000,24.997182216762514,33.94211020128963,34.806950360419165,34.98156739475102,51.94396103000347,0.0,0.7238166310991714,0.7935256482510197,21850.0,21.85,21850.0,0.0,0.0,0.0,0.874,0.9862700228832952,0.4897025171624714,0.428,0.4965675057208238,0.0,0.013729977116704805,0.0,12.6,0.0,87.4,0.0,226,226.0,rtt,0.2,0.0,0.2
dapper,stable,118,100.0,1000,25.026589048763064,34.146334679362305,34.835239525322194,34.964244111574146,52.20873167600773,0.0,0.7280528994609765,0.7960765304196257,21475.0,21.475,21475.0,0.0,0.0,0.0,0.859,0.9906868451688009,0.5075669383003493,0.436,0.4831199068684517,0.0,0.009313154831199068,0.0,14.099999999999998,0.0,85.9,0.0,244,244.0,rtt,0.2,0.0,0.2
dapper,stable,119,100.0,1000,24.80107188012856,34.00280379558126,34.81754573602827,34.936826663719394,53.78667209236602,0.0,0.7243707963012889,0.799875204249307,21925.0,21.925,21925.0,0.0,0.0,0.0,0.877,0.9874572405929305,0.5324971493728621,0.467,0.4549600912200684,0.0,0.012542759407069556,0.0,12.3,0.0,87.7,0.0,228,228.0,rtt,0.2,0.0,0.2
dapper,stable,120,100.0,1000,25.000139802139184,33.83887438020657,34.75482963071029,34.96519781982063,52.586658253654925,0.0,0.7247996031934949,0.7950348677637523,21800.0,21.8,21800.0,0.0,0.0,0.0,0.872,0.9839449541284404,0.5103211009174312,0.445,0.4736238532110092,0.0,0.016055045871559634,0.0,12.8,0.0,87.2,0.0,212,212.0,rtt,0.2,0.0,0.2
dapper,stable,121,100.0,1000,24.870142370806825,34.08802278656587,34.79782372711737,34.96061084968983,51.218892289603616,0.0,0.7235062491591376,0.7917923991779289,21800.0,21.8,21800.0,0.0,0.0,0.0,0.872,0.9862385321100917,0.48394495412844035,0.422,0.5022935779816514,0.0,0.013761467889908258,0.0,12.8,0.0,87.2,0.0,219,219.0,rtt,0.2,0.0,0.2
dapper,stable,122,100.0,1000,24.829111935230273,33.958468133447,34.74506049633189,34.924143640943036,53.271418624119164,0.0,0.7259117747422895,0.7982645293058339,21950.0,21.95,21950.0,0.0,0.0,0.0,0.878,0.9886104783599089,0.5148063781321185,0.452,0.47380410022779046,0.0,0.011389521640091117,0.0,12.2,0.0,87.8,0.0,200,200.0,rtt,0.2,0.0,0.2
dapper,stable,123,100.0,1000,25.35470141463279,34.01400394209814,34.728637206489786,34.90743937957425,51.64158095400979,0.0,0.7231039957478556,0.7928850748486099,22225.0,22.225,22225.0,0.0,0.0,0.0,0.889,0.9820022497187851,0.4769403824521935,0.424,0.5050618672665916,0.0,0.01799775028121485,0.0,11.1,0.0,88.9,0.0,196,196.0,rtt,0.2,0.0,0.2
dapper,stable,124,100.0,1000,25.00583269004324,34.03261405514325,34.80612955591713,34.95256595801938,50.8126236179597,0.0,0.7270004160651047,0.7942088997255117,21000.0,21.0,21000.0,0.0,0.0,0.0,0.84,0.9928571428571429,0.49642857142857144,0.417,0.49642857142857144,0.0,0.007142857142857143,0.0,16.0,0.0,84.0,0.0,280,280.0,rtt,0.2,0.0,0.2
dapper,stable,125,100.0,1000,24.9867591189863,33.982185709447386,34.8021659840167,34.99165214842439,53.959249959158115,0.0,0.7268533605073024,0.7989657788847586,21650.0,21.65,21650.0,0.0,0.0,0.0,0.866,0.9919168591224018,0.5323325635103926,0.461,0.45958429561200925,0.0,0.008083140877598153,0.0,13.4,0.0,86.6,0.0,238,238.0,rtt,0.2,0.0,0.2
dapper,stable,126,100.0,1000,24.628886386363657,33.70638744138536,34.672811784104226,34.983867296625746,53.134621864449656,0.0,0.726794351381784,0.8009463128693688,21175.0,21.175,21175.0,0.0,0.0,0.0,0.847,0.9881936245572609,0.5419126328217237,0.459,0.4462809917355372,0.0,0.011806375442739079,0.0,15.299999999999999,0.0,84.7,0.0,252,252.0,rtt,0.2,0.0,0.2
dapper,stable,127,100.0,1000,25.164646066804526,34.17312143282042,34.80106095916998,34.970740898815485,54.30743225703345,0.0,0.7237258806201099,0.7969399991420358,22125.0,22.125,22125.0,0.0,0.0,0.0,0.885,0.9909604519774011,0.5276836158192091,0.467,0.4632768361581921,0.0,0.00903954802259887,0.0,11.5,0.0,88.5,0.0,207,207.0,rtt,0.2,0.0,0.2
dapper,stable,128,100.0,1000,25.178185128090664,33.92859815320874,34.67968897440042,34.972660274630584,53.589153958153254,0.0,0.7271450910033325,0.7988558762020542,21425.0,21.425,21425.0,0.0,0.0,0.0,0.857,0.9836639439906651,0.5309218203033839,0.455,0.45274212368728123,0.0,0.01633605600933489,0.0,14.299999999999999,0.0,85.7,0.0,237,237.0,rtt,0.2,0.0,0.2
dapper,stable,129,100.0,1000,25.217209562918274,34.07064808785484,34.83459462785327,34.9933571344785,53.065152250426124,0.0,0.722736266433297,0.7957788932941594,21825.0,21.825,21825.0,0.0,0.0,0.0,0.873,0.9896907216494846,0.5131729667812142,0.448,0.4765177548682703,0.0,0.010309278350515464,0.0,12.7,0.0,87.3,0.0,214,214.0,rtt,0.2,0.0,0.2
dapper,congested,100,100.0,1000,18.919380246982904,33.41459618668136,34.64600075948322,34.97404020175507,18.919380246982904,0.0,0.721631483021844,0.721631483021844,0.0,0.0,0.0,0.291,0.252,0.0,0.0,0.0,0.0,0.0,0.0,0.0,0.0,0.0,70.89999999999999,0.0,0.0,29.099999999999998,202,202.0,rtt,0.2,0.0,0.2
dapper,congested,101,100.0,1000,18.276326636705786,33.89687552536033,34.80933754586383,34.99327875607795,18.276326636705786,0.0,0.7214240571125342,0.7214240571125342,0.0,0.0,0.0,0.337,0.294,0.0,0.0,0.0,0.0,0.0,0.0,0.0,0.0,0.0,66.3,0.0,0.0,33.7,249,249.0,rtt,0.2,0.0,0.2
dapper,congested,102,100.0,1000,19.45029621370179,33.55948365516908,34.58084574121845,34.856418694025265,19.45029621370179,0.0,0.7276200054689839,0.7276200054689839,0.0,0.0,0.0,0.257,0.226,0.0,0.0,0.0,0.0,0.0,0.0,0.0,0.0,0.0,74.3,0.0,0.0,25.7,203,203.0,rtt,0.2,0.0,0.2
dapper,congested,103,100.0,1000,19.89687232980642,33.90729591810705,34.656287169300064,34.985893217625524,19.89687232980642,0.0,0.724117165255723,0.724117165255723,0.0,0.0,0.0,0.245,0.218,0.0,0.0,0.0,0.0,0.0,0.0,0.0,0.0,0.0,75.5,0.0,0.0,24.5,204,204.0,rtt,0.2,0.0,0.2
dapper,congested,104,100.0,1000,19.561451754675907,33.05861063238937,34.553275949975884,34.94139484896046,19.561451754675907,0.0,0.7267870123541261,0.7267870123541261,0.0,0.0,0.0,0.252,0.222,0.0,0.0,0.0,0.0,0.0,0.0,0.0,0.0,0.0,74.8,0.0,0.0,25.2,177,177.0,rtt,0.2,0.0,0.2
dapper,congested,105,100.0,1000,19.65511894060712,33.86967390302893,34.86009343610894,34.98145078352877,19.65511894060712,0.0,0.7236714873892879,0.7236714873892879,0.0,0.0,0.0,0.249,0.22,0.0,0.0,0.0,0.0,0.0,0.0,0.0,0.0,0.0,75.1,0.0,0.0,24.9,208,208.0,rtt,0.2,0.0,0.2
dapper,congested,106,100.0,1000,19.653349775026925,33.68036573419919,34.70581626162212,34.98979405154197,19.653349775026925,0.0,0.7250761595226635,0.7250761595226635,0.0,0.0,0.0,0.241,0.22,0.0,0.0,0.0,0.0,0.0,0.0,0.0,0.0,0.0,75.9,0.0,0.0,24.099999999999998,204,204.0,rtt,0.2,0.0,0.2
dapper,congested,107,100.0,1000,18.956100975175197,33.610114867999364,34.75951823316668,34.94833905393857,18.956100975175197,0.0,0.7247503576925051,0.7247503576925051,0.0,0.0,0.0,0.278,0.245,0.0,0.0,0.0,0.0,0.0,0.0,0.0,0.0,0.0,72.2,0.0,0.0,27.800000000000004,206,206.0,rtt,0.2,0.0,0.2
dapper,congested,108,100.0,1000,18.953022150672666,33.69676870967668,34.79939129825002,34.99655745974279,18.953022150672666,0.0,0.7226837420299201,0.7226837420299201,0.0,0.0,0.0,0.283,0.254,0.0,0.0,0.0,0.0,0.0,0.0,0.0,0.0,0.0,71.7,0.0,0.0,28.299999999999997,220,220.0,rtt,0.2,0.0,0.2
dapper,congested,109,100.0,1000,19.357335358601652,33.625022335975714,34.695566388216335,34.98925809716232,19.357335358601652,0.0,0.7237975598364637,0.7237975598364637,0.0,0.0,0.0,0.264,0.234,0.0,0.0,0.0,0.0,0.0,0.0,0.0,0.0,0.0,73.6,0.0,0.0,26.400000000000002,203,203.0,rtt,0.2,0.0,0.2
dapper,congested,110,100.0,1000,19.871251934928544,33.48129781278129,34.57710496644196,34.90888622322395,19.871251934928544,0.0,0.7248265208393592,0.7248265208393592,0.0,0.0,0.0,0.224,0.204,0.0,0.0,0.0,0.0,0.0,0.0,0.0,0.0,0.0,77.60000000000001,0.0,0.0,22.400000000000002,216,216.0,rtt,0.2,0.0,0.2
dapper,congested,111,100.0,1000,18.78808759435373,33.76485848144007,34.682557046697355,34.960770536287306,18.78808759435373,0.0,0.7249229615040583,0.7249229615040583,0.0,0.0,0.0,0.294,0.261,0.0,0.0,0.0,0.0,0.0,0.0,0.0,0.0,0.0,70.6,0.0,0.0,29.4,236,236.0,rtt,0.2,0.0,0.2
dapper,congested,112,100.0,1000,18.85532810865115,33.55023758300702,34.70251475934818,34.985906989642146,18.85532810865115,0.0,0.7274866014453606,0.7274866014453606,0.0,0.0,0.0,0.29,0.259,0.0,0.0,0.0,0.0,0.0,0.0,0.0,0.0,0.0,71.0,0.0,0.0,28.999999999999996,220,220.0,rtt,0.2,0.0,0.2
dapper,congested,113,100.0,1000,18.548255501330992,33.56596952950709,34.65723155340325,34.98424994294581,18.548255501330992,0.0,0.7259490434584401,0.7259490434584401,0.0,0.0,0.0,0.298,0.267,0.0,0.0,0.0,0.0,0.0,0.0,0.0,0.0,0.0,70.19999999999999,0.0,0.0,29.799999999999997,234,234.0,rtt,0.2,0.0,0.2
dapper,congested,114,100.0,1000,18.475840875931155,33.72092943421382,34.77091542909728,34.950166610266486,18.475840875931155,0.0,0.7297601571205291,0.7297601571205291,0.0,0.0,0.0,0.311,0.272,0.0,0.0,0.0,0.0,0.0,0.0,0.0,0.0,0.0,68.89999999999999,0.0,0.0,31.1,214,214.0,rtt,0.2,0.0,0.2
dapper,congested,115,100.0,1000,19.98570687366192,33.70542014872765,34.74232408658665,34.95249465072264,19.98570687366192,0.0,0.7230118714475728,0.7230118714475728,0.0,0.0,0.0,0.243,0.213,0.0,0.0,0.0,0.0,0.0,0.0,0.0,0.0,0.0,75.7,0.0,0.0,24.3,189,189.0,rtt,0.2,0.0,0.2
dapper,congested,116,100.0,1000,19.60212224234341,33.72135022389804,34.69191428404744,34.9771698353159,19.60212224234341,0.0,0.7258100859902249,0.7258100859902249,0.0,0.0,0.0,0.279,0.242,0.0,0.0,0.0,0.0,0.0,0.0,0.0,0.0,0.0,72.1,0.0,0.0,27.900000000000002,209,209.0,rtt,0.2,0.0,0.2
dapper,congested,117,100.0,1000,19.572770180510553,33.554244684276355,34.48671451509714,34.994340946660934,19.572770180510553,0.0,0.7242081950539818,0.7242081950539818,0.0,0.0,0.0,0.242,0.214,0.0,0.0,0.0,0.0,0.0,0.0,0.0,0.0,0.0,75.8,0.0,0.0,24.2,210,210.0,rtt,0.2,0.0,0.2
dapper,congested,118,100.0,1000,20.006103443470593,33.76730690976927,34.739463150780566,34.94095401442569,20.006103443470593,0.0,0.7282216266327736,0.7282216266327736,0.0,0.0,0.0,0.244,0.215,0.0,0.0,0.0,0.0,0.0,0.0,0.0,0.0,0.0,75.6,0.0,0.0,24.4,202,202.0,rtt,0.2,0.0,0.2
dapper,congested,119,100.0,1000,19.83016344534593,33.68603732427767,34.716490700113376,34.97944595589328,19.83016344534593,0.0,0.723615341547804,0.723615341547804,0.0,0.0,0.0,0.254,0.226,0.0,0.0,0.0,0.0,0.0,0.0,0.0,0.0,0.0,74.6,0.0,0.0,25.4,199,199.0,rtt,0.2,0.0,0.2
dapper,congested,120,100.0,1000,19.043567075760766,33.6926619243357,34.773357817889625,34.985958566309606,19.043567075760766,0.0,0.7236733058108848,0.7236733058108848,0.0,0.0,0.0,0.276,0.248,0.0,0.0,0.0,0.0,0.0,0.0,0.0,0.0,0.0,72.39999999999999,0.0,0.0,27.6,240,240.0,rtt,0.2,0.0,0.2
dapper,congested,121,100.0,1000,18.474877942893734,33.45672355191904,34.7194150235305,34.996277370025744,18.474877942893734,0.0,0.7232961339280816,0.7232961339280816,0.0,0.0,0.0,0.302,0.27,0.0,0.0,0.0,0.0,0.0,0.0,0.0,0.0,0.0,69.8,0.0,0.0,30.2,254,254.0,rtt,0.2,0.0,0.2
dapper,congested,122,100.0,1000,18.84747246159959,33.442944875858906,34.732205072585096,34.91653465760954,18.84747246159959,0.0,0.7254641630266878,0.7254641630266878,0.0,0.0,0.0,0.281,0.248,0.0,0.0,0.0,0.0,0.0,0.0,0.0,0.0,0.0,71.89999999999999,0.0,0.0,28.1,220,220.0,rtt,0.2,0.0,0.2
dapper,congested,123,100.0,1000,19.571203201274372,33.73893296235343,34.762512357680826,34.98883073588995,19.571203201274372,0.0,0.7215942391738319,0.7215942391738319,0.0,0.0,0.0,0.256,0.227,0.0,0.0,0.0,0.0,0.0,0.0,0.0,0.0,0.0,74.4,0.0,0.0,25.6,204,204.0,rtt,0.2,0.0,0.2
dapper,congested,124,100.0,1000,19.22999196262509,33.31507402436664,34.61015520294176,34.94326242767353,19.22999196262509,0.0,0.7244147954091202,0.7244147954091202,0.0,0.0,0.0,0.262,0.236,0.0,0.0,0.0,0.0,0.0,0.0,0.0,0.0,0.0,73.8,0.0,0.0,26.200000000000003,209,209.0,rtt,0.2,0.0,0.2
dapper,congested,125,100.0,1000,19.50257766383214,33.911545752837604,34.803962549968354,34.99974319601896,19.50257766383214,0.0,0.7239513415209466,0.7239513415209466,0.0,0.0,0.0,0.264,0.235,0.0,0.0,0.0,0.0,0.0,0.0,0.0,0.0,0.0,73.6,0.0,0.0,26.400000000000002,213,213.0,rtt,0.2,0.0,0.2
dapper,congested,126,100.0,1000,19.36263261565539,33.65876596392269,34.73354155888216,34.99086328598782,19.36263261565539,0.0,0.7262483340807182,0.7262483340807182,0.0,0.0,0.0,0.261,0.235,0.0,0.0,0.0,0.0,0.0,0.0,0.0,0.0,0.0,73.9,0.0,0.0,26.1,215,215.0,rtt,0.2,0.0,0.2
dapper,congested,127,100.0,1000,19.70266536591365,33.91444616292798,34.685031932570624,34.99801668883106,19.70266536591365,0.0,0.7247701267030475,0.7247701267030475,0.0,0.0,0.0,0.263,0.224,0.0,0.0,0.0,0.0,0.0,0.0,0.0,0.0,0.0,73.7,0.0,0.0,26.3,196,196.0,rtt,0.2,0.0,0.2
dapper,congested,128,100.0,1000,19.47341224211683,33.93201378434855,34.767042486899406,34.99302751306131,19.47341224211683,0.0,0.7245540741074871,0.7245540741074871,0.0,0.0,0.0,0.257,0.226,0.0,0.0,0.0,0.0,0.0,0.0,0.0,0.0,0.0,74.3,0.0,0.0,25.7,191,191.0,rtt,0.2,0.0,0.2
dapper,congested,129,100.0,1000,19.728390183977112,33.28097112517996,34.619529264665246,34.981958638619645,19.728390183977112,0.0,0.7203156751744219,0.7203156751744219,0.0,0.0,0.0,0.245,0.215,0.0,0.0,0.0,0.0,0.0,0.0,0.0,0.0,0.0,75.5,0.0,0.0,24.5,180,180.0,rtt,0.2,0.0,0.2
dapper,variable,100,100.0,1000,19.292816703933532,33.598541848272916,34.614025148870844,34.95054826151675,21.09416659677543,0.0,0.7264027039800106,0.7306004187678453,2725.0,2.725,2725.0,0.306,0.238,0.0,0.109,0.9357798165137615,0.25688073394495414,0.028,0.6788990825688074,0.0,0.06422018348623854,0.0,65.3,0.0,10.9,23.799999999999997,306,306.0,rtt,0.2,0.0,0.2
dapper,variable,101,100.0,1000,19.633585030107156,33.40931507547872,34.716729365681125,34.99816501848515,21.88171276300494,0.0,0.7271768109014835,0.7327626247784956,3250.0,3.25,3250.0,0.268,0.211,0.0,0.13,0.9,0.26153846153846155,0.034,0.6384615384615384,0.0,0.1,0.0,65.8,0.0,13.0,21.2,281,281.0,rtt,0.2,0.0,0.2
dapper,variable,102,100.0,1000,21.252713393173305,33.952084801243224,34.85412725538718,34.995332379528136,23.78753770714711,0.0,0.7258171765017437,0.7320895342412878,3375.0,3.375,3375.0,0.189,0.152,0.0,0.135,0.8888888888888888,0.2814814814814815,0.038,0.6074074074074074,0.0,0.1111111111111111,0.0,71.2,0.0,13.5,15.299999999999999,261,261.0,rtt,0.2,0.0,0.2
dapper,variable,103,100.0,1000,19.09923245601252,33.51380851293956,34.6745142049723,34.99051342908312,20.838872739427988,0.0,0.7259840195841919,0.7303708279726046,3325.0,3.325,3325.0,0.334,0.256,0.0,0.133,0.8721804511278195,0.19548872180451127,0.026,0.6766917293233082,0.0,0.12781954887218044,0.0,60.9,0.0,13.3,25.8,324,324.0,rtt,0.2,0.0,0.2
dapper,variable,104,100.0,1000,21.118329454394036,33.92198447499948,34.71580596411837,34.944614204784195,23.066379209293014,0.0,0.7272507960135471,0.7318868030618557,3075.0,3.075,3075.0,0.205,0.16,0.0,0.123,0.9349593495934959,0.24390243902439024,0.03,0.6910569105691057,0.0,0.06504065040650407,0.0,71.7,0.0,12.3,16.0,255,255.0,rtt,0.2,0.0,0.2
dapper,variable,105,100.0,1000,20.102557341435524,33.42269885584057,34.77268554020445,34.98077376103997,22.464857281083024,0.0,0.7261994471356352,0.731811184223842,3400.0,3.4,3400.0,0.25,0.196,0.0,0.136,0.9485294117647058,0.25735294117647056,0.035,0.6911764705882353,0.0,0.051470588235294115,0.0,66.8,0.0,13.600000000000001,19.6,291,291.0,rtt,0.2,0.0,0.2
dapper,variable,106,100.0,1000,21.107274924887754,33.33482916939585,34.636628816385,34.993851868805095,23.380954083957715,0.0,0.725439499718022,0.7313047436038066,2775.0,2.775,2775.0,0.195,0.155,0.0,0.111,0.9279279279279279,0.3153153153153153,0.035,0.6126126126126126,0.0,0.07207207207207207,0.0,73.3,0.0,11.1,15.6,226,226.0,rtt,0.2,0.0,0.2
dapper,variable,107,100.0,1000,19.502590721829606,33.479729895388715,34.51119858084126,34.98148819897819,21.30768347637811,0.0,0.7235823373443215,0.7278661752551302,2575.0,2.575,2575.0,0.287,0.224,0.0,0.103,0.9320388349514563,0.2621359223300971,0.027,0.6699029126213593,0.0,0.06796116504854369,0.0,67.0,0.0,10.299999999999999,22.7,283,283.0,rtt,0.2,0.0,0.2
dapper,variable,108,100.0,1000,20.2322215942594,33.98898454789754,34.77692101060002,34.94872090187498,22.29956270199717,0.0,0.7255046151643268,0.7311277388712163,3250.0,3.25,3250.0,0.269,0.205,0.0,0.13,0.9230769230769231,0.24615384615384617,0.032,0.676923076923077,0.0,0.07692307692307693,0.0,66.5,0.0,13.0,20.5,273,273.0,rtt,0.2,0.0,0.2
dapper,variable,109,100.0,1000,20.381521152761938,33.72284382315482,34.74575634448063,34.98660651522982,21.865808762851497,0.0,0.7246602476516841,0.7280679052939579,2475.0,2.475,2475.0,0.242,0.191,0.0,0.099,0.9292929292929293,0.2222222222222222,0.022,0.7070707070707071,0.0,0.0707070707070707,0.0,70.7,0.0,9.9,19.400000000000002,274,274.0,rtt,0.2,0.0,0.2
dapper,variable,110,100.0,1000,20.63509115025618,33.908831310824965,34.67822534775889,34.98146709760653,22.01874538604406,0.0,0.7254372720597769,0.7285969294335282,2500.0,2.5,2500.0,0.242,0.186,0.0,0.1,0.94,0.21,0.021,0.73,0.0,0.06,0.0,71.39999999999999,0.0,10.0,18.6,263,263.0,rtt,0.2,0.0,0.2
dapper,variable,111,100.0,1000,20.617444661342045,33.788743974688444,34.723349040720166,34.97684653932659,23.05548063305261,0.0,0.7259814497926862,0.7317974338917848,3200.0,3.2,3200.0,0.238,0.188,0.0,0.128,0.9296875,0.2890625,0.037,0.640625,0.0,0.0703125,0.0,68.4,0.0,12.8,18.8,280,280.0,rtt,0.2,0.0,0.2
dapper,variable,112,100.0,1000,20.652882028257547,34.054797671088146,34.79412676903375,34.95854802039493,23.120322868489684,0.0,0.7290652892455557,0.7345322407391008,3675.0,3.675,3675.0,0.231,0.178,0.0,0.147,0.9455782312925171,0.25170068027210885,0.037,0.6938775510204082,0.0,0.05442176870748299,0.0,67.5,0.0,14.7,17.8,300,300.0,rtt,0.2,0.0,0.2
dapper,variable,113,100.0,1000,20.77834414696262,33.540637824646566,34.78843892853948,34.96829040868747,22.2641901644264,0.0,0.7257619717796988,0.7290279677577841,3050.0,3.05,3050.0,0.22,0.171,0.0,0.122,0.9426229508196722,0.18032786885245902,0.022,0.7622950819672131,0.0,0.05737704918032787,0.0,70.5,0.0,12.2,17.299999999999997,266,266.0,rtt,0.2,0.0,0.2
dapper,variable,114,100.0,1000,18.904157170171317,33.48332670674215,34.60911767944269,34.99588156157893,20.45307087229309,0.0,0.7224487314675674,0.7259725658028975,2325.0,2.325,2325.0,0.301,0.236,0.0,0.093,0.9247311827956989,0.25806451612903225,0.024,0.6666666666666666,0.0,0.07526881720430108,0.0,66.7,0.0,9.3,24.0,304,304.0,rtt,0.2,0.0,0.2
dapper,variable,115,100.0,1000,20.723189931809408,33.325610214006815,34.626745067103904,34.87718954629805,22.87407566009605,0.0,0.7234583150645855,0.7287212772907291,2750.0,2.75,2750.0,0.207,0.166,0.0,0.11,0.8818181818181818,0.2909090909090909,0.032,0.5909090909090909,0.0,0.11818181818181818,0.0,72.2,0.0,11.0,16.8,266,266.0,rtt,0.2,0.0,0.2
dapper,variable,116,100.0,1000,20.258314711727806,33.965989123336286,34.76841725790863,34.94714462527301,21.888960723758576,0.0,0.7290811805941935,0.7333187474471397,2975.0,2.975,2975.0,0.265,0.208,0.0,0.119,0.9411764705882353,0.20168067226890757,0.024,0.7394957983193278,0.0,0.058823529411764705,0.0,67.10000000000001,0.0,11.899999999999999,21.0,281,281.0,rtt,0.2,0.0,0.2
dapper,variable,117,100.0,1000,22.112091991662975,34.152698342113844,34.80942052512287,34.990866631104254,23.472937199701484,0.0,0.7228558477446049,0.7260730965313098,2850.0,2.85,2850.0,0.161,0.127,0.0,0.114,0.9122807017543859,0.17543859649122806,0.02,0.7368421052631579,0.0,0.08771929824561403,0.0,75.7,0.0,11.4,12.9,239,239.0,rtt,0.2,0.0,0.2
dapper,variable,118,100.0,1000,20.97597032717328,33.50668710267774,34.34933137003848,34.868091607089696,23.929141610710026,0.0,0.7251514992751154,0.7321561482215266,4125.0,4.125,4125.0,0.204,0.158,0.0,0.165,0.9272727272727272,0.2606060606060606,0.043,0.6666666666666666,0.0,0.07272727272727272,0.0,67.60000000000001,0.0,16.5,15.9,299,299.0,rtt,0.2,0.0,0.2
dapper,variable,119,100.0,1000,20.717449625787886,33.723720287973045,34.57959716197339,34.99635852821138,22.53674595438031,0.0,0.7239542361125143,0.728749924866733,3125.0,3.125,3125.0,0.233,0.179,0.0,0.125,0.944,0.224,0.028,0.72,0.0,0.056,0.0,69.5,0.0,12.5,18.0,261,261.0,rtt,0.2,0.0,0.2
dapper,variable,120,100.0,1000,21.244892295772914,33.96526001626422,34.71258654891299,34.99491157025027,23.197689649428703,0.0,0.7237534118716623,0.7286378803772032,3575.0,3.575,3575.0,0.196,0.151,0.0,0.143,0.9370629370629371,0.20279720279720279,0.029,0.7342657342657343,0.0,0.06293706293706294,0.0,70.6,0.0,14.299999999999999,15.1,283,283.0,rtt,0.2,0.0,0.2
dapper,variable,121,100.0,1000,20.3315261621145,33.76407787463392,34.80089032279628,34.994688323129196,23.515755806450517,0.0,0.7232442169924815,0.7316527908593636,4025.0,4.025,4025.0000000000005,0.237,0.186,0.0,0.161,0.9565217391304348,0.2981366459627329,0.048,0.6583850931677019,0.0,0.043478260869565216,0.0,65.2,0.0,16.1,18.7,297,297.0,rtt,0.2,0.0,0.2
dapper,variable,122,100.0,1000,20.550428972411556,33.63178988399087,34.631522901173106,34.97317679379236,23.273858661749976,0.0,0.7279924412775058,0.7343325151222432,2850.0,2.85,2850.0,0.222,0.175,0.0,0.114,0.9210526315789473,0.3508771929824561,0.04,0.5701754385964912,0.0,0.07894736842105263,0.0,71.0,0.0,11.4,17.599999999999998,260,260.0,rtt,0.2,0.0,0.2
dapper,variable,123,100.0,1000,20.645644756720415,33.79103353765298,34.79488657343286,34.98222422308634,22.310907562256457,0.0,0.7280153651430078,0.7327577377350998,2625.0,2.625,2625.0,0.236,0.183,0.0,0.105,0.9333333333333333,0.24761904761904763,0.026,0.6857142857142857,0.0,0.06666666666666667,0.0,71.0,0.0,10.5,18.5,251,251.0,rtt,0.2,0.0,0.2
dapper,variable,124,100.0,1000,21.485207664695494,33.61582768332837,34.67732058291188,34.996246009129095,23.35372304951839,0.0,0.7245479463167918,0.7290619715148156,3300.0,3.3,3300.0,0.181,0.144,0.0,0.132,0.8560606060606061,0.21212121212121213,0.028,0.6439393939393939,0.0,0.14393939393939395,0.0,72.39999999999999,0.0,13.200000000000001,14.399999999999999,257,257.0,rtt,0.2,0.0,0.2
dapper,variable,125,100.0,1000,20.423351895688203,33.55572104656107,34.7780426012565,34.94952031560075,22.479068415312092,0.0,0.7243792630622022,0.7291684302535086,3075.0,3.075,3075.0,0.237,0.184,0.0,0.123,0.9349593495934959,0.25203252032520324,0.031,0.6829268292682927,0.0,0.06504065040650407,0.0,69.3,0.0,12.3,18.4,280,280.0,rtt,0.2,0.0,0.2
dapper,variable,126,100.0,1000,20.802137435159185,33.75159446968112,34.720173914570076,34.997585709381326,23.009450076657068,0.0,0.7299041653059131,0.7352438176226779,2800.0,2.8,2800.0,0.225,0.178,0.0,0.112,0.9375,0.30357142857142855,0.034,0.6339285714285714,0.0,0.0625,0.0,71.0,0.0,11.200000000000001,17.8,263,263.0,rtt,0.2,0.0,0.2
dapper,variable,127,100.0,1000,20.308085210061478,33.92677010811866,34.70618338050205,34.9805264786951,21.799859605406525,0.0,0.7257588248568773,0.730028068768165,2625.0,2.625,2625.0,0.259,0.2,0.0,0.105,0.9523809523809523,0.20952380952380953,0.022,0.7428571428571429,0.0,0.047619047619047616,0.0,69.39999999999999,0.0,10.5,20.1,263,263.0,rtt,0.2,0.0,0.2
dapper,variable,128,100.0,1000,19.00365013266379,33.63444553862527,34.724924465655434,34.96530254190218,20.44305727977667,0.0,0.727050915868395,0.7300236307882401,2250.0,2.25,2250.0,0.305,0.239,0.0,0.09,0.9222222222222223,0.23333333333333334,0.021,0.6888888888888889,0.0,0.07777777777777778,0.0,66.9,0.0,9.0,24.099999999999998,262,262.0,rtt,0.2,0.0,0.2
dapper,variable,129,100.0,1000,20.70293997945777,33.91049053081545,34.77333674805944,34.967648156933706,22.488704878248505,0.0,0.7217493661840165,0.7262849779527051,2600.0,2.6,2600.0,0.242,0.19,0.0,0.104,0.9326923076923077,0.2692307692307692,0.028,0.6634615384615384,0.0,0.0673076923076923,0.0,70.6,0.0,10.4,19.0,259,259.0,rtt,0.2,0.0,0.2
dapper,stable,100,100.0,1000,25.279403323317702,33.96035223762113,34.73962355895296,34.988775105687154,51.53514833678389,0.0,0.7265268897628933,0.792417917211626,21350.0,21.35,21350.0,0.0,0.0,0.0,0.854,0.9918032786885246,0.4953161592505855,0.423,0.4964871194379391,0.0,0.00819672131147541,0.0,14.6,0.0,85.39999999999999,0.0,259,259.0,rtt,0.3,0.0,0.3
dapper,stable,101,100.0,1000,24.820657080469697,33.96040511204254,34.788072376532675,34.99828909781833,53.53675771177409,0.0,0.7249338588619687,0.7978649635318986,21700.0,21.7,21700.0,0.0,0.0,0.0,0.868,0.9896313364055299,0.5288018433179723,0.459,0.4608294930875576,0.0,0.010368663594470046,0.0,13.200000000000001,0.0,86.8,0.0,231,231.0,rtt,0.3,0.0,0.3
dapper,stable,102,100.0,1000,24.835880473076735,33.70682378335116,34.74818297607158,34.965240972972765,51.8627260021259,0.0,0.727324394359075,0.800034845226407,20900.0,20.9,20900.0,0.0,0.0,0.0,0.836,0.992822966507177,0.5263157894736842,0.44,0.4665071770334928,0.0,0.007177033492822967,0.0,16.400000000000002,0.0,83.6,0.0,284,284.0,rtt,0.3,0.0,0.3
dapper,stable,103,100.0,1000,24.972078044518216,34.293187186352334,34.89307765319619,34.99802137082616,53.372703891643845,0.0,0.7236659440861409,0.7991290672988378,21525.0,21.525,21525.0,0.0,0.0,0.0,0.861,0.9883855981416957,0.5342624854819977,0.46,0.454123112659698,0.0,0.011614401858304297,0.0,13.900000000000002,0.0,86.1,0.0,237,237.0,rtt,0.3,0.0,0.3
dapper,stable,104,100.0,1000,24.98622097286207,33.860115377670134,34.74837408619961,34.98656616097203,51.037343944723006,0.0,0.7240926018777877,0.7898578469524961,21900.0,21.9,21900.0,0.0,0.0,0.0,0.876,0.9920091324200914,0.4794520547945205,0.42,0.5125570776255708,0.0,0.007990867579908675,0.0,12.4,0.0,87.6,0.0,220,220.0,rtt,0.3,0.0,0.3
dapper,stable,105,100.0,1000,24.85634769037545,33.82025179084476,34.62504012903672,34.93314580405199,51.59710330911793,0.0,0.7262361051095783,0.7959250227091806,21250.0,21.25,21250.0,0.0,0.0,0.0,0.85,0.9905882352941177,0.5105882352941177,0.434,0.48,0.0,0.009411764705882352,0.0,15.0,0.0,85.0,0.0,256,256.0,rtt,0.3,0.0,0.3
dapper,stable,106,100.0,1000,24.716410963251104,33.86074949026578,34.68730165917939,34.933586993197196,52.69637342008328,0.0,0.7229428904328138,0.7962430814491968,21425.0,21.425,21425.0,0.0,0.0,0.0,0.857,0.9918319719953326,0.5227537922987164,0.448,0.4690781796966161,0.0,0.008168028004667444,0.0,14.299999999999999,0.0,85.7,0.0,252,252.0,rtt,0.3,0.0,0.3
dapper,stable,107,100.0,1000,24.88557902804772,33.83424628214373,34.89267109559948,34.9936438529993,53.380353744565205,0.0,0.7245133185042392,0.7993133636844371,22025.0,22.025,22025.0,0.0,0.0,0.0,0.881,0.9886492622020431,0.5187287173666288,0.457,0.4699205448354143,0.0,0.011350737797956867,0.0,11.899999999999999,0.0,88.1,0.0,198,198.0,rtt,0.3,0.0,0.3
dapper,stable,108,100.0,1000,25.235897183714567,34.2868707566229,34.87218349603604,34.989690121554816,51.92467360201944,0.0,0.7254394152220247,0.7967132376294662,21500.0,21.5,21500.0,0.0,0.0,0.0,0.86,0.9872093023255814,0.5023255813953489,0.432,0.4848837209302326,0.0,0.012790697674418604,0.0,14.000000000000002,0.0,86.0,0.0,231,231.0,rtt,0.3,0.0,0.3
dapper,stable,109,100.0,1000,25.268964708760926,34.15910526808331,34.79620852522923,34.94284900848466,51.53790445445115,0.0,0.7225069831603355,0.7908717000411818,21775.0,21.775,21775.0,0.0,0.0,0.0,0.871,0.9850746268656716,0.4845005740528129,0.422,0.5005740528128588,0.0,0.014925373134328358,0.0,12.9,0.0,87.1,0.0,228,228.0,rtt,0.3,0.0,0.3
dapper,stable,110,100.0,1000,24.978043487255007,33.957417382454665,34.80033649104111,34.99011804008187,51.64725260956925,0.0,0.7239727698806182,0.7935801521646344,21400.0,21.4,21400.0,0.0,0.0,0.0,0.856,0.985981308411215,0.5035046728971962,0.431,0.4824766355140187,0.0,0.014018691588785047,0.0,14.399999999999999,0.0,85.6,0.0,261,261.0,rtt,0.3,0.0,0.3
dapper,stable,111,100.0,1000,25.491345575881343,33.99942489704205,34.77294614292747,34.98882482505357,52.77932606666301,0.0,0.7264559107913696,0.7988751227250941,20975.0,20.975,20975.0,0.0,0.0,0.0,0.839,0.9916567342073898,0.5256257449344458,0.441,0.466030989272944,0.0,0.00834326579261025,0.0,16.1,0.0,83.89999999999999,0.0,276,276.0,rtt,0.3,0.0,0.3
dapper,stable,112,100.0,1000,25.044635098675773,33.93678625080242,34.80594764992258,34.978994945141224,52.774438295965986,0.0,0.7245903067601731,0.7942867336915719,21700.0,21.7,21700.0,0.0,0.0,0.0,0.868,0.9919354838709677,0.5103686635944701,0.443,0.4815668202764977,0.0,0.008064516129032258,0.0,13.200000000000001,0.0,86.8,0.0,220,220.0,rtt,0.3,0.0,0.3
dapper,stable,113,100.0,1000,24.924957379086543,33.92528008813723,34.852479041190236,34.99387303551587,50.565197370598845,0.0,0.725184772552611,0.7910288053494875,21600.0,21.6,21600.0,0.0,0.0,0.0,0.864,0.9826388888888888,0.48032407407407407,0.415,0.5023148148148148,0.0,0.017361111111111112,0.0,13.600000000000001,0.0,86.4,0.0,239,239.0,rtt,0.3,0.0,0.3
dapper,stable,114,100.0,1000,25.128438548268,33.86993382489312,34.786318253661975,34.99771913787838,53.866453690073165,0.0,0.7237524930795687,0.7977940224588013,21900.0,21.9,21900.0,0.0,0.0,0.0,0.876,0.9908675799086758,0.5308219178082192,0.465,0.4600456621004566,0.0,0.0091324200913242,0.0,12.4,0.0,87.6,0.0,214,214.0,rtt,0.3,0.0,0.3
dapper,stable,115,100.0,1000,25.094705607799348,34.162413089123824,34.74465384721523,34.970565607066455,51.94937303752475,0.0,0.7245886848920773,0.7944537871206474,21750.0,21.75,21750.0,0.0,0.0,0.0,0.87,0.9873563218390805,0.5011494252873563,0.436,0.4862068965517241,0.0,0.01264367816091954,0.0,13.0,0.0,87.0,0.0,219,219.0,rtt,0.3,0.0,0.3
dapper,stable,116,100.0,1000,25.028301912688907,34.05041769477859,34.88445460350265,34.99403448766891,54.211607535281885,0.0,0.7244573126145593,0.798391101095973,21750.0,21.75,21750.0,0.0,0.0,0.0,0.87,0.9942528735632183,0.5448275862068965,0.474,0.4494252873563218,0.0,0.005747126436781609,0.0,13.0,0.0,87.0,0.0,221,221.0,rtt,0.3,0.0,0.3
dapper,stable,117,100.0,1000,24.997182216762514,33.94211020128963,34.806950360419165,34.98156739475102,51.94396103000347,0.0,0.7238166310991714,0.7935256482510197,21850.0,21.85,21850.0,0.0,0.0,0.0,0.874,0.9862700228832952,0.4897025171624714,0.428,0.4965675057208238,0.0,0.013729977116704805,0.0,12.6,0.0,87.4,0.0,226,226.0,rtt,0.3,0.0,0.3
dapper,stable,118,100.0,1000,25.026589048763064,34.146334679362305,34.835239525322194,34.964244111574146,52.20873167600773,0.0,0.7280528994609765,0.7960765304196257,21475.0,21.475,21475.0,0.0,0.0,0.0,0.859,0.9906868451688009,0.5075669383003493,0.436,0.4831199068684517,0.0,0.009313154831199068,0.0,14.099999999999998,0.0,85.9,0.0,244,244.0,rtt,0.3,0.0,0.3
dapper,stable,119,100.0,1000,24.80107188012856,34.00280379558126,34.81754573602827,34.936826663719394,53.78667209236602,0.0,0.7243707963012889,0.799875204249307,21925.0,21.925,21925.0,0.0,0.0,0.0,0.877,0.9874572405929305,0.5324971493728621,0.467,0.4549600912200684,0.0,0.012542759407069556,0.0,12.3,0.0,87.7,0.0,228,228.0,rtt,0.3,0.0,0.3
dapper,stable,120,100.0,1000,25.000139802139184,33.83887438020657,34.75482963071029,34.96519781982063,52.586658253654925,0.0,0.7247996031934949,0.7950348677637523,21800.0,21.8,21800.0,0.0,0.0,0.0,0.872,0.9839449541284404,0.5103211009174312,0.445,0.4736238532110092,0.0,0.016055045871559634,0.0,12.8,0.0,87.2,0.0,212,212.0,rtt,0.3,0.0,0.3
dapper,stable,121,100.0,1000,24.870142370806825,34.08802278656587,34.79782372711737,34.96061084968983,51.218892289603616,0.0,0.7235062491591376,0.7917923991779289,21800.0,21.8,21800.0,0.0,0.0,0.0,0.872,0.9862385321100917,0.48394495412844035,0.422,0.5022935779816514,0.0,0.013761467889908258,0.0,12.8,0.0,87.2,0.0,219,219.0,rtt,0.3,0.0,0.3
dapper,stable,122,100.0,1000,24.829111935230273,33.958468133447,34.74506049633189,34.924143640943036,53.271418624119164,0.0,0.7259117747422895,0.7982645293058339,21950.0,21.95,21950.0,0.0,0.0,0.0,0.878,0.9886104783599089,0.5148063781321185,0.452,0.47380410022779046,0.0,0.011389521640091117,0.0,12.2,0.0,87.8,0.0,200,200.0,rtt,0.3,0.0,0.3
dapper,stable,123,100.0,1000,25.35470141463279,34.01400394209814,34.728637206489786,34.90743937957425,51.64158095400979,0.0,0.7231039957478556,0.7928850748486099,22225.0,22.225,22225.0,0.0,0.0,0.0,0.889,0.9820022497187851,0.4769403824521935,0.424,0.5050618672665916,0.0,0.01799775028121485,0.0,11.1,0.0,88.9,0.0,196,196.0,rtt,0.3,0.0,0.3
dapper,stable,124,100.0,1000,25.00583269004324,34.03261405514325,34.80612955591713,34.95256595801938,50.8126236179597,0.0,0.7270004160651047,0.7942088997255117,21000.0,21.0,21000.0,0.0,0.0,0.0,0.84,0.9928571428571429,0.49642857142857144,0.417,0.49642857142857144,0.0,0.007142857142857143,0.0,16.0,0.0,84.0,0.0,280,280.0,rtt,0.3,0.0,0.3
dapper,stable,125,100.0,1000,24.9867591189863,33.982185709447386,34.8021659840167,34.99165214842439,53.959249959158115,0.0,0.7268533605073024,0.7989657788847586,21650.0,21.65,21650.0,0.0,0.0,0.0,0.866,0.9919168591224018,0.5323325635103926,0.461,0.45958429561200925,0.0,0.008083140877598153,0.0,13.4,0.0,86.6,0.0,238,238.0,rtt,0.3,0.0,0.3
dapper,stable,126,100.0,1000,24.628886386363657,33.70638744138536,34.672811784104226,34.983867296625746,53.134621864449656,0.0,0.726794351381784,0.8009463128693688,21175.0,21.175,21175.0,0.0,0.0,0.0,0.847,0.9881936245572609,0.5419126328217237,0.459,0.4462809917355372,0.0,0.011806375442739079,0.0,15.299999999999999,0.0,84.7,0.0,252,252.0,rtt,0.3,0.0,0.3
dapper,stable,127,100.0,1000,25.164646066804526,34.17312143282042,34.80106095916998,34.970740898815485,54.30743225703345,0.0,0.7237258806201099,0.7969399991420358,22125.0,22.125,22125.0,0.0,0.0,0.0,0.885,0.9909604519774011,0.5276836158192091,0.467,0.4632768361581921,0.0,0.00903954802259887,0.0,11.5,0.0,88.5,0.0,207,207.0,rtt,0.3,0.0,0.3
dapper,stable,128,100.0,1000,25.178185128090664,33.92859815320874,34.67968897440042,34.972660274630584,53.589153958153254,0.0,0.7271450910033325,0.7988558762020542,21425.0,21.425,21425.0,0.0,0.0,0.0,0.857,0.9836639439906651,0.5309218203033839,0.455,0.45274212368728123,0.0,0.01633605600933489,0.0,14.299999999999999,0.0,85.7,0.0,237,237.0,rtt,0.3,0.0,0.3
dapper,stable,129,100.0,1000,25.217209562918274,34.07064808785484,34.83459462785327,34.9933571344785,53.065152250426124,0.0,0.722736266433297,0.7957788932941594,21825.0,21.825,21825.0,0.0,0.0,0.0,0.873,0.9896907216494846,0.5131729667812142,0.448,0.4765177548682703,0.0,0.010309278350515464,0.0,12.7,0.0,87.3,0.0,214,214.0,rtt,0.3,0.0,0.3
dapper,congested,100,100.0,1000,14.517460528663763,33.05293966279338,34.57660438929537,34.97404020175507,14.517460528663763,0.0,0.7240427403666138,0.7240427403666138,0.0,0.0,0.0,0.527,0.434,0.0,0.0,0.0,0.0,0.0,0.0,0.0,0.0,0.0,47.3,0.0,0.0,52.7,244,244.0,rtt,0.3,0.0,0.3
dapper,congested,101,100.0,1000,13.833720431635939,33.58299295026752,34.782299419625055,34.99327875607795,13.833720431635939,0.0,0.7230710878395185,0.7230710878395185,0.0,0.0,0.0,0.579,0.47,0.0,0.0,0.0,0.0,0.0,0.0,0.0,0.0,0.0,42.1,0.0,0.0,57.9,248,248.0,rtt,0.3,0.0,0.3
dapper,congested,102,100.0,1000,14.896413548771928,33.0491480724683,34.401529652719844,34.856418694025265,14.896413548771928,0.0,0.7269905871515008,0.7269905871515008,0.0,0.0,0.0,0.49,0.414,0.0,0.0,0.0,0.0,0.0,0.0,0.0,0.0,0.0,51.0,0.0,0.0,49.0,260,260.0,rtt,0.3,0.0,0.3
dapper,congested,103,100.0,1000,14.572414193101203,33.49812904833728,34.56523431966112,34.985893217625524,14.572414193101203,0.0,0.7276216037455255,0.7276216037455255,0.0,0.0,0.0,0.523,0.437,0.0,0.0,0.0,0.0,0.0,0.0,0.0,0.0,0.0,47.699999999999996,0.0,0.0,52.300000000000004,283,283.0,rtt,0.3,0.0,0.3
dapper,congested,104,100.0,1000,14.484267745996952,32.801776762051134,34.486479955097366,34.94139484896046,14.484267745996952,0.0,0.7258895804153843,0.7258895804153843,0.0,0.0,0.0,0.525,0.439,0.0,0.0,0.0,0.0,0.0,0.0,0.0,0.0,0.0,47.5,0.0,0.0,52.5,253,253.0,rtt,0.3,0.0,0.3
dapper,congested,105,100.0,1000,14.942877885962575,33.44588031478951,34.78612775457005,34.98145078352877,14.942877885962575,0.0,0.7241865903529172,0.7241865903529172,0.0,0.0,0.0,0.499,0.417,0.0,0.0,0.0,0.0,0.0,0.0,0.0,0.0,0.0,50.1,0.0,0.0,49.9,260,260.0,rtt,0.3,0.0,0.3
dapper,congested,106,100.0,1000,14.822252496333215,33.17015927921528,34.267977907569545,34.98979405154197,14.822252496333215,0.0,0.7246906866198815,0.7246906866198815,0.0,0.0,0.0,0.5,0.421,0.0,0.0,0.0,0.0,0.0,0.0,0.0,0.0,0.0,50.0,0.0,0.0,50.0,282,282.0,rtt,0.3,0.0,0.3
dapper,congested,107,100.0,1000,14.220605296635867,33.18228184086914,34.61137440139441,34.94833905393857,14.220605296635867,0.0,0.7264090452343677,0.7264090452343677,0.0,0.0,0.0,0.531,0.439,0.0,0.0,0.0,0.0,0.0,0.0,0.0,0.0,0.0,46.9,0.0,0.0,53.1,233,233.0,rtt,0.3,0.0,0.3
dapper,congested,108,100.0,1000,14.582634496070334,33.313027103843,34.70217100700294,34.99655745974279,14.582634496070334,0.0,0.7220750474496145,0.7220750474496145,0.0,0.0,0.0,0.535,0.439,0.0,0.0,0.0,0.0,0.0,0.0,0.0,0.0,0.0,46.5,0.0,0.0,53.5,250,250.0,rtt,0.3,0.0,0.3
dapper,congested,109,100.0,1000,14.739854845585853,33.390583333166305,34.65128274981771,34.96908075225633,14.739854845585853,0.0,0.7232668585378965,0.7232668585378965,0.0,0.0,0.0,0.514,0.429,0.0,0.0,0.0,0.0,0.0,0.0,0.0,0.0,0.0,48.6,0.0,0.0,51.4,255,255.0,rtt,0.3,0.0,0.3
dapper,congested,110,100.0,1000,14.88499337866653,32.98044332171042,34.40655128099724,34.904974605701966,14.88499337866653,0.0,0.7255753648295153,0.7255753648295153,0.0,0.0,0.0,0.482,0.413,0.0,0.0,0.0,0.0,0.0,0.0,0.0,0.0,0.0,51.800000000000004,0.0,0.0,48.199999999999996,273,273.0,rtt,0.3,0.0,0.3
dapper,congested,111,100.0,1000,14.565798078141121,33.433007820611955,34.583611642311745,34.96241421096305,14.565798078141121,0.0,0.7233735724062619,0.7233735724062619,0.0,0.0,0.0,0.54,0.438,0.0,0.0,0.0,0.0,0.0,0.0,0.0,0.0,0.0,46.0,0.0,0.0,54.0,237,237.0,rtt,0.3,0.0,0.3
dapper,congested,112,100.0,1000,14.482371544768785,32.998129383824114,34.53074225287176,34.985906989642146,14.482371544768785,0.0,0.7263508839559062,0.7263508839559062,0.0,0.0,0.0,0.552,0.447,0.0,0.0,0.0,0.0,0.0,0.0,0.0,0.0,0.0,44.800000000000004,0.0,0.0,55.2,232,232.0,rtt,0.3,0.0,0.3
dapper,congested,113,100.0,1000,13.603640321521194,32.78824175011811,34.418998192809504,34.95607132026257,13.603640321521194,0.0,0.7279416109430238,0.7279416109430238,0.0,0.0,0.0,0.572,0.467,0.0,0.0,0.0,0.0,0.0,0.0,0.0,0.0,0.0,42.8,0.0,0.0,57.199999999999996,235,235.0,rtt,0.3,0.0,0.3
dapper,congested,114,100.0,1000,13.30546590350629,32.97845699344906,34.540575406089324,34.950166610266486,13.30546590350629,0.0,0.7326479802555602,0.7326479802555602,0.0,0.0,0.0,0.594,0.488,0.0,0.0,0.0,0.0,0.0,0.0,0.0,0.0,0.0,40.6,0.0,0.0,59.4,257,257.0,rtt,0.3,0.0,0.3
dapper,congested,115,100.0,1000,15.299579153929217,33.274515611645505,34.697840601994514,34.96593743598228,15.299579153929217,0.0,0.7224161259100476,0.7224161259100476,0.0,0.0,0.0,0.496,0.407,0.0,0.0,0.0,0.0,0.0,0.0,0.0,0.0,0.0,50.4,0.0,0.0,49.6,240,240.0,rtt,0.3,0.0,0.3
dapper,congested,116,100.0,1000,15.057032640418438,33.1771434911181,34.453937215514735,34.9771698353159,15.057032640418438,0.0,0.7264304686131068,0.7264304686131068,0.0,0.0,0.0,0.519,0.427,0.0,0.0,0.0,0.0,0.0,0.0,0.0,0.0,0.0,48.1,0.0,0.0,51.9,251,251.0,rtt,0.3,0.0,0.3
dapper,congested,117,100.0,1000,14.754480304036111,32.96315000691252,34.284359360103274,34.92469455507625,14.754480304036111,0.0,0.7274631105641677,0.7274631105641677,0.0,0.0,0.0,0.49,0.421,0.0,0.0,0.0,0.0,0.0,0.0,0.0,0.0,0.0,51.0,0.0,0.0,49.0,280,280.0,rtt,0.3,0.0,0.3
dapper,congested,118,100.0,1000,15.140941738186461,33.25000904184647,34.644986236960484,34.94095401442569,15.140941738186461,0.0,0.7301867002525946,0.7301867002525946,0.0,0.0,0.0,0.496,0.412,0.0,0.0,0.0,0.0,0.0,0.0,0.0,0.0,0.0,50.4,0.0,0.0,49.6,248,248.0,rtt,0.3,0.0,0.3
dapper,congested,119,100.0,1000,15.28036495898712,33.23052376332621,34.677766766000076,34.97944595589328,15.28036495898712,0.0,0.7262656205689341,0.7262656205689341,0.0,0.0,0.0,0.491,0.413,0.0,0.0,0.0,0.0,0.0,0.0,0.0,0.0,0.0,50.9,0.0,0.0,49.1,260,260.0,rtt,0.3,0.0,0.3
dapper,congested,120,100.0,1000,14.04817816222445,33.322273000424595,34.42867151072309,34.985958566309606,14.04817816222445,0.0,0.7239472528843228,0.7239472528843228,0.0,0.0,0.0,0.556,0.454,0.0,0.0,0.0,0.0,0.0,0.0,0.0,0.0,0.0,44.4,0.0,0.0,55.60000000000001,262,262.0,rtt,0.3,0.0,0.3
dapper,congested,121,100.0,1000,13.880573853174589,33.037660997170754,34.65358729318983,34.996277370025744,13.880573853174589,0.0,0.7215770556471078,0.7215770556471078,0.0,0.0,0.0,0.561,0.465,0.0,0.0,0.0,0.0,0.0,0.0,0.0,0.0,0.0,43.9,0.0,0.0,56.10000000000001,263,263.0,rtt,0.3,0.0,0.3
dapper,congested,122,100.0,1000,14.121104658856986,32.976947863006714,34.67761528119456,34.91653465760954,14.121104658856986,0.0,0.7255681310639729,0.7255681310639729,0.0,0.0,0.0,0.546,0.447,0.0,0.0,0.0,0.0,0.0,0.0,0.0,0.0,0.0,45.4,0.0,0.0,54.6,251,251.0,rtt,0.3,0.0,0.3
dapper,congested,123,100.0,1000,15.025090273888061,33.321765180939416,34.660152421565115,34.9560016640753,15.025090273888061,0.0,0.723349637051378,0.723349637051378,0.0,0.0,0.0,0.515,0.425,0.0,0.0,0.0,0.0,0.0,0.0,0.0,0.0,0.0,48.5,0.0,0.0,51.5,245,245.0,rtt,0.3,0.0,0.3
dapper,congested,124,100.0,1000,14.696336866395738,32.81765255885774,34.3024629010335,34.94326242767353,14.696336866395738,0.0,0.7247815698572633,0.7247815698572633,0.0,0.0,0.0,0.508,0.423,0.0,0.0,0.0,0.0,0.0,0.0,0.0,0.0,0.0,49.2,0.0,0.0,50.8,242,242.0,rtt,0.3,0.0,0.3
dapper,congested,125,100.0,1000,15.0273118243353,33.42410379813246,34.70354861166278,34.99974319601896,15.0273118243353,0.0,0.7210700555116016,0.7210700555116016,0.0,0.0,0.0,0.501,0.417,0.0,0.0,0.0,0.0,0.0,0.0,0.0,0.0,0.0,49.9,0.0,0.0,50.1,256,256.0,rtt,0.3,0.0,0.3
dapper,congested,126,100.0,1000,14.657028952082998,33.18995950681282,34.71453622135239,34.99086328598782,14.657028952082998,0.0,0.7262952852126315,0.7262952852126315,0.0,0.0,0.0,0.529,0.434,0.0,0.0,0.0,0.0,0.0,0.0,0.0,0.0,0.0,47.099999999999994,0.0,0.0,52.900000000000006,235,235.0,rtt,0.3,0.0,0.3
dapper,congested,127,100.0,1000,15.15073084288906,33.52224445342437,34.67424883145383,34.99801668883106,15.15073084288906,0.0,0.7240180950787709,0.7240180950787709,0.0,0.0,0.0,0.501,0.416,0.0,0.0,0.0,0.0,0.0,0.0,0.0,0.0,0.0,49.9,0.0,0.0,50.1,262,262.0,rtt,0.3,0.0,0.3
dapper,congested,128,100.0,1000,14.361790266830743,33.17168267077031,34.62132481369281,34.99302751306131,14.361790266830743,0.0,0.7193323781189026,0.7193323781189026,0.0,0.0,0.0,0.521,0.438,0.0,0.0,0.0,0.0,0.0,0.0,0.0,0.0,0.0,47.9,0.0,0.0,52.1,251,251.0,rtt,0.3,0.0,0.3
dapper,congested,129,100.0,1000,14.773505744199475,32.97507314596677,34.583036729441766,34.93065733269273,14.773505744199475,0.0,0.7227825143074231,0.7227825143074231,0.0,0.0,0.0,0.507,0.423,0.0,0.0,0.0,0.0,0.0,0.0,0.0,0.0,0.0,49.3,0.0,0.0,50.7,261,261.0,rtt,0.3,0.0,0.3
dapper,variable,100,100.0,1000,18.524041700419353,33.58683156557287,34.52410070817395,34.95054826151675,20.02782918032135,0.0,0.7255426432868433,0.7291826640383783,1925.0,1.925,1925.0,0.339,0.268,0.0,0.077,0.922077922077922,0.3116883116883117,0.024,0.6103896103896104,0.0,0.07792207792207792,0.0,65.2,0.0,7.7,27.1,303,303.0,rtt,0.3,0.0,0.3
dapper,variable,101,100.0,1000,19.175732972782907,33.39342375409839,34.716729365681125,34.99816501848515,21.11527471368704,0.0,0.7274380650935693,0.7323207972263881,2450.0,2.45,2450.0,0.288,0.23,0.0,0.098,0.8979591836734694,0.30612244897959184,0.03,0.5918367346938775,0.0,0.10204081632653061,0.0,67.0,0.0,9.8,23.200000000000003,280,280.0,rtt,0.3,0.0,0.3
dapper,variable,102,100.0,1000,20.58022371718276,33.952084801243224,34.86267395289757,34.995332379528136,22.780754409839865,0.0,0.7250993314363857,0.7308401944369559,2575.0,2.575,2575.0,0.222,0.181,0.0,0.103,0.883495145631068,0.32038834951456313,0.033,0.5631067961165048,0.0,0.11650485436893204,0.0,71.39999999999999,0.0,10.299999999999999,18.3,254,254.0,rtt,0.3,0.0,0.3
dapper,variable,103,100.0,1000,18.536300504894395,33.4532980830034,34.6745142049723,34.99051342908312,20.00272075080237,0.0,0.7261834814729449,0.7297802314912348,2425.0,2.425,2425.0,0.359,0.279,0.0,0.097,0.865979381443299,0.2268041237113402,0.022,0.6391752577319587,0.0,0.13402061855670103,0.0,62.0,0.0,9.700000000000001,28.299999999999997,315,315.0,rtt,0.3,0.0,0.3
dapper,variable,104,100.0,1000,20.594866706367217,33.71775252092894,34.67499371233717,34.944614204784195,22.200770935464046,0.0,0.7266751156770971,0.7305171050692981,2275.0,2.275,2275.0,0.227,0.182,0.0,0.091,0.945054945054945,0.27472527472527475,0.025,0.6703296703296703,0.0,0.054945054945054944,0.0,72.6,0.0,9.1,18.3,256,256.0,rtt,0.3,0.0,0.3
dapper,variable,105,100.0,1000,19.467388664688908,33.35088527654596,34.7773651787171,34.98077376103997,21.476659979199372,0.0,0.7265244842235695,0.7313708785582335,2400.0,2.4,2400.0,0.28,0.222,0.0,0.096,0.9375,0.3125,0.03,0.625,0.0,0.0625,0.0,67.9,0.0,9.6,22.5,286,286.0,rtt,0.3,0.0,0.3
dapper,variable,106,100.0,1000,20.344101851304377,33.30585387088181,34.61535134738792,34.993851868805095,22.306680895434656,0.0,0.724673040297042,0.7298424279376607,2250.0,2.25,2250.0,0.23,0.188,0.0,0.09,0.9333333333333333,0.34444444444444444,0.031,0.5888888888888889,0.0,0.06666666666666667,0.0,71.89999999999999,0.0,9.0,19.1,236,236.0,rtt,0.3,0.0,0.3
dapper,variable,107,100.0,1000,18.94220858402714,33.403277311957986,34.472501802123276,34.98148819897819,20.11033404411775,0.0,0.7236981831439178,0.7264263268866681,1575.0,1.575,1575.0,0.314,0.25,0.0,0.063,0.9365079365079365,0.2857142857142857,0.018,0.6507936507936508,0.0,0.06349206349206349,0.0,68.4,0.0,6.3,25.3,288,288.0,rtt,0.3,0.0,0.3
dapper,variable,108,100.0,1000,19.85315605211175,33.98898454789754,34.77692101060002,34.94872090187498,21.38728285990662,0.0,0.7255389755219569,0.7297219895940062,2250.0,2.25,2250.0,0.286,0.22,0.0,0.09,0.9333333333333333,0.26666666666666666,0.024,0.6666666666666666,0.0,0.06666666666666667,0.0,68.8,0.0,9.0,22.2,266,266.0,rtt,0.3,0.0,0.3
dapper,variable,109,100.0,1000,19.817599576329297,33.697547011131824,34.73763674397336,34.98660651522982,21.08861656902788,0.0,0.7254226328129492,0.7282661935608034,1600.0,1.6,1600.0,0.271,0.217,0.0,0.064,0.921875,0.296875,0.019,0.625,0.0,0.078125,0.0,71.39999999999999,0.0,6.4,22.2,265,265.0,rtt,0.3,0.0,0.3
dapper,variable,110,100.0,1000,20.373686025989265,33.88913957662206,34.67822534775889,34.98146709760653,21.538897925054176,0.0,0.7259341213393268,0.7285533782724203,1725.0,1.725,1725.0,0.257,0.198,0.0,0.069,0.9420289855072463,0.2608695652173913,0.018,0.6811594202898551,0.0,0.057971014492753624,0.0,73.0,0.0,6.9,20.1,252,252.0,rtt,0.3,0.0,0.3
dapper,variable,111,100.0,1000,19.98064934614184,33.76271782105019,34.723349040720166,34.97684653932659,21.7813600722572,0.0,0.7258017939260338,0.7302441252232097,2350.0,2.35,2350.0,0.268,0.215,0.0,0.094,0.9148936170212766,0.2978723404255319,0.028,0.6170212765957447,0.0,0.0851063829787234,0.0,68.8,0.0,9.4,21.8,294,294.0,rtt,0.3,0.0,0.3
dapper,variable,112,100.0,1000,20.008070817440398,34.054797671088146,34.79412676903375,34.95854802039493,21.839560881780855,0.0,0.7294955531862296,0.7335512023325411,2375.0,2.375,2375.0,0.261,0.207,0.0,0.095,0.9368421052631579,0.29473684210526313,0.028,0.6421052631578947,0.0,0.06315789473684211,0.0,69.69999999999999,0.0,9.5,20.8,289,289.0,rtt,0.3,0.0,0.3
dapper,variable,113,100.0,1000,20.115452728441152,33.51164099444428,34.78843892853948,34.96829040868747,21.528093180271334,0.0,0.7259673419219218,0.7291333319720592,2125.0,2.125,2125.0,0.251,0.2,0.0,0.085,0.9529411764705882,0.24705882352941178,0.021,0.7058823529411765,0.0,0.047058823529411764,0.0,71.1,0.0,8.5,20.4,263,263.0,rtt,0.3,0.0,0.3
dapper,variable,114,100.0,1000,18.043694783821717,33.314377927995,34.58689420600469,34.99588156157893,19.386190236186362,0.0,0.7222871844378206,0.7252916879496281,1700.0,1.7,1700.0,0.341,0.272,0.0,0.068,0.9117647058823529,0.3088235294117647,0.021,0.6029411764705882,0.0,0.08823529411764706,0.0,65.2,0.0,6.800000000000001,28.000000000000004,311,311.0,rtt,0.3,0.0,0.3
dapper,variable,115,100.0,1000,19.89813934843945,33.27869552553213,34.626745067103904,34.87718954629805,21.898717207446516,0.0,0.7222760469188879,0.727129138977353,2150.0,2.15,2150.0,0.245,0.201,0.0,0.086,0.8604651162790697,0.3488372093023256,0.03,0.5116279069767442,0.0,0.13953488372093023,0.0,70.8,0.0,8.6,20.599999999999998,284,284.0,rtt,0.3,0.0,0.3
dapper,variable,116,100.0,1000,19.423854851260984,33.96505188603071,34.76841725790863,34.94714462527301,20.697837222843773,0.0,0.7274585961624062,0.7307600344991473,2150.0,2.15,2150.0,0.301,0.24,0.0,0.086,0.9302325581395349,0.22093023255813954,0.019,0.7093023255813954,0.0,0.06976744186046512,0.0,67.0,0.0,8.6,24.4,303,303.0,rtt,0.3,0.0,0.3
dapper,variable,117,100.0,1000,21.341337054374126,34.09026229114839,34.80942052512287,34.990866631104254,22.39998911490116,0.0,0.7235545891403206,0.7262945214909705,2050.0,2.05,2050.0,0.195,0.159,0.0,0.082,0.926829268292683,0.1951219512195122,0.016,0.7317073170731707,0.0,0.07317073170731707,0.0,75.5,0.0,8.200000000000001,16.3,234,234.0,rtt,0.3,0.0,0.3
dapper,variable,118,100.0,1000,20.36686931140016,33.48569193447561,34.34933137003848,34.868091607089696,22.89273254880221,0.0,0.7253967613961595,0.7312602095190472,3125.0,3.125,3125.0,0.229,0.183,0.0,0.125,0.92,0.296,0.037,0.624,0.0,0.08,0.0,69.1,0.0,12.5,18.4,307,307.0,rtt,0.3,0.0,0.3
dapper,variable,119,100.0,1000,20.00695374972944,33.63450871256817,34.57959716197339,34.95830062764239,21.623224172218634,0.0,0.72467599730866,0.7289631226495054,2275.0,2.275,2275.0,0.263,0.209,0.0,0.091,0.945054945054945,0.27472527472527475,0.025,0.6703296703296703,0.0,0.054945054945054944,0.0,69.8,0.0,9.1,21.099999999999998,278,278.0,rtt,0.3,0.0,0.3
dapper,variable,120,100.0,1000,20.699111693785724,33.96526001626422,34.71258654891299,34.99491157025027,22.433669882785516,0.0,0.7230115732624145,0.727219966156883,2550.0,2.55,2550.0,0.22,0.175,0.0,0.102,0.9509803921568627,0.2549019607843137,0.026,0.696078431372549,0.0,0.049019607843137254,0.0,72.3,0.0,10.2,17.5,272,272.0,rtt,0.3,0.0,0.3
dapper,variable,121,100.0,1000,19.894872629239387,33.787801895819854,34.80089032279628,34.994688323129196,22.59122680176728,0.0,0.7231337051705565,0.7303021384237613,3075.0,3.075,3075.0,0.259,0.204,0.0,0.123,0.959349593495935,0.3333333333333333,0.041,0.6260162601626016,0.0,0.04065040650406504,0.0,66.9,0.0,12.3,20.8,293,293.0,rtt,0.3,0.0,0.3
dapper,variable,122,100.0,1000,20.156692601950134,33.66024019530863,34.631522901173106,34.97317679379236,22.297625763321538,0.0,0.7275149354925786,0.7326364714816324,2175.0,2.175,2175.0,0.241,0.192,0.0,0.087,0.9195402298850575,0.367816091954023,0.032,0.5517241379310345,0.0,0.08045977011494253,0.0,71.89999999999999,0.0,8.7,19.400000000000002,258,258.0,rtt,0.3,0.0,0.3
dapper,variable,123,100.0,1000,19.9700025557772,33.74857653344912,34.79494063069068,34.9960844952581,21.30486307304979,0.0,0.7295336400482126,0.733290410579553,1950.0,1.95,1950.0,0.269,0.213,0.0,0.078,0.9358974358974359,0.2692307692307692,0.021,0.6666666666666666,0.0,0.0641025641025641,0.0,70.5,0.0,7.8,21.7,268,268.0,rtt,0.3,0.0,0.3
dapper,variable,124,100.0,1000,20.949710233913,33.61582768332837,34.67732058291188,34.996246009129095,22.546836109182163,0.0,0.7239658429077314,0.7278393911027823,2325.0,2.325,2325.0,0.205,0.165,0.0,0.093,0.8602150537634409,0.25806451612903225,0.024,0.6021505376344086,0.0,0.13978494623655913,0.0,74.0,0.0,9.3,16.7,236,236.0,rtt,0.3,0.0,0.3
dapper,variable,125,100.0,1000,19.865581426784633,33.49190490358524,34.745991804463934,34.94952031560075,21.640191919435907,0.0,0.7249772180601104,0.7290680859897565,2375.0,2.375,2375.0,0.261,0.208,0.0,0.095,0.9473684210526315,0.28421052631578947,0.027,0.6631578947368421,0.0,0.05263157894736842,0.0,69.69999999999999,0.0,9.5,20.8,288,288.0,rtt,0.3,0.0,0.3
dapper,variable,126,100.0,1000,20.279556196890102,33.74230555256358,34.720173914570076,34.997585709381326,22.054558308386977,0.0,0.7303976157948715,0.7348232734833814,2050.0,2.05,2050.0,0.249,0.2,0.0,0.082,0.9512195121951219,0.34146341463414637,0.028,0.6097560975609756,0.0,0.04878048780487805,0.0,71.6,0.0,8.200000000000001,20.200000000000003,262,262.0,rtt,0.3,0.0,0.3
dapper,variable,127,100.0,1000,19.895648702693556,33.92386788918592,34.70618338050205,34.9805264786951,21.26169711786869,0.0,0.726156938206613,0.729957196637213,1875.0,1.875,1875.0,0.275,0.215,0.0,0.075,0.9733333333333334,0.26666666666666666,0.02,0.7066666666666667,0.0,0.02666666666666667,0.0,70.8,0.0,7.5,21.7,243,243.0,rtt,0.3,0.0,0.3
dapper,variable,128,100.0,1000,18.341378951764174,33.559955877204736,34.6934715473512,34.96530254190218,19.574250898731407,0.0,0.7273892432502975,0.7299324629152857,1650.0,1.65,1650.0,0.336,0.269,0.0,0.066,0.9242424242424242,0.2727272727272727,0.018,0.6515151515151515,0.0,0.07575757575757576,0.0,66.2,0.0,6.6000000000000005,27.200000000000003,282,282.0,rtt,0.3,0.0,0.3
dapper,variable,129,100.0,1000,20.277109317901544,33.91049053081545,34.77333674805944,34.967648156933706,21.71426602384314,0.0,0.7219684115276944,0.7257732256329407,1900.0,1.9,1900.0,0.258,0.206,0.0,0.076,0.9342105263157895,0.3026315789473684,0.023,0.631578947368421,0.0,0.06578947368421052,0.0,71.8,0.0,7.6,20.599999999999998,255,255.0,rtt,0.3,0.0,0.3
dapper,stable,100,100.0,1000,89.61389418845421,133.0041796290214,134.56271855103515,134.823013220076,90.8351483367839,0.393,0.7897243401722552,0.5123658397378615,21350.0,21.35,21350.0,0.393,0.0,0.0,0.854,0.9918032786885246,0.4953161592505855,0.423,0.4964871194379391,0.0,0.00819672131147541,0.0,14.6,79.7,5.7,0.0,319,319.0,compute,0.0,-0.3,-0.3
dapper,stable,101,100.0,1000,88.5895890468888,132.24349105849683,134.4452727996939,134.9583636330832,90.83675771177408,0.373,0.792010221360862,0.5312990156266787,21700.0,21.7,21700.0,0.373,0.0,0.0,0.868,0.9896313364055299,0.5288018433179723,0.459,0.4608294930875576,0.0,0.010368663594470046,0.0,13.200000000000001,79.7,7.1,0.0,305,305.0,compute,0.0,-0.3,-0.3
dapper,stable,102,100.0,1000,86.03716667748945,131.3983815204245,134.0574045341071,134.85872690967577,87.96272600212592,0.361,0.7952300094582809,0.5410823007966457,20900.0,20.9,20900.0,0.361,0.0,0.0,0.836,0.992822966507177,0.5263157894736842,0.44,0.4665071770334928,0.0,0.007177033492822967,0.0,16.400000000000002,77.0,6.6000000000000005,0.0,350,350.0,compute,0.0,-0.3,-0.3
dapper,stable,103,100.0,1000,89.03147596126917,132.2950518592733,134.38010802333372,134.99802137082617,90.27270389164384,0.369,0.7955088764386503,0.5360279852619524,21525.0,21.525,21525.0,0.369,0.0,0.0,0.861,0.9883855981416957,0.5342624854819977,0.46,0.454123112659698,0.0,0.011614401858304297,0.0,13.900000000000002,81.0,5.1,0.0,293,293.0,compute,0.0,-0.3,-0.3
dapper,stable,104,100.0,1000,93.26722280057723,132.20712076752753,134.4536034772299,134.96157453832586,94.23734394472302,0.432,0.7878564152651435,0.4802318399386357,21900.0,21.9,21900.0,0.432,0.0,0.0,0.876,0.9920091324200914,0.4794520547945205,0.42,0.5125570776255708,0.0,0.007990867579908675,0.0,12.4,83.7,3.9,0.0,277,277.0,compute,0.0,-0.3,-0.3
dapper,stable,105,100.0,1000,88.31114724477648,132.39394084773272,134.13291425218375,134.93218081177963,90.29710330911793,0.387,0.7913160640001163,0.5190271968554546,21250.0,21.25,21250.0,0.387,0.0,0.0,0.85,0.9905882352941177,0.5105882352941177,0.434,0.48,0.0,0.009411764705882352,0.0,15.0,79.10000000000001,5.8999999999999995,0.0,317,317.0,compute,0.0,-0.3,-0.3
dapper,stable,106,100.0,1000,88.49904692662709,131.63402995505305,134.09075338933704,134.90175616213577,90.49637342008329,0.378,0.7913244825196833,0.5271489804053299,21425.0,21.425,21425.0,0.378,0.0,0.0,0.857,0.9918319719953326,0.5227537922987164,0.448,0.4690781796966161,0.0,0.008168028004667444,0.0,14.299999999999999,79.5,6.2,0.0,309,309.0,compute,0.0,-0.3,-0.3
dapper,stable,107,100.0,1000,89.73932576439707,132.05747795403735,134.23589343272505,134.8926134270251,91.78035374456519,0.384,0.7939297423982107,0.5246915201657864,22025.0,22.025,22025.0,0.384,0.0,0.0,0.881,0.9886492622020431,0.5187287173666288,0.457,0.4699205448354143,0.0,0.011350737797956867,0.0,11.899999999999999,80.9,7.199999999999999,0.0,276,276.0,compute,0.0,-0.3,-0.3
dapper,stable,108,100.0,1000,89.50159218923055,132.42496327084277,134.69715464455751,134.93697449276556,91.52467360201943,0.396,0.7923588695142815,0.5129410035095111,21500.0,21.5,21500.0,0.396,0.0,0.0,0.86,0.9872093023255814,0.5023255813953489,0.432,0.4848837209302326,0.0,0.012790697674418604,0.0,14.000000000000002,79.7,6.3,0.0,296,296.0,compute,0.0,-0.3,-0.3
dapper,stable,109,100.0,1000,89.49723603068094,132.91877000945033,134.587185722026,134.94284900848464,91.73790445445114,0.402,0.7850232866992389,0.5049477052775965,21775.0,21.775,21775.0,0.402,0.0,0.0,0.871,0.9850746268656716,0.4845005740528129,0.422,0.5005740528128588,0.0,0.014925373134328358,0.0,12.9,78.8,8.3,0.0,299,299.0,compute,0.0,-0.3,-0.3
dapper,stable,110,100.0,1000,87.22175457189643,132.27081320050894,134.5232798405822,134.99011804008188,89.14725260956926,0.375,0.7889319058828294,0.526087766568593,21400.0,21.4,21400.0,0.375,0.0,0.0,0.856,0.985981308411215,0.5035046728971962,0.431,0.4824766355140187,0.0,0.014018691588785047,0.0,14.399999999999999,77.60000000000001,8.0,0.0,331,331.0,compute,0.0,-0.3,-0.3
dapper,stable,111,100.0,1000,86.00154392857381,132.4271937595461,134.5275425954475,134.9601146620063,87.57932606666301,0.348,0.7942819872610661,0.5500329888992183,20975.0,20.975,20975.0,0.348,0.0,0.0,0.839,0.9916567342073898,0.5256257449344458,0.441,0.466030989272944,0.0,0.00834326579261025,0.0,16.1,76.4,7.5,0.0,336,336.0,compute,0.0,-0.3,-0.3
dapper,stable,112,100.0,1000,91.30052584570224,132.57179208628727,134.39987694633743,134.9678063714935,92.77443829596598,0.4,0.7903534788008969,0.5087793458757237,21700.0,21.7,21700.0,0.4,0.0,0.0,0.868,0.9919354838709677,0.5103686635944701,0.443,0.4815668202764977,0.0,0.008064516129032258,0.0,13.200000000000001,81.89999999999999,4.9,0.0,275,275.0,compute,0.0,-0.3,-0.3
dapper,stable,113,100.0,1000,90.98501205987525,132.41364592553938,134.7973401444785,134.99387303551586,92.36519737059885,0.418,0.7878006981850743,0.49214451637034323,21600.0,21.6,21600.0,0.418,0.0,0.0,0.864,0.9826388888888888,0.48032407407407407,0.415,0.5023148148148148,0.0,0.017361111111111112,0.0,13.600000000000001,81.2,5.2,0.0,282,282.0,compute,0.0,-0.3,-0.3
dapper,stable,114,100.0,1000,88.86589381591376,131.69497998605752,134.02157091194704,134.9971709860199,90.96645369007317,0.371,0.7923886415466095,0.5330197235537594,21900.0,21.9,21900.0,0.371,0.0,0.0,0.876,0.9908675799086758,0.5308219178082192,0.465,0.4600456621004566,0.0,0.0091324200913242,0.0,12.4,80.4,7.199999999999999,0.0,301,301.0,compute,0.0,-0.3,-0.3
dapper,stable,115,100.0,1000,87.90832667386385,132.04004728242631,134.3411500435224,134.95798079032085,90.54937303752476,0.386,0.7881917473265824,0.5187382451357297,21750.0,21.75,21750.0,0.386,0.0,0.0,0.87,0.9873563218390805,0.5011494252873563,0.436,0.4862068965517241,0.0,0.01264367816091954,0.0,13.0,78.10000000000001,8.9,0.0,296,296.0,compute,0.0,-0.3,-0.3
dapper,stable,116,100.0,1000,87.03648335818113,131.84015177091638,134.44476333731745,134.95476792560578,89.41160753528189,0.352,0.792693480293829,0.5469569707911839,21750.0,21.75,21750.0,0.352,0.0,0.0,0.87,0.9942528735632183,0.5448275862068965,0.474,0.4494252873563218,0.0,0.005747126436781609,0.0,13.0,78.9,8.1,0.0,281,281.0,compute,0.0,-0.3,-0.3
dapper,stable,117,100.0,1000,91.86616122638561,132.7228301911111,134.68857628456198,134.981567394751,93.44396103000348,0.415,0.7894367825242989,0.4964703319049754,21850.0,21.85,21850.0,0.415,0.0,0.0,0.874,0.9862700228832952,0.4897025171624714,0.428,0.4965675057208238,0.0,0.013729977116704805,0.0,12.6,81.89999999999999,5.5,0.0,290,290.0,compute,0.0,-0.3,-0.3
dapper,stable,118,100.0,1000,88.64833087200265,132.64913329290948,134.49570346890656,134.92122437955186,90.40873167600772,0.382,0.792146208969895,0.522377422328886,21475.0,21.475,21475.0,0.382,0.0,0.0,0.859,0.9906868451688009,0.5075669383003493,0.436,0.4831199068684517,0.0,0.009313154831199068,0.0,14.099999999999998,79.10000000000001,6.800000000000001,0.0,293,293.0,compute,0.0,-0.3,-0.3
dapper,stable,119,100.0,1000,88.82385653368665,132.21476733905286,134.5625394343169,134.92356332314793,90.88667209236601,0.371,0.7950497891827574,0.5343069411307365,21925.0,21.925,21925.0,0.371,0.0,0.0,0.877,0.9874572405929305,0.5324971493728621,0.467,0.4549600912200684,0.0,0.012542759407069556,0.0,12.3,80.7,7.000000000000001,0.0,289,289.0,compute,0.0,-0.3,-0.3
dapper,stable,120,100.0,1000,90.64918256933714,131.90103100759495,134.36180942311887,134.96519781982062,91.98665825365492,0.394,0.7918039122774726,0.5134860946800489,21800.0,21.8,21800.0,0.394,0.0,0.0,0.872,0.9839449541284404,0.5103211009174312,0.445,0.4736238532110092,0.0,0.016055045871559634,0.0,12.8,81.89999999999999,5.3,0.0,275,275.0,compute,0.0,-0.3,-0.3
dapper,stable,121,100.0,1000,91.28344608200231,132.60057605835064,134.5924353999405,134.90598819060784,92.9188922896036,0.417,0.7876415611520908,0.49448257008041524,21800.0,21.8,21800.0,0.417,0.0,0.0,0.872,0.9862385321100917,0.48394495412844035,0.422,0.5022935779816514,0.0,0.013761467889908258,0.0,12.8,81.39999999999999,5.800000000000001,0.0,283,283.0,compute,0.0,-0.3,-0.3
dapper,stable,122,100.0,1000,90.44649548479059,132.86358759333226,134.59999459594894,134.86802026151534,92.17141862411917,0.389,0.7944348695784024,0.5192037571618967,21950.0,21.95,21950.0,0.389,0.0,0.0,0.878,0.9886104783599089,0.5148063781321185,0.452,0.47380410022779046,0.0,0.011389521640091117,0.0,12.2,81.5,6.3,0.0,260,260.0,compute,0.0,-0.3,-0.3
dapper,stable,123,100.0,1000,92.40783487466102,132.98467781418026,134.59949651884716,134.90743937957424,93.94158095400978,0.423,0.7890838538417604,0.4896075158710055,22225.0,22.225,22225.0,0.423,0.0,0.0,0.889,0.9820022497187851,0.4769403824521935,0.424,0.5050618672665916,0.0,0.01799775028121485,0.0,11.1,82.3,6.6000000000000005,0.0,260,260.0,compute,0.0,-0.3,-0.3
dapper,stable,124,100.0,1000,89.42606774822791,131.92768906183053,134.47501109610644,134.95256595801936,90.91262361795971,0.401,0.7903606139678402,0.5077517670725632,21000.0,21.0,21000.0,0.401,0.0,0.0,0.84,0.9928571428571429,0.49642857142857144,0.417,0.49642857142857144,0.0,0.007142857142857143,0.0,16.0,79.60000000000001,4.3999999999999995,0.0,327,327.0,compute,0.0,-0.3,-0.3
dapper,stable,125,100.0,1000,89.41561558845541,132.61501650321253,134.42069143302444,134.9562050929862,90.95924995915813,0.37,0.7956235049434734,0.5337133273906058,21650.0,21.65,21650.0,0.37,0.0,0.0,0.866,0.9919168591224018,0.5323325635103926,0.461,0.45958429561200925,0.0,0.008083140877598153,0.0,13.4,80.7,5.8999999999999995,0.0,291,291.0,compute,0.0,-0.3,-0.3
dapper,stable,126,100.0,1000,86.56715793313002,131.68245288205134,134.15185028535774,134.98386729662576,88.73462186444965,0.356,0.7954014074877891,0.5460031062328344,21175.0,21.175,21175.0,0.356,0.0,0.0,0.847,0.9881936245572609,0.5419126328217237,0.459,0.4462809917355372,0.0,0.011806375442739079,0.0,15.299999999999999,78.10000000000001,6.6000000000000005,0.0,303,303.0,compute,0.0,-0.3,-0.3
dapper,stable,127,100.0,1000,87.76786271121995,132.4274156959409,134.44847699136565,134.83194059062015,90.60743225703345,0.363,0.7903650384227073,0.5383221552035938,22125.0,22.125,22125.0,0.363,0.0,0.0,0.885,0.9909604519774011,0.5276836158192091,0.467,0.4632768361581921,0.0,0.00903954802259887,0.0,11.5,78.60000000000001,9.9,0.0,291,291.0,compute,0.0,-0.3,-0.3
dapper,stable,128,100.0,1000,90.04936195657412,132.4308602981205,134.35605323116098,134.86981267589454,90.78915395815325,0.372,0.7968365246652607,0.5323658624599309,21425.0,21.425,21425.0,0.372,0.0,0.0,0.857,0.9836639439906651,0.5309218203033839,0.455,0.45274212368728123,0.0,0.01633605600933489,0.0,14.299999999999999,81.5,4.2,0.0,283,283.0,compute,0.0,-0.3,-0.3
dapper,stable,129,100.0,1000,89.15974741785851,132.02455115304343,134.6776027293218,134.98559340462594,91.66515225042612,0.386,0.7894997174581816,0.5205488942039855,21825.0,21.825,21825.0,0.386,0.0,0.0,0.873,0.9896907216494846,0.5131729667812142,0.448,0.4765177548682703,0.0,0.010309278350515464,0.0,12.7,79.60000000000001,7.7,0.0,296,296.0,compute,0.0,-0.3,-0.3
dapper,congested,100,100.0,1000,24.824557271985057,33.928407620489025,34.77556075006328,34.97404020175507,24.824557271985057,0.0,0.7231225654703062,0.7231225654703062,100.0,0.1,100.0,0.004,0.004,0.0,0.004,1.0,0.0,0.0,1.0,0.0,0.0,0.0,99.2,0.0,0.4,0.4,14,14.0,compute,0.0,-0.3,-0.3
dapper,congested,101,100.0,1000,25.026673523971784,34.03466107987438,34.84243479054015,34.99327875607795,25.026673523971784,0.0,0.7239603822715144,0.7239603822715144,125.0,0.125,125.0,0.007,0.007,0.0,0.005,1.0,0.0,0.0,1.0,0.0,0.0,0.0,98.8,0.0,0.5,0.7000000000000001,22,22.0,compute,0.0,-0.3,-0.3
dapper,congested,102,100.0,1000,24.829712790777762,33.96479457393766,34.69588731781126,34.989536221406055,24.829712790777762,0.0,0.7270052366898776,0.7270052366898776,125.0,0.125,125.0,0.008,0.008,0.0,0.005,0.8,0.0,0.0,0.8,0.0,0.2,0.0,98.7,0.0,0.5,0.8,22,22.0,compute,0.0,-0.3,-0.3
dapper,congested,103,100.0,1000,24.892785643695664,34.09454856492267,34.78542999553827,34.985893217625524,24.892785643695664,0.0,0.7249187188165734,0.7249187188165734,75.0,0.075,75.0,0.006,0.006,0.0,0.003,0.6666666666666666,0.0,0.0,0.6666666666666666,0.0,0.3333333333333333,0.0,99.1,0.0,0.3,0.6,17,17.0,compute,0.0,-0.3,-0.3
dapper,congested,104,100.0,1000,24.77796847513708,33.81394766067372,34.81048977789511,34.94578824107255,24.77796847513708,0.0,0.7272547943451833,0.7272547943451833,175.0,0.175,175.0,0.008,0.008,0.0,0.007,1.0,0.0,0.0,1.0,0.0,0.0,0.0,98.5,0.0,0.7000000000000001,0.8,26,26.0,compute,0.0,-0.3,-0.3
dapper,congested,105,100.0,1000,24.677162661323955,34.007432758127685,34.86009343610894,34.98145078352877,24.677162661323955,0.0,0.7241646482306923,0.7241646482306923,175.0,0.175,175.0,0.008,0.008,0.0,0.007,1.0,0.0,0.0,1.0,0.0,0.0,0.0,98.5,0.0,0.7000000000000001,0.8,24,24.0,compute,0.0,-0.3,-0.3
dapper,congested,106,100.0,1000,24.772684967250918,33.98450796903268,34.753821099438774,34.98979405154197,24.772684967250918,0.0,0.7262080408789683,0.7262080408789683,100.0,0.1,100.0,0.007,0.007,0.0,0.004,1.0,0.0,0.0,1.0,0.0,0.0,0.0,98.9,0.0,0.4,0.7000000000000001,16,16.0,compute,0.0,-0.3,-0.3
dapper,congested,107,100.0,1000,24.763848167260303,33.88426057014752,34.77470672268729,34.998762184541775,24.763848167260303,0.0,0.7257346306649486,0.7257346306649486,100.0,0.1,100.0,0.005,0.005,0.0,0.004,0.75,0.0,0.0,0.75,0.0,0.25,0.0,99.1,0.0,0.4,0.5,14,14.0,compute,0.0,-0.3,-0.3
dapper,congested,108,100.0,1000,24.953177155047733,33.943119032195405,34.814499351033405,34.99655745974279,24.953177155047733,0.0,0.7244295155267036,0.7244295155267036,225.0,0.225,225.0,0.008,0.008,0.0,0.009,0.7777777777777778,0.0,0.0,0.7777777777777778,0.0,0.2222222222222222,0.0,98.3,0.0,0.8999999999999999,0.8,24,24.0,compute,0.0,-0.3,-0.3
dapper,congested,109,100.0,1000,24.847059358357548,33.93181537323021,34.785030538309286,34.98925809716232,24.847059358357548,0.0,0.7234323551786083,0.7234323551786083,75.0,0.075,75.0,0.007,0.007,0.0,0.003,1.0,0.0,0.0,1.0,0.0,0.0,0.0,99.0,0.0,0.3,0.7000000000000001,16,16.0,compute,0.0,-0.3,-0.3
dapper,congested,110,100.0,1000,24.70223165713215,33.71973175922034,34.60151524624712,34.90888622322395,24.70223165713215,0.0,0.7246938266396346,0.7246938266396346,225.0,0.225,225.0,0.005,0.005,0.0,0.009,0.8888888888888888,0.0,0.0,0.8888888888888888,0.0,0.1111111111111111,0.0,98.6,0.0,0.8999999999999999,0.5,20,20.0,compute,0.0,-0.3,-0.3
dapper,congested,111,100.0,1000,24.94253826558974,33.995133250212476,34.74455155405684,34.96241421096305,24.94253826558974,0.0,0.7254545302713125,0.7254545302713125,150.0,0.15,150.0,0.008,0.008,0.0,0.006,1.0,0.0,0.0,1.0,0.0,0.0,0.0,98.6,0.0,0.6,0.8,20,20.0,compute,0.0,-0.3,-0.3
dapper,congested,112,100.0,1000,24.86963877249279,33.90095224371657,34.76580213455383,34.985906989642146,24.86963877249279,0.0,0.7266076329631779,0.7266076329631779,100.0,0.1,100.0,0.013,0.013,0.0,0.004,1.0,0.0,0.0,1.0,0.0,0.0,0.0,98.3,0.0,0.4,1.3,26,26.0,compute,0.0,-0.3,-0.3
dapper,congested,113,100.0,1000,24.72292431672843,33.938019364553725,34.77247181035648,34.98424994294581,24.72292431672843,0.0,0.7265134749764945,0.7265134749764945,275.0,0.275,275.0,0.007,0.007,0.0,0.011,1.0,0.0,0.0,1.0,0.0,0.0,0.0,98.2,0.0,1.0999999999999999,0.7000000000000001,26,26.0,compute,0.0,-0.3,-0.3
dapper,congested,114,100.0,1000,24.915906991902833,33.99518413696301,34.87476614646897,34.96282987218834,24.915906991902833,0.0,0.7286233928366593,0.7286233928366593,100.0,0.1,100.0,0.008,0.008,0.0,0.004,1.0,0.0,0.0,1.0,0.0,0.0,0.0,98.8,0.0,0.4,0.8,18,18.0,compute,0.0,-0.3,-0.3
dapper,congested,115,100.0,1000,25.085740611498316,34.01033183391731,34.751795785617006,34.96593743598228,25.085740611498316,0.0,0.722824442674691,0.722824442674691,125.0,0.125,125.0,0.006,0.006,0.0,0.005,0.8,0.0,0.0,0.8,0.0,0.2,0.0,98.9,0.0,0.5,0.6,14,14.0,compute,0.0,-0.3,-0.3
dapper,congested,116,100.0,1000,25.324934204252145,33.95730249293956,34.77240430108412,34.9771698353159,25.324934204252145,0.0,0.7260315559209485,0.7260315559209485,300.0,0.3,300.0,0.008,0.008,0.0,0.012,0.9166666666666666,0.0,0.0,0.9166666666666666,0.0,0.08333333333333333,0.0,98.0,0.0,1.2,0.8,38,38.0,compute,0.0,-0.3,-0.3
dapper,congested,117,100.0,1000,24.38620885543388,33.706919736517364,34.66361864084976,34.994340946660934,24.38620885543388,0.0,0.7253330615138619,0.7253330615138619,125.0,0.125,125.0,0.008,0.008,0.0,0.005,1.0,0.0,0.0,1.0,0.0,0.0,0.0,98.7,0.0,0.5,0.8,26,26.0,compute,0.0,-0.3,-0.3
dapper,congested,118,100.0,1000,25.01023416650803,34.01490807545646,34.75940662114508,34.968506891824205,25.01023416650803,0.0,0.7268033495517163,0.7268033495517163,175.0,0.175,175.0,0.007,0.007,0.0,0.007,0.7142857142857143,0.0,0.0,0.7142857142857143,0.0,0.2857142857142857,0.0,98.6,0.0,0.7000000000000001,0.7000000000000001,20,20.0,compute,0.0,-0.3,-0.3
dapper,congested,119,100.0,1000,25.237974362405513,33.930297923071485,34.79939395844596,34.97944595589328,25.237974362405513,0.0,0.7235998627315303,0.7235998627315303,175.0,0.175,175.0,0.005,0.005,0.0,0.007,1.0,0.0,0.0,1.0,0.0,0.0,0.0,98.8,0.0,0.7000000000000001,0.5,22,22.0,compute,0.0,-0.3,-0.3
dapper,congested,120,100.0,1000,24.770729236686982,33.99634834863332,34.78821886321599,34.985958566309606,24.770729236686982,0.0,0.724149083598059,0.724149083598059,200.0,0.2,200.0,0.008,0.008,0.0,0.008,1.0,0.0,0.0,1.0,0.0,0.0,0.0,98.4,0.0,0.8,0.8,30,30.0,compute,0.0,-0.3,-0.3
dapper,congested,121,100.0,1000,24.670024513531853,33.750343569648706,34.75280697328194,34.996277370025744,24.670024513531853,0.0,0.7242193034879331,0.7242193034879331,50.0,0.05,50.0,0.006,0.006,0.0,0.002,1.0,0.0,0.0,1.0,0.0,0.0,0.0,99.2,0.0,0.2,0.6,12,12.0,compute,0.0,-0.3,-0.3
dapper,congested,122,100.0,1000,24.53787182490916,33.83751458842038,34.770700984913006,34.91653465760954,24.53787182490916,0.0,0.726925307989091,0.726925307989091,175.0,0.175,175.0,0.013,0.013,0.0,0.007,0.8571428571428571,0.0,0.0,0.8571428571428571,0.0,0.14285714285714285,0.0,98.0,0.0,0.7000000000000001,1.3,24,24.0,compute,0.0,-0.3,-0.3
dapper,congested,123,100.0,1000,24.972968667791022,34.0068905091913,34.771507219222585,34.98883073588995,24.972968667791022,0.0,0.7231981737549722,0.7231981737549722,75.0,0.075,75.0,0.002,0.002,0.0,0.003,1.0,0.0,0.0,1.0,0.0,0.0,0.0,99.5,0.0,0.3,0.2,10,10.0,compute,0.0,-0.3,-0.3
dapper,congested,124,100.0,1000,24.68398444976012,33.74309287533703,34.66363593071505,34.94326242767353,24.68398444976012,0.0,0.7246698111318651,0.7246698111318651,175.0,0.175,175.0,0.006,0.006,0.0,0.007,1.0,0.0,0.0,1.0,0.0,0.0,0.0,98.7,0.0,0.7000000000000001,0.6,24,24.0,compute,0.0,-0.3,-0.3
dapper,congested,125,100.0,1000,24.725669553063664,34.05786747219948,34.83418763630404,34.99974319601896,24.725669553063664,0.0,0.7228975062228786,0.7228975062228786,475.0,0.475,475.0,0.012,0.012,0.0,0.019,1.0,0.0,0.0,1.0,0.0,0.0,0.0,96.89999999999999,0.0,1.9,1.2,48,48.0,compute,0.0,-0.3,-0.3
dapper,congested,126,100.0,1000,24.961010734873252,33.97988585528562,34.774114294105054,34.99086328598782,24.961010734873252,0.0,0.7258907807888281,0.7258907807888281,50.0,0.05,50.0,0.002,0.002,0.0,0.002,0.5,0.0,0.0,0.5,0.0,0.5,0.0,99.6,0.0,0.2,0.2,8,8.0,compute,0.0,-0.3,-0.3
dapper,congested,127,100.0,1000,24.79915459305446,33.97839515917549,34.71031183612322,34.99801668883106,24.79915459305446,0.0,0.7241769809830646,0.7241769809830646,125.0,0.125,125.0,0.01,0.01,0.0,0.005,0.8,0.0,0.0,0.8,0.0,0.2,0.0,98.5,0.0,0.5,1.0,24,24.0,compute,0.0,-0.3,-0.3
dapper,congested,128,100.0,1000,24.671514882986425,34.08647701991846,34.783499539553866,34.99302751306131,24.671514882986425,0.0,0.72324842617587,0.72324842617587,75.0,0.075,75.0,0.008,0.008,0.0,0.003,1.0,0.0,0.0,1.0,0.0,0.0,0.0,98.9,0.0,0.3,0.8,18,18.0,compute,0.0,-0.3,-0.3
dapper,congested,129,100.0,1000,24.599702966215787,33.90591045177916,34.77957296022762,34.981958638619645,24.599702966215787,0.0,0.7227863941222297,0.7227863941222297,75.0,0.075,75.0,0.013,0.013,0.0,0.003,1.0,0.0,0.0,1.0,0.0,0.0,0.0,98.4,0.0,0.3,1.3,24,24.0,compute,0.0,-0.3,-0.3
dapper,variable,100,100.0,1000,21.66431733457339,34.169460887107086,116.4979000377759,134.25033210176449,23.174681708853075,0.012,0.7277983968019693,0.7225168913704443,8750.0,8.75,8750.0,0.296,0.216,0.0,0.35,0.92,0.09428571428571429,0.033,0.8257142857142857,0.0,0.08,0.0,43.4,2.3,32.7,21.6,401,401.0,compute,0.0,-0.3,-0.3
dapper,variable,101,100.0,1000,21.294123525454406,34.18311622756727,93.92972440555923,134.40679833545093,23.229644788674126,0.008,0.7287201128488766,0.7275966010747229,10075.0,10.075,10075.0,0.264,0.2,0.0,0.403,0.9454094292803971,0.09429280397022333,0.038,0.8511166253101737,0.0,0.05459057071960298,0.0,39.7,1.7999999999999998,38.5,20.0,388,388.0,compute,0.0,-0.3,-0.3
dapper,variable,102,100.0,1000,23.73871861934774,34.43201469544529,118.41483696412976,134.53744501392026,25.85018827202417,0.013,0.7269410921013479,0.7231543681691844,10125.0,10.125,10125.0,0.18,0.131,0.0,0.405,0.8987654320987655,0.1037037037037037,0.042,0.7950617283950617,0.0,0.10123456790123457,0.0,46.400000000000006,2.4,38.1,13.100000000000001,359,359.0,compute,0.0,-0.3,-0.3
dapper,variable,103,100.0,1000,20.398762386807334,33.846354408377074,79.37308561823444,126.69785341905384,22.036858533775952,0.005,0.7272174289458926,0.728033437084798,9700.0,9.7,9700.0,0.32,0.239,0.0,0.388,0.9252577319587629,0.07731958762886598,0.03,0.8479381443298969,0.0,0.07474226804123711,0.0,37.3,1.0999999999999999,37.7,23.9,416,416.0,compute,0.0,-0.3,-0.3
dapper,variable,104,100.0,1000,22.96117912184727,34.113299020469114,94.35161003468123,134.420349423909,25.092865601095358,0.009,0.7287678460104176,0.7270399449878594,9825.0,9.825,9825.0,0.196,0.143,0.0,0.393,0.9338422391857506,0.10178117048346055,0.04,0.8320610687022901,0.0,0.06615776081424936,0.0,46.400000000000006,1.7999999999999998,37.5,14.299999999999999,389,389.0,compute,0.0,-0.3,-0.3
dapper,variable,105,100.0,1000,21.412517775660636,33.7973070767854,79.11831254617113,134.71200673593256,24.076413958481,0.007,0.726865198276313,0.7281979124258332,9750.0,9.75,9750.0,0.245,0.184,0.0,0.39,0.9461538461538461,0.11025641025641025,0.043,0.8358974358974359,0.0,0.05384615384615385,0.0,42.6,1.2,37.8,18.4,382,382.0,compute,0.0,-0.3,-0.3
dapper,variable,106,100.0,1000,23.770122372197676,34.26757360095421,118.95842288119715,134.06978803626464,25.624641121315243,0.014,0.7275945028255671,0.722071202007633,9875.0,9.875,9875.0,0.189,0.136,0.0,0.395,0.9443037974683545,0.10126582278481013,0.04,0.8430379746835444,0.0,0.05569620253164557,0.0,46.9,2.7,36.8,13.600000000000001,394,394.0,compute,0.0,-0.3,-0.3
dapper,variable,107,100.0,1000,20.679462077866454,33.77299885233361,34.94220909582765,133.71376694698571,22.69094827884266,0.004,0.7248836462070567,0.7265606087536602,8725.0,8.725,8725.0,0.265,0.201,0.0,0.349,0.9169054441260746,0.09455587392550144,0.033,0.8223495702005731,0.0,0.0830945558739255,0.0,45.0,0.8,34.1,20.1,375,375.0,compute,0.0,-0.3,-0.3
dapper,variable,108,100.0,1000,22.02916813649848,34.3153124126816,118.06003419572185,132.7563217156347,24.50142897053603,0.012,0.7271092924053352,0.7246162918636447,10125.0,10.125,10125.0,0.272,0.196,0.0,0.405,0.9308641975308642,0.1037037037037037,0.042,0.8271604938271605,0.0,0.0691358024691358,0.0,39.900000000000006,1.7999999999999998,38.7,19.6,415,415.0,compute,0.0,-0.3,-0.3
dapper,variable,109,100.0,1000,21.8304666834494,33.843662580699714,34.872228883619194,134.80995428982567,23.560011675214664,0.005,0.7241657631314499,0.7244254918791516,9775.0,9.775,9775.0,0.208,0.156,0.0,0.391,0.9309462915601023,0.06905370843989769,0.027,0.8618925831202046,0.0,0.06905370843989769,0.0,45.300000000000004,0.7000000000000001,38.4,15.6,404,404.0,compute,0.0,-0.3,-0.3
dapper,variable,110,100.0,1000,21.747811606747934,34.06753181872177,34.96641794472415,133.25902122041327,23.35841796982215,0.005,0.7260093133338248,0.7259182137441954,9600.0,9.6,9600.0,0.231,0.171,0.0,0.384,0.9348958333333334,0.07291666666666667,0.028,0.8619791666666666,0.0,0.06510416666666667,0.0,44.5,0.8999999999999999,37.5,17.1,375,375.0,compute,0.0,-0.3,-0.3
dapper,variable,111,100.0,1000,22.633843522031363,34.34894459393124,97.65697983251567,129.19058198243567,24.898246545335653,0.01,0.7270915893483718,0.7247621277724625,9825.0,9.825,9825.0,0.226,0.166,0.0,0.393,0.9338422391857506,0.10432569974554708,0.041,0.8295165394402035,0.0,0.06615776081424936,0.0,44.1,1.7999999999999998,37.5,16.6,387,387.0,compute,0.0,-0.3,-0.3
dapper,variable,112,100.0,1000,23.056617298710595,34.417428996202716,117.74646317703578,131.28223252970542,25.505407406822588,0.013,0.7302551750932308,0.7263510009152356,9675.0,9.675,9675.0,0.228,0.162,0.0,0.387,0.9354005167958657,0.11886304909560723,0.046,0.8165374677002584,0.0,0.06459948320413436,0.0,45.1,2.4,36.3,16.2,396,396.0,compute,0.0,-0.3,-0.3
dapper,variable,113,100.0,1000,22.60991537426645,34.19870216833848,115.17801719657193,132.7003416371725,23.996912929005916,0.011,0.7270122457610099,0.7221012259110453,9250.0,9.25,9250.0,0.208,0.15,0.0,0.37,0.9351351351351351,0.06486486486486487,0.024,0.8702702702702703,0.0,0.06486486486486487,0.0,48.0,1.5,35.5,15.0,386,386.0,compute,0.0,-0.3,-0.3
dapper,variable,114,100.0,1000,20.649149764068632,33.85132740683547,81.83100997255215,134.23718998612986,22.400824817389942,0.006,0.7232768704602072,0.7230242157918977,8050.0,8.05,8050.000000000001,0.272,0.205,0.0,0.322,0.9254658385093167,0.09937888198757763,0.032,0.8260869565217391,0.0,0.07453416149068323,0.0,47.3,1.3,30.9,20.5,403,403.0,compute,0.0,-0.3,-0.3
dapper,variable,115,100.0,1000,22.451488530033917,33.9346241373842,76.13524133223525,134.5821039863379,25.23418131832528,0.007,0.723813574208011,0.7255486194064547,9525.0,9.525,9525.0,0.183,0.137,0.0,0.381,0.9081364829396326,0.11811023622047244,0.045,0.7900262467191601,0.0,0.09186351706036745,0.0,48.199999999999996,1.2,36.9,13.700000000000001,358,358.0,compute,0.0,-0.3,-0.3
dapper,variable,116,100.0,1000,21.8152791174163,34.29599305283062,76.41582533460462,134.0368266849764,23.339372915523295,0.007,0.7296873080964342,0.7287484663458315,8675.0,8.675,8675.0,0.246,0.185,0.0,0.347,0.9365994236311239,0.07780979827089338,0.027,0.8587896253602305,0.0,0.06340057636887608,0.0,46.800000000000004,1.2,33.5,18.5,398,398.0,compute,0.0,-0.3,-0.3
dapper,variable,117,100.0,1000,24.037528933915965,34.47387959112489,89.68799424193996,133.074985364315,25.24023211368453,0.009,0.7248219169739603,0.7209999079889506,10750.0,10.75,10750.0,0.141,0.1,0.0,0.43,0.9232558139534883,0.053488372093023255,0.023,0.8697674418604651,0.0,0.07674418604651163,0.0,47.0,1.5,41.5,10.0,378,378.0,compute,0.0,-0.3,-0.3
dapper,variable,118,100.0,1000,22.71655592027519,33.809962995676116,115.5521013024608,130.9665648546016,25.8580631905961,0.011,0.7265935070773932,0.7258135232016216,10850.0,10.85,10850.0,0.204,0.149,0.0,0.434,0.9331797235023042,0.11981566820276497,0.052,0.8133640552995391,0.0,0.06682027649769585,0.0,41.699999999999996,1.7999999999999998,41.6,14.899999999999999,413,413.0,compute,0.0,-0.3,-0.3
dapper,variable,119,100.0,1000,21.280021480657226,33.76852124776998,34.740841938218786,133.8015565741153,23.959955843587025,0.002,0.7251207028056024,0.730396641685247,9475.0,9.475,9475.0,0.22,0.166,0.0,0.379,0.9261213720316622,0.10817941952506596,0.041,0.8179419525065963,0.0,0.07387862796833773,0.0,45.5,0.4,37.5,16.6,371,371.0,compute,0.0,-0.3,-0.3
dapper,variable,120,100.0,1000,23.466046754572083,34.3354745730784,123.9766452367713,134.0697020506799,25.94085913072241,0.018,0.7240302164494807,0.7174380886466931,11450.0,11.45,11450.0,0.197,0.134,0.0,0.458,0.9301310043668122,0.08078602620087336,0.037,0.8493449781659389,0.0,0.06986899563318777,0.0,40.8,1.9,43.9,13.4,378,378.0,compute,0.0,-0.3,-0.3
dapper,variable,121,100.0,1000,22.291880827557577,34.25507943824452,91.21066631478116,125.37131383290476,25.381252007194128,0.007,0.7270653957677762,0.7297311311722262,10475.0,10.475,10475.0,0.224,0.168,0.0,0.419,0.9331742243436754,0.13842482100238662,0.058,0.7947494033412887,0.0,0.06682577565632458,0.0,41.3,2.0,39.900000000000006,16.8,387,387.0,compute,0.0,-0.3,-0.3
dapper,variable,122,100.0,1000,22.270533118297273,34.012966701830265,82.78887002201752,133.5850438130093,24.63120819446242,0.004,0.7291039185561303,0.7311061086907769,9925.0,9.925,9925.0,0.201,0.151,0.0,0.397,0.9546599496221663,0.11335012594458438,0.045,0.8413098236775819,0.0,0.04534005037783375,0.0,45.2,1.6,38.1,15.1,382,382.0,compute,0.0,-0.3,-0.3
dapper,variable,123,100.0,1000,21.80267550703228,33.900204729657574,35.40869153050843,125.82639470707635,23.481419503996474,0.003,0.7294646827516502,0.7319189407029395,9375.0,9.375,9375.0,0.218,0.164,0.0,0.375,0.9386666666666666,0.08533333333333333,0.032,0.8533333333333334,0.0,0.06133333333333333,0.0,46.1,1.0,36.5,16.400000000000002,377,377.0,compute,0.0,-0.3,-0.3
dapper,variable,124,100.0,1000,23.511070215731458,34.038124444296265,121.84984141429005,134.48962277535242,25.157847208141575,0.014,0.7254725559426153,0.7193790657342085,11700.0,11.7,11700.0,0.183,0.132,0.0,0.468,0.9145299145299145,0.0641025641025641,0.03,0.8504273504273504,0.0,0.08547008547008547,0.0,40.0,2.0,44.800000000000004,13.200000000000001,405,405.0,compute,0.0,-0.3,-0.3
dapper,variable,125,100.0,1000,22.66953891667216,34.25955152935354,118.28664490568498,134.54230731467146,24.74318483654006,0.011,0.7266149291242118,0.7231743458153046,9925.0,9.925,9925.0,0.233,0.17,0.0,0.397,0.9319899244332494,0.10579345088161209,0.042,0.8261964735516373,0.0,0.06801007556675064,0.0,43.3,2.4,37.3,17.0,389,389.0,compute,0.0,-0.3,-0.3
dapper,variable,126,100.0,1000,22.372444828701532,34.22120191840848,81.58647024014186,134.49396365175937,24.424661430807742,0.007,0.7314313545065281,0.7313741791836403,9550.0,9.55,9550.0,0.217,0.163,0.0,0.382,0.9293193717277487,0.10209424083769633,0.039,0.8272251308900523,0.0,0.07068062827225131,0.0,45.5,1.7000000000000002,36.5,16.3,409,409.0,compute,0.0,-0.3,-0.3
dapper,variable,127,100.0,1000,21.813511676243735,34.251598703018686,88.4213662437814,133.80738055729523,23.664035730343798,0.007,0.7267666972021061,0.7260108121794985,9875.0,9.875,9875.0,0.252,0.187,0.0,0.395,0.9544303797468354,0.08354430379746836,0.033,0.8708860759493671,0.0,0.04556962025316456,0.0,41.8,1.4000000000000001,38.1,18.7,414,414.0,compute,0.0,-0.3,-0.3
dapper,variable,128,100.0,1000,20.274111745080784,33.819807878094885,34.940272125270184,132.6226582148093,22.10420490748735,0.005,0.7264247046679659,0.7266729945458625,8425.0,8.425,8425.0,0.283,0.214,0.0,0.337,0.9228486646884273,0.08605341246290801,0.029,0.8367952522255193,0.0,0.0771513353115727,0.0,44.9,0.8,32.9,21.4,379,379.0,compute,0.0,-0.3,-0.3
dapper,variable,129,100.0,1000,22.300537969345655,34.32616727149363,92.6176606378408,132.83623263437457,23.869597986976792,0.008,0.7227967988202064,0.720947972800467,9275.0,9.275,9275.0,0.235,0.175,0.0,0.371,0.9433962264150944,0.0862533692722372,0.032,0.8571428571428571,0.0,0.05660377358490566,0.0,45.4,1.6,35.5,17.5,375,375.0,compute,0.0,-0.3,-0.3
dapper,stable,100,100.0,1000,26.719099581844805,34.39828720427955,80.37210222215295,133.54773916734587,52.53514833678389,0.01,0.728088333079374,0.7852325395753453,21350.0,21.35,21350.0,0.01,0.0,0.0,0.854,0.9918032786885246,0.4953161592505855,0.423,0.4964871194379391,0.0,0.00819672131147541,0.0,14.6,1.9,83.5,0.0,281,281.0,compute,0.0,-0.2,-0.2
dapper,stable,101,100.0,1000,25.605943674146722,34.182629162379406,72.28819669182539,129.01582437162995,53.73675771177409,0.002,0.7266060257342399,0.7963825910662795,21700.0,21.7,21700.0,0.002,0.0,0.0,0.868,0.9896313364055299,0.5288018433179723,0.459,0.4608294930875576,0.0,0.010368663594470046,0.0,13.200000000000001,1.2,85.6,0.0,252,252.0,compute,0.0,-0.2,-0.2
dapper,stable,102,100.0,1000,26.31627206843323,34.22782280687473,93.52194629615958,134.8053255857045,52.66272600212591,0.008,0.7291251138956436,0.7944007756114873,20900.0,20.9,20900.0,0.008,0.0,0.0,0.836,0.992822966507177,0.5263157894736842,0.44,0.4665071770334928,0.0,0.007177033492822967,0.0,16.400000000000002,1.9,81.69999999999999,0.0,307,307.0,compute,0.0,-0.2,-0.2
dapper,stable,103,100.0,1000,25.905038554815796,34.45896696407439,75.39659958917848,124.26783110723699,53.872703891643845,0.005,0.7249880784577001,0.7955707121627038,21525.0,21.525,21525.0,0.005,0.0,0.0,0.861,0.9883855981416957,0.5342624854819977,0.46,0.454123112659698,0.0,0.011614401858304297,0.0,13.900000000000002,1.2,84.89999999999999,0.0,256,256.0,compute,0.0,-0.2,-0.2
dapper,stable,104,100.0,1000,26.352666600085847,34.287793448690145,93.18847404765832,133.8490904161596,51.93734394472301,0.009,0.7255220529350903,0.7833962496136602,21900.0,21.9,21900.0,0.009,0.0,0.0,0.876,0.9920091324200914,0.4794520547945205,0.42,0.5125570776255708,0.0,0.007990867579908675,0.0,12.4,1.7000000000000002,85.9,0.0,236,236.0,compute,0.0,-0.2,-0.2
dapper,stable,105,100.0,1000,26.174369800403987,34.14893939138403,86.30535196511693,134.93218081177963,52.397103309117924,0.008,0.727534313824475,0.790260789568588,21250.0,21.25,21250.0,0.008,0.0,0.0,0.85,0.9905882352941177,0.5105882352941177,0.434,0.48,0.0,0.009411764705882352,0.0,15.0,1.7000000000000002,83.3,0.0,280,280.0,compute,0.0,-0.2,-0.2
dapper,stable,106,100.0,1000,25.92998363814611,34.09347313095121,97.45807416403898,133.57768475584965,53.49637342008329,0.008,0.7239922399937643,0.7907209532249913,21425.0,21.425,21425.0,0.008,0.0,0.0,0.857,0.9918319719953326,0.5227537922987164,0.448,0.4690781796966161,0.0,0.008168028004667444,0.0,14.299999999999999,1.5,84.2,0.0,277,277.0,compute,0.0,-0.2,-0.2
dapper,stable,107,100.0,1000,26.15413676930844,34.28245768282495,80.90769809273992,134.80106592035594,53.880353744565205,0.005,0.7270272926799694,0.7958050821161258,22025.0,22.025,22025.0,0.005,0.0,0.0,0.881,0.9886492622020431,0.5187287173666288,0.457,0.4699205448354143,0.0,0.011350737797956867,0.0,11.899999999999999,1.9,86.2,0.0,214,214.0,compute,0.0,-0.2,-0.2
dapper,stable,108,100.0,1000,26.380651400104085,34.54393010803056,84.22902541161639,131.9491076449866,52.724673602019436,0.008,0.7263140141136608,0.7911046711059291,21500.0,21.5,21500.0,0.008,0.0,0.0,0.86,0.9872093023255814,0.5023255813953489,0.432,0.4848837209302326,0.0,0.012790697674418604,0.0,14.000000000000002,1.4000000000000001,84.6,0.0,248,248.0,compute,0.0,-0.2,-0.2
dapper,stable,109,100.0,1000,25.970806043500502,34.30014735174535,34.939252683068396,128.41382923423862,51.83790445445115,0.003,0.7236874828420521,0.7887943891630809,21775.0,21.775,21775.0,0.003,0.0,0.0,0.871,0.9850746268656716,0.4845005740528129,0.422,0.5005740528128588,0.0,0.014925373134328358,0.0,12.9,0.8999999999999999,86.2,0.0,243,243.0,compute,0.0,-0.2,-0.2
dapper,stable,110,100.0,1000,25.87643370793404,34.230376363011395,78.08849016301158,127.38939676626518,51.84725260956925,0.002,0.7258398169119425,0.7921916196051368,21400.0,21.4,21400.0,0.002,0.0,0.0,0.856,0.985981308411215,0.5035046728971962,0.431,0.4824766355140187,0.0,0.014018691588785047,0.0,14.399999999999999,1.4000000000000001,84.2,0.0,281,281.0,compute,0.0,-0.2,-0.2
dapper,stable,111,100.0,1000,27.149696635208493,34.40760232960321,94.57830560904297,129.1801946862359,53.67932606666301,0.009,0.7286529178977994,0.7924323696425668,20975.0,20.975,20975.0,0.009,0.0,0.0,0.839,0.9916567342073898,0.5256257449344458,0.441,0.466030989272944,0.0,0.00834326579261025,0.0,16.1,2.1999999999999997,81.69999999999999,0.0,298,298.0,compute,0.0,-0.2,-0.2
dapper,stable,112,100.0,1000,26.979997256094983,34.314881902796174,121.10455237043041,133.0389436914832,53.97443829596598,0.012,0.726551935751155,0.7859212731016505,21700.0,21.7,21700.0,0.012,0.0,0.0,0.868,0.9919354838709677,0.5103686635944701,0.443,0.4815668202764977,0.0,0.008064516129032258,0.0,13.200000000000001,2.4,84.39999999999999,0.0,240,240.0,compute,0.0,-0.2,-0.2
dapper,stable,113,100.0,1000,26.896469203159366,34.63312469149757,97.52611158153049,131.42984004706224,51.36519737059884,0.008,0.7283278615445711,0.7851502128153536,21600.0,21.6,21600.0,0.008,0.0,0.0,0.864,0.9826388888888888,0.48032407407407407,0.415,0.5023148148148148,0.0,0.017361111111111112,0.0,13.600000000000001,2.7,83.7,0.0,277,277.0,compute,0.0,-0.2,-0.2
dapper,stable,114,100.0,1000,26.17462981242853,34.248851483698076,72.91913911362406,133.76602230860658,54.366453690073165,0.005,0.725343449110534,0.7942265306089343,21900.0,21.9,21900.0,0.005,0.0,0.0,0.876,0.9908675799086758,0.5308219178082192,0.465,0.4600456621004566,0.0,0.0091324200913242,0.0,12.4,1.5,86.1,0.0,232,232.0,compute,0.0,-0.2,-0.2
dapper,stable,115,100.0,1000,26.79346006535963,34.48976118236987,97.99036061914957,132.49383712521134,52.749373037524755,0.008,0.7267456182329152,0.7886054381201748,21750.0,21.75,21750.0,0.008,0.0,0.0,0.87,0.9873563218390805,0.5011494252873563,0.436,0.4862068965517241,0.0,0.01264367816091954,0.0,13.0,2.3,84.7,0.0,241,241.0,compute,0.0,-0.2,-0.2
dapper,stable,116,100.0,1000,26.399865098579664,34.46977318101667,84.89104442653517,134.76414577183465,54.711607535281885,0.005,0.7263287376721879,0.7947871926039575,21750.0,21.75,21750.0,0.005,0.0,0.0,0.87,0.9942528735632183,0.5448275862068965,0.474,0.4494252873563218,0.0,0.005747126436781609,0.0,13.0,2.0,85.0,0.0,242,242.0,compute,0.0,-0.2,-0.2
dapper,stable,117,100.0,1000,26.17786573358574,34.26324282148776,86.10124980852697,133.4458000302281,52.74396103000347,0.008,0.7248942241777998,0.7879437013343029,21850.0,21.85,21850.0,0.008,0.0,0.0,0.874,0.9862700228832952,0.4897025171624714,0.428,0.4965675057208238,0.0,0.013729977116704805,0.0,12.6,1.4000000000000001,86.0,0.0,249,249.0,compute,0.0,-0.2,-0.2
dapper,stable,118,100.0,1000,26.75068793991347,34.49548354901053,95.26163780907252,134.70973570720417,53.10873167600773,0.009,0.7303246668412714,0.7896558227153173,21475.0,21.475,21475.0,0.009,0.0,0.0,0.859,0.9906868451688009,0.5075669383003493,0.436,0.4831199068684517,0.0,0.009313154831199068,0.0,14.099999999999998,2.3,83.6,0.0,268,268.0,compute,0.0,-0.2,-0.2
dapper,stable,119,100.0,1000,26.940129908004202,34.523519027549526,118.36970163895276,134.05229792659497,55.18667209236602,0.014,0.7264007618667622,0.7897885619966006,21925.0,21.925,21925.0,0.014,0.0,0.0,0.877,0.9874572405929305,0.5324971493728621,0.467,0.4549600912200684,0.0,0.012542759407069556,0.0,12.3,2.7,85.0,0.0,255,255.0,compute,0.0,-0.2,-0.2
dapper,stable,120,100.0,1000,26.111105394052757,34.22853476565488,89.97793326718804,131.8962540813261,53.086658253654925,0.005,0.7262036384809483,0.7912620161668223,21800.0,21.8,21800.0,0.005,0.0,0.0,0.872,0.9839449541284404,0.5103211009174312,0.445,0.4736238532110092,0.0,0.016055045871559634,0.0,12.8,1.5,85.7,0.0,229,229.0,compute,0.0,-0.2,-0.2
dapper,stable,121,100.0,1000,26.54304263056391,34.38864001957189,121.23432186494256,134.76937562333387,52.31889228960362,0.011,0.7249399449926466,0.7837795441243359,21800.0,21.8,21800.0,0.011,0.0,0.0,0.872,0.9862385321100917,0.48394495412844035,0.422,0.5022935779816514,0.0,0.013761467889908258,0.0,12.8,2.0,85.2,0.0,245,245.0,compute,0.0,-0.2,-0.2
dapper,stable,122,100.0,1000,26.362015582587432,34.32907121254198,91.5644925171241,133.5856677936324,54.07141862411916,0.008,0.7277163639772409,0.7926977559024575,21950.0,21.95,21950.0,0.008,0.0,0.0,0.878,0.9886104783599089,0.5148063781321185,0.452,0.47380410022779046,0.0,0.011389521640091117,0.0,12.2,2.0,85.8,0.0,227,227.0,compute,0.0,-0.2,-0.2
dapper,stable,123,100.0,1000,26.650739442871902,34.33536681861378,89.7728046963658,128.69021179963212,52.34158095400979,0.007,0.7247266248079625,0.7878633882701546,22225.0,22.225,22225.0,0.007,0.0,0.0,0.889,0.9820022497187851,0.4769403824521935,0.424,0.5050618672665916,0.0,0.01799775028121485,0.0,11.1,1.7000000000000002,87.2,0.0,213,213.0,compute,0.0,-0.2,-0.2
dapper,stable,124,100.0,1000,25.883867280312625,34.27354547041595,78.75278039472948,130.25515893661745,51.012623617959704,0.002,0.728758032098567,0.7928018260081001,21000.0,21.0,21000.0,0.002,0.0,0.0,0.84,0.9928571428571429,0.49642857142857144,0.417,0.49642857142857144,0.0,0.007142857142857143,0.0,16.0,1.3,82.69999999999999,0.0,297,297.0,compute,0.0,-0.2,-0.2
dapper,stable,125,100.0,1000,25.79852612437392,34.280559337182794,73.44504492425615,133.0211403881534,54.35924995915811,0.004,0.7277721469699074,0.7960764843468887,21650.0,21.65,21650.0,0.004,0.0,0.0,0.866,0.9919168591224018,0.5323325635103926,0.461,0.45958429561200925,0.0,0.008083140877598153,0.0,13.4,1.0999999999999999,85.5,0.0,251,251.0,compute,0.0,-0.2,-0.2
dapper,stable,126,100.0,1000,25.63088835988447,34.150795056121574,87.41756699727928,131.3321830559873,53.534621864449655,0.004,0.7284411309876695,0.7980853695611682,21175.0,21.175,21175.0,0.004,0.0,0.0,0.847,0.9881936245572609,0.5419126328217237,0.459,0.4462809917355372,0.0,0.011806375442739079,0.0,15.299999999999999,1.4000000000000001,83.3,0.0,274,274.0,compute,0.0,-0.2,-0.2
dapper,stable,127,100.0,1000,26.548778652749196,34.46479730183306,94.39636055495437,133.76113199984056,55.107432257033445,0.008,0.7253004366784258,0.7913131756865407,22125.0,22.125,22125.0,0.008,0.0,0.0,0.885,0.9909604519774011,0.5276836158192091,0.467,0.4632768361581921,0.0,0.00903954802259887,0.0,11.5,1.7999999999999998,86.7,0.0,228,228.0,compute,0.0,-0.2,-0.2
dapper,stable,128,100.0,1000,26.325786151310833,34.17542231579683,88.65863233003472,134.67949505418886,54.28915395815326,0.007,0.7281571131664306,0.793960648878121,21425.0,21.425,21425.0,0.007,0.0,0.0,0.857,0.9836639439906651,0.5309218203033839,0.455,0.45274212368728123,0.0,0.01633605600933489,0.0,14.299999999999999,1.4000000000000001,84.3,0.0,254,254.0,compute,0.0,-0.2,-0.2
dapper,stable,129,100.0,1000,26.829579444906376,34.46805433735746,95.43142396090978,127.79673675799549,53.86515225042612,0.008,0.7250405253864849,0.790007110736474,21825.0,21.825,21825.0,0.008,0.0,0.0,0.873,0.9896907216494846,0.5131729667812142,0.448,0.4765177548682703,0.0,0.010309278350515464,0.0,12.7,2.1,85.2,0.0,231,231.0,compute,0.0,-0.2,-0.2
dapper,congested,100,100.0,1000,24.824557271985057,33.928407620489025,34.77556075006328,34.97404020175507,24.824557271985057,0.0,0.7231225654703062,0.7231225654703062,100.0,0.1,100.0,0.004,0.004,0.0,0.004,1.0,0.0,0.0,1.0,0.0,0.0,0.0,99.2,0.0,0.4,0.4,14,14.0,compute,0.0,-0.2,-0.2
dapper,congested,101,100.0,1000,25.026673523971784,34.03466107987438,34.84243479054015,34.99327875607795,25.026673523971784,0.0,0.7239603822715144,0.7239603822715144,125.0,0.125,125.0,0.007,0.007,0.0,0.005,1.0,0.0,0.0,1.0,0.0,0.0,0.0,98.8,0.0,0.5,0.7000000000000001,22,22.0,compute,0.0,-0.2,-0.2
dapper,congested,102,100.0,1000,24.829712790777762,33.96479457393766,34.69588731781126,34.989536221406055,24.829712790777762,0.0,0.7270052366898776,0.7270052366898776,125.0,0.125,125.0,0.008,0.008,0.0,0.005,0.8,0.0,0.0,0.8,0.0,0.2,0.0,98.7,0.0,0.5,0.8,22,22.0,compute,0.0,-0.2,-0.2
dapper,congested,103,100.0,1000,24.892785643695664,34.09454856492267,34.78542999553827,34.985893217625524,24.892785643695664,0.0,0.7249187188165734,0.7249187188165734,75.0,0.075,75.0,0.006,0.006,0.0,0.003,0.6666666666666666,0.0,0.0,0.6666666666666666,0.0,0.3333333333333333,0.0,99.1,0.0,0.3,0.6,17,17.0,compute,0.0,-0.2,-0.2
dapper,congested,104,100.0,1000,24.77796847513708,33.81394766067372,34.81048977789511,34.94578824107255,24.77796847513708,0.0,0.7272547943451833,0.7272547943451833,150.0,0.15,150.0,0.008,0.008,0.0,0.006,1.0,0.0,0.0,1.0,0.0,0.0,0.0,98.6,0.0,0.6,0.8,26,26.0,compute,0.0,-0.2,-0.2
dapper,congested,105,100.0,1000,24.677162661323955,34.007432758127685,34.86009343610894,34.98145078352877,24.677162661323955,0.0,0.7241646482306923,0.7241646482306923,175.0,0.175,175.0,0.008,0.008,0.0,0.007,1.0,0.0,0.0,1.0,0.0,0.0,0.0,98.5,0.0,0.7000000000000001,0.8,24,24.0,compute,0.0,-0.2,-0.2
dapper,congested,106,100.0,1000,24.772684967250918,33.98450796903268,34.753821099438774,34.98979405154197,24.772684967250918,0.0,0.7262080408789683,0.7262080408789683,100.0,0.1,100.0,0.007,0.007,0.0,0.004,1.0,0.0,0.0,1.0,0.0,0.0,0.0,98.9,0.0,0.4,0.7000000000000001,16,16.0,compute,0.0,-0.2,-0.2
dapper,congested,107,100.0,1000,24.763848167260303,33.88426057014752,34.77470672268729,34.998762184541775,24.763848167260303,0.0,0.7257346306649486,0.7257346306649486,100.0,0.1,100.0,0.005,0.005,0.0,0.004,0.75,0.0,0.0,0.75,0.0,0.25,0.0,99.1,0.0,0.4,0.5,14,14.0,compute,0.0,-0.2,-0.2
dapper,congested,108,100.0,1000,24.953177155047733,33.943119032195405,34.814499351033405,34.99655745974279,24.953177155047733,0.0,0.7244295155267036,0.7244295155267036,225.0,0.225,225.0,0.008,0.008,0.0,0.009,0.7777777777777778,0.0,0.0,0.7777777777777778,0.0,0.2222222222222222,0.0,98.3,0.0,0.8999999999999999,0.8,24,24.0,compute,0.0,-0.2,-0.2
dapper,congested,109,100.0,1000,24.847059358357548,33.93181537323021,34.785030538309286,34.98925809716232,24.847059358357548,0.0,0.7234323551786083,0.7234323551786083,75.0,0.075,75.0,0.007,0.007,0.0,0.003,1.0,0.0,0.0,1.0,0.0,0.0,0.0,99.0,0.0,0.3,0.7000000000000001,16,16.0,compute,0.0,-0.2,-0.2
dapper,congested,110,100.0,1000,24.70223165713215,33.71973175922034,34.60151524624712,34.90888622322395,24.70223165713215,0.0,0.7246938266396346,0.7246938266396346,225.0,0.225,225.0,0.005,0.005,0.0,0.009,0.8888888888888888,0.0,0.0,0.8888888888888888,0.0,0.1111111111111111,0.0,98.6,0.0,0.8999999999999999,0.5,20,20.0,compute,0.0,-0.2,-0.2
dapper,congested,111,100.0,1000,24.94253826558974,33.995133250212476,34.74455155405684,34.96241421096305,24.94253826558974,0.0,0.7254545302713125,0.7254545302713125,150.0,0.15,150.0,0.008,0.008,0.0,0.006,1.0,0.0,0.0,1.0,0.0,0.0,0.0,98.6,0.0,0.6,0.8,20,20.0,compute,0.0,-0.2,-0.2
dapper,congested,112,100.0,1000,24.86963877249279,33.90095224371657,34.76580213455383,34.985906989642146,24.86963877249279,0.0,0.7266076329631779,0.7266076329631779,100.0,0.1,100.0,0.013,0.013,0.0,0.004,1.0,0.0,0.0,1.0,0.0,0.0,0.0,98.3,0.0,0.4,1.3,26,26.0,compute,0.0,-0.2,-0.2
dapper,congested,113,100.0,1000,24.72292431672843,33.938019364553725,34.77247181035648,34.98424994294581,24.72292431672843,0.0,0.7265134749764945,0.7265134749764945,275.0,0.275,275.0,0.007,0.007,0.0,0.011,1.0,0.0,0.0,1.0,0.0,0.0,0.0,98.2,0.0,1.0999999999999999,0.7000000000000001,26,26.0,compute,0.0,-0.2,-0.2
dapper,congested,114,100.0,1000,24.915906991902833,33.99518413696301,34.87476614646897,34.96282987218834,24.915906991902833,0.0,0.7286233928366593,0.7286233928366593,100.0,0.1,100.0,0.008,0.008,0.0,0.004,1.0,0.0,0.0,1.0,0.0,0.0,0.0,98.8,0.0,0.4,0.8,18,18.0,compute,0.0,-0.2,-0.2
dapper,congested,115,100.0,1000,25.085740611498316,34.01033183391731,34.751795785617006,34.96593743598228,25.085740611498316,0.0,0.722824442674691,0.722824442674691,125.0,0.125,125.0,0.006,0.006,0.0,0.005,0.8,0.0,0.0,0.8,0.0,0.2,0.0,98.9,0.0,0.5,0.6,14,14.0,compute,0.0,-0.2,-0.2
dapper,congested,116,100.0,1000,25.324934204252145,33.95730249293956,34.77240430108412,34.9771698353159,25.324934204252145,0.0,0.7260315559209485,0.7260315559209485,300.0,0.3,300.0,0.008,0.008,0.0,0.012,0.9166666666666666,0.0,0.0,0.9166666666666666,0.0,0.08333333333333333,0.0,98.0,0.0,1.2,0.8,38,38.0,compute,0.0,-0.2,-0.2
dapper,congested,117,100.0,1000,24.38620885543388,33.706919736517364,34.66361864084976,34.994340946660934,24.38620885543388,0.0,0.7253330615138619,0.7253330615138619,125.0,0.125,125.0,0.008,0.008,0.0,0.005,1.0,0.0,0.0,1.0,0.0,0.0,0.0,98.7,0.0,0.5,0.8,26,26.0,compute,0.0,-0.2,-0.2
dapper,congested,118,100.0,1000,25.01023416650803,34.01490807545646,34.75940662114508,34.968506891824205,25.01023416650803,0.0,0.7268033495517163,0.7268033495517163,175.0,0.175,175.0,0.007,0.007,0.0,0.007,0.7142857142857143,0.0,0.0,0.7142857142857143,0.0,0.2857142857142857,0.0,98.6,0.0,0.7000000000000001,0.7000000000000001,20,20.0,compute,0.0,-0.2,-0.2
dapper,congested,119,100.0,1000,25.237974362405513,33.930297923071485,34.79939395844596,34.97944595589328,25.237974362405513,0.0,0.7235998627315303,0.7235998627315303,175.0,0.175,175.0,0.005,0.005,0.0,0.007,1.0,0.0,0.0,1.0,0.0,0.0,0.0,98.8,0.0,0.7000000000000001,0.5,22,22.0,compute,0.0,-0.2,-0.2
dapper,congested,120,100.0,1000,24.770729236686982,33.99634834863332,34.78821886321599,34.985958566309606,24.770729236686982,0.0,0.724149083598059,0.724149083598059,200.0,0.2,200.0,0.008,0.008,0.0,0.008,1.0,0.0,0.0,1.0,0.0,0.0,0.0,98.4,0.0,0.8,0.8,30,30.0,compute,0.0,-0.2,-0.2
dapper,congested,121,100.0,1000,24.670024513531853,33.750343569648706,34.75280697328194,34.996277370025744,24.670024513531853,0.0,0.7242193034879331,0.7242193034879331,50.0,0.05,50.0,0.006,0.006,0.0,0.002,1.0,0.0,0.0,1.0,0.0,0.0,0.0,99.2,0.0,0.2,0.6,12,12.0,compute,0.0,-0.2,-0.2
dapper,congested,122,100.0,1000,24.53787182490916,33.83751458842038,34.770700984913006,34.91653465760954,24.53787182490916,0.0,0.726925307989091,0.726925307989091,175.0,0.175,175.0,0.013,0.013,0.0,0.007,0.8571428571428571,0.0,0.0,0.8571428571428571,0.0,0.14285714285714285,0.0,98.0,0.0,0.7000000000000001,1.3,24,24.0,compute,0.0,-0.2,-0.2
dapper,congested,123,100.0,1000,24.972968667791022,34.0068905091913,34.771507219222585,34.98883073588995,24.972968667791022,0.0,0.7231981737549722,0.7231981737549722,75.0,0.075,75.0,0.002,0.002,0.0,0.003,1.0,0.0,0.0,1.0,0.0,0.0,0.0,99.5,0.0,0.3,0.2,10,10.0,compute,0.0,-0.2,-0.2
dapper,congested,124,100.0,1000,24.68398444976012,33.74309287533703,34.66363593071505,34.94326242767353,24.68398444976012,0.0,0.7246698111318651,0.7246698111318651,175.0,0.175,175.0,0.006,0.006,0.0,0.007,1.0,0.0,0.0,1.0,0.0,0.0,0.0,98.7,0.0,0.7000000000000001,0.6,24,24.0,compute,0.0,-0.2,-0.2
dapper,congested,125,100.0,1000,24.725669553063664,34.05786747219948,34.83418763630404,34.99974319601896,24.725669553063664,0.0,0.7228975062228786,0.7228975062228786,475.0,0.475,475.0,0.012,0.012,0.0,0.019,1.0,0.0,0.0,1.0,0.0,0.0,0.0,96.89999999999999,0.0,1.9,1.2,48,48.0,compute,0.0,-0.2,-0.2
dapper,congested,126,100.0,1000,24.961010734873252,33.97988585528562,34.774114294105054,34.99086328598782,24.961010734873252,0.0,0.7258907807888281,0.7258907807888281,50.0,0.05,50.0,0.002,0.002,0.0,0.002,0.5,0.0,0.0,0.5,0.0,0.5,0.0,99.6,0.0,0.2,0.2,8,8.0,compute,0.0,-0.2,-0.2
dapper,congested,127,100.0,1000,24.79915459305446,33.97839515917549,34.71031183612322,34.99801668883106,24.79915459305446,0.0,0.7241769809830646,0.7241769809830646,125.0,0.125,125.0,0.01,0.01,0.0,0.005,0.8,0.0,0.0,0.8,0.0,0.2,0.0,98.5,0.0,0.5,1.0,24,24.0,compute,0.0,-0.2,-0.2
dapper,congested,128,100.0,1000,24.671514882986425,34.08647701991846,34.783499539553866,34.99302751306131,24.671514882986425,0.0,0.72324842617587,0.72324842617587,75.0,0.075,75.0,0.008,0.008,0.0,0.003,1.0,0.0,0.0,1.0,0.0,0.0,0.0,98.9,0.0,0.3,0.8,18,18.0,compute,0.0,-0.2,-0.2
dapper,congested,129,100.0,1000,24.599702966215787,33.90591045177916,34.77957296022762,34.981958638619645,24.599702966215787,0.0,0.7227863941222297,0.7227863941222297,75.0,0.075,75.0,0.013,0.013,0.0,0.003,1.0,0.0,0.0,1.0,0.0,0.0,0.0,98.4,0.0,0.3,1.3,24,24.0,compute,0.0,-0.2,-0.2
dapper,variable,100,100.0,1000,20.38401390973326,33.806663370507536,34.900111815092906,119.62722672489144,22.27468170885308,0.003,0.7265978899013282,0.7287050245696438,8750.0,8.75,8750.0,0.287,0.216,0.0,0.35,0.92,0.09428571428571429,0.033,0.8257142857142857,0.0,0.08,0.0,43.4,0.7000000000000001,34.300000000000004,21.6,388,388.0,compute,0.0,-0.2,-0.2
dapper,variable,101,100.0,1000,20.232821718518576,33.62745639328014,34.803183643369316,134.40679833545093,22.729644788674126,0.003,0.7274534669745578,0.731364866004979,10050.0,10.05,10050.0,0.259,0.2,0.0,0.402,0.945273631840796,0.0945273631840796,0.038,0.8507462686567164,0.0,0.05472636815920398,0.0,39.800000000000004,0.4,39.800000000000004,20.0,376,376.0,compute,0.0,-0.2,-0.2
dapper,variable,102,100.0,1000,22.21696851601098,34.07917928626141,34.951991336536004,116.34235729928342,24.65018827202417,0.001,0.7264107312731002,0.7317502148950354,10125.0,10.125,10125.0,0.168,0.131,0.0,0.405,0.8987654320987655,0.1037037037037037,0.042,0.7950617283950617,0.0,0.10123456790123457,0.0,46.400000000000006,0.7000000000000001,39.800000000000004,13.100000000000001,346,346.0,compute,0.0,-0.2,-0.2
dapper,variable,103,100.0,1000,19.645797627018965,33.616716750534664,34.77378414259423,95.50979041311598,21.536858533775952,0.0,0.7267601733443975,0.7316018841146493,9700.0,9.7,9700.0,0.315,0.239,0.0,0.388,0.9252577319587629,0.07731958762886598,0.03,0.8479381443298969,0.0,0.07474226804123711,0.0,37.3,0.2,38.6,23.9,401,401.0,compute,0.0,-0.2,-0.2
dapper,variable,104,100.0,1000,21.76438886775724,33.95240795177735,34.80221513647298,127.75410266737916,24.29286560109536,0.001,0.7277507986492205,0.7327614369093918,9825.0,9.825,9825.0,0.188,0.143,0.0,0.393,0.9338422391857506,0.10178117048346055,0.04,0.8320610687022901,0.0,0.06615776081424936,0.0,46.400000000000006,0.3,39.0,14.299999999999999,367,367.0,compute,0.0,-0.2,-0.2
dapper,variable,105,100.0,1000,20.732678306028234,33.57226304952716,34.86450697687055,134.71200673593256,23.576413958481,0.002,0.7263746999819934,0.7317548376339434,9725.0,9.725,9725.0,0.24,0.184,0.0,0.389,0.9460154241645244,0.11053984575835475,0.043,0.8354755784061697,0.0,0.05398457583547558,0.0,42.699999999999996,0.4,38.5,18.4,373,373.0,compute,0.0,-0.2,-0.2
dapper,variable,106,100.0,1000,22.133410996144455,33.73226293716084,34.95450621955476,129.76950491279123,24.424641121315243,0.002,0.7264756355684249,0.7306744822675499,9850.0,9.85,9850.0,0.177,0.136,0.0,0.394,0.9441624365482234,0.10152284263959391,0.04,0.8426395939086294,0.0,0.05583756345177665,0.0,47.0,0.8,38.6,13.600000000000001,382,382.0,compute,0.0,-0.2,-0.2
dapper,variable,107,100.0,1000,20.195023479932992,33.69497782261308,34.742704510828375,116.42798029433021,22.39094827884266,0.001,0.7245102276786385,0.7287284676963395,8725.0,8.725,8725.0,0.262,0.201,0.0,0.349,0.9169054441260746,0.09455587392550144,0.033,0.8223495702005731,0.0,0.0830945558739255,0.0,45.0,0.2,34.699999999999996,20.1,365,365.0,compute,0.0,-0.2,-0.2
dapper,variable,108,100.0,1000,20.580881005394446,34.01887159235048,34.784339145495544,128.83723777761008,23.401428970536028,0.001,0.7260048286422379,0.7324806674782312,10075.0,10.075,10075.0,0.261,0.196,0.0,0.403,0.9305210918114144,0.10421836228287841,0.042,0.826302729528536,0.0,0.06947890818858561,0.0,40.1,0.1,40.2,19.6,394,394.0,compute,0.0,-0.2,-0.2
dapper,variable,109,100.0,1000,21.310997956041415,33.78670554256433,34.798128918833676,122.78075704583172,23.160011675214665,0.001,0.7239038673745836,0.7273802058248476,9750.0,9.75,9750.0,0.204,0.156,0.0,0.39,0.9307692307692308,0.06923076923076923,0.027,0.8615384615384616,0.0,0.06923076923076923,0.0,45.4,0.1,38.9,15.6,394,394.0,compute,0.0,-0.2,-0.2
dapper,variable,110,100.0,1000,21.144233968457897,33.99271279764258,34.74440847501082,118.14279681342171,22.95841796982215,0.001,0.7254511719488859,0.7287127533855471,9525.0,9.525,9525.0,0.227,0.171,0.0,0.381,0.9343832020997376,0.07349081364829396,0.028,0.8608923884514436,0.0,0.06561679790026247,0.0,44.800000000000004,0.2,37.9,17.1,363,363.0,compute,0.0,-0.2,-0.2
dapper,variable,111,100.0,1000,21.578847473201392,33.94071952499036,34.91040750471832,123.96592007742318,24.29824654533565,0.004,0.7258886783938244,0.7291545598638407,9800.0,9.8,9800.0,0.22,0.166,0.0,0.392,0.9336734693877551,0.10459183673469388,0.041,0.8290816326530612,0.0,0.0663265306122449,0.0,44.2,0.5,38.7,16.6,375,375.0,compute,0.0,-0.2,-0.2
dapper,variable,112,100.0,1000,21.657479119258475,34.175904413380366,34.88463505294743,117.72268672881268,24.412262504548902,0.002,0.7296847439527021,0.734284831420508,9675.0,9.675,9675.0,0.217,0.162,0.0,0.387,0.9354005167958657,0.11886304909560723,0.046,0.8165374677002584,0.0,0.06459948320413436,0.0,45.1,0.8,37.9,16.2,385,385.0,compute,0.0,-0.2,-0.2
dapper,variable,113,100.0,1000,21.607197908227633,33.72143360549771,34.8584149032217,131.90486115598299,23.096912929005917,0.002,0.7266617951000531,0.7285384065222208,9250.0,9.25,9250.0,0.199,0.15,0.0,0.37,0.9351351351351351,0.06486486486486487,0.024,0.8702702702702703,0.0,0.06486486486486487,0.0,48.0,0.4,36.6,15.0,376,376.0,compute,0.0,-0.2,-0.2
dapper,variable,114,100.0,1000,19.89639931574183,33.64323507871516,34.761657464704044,133.1832445639027,21.900824817389942,0.001,0.7227625732924563,0.7265644712371077,8050.0,8.05,8050.000000000001,0.267,0.205,0.0,0.322,0.9254658385093167,0.09937888198757763,0.032,0.8260869565217391,0.0,0.07453416149068323,0.0,47.3,0.4,31.8,20.5,393,393.0,compute,0.0,-0.2,-0.2
dapper,variable,115,100.0,1000,21.601875107852525,33.364621656107765,34.698133408952685,134.5821039863379,24.64894282401962,0.001,0.7232997891097337,0.7298189056462511,9500.0,9.5,9500.0,0.177,0.137,0.0,0.38,0.9105263157894737,0.11842105263157894,0.045,0.7921052631578948,0.0,0.08947368421052632,0.0,48.3,0.2,37.8,13.700000000000001,351,351.0,compute,0.0,-0.2,-0.2
dapper,variable,116,100.0,1000,20.91299363366286,34.01431197088379,34.779576234399606,88.38820475917828,22.676296011280233,0.0,0.7291172751593754,0.7337824041177154,8600.0,8.6,8600.0,0.239,0.184,0.0,0.344,0.936046511627907,0.07848837209302326,0.027,0.8575581395348837,0.0,0.06395348837209303,0.0,47.199999999999996,0.1,34.300000000000004,18.4,380,380.0,compute,0.0,-0.2,-0.2
dapper,variable,117,100.0,1000,22.81687035390099,34.24753791959726,34.844457412378894,78.8859664300009,24.340232113684532,0.0,0.7239027701488132,0.7274013833791875,10725.0,10.725,10725.0,0.132,0.1,0.0,0.429,0.9230769230769231,0.053613053613053616,0.023,0.8694638694638694,0.0,0.07692307692307693,0.0,47.099999999999994,0.1,42.8,10.0,366,366.0,compute,0.0,-0.2,-0.2
dapper,variable,118,100.0,1000,21.43372163856316,33.57233642382014,34.42308549831345,115.5369840920753,24.895661088368787,0.001,0.7254245173691655,0.7326109540304455,10850.0,10.85,10850.0,0.194,0.148,0.0,0.434,0.9331797235023042,0.11981566820276497,0.052,0.8133640552995391,0.0,0.06682027649769585,0.0,41.8,0.3,43.1,14.799999999999999,397,397.0,compute,0.0,-0.2,-0.2
dapper,variable,119,100.0,1000,21.131131566995748,33.723720287973045,34.640072014598815,133.8015565741153,23.859955843587024,0.001,0.7250636108751801,0.7310606623489598,9450.0,9.45,9450.0,0.219,0.166,0.0,0.378,0.9259259259259259,0.10846560846560846,0.041,0.8174603174603174,0.0,0.07407407407407407,0.0,45.6,0.2,37.6,16.6,369,369.0,compute,0.0,-0.2,-0.2
dapper,variable,120,100.0,1000,22.32060549129279,34.11184833844378,34.85670948244468,134.04770365149506,24.840859130722404,0.007,0.7239117023953551,0.7251649152559176,11400.0,11.4,11400.0,0.186,0.134,0.0,0.456,0.9298245614035088,0.08114035087719298,0.037,0.8486842105263158,0.0,0.07017543859649122,0.0,41.0,0.7000000000000001,44.9,13.4,367,367.0,compute,0.0,-0.2,-0.2
dapper,variable,121,100.0,1000,21.097393738591474,33.908676932164916,34.912596959559544,95.77162421654118,24.68125200719413,0.0,0.725503299662629,0.7345887093906228,10450.0,10.45,10450.0,0.217,0.168,0.0,0.418,0.9354066985645934,0.13875598086124402,0.058,0.7966507177033493,0.0,0.0645933014354067,0.0,41.4,0.5,41.3,16.8,366,366.0,compute,0.0,-0.2,-0.2
dapper,variable,122,100.0,1000,21.13175821444513,33.694416258508085,34.631522901173106,34.97317679379236,24.23120819446242,0.0,0.727101792089757,0.7340206501603544,9825.0,9.825,9825.0,0.197,0.151,0.0,0.393,0.9541984732824428,0.11450381679389313,0.045,0.8396946564885496,0.0,0.04580152671755725,0.0,45.6,0.0,39.300000000000004,15.1,366,366.0,compute,0.0,-0.2,-0.2
dapper,variable,123,100.0,1000,21.41626835596834,33.84055293518818,34.83471148995974,120.87930552377972,23.28141950399647,0.001,0.7292078902069433,0.7333062896589962,9375.0,9.375,9375.0,0.216,0.164,0.0,0.375,0.9386666666666666,0.08533333333333333,0.032,0.8533333333333334,0.0,0.06133333333333333,0.0,46.1,0.5,37.0,16.400000000000002,371,371.0,compute,0.0,-0.2,-0.2
dapper,variable,124,100.0,1000,21.894259663705157,33.6370272657054,34.716062885361055,121.35145630749196,23.850766552712177,0.001,0.7244449376934209,0.7283465813325204,11600.0,11.6,11600.0,0.17,0.132,0.0,0.464,0.9137931034482759,0.06465517241379311,0.03,0.8491379310344828,0.0,0.08620689655172414,0.0,40.400000000000006,0.2,46.2,13.200000000000001,379,379.0,compute,0.0,-0.2,-0.2
dapper,variable,125,100.0,1000,21.096828998629206,33.913926208527506,34.81317080253052,134.24521579062622,23.74318483654006,0.001,0.7254003578397743,0.7303592112640898,9825.0,9.825,9825.0,0.223,0.17,0.0,0.393,0.9312977099236641,0.10687022900763359,0.042,0.8244274809160306,0.0,0.06870229007633588,0.0,43.7,0.5,38.800000000000004,17.0,381,381.0,compute,0.0,-0.2,-0.2
dapper,variable,126,100.0,1000,21.3933684395638,33.9103566424427,34.860653497995486,134.49396365175937,23.82466143080774,0.001,0.7304954945820371,0.7356658882018081,9475.0,9.475,9475.0,0.211,0.163,0.0,0.379,0.9287598944591029,0.10290237467018469,0.039,0.8258575197889182,0.0,0.0712401055408971,0.0,45.800000000000004,0.4,37.5,16.3,392,392.0,compute,0.0,-0.2,-0.2
dapper,variable,127,100.0,1000,20.934881255765088,34.02958816844888,34.81844880972912,122.88537308551551,23.164035730343798,0.002,0.7256962049325453,0.7296321942436687,9825.0,9.825,9825.0,0.247,0.187,0.0,0.393,0.9541984732824428,0.08396946564885496,0.033,0.8702290076335878,0.0,0.04580152671755725,0.0,42.0,0.3,39.0,18.7,399,399.0,compute,0.0,-0.2,-0.2
dapper,variable,128,100.0,1000,19.717395142049536,33.70366238119033,34.75584523585551,96.69869163245767,21.60420490748735,0.0,0.7263441602339412,0.7302212879187465,8375.0,8.375,8375.0,0.278,0.214,0.0,0.335,0.9223880597014925,0.08656716417910448,0.029,0.835820895522388,0.0,0.07761194029850746,0.0,45.1,0.2,33.300000000000004,21.4,370,370.0,compute,0.0,-0.2,-0.2
dapper,variable,129,100.0,1000,21.309790891695805,33.96324558565401,34.86872339841581,132.83623263437457,23.369597986976792,0.003,0.7216296347896245,0.7244426264358403,9225.0,9.225,9225.0,0.23,0.175,0.0,0.369,0.943089430894309,0.08672086720867209,0.032,0.8563685636856369,0.0,0.056910569105691054,0.0,45.6,0.3,36.6,17.5,361,361.0,compute,0.0,-0.2,-0.2
dapper,stable,100,100.0,1000,25.279403323317702,33.96035223762113,34.73962355895296,34.988775105687154,51.53514833678389,0.0,0.7265268897628933,0.792417917211626,21350.0,21.35,21350.0,0.0,0.0,0.0,0.854,0.9918032786885246,0.4953161592505855,0.423,0.4964871194379391,0.0,0.00819672131147541,0.0,14.6,0.0,85.39999999999999,0.0,259,259.0,compute,0.0,-0.1,-0.1
dapper,stable,101,100.0,1000,24.820657080469697,33.96040511204254,34.788072376532675,34.99828909781833,53.53675771177409,0.0,0.7249338588619687,0.7978649635318986,21700.0,21.7,21700.0,0.0,0.0,0.0,0.868,0.9896313364055299,0.5288018433179723,0.459,0.4608294930875576,0.0,0.010368663594470046,0.0,13.200000000000001,0.0,86.8,0.0,231,231.0,compute,0.0,-0.1,-0.1
dapper,stable,102,100.0,1000,24.835880473076735,33.70682378335116,34.74818297607158,34.965240972972765,51.8627260021259,0.0,0.727324394359075,0.800034845226407,20900.0,20.9,20900.0,0.0,0.0,0.0,0.836,0.992822966507177,0.5263157894736842,0.44,0.4665071770334928,0.0,0.007177033492822967,0.0,16.400000000000002,0.0,83.6,0.0,284,284.0,compute,0.0,-0.1,-0.1
dapper,stable,103,100.0,1000,24.972078044518216,34.293187186352334,34.89307765319619,34.99802137082616,53.372703891643845,0.0,0.7236659440861409,0.7991290672988378,21525.0,21.525,21525.0,0.0,0.0,0.0,0.861,0.9883855981416957,0.5342624854819977,0.46,0.454123112659698,0.0,0.011614401858304297,0.0,13.900000000000002,0.0,86.1,0.0,237,237.0,compute,0.0,-0.1,-0.1
dapper,stable,104,100.0,1000,24.98622097286207,33.860115377670134,34.74837408619961,34.98656616097203,51.037343944723006,0.0,0.7240926018777877,0.7898578469524961,21900.0,21.9,21900.0,0.0,0.0,0.0,0.876,0.9920091324200914,0.4794520547945205,0.42,0.5125570776255708,0.0,0.007990867579908675,0.0,12.4,0.0,87.6,0.0,220,220.0,compute,0.0,-0.1,-0.1
dapper,stable,105,100.0,1000,24.85634769037545,33.82025179084476,34.62504012903672,34.93314580405199,51.59710330911793,0.0,0.7262361051095783,0.7959250227091806,21250.0,21.25,21250.0,0.0,0.0,0.0,0.85,0.9905882352941177,0.5105882352941177,0.434,0.48,0.0,0.009411764705882352,0.0,15.0,0.0,85.0,0.0,256,256.0,compute,0.0,-0.1,-0.1
dapper,stable,106,100.0,1000,24.716410963251104,33.86074949026578,34.68730165917939,34.933586993197196,52.69637342008328,0.0,0.7229428904328138,0.7962430814491968,21425.0,21.425,21425.0,0.0,0.0,0.0,0.857,0.9918319719953326,0.5227537922987164,0.448,0.4690781796966161,0.0,0.008168028004667444,0.0,14.299999999999999,0.0,85.7,0.0,252,252.0,compute,0.0,-0.1,-0.1
dapper,stable,107,100.0,1000,24.88557902804772,33.83424628214373,34.89267109559948,34.9936438529993,53.380353744565205,0.0,0.7245133185042392,0.7993133636844371,22025.0,22.025,22025.0,0.0,0.0,0.0,0.881,0.9886492622020431,0.5187287173666288,0.457,0.4699205448354143,0.0,0.011350737797956867,0.0,11.899999999999999,0.0,88.1,0.0,198,198.0,compute,0.0,-0.1,-0.1
dapper,stable,108,100.0,1000,25.235897183714567,34.2868707566229,34.87218349603604,34.989690121554816,51.92467360201944,0.0,0.7254394152220247,0.7967132376294662,21500.0,21.5,21500.0,0.0,0.0,0.0,0.86,0.9872093023255814,0.5023255813953489,0.432,0.4848837209302326,0.0,0.012790697674418604,0.0,14.000000000000002,0.0,86.0,0.0,231,231.0,compute,0.0,-0.1,-0.1
dapper,stable,109,100.0,1000,25.268964708760926,34.15910526808331,34.79620852522923,34.94284900848466,51.53790445445115,0.0,0.7225069831603355,0.7908717000411818,21775.0,21.775,21775.0,0.0,0.0,0.0,0.871,0.9850746268656716,0.4845005740528129,0.422,0.5005740528128588,0.0,0.014925373134328358,0.0,12.9,0.0,87.1,0.0,228,228.0,compute,0.0,-0.1,-0.1
dapper,stable,110,100.0,1000,24.978043487255007,33.957417382454665,34.80033649104111,34.99011804008187,51.64725260956925,0.0,0.7239727698806182,0.7935801521646344,21400.0,21.4,21400.0,0.0,0.0,0.0,0.856,0.985981308411215,0.5035046728971962,0.431,0.4824766355140187,0.0,0.014018691588785047,0.0,14.399999999999999,0.0,85.6,0.0,261,261.0,compute,0.0,-0.1,-0.1
dapper,stable,111,100.0,1000,25.491345575881343,33.99942489704205,34.77294614292747,34.98882482505357,52.77932606666301,0.0,0.7264559107913696,0.7988751227250941,20975.0,20.975,20975.0,0.0,0.0,0.0,0.839,0.9916567342073898,0.5256257449344458,0.441,0.466030989272944,0.0,0.00834326579261025,0.0,16.1,0.0,83.89999999999999,0.0,276,276.0,compute,0.0,-0.1,-0.1
dapper,stable,112,100.0,1000,25.044635098675773,33.93678625080242,34.80594764992258,34.978994945141224,52.774438295965986,0.0,0.7245903067601731,0.7942867336915719,21700.0,21.7,21700.0,0.0,0.0,0.0,0.868,0.9919354838709677,0.5103686635944701,0.443,0.4815668202764977,0.0,0.008064516129032258,0.0,13.200000000000001,0.0,86.8,0.0,220,220.0,compute,0.0,-0.1,-0.1
dapper,stable,113,100.0,1000,24.924957379086543,33.92528008813723,34.852479041190236,34.99387303551587,50.565197370598845,0.0,0.725184772552611,0.7910288053494875,21600.0,21.6,21600.0,0.0,0.0,0.0,0.864,0.9826388888888888,0.48032407407407407,0.415,0.5023148148148148,0.0,0.017361111111111112,0.0,13.600000000000001,0.0,86.4,0.0,239,239.0,compute,0.0,-0.1,-0.1
dapper,stable,114,100.0,1000,25.128438548268,33.86993382489312,34.786318253661975,34.99771913787838,53.866453690073165,0.0,0.7237524930795687,0.7977940224588013,21900.0,21.9,21900.0,0.0,0.0,0.0,0.876,0.9908675799086758,0.5308219178082192,0.465,0.4600456621004566,0.0,0.0091324200913242,0.0,12.4,0.0,87.6,0.0,214,214.0,compute,0.0,-0.1,-0.1
dapper,stable,115,100.0,1000,25.094705607799348,34.162413089123824,34.74465384721523,34.970565607066455,51.94937303752475,0.0,0.7245886848920773,0.7944537871206474,21750.0,21.75,21750.0,0.0,0.0,0.0,0.87,0.9873563218390805,0.5011494252873563,0.436,0.4862068965517241,0.0,0.01264367816091954,0.0,13.0,0.0,87.0,0.0,219,219.0,compute,0.0,-0.1,-0.1
dapper,stable,116,100.0,1000,25.028301912688907,34.05041769477859,34.88445460350265,34.99403448766891,54.211607535281885,0.0,0.7244573126145593,0.798391101095973,21750.0,21.75,21750.0,0.0,0.0,0.0,0.87,0.9942528735632183,0.5448275862068965,0.474,0.4494252873563218,0.0,0.005747126436781609,0.0,13.0,0.0,87.0,0.0,221,221.0,compute,0.0,-0.1,-0.1
dapper,stable,117,100.0,1000,24.997182216762514,33.94211020128963,34.806950360419165,34.98156739475102,51.94396103000347,0.0,0.7238166310991714,0.7935256482510197,21850.0,21.85,21850.0,0.0,0.0,0.0,0.874,0.9862700228832952,0.4897025171624714,0.428,0.4965675057208238,0.0,0.013729977116704805,0.0,12.6,0.0,87.4,0.0,226,226.0,compute,0.0,-0.1,-0.1
dapper,stable,118,100.0,1000,25.026589048763064,34.146334679362305,34.835239525322194,34.964244111574146,52.20873167600773,0.0,0.7280528994609765,0.7960765304196257,21475.0,21.475,21475.0,0.0,0.0,0.0,0.859,0.9906868451688009,0.5075669383003493,0.436,0.4831199068684517,0.0,0.009313154831199068,0.0,14.099999999999998,0.0,85.9,0.0,244,244.0,compute,0.0,-0.1,-0.1
dapper,stable,119,100.0,1000,24.80107188012856,34.00280379558126,34.81754573602827,34.936826663719394,53.78667209236602,0.0,0.7243707963012889,0.799875204249307,21925.0,21.925,21925.0,0.0,0.0,0.0,0.877,0.9874572405929305,0.5324971493728621,0.467,0.4549600912200684,0.0,0.012542759407069556,0.0,12.3,0.0,87.7,0.0,228,228.0,compute,0.0,-0.1,-0.1
dapper,stable,120,100.0,1000,25.000139802139184,33.83887438020657,34.75482963071029,34.96519781982063,52.586658253654925,0.0,0.7247996031934949,0.7950348677637523,21800.0,21.8,21800.0,0.0,0.0,0.0,0.872,0.9839449541284404,0.5103211009174312,0.445,0.4736238532110092,0.0,0.016055045871559634,0.0,12.8,0.0,87.2,0.0,212,212.0,compute,0.0,-0.1,-0.1
dapper,stable,121,100.0,1000,24.870142370806825,34.08802278656587,34.79782372711737,34.96061084968983,51.218892289603616,0.0,0.7235062491591376,0.7917923991779289,21800.0,21.8,21800.0,0.0,0.0,0.0,0.872,0.9862385321100917,0.48394495412844035,0.422,0.5022935779816514,0.0,0.013761467889908258,0.0,12.8,0.0,87.2,0.0,219,219.0,compute,0.0,-0.1,-0.1
dapper,stable,122,100.0,1000,24.829111935230273,33.958468133447,34.74506049633189,34.924143640943036,53.271418624119164,0.0,0.7259117747422895,0.7982645293058339,21950.0,21.95,21950.0,0.0,0.0,0.0,0.878,0.9886104783599089,0.5148063781321185,0.452,0.47380410022779046,0.0,0.011389521640091117,0.0,12.2,0.0,87.8,0.0,200,200.0,compute,0.0,-0.1,-0.1
dapper,stable,123,100.0,1000,25.35470141463279,34.01400394209814,34.728637206489786,34.90743937957425,51.64158095400979,0.0,0.7231039957478556,0.7928850748486099,22225.0,22.225,22225.0,0.0,0.0,0.0,0.889,0.9820022497187851,0.4769403824521935,0.424,0.5050618672665916,0.0,0.01799775028121485,0.0,11.1,0.0,88.9,0.0,196,196.0,compute,0.0,-0.1,-0.1
dapper,stable,124,100.0,1000,25.00583269004324,34.03261405514325,34.80612955591713,34.95256595801938,50.8126236179597,0.0,0.7270004160651047,0.7942088997255117,21000.0,21.0,21000.0,0.0,0.0,0.0,0.84,0.9928571428571429,0.49642857142857144,0.417,0.49642857142857144,0.0,0.007142857142857143,0.0,16.0,0.0,84.0,0.0,280,280.0,compute,0.0,-0.1,-0.1
dapper,stable,125,100.0,1000,24.9867591189863,33.982185709447386,34.8021659840167,34.99165214842439,53.959249959158115,0.0,0.7268533605073024,0.7989657788847586,21650.0,21.65,21650.0,0.0,0.0,0.0,0.866,0.9919168591224018,0.5323325635103926,0.461,0.45958429561200925,0.0,0.008083140877598153,0.0,13.4,0.0,86.6,0.0,238,238.0,compute,0.0,-0.1,-0.1
dapper,stable,126,100.0,1000,24.628886386363657,33.70638744138536,34.672811784104226,34.983867296625746,53.134621864449656,0.0,0.726794351381784,0.8009463128693688,21175.0,21.175,21175.0,0.0,0.0,0.0,0.847,0.9881936245572609,0.5419126328217237,0.459,0.4462809917355372,0.0,0.011806375442739079,0.0,15.299999999999999,0.0,84.7,0.0,252,252.0,compute,0.0,-0.1,-0.1
dapper,stable,127,100.0,1000,25.164646066804526,34.17312143282042,34.80106095916998,34.970740898815485,54.30743225703345,0.0,0.7237258806201099,0.7969399991420358,22125.0,22.125,22125.0,0.0,0.0,0.0,0.885,0.9909604519774011,0.5276836158192091,0.467,0.4632768361581921,0.0,0.00903954802259887,0.0,11.5,0.0,88.5,0.0,207,207.0,compute,0.0,-0.1,-0.1
dapper,stable,128,100.0,1000,25.178185128090664,33.92859815320874,34.67968897440042,34.972660274630584,53.589153958153254,0.0,0.7271450910033325,0.7988558762020542,21425.0,21.425,21425.0,0.0,0.0,0.0,0.857,0.9836639439906651,0.5309218203033839,0.455,0.45274212368728123,0.0,0.01633605600933489,0.0,14.299999999999999,0.0,85.7,0.0,237,237.0,compute,0.0,-0.1,-0.1
dapper,stable,129,100.0,1000,25.217209562918274,34.07064808785484,34.83459462785327,34.9933571344785,53.065152250426124,0.0,0.722736266433297,0.7957788932941594,21825.0,21.825,21825.0,0.0,0.0,0.0,0.873,0.9896907216494846,0.5131729667812142,0.448,0.4765177548682703,0.0,0.010309278350515464,0.0,12.7,0.0,87.3,0.0,214,214.0,compute,0.0,-0.1,-0.1
dapper,congested,100,100.0,1000,24.824557271985057,33.928407620489025,34.77556075006328,34.97404020175507,24.824557271985057,0.0,0.7231225654703062,0.7231225654703062,25.0,0.025,25.0,0.004,0.004,0.0,0.001,1.0,0.0,0.0,1.0,0.0,0.0,0.0,99.5,0.0,0.1,0.4,10,10.0,compute,0.0,-0.1,-0.1
dapper,congested,101,100.0,1000,25.026673523971784,34.03466107987438,34.84243479054015,34.99327875607795,25.026673523971784,0.0,0.7239603822715144,0.7239603822715144,25.0,0.025,25.0,0.007,0.007,0.0,0.001,1.0,0.0,0.0,1.0,0.0,0.0,0.0,99.2,0.0,0.1,0.7000000000000001,14,14.0,compute,0.0,-0.1,-0.1
dapper,congested,102,100.0,1000,24.829712790777762,33.96479457393766,34.69588731781126,34.989536221406055,24.829712790777762,0.0,0.7270052366898776,0.7270052366898776,50.0,0.05,50.0,0.008,0.008,0.0,0.002,1.0,0.0,0.0,1.0,0.0,0.0,0.0,99.0,0.0,0.2,0.8,18,18.0,compute,0.0,-0.1,-0.1
dapper,congested,103,100.0,1000,24.892785643695664,34.09454856492267,34.78542999553827,34.985893217625524,24.892785643695664,0.0,0.7249187188165734,0.7249187188165734,50.0,0.05,50.0,0.006,0.006,0.0,0.002,0.5,0.0,0.0,0.5,0.0,0.5,0.0,99.2,0.0,0.2,0.6,15,15.0,compute,0.0,-0.1,-0.1
dapper,congested,104,100.0,1000,24.77796847513708,33.81394766067372,34.81048977789511,34.94578824107255,24.77796847513708,0.0,0.7272547943451833,0.7272547943451833,25.0,0.025,25.0,0.008,0.008,0.0,0.001,1.0,0.0,0.0,1.0,0.0,0.0,0.0,99.1,0.0,0.1,0.8,16,16.0,compute,0.0,-0.1,-0.1
dapper,congested,105,100.0,1000,24.677162661323955,34.007432758127685,34.86009343610894,34.98145078352877,24.677162661323955,0.0,0.7241646482306923,0.7241646482306923,100.0,0.1,100.0,0.008,0.008,0.0,0.004,1.0,0.0,0.0,1.0,0.0,0.0,0.0,98.8,0.0,0.4,0.8,18,18.0,compute,0.0,-0.1,-0.1
dapper,congested,106,100.0,1000,24.772684967250918,33.98450796903268,34.753821099438774,34.98979405154197,24.772684967250918,0.0,0.7262080408789683,0.7262080408789683,25.0,0.025,25.0,0.007,0.007,0.0,0.001,1.0,0.0,0.0,1.0,0.0,0.0,0.0,99.2,0.0,0.1,0.7000000000000001,10,10.0,compute,0.0,-0.1,-0.1
dapper,congested,107,100.0,1000,24.763848167260303,33.88426057014752,34.77470672268729,34.998762184541775,24.763848167260303,0.0,0.7257346306649486,0.7257346306649486,50.0,0.05,50.0,0.005,0.005,0.0,0.002,0.5,0.0,0.0,0.5,0.0,0.5,0.0,99.3,0.0,0.2,0.5,12,12.0,compute,0.0,-0.1,-0.1
dapper,congested,108,100.0,1000,24.953177155047733,33.943119032195405,34.814499351033405,34.99655745974279,24.953177155047733,0.0,0.7244295155267036,0.7244295155267036,50.0,0.05,50.0,0.008,0.008,0.0,0.002,1.0,0.0,0.0,1.0,0.0,0.0,0.0,99.0,0.0,0.2,0.8,16,16.0,compute,0.0,-0.1,-0.1
dapper,congested,109,100.0,1000,24.847059358357548,33.93181537323021,34.785030538309286,34.98925809716232,24.847059358357548,0.0,0.7234323551786083,0.7234323551786083,0.0,0.0,0.0,0.007,0.007,0.0,0.0,0.0,0.0,0.0,0.0,0.0,0.0,0.0,99.3,0.0,0.0,0.7000000000000001,10,10.0,compute,0.0,-0.1,-0.1
dapper,congested,110,100.0,1000,24.70223165713215,33.71973175922034,34.60151524624712,34.90888622322395,24.70223165713215,0.0,0.7246938266396346,0.7246938266396346,50.0,0.05,50.0,0.005,0.005,0.0,0.002,0.5,0.0,0.0,0.5,0.0,0.5,0.0,99.3,0.0,0.2,0.5,10,10.0,compute,0.0,-0.1,-0.1
dapper,congested,111,100.0,1000,24.94253826558974,33.995133250212476,34.74455155405684,34.96241421096305,24.94253826558974,0.0,0.7254545302713125,0.7254545302713125,50.0,0.05,50.0,0.008,0.008,0.0,0.002,1.0,0.0,0.0,1.0,0.0,0.0,0.0,99.0,0.0,0.2,0.8,16,16.0,compute,0.0,-0.1,-0.1
dapper,congested,112,100.0,1000,24.86963877249279,33.90095224371657,34.76580213455383,34.985906989642146,24.86963877249279,0.0,0.7266076329631779,0.7266076329631779,25.0,0.025,25.0,0.013,0.013,0.0,0.001,1.0,0.0,0.0,1.0,0.0,0.0,0.0,98.6,0.0,0.1,1.3,20,20.0,compute,0.0,-0.1,-0.1
dapper,congested,113,100.0,1000,24.72292431672843,33.938019364553725,34.77247181035648,34.98424994294581,24.72292431672843,0.0,0.7265134749764945,0.7265134749764945,100.0,0.1,100.0,0.007,0.007,0.0,0.004,1.0,0.0,0.0,1.0,0.0,0.0,0.0,98.9,0.0,0.4,0.7000000000000001,18,18.0,compute,0.0,-0.1,-0.1
dapper,congested,114,100.0,1000,24.915906991902833,33.99518413696301,34.87476614646897,34.96282987218834,24.915906991902833,0.0,0.7286233928366593,0.7286233928366593,0.0,0.0,0.0,0.008,0.008,0.0,0.0,0.0,0.0,0.0,0.0,0.0,0.0,0.0,99.2,0.0,0.0,0.8,10,10.0,compute,0.0,-0.1,-0.1
dapper,congested,115,100.0,1000,25.085740611498316,34.01033183391731,34.751795785617006,34.96593743598228,25.085740611498316,0.0,0.722824442674691,0.722824442674691,75.0,0.075,75.0,0.006,0.006,0.0,0.003,0.6666666666666666,0.0,0.0,0.6666666666666666,0.0,0.3333333333333333,0.0,99.1,0.0,0.3,0.6,14,14.0,compute,0.0,-0.1,-0.1
dapper,congested,116,100.0,1000,25.324934204252145,33.95730249293956,34.77240430108412,34.9771698353159,25.324934204252145,0.0,0.7260315559209485,0.7260315559209485,125.0,0.125,125.0,0.008,0.008,0.0,0.005,0.8,0.0,0.0,0.8,0.0,0.2,0.0,98.7,0.0,0.5,0.8,26,26.0,compute,0.0,-0.1,-0.1
dapper,congested,117,100.0,1000,24.38620885543388,33.706919736517364,34.66361864084976,34.994340946660934,24.38620885543388,0.0,0.7253330615138619,0.7253330615138619,25.0,0.025,25.0,0.008,0.008,0.0,0.001,1.0,0.0,0.0,1.0,0.0,0.0,0.0,99.1,0.0,0.1,0.8,18,18.0,compute,0.0,-0.1,-0.1
dapper,congested,118,100.0,1000,25.01023416650803,34.01490807545646,34.75940662114508,34.968506891824205,25.01023416650803,0.0,0.7268033495517163,0.7268033495517163,50.0,0.05,50.0,0.007,0.007,0.0,0.002,0.5,0.0,0.0,0.5,0.0,0.5,0.0,99.1,0.0,0.2,0.7000000000000001,14,14.0,compute,0.0,-0.1,-0.1
dapper,congested,119,100.0,1000,25.237974362405513,33.930297923071485,34.79939395844596,34.97944595589328,25.237974362405513,0.0,0.7235998627315303,0.7235998627315303,50.0,0.05,50.0,0.005,0.005,0.0,0.002,1.0,0.0,0.0,1.0,0.0,0.0,0.0,99.3,0.0,0.2,0.5,12,12.0,compute,0.0,-0.1,-0.1
dapper,congested,120,100.0,1000,24.770729236686982,33.99634834863332,34.78821886321599,34.985958566309606,24.770729236686982,0.0,0.724149083598059,0.724149083598059,75.0,0.075,75.0,0.008,0.008,0.0,0.003,1.0,0.0,0.0,1.0,0.0,0.0,0.0,98.9,0.0,0.3,0.8,22,22.0,compute,0.0,-0.1,-0.1
dapper,congested,121,100.0,1000,24.670024513531853,33.750343569648706,34.75280697328194,34.996277370025744,24.670024513531853,0.0,0.7242193034879331,0.7242193034879331,25.0,0.025,25.0,0.006,0.006,0.0,0.001,1.0,0.0,0.0,1.0,0.0,0.0,0.0,99.3,0.0,0.1,0.6,12,12.0,compute,0.0,-0.1,-0.1
dapper,congested,122,100.0,1000,24.53787182490916,33.83751458842038,34.770700984913006,34.91653465760954,24.53787182490916,0.0,0.726925307989091,0.726925307989091,75.0,0.075,75.0,0.013,0.013,0.0,0.003,1.0,0.0,0.0,1.0,0.0,0.0,0.0,98.4,0.0,0.3,1.3,20,20.0,compute,0.0,-0.1,-0.1
dapper,congested,123,100.0,1000,24.972968667791022,34.0068905091913,34.771507219222585,34.98883073588995,24.972968667791022,0.0,0.7231981737549722,0.7231981737549722,75.0,0.075,75.0,0.002,0.002,0.0,0.003,1.0,0.0,0.0,1.0,0.0,0.0,0.0,99.5,0.0,0.3,0.2,10,10.0,compute,0.0,-0.1,-0.1
dapper,congested,124,100.0,1000,24.68398444976012,33.74309287533703,34.66363593071505,34.94326242767353,24.68398444976012,0.0,0.7246698111318651,0.7246698111318651,50.0,0.05,50.0,0.006,0.006,0.0,0.002,1.0,0.0,0.0,1.0,0.0,0.0,0.0,99.2,0.0,0.2,0.6,14,14.0,compute,0.0,-0.1,-0.1
dapper,congested,125,100.0,1000,24.725669553063664,34.05786747219948,34.83418763630404,34.99974319601896,24.725669553063664,0.0,0.7228975062228786,0.7228975062228786,175.0,0.175,175.0,0.012,0.012,0.0,0.007,1.0,0.0,0.0,1.0,0.0,0.0,0.0,98.1,0.0,0.7000000000000001,1.2,28,28.0,compute,0.0,-0.1,-0.1
dapper,congested,126,100.0,1000,24.961010734873252,33.97988585528562,34.774114294105054,34.99086328598782,24.961010734873252,0.0,0.7258907807888281,0.7258907807888281,0.0,0.0,0.0,0.002,0.002,0.0,0.0,0.0,0.0,0.0,0.0,0.0,0.0,0.0,99.8,0.0,0.0,0.2,4,4.0,compute,0.0,-0.1,-0.1
dapper,congested,127,100.0,1000,24.79915459305446,33.97839515917549,34.71031183612322,34.99801668883106,24.79915459305446,0.0,0.7241769809830646,0.7241769809830646,0.0,0.0,0.0,0.01,0.01,0.0,0.0,0.0,0.0,0.0,0.0,0.0,0.0,0.0,99.0,0.0,0.0,1.0,18,18.0,compute,0.0,-0.1,-0.1
dapper,congested,128,100.0,1000,24.671514882986425,34.08647701991846,34.783499539553866,34.99302751306131,24.671514882986425,0.0,0.72324842617587,0.72324842617587,25.0,0.025,25.0,0.008,0.008,0.0,0.001,1.0,0.0,0.0,1.0,0.0,0.0,0.0,99.1,0.0,0.1,0.8,14,14.0,compute,0.0,-0.1,-0.1
dapper,congested,129,100.0,1000,24.599702966215787,33.90591045177916,34.77957296022762,34.981958638619645,24.599702966215787,0.0,0.7227863941222297,0.7227863941222297,25.0,0.025,25.0,0.013,0.013,0.0,0.001,1.0,0.0,0.0,1.0,0.0,0.0,0.0,98.6,0.0,0.1,1.3,22,22.0,compute,0.0,-0.1,-0.1
dapper,variable,100,100.0,1000,19.982586604038204,33.67165741325517,34.792210039083834,118.8400067929382,22.07468170885308,0.001,0.7261154155433257,0.7302131064059479,7525.0,7.525,7525.0,0.285,0.216,0.0,0.301,0.9169435215946844,0.10963455149501661,0.033,0.8073089700996677,0.0,0.08305647840531562,0.0,48.3,0.2,29.9,21.6,379,379.0,compute,0.0,-0.1,-0.1
dapper,variable,101,100.0,1000,20.032821718518576,33.57870664183945,34.768603826022314,130.12421028394152,22.529644788674126,0.001,0.7274534669745578,0.7327484420202961,8400.0,8.4,8400.0,0.257,0.2,0.0,0.336,0.9404761904761905,0.1130952380952381,0.038,0.8273809523809523,0.0,0.05952380952380952,0.0,46.400000000000006,0.2,33.4,20.0,366,366.0,compute,0.0,-0.1,-0.1
dapper,variable,102,100.0,1000,21.725835154751234,33.952084801243224,34.85412725538718,34.995332379528136,24.55018827202417,0.0,0.7253923428217819,0.7325011631642455,8800.0,8.8,8800.0,0.167,0.131,0.0,0.352,0.8977272727272727,0.11931818181818182,0.042,0.7784090909090909,0.0,0.10227272727272728,0.0,51.7,0.0,35.199999999999996,13.100000000000001,322,322.0,compute,0.0,-0.1,-0.1
dapper,variable,103,100.0,1000,19.512093113412188,33.581179869308166,34.6745142049723,34.99051342908312,21.536858533775952,0.0,0.7264145780785138,0.7316018841146493,8350.0,8.35,8350.0,0.315,0.239,0.0,0.334,0.9221556886227545,0.08982035928143713,0.03,0.8323353293413174,0.0,0.07784431137724551,0.0,42.699999999999996,0.0,33.4,23.9,382,382.0,compute,0.0,-0.1,-0.1
dapper,variable,104,100.0,1000,21.59641273718233,33.929643163445895,34.73237141367273,94.34988895399152,24.19286560109536,0.0,0.7275986974536933,0.7335000817049102,8225.0,8.225,8225.0,0.187,0.143,0.0,0.329,0.9270516717325228,0.12158054711246201,0.04,0.8054711246200608,0.0,0.0729483282674772,0.0,52.800000000000004,0.1,32.800000000000004,14.299999999999999,356,356.0,compute,0.0,-0.1,-0.1
dapper,variable,105,100.0,1000,20.409246302565197,33.52133876628223,34.7773651787171,34.98077376103997,23.376413958481,0.0,0.726150768098847,0.7330994621409599,8225.0,8.225,8225.0,0.238,0.184,0.0,0.329,0.9422492401215805,0.13069908814589665,0.043,0.8115501519756839,0.0,0.057750759878419454,0.0,48.699999999999996,0.0,32.9,18.4,339,339.0,compute,0.0,-0.1,-0.1
dapper,variable,106,100.0,1000,21.693548716214355,33.585798862209,34.69339334676836,81.70154707522526,24.22464112131524,0.0,0.7258652477499856,0.7321782081483472,7975.0,7.975,7975.0,0.175,0.136,0.0,0.319,0.9373040752351097,0.12539184952978055,0.04,0.8119122257053292,0.0,0.06269592476489028,0.0,54.50000000000001,0.2,31.7,13.600000000000001,345,345.0,compute,0.0,-0.1,-0.1
dapper,variable,107,100.0,1000,20.056441701403287,33.56666120695883,34.6268453225655,34.98148819897819,22.290948278842663,0.0,0.7240116849833446,0.729203334796121,7225.0,7.225,7225.0,0.261,0.201,0.0,0.289,0.903114186851211,0.11418685121107267,0.033,0.7889273356401384,0.0,0.09688581314878893,0.0,51.0,0.0,28.9,20.1,354,354.0,compute,0.0,-0.1,-0.1
dapper,variable,108,100.0,1000,20.480881005394448,33.99159903353784,34.77692101060002,34.94872090187498,23.301428970536026,0.0,0.7260048286422379,0.7332002127738215,8525.0,8.525,8525.0,0.26,0.196,0.0,0.341,0.9354838709677419,0.12316715542521994,0.042,0.8123167155425219,0.0,0.06451612903225806,0.0,46.300000000000004,0.0,34.1,19.6,373,373.0,compute,0.0,-0.1,-0.1
dapper,variable,109,100.0,1000,21.210997956041414,33.76823065319891,34.76110730262953,34.98660651522982,23.060011675214664,0.0,0.7239038673745836,0.7281507289543079,7975.0,7.975,7975.0,0.203,0.156,0.0,0.319,0.9184952978056427,0.08463949843260188,0.027,0.8338557993730408,0.0,0.08150470219435736,0.0,52.5,0.0,31.900000000000002,15.6,354,354.0,compute,0.0,-0.1,-0.1
dapper,variable,110,100.0,1000,20.982663888093814,33.908831310824965,34.67822534775889,34.98146709760653,22.85841796982215,0.0,0.7252583766377324,0.7294279576298566,7850.0,7.85,7850.0,0.226,0.171,0.0,0.314,0.9267515923566879,0.08917197452229299,0.028,0.8375796178343949,0.0,0.0732484076433121,0.0,51.5,0.0,31.4,17.1,352,352.0,compute,0.0,-0.1,-0.1
dapper,variable,111,100.0,1000,21.15036747714493,33.79838354481562,34.723349040720166,34.97684653932659,23.898246545335653,0.0,0.7257443855359366,0.7321232698987364,8275.0,8.275,8275.0,0.216,0.166,0.0,0.331,0.9305135951661632,0.12386706948640483,0.041,0.8066465256797583,0.0,0.06948640483383686,0.0,50.3,0.0,33.1,16.6,343,343.0,compute,0.0,-0.1,-0.1
dapper,variable,112,100.0,1000,21.15428485790153,34.05730258463002,34.810685213855976,95.60692075800978,24.212262504548903,0.0,0.7289845658848524,0.7356621447394286,8550.0,8.55,8550.0,0.215,0.162,0.0,0.342,0.9385964912280702,0.13450292397660818,0.046,0.804093567251462,0.0,0.06140350877192982,0.0,49.6,0.1,34.1,16.2,353,353.0,compute,0.0,-0.1,-0.1
dapper,variable,113,100.0,1000,21.407197908227634,33.6041055239902,34.85024032877786,99.37989474475414,22.896912929005918,0.0,0.7266617951000531,0.7298801650003229,8050.0,8.05,8050.000000000001,0.197,0.15,0.0,0.322,0.9472049689440993,0.07453416149068323,0.024,0.8726708074534162,0.0,0.052795031055900624,0.0,52.800000000000004,0.2,32.0,15.0,356,356.0,compute,0.0,-0.1,-0.1
dapper,variable,114,100.0,1000,19.681626157814506,33.53883646549626,34.61117657596823,65.01267859043493,21.80082481738994,0.0,0.7223860373703112,0.7272650507331792,6800.0,6.8,6800.0,0.266,0.205,0.0,0.272,0.9191176470588235,0.11764705882352941,0.032,0.8014705882352942,0.0,0.08088235294117647,0.0,52.300000000000004,0.1,27.1,20.5,382,382.0,compute,0.0,-0.1,-0.1
dapper,variable,115,100.0,1000,21.501875107852523,33.364621656107765,34.63878908973307,71.38575394548876,24.548942824019623,0.0,0.7232997891097337,0.7305974128658156,8050.0,8.05,8050.000000000001,0.176,0.137,0.0,0.322,0.9161490683229814,0.13975155279503104,0.045,0.7763975155279503,0.0,0.08385093167701864,0.0,54.1,0.1,32.1,13.700000000000001,323,323.0,compute,0.0,-0.1,-0.1
dapper,variable,116,100.0,1000,20.840460970931165,33.98344969197258,34.76841725790863,34.94714462527301,22.676296011280233,0.0,0.7289372186607409,0.7337824041177154,6950.0,6.95,6950.0,0.239,0.184,0.0,0.278,0.935251798561151,0.09712230215827339,0.027,0.8381294964028777,0.0,0.06474820143884892,0.0,53.800000000000004,0.0,27.800000000000004,18.4,343,343.0,compute,0.0,-0.1,-0.1
dapper,variable,117,100.0,1000,22.76021868961211,34.240173789397694,34.82080355680936,34.990866631104254,24.340232113684532,0.0,0.7236897900442029,0.7274013833791875,9000.0,9.0,9000.0,0.132,0.1,0.0,0.36,0.925,0.06388888888888888,0.023,0.8611111111111112,0.0,0.075,0.0,54.0,0.0,36.0,10.0,362,362.0,compute,0.0,-0.1,-0.1
dapper,variable,118,100.0,1000,21.19990772515089,33.5101571170854,34.37942051281876,34.868091607089696,24.795661088368785,0.0,0.7251742139285398,0.7332718839678496,9050.0,9.05,9050.0,0.193,0.148,0.0,0.362,0.9337016574585635,0.143646408839779,0.052,0.7900552486187845,0.0,0.06629834254143646,0.0,49.0,0.0,36.199999999999996,14.799999999999999,358,358.0,compute,0.0,-0.1,-0.1
dapper,variable,119,100.0,1000,20.98980792595105,33.65904383541709,34.57959716197339,34.99635852821138,23.759955843587026,0.0,0.7248011782863056,0.731759718303051,8175.0,8.175,8175.000000000001,0.218,0.166,0.0,0.327,0.9174311926605505,0.12538226299694188,0.041,0.7920489296636085,0.0,0.08256880733944955,0.0,50.7,0.0,32.7,16.6,331,331.0,compute,0.0,-0.1,-0.1
dapper,variable,120,100.0,1000,21.837219680970637,34.03774592690324,34.76952915332794,127.93897519600993,24.357473320400256,0.002,0.7236256274039456,0.7284661430570807,9800.0,9.8,9800.0,0.181,0.134,0.0,0.392,0.9387755102040817,0.09438775510204081,0.037,0.8443877551020408,0.0,0.061224489795918366,0.0,47.4,0.2,39.0,13.4,343,343.0,compute,0.0,-0.1,-0.1
dapper,variable,121,100.0,1000,20.848443625543368,33.787801895819854,34.82555022218981,93.78460541874055,24.68125200719413,0.0,0.7247866654880621,0.7345887093906228,9100.0,9.1,9100.0,0.217,0.168,0.0,0.364,0.945054945054945,0.15934065934065933,0.058,0.7857142857142857,0.0,0.054945054945054944,0.0,46.800000000000004,0.1,36.3,16.8,341,341.0,compute,0.0,-0.1,-0.1
dapper,variable,122,100.0,1000,21.13175821444513,33.694416258508085,34.631522901173106,34.97317679379236,24.23120819446242,0.0,0.727101792089757,0.7340206501603544,8250.0,8.25,8250.0,0.197,0.151,0.0,0.33,0.9545454545454546,0.13636363636363635,0.045,0.8181818181818182,0.0,0.045454545454545456,0.0,51.9,0.0,33.0,15.1,356,356.0,compute,0.0,-0.1,-0.1
dapper,variable,123,100.0,1000,21.19321361110236,33.79836669778276,34.8040714253328,120.87930552377972,23.28141950399647,0.001,0.7282104611957531,0.7333062896589962,7925.0,7.925,7925.0,0.216,0.164,0.0,0.317,0.9495268138801262,0.10094637223974763,0.032,0.8485804416403786,0.0,0.050473186119873815,0.0,51.9,0.1,31.6,16.400000000000002,347,347.0,compute,0.0,-0.1,-0.1
dapper,variable,124,100.0,1000,21.732988484636902,33.61582768332837,34.67732058291188,34.996246009129095,23.750766552712175,0.0,0.7242599698219147,0.7290090601287487,9550.0,9.55,9550.0,0.169,0.132,0.0,0.382,0.9083769633507853,0.07853403141361257,0.03,0.8298429319371727,0.0,0.09162303664921466,0.0,48.6,0.0,38.2,13.200000000000001,362,362.0,compute,0.0,-0.1,-0.1
dapper,variable,125,100.0,1000,20.80303424039086,33.5821858336104,34.78089954500363,58.999224215844464,23.64318483654006,0.0,0.7247916875899626,0.7310543455649272,8300.0,8.3,8300.0,0.222,0.17,0.0,0.332,0.927710843373494,0.12650602409638553,0.042,0.8012048192771084,0.0,0.07228915662650602,0.0,49.8,0.1,33.1,17.0,368,368.0,compute,0.0,-0.1,-0.1
dapper,variable,126,100.0,1000,21.1478810158433,33.75159446968112,34.720173914570076,34.997585709381326,23.72466143080774,0.0,0.730137150017489,0.7363161985328225,8050.0,8.05,8050.000000000001,0.21,0.163,0.0,0.322,0.9316770186335404,0.12111801242236025,0.039,0.8105590062111802,0.0,0.06832298136645963,0.0,51.5,0.0,32.2,16.3,350,350.0,compute,0.0,-0.1,-0.1
dapper,variable,127,100.0,1000,20.660215773075464,34.01155392391131,34.710521322396545,34.9805264786951,22.9640357303438,0.0,0.7254115546748069,0.7311096624471685,8025.0,8.025,8025.0,0.245,0.187,0.0,0.321,0.9532710280373832,0.102803738317757,0.033,0.8504672897196262,0.0,0.04672897196261682,0.0,49.2,0.0,32.1,18.7,379,379.0,compute,0.0,-0.1,-0.1
dapper,variable,128,100.0,1000,19.588881490818014,33.63444553862527,34.724924465655434,34.96530254190218,21.60420490748735,0.0,0.7261101277963585,0.7302212879187465,6900.0,6.9,6900.0,0.278,0.214,0.0,0.276,0.9057971014492754,0.10507246376811594,0.029,0.8007246376811594,0.0,0.09420289855072464,0.0,51.0,0.0,27.6,21.4,349,349.0,compute,0.0,-0.1,-0.1
dapper,variable,129,100.0,1000,21.109790891695805,33.95740515939866,34.80037395267204,122.55153447106281,23.16959798697679,0.001,0.7216296347896245,0.7259172646658353,7750.0,7.75,7750.0,0.228,0.175,0.0,0.31,0.9451612903225807,0.1032258064516129,0.032,0.8419354838709677,0.0,0.054838709677419356,0.0,51.5,0.1,30.9,17.5,325,325.0,compute,0.0,-0.1,-0.1
dapper,stable,100,100.0,1000,25.279403323317702,33.96035223762113,34.73962355895296,34.988775105687154,51.53514833678389,0.0,0.7265268897628933,0.792417917211626,21350.0,21.35,21350.0,0.0,0.0,0.0,0.854,0.9918032786885246,0.4953161592505855,0.423,0.4964871194379391,0.0,0.00819672131147541,0.0,14.6,0.0,85.39999999999999,0.0,259,259.0,compute,0.0,0.0,0.0
dapper,stable,101,100.0,1000,24.820657080469697,33.96040511204254,34.788072376532675,34.99828909781833,53.53675771177409,0.0,0.7249338588619687,0.7978649635318986,21700.0,21.7,21700.0,0.0,0.0,0.0,0.868,0.9896313364055299,0.5288018433179723,0.459,0.4608294930875576,0.0,0.010368663594470046,0.0,13.200000000000001,0.0,86.8,0.0,231,231.0,compute,0.0,0.0,0.0
dapper,stable,102,100.0,1000,24.835880473076735,33.70682378335116,34.74818297607158,34.965240972972765,51.8627260021259,0.0,0.727324394359075,0.800034845226407,20900.0,20.9,20900.0,0.0,0.0,0.0,0.836,0.992822966507177,0.5263157894736842,0.44,0.4665071770334928,0.0,0.007177033492822967,0.0,16.400000000000002,0.0,83.6,0.0,284,284.0,compute,0.0,0.0,0.0
dapper,stable,103,100.0,1000,24.972078044518216,34.293187186352334,34.89307765319619,34.99802137082616,53.372703891643845,0.0,0.7236659440861409,0.7991290672988378,21525.0,21.525,21525.0,0.0,0.0,0.0,0.861,0.9883855981416957,0.5342624854819977,0.46,0.454123112659698,0.0,0.011614401858304297,0.0,13.900000000000002,0.0,86.1,0.0,237,237.0,compute,0.0,0.0,0.0
dapper,stable,104,100.0,1000,24.98622097286207,33.860115377670134,34.74837408619961,34.98656616097203,51.037343944723006,0.0,0.7240926018777877,0.7898578469524961,21900.0,21.9,21900.0,0.0,0.0,0.0,0.876,0.9920091324200914,0.4794520547945205,0.42,0.5125570776255708,0.0,0.007990867579908675,0.0,12.4,0.0,87.6,0.0,220,220.0,compute,0.0,0.0,0.0
dapper,stable,105,100.0,1000,24.85634769037545,33.82025179084476,34.62504012903672,34.93314580405199,51.59710330911793,0.0,0.7262361051095783,0.7959250227091806,21250.0,21.25,21250.0,0.0,0.0,0.0,0.85,0.9905882352941177,0.5105882352941177,0.434,0.48,0.0,0.009411764705882352,0.0,15.0,0.0,85.0,0.0,256,256.0,compute,0.0,0.0,0.0
dapper,stable,106,100.0,1000,24.716410963251104,33.86074949026578,34.68730165917939,34.933586993197196,52.69637342008328,0.0,0.7229428904328138,0.7962430814491968,21425.0,21.425,21425.0,0.0,0.0,0.0,0.857,0.9918319719953326,0.5227537922987164,0.448,0.4690781796966161,0.0,0.008168028004667444,0.0,14.299999999999999,0.0,85.7,0.0,252,252.0,compute,0.0,0.0,0.0
dapper,stable,107,100.0,1000,24.88557902804772,33.83424628214373,34.89267109559948,34.9936438529993,53.380353744565205,0.0,0.7245133185042392,0.7993133636844371,22025.0,22.025,22025.0,0.0,0.0,0.0,0.881,0.9886492622020431,0.5187287173666288,0.457,0.4699205448354143,0.0,0.011350737797956867,0.0,11.899999999999999,0.0,88.1,0.0,198,198.0,compute,0.0,0.0,0.0
dapper,stable,108,100.0,1000,25.235897183714567,34.2868707566229,34.87218349603604,34.989690121554816,51.92467360201944,0.0,0.7254394152220247,0.7967132376294662,21500.0,21.5,21500.0,0.0,0.0,0.0,0.86,0.9872093023255814,0.5023255813953489,0.432,0.4848837209302326,0.0,0.012790697674418604,0.0,14.000000000000002,0.0,86.0,0.0,231,231.0,compute,0.0,0.0,0.0
dapper,stable,109,100.0,1000,25.268964708760926,34.15910526808331,34.79620852522923,34.94284900848466,51.53790445445115,0.0,0.7225069831603355,0.7908717000411818,21775.0,21.775,21775.0,0.0,0.0,0.0,0.871,0.9850746268656716,0.4845005740528129,0.422,0.5005740528128588,0.0,0.014925373134328358,0.0,12.9,0.0,87.1,0.0,228,228.0,compute,0.0,0.0,0.0
dapper,stable,110,100.0,1000,24.978043487255007,33.957417382454665,34.80033649104111,34.99011804008187,51.64725260956925,0.0,0.7239727698806182,0.7935801521646344,21400.0,21.4,21400.0,0.0,0.0,0.0,0.856,0.985981308411215,0.5035046728971962,0.431,0.4824766355140187,0.0,0.014018691588785047,0.0,14.399999999999999,0.0,85.6,0.0,261,261.0,compute,0.0,0.0,0.0
dapper,stable,111,100.0,1000,25.491345575881343,33.99942489704205,34.77294614292747,34.98882482505357,52.77932606666301,0.0,0.7264559107913696,0.7988751227250941,20975.0,20.975,20975.0,0.0,0.0,0.0,0.839,0.9916567342073898,0.5256257449344458,0.441,0.466030989272944,0.0,0.00834326579261025,0.0,16.1,0.0,83.89999999999999,0.0,276,276.0,compute,0.0,0.0,0.0
dapper,stable,112,100.0,1000,25.044635098675773,33.93678625080242,34.80594764992258,34.978994945141224,52.774438295965986,0.0,0.7245903067601731,0.7942867336915719,21700.0,21.7,21700.0,0.0,0.0,0.0,0.868,0.9919354838709677,0.5103686635944701,0.443,0.4815668202764977,0.0,0.008064516129032258,0.0,13.200000000000001,0.0,86.8,0.0,220,220.0,compute,0.0,0.0,0.0
dapper,stable,113,100.0,1000,24.924957379086543,33.92528008813723,34.852479041190236,34.99387303551587,50.565197370598845,0.0,0.725184772552611,0.7910288053494875,21600.0,21.6,21600.0,0.0,0.0,0.0,0.864,0.9826388888888888,0.48032407407407407,0.415,0.5023148148148148,0.0,0.017361111111111112,0.0,13.600000000000001,0.0,86.4,0.0,239,239.0,compute,0.0,0.0,0.0
dapper,stable,114,100.0,1000,25.128438548268,33.86993382489312,34.786318253661975,34.99771913787838,53.866453690073165,0.0,0.7237524930795687,0.7977940224588013,21900.0,21.9,21900.0,0.0,0.0,0.0,0.876,0.9908675799086758,0.5308219178082192,0.465,0.4600456621004566,0.0,0.0091324200913242,0.0,12.4,0.0,87.6,0.0,214,214.0,compute,0.0,0.0,0.0
dapper,stable,115,100.0,1000,25.094705607799348,34.162413089123824,34.74465384721523,34.970565607066455,51.94937303752475,0.0,0.7245886848920773,0.7944537871206474,21750.0,21.75,21750.0,0.0,0.0,0.0,0.87,0.9873563218390805,0.5011494252873563,0.436,0.4862068965517241,0.0,0.01264367816091954,0.0,13.0,0.0,87.0,0.0,219,219.0,compute,0.0,0.0,0.0
dapper,stable,116,100.0,1000,25.028301912688907,34.05041769477859,34.88445460350265,34.99403448766891,54.211607535281885,0.0,0.7244573126145593,0.798391101095973,21750.0,21.75,21750.0,0.0,0.0,0.0,0.87,0.9942528735632183,0.5448275862068965,0.474,0.4494252873563218,0.0,0.005747126436781609,0.0,13.0,0.0,87.0,0.0,221,221.0,compute,0.0,0.0,0.0
dapper,stable,117,100.0,1000,24.997182216762514,33.94211020128963,34.806950360419165,34.98156739475102,51.94396103000347,0.0,0.7238166310991714,0.7935256482510197,21850.0,21.85,21850.0,0.0,0.0,0.0,0.874,0.9862700228832952,0.4897025171624714,0.428,0.4965675057208238,0.0,0.013729977116704805,0.0,12.6,0.0,87.4,0.0,226,226.0,compute,0.0,0.0,0.0
dapper,stable,118,100.0,1000,25.026589048763064,34.146334679362305,34.835239525322194,34.964244111574146,52.20873167600773,0.0,0.7280528994609765,0.7960765304196257,21475.0,21.475,21475.0,0.0,0.0,0.0,0.859,0.9906868451688009,0.5075669383003493,0.436,0.4831199068684517,0.0,0.009313154831199068,0.0,14.099999999999998,0.0,85.9,0.0,244,244.0,compute,0.0,0.0,0.0
dapper,stable,119,100.0,1000,24.80107188012856,34.00280379558126,34.81754573602827,34.936826663719394,53.78667209236602,0.0,0.7243707963012889,0.799875204249307,21925.0,21.925,21925.0,0.0,0.0,0.0,0.877,0.9874572405929305,0.5324971493728621,0.467,0.4549600912200684,0.0,0.012542759407069556,0.0,12.3,0.0,87.7,0.0,228,228.0,compute,0.0,0.0,0.0
dapper,stable,120,100.0,1000,25.000139802139184,33.83887438020657,34.75482963071029,34.96519781982063,52.586658253654925,0.0,0.7247996031934949,0.7950348677637523,21800.0,21.8,21800.0,0.0,0.0,0.0,0.872,0.9839449541284404,0.5103211009174312,0.445,0.4736238532110092,0.0,0.016055045871559634,0.0,12.8,0.0,87.2,0.0,212,212.0,compute,0.0,0.0,0.0
dapper,stable,121,100.0,1000,24.870142370806825,34.08802278656587,34.79782372711737,34.96061084968983,51.218892289603616,0.0,0.7235062491591376,0.7917923991779289,21800.0,21.8,21800.0,0.0,0.0,0.0,0.872,0.9862385321100917,0.48394495412844035,0.422,0.5022935779816514,0.0,0.013761467889908258,0.0,12.8,0.0,87.2,0.0,219,219.0,compute,0.0,0.0,0.0
dapper,stable,122,100.0,1000,24.829111935230273,33.958468133447,34.74506049633189,34.924143640943036,53.271418624119164,0.0,0.7259117747422895,0.7982645293058339,21950.0,21.95,21950.0,0.0,0.0,0.0,0.878,0.9886104783599089,0.5148063781321185,0.452,0.47380410022779046,0.0,0.011389521640091117,0.0,12.2,0.0,87.8,0.0,200,200.0,compute,0.0,0.0,0.0
dapper,stable,123,100.0,1000,25.35470141463279,34.01400394209814,34.728637206489786,34.90743937957425,51.64158095400979,0.0,0.7231039957478556,0.7928850748486099,22225.0,22.225,22225.0,0.0,0.0,0.0,0.889,0.9820022497187851,0.4769403824521935,0.424,0.5050618672665916,0.0,0.01799775028121485,0.0,11.1,0.0,88.9,0.0,196,196.0,compute,0.0,0.0,0.0
dapper,stable,124,100.0,1000,25.00583269004324,34.03261405514325,34.80612955591713,34.95256595801938,50.8126236179597,0.0,0.7270004160651047,0.7942088997255117,21000.0,21.0,21000.0,0.0,0.0,0.0,0.84,0.9928571428571429,0.49642857142857144,0.417,0.49642857142857144,0.0,0.007142857142857143,0.0,16.0,0.0,84.0,0.0,280,280.0,compute,0.0,0.0,0.0
dapper,stable,125,100.0,1000,24.9867591189863,33.982185709447386,34.8021659840167,34.99165214842439,53.959249959158115,0.0,0.7268533605073024,0.7989657788847586,21650.0,21.65,21650.0,0.0,0.0,0.0,0.866,0.9919168591224018,0.5323325635103926,0.461,0.45958429561200925,0.0,0.008083140877598153,0.0,13.4,0.0,86.6,0.0,238,238.0,compute,0.0,0.0,0.0
dapper,stable,126,100.0,1000,24.628886386363657,33.70638744138536,34.672811784104226,34.983867296625746,53.134621864449656,0.0,0.726794351381784,0.8009463128693688,21175.0,21.175,21175.0,0.0,0.0,0.0,0.847,0.9881936245572609,0.5419126328217237,0.459,0.4462809917355372,0.0,0.011806375442739079,0.0,15.299999999999999,0.0,84.7,0.0,252,252.0,compute,0.0,0.0,0.0
dapper,stable,127,100.0,1000,25.164646066804526,34.17312143282042,34.80106095916998,34.970740898815485,54.30743225703345,0.0,0.7237258806201099,0.7969399991420358,22125.0,22.125,22125.0,0.0,0.0,0.0,0.885,0.9909604519774011,0.5276836158192091,0.467,0.4632768361581921,0.0,0.00903954802259887,0.0,11.5,0.0,88.5,0.0,207,207.0,compute,0.0,0.0,0.0
dapper,stable,128,100.0,1000,25.178185128090664,33.92859815320874,34.67968897440042,34.972660274630584,53.589153958153254,0.0,0.7271450910033325,0.7988558762020542,21425.0,21.425,21425.0,0.0,0.0,0.0,0.857,0.9836639439906651,0.5309218203033839,0.455,0.45274212368728123,0.0,0.01633605600933489,0.0,14.299999999999999,0.0,85.7,0.0,237,237.0,compute,0.0,0.0,0.0
dapper,stable,129,100.0,1000,25.217209562918274,34.07064808785484,34.83459462785327,34.9933571344785,53.065152250426124,0.0,0.722736266433297,0.7957788932941594,21825.0,21.825,21825.0,0.0,0.0,0.0,0.873,0.9896907216494846,0.5131729667812142,0.448,0.4765177548682703,0.0,0.010309278350515464,0.0,12.7,0.0,87.3,0.0,214,214.0,compute,0.0,0.0,0.0
dapper,congested,100,100.0,1000,24.824557271985057,33.928407620489025,34.77556075006328,34.97404020175507,24.824557271985057,0.0,0.7231225654703062,0.7231225654703062,0.0,0.0,0.0,0.004,0.004,0.0,0.0,0.0,0.0,0.0,0.0,0.0,0.0,0.0,99.6,0.0,0.0,0.4,8,8.0,compute,0.0,0.0,0.0
dapper,congested,101,100.0,1000,25.026673523971784,34.03466107987438,34.84243479054015,34.99327875607795,25.026673523971784,0.0,0.7239603822715144,0.7239603822715144,0.0,0.0,0.0,0.007,0.007,0.0,0.0,0.0,0.0,0.0,0.0,0.0,0.0,0.0,99.3,0.0,0.0,0.7000000000000001,12,12.0,compute,0.0,0.0,0.0
dapper,congested,102,100.0,1000,24.829712790777762,33.96479457393766,34.69588731781126,34.989536221406055,24.829712790777762,0.0,0.7270052366898776,0.7270052366898776,0.0,0.0,0.0,0.008,0.008,0.0,0.0,0.0,0.0,0.0,0.0,0.0,0.0,0.0,99.2,0.0,0.0,0.8,14,14.0,compute,0.0,0.0,0.0
dapper,congested,103,100.0,1000,24.892785643695664,34.09454856492267,34.78542999553827,34.985893217625524,24.892785643695664,0.0,0.7249187188165734,0.7249187188165734,0.0,0.0,0.0,0.006,0.006,0.0,0.0,0.0,0.0,0.0,0.0,0.0,0.0,0.0,99.4,0.0,0.0,0.6,12,12.0,compute,0.0,0.0,0.0
dapper,congested,104,100.0,1000,24.77796847513708,33.81394766067372,34.81048977789511,34.94578824107255,24.77796847513708,0.0,0.7272547943451833,0.7272547943451833,0.0,0.0,0.0,0.008,0.008,0.0,0.0,0.0,0.0,0.0,0.0,0.0,0.0,0.0,99.2,0.0,0.0,0.8,14,14.0,compute,0.0,0.0,0.0
dapper,congested,105,100.0,1000,24.677162661323955,34.007432758127685,34.86009343610894,34.98145078352877,24.677162661323955,0.0,0.7241646482306923,0.7241646482306923,25.0,0.025,25.0,0.008,0.008,0.0,0.001,1.0,0.0,0.0,1.0,0.0,0.0,0.0,99.1,0.0,0.1,0.8,14,14.0,compute,0.0,0.0,0.0
dapper,congested,106,100.0,1000,24.772684967250918,33.98450796903268,34.753821099438774,34.98979405154197,24.772684967250918,0.0,0.7262080408789683,0.7262080408789683,0.0,0.0,0.0,0.007,0.007,0.0,0.0,0.0,0.0,0.0,0.0,0.0,0.0,0.0,99.3,0.0,0.0,0.7000000000000001,8,8.0,compute,0.0,0.0,0.0
dapper,congested,107,100.0,1000,24.763848167260303,33.88426057014752,34.77470672268729,34.998762184541775,24.763848167260303,0.0,0.7257346306649486,0.7257346306649486,0.0,0.0,0.0,0.005,0.005,0.0,0.0,0.0,0.0,0.0,0.0,0.0,0.0,0.0,99.5,0.0,0.0,0.5,8,8.0,compute,0.0,0.0,0.0
dapper,congested,108,100.0,1000,24.953177155047733,33.943119032195405,34.814499351033405,34.99655745974279,24.953177155047733,0.0,0.7244295155267036,0.7244295155267036,0.0,0.0,0.0,0.008,0.008,0.0,0.0,0.0,0.0,0.0,0.0,0.0,0.0,0.0,99.2,0.0,0.0,0.8,14,14.0,compute,0.0,0.0,0.0
dapper,congested,109,100.0,1000,24.847059358357548,33.93181537323021,34.785030538309286,34.98925809716232,24.847059358357548,0.0,0.7234323551786083,0.7234323551786083,0.0,0.0,0.0,0.007,0.007,0.0,0.0,0.0,0.0,0.0,0.0,0.0,0.0,0.0,99.3,0.0,0.0,0.7000000000000001,10,10.0,compute,0.0,0.0,0.0
dapper,congested,110,100.0,1000,24.70223165713215,33.71973175922034,34.60151524624712,34.90888622322395,24.70223165713215,0.0,0.7246938266396346,0.7246938266396346,0.0,0.0,0.0,0.005,0.005,0.0,0.0,0.0,0.0,0.0,0.0,0.0,0.0,0.0,99.5,0.0,0.0,0.5,8,8.0,compute,0.0,0.0,0.0
dapper,congested,111,100.0,1000,24.94253826558974,33.995133250212476,34.74455155405684,34.96241421096305,24.94253826558974,0.0,0.7254545302713125,0.7254545302713125,0.0,0.0,0.0,0.008,0.008,0.0,0.0,0.0,0.0,0.0,0.0,0.0,0.0,0.0,99.2,0.0,0.0,0.8,14,14.0,compute,0.0,0.0,0.0
dapper,congested,112,100.0,1000,24.86963877249279,33.90095224371657,34.76580213455383,34.985906989642146,24.86963877249279,0.0,0.7266076329631779,0.7266076329631779,0.0,0.0,0.0,0.013,0.013,0.0,0.0,0.0,0.0,0.0,0.0,0.0,0.0,0.0,98.7,0.0,0.0,1.3,18,18.0,compute,0.0,0.0,0.0
dapper,congested,113,100.0,1000,24.72292431672843,33.938019364553725,34.77247181035648,34.98424994294581,24.72292431672843,0.0,0.7265134749764945,0.7265134749764945,0.0,0.0,0.0,0.007,0.007,0.0,0.0,0.0,0.0,0.0,0.0,0.0,0.0,0.0,99.3,0.0,0.0,0.7000000000000001,12,12.0,compute,0.0,0.0,0.0
dapper,congested,114,100.0,1000,24.915906991902833,33.99518413696301,34.87476614646897,34.96282987218834,24.915906991902833,0.0,0.7286233928366593,0.7286233928366593,0.0,0.0,0.0,0.008,0.008,0.0,0.0,0.0,0.0,0.0,0.0,0.0,0.0,0.0,99.2,0.0,0.0,0.8,10,10.0,compute,0.0,0.0,0.0
dapper,congested,115,100.0,1000,25.085740611498316,34.01033183391731,34.751795785617006,34.96593743598228,25.085740611498316,0.0,0.722824442674691,0.722824442674691,0.0,0.0,0.0,0.006,0.006,0.0,0.0,0.0,0.0,0.0,0.0,0.0,0.0,0.0,99.4,0.0,0.0,0.6,10,10.0,compute,0.0,0.0,0.0
dapper,congested,116,100.0,1000,25.324934204252145,33.95730249293956,34.77240430108412,34.9771698353159,25.324934204252145,0.0,0.7260315559209485,0.7260315559209485,0.0,0.0,0.0,0.008,0.008,0.0,0.0,0.0,0.0,0.0,0.0,0.0,0.0,0.0,99.2,0.0,0.0,0.8,16,16.0,compute,0.0,0.0,0.0
dapper,congested,117,100.0,1000,24.38620885543388,33.706919736517364,34.66361864084976,34.994340946660934,24.38620885543388,0.0,0.7253330615138619,0.7253330615138619,25.0,0.025,25.0,0.008,0.008,0.0,0.001,1.0,0.0,0.0,1.0,0.0,0.0,0.0,99.1,0.0,0.1,0.8,18,18.0,compute,0.0,0.0,0.0
dapper,congested,118,100.0,1000,25.01023416650803,34.01490807545646,34.75940662114508,34.968506891824205,25.01023416650803,0.0,0.7268033495517163,0.7268033495517163,0.0,0.0,0.0,0.007,0.007,0.0,0.0,0.0,0.0,0.0,0.0,0.0,0.0,0.0,99.3,0.0,0.0,0.7000000000000001,12,12.0,compute,0.0,0.0,0.0
dapper,congested,119,100.0,1000,25.237974362405513,33.930297923071485,34.79939395844596,34.97944595589328,25.237974362405513,0.0,0.7235998627315303,0.7235998627315303,0.0,0.0,0.0,0.005,0.005,0.0,0.0,0.0,0.0,0.0,0.0,0.0,0.0,0.0,99.5,0.0,0.0,0.5,8,8.0,compute,0.0,0.0,0.0
dapper,congested,120,100.0,1000,24.770729236686982,33.99634834863332,34.78821886321599,34.985958566309606,24.770729236686982,0.0,0.724149083598059,0.724149083598059,0.0,0.0,0.0,0.008,0.008,0.0,0.0,0.0,0.0,0.0,0.0,0.0,0.0,0.0,99.2,0.0,0.0,0.8,16,16.0,compute,0.0,0.0,0.0
dapper,congested,121,100.0,1000,24.670024513531853,33.750343569648706,34.75280697328194,34.996277370025744,24.670024513531853,0.0,0.7242193034879331,0.7242193034879331,0.0,0.0,0.0,0.006,0.006,0.0,0.0,0.0,0.0,0.0,0.0,0.0,0.0,0.0,99.4,0.0,0.0,0.6,10,10.0,compute,0.0,0.0,0.0
dapper,congested,122,100.0,1000,24.53787182490916,33.83751458842038,34.770700984913006,34.91653465760954,24.53787182490916,0.0,0.726925307989091,0.726925307989091,0.0,0.0,0.0,0.013,0.013,0.0,0.0,0.0,0.0,0.0,0.0,0.0,0.0,0.0,98.7,0.0,0.0,1.3,14,14.0,compute,0.0,0.0,0.0
dapper,congested,123,100.0,1000,24.972968667791022,34.0068905091913,34.771507219222585,34.98883073588995,24.972968667791022,0.0,0.7231981737549722,0.7231981737549722,0.0,0.0,0.0,0.002,0.002,0.0,0.0,0.0,0.0,0.0,0.0,0.0,0.0,0.0,99.8,0.0,0.0,0.2,4,4.0,compute,0.0,0.0,0.0
dapper,congested,124,100.0,1000,24.68398444976012,33.74309287533703,34.66363593071505,34.94326242767353,24.68398444976012,0.0,0.7246698111318651,0.7246698111318651,0.0,0.0,0.0,0.006,0.006,0.0,0.0,0.0,0.0,0.0,0.0,0.0,0.0,0.0,99.4,0.0,0.0,0.6,10,10.0,compute,0.0,0.0,0.0
dapper,congested,125,100.0,1000,24.725669553063664,34.05786747219948,34.83418763630404,34.99974319601896,24.725669553063664,0.0,0.7228975062228786,0.7228975062228786,25.0,0.025,25.0,0.012,0.012,0.0,0.001,1.0,0.0,0.0,1.0,0.0,0.0,0.0,98.7,0.0,0.1,1.2,16,16.0,compute,0.0,0.0,0.0
dapper,congested,126,100.0,1000,24.961010734873252,33.97988585528562,34.774114294105054,34.99086328598782,24.961010734873252,0.0,0.7258907807888281,0.7258907807888281,0.0,0.0,0.0,0.002,0.002,0.0,0.0,0.0,0.0,0.0,0.0,0.0,0.0,0.0,99.8,0.0,0.0,0.2,4,4.0,compute,0.0,0.0,0.0
dapper,congested,127,100.0,1000,24.79915459305446,33.97839515917549,34.71031183612322,34.99801668883106,24.79915459305446,0.0,0.7241769809830646,0.7241769809830646,0.0,0.0,0.0,0.01,0.01,0.0,0.0,0.0,0.0,0.0,0.0,0.0,0.0,0.0,99.0,0.0,0.0,1.0,18,18.0,compute,0.0,0.0,0.0
dapper,congested,128,100.0,1000,24.671514882986425,34.08647701991846,34.783499539553866,34.99302751306131,24.671514882986425,0.0,0.72324842617587,0.72324842617587,0.0,0.0,0.0,0.008,0.008,0.0,0.0,0.0,0.0,0.0,0.0,0.0,0.0,0.0,99.2,0.0,0.0,0.8,12,12.0,compute,0.0,0.0,0.0
dapper,congested,129,100.0,1000,24.599702966215787,33.90591045177916,34.77957296022762,34.981958638619645,24.599702966215787,0.0,0.7227863941222297,0.7227863941222297,0.0,0.0,0.0,0.013,0.013,0.0,0.0,0.0,0.0,0.0,0.0,0.0,0.0,0.0,98.7,0.0,0.0,1.3,20,20.0,compute,0.0,0.0,0.0
dapper,variable,100,100.0,1000,19.847097399190012,33.61420558459003,34.76027410675784,34.95054826151675,21.97468170885308,0.0,0.7259116438296801,0.7309100495998946,5375.0,5.375,5375.0,0.284,0.216,0.0,0.215,0.9116279069767442,0.15348837209302327,0.033,0.7581395348837209,0.0,0.08837209302325581,0.0,56.89999999999999,0.0,21.5,21.6,342,342.0,compute,0.0,0.0,0.0
dapper,variable,101,100.0,1000,19.873228370530978,33.51859359353788,34.716729365681125,34.99816501848515,22.429717590864318,0.0,0.7275598148950951,0.7338505135735993,6025.0,6.025,6025.0,0.256,0.2,0.0,0.241,0.9294605809128631,0.15767634854771784,0.038,0.7717842323651453,0.0,0.07053941908713693,0.0,55.900000000000006,0.0,24.099999999999998,20.0,331,331.0,compute,0.0,0.0,0.0
dapper,variable,102,100.0,1000,21.725835154751234,33.952084801243224,34.85412725538718,34.995332379528136,24.55018827202417,0.0,0.7253923428217819,0.7325011631642455,6075.0,6.075,6075.0,0.167,0.131,0.0,0.243,0.9012345679012346,0.1728395061728395,0.042,0.7283950617283951,0.0,0.09876543209876543,0.0,62.6,0.0,24.3,13.100000000000001,304,304.0,compute,0.0,0.0,0.0
dapper,variable,103,100.0,1000,19.512093113412188,33.581179869308166,34.6745142049723,34.99051342908312,21.536858533775952,0.0,0.7264145780785138,0.7316018841146493,5975.0,5.975,5975.0,0.315,0.239,0.0,0.239,0.9079497907949791,0.12552301255230125,0.03,0.7824267782426778,0.0,0.09205020920502092,0.0,52.2,0.0,23.9,23.9,358,358.0,compute,0.0,0.0,0.0
dapper,variable,104,100.0,1000,21.518439904160722,33.92297556550541,34.71580596411837,34.944614204784195,24.19286560109536,0.0,0.727405744674525,0.7335000817049102,5675.0,5.675,5675.0,0.187,0.143,0.0,0.227,0.920704845814978,0.1762114537444934,0.04,0.7444933920704846,0.0,0.07929515418502203,0.0,63.0,0.0,22.7,14.299999999999999,297,297.0,compute,0.0,0.0,0.0
dapper,variable,105,100.0,1000,20.409246302565197,33.52133876628223,34.7773651787171,34.98077376103997,23.376413958481,0.0,0.726150768098847,0.7330994621409599,6100.0,6.1,6100.0,0.238,0.184,0.0,0.244,0.9467213114754098,0.1762295081967213,0.043,0.7704918032786885,0.0,0.05327868852459016,0.0,57.199999999999996,0.0,24.4,18.4,334,334.0,compute,0.0,0.0,0.0
dapper,variable,106,100.0,1000,21.59372391817589,33.5305156645498,34.67586933903363,34.993851868805095,24.22464112131524,0.0,0.7255234671581106,0.7321782081483472,5525.0,5.525,5525.0,0.175,0.136,0.0,0.221,0.9366515837104072,0.18099547511312217,0.04,0.755656108597285,0.0,0.06334841628959276,0.0,64.3,0.0,22.1,13.600000000000001,290,290.0,compute,0.0,0.0,0.0
dapper,variable,107,100.0,1000,20.056441701403287,33.56666120695883,34.6268453225655,34.98148819897819,22.290948278842663,0.0,0.7240116849833446,0.729203334796121,4925.0,4.925,4925.0,0.261,0.201,0.0,0.197,0.9137055837563451,0.16751269035532995,0.033,0.7461928934010152,0.0,0.08629441624365482,0.0,60.199999999999996,0.0,19.7,20.1,301,301.0,compute,0.0,0.0,0.0
dapper,variable,108,100.0,1000,20.480881005394448,33.99159903353784,34.77692101060002,34.94872090187498,23.301428970536026,0.0,0.7260048286422379,0.7332002127738215,6000.0,6.0,6000.0,0.26,0.196,0.0,0.24,0.925,0.175,0.042,0.75,0.0,0.075,0.0,56.39999999999999,0.0,24.0,19.6,334,334.0,compute,0.0,0.0,0.0
dapper,variable,109,100.0,1000,21.210997956041414,33.76823065319891,34.76110730262953,34.98660651522982,23.060011675214664,0.0,0.7239038673745836,0.7281507289543079,5375.0,5.375,5375.0,0.203,0.156,0.0,0.215,0.9348837209302325,0.12558139534883722,0.027,0.8093023255813954,0.0,0.06511627906976744,0.0,62.9,0.0,21.5,15.6,311,311.0,compute,0.0,0.0,0.0
dapper,variable,110,100.0,1000,20.982663888093814,33.908831310824965,34.67822534775889,34.98146709760653,22.85841796982215,0.0,0.7252583766377324,0.7294279576298566,5500.0,5.5,5500.0,0.226,0.171,0.0,0.22,0.9181818181818182,0.12727272727272726,0.028,0.7909090909090909,0.0,0.08181818181818182,0.0,60.9,0.0,22.0,17.1,315,315.0,compute,0.0,0.0,0.0
dapper,variable,111,100.0,1000,21.15036747714493,33.79838354481562,34.723349040720166,34.97684653932659,23.898246545335653,0.0,0.7257443855359366,0.7321232698987364,6050.0,6.05,6050.0,0.216,0.166,0.0,0.242,0.9297520661157025,0.16942148760330578,0.041,0.7603305785123967,0.0,0.07024793388429752,0.0,59.199999999999996,0.0,24.2,16.6,312,312.0,compute,0.0,0.0,0.0
dapper,variable,112,100.0,1000,21.078172240720427,34.0565418294024,34.79412676903375,34.95854802039493,24.212262504548903,0.0,0.728773769620013,0.7356621447394286,6425.0,6.425,6425.0,0.215,0.162,0.0,0.257,0.9455252918287937,0.17898832684824903,0.046,0.7665369649805448,0.0,0.054474708171206226,0.0,58.099999999999994,0.0,25.7,16.2,324,324.0,compute,0.0,0.0,0.0
dapper,variable,113,100.0,1000,21.273906223598555,33.57682626381407,34.78843892853948,34.96829040868747,22.896912929005918,0.0,0.7263068757945752,0.7298801650003229,5800.0,5.8,5800.0,0.197,0.15,0.0,0.232,0.9396551724137931,0.10344827586206896,0.024,0.8362068965517241,0.0,0.0603448275862069,0.0,61.8,0.0,23.200000000000003,15.0,301,301.0,compute,0.0,0.0,0.0
dapper,variable,114,100.0,1000,19.651478679764644,33.53883646549626,34.61117657596823,34.99588156157893,21.80082481738994,0.0,0.7222741502329159,0.7272650507331792,4450.0,4.45,4450.0,0.266,0.205,0.0,0.178,0.9044943820224719,0.1797752808988764,0.032,0.7247191011235955,0.0,0.09550561797752809,0.0,61.7,0.0,17.8,20.5,333,333.0,compute,0.0,0.0,0.0
dapper,variable,115,100.0,1000,21.45827282696581,33.34691437699113,34.626745067103904,34.87718954629805,24.548942824019623,0.0,0.7230935571850724,0.7305974128658156,5350.0,5.35,5350.0,0.176,0.137,0.0,0.214,0.9065420560747663,0.2102803738317757,0.045,0.6962616822429907,0.0,0.09345794392523364,0.0,64.9,0.0,21.4,13.700000000000001,290,290.0,compute,0.0,0.0,0.0
dapper,variable,116,100.0,1000,20.840460970931165,33.98344969197258,34.76841725790863,34.94714462527301,22.676296011280233,0.0,0.7289372186607409,0.7337824041177154,4900.0,4.9,4900.0,0.239,0.184,0.0,0.196,0.9336734693877551,0.1377551020408163,0.027,0.7959183673469388,0.0,0.0663265306122449,0.0,62.0,0.0,19.6,18.4,294,294.0,compute,0.0,0.0,0.0
dapper,variable,117,100.0,1000,22.76021868961211,34.240173789397694,34.82080355680936,34.990866631104254,24.340232113684532,0.0,0.7236897900442029,0.7274013833791875,6150.0,6.15,6150.0,0.132,0.1,0.0,0.246,0.9146341463414634,0.09349593495934959,0.023,0.8211382113821138,0.0,0.08536585365853659,0.0,65.4,0.0,24.6,10.0,296,296.0,compute,0.0,0.0,0.0
dapper,variable,118,100.0,1000,21.19990772515089,33.5101571170854,34.37942051281876,34.868091607089696,24.795661088368785,0.0,0.7251742139285398,0.7332718839678496,6650.0,6.65,6650.0,0.193,0.148,0.0,0.266,0.9323308270676691,0.19548872180451127,0.052,0.7368421052631579,0.0,0.06766917293233082,0.0,58.599999999999994,0.0,26.6,14.799999999999999,320,320.0,compute,0.0,0.0,0.0
dapper,variable,119,100.0,1000,20.98980792595105,33.65904383541709,34.57959716197339,34.99635852821138,23.759955843587026,0.0,0.7248011782863056,0.731759718303051,5900.0,5.9,5900.0,0.218,0.166,0.0,0.236,0.9279661016949152,0.17372881355932204,0.041,0.7542372881355932,0.0,0.07203389830508475,0.0,59.8,0.0,23.599999999999998,16.6,303,303.0,compute,0.0,0.0,0.0
dapper,variable,120,100.0,1000,21.637219680970638,33.96526001626422,34.71258654891299,34.99491157025027,24.157473320400253,0.0,0.7236256274039456,0.7299055176505913,7075.0,7.075,7075.0,0.179,0.134,0.0,0.283,0.9399293286219081,0.13074204946996468,0.037,0.8091872791519434,0.0,0.06007067137809187,0.0,58.3,0.0,28.299999999999997,13.4,319,319.0,compute,0.0,0.0,0.0
dapper,variable,121,100.0,1000,20.769854338698046,33.76407787463392,34.80089032279628,34.994688323129196,24.68125200719413,0.0,0.7246801812954811,0.7345887093906228,6775.0,6.775,6775.0,0.217,0.168,0.0,0.271,0.948339483394834,0.2140221402214022,0.058,0.7343173431734318,0.0,0.05166051660516605,0.0,56.10000000000001,0.0,27.1,16.8,311,311.0,compute,0.0,0.0,0.0
dapper,variable,122,100.0,1000,21.13175821444513,33.694416258508085,34.631522901173106,34.97317679379236,24.23120819446242,0.0,0.727101792089757,0.7340206501603544,5650.0,5.65,5650.0,0.197,0.151,0.0,0.226,0.9557522123893806,0.19911504424778761,0.045,0.7566371681415929,0.0,0.04424778761061947,0.0,62.3,0.0,22.6,15.1,312,312.0,compute,0.0,0.0,0.0
dapper,variable,123,100.0,1000,21.09321361110236,33.79103353765298,34.79488657343286,34.98222422308634,23.181419503996473,0.0,0.7282104611957531,0.7339684088091011,5550.0,5.55,5550.0,0.215,0.164,0.0,0.222,0.9369369369369369,0.14414414414414414,0.032,0.7927927927927928,0.0,0.06306306306306306,0.0,61.4,0.0,22.2,16.400000000000002,318,318.0,compute,0.0,0.0,0.0
dapper,variable,124,100.0,1000,21.732988484636902,33.61582768332837,34.67732058291188,34.996246009129095,23.750766552712175,0.0,0.7242599698219147,0.7290090601287487,6700.0,6.7,6700.0,0.169,0.132,0.0,0.268,0.8955223880597015,0.11194029850746269,0.03,0.7835820895522388,0.0,0.1044776119402985,0.0,60.0,0.0,26.8,13.200000000000001,338,338.0,compute,0.0,0.0,0.0
dapper,variable,125,100.0,1000,20.769788307085673,33.55572104656107,34.7780426012565,34.94952031560075,23.64318483654006,0.0,0.7246252838037862,0.7310543455649272,5925.0,5.925,5925.0,0.222,0.17,0.0,0.237,0.9409282700421941,0.17721518987341772,0.042,0.7637130801687764,0.0,0.05907172995780591,0.0,59.3,0.0,23.7,17.0,320,320.0,compute,0.0,0.0,0.0
dapper,variable,126,100.0,1000,21.1478810158433,33.75159446968112,34.720173914570076,34.997585709381326,23.72466143080774,0.0,0.730137150017489,0.7363161985328225,5775.0,5.775,5775.0,0.21,0.163,0.0,0.231,0.9307359307359307,0.16883116883116883,0.039,0.7619047619047619,0.0,0.06926406926406926,0.0,60.6,0.0,23.1,16.3,315,315.0,compute,0.0,0.0,0.0
dapper,variable,127,100.0,1000,20.660215773075464,34.01155392391131,34.710521322396545,34.9805264786951,22.9640357303438,0.0,0.7254115546748069,0.7311096624471685,5750.0,5.75,5750.0,0.245,0.187,0.0,0.23,0.9521739130434783,0.14347826086956522,0.033,0.808695652173913,0.0,0.04782608695652174,0.0,58.3,0.0,23.0,18.7,329,329.0,compute,0.0,0.0,0.0
dapper,variable,128,100.0,1000,19.588881490818014,33.63444553862527,34.724924465655434,34.96530254190218,21.60420490748735,0.0,0.7261101277963585,0.7302212879187465,4475.0,4.475,4475.0,0.278,0.214,0.0,0.179,0.9162011173184358,0.16201117318435754,0.029,0.7541899441340782,0.0,0.08379888268156424,0.0,60.699999999999996,0.0,17.9,21.4,299,299.0,compute,0.0,0.0,0.0
dapper,variable,129,100.0,1000,21.009790891695804,33.95183803633796,34.77333674805944,34.967648156933706,23.06959798697679,0.0,0.7216296347896245,0.7265740112000998,5425.0,5.425,5425.0,0.227,0.175,0.0,0.217,0.9447004608294931,0.14746543778801843,0.032,0.7972350230414746,0.0,0.055299539170506916,0.0,60.8,0.0,21.7,17.5,312,312.0,compute,0.0,0.0,0.0
dapper,stable,100,100.0,1000,25.279403323317702,33.96035223762113,34.73962355895296,34.988775105687154,51.53514833678389,0.0,0.7265268897628933,0.792417917211626,21350.0,21.35,21350.0,0.0,0.0,0.0,0.854,0.9918032786885246,0.4953161592505855,0.423,0.4964871194379391,0.0,0.00819672131147541,0.0,14.6,0.0,85.39999999999999,0.0,259,259.0,compute,0.0,0.1,0.1
dapper,stable,101,100.0,1000,24.820657080469697,33.96040511204254,34.788072376532675,34.99828909781833,53.53675771177409,0.0,0.7249338588619687,0.7978649635318986,21700.0,21.7,21700.0,0.0,0.0,0.0,0.868,0.9896313364055299,0.5288018433179723,0.459,0.4608294930875576,0.0,0.010368663594470046,0.0,13.200000000000001,0.0,86.8,0.0,231,231.0,compute,0.0,0.1,0.1
dapper,stable,102,100.0,1000,24.835880473076735,33.70682378335116,34.74818297607158,34.965240972972765,51.8627260021259,0.0,0.727324394359075,0.800034845226407,20900.0,20.9,20900.0,0.0,0.0,0.0,0.836,0.992822966507177,0.5263157894736842,0.44,0.4665071770334928,0.0,0.007177033492822967,0.0,16.400000000000002,0.0,83.6,0.0,284,284.0,compute,0.0,0.1,0.1
dapper,stable,103,100.0,1000,24.972078044518216,34.293187186352334,34.89307765319619,34.99802137082616,53.372703891643845,0.0,0.7236659440861409,0.7991290672988378,21525.0,21.525,21525.0,0.0,0.0,0.0,0.861,0.9883855981416957,0.5342624854819977,0.46,0.454123112659698,0.0,0.011614401858304297,0.0,13.900000000000002,0.0,86.1,0.0,237,237.0,compute,0.0,0.1,0.1
dapper,stable,104,100.0,1000,24.98622097286207,33.860115377670134,34.74837408619961,34.98656616097203,51.037343944723006,0.0,0.7240926018777877,0.7898578469524961,21900.0,21.9,21900.0,0.0,0.0,0.0,0.876,0.9920091324200914,0.4794520547945205,0.42,0.5125570776255708,0.0,0.007990867579908675,0.0,12.4,0.0,87.6,0.0,220,220.0,compute,0.0,0.1,0.1
dapper,stable,105,100.0,1000,24.85634769037545,33.82025179084476,34.62504012903672,34.93314580405199,51.59710330911793,0.0,0.7262361051095783,0.7959250227091806,21250.0,21.25,21250.0,0.0,0.0,0.0,0.85,0.9905882352941177,0.5105882352941177,0.434,0.48,0.0,0.009411764705882352,0.0,15.0,0.0,85.0,0.0,256,256.0,compute,0.0,0.1,0.1
dapper,stable,106,100.0,1000,24.716410963251104,33.86074949026578,34.68730165917939,34.933586993197196,52.69637342008328,0.0,0.7229428904328138,0.7962430814491968,21425.0,21.425,21425.0,0.0,0.0,0.0,0.857,0.9918319719953326,0.5227537922987164,0.448,0.4690781796966161,0.0,0.008168028004667444,0.0,14.299999999999999,0.0,85.7,0.0,252,252.0,compute,0.0,0.1,0.1
dapper,stable,107,100.0,1000,24.88557902804772,33.83424628214373,34.89267109559948,34.9936438529993,53.380353744565205,0.0,0.7245133185042392,0.7993133636844371,22025.0,22.025,22025.0,0.0,0.0,0.0,0.881,0.9886492622020431,0.5187287173666288,0.457,0.4699205448354143,0.0,0.011350737797956867,0.0,11.899999999999999,0.0,88.1,0.0,198,198.0,compute,0.0,0.1,0.1
dapper,stable,108,100.0,1000,25.235897183714567,34.2868707566229,34.87218349603604,34.989690121554816,51.92467360201944,0.0,0.7254394152220247,0.7967132376294662,21500.0,21.5,21500.0,0.0,0.0,0.0,0.86,0.9872093023255814,0.5023255813953489,0.432,0.4848837209302326,0.0,0.012790697674418604,0.0,14.000000000000002,0.0,86.0,0.0,231,231.0,compute,0.0,0.1,0.1
dapper,stable,109,100.0,1000,25.268964708760926,34.15910526808331,34.79620852522923,34.94284900848466,51.53790445445115,0.0,0.7225069831603355,0.7908717000411818,21775.0,21.775,21775.0,0.0,0.0,0.0,0.871,0.9850746268656716,0.4845005740528129,0.422,0.5005740528128588,0.0,0.014925373134328358,0.0,12.9,0.0,87.1,0.0,228,228.0,compute,0.0,0.1,0.1
dapper,stable,110,100.0,1000,24.978043487255007,33.957417382454665,34.80033649104111,34.99011804008187,51.64725260956925,0.0,0.7239727698806182,0.7935801521646344,21400.0,21.4,21400.0,0.0,0.0,0.0,0.856,0.985981308411215,0.5035046728971962,0.431,0.4824766355140187,0.0,0.014018691588785047,0.0,14.399999999999999,0.0,85.6,0.0,261,261.0,compute,0.0,0.1,0.1
dapper,stable,111,100.0,1000,25.491345575881343,33.99942489704205,34.77294614292747,34.98882482505357,52.77932606666301,0.0,0.7264559107913696,0.7988751227250941,20975.0,20.975,20975.0,0.0,0.0,0.0,0.839,0.9916567342073898,0.5256257449344458,0.441,0.466030989272944,0.0,0.00834326579261025,0.0,16.1,0.0,83.89999999999999,0.0,276,276.0,compute,0.0,0.1,0.1
dapper,stable,112,100.0,1000,25.044635098675773,33.93678625080242,34.80594764992258,34.978994945141224,52.774438295965986,0.0,0.7245903067601731,0.7942867336915719,21700.0,21.7,21700.0,0.0,0.0,0.0,0.868,0.9919354838709677,0.5103686635944701,0.443,0.4815668202764977,0.0,0.008064516129032258,0.0,13.200000000000001,0.0,86.8,0.0,220,220.0,compute,0.0,0.1,0.1
dapper,stable,113,100.0,1000,24.924957379086543,33.92528008813723,34.852479041190236,34.99387303551587,50.565197370598845,0.0,0.725184772552611,0.7910288053494875,21600.0,21.6,21600.0,0.0,0.0,0.0,0.864,0.9826388888888888,0.48032407407407407,0.415,0.5023148148148148,0.0,0.017361111111111112,0.0,13.600000000000001,0.0,86.4,0.0,239,239.0,compute,0.0,0.1,0.1
dapper,stable,114,100.0,1000,25.128438548268,33.86993382489312,34.786318253661975,34.99771913787838,53.866453690073165,0.0,0.7237524930795687,0.7977940224588013,21900.0,21.9,21900.0,0.0,0.0,0.0,0.876,0.9908675799086758,0.5308219178082192,0.465,0.4600456621004566,0.0,0.0091324200913242,0.0,12.4,0.0,87.6,0.0,214,214.0,compute,0.0,0.1,0.1
dapper,stable,115,100.0,1000,25.094705607799348,34.162413089123824,34.74465384721523,34.970565607066455,51.94937303752475,0.0,0.7245886848920773,0.7944537871206474,21750.0,21.75,21750.0,0.0,0.0,0.0,0.87,0.9873563218390805,0.5011494252873563,0.436,0.4862068965517241,0.0,0.01264367816091954,0.0,13.0,0.0,87.0,0.0,219,219.0,compute,0.0,0.1,0.1
dapper,stable,116,100.0,1000,25.028301912688907,34.05041769477859,34.88445460350265,34.99403448766891,54.211607535281885,0.0,0.7244573126145593,0.798391101095973,21750.0,21.75,21750.0,0.0,0.0,0.0,0.87,0.9942528735632183,0.5448275862068965,0.474,0.4494252873563218,0.0,0.005747126436781609,0.0,13.0,0.0,87.0,0.0,221,221.0,compute,0.0,0.1,0.1
dapper,stable,117,100.0,1000,24.997182216762514,33.94211020128963,34.806950360419165,34.98156739475102,51.94396103000347,0.0,0.7238166310991714,0.7935256482510197,21850.0,21.85,21850.0,0.0,0.0,0.0,0.874,0.9862700228832952,0.4897025171624714,0.428,0.4965675057208238,0.0,0.013729977116704805,0.0,12.6,0.0,87.4,0.0,226,226.0,compute,0.0,0.1,0.1
dapper,stable,118,100.0,1000,25.026589048763064,34.146334679362305,34.835239525322194,34.964244111574146,52.20873167600773,0.0,0.7280528994609765,0.7960765304196257,21475.0,21.475,21475.0,0.0,0.0,0.0,0.859,0.9906868451688009,0.5075669383003493,0.436,0.4831199068684517,0.0,0.009313154831199068,0.0,14.099999999999998,0.0,85.9,0.0,244,244.0,compute,0.0,0.1,0.1
dapper,stable,119,100.0,1000,24.80107188012856,34.00280379558126,34.81754573602827,34.936826663719394,53.78667209236602,0.0,0.7243707963012889,0.799875204249307,21925.0,21.925,21925.0,0.0,0.0,0.0,0.877,0.9874572405929305,0.5324971493728621,0.467,0.4549600912200684,0.0,0.012542759407069556,0.0,12.3,0.0,87.7,0.0,228,228.0,compute,0.0,0.1,0.1
dapper,stable,120,100.0,1000,25.000139802139184,33.83887438020657,34.75482963071029,34.96519781982063,52.586658253654925,0.0,0.7247996031934949,0.7950348677637523,21800.0,21.8,21800.0,0.0,0.0,0.0,0.872,0.9839449541284404,0.5103211009174312,0.445,0.4736238532110092,0.0,0.016055045871559634,0.0,12.8,0.0,87.2,0.0,212,212.0,compute,0.0,0.1,0.1
dapper,stable,121,100.0,1000,24.870142370806825,34.08802278656587,34.79782372711737,34.96061084968983,51.218892289603616,0.0,0.7235062491591376,0.7917923991779289,21800.0,21.8,21800.0,0.0,0.0,0.0,0.872,0.9862385321100917,0.48394495412844035,0.422,0.5022935779816514,0.0,0.013761467889908258,0.0,12.8,0.0,87.2,0.0,219,219.0,compute,0.0,0.1,0.1
dapper,stable,122,100.0,1000,24.829111935230273,33.958468133447,34.74506049633189,34.924143640943036,53.271418624119164,0.0,0.7259117747422895,0.7982645293058339,21950.0,21.95,21950.0,0.0,0.0,0.0,0.878,0.9886104783599089,0.5148063781321185,0.452,0.47380410022779046,0.0,0.011389521640091117,0.0,12.2,0.0,87.8,0.0,200,200.0,compute,0.0,0.1,0.1
dapper,stable,123,100.0,1000,25.35470141463279,34.01400394209814,34.728637206489786,34.90743937957425,51.64158095400979,0.0,0.7231039957478556,0.7928850748486099,22225.0,22.225,22225.0,0.0,0.0,0.0,0.889,0.9820022497187851,0.4769403824521935,0.424,0.5050618672665916,0.0,0.01799775028121485,0.0,11.1,0.0,88.9,0.0,196,196.0,compute,0.0,0.1,0.1
dapper,stable,124,100.0,1000,25.00583269004324,34.03261405514325,34.80612955591713,34.95256595801938,50.8126236179597,0.0,0.7270004160651047,0.7942088997255117,21000.0,21.0,21000.0,0.0,0.0,0.0,0.84,0.9928571428571429,0.49642857142857144,0.417,0.49642857142857144,0.0,0.007142857142857143,0.0,16.0,0.0,84.0,0.0,280,280.0,compute,0.0,0.1,0.1
dapper,stable,125,100.0,1000,24.9867591189863,33.982185709447386,34.8021659840167,34.99165214842439,53.959249959158115,0.0,0.7268533605073024,0.7989657788847586,21650.0,21.65,21650.0,0.0,0.0,0.0,0.866,0.9919168591224018,0.5323325635103926,0.461,0.45958429561200925,0.0,0.008083140877598153,0.0,13.4,0.0,86.6,0.0,238,238.0,compute,0.0,0.1,0.1
dapper,stable,126,100.0,1000,24.628886386363657,33.70638744138536,34.672811784104226,34.983867296625746,53.134621864449656,0.0,0.726794351381784,0.8009463128693688,21175.0,21.175,21175.0,0.0,0.0,0.0,0.847,0.9881936245572609,0.5419126328217237,0.459,0.4462809917355372,0.0,0.011806375442739079,0.0,15.299999999999999,0.0,84.7,0.0,252,252.0,compute,0.0,0.1,0.1
dapper,stable,127,100.0,1000,25.164646066804526,34.17312143282042,34.80106095916998,34.970740898815485,54.30743225703345,0.0,0.7237258806201099,0.7969399991420358,22125.0,22.125,22125.0,0.0,0.0,0.0,0.885,0.9909604519774011,0.5276836158192091,0.467,0.4632768361581921,0.0,0.00903954802259887,0.0,11.5,0.0,88.5,0.0,207,207.0,compute,0.0,0.1,0.1
dapper,stable,128,100.0,1000,25.178185128090664,33.92859815320874,34.67968897440042,34.972660274630584,53.589153958153254,0.0,0.7271450910033325,0.7988558762020542,21425.0,21.425,21425.0,0.0,0.0,0.0,0.857,0.9836639439906651,0.5309218203033839,0.455,0.45274212368728123,0.0,0.01633605600933489,0.0,14.299999999999999,0.0,85.7,0.0,237,237.0,compute,0.0,0.1,0.1
dapper,stable,129,100.0,1000,25.217209562918274,34.07064808785484,34.83459462785327,34.9933571344785,53.065152250426124,0.0,0.722736266433297,0.7957788932941594,21825.0,21.825,21825.0,0.0,0.0,0.0,0.873,0.9896907216494846,0.5131729667812142,0.448,0.4765177548682703,0.0,0.010309278350515464,0.0,12.7,0.0,87.3,0.0,214,214.0,compute,0.0,0.1,0.1
dapper,congested,100,100.0,1000,24.824557271985057,33.928407620489025,34.77556075006328,34.97404020175507,24.824557271985057,0.0,0.7231225654703062,0.7231225654703062,0.0,0.0,0.0,0.004,0.004,0.0,0.0,0.0,0.0,0.0,0.0,0.0,0.0,0.0,99.6,0.0,0.0,0.4,8,8.0,compute,0.0,0.1,0.1
dapper,congested,101,100.0,1000,25.026673523971784,34.03466107987438,34.84243479054015,34.99327875607795,25.026673523971784,0.0,0.7239603822715144,0.7239603822715144,0.0,0.0,0.0,0.007,0.007,0.0,0.0,0.0,0.0,0.0,0.0,0.0,0.0,0.0,99.3,0.0,0.0,0.7000000000000001,12,12.0,compute,0.0,0.1,0.1
dapper,congested,102,100.0,1000,24.829712790777762,33.96479457393766,34.69588731781126,34.989536221406055,24.829712790777762,0.0,0.7270052366898776,0.7270052366898776,0.0,0.0,0.0,0.008,0.008,0.0,0.0,0.0,0.0,0.0,0.0,0.0,0.0,0.0,99.2,0.0,0.0,0.8,14,14.0,compute,0.0,0.1,0.1
dapper,congested,103,100.0,1000,24.892785643695664,34.09454856492267,34.78542999553827,34.985893217625524,24.892785643695664,0.0,0.7249187188165734,0.7249187188165734,0.0,0.0,0.0,0.006,0.006,0.0,0.0,0.0,0.0,0.0,0.0,0.0,0.0,0.0,99.4,0.0,0.0,0.6,12,12.0,compute,0.0,0.1,0.1
dapper,congested,104,100.0,1000,24.77796847513708,33.81394766067372,34.81048977789511,34.94578824107255,24.77796847513708,0.0,0.7272547943451833,0.7272547943451833,0.0,0.0,0.0,0.008,0.008,0.0,0.0,0.0,0.0,0.0,0.0,0.0,0.0,0.0,99.2,0.0,0.0,0.8,14,14.0,compute,0.0,0.1,0.1
dapper,congested,105,100.0,1000,24.677162661323955,34.007432758127685,34.86009343610894,34.98145078352877,24.677162661323955,0.0,0.7241646482306923,0.7241646482306923,0.0,0.0,0.0,0.008,0.008,0.0,0.0,0.0,0.0,0.0,0.0,0.0,0.0,0.0,99.2,0.0,0.0,0.8,12,12.0,compute,0.0,0.1,0.1
dapper,congested,106,100.0,1000,24.772684967250918,33.98450796903268,34.753821099438774,34.98979405154197,24.772684967250918,0.0,0.7262080408789683,0.7262080408789683,0.0,0.0,0.0,0.007,0.007,0.0,0.0,0.0,0.0,0.0,0.0,0.0,0.0,0.0,99.3,0.0,0.0,0.7000000000000001,8,8.0,compute,0.0,0.1,0.1
dapper,congested,107,100.0,1000,24.763848167260303,33.88426057014752,34.77470672268729,34.998762184541775,24.763848167260303,0.0,0.7257346306649486,0.7257346306649486,0.0,0.0,0.0,0.005,0.005,0.0,0.0,0.0,0.0,0.0,0.0,0.0,0.0,0.0,99.5,0.0,0.0,0.5,8,8.0,compute,0.0,0.1,0.1
dapper,congested,108,100.0,1000,24.953177155047733,33.943119032195405,34.814499351033405,34.99655745974279,24.953177155047733,0.0,0.7244295155267036,0.7244295155267036,0.0,0.0,0.0,0.008,0.008,0.0,0.0,0.0,0.0,0.0,0.0,0.0,0.0,0.0,99.2,0.0,0.0,0.8,14,14.0,compute,0.0,0.1,0.1
dapper,congested,109,100.0,1000,24.847059358357548,33.93181537323021,34.785030538309286,34.98925809716232,24.847059358357548,0.0,0.7234323551786083,0.7234323551786083,0.0,0.0,0.0,0.007,0.007,0.0,0.0,0.0,0.0,0.0,0.0,0.0,0.0,0.0,99.3,0.0,0.0,0.7000000000000001,10,10.0,compute,0.0,0.1,0.1
dapper,congested,110,100.0,1000,24.70223165713215,33.71973175922034,34.60151524624712,34.90888622322395,24.70223165713215,0.0,0.7246938266396346,0.7246938266396346,0.0,0.0,0.0,0.005,0.005,0.0,0.0,0.0,0.0,0.0,0.0,0.0,0.0,0.0,99.5,0.0,0.0,0.5,8,8.0,compute,0.0,0.1,0.1
dapper,congested,111,100.0,1000,24.94253826558974,33.995133250212476,34.74455155405684,34.96241421096305,24.94253826558974,0.0,0.7254545302713125,0.7254545302713125,0.0,0.0,0.0,0.008,0.008,0.0,0.0,0.0,0.0,0.0,0.0,0.0,0.0,0.0,99.2,0.0,0.0,0.8,14,14.0,compute,0.0,0.1,0.1
dapper,congested,112,100.0,1000,24.86963877249279,33.90095224371657,34.76580213455383,34.985906989642146,24.86963877249279,0.0,0.7266076329631779,0.7266076329631779,0.0,0.0,0.0,0.013,0.013,0.0,0.0,0.0,0.0,0.0,0.0,0.0,0.0,0.0,98.7,0.0,0.0,1.3,18,18.0,compute,0.0,0.1,0.1
dapper,congested,113,100.0,1000,24.72292431672843,33.938019364553725,34.77247181035648,34.98424994294581,24.72292431672843,0.0,0.7265134749764945,0.7265134749764945,0.0,0.0,0.0,0.007,0.007,0.0,0.0,0.0,0.0,0.0,0.0,0.0,0.0,0.0,99.3,0.0,0.0,0.7000000000000001,12,12.0,compute,0.0,0.1,0.1
dapper,congested,114,100.0,1000,24.915906991902833,33.99518413696301,34.87476614646897,34.96282987218834,24.915906991902833,0.0,0.7286233928366593,0.7286233928366593,0.0,0.0,0.0,0.008,0.008,0.0,0.0,0.0,0.0,0.0,0.0,0.0,0.0,0.0,99.2,0.0,0.0,0.8,10,10.0,compute,0.0,0.1,0.1
dapper,congested,115,100.0,1000,25.085740611498316,34.01033183391731,34.751795785617006,34.96593743598228,25.085740611498316,0.0,0.722824442674691,0.722824442674691,0.0,0.0,0.0,0.006,0.006,0.0,0.0,0.0,0.0,0.0,0.0,0.0,0.0,0.0,99.4,0.0,0.0,0.6,10,10.0,compute,0.0,0.1,0.1
dapper,congested,116,100.0,1000,25.324934204252145,33.95730249293956,34.77240430108412,34.9771698353159,25.324934204252145,0.0,0.7260315559209485,0.7260315559209485,0.0,0.0,0.0,0.008,0.008,0.0,0.0,0.0,0.0,0.0,0.0,0.0,0.0,0.0,99.2,0.0,0.0,0.8,16,16.0,compute,0.0,0.1,0.1
dapper,congested,117,100.0,1000,24.38620885543388,33.706919736517364,34.66361864084976,34.994340946660934,24.38620885543388,0.0,0.7253330615138619,0.7253330615138619,0.0,0.0,0.0,0.008,0.008,0.0,0.0,0.0,0.0,0.0,0.0,0.0,0.0,0.0,99.2,0.0,0.0,0.8,16,16.0,compute,0.0,0.1,0.1
dapper,congested,118,100.0,1000,25.01023416650803,34.01490807545646,34.75940662114508,34.968506891824205,25.01023416650803,0.0,0.7268033495517163,0.7268033495517163,0.0,0.0,0.0,0.007,0.007,0.0,0.0,0.0,0.0,0.0,0.0,0.0,0.0,0.0,99.3,0.0,0.0,0.7000000000000001,12,12.0,compute,0.0,0.1,0.1
dapper,congested,119,100.0,1000,25.237974362405513,33.930297923071485,34.79939395844596,34.97944595589328,25.237974362405513,0.0,0.7235998627315303,0.7235998627315303,0.0,0.0,0.0,0.005,0.005,0.0,0.0,0.0,0.0,0.0,0.0,0.0,0.0,0.0,99.5,0.0,0.0,0.5,8,8.0,compute,0.0,0.1,0.1
dapper,congested,120,100.0,1000,24.770729236686982,33.99634834863332,34.78821886321599,34.985958566309606,24.770729236686982,0.0,0.724149083598059,0.724149083598059,0.0,0.0,0.0,0.008,0.008,0.0,0.0,0.0,0.0,0.0,0.0,0.0,0.0,0.0,99.2,0.0,0.0,0.8,16,16.0,compute,0.0,0.1,0.1
dapper,congested,121,100.0,1000,24.670024513531853,33.750343569648706,34.75280697328194,34.996277370025744,24.670024513531853,0.0,0.7242193034879331,0.7242193034879331,0.0,0.0,0.0,0.006,0.006,0.0,0.0,0.0,0.0,0.0,0.0,0.0,0.0,0.0,99.4,0.0,0.0,0.6,10,10.0,compute,0.0,0.1,0.1
dapper,congested,122,100.0,1000,24.53787182490916,33.83751458842038,34.770700984913006,34.91653465760954,24.53787182490916,0.0,0.726925307989091,0.726925307989091,0.0,0.0,0.0,0.013,0.013,0.0,0.0,0.0,0.0,0.0,0.0,0.0,0.0,0.0,98.7,0.0,0.0,1.3,14,14.0,compute,0.0,0.1,0.1
dapper,congested,123,100.0,1000,24.972968667791022,34.0068905091913,34.771507219222585,34.98883073588995,24.972968667791022,0.0,0.7231981737549722,0.7231981737549722,0.0,0.0,0.0,0.002,0.002,0.0,0.0,0.0,0.0,0.0,0.0,0.0,0.0,0.0,99.8,0.0,0.0,0.2,4,4.0,compute,0.0,0.1,0.1
dapper,congested,124,100.0,1000,24.68398444976012,33.74309287533703,34.66363593071505,34.94326242767353,24.68398444976012,0.0,0.7246698111318651,0.7246698111318651,0.0,0.0,0.0,0.006,0.006,0.0,0.0,0.0,0.0,0.0,0.0,0.0,0.0,0.0,99.4,0.0,0.0,0.6,10,10.0,compute,0.0,0.1,0.1
dapper,congested,125,100.0,1000,24.725669553063664,34.05786747219948,34.83418763630404,34.99974319601896,24.725669553063664,0.0,0.7228975062228786,0.7228975062228786,0.0,0.0,0.0,0.012,0.012,0.0,0.0,0.0,0.0,0.0,0.0,0.0,0.0,0.0,98.8,0.0,0.0,1.2,14,14.0,compute,0.0,0.1,0.1
dapper,congested,126,100.0,1000,24.961010734873252,33.97988585528562,34.774114294105054,34.99086328598782,24.961010734873252,0.0,0.7258907807888281,0.7258907807888281,0.0,0.0,0.0,0.002,0.002,0.0,0.0,0.0,0.0,0.0,0.0,0.0,0.0,0.0,99.8,0.0,0.0,0.2,4,4.0,compute,0.0,0.1,0.1
dapper,congested,127,100.0,1000,24.79915459305446,33.97839515917549,34.71031183612322,34.99801668883106,24.79915459305446,0.0,0.7241769809830646,0.7241769809830646,0.0,0.0,0.0,0.01,0.01,0.0,0.0,0.0,0.0,0.0,0.0,0.0,0.0,0.0,99.0,0.0,0.0,1.0,18,18.0,compute,0.0,0.1,0.1
dapper,congested,128,100.0,1000,24.671514882986425,34.08647701991846,34.783499539553866,34.99302751306131,24.671514882986425,0.0,0.72324842617587,0.72324842617587,0.0,0.0,0.0,0.008,0.008,0.0,0.0,0.0,0.0,0.0,0.0,0.0,0.0,0.0,99.2,0.0,0.0,0.8,12,12.0,compute,0.0,0.1,0.1
dapper,congested,129,100.0,1000,24.599702966215787,33.90591045177916,34.77957296022762,34.981958638619645,24.599702966215787,0.0,0.7227863941222297,0.7227863941222297,0.0,0.0,0.0,0.013,0.013,0.0,0.0,0.0,0.0,0.0,0.0,0.0,0.0,0.0,98.7,0.0,0.0,1.3,20,20.0,compute,0.0,0.1,0.1
dapper,variable,100,100.0,1000,19.847097399190012,33.61420558459003,34.76027410675784,34.95054826151675,21.708066343897265,0.0,0.7259116438296801,0.7302513190669829,3200.0,3.2,3200.0,0.284,0.216,0.0,0.128,0.9453125,0.2265625,0.029,0.71875,0.0,0.0546875,0.0,65.60000000000001,0.0,12.8,21.6,298,298.0,compute,0.0,0.1,0.1
dapper,variable,101,100.0,1000,19.873228370530978,33.51859359353788,34.716729365681125,34.99816501848515,22.121356103428766,0.0,0.7275598148950951,0.7331456287721073,3700.0,3.7,3700.0,0.256,0.2,0.0,0.148,0.9121621621621622,0.22972972972972974,0.034,0.6824324324324325,0.0,0.08783783783783784,0.0,65.2,0.0,14.799999999999999,20.0,287,287.0,compute,0.0,0.1,0.1
dapper,variable,102,100.0,1000,21.725835154751234,33.952084801243224,34.85412725538718,34.995332379528136,24.402523505822305,0.0,0.7253923428217819,0.7321435232915864,3775.0,3.775,3775.0,0.167,0.131,0.0,0.151,0.8940397350993378,0.26490066225165565,0.04,0.6291390728476821,0.0,0.10596026490066225,0.0,71.8,0.0,15.1,13.100000000000001,237,237.0,compute,0.0,0.1,0.1
dapper,variable,103,100.0,1000,19.512093113412188,33.581179869308166,34.6745142049723,34.99051342908312,21.332360437577933,0.0,0.7261937654458711,0.7308503911651003,3900.0,3.9,3900.0,0.315,0.239,0.0,0.156,0.8717948717948718,0.17307692307692307,0.027,0.6987179487179487,0.0,0.1282051282051282,0.0,60.5,0.0,15.6,23.9,317,317.0,compute,0.0,0.1,0.1
dapper,variable,104,100.0,1000,21.518439904160722,33.92297556550541,34.71580596411837,34.944614204784195,23.822311924288034,0.0,0.7272218707282757,0.7324412650856393,3625.0,3.625,3625.0,0.187,0.143,0.0,0.145,0.9310344827586207,0.2413793103448276,0.035,0.6896551724137931,0.0,0.06896551724137931,0.0,71.2,0.0,14.499999999999998,14.299999999999999,245,245.0,compute,0.0,0.1,0.1
dapper,variable,105,100.0,1000,20.409246302565197,33.52133876628223,34.7773651787171,34.98077376103997,23.13420808804695,0.0,0.726150768098847,0.7326313998681917,3775.0,3.775,3775.0,0.238,0.184,0.0,0.151,0.9403973509933775,0.26490066225165565,0.04,0.6754966887417219,0.0,0.059602649006622516,0.0,66.5,0.0,15.1,18.4,283,283.0,compute,0.0,0.1,0.1
dapper,variable,106,100.0,1000,21.59372391817589,33.5305156645498,34.67586933903363,34.993851868805095,23.9368482573529,0.0,0.7255234671581106,0.7314607408205022,3250.0,3.25,3250.0,0.175,0.136,0.0,0.13,0.9307692307692308,0.27692307692307694,0.036,0.6538461538461539,0.0,0.06923076923076923,0.0,73.4,0.0,13.0,13.600000000000001,222,222.0,compute,0.0,0.1,0.1
dapper,variable,107,100.0,1000,20.056441701403287,33.56666120695883,34.6268453225655,34.98148819897819,22.062152235820975,0.0,0.7240116849833446,0.7289422967725948,2825.0,2.825,2825.0,0.261,0.201,0.0,0.113,0.9292035398230089,0.26548672566371684,0.03,0.6637168141592921,0.0,0.07079646017699115,0.0,68.60000000000001,0.0,11.3,20.1,269,269.0,compute,0.0,0.1,0.1
dapper,variable,108,100.0,1000,20.480881005394448,33.99159903353784,34.77692101060002,34.94872090187498,22.770288273859062,0.0,0.7260048286422379,0.7321305999522797,3825.0,3.825,3825.0,0.26,0.196,0.0,0.153,0.9150326797385621,0.22875816993464052,0.035,0.6862745098039216,0.0,0.08496732026143791,0.0,65.10000000000001,0.0,15.299999999999999,19.6,282,282.0,compute,0.0,0.1,0.1
dapper,variable,109,100.0,1000,21.210997956041414,33.76823065319891,34.76110730262953,34.98660651522982,22.695285566130973,0.0,0.7239038673745836,0.7273115250168576,3175.0,3.175,3175.0,0.203,0.156,0.0,0.127,0.9133858267716536,0.1732283464566929,0.022,0.7401574803149606,0.0,0.08661417322834646,0.0,71.7,0.0,12.7,15.6,256,256.0,compute,0.0,0.1,0.1
dapper,variable,110,100.0,1000,20.982663888093814,33.908831310824965,34.67822534775889,34.98146709760653,22.65976851867458,0.0,0.7252583766377324,0.7290123587697475,2950.0,2.95,2950.0,0.226,0.171,0.0,0.118,0.940677966101695,0.211864406779661,0.025,0.7288135593220338,0.0,0.059322033898305086,0.0,71.1,0.0,11.799999999999999,17.1,257,257.0,compute,0.0,0.1,0.1
dapper,variable,111,100.0,1000,21.15036747714493,33.79838354481562,34.723349040720166,34.97684653932659,23.67031486811689,0.0,0.7257443855359366,0.7316343315041293,3675.0,3.675,3675.0,0.216,0.166,0.0,0.147,0.9319727891156463,0.2585034013605442,0.038,0.673469387755102,0.0,0.06802721088435375,0.0,68.7,0.0,14.7,16.6,266,266.0,compute,0.0,0.1,0.1
dapper,variable,112,100.0,1000,21.078172240720427,34.0565418294024,34.79412676903375,34.95854802039493,23.832655228108052,0.0,0.728773769620013,0.7347673781351813,4325.0,4.325,4325.0,0.215,0.162,0.0,0.173,0.9364161849710982,0.23699421965317918,0.041,0.6994219653179191,0.0,0.06358381502890173,0.0,66.5,0.0,17.299999999999997,16.2,287,287.0,compute,0.0,0.1,0.1
dapper,variable,113,100.0,1000,21.273906223598555,33.57682626381407,34.78843892853948,34.96829040868747,22.896912929005918,0.0,0.7263068757945752,0.7298801650003229,3575.0,3.575,3575.0,0.197,0.15,0.0,0.143,0.9370629370629371,0.16783216783216784,0.024,0.7692307692307693,0.0,0.06293706293706294,0.0,70.7,0.0,14.299999999999999,15.0,250,250.0,compute,0.0,0.1,0.1
dapper,variable,114,100.0,1000,19.651478679764644,33.53883646549626,34.61117657596823,34.99588156157893,21.640480815069154,0.0,0.7222741502329159,0.7268288345462883,3000.0,3.0,3000.0,0.266,0.205,0.0,0.12,0.9333333333333333,0.25,0.03,0.6833333333333333,0.0,0.06666666666666667,0.0,67.5,0.0,12.0,20.5,280,280.0,compute,0.0,0.1,0.1
dapper,variable,115,100.0,1000,21.45827282696581,33.34691437699113,34.626745067103904,34.87718954629805,24.05606717423404,0.0,0.7230935571850724,0.7292426466690508,3275.0,3.275,3275.0,0.176,0.137,0.0,0.131,0.8854961832061069,0.2900763358778626,0.038,0.5954198473282443,0.0,0.11450381679389313,0.0,73.2,0.0,13.100000000000001,13.700000000000001,251,251.0,compute,0.0,0.1,0.1
dapper,variable,116,100.0,1000,20.840460970931165,33.98344969197258,34.76841725790863,34.94714462527301,22.47110698296194,0.0,0.7289372186607409,0.7331747855136871,3400.0,3.4,3400.0,0.239,0.184,0.0,0.136,0.9338235294117647,0.17647058823529413,0.024,0.7573529411764706,0.0,0.0661764705882353,0.0,68.0,0.0,13.600000000000001,18.4,260,260.0,compute,0.0,0.1,0.1
dapper,variable,117,100.0,1000,22.76021868961211,34.240173789397694,34.82080355680936,34.990866631104254,24.121063897650615,0.0,0.7236897900442029,0.7269070388309078,3425.0,3.425,3425.0,0.132,0.1,0.0,0.137,0.9124087591240876,0.145985401459854,0.02,0.7664233576642335,0.0,0.08759124087591241,0.0,76.3,0.0,13.700000000000001,10.0,217,217.0,compute,0.0,0.1,0.1
dapper,variable,118,100.0,1000,21.19990772515089,33.5101571170854,34.37942051281876,34.868091607089696,24.433044058714746,0.0,0.7251742139285398,0.7326921528699668,4550.0,4.55,4550.0,0.193,0.148,0.0,0.182,0.9340659340659341,0.25824175824175827,0.047,0.6758241758241759,0.0,0.06593406593406594,0.0,67.0,0.0,18.2,14.799999999999999,291,291.0,compute,0.0,0.1,0.1
dapper,variable,119,100.0,1000,20.98980792595105,33.65904383541709,34.57959716197339,34.99635852821138,23.027286368886298,0.0,0.7248011782863056,0.7301082814467166,3750.0,3.75,3750.0,0.218,0.166,0.0,0.15,0.9333333333333333,0.20666666666666667,0.031,0.7266666666666667,0.0,0.06666666666666667,0.0,68.4,0.0,15.0,16.6,253,253.0,compute,0.0,0.1,0.1
dapper,variable,120,100.0,1000,21.637219680970638,33.96526001626422,34.71258654891299,34.99491157025027,23.736013150151535,0.0,0.7236256274039456,0.7289191705562285,4150.0,4.15,4150.0,0.179,0.134,0.0,0.166,0.9397590361445783,0.18674698795180722,0.031,0.7530120481927711,0.0,0.060240963855421686,0.0,70.0,0.0,16.6,13.4,277,277.0,compute,0.0,0.1,0.1
dapper,variable,121,100.0,1000,20.769854338698046,33.76407787463392,34.80089032279628,34.994688323129196,24.27254000144109,0.0,0.7246801812954811,0.7336212306549363,4675.0,4.675,4675.0,0.217,0.168,0.0,0.187,0.9572192513368984,0.27807486631016043,0.052,0.679144385026738,0.0,0.0427807486631016,0.0,64.5,0.0,18.7,16.8,290,290.0,compute,0.0,0.1,0.1
dapper,variable,122,100.0,1000,21.13175821444513,33.694416258508085,34.631522901173106,34.97317679379236,23.925502147717143,0.0,0.727101792089757,0.733591290736281,3325.0,3.325,3325.0,0.197,0.151,0.0,0.133,0.9323308270676691,0.3082706766917293,0.041,0.6240601503759399,0.0,0.06766917293233082,0.0,71.6,0.0,13.3,15.1,244,244.0,compute,0.0,0.1,0.1
dapper,variable,123,100.0,1000,21.09321361110236,33.79103353765298,34.79488657343286,34.98222422308634,22.95729201497118,0.0,0.7282104611957531,0.7335092548870733,3300.0,3.3,3300.0,0.215,0.164,0.0,0.132,0.9393939393939394,0.2196969696969697,0.029,0.7196969696969697,0.0,0.06060606060606061,0.0,70.39999999999999,0.0,13.200000000000001,16.400000000000002,256,256.0,compute,0.0,0.1,0.1
dapper,variable,124,100.0,1000,21.732988484636902,33.61582768332837,34.67732058291188,34.996246009129095,23.750766552712175,0.0,0.7242599698219147,0.7290090601287487,4225.0,4.225,4225.0,0.169,0.132,0.0,0.169,0.8757396449704142,0.17751479289940827,0.03,0.6982248520710059,0.0,0.1242603550295858,0.0,69.89999999999999,0.0,16.900000000000002,13.200000000000001,281,281.0,compute,0.0,0.1,0.1
dapper,variable,125,100.0,1000,20.769788307085673,33.55572104656107,34.7780426012565,34.94952031560075,23.085896009839235,0.0,0.7246252838037862,0.7300106060619188,3625.0,3.625,3625.0,0.222,0.17,0.0,0.145,0.9448275862068966,0.2413793103448276,0.035,0.7034482758620689,0.0,0.05517241379310345,0.0,68.5,0.0,14.499999999999998,17.0,272,272.0,compute,0.0,0.1,0.1
dapper,variable,126,100.0,1000,21.1478810158433,33.75159446968112,34.720173914570076,34.997585709381326,23.580226189785886,0.0,0.7299377493938444,0.7357926922143889,3350.0,3.35,3350.0,0.21,0.163,0.0,0.134,0.9402985074626866,0.27611940298507465,0.037,0.664179104477612,0.0,0.05970149253731343,0.0,70.3,0.0,13.4,16.3,255,255.0,compute,0.0,0.1,0.1
dapper,variable,127,100.0,1000,20.660215773075464,34.01155392391131,34.710521322396545,34.9805264786951,22.457478439780214,0.0,0.7254115546748069,0.7300607831958817,3175.0,3.175,3175.0,0.245,0.187,0.0,0.127,0.937007874015748,0.2047244094488189,0.026,0.7322834645669292,0.0,0.06299212598425197,0.0,68.60000000000001,0.0,12.7,18.7,257,257.0,compute,0.0,0.1,0.1
dapper,variable,128,100.0,1000,19.588881490818014,33.63444553862527,34.724924465655434,34.96530254190218,21.239000905796363,0.0,0.7261101277963585,0.7296390318199335,2775.0,2.775,2775.0,0.278,0.214,0.0,0.111,0.9099099099099099,0.21621621621621623,0.024,0.6936936936936937,0.0,0.09009009009009009,0.0,67.5,0.0,11.1,21.4,257,257.0,compute,0.0,0.1,0.1
dapper,variable,129,100.0,1000,21.009790891695804,33.95183803633796,34.77333674805944,34.967648156933706,23.004607362782167,0.0,0.7216296347896245,0.7264495340776903,3200.0,3.2,3200.0,0.227,0.175,0.0,0.128,0.9375,0.2421875,0.031,0.6953125,0.0,0.0625,0.0,69.69999999999999,0.0,12.8,17.5,258,258.0,compute,0.0,0.1,0.1
dapper,stable,100,100.0,1000,25.279403323317702,33.96035223762113,34.73962355895296,34.988775105687154,51.53514833678389,0.0,0.7265268897628933,0.792417917211626,21350.0,21.35,21350.0,0.0,0.0,0.0,0.854,0.9918032786885246,0.4953161592505855,0.423,0.4964871194379391,0.0,0.00819672131147541,0.0,14.6,0.0,85.39999999999999,0.0,259,259.0,compute,0.0,0.2,0.2
dapper,stable,101,100.0,1000,24.820657080469697,33.96040511204254,34.788072376532675,34.99828909781833,53.53675771177409,0.0,0.7249338588619687,0.7978649635318986,21700.0,21.7,21700.0,0.0,0.0,0.0,0.868,0.9896313364055299,0.5288018433179723,0.459,0.4608294930875576,0.0,0.010368663594470046,0.0,13.200000000000001,0.0,86.8,0.0,231,231.0,compute,0.0,0.2,0.2
dapper,stable,102,100.0,1000,24.835880473076735,33.70682378335116,34.74818297607158,34.965240972972765,51.8627260021259,0.0,0.727324394359075,0.800034845226407,20900.0,20.9,20900.0,0.0,0.0,0.0,0.836,0.992822966507177,0.5263157894736842,0.44,0.4665071770334928,0.0,0.007177033492822967,0.0,16.400000000000002,0.0,83.6,0.0,284,284.0,compute,0.0,0.2,0.2
dapper,stable,103,100.0,1000,24.972078044518216,34.293187186352334,34.89307765319619,34.99802137082616,53.372703891643845,0.0,0.7236659440861409,0.7991290672988378,21525.0,21.525,21525.0,0.0,0.0,0.0,0.861,0.9883855981416957,0.5342624854819977,0.46,0.454123112659698,0.0,0.011614401858304297,0.0,13.900000000000002,0.0,86.1,0.0,237,237.0,compute,0.0,0.2,0.2
dapper,stable,104,100.0,1000,24.98622097286207,33.860115377670134,34.74837408619961,34.98656616097203,51.037343944723006,0.0,0.7240926018777877,0.7898578469524961,21900.0,21.9,21900.0,0.0,0.0,0.0,0.876,0.9920091324200914,0.4794520547945205,0.42,0.5125570776255708,0.0,0.007990867579908675,0.0,12.4,0.0,87.6,0.0,220,220.0,compute,0.0,0.2,0.2
dapper,stable,105,100.0,1000,24.85634769037545,33.82025179084476,34.62504012903672,34.93314580405199,51.59710330911793,0.0,0.7262361051095783,0.7959250227091806,21250.0,21.25,21250.0,0.0,0.0,0.0,0.85,0.9905882352941177,0.5105882352941177,0.434,0.48,0.0,0.009411764705882352,0.0,15.0,0.0,85.0,0.0,256,256.0,compute,0.0,0.2,0.2
dapper,stable,106,100.0,1000,24.716410963251104,33.86074949026578,34.68730165917939,34.933586993197196,52.69637342008328,0.0,0.7229428904328138,0.7962430814491968,21425.0,21.425,21425.0,0.0,0.0,0.0,0.857,0.9918319719953326,0.5227537922987164,0.448,0.4690781796966161,0.0,0.008168028004667444,0.0,14.299999999999999,0.0,85.7,0.0,252,252.0,compute,0.0,0.2,0.2
dapper,stable,107,100.0,1000,24.88557902804772,33.83424628214373,34.89267109559948,34.9936438529993,53.380353744565205,0.0,0.7245133185042392,0.7993133636844371,22025.0,22.025,22025.0,0.0,0.0,0.0,0.881,0.9886492622020431,0.5187287173666288,0.457,0.4699205448354143,0.0,0.011350737797956867,0.0,11.899999999999999,0.0,88.1,0.0,198,198.0,compute,0.0,0.2,0.2
dapper,stable,108,100.0,1000,25.235897183714567,34.2868707566229,34.87218349603604,34.989690121554816,51.92467360201944,0.0,0.7254394152220247,0.7967132376294662,21500.0,21.5,21500.0,0.0,0.0,0.0,0.86,0.9872093023255814,0.5023255813953489,0.432,0.4848837209302326,0.0,0.012790697674418604,0.0,14.000000000000002,0.0,86.0,0.0,231,231.0,compute,0.0,0.2,0.2
dapper,stable,109,100.0,1000,25.268964708760926,34.15910526808331,34.79620852522923,34.94284900848466,51.53790445445115,0.0,0.7225069831603355,0.7908717000411818,21775.0,21.775,21775.0,0.0,0.0,0.0,0.871,0.9850746268656716,0.4845005740528129,0.422,0.5005740528128588,0.0,0.014925373134328358,0.0,12.9,0.0,87.1,0.0,228,228.0,compute,0.0,0.2,0.2
dapper,stable,110,100.0,1000,24.978043487255007,33.957417382454665,34.80033649104111,34.99011804008187,51.64725260956925,0.0,0.7239727698806182,0.7935801521646344,21400.0,21.4,21400.0,0.0,0.0,0.0,0.856,0.985981308411215,0.5035046728971962,0.431,0.4824766355140187,0.0,0.014018691588785047,0.0,14.399999999999999,0.0,85.6,0.0,261,261.0,compute,0.0,0.2,0.2
dapper,stable,111,100.0,1000,25.491345575881343,33.99942489704205,34.77294614292747,34.98882482505357,52.77932606666301,0.0,0.7264559107913696,0.7988751227250941,20975.0,20.975,20975.0,0.0,0.0,0.0,0.839,0.9916567342073898,0.5256257449344458,0.441,0.466030989272944,0.0,0.00834326579261025,0.0,16.1,0.0,83.89999999999999,0.0,276,276.0,compute,0.0,0.2,0.2
dapper,stable,112,100.0,1000,25.044635098675773,33.93678625080242,34.80594764992258,34.978994945141224,52.774438295965986,0.0,0.7245903067601731,0.7942867336915719,21700.0,21.7,21700.0,0.0,0.0,0.0,0.868,0.9919354838709677,0.5103686635944701,0.443,0.4815668202764977,0.0,0.008064516129032258,0.0,13.200000000000001,0.0,86.8,0.0,220,220.0,compute,0.0,0.2,0.2
dapper,stable,113,100.0,1000,24.924957379086543,33.92528008813723,34.852479041190236,34.99387303551587,50.565197370598845,0.0,0.725184772552611,0.7910288053494875,21600.0,21.6,21600.0,0.0,0.0,0.0,0.864,0.9826388888888888,0.48032407407407407,0.415,0.5023148148148148,0.0,0.017361111111111112,0.0,13.600000000000001,0.0,86.4,0.0,239,239.0,compute,0.0,0.2,0.2
dapper,stable,114,100.0,1000,25.128438548268,33.86993382489312,34.786318253661975,34.99771913787838,53.866453690073165,0.0,0.7237524930795687,0.7977940224588013,21900.0,21.9,21900.0,0.0,0.0,0.0,0.876,0.9908675799086758,0.5308219178082192,0.465,0.4600456621004566,0.0,0.0091324200913242,0.0,12.4,0.0,87.6,0.0,214,214.0,compute,0.0,0.2,0.2
dapper,stable,115,100.0,1000,25.094705607799348,34.162413089123824,34.74465384721523,34.970565607066455,51.94937303752475,0.0,0.7245886848920773,0.7944537871206474,21750.0,21.75,21750.0,0.0,0.0,0.0,0.87,0.9873563218390805,0.5011494252873563,0.436,0.4862068965517241,0.0,0.01264367816091954,0.0,13.0,0.0,87.0,0.0,219,219.0,compute,0.0,0.2,0.2
dapper,stable,116,100.0,1000,25.028301912688907,34.05041769477859,34.88445460350265,34.99403448766891,54.211607535281885,0.0,0.7244573126145593,0.798391101095973,21750.0,21.75,21750.0,0.0,0.0,0.0,0.87,0.9942528735632183,0.5448275862068965,0.474,0.4494252873563218,0.0,0.005747126436781609,0.0,13.0,0.0,87.0,0.0,221,221.0,compute,0.0,0.2,0.2
dapper,stable,117,100.0,1000,24.997182216762514,33.94211020128963,34.806950360419165,34.98156739475102,51.94396103000347,0.0,0.7238166310991714,0.7935256482510197,21850.0,21.85,21850.0,0.0,0.0,0.0,0.874,0.9862700228832952,0.4897025171624714,0.428,0.4965675057208238,0.0,0.013729977116704805,0.0,12.6,0.0,87.4,0.0,226,226.0,compute,0.0,0.2,0.2
dapper,stable,118,100.0,1000,25.026589048763064,34.146334679362305,34.835239525322194,34.964244111574146,52.20873167600773,0.0,0.7280528994609765,0.7960765304196257,21475.0,21.475,21475.0,0.0,0.0,0.0,0.859,0.9906868451688009,0.5075669383003493,0.436,0.4831199068684517,0.0,0.009313154831199068,0.0,14.099999999999998,0.0,85.9,0.0,244,244.0,compute,0.0,0.2,0.2
dapper,stable,119,100.0,1000,24.80107188012856,34.00280379558126,34.81754573602827,34.936826663719394,53.78667209236602,0.0,0.7243707963012889,0.799875204249307,21925.0,21.925,21925.0,0.0,0.0,0.0,0.877,0.9874572405929305,0.5324971493728621,0.467,0.4549600912200684,0.0,0.012542759407069556,0.0,12.3,0.0,87.7,0.0,228,228.0,compute,0.0,0.2,0.2
dapper,stable,120,100.0,1000,25.000139802139184,33.83887438020657,34.75482963071029,34.96519781982063,52.586658253654925,0.0,0.7247996031934949,0.7950348677637523,21800.0,21.8,21800.0,0.0,0.0,0.0,0.872,0.9839449541284404,0.5103211009174312,0.445,0.4736238532110092,0.0,0.016055045871559634,0.0,12.8,0.0,87.2,0.0,212,212.0,compute,0.0,0.2,0.2
dapper,stable,121,100.0,1000,24.870142370806825,34.08802278656587,34.79782372711737,34.96061084968983,51.218892289603616,0.0,0.7235062491591376,0.7917923991779289,21800.0,21.8,21800.0,0.0,0.0,0.0,0.872,0.9862385321100917,0.48394495412844035,0.422,0.5022935779816514,0.0,0.013761467889908258,0.0,12.8,0.0,87.2,0.0,219,219.0,compute,0.0,0.2,0.2
dapper,stable,122,100.0,1000,24.829111935230273,33.958468133447,34.74506049633189,34.924143640943036,53.271418624119164,0.0,0.7259117747422895,0.7982645293058339,21950.0,21.95,21950.0,0.0,0.0,0.0,0.878,0.9886104783599089,0.5148063781321185,0.452,0.47380410022779046,0.0,0.011389521640091117,0.0,12.2,0.0,87.8,0.0,200,200.0,compute,0.0,0.2,0.2
dapper,stable,123,100.0,1000,25.35470141463279,34.01400394209814,34.728637206489786,34.90743937957425,51.64158095400979,0.0,0.7231039957478556,0.7928850748486099,22225.0,22.225,22225.0,0.0,0.0,0.0,0.889,0.9820022497187851,0.4769403824521935,0.424,0.5050618672665916,0.0,0.01799775028121485,0.0,11.1,0.0,88.9,0.0,196,196.0,compute,0.0,0.2,0.2
dapper,stable,124,100.0,1000,25.00583269004324,34.03261405514325,34.80612955591713,34.95256595801938,50.8126236179597,0.0,0.7270004160651047,0.7942088997255117,21000.0,21.0,21000.0,0.0,0.0,0.0,0.84,0.9928571428571429,0.49642857142857144,0.417,0.49642857142857144,0.0,0.007142857142857143,0.0,16.0,0.0,84.0,0.0,280,280.0,compute,0.0,0.2,0.2
dapper,stable,125,100.0,1000,24.9867591189863,33.982185709447386,34.8021659840167,34.99165214842439,53.959249959158115,0.0,0.7268533605073024,0.7989657788847586,21650.0,21.65,21650.0,0.0,0.0,0.0,0.866,0.9919168591224018,0.5323325635103926,0.461,0.45958429561200925,0.0,0.008083140877598153,0.0,13.4,0.0,86.6,0.0,238,238.0,compute,0.0,0.2,0.2
dapper,stable,126,100.0,1000,24.628886386363657,33.70638744138536,34.672811784104226,34.983867296625746,53.134621864449656,0.0,0.726794351381784,0.8009463128693688,21175.0,21.175,21175.0,0.0,0.0,0.0,0.847,0.9881936245572609,0.5419126328217237,0.459,0.4462809917355372,0.0,0.011806375442739079,0.0,15.299999999999999,0.0,84.7,0.0,252,252.0,compute,0.0,0.2,0.2
dapper,stable,127,100.0,1000,25.164646066804526,34.17312143282042,34.80106095916998,34.970740898815485,54.30743225703345,0.0,0.7237258806201099,0.7969399991420358,22125.0,22.125,22125.0,0.0,0.0,0.0,0.885,0.9909604519774011,0.5276836158192091,0.467,0.4632768361581921,0.0,0.00903954802259887,0.0,11.5,0.0,88.5,0.0,207,207.0,compute,0.0,0.2,0.2
dapper,stable,128,100.0,1000,25.178185128090664,33.92859815320874,34.67968897440042,34.972660274630584,53.589153958153254,0.0,0.7271450910033325,0.7988558762020542,21425.0,21.425,21425.0,0.0,0.0,0.0,0.857,0.9836639439906651,0.5309218203033839,0.455,0.45274212368728123,0.0,0.01633605600933489,0.0,14.299999999999999,0.0,85.7,0.0,237,237.0,compute,0.0,0.2,0.2
dapper,stable,129,100.0,1000,25.217209562918274,34.07064808785484,34.83459462785327,34.9933571344785,53.065152250426124,0.0,0.722736266433297,0.7957788932941594,21825.0,21.825,21825.0,0.0,0.0,0.0,0.873,0.9896907216494846,0.5131729667812142,0.448,0.4765177548682703,0.0,0.010309278350515464,0.0,12.7,0.0,87.3,0.0,214,214.0,compute,0.0,0.2,0.2
dapper,congested,100,100.0,1000,24.824557271985057,33.928407620489025,34.77556075006328,34.97404020175507,24.824557271985057,0.0,0.7231225654703062,0.7231225654703062,0.0,0.0,0.0,0.004,0.004,0.0,0.0,0.0,0.0,0.0,0.0,0.0,0.0,0.0,99.6,0.0,0.0,0.4,8,8.0,compute,0.0,0.2,0.2
dapper,congested,101,100.0,1000,25.026673523971784,34.03466107987438,34.84243479054015,34.99327875607795,25.026673523971784,0.0,0.7239603822715144,0.7239603822715144,0.0,0.0,0.0,0.007,0.007,0.0,0.0,0.0,0.0,0.0,0.0,0.0,0.0,0.0,99.3,0.0,0.0,0.7000000000000001,12,12.0,compute,0.0,0.2,0.2
dapper,congested,102,100.0,1000,24.829712790777762,33.96479457393766,34.69588731781126,34.989536221406055,24.829712790777762,0.0,0.7270052366898776,0.7270052366898776,0.0,0.0,0.0,0.008,0.008,0.0,0.0,0.0,0.0,0.0,0.0,0.0,0.0,0.0,99.2,0.0,0.0,0.8,14,14.0,compute,0.0,0.2,0.2
dapper,congested,103,100.0,1000,24.892785643695664,34.09454856492267,34.78542999553827,34.985893217625524,24.892785643695664,0.0,0.7249187188165734,0.7249187188165734,0.0,0.0,0.0,0.006,0.006,0.0,0.0,0.0,0.0,0.0,0.0,0.0,0.0,0.0,99.4,0.0,0.0,0.6,12,12.0,compute,0.0,0.2,0.2
dapper,congested,104,100.0,1000,24.77796847513708,33.81394766067372,34.81048977789511,34.94578824107255,24.77796847513708,0.0,0.7272547943451833,0.7272547943451833,0.0,0.0,0.0,0.008,0.008,0.0,0.0,0.0,0.0,0.0,0.0,0.0,0.0,0.0,99.2,0.0,0.0,0.8,14,14.0,compute,0.0,0.2,0.2
dapper,congested,105,100.0,1000,24.677162661323955,34.007432758127685,34.86009343610894,34.98145078352877,24.677162661323955,0.0,0.7241646482306923,0.7241646482306923,0.0,0.0,0.0,0.008,0.008,0.0,0.0,0.0,0.0,0.0,0.0,0.0,0.0,0.0,99.2,0.0,0.0,0.8,12,12.0,compute,0.0,0.2,0.2
dapper,congested,106,100.0,1000,24.772684967250918,33.98450796903268,34.753821099438774,34.98979405154197,24.772684967250918,0.0,0.7262080408789683,0.7262080408789683,0.0,0.0,0.0,0.007,0.007,0.0,0.0,0.0,0.0,0.0,0.0,0.0,0.0,0.0,99.3,0.0,0.0,0.7000000000000001,8,8.0,compute,0.0,0.2,0.2
dapper,congested,107,100.0,1000,24.763848167260303,33.88426057014752,34.77470672268729,34.998762184541775,24.763848167260303,0.0,0.7257346306649486,0.7257346306649486,0.0,0.0,0.0,0.005,0.005,0.0,0.0,0.0,0.0,0.0,0.0,0.0,0.0,0.0,99.5,0.0,0.0,0.5,8,8.0,compute,0.0,0.2,0.2
dapper,congested,108,100.0,1000,24.953177155047733,33.943119032195405,34.814499351033405,34.99655745974279,24.953177155047733,0.0,0.7244295155267036,0.7244295155267036,0.0,0.0,0.0,0.008,0.008,0.0,0.0,0.0,0.0,0.0,0.0,0.0,0.0,0.0,99.2,0.0,0.0,0.8,14,14.0,compute,0.0,0.2,0.2
dapper,congested,109,100.0,1000,24.847059358357548,33.93181537323021,34.785030538309286,34.98925809716232,24.847059358357548,0.0,0.7234323551786083,0.7234323551786083,0.0,0.0,0.0,0.007,0.007,0.0,0.0,0.0,0.0,0.0,0.0,0.0,0.0,0.0,99.3,0.0,0.0,0.7000000000000001,10,10.0,compute,0.0,0.2,0.2
dapper,congested,110,100.0,1000,24.70223165713215,33.71973175922034,34.60151524624712,34.90888622322395,24.70223165713215,0.0,0.7246938266396346,0.7246938266396346,0.0,0.0,0.0,0.005,0.005,0.0,0.0,0.0,0.0,0.0,0.0,0.0,0.0,0.0,99.5,0.0,0.0,0.5,8,8.0,compute,0.0,0.2,0.2
dapper,congested,111,100.0,1000,24.94253826558974,33.995133250212476,34.74455155405684,34.96241421096305,24.94253826558974,0.0,0.7254545302713125,0.7254545302713125,0.0,0.0,0.0,0.008,0.008,0.0,0.0,0.0,0.0,0.0,0.0,0.0,0.0,0.0,99.2,0.0,0.0,0.8,14,14.0,compute,0.0,0.2,0.2
dapper,congested,112,100.0,1000,24.86963877249279,33.90095224371657,34.76580213455383,34.985906989642146,24.86963877249279,0.0,0.7266076329631779,0.7266076329631779,0.0,0.0,0.0,0.013,0.013,0.0,0.0,0.0,0.0,0.0,0.0,0.0,0.0,0.0,98.7,0.0,0.0,1.3,18,18.0,compute,0.0,0.2,0.2
dapper,congested,113,100.0,1000,24.72292431672843,33.938019364553725,34.77247181035648,34.98424994294581,24.72292431672843,0.0,0.7265134749764945,0.7265134749764945,0.0,0.0,0.0,0.007,0.007,0.0,0.0,0.0,0.0,0.0,0.0,0.0,0.0,0.0,99.3,0.0,0.0,0.7000000000000001,12,12.0,compute,0.0,0.2,0.2
dapper,congested,114,100.0,1000,24.915906991902833,33.99518413696301,34.87476614646897,34.96282987218834,24.915906991902833,0.0,0.7286233928366593,0.7286233928366593,0.0,0.0,0.0,0.008,0.008,0.0,0.0,0.0,0.0,0.0,0.0,0.0,0.0,0.0,99.2,0.0,0.0,0.8,10,10.0,compute,0.0,0.2,0.2
dapper,congested,115,100.0,1000,25.085740611498316,34.01033183391731,34.751795785617006,34.96593743598228,25.085740611498316,0.0,0.722824442674691,0.722824442674691,0.0,0.0,0.0,0.006,0.006,0.0,0.0,0.0,0.0,0.0,0.0,0.0,0.0,0.0,99.4,0.0,0.0,0.6,10,10.0,compute,0.0,0.2,0.2
dapper,congested,116,100.0,1000,25.324934204252145,33.95730249293956,34.77240430108412,34.9771698353159,25.324934204252145,0.0,0.7260315559209485,0.7260315559209485,0.0,0.0,0.0,0.008,0.008,0.0,0.0,0.0,0.0,0.0,0.0,0.0,0.0,0.0,99.2,0.0,0.0,0.8,16,16.0,compute,0.0,0.2,0.2
dapper,congested,117,100.0,1000,24.38620885543388,33.706919736517364,34.66361864084976,34.994340946660934,24.38620885543388,0.0,0.7253330615138619,0.7253330615138619,0.0,0.0,0.0,0.008,0.008,0.0,0.0,0.0,0.0,0.0,0.0,0.0,0.0,0.0,99.2,0.0,0.0,0.8,16,16.0,compute,0.0,0.2,0.2
dapper,congested,118,100.0,1000,25.01023416650803,34.01490807545646,34.75940662114508,34.968506891824205,25.01023416650803,0.0,0.7268033495517163,0.7268033495517163,0.0,0.0,0.0,0.007,0.007,0.0,0.0,0.0,0.0,0.0,0.0,0.0,0.0,0.0,99.3,0.0,0.0,0.7000000000000001,12,12.0,compute,0.0,0.2,0.2
dapper,congested,119,100.0,1000,25.237974362405513,33.930297923071485,34.79939395844596,34.97944595589328,25.237974362405513,0.0,0.7235998627315303,0.7235998627315303,0.0,0.0,0.0,0.005,0.005,0.0,0.0,0.0,0.0,0.0,0.0,0.0,0.0,0.0,99.5,0.0,0.0,0.5,8,8.0,compute,0.0,0.2,0.2
dapper,congested,120,100.0,1000,24.770729236686982,33.99634834863332,34.78821886321599,34.985958566309606,24.770729236686982,0.0,0.724149083598059,0.724149083598059,0.0,0.0,0.0,0.008,0.008,0.0,0.0,0.0,0.0,0.0,0.0,0.0,0.0,0.0,99.2,0.0,0.0,0.8,16,16.0,compute,0.0,0.2,0.2
dapper,congested,121,100.0,1000,24.670024513531853,33.750343569648706,34.75280697328194,34.996277370025744,24.670024513531853,0.0,0.7242193034879331,0.7242193034879331,0.0,0.0,0.0,0.006,0.006,0.0,0.0,0.0,0.0,0.0,0.0,0.0,0.0,0.0,99.4,0.0,0.0,0.6,10,10.0,compute,0.0,0.2,0.2
dapper,congested,122,100.0,1000,24.53787182490916,33.83751458842038,34.770700984913006,34.91653465760954,24.53787182490916,0.0,0.726925307989091,0.726925307989091,0.0,0.0,0.0,0.013,0.013,0.0,0.0,0.0,0.0,0.0,0.0,0.0,0.0,0.0,98.7,0.0,0.0,1.3,14,14.0,compute,0.0,0.2,0.2
dapper,congested,123,100.0,1000,24.972968667791022,34.0068905091913,34.771507219222585,34.98883073588995,24.972968667791022,0.0,0.7231981737549722,0.7231981737549722,0.0,0.0,0.0,0.002,0.002,0.0,0.0,0.0,0.0,0.0,0.0,0.0,0.0,0.0,99.8,0.0,0.0,0.2,4,4.0,compute,0.0,0.2,0.2
dapper,congested,124,100.0,1000,24.68398444976012,33.74309287533703,34.66363593071505,34.94326242767353,24.68398444976012,0.0,0.7246698111318651,0.7246698111318651,0.0,0.0,0.0,0.006,0.006,0.0,0.0,0.0,0.0,0.0,0.0,0.0,0.0,0.0,99.4,0.0,0.0,0.6,10,10.0,compute,0.0,0.2,0.2
dapper,congested,125,100.0,1000,24.725669553063664,34.05786747219948,34.83418763630404,34.99974319601896,24.725669553063664,0.0,0.7228975062228786,0.7228975062228786,0.0,0.0,0.0,0.012,0.012,0.0,0.0,0.0,0.0,0.0,0.0,0.0,0.0,0.0,98.8,0.0,0.0,1.2,14,14.0,compute,0.0,0.2,0.2
dapper,congested,126,100.0,1000,24.961010734873252,33.97988585528562,34.774114294105054,34.99086328598782,24.961010734873252,0.0,0.7258907807888281,0.7258907807888281,0.0,0.0,0.0,0.002,0.002,0.0,0.0,0.0,0.0,0.0,0.0,0.0,0.0,0.0,99.8,0.0,0.0,0.2,4,4.0,compute,0.0,0.2,0.2
dapper,congested,127,100.0,1000,24.79915459305446,33.97839515917549,34.71031183612322,34.99801668883106,24.79915459305446,0.0,0.7241769809830646,0.7241769809830646,0.0,0.0,0.0,0.01,0.01,0.0,0.0,0.0,0.0,0.0,0.0,0.0,0.0,0.0,99.0,0.0,0.0,1.0,18,18.0,compute,0.0,0.2,0.2
dapper,congested,128,100.0,1000,24.671514882986425,34.08647701991846,34.783499539553866,34.99302751306131,24.671514882986425,0.0,0.72324842617587,0.72324842617587,0.0,0.0,0.0,0.008,0.008,0.0,0.0,0.0,0.0,0.0,0.0,0.0,0.0,0.0,99.2,0.0,0.0,0.8,12,12.0,compute,0.0,0.2,0.2
dapper,congested,129,100.0,1000,24.599702966215787,33.90591045177916,34.77957296022762,34.981958638619645,24.599702966215787,0.0,0.7227863941222297,0.7227863941222297,0.0,0.0,0.0,0.013,0.013,0.0,0.0,0.0,0.0,0.0,0.0,0.0,0.0,0.0,98.7,0.0,0.0,1.3,20,20.0,compute,0.0,0.2,0.2
dapper,variable,100,100.0,1000,19.847097399190012,33.61420558459003,34.76027410675784,34.95054826151675,21.1441304158454,0.0,0.7259116438296801,0.7291235328703708,1525.0,1.525,1525.0,0.284,0.216,0.0,0.061,0.9180327868852459,0.3442622950819672,0.021,0.5737704918032787,0.0,0.08196721311475409,0.0,72.3,0.0,6.1,21.6,230,230.0,compute,0.0,0.2,0.2
dapper,variable,101,100.0,1000,19.873228370530978,33.51859359353788,34.716729365681125,34.99816501848515,21.67319556686236,0.0,0.7274041929596399,0.7318557700222086,2100.0,2.1,2100.0,0.256,0.2,0.0,0.084,0.8928571428571429,0.3333333333333333,0.028,0.5595238095238095,0.0,0.10714285714285714,0.0,71.6,0.0,8.4,20.0,232,232.0,compute,0.0,0.2,0.2
dapper,variable,102,100.0,1000,21.725835154751234,33.952084801243224,34.85412725538718,34.995332379528136,23.801596336286007,0.0,0.7253923428217819,0.7306922696277939,2350.0,2.35,2350.0,0.167,0.131,0.0,0.094,0.8829787234042553,0.32978723404255317,0.031,0.5531914893617021,0.0,0.11702127659574468,0.0,77.5,0.0,9.4,13.100000000000001,188,188.0,compute,0.0,0.2,0.2
dapper,variable,103,100.0,1000,19.512093113412188,33.581179869308166,34.6745142049723,34.99051342908312,20.901079853461503,0.0,0.7261937654458711,0.7295550593738621,2100.0,2.1,2100.0,0.315,0.239,0.0,0.084,0.8690476190476191,0.25,0.021,0.6190476190476191,0.0,0.13095238095238096,0.0,67.7,0.0,8.4,23.9,259,259.0,compute,0.0,0.2,0.2
dapper,variable,104,100.0,1000,21.518439904160722,33.92297556550541,34.71580596411837,34.944614204784195,23.12434413325755,0.0,0.7272218707282757,0.7310638601204766,2050.0,2.05,2050.0,0.187,0.143,0.0,0.082,0.9512195121951219,0.3048780487804878,0.025,0.6463414634146342,0.0,0.04878048780487805,0.0,77.5,0.0,8.200000000000001,14.299999999999999,196,196.0,compute,0.0,0.2,0.2
dapper,variable,105,100.0,1000,20.409246302565197,33.52133876628223,34.7773651787171,34.98077376103997,22.219991290204796,0.0,0.726150768098847,0.73038489426482,2200.0,2.2,2200.0,0.238,0.184,0.0,0.088,0.9431818181818182,0.3068181818181818,0.027,0.6363636363636364,0.0,0.056818181818181816,0.0,72.8,0.0,8.799999999999999,18.4,230,230.0,compute,0.0,0.2,0.2
dapper,variable,106,100.0,1000,21.59372391817589,33.5305156645498,34.67586933903363,34.993851868805095,23.556302962306166,0.0,0.7255234671581106,0.7306928547987293,2000.0,2.0,2000.0,0.175,0.136,0.0,0.08,0.95,0.3875,0.031,0.5625,0.0,0.05,0.0,78.4,0.0,8.0,13.600000000000001,171,171.0,compute,0.0,0.2,0.2
dapper,variable,107,100.0,1000,20.056441701403287,33.56666120695883,34.6268453225655,34.98148819897819,20.954908777041638,0.0,0.7240116849833446,0.726214248626813,1275.0,1.275,1275.0,0.261,0.201,0.0,0.051,0.9215686274509803,0.27450980392156865,0.014,0.6470588235294118,0.0,0.0784313725490196,0.0,74.8,0.0,5.1,20.1,219,219.0,compute,0.0,0.2,0.2
dapper,variable,108,100.0,1000,20.480881005394448,33.99159903353784,34.77692101060002,34.94872090187498,21.939987994369673,0.0,0.7260048286422379,0.730061289226754,2150.0,2.15,2150.0,0.26,0.196,0.0,0.086,0.9418604651162791,0.26744186046511625,0.023,0.6744186046511628,0.0,0.05813953488372093,0.0,71.8,0.0,8.6,19.6,234,234.0,compute,0.0,0.2,0.2
dapper,variable,109,100.0,1000,21.210997956041414,33.76823065319891,34.76110730262953,34.98660651522982,22.40955629048601,0.0,0.7239038673745836,0.7265135509182867,1325.0,1.325,1325.0,0.203,0.156,0.0,0.053,0.9433962264150944,0.33962264150943394,0.018,0.6037735849056604,0.0,0.05660377358490566,0.0,79.10000000000001,0.0,5.3,15.6,191,191.0,compute,0.0,0.2,0.2
dapper,variable,110,100.0,1000,20.982663888093814,33.908831310824965,34.67822534775889,34.98146709760653,22.085266418346485,0.0,0.7252583766377324,0.7277534167891464,1425.0,1.425,1425.0,0.226,0.171,0.0,0.057,0.9298245614035088,0.2982456140350877,0.017,0.631578947368421,0.0,0.07017543859649122,0.0,77.2,0.0,5.7,17.1,196,196.0,compute,0.0,0.2,0.2
dapper,variable,111,100.0,1000,21.15036747714493,33.79838354481562,34.723349040720166,34.97684653932659,22.86958531904845,0.0,0.7256303758132654,0.7298770924409177,2100.0,2.1,2100.0,0.216,0.166,0.0,0.084,0.9047619047619048,0.32142857142857145,0.027,0.5833333333333334,0.0,0.09523809523809523,0.0,75.0,0.0,8.4,16.6,220,220.0,compute,0.0,0.2,0.2
dapper,variable,112,100.0,1000,21.078172240720427,34.0565418294024,34.79412676903375,34.95854802039493,22.84407522896619,0.0,0.728773769620013,0.732624918258034,2075.0,2.075,2075.0,0.215,0.162,0.0,0.083,0.927710843373494,0.3253012048192771,0.027,0.6024096385542169,0.0,0.07228915662650602,0.0,75.5,0.0,8.3,16.2,215,215.0,compute,0.0,0.2,0.2
dapper,variable,113,100.0,1000,21.273906223598555,33.57682626381407,34.78843892853948,34.96829040868747,22.54334418556592,0.0,0.7261559614607069,0.7290931387141488,1825.0,1.825,1825.0,0.197,0.15,0.0,0.073,0.9452054794520548,0.2602739726027397,0.019,0.684931506849315,0.0,0.0547945205479452,0.0,77.7,0.0,7.3,15.0,188,188.0,compute,0.0,0.2,0.2
dapper,variable,114,100.0,1000,19.651478679764644,33.53883646549626,34.61117657596823,34.99588156157893,20.915236786939598,0.0,0.7222741502329159,0.7251844028547563,1500.0,1.5,1500.0,0.266,0.205,0.0,0.06,0.9,0.3333333333333333,0.02,0.5666666666666667,0.0,0.1,0.0,73.5,0.0,6.0,20.5,235,235.0,compute,0.0,0.2,0.2
dapper,variable,115,100.0,1000,21.45827282696581,33.34691437699113,34.626745067103904,34.87718954629805,23.385222756894784,0.0,0.7230935571850724,0.727747082491414,1825.0,1.825,1825.0,0.176,0.137,0.0,0.073,0.863013698630137,0.3972602739726027,0.029,0.4657534246575342,0.0,0.136986301369863,0.0,79.0,0.0,7.3,13.700000000000001,195,195.0,compute,0.0,0.2,0.2
dapper,variable,116,100.0,1000,20.840460970931165,33.98344969197258,34.76841725790863,34.94714462527301,21.984392375497155,0.0,0.7289372186607409,0.732008535395459,1725.0,1.725,1725.0,0.239,0.184,0.0,0.069,0.9130434782608695,0.2463768115942029,0.017,0.6666666666666666,0.0,0.08695652173913043,0.0,74.7,0.0,6.9,18.4,227,227.0,compute,0.0,0.2,0.2
dapper,variable,117,100.0,1000,22.76021868961211,34.240173789397694,34.82080355680936,34.990866631104254,23.615251335964093,0.0,0.7236897900442029,0.7260013765844434,1750.0,1.75,1750.0,0.132,0.1,0.0,0.07,0.9142857142857143,0.18571428571428572,0.013,0.7285714285714285,0.0,0.08571428571428572,0.0,83.0,0.0,7.000000000000001,10.0,158,158.0,compute,0.0,0.2,0.2
dapper,variable,118,100.0,1000,21.19990772515089,33.5101571170854,34.37942051281876,34.868091607089696,23.591234469284533,0.0,0.7251742139285398,0.7306215377814808,2775.0,2.775,2775.0,0.193,0.148,0.0,0.111,0.918918918918919,0.3153153153153153,0.035,0.6036036036036037,0.0,0.08108108108108109,0.0,74.1,0.0,11.1,14.799999999999999,237,237.0,compute,0.0,0.2,0.2
dapper,variable,119,100.0,1000,20.98980792595105,33.65904383541709,34.57959716197339,34.99635852821138,22.25602963314343,0.0,0.7248011782863056,0.7281673157665403,1925.0,1.925,1925.0,0.218,0.166,0.0,0.077,0.948051948051948,0.2597402597402597,0.02,0.6883116883116883,0.0,0.05194805194805195,0.0,75.7,0.0,7.7,16.6,208,208.0,compute,0.0,0.2,0.2
dapper,variable,120,100.0,1000,21.637219680970638,33.96526001626422,34.71258654891299,34.99491157025027,23.17401063789317,0.0,0.7236256274039456,0.7274422533023859,2175.0,2.175,2175.0,0.179,0.134,0.0,0.087,0.9540229885057471,0.26436781609195403,0.023,0.6896551724137931,0.0,0.04597701149425287,0.0,77.9,0.0,8.7,13.4,204,204.0,compute,0.0,0.2,0.2
dapper,variable,121,100.0,1000,20.769854338698046,33.76407787463392,34.80089032279628,34.994688323129196,23.34812261778914,0.0,0.7246801812954811,0.7315313491332828,2800.0,2.8,2800.0,0.217,0.168,0.0,0.112,0.9642857142857143,0.3482142857142857,0.039,0.6160714285714286,0.0,0.03571428571428571,0.0,72.0,0.0,11.200000000000001,16.8,247,247.0,compute,0.0,0.2,0.2
dapper,variable,122,100.0,1000,21.13175821444513,33.694416258508085,34.631522901173106,34.97317679379236,23.129634604807354,0.0,0.727101792089757,0.7317612349881972,1950.0,1.95,1950.0,0.197,0.151,0.0,0.078,0.9102564102564102,0.38461538461538464,0.03,0.5256410256410257,0.0,0.08974358974358974,0.0,77.10000000000001,0.0,7.8,15.1,194,194.0,compute,0.0,0.2,0.2
dapper,variable,123,100.0,1000,21.09321361110236,33.79103353765298,34.79488657343286,34.98222422308634,22.428074128374952,0.0,0.7282104611957531,0.7319672317270935,1675.0,1.675,1675.0,0.215,0.164,0.0,0.067,0.9402985074626866,0.31343283582089554,0.021,0.6268656716417911,0.0,0.05970149253731343,0.0,76.9,0.0,6.7,16.400000000000002,203,203.0,compute,0.0,0.2,0.2
dapper,variable,124,100.0,1000,21.732988484636902,33.61582768332837,34.67732058291188,34.996246009129095,23.2571691626046,0.0,0.7242599698219147,0.7279311207393673,2150.0,2.15,2150.0,0.169,0.132,0.0,0.086,0.8604651162790697,0.26744186046511625,0.023,0.5930232558139535,0.0,0.13953488372093023,0.0,78.2,0.0,8.6,13.200000000000001,186,186.0,compute,0.0,0.2,0.2
dapper,variable,125,100.0,1000,20.769788307085673,33.55572104656107,34.7780426012565,34.94952031560075,22.544398799736946,0.0,0.7246252838037862,0.7287161517334323,2150.0,2.15,2150.0,0.222,0.17,0.0,0.086,0.9534883720930233,0.313953488372093,0.027,0.6395348837209303,0.0,0.046511627906976744,0.0,74.4,0.0,8.6,17.0,220,220.0,compute,0.0,0.2,0.2
dapper,variable,126,100.0,1000,21.1478810158433,33.75159446968112,34.720173914570076,34.997585709381326,22.84455754473866,0.0,0.7299377493938444,0.7342769833511991,1800.0,1.8,1800.0,0.21,0.163,0.0,0.072,0.9444444444444444,0.375,0.027,0.5694444444444444,0.0,0.05555555555555555,0.0,76.5,0.0,7.199999999999999,16.3,202,202.0,compute,0.0,0.2,0.2
dapper,variable,127,100.0,1000,20.660215773075464,34.01155392391131,34.710521322396545,34.9805264786951,21.878779762528062,0.0,0.7254115546748069,0.7288902036490474,1725.0,1.725,1725.0,0.245,0.187,0.0,0.069,0.9710144927536232,0.2608695652173913,0.018,0.7101449275362319,0.0,0.028985507246376812,0.0,74.4,0.0,6.9,18.7,203,203.0,compute,0.0,0.2,0.2
dapper,variable,128,100.0,1000,19.588881490818014,33.63444553862527,34.724924465655434,34.96530254190218,20.75284419009138,0.0,0.7261101277963585,0.7284373364922685,1350.0,1.35,1350.0,0.278,0.214,0.0,0.054,0.9444444444444444,0.3148148148148148,0.017,0.6296296296296297,0.0,0.05555555555555555,0.0,73.2,0.0,5.4,21.4,213,213.0,compute,0.0,0.2,0.2
dapper,variable,129,100.0,1000,21.009790891695804,33.95183803633796,34.77333674805944,34.967648156933706,22.4469475976374,0.0,0.7216296347896245,0.7254344488948706,1675.0,1.675,1675.0,0.227,0.175,0.0,0.067,0.9253731343283582,0.34328358208955223,0.023,0.582089552238806,0.0,0.07462686567164178,0.0,75.8,0.0,6.7,17.5,193,193.0,compute,0.0,0.2,0.2
dapper,stable,100,100.0,1000,25.279403323317702,33.96035223762113,34.73962355895296,34.988775105687154,51.53514833678389,0.0,0.7265268897628933,0.792417917211626,21350.0,21.35,21350.0,0.0,0.0,0.0,0.854,0.9918032786885246,0.4953161592505855,0.423,0.4964871194379391,0.0,0.00819672131147541,0.0,14.6,0.0,85.39999999999999,0.0,259,259.0,compute,0.0,0.3,0.3
dapper,stable,101,100.0,1000,24.820657080469697,33.96040511204254,34.788072376532675,34.99828909781833,53.53675771177409,0.0,0.7249338588619687,0.7978649635318986,21700.0,21.7,21700.0,0.0,0.0,0.0,0.868,0.9896313364055299,0.5288018433179723,0.459,0.4608294930875576,0.0,0.010368663594470046,0.0,13.200000000000001,0.0,86.8,0.0,231,231.0,compute,0.0,0.3,0.3
dapper,stable,102,100.0,1000,24.835880473076735,33.70682378335116,34.74818297607158,34.965240972972765,51.8627260021259,0.0,0.727324394359075,0.800034845226407,20900.0,20.9,20900.0,0.0,0.0,0.0,0.836,0.992822966507177,0.5263157894736842,0.44,0.4665071770334928,0.0,0.007177033492822967,0.0,16.400000000000002,0.0,83.6,0.0,284,284.0,compute,0.0,0.3,0.3
dapper,stable,103,100.0,1000,24.972078044518216,34.293187186352334,34.89307765319619,34.99802137082616,53.372703891643845,0.0,0.7236659440861409,0.7991290672988378,21525.0,21.525,21525.0,0.0,0.0,0.0,0.861,0.9883855981416957,0.5342624854819977,0.46,0.454123112659698,0.0,0.011614401858304297,0.0,13.900000000000002,0.0,86.1,0.0,237,237.0,compute,0.0,0.3,0.3
dapper,stable,104,100.0,1000,24.98622097286207,33.860115377670134,34.74837408619961,34.98656616097203,51.037343944723006,0.0,0.7240926018777877,0.7898578469524961,21900.0,21.9,21900.0,0.0,0.0,0.0,0.876,0.9920091324200914,0.4794520547945205,0.42,0.5125570776255708,0.0,0.007990867579908675,0.0,12.4,0.0,87.6,0.0,220,220.0,compute,0.0,0.3,0.3
dapper,stable,105,100.0,1000,24.85634769037545,33.82025179084476,34.62504012903672,34.93314580405199,51.59710330911793,0.0,0.7262361051095783,0.7959250227091806,21250.0,21.25,21250.0,0.0,0.0,0.0,0.85,0.9905882352941177,0.5105882352941177,0.434,0.48,0.0,0.009411764705882352,0.0,15.0,0.0,85.0,0.0,256,256.0,compute,0.0,0.3,0.3
dapper,stable,106,100.0,1000,24.716410963251104,33.86074949026578,34.68730165917939,34.933586993197196,52.69637342008328,0.0,0.7229428904328138,0.7962430814491968,21425.0,21.425,21425.0,0.0,0.0,0.0,0.857,0.9918319719953326,0.5227537922987164,0.448,0.4690781796966161,0.0,0.008168028004667444,0.0,14.299999999999999,0.0,85.7,0.0,252,252.0,compute,0.0,0.3,0.3
dapper,stable,107,100.0,1000,24.88557902804772,33.83424628214373,34.89267109559948,34.9936438529993,53.380353744565205,0.0,0.7245133185042392,0.7993133636844371,22025.0,22.025,22025.0,0.0,0.0,0.0,0.881,0.9886492622020431,0.5187287173666288,0.457,0.4699205448354143,0.0,0.011350737797956867,0.0,11.899999999999999,0.0,88.1,0.0,198,198.0,compute,0.0,0.3,0.3
dapper,stable,108,100.0,1000,25.235897183714567,34.2868707566229,34.87218349603604,34.989690121554816,51.92467360201944,0.0,0.7254394152220247,0.7967132376294662,21500.0,21.5,21500.0,0.0,0.0,0.0,0.86,0.9872093023255814,0.5023255813953489,0.432,0.4848837209302326,0.0,0.012790697674418604,0.0,14.000000000000002,0.0,86.0,0.0,231,231.0,compute,0.0,0.3,0.3
dapper,stable,109,100.0,1000,25.268964708760926,34.15910526808331,34.79620852522923,34.94284900848466,51.53790445445115,0.0,0.7225069831603355,0.7908717000411818,21775.0,21.775,21775.0,0.0,0.0,0.0,0.871,0.9850746268656716,0.4845005740528129,0.422,0.5005740528128588,0.0,0.014925373134328358,0.0,12.9,0.0,87.1,0.0,228,228.0,compute,0.0,0.3,0.3
dapper,stable,110,100.0,1000,24.978043487255007,33.957417382454665,34.80033649104111,34.99011804008187,51.64725260956925,0.0,0.7239727698806182,0.7935801521646344,21400.0,21.4,21400.0,0.0,0.0,0.0,0.856,0.985981308411215,0.5035046728971962,0.431,0.4824766355140187,0.0,0.014018691588785047,0.0,14.399999999999999,0.0,85.6,0.0,261,261.0,compute,0.0,0.3,0.3
dapper,stable,111,100.0,1000,25.491345575881343,33.99942489704205,34.77294614292747,34.98882482505357,52.77932606666301,0.0,0.7264559107913696,0.7988751227250941,20975.0,20.975,20975.0,0.0,0.0,0.0,0.839,0.9916567342073898,0.5256257449344458,0.441,0.466030989272944,0.0,0.00834326579261025,0.0,16.1,0.0,83.89999999999999,0.0,276,276.0,compute,0.0,0.3,0.3
dapper,stable,112,100.0,1000,25.044635098675773,33.93678625080242,34.80594764992258,34.978994945141224,52.774438295965986,0.0,0.7245903067601731,0.7942867336915719,21700.0,21.7,21700.0,0.0,0.0,0.0,0.868,0.9919354838709677,0.5103686635944701,0.443,0.4815668202764977,0.0,0.008064516129032258,0.0,13.200000000000001,0.0,86.8,0.0,220,220.0,compute,0.0,0.3,0.3
dapper,stable,113,100.0,1000,24.924957379086543,33.92528008813723,34.852479041190236,34.99387303551587,50.565197370598845,0.0,0.725184772552611,0.7910288053494875,21600.0,21.6,21600.0,0.0,0.0,0.0,0.864,0.9826388888888888,0.48032407407407407,0.415,0.5023148148148148,0.0,0.017361111111111112,0.0,13.600000000000001,0.0,86.4,0.0,239,239.0,compute,0.0,0.3,0.3
dapper,stable,114,100.0,1000,25.128438548268,33.86993382489312,34.786318253661975,34.99771913787838,53.866453690073165,0.0,0.7237524930795687,0.7977940224588013,21900.0,21.9,21900.0,0.0,0.0,0.0,0.876,0.9908675799086758,0.5308219178082192,0.465,0.4600456621004566,0.0,0.0091324200913242,0.0,12.4,0.0,87.6,0.0,214,214.0,compute,0.0,0.3,0.3
dapper,stable,115,100.0,1000,25.094705607799348,34.162413089123824,34.74465384721523,34.970565607066455,51.94937303752475,0.0,0.7245886848920773,0.7944537871206474,21750.0,21.75,21750.0,0.0,0.0,0.0,0.87,0.9873563218390805,0.5011494252873563,0.436,0.4862068965517241,0.0,0.01264367816091954,0.0,13.0,0.0,87.0,0.0,219,219.0,compute,0.0,0.3,0.3
dapper,stable,116,100.0,1000,25.028301912688907,34.05041769477859,34.88445460350265,34.99403448766891,54.211607535281885,0.0,0.7244573126145593,0.798391101095973,21750.0,21.75,21750.0,0.0,0.0,0.0,0.87,0.9942528735632183,0.5448275862068965,0.474,0.4494252873563218,0.0,0.005747126436781609,0.0,13.0,0.0,87.0,0.0,221,221.0,compute,0.0,0.3,0.3
dapper,stable,117,100.0,1000,24.997182216762514,33.94211020128963,34.806950360419165,34.98156739475102,51.94396103000347,0.0,0.7238166310991714,0.7935256482510197,21850.0,21.85,21850.0,0.0,0.0,0.0,0.874,0.9862700228832952,0.4897025171624714,0.428,0.4965675057208238,0.0,0.013729977116704805,0.0,12.6,0.0,87.4,0.0,226,226.0,compute,0.0,0.3,0.3
dapper,stable,118,100.0,1000,25.026589048763064,34.146334679362305,34.835239525322194,34.964244111574146,52.20873167600773,0.0,0.7280528994609765,0.7960765304196257,21475.0,21.475,21475.0,0.0,0.0,0.0,0.859,0.9906868451688009,0.5075669383003493,0.436,0.4831199068684517,0.0,0.009313154831199068,0.0,14.099999999999998,0.0,85.9,0.0,244,244.0,compute,0.0,0.3,0.3
dapper,stable,119,100.0,1000,24.80107188012856,34.00280379558126,34.81754573602827,34.936826663719394,53.78667209236602,0.0,0.7243707963012889,0.799875204249307,21925.0,21.925,21925.0,0.0,0.0,0.0,0.877,0.9874572405929305,0.5324971493728621,0.467,0.4549600912200684,0.0,0.012542759407069556,0.0,12.3,0.0,87.7,0.0,228,228.0,compute,0.0,0.3,0.3
dapper,stable,120,100.0,1000,25.000139802139184,33.83887438020657,34.75482963071029,34.96519781982063,52.586658253654925,0.0,0.7247996031934949,0.7950348677637523,21800.0,21.8,21800.0,0.0,0.0,0.0,0.872,0.9839449541284404,0.5103211009174312,0.445,0.4736238532110092,0.0,0.016055045871559634,0.0,12.8,0.0,87.2,0.0,212,212.0,compute,0.0,0.3,0.3
dapper,stable,121,100.0,1000,24.870142370806825,34.08802278656587,34.79782372711737,34.96061084968983,51.218892289603616,0.0,0.7235062491591376,0.7917923991779289,21800.0,21.8,21800.0,0.0,0.0,0.0,0.872,0.9862385321100917,0.48394495412844035,0.422,0.5022935779816514,0.0,0.013761467889908258,0.0,12.8,0.0,87.2,0.0,219,219.0,compute,0.0,0.3,0.3
dapper,stable,122,100.0,1000,24.829111935230273,33.958468133447,34.74506049633189,34.924143640943036,53.271418624119164,0.0,0.7259117747422895,0.7982645293058339,21950.0,21.95,21950.0,0.0,0.0,0.0,0.878,0.9886104783599089,0.5148063781321185,0.452,0.47380410022779046,0.0,0.011389521640091117,0.0,12.2,0.0,87.8,0.0,200,200.0,compute,0.0,0.3,0.3
dapper,stable,123,100.0,1000,25.35470141463279,34.01400394209814,34.728637206489786,34.90743937957425,51.64158095400979,0.0,0.7231039957478556,0.7928850748486099,22225.0,22.225,22225.0,0.0,0.0,0.0,0.889,0.9820022497187851,0.4769403824521935,0.424,0.5050618672665916,0.0,0.01799775028121485,0.0,11.1,0.0,88.9,0.0,196,196.0,compute,0.0,0.3,0.3
dapper,stable,124,100.0,1000,25.00583269004324,34.03261405514325,34.80612955591713,34.95256595801938,50.8126236179597,0.0,0.7270004160651047,0.7942088997255117,21000.0,21.0,21000.0,0.0,0.0,0.0,0.84,0.9928571428571429,0.49642857142857144,0.417,0.49642857142857144,0.0,0.007142857142857143,0.0,16.0,0.0,84.0,0.0,280,280.0,compute,0.0,0.3,0.3
dapper,stable,125,100.0,1000,24.9867591189863,33.982185709447386,34.8021659840167,34.99165214842439,53.959249959158115,0.0,0.7268533605073024,0.7989657788847586,21650.0,21.65,21650.0,0.0,0.0,0.0,0.866,0.9919168591224018,0.5323325635103926,0.461,0.45958429561200925,0.0,0.008083140877598153,0.0,13.4,0.0,86.6,0.0,238,238.0,compute,0.0,0.3,0.3
dapper,stable,126,100.0,1000,24.628886386363657,33.70638744138536,34.672811784104226,34.983867296625746,53.134621864449656,0.0,0.726794351381784,0.8009463128693688,21175.0,21.175,21175.0,0.0,0.0,0.0,0.847,0.9881936245572609,0.5419126328217237,0.459,0.4462809917355372,0.0,0.011806375442739079,0.0,15.299999999999999,0.0,84.7,0.0,252,252.0,compute,0.0,0.3,0.3
dapper,stable,127,100.0,1000,25.164646066804526,34.17312143282042,34.80106095916998,34.970740898815485,54.30743225703345,0.0,0.7237258806201099,0.7969399991420358,22125.0,22.125,22125.0,0.0,0.0,0.0,0.885,0.9909604519774011,0.5276836158192091,0.467,0.4632768361581921,0.0,0.00903954802259887,0.0,11.5,0.0,88.5,0.0,207,207.0,compute,0.0,0.3,0.3
dapper,stable,128,100.0,1000,25.178185128090664,33.92859815320874,34.67968897440042,34.972660274630584,53.589153958153254,0.0,0.7271450910033325,0.7988558762020542,21425.0,21.425,21425.0,0.0,0.0,0.0,0.857,0.9836639439906651,0.5309218203033839,0.455,0.45274212368728123,0.0,0.01633605600933489,0.0,14.299999999999999,0.0,85.7,0.0,237,237.0,compute,0.0,0.3,0.3
dapper,stable,129,100.0,1000,25.217209562918274,34.07064808785484,34.83459462785327,34.9933571344785,53.065152250426124,0.0,0.722736266433297,0.7957788932941594,21825.0,21.825,21825.0,0.0,0.0,0.0,0.873,0.9896907216494846,0.5131729667812142,0.448,0.4765177548682703,0.0,0.010309278350515464,0.0,12.7,0.0,87.3,0.0,214,214.0,compute,0.0,0.3,0.3
dapper,congested,100,100.0,1000,24.824557271985057,33.928407620489025,34.77556075006328,34.97404020175507,24.824557271985057,0.0,0.7231225654703062,0.7231225654703062,0.0,0.0,0.0,0.004,0.004,0.0,0.0,0.0,0.0,0.0,0.0,0.0,0.0,0.0,99.6,0.0,0.0,0.4,8,8.0,compute,0.0,0.3,0.3
dapper,congested,101,100.0,1000,25.026673523971784,34.03466107987438,34.84243479054015,34.99327875607795,25.026673523971784,0.0,0.7239603822715144,0.7239603822715144,0.0,0.0,0.0,0.007,0.007,0.0,0.0,0.0,0.0,0.0,0.0,0.0,0.0,0.0,99.3,0.0,0.0,0.7000000000000001,12,12.0,compute,0.0,0.3,0.3
dapper,congested,102,100.0,1000,24.829712790777762,33.96479457393766,34.69588731781126,34.989536221406055,24.829712790777762,0.0,0.7270052366898776,0.7270052366898776,0.0,0.0,0.0,0.008,0.008,0.0,0.0,0.0,0.0,0.0,0.0,0.0,0.0,0.0,99.2,0.0,0.0,0.8,14,14.0,compute,0.0,0.3,0.3
dapper,congested,103,100.0,1000,24.892785643695664,34.09454856492267,34.78542999553827,34.985893217625524,24.892785643695664,0.0,0.7249187188165734,0.7249187188165734,0.0,0.0,0.0,0.006,0.006,0.0,0.0,0.0,0.0,0.0,0.0,0.0,0.0,0.0,99.4,0.0,0.0,0.6,12,12.0,compute,0.0,0.3,0.3
dapper,congested,104,100.0,1000,24.77796847513708,33.81394766067372,34.81048977789511,34.94578824107255,24.77796847513708,0.0,0.7272547943451833,0.7272547943451833,0.0,0.0,0.0,0.008,0.008,0.0,0.0,0.0,0.0,0.0,0.0,0.0,0.0,0.0,99.2,0.0,0.0,0.8,14,14.0,compute,0.0,0.3,0.3
dapper,congested,105,100.0,1000,24.677162661323955,34.007432758127685,34.86009343610894,34.98145078352877,24.677162661323955,0.0,0.7241646482306923,0.7241646482306923,0.0,0.0,0.0,0.008,0.008,0.0,0.0,0.0,0.0,0.0,0.0,0.0,0.0,0.0,99.2,0.0,0.0,0.8,12,12.0,compute,0.0,0.3,0.3
dapper,congested,106,100.0,1000,24.772684967250918,33.98450796903268,34.753821099438774,34.98979405154197,24.772684967250918,0.0,0.7262080408789683,0.7262080408789683,0.0,0.0,0.0,0.007,0.007,0.0,0.0,0.0,0.0,0.0,0.0,0.0,0.0,0.0,99.3,0.0,0.0,0.7000000000000001,8,8.0,compute,0.0,0.3,0.3
dapper,congested,107,100.0,1000,24.763848167260303,33.88426057014752,34.77470672268729,34.998762184541775,24.763848167260303,0.0,0.7257346306649486,0.7257346306649486,0.0,0.0,0.0,0.005,0.005,0.0,0.0,0.0,0.0,0.0,0.0,0.0,0.0,0.0,99.5,0.0,0.0,0.5,8,8.0,compute,0.0,0.3,0.3
dapper,congested,108,100.0,1000,24.953177155047733,33.943119032195405,34.814499351033405,34.99655745974279,24.953177155047733,0.0,0.7244295155267036,0.7244295155267036,0.0,0.0,0.0,0.008,0.008,0.0,0.0,0.0,0.0,0.0,0.0,0.0,0.0,0.0,99.2,0.0,0.0,0.8,14,14.0,compute,0.0,0.3,0.3
dapper,congested,109,100.0,1000,24.847059358357548,33.93181537323021,34.785030538309286,34.98925809716232,24.847059358357548,0.0,0.7234323551786083,0.7234323551786083,0.0,0.0,0.0,0.007,0.007,0.0,0.0,0.0,0.0,0.0,0.0,0.0,0.0,0.0,99.3,0.0,0.0,0.7000000000000001,10,10.0,compute,0.0,0.3,0.3
dapper,congested,110,100.0,1000,24.70223165713215,33.71973175922034,34.60151524624712,34.90888622322395,24.70223165713215,0.0,0.7246938266396346,0.7246938266396346,0.0,0.0,0.0,0.005,0.005,0.0,0.0,0.0,0.0,0.0,0.0,0.0,0.0,0.0,99.5,0.0,0.0,0.5,8,8.0,compute,0.0,0.3,0.3
dapper,congested,111,100.0,1000,24.94253826558974,33.995133250212476,34.74455155405684,34.96241421096305,24.94253826558974,0.0,0.7254545302713125,0.7254545302713125,0.0,0.0,0.0,0.008,0.008,0.0,0.0,0.0,0.0,0.0,0.0,0.0,0.0,0.0,99.2,0.0,0.0,0.8,14,14.0,compute,0.0,0.3,0.3
dapper,congested,112,100.0,1000,24.86963877249279,33.90095224371657,34.76580213455383,34.985906989642146,24.86963877249279,0.0,0.7266076329631779,0.7266076329631779,0.0,0.0,0.0,0.013,0.013,0.0,0.0,0.0,0.0,0.0,0.0,0.0,0.0,0.0,98.7,0.0,0.0,1.3,18,18.0,compute,0.0,0.3,0.3
dapper,congested,113,100.0,1000,24.72292431672843,33.938019364553725,34.77247181035648,34.98424994294581,24.72292431672843,0.0,0.7265134749764945,0.7265134749764945,0.0,0.0,0.0,0.007,0.007,0.0,0.0,0.0,0.0,0.0,0.0,0.0,0.0,0.0,99.3,0.0,0.0,0.7000000000000001,12,12.0,compute,0.0,0.3,0.3
dapper,congested,114,100.0,1000,24.915906991902833,33.99518413696301,34.87476614646897,34.96282987218834,24.915906991902833,0.0,0.7286233928366593,0.7286233928366593,0.0,0.0,0.0,0.008,0.008,0.0,0.0,0.0,0.0,0.0,0.0,0.0,0.0,0.0,99.2,0.0,0.0,0.8,10,10.0,compute,0.0,0.3,0.3
dapper,congested,115,100.0,1000,25.085740611498316,34.01033183391731,34.751795785617006,34.96593743598228,25.085740611498316,0.0,0.722824442674691,0.722824442674691,0.0,0.0,0.0,0.006,0.006,0.0,0.0,0.0,0.0,0.0,0.0,0.0,0.0,0.0,99.4,0.0,0.0,0.6,10,10.0,compute,0.0,0.3,0.3
dapper,congested,116,100.0,1000,25.324934204252145,33.95730249293956,34.77240430108412,34.9771698353159,25.324934204252145,0.0,0.7260315559209485,0.7260315559209485,0.0,0.0,0.0,0.008,0.008,0.0,0.0,0.0,0.0,0.0,0.0,0.0,0.0,0.0,99.2,0.0,0.0,0.8,16,16.0,compute,0.0,0.3,0.3
dapper,congested,117,100.0,1000,24.38620885543388,33.706919736517364,34.66361864084976,34.994340946660934,24.38620885543388,0.0,0.7253330615138619,0.7253330615138619,0.0,0.0,0.0,0.008,0.008,0.0,0.0,0.0,0.0,0.0,0.0,0.0,0.0,0.0,99.2,0.0,0.0,0.8,16,16.0,compute,0.0,0.3,0.3
dapper,congested,118,100.0,1000,25.01023416650803,34.01490807545646,34.75940662114508,34.968506891824205,25.01023416650803,0.0,0.7268033495517163,0.7268033495517163,0.0,0.0,0.0,0.007,0.007,0.0,0.0,0.0,0.0,0.0,0.0,0.0,0.0,0.0,99.3,0.0,0.0,0.7000000000000001,12,12.0,compute,0.0,0.3,0.3
dapper,congested,119,100.0,1000,25.237974362405513,33.930297923071485,34.79939395844596,34.97944595589328,25.237974362405513,0.0,0.7235998627315303,0.7235998627315303,0.0,0.0,0.0,0.005,0.005,0.0,0.0,0.0,0.0,0.0,0.0,0.0,0.0,0.0,99.5,0.0,0.0,0.5,8,8.0,compute,0.0,0.3,0.3
dapper,congested,120,100.0,1000,24.770729236686982,33.99634834863332,34.78821886321599,34.985958566309606,24.770729236686982,0.0,0.724149083598059,0.724149083598059,0.0,0.0,0.0,0.008,0.008,0.0,0.0,0.0,0.0,0.0,0.0,0.0,0.0,0.0,99.2,0.0,0.0,0.8,16,16.0,compute,0.0,0.3,0.3
dapper,congested,121,100.0,1000,24.670024513531853,33.750343569648706,34.75280697328194,34.996277370025744,24.670024513531853,0.0,0.7242193034879331,0.7242193034879331,0.0,0.0,0.0,0.006,0.006,0.0,0.0,0.0,0.0,0.0,0.0,0.0,0.0,0.0,99.4,0.0,0.0,0.6,10,10.0,compute,0.0,0.3,0.3
dapper,congested,122,100.0,1000,24.53787182490916,33.83751458842038,34.770700984913006,34.91653465760954,24.53787182490916,0.0,0.726925307989091,0.726925307989091,0.0,0.0,0.0,0.013,0.013,0.0,0.0,0.0,0.0,0.0,0.0,0.0,0.0,0.0,98.7,0.0,0.0,1.3,14,14.0,compute,0.0,0.3,0.3
dapper,congested,123,100.0,1000,24.972968667791022,34.0068905091913,34.771507219222585,34.98883073588995,24.972968667791022,0.0,0.7231981737549722,0.7231981737549722,0.0,0.0,0.0,0.002,0.002,0.0,0.0,0.0,0.0,0.0,0.0,0.0,0.0,0.0,99.8,0.0,0.0,0.2,4,4.0,compute,0.0,0.3,0.3
dapper,congested,124,100.0,1000,24.68398444976012,33.74309287533703,34.66363593071505,34.94326242767353,24.68398444976012,0.0,0.7246698111318651,0.7246698111318651,0.0,0.0,0.0,0.006,0.006,0.0,0.0,0.0,0.0,0.0,0.0,0.0,0.0,0.0,99.4,0.0,0.0,0.6,10,10.0,compute,0.0,0.3,0.3
dapper,congested,125,100.0,1000,24.725669553063664,34.05786747219948,34.83418763630404,34.99974319601896,24.725669553063664,0.0,0.7228975062228786,0.7228975062228786,0.0,0.0,0.0,0.012,0.012,0.0,0.0,0.0,0.0,0.0,0.0,0.0,0.0,0.0,98.8,0.0,0.0,1.2,14,14.0,compute,0.0,0.3,0.3
dapper,congested,126,100.0,1000,24.961010734873252,33.97988585528562,34.774114294105054,34.99086328598782,24.961010734873252,0.0,0.7258907807888281,0.7258907807888281,0.0,0.0,0.0,0.002,0.002,0.0,0.0,0.0,0.0,0.0,0.0,0.0,0.0,0.0,99.8,0.0,0.0,0.2,4,4.0,compute,0.0,0.3,0.3
dapper,congested,127,100.0,1000,24.79915459305446,33.97839515917549,34.71031183612322,34.99801668883106,24.79915459305446,0.0,0.7241769809830646,0.7241769809830646,0.0,0.0,0.0,0.01,0.01,0.0,0.0,0.0,0.0,0.0,0.0,0.0,0.0,0.0,99.0,0.0,0.0,1.0,18,18.0,compute,0.0,0.3,0.3
dapper,congested,128,100.0,1000,24.671514882986425,34.08647701991846,34.783499539553866,34.99302751306131,24.671514882986425,0.0,0.72324842617587,0.72324842617587,0.0,0.0,0.0,0.008,0.008,0.0,0.0,0.0,0.0,0.0,0.0,0.0,0.0,0.0,99.2,0.0,0.0,0.8,12,12.0,compute,0.0,0.3,0.3
dapper,congested,129,100.0,1000,24.599702966215787,33.90591045177916,34.77957296022762,34.981958638619645,24.599702966215787,0.0,0.7227863941222297,0.7227863941222297,0.0,0.0,0.0,0.013,0.013,0.0,0.0,0.0,0.0,0.0,0.0,0.0,0.0,0.0,98.7,0.0,0.0,1.3,20,20.0,compute,0.0,0.3,0.3
dapper,variable,100,100.0,1000,19.847097399190012,33.61420558459003,34.76027410675784,34.95054826151675,20.58433575155289,0.0,0.7259116438296801,0.7280224550658047,750.0,0.75,750.0,0.284,0.216,0.0,0.03,0.9333333333333333,0.43333333333333335,0.013,0.5,0.0,0.06666666666666667,0.0,75.4,0.0,3.0,21.6,187,187.0,compute,0.0,0.3,0.3
dapper,variable,101,100.0,1000,19.873228370530978,33.51859359353788,34.716729365681125,34.99816501848515,20.878851198867114,0.0,0.7274041929596399,0.7299592832931295,850.0,0.85,850.0,0.256,0.2,0.0,0.034,0.8823529411764706,0.47058823529411764,0.016,0.4117647058823529,0.0,0.11764705882352941,0.0,76.6,0.0,3.4000000000000004,20.0,183,183.0,compute,0.0,0.3,0.3
dapper,variable,102,100.0,1000,21.725835154751234,33.952084801243224,34.85412725538718,34.995332379528136,23.044779752288008,0.0,0.7253923428217819,0.7287540541620396,1225.0,1.225,1225.0,0.167,0.131,0.0,0.049,0.9591836734693877,0.40816326530612246,0.02,0.5510204081632653,0.0,0.04081632653061224,0.0,82.0,0.0,4.9,13.100000000000001,138,138.0,compute,0.0,0.3,0.3
dapper,variable,103,100.0,1000,19.512093113412188,33.581179869308166,34.6745142049723,34.99051342908312,20.283396359023907,0.0,0.7261937654458711,0.7278407598073183,1000.0,1.0,1000.0,0.315,0.239,0.0,0.04,0.9,0.3,0.012,0.6,0.0,0.1,0.0,72.1,0.0,4.0,23.9,222,222.0,compute,0.0,0.3,0.3
dapper,variable,104,100.0,1000,21.518439904160722,33.92297556550541,34.71580596411837,34.944614204784195,22.445889824500192,0.0,0.7272218707282757,0.7293171834846159,1050.0,1.05,1050.0,0.187,0.143,0.0,0.042,0.9523809523809523,0.35714285714285715,0.015,0.5952380952380952,0.0,0.047619047619047616,0.0,81.5,0.0,4.2,14.299999999999999,157,157.0,compute,0.0,0.3,0.3
dapper,variable,105,100.0,1000,20.409246302565197,33.52133876628223,34.7773651787171,34.98077376103997,21.178232468171426,0.0,0.726150768098847,0.7280179540083589,850.0,0.85,850.0,0.238,0.184,0.0,0.034,0.9117647058823529,0.35294117647058826,0.012,0.5588235294117647,0.0,0.08823529411764706,0.0,78.2,0.0,3.4000000000000004,18.4,178,178.0,compute,0.0,0.3,0.3
dapper,variable,106,100.0,1000,21.59372391817589,33.5305156645498,34.67586933903363,34.993851868805095,23.000547844041314,0.0,0.7255234671581106,0.7293997606251296,1275.0,1.275,1275.0,0.175,0.136,0.0,0.051,0.9607843137254902,0.45098039215686275,0.023,0.5098039215686274,0.0,0.0392156862745098,0.0,81.3,0.0,5.1,13.600000000000001,140,140.0,compute,0.0,0.3,0.3
dapper,variable,107,100.0,1000,20.056441701403287,33.56666120695883,34.6268453225655,34.98148819897819,20.540622593808106,0.0,0.7240116849833446,0.7252207797228509,525.0,0.525,525.0,0.261,0.201,0.0,0.021,0.9047619047619048,0.38095238095238093,0.008,0.5238095238095238,0.0,0.09523809523809523,0.0,77.8,0.0,2.1,20.1,177,177.0,compute,0.0,0.3,0.3
dapper,variable,108,100.0,1000,20.480881005394448,33.99159903353784,34.77692101060002,34.94872090187498,21.263640407916192,0.0,0.7260048286422379,0.7281818805374771,1125.0,1.125,1125.0,0.26,0.196,0.0,0.045,0.9333333333333333,0.28888888888888886,0.013,0.6444444444444445,0.0,0.06666666666666667,0.0,75.9,0.0,4.5,19.6,201,201.0,compute,0.0,0.3,0.3
dapper,variable,109,100.0,1000,21.210997956041414,33.76823065319891,34.76110730262953,34.98660651522982,21.734713027814312,0.0,0.7239038673745836,0.7248779959510104,600.0,0.6,600.0,0.203,0.156,0.0,0.024,0.875,0.3333333333333333,0.008,0.5416666666666666,0.0,0.125,0.0,82.0,0.0,2.4,15.6,155,155.0,compute,0.0,0.3,0.3
dapper,variable,110,100.0,1000,20.982663888093814,33.908831310824965,34.67822534775889,34.98146709760653,21.692615347927145,0.0,0.7252583766377324,0.7269189962052994,775.0,0.775,775.0,0.226,0.171,0.0,0.031,0.9354838709677419,0.3548387096774194,0.011,0.5806451612903226,0.0,0.06451612903225806,0.0,79.80000000000001,0.0,3.1,17.1,163,163.0,compute,0.0,0.3,0.3
dapper,variable,111,100.0,1000,21.15036747714493,33.79838354481562,34.723349040720166,34.97684653932659,22.027405403188414,0.0,0.7256303758132654,0.7281425791235097,1025.0,1.025,1025.0,0.216,0.166,0.0,0.041,0.926829268292683,0.34146341463414637,0.014,0.5853658536585366,0.0,0.07317073170731707,0.0,79.3,0.0,4.1000000000000005,16.6,177,177.0,compute,0.0,0.3,0.3
dapper,variable,112,100.0,1000,21.078172240720427,34.0565418294024,34.79412676903375,34.95854802039493,22.234817873482363,0.0,0.728773769620013,0.7315011654521022,1150.0,1.15,1150.0,0.215,0.162,0.0,0.046,0.9130434782608695,0.391304347826087,0.018,0.5217391304347826,0.0,0.08695652173913043,0.0,79.2,0.0,4.6,16.2,169,169.0,compute,0.0,0.3,0.3
dapper,variable,113,100.0,1000,21.273906223598555,33.57682626381407,34.78843892853948,34.96829040868747,21.848935612986512,0.0,0.7259076767330915,0.7273375348899115,775.0,0.775,775.0,0.197,0.15,0.0,0.031,0.9354838709677419,0.2903225806451613,0.009,0.6451612903225806,0.0,0.06451612903225806,0.0,81.89999999999999,0.0,3.1,15.0,146,146.0,compute,0.0,0.3,0.3
dapper,variable,114,100.0,1000,19.651478679764644,33.53883646549626,34.61117657596823,34.99588156157893,20.500806423453003,0.0,0.722117753241367,0.7242018735134873,600.0,0.6,600.0,0.266,0.205,0.0,0.024,0.875,0.5833333333333334,0.014,0.2916666666666667,0.0,0.125,0.0,77.10000000000001,0.0,2.4,20.5,187,187.0,compute,0.0,0.3,0.3
dapper,variable,115,100.0,1000,21.45827282696581,33.34691437699113,34.626745067103904,34.87718954629805,22.520551918574707,0.0,0.7230935571850724,0.725583391725435,825.0,0.825,825.0,0.176,0.137,0.0,0.033,0.8181818181818182,0.48484848484848486,0.016,0.3333333333333333,0.0,0.18181818181818182,0.0,83.0,0.0,3.3000000000000003,13.700000000000001,153,153.0,compute,0.0,0.3,0.3
dapper,variable,116,100.0,1000,20.840460970931165,33.98344969197258,34.76841725790863,34.94714462527301,21.490146463938437,0.0,0.7289372186607409,0.7306100701388896,800.0,0.8,800.0,0.239,0.184,0.0,0.032,0.9375,0.3125,0.01,0.625,0.0,0.0625,0.0,78.4,0.0,3.2,18.4,177,177.0,compute,0.0,0.3,0.3
dapper,variable,117,100.0,1000,22.76021868961211,34.240173789397694,34.82080355680936,34.990866631104254,23.198846047283347,0.0,0.7236897900442029,0.7250424097104837,825.0,0.825,825.0,0.132,0.1,0.0,0.033,0.9090909090909091,0.21212121212121213,0.007,0.696969696969697,0.0,0.09090909090909091,0.0,86.7,0.0,3.3000000000000003,10.0,113,113.0,compute,0.0,0.3,0.3
dapper,variable,118,100.0,1000,21.19990772515089,33.5101571170854,34.37942051281876,34.868091607089696,22.428996037094237,0.0,0.7249084744953512,0.7277792336891994,1375.0,1.375,1375.0,0.193,0.148,0.0,0.055,0.9090909090909091,0.32727272727272727,0.018,0.5818181818181818,0.0,0.09090909090909091,0.0,79.7,0.0,5.5,14.799999999999999,185,185.0,compute,0.0,0.3,0.3
dapper,variable,119,100.0,1000,20.98980792595105,33.65904383541709,34.57959716197339,34.99635852821138,21.835866161987504,0.0,0.7245505433959992,0.7269333093319469,800.0,0.8,800.0,0.218,0.166,0.0,0.032,0.96875,0.4375,0.014,0.53125,0.0,0.03125,0.0,80.2,0.0,3.2,16.6,161,161.0,compute,0.0,0.3,0.3
dapper,variable,120,100.0,1000,21.637219680970638,33.96526001626422,34.71258654891299,34.99491157025027,22.296562250080104,0.0,0.7236256274039456,0.7250988509162216,1075.0,1.075,1075.0,0.179,0.134,0.0,0.043,0.9534883720930233,0.23255813953488372,0.01,0.7209302325581395,0.0,0.046511627906976744,0.0,82.3,0.0,4.3,13.4,152,152.0,compute,0.0,0.3,0.3
dapper,variable,121,100.0,1000,20.769854338698046,33.76407787463392,34.80089032279628,34.994688323129196,22.730612504062307,0.0,0.7246801812954811,0.7301197889205117,1450.0,1.45,1450.0,0.217,0.168,0.0,0.058,0.9655172413793104,0.5172413793103449,0.03,0.4482758620689655,0.0,0.034482758620689655,0.0,77.4,0.0,5.800000000000001,16.8,202,202.0,compute,0.0,0.3,0.3
dapper,variable,122,100.0,1000,21.13175821444513,33.694416258508085,34.631522901173106,34.97317679379236,22.289849542102797,0.0,0.727101792089757,0.7299547064228081,875.0,0.875,875.0,0.197,0.151,0.0,0.035,0.9142857142857143,0.5142857142857142,0.018,0.4,0.0,0.08571428571428572,0.0,81.39999999999999,0.0,3.5000000000000004,15.1,156,156.0,compute,0.0,0.3,0.3
dapper,variable,123,100.0,1000,21.09321361110236,33.79103353765298,34.79488657343286,34.98222422308634,21.823741075168403,0.0,0.7282104611957531,0.7300938252972065,725.0,0.725,725.0,0.215,0.164,0.0,0.029,0.9655172413793104,0.41379310344827586,0.012,0.5517241379310345,0.0,0.034482758620689655,0.0,80.7,0.0,2.9000000000000004,16.400000000000002,156,156.0,compute,0.0,0.3,0.3
dapper,variable,124,100.0,1000,21.732988484636902,33.61582768332837,34.67732058291188,34.996246009129095,22.404317182356696,0.0,0.7242599698219147,0.7258699364655513,1025.0,1.025,1025.0,0.169,0.132,0.0,0.041,0.7560975609756098,0.24390243902439024,0.01,0.5121951219512195,0.0,0.24390243902439024,0.0,82.69999999999999,0.0,4.1000000000000005,13.200000000000001,139,139.0,compute,0.0,0.3,0.3
dapper,variable,125,100.0,1000,20.769788307085673,33.55572104656107,34.7780426012565,34.94952031560075,21.972704905315812,0.0,0.7246252838037862,0.7276064300732235,1200.0,1.2,1200.0,0.222,0.17,0.0,0.048,0.9583333333333334,0.3958333333333333,0.019,0.5625,0.0,0.041666666666666664,0.0,78.2,0.0,4.8,17.0,180,180.0,compute,0.0,0.3,0.3
dapper,variable,126,100.0,1000,21.1478810158433,33.75159446968112,34.720173914570076,34.997585709381326,22.265892358706907,0.0,0.7296789516875403,0.7326065535450111,1175.0,1.175,1175.0,0.21,0.163,0.0,0.047,0.9148936170212766,0.40425531914893614,0.019,0.5106382978723404,0.0,0.0851063829787234,0.0,79.0,0.0,4.7,16.3,173,173.0,compute,0.0,0.3,0.3
dapper,variable,127,100.0,1000,20.660215773075464,34.01155392391131,34.710521322396545,34.9805264786951,21.453616344699338,0.0,0.7254115546748069,0.727653768581209,875.0,0.875,875.0,0.245,0.187,0.0,0.035,1.0,0.34285714285714286,0.012,0.6571428571428571,0.0,0.0,0.0,77.8,0.0,3.5000000000000004,18.7,173,173.0,compute,0.0,0.3,0.3
dapper,variable,128,100.0,1000,19.588881490818014,33.63444553862527,34.724924465655434,34.96530254190218,20.262459891955118,0.0,0.7261101277963585,0.7274868490804256,600.0,0.6,600.0,0.278,0.214,0.0,0.024,0.9166666666666666,0.4166666666666667,0.01,0.5,0.0,0.08333333333333333,0.0,76.2,0.0,2.4,21.4,191,191.0,compute,0.0,0.3,0.3
dapper,variable,129,100.0,1000,21.009790891695804,33.95183803633796,34.77333674805944,34.967648156933706,21.87650978485804,0.0,0.7216296347896245,0.7238279600444614,775.0,0.775,775.0,0.227,0.175,0.0,0.031,0.9354838709677419,0.45161290322580644,0.014,0.4838709677419355,0.0,0.06451612903225806,0.0,79.4,0.0,3.1,17.5,156,156.0,compute,0.0,0.3,0.3
dapper,stable,100,100.0,1000,94.6351483367839,133.01149297862753,134.56271855103515,134.823013220076,94.6351483367839,0.431,0.792417917211626,0.48521674886127836,21350.0,21.35,21350.0,0.431,0.0,0.0,0.854,0.9918032786885246,0.4953161592505855,0.423,0.4964871194379391,0.0,0.00819672131147541,0.0,14.6,85.39999999999999,0.0,0.0,259,259.0,both,-0.3,-0.3,-0.3
dapper,stable,101,100.0,1000,94.43675771177409,132.43618044127183,134.44668662807283,134.9583636330832,94.43675771177409,0.409,0.7978649635318986,0.5058643253570243,21700.0,21.7,21700.0,0.409,0.0,0.0,0.868,0.9896313364055299,0.5288018433179723,0.459,0.4608294930875576,0.0,0.010368663594470046,0.0,13.200000000000001,86.8,0.0,0.0,231,231.0,both,-0.3,-0.3,-0.3
dapper,stable,102,100.0,1000,91.46272600212592,131.93282940892897,134.2802207026957,134.85872690967577,91.46272600212592,0.396,0.800034845226407,0.5161177019426821,20900.0,20.9,20900.0,0.396,0.0,0.0,0.836,0.992822966507177,0.5263157894736842,0.44,0.4665071770334928,0.0,0.007177033492822967,0.0,16.400000000000002,83.6,0.0,0.0,284,284.0,both,-0.3,-0.3,-0.3
dapper,stable,103,100.0,1000,93.47270389164385,132.36059853560914,134.48640760243822,134.99802137082617,93.47270389164385,0.401,0.7991290672988378,0.513227862673837,21525.0,21.525,21525.0,0.401,0.0,0.0,0.861,0.9883855981416957,0.5342624854819977,0.46,0.454123112659698,0.0,0.011614401858304297,0.0,13.900000000000002,86.1,0.0,0.0,237,237.0,both,-0.3,-0.3,-0.3
dapper,stable,104,100.0,1000,96.63734394472301,132.62680610175553,134.46232822327607,134.96157453832586,96.63734394472301,0.456,0.7898578469524961,0.46307716243039426,21900.0,21.9,21900.0,0.456,0.0,0.0,0.876,0.9920091324200914,0.4794520547945205,0.42,0.5125570776255708,0.0,0.007990867579908675,0.0,12.4,87.6,0.0,0.0,220,220.0,both,-0.3,-0.3,-0.3
dapper,stable,105,100.0,1000,93.19710330911792,132.69202135087292,134.27036547279215,134.93218081177963,93.19710330911792,0.416,0.7959250227091806,0.4984937156962791,21250.0,21.25,21250.0,0.416,0.0,0.0,0.85,0.9905882352941177,0.5105882352941177,0.434,0.48,0.0,0.009411764705882352,0.0,15.0,85.0,0.0,0.0,256,256.0,both,-0.3,-0.3,-0.3
dapper,stable,106,100.0,1000,93.59637342008328,131.80798176987918,134.11790015543394,134.90175616213577,93.59637342008328,0.409,0.7962430814491968,0.5051642140853865,21425.0,21.425,21425.0,0.409,0.0,0.0,0.857,0.9918319719953326,0.5227537922987164,0.448,0.4690781796966161,0.0,0.008168028004667444,0.0,14.299999999999999,85.7,0.0,0.0,252,252.0,both,-0.3,-0.3,-0.3
dapper,stable,107,100.0,1000,95.78035374456519,132.2723183769271,134.24805597396292,134.94157078846854,95.78035374456519,0.424,0.7993133636844371,0.4958235639452787,22025.0,22.025,22025.0,0.424,0.0,0.0,0.881,0.9886492622020431,0.5187287173666288,0.457,0.4699205448354143,0.0,0.011350737797956867,0.0,11.899999999999999,88.1,0.0,0.0,198,198.0,both,-0.3,-0.3,-0.3
dapper,stable,108,100.0,1000,94.72467360201944,132.7376848062657,134.6978219045251,134.95199263789533,94.72467360201944,0.428,0.7967132376294662,0.48975757975382933,21500.0,21.5,21500.0,0.428,0.0,0.0,0.86,0.9872093023255814,0.5023255813953489,0.432,0.4848837209302326,0.0,0.012790697674418604,0.0,14.000000000000002,86.0,0.0,0.0,231,231.0,both,-0.3,-0.3,-0.3
dapper,stable,109,100.0,1000,96.43790445445114,133.00067164233442,134.587185722026,134.94284900848464,96.43790445445114,0.449,0.7908717000411818,0.47120621925147727,21775.0,21.775,21775.0,0.449,0.0,0.0,0.871,0.9850746268656716,0.4845005740528129,0.422,0.5005740528128588,0.0,0.014925373134328358,0.0,12.9,87.1,0.0,0.0,228,228.0,both,-0.3,-0.3,-0.3
dapper,stable,110,100.0,1000,94.14725260956926,132.82017524970271,134.65355988858536,134.99011804008188,94.14725260956926,0.425,0.7935801521646344,0.4907928871911988,21400.0,21.4,21400.0,0.425,0.0,0.0,0.856,0.985981308411215,0.5035046728971962,0.431,0.4824766355140187,0.0,0.014018691588785047,0.0,14.399999999999999,85.6,0.0,0.0,261,261.0,both,-0.3,-0.3,-0.3
dapper,stable,111,100.0,1000,92.57932606666301,132.92711855258426,134.54791903631934,134.9601146620063,92.57932606666301,0.398,0.7988751227250941,0.5141598884709231,20975.0,20.975,20975.0,0.398,0.0,0.0,0.839,0.9916567342073898,0.5256257449344458,0.441,0.466030989272944,0.0,0.00834326579261025,0.0,16.1,83.89999999999999,0.0,0.0,276,276.0,both,-0.3,-0.3,-0.3
dapper,stable,112,100.0,1000,95.27443829596598,132.77162675716602,134.39987694633743,134.9678063714935,95.27443829596598,0.425,0.7942867336915719,0.49073708831011686,21700.0,21.7,21700.0,0.425,0.0,0.0,0.868,0.9919354838709677,0.5103686635944701,0.443,0.4815668202764977,0.0,0.008064516129032258,0.0,13.200000000000001,86.8,0.0,0.0,220,220.0,both,-0.3,-0.3,-0.3
dapper,stable,113,100.0,1000,95.46519737059883,132.61208415709774,134.7973401444785,134.99387303551586,95.46519737059883,0.449,0.7910288053494875,0.4696517121476719,21600.0,21.6,21600.0,0.449,0.0,0.0,0.864,0.9826388888888888,0.48032407407407407,0.415,0.5023148148148148,0.0,0.017361111111111112,0.0,13.600000000000001,86.4,0.0,0.0,239,239.0,both,-0.3,-0.3,-0.3
dapper,stable,114,100.0,1000,94.96645369007317,131.8320251569912,134.28304807754154,134.9971709860199,94.96645369007317,0.411,0.7977940224588013,0.5043023799798877,21900.0,21.9,21900.0,0.411,0.0,0.0,0.876,0.9908675799086758,0.5308219178082192,0.465,0.4600456621004566,0.0,0.0091324200913242,0.0,12.4,87.6,0.0,0.0,214,214.0,both,-0.3,-0.3,-0.3
dapper,stable,115,100.0,1000,95.34937303752476,132.31041305371647,134.3411500435224,134.95798079032085,95.34937303752476,0.434,0.7944537871206474,0.4845614843268943,21750.0,21.75,21750.0,0.434,0.0,0.0,0.87,0.9873563218390805,0.5011494252873563,0.436,0.4862068965517241,0.0,0.01264367816091954,0.0,13.0,87.0,0.0,0.0,219,219.0,both,-0.3,-0.3,-0.3
dapper,stable,116,100.0,1000,93.8116075352819,132.53680909742656,134.58157853148563,134.95476792560578,93.8116075352819,0.396,0.798391101095973,0.5158203093804458,21750.0,21.75,21750.0,0.396,0.0,0.0,0.87,0.9942528735632183,0.5448275862068965,0.474,0.4494252873563218,0.0,0.005747126436781609,0.0,13.0,87.0,0.0,0.0,221,221.0,both,-0.3,-0.3,-0.3
dapper,stable,117,100.0,1000,96.54396103000347,132.7801629050948,134.68857628456198,134.981567394751,96.54396103000347,0.446,0.7935256482510197,0.4744276071523537,21850.0,21.85,21850.0,0.446,0.0,0.0,0.874,0.9862700228832952,0.4897025171624714,0.428,0.4965675057208238,0.0,0.013729977116704805,0.0,12.6,87.4,0.0,0.0,226,226.0,both,-0.3,-0.3,-0.3
dapper,stable,118,100.0,1000,94.50873167600774,132.94270657680963,134.673314827426,134.96424411157415,94.50873167600774,0.423,0.7960765304196257,0.4927291687752911,21475.0,21.475,21475.0,0.423,0.0,0.0,0.859,0.9906868451688009,0.5075669383003493,0.436,0.4831199068684517,0.0,0.009313154831199068,0.0,14.099999999999998,85.9,0.0,0.0,244,244.0,both,-0.3,-0.3,-0.3
dapper,stable,119,100.0,1000,94.78667209236602,132.67405436978422,134.5869134263413,134.92356332314793,94.78667209236602,0.41,0.799875204249307,0.5061016984059536,21925.0,21.925,21925.0,0.41,0.0,0.0,0.877,0.9874572405929305,0.5324971493728621,0.467,0.4549600912200684,0.0,0.012542759407069556,0.0,12.3,87.7,0.0,0.0,228,228.0,both,-0.3,-0.3,-0.3
dapper,stable,120,100.0,1000,95.28665825365492,132.4058415475087,134.3933099716681,134.96519781982062,95.28665825365492,0.427,0.7950348677637523,0.4898133024459699,21800.0,21.8,21800.0,0.427,0.0,0.0,0.872,0.9839449541284404,0.5103211009174312,0.445,0.4736238532110092,0.0,0.016055045871559634,0.0,12.8,87.2,0.0,0.0,212,212.0,both,-0.3,-0.3,-0.3
dapper,stable,121,100.0,1000,96.21889228960362,132.7069284683943,134.60003966653932,134.90598819060784,96.21889228960362,0.45,0.7917923991779289,0.4709112346825954,21800.0,21.8,21800.0,0.45,0.0,0.0,0.872,0.9862385321100917,0.48394495412844035,0.422,0.5022935779816514,0.0,0.013761467889908258,0.0,12.8,87.2,0.0,0.0,219,219.0,both,-0.3,-0.3,-0.3
dapper,stable,122,100.0,1000,95.87141862411916,132.9305435105544,134.59999459594894,134.86802026151534,95.87141862411916,0.426,0.7982645293058339,0.49280752121270505,21950.0,21.95,21950.0,0.426,0.0,0.0,0.878,0.9886104783599089,0.5148063781321185,0.452,0.47380410022779046,0.0,0.011389521640091117,0.0,12.2,87.8,0.0,0.0,200,200.0,both,-0.3,-0.3,-0.3
dapper,stable,123,100.0,1000,98.14158095400978,133.28865262843118,134.60623463161673,134.90743937957424,98.14158095400978,0.465,0.7928850748486099,0.45966714380435447,22225.0,22.225,22225.0,0.465,0.0,0.0,0.889,0.9820022497187851,0.4769403824521935,0.424,0.5050618672665916,0.0,0.01799775028121485,0.0,11.1,88.9,0.0,0.0,196,196.0,both,-0.3,-0.3,-0.3
dapper,stable,124,100.0,1000,93.1126236179597,132.07134194484618,134.59360876489964,134.95256595801936,93.1126236179597,0.423,0.7942088997255117,0.4919197907415211,21000.0,21.0,21000.0,0.423,0.0,0.0,0.84,0.9928571428571429,0.49642857142857144,0.417,0.49642857142857144,0.0,0.007142857142857143,0.0,16.0,84.0,0.0,0.0,280,280.0,both,-0.3,-0.3,-0.3
dapper,stable,125,100.0,1000,94.45924995915813,132.61812800121655,134.45108378297775,134.9562050929862,94.45924995915813,0.405,0.7989657788847586,0.5088057023074145,21650.0,21.65,21650.0,0.405,0.0,0.0,0.866,0.9919168591224018,0.5323325635103926,0.461,0.45958429561200925,0.0,0.008083140877598153,0.0,13.4,86.6,0.0,0.0,238,238.0,both,-0.3,-0.3,-0.3
dapper,stable,126,100.0,1000,91.93462186444965,131.87725368309796,134.2613977510856,134.98386729662576,91.93462186444965,0.388,0.8009463128693688,0.5229655865852826,21175.0,21.175,21175.0,0.388,0.0,0.0,0.847,0.9881936245572609,0.5419126328217237,0.459,0.4462809917355372,0.0,0.011806375442739079,0.0,15.299999999999999,84.7,0.0,0.0,252,252.0,both,-0.3,-0.3,-0.3
dapper,stable,127,100.0,1000,96.10743225703345,132.85500993006633,134.52834280686392,134.83194059062015,96.10743225703345,0.418,0.7969399991420358,0.498995981817672,22125.0,22.125,22125.0,0.418,0.0,0.0,0.885,0.9909604519774011,0.5276836158192091,0.467,0.4632768361581921,0.0,0.00903954802259887,0.0,11.5,88.5,0.0,0.0,207,207.0,both,-0.3,-0.3,-0.3
dapper,stable,128,100.0,1000,93.78915395815325,132.4759608485614,134.35605323116098,134.86981267589454,93.78915395815325,0.402,0.7988558762020542,0.5109487162378499,21425.0,21.425,21425.0,0.402,0.0,0.0,0.857,0.9836639439906651,0.5309218203033839,0.455,0.45274212368728123,0.0,0.01633605600933489,0.0,14.299999999999999,85.7,0.0,0.0,237,237.0,both,-0.3,-0.3,-0.3
dapper,stable,129,100.0,1000,95.56515225042612,132.52699340510782,134.7521022445604,134.99335713447852,95.56515225042612,0.425,0.7957788932941594,0.492587694301469,21825.0,21.825,21825.0,0.425,0.0,0.0,0.873,0.9896907216494846,0.5131729667812142,0.448,0.4765177548682703,0.0,0.010309278350515464,0.0,12.7,87.3,0.0,0.0,214,214.0,both,-0.3,-0.3,-0.3
dapper,congested,100,100.0,1000,24.931615048786146,33.928407620489025,34.77556075006328,34.97404020175507,24.931615048786146,0.0,0.7231503929045445,0.7231503929045445,10400.0,10.4,10400.0,0.0,0.0,0.0,0.416,0.9471153846153846,0.0,0.0,0.9471153846153846,0.0,0.052884615384615384,0.0,58.4,0.0,41.6,0.0,302,302.0,both,-0.3,-0.3,-0.3
dapper,congested,101,100.0,1000,25.188437717504375,34.03466107987438,34.84243479054015,34.99327875607795,25.188437717504375,0.0,0.7240147265422211,0.7240147265422211,8900.0,8.9,8900.0,0.0,0.0,0.0,0.356,0.9466292134831461,0.0,0.0,0.9466292134831461,0.0,0.05337078651685393,0.0,64.4,0.0,35.6,0.0,270,270.0,both,-0.3,-0.3,-0.3
dapper,congested,102,100.0,1000,25.03548939727799,33.96479457393766,34.69588731781126,34.989536221406055,25.03548939727799,0.0,0.7265290036152598,0.7265290036152598,11150.0,11.15,11150.0,0.0,0.0,0.0,0.446,0.9573991031390134,0.0,0.0,0.9573991031390134,0.0,0.042600896860986545,0.0,55.400000000000006,0.0,44.6,0.0,316,316.0,both,-0.3,-0.3,-0.3
dapper,congested,103,100.0,1000,25.03328827891089,34.09454856492267,34.78542999553827,34.985893217625524,25.03328827891089,0.0,0.7249975495254066,0.7249975495254066,10200.0,10.2,10200.0,0.0,0.0,0.0,0.408,0.946078431372549,0.0,0.0,0.946078431372549,0.0,0.05392156862745098,0.0,59.199999999999996,0.0,40.8,0.0,319,319.0,both,-0.3,-0.3,-0.3
dapper,congested,104,100.0,1000,24.969774547081954,33.81394766067372,34.81048977789511,34.94578824107255,24.969774547081954,0.0,0.7273630134211108,0.7273630134211108,10525.0,10.525,10525.0,0.0,0.0,0.0,0.421,0.9382422802850356,0.0,0.0,0.9382422802850356,0.0,0.06175771971496437,0.0,57.9,0.0,42.1,0.0,309,309.0,both,-0.3,-0.3,-0.3
dapper,congested,105,100.0,1000,24.881530354040223,34.02785562253984,34.86009343610894,34.98145078352877,24.881530354040223,0.0,0.7241433821596263,0.7241433821596263,11125.0,11.125,11125.0,0.0,0.0,0.0,0.445,0.9370786516853933,0.0,0.0,0.9370786516853933,0.0,0.06292134831460675,0.0,55.50000000000001,0.0,44.5,0.0,340,340.0,both,-0.3,-0.3,-0.3
dapper,congested,106,100.0,1000,24.9413023153378,33.98450796903268,34.753821099438774,34.98979405154197,24.9413023153378,0.0,0.7260421946156992,0.7260421946156992,11100.0,11.1,11100.0,0.0,0.0,0.0,0.444,0.963963963963964,0.0,0.0,0.963963963963964,0.0,0.036036036036036036,0.0,55.60000000000001,0.0,44.4,0.0,325,325.0,both,-0.3,-0.3,-0.3
dapper,congested,107,100.0,1000,24.886925897119337,33.88426057014752,34.77470672268729,34.998762184541775,24.886925897119337,0.0,0.7258328653791636,0.7258328653791636,10300.0,10.3,10300.0,0.0,0.0,0.0,0.412,0.941747572815534,0.0,0.0,0.941747572815534,0.0,0.05825242718446602,0.0,58.8,0.0,41.199999999999996,0.0,281,281.0,both,-0.3,-0.3,-0.3
dapper,congested,108,100.0,1000,25.12572335979201,33.943119032195405,34.814499351033405,34.99655745974279,25.12572335979201,0.0,0.7241104019978909,0.7241104019978909,10500.0,10.5,10500.0,0.0,0.0,0.0,0.42,0.95,0.0,0.0,0.95,0.0,0.05,0.0,57.99999999999999,0.0,42.0,0.0,302,302.0,both,-0.3,-0.3,-0.3
dapper,congested,109,100.0,1000,25.037194206353533,33.93181537323021,34.785030538309286,34.98925809716232,25.037194206353533,0.0,0.7232170518910273,0.7232170518910273,10600.0,10.6,10600.0,0.0,0.0,0.0,0.424,0.9599056603773585,0.0,0.0,0.9599056603773585,0.0,0.04009433962264151,0.0,57.599999999999994,0.0,42.4,0.0,306,306.0,both,-0.3,-0.3,-0.3
dapper,congested,110,100.0,1000,24.809401201588823,33.71973175922034,34.60151524624712,34.90888622322395,24.809401201588823,0.0,0.7246041378695668,0.7246041378695668,11325.0,11.325,11325.0,0.0,0.0,0.0,0.453,0.9558498896247241,0.0,0.0,0.9558498896247241,0.0,0.04415011037527594,0.0,54.7,0.0,45.300000000000004,0.0,335,335.0,both,-0.3,-0.3,-0.3
dapper,congested,111,100.0,1000,25.119606788303717,34.001774933641265,34.74455155405684,34.96241421096305,25.119606788303717,0.0,0.725386178810248,0.725386178810248,9950.0,9.95,9950.0,0.0,0.0,0.0,0.398,0.9798994974874372,0.0,0.0,0.9798994974874372,0.0,0.020100502512562814,0.0,60.199999999999996,0.0,39.800000000000004,0.0,279,279.0,both,-0.3,-0.3,-0.3
dapper,congested,112,100.0,1000,25.185269217607274,33.90095224371657,34.76580213455383,34.985906989642146,25.185269217607274,0.0,0.7266896434568639,0.7266896434568639,9825.0,9.825,9825.0,0.0,0.0,0.0,0.393,0.9491094147582697,0.0,0.0,0.9491094147582697,0.0,0.05089058524173028,0.0,60.699999999999996,0.0,39.300000000000004,0.0,274,274.0,both,-0.3,-0.3,-0.3
dapper,congested,113,100.0,1000,24.906335043070264,33.941743755105556,34.77247181035648,34.98424994294581,24.906335043070264,0.0,0.7265627615919971,0.7265627615919971,9525.0,9.525,9525.0,0.0,0.0,0.0,0.381,0.9448818897637795,0.0,0.0,0.9448818897637795,0.0,0.05511811023622047,0.0,61.9,0.0,38.1,0.0,299,299.0,both,-0.3,-0.3,-0.3
dapper,congested,114,100.0,1000,25.106436885026124,33.99518413696301,34.87476614646897,34.96282987218834,25.106436885026124,0.0,0.7286951154525153,0.7286951154525153,8700.0,8.7,8700.0,0.0,0.0,0.0,0.348,0.9626436781609196,0.0,0.0,0.9626436781609196,0.0,0.03735632183908046,0.0,65.2,0.0,34.8,0.0,293,293.0,both,-0.3,-0.3,-0.3
dapper,congested,115,100.0,1000,25.22862077033868,34.01033183391731,34.751795785617006,34.96593743598228,25.22862077033868,0.0,0.7228431329922943,0.7228431329922943,11175.0,11.175,11175.0,0.0,0.0,0.0,0.447,0.9552572706935123,0.0,0.0,0.9552572706935123,0.0,0.0447427293064877,0.0,55.300000000000004,0.0,44.7,0.0,312,312.0,both,-0.3,-0.3,-0.3
dapper,congested,116,100.0,1000,25.532666746770744,33.96456327797874,34.77240430108412,34.9771698353159,25.532666746770744,0.0,0.725945101429929,0.725945101429929,10025.0,10.025,10025.0,0.0,0.0,0.0,0.401,0.9750623441396509,0.0,0.0,0.9750623441396509,0.0,0.02493765586034913,0.0,59.9,0.0,40.1,0.0,315,315.0,both,-0.3,-0.3,-0.3
dapper,congested,117,100.0,1000,24.586721544902087,33.766185707586004,34.70675091481512,34.994340946660934,24.586721544902087,0.0,0.7255476583450682,0.7255476583450682,11275.0,11.275,11275.0,0.0,0.0,0.0,0.451,0.9445676274944568,0.0,0.0,0.9445676274944568,0.0,0.05543237250554324,0.0,54.900000000000006,0.0,45.1,0.0,351,351.0,both,-0.3,-0.3,-0.3
dapper,congested,118,100.0,1000,25.162494743028066,34.01490807545646,34.75940662114508,34.968506891824205,25.162494743028066,0.0,0.7267436342489003,0.7267436342489003,11200.0,11.2,11200.0,0.0,0.0,0.0,0.448,0.9330357142857143,0.0,0.0,0.9330357142857143,0.0,0.06696428571428571,0.0,55.2,0.0,44.800000000000004,0.0,300,300.0,both,-0.3,-0.3,-0.3
dapper,congested,119,100.0,1000,25.33798431808029,33.930297923071485,34.79939395844596,34.97944595589328,25.33798431808029,0.0,0.7233345714577454,0.7233345714577454,10900.0,10.9,10900.0,0.0,0.0,0.0,0.436,0.9678899082568807,0.0,0.0,0.9678899082568807,0.0,0.03211009174311927,0.0,56.39999999999999,0.0,43.6,0.0,338,338.0,both,-0.3,-0.3,-0.3
dapper,congested,120,100.0,1000,24.938916091364213,33.99634834863332,34.78821886321599,34.985958566309606,24.938916091364213,0.0,0.7244242831436923,0.7244242831436923,10225.0,10.225,10225.0,0.0,0.0,0.0,0.409,0.9462102689486552,0.0,0.0,0.9462102689486552,0.0,0.05378973105134474,0.0,59.099999999999994,0.0,40.9,0.0,296,296.0,both,-0.3,-0.3,-0.3
dapper,congested,121,100.0,1000,24.80917420207108,33.750343569648706,34.75280697328194,34.996277370025744,24.80917420207108,0.0,0.7240164055794182,0.7240164055794182,9650.0,9.65,9650.0,0.0,0.0,0.0,0.386,0.966321243523316,0.0,0.0,0.966321243523316,0.0,0.03367875647668394,0.0,61.4,0.0,38.6,0.0,321,321.0,both,-0.3,-0.3,-0.3
dapper,congested,122,100.0,1000,24.869545093034485,33.85721546067485,34.770700984913006,34.91653465760954,24.869545093034485,0.0,0.7271559083016325,0.7271559083016325,9975.0,9.975,9975.0,0.0,0.0,0.0,0.399,0.9674185463659147,0.0,0.0,0.9674185463659147,0.0,0.03258145363408521,0.0,60.099999999999994,0.0,39.900000000000006,0.0,301,301.0,both,-0.3,-0.3,-0.3
dapper,congested,123,100.0,1000,25.019147835962976,34.0068905091913,34.771507219222585,34.98883073588995,25.019147835962976,0.0,0.723120628404554,0.723120628404554,10800.0,10.8,10800.0,0.0,0.0,0.0,0.432,0.9444444444444444,0.0,0.0,0.9444444444444444,0.0,0.05555555555555555,0.0,56.8,0.0,43.2,0.0,289,289.0,both,-0.3,-0.3,-0.3
dapper,congested,124,100.0,1000,24.84861311989367,33.78084958434015,34.66363593071505,34.94326242767353,24.84861311989367,0.0,0.7246412727356085,0.7246412727356085,10825.0,10.825,10825.0,0.0,0.0,0.0,0.433,0.9584295612009238,0.0,0.0,0.9584295612009238,0.0,0.04157043879907621,0.0,56.699999999999996,0.0,43.3,0.0,312,312.0,both,-0.3,-0.3,-0.3
dapper,congested,125,100.0,1000,25.028806878728822,34.05786747219948,34.83418763630404,34.99974319601896,25.028806878728822,0.0,0.7225453340361464,0.7225453340361464,11175.0,11.175,11175.0,0.0,0.0,0.0,0.447,0.9552572706935123,0.0,0.0,0.9552572706935123,0.0,0.0447427293064877,0.0,55.300000000000004,0.0,44.7,0.0,334,334.0,both,-0.3,-0.3,-0.3
dapper,congested,126,100.0,1000,25.01200503410485,33.97988585528562,34.774114294105054,34.99086328598782,25.01200503410485,0.0,0.7260325028592299,0.7260325028592299,10375.0,10.375,10375.0,0.0,0.0,0.0,0.415,0.9373493975903614,0.0,0.0,0.9373493975903614,0.0,0.06265060240963856,0.0,58.5,0.0,41.5,0.0,312,312.0,both,-0.3,-0.3,-0.3
dapper,congested,127,100.0,1000,25.067778068181923,34.00531179234195,34.71031183612322,34.99801668883106,25.067778068181923,0.0,0.7239904038714414,0.7239904038714414,10975.0,10.975,10975.0,0.0,0.0,0.0,0.439,0.9612756264236902,0.0,0.0,0.9612756264236902,0.0,0.0387243735763098,0.0,56.10000000000001,0.0,43.9,0.0,314,314.0,both,-0.3,-0.3,-0.3
dapper,congested,128,100.0,1000,24.85704421534759,34.08647701991846,34.783499539553866,34.99302751306131,24.85704421534759,0.0,0.7235741311250974,0.7235741311250974,10675.0,10.675,10675.0,0.0,0.0,0.0,0.427,0.9508196721311475,0.0,0.0,0.9508196721311475,0.0,0.04918032786885246,0.0,57.3,0.0,42.699999999999996,0.0,308,308.0,both,-0.3,-0.3,-0.3
dapper,congested,129,100.0,1000,24.920063724669387,33.90591045177916,34.77957296022762,34.981958638619645,24.920063724669387,0.0,0.7225927676936471,0.7225927676936471,11000.0,11.0,11000.0,0.0,0.0,0.0,0.44,0.9613636363636363,0.0,0.0,0.9613636363636363,0.0,0.038636363636363635,0.0,56.00000000000001,0.0,44.0,0.0,329,329.0,both,-0.3,-0.3,-0.3
dapper,variable,100,100.0,1000,23.678207932084494,34.83080576012618,126.1122543033983,134.95054826151676,24.71190912714196,0.027,0.7287339788436868,0.7121425267493242,14450.0,14.45,14450.0,0.309,0.214,0.0,0.578,0.9342560553633218,0.05709342560553633,0.033,0.8771626297577855,0.0,0.0657439446366782,0.0,20.8,4.5,53.300000000000004,21.4,390,390.0,both,-0.3,-0.3,-0.3
dapper,variable,101,100.0,1000,25.01162779463568,85.32245675474971,129.4989475696637,134.40679833545093,26.105292466614127,0.036,0.7311794002387203,0.7077417163358982,15575.0,15.575,15575.0,0.289,0.197,0.0,0.623,0.942215088282504,0.060995184590690206,0.038,0.8812199036918138,0.0,0.05778491171749599,0.0,18.0,5.8999999999999995,56.39999999999999,19.7,383,383.0,both,-0.3,-0.3,-0.3
dapper,variable,102,100.0,1000,27.9887700471832,94.795200297139,129.81912715979436,134.67025872980724,29.08776876822452,0.044,0.7296617920674415,0.7010802937936058,17075.0,17.075,17075.0,0.207,0.127,0.0,0.683,0.9150805270863837,0.06149341142020498,0.042,0.8535871156661786,0.0,0.0849194729136164,0.0,19.0,7.000000000000001,61.3,12.7,359,359.0,both,-0.3,-0.3,-0.3
dapper,variable,103,100.0,1000,24.755384542666636,92.82182696316517,128.9188783525398,134.29698106056316,25.73685853377595,0.042,0.7286854606566889,0.7012111230464975,14200.0,14.2,14200.0,0.357,0.239,0.0,0.568,0.9225352112676056,0.0528169014084507,0.03,0.8697183098591549,0.0,0.07746478873239436,0.0,19.3,5.800000000000001,51.0,23.9,405,405.0,both,-0.3,-0.3,-0.3
dapper,variable,104,100.0,1000,26.777084978809196,87.23911033323701,129.411114028706,134.420349423909,28.192865601095356,0.04,0.7301926882483165,0.705167461117539,16650.0,16.65,16650.0,0.227,0.143,0.0,0.666,0.924924924924925,0.06006006006006006,0.04,0.8648648648648649,0.0,0.07507507507507508,0.0,19.1,6.0,60.6,14.299999999999999,395,395.0,both,-0.3,-0.3,-0.3
dapper,variable,105,100.0,1000,25.31333371735777,85.7002459875331,129.7341351794849,134.71200673593256,27.03888218013849,0.036,0.7296597570015283,0.7074519617135113,16025.0,16.025,16024.999999999998,0.274,0.183,0.0,0.641,0.9469578783151326,0.06708268330733229,0.043,0.8798751950078003,0.0,0.0530421216848674,0.0,17.599999999999998,5.5,58.599999999999994,18.3,370,370.0,both,-0.3,-0.3,-0.3
dapper,variable,106,100.0,1000,27.070508675782328,87.60607179373471,129.770605808319,134.06978803626464,28.086997889923182,0.038,0.7299576028658186,0.7050370929549986,16925.0,16.925,16925.0,0.212,0.134,0.0,0.677,0.9276218611521418,0.059084194977843424,0.04,0.8685376661742984,0.0,0.0723781388478582,0.0,18.9,6.4,61.3,13.4,368,368.0,both,-0.3,-0.3,-0.3
dapper,variable,107,100.0,1000,23.18916834540834,34.4308831067458,125.9834484429792,133.71376694698571,24.668957915839748,0.022,0.7258020747363298,0.7133422174863886,15125.0,15.125,15125.0,0.276,0.194,0.0,0.605,0.9206611570247933,0.05454545454545454,0.033,0.8661157024793389,0.0,0.07933884297520662,0.0,20.1,3.4000000000000004,57.099999999999994,19.400000000000002,383,383.0,both,-0.3,-0.3,-0.3
dapper,variable,108,100.0,1000,27.08210170862779,116.47541614034046,130.91459605828717,134.3152237817796,28.663756809154297,0.053,0.729100856070755,0.6948087439644431,15500.0,15.5,15500.0,0.312,0.195,0.0,0.62,0.9306451612903226,0.06774193548387097,0.042,0.8629032258064516,0.0,0.06935483870967742,0.0,18.5,7.3,54.7,19.5,382,382.0,both,-0.3,-0.3,-0.3
dapper,variable,109,100.0,1000,24.660008449428723,34.65538993869446,127.15467145662254,134.80995428982567,25.660011675214665,0.026,0.7255412361606012,0.7094013188287464,16075.0,16.075,16075.0,0.229,0.156,0.0,0.643,0.926905132192846,0.041990668740279936,0.027,0.8849144634525661,0.0,0.07309486780715396,0.0,20.1,3.9,60.4,15.6,372,372.0,both,-0.3,-0.3,-0.3
dapper,variable,110,100.0,1000,24.536514628872645,34.679068414847045,126.98362495797394,134.74429923577043,25.4505348016962,0.026,0.7273278177238293,0.710852841004079,16800.0,16.8,16800.0,0.252,0.171,0.0,0.672,0.9434523809523809,0.041666666666666664,0.028,0.9017857142857143,0.0,0.05654761904761905,0.0,15.7,4.1000000000000005,63.1,17.1,335,335.0,both,-0.3,-0.3,-0.3
dapper,variable,111,100.0,1000,26.442457153243115,92.11271741538313,130.9050299109432,134.97684653932657,27.84769850408988,0.039,0.7285896621518563,0.7036055593633712,16150.0,16.15,16149.999999999998,0.254,0.164,0.0,0.646,0.934984520123839,0.06346749226006192,0.041,0.871517027863777,0.0,0.06501547987616099,0.0,19.0,6.0,58.599999999999994,16.400000000000002,392,392.0,both,-0.3,-0.3,-0.3
dapper,variable,112,100.0,1000,26.73774839603391,95.3013447321252,129.67335925521544,134.24370103835025,28.367656941591893,0.042,0.731150959918431,0.7042788396153855,16175.0,16.175,16175.0,0.257,0.163,0.0,0.647,0.9350850077279753,0.07109737248840804,0.046,0.8639876352395672,0.0,0.06491499227202473,0.0,19.0,6.5,58.199999999999996,16.3,401,401.0,both,-0.3,-0.3,-0.3
dapper,variable,113,100.0,1000,26.16618689242063,84.38151242165128,130.01257028071254,134.11474618096906,26.93995553039799,0.04,0.7284729350904237,0.7014351414420662,16425.0,16.425,16425.0,0.235,0.148,0.0,0.657,0.9375951293759512,0.0365296803652968,0.024,0.9010654490106544,0.0,0.0624048706240487,0.0,19.5,5.3,60.4,14.799999999999999,382,382.0,both,-0.3,-0.3,-0.3
dapper,variable,114,100.0,1000,22.41677049207235,34.366964285087235,122.39561000952365,134.23718998612986,23.525388136836156,0.017,0.725302158288346,0.7157696202544973,14900.0,14.9,14900.0,0.282,0.204,0.0,0.596,0.9345637583892618,0.053691275167785234,0.032,0.8808724832214765,0.0,0.06543624161073826,0.0,20.0,3.4000000000000004,56.2,20.4,377,377.0,both,-0.3,-0.3,-0.3
dapper,variable,115,100.0,1000,25.8331353731398,36.702617766255926,130.62311009550692,134.5821039863379,27.450581039470794,0.028,0.7265871054234216,0.7107320696532448,16350.0,16.35,16350.000000000002,0.199,0.132,0.0,0.654,0.9051987767584098,0.06880733944954129,0.045,0.8363914373088684,0.0,0.09480122324159021,0.0,21.4,5.0,60.4,13.200000000000001,392,392.0,both,-0.3,-0.3,-0.3
dapper,variable,116,100.0,1000,25.248700888293012,34.86510381180284,129.20111634985926,134.0368266849764,26.22707447829976,0.035,0.7306479681973661,0.7083302364260792,15050.0,15.05,15050.0,0.271,0.181,0.0,0.602,0.9302325581395349,0.044850498338870434,0.027,0.8853820598006644,0.0,0.06976744186046512,0.0,21.7,4.8,55.400000000000006,18.099999999999998,402,402.0,both,-0.3,-0.3,-0.3
dapper,variable,117,100.0,1000,27.854703625741596,85.26523354993823,129.28849843746087,134.33998519934212,28.706384227813427,0.043,0.7255146529356322,0.6967705489542718,17950.0,17.95,17950.0,0.174,0.098,0.0,0.718,0.9220055710306406,0.03203342618384401,0.023,0.8899721448467967,0.0,0.07799442896935933,0.0,18.4,5.4,66.4,9.8,356,356.0,both,-0.3,-0.3,-0.3
dapper,variable,118,100.0,1000,28.45337891758305,116.65809790718326,129.41942881073805,133.71656839473908,30.319791598088404,0.055,0.7298635782764904,0.6944967477987161,16700.0,16.7,16700.0,0.246,0.147,0.0,0.668,0.9296407185628742,0.07784431137724551,0.052,0.8517964071856288,0.0,0.07035928143712575,0.0,18.5,8.1,58.699999999999996,14.7,402,402.0,both,-0.3,-0.3,-0.3
dapper,variable,119,100.0,1000,25.89198033582756,80.7245792193567,127.12302297616958,134.29562506014838,27.61535578703751,0.038,0.7269938196694259,0.7037966545976676,16350.0,16.35,16350.000000000002,0.255,0.164,0.0,0.654,0.9327217125382263,0.06269113149847094,0.041,0.8700305810397554,0.0,0.0672782874617737,0.0,18.2,5.5,59.9,16.400000000000002,377,377.0,both,-0.3,-0.3,-0.3
dapper,variable,120,100.0,1000,26.94102661251131,92.6304327201392,131.9245108766089,134.6833814820607,28.455843246954093,0.043,0.7263473652464252,0.6997644635802737,17225.0,17.225,17225.0,0.221,0.133,0.0,0.689,0.9245283018867925,0.05370101596516691,0.037,0.8708272859216255,0.0,0.07547169811320754,0.0,17.8,5.800000000000001,63.1,13.3,371,371.0,both,-0.3,-0.3,-0.3
dapper,variable,121,100.0,1000,28.042964075397077,97.16825629165956,126.7881466873879,134.19034803078335,29.58125200719413,0.049,0.7313154383990516,0.6998314946014123,16600.0,16.6,16600.0,0.266,0.168,0.0,0.664,0.9246987951807228,0.08734939759036145,0.058,0.8373493975903614,0.0,0.07530120481927711,0.0,16.8,8.5,57.9,16.8,385,385.0,both,-0.3,-0.3,-0.3
dapper,variable,122,100.0,1000,25.630690553151666,79.67219341812917,129.20611283868445,134.3191914991316,27.36295773985177,0.031,0.7304261489522358,0.7119421798365778,16375.0,16.375,16375.0,0.227,0.15,0.0,0.655,0.9496183206106871,0.06870229007633588,0.045,0.8809160305343512,0.0,0.050381679389312976,0.0,19.5,5.2,60.3,15.0,382,382.0,both,-0.3,-0.3,-0.3
dapper,variable,123,100.0,1000,24.80825818383028,34.83273187145907,125.83477669539026,134.575955678507,25.829844990129335,0.026,0.731232994513771,0.7157856722722092,16200.0,16.2,16200.0,0.239,0.162,0.0,0.648,0.9290123456790124,0.04938271604938271,0.032,0.8796296296296297,0.0,0.07098765432098765,0.0,19.0,4.3,60.5,16.2,379,379.0,both,-0.3,-0.3,-0.3
dapper,variable,124,100.0,1000,27.154403546921447,93.20578974454678,131.11346670263205,134.91037606399271,28.157847208141575,0.044,0.7268521986124511,0.6983338577411187,17425.0,17.425,17425.0,0.213,0.132,0.0,0.697,0.9053084648493543,0.043041606886657105,0.03,0.8622668579626973,0.0,0.09469153515064563,0.0,17.1,5.8999999999999995,63.800000000000004,13.200000000000001,356,356.0,both,-0.3,-0.3,-0.3
dapper,variable,125,100.0,1000,27.217605457370176,98.92855384551304,130.52186113729599,134.82907085659946,28.44318483654006,0.048,0.7283709946561389,0.6966107247451055,16350.0,16.35,16350.000000000002,0.27,0.17,0.0,0.654,0.926605504587156,0.06422018348623854,0.042,0.8623853211009175,0.0,0.07339449541284404,0.0,17.599999999999998,7.3,58.099999999999994,17.0,376,376.0,both,-0.3,-0.3,-0.3
dapper,variable,126,100.0,1000,25.943093437474474,81.40400118268688,128.9133880616347,134.76521926763496,27.02466143080774,0.033,0.7337921912654792,0.7127419667117392,16250.0,16.25,16250.0,0.243,0.163,0.0,0.65,0.9246153846153846,0.06,0.039,0.8646153846153846,0.0,0.07538461538461538,0.0,18.7,5.7,59.3,16.3,375,375.0,both,-0.3,-0.3,-0.3
dapper,variable,127,100.0,1000,25.557281649378133,85.31235276355405,129.0195021438131,134.0271580075261,26.921614878566288,0.039,0.7282341558724726,0.7035134340571342,15250.0,15.25,15250.0,0.281,0.184,0.0,0.61,0.940983606557377,0.054098360655737705,0.033,0.8868852459016393,0.0,0.05901639344262295,0.0,20.599999999999998,5.3,55.7,18.4,402,402.0,both,-0.3,-0.3,-0.3
dapper,variable,128,100.0,1000,23.189879272432776,34.72574648551103,128.1743706951596,132.88585569100198,24.24464791673973,0.026,0.7279902858124602,0.7119839063335819,14675.0,14.675,14675.0,0.303,0.212,0.0,0.587,0.9216354344122658,0.049403747870528106,0.029,0.8722316865417377,0.0,0.07836456558773425,0.0,20.1,4.0,54.7,21.2,385,385.0,both,-0.3,-0.3,-0.3
dapper,variable,129,100.0,1000,25.659526573018628,78.29490496082258,129.90501576070287,134.9542927435541,26.54162196736275,0.034,0.7246788863337258,0.7025444283770768,16550.0,16.55,16550.0,0.26,0.173,0.0,0.662,0.9441087613293051,0.04833836858006042,0.032,0.8957703927492447,0.0,0.055891238670694864,0.0,16.5,5.3,60.9,17.299999999999997,358,358.0,both,-0.3,-0.3,-0.3
dapper,stable,100,100.0,1000,72.53489340473469,131.77639391151789,134.32219427843867,134.823013220076,79.8351483367839,0.283,0.7747970171611951,0.5916742527413179,21350.0,21.35,21350.0,0.283,0.0,0.0,0.854,0.9918032786885246,0.4953161592505855,0.423,0.4964871194379391,0.0,0.00819672131147541,0.0,14.6,59.199999999999996,26.200000000000003,0.0,416,416.0,both,-0.2,-0.2,-0.2
dapper,stable,101,100.0,1000,67.15182361855635,131.02908600146802,133.99256221274547,134.9583636330832,77.33675771177408,0.238,0.7727892456097556,0.6275616568633469,21700.0,21.7,21700.0,0.238,0.0,0.0,0.868,0.9896313364055299,0.5288018433179723,0.459,0.4608294930875576,0.0,0.010368663594470046,0.0,13.200000000000001,53.800000000000004,33.0,0.0,415,415.0,both,-0.2,-0.2,-0.2
dapper,stable,102,100.0,1000,66.79940649542908,129.36476515796198,133.74494071566463,134.85872690967577,76.36272600212591,0.245,0.7758829880513972,0.6239958777101309,20900.0,20.9,20900.0,0.245,0.0,0.0,0.836,0.992822966507177,0.5263157894736842,0.44,0.4665071770334928,0.0,0.007177033492822967,0.0,16.400000000000002,53.300000000000004,30.3,0.0,464,464.0,both,-0.2,-0.2,-0.2
dapper,stable,103,100.0,1000,68.24773951611489,130.94131651766756,134.1133786103882,134.98256995762924,77.27270389164384,0.239,0.774767896752362,0.6291236681021639,21525.0,21.525,21525.0,0.239,0.0,0.0,0.861,0.9883855981416957,0.5342624854819977,0.46,0.454123112659698,0.0,0.011614401858304297,0.0,13.900000000000002,55.400000000000006,30.7,0.0,410,410.0,both,-0.2,-0.2,-0.2
dapper,stable,104,100.0,1000,71.25076082920691,131.06968466636368,134.27676648282403,134.87797716165971,79.33734394472302,0.283,0.7704870549482946,0.587551058689933,21900.0,21.9,21900.0,0.283,0.0,0.0,0.876,0.9920091324200914,0.4794520547945205,0.42,0.5125570776255708,0.0,0.007990867579908675,0.0,12.4,57.599999999999994,30.0,0.0,396,396.0,both,-0.2,-0.2,-0.2
dapper,stable,105,100.0,1000,71.10623142806445,131.24890871997533,133.9420678498981,134.93218081177963,79.29710330911793,0.277,0.7752945303214825,0.5972993585267158,21250.0,21.25,21250.0,0.277,0.0,0.0,0.85,0.9905882352941177,0.5105882352941177,0.434,0.48,0.0,0.009411764705882352,0.0,15.0,58.3,26.700000000000003,0.0,413,413.0,both,-0.2,-0.2,-0.2
dapper,stable,106,100.0,1000,66.21955384502938,129.9424102241524,133.85665134499635,134.90175616213577,76.79637342008328,0.241,0.7684918468089381,0.6250627252714933,21425.0,21.425,21425.0,0.241,0.0,0.0,0.857,0.9918319719953326,0.5227537922987164,0.448,0.4690781796966161,0.0,0.008168028004667444,0.0,14.299999999999999,52.0,33.7,0.0,440,440.0,both,-0.2,-0.2,-0.2
dapper,stable,107,100.0,1000,67.8549633372863,130.73878984084655,134.03585804566112,134.80106592035594,78.18035374456521,0.248,0.772994719850139,0.6215477662451707,22025.0,22.025,22025.0,0.248,0.0,0.0,0.881,0.9886492622020431,0.5187287173666288,0.457,0.4699205448354143,0.0,0.011350737797956867,0.0,11.899999999999999,54.2,33.900000000000006,0.0,388,388.0,both,-0.2,-0.2,-0.2
dapper,stable,108,100.0,1000,68.39231959755075,130.26535827889597,133.9578783836794,134.9034835074072,78.32467360201943,0.264,0.77211811433446,0.607134129490257,21500.0,21.5,21500.0,0.264,0.0,0.0,0.86,0.9872093023255814,0.5023255813953489,0.432,0.4848837209302326,0.0,0.012790697674418604,0.0,14.000000000000002,53.900000000000006,32.1,0.0,400,400.0,both,-0.2,-0.2,-0.2
dapper,stable,109,100.0,1000,70.90444427297878,131.98775333455967,134.46453029807307,134.94284900848464,78.73790445445114,0.272,0.7696931979239013,0.5978005213603298,21775.0,21.775,21775.0,0.272,0.0,0.0,0.871,0.9850746268656716,0.4845005740528129,0.422,0.5005740528128588,0.0,0.014925373134328358,0.0,12.9,56.8,30.3,0.0,392,392.0,both,-0.2,-0.2,-0.2
dapper,stable,110,100.0,1000,68.44718277788678,130.95389958132904,134.3704255698452,134.99011804008188,77.24725260956926,0.256,0.7714037689094341,0.611467251039186,21400.0,21.4,21400.0,0.256,0.0,0.0,0.856,0.985981308411215,0.5035046728971962,0.431,0.4824766355140187,0.0,0.014018691588785047,0.0,14.399999999999999,54.800000000000004,30.8,0.0,425,425.0,both,-0.2,-0.2,-0.2
dapper,stable,111,100.0,1000,68.02909680086225,130.9484861051605,134.47851480369027,134.9601146620063,77.07932606666301,0.243,0.7751593759201075,0.6250669323391398,20975.0,20.975,20975.0,0.243,0.0,0.0,0.839,0.9916567342073898,0.5256257449344458,0.441,0.466030989272944,0.0,0.00834326579261025,0.0,16.1,54.0,29.9,0.0,441,441.0,both,-0.2,-0.2,-0.2
dapper,stable,112,100.0,1000,70.46127617549756,131.46428079495044,134.3032387286416,134.9366733303248,80.07443829596599,0.273,0.7698877381227549,0.5994409131642958,21700.0,21.7,21700.0,0.273,0.0,0.0,0.868,0.9919354838709677,0.5103686635944701,0.443,0.4815668202764977,0.0,0.008064516129032258,0.0,13.200000000000001,56.39999999999999,30.4,0.0,400,400.0,both,-0.2,-0.2,-0.2
dapper,stable,113,100.0,1000,72.79418899909453,131.23350622615848,134.48306790911678,134.9601702808857,80.16519737059885,0.296,0.7732977014352825,0.5804212120785066,21600.0,21.6,21600.0,0.296,0.0,0.0,0.864,0.9826388888888888,0.48032407407407407,0.415,0.5023148148148148,0.0,0.017361111111111112,0.0,13.600000000000001,59.5,26.900000000000002,0.0,414,414.0,both,-0.2,-0.2,-0.2
dapper,stable,114,100.0,1000,68.07639981776087,130.2987456422274,133.35512499869236,134.9971709860199,77.76645369007315,0.239,0.7726567884627806,0.6266825895073855,21900.0,21.9,21900.0,0.239,0.0,0.0,0.876,0.9908675799086758,0.5308219178082192,0.465,0.4600456621004566,0.0,0.0091324200913242,0.0,12.4,55.300000000000004,32.300000000000004,0.0,390,390.0,both,-0.2,-0.2,-0.2
dapper,stable,115,100.0,1000,66.66911236178484,130.5964523807167,134.19074804467098,134.91670600767225,77.24937303752475,0.253,0.7676927436053671,0.6134459794242066,21750.0,21.75,21750.0,0.253,0.0,0.0,0.87,0.9873563218390805,0.5011494252873563,0.436,0.4862068965517241,0.0,0.01264367816091954,0.0,13.0,52.300000000000004,34.699999999999996,0.0,397,397.0,both,-0.2,-0.2,-0.2
dapper,stable,116,100.0,1000,67.99004952111103,129.81756306056482,134.19762207594223,134.95083065118425,76.8116075352819,0.226,0.7760297767198059,0.6364536309712472,21750.0,21.75,21750.0,0.226,0.0,0.0,0.87,0.9942528735632183,0.5448275862068965,0.474,0.4494252873563218,0.0,0.005747126436781609,0.0,13.0,56.00000000000001,31.0,0.0,373,373.0,both,-0.2,-0.2,-0.2
dapper,stable,117,100.0,1000,71.99200540712656,132.18037751767898,134.61075167454976,134.97880256740157,80.84396103000347,0.289,0.7705300189856056,0.5869871984271697,21850.0,21.85,21850.0,0.289,0.0,0.0,0.874,0.9862700228832952,0.4897025171624714,0.428,0.4965675057208238,0.0,0.013729977116704805,0.0,12.6,57.9,29.5,0.0,400,400.0,both,-0.2,-0.2,-0.2
dapper,stable,118,100.0,1000,68.89457222017784,131.11707234359122,134.21742418584026,134.92122437955186,78.50873167600773,0.263,0.772466765191785,0.6079116877759475,21475.0,21.475,21475.0,0.263,0.0,0.0,0.859,0.9906868451688009,0.5075669383003493,0.436,0.4831199068684517,0.0,0.009313154831199068,0.0,14.099999999999998,54.900000000000006,31.0,0.0,415,415.0,both,-0.2,-0.2,-0.2
dapper,stable,119,100.0,1000,71.3907846141033,131.1748714433675,134.22266835977737,134.91160889950757,80.88667209236601,0.271,0.7756955347559612,0.6057221827408489,21925.0,21.925,21925.0,0.271,0.0,0.0,0.877,0.9874572405929305,0.5324971493728621,0.467,0.4549600912200684,0.0,0.012542759407069556,0.0,12.3,58.9,28.799999999999997,0.0,394,394.0,both,-0.2,-0.2,-0.2
dapper,stable,120,100.0,1000,70.74586712665621,130.07275095564822,133.88023455104064,134.8989109763059,78.28665825365492,0.257,0.7758424129931594,0.6112179000388305,21800.0,21.8,21800.0,0.257,0.0,0.0,0.872,0.9839449541284404,0.5103211009174312,0.445,0.4736238532110092,0.0,0.016055045871559634,0.0,12.8,58.4,28.799999999999997,0.0,411,411.0,both,-0.2,-0.2,-0.2
dapper,stable,121,100.0,1000,70.37395191707985,130.76384305491416,134.43059829287213,134.90598819060784,78.91889228960362,0.277,0.770840433513451,0.5942471892218555,21800.0,21.8,21800.0,0.277,0.0,0.0,0.872,0.9862385321100917,0.48394495412844035,0.422,0.5022935779816514,0.0,0.013761467889908258,0.0,12.8,56.49999999999999,30.7,0.0,402,402.0,both,-0.2,-0.2,-0.2
dapper,stable,122,100.0,1000,70.03698541840009,131.63078524768636,134.54645266221354,134.86802026151534,79.87141862411916,0.266,0.7739330722901484,0.6077493913095654,21950.0,21.95,21950.0,0.266,0.0,0.0,0.878,0.9886104783599089,0.5148063781321185,0.452,0.47380410022779046,0.0,0.011389521640091117,0.0,12.2,56.49999999999999,31.3,0.0,378,378.0,both,-0.2,-0.2,-0.2
dapper,stable,123,100.0,1000,70.37015833511323,132.16551626731703,134.4286483254449,134.90743937957424,79.54158095400979,0.279,0.7695155595810147,0.5929858528111351,22225.0,22.225,22225.0,0.279,0.0,0.0,0.889,0.9820022497187851,0.4769403824521935,0.424,0.5050618672665916,0.0,0.01799775028121485,0.0,11.1,55.800000000000004,33.1,0.0,404,404.0,both,-0.2,-0.2,-0.2
dapper,stable,124,100.0,1000,68.6759841624674,130.32206279160738,134.20516033232005,134.95256595801936,78.0126236179597,0.272,0.7708928562048807,0.6000793707784087,21000.0,21.0,21000.0,0.272,0.0,0.0,0.84,0.9928571428571429,0.49642857142857144,0.417,0.49642857142857144,0.0,0.007142857142857143,0.0,16.0,54.300000000000004,29.7,0.0,447,447.0,both,-0.2,-0.2,-0.2
dapper,stable,125,100.0,1000,66.84995096149753,131.47096390313624,134.05413056729097,134.9562050929862,77.55924995915812,0.236,0.7731079701411011,0.6296633183810089,21650.0,21.65,21650.0,0.236,0.0,0.0,0.866,0.9919168591224018,0.5323325635103926,0.461,0.45958429561200925,0.0,0.008083140877598153,0.0,13.4,52.900000000000006,33.7,0.0,428,428.0,both,-0.2,-0.2,-0.2
dapper,stable,126,100.0,1000,69.39335377656042,130.79612123498086,134.08562766087266,134.98386729662576,78.53462186444966,0.254,0.777674797289199,0.6189513612477049,21175.0,21.175,21175.0,0.254,0.0,0.0,0.847,0.9881936245572609,0.5419126328217237,0.459,0.4462809917355372,0.0,0.011806375442739079,0.0,15.299999999999999,56.99999999999999,27.700000000000003,0.0,416,416.0,both,-0.2,-0.2,-0.2
dapper,stable,127,100.0,1000,67.57838052135493,130.45821464362317,134.17397252000626,134.83194059062015,77.70743225703345,0.234,0.7722685368733481,0.6308660834605178,22125.0,22.125,22125.0,0.234,0.0,0.0,0.885,0.9909604519774011,0.5276836158192091,0.467,0.4632768361581921,0.0,0.00903954802259887,0.0,11.5,54.1,34.4,0.0,393,393.0,both,-0.2,-0.2,-0.2
dapper,stable,128,100.0,1000,70.91250796224887,131.20122153177047,134.09546310132873,134.86981267589454,80.38915395815326,0.268,0.775171226382852,0.6075194164263511,21425.0,21.425,21425.0,0.268,0.0,0.0,0.857,0.9836639439906651,0.5309218203033839,0.455,0.45274212368728123,0.0,0.01633605600933489,0.0,14.299999999999999,57.3,28.4,0.0,430,430.0,both,-0.2,-0.2,-0.2
dapper,stable,129,100.0,1000,65.47415034495731,129.6012203766418,134.0440322013488,134.83455603061054,75.86515225042612,0.228,0.7691399104506488,0.6336305898394102,21825.0,21.825,21825.0,0.228,0.0,0.0,0.873,0.9896907216494846,0.5131729667812142,0.448,0.4765177548682703,0.0,0.010309278350515464,0.0,12.7,51.300000000000004,36.0,0.0,415,415.0,both,-0.2,-0.2,-0.2
dapper,congested,100,100.0,1000,24.931615048786146,33.928407620489025,34.77556075006328,34.97404020175507,24.931615048786146,0.0,0.7231503929045445,0.7231503929045445,2950.0,2.95,2950.0,0.0,0.0,0.0,0.118,0.9576271186440678,0.0,0.0,0.9576271186440678,0.0,0.0423728813559322,0.0,88.2,0.0,11.799999999999999,0.0,132,132.0,both,-0.2,-0.2,-0.2
dapper,congested,101,100.0,1000,25.188437717504375,34.03466107987438,34.84243479054015,34.99327875607795,25.188437717504375,0.0,0.7240147265422211,0.7240147265422211,2600.0,2.6,2600.0,0.0,0.0,0.0,0.104,0.9519230769230769,0.0,0.0,0.9519230769230769,0.0,0.04807692307692308,0.0,89.60000000000001,0.0,10.4,0.0,132,132.0,both,-0.2,-0.2,-0.2
dapper,congested,102,100.0,1000,25.03548939727799,33.96479457393766,34.69588731781126,34.989536221406055,25.03548939727799,0.0,0.7265290036152598,0.7265290036152598,3400.0,3.4,3400.0,0.0,0.0,0.0,0.136,0.9485294117647058,0.0,0.0,0.9485294117647058,0.0,0.051470588235294115,0.0,86.4,0.0,13.600000000000001,0.0,156,156.0,both,-0.2,-0.2,-0.2
dapper,congested,103,100.0,1000,25.03328827891089,34.09454856492267,34.78542999553827,34.985893217625524,25.03328827891089,0.0,0.7249975495254066,0.7249975495254066,3225.0,3.225,3225.0,0.0,0.0,0.0,0.129,0.9534883720930233,0.0,0.0,0.9534883720930233,0.0,0.046511627906976744,0.0,87.1,0.0,12.9,0.0,137,137.0,both,-0.2,-0.2,-0.2
dapper,congested,104,100.0,1000,24.969774547081954,33.81394766067372,34.81048977789511,34.94578824107255,24.969774547081954,0.0,0.7273630134211108,0.7273630134211108,3150.0,3.15,3150.0,0.0,0.0,0.0,0.126,0.9206349206349206,0.0,0.0,0.9206349206349206,0.0,0.07936507936507936,0.0,87.4,0.0,12.6,0.0,138,138.0,both,-0.2,-0.2,-0.2
dapper,congested,105,100.0,1000,24.881530354040223,34.02785562253984,34.86009343610894,34.98145078352877,24.881530354040223,0.0,0.7241433821596263,0.7241433821596263,3325.0,3.325,3325.0,0.0,0.0,0.0,0.133,0.9398496240601504,0.0,0.0,0.9398496240601504,0.0,0.06015037593984962,0.0,86.7,0.0,13.3,0.0,137,137.0,both,-0.2,-0.2,-0.2
dapper,congested,106,100.0,1000,24.9413023153378,33.98450796903268,34.753821099438774,34.98979405154197,24.9413023153378,0.0,0.7260421946156992,0.7260421946156992,3025.0,3.025,3025.0,0.0,0.0,0.0,0.121,0.9752066115702479,0.0,0.0,0.9752066115702479,0.0,0.024793388429752067,0.0,87.9,0.0,12.1,0.0,144,144.0,both,-0.2,-0.2,-0.2
dapper,congested,107,100.0,1000,24.886925897119337,33.88426057014752,34.77470672268729,34.998762184541775,24.886925897119337,0.0,0.7258328653791636,0.7258328653791636,3450.0,3.45,3450.0,0.0,0.0,0.0,0.138,0.9130434782608695,0.0,0.0,0.9130434782608695,0.0,0.08695652173913043,0.0,86.2,0.0,13.8,0.0,134,134.0,both,-0.2,-0.2,-0.2
dapper,congested,108,100.0,1000,25.12572335979201,33.943119032195405,34.814499351033405,34.99655745974279,25.12572335979201,0.0,0.7241104019978909,0.7241104019978909,3400.0,3.4,3400.0,0.0,0.0,0.0,0.136,0.9558823529411765,0.0,0.0,0.9558823529411765,0.0,0.04411764705882353,0.0,86.4,0.0,13.600000000000001,0.0,142,142.0,both,-0.2,-0.2,-0.2
dapper,congested,109,100.0,1000,25.037194206353533,33.93181537323021,34.785030538309286,34.98925809716232,25.037194206353533,0.0,0.7232170518910273,0.7232170518910273,2325.0,2.325,2325.0,0.0,0.0,0.0,0.093,0.956989247311828,0.0,0.0,0.956989247311828,0.0,0.043010752688172046,0.0,90.7,0.0,9.3,0.0,126,126.0,both,-0.2,-0.2,-0.2
dapper,congested,110,100.0,1000,24.809401201588823,33.71973175922034,34.60151524624712,34.90888622322395,24.809401201588823,0.0,0.7246041378695668,0.7246041378695668,3400.0,3.4,3400.0,0.0,0.0,0.0,0.136,0.9411764705882353,0.0,0.0,0.9411764705882353,0.0,0.058823529411764705,0.0,86.4,0.0,13.600000000000001,0.0,133,133.0,both,-0.2,-0.2,-0.2
dapper,congested,111,100.0,1000,25.119606788303717,34.001774933641265,34.74455155405684,34.96241421096305,25.119606788303717,0.0,0.725386178810248,0.725386178810248,3175.0,3.175,3175.0,0.0,0.0,0.0,0.127,0.984251968503937,0.0,0.0,0.984251968503937,0.0,0.015748031496062992,0.0,87.3,0.0,12.7,0.0,128,128.0,both,-0.2,-0.2,-0.2
dapper,congested,112,100.0,1000,25.185269217607274,33.90095224371657,34.76580213455383,34.985906989642146,25.185269217607274,0.0,0.7266896434568639,0.7266896434568639,3300.0,3.3,3300.0,0.0,0.0,0.0,0.132,0.9621212121212122,0.0,0.0,0.9621212121212122,0.0,0.03787878787878788,0.0,86.8,0.0,13.200000000000001,0.0,140,140.0,both,-0.2,-0.2,-0.2
dapper,congested,113,100.0,1000,24.906335043070264,33.941743755105556,34.77247181035648,34.98424994294581,24.906335043070264,0.0,0.7265627615919971,0.7265627615919971,3325.0,3.325,3325.0,0.0,0.0,0.0,0.133,0.9624060150375939,0.0,0.0,0.9624060150375939,0.0,0.03759398496240601,0.0,86.7,0.0,13.3,0.0,125,125.0,both,-0.2,-0.2,-0.2
dapper,congested,114,100.0,1000,25.106436885026124,33.99518413696301,34.87476614646897,34.96282987218834,25.106436885026124,0.0,0.7286951154525153,0.7286951154525153,2125.0,2.125,2125.0,0.0,0.0,0.0,0.085,0.9411764705882353,0.0,0.0,0.9411764705882353,0.0,0.058823529411764705,0.0,91.5,0.0,8.5,0.0,90,90.0,both,-0.2,-0.2,-0.2
dapper,congested,115,100.0,1000,25.22862077033868,34.01033183391731,34.751795785617006,34.96593743598228,25.22862077033868,0.0,0.7228431329922943,0.7228431329922943,3150.0,3.15,3150.0,0.0,0.0,0.0,0.126,0.9126984126984127,0.0,0.0,0.9126984126984127,0.0,0.0873015873015873,0.0,87.4,0.0,12.6,0.0,162,162.0,both,-0.2,-0.2,-0.2
dapper,congested,116,100.0,1000,25.532666746770744,33.96456327797874,34.77240430108412,34.9771698353159,25.532666746770744,0.0,0.725945101429929,0.725945101429929,3225.0,3.225,3225.0,0.0,0.0,0.0,0.129,0.9689922480620154,0.0,0.0,0.9689922480620154,0.0,0.031007751937984496,0.0,87.1,0.0,12.9,0.0,144,144.0,both,-0.2,-0.2,-0.2
dapper,congested,117,100.0,1000,24.586721544902087,33.766185707586004,34.70675091481512,34.994340946660934,24.586721544902087,0.0,0.7255476583450682,0.7255476583450682,3150.0,3.15,3150.0,0.0,0.0,0.0,0.126,0.9126984126984127,0.0,0.0,0.9126984126984127,0.0,0.0873015873015873,0.0,87.4,0.0,12.6,0.0,146,146.0,both,-0.2,-0.2,-0.2
dapper,congested,118,100.0,1000,25.162494743028066,34.01490807545646,34.75940662114508,34.968506891824205,25.162494743028066,0.0,0.7267436342489003,0.7267436342489003,3300.0,3.3,3300.0,0.0,0.0,0.0,0.132,0.9393939393939394,0.0,0.0,0.9393939393939394,0.0,0.06060606060606061,0.0,86.8,0.0,13.200000000000001,0.0,118,118.0,both,-0.2,-0.2,-0.2
dapper,congested,119,100.0,1000,25.33798431808029,33.930297923071485,34.79939395844596,34.97944595589328,25.33798431808029,0.0,0.7233345714577454,0.7233345714577454,3375.0,3.375,3375.0,0.0,0.0,0.0,0.135,0.9629629629629629,0.0,0.0,0.9629629629629629,0.0,0.037037037037037035,0.0,86.5,0.0,13.5,0.0,150,150.0,both,-0.2,-0.2,-0.2
dapper,congested,120,100.0,1000,24.938916091364213,33.99634834863332,34.78821886321599,34.985958566309606,24.938916091364213,0.0,0.7244242831436923,0.7244242831436923,2625.0,2.625,2625.0,0.0,0.0,0.0,0.105,0.9809523809523809,0.0,0.0,0.9809523809523809,0.0,0.01904761904761905,0.0,89.5,0.0,10.5,0.0,114,114.0,both,-0.2,-0.2,-0.2
dapper,congested,121,100.0,1000,24.80917420207108,33.750343569648706,34.75280697328194,34.996277370025744,24.80917420207108,0.0,0.7240164055794182,0.7240164055794182,2425.0,2.425,2425.0,0.0,0.0,0.0,0.097,0.9484536082474226,0.0,0.0,0.9484536082474226,0.0,0.05154639175257732,0.0,90.3,0.0,9.700000000000001,0.0,131,131.0,both,-0.2,-0.2,-0.2
dapper,congested,122,100.0,1000,24.869545093034485,33.85721546067485,34.770700984913006,34.91653465760954,24.869545093034485,0.0,0.7271559083016325,0.7271559083016325,3075.0,3.075,3075.0,0.0,0.0,0.0,0.123,0.959349593495935,0.0,0.0,0.959349593495935,0.0,0.04065040650406504,0.0,87.7,0.0,12.3,0.0,143,143.0,both,-0.2,-0.2,-0.2
dapper,congested,123,100.0,1000,25.019147835962976,34.0068905091913,34.771507219222585,34.98883073588995,25.019147835962976,0.0,0.723120628404554,0.723120628404554,3300.0,3.3,3300.0,0.0,0.0,0.0,0.132,0.9545454545454546,0.0,0.0,0.9545454545454546,0.0,0.045454545454545456,0.0,86.8,0.0,13.200000000000001,0.0,170,170.0,both,-0.2,-0.2,-0.2
dapper,congested,124,100.0,1000,24.84861311989367,33.78084958434015,34.66363593071505,34.94326242767353,24.84861311989367,0.0,0.7246412727356085,0.7246412727356085,3500.0,3.5,3500.0,0.0,0.0,0.0,0.14,0.9714285714285714,0.0,0.0,0.9714285714285714,0.0,0.02857142857142857,0.0,86.0,0.0,14.000000000000002,0.0,148,148.0,both,-0.2,-0.2,-0.2
dapper,congested,125,100.0,1000,25.028806878728822,34.05786747219948,34.83418763630404,34.99974319601896,25.028806878728822,0.0,0.7225453340361464,0.7225453340361464,3850.0,3.85,3850.0,0.0,0.0,0.0,0.154,0.9415584415584416,0.0,0.0,0.9415584415584416,0.0,0.05844155844155844,0.0,84.6,0.0,15.4,0.0,166,166.0,both,-0.2,-0.2,-0.2
dapper,congested,126,100.0,1000,25.01200503410485,33.97988585528562,34.774114294105054,34.99086328598782,25.01200503410485,0.0,0.7260325028592299,0.7260325028592299,3250.0,3.25,3250.0,0.0,0.0,0.0,0.13,0.9384615384615385,0.0,0.0,0.9384615384615385,0.0,0.06153846153846154,0.0,87.0,0.0,13.0,0.0,146,146.0,both,-0.2,-0.2,-0.2
dapper,congested,127,100.0,1000,25.067778068181923,34.00531179234195,34.71031183612322,34.99801668883106,25.067778068181923,0.0,0.7239904038714414,0.7239904038714414,2875.0,2.875,2875.0,0.0,0.0,0.0,0.115,0.9652173913043478,0.0,0.0,0.9652173913043478,0.0,0.034782608695652174,0.0,88.5,0.0,11.5,0.0,140,140.0,both,-0.2,-0.2,-0.2
dapper,congested,128,100.0,1000,24.85704421534759,34.08647701991846,34.783499539553866,34.99302751306131,24.85704421534759,0.0,0.7235741311250974,0.7235741311250974,3450.0,3.45,3450.0,0.0,0.0,0.0,0.138,0.9420289855072463,0.0,0.0,0.9420289855072463,0.0,0.057971014492753624,0.0,86.2,0.0,13.8,0.0,160,160.0,both,-0.2,-0.2,-0.2
dapper,congested,129,100.0,1000,24.920063724669387,33.90591045177916,34.77957296022762,34.981958638619645,24.920063724669387,0.0,0.7225927676936471,0.7225927676936471,2950.0,2.95,2950.0,0.0,0.0,0.0,0.118,0.9491525423728814,0.0,0.0,0.9491525423728814,0.0,0.05084745762711865,0.0,88.2,0.0,11.799999999999999,0.0,143,143.0,both,-0.2,-0.2,-0.2
dapper,variable,100,100.0,1000,20.728322367197375,33.927427432821645,60.96994506757929,132.58043135969493,22.51190912714196,0.005,0.7271237523151958,0.7274574813954254,12800.0,12.8,12800.0,0.287,0.214,0.0,0.512,0.927734375,0.064453125,0.033,0.86328125,0.0,0.072265625,0.0,27.400000000000002,1.0999999999999999,50.1,21.4,402,402.0,both,-0.2,-0.2,-0.2
dapper,variable,101,100.0,1000,20.55540328405425,33.81897348640035,34.88089211462372,134.40679833545093,22.914269873838204,0.004,0.7274403090623841,0.7305124572280441,14525.0,14.525,14525.0,0.257,0.197,0.0,0.581,0.9449225473321858,0.06540447504302926,0.038,0.8795180722891566,0.0,0.055077452667814115,0.0,22.2,0.7000000000000001,57.4,19.7,361,361.0,both,-0.2,-0.2,-0.2
dapper,variable,102,100.0,1000,22.425397372106666,34.111394815247465,34.96412730030262,129.5459232587075,24.858617128119846,0.002,0.7263095750138975,0.7309559314531207,15525.0,15.525,15525.0,0.165,0.127,0.0,0.621,0.9098228663446055,0.06763285024154589,0.042,0.8421900161030595,0.0,0.09017713365539452,0.0,25.2,0.8,61.3,12.7,360,360.0,both,-0.2,-0.2,-0.2
dapper,variable,103,100.0,1000,19.645797627018965,33.616716750534664,34.77378414259423,95.50979041311598,21.536858533775952,0.0,0.7267601733443975,0.7316018841146493,13050.0,13.05,13050.0,0.315,0.239,0.0,0.522,0.9195402298850575,0.05747126436781609,0.03,0.8620689655172413,0.0,0.08045977011494253,0.0,23.9,0.2,52.0,23.9,375,375.0,both,-0.2,-0.2,-0.2
dapper,variable,104,100.0,1000,21.9200669637556,33.970699294678035,34.81722174299133,129.21709115409843,24.39286560109536,0.002,0.7279320302380715,0.7320668633114824,15100.0,15.1,15100.0,0.189,0.143,0.0,0.604,0.9304635761589404,0.06622516556291391,0.04,0.8642384105960265,0.0,0.0695364238410596,0.0,25.3,0.5,59.9,14.299999999999999,389,389.0,both,-0.2,-0.2,-0.2
dapper,variable,105,100.0,1000,20.778646958942645,33.67619196634899,34.89417573499266,134.71200673593256,23.576413958481,0.002,0.7265254363855798,0.7317548376339434,14625.0,14.625,14625.0,0.24,0.184,0.0,0.585,0.9452991452991453,0.0735042735042735,0.043,0.8717948717948718,0.0,0.0547008547008547,0.0,23.1,0.5,57.99999999999999,18.4,360,360.0,both,-0.2,-0.2,-0.2
dapper,variable,106,100.0,1000,22.62463332756494,33.85669701354757,81.53764434465445,129.76950491279123,24.852714976291175,0.006,0.7265533675047753,0.72781895879846,14875.0,14.875,14875.0,0.18,0.135,0.0,0.595,0.9277310924369748,0.06722689075630252,0.04,0.8605042016806723,0.0,0.07226890756302522,0.0,27.0,1.3,58.199999999999996,13.5,370,370.0,both,-0.2,-0.2,-0.2
dapper,variable,107,100.0,1000,20.47303311693008,33.697459615219195,34.82549218885012,131.84543292809784,22.668957915839748,0.002,0.7242146785742568,0.7276763097619012,13575.0,13.575,13575.0,0.256,0.194,0.0,0.543,0.9171270718232044,0.06077348066298342,0.033,0.856353591160221,0.0,0.08287292817679558,0.0,26.3,0.3,54.0,19.400000000000002,365,365.0,both,-0.2,-0.2,-0.2
dapper,variable,108,100.0,1000,20.857266118278545,34.0639853636287,34.80832875751701,132.7563217156347,23.62985981615616,0.003,0.7262519633658674,0.731071900242689,14200.0,14.2,14200.0,0.262,0.195,0.0,0.568,0.9295774647887324,0.07394366197183098,0.042,0.8556338028169014,0.0,0.07042253521126761,0.0,23.7,0.4,56.39999999999999,19.5,372,372.0,both,-0.2,-0.2,-0.2
dapper,variable,109,100.0,1000,21.38368898626702,33.80125086153673,34.808061348888025,122.78075704583172,23.160011675214665,0.001,0.7239868051618144,0.7273802058248476,14550.0,14.55,14550.0,0.204,0.156,0.0,0.582,0.9243986254295533,0.04639175257731959,0.027,0.8780068728522337,0.0,0.07560137457044673,0.0,26.200000000000003,0.2,57.99999999999999,15.6,349,349.0,both,-0.2,-0.2,-0.2
dapper,variable,110,100.0,1000,21.202311689706672,33.99271279764258,34.75558231743777,118.14279681342171,22.95841796982215,0.001,0.7256204561197352,0.7287127533855471,15325.0,15.325,15325.0,0.227,0.171,0.0,0.613,0.9461663947797716,0.04567699836867863,0.028,0.9004893964110929,0.0,0.053833605220228384,0.0,21.6,0.3,61.0,17.1,346,346.0,both,-0.2,-0.2,-0.2
dapper,variable,111,100.0,1000,21.894916022216393,34.11177828902831,34.97109306628029,125.11982177896326,24.415975824972563,0.005,0.7264333329827432,0.7283047590603258,14475.0,14.475,14475.0,0.22,0.165,0.0,0.579,0.9412780656303973,0.07081174438687392,0.041,0.8704663212435233,0.0,0.05872193436960276,0.0,25.6,0.8999999999999999,56.99999999999999,16.5,368,368.0,both,-0.2,-0.2,-0.2
dapper,variable,112,100.0,1000,21.90377078568775,34.19787155529594,70.26379721429603,123.2825208221601,24.60540740682259,0.004,0.7297105660715539,0.7326746160175649,14675.0,14.675,14675.0,0.219,0.162,0.0,0.587,0.9335604770017035,0.07836456558773425,0.046,0.8551959114139693,0.0,0.06643952299829642,0.0,25.1,1.0999999999999999,57.599999999999994,16.2,387,387.0,both,-0.2,-0.2,-0.2
dapper,variable,113,100.0,1000,21.750240509619704,33.88982703926209,34.85902641046557,131.90486115598299,23.239955530397985,0.003,0.7267782059381909,0.7279587290435611,14900.0,14.9,14900.0,0.198,0.148,0.0,0.596,0.9362416107382551,0.040268456375838924,0.024,0.8959731543624161,0.0,0.06375838926174497,0.0,25.6,0.5,59.099999999999994,14.799999999999999,360,360.0,both,-0.2,-0.2,-0.2
dapper,variable,114,100.0,1000,20.149363956819055,33.672557195292,34.85952232712239,133.1832445639027,22.025388136836156,0.002,0.7230431170806494,0.7259361743032295,13000.0,13.0,13000.0,0.267,0.204,0.0,0.52,0.9346153846153846,0.06153846153846154,0.032,0.8730769230769231,0.0,0.06538461538461539,0.0,27.6,0.7000000000000001,51.300000000000004,20.4,371,371.0,both,-0.2,-0.2,-0.2
dapper,variable,115,100.0,1000,21.929183435043196,33.61109897954468,34.80300682830199,134.5821039863379,24.865342545165134,0.002,0.7236048227733113,0.7292057612550018,14425.0,14.425,14425.0,0.173,0.132,0.0,0.577,0.9064124783362218,0.0779896013864818,0.045,0.82842287694974,0.0,0.09358752166377816,0.0,29.099999999999998,0.5,57.199999999999996,13.200000000000001,364,364.0,both,-0.2,-0.2,-0.2
dapper,variable,116,100.0,1000,21.261218061721895,34.1533553242891,34.84333923819781,132.13454496472644,22.90520684790137,0.002,0.7294835292911344,0.7324524114199764,13550.0,13.55,13550.0,0.238,0.182,0.0,0.542,0.9298892988929889,0.04981549815498155,0.027,0.8800738007380073,0.0,0.07011070110701106,0.0,27.6,0.5,53.7,18.2,386,386.0,both,-0.2,-0.2,-0.2
dapper,variable,117,100.0,1000,23.149441398977615,34.30968036765794,34.87661877452927,126.69414397489493,24.67280315876116,0.003,0.723821902124653,0.7251684047821464,15975.0,15.975,15975.0,0.134,0.099,0.0,0.639,0.92018779342723,0.03599374021909233,0.023,0.8841940532081377,0.0,0.07981220657276995,0.0,26.200000000000003,0.4,63.5,9.9,343,343.0,both,-0.2,-0.2,-0.2
dapper,variable,118,100.0,1000,21.977449896385632,33.71103688246432,34.86308107086072,122.72243756540635,25.25738949586109,0.004,0.7258900255910944,0.7306075975375493,15075.0,15.075,15075.0,0.195,0.146,0.0,0.603,0.9270315091210614,0.08623548922056384,0.052,0.8407960199004975,0.0,0.07296849087893864,0.0,25.1,0.8999999999999999,59.4,14.6,378,378.0,both,-0.2,-0.2,-0.2
dapper,variable,119,100.0,1000,21.204952249381176,33.731985032910785,34.73361010816082,133.8015565741153,23.884886612310975,0.001,0.7249977490301317,0.730937708573489,14550.0,14.55,14550.0,0.218,0.165,0.0,0.582,0.9312714776632303,0.070446735395189,0.041,0.8608247422680413,0.0,0.06872852233676977,0.0,25.3,0.3,57.9,16.5,351,351.0,both,-0.2,-0.2,-0.2
dapper,variable,120,100.0,1000,22.735589607524474,34.162698961095295,117.4375180759909,134.0697020506799,25.255843246954093,0.011,0.7239162782704209,0.7222592573598127,15650.0,15.65,15650.0,0.189,0.133,0.0,0.626,0.9313099041533547,0.05910543130990415,0.037,0.8722044728434505,0.0,0.06869009584664537,0.0,24.099999999999998,1.0999999999999999,61.5,13.3,342,342.0,both,-0.2,-0.2,-0.2
dapper,variable,121,100.0,1000,21.26323383681935,34.020535287416294,34.98177683124048,95.77162421654118,24.68125200719413,0.0,0.726103861435741,0.7345887093906228,15025.0,15.025,15025.0,0.217,0.168,0.0,0.601,0.9284525790349417,0.09650582362728785,0.058,0.831946755407654,0.0,0.07154742096505824,0.0,23.1,0.8,59.3,16.8,349,349.0,both,-0.2,-0.2,-0.2
dapper,variable,122,100.0,1000,21.445870680755892,33.79000637896241,34.68283576599371,122.3868116815639,24.362957739851772,0.001,0.727585955257385,0.733224751613985,14750.0,14.75,14750.0,0.197,0.15,0.0,0.59,0.9474576271186441,0.07627118644067797,0.045,0.8711864406779661,0.0,0.05254237288135593,0.0,26.0,0.4,58.599999999999994,15.0,361,361.0,both,-0.2,-0.2,-0.2
dapper,variable,123,100.0,1000,21.464693842101205,33.84055293518818,34.83471148995974,120.87930552377972,23.329844990129335,0.001,0.7293080543420531,0.7334064537941059,14400.0,14.4,14400.0,0.214,0.162,0.0,0.576,0.9288194444444444,0.05555555555555555,0.032,0.8732638888888888,0.0,0.07118055555555555,0.0,26.200000000000003,0.5,57.099999999999994,16.2,365,365.0,both,-0.2,-0.2,-0.2
dapper,variable,124,100.0,1000,22.308004764147146,33.72310705446071,34.91072120525863,125.74166558724613,24.150766552712174,0.004,0.7247263677399107,0.7262265721217436,16125.0,16.125,16125.0,0.173,0.132,0.0,0.645,0.9054263565891473,0.046511627906976744,0.03,0.8589147286821706,0.0,0.09457364341085271,0.0,22.3,0.7000000000000001,63.800000000000004,13.200000000000001,352,352.0,both,-0.2,-0.2,-0.2
dapper,variable,125,100.0,1000,21.74365845865077,33.990396523075574,73.20343559244994,134.54230731467146,24.14318483654006,0.005,0.7259030241343728,0.7274591895482313,15050.0,15.05,15050.0,0.227,0.17,0.0,0.602,0.9285714285714286,0.06976744186046512,0.042,0.8588039867109635,0.0,0.07142857142857142,0.0,22.8,1.3,58.9,17.0,360,360.0,both,-0.2,-0.2,-0.2
dapper,variable,126,100.0,1000,21.65835144460605,34.01092869561842,34.96518694423788,134.49396365175937,23.924661430807742,0.002,0.7309151873932273,0.7349961204690793,14550.0,14.55,14550.0,0.212,0.163,0.0,0.582,0.9243986254295533,0.06701030927835051,0.039,0.8573883161512027,0.0,0.07560137457044673,0.0,25.5,0.8,57.4,16.3,392,392.0,both,-0.2,-0.2,-0.2
dapper,variable,127,100.0,1000,21.151456315300212,34.076990851385176,34.865027266941155,132.4190891393914,23.321614878566287,0.003,0.7260087661362236,0.7289728462575022,13850.0,13.85,13850.0,0.245,0.184,0.0,0.554,0.9476534296028881,0.05956678700361011,0.033,0.8880866425992779,0.0,0.052346570397111915,0.0,26.200000000000003,0.5,54.900000000000006,18.4,395,395.0,both,-0.2,-0.2,-0.2
dapper,variable,128,100.0,1000,19.938558698490613,33.72697880011403,34.786061383988525,130.38349292668863,21.825368463928434,0.002,0.7264084409447445,0.7287532803349293,13000.0,13.0,13000.0,0.279,0.213,0.0,0.52,0.9211538461538461,0.05576923076923077,0.029,0.8653846153846154,0.0,0.07884615384615384,0.0,26.700000000000003,0.4,51.6,21.3,372,372.0,both,-0.2,-0.2,-0.2
dapper,variable,129,100.0,1000,21.947617140566454,34.16373665623869,74.27445692831009,132.83623263437457,23.7026692952386,0.006,0.7223169334586733,0.7224477478679096,14825.0,14.825,14825.0,0.232,0.174,0.0,0.593,0.9409780775716695,0.05396290050590219,0.032,0.8870151770657673,0.0,0.05902192242833052,0.0,23.3,1.0999999999999999,58.199999999999996,17.4,374,374.0,both,-0.2,-0.2,-0.2
dapper,stable,100,100.0,1000,25.279403323317702,33.96035223762113,34.73962355895296,34.988775105687154,51.53514833678389,0.0,0.7265268897628933,0.792417917211626,21350.0,21.35,21350.0,0.0,0.0,0.0,0.854,0.9918032786885246,0.4953161592505855,0.423,0.4964871194379391,0.0,0.00819672131147541,0.0,14.6,0.0,85.39999999999999,0.0,259,259.0,both,-0.1,-0.1,-0.1
dapper,stable,101,100.0,1000,24.820657080469697,33.96040511204254,34.788072376532675,34.99828909781833,53.53675771177409,0.0,0.7249338588619687,0.7978649635318986,21700.0,21.7,21700.0,0.0,0.0,0.0,0.868,0.9896313364055299,0.5288018433179723,0.459,0.4608294930875576,0.0,0.010368663594470046,0.0,13.200000000000001,0.0,86.8,0.0,231,231.0,both,-0.1,-0.1,-0.1
dapper,stable,102,100.0,1000,24.835880473076735,33.70682378335116,34.74818297607158,34.965240972972765,51.8627260021259,0.0,0.727324394359075,0.800034845226407,20900.0,20.9,20900.0,0.0,0.0,0.0,0.836,0.992822966507177,0.5263157894736842,0.44,0.4665071770334928,0.0,0.007177033492822967,0.0,16.400000000000002,0.0,83.6,0.0,284,284.0,both,-0.1,-0.1,-0.1
dapper,stable,103,100.0,1000,24.972078044518216,34.293187186352334,34.89307765319619,34.99802137082616,53.372703891643845,0.0,0.7236659440861409,0.7991290672988378,21525.0,21.525,21525.0,0.0,0.0,0.0,0.861,0.9883855981416957,0.5342624854819977,0.46,0.454123112659698,0.0,0.011614401858304297,0.0,13.900000000000002,0.0,86.1,0.0,237,237.0,both,-0.1,-0.1,-0.1
dapper,stable,104,100.0,1000,24.98622097286207,33.860115377670134,34.74837408619961,34.98656616097203,51.037343944723006,0.0,0.7240926018777877,0.7898578469524961,21900.0,21.9,21900.0,0.0,0.0,0.0,0.876,0.9920091324200914,0.4794520547945205,0.42,0.5125570776255708,0.0,0.007990867579908675,0.0,12.4,0.0,87.6,0.0,220,220.0,both,-0.1,-0.1,-0.1
dapper,stable,105,100.0,1000,24.85634769037545,33.82025179084476,34.62504012903672,34.93314580405199,51.59710330911793,0.0,0.7262361051095783,0.7959250227091806,21250.0,21.25,21250.0,0.0,0.0,0.0,0.85,0.9905882352941177,0.5105882352941177,0.434,0.48,0.0,0.009411764705882352,0.0,15.0,0.0,85.0,0.0,256,256.0,both,-0.1,-0.1,-0.1
dapper,stable,106,100.0,1000,24.716410963251104,33.86074949026578,34.68730165917939,34.933586993197196,52.69637342008328,0.0,0.7229428904328138,0.7962430814491968,21425.0,21.425,21425.0,0.0,0.0,0.0,0.857,0.9918319719953326,0.5227537922987164,0.448,0.4690781796966161,0.0,0.008168028004667444,0.0,14.299999999999999,0.0,85.7,0.0,252,252.0,both,-0.1,-0.1,-0.1
dapper,stable,107,100.0,1000,24.88557902804772,33.83424628214373,34.89267109559948,34.9936438529993,53.380353744565205,0.0,0.7245133185042392,0.7993133636844371,22025.0,22.025,22025.0,0.0,0.0,0.0,0.881,0.9886492622020431,0.5187287173666288,0.457,0.4699205448354143,0.0,0.011350737797956867,0.0,11.899999999999999,0.0,88.1,0.0,198,198.0,both,-0.1,-0.1,-0.1
dapper,stable,108,100.0,1000,25.235897183714567,34.2868707566229,34.87218349603604,34.989690121554816,51.92467360201944,0.0,0.7254394152220247,0.7967132376294662,21500.0,21.5,21500.0,0.0,0.0,0.0,0.86,0.9872093023255814,0.5023255813953489,0.432,0.4848837209302326,0.0,0.012790697674418604,0.0,14.000000000000002,0.0,86.0,0.0,231,231.0,both,-0.1,-0.1,-0.1
dapper,stable,109,100.0,1000,25.268964708760926,34.15910526808331,34.79620852522923,34.94284900848466,51.53790445445115,0.0,0.7225069831603355,0.7908717000411818,21775.0,21.775,21775.0,0.0,0.0,0.0,0.871,0.9850746268656716,0.4845005740528129,0.422,0.5005740528128588,0.0,0.014925373134328358,0.0,12.9,0.0,87.1,0.0,228,228.0,both,-0.1,-0.1,-0.1
dapper,stable,110,100.0,1000,24.978043487255007,33.957417382454665,34.80033649104111,34.99011804008187,51.64725260956925,0.0,0.7239727698806182,0.7935801521646344,21400.0,21.4,21400.0,0.0,0.0,0.0,0.856,0.985981308411215,0.5035046728971962,0.431,0.4824766355140187,0.0,0.014018691588785047,0.0,14.399999999999999,0.0,85.6,0.0,261,261.0,both,-0.1,-0.1,-0.1
dapper,stable,111,100.0,1000,25.491345575881343,33.99942489704205,34.77294614292747,34.98882482505357,52.77932606666301,0.0,0.7264559107913696,0.7988751227250941,20975.0,20.975,20975.0,0.0,0.0,0.0,0.839,0.9916567342073898,0.5256257449344458,0.441,0.466030989272944,0.0,0.00834326579261025,0.0,16.1,0.0,83.89999999999999,0.0,276,276.0,both,-0.1,-0.1,-0.1
dapper,stable,112,100.0,1000,25.044635098675773,33.93678625080242,34.80594764992258,34.978994945141224,52.774438295965986,0.0,0.7245903067601731,0.7942867336915719,21700.0,21.7,21700.0,0.0,0.0,0.0,0.868,0.9919354838709677,0.5103686635944701,0.443,0.4815668202764977,0.0,0.008064516129032258,0.0,13.200000000000001,0.0,86.8,0.0,220,220.0,both,-0.1,-0.1,-0.1
dapper,stable,113,100.0,1000,24.924957379086543,33.92528008813723,34.852479041190236,34.99387303551587,50.565197370598845,0.0,0.725184772552611,0.7910288053494875,21600.0,21.6,21600.0,0.0,0.0,0.0,0.864,0.9826388888888888,0.48032407407407407,0.415,0.5023148148148148,0.0,0.017361111111111112,0.0,13.600000000000001,0.0,86.4,0.0,239,239.0,both,-0.1,-0.1,-0.1
dapper,stable,114,100.0,1000,25.128438548268,33.86993382489312,34.786318253661975,34.99771913787838,53.866453690073165,0.0,0.7237524930795687,0.7977940224588013,21900.0,21.9,21900.0,0.0,0.0,0.0,0.876,0.9908675799086758,0.5308219178082192,0.465,0.4600456621004566,0.0,0.0091324200913242,0.0,12.4,0.0,87.6,0.0,214,214.0,both,-0.1,-0.1,-0.1
dapper,stable,115,100.0,1000,25.094705607799348,34.162413089123824,34.74465384721523,34.970565607066455,51.94937303752475,0.0,0.7245886848920773,0.7944537871206474,21750.0,21.75,21750.0,0.0,0.0,0.0,0.87,0.9873563218390805,0.5011494252873563,0.436,0.4862068965517241,0.0,0.01264367816091954,0.0,13.0,0.0,87.0,0.0,219,219.0,both,-0.1,-0.1,-0.1
dapper,stable,116,100.0,1000,25.028301912688907,34.05041769477859,34.88445460350265,34.99403448766891,54.211607535281885,0.0,0.7244573126145593,0.798391101095973,21750.0,21.75,21750.0,0.0,0.0,0.0,0.87,0.9942528735632183,0.5448275862068965,0.474,0.4494252873563218,0.0,0.005747126436781609,0.0,13.0,0.0,87.0,0.0,221,221.0,both,-0.1,-0.1,-0.1
dapper,stable,117,100.0,1000,24.997182216762514,33.94211020128963,34.806950360419165,34.98156739475102,51.94396103000347,0.0,0.7238166310991714,0.7935256482510197,21850.0,21.85,21850.0,0.0,0.0,0.0,0.874,0.9862700228832952,0.4897025171624714,0.428,0.4965675057208238,0.0,0.013729977116704805,0.0,12.6,0.0,87.4,0.0,226,226.0,both,-0.1,-0.1,-0.1
dapper,stable,118,100.0,1000,25.026589048763064,34.146334679362305,34.835239525322194,34.964244111574146,52.20873167600773,0.0,0.7280528994609765,0.7960765304196257,21475.0,21.475,21475.0,0.0,0.0,0.0,0.859,0.9906868451688009,0.5075669383003493,0.436,0.4831199068684517,0.0,0.009313154831199068,0.0,14.099999999999998,0.0,85.9,0.0,244,244.0,both,-0.1,-0.1,-0.1
dapper,stable,119,100.0,1000,24.80107188012856,34.00280379558126,34.81754573602827,34.936826663719394,53.78667209236602,0.0,0.7243707963012889,0.799875204249307,21925.0,21.925,21925.0,0.0,0.0,0.0,0.877,0.9874572405929305,0.5324971493728621,0.467,0.4549600912200684,0.0,0.012542759407069556,0.0,12.3,0.0,87.7,0.0,228,228.0,both,-0.1,-0.1,-0.1
dapper,stable,120,100.0,1000,25.000139802139184,33.83887438020657,34.75482963071029,34.96519781982063,52.586658253654925,0.0,0.7247996031934949,0.7950348677637523,21800.0,21.8,21800.0,0.0,0.0,0.0,0.872,0.9839449541284404,0.5103211009174312,0.445,0.4736238532110092,0.0,0.016055045871559634,0.0,12.8,0.0,87.2,0.0,212,212.0,both,-0.1,-0.1,-0.1
dapper,stable,121,100.0,1000,24.870142370806825,34.08802278656587,34.79782372711737,34.96061084968983,51.218892289603616,0.0,0.7235062491591376,0.7917923991779289,21800.0,21.8,21800.0,0.0,0.0,0.0,0.872,0.9862385321100917,0.48394495412844035,0.422,0.5022935779816514,0.0,0.013761467889908258,0.0,12.8,0.0,87.2,0.0,219,219.0,both,-0.1,-0.1,-0.1
dapper,stable,122,100.0,1000,24.829111935230273,33.958468133447,34.74506049633189,34.924143640943036,53.271418624119164,0.0,0.7259117747422895,0.7982645293058339,21950.0,21.95,21950.0,0.0,0.0,0.0,0.878,0.9886104783599089,0.5148063781321185,0.452,0.47380410022779046,0.0,0.011389521640091117,0.0,12.2,0.0,87.8,0.0,200,200.0,both,-0.1,-0.1,-0.1
dapper,stable,123,100.0,1000,25.35470141463279,34.01400394209814,34.728637206489786,34.90743937957425,51.64158095400979,0.0,0.7231039957478556,0.7928850748486099,22225.0,22.225,22225.0,0.0,0.0,0.0,0.889,0.9820022497187851,0.4769403824521935,0.424,0.5050618672665916,0.0,0.01799775028121485,0.0,11.1,0.0,88.9,0.0,196,196.0,both,-0.1,-0.1,-0.1
dapper,stable,124,100.0,1000,25.00583269004324,34.03261405514325,34.80612955591713,34.95256595801938,50.8126236179597,0.0,0.7270004160651047,0.7942088997255117,21000.0,21.0,21000.0,0.0,0.0,0.0,0.84,0.9928571428571429,0.49642857142857144,0.417,0.49642857142857144,0.0,0.007142857142857143,0.0,16.0,0.0,84.0,0.0,280,280.0,both,-0.1,-0.1,-0.1
dapper,stable,125,100.0,1000,24.9867591189863,33.982185709447386,34.8021659840167,34.99165214842439,53.959249959158115,0.0,0.7268533605073024,0.7989657788847586,21650.0,21.65,21650.0,0.0,0.0,0.0,0.866,0.9919168591224018,0.5323325635103926,0.461,0.45958429561200925,0.0,0.008083140877598153,0.0,13.4,0.0,86.6,0.0,238,238.0,both,-0.1,-0.1,-0.1
dapper,stable,126,100.0,1000,24.628886386363657,33.70638744138536,34.672811784104226,34.983867296625746,53.134621864449656,0.0,0.726794351381784,0.8009463128693688,21175.0,21.175,21175.0,0.0,0.0,0.0,0.847,0.9881936245572609,0.5419126328217237,0.459,0.4462809917355372,0.0,0.011806375442739079,0.0,15.299999999999999,0.0,84.7,0.0,252,252.0,both,-0.1,-0.1,-0.1
dapper,stable,127,100.0,1000,25.164646066804526,34.17312143282042,34.80106095916998,34.970740898815485,54.30743225703345,0.0,0.7237258806201099,0.7969399991420358,22125.0,22.125,22125.0,0.0,0.0,0.0,0.885,0.9909604519774011,0.5276836158192091,0.467,0.4632768361581921,0.0,0.00903954802259887,0.0,11.5,0.0,88.5,0.0,207,207.0,both,-0.1,-0.1,-0.1
dapper,stable,128,100.0,1000,25.178185128090664,33.92859815320874,34.67968897440042,34.972660274630584,53.589153958153254,0.0,0.7271450910033325,0.7988558762020542,21425.0,21.425,21425.0,0.0,0.0,0.0,0.857,0.9836639439906651,0.5309218203033839,0.455,0.45274212368728123,0.0,0.01633605600933489,0.0,14.299999999999999,0.0,85.7,0.0,237,237.0,both,-0.1,-0.1,-0.1
dapper,stable,129,100.0,1000,25.217209562918274,34.07064808785484,34.83459462785327,34.9933571344785,53.065152250426124,0.0,0.722736266433297,0.7957788932941594,21825.0,21.825,21825.0,0.0,0.0,0.0,0.873,0.9896907216494846,0.5131729667812142,0.448,0.4765177548682703,0.0,0.010309278350515464,0.0,12.7,0.0,87.3,0.0,214,214.0,both,-0.1,-0.1,-0.1
dapper,congested,100,100.0,1000,24.931615048786146,33.928407620489025,34.77556075006328,34.97404020175507,24.931615048786146,0.0,0.7231503929045445,0.7231503929045445,150.0,0.15,150.0,0.0,0.0,0.0,0.006,1.0,0.0,0.0,1.0,0.0,0.0,0.0,99.4,0.0,0.6,0.0,8,8.0,both,-0.1,-0.1,-0.1
dapper,congested,101,100.0,1000,25.188437717504375,34.03466107987438,34.84243479054015,34.99327875607795,25.188437717504375,0.0,0.7240147265422211,0.7240147265422211,275.0,0.275,275.0,0.0,0.0,0.0,0.011,0.9090909090909091,0.0,0.0,0.9090909090909091,0.0,0.09090909090909091,0.0,98.9,0.0,1.0999999999999999,0.0,20,20.0,both,-0.1,-0.1,-0.1
dapper,congested,102,100.0,1000,25.03548939727799,33.96479457393766,34.69588731781126,34.989536221406055,25.03548939727799,0.0,0.7265290036152598,0.7265290036152598,200.0,0.2,200.0,0.0,0.0,0.0,0.008,0.875,0.0,0.0,0.875,0.0,0.125,0.0,99.2,0.0,0.8,0.0,12,12.0,both,-0.1,-0.1,-0.1
dapper,congested,103,100.0,1000,25.03328827891089,34.09454856492267,34.78542999553827,34.985893217625524,25.03328827891089,0.0,0.7249975495254066,0.7249975495254066,175.0,0.175,175.0,0.0,0.0,0.0,0.007,0.8571428571428571,0.0,0.0,0.8571428571428571,0.0,0.14285714285714285,0.0,99.3,0.0,0.7000000000000001,0.0,13,13.0,both,-0.1,-0.1,-0.1
dapper,congested,104,100.0,1000,24.969774547081954,33.81394766067372,34.81048977789511,34.94578824107255,24.969774547081954,0.0,0.7273630134211108,0.7273630134211108,225.0,0.225,225.0,0.0,0.0,0.0,0.009,0.8888888888888888,0.0,0.0,0.8888888888888888,0.0,0.1111111111111111,0.0,99.1,0.0,0.8999999999999999,0.0,16,16.0,both,-0.1,-0.1,-0.1
dapper,congested,105,100.0,1000,24.881530354040223,34.02785562253984,34.86009343610894,34.98145078352877,24.881530354040223,0.0,0.7241433821596263,0.7241433821596263,300.0,0.3,300.0,0.0,0.0,0.0,0.012,1.0,0.0,0.0,1.0,0.0,0.0,0.0,98.8,0.0,1.2,0.0,14,14.0,both,-0.1,-0.1,-0.1
dapper,congested,106,100.0,1000,24.9413023153378,33.98450796903268,34.753821099438774,34.98979405154197,24.9413023153378,0.0,0.7260421946156992,0.7260421946156992,75.0,0.075,75.0,0.0,0.0,0.0,0.003,1.0,0.0,0.0,1.0,0.0,0.0,0.0,99.7,0.0,0.3,0.0,6,6.0,both,-0.1,-0.1,-0.1
dapper,congested,107,100.0,1000,24.886925897119337,33.88426057014752,34.77470672268729,34.998762184541775,24.886925897119337,0.0,0.7258328653791636,0.7258328653791636,175.0,0.175,175.0,0.0,0.0,0.0,0.007,0.8571428571428571,0.0,0.0,0.8571428571428571,0.0,0.14285714285714285,0.0,99.3,0.0,0.7000000000000001,0.0,12,12.0,both,-0.1,-0.1,-0.1
dapper,congested,108,100.0,1000,25.12572335979201,33.943119032195405,34.814499351033405,34.99655745974279,25.12572335979201,0.0,0.7241104019978909,0.7241104019978909,300.0,0.3,300.0,0.0,0.0,0.0,0.012,0.8333333333333334,0.0,0.0,0.8333333333333334,0.0,0.16666666666666666,0.0,98.8,0.0,1.2,0.0,14,14.0,both,-0.1,-0.1,-0.1
dapper,congested,109,100.0,1000,25.037194206353533,33.93181537323021,34.785030538309286,34.98925809716232,25.037194206353533,0.0,0.7232170518910273,0.7232170518910273,100.0,0.1,100.0,0.0,0.0,0.0,0.004,1.0,0.0,0.0,1.0,0.0,0.0,0.0,99.6,0.0,0.4,0.0,8,8.0,both,-0.1,-0.1,-0.1
dapper,congested,110,100.0,1000,24.809401201588823,33.71973175922034,34.60151524624712,34.90888622322395,24.809401201588823,0.0,0.7246041378695668,0.7246041378695668,300.0,0.3,300.0,0.0,0.0,0.0,0.012,0.9166666666666666,0.0,0.0,0.9166666666666666,0.0,0.08333333333333333,0.0,98.8,0.0,1.2,0.0,18,18.0,both,-0.1,-0.1,-0.1
dapper,congested,111,100.0,1000,25.119606788303717,34.001774933641265,34.74455155405684,34.96241421096305,25.119606788303717,0.0,0.725386178810248,0.725386178810248,300.0,0.3,300.0,0.0,0.0,0.0,0.012,1.0,0.0,0.0,1.0,0.0,0.0,0.0,98.8,0.0,1.2,0.0,16,16.0,both,-0.1,-0.1,-0.1
dapper,congested,112,100.0,1000,25.185269217607274,33.90095224371657,34.76580213455383,34.985906989642146,25.185269217607274,0.0,0.7266896434568639,0.7266896434568639,200.0,0.2,200.0,0.0,0.0,0.0,0.008,1.0,0.0,0.0,1.0,0.0,0.0,0.0,99.2,0.0,0.8,0.0,14,14.0,both,-0.1,-0.1,-0.1
dapper,congested,113,100.0,1000,24.906335043070264,33.941743755105556,34.77247181035648,34.98424994294581,24.906335043070264,0.0,0.7265627615919971,0.7265627615919971,375.0,0.375,375.0,0.0,0.0,0.0,0.015,0.9333333333333333,0.0,0.0,0.9333333333333333,0.0,0.06666666666666667,0.0,98.5,0.0,1.5,0.0,24,24.0,both,-0.1,-0.1,-0.1
dapper,congested,114,100.0,1000,25.106436885026124,33.99518413696301,34.87476614646897,34.96282987218834,25.106436885026124,0.0,0.7286951154525153,0.7286951154525153,100.0,0.1,100.0,0.0,0.0,0.0,0.004,1.0,0.0,0.0,1.0,0.0,0.0,0.0,99.6,0.0,0.4,0.0,8,8.0,both,-0.1,-0.1,-0.1
dapper,congested,115,100.0,1000,25.22862077033868,34.01033183391731,34.751795785617006,34.96593743598228,25.22862077033868,0.0,0.7228431329922943,0.7228431329922943,200.0,0.2,200.0,0.0,0.0,0.0,0.008,0.875,0.0,0.0,0.875,0.0,0.125,0.0,99.2,0.0,0.8,0.0,10,10.0,both,-0.1,-0.1,-0.1
dapper,congested,116,100.0,1000,25.532666746770744,33.96456327797874,34.77240430108412,34.9771698353159,25.532666746770744,0.0,0.725945101429929,0.725945101429929,550.0,0.55,550.0,0.0,0.0,0.0,0.022,0.9545454545454546,0.0,0.0,0.9545454545454546,0.0,0.045454545454545456,0.0,97.8,0.0,2.1999999999999997,0.0,28,28.0,both,-0.1,-0.1,-0.1
dapper,congested,117,100.0,1000,24.586721544902087,33.766185707586004,34.70675091481512,34.994340946660934,24.586721544902087,0.0,0.7255476583450682,0.7255476583450682,225.0,0.225,225.0,0.0,0.0,0.0,0.009,0.8888888888888888,0.0,0.0,0.8888888888888888,0.0,0.1111111111111111,0.0,99.1,0.0,0.8999999999999999,0.0,18,18.0,both,-0.1,-0.1,-0.1
dapper,congested,118,100.0,1000,25.162494743028066,34.01490807545646,34.75940662114508,34.968506891824205,25.162494743028066,0.0,0.7267436342489003,0.7267436342489003,325.0,0.325,325.0,0.0,0.0,0.0,0.013,0.8461538461538461,0.0,0.0,0.8461538461538461,0.0,0.15384615384615385,0.0,98.7,0.0,1.3,0.0,18,18.0,both,-0.1,-0.1,-0.1
dapper,congested,119,100.0,1000,25.33798431808029,33.930297923071485,34.79939395844596,34.97944595589328,25.33798431808029,0.0,0.7233345714577454,0.7233345714577454,250.0,0.25,250.0,0.0,0.0,0.0,0.01,1.0,0.0,0.0,1.0,0.0,0.0,0.0,99.0,0.0,1.0,0.0,16,16.0,both,-0.1,-0.1,-0.1
dapper,congested,120,100.0,1000,24.938916091364213,33.99634834863332,34.78821886321599,34.985958566309606,24.938916091364213,0.0,0.7244242831436923,0.7244242831436923,275.0,0.275,275.0,0.0,0.0,0.0,0.011,1.0,0.0,0.0,1.0,0.0,0.0,0.0,98.9,0.0,1.0999999999999999,0.0,16,16.0,both,-0.1,-0.1,-0.1
dapper,congested,121,100.0,1000,24.80917420207108,33.750343569648706,34.75280697328194,34.996277370025744,24.80917420207108,0.0,0.7240164055794182,0.7240164055794182,100.0,0.1,100.0,0.0,0.0,0.0,0.004,1.0,0.0,0.0,1.0,0.0,0.0,0.0,99.6,0.0,0.4,0.0,6,6.0,both,-0.1,-0.1,-0.1
dapper,congested,122,100.0,1000,24.869545093034485,33.85721546067485,34.770700984913006,34.91653465760954,24.869545093034485,0.0,0.7271559083016325,0.7271559083016325,250.0,0.25,250.0,0.0,0.0,0.0,0.01,0.9,0.0,0.0,0.9,0.0,0.1,0.0,99.0,0.0,1.0,0.0,12,12.0,both,-0.1,-0.1,-0.1
dapper,congested,123,100.0,1000,25.019147835962976,34.0068905091913,34.771507219222585,34.98883073588995,25.019147835962976,0.0,0.723120628404554,0.723120628404554,300.0,0.3,300.0,0.0,0.0,0.0,0.012,1.0,0.0,0.0,1.0,0.0,0.0,0.0,98.8,0.0,1.2,0.0,16,16.0,both,-0.1,-0.1,-0.1
dapper,congested,124,100.0,1000,24.84861311989367,33.78084958434015,34.66363593071505,34.94326242767353,24.84861311989367,0.0,0.7246412727356085,0.7246412727356085,275.0,0.275,275.0,0.0,0.0,0.0,0.011,1.0,0.0,0.0,1.0,0.0,0.0,0.0,98.9,0.0,1.0999999999999999,0.0,20,20.0,both,-0.1,-0.1,-0.1
dapper,congested,125,100.0,1000,25.028806878728822,34.05786747219948,34.83418763630404,34.99974319601896,25.028806878728822,0.0,0.7225453340361464,0.7225453340361464,575.0,0.575,575.0,0.0,0.0,0.0,0.023,1.0,0.0,0.0,1.0,0.0,0.0,0.0,97.7,0.0,2.3,0.0,36,36.0,both,-0.1,-0.1,-0.1
dapper,congested,126,100.0,1000,25.01200503410485,33.97988585528562,34.774114294105054,34.99086328598782,25.01200503410485,0.0,0.7260325028592299,0.7260325028592299,225.0,0.225,225.0,0.0,0.0,0.0,0.009,0.6666666666666666,0.0,0.0,0.6666666666666666,0.0,0.3333333333333333,0.0,99.1,0.0,0.8999999999999999,0.0,16,16.0,both,-0.1,-0.1,-0.1
dapper,congested,127,100.0,1000,25.067778068181923,34.00531179234195,34.71031183612322,34.99801668883106,25.067778068181923,0.0,0.7239904038714414,0.7239904038714414,200.0,0.2,200.0,0.0,0.0,0.0,0.008,0.875,0.0,0.0,0.875,0.0,0.125,0.0,99.2,0.0,0.8,0.0,12,12.0,both,-0.1,-0.1,-0.1
dapper,congested,128,100.0,1000,24.85704421534759,34.08647701991846,34.783499539553866,34.99302751306131,24.85704421534759,0.0,0.7235741311250974,0.7235741311250974,150.0,0.15,150.0,0.0,0.0,0.0,0.006,0.8333333333333334,0.0,0.0,0.8333333333333334,0.0,0.16666666666666666,0.0,99.4,0.0,0.6,0.0,10,10.0,both,-0.1,-0.1,-0.1
dapper,congested,129,100.0,1000,24.920063724669387,33.90591045177916,34.77957296022762,34.981958638619645,24.920063724669387,0.0,0.7225927676936471,0.7225927676936471,175.0,0.175,175.0,0.0,0.0,0.0,0.007,0.7142857142857143,0.0,0.0,0.7142857142857143,0.0,0.2857142857142857,0.0,99.3,0.0,0.7000000000000001,0.0,12,12.0,both,-0.1,-0.1,-0.1
dapper,variable,100,100.0,1000,20.082333632563778,33.68405315583439,34.83075224432718,118.8400067929382,22.11190912714196,0.001,0.7263537770163218,0.7302509601315672,9625.0,9.625,9625.0,0.283,0.214,0.0,0.385,0.9246753246753247,0.08571428571428572,0.033,0.8389610389610389,0.0,0.07532467532467532,0.0,40.1,0.3,38.2,21.4,392,392.0,both,-0.1,-0.1,-0.1
dapper,variable,101,100.0,1000,20.117446803682654,33.57870664183945,34.768603826022314,130.12421028394152,22.614269873838207,0.001,0.7273187255824614,0.7326137006281997,10950.0,10.95,10950.0,0.254,0.197,0.0,0.438,0.9406392694063926,0.0867579908675799,0.038,0.8538812785388128,0.0,0.0593607305936073,0.0,36.5,0.2,43.6,19.7,380,380.0,both,-0.1,-0.1,-0.1
dapper,variable,102,100.0,1000,21.802345648212846,33.952084801243224,34.85412725538718,34.995332379528136,24.62669876548578,0.0,0.7253222144276329,0.7324310347700966,11025.0,11.025,11025.0,0.164,0.128,0.0,0.441,0.8979591836734694,0.09523809523809523,0.042,0.8027210884353742,0.0,0.10204081632653061,0.0,43.1,0.0,44.1,12.8,351,351.0,both,-0.1,-0.1,-0.1
dapper,variable,103,100.0,1000,19.512093113412188,33.581179869308166,34.6745142049723,34.99051342908312,21.536858533775952,0.0,0.7264145780785138,0.7316018841146493,10475.0,10.475,10475.0,0.315,0.239,0.0,0.419,0.918854415274463,0.07159904534606205,0.03,0.847255369928401,0.0,0.081145584725537,0.0,34.2,0.0,41.9,23.9,389,389.0,both,-0.1,-0.1,-0.1
dapper,variable,104,100.0,1000,21.59641273718233,33.929643163445895,34.73237141367273,94.34988895399152,24.19286560109536,0.0,0.7275986974536933,0.7335000817049102,10650.0,10.65,10650.0,0.187,0.143,0.0,0.426,0.9342723004694836,0.09389671361502347,0.04,0.8403755868544601,0.0,0.06572769953051644,0.0,43.1,0.1,42.5,14.299999999999999,366,366.0,both,-0.1,-0.1,-0.1
dapper,variable,105,100.0,1000,20.409246302565197,33.52133876628223,34.7773651787171,34.98077376103997,23.376413958481,0.0,0.726150768098847,0.7330994621409599,10850.0,10.85,10850.0,0.238,0.184,0.0,0.434,0.9447004608294931,0.09907834101382489,0.043,0.8456221198156681,0.0,0.055299539170506916,0.0,38.2,0.0,43.4,18.4,366,366.0,both,-0.1,-0.1,-0.1
dapper,variable,106,100.0,1000,21.721622571190288,33.585798862209,34.69339334676836,81.70154707522526,24.252714976291177,0.0,0.725788848821428,0.7321018092197896,10850.0,10.85,10850.0,0.174,0.135,0.0,0.434,0.9377880184331797,0.09216589861751152,0.04,0.8456221198156681,0.0,0.06221198156682028,0.0,43.1,0.2,43.2,13.5,378,378.0,both,-0.1,-0.1,-0.1
dapper,variable,107,100.0,1000,20.234451338400376,33.6513949971422,34.722410045883045,34.98148819897819,22.468957915839745,0.0,0.7237161358789629,0.7289077856917393,9575.0,9.575,9575.0,0.254,0.194,0.0,0.383,0.9216710182767625,0.08616187989556136,0.033,0.835509138381201,0.0,0.0783289817232376,0.0,42.3,0.0,38.3,19.400000000000002,379,379.0,both,-0.1,-0.1,-0.1
dapper,variable,108,100.0,1000,20.480881005394448,33.99159903353784,34.77692101060002,34.94872090187498,23.301428970536026,0.0,0.7260048286422379,0.7332002127738215,10875.0,10.875,10875.0,0.26,0.196,0.0,0.435,0.9287356321839081,0.09655172413793103,0.042,0.832183908045977,0.0,0.07126436781609195,0.0,36.9,0.0,43.5,19.6,398,398.0,both,-0.1,-0.1,-0.1
dapper,variable,109,100.0,1000,21.210997956041414,33.76823065319891,34.76110730262953,34.98660651522982,23.060011675214664,0.0,0.7239038673745836,0.7281507289543079,10600.0,10.6,10600.0,0.203,0.156,0.0,0.424,0.9221698113207547,0.06367924528301887,0.027,0.8584905660377359,0.0,0.07783018867924528,0.0,42.0,0.0,42.4,15.6,385,385.0,both,-0.1,-0.1,-0.1
dapper,variable,110,100.0,1000,20.982663888093814,33.908831310824965,34.67822534775889,34.98146709760653,22.85841796982215,0.0,0.7252583766377324,0.7294279576298566,10625.0,10.625,10625.0,0.226,0.171,0.0,0.425,0.9341176470588235,0.06588235294117648,0.028,0.8682352941176471,0.0,0.06588235294117648,0.0,40.400000000000006,0.0,42.5,17.1,373,373.0,both,-0.1,-0.1,-0.1
dapper,variable,111,100.0,1000,21.16809675678184,33.79838354481562,34.723349040720166,34.97684653932659,23.915975824972563,0.0,0.7256479697289735,0.7320268540917734,10750.0,10.75,10750.0,0.215,0.165,0.0,0.43,0.9372093023255814,0.09534883720930233,0.041,0.8418604651162791,0.0,0.06279069767441861,0.0,40.5,0.0,43.0,16.5,366,366.0,both,-0.1,-0.1,-0.1
dapper,variable,112,100.0,1000,21.15428485790153,34.05730258463002,34.810685213855976,95.60692075800978,24.212262504548903,0.0,0.7289845658848524,0.7356621447394286,10475.0,10.475,10475.0,0.215,0.162,0.0,0.419,0.9331742243436754,0.10978520286396182,0.046,0.8233890214797136,0.0,0.06682577565632458,0.0,41.9,0.1,41.8,16.2,386,386.0,both,-0.1,-0.1,-0.1
dapper,variable,113,100.0,1000,21.450240509619704,33.6041055239902,34.85024032877786,99.37989474475414,22.939955530397988,0.0,0.7267782059381909,0.7299965758384606,10450.0,10.45,10450.0,0.195,0.148,0.0,0.418,0.937799043062201,0.05741626794258373,0.024,0.8803827751196173,0.0,0.06220095693779904,0.0,43.4,0.2,41.6,14.799999999999999,373,373.0,both,-0.1,-0.1,-0.1
dapper,variable,114,100.0,1000,19.70618947726072,33.53883646549626,34.61117657596823,65.01267859043493,21.825388136836153,0.0,0.7224712584917615,0.7273502718546296,9075.0,9.075,9075.0,0.265,0.204,0.0,0.363,0.928374655647383,0.0881542699724518,0.032,0.8402203856749312,0.0,0.07162534435261708,0.0,43.3,0.1,36.199999999999996,20.4,388,388.0,both,-0.1,-0.1,-0.1
dapper,variable,115,100.0,1000,21.567380453375492,33.364621656107765,34.63878908973307,71.38575394548876,24.614448169542587,0.0,0.7234800408735813,0.7307776646296632,10075.0,10.075,10075.0,0.173,0.134,0.0,0.403,0.913151364764268,0.11166253101736973,0.045,0.8014888337468983,0.0,0.08684863523573201,0.0,46.300000000000004,0.1,40.2,13.4,349,349.0,both,-0.1,-0.1,-0.1
dapper,variable,116,100.0,1000,20.906294903309245,33.98344969197258,34.76841725790863,34.94714462527301,22.74212994365831,0.0,0.7290119598437401,0.7338571453007148,9650.0,9.65,9650.0,0.236,0.181,0.0,0.386,0.9300518134715026,0.06994818652849741,0.027,0.8601036269430051,0.0,0.06994818652849741,0.0,43.3,0.0,38.6,18.099999999999998,383,383.0,both,-0.1,-0.1,-0.1
dapper,variable,117,100.0,1000,22.79278973468874,34.240173789397694,34.82080355680936,34.990866631104254,24.372803158761158,0.0,0.7236089220200427,0.7273205153550273,11825.0,11.825,11825.0,0.131,0.099,0.0,0.473,0.9217758985200846,0.048625792811839326,0.023,0.8731501057082452,0.0,0.07822410147991543,0.0,42.8,0.0,47.3,9.9,351,351.0,both,-0.1,-0.1,-0.1
dapper,variable,118,100.0,1000,21.19990772515089,33.5101571170854,34.37942051281876,34.868091607089696,24.795661088368785,0.0,0.7251742139285398,0.7332718839678496,11600.0,11.6,11600.0,0.193,0.148,0.0,0.464,0.9331896551724138,0.11206896551724138,0.052,0.8211206896551724,0.0,0.0668103448275862,0.0,38.800000000000004,0.0,46.400000000000006,14.799999999999999,383,383.0,both,-0.1,-0.1,-0.1
dapper,variable,119,100.0,1000,21.014738694675003,33.65904383541709,34.57959716197339,34.99635852821138,23.784886612310977,0.0,0.7246782245108351,0.7316367645275803,10325.0,10.325,10325.0,0.217,0.165,0.0,0.413,0.9225181598062954,0.09927360774818401,0.041,0.8232445520581114,0.0,0.0774818401937046,0.0,42.199999999999996,0.0,41.3,16.5,361,361.0,both,-0.1,-0.1,-0.1
dapper,variable,120,100.0,1000,21.852203797202325,34.03774592690324,34.76952915332794,127.93897519600993,24.372457436631947,0.002,0.7236302032790113,0.7284707189321465,12475.0,12.475,12475.0,0.18,0.133,0.0,0.499,0.9278557114228457,0.07414829659318638,0.037,0.8537074148296593,0.0,0.07214428857715431,0.0,36.8,0.2,49.7,13.3,357,357.0,both,-0.1,-0.1,-0.1
dapper,variable,121,100.0,1000,20.848443625543368,33.787801895819854,34.82555022218981,93.78460541874055,24.68125200719413,0.0,0.7247866654880621,0.7345887093906228,11450.0,11.45,11450.0,0.217,0.168,0.0,0.458,0.9279475982532751,0.12663755458515283,0.058,0.8013100436681223,0.0,0.07205240174672489,0.0,37.4,0.1,45.7,16.8,363,363.0,both,-0.1,-0.1,-0.1
dapper,variable,122,100.0,1000,21.16350775983448,33.694416258508085,34.631522901173106,34.97317679379236,24.26295773985177,0.0,0.7270704428833787,0.7339893009539761,10750.0,10.75,10750.0,0.196,0.15,0.0,0.43,0.9488372093023256,0.10465116279069768,0.045,0.8441860465116279,0.0,0.05116279069767442,0.0,42.0,0.0,43.0,15.0,369,369.0,both,-0.1,-0.1,-0.1
dapper,variable,123,100.0,1000,21.30395827805297,33.801331322992446,34.809655601331976,120.87930552377972,23.329844990129335,0.001,0.7285550370536011,0.7334064537941059,10075.0,10.075,10075.0,0.214,0.162,0.0,0.403,0.9354838709677419,0.0794044665012407,0.032,0.8560794044665012,0.0,0.06451612903225806,0.0,43.5,0.2,40.1,16.2,381,381.0,both,-0.1,-0.1,-0.1
dapper,variable,124,100.0,1000,21.732988484636902,33.61582768332837,34.67732058291188,34.996246009129095,23.750766552712175,0.0,0.7242599698219147,0.7290090601287487,12525.0,12.525,12525.0,0.169,0.132,0.0,0.501,0.9101796407185628,0.059880239520958084,0.03,0.8502994011976048,0.0,0.08982035928143713,0.0,36.7,0.0,50.1,13.200000000000001,369,369.0,both,-0.1,-0.1,-0.1
dapper,variable,125,100.0,1000,20.80303424039086,33.5821858336104,34.78089954500363,58.999224215844464,23.64318483654006,0.0,0.7247916875899626,0.7310543455649272,10875.0,10.875,10875.0,0.222,0.17,0.0,0.435,0.9287356321839081,0.09655172413793103,0.042,0.832183908045977,0.0,0.07126436781609195,0.0,39.5,0.1,43.4,17.0,391,391.0,both,-0.1,-0.1,-0.1
dapper,variable,126,100.0,1000,21.1478810158433,33.75159446968112,34.720173914570076,34.997585709381326,23.72466143080774,0.0,0.730137150017489,0.7363161985328225,10500.0,10.5,10500.0,0.21,0.163,0.0,0.42,0.9214285714285714,0.09285714285714286,0.039,0.8285714285714286,0.0,0.07857142857142857,0.0,41.699999999999996,0.0,42.0,16.3,409,409.0,both,-0.1,-0.1,-0.1
dapper,variable,127,100.0,1000,20.71779492129796,34.01155392391131,34.710521322396545,34.9805264786951,23.02161487856629,0.0,0.7255219403916765,0.7312200481640382,10375.0,10.375,10375.0,0.242,0.184,0.0,0.415,0.9542168674698795,0.07951807228915662,0.033,0.8746987951807229,0.0,0.04578313253012048,0.0,40.1,0.0,41.5,18.4,399,399.0,both,-0.1,-0.1,-0.1
dapper,variable,128,100.0,1000,19.610045047259096,33.63444553862527,34.724924465655434,34.96530254190218,21.62536846392843,0.0,0.7261744085071619,0.7302855686295497,9200.0,9.2,9200.0,0.277,0.213,0.0,0.368,0.9157608695652174,0.07880434782608696,0.029,0.8369565217391305,0.0,0.08423913043478261,0.0,41.9,0.0,36.8,21.3,375,375.0,both,-0.1,-0.1,-0.1
dapper,variable,129,100.0,1000,21.142862199957612,33.9582503842734,34.80037395267204,122.55153447106281,23.2026692952386,0.001,0.7216920602775155,0.7259796901537264,10275.0,10.275,10275.0,0.227,0.174,0.0,0.411,0.9343065693430657,0.07785888077858881,0.032,0.8564476885644768,0.0,0.06569343065693431,0.0,41.5,0.1,41.0,17.4,363,363.0,both,-0.1,-0.1,-0.1
dapper,stable,100,100.0,1000,25.279403323317702,33.96035223762113,34.73962355895296,34.988775105687154,51.53514833678389,0.0,0.7265268897628933,0.792417917211626,21350.0,21.35,21350.0,0.0,0.0,0.0,0.854,0.9918032786885246,0.4953161592505855,0.423,0.4964871194379391,0.0,0.00819672131147541,0.0,14.6,0.0,85.39999999999999,0.0,259,259.0,both,0.0,0.0,0.0
dapper,stable,101,100.0,1000,24.820657080469697,33.96040511204254,34.788072376532675,34.99828909781833,53.53675771177409,0.0,0.7249338588619687,0.7978649635318986,21700.0,21.7,21700.0,0.0,0.0,0.0,0.868,0.9896313364055299,0.5288018433179723,0.459,0.4608294930875576,0.0,0.010368663594470046,0.0,13.200000000000001,0.0,86.8,0.0,231,231.0,both,0.0,0.0,0.0
dapper,stable,102,100.0,1000,24.835880473076735,33.70682378335116,34.74818297607158,34.965240972972765,51.8627260021259,0.0,0.727324394359075,0.800034845226407,20900.0,20.9,20900.0,0.0,0.0,0.0,0.836,0.992822966507177,0.5263157894736842,0.44,0.4665071770334928,0.0,0.007177033492822967,0.0,16.400000000000002,0.0,83.6,0.0,284,284.0,both,0.0,0.0,0.0
dapper,stable,103,100.0,1000,24.972078044518216,34.293187186352334,34.89307765319619,34.99802137082616,53.372703891643845,0.0,0.7236659440861409,0.7991290672988378,21525.0,21.525,21525.0,0.0,0.0,0.0,0.861,0.9883855981416957,0.5342624854819977,0.46,0.454123112659698,0.0,0.011614401858304297,0.0,13.900000000000002,0.0,86.1,0.0,237,237.0,both,0.0,0.0,0.0
dapper,stable,104,100.0,1000,24.98622097286207,33.860115377670134,34.74837408619961,34.98656616097203,51.037343944723006,0.0,0.7240926018777877,0.7898578469524961,21900.0,21.9,21900.0,0.0,0.0,0.0,0.876,0.9920091324200914,0.4794520547945205,0.42,0.5125570776255708,0.0,0.007990867579908675,0.0,12.4,0.0,87.6,0.0,220,220.0,both,0.0,0.0,0.0
dapper,stable,105,100.0,1000,24.85634769037545,33.82025179084476,34.62504012903672,34.93314580405199,51.59710330911793,0.0,0.7262361051095783,0.7959250227091806,21250.0,21.25,21250.0,0.0,0.0,0.0,0.85,0.9905882352941177,0.5105882352941177,0.434,0.48,0.0,0.009411764705882352,0.0,15.0,0.0,85.0,0.0,256,256.0,both,0.0,0.0,0.0
dapper,stable,106,100.0,1000,24.716410963251104,33.86074949026578,34.68730165917939,34.933586993197196,52.69637342008328,0.0,0.7229428904328138,0.7962430814491968,21425.0,21.425,21425.0,0.0,0.0,0.0,0.857,0.9918319719953326,0.5227537922987164,0.448,0.4690781796966161,0.0,0.008168028004667444,0.0,14.299999999999999,0.0,85.7,0.0,252,252.0,both,0.0,0.0,0.0
dapper,stable,107,100.0,1000,24.88557902804772,33.83424628214373,34.89267109559948,34.9936438529993,53.380353744565205,0.0,0.7245133185042392,0.7993133636844371,22025.0,22.025,22025.0,0.0,0.0,0.0,0.881,0.9886492622020431,0.5187287173666288,0.457,0.4699205448354143,0.0,0.011350737797956867,0.0,11.899999999999999,0.0,88.1,0.0,198,198.0,both,0.0,0.0,0.0
dapper,stable,108,100.0,1000,25.235897183714567,34.2868707566229,34.87218349603604,34.989690121554816,51.92467360201944,0.0,0.7254394152220247,0.7967132376294662,21500.0,21.5,21500.0,0.0,0.0,0.0,0.86,0.9872093023255814,0.5023255813953489,0.432,0.4848837209302326,0.0,0.012790697674418604,0.0,14.000000000000002,0.0,86.0,0.0,231,231.0,both,0.0,0.0,0.0
dapper,stable,109,100.0,1000,25.268964708760926,34.15910526808331,34.79620852522923,34.94284900848466,51.53790445445115,0.0,0.7225069831603355,0.7908717000411818,21775.0,21.775,21775.0,0.0,0.0,0.0,0.871,0.9850746268656716,0.4845005740528129,0.422,0.5005740528128588,0.0,0.014925373134328358,0.0,12.9,0.0,87.1,0.0,228,228.0,both,0.0,0.0,0.0
dapper,stable,110,100.0,1000,24.978043487255007,33.957417382454665,34.80033649104111,34.99011804008187,51.64725260956925,0.0,0.7239727698806182,0.7935801521646344,21400.0,21.4,21400.0,0.0,0.0,0.0,0.856,0.985981308411215,0.5035046728971962,0.431,0.4824766355140187,0.0,0.014018691588785047,0.0,14.399999999999999,0.0,85.6,0.0,261,261.0,both,0.0,0.0,0.0
dapper,stable,111,100.0,1000,25.491345575881343,33.99942489704205,34.77294614292747,34.98882482505357,52.77932606666301,0.0,0.7264559107913696,0.7988751227250941,20975.0,20.975,20975.0,0.0,0.0,0.0,0.839,0.9916567342073898,0.5256257449344458,0.441,0.466030989272944,0.0,0.00834326579261025,0.0,16.1,0.0,83.89999999999999,0.0,276,276.0,both,0.0,0.0,0.0
dapper,stable,112,100.0,1000,25.044635098675773,33.93678625080242,34.80594764992258,34.978994945141224,52.774438295965986,0.0,0.7245903067601731,0.7942867336915719,21700.0,21.7,21700.0,0.0,0.0,0.0,0.868,0.9919354838709677,0.5103686635944701,0.443,0.4815668202764977,0.0,0.008064516129032258,0.0,13.200000000000001,0.0,86.8,0.0,220,220.0,both,0.0,0.0,0.0
dapper,stable,113,100.0,1000,24.924957379086543,33.92528008813723,34.852479041190236,34.99387303551587,50.565197370598845,0.0,0.725184772552611,0.7910288053494875,21600.0,21.6,21600.0,0.0,0.0,0.0,0.864,0.9826388888888888,0.48032407407407407,0.415,0.5023148148148148,0.0,0.017361111111111112,0.0,13.600000000000001,0.0,86.4,0.0,239,239.0,both,0.0,0.0,0.0
dapper,stable,114,100.0,1000,25.128438548268,33.86993382489312,34.786318253661975,34.99771913787838,53.866453690073165,0.0,0.7237524930795687,0.7977940224588013,21900.0,21.9,21900.0,0.0,0.0,0.0,0.876,0.9908675799086758,0.5308219178082192,0.465,0.4600456621004566,0.0,0.0091324200913242,0.0,12.4,0.0,87.6,0.0,214,214.0,both,0.0,0.0,0.0
dapper,stable,115,100.0,1000,25.094705607799348,34.162413089123824,34.74465384721523,34.970565607066455,51.94937303752475,0.0,0.7245886848920773,0.7944537871206474,21750.0,21.75,21750.0,0.0,0.0,0.0,0.87,0.9873563218390805,0.5011494252873563,0.436,0.4862068965517241,0.0,0.01264367816091954,0.0,13.0,0.0,87.0,0.0,219,219.0,both,0.0,0.0,0.0
dapper,stable,116,100.0,1000,25.028301912688907,34.05041769477859,34.88445460350265,34.99403448766891,54.211607535281885,0.0,0.7244573126145593,0.798391101095973,21750.0,21.75,21750.0,0.0,0.0,0.0,0.87,0.9942528735632183,0.5448275862068965,0.474,0.4494252873563218,0.0,0.005747126436781609,0.0,13.0,0.0,87.0,0.0,221,221.0,both,0.0,0.0,0.0
dapper,stable,117,100.0,1000,24.997182216762514,33.94211020128963,34.806950360419165,34.98156739475102,51.94396103000347,0.0,0.7238166310991714,0.7935256482510197,21850.0,21.85,21850.0,0.0,0.0,0.0,0.874,0.9862700228832952,0.4897025171624714,0.428,0.4965675057208238,0.0,0.013729977116704805,0.0,12.6,0.0,87.4,0.0,226,226.0,both,0.0,0.0,0.0
dapper,stable,118,100.0,1000,25.026589048763064,34.146334679362305,34.835239525322194,34.964244111574146,52.20873167600773,0.0,0.7280528994609765,0.7960765304196257,21475.0,21.475,21475.0,0.0,0.0,0.0,0.859,0.9906868451688009,0.5075669383003493,0.436,0.4831199068684517,0.0,0.009313154831199068,0.0,14.099999999999998,0.0,85.9,0.0,244,244.0,both,0.0,0.0,0.0
dapper,stable,119,100.0,1000,24.80107188012856,34.00280379558126,34.81754573602827,34.936826663719394,53.78667209236602,0.0,0.7243707963012889,0.799875204249307,21925.0,21.925,21925.0,0.0,0.0,0.0,0.877,0.9874572405929305,0.5324971493728621,0.467,0.4549600912200684,0.0,0.012542759407069556,0.0,12.3,0.0,87.7,0.0,228,228.0,both,0.0,0.0,0.0
dapper,stable,120,100.0,1000,25.000139802139184,33.83887438020657,34.75482963071029,34.96519781982063,52.586658253654925,0.0,0.7247996031934949,0.7950348677637523,21800.0,21.8,21800.0,0.0,0.0,0.0,0.872,0.9839449541284404,0.5103211009174312,0.445,0.4736238532110092,0.0,0.016055045871559634,0.0,12.8,0.0,87.2,0.0,212,212.0,both,0.0,0.0,0.0
dapper,stable,121,100.0,1000,24.870142370806825,34.08802278656587,34.79782372711737,34.96061084968983,51.218892289603616,0.0,0.7235062491591376,0.7917923991779289,21800.0,21.8,21800.0,0.0,0.0,0.0,0.872,0.9862385321100917,0.48394495412844035,0.422,0.5022935779816514,0.0,0.013761467889908258,0.0,12.8,0.0,87.2,0.0,219,219.0,both,0.0,0.0,0.0
dapper,stable,122,100.0,1000,24.829111935230273,33.958468133447,34.74506049633189,34.924143640943036,53.271418624119164,0.0,0.7259117747422895,0.7982645293058339,21950.0,21.95,21950.0,0.0,0.0,0.0,0.878,0.9886104783599089,0.5148063781321185,0.452,0.47380410022779046,0.0,0.011389521640091117,0.0,12.2,0.0,87.8,0.0,200,200.0,both,0.0,0.0,0.0
dapper,stable,123,100.0,1000,25.35470141463279,34.01400394209814,34.728637206489786,34.90743937957425,51.64158095400979,0.0,0.7231039957478556,0.7928850748486099,22225.0,22.225,22225.0,0.0,0.0,0.0,0.889,0.9820022497187851,0.4769403824521935,0.424,0.5050618672665916,0.0,0.01799775028121485,0.0,11.1,0.0,88.9,0.0,196,196.0,both,0.0,0.0,0.0
dapper,stable,124,100.0,1000,25.00583269004324,34.03261405514325,34.80612955591713,34.95256595801938,50.8126236179597,0.0,0.7270004160651047,0.7942088997255117,21000.0,21.0,21000.0,0.0,0.0,0.0,0.84,0.9928571428571429,0.49642857142857144,0.417,0.49642857142857144,0.0,0.007142857142857143,0.0,16.0,0.0,84.0,0.0,280,280.0,both,0.0,0.0,0.0
dapper,stable,125,100.0,1000,24.9867591189863,33.982185709447386,34.8021659840167,34.99165214842439,53.959249959158115,0.0,0.7268533605073024,0.7989657788847586,21650.0,21.65,21650.0,0.0,0.0,0.0,0.866,0.9919168591224018,0.5323325635103926,0.461,0.45958429561200925,0.0,0.008083140877598153,0.0,13.4,0.0,86.6,0.0,238,238.0,both,0.0,0.0,0.0
dapper,stable,126,100.0,1000,24.628886386363657,33.70638744138536,34.672811784104226,34.983867296625746,53.134621864449656,0.0,0.726794351381784,0.8009463128693688,21175.0,21.175,21175.0,0.0,0.0,0.0,0.847,0.9881936245572609,0.5419126328217237,0.459,0.4462809917355372,0.0,0.011806375442739079,0.0,15.299999999999999,0.0,84.7,0.0,252,252.0,both,0.0,0.0,0.0
dapper,stable,127,100.0,1000,25.164646066804526,34.17312143282042,34.80106095916998,34.970740898815485,54.30743225703345,0.0,0.7237258806201099,0.7969399991420358,22125.0,22.125,22125.0,0.0,0.0,0.0,0.885,0.9909604519774011,0.5276836158192091,0.467,0.4632768361581921,0.0,0.00903954802259887,0.0,11.5,0.0,88.5,0.0,207,207.0,both,0.0,0.0,0.0
dapper,stable,128,100.0,1000,25.178185128090664,33.92859815320874,34.67968897440042,34.972660274630584,53.589153958153254,0.0,0.7271450910033325,0.7988558762020542,21425.0,21.425,21425.0,0.0,0.0,0.0,0.857,0.9836639439906651,0.5309218203033839,0.455,0.45274212368728123,0.0,0.01633605600933489,0.0,14.299999999999999,0.0,85.7,0.0,237,237.0,both,0.0,0.0,0.0
dapper,stable,129,100.0,1000,25.217209562918274,34.07064808785484,34.83459462785327,34.9933571344785,53.065152250426124,0.0,0.722736266433297,0.7957788932941594,21825.0,21.825,21825.0,0.0,0.0,0.0,0.873,0.9896907216494846,0.5131729667812142,0.448,0.4765177548682703,0.0,0.010309278350515464,0.0,12.7,0.0,87.3,0.0,214,214.0,both,0.0,0.0,0.0
dapper,congested,100,100.0,1000,24.824557271985057,33.928407620489025,34.77556075006328,34.97404020175507,24.824557271985057,0.0,0.7231225654703062,0.7231225654703062,0.0,0.0,0.0,0.004,0.004,0.0,0.0,0.0,0.0,0.0,0.0,0.0,0.0,0.0,99.6,0.0,0.0,0.4,8,8.0,both,0.0,0.0,0.0
dapper,congested,101,100.0,1000,25.026673523971784,34.03466107987438,34.84243479054015,34.99327875607795,25.026673523971784,0.0,0.7239603822715144,0.7239603822715144,0.0,0.0,0.0,0.007,0.007,0.0,0.0,0.0,0.0,0.0,0.0,0.0,0.0,0.0,99.3,0.0,0.0,0.7000000000000001,12,12.0,both,0.0,0.0,0.0
dapper,congested,102,100.0,1000,24.829712790777762,33.96479457393766,34.69588731781126,34.989536221406055,24.829712790777762,0.0,0.7270052366898776,0.7270052366898776,0.0,0.0,0.0,0.008,0.008,0.0,0.0,0.0,0.0,0.0,0.0,0.0,0.0,0.0,99.2,0.0,0.0,0.8,14,14.0,both,0.0,0.0,0.0
dapper,congested,103,100.0,1000,24.892785643695664,34.09454856492267,34.78542999553827,34.985893217625524,24.892785643695664,0.0,0.7249187188165734,0.7249187188165734,0.0,0.0,0.0,0.006,0.006,0.0,0.0,0.0,0.0,0.0,0.0,0.0,0.0,0.0,99.4,0.0,0.0,0.6,12,12.0,both,0.0,0.0,0.0
dapper,congested,104,100.0,1000,24.77796847513708,33.81394766067372,34.81048977789511,34.94578824107255,24.77796847513708,0.0,0.7272547943451833,0.7272547943451833,0.0,0.0,0.0,0.008,0.008,0.0,0.0,0.0,0.0,0.0,0.0,0.0,0.0,0.0,99.2,0.0,0.0,0.8,14,14.0,both,0.0,0.0,0.0
dapper,congested,105,100.0,1000,24.677162661323955,34.007432758127685,34.86009343610894,34.98145078352877,24.677162661323955,0.0,0.7241646482306923,0.7241646482306923,25.0,0.025,25.0,0.008,0.008,0.0,0.001,1.0,0.0,0.0,1.0,0.0,0.0,0.0,99.1,0.0,0.1,0.8,14,14.0,both,0.0,0.0,0.0
dapper,congested,106,100.0,1000,24.772684967250918,33.98450796903268,34.753821099438774,34.98979405154197,24.772684967250918,0.0,0.7262080408789683,0.7262080408789683,0.0,0.0,0.0,0.007,0.007,0.0,0.0,0.0,0.0,0.0,0.0,0.0,0.0,0.0,99.3,0.0,0.0,0.7000000000000001,8,8.0,both,0.0,0.0,0.0
dapper,congested,107,100.0,1000,24.763848167260303,33.88426057014752,34.77470672268729,34.998762184541775,24.763848167260303,0.0,0.7257346306649486,0.7257346306649486,0.0,0.0,0.0,0.005,0.005,0.0,0.0,0.0,0.0,0.0,0.0,0.0,0.0,0.0,99.5,0.0,0.0,0.5,8,8.0,both,0.0,0.0,0.0
dapper,congested,108,100.0,1000,24.953177155047733,33.943119032195405,34.814499351033405,34.99655745974279,24.953177155047733,0.0,0.7244295155267036,0.7244295155267036,0.0,0.0,0.0,0.008,0.008,0.0,0.0,0.0,0.0,0.0,0.0,0.0,0.0,0.0,99.2,0.0,0.0,0.8,14,14.0,both,0.0,0.0,0.0
dapper,congested,109,100.0,1000,24.847059358357548,33.93181537323021,34.785030538309286,34.98925809716232,24.847059358357548,0.0,0.7234323551786083,0.7234323551786083,0.0,0.0,0.0,0.007,0.007,0.0,0.0,0.0,0.0,0.0,0.0,0.0,0.0,0.0,99.3,0.0,0.0,0.7000000000000001,10,10.0,both,0.0,0.0,0.0
dapper,congested,110,100.0,1000,24.70223165713215,33.71973175922034,34.60151524624712,34.90888622322395,24.70223165713215,0.0,0.7246938266396346,0.7246938266396346,0.0,0.0,0.0,0.005,0.005,0.0,0.0,0.0,0.0,0.0,0.0,0.0,0.0,0.0,99.5,0.0,0.0,0.5,8,8.0,both,0.0,0.0,0.0
dapper,congested,111,100.0,1000,24.94253826558974,33.995133250212476,34.74455155405684,34.96241421096305,24.94253826558974,0.0,0.7254545302713125,0.7254545302713125,0.0,0.0,0.0,0.008,0.008,0.0,0.0,0.0,0.0,0.0,0.0,0.0,0.0,0.0,99.2,0.0,0.0,0.8,14,14.0,both,0.0,0.0,0.0
dapper,congested,112,100.0,1000,24.86963877249279,33.90095224371657,34.76580213455383,34.985906989642146,24.86963877249279,0.0,0.7266076329631779,0.7266076329631779,0.0,0.0,0.0,0.013,0.013,0.0,0.0,0.0,0.0,0.0,0.0,0.0,0.0,0.0,98.7,0.0,0.0,1.3,18,18.0,both,0.0,0.0,0.0
dapper,congested,113,100.0,1000,24.72292431672843,33.938019364553725,34.77247181035648,34.98424994294581,24.72292431672843,0.0,0.7265134749764945,0.7265134749764945,0.0,0.0,0.0,0.007,0.007,0.0,0.0,0.0,0.0,0.0,0.0,0.0,0.0,0.0,99.3,0.0,0.0,0.7000000000000001,12,12.0,both,0.0,0.0,0.0
dapper,congested,114,100.0,1000,24.915906991902833,33.99518413696301,34.87476614646897,34.96282987218834,24.915906991902833,0.0,0.7286233928366593,0.7286233928366593,0.0,0.0,0.0,0.008,0.008,0.0,0.0,0.0,0.0,0.0,0.0,0.0,0.0,0.0,99.2,0.0,0.0,0.8,10,10.0,both,0.0,0.0,0.0
dapper,congested,115,100.0,1000,25.085740611498316,34.01033183391731,34.751795785617006,34.96593743598228,25.085740611498316,0.0,0.722824442674691,0.722824442674691,0.0,0.0,0.0,0.006,0.006,0.0,0.0,0.0,0.0,0.0,0.0,0.0,0.0,0.0,99.4,0.0,0.0,0.6,10,10.0,both,0.0,0.0,0.0
dapper,congested,116,100.0,1000,25.324934204252145,33.95730249293956,34.77240430108412,34.9771698353159,25.324934204252145,0.0,0.7260315559209485,0.7260315559209485,0.0,0.0,0.0,0.008,0.008,0.0,0.0,0.0,0.0,0.0,0.0,0.0,0.0,0.0,99.2,0.0,0.0,0.8,16,16.0,both,0.0,0.0,0.0
dapper,congested,117,100.0,1000,24.38620885543388,33.706919736517364,34.66361864084976,34.994340946660934,24.38620885543388,0.0,0.7253330615138619,0.7253330615138619,25.0,0.025,25.0,0.008,0.008,0.0,0.001,1.0,0.0,0.0,1.0,0.0,0.0,0.0,99.1,0.0,0.1,0.8,18,18.0,both,0.0,0.0,0.0
dapper,congested,118,100.0,1000,25.01023416650803,34.01490807545646,34.75940662114508,34.968506891824205,25.01023416650803,0.0,0.7268033495517163,0.7268033495517163,0.0,0.0,0.0,0.007,0.007,0.0,0.0,0.0,0.0,0.0,0.0,0.0,0.0,0.0,99.3,0.0,0.0,0.7000000000000001,12,12.0,both,0.0,0.0,0.0
dapper,congested,119,100.0,1000,25.237974362405513,33.930297923071485,34.79939395844596,34.97944595589328,25.237974362405513,0.0,0.7235998627315303,0.7235998627315303,0.0,0.0,0.0,0.005,0.005,0.0,0.0,0.0,0.0,0.0,0.0,0.0,0.0,0.0,99.5,0.0,0.0,0.5,8,8.0,both,0.0,0.0,0.0
dapper,congested,120,100.0,1000,24.770729236686982,33.99634834863332,34.78821886321599,34.985958566309606,24.770729236686982,0.0,0.724149083598059,0.724149083598059,0.0,0.0,0.0,0.008,0.008,0.0,0.0,0.0,0.0,0.0,0.0,0.0,0.0,0.0,99.2,0.0,0.0,0.8,16,16.0,both,0.0,0.0,0.0
dapper,congested,121,100.0,1000,24.670024513531853,33.750343569648706,34.75280697328194,34.996277370025744,24.670024513531853,0.0,0.7242193034879331,0.7242193034879331,0.0,0.0,0.0,0.006,0.006,0.0,0.0,0.0,0.0,0.0,0.0,0.0,0.0,0.0,99.4,0.0,0.0,0.6,10,10.0,both,0.0,0.0,0.0
dapper,congested,122,100.0,1000,24.53787182490916,33.83751458842038,34.770700984913006,34.91653465760954,24.53787182490916,0.0,0.726925307989091,0.726925307989091,0.0,0.0,0.0,0.013,0.013,0.0,0.0,0.0,0.0,0.0,0.0,0.0,0.0,0.0,98.7,0.0,0.0,1.3,14,14.0,both,0.0,0.0,0.0
dapper,congested,123,100.0,1000,24.972968667791022,34.0068905091913,34.771507219222585,34.98883073588995,24.972968667791022,0.0,0.7231981737549722,0.7231981737549722,0.0,0.0,0.0,0.002,0.002,0.0,0.0,0.0,0.0,0.0,0.0,0.0,0.0,0.0,99.8,0.0,0.0,0.2,4,4.0,both,0.0,0.0,0.0
dapper,congested,124,100.0,1000,24.68398444976012,33.74309287533703,34.66363593071505,34.94326242767353,24.68398444976012,0.0,0.7246698111318651,0.7246698111318651,0.0,0.0,0.0,0.006,0.006,0.0,0.0,0.0,0.0,0.0,0.0,0.0,0.0,0.0,99.4,0.0,0.0,0.6,10,10.0,both,0.0,0.0,0.0
dapper,congested,125,100.0,1000,24.725669553063664,34.05786747219948,34.83418763630404,34.99974319601896,24.725669553063664,0.0,0.7228975062228786,0.7228975062228786,25.0,0.025,25.0,0.012,0.012,0.0,0.001,1.0,0.0,0.0,1.0,0.0,0.0,0.0,98.7,0.0,0.1,1.2,16,16.0,both,0.0,0.0,0.0
dapper,congested,126,100.0,1000,24.961010734873252,33.97988585528562,34.774114294105054,34.99086328598782,24.961010734873252,0.0,0.7258907807888281,0.7258907807888281,0.0,0.0,0.0,0.002,0.002,0.0,0.0,0.0,0.0,0.0,0.0,0.0,0.0,0.0,99.8,0.0,0.0,0.2,4,4.0,both,0.0,0.0,0.0
dapper,congested,127,100.0,1000,24.79915459305446,33.97839515917549,34.71031183612322,34.99801668883106,24.79915459305446,0.0,0.7241769809830646,0.7241769809830646,0.0,0.0,0.0,0.01,0.01,0.0,0.0,0.0,0.0,0.0,0.0,0.0,0.0,0.0,99.0,0.0,0.0,1.0,18,18.0,both,0.0,0.0,0.0
dapper,congested,128,100.0,1000,24.671514882986425,34.08647701991846,34.783499539553866,34.99302751306131,24.671514882986425,0.0,0.72324842617587,0.72324842617587,0.0,0.0,0.0,0.008,0.008,0.0,0.0,0.0,0.0,0.0,0.0,0.0,0.0,0.0,99.2,0.0,0.0,0.8,12,12.0,both,0.0,0.0,0.0
dapper,congested,129,100.0,1000,24.599702966215787,33.90591045177916,34.77957296022762,34.981958638619645,24.599702966215787,0.0,0.7227863941222297,0.7227863941222297,0.0,0.0,0.0,0.013,0.013,0.0,0.0,0.0,0.0,0.0,0.0,0.0,0.0,0.0,98.7,0.0,0.0,1.3,20,20.0,both,0.0,0.0,0.0
dapper,variable,100,100.0,1000,19.847097399190012,33.61420558459003,34.76027410675784,34.95054826151675,21.97468170885308,0.0,0.7259116438296801,0.7309100495998946,5375.0,5.375,5375.0,0.284,0.216,0.0,0.215,0.9116279069767442,0.15348837209302327,0.033,0.7581395348837209,0.0,0.08837209302325581,0.0,56.89999999999999,0.0,21.5,21.6,342,342.0,both,0.0,0.0,0.0
dapper,variable,101,100.0,1000,19.873228370530978,33.51859359353788,34.716729365681125,34.99816501848515,22.429717590864318,0.0,0.7275598148950951,0.7338505135735993,6025.0,6.025,6025.0,0.256,0.2,0.0,0.241,0.9294605809128631,0.15767634854771784,0.038,0.7717842323651453,0.0,0.07053941908713693,0.0,55.900000000000006,0.0,24.099999999999998,20.0,331,331.0,both,0.0,0.0,0.0
dapper,variable,102,100.0,1000,21.725835154751234,33.952084801243224,34.85412725538718,34.995332379528136,24.55018827202417,0.0,0.7253923428217819,0.7325011631642455,6075.0,6.075,6075.0,0.167,0.131,0.0,0.243,0.9012345679012346,0.1728395061728395,0.042,0.7283950617283951,0.0,0.09876543209876543,0.0,62.6,0.0,24.3,13.100000000000001,304,304.0,both,0.0,0.0,0.0
dapper,variable,103,100.0,1000,19.512093113412188,33.581179869308166,34.6745142049723,34.99051342908312,21.536858533775952,0.0,0.7264145780785138,0.7316018841146493,5975.0,5.975,5975.0,0.315,0.239,0.0,0.239,0.9079497907949791,0.12552301255230125,0.03,0.7824267782426778,0.0,0.09205020920502092,0.0,52.2,0.0,23.9,23.9,358,358.0,both,0.0,0.0,0.0
dapper,variable,104,100.0,1000,21.518439904160722,33.92297556550541,34.71580596411837,34.944614204784195,24.19286560109536,0.0,0.727405744674525,0.7335000817049102,5675.0,5.675,5675.0,0.187,0.143,0.0,0.227,0.920704845814978,0.1762114537444934,0.04,0.7444933920704846,0.0,0.07929515418502203,0.0,63.0,0.0,22.7,14.299999999999999,297,297.0,both,0.0,0.0,0.0
dapper,variable,105,100.0,1000,20.409246302565197,33.52133876628223,34.7773651787171,34.98077376103997,23.376413958481,0.0,0.726150768098847,0.7330994621409599,6100.0,6.1,6100.0,0.238,0.184,0.0,0.244,0.9467213114754098,0.1762295081967213,0.043,0.7704918032786885,0.0,0.05327868852459016,0.0,57.199999999999996,0.0,24.4,18.4,334,334.0,both,0.0,0.0,0.0
dapper,variable,106,100.0,1000,21.59372391817589,33.5305156645498,34.67586933903363,34.993851868805095,24.22464112131524,0.0,0.7255234671581106,0.7321782081483472,5525.0,5.525,5525.0,0.175,0.136,0.0,0.221,0.9366515837104072,0.18099547511312217,0.04,0.755656108597285,0.0,0.06334841628959276,0.0,64.3,0.0,22.1,13.600000000000001,290,290.0,both,0.0,0.0,0.0
dapper,variable,107,100.0,1000,20.056441701403287,33.56666120695883,34.6268453225655,34.98148819897819,22.290948278842663,0.0,0.7240116849833446,0.729203334796121,4925.0,4.925,4925.0,0.261,0.201,0.0,0.197,0.9137055837563451,0.16751269035532995,0.033,0.7461928934010152,0.0,0.08629441624365482,0.0,60.199999999999996,0.0,19.7,20.1,301,301.0,both,0.0,0.0,0.0
dapper,variable,108,100.0,1000,20.480881005394448,33.99159903353784,34.77692101060002,34.94872090187498,23.301428970536026,0.0,0.7260048286422379,0.7332002127738215,6000.0,6.0,6000.0,0.26,0.196,0.0,0.24,0.925,0.175,0.042,0.75,0.0,0.075,0.0,56.39999999999999,0.0,24.0,19.6,334,334.0,both,0.0,0.0,0.0
dapper,variable,109,100.0,1000,21.210997956041414,33.76823065319891,34.76110730262953,34.98660651522982,23.060011675214664,0.0,0.7239038673745836,0.7281507289543079,5375.0,5.375,5375.0,0.203,0.156,0.0,0.215,0.9348837209302325,0.12558139534883722,0.027,0.8093023255813954,0.0,0.06511627906976744,0.0,62.9,0.0,21.5,15.6,311,311.0,both,0.0,0.0,0.0
dapper,variable,110,100.0,1000,20.982663888093814,33.908831310824965,34.67822534775889,34.98146709760653,22.85841796982215,0.0,0.7252583766377324,0.7294279576298566,5500.0,5.5,5500.0,0.226,0.171,0.0,0.22,0.9181818181818182,0.12727272727272726,0.028,0.7909090909090909,0.0,0.08181818181818182,0.0,60.9,0.0,22.0,17.1,315,315.0,both,0.0,0.0,0.0
dapper,variable,111,100.0,1000,21.15036747714493,33.79838354481562,34.723349040720166,34.97684653932659,23.898246545335653,0.0,0.7257443855359366,0.7321232698987364,6050.0,6.05,6050.0,0.216,0.166,0.0,0.242,0.9297520661157025,0.16942148760330578,0.041,0.7603305785123967,0.0,0.07024793388429752,0.0,59.199999999999996,0.0,24.2,16.6,312,312.0,both,0.0,0.0,0.0
dapper,variable,112,100.0,1000,21.078172240720427,34.0565418294024,34.79412676903375,34.95854802039493,24.212262504548903,0.0,0.728773769620013,0.7356621447394286,6425.0,6.425,6425.0,0.215,0.162,0.0,0.257,0.9455252918287937,0.17898832684824903,0.046,0.7665369649805448,0.0,0.054474708171206226,0.0,58.099999999999994,0.0,25.7,16.2,324,324.0,both,0.0,0.0,0.0
dapper,variable,113,100.0,1000,21.273906223598555,33.57682626381407,34.78843892853948,34.96829040868747,22.896912929005918,0.0,0.7263068757945752,0.7298801650003229,5800.0,5.8,5800.0,0.197,0.15,0.0,0.232,0.9396551724137931,0.10344827586206896,0.024,0.8362068965517241,0.0,0.0603448275862069,0.0,61.8,0.0,23.200000000000003,15.0,301,301.0,both,0.0,0.0,0.0
dapper,variable,114,100.0,1000,19.651478679764644,33.53883646549626,34.61117657596823,34.99588156157893,21.80082481738994,0.0,0.7222741502329159,0.7272650507331792,4450.0,4.45,4450.0,0.266,0.205,0.0,0.178,0.9044943820224719,0.1797752808988764,0.032,0.7247191011235955,0.0,0.09550561797752809,0.0,61.7,0.0,17.8,20.5,333,333.0,both,0.0,0.0,0.0
dapper,variable,115,100.0,1000,21.45827282696581,33.34691437699113,34.626745067103904,34.87718954629805,24.548942824019623,0.0,0.7230935571850724,0.7305974128658156,5350.0,5.35,5350.0,0.176,0.137,0.0,0.214,0.9065420560747663,0.2102803738317757,0.045,0.6962616822429907,0.0,0.09345794392523364,0.0,64.9,0.0,21.4,13.700000000000001,290,290.0,both,0.0,0.0,0.0
dapper,variable,116,100.0,1000,20.840460970931165,33.98344969197258,34.76841725790863,34.94714462527301,22.676296011280233,0.0,0.7289372186607409,0.7337824041177154,4900.0,4.9,4900.0,0.239,0.184,0.0,0.196,0.9336734693877551,0.1377551020408163,0.027,0.7959183673469388,0.0,0.0663265306122449,0.0,62.0,0.0,19.6,18.4,294,294.0,both,0.0,0.0,0.0
dapper,variable,117,100.0,1000,22.76021868961211,34.240173789397694,34.82080355680936,34.990866631104254,24.340232113684532,0.0,0.7236897900442029,0.7274013833791875,6150.0,6.15,6150.0,0.132,0.1,0.0,0.246,0.9146341463414634,0.09349593495934959,0.023,0.8211382113821138,0.0,0.08536585365853659,0.0,65.4,0.0,24.6,10.0,296,296.0,both,0.0,0.0,0.0
dapper,variable,118,100.0,1000,21.19990772515089,33.5101571170854,34.37942051281876,34.868091607089696,24.795661088368785,0.0,0.7251742139285398,0.7332718839678496,6650.0,6.65,6650.0,0.193,0.148,0.0,0.266,0.9323308270676691,0.19548872180451127,0.052,0.7368421052631579,0.0,0.06766917293233082,0.0,58.599999999999994,0.0,26.6,14.799999999999999,320,320.0,both,0.0,0.0,0.0
dapper,variable,119,100.0,1000,20.98980792595105,33.65904383541709,34.57959716197339,34.99635852821138,23.759955843587026,0.0,0.7248011782863056,0.731759718303051,5900.0,5.9,5900.0,0.218,0.166,0.0,0.236,0.9279661016949152,0.17372881355932204,0.041,0.7542372881355932,0.0,0.07203389830508475,0.0,59.8,0.0,23.599999999999998,16.6,303,303.0,both,0.0,0.0,0.0
dapper,variable,120,100.0,1000,21.637219680970638,33.96526001626422,34.71258654891299,34.99491157025027,24.157473320400253,0.0,0.7236256274039456,0.7299055176505913,7075.0,7.075,7075.0,0.179,0.134,0.0,0.283,0.9399293286219081,0.13074204946996468,0.037,0.8091872791519434,0.0,0.06007067137809187,0.0,58.3,0.0,28.299999999999997,13.4,319,319.0,both,0.0,0.0,0.0
dapper,variable,121,100.0,1000,20.769854338698046,33.76407787463392,34.80089032279628,34.994688323129196,24.68125200719413,0.0,0.7246801812954811,0.7345887093906228,6775.0,6.775,6775.0,0.217,0.168,0.0,0.271,0.948339483394834,0.2140221402214022,0.058,0.7343173431734318,0.0,0.05166051660516605,0.0,56.10000000000001,0.0,27.1,16.8,311,311.0,both,0.0,0.0,0.0
dapper,variable,122,100.0,1000,21.13175821444513,33.694416258508085,34.631522901173106,34.97317679379236,24.23120819446242,0.0,0.727101792089757,0.7340206501603544,5650.0,5.65,5650.0,0.197,0.151,0.0,0.226,0.9557522123893806,0.19911504424778761,0.045,0.7566371681415929,0.0,0.04424778761061947,0.0,62.3,0.0,22.6,15.1,312,312.0,both,0.0,0.0,0.0
dapper,variable,123,100.0,1000,21.09321361110236,33.79103353765298,34.79488657343286,34.98222422308634,23.181419503996473,0.0,0.7282104611957531,0.7339684088091011,5550.0,5.55,5550.0,0.215,0.164,0.0,0.222,0.9369369369369369,0.14414414414414414,0.032,0.7927927927927928,0.0,0.06306306306306306,0.0,61.4,0.0,22.2,16.400000000000002,318,318.0,both,0.0,0.0,0.0
dapper,variable,124,100.0,1000,21.732988484636902,33.61582768332837,34.67732058291188,34.996246009129095,23.750766552712175,0.0,0.7242599698219147,0.7290090601287487,6700.0,6.7,6700.0,0.169,0.132,0.0,0.268,0.8955223880597015,0.11194029850746269,0.03,0.7835820895522388,0.0,0.1044776119402985,0.0,60.0,0.0,26.8,13.200000000000001,338,338.0,both,0.0,0.0,0.0
dapper,variable,125,100.0,1000,20.769788307085673,33.55572104656107,34.7780426012565,34.94952031560075,23.64318483654006,0.0,0.7246252838037862,0.7310543455649272,5925.0,5.925,5925.0,0.222,0.17,0.0,0.237,0.9409282700421941,0.17721518987341772,0.042,0.7637130801687764,0.0,0.05907172995780591,0.0,59.3,0.0,23.7,17.0,320,320.0,both,0.0,0.0,0.0
dapper,variable,126,100.0,1000,21.1478810158433,33.75159446968112,34.720173914570076,34.997585709381326,23.72466143080774,0.0,0.730137150017489,0.7363161985328225,5775.0,5.775,5775.0,0.21,0.163,0.0,0.231,0.9307359307359307,0.16883116883116883,0.039,0.7619047619047619,0.0,0.06926406926406926,0.0,60.6,0.0,23.1,16.3,315,315.0,both,0.0,0.0,0.0
dapper,variable,127,100.0,1000,20.660215773075464,34.01155392391131,34.710521322396545,34.9805264786951,22.9640357303438,0.0,0.7254115546748069,0.7311096624471685,5750.0,5.75,5750.0,0.245,0.187,0.0,0.23,0.9521739130434783,0.14347826086956522,0.033,0.808695652173913,0.0,0.04782608695652174,0.0,58.3,0.0,23.0,18.7,329,329.0,both,0.0,0.0,0.0
dapper,variable,128,100.0,1000,19.588881490818014,33.63444553862527,34.724924465655434,34.96530254190218,21.60420490748735,0.0,0.7261101277963585,0.7302212879187465,4475.0,4.475,4475.0,0.278,0.214,0.0,0.179,0.9162011173184358,0.16201117318435754,0.029,0.7541899441340782,0.0,0.08379888268156424,0.0,60.699999999999996,0.0,17.9,21.4,299,299.0,both,0.0,0.0,0.0
dapper,variable,129,100.0,1000,21.009790891695804,33.95183803633796,34.77333674805944,34.967648156933706,23.06959798697679,0.0,0.7216296347896245,0.7265740112000998,5425.0,5.425,5425.0,0.227,0.175,0.0,0.217,0.9447004608294931,0.14746543778801843,0.032,0.7972350230414746,0.0,0.055299539170506916,0.0,60.8,0.0,21.7,17.5,312,312.0,both,0.0,0.0,0.0
dapper,stable,100,100.0,1000,25.279403323317702,33.96035223762113,34.73962355895296,34.988775105687154,51.53514833678389,0.0,0.7265268897628933,0.792417917211626,21350.0,21.35,21350.0,0.0,0.0,0.0,0.854,0.9918032786885246,0.4953161592505855,0.423,0.4964871194379391,0.0,0.00819672131147541,0.0,14.6,0.0,85.39999999999999,0.0,259,259.0,both,0.1,0.1,0.1
dapper,stable,101,100.0,1000,24.820657080469697,33.96040511204254,34.788072376532675,34.99828909781833,53.53675771177409,0.0,0.7249338588619687,0.7978649635318986,21700.0,21.7,21700.0,0.0,0.0,0.0,0.868,0.9896313364055299,0.5288018433179723,0.459,0.4608294930875576,0.0,0.010368663594470046,0.0,13.200000000000001,0.0,86.8,0.0,231,231.0,both,0.1,0.1,0.1
dapper,stable,102,100.0,1000,24.835880473076735,33.70682378335116,34.74818297607158,34.965240972972765,51.8627260021259,0.0,0.727324394359075,0.800034845226407,20900.0,20.9,20900.0,0.0,0.0,0.0,0.836,0.992822966507177,0.5263157894736842,0.44,0.4665071770334928,0.0,0.007177033492822967,0.0,16.400000000000002,0.0,83.6,0.0,284,284.0,both,0.1,0.1,0.1
dapper,stable,103,100.0,1000,24.972078044518216,34.293187186352334,34.89307765319619,34.99802137082616,53.372703891643845,0.0,0.7236659440861409,0.7991290672988378,21525.0,21.525,21525.0,0.0,0.0,0.0,0.861,0.9883855981416957,0.5342624854819977,0.46,0.454123112659698,0.0,0.011614401858304297,0.0,13.900000000000002,0.0,86.1,0.0,237,237.0,both,0.1,0.1,0.1
dapper,stable,104,100.0,1000,24.98622097286207,33.860115377670134,34.74837408619961,34.98656616097203,51.037343944723006,0.0,0.7240926018777877,0.7898578469524961,21900.0,21.9,21900.0,0.0,0.0,0.0,0.876,0.9920091324200914,0.4794520547945205,0.42,0.5125570776255708,0.0,0.007990867579908675,0.0,12.4,0.0,87.6,0.0,220,220.0,both,0.1,0.1,0.1
dapper,stable,105,100.0,1000,24.85634769037545,33.82025179084476,34.62504012903672,34.93314580405199,51.59710330911793,0.0,0.7262361051095783,0.7959250227091806,21250.0,21.25,21250.0,0.0,0.0,0.0,0.85,0.9905882352941177,0.5105882352941177,0.434,0.48,0.0,0.009411764705882352,0.0,15.0,0.0,85.0,0.0,256,256.0,both,0.1,0.1,0.1
dapper,stable,106,100.0,1000,24.716410963251104,33.86074949026578,34.68730165917939,34.933586993197196,52.69637342008328,0.0,0.7229428904328138,0.7962430814491968,21425.0,21.425,21425.0,0.0,0.0,0.0,0.857,0.9918319719953326,0.5227537922987164,0.448,0.4690781796966161,0.0,0.008168028004667444,0.0,14.299999999999999,0.0,85.7,0.0,252,252.0,both,0.1,0.1,0.1
dapper,stable,107,100.0,1000,24.88557902804772,33.83424628214373,34.89267109559948,34.9936438529993,53.380353744565205,0.0,0.7245133185042392,0.7993133636844371,22025.0,22.025,22025.0,0.0,0.0,0.0,0.881,0.9886492622020431,0.5187287173666288,0.457,0.4699205448354143,0.0,0.011350737797956867,0.0,11.899999999999999,0.0,88.1,0.0,198,198.0,both,0.1,0.1,0.1
dapper,stable,108,100.0,1000,25.235897183714567,34.2868707566229,34.87218349603604,34.989690121554816,51.92467360201944,0.0,0.7254394152220247,0.7967132376294662,21500.0,21.5,21500.0,0.0,0.0,0.0,0.86,0.9872093023255814,0.5023255813953489,0.432,0.4848837209302326,0.0,0.012790697674418604,0.0,14.000000000000002,0.0,86.0,0.0,231,231.0,both,0.1,0.1,0.1
dapper,stable,109,100.0,1000,25.268964708760926,34.15910526808331,34.79620852522923,34.94284900848466,51.53790445445115,0.0,0.7225069831603355,0.7908717000411818,21775.0,21.775,21775.0,0.0,0.0,0.0,0.871,0.9850746268656716,0.4845005740528129,0.422,0.5005740528128588,0.0,0.014925373134328358,0.0,12.9,0.0,87.1,0.0,228,228.0,both,0.1,0.1,0.1
dapper,stable,110,100.0,1000,24.978043487255007,33.957417382454665,34.80033649104111,34.99011804008187,51.64725260956925,0.0,0.7239727698806182,0.7935801521646344,21400.0,21.4,21400.0,0.0,0.0,0.0,0.856,0.985981308411215,0.5035046728971962,0.431,0.4824766355140187,0.0,0.014018691588785047,0.0,14.399999999999999,0.0,85.6,0.0,261,261.0,both,0.1,0.1,0.1
dapper,stable,111,100.0,1000,25.491345575881343,33.99942489704205,34.77294614292747,34.98882482505357,52.77932606666301,0.0,0.7264559107913696,0.7988751227250941,20975.0,20.975,20975.0,0.0,0.0,0.0,0.839,0.9916567342073898,0.5256257449344458,0.441,0.466030989272944,0.0,0.00834326579261025,0.0,16.1,0.0,83.89999999999999,0.0,276,276.0,both,0.1,0.1,0.1
dapper,stable,112,100.0,1000,25.044635098675773,33.93678625080242,34.80594764992258,34.978994945141224,52.774438295965986,0.0,0.7245903067601731,0.7942867336915719,21700.0,21.7,21700.0,0.0,0.0,0.0,0.868,0.9919354838709677,0.5103686635944701,0.443,0.4815668202764977,0.0,0.008064516129032258,0.0,13.200000000000001,0.0,86.8,0.0,220,220.0,both,0.1,0.1,0.1
dapper,stable,113,100.0,1000,24.924957379086543,33.92528008813723,34.852479041190236,34.99387303551587,50.565197370598845,0.0,0.725184772552611,0.7910288053494875,21600.0,21.6,21600.0,0.0,0.0,0.0,0.864,0.9826388888888888,0.48032407407407407,0.415,0.5023148148148148,0.0,0.017361111111111112,0.0,13.600000000000001,0.0,86.4,0.0,239,239.0,both,0.1,0.1,0.1
dapper,stable,114,100.0,1000,25.128438548268,33.86993382489312,34.786318253661975,34.99771913787838,53.866453690073165,0.0,0.7237524930795687,0.7977940224588013,21900.0,21.9,21900.0,0.0,0.0,0.0,0.876,0.9908675799086758,0.5308219178082192,0.465,0.4600456621004566,0.0,0.0091324200913242,0.0,12.4,0.0,87.6,0.0,214,214.0,both,0.1,0.1,0.1
dapper,stable,115,100.0,1000,25.094705607799348,34.162413089123824,34.74465384721523,34.970565607066455,51.94937303752475,0.0,0.7245886848920773,0.7944537871206474,21750.0,21.75,21750.0,0.0,0.0,0.0,0.87,0.9873563218390805,0.5011494252873563,0.436,0.4862068965517241,0.0,0.01264367816091954,0.0,13.0,0.0,87.0,0.0,219,219.0,both,0.1,0.1,0.1
dapper,stable,116,100.0,1000,25.028301912688907,34.05041769477859,34.88445460350265,34.99403448766891,54.211607535281885,0.0,0.7244573126145593,0.798391101095973,21750.0,21.75,21750.0,0.0,0.0,0.0,0.87,0.9942528735632183,0.5448275862068965,0.474,0.4494252873563218,0.0,0.005747126436781609,0.0,13.0,0.0,87.0,0.0,221,221.0,both,0.1,0.1,0.1
dapper,stable,117,100.0,1000,24.997182216762514,33.94211020128963,34.806950360419165,34.98156739475102,51.94396103000347,0.0,0.7238166310991714,0.7935256482510197,21850.0,21.85,21850.0,0.0,0.0,0.0,0.874,0.9862700228832952,0.4897025171624714,0.428,0.4965675057208238,0.0,0.013729977116704805,0.0,12.6,0.0,87.4,0.0,226,226.0,both,0.1,0.1,0.1
dapper,stable,118,100.0,1000,25.026589048763064,34.146334679362305,34.835239525322194,34.964244111574146,52.20873167600773,0.0,0.7280528994609765,0.7960765304196257,21475.0,21.475,21475.0,0.0,0.0,0.0,0.859,0.9906868451688009,0.5075669383003493,0.436,0.4831199068684517,0.0,0.009313154831199068,0.0,14.099999999999998,0.0,85.9,0.0,244,244.0,both,0.1,0.1,0.1
dapper,stable,119,100.0,1000,24.80107188012856,34.00280379558126,34.81754573602827,34.936826663719394,53.78667209236602,0.0,0.7243707963012889,0.799875204249307,21925.0,21.925,21925.0,0.0,0.0,0.0,0.877,0.9874572405929305,0.5324971493728621,0.467,0.4549600912200684,0.0,0.012542759407069556,0.0,12.3,0.0,87.7,0.0,228,228.0,both,0.1,0.1,0.1
dapper,stable,120,100.0,1000,25.000139802139184,33.83887438020657,34.75482963071029,34.96519781982063,52.586658253654925,0.0,0.7247996031934949,0.7950348677637523,21800.0,21.8,21800.0,0.0,0.0,0.0,0.872,0.9839449541284404,0.5103211009174312,0.445,0.4736238532110092,0.0,0.016055045871559634,0.0,12.8,0.0,87.2,0.0,212,212.0,both,0.1,0.1,0.1
dapper,stable,121,100.0,1000,24.870142370806825,34.08802278656587,34.79782372711737,34.96061084968983,51.218892289603616,0.0,0.7235062491591376,0.7917923991779289,21800.0,21.8,21800.0,0.0,0.0,0.0,0.872,0.9862385321100917,0.48394495412844035,0.422,0.5022935779816514,0.0,0.013761467889908258,0.0,12.8,0.0,87.2,0.0,219,219.0,both,0.1,0.1,0.1
dapper,stable,122,100.0,1000,24.829111935230273,33.958468133447,34.74506049633189,34.924143640943036,53.271418624119164,0.0,0.7259117747422895,0.7982645293058339,21950.0,21.95,21950.0,0.0,0.0,0.0,0.878,0.9886104783599089,0.5148063781321185,0.452,0.47380410022779046,0.0,0.011389521640091117,0.0,12.2,0.0,87.8,0.0,200,200.0,both,0.1,0.1,0.1
dapper,stable,123,100.0,1000,25.35470141463279,34.01400394209814,34.728637206489786,34.90743937957425,51.64158095400979,0.0,0.7231039957478556,0.7928850748486099,22225.0,22.225,22225.0,0.0,0.0,0.0,0.889,0.9820022497187851,0.4769403824521935,0.424,0.5050618672665916,0.0,0.01799775028121485,0.0,11.1,0.0,88.9,0.0,196,196.0,both,0.1,0.1,0.1
dapper,stable,124,100.0,1000,25.00583269004324,34.03261405514325,34.80612955591713,34.95256595801938,50.8126236179597,0.0,0.7270004160651047,0.7942088997255117,21000.0,21.0,21000.0,0.0,0.0,0.0,0.84,0.9928571428571429,0.49642857142857144,0.417,0.49642857142857144,0.0,0.007142857142857143,0.0,16.0,0.0,84.0,0.0,280,280.0,both,0.1,0.1,0.1
dapper,stable,125,100.0,1000,24.9867591189863,33.982185709447386,34.8021659840167,34.99165214842439,53.959249959158115,0.0,0.7268533605073024,0.7989657788847586,21650.0,21.65,21650.0,0.0,0.0,0.0,0.866,0.9919168591224018,0.5323325635103926,0.461,0.45958429561200925,0.0,0.008083140877598153,0.0,13.4,0.0,86.6,0.0,238,238.0,both,0.1,0.1,0.1
dapper,stable,126,100.0,1000,24.628886386363657,33.70638744138536,34.672811784104226,34.983867296625746,53.134621864449656,0.0,0.726794351381784,0.8009463128693688,21175.0,21.175,21175.0,0.0,0.0,0.0,0.847,0.9881936245572609,0.5419126328217237,0.459,0.4462809917355372,0.0,0.011806375442739079,0.0,15.299999999999999,0.0,84.7,0.0,252,252.0,both,0.1,0.1,0.1
dapper,stable,127,100.0,1000,25.164646066804526,34.17312143282042,34.80106095916998,34.970740898815485,54.30743225703345,0.0,0.7237258806201099,0.7969399991420358,22125.0,22.125,22125.0,0.0,0.0,0.0,0.885,0.9909604519774011,0.5276836158192091,0.467,0.4632768361581921,0.0,0.00903954802259887,0.0,11.5,0.0,88.5,0.0,207,207.0,both,0.1,0.1,0.1
dapper,stable,128,100.0,1000,25.178185128090664,33.92859815320874,34.67968897440042,34.972660274630584,53.589153958153254,0.0,0.7271450910033325,0.7988558762020542,21425.0,21.425,21425.0,0.0,0.0,0.0,0.857,0.9836639439906651,0.5309218203033839,0.455,0.45274212368728123,0.0,0.01633605600933489,0.0,14.299999999999999,0.0,85.7,0.0,237,237.0,both,0.1,0.1,0.1
dapper,stable,129,100.0,1000,25.217209562918274,34.07064808785484,34.83459462785327,34.9933571344785,53.065152250426124,0.0,0.722736266433297,0.7957788932941594,21825.0,21.825,21825.0,0.0,0.0,0.0,0.873,0.9896907216494846,0.5131729667812142,0.448,0.4765177548682703,0.0,0.010309278350515464,0.0,12.7,0.0,87.3,0.0,214,214.0,both,0.1,0.1,0.1
dapper,congested,100,100.0,1000,22.634553642810786,33.68806482643059,34.75681430525194,34.97404020175507,22.634553642810786,0.0,0.7226184075881795,0.7226184075881795,0.0,0.0,0.0,0.1,0.097,0.0,0.0,0.0,0.0,0.0,0.0,0.0,0.0,0.0,90.0,0.0,0.0,10.0,132,132.0,both,0.1,0.1,0.1
dapper,congested,101,100.0,1000,23.177152384952212,33.961540053354156,34.837903869816294,34.99327875607795,23.177152384952212,0.0,0.7240654103731038,0.7240654103731038,0.0,0.0,0.0,0.088,0.085,0.0,0.0,0.0,0.0,0.0,0.0,0.0,0.0,0.0,91.2,0.0,0.0,8.799999999999999,112,112.0,both,0.1,0.1,0.1
dapper,congested,102,100.0,1000,23.53506179348024,33.90569981409746,34.69588731781126,34.989536221406055,23.53506179348024,0.0,0.7267031995525667,0.7267031995525667,0.0,0.0,0.0,0.064,0.061,0.0,0.0,0.0,0.0,0.0,0.0,0.0,0.0,0.0,93.60000000000001,0.0,0.0,6.4,90,90.0,both,0.1,0.1,0.1
dapper,congested,103,100.0,1000,23.561173133343704,34.06444873289046,34.78047856031671,34.985893217625524,23.561173133343704,0.0,0.724965886129569,0.724965886129569,0.0,0.0,0.0,0.067,0.064,0.0,0.0,0.0,0.0,0.0,0.0,0.0,0.0,0.0,93.30000000000001,0.0,0.0,6.7,88,88.0,both,0.1,0.1,0.1
dapper,congested,104,100.0,1000,22.90874554164362,33.6168448735883,34.78581942808879,34.94578824107255,22.90874554164362,0.0,0.7286260024210167,0.7286260024210167,0.0,0.0,0.0,0.087,0.081,0.0,0.0,0.0,0.0,0.0,0.0,0.0,0.0,0.0,91.3,0.0,0.0,8.7,83,83.0,both,0.1,0.1,0.1
dapper,congested,105,100.0,1000,23.260980236089463,33.95432288660125,34.83181907479281,34.98145078352877,23.260980236089463,0.0,0.7242270615050862,0.7242270615050862,0.0,0.0,0.0,0.07,0.067,0.0,0.0,0.0,0.0,0.0,0.0,0.0,0.0,0.0,93.0,0.0,0.0,7.000000000000001,86,86.0,both,0.1,0.1,0.1
dapper,congested,106,100.0,1000,23.627618122220863,33.90908800388628,34.753821099438774,34.98979405154197,23.627618122220863,0.0,0.7268932209892296,0.7268932209892296,0.0,0.0,0.0,0.059,0.056,0.0,0.0,0.0,0.0,0.0,0.0,0.0,0.0,0.0,94.1,0.0,0.0,5.8999999999999995,66,66.0,both,0.1,0.1,0.1
dapper,congested,107,100.0,1000,22.982407919753275,33.797293680961246,34.75951823316668,34.94833905393857,22.982407919753275,0.0,0.7252068656820168,0.7252068656820168,0.0,0.0,0.0,0.08,0.075,0.0,0.0,0.0,0.0,0.0,0.0,0.0,0.0,0.0,92.0,0.0,0.0,8.0,94,94.0,both,0.1,0.1,0.1
dapper,congested,108,100.0,1000,23.485127601581976,33.90499595887103,34.814499351033405,34.99655745974279,23.485127601581976,0.0,0.7248674006809542,0.7248674006809542,0.0,0.0,0.0,0.07,0.068,0.0,0.0,0.0,0.0,0.0,0.0,0.0,0.0,0.0,93.0,0.0,0.0,7.000000000000001,98,98.0,both,0.1,0.1,0.1
dapper,congested,109,100.0,1000,23.555839721106352,33.89585406024983,34.785030538309286,34.98925809716232,23.555839721106352,0.0,0.7237094712953887,0.7237094712953887,0.0,0.0,0.0,0.066,0.062,0.0,0.0,0.0,0.0,0.0,0.0,0.0,0.0,0.0,93.4,0.0,0.0,6.6000000000000005,66,66.0,both,0.1,0.1,0.1
dapper,congested,110,100.0,1000,23.2633091172101,33.71973175922034,34.60151524624712,34.90888622322395,23.2633091172101,0.0,0.7253743663758171,0.7253743663758171,0.0,0.0,0.0,0.066,0.065,0.0,0.0,0.0,0.0,0.0,0.0,0.0,0.0,0.0,93.4,0.0,0.0,6.6000000000000005,88,88.0,both,0.1,0.1,0.1
dapper,congested,111,100.0,1000,23.4308519687942,33.96556750696523,34.74455155405684,34.96241421096305,23.4308519687942,0.0,0.7264385394974545,0.7264385394974545,0.0,0.0,0.0,0.075,0.069,0.0,0.0,0.0,0.0,0.0,0.0,0.0,0.0,0.0,92.5,0.0,0.0,7.5,88,88.0,both,0.1,0.1,0.1
dapper,congested,112,100.0,1000,23.12775380660819,33.893418612407096,34.76580213455383,34.985906989642146,23.12775380660819,0.0,0.7267717667741292,0.7267717667741292,0.0,0.0,0.0,0.095,0.086,0.0,0.0,0.0,0.0,0.0,0.0,0.0,0.0,0.0,90.5,0.0,0.0,9.5,84,84.0,both,0.1,0.1,0.1
dapper,congested,113,100.0,1000,23.006632369090156,33.86862128355283,34.77247181035648,34.98424994294581,23.006632369090156,0.0,0.7257312544972635,0.7257312544972635,0.0,0.0,0.0,0.09,0.081,0.0,0.0,0.0,0.0,0.0,0.0,0.0,0.0,0.0,91.0,0.0,0.0,9.0,96,96.0,both,0.1,0.1,0.1
dapper,congested,114,100.0,1000,23.051073777731123,33.9444130958889,34.8496047425224,34.96282987218834,23.051073777731123,0.0,0.7284084014943907,0.7284084014943907,0.0,0.0,0.0,0.085,0.083,0.0,0.0,0.0,0.0,0.0,0.0,0.0,0.0,0.0,91.5,0.0,0.0,8.5,94,94.0,both,0.1,0.1,0.1
dapper,congested,115,100.0,1000,23.734714647812304,33.97416941972919,34.751795785617006,34.96593743598228,23.734714647812304,0.0,0.72271925022731,0.72271925022731,0.0,0.0,0.0,0.062,0.06,0.0,0.0,0.0,0.0,0.0,0.0,0.0,0.0,0.0,93.8,0.0,0.0,6.2,72,72.0,both,0.1,0.1,0.1
dapper,congested,116,100.0,1000,23.862749125156466,33.93143869880377,34.747832911412715,34.9771698353159,23.862749125156466,0.0,0.7258653420424329,0.7258653420424329,0.0,0.0,0.0,0.072,0.068,0.0,0.0,0.0,0.0,0.0,0.0,0.0,0.0,0.0,92.80000000000001,0.0,0.0,7.199999999999999,90,90.0,both,0.1,0.1,0.1
dapper,congested,117,100.0,1000,23.363845422075137,33.703654863375704,34.66361864084976,34.994340946660934,23.363845422075137,0.0,0.7248389086494927,0.7248389086494927,0.0,0.0,0.0,0.053,0.053,0.0,0.0,0.0,0.0,0.0,0.0,0.0,0.0,0.0,94.69999999999999,0.0,0.0,5.3,70,70.0,both,0.1,0.1,0.1
dapper,congested,118,100.0,1000,23.90227863920052,33.93265347873759,34.75495381604132,34.94095401442569,23.90227863920052,0.0,0.7274221729759561,0.7274221729759561,0.0,0.0,0.0,0.057,0.054,0.0,0.0,0.0,0.0,0.0,0.0,0.0,0.0,0.0,94.3,0.0,0.0,5.7,64,64.0,both,0.1,0.1,0.1
dapper,congested,119,100.0,1000,23.703899733397883,33.84161717821862,34.79939395844596,34.97944595589328,23.703899733397883,0.0,0.7235754802112965,0.7235754802112965,0.0,0.0,0.0,0.067,0.065,0.0,0.0,0.0,0.0,0.0,0.0,0.0,0.0,0.0,93.30000000000001,0.0,0.0,6.7,75,75.0,both,0.1,0.1,0.1
dapper,congested,120,100.0,1000,23.04857548875851,33.86682239192191,34.78476062691318,34.985958566309606,23.04857548875851,0.0,0.7226387810658131,0.7226387810658131,0.0,0.0,0.0,0.083,0.079,0.0,0.0,0.0,0.0,0.0,0.0,0.0,0.0,0.0,91.7,0.0,0.0,8.3,92,92.0,both,0.1,0.1,0.1
dapper,congested,121,100.0,1000,23.117094134341038,33.64604138643909,34.75280697328194,34.996277370025744,23.117094134341038,0.0,0.7235341206808498,0.7235341206808498,0.0,0.0,0.0,0.074,0.07,0.0,0.0,0.0,0.0,0.0,0.0,0.0,0.0,0.0,92.60000000000001,0.0,0.0,7.3999999999999995,94,94.0,both,0.1,0.1,0.1
dapper,congested,122,100.0,1000,23.10533713001111,33.75647213655121,34.75074614821489,34.91653465760954,23.10533713001111,0.0,0.726667731646242,0.726667731646242,0.0,0.0,0.0,0.075,0.072,0.0,0.0,0.0,0.0,0.0,0.0,0.0,0.0,0.0,92.5,0.0,0.0,7.5,90,90.0,both,0.1,0.1,0.1
dapper,congested,123,100.0,1000,23.58407374878657,34.0068905091913,34.771507219222585,34.98883073588995,23.58407374878657,0.0,0.7229563972023122,0.7229563972023122,0.0,0.0,0.0,0.064,0.061,0.0,0.0,0.0,0.0,0.0,0.0,0.0,0.0,0.0,93.60000000000001,0.0,0.0,6.4,72,72.0,both,0.1,0.1,0.1
dapper,congested,124,100.0,1000,23.28057209356646,33.53825951987412,34.66363593071505,34.94326242767353,23.28057209356646,0.0,0.7250230986543136,0.7250230986543136,0.0,0.0,0.0,0.065,0.064,0.0,0.0,0.0,0.0,0.0,0.0,0.0,0.0,0.0,93.5,0.0,0.0,6.5,86,86.0,both,0.1,0.1,0.1
dapper,congested,125,100.0,1000,23.23737445929301,34.03086241325529,34.83418763630404,34.99974319601896,23.23737445929301,0.0,0.7235558124222359,0.7235558124222359,0.0,0.0,0.0,0.082,0.076,0.0,0.0,0.0,0.0,0.0,0.0,0.0,0.0,0.0,91.8,0.0,0.0,8.200000000000001,85,85.0,both,0.1,0.1,0.1
dapper,congested,126,100.0,1000,23.635017726218646,33.849612803412526,34.774114294105054,34.99086328598782,23.635017726218646,0.0,0.725415849579171,0.725415849579171,0.0,0.0,0.0,0.059,0.059,0.0,0.0,0.0,0.0,0.0,0.0,0.0,0.0,0.0,94.1,0.0,0.0,5.8999999999999995,90,90.0,both,0.1,0.1,0.1
dapper,congested,127,100.0,1000,23.035129187770544,33.97839515917549,34.685031932570624,34.99801668883106,23.035129187770544,0.0,0.72450797797536,0.72450797797536,0.0,0.0,0.0,0.1,0.089,0.0,0.0,0.0,0.0,0.0,0.0,0.0,0.0,0.0,90.0,0.0,0.0,10.0,86,86.0,both,0.1,0.1,0.1
dapper,congested,128,100.0,1000,22.762473138317755,34.07680955501622,34.783499539553866,34.99302751306131,22.762473138317755,0.0,0.7244159067454766,0.7244159067454766,0.0,0.0,0.0,0.097,0.091,0.0,0.0,0.0,0.0,0.0,0.0,0.0,0.0,0.0,90.3,0.0,0.0,9.700000000000001,104,104.0,both,0.1,0.1,0.1
dapper,congested,129,100.0,1000,23.16761014411169,33.84509616488772,34.665250203244156,34.981958638619645,23.16761014411169,0.0,0.7218770890581417,0.7218770890581417,0.0,0.0,0.0,0.077,0.072,0.0,0.0,0.0,0.0,0.0,0.0,0.0,0.0,0.0,92.30000000000001,0.0,0.0,7.7,84,84.0,both,0.1,0.1,0.1
dapper,variable,100,100.0,1000,19.751514700419044,33.61420558459003,34.76027410675784,34.95054826151675,21.409606202200038,0.0,0.7258050252033813,0.7297924574472182,2250.0,2.25,2250.0,0.288,0.22,0.0,0.09,0.9222222222222223,0.28888888888888886,0.026,0.6333333333333333,0.0,0.07777777777777778,0.0,69.0,0.0,9.0,22.0,269,269.0,both,0.1,0.1,0.1
dapper,variable,101,100.0,1000,19.836712509173665,33.51859359353788,34.716729365681125,34.99816501848515,21.849446870721245,0.0,0.7276809137506457,0.7327370619048259,2750.0,2.75,2750.0,0.259,0.202,0.0,0.11,0.8909090909090909,0.2818181818181818,0.031,0.6090909090909091,0.0,0.10909090909090909,0.0,68.7,0.0,11.0,20.3,254,254.0,both,0.1,0.1,0.1
dapper,variable,102,100.0,1000,21.65581393132093,33.952084801243224,34.85412725538718,34.995332379528136,23.916501180357432,0.0,0.7255434597220326,0.7313867524136319,2800.0,2.8,2800.0,0.17,0.134,0.0,0.112,0.875,0.30357142857142855,0.034,0.5714285714285714,0.0,0.125,0.0,75.4,0.0,11.200000000000001,13.4,207,207.0,both,0.1,0.1,0.1
dapper,variable,103,100.0,1000,19.45756577112939,33.581179869308166,34.6745142049723,34.99051342908312,20.923986017037365,0.0,0.7260979052753239,0.7296946552936138,2625.0,2.625,2625.0,0.318,0.242,0.0,0.105,0.8666666666666667,0.20952380952380953,0.022,0.6571428571428571,0.0,0.13333333333333333,0.0,65.3,0.0,10.5,24.2,280,280.0,both,0.1,0.1,0.1
dapper,variable,104,100.0,1000,21.458848466648256,33.92297556550541,34.71580596411837,34.944614204784195,23.203109315886053,0.0,0.727124183545885,0.7312393533571465,2575.0,2.575,2575.0,0.19,0.146,0.0,0.103,0.941747572815534,0.2621359223300971,0.027,0.6796116504854369,0.0,0.05825242718446602,0.0,75.1,0.0,10.299999999999999,14.6,225,225.0,both,0.1,0.1,0.1
dapper,variable,105,100.0,1000,20.33402120604324,33.50010649790644,34.7773651787171,34.98077376103997,22.482013909306996,0.0,0.7261533185587848,0.7312558742749432,2925.0,2.925,2925.0,0.241,0.187,0.0,0.117,0.9487179487179487,0.27350427350427353,0.032,0.6752136752136753,0.0,0.05128205128205128,0.0,69.6,0.0,11.700000000000001,18.7,256,256.0,both,0.1,0.1,0.1
dapper,variable,106,100.0,1000,21.42762592045102,33.414978958514645,34.636628816385,34.993851868805095,23.542283134346473,0.0,0.7252797004561293,0.7309636731448557,2425.0,2.425,2425.0,0.181,0.142,0.0,0.097,0.9381443298969072,0.3402061855670103,0.033,0.5979381443298969,0.0,0.061855670103092786,0.0,76.1,0.0,9.700000000000001,14.2,194,194.0,both,0.1,0.1,0.1
dapper,variable,107,100.0,1000,19.886897199943174,33.53378573372289,34.6268453225655,34.98148819897819,21.266118454433947,0.0,0.7237728607503388,0.7268894670617976,1875.0,1.875,1875.0,0.269,0.209,0.0,0.075,0.9466666666666667,0.28,0.021,0.6666666666666666,0.0,0.05333333333333334,0.0,71.6,0.0,7.5,20.9,244,244.0,both,0.1,0.1,0.1
dapper,variable,108,100.0,1000,20.397778526840856,33.98898454789754,34.77692101060002,34.94872090187498,22.18657032609954,0.0,0.7258771268582326,0.7307871117581917,2550.0,2.55,2550.0,0.263,0.199,0.0,0.102,0.9411764705882353,0.27450980392156865,0.028,0.6666666666666666,0.0,0.058823529411764705,0.0,69.89999999999999,0.0,10.2,19.900000000000002,252,252.0,both,0.1,0.1,0.1
dapper,variable,109,100.0,1000,20.973596676064627,33.755924050718484,34.76110730262953,34.98660651522982,22.316163121597302,0.0,0.7241642757903765,0.7271209319163144,1750.0,1.75,1750.0,0.212,0.165,0.0,0.07,0.9285714285714286,0.2857142857142857,0.02,0.6428571428571429,0.0,0.07142857142857142,0.0,76.5,0.0,7.000000000000001,16.5,224,224.0,both,0.1,0.1,0.1
dapper,variable,110,100.0,1000,20.910687996168626,33.908831310824965,34.67822534775889,34.98146709760653,22.07589989523353,0.0,0.7251660125534386,0.727785269486532,1950.0,1.95,1950.0,0.229,0.174,0.0,0.078,0.9358974358974359,0.23076923076923078,0.018,0.7051282051282052,0.0,0.0641025641025641,0.0,74.8,0.0,7.8,17.4,230,230.0,both,0.1,0.1,0.1
dapper,variable,111,100.0,1000,21.02165617152951,33.79838354481562,34.723349040720166,34.97684653932659,23.037908910342264,0.0,0.7255636957228029,0.7304455862405866,2600.0,2.6,2600.0,0.222,0.172,0.0,0.104,0.9134615384615384,0.2980769230769231,0.031,0.6153846153846154,0.0,0.08653846153846154,0.0,72.39999999999999,0.0,10.4,17.2,249,249.0,both,0.1,0.1,0.1
dapper,variable,112,100.0,1000,20.959367903813632,34.0565418294024,34.79412676903375,34.95854802039493,23.20697183894631,0.0,0.7288717822715162,0.733934705502512,2800.0,2.8,2800.0,0.219,0.166,0.0,0.112,0.9285714285714286,0.30357142857142855,0.034,0.625,0.0,0.07142857142857142,0.0,72.2,0.0,11.200000000000001,16.6,251,251.0,both,0.1,0.1,0.1
dapper,variable,113,100.0,1000,21.0865926151471,33.55166064200897,34.78843892853948,34.96829040868747,22.572438632610872,0.0,0.72607041812893,0.7293364141070151,2525.0,2.525,2525.0,0.206,0.158,0.0,0.101,0.9405940594059405,0.21782178217821782,0.022,0.7227722772277227,0.0,0.0594059405940594,0.0,74.0,0.0,10.100000000000001,15.9,233,233.0,both,0.1,0.1,0.1
dapper,variable,114,100.0,1000,19.3593890712299,33.53883646549626,34.61117657596823,34.99588156157893,20.70188452359454,0.0,0.7222527591211164,0.7252572626329241,1850.0,1.85,1850.0,0.279,0.217,0.0,0.074,0.918918918918919,0.28378378378378377,0.021,0.6351351351351351,0.0,0.08108108108108109,0.0,70.8,0.0,7.3999999999999995,21.8,254,254.0,both,0.1,0.1,0.1
dapper,variable,115,100.0,1000,21.219704389940333,33.34691437699113,34.626745067103904,34.87718954629805,23.291063361454217,0.0,0.7230665221708275,0.7281712669513927,2375.0,2.375,2375.0,0.186,0.147,0.0,0.095,0.8631578947368421,0.3263157894736842,0.031,0.5368421052631579,0.0,0.1368421052631579,0.0,75.8,0.0,9.5,14.7,227,227.0,both,0.1,0.1,0.1
dapper,variable,116,100.0,1000,20.721442814846807,33.98344969197258,34.76841725790863,34.94714462527301,22.067290272675766,0.0,0.7290772026553869,0.7325800084641876,2400.0,2.4,2400.0,0.244,0.189,0.0,0.096,0.9375,0.20833333333333334,0.02,0.7291666666666666,0.0,0.0625,0.0,71.5,0.0,9.6,18.9,251,251.0,both,0.1,0.1,0.1
dapper,variable,117,100.0,1000,22.557547761681214,34.20981999565183,34.82080355680936,34.990866631104254,23.69135526351317,0.0,0.7235129522098239,0.7264047040647893,2350.0,2.35,2350.0,0.141,0.109,0.0,0.094,0.925531914893617,0.18085106382978725,0.017,0.7446808510638298,0.0,0.07446808510638298,0.0,79.7,0.0,9.4,10.9,203,203.0,both,0.1,0.1,0.1
dapper,variable,118,100.0,1000,21.185299475195727,33.5101571170854,34.37942051281876,34.868091607089696,23.844894311541612,0.0,0.7250195997571225,0.7313035572907408,3400.0,3.4,3400.0,0.195,0.149,0.0,0.136,0.9264705882352942,0.2867647058823529,0.039,0.6397058823529411,0.0,0.07352941176470588,0.0,71.39999999999999,0.0,13.600000000000001,15.0,263,263.0,both,0.1,0.1,0.1
dapper,variable,119,100.0,1000,20.90644218511127,33.65904383541709,34.57959716197339,34.99635852821138,22.58668660766699,0.0,0.7247107810022256,0.729146810601175,2750.0,2.75,2750.0,0.221,0.169,0.0,0.11,0.9363636363636364,0.23636363636363636,0.026,0.7,0.0,0.06363636363636363,0.0,72.1,0.0,11.0,16.900000000000002,240,240.0,both,0.1,0.1,0.1
dapper,variable,120,100.0,1000,21.585775818756247,33.96526001626422,34.71258654891299,34.99491157025027,23.39234726306707,0.0,0.7236650862051842,0.7280929735628784,2850.0,2.85,2850.0,0.181,0.136,0.0,0.114,0.9385964912280702,0.23684210526315788,0.027,0.7017543859649122,0.0,0.06140350877192982,0.0,75.0,0.0,11.4,13.600000000000001,232,232.0,both,0.1,0.1,0.1
dapper,variable,121,100.0,1000,20.67576305278699,33.76407787463392,34.80089032279628,34.994688323129196,23.516984510003944,0.0,0.7243147420544015,0.7317334157579133,3350.0,3.35,3350.0,0.222,0.172,0.0,0.134,0.9626865671641791,0.3208955223880597,0.043,0.6417910447761194,0.0,0.03731343283582089,0.0,69.39999999999999,0.0,13.4,17.2,273,273.0,both,0.1,0.1,0.1
dapper,variable,122,100.0,1000,21.01779728008864,33.694416258508085,34.631522901173106,34.97317679379236,23.233888088883766,0.0,0.7271011242710439,0.7324813383298224,2425.0,2.425,2425.0,0.203,0.157,0.0,0.097,0.9278350515463918,0.3402061855670103,0.033,0.5876288659793815,0.0,0.07216494845360824,0.0,74.6,0.0,9.700000000000001,15.7,224,224.0,both,0.1,0.1,0.1
dapper,variable,123,100.0,1000,20.987940240245592,33.79103353765298,34.79488657343286,34.98222422308634,22.385513399564413,0.0,0.7279443120062622,0.7319413539954946,2225.0,2.225,2225.0,0.22,0.169,0.0,0.089,0.9325842696629213,0.24719101123595505,0.022,0.6853932584269663,0.0,0.06741573033707865,0.0,74.2,0.0,8.9,16.900000000000002,229,229.0,both,0.1,0.1,0.1
dapper,variable,124,100.0,1000,21.65794641274491,33.61582768332837,34.67732058291188,34.996246009129095,23.384737782014646,0.0,0.7242974063441946,0.7285302440827749,2575.0,2.575,2575.0,0.172,0.135,0.0,0.103,0.8737864077669902,0.2524271844660194,0.026,0.6213592233009708,0.0,0.1262135922330097,0.0,76.2,0.0,10.299999999999999,13.5,218,218.0,both,0.1,0.1,0.1
dapper,variable,125,100.0,1000,20.727587306833648,33.55572104656107,34.7780426012565,34.94952031560075,22.566030619512667,0.0,0.7246190113312967,0.72883036575611,2625.0,2.625,2625.0,0.224,0.172,0.0,0.105,0.9428571428571428,0.26666666666666666,0.028,0.6761904761904762,0.0,0.05714285714285714,0.0,72.3,0.0,10.5,17.2,245,245.0,both,0.1,0.1,0.1
dapper,variable,126,100.0,1000,21.116664245899816,33.75159446968112,34.720173914570076,34.997585709381326,23.096816103223695,0.0,0.7299589571116833,0.7348907711743703,2325.0,2.325,2325.0,0.211,0.164,0.0,0.093,0.946236559139785,0.3333333333333333,0.031,0.6129032258064516,0.0,0.053763440860215055,0.0,74.3,0.0,9.3,16.400000000000002,228,228.0,both,0.1,0.1,0.1
dapper,variable,127,100.0,1000,20.629866941379237,34.01155392391131,34.710521322396545,34.9805264786951,22.121641336724277,0.0,0.725451056729191,0.7297203006404788,2150.0,2.15,2150.0,0.246,0.188,0.0,0.086,0.9651162790697675,0.2558139534883721,0.022,0.7093023255813954,0.0,0.03488372093023256,0.0,72.6,0.0,8.6,18.8,226,226.0,both,0.1,0.1,0.1
dapper,variable,128,100.0,1000,19.447093411797038,33.63444553862527,34.724924465655434,34.96530254190218,20.679965358764267,0.0,0.7259775079104448,0.728520727575433,1825.0,1.825,1825.0,0.284,0.22,0.0,0.073,0.9315068493150684,0.2465753424657534,0.018,0.684931506849315,0.0,0.0684931506849315,0.0,70.7,0.0,7.3,22.0,236,236.0,both,0.1,0.1,0.1
dapper,variable,129,100.0,1000,20.99130188270762,33.95183803633796,34.77333674805944,34.967648156933706,22.5699818278953,0.0,0.7217033625195008,0.7257489969063118,2125.0,2.125,2125.0,0.228,0.176,0.0,0.085,0.9411764705882353,0.29411764705882354,0.025,0.6470588235294118,0.0,0.058823529411764705,0.0,73.9,0.0,8.5,17.599999999999998,217,217.0,both,0.1,0.1,0.1
dapper,stable,100,100.0,1000,25.279403323317702,33.96035223762113,34.73962355895296,34.988775105687154,51.53514833678389,0.0,0.7265268897628933,0.792417917211626,21350.0,21.35,21350.0,0.0,0.0,0.0,0.854,0.9918032786885246,0.4953161592505855,0.423,0.4964871194379391,0.0,0.00819672131147541,0.0,14.6,0.0,85.39999999999999,0.0,259,259.0,both,0.2,0.2,0.2
dapper,stable,101,100.0,1000,24.820657080469697,33.96040511204254,34.788072376532675,34.99828909781833,53.53675771177409,0.0,0.7249338588619687,0.7978649635318986,21700.0,21.7,21700.0,0.0,0.0,0.0,0.868,0.9896313364055299,0.5288018433179723,0.459,0.4608294930875576,0.0,0.010368663594470046,0.0,13.200000000000001,0.0,86.8,0.0,231,231.0,both,0.2,0.2,0.2
dapper,stable,102,100.0,1000,24.835880473076735,33.70682378335116,34.74818297607158,34.965240972972765,51.8627260021259,0.0,0.727324394359075,0.800034845226407,20900.0,20.9,20900.0,0.0,0.0,0.0,0.836,0.992822966507177,0.5263157894736842,0.44,0.4665071770334928,0.0,0.007177033492822967,0.0,16.400000000000002,0.0,83.6,0.0,284,284.0,both,0.2,0.2,0.2
dapper,stable,103,100.0,1000,24.972078044518216,34.293187186352334,34.89307765319619,34.99802137082616,53.372703891643845,0.0,0.7236659440861409,0.7991290672988378,21525.0,21.525,21525.0,0.0,0.0,0.0,0.861,0.9883855981416957,0.5342624854819977,0.46,0.454123112659698,0.0,0.011614401858304297,0.0,13.900000000000002,0.0,86.1,0.0,237,237.0,both,0.2,0.2,0.2
dapper,stable,104,100.0,1000,24.98622097286207,33.860115377670134,34.74837408619961,34.98656616097203,51.037343944723006,0.0,0.7240926018777877,0.7898578469524961,21900.0,21.9,21900.0,0.0,0.0,0.0,0.876,0.9920091324200914,0.4794520547945205,0.42,0.5125570776255708,0.0,0.007990867579908675,0.0,12.4,0.0,87.6,0.0,220,220.0,both,0.2,0.2,0.2
dapper,stable,105,100.0,1000,24.85634769037545,33.82025179084476,34.62504012903672,34.93314580405199,51.59710330911793,0.0,0.7262361051095783,0.7959250227091806,21250.0,21.25,21250.0,0.0,0.0,0.0,0.85,0.9905882352941177,0.5105882352941177,0.434,0.48,0.0,0.009411764705882352,0.0,15.0,0.0,85.0,0.0,256,256.0,both,0.2,0.2,0.2
dapper,stable,106,100.0,1000,24.716410963251104,33.86074949026578,34.68730165917939,34.933586993197196,52.69637342008328,0.0,0.7229428904328138,0.7962430814491968,21425.0,21.425,21425.0,0.0,0.0,0.0,0.857,0.9918319719953326,0.5227537922987164,0.448,0.4690781796966161,0.0,0.008168028004667444,0.0,14.299999999999999,0.0,85.7,0.0,252,252.0,both,0.2,0.2,0.2
dapper,stable,107,100.0,1000,24.88557902804772,33.83424628214373,34.89267109559948,34.9936438529993,53.380353744565205,0.0,0.7245133185042392,0.7993133636844371,22025.0,22.025,22025.0,0.0,0.0,0.0,0.881,0.9886492622020431,0.5187287173666288,0.457,0.4699205448354143,0.0,0.011350737797956867,0.0,11.899999999999999,0.0,88.1,0.0,198,198.0,both,0.2,0.2,0.2
dapper,stable,108,100.0,1000,25.235897183714567,34.2868707566229,34.87218349603604,34.989690121554816,51.92467360201944,0.0,0.7254394152220247,0.7967132376294662,21500.0,21.5,21500.0,0.0,0.0,0.0,0.86,0.9872093023255814,0.5023255813953489,0.432,0.4848837209302326,0.0,0.012790697674418604,0.0,14.000000000000002,0.0,86.0,0.0,231,231.0,both,0.2,0.2,0.2
dapper,stable,109,100.0,1000,25.268964708760926,34.15910526808331,34.79620852522923,34.94284900848466,51.53790445445115,0.0,0.7225069831603355,0.7908717000411818,21775.0,21.775,21775.0,0.0,0.0,0.0,0.871,0.9850746268656716,0.4845005740528129,0.422,0.5005740528128588,0.0,0.014925373134328358,0.0,12.9,0.0,87.1,0.0,228,228.0,both,0.2,0.2,0.2
dapper,stable,110,100.0,1000,24.978043487255007,33.957417382454665,34.80033649104111,34.99011804008187,51.64725260956925,0.0,0.7239727698806182,0.7935801521646344,21400.0,21.4,21400.0,0.0,0.0,0.0,0.856,0.985981308411215,0.5035046728971962,0.431,0.4824766355140187,0.0,0.014018691588785047,0.0,14.399999999999999,0.0,85.6,0.0,261,261.0,both,0.2,0.2,0.2
dapper,stable,111,100.0,1000,25.491345575881343,33.99942489704205,34.77294614292747,34.98882482505357,52.77932606666301,0.0,0.7264559107913696,0.7988751227250941,20975.0,20.975,20975.0,0.0,0.0,0.0,0.839,0.9916567342073898,0.5256257449344458,0.441,0.466030989272944,0.0,0.00834326579261025,0.0,16.1,0.0,83.89999999999999,0.0,276,276.0,both,0.2,0.2,0.2
dapper,stable,112,100.0,1000,25.044635098675773,33.93678625080242,34.80594764992258,34.978994945141224,52.774438295965986,0.0,0.7245903067601731,0.7942867336915719,21700.0,21.7,21700.0,0.0,0.0,0.0,0.868,0.9919354838709677,0.5103686635944701,0.443,0.4815668202764977,0.0,0.008064516129032258,0.0,13.200000000000001,0.0,86.8,0.0,220,220.0,both,0.2,0.2,0.2
dapper,stable,113,100.0,1000,24.924957379086543,33.92528008813723,34.852479041190236,34.99387303551587,50.565197370598845,0.0,0.725184772552611,0.7910288053494875,21600.0,21.6,21600.0,0.0,0.0,0.0,0.864,0.9826388888888888,0.48032407407407407,0.415,0.5023148148148148,0.0,0.017361111111111112,0.0,13.600000000000001,0.0,86.4,0.0,239,239.0,both,0.2,0.2,0.2
dapper,stable,114,100.0,1000,25.128438548268,33.86993382489312,34.786318253661975,34.99771913787838,53.866453690073165,0.0,0.7237524930795687,0.7977940224588013,21900.0,21.9,21900.0,0.0,0.0,0.0,0.876,0.9908675799086758,0.5308219178082192,0.465,0.4600456621004566,0.0,0.0091324200913242,0.0,12.4,0.0,87.6,0.0,214,214.0,both,0.2,0.2,0.2
dapper,stable,115,100.0,1000,25.094705607799348,34.162413089123824,34.74465384721523,34.970565607066455,51.94937303752475,0.0,0.7245886848920773,0.7944537871206474,21750.0,21.75,21750.0,0.0,0.0,0.0,0.87,0.9873563218390805,0.5011494252873563,0.436,0.4862068965517241,0.0,0.01264367816091954,0.0,13.0,0.0,87.0,0.0,219,219.0,both,0.2,0.2,0.2
dapper,stable,116,100.0,1000,25.028301912688907,34.05041769477859,34.88445460350265,34.99403448766891,54.211607535281885,0.0,0.7244573126145593,0.798391101095973,21750.0,21.75,21750.0,0.0,0.0,0.0,0.87,0.9942528735632183,0.5448275862068965,0.474,0.4494252873563218,0.0,0.005747126436781609,0.0,13.0,0.0,87.0,0.0,221,221.0,both,0.2,0.2,0.2
dapper,stable,117,100.0,1000,24.997182216762514,33.94211020128963,34.806950360419165,34.98156739475102,51.94396103000347,0.0,0.7238166310991714,0.7935256482510197,21850.0,21.85,21850.0,0.0,0.0,0.0,0.874,0.9862700228832952,0.4897025171624714,0.428,0.4965675057208238,0.0,0.013729977116704805,0.0,12.6,0.0,87.4,0.0,226,226.0,both,0.2,0.2,0.2
dapper,stable,118,100.0,1000,25.026589048763064,34.146334679362305,34.835239525322194,34.964244111574146,52.20873167600773,0.0,0.7280528994609765,0.7960765304196257,21475.0,21.475,21475.0,0.0,0.0,0.0,0.859,0.9906868451688009,0.5075669383003493,0.436,0.4831199068684517,0.0,0.009313154831199068,0.0,14.099999999999998,0.0,85.9,0.0,244,244.0,both,0.2,0.2,0.2
dapper,stable,119,100.0,1000,24.80107188012856,34.00280379558126,34.81754573602827,34.936826663719394,53.78667209236602,0.0,0.7243707963012889,0.799875204249307,21925.0,21.925,21925.0,0.0,0.0,0.0,0.877,0.9874572405929305,0.5324971493728621,0.467,0.4549600912200684,0.0,0.012542759407069556,0.0,12.3,0.0,87.7,0.0,228,228.0,both,0.2,0.2,0.2
dapper,stable,120,100.0,1000,25.000139802139184,33.83887438020657,34.75482963071029,34.96519781982063,52.586658253654925,0.0,0.7247996031934949,0.7950348677637523,21800.0,21.8,21800.0,0.0,0.0,0.0,0.872,0.9839449541284404,0.5103211009174312,0.445,0.4736238532110092,0.0,0.016055045871559634,0.0,12.8,0.0,87.2,0.0,212,212.0,both,0.2,0.2,0.2
dapper,stable,121,100.0,1000,24.870142370806825,34.08802278656587,34.79782372711737,34.96061084968983,51.218892289603616,0.0,0.7235062491591376,0.7917923991779289,21800.0,21.8,21800.0,0.0,0.0,0.0,0.872,0.9862385321100917,0.48394495412844035,0.422,0.5022935779816514,0.0,0.013761467889908258,0.0,12.8,0.0,87.2,0.0,219,219.0,both,0.2,0.2,0.2
dapper,stable,122,100.0,1000,24.829111935230273,33.958468133447,34.74506049633189,34.924143640943036,53.271418624119164,0.0,0.7259117747422895,0.7982645293058339,21950.0,21.95,21950.0,0.0,0.0,0.0,0.878,0.9886104783599089,0.5148063781321185,0.452,0.47380410022779046,0.0,0.011389521640091117,0.0,12.2,0.0,87.8,0.0,200,200.0,both,0.2,0.2,0.2
dapper,stable,123,100.0,1000,25.35470141463279,34.01400394209814,34.728637206489786,34.90743937957425,51.64158095400979,0.0,0.7231039957478556,0.7928850748486099,22225.0,22.225,22225.0,0.0,0.0,0.0,0.889,0.9820022497187851,0.4769403824521935,0.424,0.5050618672665916,0.0,0.01799775028121485,0.0,11.1,0.0,88.9,0.0,196,196.0,both,0.2,0.2,0.2
dapper,stable,124,100.0,1000,25.00583269004324,34.03261405514325,34.80612955591713,34.95256595801938,50.8126236179597,0.0,0.7270004160651047,0.7942088997255117,21000.0,21.0,21000.0,0.0,0.0,0.0,0.84,0.9928571428571429,0.49642857142857144,0.417,0.49642857142857144,0.0,0.007142857142857143,0.0,16.0,0.0,84.0,0.0,280,280.0,both,0.2,0.2,0.2
dapper,stable,125,100.0,1000,24.9867591189863,33.982185709447386,34.8021659840167,34.99165214842439,53.959249959158115,0.0,0.7268533605073024,0.7989657788847586,21650.0,21.65,21650.0,0.0,0.0,0.0,0.866,0.9919168591224018,0.5323325635103926,0.461,0.45958429561200925,0.0,0.008083140877598153,0.0,13.4,0.0,86.6,0.0,238,238.0,both,0.2,0.2,0.2
dapper,stable,126,100.0,1000,24.628886386363657,33.70638744138536,34.672811784104226,34.983867296625746,53.134621864449656,0.0,0.726794351381784,0.8009463128693688,21175.0,21.175,21175.0,0.0,0.0,0.0,0.847,0.9881936245572609,0.5419126328217237,0.459,0.4462809917355372,0.0,0.011806375442739079,0.0,15.299999999999999,0.0,84.7,0.0,252,252.0,both,0.2,0.2,0.2
dapper,stable,127,100.0,1000,25.164646066804526,34.17312143282042,34.80106095916998,34.970740898815485,54.30743225703345,0.0,0.7237258806201099,0.7969399991420358,22125.0,22.125,22125.0,0.0,0.0,0.0,0.885,0.9909604519774011,0.5276836158192091,0.467,0.4632768361581921,0.0,0.00903954802259887,0.0,11.5,0.0,88.5,0.0,207,207.0,both,0.2,0.2,0.2
dapper,stable,128,100.0,1000,25.178185128090664,33.92859815320874,34.67968897440042,34.972660274630584,53.589153958153254,0.0,0.7271450910033325,0.7988558762020542,21425.0,21.425,21425.0,0.0,0.0,0.0,0.857,0.9836639439906651,0.5309218203033839,0.455,0.45274212368728123,0.0,0.01633605600933489,0.0,14.299999999999999,0.0,85.7,0.0,237,237.0,both,0.2,0.2,0.2
dapper,stable,129,100.0,1000,25.217209562918274,34.07064808785484,34.83459462785327,34.9933571344785,53.065152250426124,0.0,0.722736266433297,0.7957788932941594,21825.0,21.825,21825.0,0.0,0.0,0.0,0.873,0.9896907216494846,0.5131729667812142,0.448,0.4765177548682703,0.0,0.010309278350515464,0.0,12.7,0.0,87.3,0.0,214,214.0,both,0.2,0.2,0.2
dapper,congested,100,100.0,1000,18.919380246982904,33.41459618668136,34.64600075948322,34.97404020175507,18.919380246982904,0.0,0.721631483021844,0.721631483021844,0.0,0.0,0.0,0.291,0.252,0.0,0.0,0.0,0.0,0.0,0.0,0.0,0.0,0.0,70.89999999999999,0.0,0.0,29.099999999999998,202,202.0,both,0.2,0.2,0.2
dapper,congested,101,100.0,1000,18.276326636705786,33.89687552536033,34.80933754586383,34.99327875607795,18.276326636705786,0.0,0.7214240571125342,0.7214240571125342,0.0,0.0,0.0,0.337,0.294,0.0,0.0,0.0,0.0,0.0,0.0,0.0,0.0,0.0,66.3,0.0,0.0,33.7,249,249.0,both,0.2,0.2,0.2
dapper,congested,102,100.0,1000,19.45029621370179,33.55948365516908,34.58084574121845,34.856418694025265,19.45029621370179,0.0,0.7276200054689839,0.7276200054689839,0.0,0.0,0.0,0.257,0.226,0.0,0.0,0.0,0.0,0.0,0.0,0.0,0.0,0.0,74.3,0.0,0.0,25.7,203,203.0,both,0.2,0.2,0.2
dapper,congested,103,100.0,1000,19.89687232980642,33.90729591810705,34.656287169300064,34.985893217625524,19.89687232980642,0.0,0.724117165255723,0.724117165255723,0.0,0.0,0.0,0.245,0.218,0.0,0.0,0.0,0.0,0.0,0.0,0.0,0.0,0.0,75.5,0.0,0.0,24.5,204,204.0,both,0.2,0.2,0.2
dapper,congested,104,100.0,1000,19.561451754675907,33.05861063238937,34.553275949975884,34.94139484896046,19.561451754675907,0.0,0.7267870123541261,0.7267870123541261,0.0,0.0,0.0,0.252,0.222,0.0,0.0,0.0,0.0,0.0,0.0,0.0,0.0,0.0,74.8,0.0,0.0,25.2,177,177.0,both,0.2,0.2,0.2
dapper,congested,105,100.0,1000,19.65511894060712,33.86967390302893,34.86009343610894,34.98145078352877,19.65511894060712,0.0,0.7236714873892879,0.7236714873892879,0.0,0.0,0.0,0.249,0.22,0.0,0.0,0.0,0.0,0.0,0.0,0.0,0.0,0.0,75.1,0.0,0.0,24.9,208,208.0,both,0.2,0.2,0.2
dapper,congested,106,100.0,1000,19.653349775026925,33.68036573419919,34.70581626162212,34.98979405154197,19.653349775026925,0.0,0.7250761595226635,0.7250761595226635,0.0,0.0,0.0,0.241,0.22,0.0,0.0,0.0,0.0,0.0,0.0,0.0,0.0,0.0,75.9,0.0,0.0,24.099999999999998,204,204.0,both,0.2,0.2,0.2
dapper,congested,107,100.0,1000,18.956100975175197,33.610114867999364,34.75951823316668,34.94833905393857,18.956100975175197,0.0,0.7247503576925051,0.7247503576925051,0.0,0.0,0.0,0.278,0.245,0.0,0.0,0.0,0.0,0.0,0.0,0.0,0.0,0.0,72.2,0.0,0.0,27.800000000000004,206,206.0,both,0.2,0.2,0.2
dapper,congested,108,100.0,1000,18.953022150672666,33.69676870967668,34.79939129825002,34.99655745974279,18.953022150672666,0.0,0.7226837420299201,0.7226837420299201,0.0,0.0,0.0,0.283,0.254,0.0,0.0,0.0,0.0,0.0,0.0,0.0,0.0,0.0,71.7,0.0,0.0,28.299999999999997,220,220.0,both,0.2,0.2,0.2
dapper,congested,109,100.0,1000,19.357335358601652,33.625022335975714,34.695566388216335,34.98925809716232,19.357335358601652,0.0,0.7237975598364637,0.7237975598364637,0.0,0.0,0.0,0.264,0.234,0.0,0.0,0.0,0.0,0.0,0.0,0.0,0.0,0.0,73.6,0.0,0.0,26.400000000000002,203,203.0,both,0.2,0.2,0.2
dapper,congested,110,100.0,1000,19.871251934928544,33.48129781278129,34.57710496644196,34.90888622322395,19.871251934928544,0.0,0.7248265208393592,0.7248265208393592,0.0,0.0,0.0,0.224,0.204,0.0,0.0,0.0,0.0,0.0,0.0,0.0,0.0,0.0,77.60000000000001,0.0,0.0,22.400000000000002,216,216.0,both,0.2,0.2,0.2
dapper,congested,111,100.0,1000,18.78808759435373,33.76485848144007,34.682557046697355,34.960770536287306,18.78808759435373,0.0,0.7249229615040583,0.7249229615040583,0.0,0.0,0.0,0.294,0.261,0.0,0.0,0.0,0.0,0.0,0.0,0.0,0.0,0.0,70.6,0.0,0.0,29.4,236,236.0,both,0.2,0.2,0.2
dapper,congested,112,100.0,1000,18.85532810865115,33.55023758300702,34.70251475934818,34.985906989642146,18.85532810865115,0.0,0.7274866014453606,0.7274866014453606,0.0,0.0,0.0,0.29,0.259,0.0,0.0,0.0,0.0,0.0,0.0,0.0,0.0,0.0,71.0,0.0,0.0,28.999999999999996,220,220.0,both,0.2,0.2,0.2
dapper,congested,113,100.0,1000,18.548255501330992,33.56596952950709,34.65723155340325,34.98424994294581,18.548255501330992,0.0,0.7259490434584401,0.7259490434584401,0.0,0.0,0.0,0.298,0.267,0.0,0.0,0.0,0.0,0.0,0.0,0.0,0.0,0.0,70.19999999999999,0.0,0.0,29.799999999999997,234,234.0,both,0.2,0.2,0.2
dapper,congested,114,100.0,1000,18.475840875931155,33.72092943421382,34.77091542909728,34.950166610266486,18.475840875931155,0.0,0.7297601571205291,0.7297601571205291,0.0,0.0,0.0,0.311,0.272,0.0,0.0,0.0,0.0,0.0,0.0,0.0,0.0,0.0,68.89999999999999,0.0,0.0,31.1,214,214.0,both,0.2,0.2,0.2
dapper,congested,115,100.0,1000,19.98570687366192,33.70542014872765,34.74232408658665,34.95249465072264,19.98570687366192,0.0,0.7230118714475728,0.7230118714475728,0.0,0.0,0.0,0.243,0.213,0.0,0.0,0.0,0.0,0.0,0.0,0.0,0.0,0.0,75.7,0.0,0.0,24.3,189,189.0,both,0.2,0.2,0.2
dapper,congested,116,100.0,1000,19.60212224234341,33.72135022389804,34.69191428404744,34.9771698353159,19.60212224234341,0.0,0.7258100859902249,0.7258100859902249,0.0,0.0,0.0,0.279,0.242,0.0,0.0,0.0,0.0,0.0,0.0,0.0,0.0,0.0,72.1,0.0,0.0,27.900000000000002,209,209.0,both,0.2,0.2,0.2
dapper,congested,117,100.0,1000,19.572770180510553,33.554244684276355,34.48671451509714,34.994340946660934,19.572770180510553,0.0,0.7242081950539818,0.7242081950539818,0.0,0.0,0.0,0.242,0.214,0.0,0.0,0.0,0.0,0.0,0.0,0.0,0.0,0.0,75.8,0.0,0.0,24.2,210,210.0,both,0.2,0.2,0.2
dapper,congested,118,100.0,1000,20.006103443470593,33.76730690976927,34.739463150780566,34.94095401442569,20.006103443470593,0.0,0.7282216266327736,0.7282216266327736,0.0,0.0,0.0,0.244,0.215,0.0,0.0,0.0,0.0,0.0,0.0,0.0,0.0,0.0,75.6,0.0,0.0,24.4,202,202.0,both,0.2,0.2,0.2
dapper,congested,119,100.0,1000,19.83016344534593,33.68603732427767,34.716490700113376,34.97944595589328,19.83016344534593,0.0,0.723615341547804,0.723615341547804,0.0,0.0,0.0,0.254,0.226,0.0,0.0,0.0,0.0,0.0,0.0,0.0,0.0,0.0,74.6,0.0,0.0,25.4,199,199.0,both,0.2,0.2,0.2
dapper,congested,120,100.0,1000,19.043567075760766,33.6926619243357,34.773357817889625,34.985958566309606,19.043567075760766,0.0,0.7236733058108848,0.7236733058108848,0.0,0.0,0.0,0.276,0.248,0.0,0.0,0.0,0.0,0.0,0.0,0.0,0.0,0.0,72.39999999999999,0.0,0.0,27.6,240,240.0,both,0.2,0.2,0.2
dapper,congested,121,100.0,1000,18.474877942893734,33.45672355191904,34.7194150235305,34.996277370025744,18.474877942893734,0.0,0.7232961339280816,0.7232961339280816,0.0,0.0,0.0,0.302,0.27,0.0,0.0,0.0,0.0,0.0,0.0,0.0,0.0,0.0,69.8,0.0,0.0,30.2,254,254.0,both,0.2,0.2,0.2
dapper,congested,122,100.0,1000,18.84747246159959,33.442944875858906,34.732205072585096,34.91653465760954,18.84747246159959,0.0,0.7254641630266878,0.7254641630266878,0.0,0.0,0.0,0.281,0.248,0.0,0.0,0.0,0.0,0.0,0.0,0.0,0.0,0.0,71.89999999999999,0.0,0.0,28.1,220,220.0,both,0.2,0.2,0.2
dapper,congested,123,100.0,1000,19.571203201274372,33.73893296235343,34.762512357680826,34.98883073588995,19.571203201274372,0.0,0.7215942391738319,0.7215942391738319,0.0,0.0,0.0,0.256,0.227,0.0,0.0,0.0,0.0,0.0,0.0,0.0,0.0,0.0,74.4,0.0,0.0,25.6,204,204.0,both,0.2,0.2,0.2
dapper,congested,124,100.0,1000,19.22999196262509,33.31507402436664,34.61015520294176,34.94326242767353,19.22999196262509,0.0,0.7244147954091202,0.7244147954091202,0.0,0.0,0.0,0.262,0.236,0.0,0.0,0.0,0.0,0.0,0.0,0.0,0.0,0.0,73.8,0.0,0.0,26.200000000000003,209,209.0,both,0.2,0.2,0.2
dapper,congested,125,100.0,1000,19.50257766383214,33.911545752837604,34.803962549968354,34.99974319601896,19.50257766383214,0.0,0.7239513415209466,0.7239513415209466,0.0,0.0,0.0,0.264,0.235,0.0,0.0,0.0,0.0,0.0,0.0,0.0,0.0,0.0,73.6,0.0,0.0,26.400000000000002,213,213.0,both,0.2,0.2,0.2
dapper,congested,126,100.0,1000,19.36263261565539,33.65876596392269,34.73354155888216,34.99086328598782,19.36263261565539,0.0,0.7262483340807182,0.7262483340807182,0.0,0.0,0.0,0.261,0.235,0.0,0.0,0.0,0.0,0.0,0.0,0.0,0.0,0.0,73.9,0.0,0.0,26.1,215,215.0,both,0.2,0.2,0.2
dapper,congested,127,100.0,1000,19.70266536591365,33.91444616292798,34.685031932570624,34.99801668883106,19.70266536591365,0.0,0.7247701267030475,0.7247701267030475,0.0,0.0,0.0,0.263,0.224,0.0,0.0,0.0,0.0,0.0,0.0,0.0,0.0,0.0,73.7,0.0,0.0,26.3,196,196.0,both,0.2,0.2,0.2
dapper,congested,128,100.0,1000,19.47341224211683,33.93201378434855,34.767042486899406,34.99302751306131,19.47341224211683,0.0,0.7245540741074871,0.7245540741074871,0.0,0.0,0.0,0.257,0.226,0.0,0.0,0.0,0.0,0.0,0.0,0.0,0.0,0.0,74.3,0.0,0.0,25.7,191,191.0,both,0.2,0.2,0.2
dapper,congested,129,100.0,1000,19.728390183977112,33.28097112517996,34.619529264665246,34.981958638619645,19.728390183977112,0.0,0.7203156751744219,0.7203156751744219,0.0,0.0,0.0,0.245,0.215,0.0,0.0,0.0,0.0,0.0,0.0,0.0,0.0,0.0,75.5,0.0,0.0,24.5,180,180.0,both,0.2,0.2,0.2
dapper,variable,100,100.0,1000,19.292816703933532,33.598541848272916,34.614025148870844,34.95054826151675,20.030055056296405,0.0,0.7264027039800106,0.7285135152161352,750.0,0.75,750.0,0.306,0.238,0.0,0.03,0.9333333333333333,0.43333333333333335,0.013,0.5,0.0,0.06666666666666667,0.0,73.2,0.0,3.0,23.799999999999997,213,213.0,both,0.2,0.2,0.2
dapper,variable,101,100.0,1000,19.633585030107156,33.40931507547872,34.716729365681125,34.99816501848515,20.63920785844329,0.0,0.7270211889660282,0.7295762792995177,875.0,0.875,875.0,0.268,0.211,0.0,0.035,0.8857142857142857,0.45714285714285713,0.016,0.42857142857142855,0.0,0.11428571428571428,0.0,75.3,0.0,3.5000000000000004,21.2,197,197.0,both,0.2,0.2,0.2
dapper,variable,102,100.0,1000,21.252713393173305,33.952084801243224,34.85412725538718,34.995332379528136,22.571657990710076,0.0,0.7258171765017437,0.7291788878420014,1225.0,1.225,1225.0,0.189,0.152,0.0,0.049,0.9591836734693877,0.40816326530612246,0.02,0.5510204081632653,0.0,0.04081632653061224,0.0,79.80000000000001,0.0,4.9,15.299999999999999,164,164.0,both,0.2,0.2,0.2
dapper,variable,103,100.0,1000,19.09923245601252,33.51380851293956,34.6745142049723,34.99051342908312,19.870535701624235,0.0,0.7259840195841919,0.7276310139456391,1000.0,1.0,1000.0,0.334,0.256,0.0,0.04,0.9,0.3,0.012,0.6,0.0,0.1,0.0,70.19999999999999,0.0,4.0,25.8,244,244.0,both,0.2,0.2,0.2
dapper,variable,104,100.0,1000,21.118329454394036,33.92198447499948,34.71580596411837,34.944614204784195,22.04577937473351,0.0,0.7272507960135471,0.7293461087698875,1100.0,1.1,1100.0,0.205,0.16,0.0,0.044,0.9318181818181818,0.3409090909090909,0.015,0.5909090909090909,0.0,0.06818181818181818,0.0,79.60000000000001,0.0,4.3999999999999995,16.0,181,181.0,both,0.2,0.2,0.2
dapper,variable,105,100.0,1000,20.102557341435524,33.42269885584057,34.77268554020445,34.98077376103997,20.87154350704175,0.0,0.7261994471356352,0.7280666330451471,875.0,0.875,875.0,0.25,0.196,0.0,0.035,0.9142857142857143,0.34285714285714286,0.012,0.5714285714285714,0.0,0.08571428571428572,0.0,76.9,0.0,3.5000000000000004,19.6,198,198.0,both,0.2,0.2,0.2
dapper,variable,106,100.0,1000,21.107274924887754,33.33482916939585,34.636628816385,34.993851868805095,22.51409885075318,0.0,0.725439499718022,0.7293157931850413,1325.0,1.325,1325.0,0.195,0.155,0.0,0.053,0.9622641509433962,0.4339622641509434,0.023,0.5283018867924528,0.0,0.03773584905660377,0.0,79.10000000000001,0.0,5.3,15.6,166,166.0,both,0.2,0.2,0.2
dapper,variable,107,100.0,1000,19.502590721829606,33.479729895388715,34.51119858084126,34.98148819897819,19.98677161423442,0.0,0.7235823373443215,0.7247914320838281,525.0,0.525,525.0,0.287,0.224,0.0,0.021,0.9047619047619048,0.38095238095238093,0.008,0.5238095238095238,0.0,0.09523809523809523,0.0,75.2,0.0,2.1,22.7,199,199.0,both,0.2,0.2,0.2
dapper,variable,108,100.0,1000,20.2322215942594,33.98898454789754,34.77692101060002,34.94872090187498,21.014980996781144,0.0,0.7255046151643268,0.727681667059566,1150.0,1.15,1150.0,0.269,0.205,0.0,0.046,0.9347826086956522,0.2826086956521739,0.013,0.6521739130434783,0.0,0.06521739130434782,0.0,74.9,0.0,4.6,20.5,213,213.0,both,0.2,0.2,0.2
dapper,variable,109,100.0,1000,20.381521152761938,33.72284382315482,34.74575634448063,34.98660651522982,20.90523622453484,0.0,0.7246602476516841,0.7256343762281109,625.0,0.625,625.0,0.242,0.191,0.0,0.025,0.88,0.32,0.008,0.56,0.0,0.12,0.0,78.10000000000001,0.0,2.5,19.400000000000002,195,195.0,both,0.2,0.2,0.2
dapper,variable,110,100.0,1000,20.63509115025618,33.908831310824965,34.67822534775889,34.98146709760653,21.409766031190085,0.0,0.7254372720597769,0.7272908989348658,800.0,0.8,800.0,0.242,0.186,0.0,0.032,0.9375,0.375,0.012,0.5625,0.0,0.0625,0.0,78.2,0.0,3.2,18.6,184,184.0,both,0.2,0.2,0.2
dapper,variable,111,100.0,1000,20.617444661342045,33.788743974688444,34.723349040720166,34.97684653932659,21.628605767445123,0.0,0.7258674400700149,0.728556782344024,1125.0,1.125,1125.0,0.238,0.188,0.0,0.045,0.9333333333333333,0.35555555555555557,0.016,0.5777777777777777,0.0,0.06666666666666667,0.0,76.7,0.0,4.5,18.8,208,208.0,both,0.2,0.2,0.2
dapper,variable,112,100.0,1000,20.652882028257547,34.054797671088146,34.79412676903375,34.95854802039493,21.873994972130888,0.0,0.7290652892455557,0.7318995350535069,1200.0,1.2,1200.0,0.231,0.178,0.0,0.048,0.9166666666666666,0.3958333333333333,0.019,0.5208333333333334,0.0,0.08333333333333333,0.0,77.4,0.0,4.8,17.8,197,197.0,both,0.2,0.2,0.2
dapper,variable,113,100.0,1000,20.77834414696262,33.540637824646566,34.78843892853948,34.96829040868747,21.353373536350578,0.0,0.7253627727182153,0.7267926308750352,800.0,0.8,800.0,0.22,0.171,0.0,0.032,0.9375,0.28125,0.009,0.65625,0.0,0.0625,0.0,79.5,0.0,3.2,17.299999999999997,174,174.0,both,0.2,0.2,0.2
dapper,variable,114,100.0,1000,18.904157170171317,33.48332670674215,34.60911767944269,34.99588156157893,19.75348491385968,0.0,0.7222923344760184,0.7243764547481387,600.0,0.6,600.0,0.301,0.236,0.0,0.024,0.875,0.5833333333333334,0.014,0.2916666666666667,0.0,0.125,0.0,73.6,0.0,2.4,24.0,225,225.0,both,0.2,0.2,0.2
dapper,variable,115,100.0,1000,20.723189931809408,33.325610214006815,34.626745067103904,34.87718954629805,21.785469023418305,0.0,0.7234583150645855,0.7259481496049479,850.0,0.85,850.0,0.207,0.166,0.0,0.034,0.8235294117647058,0.47058823529411764,0.016,0.35294117647058826,0.0,0.17647058823529413,0.0,79.80000000000001,0.0,3.4000000000000004,16.8,191,191.0,both,0.2,0.2,0.2
dapper,variable,116,100.0,1000,20.258314711727806,33.965989123336286,34.76841725790863,34.94714462527301,20.982908877844224,0.0,0.7290811805941935,0.7310406424348482,875.0,0.875,875.0,0.265,0.208,0.0,0.035,0.9142857142857143,0.3142857142857143,0.011,0.6,0.0,0.08571428571428572,0.0,75.5,0.0,3.5000000000000004,21.0,215,215.0,both,0.2,0.2,0.2
dapper,variable,117,100.0,1000,22.112091991662975,34.152698342113844,34.80942052512287,34.990866631104254,22.550719349334212,0.0,0.7228558477446049,0.7242084674108857,825.0,0.825,825.0,0.161,0.127,0.0,0.033,0.9090909090909091,0.21212121212121213,0.007,0.696969696969697,0.0,0.09090909090909091,0.0,83.8,0.0,3.3000000000000003,12.9,145,145.0,both,0.2,0.2,0.2
dapper,variable,118,100.0,1000,20.97597032717328,33.50668710267774,34.34933137003848,34.868091607089696,22.32838404476685,0.0,0.7248857598419269,0.728041629569176,1425.0,1.425,1425.0,0.204,0.158,0.0,0.057,0.9122807017543859,0.3508771929824561,0.02,0.5614035087719298,0.0,0.08771929824561403,0.0,78.4,0.0,5.7,15.9,205,205.0,both,0.2,0.2,0.2
dapper,variable,119,100.0,1000,20.717449625787886,33.723720287973045,34.57959716197339,34.99635852821138,21.563507861824334,0.0,0.7237036012222077,0.7260863671581554,825.0,0.825,825.0,0.233,0.179,0.0,0.033,0.9696969696969697,0.42424242424242425,0.014,0.5454545454545454,0.0,0.030303030303030304,0.0,78.7,0.0,3.3000000000000003,18.0,181,181.0,both,0.2,0.2,0.2
dapper,variable,120,100.0,1000,21.244892295772914,33.96526001626422,34.71258654891299,34.99491157025027,21.90423486488239,0.0,0.7237534118716623,0.7252266353839384,1075.0,1.075,1075.0,0.196,0.151,0.0,0.043,0.9534883720930233,0.23255813953488372,0.01,0.7209302325581395,0.0,0.046511627906976744,0.0,80.60000000000001,0.0,4.3,15.1,182,182.0,both,0.2,0.2,0.2
dapper,variable,121,100.0,1000,20.3315261621145,33.76407787463392,34.80089032279628,34.994688323129196,22.292284327478765,0.0,0.7232442169924815,0.728683824617512,1450.0,1.45,1450.0,0.237,0.186,0.0,0.058,0.9655172413793104,0.5172413793103449,0.03,0.4482758620689655,0.0,0.034482758620689655,0.0,75.5,0.0,5.800000000000001,18.7,222,222.0,both,0.2,0.2,0.2
dapper,variable,122,100.0,1000,20.550428972411556,33.63178988399087,34.631522901173106,34.97317679379236,21.708520300069228,0.0,0.7279924412775058,0.730845355610557,875.0,0.875,875.0,0.222,0.175,0.0,0.035,0.9142857142857143,0.5142857142857142,0.018,0.4,0.0,0.08571428571428572,0.0,78.9,0.0,3.5000000000000004,17.599999999999998,188,188.0,both,0.2,0.2,0.2
dapper,variable,123,100.0,1000,20.645644756720415,33.79103353765298,34.79488657343286,34.98222422308634,21.376172220786458,0.0,0.7280153651430078,0.7298987292444611,725.0,0.725,725.0,0.236,0.183,0.0,0.029,0.9655172413793104,0.41379310344827586,0.012,0.5517241379310345,0.0,0.034482758620689655,0.0,78.60000000000001,0.0,2.9000000000000004,18.5,178,178.0,both,0.2,0.2,0.2
dapper,variable,124,100.0,1000,21.485207664695494,33.61582768332837,34.67732058291188,34.996246009129095,22.156536362415288,0.0,0.7245479463167918,0.7261579129604283,1025.0,1.025,1025.0,0.181,0.144,0.0,0.041,0.7560975609756098,0.24390243902439024,0.01,0.5121951219512195,0.0,0.24390243902439024,0.0,81.5,0.0,4.1000000000000005,14.399999999999999,151,151.0,both,0.2,0.2,0.2
dapper,variable,125,100.0,1000,20.423351895688203,33.55572104656107,34.7780426012565,34.94952031560075,21.62626849391834,0.0,0.7243792630622022,0.7273604093316394,1275.0,1.275,1275.0,0.237,0.184,0.0,0.051,0.9607843137254902,0.37254901960784315,0.019,0.5882352941176471,0.0,0.0392156862745098,0.0,76.5,0.0,5.1,18.4,206,206.0,both,0.2,0.2,0.2
dapper,variable,126,100.0,1000,20.802137435159185,33.75159446968112,34.720173914570076,34.997585709381326,22.00470215378749,0.0,0.7296453675996087,0.732720758502144,1200.0,1.2,1200.0,0.225,0.178,0.0,0.048,0.9166666666666666,0.4166666666666667,0.02,0.5,0.0,0.08333333333333333,0.0,77.4,0.0,4.8,17.8,197,197.0,both,0.2,0.2,0.2
dapper,variable,127,100.0,1000,20.308085210061478,33.92677010811866,34.70618338050205,34.9805264786951,21.101485781685355,0.0,0.7257588248568773,0.7280010387632794,875.0,0.875,875.0,0.259,0.2,0.0,0.035,1.0,0.34285714285714286,0.012,0.6571428571428571,0.0,0.0,0.0,76.4,0.0,3.5000000000000004,20.1,191,191.0,both,0.2,0.2,0.2
dapper,variable,128,100.0,1000,19.00365013266379,33.63444553862527,34.724924465655434,34.96530254190218,19.67722853380089,0.0,0.727050915868395,0.7284276371524621,600.0,0.6,600.0,0.305,0.239,0.0,0.024,0.9166666666666666,0.4166666666666667,0.01,0.5,0.0,0.08333333333333333,0.0,73.5,0.0,2.4,24.099999999999998,215,215.0,both,0.2,0.2,0.2
dapper,variable,129,100.0,1000,20.70293997945777,33.91049053081545,34.77333674805944,34.967648156933706,21.640132459230397,0.0,0.7217493661840165,0.7241590858313107,825.0,0.825,825.0,0.242,0.19,0.0,0.033,0.9090909090909091,0.45454545454545453,0.015,0.45454545454545453,0.0,0.09090909090909091,0.0,77.7,0.0,3.3000000000000003,19.0,182,182.0,both,0.2,0.2,0.2
dapper,stable,100,100.0,1000,25.279403323317702,33.96035223762113,34.73962355895296,34.988775105687154,48.71424383508832,0.0,0.7265268897628933,0.786184042675378,18850.0,18.85,18850.0,0.0,0.0,0.0,0.754,0.9946949602122016,0.5039787798408488,0.38,0.4907161803713528,0.0,0.005305039787798408,0.0,24.6,0.0,75.4,0.0,305,305.0,both,0.3,0.3,0.3
dapper,stable,101,100.0,1000,24.820657080469697,33.96040511204254,34.788072376532675,34.99828909781833,50.44185947967376,0.0,0.7249338588619687,0.7899770857671535,19025.0,19.025,19025.0,0.0,0.0,0.0,0.761,0.9921156373193167,0.5400788436268068,0.411,0.4520367936925099,0.0,0.00788436268068331,0.0,23.9,0.0,76.1,0.0,293,293.0,both,0.3,0.3,0.3
dapper,stable,102,100.0,1000,24.835880473076735,33.70682378335116,34.74818297607158,34.965240972972765,48.75632770019136,0.0,0.727324394359075,0.7916958599890284,18150.0,18.15,18150.0,0.0,0.0,0.0,0.726,0.9931129476584022,0.5371900826446281,0.39,0.4559228650137741,0.0,0.006887052341597796,0.0,27.400000000000002,0.0,72.6,0.0,346,346.0,both,0.3,0.3,0.3
dapper,stable,103,100.0,1000,24.972078044518216,34.293187186352334,34.89307765319619,34.99802137082616,51.339603383966015,0.0,0.7236659440861409,0.7932563630582804,19250.0,19.25,19250.0,0.0,0.0,0.0,0.77,0.9896103896103896,0.5558441558441558,0.428,0.43376623376623374,0.0,0.01038961038961039,0.0,23.0,0.0,77.0,0.0,299,299.0,both,0.3,0.3,0.3
dapper,stable,104,100.0,1000,24.98622097286207,33.860115377670134,34.74837408619961,34.98656616097203,48.55377129680789,0.0,0.7240926018777877,0.7840176176015425,19600.0,19.6,19600.0,0.0,0.0,0.0,0.784,0.9923469387755102,0.4846938775510204,0.38,0.5076530612244898,0.0,0.007653061224489796,0.0,21.6,0.0,78.4,0.0,306,306.0,both,0.3,0.3,0.3
dapper,stable,105,100.0,1000,24.85634769037545,33.82025179084476,34.62504012903672,34.93314580405199,48.80045646092469,0.0,0.7262361051095783,0.7888815928775089,18925.0,18.925,18925.0,0.0,0.0,0.0,0.757,0.9933949801849405,0.5165125495376486,0.391,0.47688243064729197,0.0,0.0066050198150594455,0.0,24.3,0.0,75.7,0.0,302,302.0,both,0.3,0.3,0.3
dapper,stable,106,100.0,1000,24.716410963251104,33.86074949026578,34.68730165917939,34.933586993197196,49.043592259388326,0.0,0.7229428904328138,0.7869161515303188,18525.0,18.525,18525.0,0.0,0.0,0.0,0.741,0.9919028340080972,0.5263157894736842,0.39,0.46558704453441296,0.0,0.008097165991902834,0.0,25.900000000000002,0.0,74.1,0.0,306,306.0,both,0.3,0.3,0.3
dapper,stable,107,100.0,1000,24.88557902804772,33.83424628214373,34.89267109559948,34.9936438529993,49.985075232592294,0.0,0.7245133185042392,0.790930811891161,19150.0,19.15,19150.0,0.0,0.0,0.0,0.766,0.9895561357702349,0.5261096605744126,0.403,0.46344647519582244,0.0,0.010443864229765013,0.0,23.400000000000002,0.0,76.6,0.0,282,282.0,both,0.3,0.3,0.3
dapper,stable,108,100.0,1000,25.235897183714567,34.2868707566229,34.87218349603604,34.989690121554816,48.73274709589434,0.0,0.7254394152220247,0.7892417940278377,18700.0,18.7,18700.0,0.0,0.0,0.0,0.748,0.9879679144385026,0.5120320855614974,0.383,0.47593582887700536,0.0,0.012032085561497326,0.0,25.2,0.0,74.8,0.0,297,297.0,both,0.3,0.3,0.3
dapper,stable,109,100.0,1000,25.268964708760926,34.15910526808331,34.79620852522923,34.94284900848466,48.18981840989554,0.0,0.7225069831603355,0.7822999911177951,18775.0,18.775,18775.0,0.0,0.0,0.0,0.751,0.9853528628495339,0.49134487350199735,0.369,0.4940079893475366,0.0,0.014647137150466045,0.0,24.9,0.0,75.1,0.0,291,291.0,both,0.3,0.3,0.3
dapper,stable,110,100.0,1000,24.978043487255007,33.957417382454665,34.80033649104111,34.99011804008187,49.07175259921091,0.0,0.7239727698806182,0.7869797343785958,18875.0,18.875,18875.0,0.0,0.0,0.0,0.755,0.9854304635761589,0.5178807947019868,0.391,0.4675496688741722,0.0,0.01456953642384106,0.0,24.5,0.0,75.5,0.0,315,315.0,both,0.3,0.3,0.3
dapper,stable,111,100.0,1000,25.491345575881343,33.99942489704205,34.77294614292747,34.98882482505357,49.967745980126054,0.0,0.7264559107913696,0.7911296514473871,18100.0,18.1,18100.0,0.0,0.0,0.0,0.724,0.9930939226519337,0.5483425414364641,0.397,0.4447513812154696,0.0,0.006906077348066298,0.0,27.6,0.0,72.39999999999999,0.0,332,332.0,both,0.3,0.3,0.3
dapper,stable,112,100.0,1000,25.044635098675773,33.93678625080242,34.80594764992258,34.978994945141224,49.584831716663096,0.0,0.7245903067601731,0.7860707837435689,19200.0,19.2,19200.0,0.0,0.0,0.0,0.768,0.9934895833333334,0.5104166666666666,0.392,0.4830729166666667,0.0,0.006510416666666667,0.0,23.200000000000003,0.0,76.8,0.0,296,296.0,both,0.3,0.3,0.3
dapper,stable,113,100.0,1000,24.924957379086543,33.92528008813723,34.852479041190236,34.99387303551587,48.1776700865937,0.0,0.725184772552611,0.7856676472638874,19325.0,19.325,19325.0,0.0,0.0,0.0,0.773,0.981888745148771,0.49029754204398446,0.379,0.49159120310478654,0.0,0.018111254851228976,0.0,22.7,0.0,77.3,0.0,293,293.0,both,0.3,0.3,0.3
dapper,stable,114,100.0,1000,25.128438548268,33.86993382489312,34.786318253661975,34.99771913787838,50.74958006428305,0.0,0.7237524930795687,0.7897707107854829,19050.0,19.05,19050.0,0.0,0.0,0.0,0.762,0.989501312335958,0.5485564304461942,0.418,0.4409448818897638,0.0,0.010498687664041995,0.0,23.799999999999997,0.0,76.2,0.0,298,298.0,both,0.3,0.3,0.3
dapper,stable,115,100.0,1000,25.094705607799348,34.162413089123824,34.74465384721523,34.970565607066455,47.50667008562797,0.0,0.7245886848920773,0.7836840813948575,18175.0,18.175,18175.0,0.0,0.0,0.0,0.727,0.9876203576341128,0.5061898211829436,0.368,0.4814305364511692,0.0,0.012379642365887207,0.0,27.3,0.0,72.7,0.0,297,297.0,both,0.3,0.3,0.3
dapper,stable,116,100.0,1000,25.028301912688907,34.05041769477859,34.88445460350265,34.99403448766891,51.0146276498832,0.0,0.7244573126145593,0.7904861151525956,18950.0,18.95,18950.0,0.0,0.0,0.0,0.758,0.9934036939313984,0.5593667546174143,0.424,0.4340369393139842,0.0,0.006596306068601583,0.0,24.2,0.0,75.8,0.0,285,285.0,both,0.3,0.3,0.3
dapper,stable,117,100.0,1000,24.997182216762514,33.94211020128963,34.806950360419165,34.98156739475102,48.868733626480946,0.0,0.7238166310991714,0.7850254801112495,19175.0,19.175,19175.0,0.0,0.0,0.0,0.767,0.9869621903520208,0.4954367666232073,0.38,0.4915254237288136,0.0,0.01303780964797914,0.0,23.3,0.0,76.7,0.0,308,308.0,both,0.3,0.3,0.3
dapper,stable,118,100.0,1000,25.026589048763064,34.146334679362305,34.835239525322194,34.964244111574146,49.12918382798131,0.0,0.7280528994609765,0.7887425846278621,18800.0,18.8,18800.0,0.0,0.0,0.0,0.752,0.9893617021276596,0.5146276595744681,0.387,0.4747340425531915,0.0,0.010638297872340425,0.0,24.8,0.0,75.2,0.0,288,288.0,both,0.3,0.3,0.3
dapper,stable,119,100.0,1000,24.80107188012856,34.00280379558126,34.81754573602827,34.936826663719394,50.37214298928784,0.0,0.7243707963012889,0.7919637822873008,19100.0,19.1,19100.0,0.0,0.0,0.0,0.764,0.9882198952879581,0.5431937172774869,0.415,0.44502617801047123,0.0,0.011780104712041885,0.0,23.599999999999998,0.0,76.4,0.0,299,299.0,both,0.3,0.3,0.3
dapper,stable,120,100.0,1000,25.000139802139184,33.83887438020657,34.75482963071029,34.96519781982063,50.103444160473536,0.0,0.7247996031934949,0.7886575475295848,19225.0,19.225,19225.0,0.0,0.0,0.0,0.769,0.9856957087126138,0.5279583875162549,0.406,0.4577373211963589,0.0,0.014304291287386216,0.0,23.1,0.0,76.9,0.0,298,298.0,both,0.3,0.3,0.3
dapper,stable,121,100.0,1000,24.870142370806825,34.08802278656587,34.79782372711737,34.96061084968983,48.58026978630279,0.0,0.7235062491591376,0.7852732213961546,19250.0,19.25,19250.0,0.0,0.0,0.0,0.77,0.9896103896103896,0.4961038961038961,0.382,0.4935064935064935,0.0,0.01038961038961039,0.0,23.0,0.0,77.0,0.0,293,293.0,both,0.3,0.3,0.3
dapper,stable,122,100.0,1000,24.829111935230273,33.958468133447,34.74506049633189,34.924143640943036,50.2349959922482,0.0,0.7259117747422895,0.7910685086480161,19525.0,19.525,19525.0,0.0,0.0,0.0,0.781,0.9884763124199744,0.5198463508322664,0.406,0.4686299615877081,0.0,0.011523687580025609,0.0,21.9,0.0,78.10000000000001,0.0,257,257.0,both,0.3,0.3,0.3
dapper,stable,123,100.0,1000,25.35470141463279,34.01400394209814,34.728637206489786,34.90743937957425,49.28872897980479,0.0,0.7231039957478556,0.7870698580939278,19725.0,19.725,19725.0,0.0,0.0,0.0,0.789,0.982256020278834,0.49049429657794674,0.387,0.4917617237008872,0.0,0.017743979721166033,0.0,21.099999999999998,0.0,78.9,0.0,276,276.0,both,0.3,0.3,0.3
dapper,stable,124,100.0,1000,25.00583269004324,34.03261405514325,34.80612955591713,34.95256595801938,47.668613084918974,0.0,0.7270004160651047,0.786137607798336,18800.0,18.8,18800.0,0.0,0.0,0.0,0.752,0.9933510638297872,0.4920212765957447,0.37,0.5013297872340425,0.0,0.006648936170212766,0.0,24.8,0.0,75.2,0.0,346,346.0,both,0.3,0.3,0.3
dapper,stable,125,100.0,1000,24.9867591189863,33.982185709447386,34.8021659840167,34.99165214842439,50.92254414621578,0.0,0.7268533605073024,0.7922553474376988,19150.0,19.15,19150.0,0.0,0.0,0.0,0.766,0.9934725848563969,0.54177545691906,0.415,0.4516971279373368,0.0,0.006527415143603133,0.0,23.400000000000002,0.0,76.6,0.0,286,286.0,both,0.3,0.3,0.3
dapper,stable,126,100.0,1000,24.628886386363657,33.70638744138536,34.672811784104226,34.983867296625746,49.79946497286419,0.0,0.726794351381784,0.7927696736697828,18775.0,18.775,18775.0,0.0,0.0,0.0,0.751,0.9906790945406125,0.5432756324900133,0.408,0.4474034620505992,0.0,0.009320905459387484,0.0,24.9,0.0,75.1,0.0,307,307.0,both,0.3,0.3,0.3
dapper,stable,127,100.0,1000,25.164646066804526,34.17312143282042,34.80106095916998,34.970740898815485,50.116569735578025,0.0,0.7237258806201099,0.7871362538224611,18300.0,18.3,18300.0,0.0,0.0,0.0,0.732,0.9904371584699454,0.5491803278688525,0.402,0.4412568306010929,0.0,0.009562841530054645,0.0,26.8,0.0,73.2,0.0,293,293.0,both,0.3,0.3,0.3
dapper,stable,128,100.0,1000,25.178185128090664,33.92859815320874,34.67968897440042,34.972660274630584,51.6065205740617,0.0,0.7271450910033325,0.7938230994039043,19550.0,19.55,19550.0,0.0,0.0,0.0,0.782,0.9846547314578005,0.540920716112532,0.423,0.4437340153452685,0.0,0.015345268542199489,0.0,21.8,0.0,78.2,0.0,297,297.0,both,0.3,0.3,0.3
dapper,stable,129,100.0,1000,25.217209562918274,34.07064808785484,34.83459462785327,34.9933571344785,49.3894981613683,0.0,0.722736266433297,0.7873687339039616,18800.0,18.8,18800.0,0.0,0.0,0.0,0.752,0.9893617021276596,0.5226063829787234,0.393,0.46675531914893614,0.0,0.010638297872340425,0.0,24.8,0.0,75.2,0.0,316,316.0,both,0.3,0.3,0.3
dapper,congested,100,100.0,1000,14.517460528663763,33.05293966279338,34.57660438929537,34.97404020175507,14.517460528663763,0.0,0.7240427403666138,0.7240427403666138,0.0,0.0,0.0,0.527,0.434,0.0,0.0,0.0,0.0,0.0,0.0,0.0,0.0,0.0,47.3,0.0,0.0,52.7,244,244.0,both,0.3,0.3,0.3
dapper,congested,101,100.0,1000,13.833720431635939,33.58299295026752,34.782299419625055,34.99327875607795,13.833720431635939,0.0,0.7230710878395185,0.7230710878395185,0.0,0.0,0.0,0.579,0.47,0.0,0.0,0.0,0.0,0.0,0.0,0.0,0.0,0.0,42.1,0.0,0.0,57.9,248,248.0,both,0.3,0.3,0.3
dapper,congested,102,100.0,1000,14.896413548771928,33.0491480724683,34.401529652719844,34.856418694025265,14.896413548771928,0.0,0.7269905871515008,0.7269905871515008,0.0,0.0,0.0,0.49,0.414,0.0,0.0,0.0,0.0,0.0,0.0,0.0,0.0,0.0,51.0,0.0,0.0,49.0,260,260.0,both,0.3,0.3,0.3
dapper,congested,103,100.0,1000,14.572414193101203,33.49812904833728,34.56523431966112,34.985893217625524,14.572414193101203,0.0,0.7276216037455255,0.7276216037455255,0.0,0.0,0.0,0.523,0.437,0.0,0.0,0.0,0.0,0.0,0.0,0.0,0.0,0.0,47.699999999999996,0.0,0.0,52.300000000000004,283,283.0,both,0.3,0.3,0.3
dapper,congested,104,100.0,1000,14.484267745996952,32.801776762051134,34.486479955097366,34.94139484896046,14.484267745996952,0.0,0.7258895804153843,0.7258895804153843,0.0,0.0,0.0,0.525,0.439,0.0,0.0,0.0,0.0,0.0,0.0,0.0,0.0,0.0,47.5,0.0,0.0,52.5,253,253.0,both,0.3,0.3,0.3
dapper,congested,105,100.0,1000,14.942877885962575,33.44588031478951,34.78612775457005,34.98145078352877,14.942877885962575,0.0,0.7241865903529172,0.7241865903529172,0.0,0.0,0.0,0.499,0.417,0.0,0.0,0.0,0.0,0.0,0.0,0.0,0.0,0.0,50.1,0.0,0.0,49.9,260,260.0,both,0.3,0.3,0.3
dapper,congested,106,100.0,1000,14.822252496333215,33.17015927921528,34.267977907569545,34.98979405154197,14.822252496333215,0.0,0.7246906866198815,0.7246906866198815,0.0,0.0,0.0,0.5,0.421,0.0,0.0,0.0,0.0,0.0,0.0,0.0,0.0,0.0,50.0,0.0,0.0,50.0,282,282.0,both,0.3,0.3,0.3
dapper,congested,107,100.0,1000,14.220605296635867,33.18228184086914,34.61137440139441,34.94833905393857,14.220605296635867,0.0,0.7264090452343677,0.7264090452343677,0.0,0.0,0.0,0.531,0.439,0.0,0.0,0.0,0.0,0.0,0.0,0.0,0.0,0.0,46.9,0.0,0.0,53.1,233,233.0,both,0.3,0.3,0.3
dapper,congested,108,100.0,1000,14.582634496070334,33.313027103843,34.70217100700294,34.99655745974279,14.582634496070334,0.0,0.7220750474496145,0.7220750474496145,0.0,0.0,0.0,0.535,0.439,0.0,0.0,0.0,0.0,0.0,0.0,0.0,0.0,0.0,46.5,0.0,0.0,53.5,250,250.0,both,0.3,0.3,0.3
dapper,congested,109,100.0,1000,14.739854845585853,33.390583333166305,34.65128274981771,34.96908075225633,14.739854845585853,0.0,0.7232668585378965,0.7232668585378965,0.0,0.0,0.0,0.514,0.429,0.0,0.0,0.0,0.0,0.0,0.0,0.0,0.0,0.0,48.6,0.0,0.0,51.4,255,255.0,both,0.3,0.3,0.3
dapper,congested,110,100.0,1000,14.88499337866653,32.98044332171042,34.40655128099724,34.904974605701966,14.88499337866653,0.0,0.7255753648295153,0.7255753648295153,0.0,0.0,0.0,0.482,0.413,0.0,0.0,0.0,0.0,0.0,0.0,0.0,0.0,0.0,51.800000000000004,0.0,0.0,48.199999999999996,273,273.0,both,0.3,0.3,0.3
dapper,congested,111,100.0,1000,14.565798078141121,33.433007820611955,34.583611642311745,34.96241421096305,14.565798078141121,0.0,0.7233735724062619,0.7233735724062619,0.0,0.0,0.0,0.54,0.438,0.0,0.0,0.0,0.0,0.0,0.0,0.0,0.0,0.0,46.0,0.0,0.0,54.0,237,237.0,both,0.3,0.3,0.3
dapper,congested,112,100.0,1000,14.482371544768785,32.998129383824114,34.53074225287176,34.985906989642146,14.482371544768785,0.0,0.7263508839559062,0.7263508839559062,0.0,0.0,0.0,0.552,0.447,0.0,0.0,0.0,0.0,0.0,0.0,0.0,0.0,0.0,44.800000000000004,0.0,0.0,55.2,232,232.0,both,0.3,0.3,0.3
dapper,congested,113,100.0,1000,13.603640321521194,32.78824175011811,34.418998192809504,34.95607132026257,13.603640321521194,0.0,0.7279416109430238,0.7279416109430238,0.0,0.0,0.0,0.572,0.467,0.0,0.0,0.0,0.0,0.0,0.0,0.0,0.0,0.0,42.8,0.0,0.0,57.199999999999996,235,235.0,both,0.3,0.3,0.3
dapper,congested,114,100.0,1000,13.30546590350629,32.97845699344906,34.540575406089324,34.950166610266486,13.30546590350629,0.0,0.7326479802555602,0.7326479802555602,0.0,0.0,0.0,0.594,0.488,0.0,0.0,0.0,0.0,0.0,0.0,0.0,0.0,0.0,40.6,0.0,0.0,59.4,257,257.0,both,0.3,0.3,0.3
dapper,congested,115,100.0,1000,15.299579153929217,33.274515611645505,34.697840601994514,34.96593743598228,15.299579153929217,0.0,0.7224161259100476,0.7224161259100476,0.0,0.0,0.0,0.496,0.407,0.0,0.0,0.0,0.0,0.0,0.0,0.0,0.0,0.0,50.4,0.0,0.0,49.6,240,240.0,both,0.3,0.3,0.3
dapper,congested,116,100.0,1000,15.057032640418438,33.1771434911181,34.453937215514735,34.9771698353159,15.057032640418438,0.0,0.7264304686131068,0.7264304686131068,0.0,0.0,0.0,0.519,0.427,0.0,0.0,0.0,0.0,0.0,0.0,0.0,0.0,0.0,48.1,0.0,0.0,51.9,251,251.0,both,0.3,0.3,0.3
dapper,congested,117,100.0,1000,14.754480304036111,32.96315000691252,34.284359360103274,34.92469455507625,14.754480304036111,0.0,0.7274631105641677,0.7274631105641677,0.0,0.0,0.0,0.49,0.421,0.0,0.0,0.0,0.0,0.0,0.0,0.0,0.0,0.0,51.0,0.0,0.0,49.0,280,280.0,both,0.3,0.3,0.3
dapper,congested,118,100.0,1000,15.140941738186461,33.25000904184647,34.644986236960484,34.94095401442569,15.140941738186461,0.0,0.7301867002525946,0.7301867002525946,0.0,0.0,0.0,0.496,0.412,0.0,0.0,0.0,0.0,0.0,0.0,0.0,0.0,0.0,50.4,0.0,0.0,49.6,248,248.0,both,0.3,0.3,0.3
dapper,congested,119,100.0,1000,15.28036495898712,33.23052376332621,34.677766766000076,34.97944595589328,15.28036495898712,0.0,0.7262656205689341,0.7262656205689341,0.0,0.0,0.0,0.491,0.413,0.0,0.0,0.0,0.0,0.0,0.0,0.0,0.0,0.0,50.9,0.0,0.0,49.1,260,260.0,both,0.3,0.3,0.3
dapper,congested,120,100.0,1000,14.04817816222445,33.322273000424595,34.42867151072309,34.985958566309606,14.04817816222445,0.0,0.7239472528843228,0.7239472528843228,0.0,0.0,0.0,0.556,0.454,0.0,0.0,0.0,0.0,0.0,0.0,0.0,0.0,0.0,44.4,0.0,0.0,55.60000000000001,262,262.0,both,0.3,0.3,0.3
dapper,congested,121,100.0,1000,13.880573853174589,33.037660997170754,34.65358729318983,34.996277370025744,13.880573853174589,0.0,0.7215770556471078,0.7215770556471078,0.0,0.0,0.0,0.561,0.465,0.0,0.0,0.0,0.0,0.0,0.0,0.0,0.0,0.0,43.9,0.0,0.0,56.10000000000001,263,263.0,both,0.3,0.3,0.3
dapper,congested,122,100.0,1000,14.121104658856986,32.976947863006714,34.67761528119456,34.91653465760954,14.121104658856986,0.0,0.7255681310639729,0.7255681310639729,0.0,0.0,0.0,0.546,0.447,0.0,0.0,0.0,0.0,0.0,0.0,0.0,0.0,0.0,45.4,0.0,0.0,54.6,251,251.0,both,0.3,0.3,0.3
dapper,congested,123,100.0,1000,15.025090273888061,33.321765180939416,34.660152421565115,34.9560016640753,15.025090273888061,0.0,0.723349637051378,0.723349637051378,0.0,0.0,0.0,0.515,0.425,0.0,0.0,0.0,0.0,0.0,0.0,0.0,0.0,0.0,48.5,0.0,0.0,51.5,245,245.0,both,0.3,0.3,0.3
dapper,congested,124,100.0,1000,14.696336866395738,32.81765255885774,34.3024629010335,34.94326242767353,14.696336866395738,0.0,0.7247815698572633,0.7247815698572633,0.0,0.0,0.0,0.508,0.423,0.0,0.0,0.0,0.0,0.0,0.0,0.0,0.0,0.0,49.2,0.0,0.0,50.8,242,242.0,both,0.3,0.3,0.3
dapper,congested,125,100.0,1000,15.0273118243353,33.42410379813246,34.70354861166278,34.99974319601896,15.0273118243353,0.0,0.7210700555116016,0.7210700555116016,0.0,0.0,0.0,0.501,0.417,0.0,0.0,0.0,0.0,0.0,0.0,0.0,0.0,0.0,49.9,0.0,0.0,50.1,256,256.0,both,0.3,0.3,0.3
dapper,congested,126,100.0,1000,14.657028952082998,33.18995950681282,34.71453622135239,34.99086328598782,14.657028952082998,0.0,0.7262952852126315,0.7262952852126315,0.0,0.0,0.0,0.529,0.434,0.0,0.0,0.0,0.0,0.0,0.0,0.0,0.0,0.0,47.099999999999994,0.0,0.0,52.900000000000006,235,235.0,both,0.3,0.3,0.3
dapper,congested,127,100.0,1000,15.15073084288906,33.52224445342437,34.67424883145383,34.99801668883106,15.15073084288906,0.0,0.7240180950787709,0.7240180950787709,0.0,0.0,0.0,0.501,0.416,0.0,0.0,0.0,0.0,0.0,0.0,0.0,0.0,0.0,49.9,0.0,0.0,50.1,262,262.0,both,0.3,0.3,0.3
dapper,congested,128,100.0,1000,14.361790266830743,33.17168267077031,34.62132481369281,34.99302751306131,14.361790266830743,0.0,0.7193323781189026,0.7193323781189026,0.0,0.0,0.0,0.521,0.438,0.0,0.0,0.0,0.0,0.0,0.0,0.0,0.0,0.0,47.9,0.0,0.0,52.1,251,251.0,both,0.3,0.3,0.3
dapper,congested,129,100.0,1000,14.773505744199475,32.97507314596677,34.583036729441766,34.93065733269273,14.773505744199475,0.0,0.7227825143074231,0.7227825143074231,0.0,0.0,0.0,0.507,0.423,0.0,0.0,0.0,0.0,0.0,0.0,0.0,0.0,0.0,49.3,0.0,0.0,50.7,261,261.0,both,0.3,0.3,0.3
dapper,variable,100,100.0,1000,18.524041700419353,33.58683156557287,34.52410070817395,34.95054826151675,19.076901573885202,0.0,0.7255426432868433,0.7273212373173458,550.0,0.55,550.0,0.339,0.268,0.0,0.022,0.9090909090909091,0.45454545454545453,0.01,0.45454545454545453,0.0,0.09090909090909091,0.0,70.7,0.0,2.1999999999999997,27.1,235,235.0,both,0.3,0.3,0.3
dapper,variable,101,100.0,1000,19.175732972782907,33.39342375409839,34.716729365681125,34.99816501848515,19.79670092989652,0.0,0.7272824431581141,0.7288095784316754,450.0,0.45,450.0,0.288,0.23,0.0,0.018,0.8888888888888888,0.5555555555555556,0.01,0.3333333333333333,0.0,0.1111111111111111,0.0,75.0,0.0,1.7999999999999998,23.200000000000003,196,196.0,both,0.3,0.3,0.3
dapper,variable,102,100.0,1000,20.58022371718276,33.952084801243224,34.86267395289757,34.995332379528136,21.293107181779266,0.0,0.7250993314363857,0.7267146262678943,575.0,0.575,575.0,0.222,0.181,0.0,0.023,0.9130434782608695,0.4782608695652174,0.011,0.43478260869565216,0.0,0.08695652173913043,0.0,79.4,0.0,2.3,18.3,179,179.0,both,0.3,0.3,0.3
dapper,variable,103,100.0,1000,18.536300504894395,33.4532980830034,34.6745142049723,34.99051342908312,18.92296977828954,0.0,0.7261834814729449,0.7269863323403235,250.0,0.25,250.0,0.359,0.279,0.0,0.01,0.8,0.6,0.006,0.2,0.0,0.2,0.0,70.7,0.0,1.0,28.299999999999997,226,226.0,both,0.3,0.3,0.3
dapper,variable,104,100.0,1000,20.594866706367217,33.71775252092894,34.67499371233717,34.944614204784195,21.137605924053766,0.0,0.7266751156770971,0.7280372170129895,450.0,0.45,450.0,0.227,0.182,0.0,0.018,0.9444444444444444,0.5,0.009,0.4444444444444444,0.0,0.05555555555555555,0.0,79.9,0.0,1.7999999999999998,18.3,184,184.0,both,0.3,0.3,0.3
dapper,variable,105,100.0,1000,19.467388664688908,33.35088527654596,34.7773651787171,34.98077376103997,19.770660137784347,0.0,0.7265244842235695,0.7272389144010354,275.0,0.275,275.0,0.28,0.222,0.0,0.011,0.9090909090909091,0.45454545454545453,0.005,0.45454545454545453,0.0,0.09090909090909091,0.0,76.4,0.0,1.0999999999999999,22.5,194,194.0,both,0.3,0.3,0.3
dapper,variable,106,100.0,1000,20.344101851304377,33.30585387088181,34.61535134738792,34.993851868805095,21.120500305326168,0.0,0.724673040297042,0.7267440759644985,675.0,0.675,675.0,0.23,0.188,0.0,0.027,0.9629629629629629,0.48148148148148145,0.013,0.48148148148148145,0.0,0.037037037037037035,0.0,78.2,0.0,2.7,19.1,186,186.0,both,0.3,0.3,0.3
dapper,variable,107,100.0,1000,18.94220858402714,33.403277311957986,34.472501802123276,34.98148819897819,19.1128225794834,0.0,0.7236981831439178,0.7242793293102304,150.0,0.15,150.0,0.314,0.25,0.0,0.006,1.0,0.5,0.003,0.5,0.0,0.0,0.0,74.1,0.0,0.6,25.3,211,211.0,both,0.3,0.3,0.3
dapper,variable,108,100.0,1000,19.85315605211175,33.98898454789754,34.77692101060002,34.94872090187498,20.20144318321578,0.0,0.7255389755219569,0.7266129214240112,450.0,0.45,450.0,0.286,0.22,0.0,0.018,0.9444444444444444,0.3333333333333333,0.006,0.6111111111111112,0.0,0.05555555555555555,0.0,76.0,0.0,1.7999999999999998,22.2,199,199.0,both,0.3,0.3,0.3
dapper,variable,109,100.0,1000,19.817599576329297,33.697547011131824,34.73763674397336,34.98660651522982,19.93706830373728,0.0,0.7252659903731734,0.7255278861300396,175.0,0.175,175.0,0.271,0.217,0.0,0.007,1.0,0.2857142857142857,0.002,0.7142857142857143,0.0,0.0,0.0,77.10000000000001,0.0,0.7000000000000001,22.2,190,190.0,both,0.3,0.3,0.3
dapper,variable,110,100.0,1000,20.373686025989265,33.88913957662206,34.67822534775889,34.98146709760653,20.63883374464339,0.0,0.7259341213393268,0.7266850580354193,225.0,0.225,225.0,0.257,0.198,0.0,0.009,0.8888888888888888,0.4444444444444444,0.004,0.4444444444444444,0.0,0.1111111111111111,0.0,79.0,0.0,0.8999999999999999,20.1,178,178.0,both,0.3,0.3,0.3
dapper,variable,111,100.0,1000,19.98064934614184,33.76271782105019,34.723349040720166,34.97684653932659,20.407852953850348,0.0,0.7258017939260338,0.7270087514920146,400.0,0.4,400.0,0.268,0.215,0.0,0.016,0.9375,0.4375,0.007,0.5,0.0,0.0625,0.0,76.6,0.0,1.6,21.8,200,200.0,both,0.3,0.3,0.3
dapper,variable,112,100.0,1000,20.008070817440398,34.054797671088146,34.79412676903375,34.95854802039493,20.69337097315688,0.0,0.7294955531862296,0.7310639614536608,575.0,0.575,575.0,0.261,0.207,0.0,0.023,0.9130434782608695,0.4782608695652174,0.011,0.43478260869565216,0.0,0.08695652173913043,0.0,76.9,0.0,2.3,20.8,205,205.0,both,0.3,0.3,0.3
dapper,variable,113,100.0,1000,20.115452728441152,33.51164099444428,34.78843892853948,34.96829040868747,20.351461879109046,0.0,0.7255681428604382,0.726273512826873,325.0,0.325,325.0,0.251,0.2,0.0,0.013,0.9230769230769231,0.3076923076923077,0.004,0.6153846153846154,0.0,0.07692307692307693,0.0,78.3,0.0,1.3,20.4,184,184.0,both,0.3,0.3,0.3
dapper,variable,114,100.0,1000,18.043694783821717,33.314377927995,34.58689420600469,34.99588156157893,18.441365868125708,0.0,0.7221307874462716,0.7230937130290368,325.0,0.325,325.0,0.341,0.272,0.0,0.013,0.7692307692307693,0.5384615384615384,0.007,0.23076923076923078,0.0,0.23076923076923078,0.0,70.7,0.0,1.3,28.000000000000004,239,239.0,both,0.3,0.3,0.3
dapper,variable,115,100.0,1000,19.89813934843945,33.27869552553213,34.626745067103904,34.87718954629805,20.206116557201895,0.0,0.7222760469188879,0.7230011062173899,300.0,0.3,300.0,0.245,0.201,0.0,0.012,0.8333333333333334,0.4166666666666667,0.005,0.4166666666666667,0.0,0.16666666666666666,0.0,78.2,0.0,1.2,20.599999999999998,203,203.0,both,0.3,0.3,0.3
dapper,variable,116,100.0,1000,19.423854851260984,33.96505188603071,34.76841725790863,34.94714462527301,19.73559609350305,0.0,0.7274585961624062,0.7282339324617942,275.0,0.275,275.0,0.301,0.24,0.0,0.011,1.0,0.45454545454545453,0.005,0.5454545454545454,0.0,0.0,0.0,74.5,0.0,1.0999999999999999,24.4,223,223.0,both,0.3,0.3,0.3
dapper,variable,117,100.0,1000,21.341337054374126,34.09026229114839,34.80942052512287,34.990866631104254,21.718647298677975,0.0,0.7235545891403206,0.7246867160700781,375.0,0.375,375.0,0.195,0.159,0.0,0.015,0.9333333333333333,0.4,0.006,0.5333333333333333,0.0,0.06666666666666667,0.0,82.19999999999999,0.0,1.5,16.3,152,152.0,both,0.3,0.3,0.3
dapper,variable,118,100.0,1000,20.36686931140016,33.48569193447561,34.34933137003848,34.868091607089696,20.821115404297146,0.0,0.725131021962971,0.7261657160351865,425.0,0.425,425.0,0.229,0.183,0.0,0.017,0.8823529411764706,0.4117647058823529,0.007,0.47058823529411764,0.0,0.11764705882352941,0.0,79.9,0.0,1.7000000000000002,18.4,196,196.0,both,0.3,0.3,0.3
dapper,variable,119,100.0,1000,20.00695374972944,33.63450871256817,34.57959716197339,34.95830062764239,20.097167304435615,0.0,0.7242857774840269,0.7246053020033234,100.0,0.1,100.0,0.263,0.209,0.0,0.004,1.0,0.5,0.002,0.5,0.0,0.0,0.0,78.5,0.0,0.4,21.099999999999998,176,176.0,both,0.3,0.3,0.3
dapper,variable,120,100.0,1000,20.699111693785724,33.96526001626422,34.71258654891299,34.99491157025027,20.744552957065025,0.0,0.7230115732624145,0.72313008731654,475.0,0.475,475.0,0.22,0.175,0.0,0.019,1.0,0.05263157894736842,0.001,0.9473684210526315,0.0,0.0,0.0,80.60000000000001,0.0,1.9,17.5,177,177.0,both,0.3,0.3,0.3
dapper,variable,121,100.0,1000,19.894872629239387,33.787801895819854,34.80089032279628,34.994688323129196,20.71689911809892,0.0,0.7231337051705565,0.7253187668211432,475.0,0.475,475.0,0.259,0.204,0.0,0.019,0.9473684210526315,0.6842105263157895,0.013,0.2631578947368421,0.0,0.05263157894736842,0.0,77.3,0.0,1.9,20.8,184,184.0,both,0.3,0.3,0.3
dapper,variable,122,100.0,1000,20.156692601950134,33.66024019530863,34.631522901173106,34.97317679379236,20.895467505802277,0.0,0.7275149354925786,0.729517061958952,400.0,0.4,400.0,0.241,0.192,0.0,0.016,0.9375,0.75,0.012,0.1875,0.0,0.0625,0.0,79.0,0.0,1.6,19.400000000000002,188,188.0,both,0.3,0.3,0.3
dapper,variable,123,100.0,1000,19.9700025557772,33.74857653344912,34.79494063069068,34.9960844952581,20.37946445170712,0.0,0.7295336400482126,0.7307878616041097,250.0,0.25,250.0,0.269,0.213,0.0,0.01,1.0,0.7,0.007,0.3,0.0,0.0,0.0,77.3,0.0,1.0,21.7,183,183.0,both,0.3,0.3,0.3
dapper,variable,124,100.0,1000,20.949710233913,33.61582768332837,34.67732058291188,34.996246009129095,21.320711309578158,0.0,0.7239658429077314,0.7250839174965246,500.0,0.5,500.0,0.205,0.165,0.0,0.02,0.65,0.3,0.006,0.35,0.0,0.35,0.0,81.3,0.0,2.0,16.7,161,161.0,both,0.3,0.3,0.3
dapper,variable,125,100.0,1000,19.865581426784633,33.49190490358524,34.745991804463934,34.94952031560075,20.66533203637112,0.0,0.7249772180601104,0.7269668633805358,600.0,0.6,600.0,0.261,0.208,0.0,0.024,0.9166666666666666,0.5416666666666666,0.013,0.375,0.0,0.08333333333333333,0.0,76.8,0.0,2.4,20.8,214,214.0,both,0.3,0.3,0.3
dapper,variable,126,100.0,1000,20.279556196890102,33.74230555256358,34.720173914570076,34.997585709381326,20.80412000974833,0.0,0.7301388180885674,0.7314330225776065,425.0,0.425,425.0,0.249,0.2,0.0,0.017,0.9411764705882353,0.5882352941176471,0.01,0.35294117647058826,0.0,0.058823529411764705,0.0,78.10000000000001,0.0,1.7000000000000002,20.200000000000003,191,191.0,both,0.3,0.3,0.3
dapper,variable,127,100.0,1000,19.895648702693556,33.92386788918592,34.70618338050205,34.9805264786951,20.348944605861824,0.0,0.726156938206613,0.7275120807339122,350.0,0.35,350.0,0.275,0.215,0.0,0.014,1.0,0.5,0.007,0.5,0.0,0.0,0.0,76.9,0.0,1.4000000000000001,21.7,184,184.0,both,0.3,0.3,0.3
dapper,variable,128,100.0,1000,18.341378951764174,33.559955877204736,34.6934715473512,34.96530254190218,18.52660920602694,0.0,0.7273384359229588,0.7276530127945661,175.0,0.175,175.0,0.336,0.269,0.0,0.007,0.7142857142857143,0.42857142857142855,0.003,0.2857142857142857,0.0,0.2857142857142857,0.0,72.1,0.0,0.7000000000000001,27.200000000000003,228,228.0,both,0.3,0.3,0.3
dapper,variable,129,100.0,1000,20.277109317901544,33.91049053081545,34.77333674805944,34.967648156933706,20.767856395551398,0.0,0.7219684115276944,0.7231355755582762,400.0,0.4,400.0,0.258,0.206,0.0,0.016,0.875,0.5,0.008,0.375,0.0,0.125,0.0,77.8,0.0,1.6,20.599999999999998,194,194.0,both,0.3,0.3,0.3
