policy,profile,seed,deadline_ms,frames,mean_latency_ms,p95_latency_ms,p99_latency_ms,max_latency_ms,mean_final_latency_ms,deadline_miss_rate,mean_output_confidence,usable_confidence_proxy,total_bandwidth_kb,bandwidth_per_frame_kb,bandwidth_per_1000_frames_kb,fallback_rate,reuse_rate,stale_acceptance_rate,remote_attempt_rate,remote_success_rate,remote_accept_rate,remote_accepted_per_frame,remote_rejected_deadline_rate,remote_rejected_freshness_rate,remote_failed_loss_rate,remote_unreachable_rate,pct_local_fast,pct_edge_accurate,pct_hybrid,pct_degraded_safe,mode_switches,mode_switches_per_1000,swept_parameter,swept_value,is_selected_value
dapper,stable,100,100.0,1000,25.279403323317702,33.96035223762113,34.73962355895296,34.988775105687154,25.279403323317702,0.0,0.7265268897628933,0.7265268897628933,0.0,0.0,0.0,0.0,0.0,0.0,0.0,0.0,0.0,0.0,0.0,0.0,0.0,0.0,100.0,0.0,0.0,0.0,0,0.0,risk_local_threshold,0.25,False
dapper,stable,101,100.0,1000,24.820657080469697,33.96040511204254,34.788072376532675,34.99828909781833,24.820657080469697,0.0,0.7249338588619687,0.7249338588619687,0.0,0.0,0.0,0.0,0.0,0.0,0.0,0.0,0.0,0.0,0.0,0.0,0.0,0.0,100.0,0.0,0.0,0.0,0,0.0,risk_local_threshold,0.25,False
dapper,stable,102,100.0,1000,24.835880473076735,33.70682378335116,34.74818297607158,34.965240972972765,24.835880473076735,0.0,0.727324394359075,0.727324394359075,0.0,0.0,0.0,0.0,0.0,0.0,0.0,0.0,0.0,0.0,0.0,0.0,0.0,0.0,100.0,0.0,0.0,0.0,0,0.0,risk_local_threshold,0.25,False
dapper,stable,103,100.0,1000,24.972078044518216,34.293187186352334,34.89307765319619,34.99802137082616,24.972078044518216,0.0,0.7236659440861409,0.7236659440861409,0.0,0.0,0.0,0.0,0.0,0.0,0.0,0.0,0.0,0.0,0.0,0.0,0.0,0.0,100.0,0.0,0.0,0.0,0,0.0,risk_local_threshold,0.25,False
dapper,stable,104,100.0,1000,24.98622097286207,33.860115377670134,34.74837408619961,34.98656616097203,24.98622097286207,0.0,0.7240926018777877,0.7240926018777877,0.0,0.0,0.0,0.0,0.0,0.0,0.0,0.0,0.0,0.0,0.0,0.0,0.0,0.0,100.0,0.0,0.0,0.0,0,0.0,risk_local_threshold,0.25,False
dapper,stable,105,100.0,1000,24.85634769037545,33.82025179084476,34.62504012903672,34.93314580405199,24.85634769037545,0.0,0.7262361051095783,0.7262361051095783,0.0,0.0,0.0,0.0,0.0,0.0,0.0,0.0,0.0,0.0,0.0,0.0,0.0,0.0,100.0,0.0,0.0,0.0,0,0.0,risk_local_threshold,0.25,False
dapper,stable,106,100.0,1000,24.716410963251104,33.86074949026578,34.68730165917939,34.933586993197196,24.716410963251104,0.0,0.7229428904328138,0.7229428904328138,0.0,0.0,0.0,0.0,0.0,0.0,0.0,0.0,0.0,0.0,0.0,0.0,0.0,0.0,100.0,0.0,0.0,0.0,0,0.0,risk_local_threshold,0.25,False
dapper,stable,107,100.0,1000,24.88557902804772,33.83424628214373,34.89267109559948,34.9936438529993,24.88557902804772,0.0,0.7245133185042392,0.7245133185042392,0.0,0.0,0.0,0.0,0.0,0.0,0.0,0.0,0.0,0.0,0.0,0.0,0.0,0.0,100.0,0.0,0.0,0.0,0,0.0,risk_local_threshold,0.25,False
dapper,stable,108,100.0,1000,25.235897183714567,34.2868707566229,34.87218349603604,34.989690121554816,25.235897183714567,0.0,0.7254394152220247,0.7254394152220247,0.0,0.0,0.0,0.0,0.0,0.0,0.0,0.0,0.0,0.0,0.0,0.0,0.0,0.0,100.0,0.0,0.0,0.0,0,0.0,risk_local_threshold,0.25,False
dapper,stable,109,100.0,1000,25.268964708760926,34.15910526808331,34.79620852522923,34.94284900848466,25.268964708760926,0.0,0.7225069831603355,0.7225069831603355,0.0,0.0,0.0,0.0,0.0,0.0,0.0,0.0,0.0,0.0,0.0,0.0,0.0,0.0,100.0,0.0,0.0,0.0,0,0.0,risk_local_threshold,0.25,False
dapper,stable,110,100.0,1000,24.978043487255007,33.957417382454665,34.80033649104111,34.99011804008187,24.978043487255007,0.0,0.7239727698806182,0.7239727698806182,0.0,0.0,0.0,0.0,0.0,0.0,0.0,0.0,0.0,0.0,0.0,0.0,0.0,0.0,100.0,0.0,0.0,0.0,0,0.0,risk_local_threshold,0.25,False
dapper,stable,111,100.0,1000,25.491345575881343,33.99942489704205,34.77294614292747,34.98882482505357,25.491345575881343,0.0,0.7264559107913696,0.7264559107913696,0.0,0.0,0.0,0.0,0.0,0.0,0.0,0.0,0.0,0.0,0.0,0.0,0.0,0.0,100.0,0.0,0.0,0.0,0,0.0,risk_local_threshold,0.25,False
dapper,stable,112,100.0,1000,25.044635098675773,33.93678625080242,34.80594764992258,34.978994945141224,25.044635098675773,0.0,0.7245903067601731,0.7245903067601731,0.0,0.0,0.0,0.0,0.0,0.0,0.0,0.0,0.0,0.0,0.0,0.0,0.0,0.0,100.0,0.0,0.0,0.0,0,0.0,risk_local_threshold,0.25,False
dapper,stable,113,100.0,1000,24.924957379086543,33.92528008813723,34.852479041190236,34.99387303551587,24.99608733050645,0.0,0.725184772552611,0.7254138854414528,25.0,0.025,25.0,0.0,0.0,0.0,0.001,1.0,1.0,0.001,0.0,0.0,0.0,0.0,99.9,0.0,0.1,0.0,2,2.0,risk_local_threshold,0.25,False
dapper,stable,114,100.0,1000,25.128438548268,33.86993382489312,34.786318253661975,34.99771913787838,25.128438548268,0.0,0.7237524930795687,0.7237524930795687,0.0,0.0,0.0,0.0,0.0,0.0,0.0,0.0,0.0,0.0,0.0,0.0,0.0,0.0,100.0,0.0,0.0,0.0,0,0.0,risk_local_threshold,0.25,False
dapper,stable,115,100.0,1000,25.094705607799348,34.162413089123824,34.74465384721523,34.970565607066455,25.094705607799348,0.0,0.7245886848920773,0.7245886848920773,0.0,0.0,0.0,0.0,0.0,0.0,0.0,0.0,0.0,0.0,0.0,0.0,0.0,0.0,100.0,0.0,0.0,0.0,0,0.0,risk_local_threshold,0.25,False
dapper,stable,116,100.0,1000,25.028301912688907,34.05041769477859,34.88445460350265,34.99403448766891,25.028301912688907,0.0,0.7244573126145593,0.7244573126145593,0.0,0.0,0.0,0.0,0.0,0.0,0.0,0.0,0.0,0.0,0.0,0.0,0.0,0.0,100.0,0.0,0.0,0.0,0,0.0,risk_local_threshold,0.25,False
dapper,stable,117,100.0,1000,24.997182216762514,33.94211020128963,34.806950360419165,34.98156739475102,24.997182216762514,0.0,0.7238166310991714,0.7238166310991714,0.0,0.0,0.0,0.0,0.0,0.0,0.0,0.0,0.0,0.0,0.0,0.0,0.0,0.0,100.0,0.0,0.0,0.0,0,0.0,risk_local_threshold,0.25,False
dapper,stable,118,100.0,1000,25.026589048763064,34.146334679362305,34.835239525322194,34.964244111574146,25.026589048763064,0.0,0.7280528994609765,0.7280528994609765,0.0,0.0,0.0,0.0,0.0,0.0,0.0,0.0,0.0,0.0,0.0,0.0,0.0,0.0,100.0,0.0,0.0,0.0,0,0.0,risk_local_threshold,0.25,False
dapper,stable,119,100.0,1000,24.80107188012856,34.00280379558126,34.81754573602827,34.936826663719394,24.80107188012856,0.0,0.7243707963012889,0.7243707963012889,0.0,0.0,0.0,0.0,0.0,0.0,0.0,0.0,0.0,0.0,0.0,0.0,0.0,0.0,100.0,0.0,0.0,0.0,0,0.0,risk_local_threshold,0.25,False
dapper,stable,120,100.0,1000,25.000139802139184,33.83887438020657,34.75482963071029,34.96519781982063,25.000139802139184,0.0,0.7247996031934949,0.7247996031934949,0.0,0.0,0.0,0.0,0.0,0.0,0.0,0.0,0.0,0.0,0.0,0.0,0.0,0.0,100.0,0.0,0.0,0.0,0,0.0,risk_local_threshold,0.25,False
dapper,stable,121,100.0,1000,24.870142370806825,34.08802278656587,34.79782372711737,34.96061084968983,24.870142370806825,0.0,0.7235062491591376,0.7235062491591376,0.0,0.0,0.0,0.0,0.0,0.0,0.0,0.0,0.0,0.0,0.0,0.0,0.0,0.0,100.0,0.0,0.0,0.0,0,0.0,risk_local_threshold,0.25,False
dapper,stable,122,100.0,1000,24.829111935230273,33.958468133447,34.74506049633189,34.924143640943036,24.829111935230273,0.0,0.7259117747422895,0.7259117747422895,0.0,0.0,0.0,0.0,0.0,0.0,0.0,0.0,0.0,0.0,0.0,0.0,0.0,0.0,100.0,0.0,0.0,0.0,0,0.0,risk_local_threshold,0.25,False
dapper,stable,123,100.0,1000,25.35470141463279,34.01400394209814,34.728637206489786,34.90743937957425,25.35470141463279,0.0,0.7231039957478556,0.7231039957478556,0.0,0.0,0.0,0.0,0.0,0.0,0.0,0.0,0.0,0.0,0.0,0.0,0.0,0.0,100.0,0.0,0.0,0.0,0,0.0,risk_local_threshold,0.25,False
dapper,stable,124,100.0,1000,25.00583269004324,34.03261405514325,34.80612955591713,34.95256595801938,25.00583269004324,0.0,0.7270004160651047,0.7270004160651047,0.0,0.0,0.0,0.0,0.0,0.0,0.0,0.0,0.0,0.0,0.0,0.0,0.0,0.0,100.0,0.0,0.0,0.0,0,0.0,risk_local_threshold,0.25,False
dapper,stable,125,100.0,1000,24.9867591189863,33.982185709447386,34.8021659840167,34.99165214842439,24.9867591189863,0.0,0.7268533605073024,0.7268533605073024,0.0,0.0,0.0,0.0,0.0,0.0,0.0,0.0,0.0,0.0,0.0,0.0,0.0,0.0,100.0,0.0,0.0,0.0,0,0.0,risk_local_threshold,0.25,False
dapper,stable,126,100.0,1000,24.628886386363657,33.70638744138536,34.672811784104226,34.983867296625746,24.628886386363657,0.0,0.726794351381784,0.726794351381784,0.0,0.0,0.0,0.0,0.0,0.0,0.0,0.0,0.0,0.0,0.0,0.0,0.0,0.0,100.0,0.0,0.0,0.0,0,0.0,risk_local_threshold,0.25,False
dapper,stable,127,100.0,1000,25.164646066804526,34.17312143282042,34.80106095916998,34.970740898815485,25.164646066804526,0.0,0.7237258806201099,0.7237258806201099,0.0,0.0,0.0,0.0,0.0,0.0,0.0,0.0,0.0,0.0,0.0,0.0,0.0,0.0,100.0,0.0,0.0,0.0,0,0.0,risk_local_threshold,0.25,False
dapper,stable,128,100.0,1000,25.178185128090664,33.92859815320874,34.67968897440042,34.972660274630584,25.178185128090664,0.0,0.7271450910033325,0.7271450910033325,0.0,0.0,0.0,0.0,0.0,0.0,0.0,0.0,0.0,0.0,0.0,0.0,0.0,0.0,100.0,0.0,0.0,0.0,0,0.0,risk_local_threshold,0.25,False
dapper,stable,129,100.0,1000,25.217209562918274,34.07064808785484,34.83459462785327,34.9933571344785,25.217209562918274,0.0,0.722736266433297,0.722736266433297,0.0,0.0,0.0,0.0,0.0,0.0,0.0,0.0,0.0,0.0,0.0,0.0,0.0,0.0,100.0,0.0,0.0,0.0,0,0.0,risk_local_threshold,0.25,False
dapper,congested,100,100.0,1000,24.824557271985057,33.928407620489025,34.77556075006328,34.97404020175507,24.824557271985057,0.0,0.7231225654703062,0.7231225654703062,0.0,0.0,0.0,0.004,0.004,0.0,0.0,0.0,0.0,0.0,0.0,0.0,0.0,0.0,99.6,0.0,0.0,0.4,8,8.0,risk_local_threshold,0.25,False
dapper,congested,101,100.0,1000,25.026673523971784,34.03466107987438,34.84243479054015,34.99327875607795,25.026673523971784,0.0,0.7239603822715144,0.7239603822715144,0.0,0.0,0.0,0.007,0.007,0.0,0.0,0.0,0.0,0.0,0.0,0.0,0.0,0.0,99.3,0.0,0.0,0.7000000000000001,12,12.0,risk_local_threshold,0.25,False
dapper,congested,102,100.0,1000,24.829712790777762,33.96479457393766,34.69588731781126,34.989536221406055,24.829712790777762,0.0,0.7270052366898776,0.7270052366898776,0.0,0.0,0.0,0.008,0.008,0.0,0.0,0.0,0.0,0.0,0.0,0.0,0.0,0.0,99.2,0.0,0.0,0.8,14,14.0,risk_local_threshold,0.25,False
dapper,congested,103,100.0,1000,24.892785643695664,34.09454856492267,34.78542999553827,34.985893217625524,24.892785643695664,0.0,0.7249187188165734,0.7249187188165734,0.0,0.0,0.0,0.006,0.006,0.0,0.0,0.0,0.0,0.0,0.0,0.0,0.0,0.0,99.4,0.0,0.0,0.6,12,12.0,risk_local_threshold,0.25,False
dapper,congested,104,100.0,1000,24.77796847513708,33.81394766067372,34.81048977789511,34.94578824107255,24.77796847513708,0.0,0.7272547943451833,0.7272547943451833,0.0,0.0,0.0,0.008,0.008,0.0,0.0,0.0,0.0,0.0,0.0,0.0,0.0,0.0,99.2,0.0,0.0,0.8,14,14.0,risk_local_threshold,0.25,False
dapper,congested,105,100.0,1000,24.677162661323955,34.007432758127685,34.86009343610894,34.98145078352877,24.677162661323955,0.0,0.7241646482306923,0.7241646482306923,0.0,0.0,0.0,0.008,0.008,0.0,0.0,0.0,0.0,0.0,0.0,0.0,0.0,0.0,99.2,0.0,0.0,0.8,12,12.0,risk_local_threshold,0.25,False
dapper,congested,106,100.0,1000,24.772684967250918,33.98450796903268,34.753821099438774,34.98979405154197,24.772684967250918,0.0,0.7262080408789683,0.7262080408789683,0.0,0.0,0.0,0.007,0.007,0.0,0.0,0.0,0.0,0.0,0.0,0.0,0.0,0.0,99.3,0.0,0.0,0.7000000000000001,8,8.0,risk_local_threshold,0.25,False
dapper,congested,107,100.0,1000,24.763848167260303,33.88426057014752,34.77470672268729,34.998762184541775,24.763848167260303,0.0,0.7257346306649486,0.7257346306649486,0.0,0.0,0.0,0.005,0.005,0.0,0.0,0.0,0.0,0.0,0.0,0.0,0.0,0.0,99.5,0.0,0.0,0.5,8,8.0,risk_local_threshold,0.25,False
dapper,congested,108,100.0,1000,24.953177155047733,33.943119032195405,34.814499351033405,34.99655745974279,24.953177155047733,0.0,0.7244295155267036,0.7244295155267036,0.0,0.0,0.0,0.008,0.008,0.0,0.0,0.0,0.0,0.0,0.0,0.0,0.0,0.0,99.2,0.0,0.0,0.8,14,14.0,risk_local_threshold,0.25,False
dapper,congested,109,100.0,1000,24.847059358357548,33.93181537323021,34.785030538309286,34.98925809716232,24.847059358357548,0.0,0.7234323551786083,0.7234323551786083,0.0,0.0,0.0,0.007,0.007,0.0,0.0,0.0,0.0,0.0,0.0,0.0,0.0,0.0,99.3,0.0,0.0,0.7000000000000001,10,10.0,risk_local_threshold,0.25,False
dapper,congested,110,100.0,1000,24.70223165713215,33.71973175922034,34.60151524624712,34.90888622322395,24.70223165713215,0.0,0.7246938266396346,0.7246938266396346,0.0,0.0,0.0,0.005,0.005,0.0,0.0,0.0,0.0,0.0,0.0,0.0,0.0,0.0,99.5,0.0,0.0,0.5,8,8.0,risk_local_threshold,0.25,False
dapper,congested,111,100.0,1000,24.94253826558974,33.995133250212476,34.74455155405684,34.96241421096305,24.94253826558974,0.0,0.7254545302713125,0.7254545302713125,0.0,0.0,0.0,0.008,0.008,0.0,0.0,0.0,0.0,0.0,0.0,0.0,0.0,0.0,99.2,0.0,0.0,0.8,14,14.0,risk_local_threshold,0.25,False
dapper,congested,112,100.0,1000,24.86963877249279,33.90095224371657,34.76580213455383,34.985906989642146,24.86963877249279,0.0,0.7266076329631779,0.7266076329631779,0.0,0.0,0.0,0.013,0.013,0.0,0.0,0.0,0.0,0.0,0.0,0.0,0.0,0.0,98.7,0.0,0.0,1.3,18,18.0,risk_local_threshold,0.25,False
dapper,congested,113,100.0,1000,24.72292431672843,33.938019364553725,34.77247181035648,34.98424994294581,24.72292431672843,0.0,0.7265134749764945,0.7265134749764945,0.0,0.0,0.0,0.007,0.007,0.0,0.0,0.0,0.0,0.0,0.0,0.0,0.0,0.0,99.3,0.0,0.0,0.7000000000000001,12,12.0,risk_local_threshold,0.25,False
dapper,congested,114,100.0,1000,24.915906991902833,33.99518413696301,34.87476614646897,34.96282987218834,24.915906991902833,0.0,0.7286233928366593,0.7286233928366593,0.0,0.0,0.0,0.008,0.008,0.0,0.0,0.0,0.0,0.0,0.0,0.0,0.0,0.0,99.2,0.0,0.0,0.8,10,10.0,risk_local_threshold,0.25,False
dapper,congested,115,100.0,1000,25.085740611498316,34.01033183391731,34.751795785617006,34.96593743598228,25.085740611498316,0.0,0.722824442674691,0.722824442674691,0.0,0.0,0.0,0.006,0.006,0.0,0.0,0.0,0.0,0.0,0.0,0.0,0.0,0.0,99.4,0.0,0.0,0.6,10,10.0,risk_local_threshold,0.25,False
dapper,congested,116,100.0,1000,25.324934204252145,33.95730249293956,34.77240430108412,34.9771698353159,25.324934204252145,0.0,0.7260315559209485,0.7260315559209485,0.0,0.0,0.0,0.008,0.008,0.0,0.0,0.0,0.0,0.0,0.0,0.0,0.0,0.0,99.2,0.0,0.0,0.8,16,16.0,risk_local_threshold,0.25,False
dapper,congested,117,100.0,1000,24.38620885543388,33.706919736517364,34.66361864084976,34.994340946660934,24.38620885543388,0.0,0.7253330615138619,0.7253330615138619,0.0,0.0,0.0,0.008,0.008,0.0,0.0,0.0,0.0,0.0,0.0,0.0,0.0,0.0,99.2,0.0,0.0,0.8,16,16.0,risk_local_threshold,0.25,False
dapper,congested,118,100.0,1000,25.01023416650803,34.01490807545646,34.75940662114508,34.968506891824205,25.01023416650803,0.0,0.7268033495517163,0.7268033495517163,0.0,0.0,0.0,0.007,0.007,0.0,0.0,0.0,0.0,0.0,0.0,0.0,0.0,0.0,99.3,0.0,0.0,0.7000000000000001,12,12.0,risk_local_threshold,0.25,False
dapper,congested,119,100.0,1000,25.237974362405513,33.930297923071485,34.79939395844596,34.97944595589328,25.237974362405513,0.0,0.7235998627315303,0.7235998627315303,0.0,0.0,0.0,0.005,0.005,0.0,0.0,0.0,0.0,0.0,0.0,0.0,0.0,0.0,99.5,0.0,0.0,0.5,8,8.0,risk_local_threshold,0.25,False
dapper,congested,120,100.0,1000,24.770729236686982,33.99634834863332,34.78821886321599,34.985958566309606,24.770729236686982,0.0,0.724149083598059,0.724149083598059,0.0,0.0,0.0,0.008,0.008,0.0,0.0,0.0,0.0,0.0,0.0,0.0,0.0,0.0,99.2,0.0,0.0,0.8,16,16.0,risk_local_threshold,0.25,False
dapper,congested,121,100.0,1000,24.670024513531853,33.750343569648706,34.75280697328194,34.996277370025744,24.670024513531853,0.0,0.7242193034879331,0.7242193034879331,0.0,0.0,0.0,0.006,0.006,0.0,0.0,0.0,0.0,0.0,0.0,0.0,0.0,0.0,99.4,0.0,0.0,0.6,10,10.0,risk_local_threshold,0.25,False
dapper,congested,122,100.0,1000,24.53787182490916,33.83751458842038,34.770700984913006,34.91653465760954,24.53787182490916,0.0,0.726925307989091,0.726925307989091,0.0,0.0,0.0,0.013,0.013,0.0,0.0,0.0,0.0,0.0,0.0,0.0,0.0,0.0,98.7,0.0,0.0,1.3,14,14.0,risk_local_threshold,0.25,False
dapper,congested,123,100.0,1000,24.972968667791022,34.0068905091913,34.771507219222585,34.98883073588995,24.972968667791022,0.0,0.7231981737549722,0.7231981737549722,0.0,0.0,0.0,0.002,0.002,0.0,0.0,0.0,0.0,0.0,0.0,0.0,0.0,0.0,99.8,0.0,0.0,0.2,4,4.0,risk_local_threshold,0.25,False
dapper,congested,124,100.0,1000,24.68398444976012,33.74309287533703,34.66363593071505,34.94326242767353,24.68398444976012,0.0,0.7246698111318651,0.7246698111318651,0.0,0.0,0.0,0.006,0.006,0.0,0.0,0.0,0.0,0.0,0.0,0.0,0.0,0.0,99.4,0.0,0.0,0.6,10,10.0,risk_local_threshold,0.25,False
dapper,congested,125,100.0,1000,24.725669553063664,34.05786747219948,34.83418763630404,34.99974319601896,24.725669553063664,0.0,0.7228975062228786,0.7228975062228786,0.0,0.0,0.0,0.012,0.012,0.0,0.0,0.0,0.0,0.0,0.0,0.0,0.0,0.0,98.8,0.0,0.0,1.2,14,14.0,risk_local_threshold,0.25,False
dapper,congested,126,100.0,1000,24.961010734873252,33.97988585528562,34.774114294105054,34.99086328598782,24.961010734873252,0.0,0.7258907807888281,0.7258907807888281,0.0,0.0,0.0,0.002,0.002,0.0,0.0,0.0,0.0,0.0,0.0,0.0,0.0,0.0,99.8,0.0,0.0,0.2,4,4.0,risk_local_threshold,0.25,False
dapper,congested,127,100.0,1000,24.79915459305446,33.97839515917549,34.71031183612322,34.99801668883106,24.79915459305446,0.0,0.7241769809830646,0.7241769809830646,0.0,0.0,0.0,0.01,0.01,0.0,0.0,0.0,0.0,0.0,0.0,0.0,0.0,0.0,99.0,0.0,0.0,1.0,18,18.0,risk_local_threshold,0.25,False
dapper,congested,128,100.0,1000,24.671514882986425,34.08647701991846,34.783499539553866,34.99302751306131,24.671514882986425,0.0,0.72324842617587,0.72324842617587,0.0,0.0,0.0,0.008,0.008,0.0,0.0,0.0,0.0,0.0,0.0,0.0,0.0,0.0,99.2,0.0,0.0,0.8,12,12.0,risk_local_threshold,0.25,False
dapper,congested,129,100.0,1000,24.599702966215787,33.90591045177916,34.77957296022762,34.981958638619645,24.599702966215787,0.0,0.7227863941222297,0.7227863941222297,0.0,0.0,0.0,0.013,0.013,0.0,0.0,0.0,0.0,0.0,0.0,0.0,0.0,0.0,98.7,0.0,0.0,1.3,20,20.0,risk_local_threshold,0.25,False
dapper,lossy,100,100.0,1000,25.284238375351617,34.04718924628941,34.84826155800029,34.98907189172226,25.284238375351617,0.0,0.7261089761349956,0.7261089761349956,0.0,0.0,0.0,0.0,0.0,0.0,0.0,0.0,0.0,0.0,0.0,0.0,0.0,0.0,100.0,0.0,0.0,0.0,0,0.0,risk_local_threshold,0.25,False
dapper,lossy,101,100.0,1000,25.059527190349893,34.120642165867906,34.8265496982896,34.99538718567808,25.059527190349893,0.0,0.7233638220296621,0.7233638220296621,0.0,0.0,0.0,0.0,0.0,0.0,0.0,0.0,0.0,0.0,0.0,0.0,0.0,0.0,100.0,0.0,0.0,0.0,0,0.0,risk_local_threshold,0.25,False
dapper,lossy,102,100.0,1000,24.993003502753638,33.78557770295638,34.81151542684563,34.990087052311324,24.993003502753638,0.0,0.7247993890094673,0.7247993890094673,0.0,0.0,0.0,0.0,0.0,0.0,0.0,0.0,0.0,0.0,0.0,0.0,0.0,0.0,100.0,0.0,0.0,0.0,0,0.0,risk_local_threshold,0.25,False
dapper,lossy,103,100.0,1000,25.072925546868568,34.23372242321619,34.794279965090745,34.9768308072483,25.072925546868568,0.0,0.7255664298957895,0.7255664298957895,0.0,0.0,0.0,0.0,0.0,0.0,0.0,0.0,0.0,0.0,0.0,0.0,0.0,0.0,100.0,0.0,0.0,0.0,0,0.0,risk_local_threshold,0.25,False
dapper,lossy,104,100.0,1000,24.952721574773207,33.7641107522445,34.821547122134376,34.99174516374082,24.952721574773207,0.0,0.725270205207262,0.725270205207262,0.0,0.0,0.0,0.0,0.0,0.0,0.0,0.0,0.0,0.0,0.0,0.0,0.0,0.0,100.0,0.0,0.0,0.0,0,0.0,risk_local_threshold,0.25,False
dapper,lossy,105,100.0,1000,25.095152971928933,33.826524025580916,34.67873591147265,34.99594666457182,25.095152971928933,0.0,0.7248747477212536,0.7248747477212536,0.0,0.0,0.0,0.0,0.0,0.0,0.0,0.0,0.0,0.0,0.0,0.0,0.0,0.0,100.0,0.0,0.0,0.0,0,0.0,risk_local_threshold,0.25,False
dapper,lossy,106,100.0,1000,24.856568122610433,33.832964597231225,34.72189143706977,34.99784375073101,24.856568122610433,0.0,0.7235813767870335,0.7235813767870335,0.0,0.0,0.0,0.0,0.0,0.0,0.0,0.0,0.0,0.0,0.0,0.0,0.0,0.0,100.0,0.0,0.0,0.0,0,0.0,risk_local_threshold,0.25,False
dapper,lossy,107,100.0,1000,24.68158080592215,34.00414573371424,34.83973190471446,34.99325658145116,24.68158080592215,0.0,0.7241940517114336,0.7241940517114336,0.0,0.0,0.0,0.0,0.0,0.0,0.0,0.0,0.0,0.0,0.0,0.0,0.0,0.0,100.0,0.0,0.0,0.0,0,0.0,risk_local_threshold,0.25,False
dapper,lossy,108,100.0,1000,25.047265262517854,34.05795037600457,34.73288919337191,34.96757252768798,25.047265262517854,0.0,0.7235643813542582,0.7235643813542582,0.0,0.0,0.0,0.0,0.0,0.0,0.0,0.0,0.0,0.0,0.0,0.0,0.0,0.0,100.0,0.0,0.0,0.0,0,0.0,risk_local_threshold,0.25,False
dapper,lossy,109,100.0,1000,24.775139056545807,34.049418286887835,34.7919194149339,34.94624843509132,24.775139056545807,0.0,0.7212325912059436,0.7212325912059436,0.0,0.0,0.0,0.0,0.0,0.0,0.0,0.0,0.0,0.0,0.0,0.0,0.0,0.0,100.0,0.0,0.0,0.0,0,0.0,risk_local_threshold,0.25,False
dapper,lossy,110,100.0,1000,25.004520730247734,33.8683404853258,34.86997539103268,34.98456857838196,25.004520730247734,0.0,0.7268739784421301,0.7268739784421301,0.0,0.0,0.0,0.0,0.0,0.0,0.0,0.0,0.0,0.0,0.0,0.0,0.0,0.0,100.0,0.0,0.0,0.0,0,0.0,risk_local_threshold,0.25,False
dapper,lossy,111,100.0,1000,24.90307640535743,34.14835345167596,34.756755348825656,34.981698697795565,24.90307640535743,0.0,0.7248703254305311,0.7248703254305311,0.0,0.0,0.0,0.0,0.0,0.0,0.0,0.0,0.0,0.0,0.0,0.0,0.0,0.0,100.0,0.0,0.0,0.0,0,0.0,risk_local_threshold,0.25,False
dapper,lossy,112,100.0,1000,24.956367632930085,34.151123089835,34.870234716853815,34.962158450180866,24.956367632930085,0.0,0.7253954496233768,0.7253954496233768,0.0,0.0,0.0,0.0,0.0,0.0,0.0,0.0,0.0,0.0,0.0,0.0,0.0,0.0,100.0,0.0,0.0,0.0,0,0.0,risk_local_threshold,0.25,False
dapper,lossy,113,100.0,1000,25.11573781751927,34.14436127878192,34.867885766711,34.99782157537433,25.11573781751927,0.0,0.7254462125679975,0.7254462125679975,0.0,0.0,0.0,0.0,0.0,0.0,0.0,0.0,0.0,0.0,0.0,0.0,0.0,0.0,100.0,0.0,0.0,0.0,0,0.0,risk_local_threshold,0.25,False
dapper,lossy,114,100.0,1000,25.05695156474369,34.026649628584615,34.857774174382406,34.983091762156874,25.05695156474369,0.0,0.72440817275247,0.72440817275247,0.0,0.0,0.0,0.0,0.0,0.0,0.0,0.0,0.0,0.0,0.0,0.0,0.0,0.0,100.0,0.0,0.0,0.0,0,0.0,risk_local_threshold,0.25,False
dapper,lossy,115,100.0,1000,24.76252752899427,34.140208891814694,34.85306689119638,34.992962372181864,24.76252752899427,0.0,0.7251726691219196,0.7251726691219196,0.0,0.0,0.0,0.0,0.0,0.0,0.0,0.0,0.0,0.0,0.0,0.0,0.0,0.0,100.0,0.0,0.0,0.0,0,0.0,risk_local_threshold,0.25,False
dapper,lossy,116,100.0,1000,24.951356764470432,33.914227978461774,34.857265543400885,34.99525986411179,24.951356764470432,0.0,0.7243445892890008,0.7243445892890008,0.0,0.0,0.0,0.0,0.0,0.0,0.0,0.0,0.0,0.0,0.0,0.0,0.0,0.0,100.0,0.0,0.0,0.0,0,0.0,risk_local_threshold,0.25,False
dapper,lossy,117,100.0,1000,25.037129912861214,33.9567672696681,34.764351269100246,34.996388970755305,25.037129912861214,0.0,0.726073452957747,0.726073452957747,0.0,0.0,0.0,0.0,0.0,0.0,0.0,0.0,0.0,0.0,0.0,0.0,0.0,0.0,100.0,0.0,0.0,0.0,0,0.0,risk_local_threshold,0.25,False
dapper,lossy,118,100.0,1000,24.83203368389728,33.86314293776527,34.704566823658226,34.94197590424748,24.83203368389728,0.0,0.7277094589160901,0.7277094589160901,0.0,0.0,0.0,0.0,0.0,0.0,0.0,0.0,0.0,0.0,0.0,0.0,0.0,0.0,100.0,0.0,0.0,0.0,0,0.0,risk_local_threshold,0.25,False
dapper,lossy,119,100.0,1000,25.22380561542694,34.16353447898527,34.88856396573517,34.993426719837316,25.22380561542694,0.0,0.72570145608929,0.72570145608929,0.0,0.0,0.0,0.0,0.0,0.0,0.0,0.0,0.0,0.0,0.0,0.0,0.0,0.0,100.0,0.0,0.0,0.0,0,0.0,risk_local_threshold,0.25,False
dapper,lossy,120,100.0,1000,24.94356883456326,33.94762430607923,34.82126839451995,34.99480299428936,24.94356883456326,0.0,0.7242446744200584,0.7242446744200584,0.0,0.0,0.0,0.0,0.0,0.0,0.0,0.0,0.0,0.0,0.0,0.0,0.0,0.0,100.0,0.0,0.0,0.0,0,0.0,risk_local_threshold,0.25,False
dapper,lossy,121,100.0,1000,24.890186762682326,33.9509837447526,34.75636721943252,34.9865485323475,24.890186762682326,0.0,0.7226738180182367,0.7226738180182367,0.0,0.0,0.0,0.0,0.0,0.0,0.0,0.0,0.0,0.0,0.0,0.0,0.0,0.0,100.0,0.0,0.0,0.0,0,0.0,risk_local_threshold,0.25,False
dapper,lossy,122,100.0,1000,25.08579289471596,34.07524967583675,34.72465675884838,34.92311681265087,25.08579289471596,0.0,0.7253656451784852,0.7253656451784852,0.0,0.0,0.0,0.0,0.0,0.0,0.0,0.0,0.0,0.0,0.0,0.0,0.0,0.0,100.0,0.0,0.0,0.0,0,0.0,risk_local_threshold,0.25,False
dapper,lossy,123,100.0,1000,24.817178107343594,33.97858252982191,34.71884738710505,34.9640180768012,24.817178107343594,0.0,0.725177200048534,0.725177200048534,0.0,0.0,0.0,0.0,0.0,0.0,0.0,0.0,0.0,0.0,0.0,0.0,0.0,0.0,100.0,0.0,0.0,0.0,0,0.0,risk_local_threshold,0.25,False
dapper,lossy,124,100.0,1000,25.144076835710404,34.0084817041087,34.82162623829404,34.999930978152555,25.144076835710404,0.0,0.7252006399861742,0.7252006399861742,0.0,0.0,0.0,0.0,0.0,0.0,0.0,0.0,0.0,0.0,0.0,0.0,0.0,0.0,100.0,0.0,0.0,0.0,0,0.0,risk_local_threshold,0.25,False
dapper,lossy,125,100.0,1000,25.290207315525716,34.07810779324134,34.85987931432081,34.99675173862079,25.290207315525716,0.0,0.725008358044021,0.725008358044021,0.0,0.0,0.0,0.0,0.0,0.0,0.0,0.0,0.0,0.0,0.0,0.0,0.0,0.0,100.0,0.0,0.0,0.0,0,0.0,risk_local_threshold,0.25,False
dapper,lossy,126,100.0,1000,25.012306557377276,34.01851118868758,34.87231873366858,34.99707928007821,25.012306557377276,0.0,0.7223553858756083,0.7223553858756083,0.0,0.0,0.0,0.0,0.0,0.0,0.0,0.0,0.0,0.0,0.0,0.0,0.0,0.0,100.0,0.0,0.0,0.0,0,0.0,risk_local_threshold,0.25,False
dapper,lossy,127,100.0,1000,24.933813775828348,34.03862120823819,34.851014551058256,34.985303846764054,24.933813775828348,0.0,0.7254720911704587,0.7254720911704587,0.0,0.0,0.0,0.0,0.0,0.0,0.0,0.0,0.0,0.0,0.0,0.0,0.0,0.0,100.0,0.0,0.0,0.0,0,0.0,risk_local_threshold,0.25,False
dapper,lossy,128,100.0,1000,25.361525346794913,34.112832194106765,34.722796126768856,34.99638466136344,25.361525346794913,0.0,0.7258146565752936,0.7258146565752936,0.0,0.0,0.0,0.0,0.0,0.0,0.0,0.0,0.0,0.0,0.0,0.0,0.0,0.0,100.0,0.0,0.0,0.0,0,0.0,risk_local_threshold,0.25,False
dapper,lossy,129,100.0,1000,24.956002553810663,34.060395492680186,34.85750602439408,34.980831653703675,24.956002553810663,0.0,0.7240405957959037,0.7240405957959037,0.0,0.0,0.0,0.0,0.0,0.0,0.0,0.0,0.0,0.0,0.0,0.0,0.0,0.0,100.0,0.0,0.0,0.0,0,0.0,risk_local_threshold,0.25,False
dapper,variable,100,100.0,1000,19.847097399190012,33.61420558459003,34.76027410675784,34.95054826151675,19.882586604038202,0.0,0.725680446030306,0.7258842177439517,50.0,0.05,50.0,0.284,0.216,0.0,0.002,1.0,0.5,0.001,0.5,0.0,0.0,0.0,78.2,0.0,0.2,21.6,158,158.0,risk_local_threshold,0.25,False
dapper,variable,101,100.0,1000,19.873228370530978,33.51859359353788,34.716729365681125,34.99816501848515,19.873228370530978,0.0,0.7271437035603974,0.7271437035603974,25.0,0.025,25.0,0.256,0.2,0.0,0.001,0.0,0.0,0.0,0.0,0.0,1.0,0.0,79.9,0.0,0.1,20.0,144,144.0,risk_local_threshold,0.25,False
dapper,variable,102,100.0,1000,21.725835154751234,33.952084801243224,34.85412725538718,34.995332379528136,21.725835154751234,0.0,0.7253923428217819,0.7253923428217819,0.0,0.0,0.0,0.167,0.131,0.0,0.0,0.0,0.0,0.0,0.0,0.0,0.0,0.0,86.9,0.0,0.0,13.100000000000001,94,94.0,risk_local_threshold,0.25,False
dapper,variable,103,100.0,1000,19.512093113412188,33.581179869308166,34.6745142049723,34.99051342908312,19.512093113412188,0.0,0.7261937654458711,0.7261937654458711,0.0,0.0,0.0,0.315,0.239,0.0,0.0,0.0,0.0,0.0,0.0,0.0,0.0,0.0,76.1,0.0,0.0,23.9,168,168.0,risk_local_threshold,0.25,False
dapper,variable,104,100.0,1000,21.518439904160722,33.92297556550541,34.71580596411837,34.944614204784195,21.518439904160722,0.0,0.7272218707282757,0.7272218707282757,0.0,0.0,0.0,0.187,0.143,0.0,0.0,0.0,0.0,0.0,0.0,0.0,0.0,0.0,85.7,0.0,0.0,14.299999999999999,102,102.0,risk_local_threshold,0.25,False
dapper,variable,105,100.0,1000,20.409246302565197,33.52133876628223,34.7773651787171,34.98077376103997,20.409246302565197,0.0,0.726150768098847,0.726150768098847,0.0,0.0,0.0,0.238,0.184,0.0,0.0,0.0,0.0,0.0,0.0,0.0,0.0,0.0,81.6,0.0,0.0,18.4,128,128.0,risk_local_threshold,0.25,False
dapper,variable,106,100.0,1000,21.59372391817589,33.5305156645498,34.67586933903363,34.993851868805095,21.642380058316213,0.0,0.7255234671581106,0.7257159380039979,25.0,0.025,25.0,0.175,0.136,0.0,0.001,1.0,1.0,0.001,0.0,0.0,0.0,0.0,86.3,0.0,0.1,13.600000000000001,98,98.0,risk_local_threshold,0.25,False
dapper,variable,107,100.0,1000,20.056441701403287,33.56666120695883,34.6268453225655,34.98148819897819,20.056441701403287,0.0,0.723739164005539,0.723739164005539,0.0,0.0,0.0,0.261,0.201,0.0,0.0,0.0,0.0,0.0,0.0,0.0,0.0,0.0,79.9,0.0,0.0,20.1,146,146.0,risk_local_threshold,0.25,False
dapper,variable,108,100.0,1000,20.480881005394448,33.99159903353784,34.77692101060002,34.94872090187498,20.480881005394448,0.0,0.7257838058382391,0.7257838058382391,0.0,0.0,0.0,0.26,0.196,0.0,0.0,0.0,0.0,0.0,0.0,0.0,0.0,0.0,80.4,0.0,0.0,19.6,140,140.0,risk_local_threshold,0.25,False
dapper,variable,109,100.0,1000,21.210997956041414,33.76823065319891,34.76110730262953,34.98660651522982,21.210997956041414,0.0,0.7237472249348079,0.7237472249348079,0.0,0.0,0.0,0.203,0.156,0.0,0.0,0.0,0.0,0.0,0.0,0.0,0.0,0.0,84.39999999999999,0.0,0.0,15.6,114,114.0,risk_local_threshold,0.25,False
dapper,variable,110,100.0,1000,20.982663888093814,33.908831310824965,34.67822534775889,34.98146709760653,20.982663888093814,0.0,0.7252583766377324,0.7252583766377324,0.0,0.0,0.0,0.226,0.171,0.0,0.0,0.0,0.0,0.0,0.0,0.0,0.0,0.0,82.89999999999999,0.0,0.0,17.1,124,124.0,risk_local_threshold,0.25,False
dapper,variable,111,100.0,1000,21.15036747714493,33.79838354481562,34.723349040720166,34.97684653932659,21.15036747714493,0.0,0.7256303758132654,0.7256303758132654,0.0,0.0,0.0,0.216,0.166,0.0,0.0,0.0,0.0,0.0,0.0,0.0,0.0,0.0,83.39999999999999,0.0,0.0,16.6,122,122.0,risk_local_threshold,0.25,False
dapper,variable,112,100.0,1000,21.078172240720427,34.0565418294024,34.79412676903375,34.95854802039493,21.15428485790153,0.0,0.728773769620013,0.7289845658848524,25.0,0.025,25.0,0.215,0.162,0.0,0.001,1.0,1.0,0.001,0.0,0.0,0.0,0.0,83.7,0.0,0.1,16.2,120,120.0,risk_local_threshold,0.25,False
dapper,variable,113,100.0,1000,21.273906223598555,33.57682626381407,34.78843892853948,34.96829040868747,21.407197908227634,0.0,0.7259076767330915,0.7262625960385696,50.0,0.05,50.0,0.197,0.15,0.0,0.002,1.0,1.0,0.002,0.0,0.0,0.0,0.0,84.8,0.0,0.2,15.0,110,110.0,risk_local_threshold,0.25,False
dapper,variable,114,100.0,1000,19.651478679764644,33.53883646549626,34.61117657596823,34.99588156157893,19.651478679764644,0.0,0.7219795376567065,0.7219795376567065,0.0,0.0,0.0,0.266,0.205,0.0,0.0,0.0,0.0,0.0,0.0,0.0,0.0,0.0,79.5,0.0,0.0,20.5,150,150.0,risk_local_threshold,0.25,False
dapper,variable,115,100.0,1000,21.45827282696581,33.34691437699113,34.626745067103904,34.87718954629805,21.501875107852523,0.0,0.7230935571850724,0.7232997891097337,25.0,0.025,25.0,0.176,0.137,0.0,0.001,1.0,1.0,0.001,0.0,0.0,0.0,0.0,86.2,0.0,0.1,13.700000000000001,110,110.0,risk_local_threshold,0.25,False
dapper,variable,116,100.0,1000,20.840460970931165,33.98344969197258,34.76841725790863,34.94714462527301,20.840460970931165,0.0,0.7289372186607409,0.7289372186607409,0.0,0.0,0.0,0.239,0.184,0.0,0.0,0.0,0.0,0.0,0.0,0.0,0.0,0.0,81.6,0.0,0.0,18.4,136,136.0,risk_local_threshold,0.25,False
dapper,variable,117,100.0,1000,22.76021868961211,34.240173789397694,34.82080355680936,34.990866631104254,22.76021868961211,0.0,0.7236897900442029,0.7236897900442029,0.0,0.0,0.0,0.132,0.1,0.0,0.0,0.0,0.0,0.0,0.0,0.0,0.0,0.0,90.0,0.0,0.0,10.0,70,70.0,risk_local_threshold,0.25,False
dapper,variable,118,100.0,1000,21.19990772515089,33.5101571170854,34.37942051281876,34.868091607089696,21.19990772515089,0.0,0.7249084744953512,0.7249084744953512,0.0,0.0,0.0,0.193,0.148,0.0,0.0,0.0,0.0,0.0,0.0,0.0,0.0,0.0,85.2,0.0,0.0,14.799999999999999,110,110.0,risk_local_threshold,0.25,False
dapper,variable,119,100.0,1000,20.98980792595105,33.65904383541709,34.57959716197339,34.99635852821138,20.98980792595105,0.0,0.7244109584616726,0.7244109584616726,0.0,0.0,0.0,0.218,0.166,0.0,0.0,0.0,0.0,0.0,0.0,0.0,0.0,0.0,83.39999999999999,0.0,0.0,16.6,116,116.0,risk_local_threshold,0.25,False
dapper,variable,120,100.0,1000,21.637219680970638,33.96526001626422,34.71258654891299,34.99491157025027,21.637219680970638,0.0,0.7236256274039456,0.7236256274039456,50.0,0.05,50.0,0.179,0.134,0.0,0.002,1.0,0.0,0.0,1.0,0.0,0.0,0.0,86.4,0.0,0.2,13.4,100,100.0,risk_local_threshold,0.25,False
dapper,variable,121,100.0,1000,20.769854338698046,33.76407787463392,34.80089032279628,34.994688323129196,20.848443625543368,0.0,0.7246801812954811,0.7247866654880621,25.0,0.025,25.0,0.217,0.168,0.0,0.001,1.0,1.0,0.001,0.0,0.0,0.0,0.0,83.1,0.0,0.1,16.8,120,120.0,risk_local_threshold,0.25,False
dapper,variable,122,100.0,1000,21.13175821444513,33.694416258508085,34.631522901173106,34.97317679379236,21.13175821444513,0.0,0.727101792089757,0.727101792089757,0.0,0.0,0.0,0.197,0.151,0.0,0.0,0.0,0.0,0.0,0.0,0.0,0.0,0.0,84.89999999999999,0.0,0.0,15.1,110,110.0,risk_local_threshold,0.25,False
dapper,variable,123,100.0,1000,21.09321361110236,33.79103353765298,34.79488657343286,34.98222422308634,21.09321361110236,0.0,0.7282104611957531,0.7282104611957531,25.0,0.025,25.0,0.215,0.164,0.0,0.001,1.0,0.0,0.0,1.0,0.0,0.0,0.0,83.5,0.0,0.1,16.400000000000002,121,121.0,risk_local_threshold,0.25,False
dapper,variable,124,100.0,1000,21.732988484636902,33.61582768332837,34.67732058291188,34.996246009129095,21.732988484636902,0.0,0.7242599698219147,0.7242599698219147,0.0,0.0,0.0,0.169,0.132,0.0,0.0,0.0,0.0,0.0,0.0,0.0,0.0,0.0,86.8,0.0,0.0,13.200000000000001,94,94.0,risk_local_threshold,0.25,False
dapper,variable,125,100.0,1000,20.769788307085673,33.55572104656107,34.7780426012565,34.94952031560075,20.80303424039086,0.0,0.7246252838037862,0.7247916875899626,25.0,0.025,25.0,0.222,0.17,0.0,0.001,1.0,1.0,0.001,0.0,0.0,0.0,0.0,82.89999999999999,0.0,0.1,17.0,126,126.0,risk_local_threshold,0.25,False
dapper,variable,126,100.0,1000,21.1478810158433,33.75159446968112,34.720173914570076,34.997585709381326,21.1478810158433,0.0,0.7296789516875403,0.7296789516875403,0.0,0.0,0.0,0.21,0.163,0.0,0.0,0.0,0.0,0.0,0.0,0.0,0.0,0.0,83.7,0.0,0.0,16.3,115,115.0,risk_local_threshold,0.25,False
dapper,variable,127,100.0,1000,20.660215773075464,34.01155392391131,34.710521322396545,34.9805264786951,20.660215773075464,0.0,0.7254115546748069,0.7254115546748069,0.0,0.0,0.0,0.245,0.187,0.0,0.0,0.0,0.0,0.0,0.0,0.0,0.0,0.0,81.3,0.0,0.0,18.7,132,132.0,risk_local_threshold,0.25,False
dapper,variable,128,100.0,1000,19.588881490818014,33.63444553862527,34.724924465655434,34.96530254190218,19.588881490818014,0.0,0.7260593204690197,0.7260593204690197,0.0,0.0,0.0,0.278,0.214,0.0,0.0,0.0,0.0,0.0,0.0,0.0,0.0,0.0,78.60000000000001,0.0,0.0,21.4,154,154.0,risk_local_threshold,0.25,False
dapper,variable,129,100.0,1000,21.009790891695804,33.95183803633796,34.77333674805944,34.967648156933706,21.009790891695804,0.0,0.7216296347896245,0.7216296347896245,25.0,0.025,25.0,0.227,0.175,0.0,0.001,1.0,0.0,0.0,1.0,0.0,0.0,0.0,82.39999999999999,0.0,0.1,17.5,122,122.0,risk_local_threshold,0.25,False
dapper,outage,100,100.0,1000,7.390958833110617,31.53222247776869,33.92161243264051,34.99545577037872,7.390958833110617,0.0,0.7256162643603677,0.7256162643603677,0.0,0.0,0.0,1.0,0.735,0.0,0.0,0.0,0.0,0.0,0.0,0.0,0.0,0.0,22.6,0.0,0.0,77.4,422,422.0,risk_local_threshold,0.25,False
dapper,outage,101,100.0,1000,7.394054329988902,31.520563490832846,34.26171430265933,34.94450915915627,7.394054329988902,0.0,0.7269702216094329,0.7269702216094329,0.0,0.0,0.0,1.0,0.736,0.0,0.0,0.0,0.0,0.0,0.0,0.0,0.0,0.0,21.9,0.0,0.0,78.10000000000001,412,412.0,risk_local_threshold,0.25,False
dapper,outage,102,100.0,1000,7.51680019137851,31.462924322041214,34.417701339171714,34.98162652146018,7.51680019137851,0.0,0.725179462474503,0.725179462474503,0.0,0.0,0.0,1.0,0.731,0.0,0.0,0.0,0.0,0.0,0.0,0.0,0.0,0.0,23.200000000000003,0.0,0.0,76.8,422,422.0,risk_local_threshold,0.25,False
dapper,outage,103,100.0,1000,7.378221024983012,31.251434028184203,34.6042054298873,34.981104653112794,7.378221024983012,0.0,0.7262335249696575,0.7262335249696575,0.0,0.0,0.0,1.0,0.735,0.0,0.0,0.0,0.0,0.0,0.0,0.0,0.0,0.0,23.0,0.0,0.0,77.0,429,429.0,risk_local_threshold,0.25,False
dapper,outage,104,100.0,1000,7.568293210290533,31.59395630138461,34.54533747275368,34.97633437705056,7.568293210290533,0.0,0.7263175970031922,0.7263175970031922,0.0,0.0,0.0,1.0,0.728,0.0,0.0,0.0,0.0,0.0,0.0,0.0,0.0,0.0,23.5,0.0,0.0,76.5,422,422.0,risk_local_threshold,0.25,False
dapper,outage,105,100.0,1000,7.519378267796368,31.402502329388795,34.46505659979935,34.921933732182964,7.519378267796368,0.0,0.7248271436420854,0.7248271436420854,0.0,0.0,0.0,1.0,0.732,0.0,0.0,0.0,0.0,0.0,0.0,0.0,0.0,0.0,22.8,0.0,0.0,77.2,417,417.0,risk_local_threshold,0.25,False
dapper,outage,106,100.0,1000,7.549106265746754,31.449714720334896,34.37540672388598,34.964850295506736,7.549106265746754,0.0,0.7212594093828284,0.7212594093828284,0.0,0.0,0.0,1.0,0.732,0.0,0.0,0.0,0.0,0.0,0.0,0.0,0.0,0.0,22.3,0.0,0.0,77.7,414,414.0,risk_local_threshold,0.25,False
dapper,outage,107,100.0,1000,7.495635529917344,31.80791921566703,34.39018497885919,34.99112443015811,7.495635529917344,0.0,0.7250211366010297,0.7250211366010297,0.0,0.0,0.0,1.0,0.733,0.0,0.0,0.0,0.0,0.0,0.0,0.0,0.0,0.0,23.1,0.0,0.0,76.9,422,422.0,risk_local_threshold,0.25,False
dapper,outage,108,100.0,1000,7.251361824662859,31.14265792210696,34.17418822409749,34.97297658698431,7.251361824662859,0.0,0.7266974788453335,0.7266974788453335,0.0,0.0,0.0,1.0,0.736,0.0,0.0,0.0,0.0,0.0,0.0,0.0,0.0,0.0,23.0,0.0,0.0,77.0,426,426.0,risk_local_threshold,0.25,False
dapper,outage,109,100.0,1000,7.685496458575816,31.705170488180077,34.40871885608117,34.88886016594044,7.685496458575816,0.0,0.7258121030951461,0.7258121030951461,0.0,0.0,0.0,1.0,0.729,0.0,0.0,0.0,0.0,0.0,0.0,0.0,0.0,0.0,23.5,0.0,0.0,76.5,427,427.0,risk_local_threshold,0.25,False
dapper,outage,110,100.0,1000,7.355193804523941,30.694822041353905,34.222511546491425,34.969462845702225,7.355193804523941,0.0,0.7245809511185383,0.7245809511185383,0.0,0.0,0.0,1.0,0.735,0.0,0.0,0.0,0.0,0.0,0.0,0.0,0.0,0.0,22.8,0.0,0.0,77.2,425,425.0,risk_local_threshold,0.25,False
dapper,outage,111,100.0,1000,7.398682547644234,31.455362565824643,34.05726657846486,34.958198085831974,7.398682547644234,0.0,0.7280638471067766,0.7280638471067766,0.0,0.0,0.0,1.0,0.732,0.0,0.0,0.0,0.0,0.0,0.0,0.0,0.0,0.0,22.900000000000002,0.0,0.0,77.10000000000001,414,414.0,risk_local_threshold,0.25,False
dapper,outage,112,100.0,1000,7.370625290236145,31.426397231090824,34.038780941246515,34.949972127365655,7.370625290236145,0.0,0.7280606555765715,0.7280606555765715,0.0,0.0,0.0,1.0,0.734,0.0,0.0,0.0,0.0,0.0,0.0,0.0,0.0,0.0,22.1,0.0,0.0,77.9,412,412.0,risk_local_threshold,0.25,False
dapper,outage,113,100.0,1000,7.147796806593906,30.844985093880027,33.96419838510252,34.91680130902314,7.147796806593906,0.0,0.7299582611154545,0.7299582611154545,0.0,0.0,0.0,1.0,0.737,0.0,0.0,0.0,0.0,0.0,0.0,0.0,0.0,0.0,23.200000000000003,0.0,0.0,76.8,437,437.0,risk_local_threshold,0.25,False
dapper,outage,114,100.0,1000,7.501176014095029,31.4914309836508,34.414218678920534,34.97406829855338,7.501176014095029,0.0,0.7224631994341497,0.7224631994341497,0.0,0.0,0.0,1.0,0.728,0.0,0.0,0.0,0.0,0.0,0.0,0.0,0.0,0.0,22.3,0.0,0.0,77.7,398,398.0,risk_local_threshold,0.25,False
dapper,outage,115,100.0,1000,7.428611862088066,30.652007764158807,34.152857588086846,34.990047900593524,7.428611862088066,0.0,0.7262317832361891,0.7262317832361891,0.0,0.0,0.0,1.0,0.735,0.0,0.0,0.0,0.0,0.0,0.0,0.0,0.0,0.0,22.2,0.0,0.0,77.8,413,413.0,risk_local_threshold,0.25,False
dapper,outage,116,100.0,1000,7.310877248374183,30.959598437937885,34.2744524675671,34.84799240200695,7.310877248374183,0.0,0.727895972888168,0.727895972888168,0.0,0.0,0.0,1.0,0.734,0.0,0.0,0.0,0.0,0.0,0.0,0.0,0.0,0.0,23.5,0.0,0.0,76.5,434,434.0,risk_local_threshold,0.25,False
dapper,outage,117,100.0,1000,7.385847848859415,31.09198240986329,34.14712359689956,34.96597639562117,7.385847848859415,0.0,0.7183856901372877,0.7183856901372877,0.0,0.0,0.0,1.0,0.732,0.0,0.0,0.0,0.0,0.0,0.0,0.0,0.0,0.0,21.9,0.0,0.0,78.10000000000001,403,403.0,risk_local_threshold,0.25,False
dapper,outage,118,100.0,1000,7.254554051460061,31.241459127591458,33.60889001037177,34.741923692424066,7.254554051460061,0.0,0.7269199104810466,0.7269199104810466,0.0,0.0,0.0,1.0,0.737,0.0,0.0,0.0,0.0,0.0,0.0,0.0,0.0,0.0,22.0,0.0,0.0,78.0,408,408.0,risk_local_threshold,0.25,False
dapper,outage,119,100.0,1000,7.544636632920723,31.97128927281031,34.12470746616695,34.92690319762808,7.544636632920723,0.0,0.7220765044472426,0.7220765044472426,0.0,0.0,0.0,1.0,0.733,0.0,0.0,0.0,0.0,0.0,0.0,0.0,0.0,0.0,23.599999999999998,0.0,0.0,76.4,434,434.0,risk_local_threshold,0.25,False
dapper,outage,120,100.0,1000,7.2966883444603,30.892941767709793,34.211465224522804,34.99743937003936,7.2966883444603,0.0,0.7277157448014966,0.7277157448014966,0.0,0.0,0.0,1.0,0.733,0.0,0.0,0.0,0.0,0.0,0.0,0.0,0.0,0.0,22.1,0.0,0.0,77.9,410,410.0,risk_local_threshold,0.25,False
dapper,outage,121,100.0,1000,7.333809267763978,31.109084311834984,33.97165026658857,34.64971422730907,7.333809267763978,0.0,0.7274434266949621,0.7274434266949621,0.0,0.0,0.0,1.0,0.738,0.0,0.0,0.0,0.0,0.0,0.0,0.0,0.0,0.0,22.7,0.0,0.0,77.3,427,427.0,risk_local_threshold,0.25,False
dapper,outage,122,100.0,1000,7.251434439695796,30.60696308430699,34.355640534389124,34.986643071399804,7.251434439695796,0.0,0.7230377555986962,0.7230377555986962,0.0,0.0,0.0,1.0,0.738,0.0,0.0,0.0,0.0,0.0,0.0,0.0,0.0,0.0,21.8,0.0,0.0,78.2,412,412.0,risk_local_threshold,0.25,False
dapper,outage,123,100.0,1000,7.348689071341893,31.31477153672879,33.77157051102519,34.93381679406212,7.348689071341893,0.0,0.7249842011830019,0.7249842011830019,0.0,0.0,0.0,1.0,0.734,0.0,0.0,0.0,0.0,0.0,0.0,0.0,0.0,0.0,22.6,0.0,0.0,77.4,416,416.0,risk_local_threshold,0.25,False
dapper,outage,124,100.0,1000,7.660167119732145,32.1804553486177,34.264528586595944,34.941792593643456,7.660167119732145,0.0,0.7230039723105824,0.7230039723105824,0.0,0.0,0.0,1.0,0.731,0.0,0.0,0.0,0.0,0.0,0.0,0.0,0.0,0.0,22.3,0.0,0.0,77.7,400,400.0,risk_local_threshold,0.25,False
dapper,outage,125,100.0,1000,7.350838089581009,31.434653948905787,34.32904496368304,34.97323235440945,7.350838089581009,0.0,0.7221812250823167,0.7221812250823167,0.0,0.0,0.0,1.0,0.733,0.0,0.0,0.0,0.0,0.0,0.0,0.0,0.0,0.0,23.200000000000003,0.0,0.0,76.8,428,428.0,risk_local_threshold,0.25,False
dapper,outage,126,100.0,1000,7.215129876013096,30.710400018658593,33.86622552192073,34.99530404733341,7.215129876013096,0.0,0.725540342550057,0.725540342550057,0.0,0.0,0.0,1.0,0.738,0.0,0.0,0.0,0.0,0.0,0.0,0.0,0.0,0.0,22.6,0.0,0.0,77.4,428,428.0,risk_local_threshold,0.25,False
dapper,outage,127,100.0,1000,7.168677740371282,30.32721903409148,33.88590346281151,34.91862325958482,7.168677740371282,0.0,0.7321660926795039,0.7321660926795039,0.0,0.0,0.0,1.0,0.738,0.0,0.0,0.0,0.0,0.0,0.0,0.0,0.0,0.0,21.9,0.0,0.0,78.10000000000001,409,409.0,risk_local_threshold,0.25,False
dapper,outage,128,100.0,1000,7.182658284101614,30.07092856934142,34.160945540901714,34.96572059102459,7.182658284101614,0.0,0.7245057292187558,0.7245057292187558,0.0,0.0,0.0,1.0,0.736,0.0,0.0,0.0,0.0,0.0,0.0,0.0,0.0,0.0,23.0,0.0,0.0,77.0,428,428.0,risk_local_threshold,0.25,False
dapper,outage,129,100.0,1000,7.192894149462109,30.305709714834187,34.22738591997794,34.97529884555047,7.192894149462109,0.0,0.7266441172681618,0.7266441172681618,0.0,0.0,0.0,1.0,0.738,0.0,0.0,0.0,0.0,0.0,0.0,0.0,0.0,0.0,21.3,0.0,0.0,78.7,404,404.0,risk_local_threshold,0.25,False
dapper,stable,100,100.0,1000,25.279403323317702,33.96035223762113,34.73962355895296,34.988775105687154,45.38198377272682,0.0,0.7265268897628933,0.7779984152379288,16025.0,16.025,16024.999999999998,0.0,0.0,0.0,0.641,0.9953198127925117,0.5101404056162246,0.327,0.48517940717628705,0.0,0.0046801872074883,0.0,35.9,0.0,64.1,0.0,337,337.0,risk_local_threshold,0.3,False
dapper,stable,101,100.0,1000,24.820657080469697,33.96040511204254,34.788072376532675,34.99828909781833,45.37716236974826,0.0,0.7249338588619687,0.7777175060778074,15200.0,15.2,15200.0,0.0,0.0,0.0,0.608,0.9917763157894737,0.5460526315789473,0.332,0.4457236842105263,0.0,0.008223684210526315,0.0,39.2,0.0,60.8,0.0,327,327.0,risk_local_threshold,0.3,False
dapper,stable,102,100.0,1000,24.835880473076735,33.70682378335116,34.74818297607158,34.965240972972765,44.817434103796515,0.0,0.727324394359075,0.7823265076715031,15050.0,15.05,15050.0,0.0,0.0,0.0,0.602,0.9933554817275747,0.5448504983388704,0.328,0.4485049833887043,0.0,0.006644518272425249,0.0,39.800000000000004,0.0,60.199999999999996,0.0,381,381.0,risk_local_threshold,0.3,False
dapper,stable,103,100.0,1000,24.972078044518216,34.293187186352334,34.89307765319619,34.99802137082616,46.733933433306284,0.0,0.7236659440861409,0.7816387603464096,15900.0,15.9,15900.0,0.0,0.0,0.0,0.636,0.9874213836477987,0.5566037735849056,0.354,0.4308176100628931,0.0,0.012578616352201259,0.0,36.4,0.0,63.6,0.0,323,323.0,risk_local_threshold,0.3,False
dapper,stable,104,100.0,1000,24.98622097286207,33.860115377670134,34.74837408619961,34.98656616097203,44.901104180904326,0.0,0.7240926018777877,0.7751600059219991,16150.0,16.15,16149.999999999998,0.0,0.0,0.0,0.646,0.9922600619195047,0.5,0.323,0.49226006191950467,0.0,0.007739938080495356,0.0,35.4,0.0,64.60000000000001,0.0,340,340.0,risk_local_threshold,0.3,False
dapper,stable,105,100.0,1000,24.85634769037545,33.82025179084476,34.62504012903672,34.93314580405199,45.111129205947755,0.0,0.7262361051095783,0.779955656081907,16075.0,16.075,16075.0,0.0,0.0,0.0,0.643,0.9922239502332815,0.5178849144634525,0.333,0.47433903576982894,0.0,0.007776049766718507,0.0,35.699999999999996,0.0,64.3,0.0,318,318.0,risk_local_threshold,0.3,False
dapper,stable,106,100.0,1000,24.716410963251104,33.86074949026578,34.68730165917939,34.933586993197196,44.557666855440225,0.0,0.7229428904328138,0.7748286963308902,14975.0,14.975,14975.0,0.0,0.0,0.0,0.599,0.993322203672788,0.5308848080133556,0.318,0.46243739565943237,0.0,0.00667779632721202,0.0,40.1,0.0,59.9,0.0,338,338.0,risk_local_threshold,0.3,False
dapper,stable,107,100.0,1000,24.88557902804772,33.83424628214373,34.89267109559948,34.9936438529993,44.90219943580978,0.0,0.7245133185042392,0.7777643689475255,15225.0,15.225,15225.0,0.0,0.0,0.0,0.609,0.9917898193760263,0.5287356321839081,0.322,0.4630541871921182,0.0,0.008210180623973728,0.0,39.1,0.0,60.9,0.0,314,314.0,risk_local_threshold,0.3,False
dapper,stable,108,100.0,1000,25.235897183714567,34.2868707566229,34.87218349603604,34.989690121554816,44.514934247766206,0.0,0.7254394152220247,0.7780463593840636,15575.0,15.575,15575.0,0.0,0.0,0.0,0.623,0.9903691813804173,0.507223113964687,0.316,0.48314606741573035,0.0,0.009630818619582664,0.0,37.7,0.0,62.3,0.0,321,321.0,risk_local_threshold,0.3,False
dapper,stable,109,100.0,1000,25.268964708760926,34.15910526808331,34.79620852522923,34.94284900848466,45.182668211943394,0.0,0.7225069831603355,0.7736594799819743,15525.0,15.525,15525.0,0.0,0.0,0.0,0.621,0.9855072463768116,0.5152979066022544,0.32,0.47020933977455714,0.0,0.014492753623188406,0.0,37.9,0.0,62.1,0.0,319,319.0,risk_local_threshold,0.3,False
dapper,stable,110,100.0,1000,24.978043487255007,33.957417382454665,34.80033649104111,34.99011804008187,45.09054866008942,0.0,0.7239727698806182,0.7772901491075644,15475.0,15.475,15475.0,0.0,0.0,0.0,0.619,0.9822294022617124,0.529886914378029,0.328,0.45234248788368336,0.0,0.017770597738287562,0.0,38.1,0.0,61.9,0.0,355,355.0,risk_local_threshold,0.3,False
dapper,stable,111,100.0,1000,25.491345575881343,33.99942489704205,34.77294614292747,34.98882482505357,46.30477729616447,0.0,0.7264559107913696,0.7819353167451143,15325.0,15.325,15325.0,0.0,0.0,0.0,0.613,0.9918433931484503,0.5530179445350734,0.339,0.43882544861337686,0.0,0.008156606851549755,0.0,38.7,0.0,61.3,0.0,340,340.0,risk_local_threshold,0.3,False
dapper,stable,112,100.0,1000,25.044635098675773,33.93678625080242,34.80594764992258,34.978994945141224,45.87562814586826,0.0,0.7245903067601731,0.7767132075747825,16075.0,16.075,16075.0,0.0,0.0,0.0,0.643,0.9922239502332815,0.5194401244167963,0.334,0.4727838258164852,0.0,0.007776049766718507,0.0,35.699999999999996,0.0,64.3,0.0,314,314.0,risk_local_threshold,0.3,False
dapper,stable,113,100.0,1000,24.924957379086543,33.92528008813723,34.852479041190236,34.99387303551587,44.85761270011483,0.0,0.725184772552611,0.7775413313981819,16450.0,16.45,16450.0,0.0,0.0,0.0,0.658,0.9832826747720365,0.49544072948328266,0.326,0.4878419452887538,0.0,0.016717325227963525,0.0,34.2,0.0,65.8,0.0,339,339.0,risk_local_threshold,0.3,False
dapper,stable,114,100.0,1000,25.128438548268,33.86993382489312,34.786318253661975,34.99771913787838,46.52497254997953,0.0,0.7237524930795687,0.7790394571512743,15525.0,15.525,15525.0,0.0,0.0,0.0,0.621,0.9919484702093397,0.5652173913043478,0.351,0.42673107890499196,0.0,0.008051529790660225,0.0,37.9,0.0,62.1,0.0,301,301.0,risk_local_threshold,0.3,False
dapper,stable,115,100.0,1000,25.094705607799348,34.162413089123824,34.74465384721523,34.970565607066455,43.73555546083787,0.0,0.7245886848920773,0.7736854546101715,14875.0,14.875,14875.0,0.0,0.0,0.0,0.595,0.9899159663865547,0.5159663865546219,0.307,0.47394957983193275,0.0,0.010084033613445379,0.0,40.5,0.0,59.5,0.0,309,309.0,risk_local_threshold,0.3,False
dapper,stable,116,100.0,1000,25.028301912688907,34.05041769477859,34.88445460350265,34.99403448766891,47.80950226263607,0.0,0.7244573126145593,0.7822322913583478,16075.0,16.075,16075.0,0.0,0.0,0.0,0.643,0.9968895800933126,0.5800933125972006,0.373,0.416796267496112,0.0,0.003110419906687403,0.0,35.699999999999996,0.0,64.3,0.0,329,329.0,risk_local_threshold,0.3,False
dapper,stable,117,100.0,1000,24.997182216762514,33.94211020128963,34.806950360419165,34.98156739475102,44.89650597637917,0.0,0.7238166310991714,0.7755544084689086,15850.0,15.85,15850.0,0.0,0.0,0.0,0.634,0.9842271293375394,0.501577287066246,0.318,0.48264984227129337,0.0,0.015772870662460567,0.0,36.6,0.0,63.4,0.0,322,322.0,risk_local_threshold,0.3,False
dapper,stable,118,100.0,1000,25.026589048763064,34.146334679362305,34.835239525322194,34.964244111574146,44.78826511391691,0.0,0.7280528994609765,0.7776309510256858,15675.0,15.675,15675.0,0.0,0.0,0.0,0.627,0.9872408293460925,0.5103668261562998,0.32,0.4768740031897927,0.0,0.012759170653907496,0.0,37.3,0.0,62.7,0.0,332,332.0,risk_local_threshold,0.3,False
dapper,stable,119,100.0,1000,24.80107188012856,34.00280379558126,34.81754573602827,34.936826663719394,46.17304701392961,0.0,0.7243707963012889,0.7809347129880077,16025.0,16.025,16024.999999999998,0.0,0.0,0.0,0.641,0.9875195007800313,0.5429017160686428,0.348,0.44461778471138846,0.0,0.0124804992199688,0.0,35.9,0.0,64.1,0.0,313,313.0,risk_local_threshold,0.3,False
dapper,stable,120,100.0,1000,25.000139802139184,33.83887438020657,34.75482963071029,34.96519781982063,46.94905096142922,0.0,0.7247996031934949,0.7808112573229401,16125.0,16.125,16125.0,0.0,0.0,0.0,0.645,0.986046511627907,0.5534883720930233,0.357,0.4325581395348837,0.0,0.013953488372093023,0.0,35.5,0.0,64.5,0.0,324,324.0,risk_local_threshold,0.3,False
dapper,stable,121,100.0,1000,24.870142370806825,34.08802278656587,34.79782372711737,34.96061084968983,44.6734117295555,0.0,0.7235062491591376,0.7757785672360473,15950.0,15.95,15950.0,0.0,0.0,0.0,0.638,0.9890282131661442,0.5,0.319,0.4890282131661442,0.0,0.0109717868338558,0.0,36.199999999999996,0.0,63.800000000000004,0.0,319,319.0,risk_local_threshold,0.3,False
dapper,stable,122,100.0,1000,24.829111935230273,33.958468133447,34.74506049633189,34.924143640943036,45.32801558828106,0.0,0.7259117747422895,0.7784804404282675,15825.0,15.825,15825.0,0.0,0.0,0.0,0.633,0.9873617693522907,0.5197472353870458,0.329,0.4676145339652449,0.0,0.01263823064770932,0.0,36.7,0.0,63.3,0.0,309,309.0,risk_local_threshold,0.3,False
dapper,stable,123,100.0,1000,25.35470141463279,34.01400394209814,34.728637206489786,34.90743937957425,44.87956114745502,0.0,0.7231039957478556,0.7760516892682471,16175.0,16.175,16175.0,0.0,0.0,0.0,0.647,0.9799072642967542,0.49149922720247297,0.318,0.4884080370942813,0.0,0.02009273570324575,0.0,35.3,0.0,64.7,0.0,330,330.0,risk_local_threshold,0.3,False
dapper,stable,124,100.0,1000,25.00583269004324,34.03261405514325,34.80612955591713,34.95256595801938,43.46383557738514,0.0,0.7270004160651047,0.7761926212075356,15575.0,15.575,15575.0,0.0,0.0,0.0,0.623,0.9919743178170144,0.48796147672552165,0.304,0.5040128410914928,0.0,0.008025682182985553,0.0,37.7,0.0,62.3,0.0,350,350.0,risk_local_threshold,0.3,False
dapper,stable,125,100.0,1000,24.9867591189863,33.982185709447386,34.8021659840167,34.99165214842439,45.95246050099976,0.0,0.7268533605073024,0.7799939730887309,15325.0,15.325,15325.0,0.0,0.0,0.0,0.613,0.9934747145187602,0.5481239804241436,0.336,0.4453507340946166,0.0,0.0065252854812398045,0.0,38.7,0.0,61.3,0.0,336,336.0,risk_local_threshold,0.3,False
dapper,stable,126,100.0,1000,24.628886386363657,33.70638744138536,34.672811784104226,34.983867296625746,46.51296583961118,0.0,0.726794351381784,0.7839717433208875,15850.0,15.85,15850.0,0.0,0.0,0.0,0.634,0.9936908517350158,0.5615141955835962,0.356,0.43217665615141954,0.0,0.006309148264984227,0.0,36.6,0.0,63.4,0.0,345,345.0,risk_local_threshold,0.3,False
dapper,stable,127,100.0,1000,25.164646066804526,34.17312143282042,34.80106095916998,34.970740898815485,46.84538614118269,0.0,0.7237258806201099,0.778937082911362,15575.0,15.575,15575.0,0.0,0.0,0.0,0.623,0.9919743178170144,0.5617977528089888,0.35,0.4301765650080257,0.0,0.008025682182985553,0.0,37.7,0.0,62.3,0.0,303,303.0,risk_local_threshold,0.3,False
dapper,stable,128,100.0,1000,25.178185128090664,33.92859815320874,34.67968897440042,34.972660274630584,46.934881565941055,0.0,0.7271450910033325,0.7822253699369383,16325.0,16.325,16325.0,0.0,0.0,0.0,0.653,0.9846860643185299,0.5359877488514548,0.35,0.44869831546707506,0.0,0.015313935681470138,0.0,34.699999999999996,0.0,65.3,0.0,337,337.0,risk_local_threshold,0.3,False
dapper,stable,129,100.0,1000,25.217209562918274,34.07064808785484,34.83459462785327,34.9933571344785,45.25533767536942,0.0,0.722736266433297,0.7766004032065873,14925.0,14.925,14925.0,0.0,0.0,0.0,0.597,0.9882747068676717,0.5460636515912898,0.326,0.44221105527638194,0.0,0.011725293132328308,0.0,40.300000000000004,0.0,59.699999999999996,0.0,358,358.0,risk_local_threshold,0.3,False
dapper,congested,100,100.0,1000,24.824557271985057,33.928407620489025,34.77556075006328,34.97404020175507,24.824557271985057,0.0,0.7231225654703062,0.7231225654703062,0.0,0.0,0.0,0.004,0.004,0.0,0.0,0.0,0.0,0.0,0.0,0.0,0.0,0.0,99.6,0.0,0.0,0.4,8,8.0,risk_local_threshold,0.3,False
dapper,congested,101,100.0,1000,25.026673523971784,34.03466107987438,34.84243479054015,34.99327875607795,25.026673523971784,0.0,0.7239603822715144,0.7239603822715144,0.0,0.0,0.0,0.007,0.007,0.0,0.0,0.0,0.0,0.0,0.0,0.0,0.0,0.0,99.3,0.0,0.0,0.7000000000000001,12,12.0,risk_local_threshold,0.3,False
dapper,congested,102,100.0,1000,24.829712790777762,33.96479457393766,34.69588731781126,34.989536221406055,24.829712790777762,0.0,0.7270052366898776,0.7270052366898776,0.0,0.0,0.0,0.008,0.008,0.0,0.0,0.0,0.0,0.0,0.0,0.0,0.0,0.0,99.2,0.0,0.0,0.8,14,14.0,risk_local_threshold,0.3,False
dapper,congested,103,100.0,1000,24.892785643695664,34.09454856492267,34.78542999553827,34.985893217625524,24.892785643695664,0.0,0.7249187188165734,0.7249187188165734,0.0,0.0,0.0,0.006,0.006,0.0,0.0,0.0,0.0,0.0,0.0,0.0,0.0,0.0,99.4,0.0,0.0,0.6,12,12.0,risk_local_threshold,0.3,False
dapper,congested,104,100.0,1000,24.77796847513708,33.81394766067372,34.81048977789511,34.94578824107255,24.77796847513708,0.0,0.7272547943451833,0.7272547943451833,0.0,0.0,0.0,0.008,0.008,0.0,0.0,0.0,0.0,0.0,0.0,0.0,0.0,0.0,99.2,0.0,0.0,0.8,14,14.0,risk_local_threshold,0.3,False
dapper,congested,105,100.0,1000,24.677162661323955,34.007432758127685,34.86009343610894,34.98145078352877,24.677162661323955,0.0,0.7241646482306923,0.7241646482306923,0.0,0.0,0.0,0.008,0.008,0.0,0.0,0.0,0.0,0.0,0.0,0.0,0.0,0.0,99.2,0.0,0.0,0.8,12,12.0,risk_local_threshold,0.3,False
dapper,congested,106,100.0,1000,24.772684967250918,33.98450796903268,34.753821099438774,34.98979405154197,24.772684967250918,0.0,0.7262080408789683,0.7262080408789683,0.0,0.0,0.0,0.007,0.007,0.0,0.0,0.0,0.0,0.0,0.0,0.0,0.0,0.0,99.3,0.0,0.0,0.7000000000000001,8,8.0,risk_local_threshold,0.3,False
dapper,congested,107,100.0,1000,24.763848167260303,33.88426057014752,34.77470672268729,34.998762184541775,24.763848167260303,0.0,0.7257346306649486,0.7257346306649486,0.0,0.0,0.0,0.005,0.005,0.0,0.0,0.0,0.0,0.0,0.0,0.0,0.0,0.0,99.5,0.0,0.0,0.5,8,8.0,risk_local_threshold,0.3,False
dapper,congested,108,100.0,1000,24.953177155047733,33.943119032195405,34.814499351033405,34.99655745974279,24.953177155047733,0.0,0.7244295155267036,0.7244295155267036,0.0,0.0,0.0,0.008,0.008,0.0,0.0,0.0,0.0,0.0,0.0,0.0,0.0,0.0,99.2,0.0,0.0,0.8,14,14.0,risk_local_threshold,0.3,False
dapper,congested,109,100.0,1000,24.847059358357548,33.93181537323021,34.785030538309286,34.98925809716232,24.847059358357548,0.0,0.7234323551786083,0.7234323551786083,0.0,0.0,0.0,0.007,0.007,0.0,0.0,0.0,0.0,0.0,0.0,0.0,0.0,0.0,99.3,0.0,0.0,0.7000000000000001,10,10.0,risk_local_threshold,0.3,False
dapper,congested,110,100.0,1000,24.70223165713215,33.71973175922034,34.60151524624712,34.90888622322395,24.70223165713215,0.0,0.7246938266396346,0.7246938266396346,0.0,0.0,0.0,0.005,0.005,0.0,0.0,0.0,0.0,0.0,0.0,0.0,0.0,0.0,99.5,0.0,0.0,0.5,8,8.0,risk_local_threshold,0.3,False
dapper,congested,111,100.0,1000,24.94253826558974,33.995133250212476,34.74455155405684,34.96241421096305,24.94253826558974,0.0,0.7254545302713125,0.7254545302713125,0.0,0.0,0.0,0.008,0.008,0.0,0.0,0.0,0.0,0.0,0.0,0.0,0.0,0.0,99.2,0.0,0.0,0.8,14,14.0,risk_local_threshold,0.3,False
dapper,congested,112,100.0,1000,24.86963877249279,33.90095224371657,34.76580213455383,34.985906989642146,24.86963877249279,0.0,0.7266076329631779,0.7266076329631779,0.0,0.0,0.0,0.013,0.013,0.0,0.0,0.0,0.0,0.0,0.0,0.0,0.0,0.0,98.7,0.0,0.0,1.3,18,18.0,risk_local_threshold,0.3,False
dapper,congested,113,100.0,1000,24.72292431672843,33.938019364553725,34.77247181035648,34.98424994294581,24.72292431672843,0.0,0.7265134749764945,0.7265134749764945,0.0,0.0,0.0,0.007,0.007,0.0,0.0,0.0,0.0,0.0,0.0,0.0,0.0,0.0,99.3,0.0,0.0,0.7000000000000001,12,12.0,risk_local_threshold,0.3,False
dapper,congested,114,100.0,1000,24.915906991902833,33.99518413696301,34.87476614646897,34.96282987218834,24.915906991902833,0.0,0.7286233928366593,0.7286233928366593,0.0,0.0,0.0,0.008,0.008,0.0,0.0,0.0,0.0,0.0,0.0,0.0,0.0,0.0,99.2,0.0,0.0,0.8,10,10.0,risk_local_threshold,0.3,False
dapper,congested,115,100.0,1000,25.085740611498316,34.01033183391731,34.751795785617006,34.96593743598228,25.085740611498316,0.0,0.722824442674691,0.722824442674691,0.0,0.0,0.0,0.006,0.006,0.0,0.0,0.0,0.0,0.0,0.0,0.0,0.0,0.0,99.4,0.0,0.0,0.6,10,10.0,risk_local_threshold,0.3,False
dapper,congested,116,100.0,1000,25.324934204252145,33.95730249293956,34.77240430108412,34.9771698353159,25.324934204252145,0.0,0.7260315559209485,0.7260315559209485,0.0,0.0,0.0,0.008,0.008,0.0,0.0,0.0,0.0,0.0,0.0,0.0,0.0,0.0,99.2,0.0,0.0,0.8,16,16.0,risk_local_threshold,0.3,False
dapper,congested,117,100.0,1000,24.38620885543388,33.706919736517364,34.66361864084976,34.994340946660934,24.38620885543388,0.0,0.7253330615138619,0.7253330615138619,0.0,0.0,0.0,0.008,0.008,0.0,0.0,0.0,0.0,0.0,0.0,0.0,0.0,0.0,99.2,0.0,0.0,0.8,16,16.0,risk_local_threshold,0.3,False
dapper,congested,118,100.0,1000,25.01023416650803,34.01490807545646,34.75940662114508,34.968506891824205,25.01023416650803,0.0,0.7268033495517163,0.7268033495517163,0.0,0.0,0.0,0.007,0.007,0.0,0.0,0.0,0.0,0.0,0.0,0.0,0.0,0.0,99.3,0.0,0.0,0.7000000000000001,12,12.0,risk_local_threshold,0.3,False
dapper,congested,119,100.0,1000,25.237974362405513,33.930297923071485,34.79939395844596,34.97944595589328,25.237974362405513,0.0,0.7235998627315303,0.7235998627315303,0.0,0.0,0.0,0.005,0.005,0.0,0.0,0.0,0.0,0.0,0.0,0.0,0.0,0.0,99.5,0.0,0.0,0.5,8,8.0,risk_local_threshold,0.3,False
dapper,congested,120,100.0,1000,24.770729236686982,33.99634834863332,34.78821886321599,34.985958566309606,24.770729236686982,0.0,0.724149083598059,0.724149083598059,0.0,0.0,0.0,0.008,0.008,0.0,0.0,0.0,0.0,0.0,0.0,0.0,0.0,0.0,99.2,0.0,0.0,0.8,16,16.0,risk_local_threshold,0.3,False
dapper,congested,121,100.0,1000,24.670024513531853,33.750343569648706,34.75280697328194,34.996277370025744,24.670024513531853,0.0,0.7242193034879331,0.7242193034879331,0.0,0.0,0.0,0.006,0.006,0.0,0.0,0.0,0.0,0.0,0.0,0.0,0.0,0.0,99.4,0.0,0.0,0.6,10,10.0,risk_local_threshold,0.3,False
dapper,congested,122,100.0,1000,24.53787182490916,33.83751458842038,34.770700984913006,34.91653465760954,24.53787182490916,0.0,0.726925307989091,0.726925307989091,0.0,0.0,0.0,0.013,0.013,0.0,0.0,0.0,0.0,0.0,0.0,0.0,0.0,0.0,98.7,0.0,0.0,1.3,14,14.0,risk_local_threshold,0.3,False
dapper,congested,123,100.0,1000,24.972968667791022,34.0068905091913,34.771507219222585,34.98883073588995,24.972968667791022,0.0,0.7231981737549722,0.7231981737549722,0.0,0.0,0.0,0.002,0.002,0.0,0.0,0.0,0.0,0.0,0.0,0.0,0.0,0.0,99.8,0.0,0.0,0.2,4,4.0,risk_local_threshold,0.3,False
dapper,congested,124,100.0,1000,24.68398444976012,33.74309287533703,34.66363593071505,34.94326242767353,24.68398444976012,0.0,0.7246698111318651,0.7246698111318651,0.0,0.0,0.0,0.006,0.006,0.0,0.0,0.0,0.0,0.0,0.0,0.0,0.0,0.0,99.4,0.0,0.0,0.6,10,10.0,risk_local_threshold,0.3,False
dapper,congested,125,100.0,1000,24.725669553063664,34.05786747219948,34.83418763630404,34.99974319601896,24.725669553063664,0.0,0.7228975062228786,0.7228975062228786,0.0,0.0,0.0,0.012,0.012,0.0,0.0,0.0,0.0,0.0,0.0,0.0,0.0,0.0,98.8,0.0,0.0,1.2,14,14.0,risk_local_threshold,0.3,False
dapper,congested,126,100.0,1000,24.961010734873252,33.97988585528562,34.774114294105054,34.99086328598782,24.961010734873252,0.0,0.7258907807888281,0.7258907807888281,0.0,0.0,0.0,0.002,0.002,0.0,0.0,0.0,0.0,0.0,0.0,0.0,0.0,0.0,99.8,0.0,0.0,0.2,4,4.0,risk_local_threshold,0.3,False
dapper,congested,127,100.0,1000,24.79915459305446,33.97839515917549,34.71031183612322,34.99801668883106,24.79915459305446,0.0,0.7241769809830646,0.7241769809830646,0.0,0.0,0.0,0.01,0.01,0.0,0.0,0.0,0.0,0.0,0.0,0.0,0.0,0.0,99.0,0.0,0.0,1.0,18,18.0,risk_local_threshold,0.3,False
dapper,congested,128,100.0,1000,24.671514882986425,34.08647701991846,34.783499539553866,34.99302751306131,24.671514882986425,0.0,0.72324842617587,0.72324842617587,0.0,0.0,0.0,0.008,0.008,0.0,0.0,0.0,0.0,0.0,0.0,0.0,0.0,0.0,99.2,0.0,0.0,0.8,12,12.0,risk_local_threshold,0.3,False
dapper,congested,129,100.0,1000,24.599702966215787,33.90591045177916,34.77957296022762,34.981958638619645,24.599702966215787,0.0,0.7227863941222297,0.7227863941222297,0.0,0.0,0.0,0.013,0.013,0.0,0.0,0.0,0.0,0.0,0.0,0.0,0.0,0.0,98.7,0.0,0.0,1.3,20,20.0,risk_local_threshold,0.3,False
dapper,lossy,100,100.0,1000,25.284238375351617,34.04718924628941,34.84826155800029,34.98907189172226,25.284238375351617,0.0,0.7261089761349956,0.7261089761349956,0.0,0.0,0.0,0.0,0.0,0.0,0.0,0.0,0.0,0.0,0.0,0.0,0.0,0.0,100.0,0.0,0.0,0.0,0,0.0,risk_local_threshold,0.3,False
dapper,lossy,101,100.0,1000,25.059527190349893,34.120642165867906,34.8265496982896,34.99538718567808,25.059527190349893,0.0,0.7233638220296621,0.7233638220296621,0.0,0.0,0.0,0.0,0.0,0.0,0.0,0.0,0.0,0.0,0.0,0.0,0.0,0.0,100.0,0.0,0.0,0.0,0,0.0,risk_local_threshold,0.3,False
dapper,lossy,102,100.0,1000,24.993003502753638,33.78557770295638,34.81151542684563,34.990087052311324,24.993003502753638,0.0,0.7247993890094673,0.7247993890094673,0.0,0.0,0.0,0.0,0.0,0.0,0.0,0.0,0.0,0.0,0.0,0.0,0.0,0.0,100.0,0.0,0.0,0.0,0,0.0,risk_local_threshold,0.3,False
dapper,lossy,103,100.0,1000,25.072925546868568,34.23372242321619,34.794279965090745,34.9768308072483,25.072925546868568,0.0,0.7255664298957895,0.7255664298957895,0.0,0.0,0.0,0.0,0.0,0.0,0.0,0.0,0.0,0.0,0.0,0.0,0.0,0.0,100.0,0.0,0.0,0.0,0,0.0,risk_local_threshold,0.3,False
dapper,lossy,104,100.0,1000,24.952721574773207,33.7641107522445,34.821547122134376,34.99174516374082,24.952721574773207,0.0,0.725270205207262,0.725270205207262,0.0,0.0,0.0,0.0,0.0,0.0,0.0,0.0,0.0,0.0,0.0,0.0,0.0,0.0,100.0,0.0,0.0,0.0,0,0.0,risk_local_threshold,0.3,False
dapper,lossy,105,100.0,1000,25.095152971928933,33.826524025580916,34.67873591147265,34.99594666457182,25.095152971928933,0.0,0.7248747477212536,0.7248747477212536,0.0,0.0,0.0,0.0,0.0,0.0,0.0,0.0,0.0,0.0,0.0,0.0,0.0,0.0,100.0,0.0,0.0,0.0,0,0.0,risk_local_threshold,0.3,False
dapper,lossy,106,100.0,1000,24.856568122610433,33.832964597231225,34.72189143706977,34.99784375073101,24.856568122610433,0.0,0.7235813767870335,0.7235813767870335,0.0,0.0,0.0,0.0,0.0,0.0,0.0,0.0,0.0,0.0,0.0,0.0,0.0,0.0,100.0,0.0,0.0,0.0,0,0.0,risk_local_threshold,0.3,False
dapper,lossy,107,100.0,1000,24.68158080592215,34.00414573371424,34.83973190471446,34.99325658145116,24.68158080592215,0.0,0.7241940517114336,0.7241940517114336,0.0,0.0,0.0,0.0,0.0,0.0,0.0,0.0,0.0,0.0,0.0,0.0,0.0,0.0,100.0,0.0,0.0,0.0,0,0.0,risk_local_threshold,0.3,False
dapper,lossy,108,100.0,1000,25.047265262517854,34.05795037600457,34.73288919337191,34.96757252768798,25.047265262517854,0.0,0.7235643813542582,0.7235643813542582,0.0,0.0,0.0,0.0,0.0,0.0,0.0,0.0,0.0,0.0,0.0,0.0,0.0,0.0,100.0,0.0,0.0,0.0,0,0.0,risk_local_threshold,0.3,False
dapper,lossy,109,100.0,1000,24.775139056545807,34.049418286887835,34.7919194149339,34.94624843509132,24.775139056545807,0.0,0.7212325912059436,0.7212325912059436,0.0,0.0,0.0,0.0,0.0,0.0,0.0,0.0,0.0,0.0,0.0,0.0,0.0,0.0,100.0,0.0,0.0,0.0,0,0.0,risk_local_threshold,0.3,False
dapper,lossy,110,100.0,1000,25.004520730247734,33.8683404853258,34.86997539103268,34.98456857838196,25.004520730247734,0.0,0.7268739784421301,0.7268739784421301,0.0,0.0,0.0,0.0,0.0,0.0,0.0,0.0,0.0,0.0,0.0,0.0,0.0,0.0,100.0,0.0,0.0,0.0,0,0.0,risk_local_threshold,0.3,False
dapper,lossy,111,100.0,1000,24.90307640535743,34.14835345167596,34.756755348825656,34.981698697795565,24.90307640535743,0.0,0.7248703254305311,0.7248703254305311,0.0,0.0,0.0,0.0,0.0,0.0,0.0,0.0,0.0,0.0,0.0,0.0,0.0,0.0,100.0,0.0,0.0,0.0,0,0.0,risk_local_threshold,0.3,False
dapper,lossy,112,100.0,1000,24.956367632930085,34.151123089835,34.870234716853815,34.962158450180866,24.956367632930085,0.0,0.7253954496233768,0.7253954496233768,0.0,0.0,0.0,0.0,0.0,0.0,0.0,0.0,0.0,0.0,0.0,0.0,0.0,0.0,100.0,0.0,0.0,0.0,0,0.0,risk_local_threshold,0.3,False
dapper,lossy,113,100.0,1000,25.11573781751927,34.14436127878192,34.867885766711,34.99782157537433,25.11573781751927,0.0,0.7254462125679975,0.7254462125679975,0.0,0.0,0.0,0.0,0.0,0.0,0.0,0.0,0.0,0.0,0.0,0.0,0.0,0.0,100.0,0.0,0.0,0.0,0,0.0,risk_local_threshold,0.3,False
dapper,lossy,114,100.0,1000,25.05695156474369,34.026649628584615,34.857774174382406,34.983091762156874,25.05695156474369,0.0,0.72440817275247,0.72440817275247,0.0,0.0,0.0,0.0,0.0,0.0,0.0,0.0,0.0,0.0,0.0,0.0,0.0,0.0,100.0,0.0,0.0,0.0,0,0.0,risk_local_threshold,0.3,False
dapper,lossy,115,100.0,1000,24.76252752899427,34.140208891814694,34.85306689119638,34.992962372181864,24.76252752899427,0.0,0.7251726691219196,0.7251726691219196,0.0,0.0,0.0,0.0,0.0,0.0,0.0,0.0,0.0,0.0,0.0,0.0,0.0,0.0,100.0,0.0,0.0,0.0,0,0.0,risk_local_threshold,0.3,False
dapper,lossy,116,100.0,1000,24.951356764470432,33.914227978461774,34.857265543400885,34.99525986411179,24.951356764470432,0.0,0.7243445892890008,0.7243445892890008,0.0,0.0,0.0,0.0,0.0,0.0,0.0,0.0,0.0,0.0,0.0,0.0,0.0,0.0,100.0,0.0,0.0,0.0,0,0.0,risk_local_threshold,0.3,False
dapper,lossy,117,100.0,1000,25.037129912861214,33.9567672696681,34.764351269100246,34.996388970755305,25.037129912861214,0.0,0.726073452957747,0.726073452957747,0.0,0.0,0.0,0.0,0.0,0.0,0.0,0.0,0.0,0.0,0.0,0.0,0.0,0.0,100.0,0.0,0.0,0.0,0,0.0,risk_local_threshold,0.3,False
dapper,lossy,118,100.0,1000,24.83203368389728,33.86314293776527,34.704566823658226,34.94197590424748,24.83203368389728,0.0,0.7277094589160901,0.7277094589160901,0.0,0.0,0.0,0.0,0.0,0.0,0.0,0.0,0.0,0.0,0.0,0.0,0.0,0.0,100.0,0.0,0.0,0.0,0,0.0,risk_local_threshold,0.3,False
dapper,lossy,119,100.0,1000,25.22380561542694,34.16353447898527,34.88856396573517,34.993426719837316,25.22380561542694,0.0,0.72570145608929,0.72570145608929,0.0,0.0,0.0,0.0,0.0,0.0,0.0,0.0,0.0,0.0,0.0,0.0,0.0,0.0,100.0,0.0,0.0,0.0,0,0.0,risk_local_threshold,0.3,False
dapper,lossy,120,100.0,1000,24.94356883456326,33.94762430607923,34.82126839451995,34.99480299428936,24.94356883456326,0.0,0.7242446744200584,0.7242446744200584,0.0,0.0,0.0,0.0,0.0,0.0,0.0,0.0,0.0,0.0,0.0,0.0,0.0,0.0,100.0,0.0,0.0,0.0,0,0.0,risk_local_threshold,0.3,False
dapper,lossy,121,100.0,1000,24.890186762682326,33.9509837447526,34.75636721943252,34.9865485323475,24.890186762682326,0.0,0.7226738180182367,0.7226738180182367,0.0,0.0,0.0,0.0,0.0,0.0,0.0,0.0,0.0,0.0,0.0,0.0,0.0,0.0,100.0,0.0,0.0,0.0,0,0.0,risk_local_threshold,0.3,False
dapper,lossy,122,100.0,1000,25.08579289471596,34.07524967583675,34.72465675884838,34.92311681265087,25.08579289471596,0.0,0.7253656451784852,0.7253656451784852,0.0,0.0,0.0,0.0,0.0,0.0,0.0,0.0,0.0,0.0,0.0,0.0,0.0,0.0,100.0,0.0,0.0,0.0,0,0.0,risk_local_threshold,0.3,False
dapper,lossy,123,100.0,1000,24.817178107343594,33.97858252982191,34.71884738710505,34.9640180768012,24.817178107343594,0.0,0.725177200048534,0.725177200048534,0.0,0.0,0.0,0.0,0.0,0.0,0.0,0.0,0.0,0.0,0.0,0.0,0.0,0.0,100.0,0.0,0.0,0.0,0,0.0,risk_local_threshold,0.3,False
dapper,lossy,124,100.0,1000,25.144076835710404,34.0084817041087,34.82162623829404,34.999930978152555,25.144076835710404,0.0,0.7252006399861742,0.7252006399861742,0.0,0.0,0.0,0.0,0.0,0.0,0.0,0.0,0.0,0.0,0.0,0.0,0.0,0.0,100.0,0.0,0.0,0.0,0,0.0,risk_local_threshold,0.3,False
dapper,lossy,125,100.0,1000,25.290207315525716,34.07810779324134,34.85987931432081,34.99675173862079,25.290207315525716,0.0,0.725008358044021,0.725008358044021,0.0,0.0,0.0,0.0,0.0,0.0,0.0,0.0,0.0,0.0,0.0,0.0,0.0,0.0,100.0,0.0,0.0,0.0,0,0.0,risk_local_threshold,0.3,False
dapper,lossy,126,100.0,1000,25.012306557377276,34.01851118868758,34.87231873366858,34.99707928007821,25.012306557377276,0.0,0.7223553858756083,0.7223553858756083,0.0,0.0,0.0,0.0,0.0,0.0,0.0,0.0,0.0,0.0,0.0,0.0,0.0,0.0,100.0,0.0,0.0,0.0,0,0.0,risk_local_threshold,0.3,False
dapper,lossy,127,100.0,1000,24.933813775828348,34.03862120823819,34.851014551058256,34.985303846764054,24.933813775828348,0.0,0.7254720911704587,0.7254720911704587,0.0,0.0,0.0,0.0,0.0,0.0,0.0,0.0,0.0,0.0,0.0,0.0,0.0,0.0,100.0,0.0,0.0,0.0,0,0.0,risk_local_threshold,0.3,False
dapper,lossy,128,100.0,1000,25.361525346794913,34.112832194106765,34.722796126768856,34.99638466136344,25.361525346794913,0.0,0.7258146565752936,0.7258146565752936,0.0,0.0,0.0,0.0,0.0,0.0,0.0,0.0,0.0,0.0,0.0,0.0,0.0,0.0,100.0,0.0,0.0,0.0,0,0.0,risk_local_threshold,0.3,False
dapper,lossy,129,100.0,1000,24.956002553810663,34.060395492680186,34.85750602439408,34.980831653703675,24.956002553810663,0.0,0.7240405957959037,0.7240405957959037,0.0,0.0,0.0,0.0,0.0,0.0,0.0,0.0,0.0,0.0,0.0,0.0,0.0,0.0,100.0,0.0,0.0,0.0,0,0.0,risk_local_threshold,0.3,False
dapper,variable,100,100.0,1000,19.847097399190012,33.61420558459003,34.76027410675784,34.95054826151675,20.084013909733258,0.0,0.725680446030306,0.7263666921019541,150.0,0.15,150.0,0.284,0.216,0.0,0.006,1.0,0.6666666666666666,0.004,0.3333333333333333,0.0,0.0,0.0,77.8,0.0,0.6,21.6,162,162.0,risk_local_threshold,0.3,False
dapper,variable,101,100.0,1000,19.873228370530978,33.51859359353788,34.716729365681125,34.99816501848515,19.932894520708768,0.0,0.7274041929596399,0.7276646823588824,100.0,0.1,100.0,0.256,0.2,0.0,0.004,0.75,0.25,0.001,0.5,0.0,0.25,0.0,79.60000000000001,0.0,0.4,20.0,147,147.0,risk_local_threshold,0.3,False
dapper,variable,102,100.0,1000,21.725835154751234,33.952084801243224,34.85412725538718,34.995332379528136,22.11696851601098,0.0,0.7253923428217819,0.7264107312731002,175.0,0.175,175.0,0.167,0.131,0.0,0.007,1.0,0.8571428571428571,0.006,0.14285714285714285,0.0,0.0,0.0,86.2,0.0,0.7000000000000001,13.100000000000001,104,104.0,risk_local_threshold,0.3,False
dapper,variable,103,100.0,1000,19.512093113412188,33.581179869308166,34.6745142049723,34.99051342908312,19.645797627018965,0.0,0.7261937654458711,0.7265393607117546,50.0,0.05,50.0,0.315,0.239,0.0,0.002,1.0,1.0,0.002,0.0,0.0,0.0,0.0,75.9,0.0,0.2,23.9,170,170.0,risk_local_threshold,0.3,False
dapper,variable,104,100.0,1000,21.518439904160722,33.92297556550541,34.71580596411837,34.944614204784195,21.66438886775724,0.0,0.7272218707282757,0.7275669247029711,75.0,0.075,75.0,0.187,0.143,0.0,0.003,1.0,0.6666666666666666,0.002,0.3333333333333333,0.0,0.0,0.0,85.39999999999999,0.0,0.3,14.299999999999999,108,108.0,risk_local_threshold,0.3,False
dapper,variable,105,100.0,1000,20.409246302565197,33.52133876628223,34.7773651787171,34.98077376103997,20.578646958942645,0.0,0.726150768098847,0.7265254363855798,125.0,0.125,125.0,0.238,0.184,0.0,0.005,1.0,0.6,0.003,0.4,0.0,0.0,0.0,81.10000000000001,0.0,0.5,18.4,138,138.0,risk_local_threshold,0.3,False
dapper,variable,106,100.0,1000,21.59372391817589,33.5305156645498,34.67586933903363,34.993851868805095,21.933410996144456,0.0,0.7255234671581106,0.7264756355684249,200.0,0.2,200.0,0.175,0.136,0.0,0.008,1.0,0.75,0.006,0.25,0.0,0.0,0.0,85.6,0.0,0.8,13.600000000000001,110,110.0,risk_local_threshold,0.3,False
dapper,variable,107,100.0,1000,20.056441701403287,33.56666120695883,34.6268453225655,34.98148819897819,20.09502347993299,0.0,0.7240116849833446,0.7242842059611502,50.0,0.05,50.0,0.261,0.201,0.0,0.002,1.0,0.5,0.001,0.5,0.0,0.0,0.0,79.7,0.0,0.2,20.1,149,149.0,risk_local_threshold,0.3,False
dapper,variable,108,100.0,1000,20.480881005394448,33.99159903353784,34.77692101060002,34.94872090187498,20.480881005394448,0.0,0.7257838058382391,0.7257838058382391,25.0,0.025,25.0,0.26,0.196,0.0,0.001,1.0,0.0,0.0,1.0,0.0,0.0,0.0,80.30000000000001,0.0,0.1,19.6,142,142.0,risk_local_threshold,0.3,False
dapper,variable,109,100.0,1000,21.210997956041414,33.76823065319891,34.76110730262953,34.98660651522982,21.210997956041414,0.0,0.7237472249348079,0.7237472249348079,25.0,0.025,25.0,0.203,0.156,0.0,0.001,1.0,0.0,0.0,1.0,0.0,0.0,0.0,84.3,0.0,0.1,15.6,116,116.0,risk_local_threshold,0.3,False
dapper,variable,110,100.0,1000,20.982663888093814,33.908831310824965,34.67822534775889,34.98146709760653,21.0442339684579,0.0,0.7252583766377324,0.7254511719488859,50.0,0.05,50.0,0.226,0.171,0.0,0.002,0.5,0.5,0.001,0.0,0.0,0.5,0.0,82.69999999999999,0.0,0.2,17.1,128,128.0,risk_local_threshold,0.3,False
dapper,variable,111,100.0,1000,21.15036747714493,33.79838354481562,34.723349040720166,34.97684653932659,21.246815084601298,0.0,0.7256303758132654,0.7259965369789626,150.0,0.15,150.0,0.216,0.166,0.0,0.006,1.0,0.3333333333333333,0.002,0.6666666666666666,0.0,0.0,0.0,82.8,0.0,0.6,16.6,130,130.0,risk_local_threshold,0.3,False
dapper,variable,112,100.0,1000,21.078172240720427,34.0565418294024,34.79412676903375,34.95854802039493,21.457479119258473,0.0,0.728773769620013,0.7296847439527021,200.0,0.2,200.0,0.215,0.162,0.0,0.008,1.0,0.75,0.006,0.25,0.0,0.0,0.0,83.0,0.0,0.8,16.2,132,132.0,risk_local_threshold,0.3,False
dapper,variable,113,100.0,1000,21.273906223598555,33.57682626381407,34.78843892853948,34.96829040868747,21.407197908227634,0.0,0.7259076767330915,0.7262625960385696,100.0,0.1,100.0,0.197,0.15,0.0,0.004,1.0,0.5,0.002,0.5,0.0,0.0,0.0,84.6,0.0,0.4,15.0,110,110.0,risk_local_threshold,0.3,False
dapper,variable,114,100.0,1000,19.651478679764644,33.53883646549626,34.61117657596823,34.99588156157893,19.79639931574183,0.0,0.7219795376567065,0.722467960716247,100.0,0.1,100.0,0.266,0.205,0.0,0.004,1.0,0.75,0.003,0.25,0.0,0.0,0.0,79.10000000000001,0.0,0.4,20.5,154,154.0,risk_local_threshold,0.3,False
dapper,variable,115,100.0,1000,21.45827282696581,33.34691437699113,34.626745067103904,34.87718954629805,21.501875107852523,0.0,0.7230935571850724,0.7232997891097337,50.0,0.05,50.0,0.176,0.137,0.0,0.002,0.5,0.5,0.001,0.0,0.0,0.5,0.0,86.1,0.0,0.2,13.700000000000001,112,112.0,risk_local_threshold,0.3,False
dapper,variable,116,100.0,1000,20.840460970931165,33.98344969197258,34.76841725790863,34.94714462527301,20.91299363366286,0.0,0.7289372186607409,0.7291172751593754,25.0,0.025,25.0,0.239,0.184,0.0,0.001,1.0,1.0,0.001,0.0,0.0,0.0,0.0,81.5,0.0,0.1,18.4,138,138.0,risk_local_threshold,0.3,False
dapper,variable,117,100.0,1000,22.76021868961211,34.240173789397694,34.82080355680936,34.990866631104254,22.81687035390099,0.0,0.7236897900442029,0.7239027701488132,25.0,0.025,25.0,0.132,0.1,0.0,0.001,1.0,1.0,0.001,0.0,0.0,0.0,0.0,89.9,0.0,0.1,10.0,72,72.0,risk_local_threshold,0.3,False
dapper,variable,118,100.0,1000,21.19990772515089,33.5101571170854,34.37942051281876,34.868091607089696,21.38605651939911,0.0,0.7249084744953512,0.7253740363039181,125.0,0.125,125.0,0.193,0.148,0.0,0.005,0.8,0.6,0.003,0.2,0.0,0.2,0.0,84.7,0.0,0.5,14.799999999999999,117,117.0,risk_local_threshold,0.3,False
dapper,variable,119,100.0,1000,20.98980792595105,33.65904383541709,34.57959716197339,34.99635852821138,21.031131566995747,0.0,0.7244109584616726,0.7246733910505471,50.0,0.05,50.0,0.218,0.166,0.0,0.002,1.0,0.5,0.001,0.5,0.0,0.0,0.0,83.2,0.0,0.2,16.6,120,120.0,risk_local_threshold,0.3,False
dapper,variable,120,100.0,1000,21.637219680970638,33.96526001626422,34.71258654891299,34.99491157025027,21.637219680970638,0.0,0.7236256274039456,0.7236256274039456,175.0,0.175,175.0,0.179,0.134,0.0,0.007,1.0,0.0,0.0,1.0,0.0,0.0,0.0,85.9,0.0,0.7000000000000001,13.4,107,107.0,risk_local_threshold,0.3,False
dapper,variable,121,100.0,1000,20.769854338698046,33.76407787463392,34.80089032279628,34.994688323129196,21.097393738591474,0.0,0.7246801812954811,0.725503299662629,125.0,0.125,125.0,0.217,0.168,0.0,0.005,1.0,1.0,0.005,0.0,0.0,0.0,0.0,82.69999999999999,0.0,0.5,16.8,126,126.0,risk_local_threshold,0.3,False
dapper,variable,122,100.0,1000,21.13175821444513,33.694416258508085,34.631522901173106,34.97317679379236,21.13175821444513,0.0,0.727101792089757,0.727101792089757,25.0,0.025,25.0,0.197,0.151,0.0,0.001,1.0,0.0,0.0,1.0,0.0,0.0,0.0,84.8,0.0,0.1,15.1,112,112.0,risk_local_threshold,0.3,False
dapper,variable,123,100.0,1000,21.09321361110236,33.79103353765298,34.79488657343286,34.98222422308634,21.316268355968344,0.0,0.7282104611957531,0.7292078902069433,125.0,0.125,125.0,0.215,0.164,0.0,0.005,1.0,0.8,0.004,0.2,0.0,0.0,0.0,83.1,0.0,0.5,16.400000000000002,123,123.0,risk_local_threshold,0.3,False
dapper,variable,124,100.0,1000,21.732988484636902,33.61582768332837,34.67732058291188,34.996246009129095,21.79425966370516,0.0,0.7242599698219147,0.7244449376934209,50.0,0.05,50.0,0.169,0.132,0.0,0.002,1.0,0.5,0.001,0.5,0.0,0.0,0.0,86.6,0.0,0.2,13.200000000000001,98,98.0,risk_local_threshold,0.3,False
dapper,variable,125,100.0,1000,20.769788307085673,33.55572104656107,34.7780426012565,34.94952031560075,21.06366647285496,0.0,0.7246252838037862,0.7255211975915982,150.0,0.15,150.0,0.222,0.17,0.0,0.006,0.8333333333333334,0.8333333333333334,0.005,0.0,0.0,0.16666666666666666,0.0,82.39999999999999,0.0,0.6,17.0,134,134.0,risk_local_threshold,0.3,False
dapper,variable,126,100.0,1000,21.1478810158433,33.75159446968112,34.720173914570076,34.997585709381326,21.358104664348904,0.0,0.7296789516875403,0.7301756337728373,125.0,0.125,125.0,0.21,0.163,0.0,0.005,1.0,0.8,0.004,0.2,0.0,0.0,0.0,83.2,0.0,0.5,16.3,123,123.0,risk_local_threshold,0.3,False
dapper,variable,127,100.0,1000,20.660215773075464,34.01155392391131,34.710521322396545,34.9805264786951,20.73488125576509,0.0,0.7254115546748069,0.7256962049325453,75.0,0.075,75.0,0.245,0.187,0.0,0.003,1.0,0.3333333333333333,0.001,0.6666666666666666,0.0,0.0,0.0,81.0,0.0,0.3,18.7,138,138.0,risk_local_threshold,0.3,False
dapper,variable,128,100.0,1000,19.588881490818014,33.63444553862527,34.724924465655434,34.96530254190218,19.717395142049536,0.0,0.7260593204690197,0.7262933529066025,50.0,0.05,50.0,0.278,0.214,0.0,0.002,1.0,1.0,0.002,0.0,0.0,0.0,0.0,78.4,0.0,0.2,21.4,158,158.0,risk_local_threshold,0.3,False
dapper,variable,129,100.0,1000,21.009790891695804,33.95183803633796,34.77333674805944,34.967648156933706,21.009790891695804,0.0,0.7216296347896245,0.7216296347896245,75.0,0.075,75.0,0.227,0.175,0.0,0.003,0.6666666666666666,0.0,0.0,0.6666666666666666,0.0,0.3333333333333333,0.0,82.19999999999999,0.0,0.3,17.5,124,124.0,risk_local_threshold,0.3,False
dapper,outage,100,100.0,1000,7.390958833110617,31.53222247776869,33.92161243264051,34.99545577037872,7.390958833110617,0.0,0.7256162643603677,0.7256162643603677,0.0,0.0,0.0,1.0,0.735,0.0,0.0,0.0,0.0,0.0,0.0,0.0,0.0,0.0,22.6,0.0,0.0,77.4,422,422.0,risk_local_threshold,0.3,False
dapper,outage,101,100.0,1000,7.394054329988902,31.520563490832846,34.26171430265933,34.94450915915627,7.394054329988902,0.0,0.7269702216094329,0.7269702216094329,0.0,0.0,0.0,1.0,0.736,0.0,0.0,0.0,0.0,0.0,0.0,0.0,0.0,0.0,21.9,0.0,0.0,78.10000000000001,412,412.0,risk_local_threshold,0.3,False
dapper,outage,102,100.0,1000,7.51680019137851,31.462924322041214,34.417701339171714,34.98162652146018,7.51680019137851,0.0,0.725179462474503,0.725179462474503,0.0,0.0,0.0,1.0,0.731,0.0,0.0,0.0,0.0,0.0,0.0,0.0,0.0,0.0,23.200000000000003,0.0,0.0,76.8,422,422.0,risk_local_threshold,0.3,False
dapper,outage,103,100.0,1000,7.378221024983012,31.251434028184203,34.6042054298873,34.981104653112794,7.378221024983012,0.0,0.7262335249696575,0.7262335249696575,0.0,0.0,0.0,1.0,0.735,0.0,0.0,0.0,0.0,0.0,0.0,0.0,0.0,0.0,23.0,0.0,0.0,77.0,429,429.0,risk_local_threshold,0.3,False
dapper,outage,104,100.0,1000,7.568293210290533,31.59395630138461,34.54533747275368,34.97633437705056,7.568293210290533,0.0,0.7263175970031922,0.7263175970031922,0.0,0.0,0.0,1.0,0.728,0.0,0.0,0.0,0.0,0.0,0.0,0.0,0.0,0.0,23.5,0.0,0.0,76.5,422,422.0,risk_local_threshold,0.3,False
dapper,outage,105,100.0,1000,7.519378267796368,31.402502329388795,34.46505659979935,34.921933732182964,7.519378267796368,0.0,0.7248271436420854,0.7248271436420854,0.0,0.0,0.0,1.0,0.732,0.0,0.0,0.0,0.0,0.0,0.0,0.0,0.0,0.0,22.8,0.0,0.0,77.2,417,417.0,risk_local_threshold,0.3,False
dapper,outage,106,100.0,1000,7.549106265746754,31.449714720334896,34.37540672388598,34.964850295506736,7.549106265746754,0.0,0.7212594093828284,0.7212594093828284,0.0,0.0,0.0,1.0,0.732,0.0,0.0,0.0,0.0,0.0,0.0,0.0,0.0,0.0,22.3,0.0,0.0,77.7,414,414.0,risk_local_threshold,0.3,False
dapper,outage,107,100.0,1000,7.495635529917344,31.80791921566703,34.39018497885919,34.99112443015811,7.495635529917344,0.0,0.7250211366010297,0.7250211366010297,0.0,0.0,0.0,1.0,0.733,0.0,0.0,0.0,0.0,0.0,0.0,0.0,0.0,0.0,23.1,0.0,0.0,76.9,422,422.0,risk_local_threshold,0.3,False
dapper,outage,108,100.0,1000,7.251361824662859,31.14265792210696,34.17418822409749,34.97297658698431,7.251361824662859,0.0,0.7266974788453335,0.7266974788453335,0.0,0.0,0.0,1.0,0.736,0.0,0.0,0.0,0.0,0.0,0.0,0.0,0.0,0.0,23.0,0.0,0.0,77.0,426,426.0,risk_local_threshold,0.3,False
dapper,outage,109,100.0,1000,7.685496458575816,31.705170488180077,34.40871885608117,34.88886016594044,7.685496458575816,0.0,0.7258121030951461,0.7258121030951461,0.0,0.0,0.0,1.0,0.729,0.0,0.0,0.0,0.0,0.0,0.0,0.0,0.0,0.0,23.5,0.0,0.0,76.5,427,427.0,risk_local_threshold,0.3,False
dapper,outage,110,100.0,1000,7.355193804523941,30.694822041353905,34.222511546491425,34.969462845702225,7.355193804523941,0.0,0.7245809511185383,0.7245809511185383,0.0,0.0,0.0,1.0,0.735,0.0,0.0,0.0,0.0,0.0,0.0,0.0,0.0,0.0,22.8,0.0,0.0,77.2,425,425.0,risk_local_threshold,0.3,False
dapper,outage,111,100.0,1000,7.398682547644234,31.455362565824643,34.05726657846486,34.958198085831974,7.398682547644234,0.0,0.7280638471067766,0.7280638471067766,0.0,0.0,0.0,1.0,0.732,0.0,0.0,0.0,0.0,0.0,0.0,0.0,0.0,0.0,22.900000000000002,0.0,0.0,77.10000000000001,414,414.0,risk_local_threshold,0.3,False
dapper,outage,112,100.0,1000,7.370625290236145,31.426397231090824,34.038780941246515,34.949972127365655,7.370625290236145,0.0,0.7280606555765715,0.7280606555765715,0.0,0.0,0.0,1.0,0.734,0.0,0.0,0.0,0.0,0.0,0.0,0.0,0.0,0.0,22.1,0.0,0.0,77.9,412,412.0,risk_local_threshold,0.3,False
dapper,outage,113,100.0,1000,7.147796806593906,30.844985093880027,33.96419838510252,34.91680130902314,7.147796806593906,0.0,0.7299582611154545,0.7299582611154545,0.0,0.0,0.0,1.0,0.737,0.0,0.0,0.0,0.0,0.0,0.0,0.0,0.0,0.0,23.200000000000003,0.0,0.0,76.8,437,437.0,risk_local_threshold,0.3,False
dapper,outage,114,100.0,1000,7.501176014095029,31.4914309836508,34.414218678920534,34.97406829855338,7.501176014095029,0.0,0.7224631994341497,0.7224631994341497,0.0,0.0,0.0,1.0,0.728,0.0,0.0,0.0,0.0,0.0,0.0,0.0,0.0,0.0,22.3,0.0,0.0,77.7,398,398.0,risk_local_threshold,0.3,False
dapper,outage,115,100.0,1000,7.428611862088066,30.652007764158807,34.152857588086846,34.990047900593524,7.428611862088066,0.0,0.7262317832361891,0.7262317832361891,0.0,0.0,0.0,1.0,0.735,0.0,0.0,0.0,0.0,0.0,0.0,0.0,0.0,0.0,22.2,0.0,0.0,77.8,413,413.0,risk_local_threshold,0.3,False
dapper,outage,116,100.0,1000,7.310877248374183,30.959598437937885,34.2744524675671,34.84799240200695,7.310877248374183,0.0,0.727895972888168,0.727895972888168,0.0,0.0,0.0,1.0,0.734,0.0,0.0,0.0,0.0,0.0,0.0,0.0,0.0,0.0,23.5,0.0,0.0,76.5,434,434.0,risk_local_threshold,0.3,False
dapper,outage,117,100.0,1000,7.385847848859415,31.09198240986329,34.14712359689956,34.96597639562117,7.385847848859415,0.0,0.7183856901372877,0.7183856901372877,0.0,0.0,0.0,1.0,0.732,0.0,0.0,0.0,0.0,0.0,0.0,0.0,0.0,0.0,21.9,0.0,0.0,78.10000000000001,403,403.0,risk_local_threshold,0.3,False
dapper,outage,118,100.0,1000,7.254554051460061,31.241459127591458,33.60889001037177,34.741923692424066,7.254554051460061,0.0,0.7269199104810466,0.7269199104810466,0.0,0.0,0.0,1.0,0.737,0.0,0.0,0.0,0.0,0.0,0.0,0.0,0.0,0.0,22.0,0.0,0.0,78.0,408,408.0,risk_local_threshold,0.3,False
dapper,outage,119,100.0,1000,7.544636632920723,31.97128927281031,34.12470746616695,34.92690319762808,7.544636632920723,0.0,0.7220765044472426,0.7220765044472426,0.0,0.0,0.0,1.0,0.733,0.0,0.0,0.0,0.0,0.0,0.0,0.0,0.0,0.0,23.599999999999998,0.0,0.0,76.4,434,434.0,risk_local_threshold,0.3,False
dapper,outage,120,100.0,1000,7.2966883444603,30.892941767709793,34.211465224522804,34.99743937003936,7.2966883444603,0.0,0.7277157448014966,0.7277157448014966,0.0,0.0,0.0,1.0,0.733,0.0,0.0,0.0,0.0,0.0,0.0,0.0,0.0,0.0,22.1,0.0,0.0,77.9,410,410.0,risk_local_threshold,0.3,False
dapper,outage,121,100.0,1000,7.333809267763978,31.109084311834984,33.97165026658857,34.64971422730907,7.333809267763978,0.0,0.7274434266949621,0.7274434266949621,0.0,0.0,0.0,1.0,0.738,0.0,0.0,0.0,0.0,0.0,0.0,0.0,0.0,0.0,22.7,0.0,0.0,77.3,427,427.0,risk_local_threshold,0.3,False
dapper,outage,122,100.0,1000,7.251434439695796,30.60696308430699,34.355640534389124,34.986643071399804,7.251434439695796,0.0,0.7230377555986962,0.7230377555986962,0.0,0.0,0.0,1.0,0.738,0.0,0.0,0.0,0.0,0.0,0.0,0.0,0.0,0.0,21.8,0.0,0.0,78.2,412,412.0,risk_local_threshold,0.3,False
dapper,outage,123,100.0,1000,7.348689071341893,31.31477153672879,33.77157051102519,34.93381679406212,7.348689071341893,0.0,0.7249842011830019,0.7249842011830019,0.0,0.0,0.0,1.0,0.734,0.0,0.0,0.0,0.0,0.0,0.0,0.0,0.0,0.0,22.6,0.0,0.0,77.4,416,416.0,risk_local_threshold,0.3,False
dapper,outage,124,100.0,1000,7.660167119732145,32.1804553486177,34.264528586595944,34.941792593643456,7.660167119732145,0.0,0.7230039723105824,0.7230039723105824,0.0,0.0,0.0,1.0,0.731,0.0,0.0,0.0,0.0,0.0,0.0,0.0,0.0,0.0,22.3,0.0,0.0,77.7,400,400.0,risk_local_threshold,0.3,False
dapper,outage,125,100.0,1000,7.350838089581009,31.434653948905787,34.32904496368304,34.97323235440945,7.350838089581009,0.0,0.7221812250823167,0.7221812250823167,0.0,0.0,0.0,1.0,0.733,0.0,0.0,0.0,0.0,0.0,0.0,0.0,0.0,0.0,23.200000000000003,0.0,0.0,76.8,428,428.0,risk_local_threshold,0.3,False
dapper,outage,126,100.0,1000,7.215129876013096,30.710400018658593,33.86622552192073,34.99530404733341,7.215129876013096,0.0,0.725540342550057,0.725540342550057,0.0,0.0,0.0,1.0,0.738,0.0,0.0,0.0,0.0,0.0,0.0,0.0,0.0,0.0,22.6,0.0,0.0,77.4,428,428.0,risk_local_threshold,0.3,False
dapper,outage,127,100.0,1000,7.168677740371282,30.32721903409148,33.88590346281151,34.91862325958482,7.168677740371282,0.0,0.7321660926795039,0.7321660926795039,0.0,0.0,0.0,1.0,0.738,0.0,0.0,0.0,0.0,0.0,0.0,0.0,0.0,0.0,21.9,0.0,0.0,78.10000000000001,409,409.0,risk_local_threshold,0.3,False
dapper,outage,128,100.0,1000,7.182658284101614,30.07092856934142,34.160945540901714,34.96572059102459,7.182658284101614,0.0,0.7245057292187558,0.7245057292187558,0.0,0.0,0.0,1.0,0.736,0.0,0.0,0.0,0.0,0.0,0.0,0.0,0.0,0.0,23.0,0.0,0.0,77.0,428,428.0,risk_local_threshold,0.3,False
dapper,outage,129,100.0,1000,7.192894149462109,30.305709714834187,34.22738591997794,34.97529884555047,7.192894149462109,0.0,0.7266441172681618,0.7266441172681618,0.0,0.0,0.0,1.0,0.738,0.0,0.0,0.0,0.0,0.0,0.0,0.0,0.0,0.0,21.3,0.0,0.0,78.7,404,404.0,risk_local_threshold,0.3,False
dapper,stable,100,100.0,1000,25.279403323317702,33.96035223762113,34.73962355895296,34.988775105687154,51.53514833678389,0.0,0.7265268897628933,0.792417917211626,21350.0,21.35,21350.0,0.0,0.0,0.0,0.854,0.9918032786885246,0.4953161592505855,0.423,0.4964871194379391,0.0,0.00819672131147541,0.0,14.6,0.0,85.39999999999999,0.0,259,259.0,risk_local_threshold,0.35,False
dapper,stable,101,100.0,1000,24.820657080469697,33.96040511204254,34.788072376532675,34.99828909781833,53.53675771177409,0.0,0.7249338588619687,0.7978649635318986,21700.0,21.7,21700.0,0.0,0.0,0.0,0.868,0.9896313364055299,0.5288018433179723,0.459,0.4608294930875576,0.0,0.010368663594470046,0.0,13.200000000000001,0.0,86.8,0.0,231,231.0,risk_local_threshold,0.35,False
dapper,stable,102,100.0,1000,24.835880473076735,33.70682378335116,34.74818297607158,34.965240972972765,51.8627260021259,0.0,0.727324394359075,0.800034845226407,20900.0,20.9,20900.0,0.0,0.0,0.0,0.836,0.992822966507177,0.5263157894736842,0.44,0.4665071770334928,0.0,0.007177033492822967,0.0,16.400000000000002,0.0,83.6,0.0,284,284.0,risk_local_threshold,0.35,False
dapper,stable,103,100.0,1000,24.972078044518216,34.293187186352334,34.89307765319619,34.99802137082616,53.372703891643845,0.0,0.7236659440861409,0.7991290672988378,21525.0,21.525,21525.0,0.0,0.0,0.0,0.861,0.9883855981416957,0.5342624854819977,0.46,0.454123112659698,0.0,0.011614401858304297,0.0,13.900000000000002,0.0,86.1,0.0,237,237.0,risk_local_threshold,0.35,False
dapper,stable,104,100.0,1000,24.98622097286207,33.860115377670134,34.74837408619961,34.98656616097203,51.037343944723006,0.0,0.7240926018777877,0.7898578469524961,21900.0,21.9,21900.0,0.0,0.0,0.0,0.876,0.9920091324200914,0.4794520547945205,0.42,0.5125570776255708,0.0,0.007990867579908675,0.0,12.4,0.0,87.6,0.0,220,220.0,risk_local_threshold,0.35,False
dapper,stable,105,100.0,1000,24.85634769037545,33.82025179084476,34.62504012903672,34.93314580405199,51.59710330911793,0.0,0.7262361051095783,0.7959250227091806,21250.0,21.25,21250.0,0.0,0.0,0.0,0.85,0.9905882352941177,0.5105882352941177,0.434,0.48,0.0,0.009411764705882352,0.0,15.0,0.0,85.0,0.0,256,256.0,risk_local_threshold,0.35,False
dapper,stable,106,100.0,1000,24.716410963251104,33.86074949026578,34.68730165917939,34.933586993197196,52.69637342008328,0.0,0.7229428904328138,0.7962430814491968,21425.0,21.425,21425.0,0.0,0.0,0.0,0.857,0.9918319719953326,0.5227537922987164,0.448,0.4690781796966161,0.0,0.008168028004667444,0.0,14.299999999999999,0.0,85.7,0.0,252,252.0,risk_local_threshold,0.35,False
dapper,stable,107,100.0,1000,24.88557902804772,33.83424628214373,34.89267109559948,34.9936438529993,53.380353744565205,0.0,0.7245133185042392,0.7993133636844371,22025.0,22.025,22025.0,0.0,0.0,0.0,0.881,0.9886492622020431,0.5187287173666288,0.457,0.4699205448354143,0.0,0.011350737797956867,0.0,11.899999999999999,0.0,88.1,0.0,198,198.0,risk_local_threshold,0.35,False
dapper,stable,108,100.0,1000,25.235897183714567,34.2868707566229,34.87218349603604,34.989690121554816,51.92467360201944,0.0,0.7254394152220247,0.7967132376294662,21500.0,21.5,21500.0,0.0,0.0,0.0,0.86,0.9872093023255814,0.5023255813953489,0.432,0.4848837209302326,0.0,0.012790697674418604,0.0,14.000000000000002,0.0,86.0,0.0,231,231.0,risk_local_threshold,0.35,False
dapper,stable,109,100.0,1000,25.268964708760926,34.15910526808331,34.79620852522923,34.94284900848466,51.53790445445115,0.0,0.7225069831603355,0.7908717000411818,21775.0,21.775,21775.0,0.0,0.0,0.0,0.871,0.9850746268656716,0.4845005740528129,0.422,0.5005740528128588,0.0,0.014925373134328358,0.0,12.9,0.0,87.1,0.0,228,228.0,risk_local_threshold,0.35,False
dapper,stable,110,100.0,1000,24.978043487255007,33.957417382454665,34.80033649104111,34.99011804008187,51.64725260956925,0.0,0.7239727698806182,0.7935801521646344,21400.0,21.4,21400.0,0.0,0.0,0.0,0.856,0.985981308411215,0.5035046728971962,0.431,0.4824766355140187,0.0,0.014018691588785047,0.0,14.399999999999999,0.0,85.6,0.0,261,261.0,risk_local_threshold,0.35,False
dapper,stable,111,100.0,1000,25.491345575881343,33.99942489704205,34.77294614292747,34.98882482505357,52.77932606666301,0.0,0.7264559107913696,0.7988751227250941,20975.0,20.975,20975.0,0.0,0.0,0.0,0.839,0.9916567342073898,0.5256257449344458,0.441,0.466030989272944,0.0,0.00834326579261025,0.0,16.1,0.0,83.89999999999999,0.0,276,276.0,risk_local_threshold,0.35,False
dapper,stable,112,100.0,1000,25.044635098675773,33.93678625080242,34.80594764992258,34.978994945141224,52.774438295965986,0.0,0.7245903067601731,0.7942867336915719,21700.0,21.7,21700.0,0.0,0.0,0.0,0.868,0.9919354838709677,0.5103686635944701,0.443,0.4815668202764977,0.0,0.008064516129032258,0.0,13.200000000000001,0.0,86.8,0.0,220,220.0,risk_local_threshold,0.35,False
dapper,stable,113,100.0,1000,24.924957379086543,33.92528008813723,34.852479041190236,34.99387303551587,50.565197370598845,0.0,0.725184772552611,0.7910288053494875,21600.0,21.6,21600.0,0.0,0.0,0.0,0.864,0.9826388888888888,0.48032407407407407,0.415,0.5023148148148148,0.0,0.017361111111111112,0.0,13.600000000000001,0.0,86.4,0.0,239,239.0,risk_local_threshold,0.35,False
dapper,stable,114,100.0,1000,25.128438548268,33.86993382489312,34.786318253661975,34.99771913787838,53.866453690073165,0.0,0.7237524930795687,0.7977940224588013,21900.0,21.9,21900.0,0.0,0.0,0.0,0.876,0.9908675799086758,0.5308219178082192,0.465,0.4600456621004566,0.0,0.0091324200913242,0.0,12.4,0.0,87.6,0.0,214,214.0,risk_local_threshold,0.35,False
dapper,stable,115,100.0,1000,25.094705607799348,34.162413089123824,34.74465384721523,34.970565607066455,51.94937303752475,0.0,0.7245886848920773,0.7944537871206474,21750.0,21.75,21750.0,0.0,0.0,0.0,0.87,0.9873563218390805,0.5011494252873563,0.436,0.4862068965517241,0.0,0.01264367816091954,0.0,13.0,0.0,87.0,0.0,219,219.0,risk_local_threshold,0.35,False
dapper,stable,116,100.0,1000,25.028301912688907,34.05041769477859,34.88445460350265,34.99403448766891,54.211607535281885,0.0,0.7244573126145593,0.798391101095973,21750.0,21.75,21750.0,0.0,0.0,0.0,0.87,0.9942528735632183,0.5448275862068965,0.474,0.4494252873563218,0.0,0.005747126436781609,0.0,13.0,0.0,87.0,0.0,221,221.0,risk_local_threshold,0.35,False
dapper,stable,117,100.0,1000,24.997182216762514,33.94211020128963,34.806950360419165,34.98156739475102,51.94396103000347,0.0,0.7238166310991714,0.7935256482510197,21850.0,21.85,21850.0,0.0,0.0,0.0,0.874,0.9862700228832952,0.4897025171624714,0.428,0.4965675057208238,0.0,0.013729977116704805,0.0,12.6,0.0,87.4,0.0,226,226.0,risk_local_threshold,0.35,False
dapper,stable,118,100.0,1000,25.026589048763064,34.146334679362305,34.835239525322194,34.964244111574146,52.20873167600773,0.0,0.7280528994609765,0.7960765304196257,21475.0,21.475,21475.0,0.0,0.0,0.0,0.859,0.9906868451688009,0.5075669383003493,0.436,0.4831199068684517,0.0,0.009313154831199068,0.0,14.099999999999998,0.0,85.9,0.0,244,244.0,risk_local_threshold,0.35,False
dapper,stable,119,100.0,1000,24.80107188012856,34.00280379558126,34.81754573602827,34.936826663719394,53.78667209236602,0.0,0.7243707963012889,0.799875204249307,21925.0,21.925,21925.0,0.0,0.0,0.0,0.877,0.9874572405929305,0.5324971493728621,0.467,0.4549600912200684,0.0,0.012542759407069556,0.0,12.3,0.0,87.7,0.0,228,228.0,risk_local_threshold,0.35,False
dapper,stable,120,100.0,1000,25.000139802139184,33.83887438020657,34.75482963071029,34.96519781982063,52.586658253654925,0.0,0.7247996031934949,0.7950348677637523,21800.0,21.8,21800.0,0.0,0.0,0.0,0.872,0.9839449541284404,0.5103211009174312,0.445,0.4736238532110092,0.0,0.016055045871559634,0.0,12.8,0.0,87.2,0.0,212,212.0,risk_local_threshold,0.35,False
dapper,stable,121,100.0,1000,24.870142370806825,34.08802278656587,34.79782372711737,34.96061084968983,51.218892289603616,0.0,0.7235062491591376,0.7917923991779289,21800.0,21.8,21800.0,0.0,0.0,0.0,0.872,0.9862385321100917,0.48394495412844035,0.422,0.5022935779816514,0.0,0.013761467889908258,0.0,12.8,0.0,87.2,0.0,219,219.0,risk_local_threshold,0.35,False
dapper,stable,122,100.0,1000,24.829111935230273,33.958468133447,34.74506049633189,34.924143640943036,53.271418624119164,0.0,0.7259117747422895,0.7982645293058339,21950.0,21.95,21950.0,0.0,0.0,0.0,0.878,0.9886104783599089,0.5148063781321185,0.452,0.47380410022779046,0.0,0.011389521640091117,0.0,12.2,0.0,87.8,0.0,200,200.0,risk_local_threshold,0.35,False
dapper,stable,123,100.0,1000,25.35470141463279,34.01400394209814,34.728637206489786,34.90743937957425,51.64158095400979,0.0,0.7231039957478556,0.7928850748486099,22225.0,22.225,22225.0,0.0,0.0,0.0,0.889,0.9820022497187851,0.4769403824521935,0.424,0.5050618672665916,0.0,0.01799775028121485,0.0,11.1,0.0,88.9,0.0,196,196.0,risk_local_threshold,0.35,False
dapper,stable,124,100.0,1000,25.00583269004324,34.03261405514325,34.80612955591713,34.95256595801938,50.8126236179597,0.0,0.7270004160651047,0.7942088997255117,21000.0,21.0,21000.0,0.0,0.0,0.0,0.84,0.9928571428571429,0.49642857142857144,0.417,0.49642857142857144,0.0,0.007142857142857143,0.0,16.0,0.0,84.0,0.0,280,280.0,risk_local_threshold,0.35,False
dapper,stable,125,100.0,1000,24.9867591189863,33.982185709447386,34.8021659840167,34.99165214842439,53.959249959158115,0.0,0.7268533605073024,0.7989657788847586,21650.0,21.65,21650.0,0.0,0.0,0.0,0.866,0.9919168591224018,0.5323325635103926,0.461,0.45958429561200925,0.0,0.008083140877598153,0.0,13.4,0.0,86.6,0.0,238,238.0,risk_local_threshold,0.35,False
dapper,stable,126,100.0,1000,24.628886386363657,33.70638744138536,34.672811784104226,34.983867296625746,53.134621864449656,0.0,0.726794351381784,0.8009463128693688,21175.0,21.175,21175.0,0.0,0.0,0.0,0.847,0.9881936245572609,0.5419126328217237,0.459,0.4462809917355372,0.0,0.011806375442739079,0.0,15.299999999999999,0.0,84.7,0.0,252,252.0,risk_local_threshold,0.35,False
dapper,stable,127,100.0,1000,25.164646066804526,34.17312143282042,34.80106095916998,34.970740898815485,54.30743225703345,0.0,0.7237258806201099,0.7969399991420358,22125.0,22.125,22125.0,0.0,0.0,0.0,0.885,0.9909604519774011,0.5276836158192091,0.467,0.4632768361581921,0.0,0.00903954802259887,0.0,11.5,0.0,88.5,0.0,207,207.0,risk_local_threshold,0.35,False
dapper,stable,128,100.0,1000,25.178185128090664,33.92859815320874,34.67968897440042,34.972660274630584,53.589153958153254,0.0,0.7271450910033325,0.7988558762020542,21425.0,21.425,21425.0,0.0,0.0,0.0,0.857,0.9836639439906651,0.5309218203033839,0.455,0.45274212368728123,0.0,0.01633605600933489,0.0,14.299999999999999,0.0,85.7,0.0,237,237.0,risk_local_threshold,0.35,False
dapper,stable,129,100.0,1000,25.217209562918274,34.07064808785484,34.83459462785327,34.9933571344785,53.065152250426124,0.0,0.722736266433297,0.7957788932941594,21825.0,21.825,21825.0,0.0,0.0,0.0,0.873,0.9896907216494846,0.5131729667812142,0.448,0.4765177548682703,0.0,0.010309278350515464,0.0,12.7,0.0,87.3,0.0,214,214.0,risk_local_threshold,0.35,False
dapper,congested,100,100.0,1000,24.824557271985057,33.928407620489025,34.77556075006328,34.97404020175507,24.824557271985057,0.0,0.7231225654703062,0.7231225654703062,0.0,0.0,0.0,0.004,0.004,0.0,0.0,0.0,0.0,0.0,0.0,0.0,0.0,0.0,99.6,0.0,0.0,0.4,8,8.0,risk_local_threshold,0.35,False
dapper,congested,101,100.0,1000,25.026673523971784,34.03466107987438,34.84243479054015,34.99327875607795,25.026673523971784,0.0,0.7239603822715144,0.7239603822715144,0.0,0.0,0.0,0.007,0.007,0.0,0.0,0.0,0.0,0.0,0.0,0.0,0.0,0.0,99.3,0.0,0.0,0.7000000000000001,12,12.0,risk_local_threshold,0.35,False
dapper,congested,102,100.0,1000,24.829712790777762,33.96479457393766,34.69588731781126,34.989536221406055,24.829712790777762,0.0,0.7270052366898776,0.7270052366898776,0.0,0.0,0.0,0.008,0.008,0.0,0.0,0.0,0.0,0.0,0.0,0.0,0.0,0.0,99.2,0.0,0.0,0.8,14,14.0,risk_local_threshold,0.35,False
dapper,congested,103,100.0,1000,24.892785643695664,34.09454856492267,34.78542999553827,34.985893217625524,24.892785643695664,0.0,0.7249187188165734,0.7249187188165734,0.0,0.0,0.0,0.006,0.006,0.0,0.0,0.0,0.0,0.0,0.0,0.0,0.0,0.0,99.4,0.0,0.0,0.6,12,12.0,risk_local_threshold,0.35,False
dapper,congested,104,100.0,1000,24.77796847513708,33.81394766067372,34.81048977789511,34.94578824107255,24.77796847513708,0.0,0.7272547943451833,0.7272547943451833,0.0,0.0,0.0,0.008,0.008,0.0,0.0,0.0,0.0,0.0,0.0,0.0,0.0,0.0,99.2,0.0,0.0,0.8,14,14.0,risk_local_threshold,0.35,False
dapper,congested,105,100.0,1000,24.677162661323955,34.007432758127685,34.86009343610894,34.98145078352877,24.677162661323955,0.0,0.7241646482306923,0.7241646482306923,0.0,0.0,0.0,0.008,0.008,0.0,0.0,0.0,0.0,0.0,0.0,0.0,0.0,0.0,99.2,0.0,0.0,0.8,12,12.0,risk_local_threshold,0.35,False
dapper,congested,106,100.0,1000,24.772684967250918,33.98450796903268,34.753821099438774,34.98979405154197,24.772684967250918,0.0,0.7262080408789683,0.7262080408789683,0.0,0.0,0.0,0.007,0.007,0.0,0.0,0.0,0.0,0.0,0.0,0.0,0.0,0.0,99.3,0.0,0.0,0.7000000000000001,8,8.0,risk_local_threshold,0.35,False
dapper,congested,107,100.0,1000,24.763848167260303,33.88426057014752,34.77470672268729,34.998762184541775,24.763848167260303,0.0,0.7257346306649486,0.7257346306649486,0.0,0.0,0.0,0.005,0.005,0.0,0.0,0.0,0.0,0.0,0.0,0.0,0.0,0.0,99.5,0.0,0.0,0.5,8,8.0,risk_local_threshold,0.35,False
dapper,congested,108,100.0,1000,24.953177155047733,33.943119032195405,34.814499351033405,34.99655745974279,24.953177155047733,0.0,0.7244295155267036,0.7244295155267036,0.0,0.0,0.0,0.008,0.008,0.0,0.0,0.0,0.0,0.0,0.0,0.0,0.0,0.0,99.2,0.0,0.0,0.8,14,14.0,risk_local_threshold,0.35,False
dapper,congested,109,100.0,1000,24.847059358357548,33.93181537323021,34.785030538309286,34.98925809716232,24.847059358357548,0.0,0.7234323551786083,0.7234323551786083,0.0,0.0,0.0,0.007,0.007,0.0,0.0,0.0,0.0,0.0,0.0,0.0,0.0,0.0,99.3,0.0,0.0,0.7000000000000001,10,10.0,risk_local_threshold,0.35,False
dapper,congested,110,100.0,1000,24.70223165713215,33.71973175922034,34.60151524624712,34.90888622322395,24.70223165713215,0.0,0.7246938266396346,0.7246938266396346,0.0,0.0,0.0,0.005,0.005,0.0,0.0,0.0,0.0,0.0,0.0,0.0,0.0,0.0,99.5,0.0,0.0,0.5,8,8.0,risk_local_threshold,0.35,False
dapper,congested,111,100.0,1000,24.94253826558974,33.995133250212476,34.74455155405684,34.96241421096305,24.94253826558974,0.0,0.7254545302713125,0.7254545302713125,0.0,0.0,0.0,0.008,0.008,0.0,0.0,0.0,0.0,0.0,0.0,0.0,0.0,0.0,99.2,0.0,0.0,0.8,14,14.0,risk_local_threshold,0.35,False
dapper,congested,112,100.0,1000,24.86963877249279,33.90095224371657,34.76580213455383,34.985906989642146,24.86963877249279,0.0,0.7266076329631779,0.7266076329631779,0.0,0.0,0.0,0.013,0.013,0.0,0.0,0.0,0.0,0.0,0.0,0.0,0.0,0.0,98.7,0.0,0.0,1.3,18,18.0,risk_local_threshold,0.35,False
dapper,congested,113,100.0,1000,24.72292431672843,33.938019364553725,34.77247181035648,34.98424994294581,24.72292431672843,0.0,0.7265134749764945,0.7265134749764945,0.0,0.0,0.0,0.007,0.007,0.0,0.0,0.0,0.0,0.0,0.0,0.0,0.0,0.0,99.3,0.0,0.0,0.7000000000000001,12,12.0,risk_local_threshold,0.35,False
dapper,congested,114,100.0,1000,24.915906991902833,33.99518413696301,34.87476614646897,34.96282987218834,24.915906991902833,0.0,0.7286233928366593,0.7286233928366593,0.0,0.0,0.0,0.008,0.008,0.0,0.0,0.0,0.0,0.0,0.0,0.0,0.0,0.0,99.2,0.0,0.0,0.8,10,10.0,risk_local_threshold,0.35,False
dapper,congested,115,100.0,1000,25.085740611498316,34.01033183391731,34.751795785617006,34.96593743598228,25.085740611498316,0.0,0.722824442674691,0.722824442674691,0.0,0.0,0.0,0.006,0.006,0.0,0.0,0.0,0.0,0.0,0.0,0.0,0.0,0.0,99.4,0.0,0.0,0.6,10,10.0,risk_local_threshold,0.35,False
dapper,congested,116,100.0,1000,25.324934204252145,33.95730249293956,34.77240430108412,34.9771698353159,25.324934204252145,0.0,0.7260315559209485,0.7260315559209485,0.0,0.0,0.0,0.008,0.008,0.0,0.0,0.0,0.0,0.0,0.0,0.0,0.0,0.0,99.2,0.0,0.0,0.8,16,16.0,risk_local_threshold,0.35,False
dapper,congested,117,100.0,1000,24.38620885543388,33.706919736517364,34.66361864084976,34.994340946660934,24.38620885543388,0.0,0.7253330615138619,0.7253330615138619,0.0,0.0,0.0,0.008,0.008,0.0,0.0,0.0,0.0,0.0,0.0,0.0,0.0,0.0,99.2,0.0,0.0,0.8,16,16.0,risk_local_threshold,0.35,False
dapper,congested,118,100.0,1000,25.01023416650803,34.01490807545646,34.75940662114508,34.968506891824205,25.01023416650803,0.0,0.7268033495517163,0.7268033495517163,0.0,0.0,0.0,0.007,0.007,0.0,0.0,0.0,0.0,0.0,0.0,0.0,0.0,0.0,99.3,0.0,0.0,0.7000000000000001,12,12.0,risk_local_threshold,0.35,False
dapper,congested,119,100.0,1000,25.237974362405513,33.930297923071485,34.79939395844596,34.97944595589328,25.237974362405513,0.0,0.7235998627315303,0.7235998627315303,0.0,0.0,0.0,0.005,0.005,0.0,0.0,0.0,0.0,0.0,0.0,0.0,0.0,0.0,99.5,0.0,0.0,0.5,8,8.0,risk_local_threshold,0.35,False
dapper,congested,120,100.0,1000,24.770729236686982,33.99634834863332,34.78821886321599,34.985958566309606,24.770729236686982,0.0,0.724149083598059,0.724149083598059,0.0,0.0,0.0,0.008,0.008,0.0,0.0,0.0,0.0,0.0,0.0,0.0,0.0,0.0,99.2,0.0,0.0,0.8,16,16.0,risk_local_threshold,0.35,False
dapper,congested,121,100.0,1000,24.670024513531853,33.750343569648706,34.75280697328194,34.996277370025744,24.670024513531853,0.0,0.7242193034879331,0.7242193034879331,0.0,0.0,0.0,0.006,0.006,0.0,0.0,0.0,0.0,0.0,0.0,0.0,0.0,0.0,99.4,0.0,0.0,0.6,10,10.0,risk_local_threshold,0.35,False
dapper,congested,122,100.0,1000,24.53787182490916,33.83751458842038,34.770700984913006,34.91653465760954,24.53787182490916,0.0,0.726925307989091,0.726925307989091,0.0,0.0,0.0,0.013,0.013,0.0,0.0,0.0,0.0,0.0,0.0,0.0,0.0,0.0,98.7,0.0,0.0,1.3,14,14.0,risk_local_threshold,0.35,False
dapper,congested,123,100.0,1000,24.972968667791022,34.0068905091913,34.771507219222585,34.98883073588995,24.972968667791022,0.0,0.7231981737549722,0.7231981737549722,0.0,0.0,0.0,0.002,0.002,0.0,0.0,0.0,0.0,0.0,0.0,0.0,0.0,0.0,99.8,0.0,0.0,0.2,4,4.0,risk_local_threshold,0.35,False
dapper,congested,124,100.0,1000,24.68398444976012,33.74309287533703,34.66363593071505,34.94326242767353,24.68398444976012,0.0,0.7246698111318651,0.7246698111318651,0.0,0.0,0.0,0.006,0.006,0.0,0.0,0.0,0.0,0.0,0.0,0.0,0.0,0.0,99.4,0.0,0.0,0.6,10,10.0,risk_local_threshold,0.35,False
dapper,congested,125,100.0,1000,24.725669553063664,34.05786747219948,34.83418763630404,34.99974319601896,24.725669553063664,0.0,0.7228975062228786,0.7228975062228786,0.0,0.0,0.0,0.012,0.012,0.0,0.0,0.0,0.0,0.0,0.0,0.0,0.0,0.0,98.8,0.0,0.0,1.2,14,14.0,risk_local_threshold,0.35,False
dapper,congested,126,100.0,1000,24.961010734873252,33.97988585528562,34.774114294105054,34.99086328598782,24.961010734873252,0.0,0.7258907807888281,0.7258907807888281,0.0,0.0,0.0,0.002,0.002,0.0,0.0,0.0,0.0,0.0,0.0,0.0,0.0,0.0,99.8,0.0,0.0,0.2,4,4.0,risk_local_threshold,0.35,False
dapper,congested,127,100.0,1000,24.79915459305446,33.97839515917549,34.71031183612322,34.99801668883106,24.79915459305446,0.0,0.7241769809830646,0.7241769809830646,0.0,0.0,0.0,0.01,0.01,0.0,0.0,0.0,0.0,0.0,0.0,0.0,0.0,0.0,99.0,0.0,0.0,1.0,18,18.0,risk_local_threshold,0.35,False
dapper,congested,128,100.0,1000,24.671514882986425,34.08647701991846,34.783499539553866,34.99302751306131,24.671514882986425,0.0,0.72324842617587,0.72324842617587,0.0,0.0,0.0,0.008,0.008,0.0,0.0,0.0,0.0,0.0,0.0,0.0,0.0,0.0,99.2,0.0,0.0,0.8,12,12.0,risk_local_threshold,0.35,False
dapper,congested,129,100.0,1000,24.599702966215787,33.90591045177916,34.77957296022762,34.981958638619645,24.599702966215787,0.0,0.7227863941222297,0.7227863941222297,0.0,0.0,0.0,0.013,0.013,0.0,0.0,0.0,0.0,0.0,0.0,0.0,0.0,0.0,98.7,0.0,0.0,1.3,20,20.0,risk_local_threshold,0.35,False
dapper,lossy,100,100.0,1000,25.284238375351617,34.04718924628941,34.84826155800029,34.98907189172226,25.284238375351617,0.0,0.7261089761349956,0.7261089761349956,0.0,0.0,0.0,0.0,0.0,0.0,0.0,0.0,0.0,0.0,0.0,0.0,0.0,0.0,100.0,0.0,0.0,0.0,0,0.0,risk_local_threshold,0.35,False
dapper,lossy,101,100.0,1000,25.059527190349893,34.120642165867906,34.8265496982896,34.99538718567808,25.059527190349893,0.0,0.7233638220296621,0.7233638220296621,0.0,0.0,0.0,0.0,0.0,0.0,0.0,0.0,0.0,0.0,0.0,0.0,0.0,0.0,100.0,0.0,0.0,0.0,0,0.0,risk_local_threshold,0.35,False
dapper,lossy,102,100.0,1000,24.993003502753638,33.78557770295638,34.81151542684563,34.990087052311324,24.993003502753638,0.0,0.7247993890094673,0.7247993890094673,0.0,0.0,0.0,0.0,0.0,0.0,0.0,0.0,0.0,0.0,0.0,0.0,0.0,0.0,100.0,0.0,0.0,0.0,0,0.0,risk_local_threshold,0.35,False
dapper,lossy,103,100.0,1000,25.072925546868568,34.23372242321619,34.794279965090745,34.9768308072483,25.072925546868568,0.0,0.7255664298957895,0.7255664298957895,0.0,0.0,0.0,0.0,0.0,0.0,0.0,0.0,0.0,0.0,0.0,0.0,0.0,0.0,100.0,0.0,0.0,0.0,0,0.0,risk_local_threshold,0.35,False
dapper,lossy,104,100.0,1000,24.952721574773207,33.7641107522445,34.821547122134376,34.99174516374082,25.003582383765576,0.0,0.725270205207262,0.725435924051473,25.0,0.025,25.0,0.0,0.0,0.0,0.001,1.0,1.0,0.001,0.0,0.0,0.0,0.0,99.9,0.0,0.1,0.0,2,2.0,risk_local_threshold,0.35,False
dapper,lossy,105,100.0,1000,25.095152971928933,33.826524025580916,34.67873591147265,34.99594666457182,25.095152971928933,0.0,0.7248747477212536,0.7248747477212536,0.0,0.0,0.0,0.0,0.0,0.0,0.0,0.0,0.0,0.0,0.0,0.0,0.0,0.0,100.0,0.0,0.0,0.0,0,0.0,risk_local_threshold,0.35,False
dapper,lossy,106,100.0,1000,24.856568122610433,33.832964597231225,34.72189143706977,34.99784375073101,24.856568122610433,0.0,0.7235813767870335,0.7235813767870335,0.0,0.0,0.0,0.0,0.0,0.0,0.0,0.0,0.0,0.0,0.0,0.0,0.0,0.0,100.0,0.0,0.0,0.0,0,0.0,risk_local_threshold,0.35,False
dapper,lossy,107,100.0,1000,24.68158080592215,34.00414573371424,34.83973190471446,34.99325658145116,24.68158080592215,0.0,0.7241940517114336,0.7241940517114336,0.0,0.0,0.0,0.0,0.0,0.0,0.0,0.0,0.0,0.0,0.0,0.0,0.0,0.0,100.0,0.0,0.0,0.0,0,0.0,risk_local_threshold,0.35,False
dapper,lossy,108,100.0,1000,25.047265262517854,34.05795037600457,34.73288919337191,34.96757252768798,25.047265262517854,0.0,0.7235643813542582,0.7235643813542582,0.0,0.0,0.0,0.0,0.0,0.0,0.0,0.0,0.0,0.0,0.0,0.0,0.0,0.0,100.0,0.0,0.0,0.0,0,0.0,risk_local_threshold,0.35,False
dapper,lossy,109,100.0,1000,24.775139056545807,34.049418286887835,34.7919194149339,34.94624843509132,24.775139056545807,0.0,0.7212325912059436,0.7212325912059436,0.0,0.0,0.0,0.0,0.0,0.0,0.0,0.0,0.0,0.0,0.0,0.0,0.0,0.0,100.0,0.0,0.0,0.0,0,0.0,risk_local_threshold,0.35,False
dapper,lossy,110,100.0,1000,25.004520730247734,33.8683404853258,34.86997539103268,34.98456857838196,25.063962884663905,0.0,0.7268739784421301,0.7269993621791707,50.0,0.05,50.0,0.0,0.0,0.0,0.002,1.0,0.5,0.001,0.5,0.0,0.0,0.0,99.8,0.0,0.2,0.0,4,4.0,risk_local_threshold,0.35,False
dapper,lossy,111,100.0,1000,24.90307640535743,34.14835345167596,34.756755348825656,34.981698697795565,24.90307640535743,0.0,0.7248703254305311,0.7248703254305311,0.0,0.0,0.0,0.0,0.0,0.0,0.0,0.0,0.0,0.0,0.0,0.0,0.0,0.0,100.0,0.0,0.0,0.0,0,0.0,risk_local_threshold,0.35,False
dapper,lossy,112,100.0,1000,24.956367632930085,34.151123089835,34.870234716853815,34.962158450180866,24.956367632930085,0.0,0.7253954496233768,0.7253954496233768,25.0,0.025,25.0,0.0,0.0,0.0,0.001,1.0,0.0,0.0,1.0,0.0,0.0,0.0,99.9,0.0,0.1,0.0,2,2.0,risk_local_threshold,0.35,False
dapper,lossy,113,100.0,1000,25.11573781751927,34.14436127878192,34.867885766711,34.99782157537433,25.11573781751927,0.0,0.7254462125679975,0.7254462125679975,0.0,0.0,0.0,0.0,0.0,0.0,0.0,0.0,0.0,0.0,0.0,0.0,0.0,0.0,100.0,0.0,0.0,0.0,0,0.0,risk_local_threshold,0.35,False
dapper,lossy,114,100.0,1000,25.05695156474369,34.026649628584615,34.857774174382406,34.983091762156874,25.05695156474369,0.0,0.72440817275247,0.72440817275247,0.0,0.0,0.0,0.0,0.0,0.0,0.0,0.0,0.0,0.0,0.0,0.0,0.0,0.0,100.0,0.0,0.0,0.0,0,0.0,risk_local_threshold,0.35,False
dapper,lossy,115,100.0,1000,24.76252752899427,34.140208891814694,34.85306689119638,34.992962372181864,24.76252752899427,0.0,0.7251726691219196,0.7251726691219196,0.0,0.0,0.0,0.0,0.0,0.0,0.0,0.0,0.0,0.0,0.0,0.0,0.0,0.0,100.0,0.0,0.0,0.0,0,0.0,risk_local_threshold,0.35,False
dapper,lossy,116,100.0,1000,24.951356764470432,33.914227978461774,34.857265543400885,34.99525986411179,24.951356764470432,0.0,0.7243445892890008,0.7243445892890008,0.0,0.0,0.0,0.0,0.0,0.0,0.0,0.0,0.0,0.0,0.0,0.0,0.0,0.0,100.0,0.0,0.0,0.0,0,0.0,risk_local_threshold,0.35,False
dapper,lossy,117,100.0,1000,25.037129912861214,33.9567672696681,34.764351269100246,34.996388970755305,25.037129912861214,0.0,0.726073452957747,0.726073452957747,0.0,0.0,0.0,0.0,0.0,0.0,0.0,0.0,0.0,0.0,0.0,0.0,0.0,0.0,100.0,0.0,0.0,0.0,0,0.0,risk_local_threshold,0.35,False
dapper,lossy,118,100.0,1000,24.83203368389728,33.86314293776527,34.704566823658226,34.94197590424748,24.89392505401733,0.0,0.7277094589160901,0.727871112296373,25.0,0.025,25.0,0.0,0.0,0.0,0.001,1.0,1.0,0.001,0.0,0.0,0.0,0.0,99.9,0.0,0.1,0.0,2,2.0,risk_local_threshold,0.35,False
dapper,lossy,119,100.0,1000,25.22380561542694,34.16353447898527,34.88856396573517,34.993426719837316,25.22380561542694,0.0,0.72570145608929,0.72570145608929,0.0,0.0,0.0,0.0,0.0,0.0,0.0,0.0,0.0,0.0,0.0,0.0,0.0,0.0,100.0,0.0,0.0,0.0,0,0.0,risk_local_threshold,0.35,False
dapper,lossy,120,100.0,1000,24.94356883456326,33.94762430607923,34.82126839451995,34.99480299428936,24.94356883456326,0.0,0.7242446744200584,0.7242446744200584,25.0,0.025,25.0,0.0,0.0,0.0,0.001,1.0,0.0,0.0,1.0,0.0,0.0,0.0,99.9,0.0,0.1,0.0,2,2.0,risk_local_threshold,0.35,False
dapper,lossy,121,100.0,1000,24.890186762682326,33.9509837447526,34.75636721943252,34.9865485323475,24.890186762682326,0.0,0.7226738180182367,0.7226738180182367,25.0,0.025,25.0,0.0,0.0,0.0,0.001,1.0,0.0,0.0,1.0,0.0,0.0,0.0,99.9,0.0,0.1,0.0,2,2.0,risk_local_threshold,0.35,False
dapper,lossy,122,100.0,1000,25.08579289471596,34.07524967583675,34.72465675884838,34.92311681265087,25.08579289471596,0.0,0.7253656451784852,0.7253656451784852,0.0,0.0,0.0,0.0,0.0,0.0,0.0,0.0,0.0,0.0,0.0,0.0,0.0,0.0,100.0,0.0,0.0,0.0,0,0.0,risk_local_threshold,0.35,False
dapper,lossy,123,100.0,1000,24.817178107343594,33.97858252982191,34.71884738710505,34.9640180768012,24.817178107343594,0.0,0.725177200048534,0.725177200048534,0.0,0.0,0.0,0.0,0.0,0.0,0.0,0.0,0.0,0.0,0.0,0.0,0.0,0.0,100.0,0.0,0.0,0.0,0,0.0,risk_local_threshold,0.35,False
dapper,lossy,124,100.0,1000,25.144076835710404,34.0084817041087,34.82162623829404,34.999930978152555,25.144076835710404,0.0,0.7252006399861742,0.7252006399861742,0.0,0.0,0.0,0.0,0.0,0.0,0.0,0.0,0.0,0.0,0.0,0.0,0.0,0.0,100.0,0.0,0.0,0.0,0,0.0,risk_local_threshold,0.35,False
dapper,lossy,125,100.0,1000,25.290207315525716,34.07810779324134,34.85987931432081,34.99675173862079,25.290207315525716,0.0,0.725008358044021,0.725008358044021,0.0,0.0,0.0,0.0,0.0,0.0,0.0,0.0,0.0,0.0,0.0,0.0,0.0,0.0,100.0,0.0,0.0,0.0,0,0.0,risk_local_threshold,0.35,False
dapper,lossy,126,100.0,1000,25.012306557377276,34.01851118868758,34.87231873366858,34.99707928007821,25.012306557377276,0.0,0.7223553858756083,0.7223553858756083,0.0,0.0,0.0,0.0,0.0,0.0,0.0,0.0,0.0,0.0,0.0,0.0,0.0,0.0,100.0,0.0,0.0,0.0,0,0.0,risk_local_threshold,0.35,False
dapper,lossy,127,100.0,1000,24.933813775828348,34.03862120823819,34.851014551058256,34.985303846764054,24.933813775828348,0.0,0.7254720911704587,0.7254720911704587,0.0,0.0,0.0,0.0,0.0,0.0,0.0,0.0,0.0,0.0,0.0,0.0,0.0,0.0,100.0,0.0,0.0,0.0,0,0.0,risk_local_threshold,0.35,False
dapper,lossy,128,100.0,1000,25.361525346794913,34.112832194106765,34.722796126768856,34.99638466136344,25.41769386831051,0.0,0.7258146565752936,0.7259636291765574,25.0,0.025,25.0,0.0,0.0,0.0,0.001,1.0,1.0,0.001,0.0,0.0,0.0,0.0,99.9,0.0,0.1,0.0,2,2.0,risk_local_threshold,0.35,False
dapper,lossy,129,100.0,1000,24.956002553810663,34.060395492680186,34.85750602439408,34.980831653703675,24.956002553810663,0.0,0.7240405957959037,0.7240405957959037,0.0,0.0,0.0,0.0,0.0,0.0,0.0,0.0,0.0,0.0,0.0,0.0,0.0,0.0,100.0,0.0,0.0,0.0,0,0.0,risk_local_threshold,0.35,False
dapper,variable,100,100.0,1000,19.847097399190012,33.61420558459003,34.76027410675784,34.95054826151675,20.58433575155289,0.0,0.7259116438296801,0.7280224550658047,675.0,0.675,675.0,0.284,0.216,0.0,0.027,0.9259259259259259,0.48148148148148145,0.013,0.4444444444444444,0.0,0.07407407407407407,0.0,75.7,0.0,2.7,21.6,185,185.0,risk_local_threshold,0.35,False
dapper,variable,101,100.0,1000,19.873228370530978,33.51859359353788,34.716729365681125,34.99816501848515,20.943495706972353,0.0,0.7274041929596399,0.7301452234570073,775.0,0.775,775.0,0.256,0.2,0.0,0.031,0.9354838709677419,0.5483870967741935,0.017,0.3870967741935484,0.0,0.06451612903225806,0.0,76.9,0.0,3.1,20.0,181,181.0,risk_local_threshold,0.35,False
dapper,variable,102,100.0,1000,21.725835154751234,33.952084801243224,34.85412725538718,34.995332379528136,22.76108204577244,0.0,0.7253923428217819,0.7277515172778919,975.0,0.975,975.0,0.167,0.131,0.0,0.039,0.9487179487179487,0.41025641025641024,0.016,0.5384615384615384,0.0,0.05128205128205128,0.0,83.0,0.0,3.9,13.100000000000001,133,133.0,risk_local_threshold,0.35,False
dapper,variable,103,100.0,1000,19.512093113412188,33.581179869308166,34.6745142049723,34.99051342908312,20.100516042136725,0.0,0.7261937654458711,0.7273855969527456,775.0,0.775,775.0,0.315,0.239,0.0,0.031,0.8709677419354839,0.2903225806451613,0.009,0.5806451612903226,0.0,0.12903225806451613,0.0,73.0,0.0,3.1,23.9,210,210.0,risk_local_threshold,0.35,False
dapper,variable,104,100.0,1000,21.518439904160722,33.92297556550541,34.71580596411837,34.944614204784195,22.332575343225333,0.0,0.7272218707282757,0.7290643703015827,850.0,0.85,850.0,0.187,0.143,0.0,0.034,0.9411764705882353,0.38235294117647056,0.013,0.5588235294117647,0.0,0.058823529411764705,0.0,82.3,0.0,3.4000000000000004,14.299999999999999,151,151.0,risk_local_threshold,0.35,False
dapper,variable,105,100.0,1000,20.409246302565197,33.52133876628223,34.7773651787171,34.98077376103997,21.181066946926933,0.0,0.726150768098847,0.7280997195583379,725.0,0.725,725.0,0.238,0.184,0.0,0.029,0.896551724137931,0.41379310344827586,0.012,0.4827586206896552,0.0,0.10344827586206896,0.0,78.7,0.0,2.9000000000000004,18.4,176,176.0,risk_local_threshold,0.35,False
dapper,variable,106,100.0,1000,21.59372391817589,33.5305156645498,34.67586933903363,34.993851868805095,22.555979669311213,0.0,0.7255234671581106,0.7281911139600201,975.0,0.975,975.0,0.175,0.136,0.0,0.039,0.9487179487179487,0.41025641025641024,0.016,0.5384615384615384,0.0,0.05128205128205128,0.0,82.5,0.0,3.9,13.600000000000001,139,139.0,risk_local_threshold,0.35,False
dapper,variable,107,100.0,1000,20.056441701403287,33.56666120695883,34.6268453225655,34.98148819897819,20.41745370716734,0.0,0.7240116849833446,0.724928620378144,375.0,0.375,375.0,0.261,0.201,0.0,0.015,1.0,0.4,0.006,0.6,0.0,0.0,0.0,78.4,0.0,1.5,20.1,169,169.0,risk_local_threshold,0.35,False
dapper,variable,108,100.0,1000,20.480881005394448,33.99159903353784,34.77692101060002,34.94872090187498,21.2073439399734,0.0,0.7260048286422379,0.7280674787181147,800.0,0.8,800.0,0.26,0.196,0.0,0.032,0.9375,0.375,0.012,0.5625,0.0,0.0625,0.0,77.2,0.0,3.2,19.6,183,183.0,risk_local_threshold,0.35,False
dapper,variable,109,100.0,1000,21.210997956041414,33.76823065319891,34.76110730262953,34.98660651522982,21.52366942278928,0.0,0.7239038673745836,0.7244864542167291,450.0,0.45,450.0,0.203,0.156,0.0,0.018,0.8888888888888888,0.2777777777777778,0.005,0.6111111111111112,0.0,0.1111111111111111,0.0,82.6,0.0,1.7999999999999998,15.6,143,143.0,risk_local_threshold,0.35,False
dapper,variable,110,100.0,1000,20.982663888093814,33.908831310824965,34.67822534775889,34.98146709760653,21.504676055740234,0.0,0.7252583766377324,0.7265671253755556,475.0,0.475,475.0,0.226,0.171,0.0,0.019,0.8947368421052632,0.42105263157894735,0.008,0.47368421052631576,0.0,0.10526315789473684,0.0,81.0,0.0,1.9,17.1,154,154.0,risk_local_threshold,0.35,False
dapper,variable,111,100.0,1000,21.15036747714493,33.79838354481562,34.723349040720166,34.97684653932659,21.825364539928547,0.0,0.7256303758132654,0.7274986331885789,800.0,0.8,800.0,0.216,0.166,0.0,0.032,0.90625,0.34375,0.011,0.5625,0.0,0.09375,0.0,80.2,0.0,3.2,16.6,163,163.0,risk_local_threshold,0.35,False
dapper,variable,112,100.0,1000,21.078172240720427,34.0565418294024,34.79412676903375,34.95854802039493,22.168469679725593,0.0,0.728773769620013,0.73136308068354,975.0,0.975,975.0,0.215,0.162,0.0,0.039,0.9487179487179487,0.4358974358974359,0.017,0.5128205128205128,0.0,0.05128205128205128,0.0,79.9,0.0,3.9,16.2,160,160.0,risk_local_threshold,0.35,False
dapper,variable,113,100.0,1000,21.273906223598555,33.57682626381407,34.78843892853948,34.96829040868747,21.640698677053788,0.0,0.7259076767330915,0.726804662710442,625.0,0.625,625.0,0.197,0.15,0.0,0.025,0.92,0.24,0.006,0.68,0.0,0.08,0.0,82.5,0.0,2.5,15.0,138,138.0,risk_local_threshold,0.35,False
dapper,variable,114,100.0,1000,19.651478679764644,33.53883646549626,34.61117657596823,34.99588156157893,20.37895164441775,0.0,0.7222741502329159,0.7240063737156861,500.0,0.5,500.0,0.266,0.205,0.0,0.02,0.85,0.6,0.012,0.25,0.0,0.15,0.0,77.5,0.0,2.0,20.5,178,178.0,risk_local_threshold,0.35,False
dapper,variable,115,100.0,1000,21.45827282696581,33.34691437699113,34.626745067103904,34.87718954629805,22.320919141829364,0.0,0.7230935571850724,0.7251989235683005,650.0,0.65,650.0,0.176,0.137,0.0,0.026,0.8461538461538461,0.5,0.013,0.34615384615384615,0.0,0.15384615384615385,0.0,83.7,0.0,2.6,13.700000000000001,141,141.0,risk_local_threshold,0.35,False
dapper,variable,116,100.0,1000,20.840460970931165,33.98344969197258,34.76841725790863,34.94714462527301,21.423513125103266,0.0,0.7289372186607409,0.7304254039041318,700.0,0.7,700.0,0.239,0.184,0.0,0.028,0.9642857142857143,0.32142857142857145,0.009,0.6428571428571429,0.0,0.03571428571428571,0.0,78.8,0.0,2.8000000000000003,18.4,177,177.0,risk_local_threshold,0.35,False
dapper,variable,117,100.0,1000,22.76021868961211,34.240173789397694,34.82080355680936,34.990866631104254,23.198846047283347,0.0,0.7236897900442029,0.7250424097104837,675.0,0.675,675.0,0.132,0.1,0.0,0.027,0.9629629629629629,0.25925925925925924,0.007,0.7037037037037037,0.0,0.037037037037037035,0.0,87.3,0.0,2.7,10.0,109,109.0,risk_local_threshold,0.35,False
dapper,variable,118,100.0,1000,21.19990772515089,33.5101571170854,34.37942051281876,34.868091607089696,22.28678267426679,0.0,0.7249084744953512,0.7273631455066173,1225.0,1.225,1225.0,0.193,0.148,0.0,0.049,0.9387755102040817,0.32653061224489793,0.016,0.6122448979591837,0.0,0.061224489795918366,0.0,80.30000000000001,0.0,4.9,14.799999999999999,177,177.0,risk_local_threshold,0.35,False
dapper,variable,119,100.0,1000,20.98980792595105,33.65904383541709,34.57959716197339,34.99635852821138,21.648982995254862,0.0,0.7245505433959992,0.726344617505144,575.0,0.575,575.0,0.218,0.166,0.0,0.023,1.0,0.4782608695652174,0.011,0.5217391304347826,0.0,0.0,0.0,81.10000000000001,0.0,2.3,16.6,155,155.0,risk_local_threshold,0.35,False
dapper,variable,120,100.0,1000,21.637219680970638,33.96526001626422,34.71258654891299,34.99491157025027,21.96257012617872,0.0,0.7236256274039456,0.7242754197133757,800.0,0.8,800.0,0.179,0.134,0.0,0.032,1.0,0.15625,0.005,0.84375,0.0,0.0,0.0,83.39999999999999,0.0,3.2,13.4,138,138.0,risk_local_threshold,0.35,False
dapper,variable,121,100.0,1000,20.769854338698046,33.76407787463392,34.80089032279628,34.994688323129196,22.224090250592823,0.0,0.7246801812954811,0.7283825803196073,1175.0,1.175,1175.0,0.217,0.168,0.0,0.047,0.9574468085106383,0.48936170212765956,0.023,0.46808510638297873,0.0,0.0425531914893617,0.0,78.5,0.0,4.7,16.8,188,188.0,risk_local_threshold,0.35,False
dapper,variable,122,100.0,1000,21.13175821444513,33.694416258508085,34.631522901173106,34.97317679379236,22.22526710433019,0.0,0.727101792089757,0.7298005366553946,775.0,0.775,775.0,0.197,0.151,0.0,0.031,0.9354838709677419,0.5483870967741935,0.017,0.3870967741935484,0.0,0.06451612903225806,0.0,81.8,0.0,3.1,15.1,154,154.0,risk_local_threshold,0.35,False
dapper,variable,123,100.0,1000,21.09321361110236,33.79103353765298,34.79488657343286,34.98222422308634,21.760041228365452,0.0,0.7282104611957531,0.7299262317534123,550.0,0.55,550.0,0.215,0.164,0.0,0.022,1.0,0.5,0.011,0.5,0.0,0.0,0.0,81.39999999999999,0.0,2.1999999999999997,16.400000000000002,146,146.0,risk_local_threshold,0.35,False
dapper,variable,124,100.0,1000,21.732988484636902,33.61582768332837,34.67732058291188,34.996246009129095,22.384250079271695,0.0,0.7242599698219147,0.7257896113645882,800.0,0.8,800.0,0.169,0.132,0.0,0.032,0.78125,0.3125,0.01,0.46875,0.0,0.21875,0.0,83.6,0.0,3.2,13.200000000000001,128,128.0,risk_local_threshold,0.35,False
dapper,variable,125,100.0,1000,20.769788307085673,33.55572104656107,34.7780426012565,34.94952031560075,22.053789430284226,0.0,0.7246252838037862,0.727638731210354,1050.0,1.05,1050.0,0.222,0.17,0.0,0.042,0.9523809523809523,0.47619047619047616,0.02,0.47619047619047616,0.0,0.047619047619047616,0.0,78.8,0.0,4.2,17.0,176,176.0,risk_local_threshold,0.35,False
dapper,variable,126,100.0,1000,21.1478810158433,33.75159446968112,34.720173914570076,34.997585709381326,22.204438954886296,0.0,0.7296789516875403,0.732371169826266,975.0,0.975,975.0,0.21,0.163,0.0,0.039,0.9487179487179487,0.46153846153846156,0.018,0.48717948717948717,0.0,0.05128205128205128,0.0,79.80000000000001,0.0,3.9,16.3,167,167.0,risk_local_threshold,0.35,False
dapper,variable,127,100.0,1000,20.660215773075464,34.01155392391131,34.710521322396545,34.9805264786951,21.324433114652198,0.0,0.7254115546748069,0.7272551417256318,700.0,0.7,700.0,0.245,0.187,0.0,0.028,0.9642857142857143,0.35714285714285715,0.01,0.6071428571428571,0.0,0.03571428571428571,0.0,78.5,0.0,2.8000000000000003,18.7,166,166.0,risk_local_threshold,0.35,False
dapper,variable,128,100.0,1000,19.588881490818014,33.63444553862527,34.724924465655434,34.96530254190218,20.107968413553575,0.0,0.7261101277963585,0.7272257173580025,450.0,0.45,450.0,0.278,0.214,0.0,0.018,0.8888888888888888,0.4444444444444444,0.008,0.4444444444444444,0.0,0.1111111111111111,0.0,76.8,0.0,1.7999999999999998,21.4,183,183.0,risk_local_threshold,0.35,False
dapper,variable,129,100.0,1000,21.009790891695804,33.95183803633796,34.77333674805944,34.967648156933706,21.56119858579206,0.0,0.7216296347896245,0.7229514387952618,550.0,0.55,550.0,0.227,0.175,0.0,0.022,0.9090909090909091,0.4090909090909091,0.009,0.5,0.0,0.09090909090909091,0.0,80.30000000000001,0.0,2.1999999999999997,17.5,148,148.0,risk_local_threshold,0.35,False
dapper,outage,100,100.0,1000,7.390958833110617,31.53222247776869,33.92161243264051,34.99545577037872,7.390958833110617,0.0,0.7256162643603677,0.7256162643603677,0.0,0.0,0.0,1.0,0.735,0.0,0.0,0.0,0.0,0.0,0.0,0.0,0.0,0.0,22.6,0.0,0.0,77.4,422,422.0,risk_local_threshold,0.35,False
dapper,outage,101,100.0,1000,7.394054329988902,31.520563490832846,34.26171430265933,34.94450915915627,7.394054329988902,0.0,0.7269702216094329,0.7269702216094329,0.0,0.0,0.0,1.0,0.736,0.0,0.0,0.0,0.0,0.0,0.0,0.0,0.0,0.0,21.9,0.0,0.0,78.10000000000001,412,412.0,risk_local_threshold,0.35,False
dapper,outage,102,100.0,1000,7.51680019137851,31.462924322041214,34.417701339171714,34.98162652146018,7.51680019137851,0.0,0.725179462474503,0.725179462474503,0.0,0.0,0.0,1.0,0.731,0.0,0.0,0.0,0.0,0.0,0.0,0.0,0.0,0.0,23.200000000000003,0.0,0.0,76.8,422,422.0,risk_local_threshold,0.35,False
dapper,outage,103,100.0,1000,7.378221024983012,31.251434028184203,34.6042054298873,34.981104653112794,7.378221024983012,0.0,0.7262335249696575,0.7262335249696575,0.0,0.0,0.0,1.0,0.735,0.0,0.0,0.0,0.0,0.0,0.0,0.0,0.0,0.0,23.0,0.0,0.0,77.0,429,429.0,risk_local_threshold,0.35,False
dapper,outage,104,100.0,1000,7.568293210290533,31.59395630138461,34.54533747275368,34.97633437705056,7.568293210290533,0.0,0.7263175970031922,0.7263175970031922,0.0,0.0,0.0,1.0,0.728,0.0,0.0,0.0,0.0,0.0,0.0,0.0,0.0,0.0,23.5,0.0,0.0,76.5,422,422.0,risk_local_threshold,0.35,False
dapper,outage,105,100.0,1000,7.519378267796368,31.402502329388795,34.46505659979935,34.921933732182964,7.519378267796368,0.0,0.7248271436420854,0.7248271436420854,0.0,0.0,0.0,1.0,0.732,0.0,0.0,0.0,0.0,0.0,0.0,0.0,0.0,0.0,22.8,0.0,0.0,77.2,417,417.0,risk_local_threshold,0.35,False
dapper,outage,106,100.0,1000,7.549106265746754,31.449714720334896,34.37540672388598,34.964850295506736,7.549106265746754,0.0,0.7212594093828284,0.7212594093828284,0.0,0.0,0.0,1.0,0.732,0.0,0.0,0.0,0.0,0.0,0.0,0.0,0.0,0.0,22.3,0.0,0.0,77.7,414,414.0,risk_local_threshold,0.35,False
dapper,outage,107,100.0,1000,7.495635529917344,31.80791921566703,34.39018497885919,34.99112443015811,7.495635529917344,0.0,0.7250211366010297,0.7250211366010297,0.0,0.0,0.0,1.0,0.733,0.0,0.0,0.0,0.0,0.0,0.0,0.0,0.0,0.0,23.1,0.0,0.0,76.9,422,422.0,risk_local_threshold,0.35,False
dapper,outage,108,100.0,1000,7.251361824662859,31.14265792210696,34.17418822409749,34.97297658698431,7.251361824662859,0.0,0.7266974788453335,0.7266974788453335,0.0,0.0,0.0,1.0,0.736,0.0,0.0,0.0,0.0,0.0,0.0,0.0,0.0,0.0,23.0,0.0,0.0,77.0,426,426.0,risk_local_threshold,0.35,False
dapper,outage,109,100.0,1000,7.685496458575816,31.705170488180077,34.40871885608117,34.88886016594044,7.685496458575816,0.0,0.7258121030951461,0.7258121030951461,0.0,0.0,0.0,1.0,0.729,0.0,0.0,0.0,0.0,0.0,0.0,0.0,0.0,0.0,23.5,0.0,0.0,76.5,427,427.0,risk_local_threshold,0.35,False
dapper,outage,110,100.0,1000,7.355193804523941,30.694822041353905,34.222511546491425,34.969462845702225,7.355193804523941,0.0,0.7245809511185383,0.7245809511185383,0.0,0.0,0.0,1.0,0.735,0.0,0.0,0.0,0.0,0.0,0.0,0.0,0.0,0.0,22.8,0.0,0.0,77.2,425,425.0,risk_local_threshold,0.35,False
dapper,outage,111,100.0,1000,7.398682547644234,31.455362565824643,34.05726657846486,34.958198085831974,7.398682547644234,0.0,0.7280638471067766,0.7280638471067766,0.0,0.0,0.0,1.0,0.732,0.0,0.0,0.0,0.0,0.0,0.0,0.0,0.0,0.0,22.900000000000002,0.0,0.0,77.10000000000001,414,414.0,risk_local_threshold,0.35,False
dapper,outage,112,100.0,1000,7.370625290236145,31.426397231090824,34.038780941246515,34.949972127365655,7.370625290236145,0.0,0.7280606555765715,0.7280606555765715,0.0,0.0,0.0,1.0,0.734,0.0,0.0,0.0,0.0,0.0,0.0,0.0,0.0,0.0,22.1,0.0,0.0,77.9,412,412.0,risk_local_threshold,0.35,False
dapper,outage,113,100.0,1000,7.147796806593906,30.844985093880027,33.96419838510252,34.91680130902314,7.147796806593906,0.0,0.7299582611154545,0.7299582611154545,0.0,0.0,0.0,1.0,0.737,0.0,0.0,0.0,0.0,0.0,0.0,0.0,0.0,0.0,23.200000000000003,0.0,0.0,76.8,437,437.0,risk_local_threshold,0.35,False
dapper,outage,114,100.0,1000,7.501176014095029,31.4914309836508,34.414218678920534,34.97406829855338,7.501176014095029,0.0,0.7224631994341497,0.7224631994341497,0.0,0.0,0.0,1.0,0.728,0.0,0.0,0.0,0.0,0.0,0.0,0.0,0.0,0.0,22.3,0.0,0.0,77.7,398,398.0,risk_local_threshold,0.35,False
dapper,outage,115,100.0,1000,7.428611862088066,30.652007764158807,34.152857588086846,34.990047900593524,7.428611862088066,0.0,0.7262317832361891,0.7262317832361891,0.0,0.0,0.0,1.0,0.735,0.0,0.0,0.0,0.0,0.0,0.0,0.0,0.0,0.0,22.2,0.0,0.0,77.8,413,413.0,risk_local_threshold,0.35,False
dapper,outage,116,100.0,1000,7.310877248374183,30.959598437937885,34.2744524675671,34.84799240200695,7.310877248374183,0.0,0.727895972888168,0.727895972888168,0.0,0.0,0.0,1.0,0.734,0.0,0.0,0.0,0.0,0.0,0.0,0.0,0.0,0.0,23.5,0.0,0.0,76.5,434,434.0,risk_local_threshold,0.35,False
dapper,outage,117,100.0,1000,7.385847848859415,31.09198240986329,34.14712359689956,34.96597639562117,7.385847848859415,0.0,0.7183856901372877,0.7183856901372877,0.0,0.0,0.0,1.0,0.732,0.0,0.0,0.0,0.0,0.0,0.0,0.0,0.0,0.0,21.9,0.0,0.0,78.10000000000001,403,403.0,risk_local_threshold,0.35,False
dapper,outage,118,100.0,1000,7.254554051460061,31.241459127591458,33.60889001037177,34.741923692424066,7.254554051460061,0.0,0.7269199104810466,0.7269199104810466,0.0,0.0,0.0,1.0,0.737,0.0,0.0,0.0,0.0,0.0,0.0,0.0,0.0,0.0,22.0,0.0,0.0,78.0,408,408.0,risk_local_threshold,0.35,False
dapper,outage,119,100.0,1000,7.544636632920723,31.97128927281031,34.12470746616695,34.92690319762808,7.544636632920723,0.0,0.7220765044472426,0.7220765044472426,0.0,0.0,0.0,1.0,0.733,0.0,0.0,0.0,0.0,0.0,0.0,0.0,0.0,0.0,23.599999999999998,0.0,0.0,76.4,434,434.0,risk_local_threshold,0.35,False
dapper,outage,120,100.0,1000,7.2966883444603,30.892941767709793,34.211465224522804,34.99743937003936,7.2966883444603,0.0,0.7277157448014966,0.7277157448014966,0.0,0.0,0.0,1.0,0.733,0.0,0.0,0.0,0.0,0.0,0.0,0.0,0.0,0.0,22.1,0.0,0.0,77.9,410,410.0,risk_local_threshold,0.35,False
dapper,outage,121,100.0,1000,7.333809267763978,31.109084311834984,33.97165026658857,34.64971422730907,7.333809267763978,0.0,0.7274434266949621,0.7274434266949621,0.0,0.0,0.0,1.0,0.738,0.0,0.0,0.0,0.0,0.0,0.0,0.0,0.0,0.0,22.7,0.0,0.0,77.3,427,427.0,risk_local_threshold,0.35,False
dapper,outage,122,100.0,1000,7.251434439695796,30.60696308430699,34.355640534389124,34.986643071399804,7.251434439695796,0.0,0.7230377555986962,0.7230377555986962,0.0,0.0,0.0,1.0,0.738,0.0,0.0,0.0,0.0,0.0,0.0,0.0,0.0,0.0,21.8,0.0,0.0,78.2,412,412.0,risk_local_threshold,0.35,False
dapper,outage,123,100.0,1000,7.348689071341893,31.31477153672879,33.77157051102519,34.93381679406212,7.348689071341893,0.0,0.7249842011830019,0.7249842011830019,0.0,0.0,0.0,1.0,0.734,0.0,0.0,0.0,0.0,0.0,0.0,0.0,0.0,0.0,22.6,0.0,0.0,77.4,416,416.0,risk_local_threshold,0.35,False
dapper,outage,124,100.0,1000,7.660167119732145,32.1804553486177,34.264528586595944,34.941792593643456,7.660167119732145,0.0,0.7230039723105824,0.7230039723105824,0.0,0.0,0.0,1.0,0.731,0.0,0.0,0.0,0.0,0.0,0.0,0.0,0.0,0.0,22.3,0.0,0.0,77.7,400,400.0,risk_local_threshold,0.35,False
dapper,outage,125,100.0,1000,7.350838089581009,31.434653948905787,34.32904496368304,34.97323235440945,7.350838089581009,0.0,0.7221812250823167,0.7221812250823167,0.0,0.0,0.0,1.0,0.733,0.0,0.0,0.0,0.0,0.0,0.0,0.0,0.0,0.0,23.200000000000003,0.0,0.0,76.8,428,428.0,risk_local_threshold,0.35,False
dapper,outage,126,100.0,1000,7.215129876013096,30.710400018658593,33.86622552192073,34.99530404733341,7.215129876013096,0.0,0.725540342550057,0.725540342550057,0.0,0.0,0.0,1.0,0.738,0.0,0.0,0.0,0.0,0.0,0.0,0.0,0.0,0.0,22.6,0.0,0.0,77.4,428,428.0,risk_local_threshold,0.35,False
dapper,outage,127,100.0,1000,7.168677740371282,30.32721903409148,33.88590346281151,34.91862325958482,7.168677740371282,0.0,0.7321660926795039,0.7321660926795039,0.0,0.0,0.0,1.0,0.738,0.0,0.0,0.0,0.0,0.0,0.0,0.0,0.0,0.0,21.9,0.0,0.0,78.10000000000001,409,409.0,risk_local_threshold,0.35,False
dapper,outage,128,100.0,1000,7.182658284101614,30.07092856934142,34.160945540901714,34.96572059102459,7.182658284101614,0.0,0.7245057292187558,0.7245057292187558,0.0,0.0,0.0,1.0,0.736,0.0,0.0,0.0,0.0,0.0,0.0,0.0,0.0,0.0,23.0,0.0,0.0,77.0,428,428.0,risk_local_threshold,0.35,False
dapper,outage,129,100.0,1000,7.192894149462109,30.305709714834187,34.22738591997794,34.97529884555047,7.192894149462109,0.0,0.7266441172681618,0.7266441172681618,0.0,0.0,0.0,1.0,0.738,0.0,0.0,0.0,0.0,0.0,0.0,0.0,0.0,0.0,21.3,0.0,0.0,78.7,404,404.0,risk_local_threshold,0.35,False
dapper,stable,100,100.0,1000,25.279403323317702,33.96035223762113,34.73962355895296,34.988775105687154,51.53514833678389,0.0,0.7265268897628933,0.792417917211626,21350.0,21.35,21350.0,0.0,0.0,0.0,0.854,0.9918032786885246,0.4953161592505855,0.423,0.4964871194379391,0.0,0.00819672131147541,0.0,14.6,0.0,85.39999999999999,0.0,259,259.0,risk_local_threshold,0.4,False
dapper,stable,101,100.0,1000,24.820657080469697,33.96040511204254,34.788072376532675,34.99828909781833,53.53675771177409,0.0,0.7249338588619687,0.7978649635318986,21700.0,21.7,21700.0,0.0,0.0,0.0,0.868,0.9896313364055299,0.5288018433179723,0.459,0.4608294930875576,0.0,0.010368663594470046,0.0,13.200000000000001,0.0,86.8,0.0,231,231.0,risk_local_threshold,0.4,False
dapper,stable,102,100.0,1000,24.835880473076735,33.70682378335116,34.74818297607158,34.965240972972765,51.8627260021259,0.0,0.727324394359075,0.800034845226407,20900.0,20.9,20900.0,0.0,0.0,0.0,0.836,0.992822966507177,0.5263157894736842,0.44,0.4665071770334928,0.0,0.007177033492822967,0.0,16.400000000000002,0.0,83.6,0.0,284,284.0,risk_local_threshold,0.4,False
dapper,stable,103,100.0,1000,24.972078044518216,34.293187186352334,34.89307765319619,34.99802137082616,53.372703891643845,0.0,0.7236659440861409,0.7991290672988378,21525.0,21.525,21525.0,0.0,0.0,0.0,0.861,0.9883855981416957,0.5342624854819977,0.46,0.454123112659698,0.0,0.011614401858304297,0.0,13.900000000000002,0.0,86.1,0.0,237,237.0,risk_local_threshold,0.4,False
dapper,stable,104,100.0,1000,24.98622097286207,33.860115377670134,34.74837408619961,34.98656616097203,51.037343944723006,0.0,0.7240926018777877,0.7898578469524961,21900.0,21.9,21900.0,0.0,0.0,0.0,0.876,0.9920091324200914,0.4794520547945205,0.42,0.5125570776255708,0.0,0.007990867579908675,0.0,12.4,0.0,87.6,0.0,220,220.0,risk_local_threshold,0.4,False
dapper,stable,105,100.0,1000,24.85634769037545,33.82025179084476,34.62504012903672,34.93314580405199,51.59710330911793,0.0,0.7262361051095783,0.7959250227091806,21250.0,21.25,21250.0,0.0,0.0,0.0,0.85,0.9905882352941177,0.5105882352941177,0.434,0.48,0.0,0.009411764705882352,0.0,15.0,0.0,85.0,0.0,256,256.0,risk_local_threshold,0.4,False
dapper,stable,106,100.0,1000,24.716410963251104,33.86074949026578,34.68730165917939,34.933586993197196,52.69637342008328,0.0,0.7229428904328138,0.7962430814491968,21425.0,21.425,21425.0,0.0,0.0,0.0,0.857,0.9918319719953326,0.5227537922987164,0.448,0.4690781796966161,0.0,0.008168028004667444,0.0,14.299999999999999,0.0,85.7,0.0,252,252.0,risk_local_threshold,0.4,False
dapper,stable,107,100.0,1000,24.88557902804772,33.83424628214373,34.89267109559948,34.9936438529993,53.380353744565205,0.0,0.7245133185042392,0.7993133636844371,22025.0,22.025,22025.0,0.0,0.0,0.0,0.881,0.9886492622020431,0.5187287173666288,0.457,0.4699205448354143,0.0,0.011350737797956867,0.0,11.899999999999999,0.0,88.1,0.0,198,198.0,risk_local_threshold,0.4,False
dapper,stable,108,100.0,1000,25.235897183714567,34.2868707566229,34.87218349603604,34.989690121554816,51.92467360201944,0.0,0.7254394152220247,0.7967132376294662,21500.0,21.5,21500.0,0.0,0.0,0.0,0.86,0.9872093023255814,0.5023255813953489,0.432,0.4848837209302326,0.0,0.012790697674418604,0.0,14.000000000000002,0.0,86.0,0.0,231,231.0,risk_local_threshold,0.4,False
dapper,stable,109,100.0,1000,25.268964708760926,34.15910526808331,34.79620852522923,34.94284900848466,51.53790445445115,0.0,0.7225069831603355,0.7908717000411818,21775.0,21.775,21775.0,0.0,0.0,0.0,0.871,0.9850746268656716,0.4845005740528129,0.422,0.5005740528128588,0.0,0.014925373134328358,0.0,12.9,0.0,87.1,0.0,228,228.0,risk_local_threshold,0.4,False
dapper,stable,110,100.0,1000,24.978043487255007,33.957417382454665,34.80033649104111,34.99011804008187,51.64725260956925,0.0,0.7239727698806182,0.7935801521646344,21400.0,21.4,21400.0,0.0,0.0,0.0,0.856,0.985981308411215,0.5035046728971962,0.431,0.4824766355140187,0.0,0.014018691588785047,0.0,14.399999999999999,0.0,85.6,0.0,261,261.0,risk_local_threshold,0.4,False
dapper,stable,111,100.0,1000,25.491345575881343,33.99942489704205,34.77294614292747,34.98882482505357,52.77932606666301,0.0,0.7264559107913696,0.7988751227250941,20975.0,20.975,20975.0,0.0,0.0,0.0,0.839,0.9916567342073898,0.5256257449344458,0.441,0.466030989272944,0.0,0.00834326579261025,0.0,16.1,0.0,83.89999999999999,0.0,276,276.0,risk_local_threshold,0.4,False
dapper,stable,112,100.0,1000,25.044635098675773,33.93678625080242,34.80594764992258,34.978994945141224,52.774438295965986,0.0,0.7245903067601731,0.7942867336915719,21700.0,21.7,21700.0,0.0,0.0,0.0,0.868,0.9919354838709677,0.5103686635944701,0.443,0.4815668202764977,0.0,0.008064516129032258,0.0,13.200000000000001,0.0,86.8,0.0,220,220.0,risk_local_threshold,0.4,False
dapper,stable,113,100.0,1000,24.924957379086543,33.92528008813723,34.852479041190236,34.99387303551587,50.565197370598845,0.0,0.725184772552611,0.7910288053494875,21600.0,21.6,21600.0,0.0,0.0,0.0,0.864,0.9826388888888888,0.48032407407407407,0.415,0.5023148148148148,0.0,0.017361111111111112,0.0,13.600000000000001,0.0,86.4,0.0,239,239.0,risk_local_threshold,0.4,False
dapper,stable,114,100.0,1000,25.128438548268,33.86993382489312,34.786318253661975,34.99771913787838,53.866453690073165,0.0,0.7237524930795687,0.7977940224588013,21900.0,21.9,21900.0,0.0,0.0,0.0,0.876,0.9908675799086758,0.5308219178082192,0.465,0.4600456621004566,0.0,0.0091324200913242,0.0,12.4,0.0,87.6,0.0,214,214.0,risk_local_threshold,0.4,False
dapper,stable,115,100.0,1000,25.094705607799348,34.162413089123824,34.74465384721523,34.970565607066455,51.94937303752475,0.0,0.7245886848920773,0.7944537871206474,21750.0,21.75,21750.0,0.0,0.0,0.0,0.87,0.9873563218390805,0.5011494252873563,0.436,0.4862068965517241,0.0,0.01264367816091954,0.0,13.0,0.0,87.0,0.0,219,219.0,risk_local_threshold,0.4,False
dapper,stable,116,100.0,1000,25.028301912688907,34.05041769477859,34.88445460350265,34.99403448766891,54.211607535281885,0.0,0.7244573126145593,0.798391101095973,21750.0,21.75,21750.0,0.0,0.0,0.0,0.87,0.9942528735632183,0.5448275862068965,0.474,0.4494252873563218,0.0,0.005747126436781609,0.0,13.0,0.0,87.0,0.0,221,221.0,risk_local_threshold,0.4,False
dapper,stable,117,100.0,1000,24.997182216762514,33.94211020128963,34.806950360419165,34.98156739475102,51.94396103000347,0.0,0.7238166310991714,0.7935256482510197,21850.0,21.85,21850.0,0.0,0.0,0.0,0.874,0.9862700228832952,0.4897025171624714,0.428,0.4965675057208238,0.0,0.013729977116704805,0.0,12.6,0.0,87.4,0.0,226,226.0,risk_local_threshold,0.4,False
dapper,stable,118,100.0,1000,25.026589048763064,34.146334679362305,34.835239525322194,34.964244111574146,52.20873167600773,0.0,0.7280528994609765,0.7960765304196257,21475.0,21.475,21475.0,0.0,0.0,0.0,0.859,0.9906868451688009,0.5075669383003493,0.436,0.4831199068684517,0.0,0.009313154831199068,0.0,14.099999999999998,0.0,85.9,0.0,244,244.0,risk_local_threshold,0.4,False
dapper,stable,119,100.0,1000,24.80107188012856,34.00280379558126,34.81754573602827,34.936826663719394,53.78667209236602,0.0,0.7243707963012889,0.799875204249307,21925.0,21.925,21925.0,0.0,0.0,0.0,0.877,0.9874572405929305,0.5324971493728621,0.467,0.4549600912200684,0.0,0.012542759407069556,0.0,12.3,0.0,87.7,0.0,228,228.0,risk_local_threshold,0.4,False
dapper,stable,120,100.0,1000,25.000139802139184,33.83887438020657,34.75482963071029,34.96519781982063,52.586658253654925,0.0,0.7247996031934949,0.7950348677637523,21800.0,21.8,21800.0,0.0,0.0,0.0,0.872,0.9839449541284404,0.5103211009174312,0.445,0.4736238532110092,0.0,0.016055045871559634,0.0,12.8,0.0,87.2,0.0,212,212.0,risk_local_threshold,0.4,False
dapper,stable,121,100.0,1000,24.870142370806825,34.08802278656587,34.79782372711737,34.96061084968983,51.218892289603616,0.0,0.7235062491591376,0.7917923991779289,21800.0,21.8,21800.0,0.0,0.0,0.0,0.872,0.9862385321100917,0.48394495412844035,0.422,0.5022935779816514,0.0,0.013761467889908258,0.0,12.8,0.0,87.2,0.0,219,219.0,risk_local_threshold,0.4,False
dapper,stable,122,100.0,1000,24.829111935230273,33.958468133447,34.74506049633189,34.924143640943036,53.271418624119164,0.0,0.7259117747422895,0.7982645293058339,21950.0,21.95,21950.0,0.0,0.0,0.0,0.878,0.9886104783599089,0.5148063781321185,0.452,0.47380410022779046,0.0,0.011389521640091117,0.0,12.2,0.0,87.8,0.0,200,200.0,risk_local_threshold,0.4,False
dapper,stable,123,100.0,1000,25.35470141463279,34.01400394209814,34.728637206489786,34.90743937957425,51.64158095400979,0.0,0.7231039957478556,0.7928850748486099,22225.0,22.225,22225.0,0.0,0.0,0.0,0.889,0.9820022497187851,0.4769403824521935,0.424,0.5050618672665916,0.0,0.01799775028121485,0.0,11.1,0.0,88.9,0.0,196,196.0,risk_local_threshold,0.4,False
dapper,stable,124,100.0,1000,25.00583269004324,34.03261405514325,34.80612955591713,34.95256595801938,50.8126236179597,0.0,0.7270004160651047,0.7942088997255117,21000.0,21.0,21000.0,0.0,0.0,0.0,0.84,0.9928571428571429,0.49642857142857144,0.417,0.49642857142857144,0.0,0.007142857142857143,0.0,16.0,0.0,84.0,0.0,280,280.0,risk_local_threshold,0.4,False
dapper,stable,125,100.0,1000,24.9867591189863,33.982185709447386,34.8021659840167,34.99165214842439,53.959249959158115,0.0,0.7268533605073024,0.7989657788847586,21650.0,21.65,21650.0,0.0,0.0,0.0,0.866,0.9919168591224018,0.5323325635103926,0.461,0.45958429561200925,0.0,0.008083140877598153,0.0,13.4,0.0,86.6,0.0,238,238.0,risk_local_threshold,0.4,False
dapper,stable,126,100.0,1000,24.628886386363657,33.70638744138536,34.672811784104226,34.983867296625746,53.134621864449656,0.0,0.726794351381784,0.8009463128693688,21175.0,21.175,21175.0,0.0,0.0,0.0,0.847,0.9881936245572609,0.5419126328217237,0.459,0.4462809917355372,0.0,0.011806375442739079,0.0,15.299999999999999,0.0,84.7,0.0,252,252.0,risk_local_threshold,0.4,False
dapper,stable,127,100.0,1000,25.164646066804526,34.17312143282042,34.80106095916998,34.970740898815485,54.30743225703345,0.0,0.7237258806201099,0.7969399991420358,22125.0,22.125,22125.0,0.0,0.0,0.0,0.885,0.9909604519774011,0.5276836158192091,0.467,0.4632768361581921,0.0,0.00903954802259887,0.0,11.5,0.0,88.5,0.0,207,207.0,risk_local_threshold,0.4,False
dapper,stable,128,100.0,1000,25.178185128090664,33.92859815320874,34.67968897440042,34.972660274630584,53.589153958153254,0.0,0.7271450910033325,0.7988558762020542,21425.0,21.425,21425.0,0.0,0.0,0.0,0.857,0.9836639439906651,0.5309218203033839,0.455,0.45274212368728123,0.0,0.01633605600933489,0.0,14.299999999999999,0.0,85.7,0.0,237,237.0,risk_local_threshold,0.4,False
dapper,stable,129,100.0,1000,25.217209562918274,34.07064808785484,34.83459462785327,34.9933571344785,53.065152250426124,0.0,0.722736266433297,0.7957788932941594,21825.0,21.825,21825.0,0.0,0.0,0.0,0.873,0.9896907216494846,0.5131729667812142,0.448,0.4765177548682703,0.0,0.010309278350515464,0.0,12.7,0.0,87.3,0.0,214,214.0,risk_local_threshold,0.4,False
dapper,congested,100,100.0,1000,24.824557271985057,33.928407620489025,34.77556075006328,34.97404020175507,24.824557271985057,0.0,0.7231225654703062,0.7231225654703062,0.0,0.0,0.0,0.004,0.004,0.0,0.0,0.0,0.0,0.0,0.0,0.0,0.0,0.0,99.6,0.0,0.0,0.4,8,8.0,risk_local_threshold,0.4,False
dapper,congested,101,100.0,1000,25.026673523971784,34.03466107987438,34.84243479054015,34.99327875607795,25.026673523971784,0.0,0.7239603822715144,0.7239603822715144,0.0,0.0,0.0,0.007,0.007,0.0,0.0,0.0,0.0,0.0,0.0,0.0,0.0,0.0,99.3,0.0,0.0,0.7000000000000001,12,12.0,risk_local_threshold,0.4,False
dapper,congested,102,100.0,1000,24.829712790777762,33.96479457393766,34.69588731781126,34.989536221406055,24.829712790777762,0.0,0.7270052366898776,0.7270052366898776,0.0,0.0,0.0,0.008,0.008,0.0,0.0,0.0,0.0,0.0,0.0,0.0,0.0,0.0,99.2,0.0,0.0,0.8,14,14.0,risk_local_threshold,0.4,False
dapper,congested,103,100.0,1000,24.892785643695664,34.09454856492267,34.78542999553827,34.985893217625524,24.892785643695664,0.0,0.7249187188165734,0.7249187188165734,0.0,0.0,0.0,0.006,0.006,0.0,0.0,0.0,0.0,0.0,0.0,0.0,0.0,0.0,99.4,0.0,0.0,0.6,12,12.0,risk_local_threshold,0.4,False
dapper,congested,104,100.0,1000,24.77796847513708,33.81394766067372,34.81048977789511,34.94578824107255,24.77796847513708,0.0,0.7272547943451833,0.7272547943451833,0.0,0.0,0.0,0.008,0.008,0.0,0.0,0.0,0.0,0.0,0.0,0.0,0.0,0.0,99.2,0.0,0.0,0.8,14,14.0,risk_local_threshold,0.4,False
dapper,congested,105,100.0,1000,24.677162661323955,34.007432758127685,34.86009343610894,34.98145078352877,24.677162661323955,0.0,0.7241646482306923,0.7241646482306923,0.0,0.0,0.0,0.008,0.008,0.0,0.0,0.0,0.0,0.0,0.0,0.0,0.0,0.0,99.2,0.0,0.0,0.8,12,12.0,risk_local_threshold,0.4,False
dapper,congested,106,100.0,1000,24.772684967250918,33.98450796903268,34.753821099438774,34.98979405154197,24.772684967250918,0.0,0.7262080408789683,0.7262080408789683,0.0,0.0,0.0,0.007,0.007,0.0,0.0,0.0,0.0,0.0,0.0,0.0,0.0,0.0,99.3,0.0,0.0,0.7000000000000001,8,8.0,risk_local_threshold,0.4,False
dapper,congested,107,100.0,1000,24.763848167260303,33.88426057014752,34.77470672268729,34.998762184541775,24.763848167260303,0.0,0.7257346306649486,0.7257346306649486,0.0,0.0,0.0,0.005,0.005,0.0,0.0,0.0,0.0,0.0,0.0,0.0,0.0,0.0,99.5,0.0,0.0,0.5,8,8.0,risk_local_threshold,0.4,False
dapper,congested,108,100.0,1000,24.953177155047733,33.943119032195405,34.814499351033405,34.99655745974279,24.953177155047733,0.0,0.7244295155267036,0.7244295155267036,0.0,0.0,0.0,0.008,0.008,0.0,0.0,0.0,0.0,0.0,0.0,0.0,0.0,0.0,99.2,0.0,0.0,0.8,14,14.0,risk_local_threshold,0.4,False
dapper,congested,109,100.0,1000,24.847059358357548,33.93181537323021,34.785030538309286,34.98925809716232,24.847059358357548,0.0,0.7234323551786083,0.7234323551786083,0.0,0.0,0.0,0.007,0.007,0.0,0.0,0.0,0.0,0.0,0.0,0.0,0.0,0.0,99.3,0.0,0.0,0.7000000000000001,10,10.0,risk_local_threshold,0.4,False
dapper,congested,110,100.0,1000,24.70223165713215,33.71973175922034,34.60151524624712,34.90888622322395,24.70223165713215,0.0,0.7246938266396346,0.7246938266396346,0.0,0.0,0.0,0.005,0.005,0.0,0.0,0.0,0.0,0.0,0.0,0.0,0.0,0.0,99.5,0.0,0.0,0.5,8,8.0,risk_local_threshold,0.4,False
dapper,congested,111,100.0,1000,24.94253826558974,33.995133250212476,34.74455155405684,34.96241421096305,24.94253826558974,0.0,0.7254545302713125,0.7254545302713125,0.0,0.0,0.0,0.008,0.008,0.0,0.0,0.0,0.0,0.0,0.0,0.0,0.0,0.0,99.2,0.0,0.0,0.8,14,14.0,risk_local_threshold,0.4,False
dapper,congested,112,100.0,1000,24.86963877249279,33.90095224371657,34.76580213455383,34.985906989642146,24.86963877249279,0.0,0.7266076329631779,0.7266076329631779,0.0,0.0,0.0,0.013,0.013,0.0,0.0,0.0,0.0,0.0,0.0,0.0,0.0,0.0,98.7,0.0,0.0,1.3,18,18.0,risk_local_threshold,0.4,False
dapper,congested,113,100.0,1000,24.72292431672843,33.938019364553725,34.77247181035648,34.98424994294581,24.72292431672843,0.0,0.7265134749764945,0.7265134749764945,0.0,0.0,0.0,0.007,0.007,0.0,0.0,0.0,0.0,0.0,0.0,0.0,0.0,0.0,99.3,0.0,0.0,0.7000000000000001,12,12.0,risk_local_threshold,0.4,False
dapper,congested,114,100.0,1000,24.915906991902833,33.99518413696301,34.87476614646897,34.96282987218834,24.915906991902833,0.0,0.7286233928366593,0.7286233928366593,0.0,0.0,0.0,0.008,0.008,0.0,0.0,0.0,0.0,0.0,0.0,0.0,0.0,0.0,99.2,0.0,0.0,0.8,10,10.0,risk_local_threshold,0.4,False
dapper,congested,115,100.0,1000,25.085740611498316,34.01033183391731,34.751795785617006,34.96593743598228,25.085740611498316,0.0,0.722824442674691,0.722824442674691,0.0,0.0,0.0,0.006,0.006,0.0,0.0,0.0,0.0,0.0,0.0,0.0,0.0,0.0,99.4,0.0,0.0,0.6,10,10.0,risk_local_threshold,0.4,False
dapper,congested,116,100.0,1000,25.324934204252145,33.95730249293956,34.77240430108412,34.9771698353159,25.324934204252145,0.0,0.7260315559209485,0.7260315559209485,0.0,0.0,0.0,0.008,0.008,0.0,0.0,0.0,0.0,0.0,0.0,0.0,0.0,0.0,99.2,0.0,0.0,0.8,16,16.0,risk_local_threshold,0.4,False
dapper,congested,117,100.0,1000,24.38620885543388,33.706919736517364,34.66361864084976,34.994340946660934,24.38620885543388,0.0,0.7253330615138619,0.7253330615138619,0.0,0.0,0.0,0.008,0.008,0.0,0.0,0.0,0.0,0.0,0.0,0.0,0.0,0.0,99.2,0.0,0.0,0.8,16,16.0,risk_local_threshold,0.4,False
dapper,congested,118,100.0,1000,25.01023416650803,34.01490807545646,34.75940662114508,34.968506891824205,25.01023416650803,0.0,0.7268033495517163,0.7268033495517163,0.0,0.0,0.0,0.007,0.007,0.0,0.0,0.0,0.0,0.0,0.0,0.0,0.0,0.0,99.3,0.0,0.0,0.7000000000000001,12,12.0,risk_local_threshold,0.4,False
dapper,congested,119,100.0,1000,25.237974362405513,33.930297923071485,34.79939395844596,34.97944595589328,25.237974362405513,0.0,0.7235998627315303,0.7235998627315303,0.0,0.0,0.0,0.005,0.005,0.0,0.0,0.0,0.0,0.0,0.0,0.0,0.0,0.0,99.5,0.0,0.0,0.5,8,8.0,risk_local_threshold,0.4,False
dapper,congested,120,100.0,1000,24.770729236686982,33.99634834863332,34.78821886321599,34.985958566309606,24.770729236686982,0.0,0.724149083598059,0.724149083598059,0.0,0.0,0.0,0.008,0.008,0.0,0.0,0.0,0.0,0.0,0.0,0.0,0.0,0.0,99.2,0.0,0.0,0.8,16,16.0,risk_local_threshold,0.4,False
dapper,congested,121,100.0,1000,24.670024513531853,33.750343569648706,34.75280697328194,34.996277370025744,24.670024513531853,0.0,0.7242193034879331,0.7242193034879331,0.0,0.0,0.0,0.006,0.006,0.0,0.0,0.0,0.0,0.0,0.0,0.0,0.0,0.0,99.4,0.0,0.0,0.6,10,10.0,risk_local_threshold,0.4,False
dapper,congested,122,100.0,1000,24.53787182490916,33.83751458842038,34.770700984913006,34.91653465760954,24.53787182490916,0.0,0.726925307989091,0.726925307989091,0.0,0.0,0.0,0.013,0.013,0.0,0.0,0.0,0.0,0.0,0.0,0.0,0.0,0.0,98.7,0.0,0.0,1.3,14,14.0,risk_local_threshold,0.4,False
dapper,congested,123,100.0,1000,24.972968667791022,34.0068905091913,34.771507219222585,34.98883073588995,24.972968667791022,0.0,0.7231981737549722,0.7231981737549722,0.0,0.0,0.0,0.002,0.002,0.0,0.0,0.0,0.0,0.0,0.0,0.0,0.0,0.0,99.8,0.0,0.0,0.2,4,4.0,risk_local_threshold,0.4,False
dapper,congested,124,100.0,1000,24.68398444976012,33.74309287533703,34.66363593071505,34.94326242767353,24.68398444976012,0.0,0.7246698111318651,0.7246698111318651,0.0,0.0,0.0,0.006,0.006,0.0,0.0,0.0,0.0,0.0,0.0,0.0,0.0,0.0,99.4,0.0,0.0,0.6,10,10.0,risk_local_threshold,0.4,False
dapper,congested,125,100.0,1000,24.725669553063664,34.05786747219948,34.83418763630404,34.99974319601896,24.725669553063664,0.0,0.7228975062228786,0.7228975062228786,0.0,0.0,0.0,0.012,0.012,0.0,0.0,0.0,0.0,0.0,0.0,0.0,0.0,0.0,98.8,0.0,0.0,1.2,14,14.0,risk_local_threshold,0.4,False
dapper,congested,126,100.0,1000,24.961010734873252,33.97988585528562,34.774114294105054,34.99086328598782,24.961010734873252,0.0,0.7258907807888281,0.7258907807888281,0.0,0.0,0.0,0.002,0.002,0.0,0.0,0.0,0.0,0.0,0.0,0.0,0.0,0.0,99.8,0.0,0.0,0.2,4,4.0,risk_local_threshold,0.4,False
dapper,congested,127,100.0,1000,24.79915459305446,33.97839515917549,34.71031183612322,34.99801668883106,24.79915459305446,0.0,0.7241769809830646,0.7241769809830646,0.0,0.0,0.0,0.01,0.01,0.0,0.0,0.0,0.0,0.0,0.0,0.0,0.0,0.0,99.0,0.0,0.0,1.0,18,18.0,risk_local_threshold,0.4,False
dapper,congested,128,100.0,1000,24.671514882986425,34.08647701991846,34.783499539553866,34.99302751306131,24.671514882986425,0.0,0.72324842617587,0.72324842617587,0.0,0.0,0.0,0.008,0.008,0.0,0.0,0.0,0.0,0.0,0.0,0.0,0.0,0.0,99.2,0.0,0.0,0.8,12,12.0,risk_local_threshold,0.4,False
dapper,congested,129,100.0,1000,24.599702966215787,33.90591045177916,34.77957296022762,34.981958638619645,24.599702966215787,0.0,0.7227863941222297,0.7227863941222297,0.0,0.0,0.0,0.013,0.013,0.0,0.0,0.0,0.0,0.0,0.0,0.0,0.0,0.0,98.7,0.0,0.0,1.3,20,20.0,risk_local_threshold,0.4,False
dapper,lossy,100,100.0,1000,25.284238375351617,34.04718924628941,34.84826155800029,34.98907189172226,26.603532329890296,0.0,0.7261089761349956,0.7291469405538944,2425.0,2.425,2425.0,0.0,0.0,0.0,0.097,0.8350515463917526,0.1958762886597938,0.019,0.6391752577319587,0.0,0.16494845360824742,0.0,90.3,0.0,9.700000000000001,0.0,154,154.0,risk_local_threshold,0.4,False
dapper,lossy,101,100.0,1000,25.059527190349893,34.120642165867906,34.8265496982896,34.99538718567808,26.0506065249449,0.0,0.7233638220296621,0.7256854060225397,2250.0,2.25,2250.0,0.0,0.0,0.0,0.09,0.8444444444444444,0.15555555555555556,0.014,0.6888888888888889,0.0,0.15555555555555556,0.0,91.0,0.0,9.0,0.0,144,144.0,risk_local_threshold,0.4,False
dapper,lossy,102,100.0,1000,24.993003502753638,33.78557770295638,34.81151542684563,34.990087052311324,26.233193171927937,0.0,0.7247993890094673,0.7277402624982544,2225.0,2.225,2225.0,0.0,0.0,0.0,0.089,0.8426966292134831,0.21348314606741572,0.019,0.6292134831460674,0.0,0.15730337078651685,0.0,91.10000000000001,0.0,8.9,0.0,148,148.0,risk_local_threshold,0.4,False
dapper,lossy,103,100.0,1000,25.072925546868568,34.23372242321619,34.794279965090745,34.9768308072483,26.321017364826993,0.0,0.7255664298957895,0.72880547852922,2475.0,2.475,2475.0,0.0,0.0,0.0,0.099,0.8383838383838383,0.1919191919191919,0.019,0.6464646464646465,0.0,0.16161616161616163,0.0,90.10000000000001,0.0,9.9,0.0,158,158.0,risk_local_threshold,0.4,False
dapper,lossy,104,100.0,1000,24.952721574773207,33.7641107522445,34.821547122134376,34.99174516374082,27.182002175435773,0.0,0.725270205207262,0.730560467237794,2350.0,2.35,2350.0,0.0,0.0,0.0,0.094,0.8829787234042553,0.3404255319148936,0.032,0.5425531914893617,0.0,0.11702127659574468,0.0,90.60000000000001,0.0,9.4,0.0,156,156.0,risk_local_threshold,0.4,False
dapper,lossy,105,100.0,1000,25.095152971928933,33.826524025580916,34.67873591147265,34.99594666457182,27.07671609383869,0.0,0.7248747477212536,0.7290649548450893,3025.0,3.025,3025.0,0.0,0.0,0.0,0.121,0.8429752066115702,0.23140495867768596,0.028,0.6115702479338843,0.0,0.15702479338842976,0.0,87.9,0.0,12.1,0.0,188,188.0,risk_local_threshold,0.4,False
dapper,lossy,106,100.0,1000,24.856568122610433,33.832964597231225,34.72189143706977,34.99784375073101,26.23990422045495,0.0,0.7235813767870335,0.7267415207081187,1775.0,1.775,1775.0,0.0,0.0,0.0,0.071,0.9295774647887324,0.28169014084507044,0.02,0.647887323943662,0.0,0.07042253521126761,0.0,92.9,0.0,7.1,0.0,116,116.0,risk_local_threshold,0.4,False
dapper,lossy,107,100.0,1000,24.68158080592215,34.00414573371424,34.83973190471446,34.99325658145116,25.7741950642116,0.0,0.7241940517114336,0.7268293495999344,3050.0,3.05,3050.0,0.0,0.0,0.0,0.122,0.8688524590163934,0.13114754098360656,0.016,0.7377049180327869,0.0,0.13114754098360656,0.0,87.8,0.0,12.2,0.0,176,176.0,risk_local_threshold,0.4,False
dapper,lossy,108,100.0,1000,25.047265262517854,34.05795037600457,34.73288919337191,34.96757252768798,26.263050937154848,0.0,0.7235643813542582,0.7262990950925416,2350.0,2.35,2350.0,0.0,0.0,0.0,0.094,0.8829787234042553,0.19148936170212766,0.018,0.6914893617021277,0.0,0.11702127659574468,0.0,90.60000000000001,0.0,9.4,0.0,140,140.0,risk_local_threshold,0.4,False
dapper,lossy,109,100.0,1000,24.775139056545807,34.049418286887835,34.7919194149339,34.94624843509132,26.600449661212057,0.0,0.7212325912059436,0.7256313514371945,2325.0,2.325,2325.0,0.0,0.0,0.0,0.093,0.8709677419354839,0.27956989247311825,0.026,0.5913978494623656,0.0,0.12903225806451613,0.0,90.7,0.0,9.3,0.0,152,152.0,risk_local_threshold,0.4,False
dapper,lossy,110,100.0,1000,25.004520730247734,33.8683404853258,34.86997539103268,34.98456857838196,27.168341984884623,0.0,0.7268739784421301,0.7318549995485082,3025.0,3.025,3025.0,0.0,0.0,0.0,0.121,0.8512396694214877,0.256198347107438,0.031,0.5950413223140496,0.0,0.1487603305785124,0.0,87.9,0.0,12.1,0.0,180,180.0,risk_local_threshold,0.4,False
dapper,lossy,111,100.0,1000,24.90307640535743,34.14835345167596,34.756755348825656,34.981698697795565,26.738083022512388,0.0,0.7248703254305311,0.7292403353648216,3150.0,3.15,3150.0,0.0,0.0,0.0,0.126,0.8650793650793651,0.2222222222222222,0.028,0.6428571428571429,0.0,0.1349206349206349,0.0,87.4,0.0,12.6,0.0,198,198.0,risk_local_threshold,0.4,False
dapper,lossy,112,100.0,1000,24.956367632930085,34.151123089835,34.870234716853815,34.962158450180866,26.577057262441496,0.0,0.7253954496233768,0.7295604178555073,3025.0,3.025,3025.0,0.0,0.0,0.0,0.121,0.8512396694214877,0.19834710743801653,0.024,0.6528925619834711,0.0,0.1487603305785124,0.0,87.9,0.0,12.1,0.0,200,200.0,risk_local_threshold,0.4,False
dapper,lossy,113,100.0,1000,25.11573781751927,34.14436127878192,34.867885766711,34.99782157537433,26.622003672589535,0.0,0.7254462125679975,0.7290705034694203,3175.0,3.175,3175.0,0.0,0.0,0.0,0.127,0.8582677165354331,0.1732283464566929,0.022,0.6850393700787402,0.0,0.14173228346456693,0.0,87.3,0.0,12.7,0.0,194,194.0,risk_local_threshold,0.4,False
dapper,lossy,114,100.0,1000,25.05695156474369,34.026649628584615,34.857774174382406,34.983091762156874,26.579097360427177,0.0,0.72440817275247,0.7278357834691614,2100.0,2.1,2100.0,0.0,0.0,0.0,0.084,0.8333333333333334,0.2619047619047619,0.022,0.5714285714285714,0.0,0.16666666666666666,0.0,91.60000000000001,0.0,8.4,0.0,131,131.0,risk_local_threshold,0.4,False
dapper,lossy,115,100.0,1000,24.76252752899427,34.140208891814694,34.85306689119638,34.992962372181864,26.504936649914008,0.0,0.7251726691219196,0.7287375350560122,2250.0,2.25,2250.0,0.0,0.0,0.0,0.09,0.7777777777777778,0.28888888888888886,0.026,0.4888888888888889,0.0,0.2222222222222222,0.0,91.0,0.0,9.0,0.0,144,144.0,risk_local_threshold,0.4,False
dapper,lossy,116,100.0,1000,24.951356764470432,33.914227978461774,34.857265543400885,34.99525986411179,27.320507373263062,0.0,0.7243445892890008,0.7302894260139605,2850.0,2.85,2850.0,0.0,0.0,0.0,0.114,0.9298245614035088,0.3157894736842105,0.036,0.6140350877192983,0.0,0.07017543859649122,0.0,88.6,0.0,11.4,0.0,164,164.0,risk_local_threshold,0.4,False
dapper,lossy,117,100.0,1000,25.037129912861214,33.9567672696681,34.764351269100246,34.996388970755305,25.79029945255616,0.0,0.726073452957747,0.7276980053503637,2250.0,2.25,2250.0,0.0,0.0,0.0,0.09,0.8555555555555555,0.12222222222222222,0.011,0.7333333333333333,0.0,0.14444444444444443,0.0,91.0,0.0,9.0,0.0,153,153.0,risk_local_threshold,0.4,False
dapper,lossy,118,100.0,1000,24.83203368389728,33.86314293776527,34.704566823658226,34.94197590424748,26.107993484846507,0.0,0.7277094589160901,0.7305387983078288,2600.0,2.6,2600.0,0.0,0.0,0.0,0.104,0.8942307692307693,0.18269230769230768,0.019,0.7115384615384616,0.0,0.10576923076923077,0.0,89.60000000000001,0.0,10.4,0.0,170,170.0,risk_local_threshold,0.4,False
dapper,lossy,119,100.0,1000,25.22380561542694,34.16353447898527,34.88856396573517,34.993426719837316,26.99639229263859,0.0,0.72570145608929,0.7300482397541941,2725.0,2.725,2725.0,0.0,0.0,0.0,0.109,0.926605504587156,0.23853211009174313,0.026,0.6880733944954128,0.0,0.07339449541284404,0.0,89.1,0.0,10.9,0.0,154,154.0,risk_local_threshold,0.4,False
dapper,lossy,120,100.0,1000,24.94356883456326,33.94762430607923,34.82126839451995,34.99480299428936,26.577404175590498,0.0,0.7242446744200584,0.7278922919133267,2750.0,2.75,2750.0,0.0,0.0,0.0,0.11,0.8181818181818182,0.20909090909090908,0.023,0.6090909090909091,0.0,0.18181818181818182,0.0,89.0,0.0,11.0,0.0,172,172.0,risk_local_threshold,0.4,False
dapper,lossy,121,100.0,1000,24.890186762682326,33.9509837447526,34.75636721943252,34.9865485323475,26.773498585781613,0.0,0.7226738180182367,0.727370961421052,3100.0,3.1,3100.0,0.0,0.0,0.0,0.124,0.9274193548387096,0.22580645161290322,0.028,0.7016129032258065,0.0,0.07258064516129033,0.0,87.6,0.0,12.4,0.0,186,186.0,risk_local_threshold,0.4,False
dapper,lossy,122,100.0,1000,25.08579289471596,34.07524967583675,34.72465675884838,34.92311681265087,26.826256310609132,0.0,0.7253656451784852,0.7294115772445569,3225.0,3.225,3225.0,0.0,0.0,0.0,0.129,0.8992248062015504,0.1937984496124031,0.025,0.7054263565891473,0.0,0.10077519379844961,0.0,87.1,0.0,12.9,0.0,208,208.0,risk_local_threshold,0.4,False
dapper,lossy,123,100.0,1000,24.817178107343594,33.97858252982191,34.71884738710505,34.9640180768012,26.34670670729015,0.0,0.725177200048534,0.7286674206655973,2350.0,2.35,2350.0,0.0,0.0,0.0,0.094,0.8936170212765957,0.24468085106382978,0.023,0.648936170212766,0.0,0.10638297872340426,0.0,90.60000000000001,0.0,9.4,0.0,148,148.0,risk_local_threshold,0.4,False
dapper,lossy,124,100.0,1000,25.144076835710404,34.0084817041087,34.82162623829404,34.999930978152555,27.206043997462288,0.0,0.7252006399861742,0.7307765236336725,3400.0,3.4,3400.0,0.0,0.0,0.0,0.136,0.8382352941176471,0.22794117647058823,0.031,0.6102941176470589,0.0,0.16176470588235295,0.0,86.4,0.0,13.600000000000001,0.0,202,202.0,risk_local_threshold,0.4,False
dapper,lossy,125,100.0,1000,25.290207315525716,34.07810779324134,34.85987931432081,34.99675173862079,26.71761234629157,0.0,0.725008358044021,0.7282985551123586,2625.0,2.625,2625.0,0.0,0.0,0.0,0.105,0.8666666666666667,0.20952380952380953,0.022,0.6571428571428571,0.0,0.13333333333333333,0.0,89.5,0.0,10.5,0.0,162,162.0,risk_local_threshold,0.4,False
dapper,lossy,126,100.0,1000,25.012306557377276,34.01851118868758,34.87231873366858,34.99707928007821,26.789671412499562,0.0,0.7223553858756083,0.7266099329620509,2975.0,2.975,2975.0,0.0,0.0,0.0,0.119,0.8739495798319328,0.2184873949579832,0.026,0.6554621848739496,0.0,0.12605042016806722,0.0,88.1,0.0,11.899999999999999,0.0,180,180.0,risk_local_threshold,0.4,False
dapper,lossy,127,100.0,1000,24.933813775828348,34.03862120823819,34.851014551058256,34.985303846764054,26.56425639653855,0.0,0.7254720911704587,0.7292025498525363,3050.0,3.05,3050.0,0.0,0.0,0.0,0.122,0.860655737704918,0.19672131147540983,0.024,0.6639344262295082,0.0,0.13934426229508196,0.0,87.8,0.0,12.2,0.0,203,203.0,risk_local_threshold,0.4,False
dapper,lossy,128,100.0,1000,25.361525346794913,34.112832194106765,34.722796126768856,34.99638466136344,26.69924070847646,0.0,0.7258146565752936,0.7289666373998299,2475.0,2.475,2475.0,0.0,0.0,0.0,0.099,0.8585858585858586,0.20202020202020202,0.02,0.6565656565656566,0.0,0.1414141414141414,0.0,90.10000000000001,0.0,9.9,0.0,164,164.0,risk_local_threshold,0.4,False
dapper,lossy,129,100.0,1000,24.956002553810663,34.060395492680186,34.85750602439408,34.980831653703675,26.357866765684076,0.0,0.7240405957959037,0.7272611239973866,3100.0,3.1,3100.0,0.0,0.0,0.0,0.124,0.8951612903225806,0.1693548387096774,0.021,0.7258064516129032,0.0,0.10483870967741936,0.0,87.6,0.0,12.4,0.0,186,186.0,risk_local_threshold,0.4,False
dapper,variable,100,100.0,1000,19.847097399190012,33.61420558459003,34.76027410675784,34.95054826151675,21.90787742701201,0.0,0.7259116438296801,0.7306825572298371,3575.0,3.575,3575.0,0.284,0.216,0.0,0.143,0.9370629370629371,0.22377622377622378,0.032,0.7132867132867133,0.0,0.06293706293706294,0.0,64.1,0.0,14.299999999999999,21.6,314,314.0,risk_local_threshold,0.4,False
dapper,variable,101,100.0,1000,19.873228370530978,33.51859359353788,34.716729365681125,34.99816501848515,22.282874958693203,0.0,0.7275598148950951,0.7335487041886068,4025.0,4.025,4025.0000000000005,0.256,0.2,0.0,0.161,0.906832298136646,0.2236024844720497,0.036,0.6832298136645962,0.0,0.09316770186335403,0.0,63.9,0.0,16.1,20.0,292,292.0,risk_local_threshold,0.4,False
dapper,variable,102,100.0,1000,21.725835154751234,33.952084801243224,34.85412725538718,34.995332379528136,24.331237387013875,0.0,0.7253923428217819,0.73190591073478,4100.0,4.1,4100.0,0.167,0.131,0.0,0.164,0.8963414634146342,0.23780487804878048,0.039,0.6585365853658537,0.0,0.10365853658536585,0.0,70.5,0.0,16.400000000000002,13.100000000000001,256,256.0,risk_local_threshold,0.4,False
dapper,variable,103,100.0,1000,19.512093113412188,33.581179869308166,34.6745142049723,34.99051342908312,21.39716924830935,0.0,0.7264145780785138,0.731292016430386,4325.0,4.325,4325.0,0.315,0.239,0.0,0.173,0.884393063583815,0.16184971098265896,0.028,0.7225433526011561,0.0,0.11560693641618497,0.0,58.8,0.0,17.299999999999997,23.9,321,321.0,risk_local_threshold,0.4,False
dapper,variable,104,100.0,1000,21.518439904160722,33.92297556550541,34.71580596411837,34.944614204784195,23.898621402410022,0.0,0.7272218707282757,0.7326079698440382,4000.0,4.0,4000.0,0.187,0.143,0.0,0.16,0.91875,0.225,0.036,0.69375,0.0,0.08125,0.0,69.69999999999999,0.0,16.0,14.299999999999999,256,256.0,risk_local_threshold,0.4,False
dapper,variable,105,100.0,1000,20.409246302565197,33.52133876628223,34.7773651787171,34.98077376103997,23.215894011404227,0.0,0.726150768098847,0.7327945035590885,4275.0,4.275,4275.0,0.238,0.184,0.0,0.171,0.9473684210526315,0.23976608187134502,0.041,0.7076023391812866,0.0,0.05263157894736842,0.0,64.5,0.0,17.1,18.4,291,291.0,risk_local_threshold,0.4,False
dapper,variable,106,100.0,1000,21.59372391817589,33.5305156645498,34.67586933903363,34.993851868805095,24.071913597944178,0.0,0.7255234671581106,0.7318554370900254,3525.0,3.525,3525.0,0.175,0.136,0.0,0.141,0.9432624113475178,0.2695035460992908,0.038,0.6737588652482269,0.0,0.05673758865248227,0.0,72.3,0.0,14.099999999999998,13.600000000000001,238,238.0,risk_local_threshold,0.4,False
dapper,variable,107,100.0,1000,20.056441701403287,33.56666120695883,34.6268453225655,34.98148819897819,22.16284332858957,0.0,0.7240116849833446,0.7288400893004071,3225.0,3.225,3225.0,0.261,0.201,0.0,0.129,0.9457364341085271,0.24031007751937986,0.031,0.7054263565891473,0.0,0.05426356589147287,0.0,67.0,0.0,12.9,20.1,291,291.0,risk_local_threshold,0.4,False
dapper,variable,108,100.0,1000,20.480881005394448,33.99159903353784,34.77692101060002,34.94872090187498,22.83370780947946,0.0,0.7260048286422379,0.7320968234717404,4300.0,4.3,4300.0,0.26,0.196,0.0,0.172,0.9127906976744186,0.20930232558139536,0.036,0.7034883720930233,0.0,0.0872093023255814,0.0,63.2,0.0,17.2,19.6,296,296.0,risk_local_threshold,0.4,False
dapper,variable,109,100.0,1000,21.210997956041414,33.76823065319891,34.76110730262953,34.98660651522982,22.68751378938975,0.0,0.7239038673745836,0.7272712507246467,3500.0,3.5,3500.0,0.203,0.156,0.0,0.14,0.9285714285714286,0.15714285714285714,0.022,0.7714285714285715,0.0,0.07142857142857142,0.0,70.39999999999999,0.0,14.000000000000002,15.6,276,276.0,risk_local_threshold,0.4,False
dapper,variable,110,100.0,1000,20.982663888093814,33.908831310824965,34.67822534775889,34.98146709760653,22.72581975746851,0.0,0.7252583766377324,0.7290614358830099,3425.0,3.425,3425.0,0.226,0.171,0.0,0.137,0.9343065693430657,0.1897810218978102,0.026,0.7445255474452555,0.0,0.06569343065693431,0.0,69.19999999999999,0.0,13.700000000000001,17.1,280,280.0,risk_local_threshold,0.4,False
dapper,variable,111,100.0,1000,21.15036747714493,33.79838354481562,34.723349040720166,34.97684653932659,23.82211764647042,0.0,0.7257443855359366,0.7320045497282579,3950.0,3.95,3950.0,0.216,0.166,0.0,0.158,0.930379746835443,0.25316455696202533,0.04,0.6772151898734177,0.0,0.06962025316455696,0.0,67.60000000000001,0.0,15.8,16.6,270,270.0,risk_local_threshold,0.4,False
dapper,variable,112,100.0,1000,21.078172240720427,34.0565418294024,34.79412676903375,34.95854802039493,23.744765938868305,0.0,0.728773769620013,0.7345602486866848,4650.0,4.65,4650.0,0.215,0.162,0.0,0.186,0.946236559139785,0.21505376344086022,0.04,0.7311827956989247,0.0,0.053763440860215055,0.0,65.2,0.0,18.6,16.2,302,302.0,risk_local_threshold,0.4,False
dapper,variable,113,100.0,1000,21.273906223598555,33.57682626381407,34.78843892853948,34.96829040868747,22.827857160330336,0.0,0.7263068757945752,0.7297515202947515,4025.0,4.025,4025.0000000000005,0.197,0.15,0.0,0.161,0.9254658385093167,0.14285714285714285,0.023,0.782608695652174,0.0,0.07453416149068323,0.0,68.89999999999999,0.0,16.1,15.0,263,263.0,risk_local_threshold,0.4,False
dapper,variable,114,100.0,1000,19.651478679764644,33.53883646549626,34.61117657596823,34.99588156157893,21.564546906380333,0.0,0.7222741502329159,0.726716504062198,3175.0,3.175,3175.0,0.266,0.205,0.0,0.127,0.9212598425196851,0.2283464566929134,0.029,0.6929133858267716,0.0,0.07874015748031496,0.0,66.8,0.0,12.7,20.5,278,278.0,risk_local_threshold,0.4,False
dapper,variable,115,100.0,1000,21.45827282696581,33.34691437699113,34.626745067103904,34.87718954629805,24.261238218997303,0.0,0.7230935571850724,0.729800456766432,3500.0,3.5,3500.0,0.176,0.137,0.0,0.14,0.8857142857142857,0.29285714285714287,0.041,0.5928571428571429,0.0,0.11428571428571428,0.0,72.3,0.0,14.000000000000002,13.700000000000001,249,249.0,risk_local_threshold,0.4,False
dapper,variable,116,100.0,1000,20.840460970931165,33.98344969197258,34.76841725790863,34.94714462527301,22.406824866010748,0.0,0.7289372186607409,0.7329869967793148,3475.0,3.475,3475.0,0.239,0.184,0.0,0.139,0.935251798561151,0.16546762589928057,0.023,0.7697841726618705,0.0,0.06474820143884892,0.0,67.7,0.0,13.900000000000002,18.4,266,266.0,risk_local_threshold,0.4,False
dapper,variable,117,100.0,1000,22.76021868961211,34.240173789397694,34.82080355680936,34.990866631104254,24.121063897650615,0.0,0.7236897900442029,0.7269070388309078,3875.0,3.875,3875.0,0.132,0.1,0.0,0.155,0.9225806451612903,0.12903225806451613,0.02,0.7935483870967742,0.0,0.07741935483870968,0.0,74.5,0.0,15.5,10.0,221,221.0,risk_local_threshold,0.4,False
dapper,variable,118,100.0,1000,21.19990772515089,33.5101571170854,34.37942051281876,34.868091607089696,24.51230429319595,0.0,0.7251742139285398,0.7327928885215423,4900.0,4.9,4900.0,0.193,0.148,0.0,0.196,0.9387755102040817,0.24489795918367346,0.048,0.6938775510204082,0.0,0.061224489795918366,0.0,65.60000000000001,0.0,19.6,14.799999999999999,299,299.0,risk_local_threshold,0.4,False
dapper,variable,119,100.0,1000,20.98980792595105,33.65904383541709,34.57959716197339,34.99635852821138,23.158646308598712,0.0,0.7248011782863056,0.7304145990370234,4175.0,4.175,4175.0,0.218,0.166,0.0,0.167,0.9341317365269461,0.19760479041916168,0.033,0.7365269461077845,0.0,0.0658682634730539,0.0,66.7,0.0,16.7,16.6,261,261.0,risk_local_threshold,0.4,False
dapper,variable,120,100.0,1000,21.637219680970638,33.96526001626422,34.71258654891299,34.99491157025027,23.93436353285667,0.0,0.7236256274039456,0.7292757033555474,4600.0,4.6,4600.0,0.179,0.134,0.0,0.184,0.9456521739130435,0.18478260869565216,0.034,0.7608695652173914,0.0,0.05434782608695652,0.0,68.2,0.0,18.4,13.4,289,289.0,risk_local_threshold,0.4,False
dapper,variable,121,100.0,1000,20.769854338698046,33.76407787463392,34.80089032279628,34.994688323129196,24.454291596874842,0.0,0.7246801812954811,0.7341434212468712,5125.0,5.125,5125.0,0.217,0.168,0.0,0.205,0.9609756097560975,0.2682926829268293,0.055,0.6926829268292682,0.0,0.03902439024390244,0.0,62.7,0.0,20.5,16.8,287,287.0,risk_local_threshold,0.4,False
dapper,variable,122,100.0,1000,21.13175821444513,33.694416258508085,34.631522901173106,34.97317679379236,23.776507048327385,0.0,0.727101792089757,0.7331917056481111,3725.0,3.725,3725.0,0.197,0.151,0.0,0.149,0.9395973154362416,0.26174496644295303,0.039,0.6778523489932886,0.0,0.06040268456375839,0.0,70.0,0.0,14.899999999999999,15.1,260,260.0,risk_local_threshold,0.4,False
dapper,variable,123,100.0,1000,21.09321361110236,33.79103353765298,34.79488657343286,34.98222422308634,23.021862686303265,0.0,0.7282104611957531,0.7336202014797786,3675.0,3.675,3675.0,0.215,0.164,0.0,0.147,0.9455782312925171,0.20408163265306123,0.03,0.7414965986394558,0.0,0.05442176870748299,0.0,68.89999999999999,0.0,14.7,16.400000000000002,272,272.0,risk_local_threshold,0.4,False
dapper,variable,124,100.0,1000,21.732988484636902,33.61582768332837,34.67732058291188,34.996246009129095,23.750766552712175,0.0,0.7242599698219147,0.7290090601287487,4525.0,4.525,4525.0,0.169,0.132,0.0,0.181,0.8839779005524862,0.16574585635359115,0.03,0.7182320441988951,0.0,0.11602209944751381,0.0,68.7,0.0,18.099999999999998,13.200000000000001,283,283.0,risk_local_threshold,0.4,False
dapper,variable,125,100.0,1000,20.769788307085673,33.55572104656107,34.7780426012565,34.94952031560075,23.19404948503433,0.0,0.7246252838037862,0.7300784211528055,3950.0,3.95,3950.0,0.222,0.17,0.0,0.158,0.9367088607594937,0.22784810126582278,0.036,0.7088607594936709,0.0,0.06329113924050633,0.0,67.2,0.0,15.8,17.0,277,277.0,risk_local_threshold,0.4,False
dapper,variable,126,100.0,1000,21.1478810158433,33.75159446968112,34.720173914570076,34.997585709381326,23.497942092290803,0.0,0.7299377493938444,0.7356804724798748,3650.0,3.65,3650.0,0.21,0.163,0.0,0.146,0.952054794520548,0.2465753424657534,0.036,0.7054794520547946,0.0,0.04794520547945205,0.0,69.1,0.0,14.6,16.3,267,267.0,risk_local_threshold,0.4,False
dapper,variable,127,100.0,1000,20.660215773075464,34.01155392391131,34.710521322396545,34.9805264786951,22.457478439780214,0.0,0.7254115546748069,0.7300607831958817,3625.0,3.625,3625.0,0.245,0.187,0.0,0.145,0.9448275862068966,0.1793103448275862,0.026,0.7655172413793103,0.0,0.05517241379310345,0.0,66.8,0.0,14.499999999999998,18.7,271,271.0,risk_local_threshold,0.4,False
dapper,variable,128,100.0,1000,19.588881490818014,33.63444553862527,34.724924465655434,34.96530254190218,21.175129567355718,0.0,0.7261101277963585,0.7295272199350781,2950.0,2.95,2950.0,0.278,0.214,0.0,0.118,0.9322033898305084,0.19491525423728814,0.023,0.7372881355932204,0.0,0.06779661016949153,0.0,66.8,0.0,11.799999999999999,21.4,263,263.0,risk_local_threshold,0.4,False
dapper,variable,129,100.0,1000,21.009790891695804,33.95183803633796,34.77333674805944,34.967648156933706,22.993345945805796,0.0,0.7216296347896245,0.7265250869632599,3575.0,3.575,3575.0,0.227,0.175,0.0,0.143,0.9440559440559441,0.21678321678321677,0.031,0.7272727272727273,0.0,0.055944055944055944,0.0,68.2,0.0,14.299999999999999,17.5,273,273.0,risk_local_threshold,0.4,False
dapper,outage,100,100.0,1000,7.390958833110617,31.53222247776869,33.92161243264051,34.99545577037872,7.390958833110617,0.0,0.7256162643603677,0.7256162643603677,0.0,0.0,0.0,1.0,0.735,0.0,0.0,0.0,0.0,0.0,0.0,0.0,0.0,0.0,22.6,0.0,0.0,77.4,422,422.0,risk_local_threshold,0.4,False
dapper,outage,101,100.0,1000,7.394054329988902,31.520563490832846,34.26171430265933,34.94450915915627,7.394054329988902,0.0,0.7269702216094329,0.7269702216094329,0.0,0.0,0.0,1.0,0.736,0.0,0.0,0.0,0.0,0.0,0.0,0.0,0.0,0.0,21.9,0.0,0.0,78.10000000000001,412,412.0,risk_local_threshold,0.4,False
dapper,outage,102,100.0,1000,7.51680019137851,31.462924322041214,34.417701339171714,34.98162652146018,7.51680019137851,0.0,0.725179462474503,0.725179462474503,0.0,0.0,0.0,1.0,0.731,0.0,0.0,0.0,0.0,0.0,0.0,0.0,0.0,0.0,23.200000000000003,0.0,0.0,76.8,422,422.0,risk_local_threshold,0.4,False
dapper,outage,103,100.0,1000,7.378221024983012,31.251434028184203,34.6042054298873,34.981104653112794,7.378221024983012,0.0,0.7262335249696575,0.7262335249696575,0.0,0.0,0.0,1.0,0.735,0.0,0.0,0.0,0.0,0.0,0.0,0.0,0.0,0.0,23.0,0.0,0.0,77.0,429,429.0,risk_local_threshold,0.4,False
dapper,outage,104,100.0,1000,7.568293210290533,31.59395630138461,34.54533747275368,34.97633437705056,7.568293210290533,0.0,0.7263175970031922,0.7263175970031922,0.0,0.0,0.0,1.0,0.728,0.0,0.0,0.0,0.0,0.0,0.0,0.0,0.0,0.0,23.5,0.0,0.0,76.5,422,422.0,risk_local_threshold,0.4,False
dapper,outage,105,100.0,1000,7.519378267796368,31.402502329388795,34.46505659979935,34.921933732182964,7.519378267796368,0.0,0.7248271436420854,0.7248271436420854,0.0,0.0,0.0,1.0,0.732,0.0,0.0,0.0,0.0,0.0,0.0,0.0,0.0,0.0,22.8,0.0,0.0,77.2,417,417.0,risk_local_threshold,0.4,False
dapper,outage,106,100.0,1000,7.549106265746754,31.449714720334896,34.37540672388598,34.964850295506736,7.549106265746754,0.0,0.7212594093828284,0.7212594093828284,0.0,0.0,0.0,1.0,0.732,0.0,0.0,0.0,0.0,0.0,0.0,0.0,0.0,0.0,22.3,0.0,0.0,77.7,414,414.0,risk_local_threshold,0.4,False
dapper,outage,107,100.0,1000,7.495635529917344,31.80791921566703,34.39018497885919,34.99112443015811,7.495635529917344,0.0,0.7250211366010297,0.7250211366010297,0.0,0.0,0.0,1.0,0.733,0.0,0.0,0.0,0.0,0.0,0.0,0.0,0.0,0.0,23.1,0.0,0.0,76.9,422,422.0,risk_local_threshold,0.4,False
dapper,outage,108,100.0,1000,7.251361824662859,31.14265792210696,34.17418822409749,34.97297658698431,7.251361824662859,0.0,0.7266974788453335,0.7266974788453335,0.0,0.0,0.0,1.0,0.736,0.0,0.0,0.0,0.0,0.0,0.0,0.0,0.0,0.0,23.0,0.0,0.0,77.0,426,426.0,risk_local_threshold,0.4,False
dapper,outage,109,100.0,1000,7.685496458575816,31.705170488180077,34.40871885608117,34.88886016594044,7.685496458575816,0.0,0.7258121030951461,0.7258121030951461,0.0,0.0,0.0,1.0,0.729,0.0,0.0,0.0,0.0,0.0,0.0,0.0,0.0,0.0,23.5,0.0,0.0,76.5,427,427.0,risk_local_threshold,0.4,False
dapper,outage,110,100.0,1000,7.355193804523941,30.694822041353905,34.222511546491425,34.969462845702225,7.355193804523941,0.0,0.7245809511185383,0.7245809511185383,0.0,0.0,0.0,1.0,0.735,0.0,0.0,0.0,0.0,0.0,0.0,0.0,0.0,0.0,22.8,0.0,0.0,77.2,425,425.0,risk_local_threshold,0.4,False
dapper,outage,111,100.0,1000,7.398682547644234,31.455362565824643,34.05726657846486,34.958198085831974,7.398682547644234,0.0,0.7280638471067766,0.7280638471067766,0.0,0.0,0.0,1.0,0.732,0.0,0.0,0.0,0.0,0.0,0.0,0.0,0.0,0.0,22.900000000000002,0.0,0.0,77.10000000000001,414,414.0,risk_local_threshold,0.4,False
dapper,outage,112,100.0,1000,7.370625290236145,31.426397231090824,34.038780941246515,34.949972127365655,7.370625290236145,0.0,0.7280606555765715,0.7280606555765715,0.0,0.0,0.0,1.0,0.734,0.0,0.0,0.0,0.0,0.0,0.0,0.0,0.0,0.0,22.1,0.0,0.0,77.9,412,412.0,risk_local_threshold,0.4,False
dapper,outage,113,100.0,1000,7.147796806593906,30.844985093880027,33.96419838510252,34.91680130902314,7.147796806593906,0.0,0.7299582611154545,0.7299582611154545,0.0,0.0,0.0,1.0,0.737,0.0,0.0,0.0,0.0,0.0,0.0,0.0,0.0,0.0,23.200000000000003,0.0,0.0,76.8,437,437.0,risk_local_threshold,0.4,False
dapper,outage,114,100.0,1000,7.501176014095029,31.4914309836508,34.414218678920534,34.97406829855338,7.501176014095029,0.0,0.7224631994341497,0.7224631994341497,0.0,0.0,0.0,1.0,0.728,0.0,0.0,0.0,0.0,0.0,0.0,0.0,0.0,0.0,22.3,0.0,0.0,77.7,398,398.0,risk_local_threshold,0.4,False
dapper,outage,115,100.0,1000,7.428611862088066,30.652007764158807,34.152857588086846,34.990047900593524,7.428611862088066,0.0,0.7262317832361891,0.7262317832361891,0.0,0.0,0.0,1.0,0.735,0.0,0.0,0.0,0.0,0.0,0.0,0.0,0.0,0.0,22.2,0.0,0.0,77.8,413,413.0,risk_local_threshold,0.4,False
dapper,outage,116,100.0,1000,7.310877248374183,30.959598437937885,34.2744524675671,34.84799240200695,7.310877248374183,0.0,0.727895972888168,0.727895972888168,0.0,0.0,0.0,1.0,0.734,0.0,0.0,0.0,0.0,0.0,0.0,0.0,0.0,0.0,23.5,0.0,0.0,76.5,434,434.0,risk_local_threshold,0.4,False
dapper,outage,117,100.0,1000,7.385847848859415,31.09198240986329,34.14712359689956,34.96597639562117,7.385847848859415,0.0,0.7183856901372877,0.7183856901372877,0.0,0.0,0.0,1.0,0.732,0.0,0.0,0.0,0.0,0.0,0.0,0.0,0.0,0.0,21.9,0.0,0.0,78.10000000000001,403,403.0,risk_local_threshold,0.4,False
dapper,outage,118,100.0,1000,7.254554051460061,31.241459127591458,33.60889001037177,34.741923692424066,7.254554051460061,0.0,0.7269199104810466,0.7269199104810466,0.0,0.0,0.0,1.0,0.737,0.0,0.0,0.0,0.0,0.0,0.0,0.0,0.0,0.0,22.0,0.0,0.0,78.0,408,408.0,risk_local_threshold,0.4,False
dapper,outage,119,100.0,1000,7.544636632920723,31.97128927281031,34.12470746616695,34.92690319762808,7.544636632920723,0.0,0.7220765044472426,0.7220765044472426,0.0,0.0,0.0,1.0,0.733,0.0,0.0,0.0,0.0,0.0,0.0,0.0,0.0,0.0,23.599999999999998,0.0,0.0,76.4,434,434.0,risk_local_threshold,0.4,False
dapper,outage,120,100.0,1000,7.2966883444603,30.892941767709793,34.211465224522804,34.99743937003936,7.2966883444603,0.0,0.7277157448014966,0.7277157448014966,0.0,0.0,0.0,1.0,0.733,0.0,0.0,0.0,0.0,0.0,0.0,0.0,0.0,0.0,22.1,0.0,0.0,77.9,410,410.0,risk_local_threshold,0.4,False
dapper,outage,121,100.0,1000,7.333809267763978,31.109084311834984,33.97165026658857,34.64971422730907,7.333809267763978,0.0,0.7274434266949621,0.7274434266949621,0.0,0.0,0.0,1.0,0.738,0.0,0.0,0.0,0.0,0.0,0.0,0.0,0.0,0.0,22.7,0.0,0.0,77.3,427,427.0,risk_local_threshold,0.4,False
dapper,outage,122,100.0,1000,7.251434439695796,30.60696308430699,34.355640534389124,34.986643071399804,7.251434439695796,0.0,0.7230377555986962,0.7230377555986962,0.0,0.0,0.0,1.0,0.738,0.0,0.0,0.0,0.0,0.0,0.0,0.0,0.0,0.0,21.8,0.0,0.0,78.2,412,412.0,risk_local_threshold,0.4,False
dapper,outage,123,100.0,1000,7.348689071341893,31.31477153672879,33.77157051102519,34.93381679406212,7.348689071341893,0.0,0.7249842011830019,0.7249842011830019,0.0,0.0,0.0,1.0,0.734,0.0,0.0,0.0,0.0,0.0,0.0,0.0,0.0,0.0,22.6,0.0,0.0,77.4,416,416.0,risk_local_threshold,0.4,False
dapper,outage,124,100.0,1000,7.660167119732145,32.1804553486177,34.264528586595944,34.941792593643456,7.660167119732145,0.0,0.7230039723105824,0.7230039723105824,0.0,0.0,0.0,1.0,0.731,0.0,0.0,0.0,0.0,0.0,0.0,0.0,0.0,0.0,22.3,0.0,0.0,77.7,400,400.0,risk_local_threshold,0.4,False
dapper,outage,125,100.0,1000,7.350838089581009,31.434653948905787,34.32904496368304,34.97323235440945,7.350838089581009,0.0,0.7221812250823167,0.7221812250823167,0.0,0.0,0.0,1.0,0.733,0.0,0.0,0.0,0.0,0.0,0.0,0.0,0.0,0.0,23.200000000000003,0.0,0.0,76.8,428,428.0,risk_local_threshold,0.4,False
dapper,outage,126,100.0,1000,7.215129876013096,30.710400018658593,33.86622552192073,34.99530404733341,7.215129876013096,0.0,0.725540342550057,0.725540342550057,0.0,0.0,0.0,1.0,0.738,0.0,0.0,0.0,0.0,0.0,0.0,0.0,0.0,0.0,22.6,0.0,0.0,77.4,428,428.0,risk_local_threshold,0.4,False
dapper,outage,127,100.0,1000,7.168677740371282,30.32721903409148,33.88590346281151,34.91862325958482,7.168677740371282,0.0,0.7321660926795039,0.7321660926795039,0.0,0.0,0.0,1.0,0.738,0.0,0.0,0.0,0.0,0.0,0.0,0.0,0.0,0.0,21.9,0.0,0.0,78.10000000000001,409,409.0,risk_local_threshold,0.4,False
dapper,outage,128,100.0,1000,7.182658284101614,30.07092856934142,34.160945540901714,34.96572059102459,7.182658284101614,0.0,0.7245057292187558,0.7245057292187558,0.0,0.0,0.0,1.0,0.736,0.0,0.0,0.0,0.0,0.0,0.0,0.0,0.0,0.0,23.0,0.0,0.0,77.0,428,428.0,risk_local_threshold,0.4,False
dapper,outage,129,100.0,1000,7.192894149462109,30.305709714834187,34.22738591997794,34.97529884555047,7.192894149462109,0.0,0.7266441172681618,0.7266441172681618,0.0,0.0,0.0,1.0,0.738,0.0,0.0,0.0,0.0,0.0,0.0,0.0,0.0,0.0,21.3,0.0,0.0,78.7,404,404.0,risk_local_threshold,0.4,False
dapper,stable,100,100.0,1000,25.279403323317702,33.96035223762113,34.73962355895296,34.988775105687154,51.53514833678389,0.0,0.7265268897628933,0.792417917211626,21350.0,21.35,21350.0,0.0,0.0,0.0,0.854,0.9918032786885246,0.4953161592505855,0.423,0.4964871194379391,0.0,0.00819672131147541,0.0,14.6,0.0,85.39999999999999,0.0,259,259.0,risk_local_threshold,0.45,True
dapper,stable,101,100.0,1000,24.820657080469697,33.96040511204254,34.788072376532675,34.99828909781833,53.53675771177409,0.0,0.7249338588619687,0.7978649635318986,21700.0,21.7,21700.0,0.0,0.0,0.0,0.868,0.9896313364055299,0.5288018433179723,0.459,0.4608294930875576,0.0,0.010368663594470046,0.0,13.200000000000001,0.0,86.8,0.0,231,231.0,risk_local_threshold,0.45,True
dapper,stable,102,100.0,1000,24.835880473076735,33.70682378335116,34.74818297607158,34.965240972972765,51.8627260021259,0.0,0.727324394359075,0.800034845226407,20900.0,20.9,20900.0,0.0,0.0,0.0,0.836,0.992822966507177,0.5263157894736842,0.44,0.4665071770334928,0.0,0.007177033492822967,0.0,16.400000000000002,0.0,83.6,0.0,284,284.0,risk_local_threshold,0.45,True
dapper,stable,103,100.0,1000,24.972078044518216,34.293187186352334,34.89307765319619,34.99802137082616,53.372703891643845,0.0,0.7236659440861409,0.7991290672988378,21525.0,21.525,21525.0,0.0,0.0,0.0,0.861,0.9883855981416957,0.5342624854819977,0.46,0.454123112659698,0.0,0.011614401858304297,0.0,13.900000000000002,0.0,86.1,0.0,237,237.0,risk_local_threshold,0.45,True
dapper,stable,104,100.0,1000,24.98622097286207,33.860115377670134,34.74837408619961,34.98656616097203,51.037343944723006,0.0,0.7240926018777877,0.7898578469524961,21900.0,21.9,21900.0,0.0,0.0,0.0,0.876,0.9920091324200914,0.4794520547945205,0.42,0.5125570776255708,0.0,0.007990867579908675,0.0,12.4,0.0,87.6,0.0,220,220.0,risk_local_threshold,0.45,True
dapper,stable,105,100.0,1000,24.85634769037545,33.82025179084476,34.62504012903672,34.93314580405199,51.59710330911793,0.0,0.7262361051095783,0.7959250227091806,21250.0,21.25,21250.0,0.0,0.0,0.0,0.85,0.9905882352941177,0.5105882352941177,0.434,0.48,0.0,0.009411764705882352,0.0,15.0,0.0,85.0,0.0,256,256.0,risk_local_threshold,0.45,True
dapper,stable,106,100.0,1000,24.716410963251104,33.86074949026578,34.68730165917939,34.933586993197196,52.69637342008328,0.0,0.7229428904328138,0.7962430814491968,21425.0,21.425,21425.0,0.0,0.0,0.0,0.857,0.9918319719953326,0.5227537922987164,0.448,0.4690781796966161,0.0,0.008168028004667444,0.0,14.299999999999999,0.0,85.7,0.0,252,252.0,risk_local_threshold,0.45,True
dapper,stable,107,100.0,1000,24.88557902804772,33.83424628214373,34.89267109559948,34.9936438529993,53.380353744565205,0.0,0.7245133185042392,0.7993133636844371,22025.0,22.025,22025.0,0.0,0.0,0.0,0.881,0.9886492622020431,0.5187287173666288,0.457,0.4699205448354143,0.0,0.011350737797956867,0.0,11.899999999999999,0.0,88.1,0.0,198,198.0,risk_local_threshold,0.45,True
dapper,stable,108,100.0,1000,25.235897183714567,34.2868707566229,34.87218349603604,34.989690121554816,51.92467360201944,0.0,0.7254394152220247,0.7967132376294662,21500.0,21.5,21500.0,0.0,0.0,0.0,0.86,0.9872093023255814,0.5023255813953489,0.432,0.4848837209302326,0.0,0.012790697674418604,0.0,14.000000000000002,0.0,86.0,0.0,231,231.0,risk_local_threshold,0.45,True
dapper,stable,109,100.0,1000,25.268964708760926,34.15910526808331,34.79620852522923,34.94284900848466,51.53790445445115,0.0,0.7225069831603355,0.7908717000411818,21775.0,21.775,21775.0,0.0,0.0,0.0,0.871,0.9850746268656716,0.4845005740528129,0.422,0.5005740528128588,0.0,0.014925373134328358,0.0,12.9,0.0,87.1,0.0,228,228.0,risk_local_threshold,0.45,True
dapper,stable,110,100.0,1000,24.978043487255007,33.957417382454665,34.80033649104111,34.99011804008187,51.64725260956925,0.0,0.7239727698806182,0.7935801521646344,21400.0,21.4,21400.0,0.0,0.0,0.0,0.856,0.985981308411215,0.5035046728971962,0.431,0.4824766355140187,0.0,0.014018691588785047,0.0,14.399999999999999,0.0,85.6,0.0,261,261.0,risk_local_threshold,0.45,True
dapper,stable,111,100.0,1000,25.491345575881343,33.99942489704205,34.77294614292747,34.98882482505357,52.77932606666301,0.0,0.7264559107913696,0.7988751227250941,20975.0,20.975,20975.0,0.0,0.0,0.0,0.839,0.9916567342073898,0.5256257449344458,0.441,0.466030989272944,0.0,0.00834326579261025,0.0,16.1,0.0,83.89999999999999,0.0,276,276.0,risk_local_threshold,0.45,True
dapper,stable,112,100.0,1000,25.044635098675773,33.93678625080242,34.80594764992258,34.978994945141224,52.774438295965986,0.0,0.7245903067601731,0.7942867336915719,21700.0,21.7,21700.0,0.0,0.0,0.0,0.868,0.9919354838709677,0.5103686635944701,0.443,0.4815668202764977,0.0,0.008064516129032258,0.0,13.200000000000001,0.0,86.8,0.0,220,220.0,risk_local_threshold,0.45,True
dapper,stable,113,100.0,1000,24.924957379086543,33.92528008813723,34.852479041190236,34.99387303551587,50.565197370598845,0.0,0.725184772552611,0.7910288053494875,21600.0,21.6,21600.0,0.0,0.0,0.0,0.864,0.9826388888888888,0.48032407407407407,0.415,0.5023148148148148,0.0,0.017361111111111112,0.0,13.600000000000001,0.0,86.4,0.0,239,239.0,risk_local_threshold,0.45,True
dapper,stable,114,100.0,1000,25.128438548268,33.86993382489312,34.786318253661975,34.99771913787838,53.866453690073165,0.0,0.7237524930795687,0.7977940224588013,21900.0,21.9,21900.0,0.0,0.0,0.0,0.876,0.9908675799086758,0.5308219178082192,0.465,0.4600456621004566,0.0,0.0091324200913242,0.0,12.4,0.0,87.6,0.0,214,214.0,risk_local_threshold,0.45,True
dapper,stable,115,100.0,1000,25.094705607799348,34.162413089123824,34.74465384721523,34.970565607066455,51.94937303752475,0.0,0.7245886848920773,0.7944537871206474,21750.0,21.75,21750.0,0.0,0.0,0.0,0.87,0.9873563218390805,0.5011494252873563,0.436,0.4862068965517241,0.0,0.01264367816091954,0.0,13.0,0.0,87.0,0.0,219,219.0,risk_local_threshold,0.45,True
dapper,stable,116,100.0,1000,25.028301912688907,34.05041769477859,34.88445460350265,34.99403448766891,54.211607535281885,0.0,0.7244573126145593,0.798391101095973,21750.0,21.75,21750.0,0.0,0.0,0.0,0.87,0.9942528735632183,0.5448275862068965,0.474,0.4494252873563218,0.0,0.005747126436781609,0.0,13.0,0.0,87.0,0.0,221,221.0,risk_local_threshold,0.45,True
dapper,stable,117,100.0,1000,24.997182216762514,33.94211020128963,34.806950360419165,34.98156739475102,51.94396103000347,0.0,0.7238166310991714,0.7935256482510197,21850.0,21.85,21850.0,0.0,0.0,0.0,0.874,0.9862700228832952,0.4897025171624714,0.428,0.4965675057208238,0.0,0.013729977116704805,0.0,12.6,0.0,87.4,0.0,226,226.0,risk_local_threshold,0.45,True
dapper,stable,118,100.0,1000,25.026589048763064,34.146334679362305,34.835239525322194,34.964244111574146,52.20873167600773,0.0,0.7280528994609765,0.7960765304196257,21475.0,21.475,21475.0,0.0,0.0,0.0,0.859,0.9906868451688009,0.5075669383003493,0.436,0.4831199068684517,0.0,0.009313154831199068,0.0,14.099999999999998,0.0,85.9,0.0,244,244.0,risk_local_threshold,0.45,True
dapper,stable,119,100.0,1000,24.80107188012856,34.00280379558126,34.81754573602827,34.936826663719394,53.78667209236602,0.0,0.7243707963012889,0.799875204249307,21925.0,21.925,21925.0,0.0,0.0,0.0,0.877,0.9874572405929305,0.5324971493728621,0.467,0.4549600912200684,0.0,0.012542759407069556,0.0,12.3,0.0,87.7,0.0,228,228.0,risk_local_threshold,0.45,True
dapper,stable,120,100.0,1000,25.000139802139184,33.83887438020657,34.75482963071029,34.96519781982063,52.586658253654925,0.0,0.7247996031934949,0.7950348677637523,21800.0,21.8,21800.0,0.0,0.0,0.0,0.872,0.9839449541284404,0.5103211009174312,0.445,0.4736238532110092,0.0,0.016055045871559634,0.0,12.8,0.0,87.2,0.0,212,212.0,risk_local_threshold,0.45,True
dapper,stable,121,100.0,1000,24.870142370806825,34.08802278656587,34.79782372711737,34.96061084968983,51.218892289603616,0.0,0.7235062491591376,0.7917923991779289,21800.0,21.8,21800.0,0.0,0.0,0.0,0.872,0.9862385321100917,0.48394495412844035,0.422,0.5022935779816514,0.0,0.013761467889908258,0.0,12.8,0.0,87.2,0.0,219,219.0,risk_local_threshold,0.45,True
dapper,stable,122,100.0,1000,24.829111935230273,33.958468133447,34.74506049633189,34.924143640943036,53.271418624119164,0.0,0.7259117747422895,0.7982645293058339,21950.0,21.95,21950.0,0.0,0.0,0.0,0.878,0.9886104783599089,0.5148063781321185,0.452,0.47380410022779046,0.0,0.011389521640091117,0.0,12.2,0.0,87.8,0.0,200,200.0,risk_local_threshold,0.45,True
dapper,stable,123,100.0,1000,25.35470141463279,34.01400394209814,34.728637206489786,34.90743937957425,51.64158095400979,0.0,0.7231039957478556,0.7928850748486099,22225.0,22.225,22225.0,0.0,0.0,0.0,0.889,0.9820022497187851,0.4769403824521935,0.424,0.5050618672665916,0.0,0.01799775028121485,0.0,11.1,0.0,88.9,0.0,196,196.0,risk_local_threshold,0.45,True
dapper,stable,124,100.0,1000,25.00583269004324,34.03261405514325,34.80612955591713,34.95256595801938,50.8126236179597,0.0,0.7270004160651047,0.7942088997255117,21000.0,21.0,21000.0,0.0,0.0,0.0,0.84,0.9928571428571429,0.49642857142857144,0.417,0.49642857142857144,0.0,0.007142857142857143,0.0,16.0,0.0,84.0,0.0,280,280.0,risk_local_threshold,0.45,True
dapper,stable,125,100.0,1000,24.9867591189863,33.982185709447386,34.8021659840167,34.99165214842439,53.959249959158115,0.0,0.7268533605073024,0.7989657788847586,21650.0,21.65,21650.0,0.0,0.0,0.0,0.866,0.9919168591224018,0.5323325635103926,0.461,0.45958429561200925,0.0,0.008083140877598153,0.0,13.4,0.0,86.6,0.0,238,238.0,risk_local_threshold,0.45,True
dapper,stable,126,100.0,1000,24.628886386363657,33.70638744138536,34.672811784104226,34.983867296625746,53.134621864449656,0.0,0.726794351381784,0.8009463128693688,21175.0,21.175,21175.0,0.0,0.0,0.0,0.847,0.9881936245572609,0.5419126328217237,0.459,0.4462809917355372,0.0,0.011806375442739079,0.0,15.299999999999999,0.0,84.7,0.0,252,252.0,risk_local_threshold,0.45,True
dapper,stable,127,100.0,1000,25.164646066804526,34.17312143282042,34.80106095916998,34.970740898815485,54.30743225703345,0.0,0.7237258806201099,0.7969399991420358,22125.0,22.125,22125.0,0.0,0.0,0.0,0.885,0.9909604519774011,0.5276836158192091,0.467,0.4632768361581921,0.0,0.00903954802259887,0.0,11.5,0.0,88.5,0.0,207,207.0,risk_local_threshold,0.45,True
dapper,stable,128,100.0,1000,25.178185128090664,33.92859815320874,34.67968897440042,34.972660274630584,53.589153958153254,0.0,0.7271450910033325,0.7988558762020542,21425.0,21.425,21425.0,0.0,0.0,0.0,0.857,0.9836639439906651,0.5309218203033839,0.455,0.45274212368728123,0.0,0.01633605600933489,0.0,14.299999999999999,0.0,85.7,0.0,237,237.0,risk_local_threshold,0.45,True
dapper,stable,129,100.0,1000,25.217209562918274,34.07064808785484,34.83459462785327,34.9933571344785,53.065152250426124,0.0,0.722736266433297,0.7957788932941594,21825.0,21.825,21825.0,0.0,0.0,0.0,0.873,0.9896907216494846,0.5131729667812142,0.448,0.4765177548682703,0.0,0.010309278350515464,0.0,12.7,0.0,87.3,0.0,214,214.0,risk_local_threshold,0.45,True
dapper,congested,100,100.0,1000,24.824557271985057,33.928407620489025,34.77556075006328,34.97404020175507,24.824557271985057,0.0,0.7231225654703062,0.7231225654703062,0.0,0.0,0.0,0.004,0.004,0.0,0.0,0.0,0.0,0.0,0.0,0.0,0.0,0.0,99.6,0.0,0.0,0.4,8,8.0,risk_local_threshold,0.45,True
dapper,congested,101,100.0,1000,25.026673523971784,34.03466107987438,34.84243479054015,34.99327875607795,25.026673523971784,0.0,0.7239603822715144,0.7239603822715144,0.0,0.0,0.0,0.007,0.007,0.0,0.0,0.0,0.0,0.0,0.0,0.0,0.0,0.0,99.3,0.0,0.0,0.7000000000000001,12,12.0,risk_local_threshold,0.45,True
dapper,congested,102,100.0,1000,24.829712790777762,33.96479457393766,34.69588731781126,34.989536221406055,24.829712790777762,0.0,0.7270052366898776,0.7270052366898776,0.0,0.0,0.0,0.008,0.008,0.0,0.0,0.0,0.0,0.0,0.0,0.0,0.0,0.0,99.2,0.0,0.0,0.8,14,14.0,risk_local_threshold,0.45,True
dapper,congested,103,100.0,1000,24.892785643695664,34.09454856492267,34.78542999553827,34.985893217625524,24.892785643695664,0.0,0.7249187188165734,0.7249187188165734,0.0,0.0,0.0,0.006,0.006,0.0,0.0,0.0,0.0,0.0,0.0,0.0,0.0,0.0,99.4,0.0,0.0,0.6,12,12.0,risk_local_threshold,0.45,True
dapper,congested,104,100.0,1000,24.77796847513708,33.81394766067372,34.81048977789511,34.94578824107255,24.77796847513708,0.0,0.7272547943451833,0.7272547943451833,0.0,0.0,0.0,0.008,0.008,0.0,0.0,0.0,0.0,0.0,0.0,0.0,0.0,0.0,99.2,0.0,0.0,0.8,14,14.0,risk_local_threshold,0.45,True
dapper,congested,105,100.0,1000,24.677162661323955,34.007432758127685,34.86009343610894,34.98145078352877,24.677162661323955,0.0,0.7241646482306923,0.7241646482306923,25.0,0.025,25.0,0.008,0.008,0.0,0.001,1.0,0.0,0.0,1.0,0.0,0.0,0.0,99.1,0.0,0.1,0.8,14,14.0,risk_local_threshold,0.45,True
dapper,congested,106,100.0,1000,24.772684967250918,33.98450796903268,34.753821099438774,34.98979405154197,24.772684967250918,0.0,0.7262080408789683,0.7262080408789683,0.0,0.0,0.0,0.007,0.007,0.0,0.0,0.0,0.0,0.0,0.0,0.0,0.0,0.0,99.3,0.0,0.0,0.7000000000000001,8,8.0,risk_local_threshold,0.45,True
dapper,congested,107,100.0,1000,24.763848167260303,33.88426057014752,34.77470672268729,34.998762184541775,24.763848167260303,0.0,0.7257346306649486,0.7257346306649486,0.0,0.0,0.0,0.005,0.005,0.0,0.0,0.0,0.0,0.0,0.0,0.0,0.0,0.0,99.5,0.0,0.0,0.5,8,8.0,risk_local_threshold,0.45,True
dapper,congested,108,100.0,1000,24.953177155047733,33.943119032195405,34.814499351033405,34.99655745974279,24.953177155047733,0.0,0.7244295155267036,0.7244295155267036,0.0,0.0,0.0,0.008,0.008,0.0,0.0,0.0,0.0,0.0,0.0,0.0,0.0,0.0,99.2,0.0,0.0,0.8,14,14.0,risk_local_threshold,0.45,True
dapper,congested,109,100.0,1000,24.847059358357548,33.93181537323021,34.785030538309286,34.98925809716232,24.847059358357548,0.0,0.7234323551786083,0.7234323551786083,0.0,0.0,0.0,0.007,0.007,0.0,0.0,0.0,0.0,0.0,0.0,0.0,0.0,0.0,99.3,0.0,0.0,0.7000000000000001,10,10.0,risk_local_threshold,0.45,True
dapper,congested,110,100.0,1000,24.70223165713215,33.71973175922034,34.60151524624712,34.90888622322395,24.70223165713215,0.0,0.7246938266396346,0.7246938266396346,0.0,0.0,0.0,0.005,0.005,0.0,0.0,0.0,0.0,0.0,0.0,0.0,0.0,0.0,99.5,0.0,0.0,0.5,8,8.0,risk_local_threshold,0.45,True
dapper,congested,111,100.0,1000,24.94253826558974,33.995133250212476,34.74455155405684,34.96241421096305,24.94253826558974,0.0,0.7254545302713125,0.7254545302713125,0.0,0.0,0.0,0.008,0.008,0.0,0.0,0.0,0.0,0.0,0.0,0.0,0.0,0.0,99.2,0.0,0.0,0.8,14,14.0,risk_local_threshold,0.45,True
dapper,congested,112,100.0,1000,24.86963877249279,33.90095224371657,34.76580213455383,34.985906989642146,24.86963877249279,0.0,0.7266076329631779,0.7266076329631779,0.0,0.0,0.0,0.013,0.013,0.0,0.0,0.0,0.0,0.0,0.0,0.0,0.0,0.0,98.7,0.0,0.0,1.3,18,18.0,risk_local_threshold,0.45,True
dapper,congested,113,100.0,1000,24.72292431672843,33.938019364553725,34.77247181035648,34.98424994294581,24.72292431672843,0.0,0.7265134749764945,0.7265134749764945,0.0,0.0,0.0,0.007,0.007,0.0,0.0,0.0,0.0,0.0,0.0,0.0,0.0,0.0,99.3,0.0,0.0,0.7000000000000001,12,12.0,risk_local_threshold,0.45,True
dapper,congested,114,100.0,1000,24.915906991902833,33.99518413696301,34.87476614646897,34.96282987218834,24.915906991902833,0.0,0.7286233928366593,0.7286233928366593,0.0,0.0,0.0,0.008,0.008,0.0,0.0,0.0,0.0,0.0,0.0,0.0,0.0,0.0,99.2,0.0,0.0,0.8,10,10.0,risk_local_threshold,0.45,True
dapper,congested,115,100.0,1000,25.085740611498316,34.01033183391731,34.751795785617006,34.96593743598228,25.085740611498316,0.0,0.722824442674691,0.722824442674691,0.0,0.0,0.0,0.006,0.006,0.0,0.0,0.0,0.0,0.0,0.0,0.0,0.0,0.0,99.4,0.0,0.0,0.6,10,10.0,risk_local_threshold,0.45,True
dapper,congested,116,100.0,1000,25.324934204252145,33.95730249293956,34.77240430108412,34.9771698353159,25.324934204252145,0.0,0.7260315559209485,0.7260315559209485,0.0,0.0,0.0,0.008,0.008,0.0,0.0,0.0,0.0,0.0,0.0,0.0,0.0,0.0,99.2,0.0,0.0,0.8,16,16.0,risk_local_threshold,0.45,True
dapper,congested,117,100.0,1000,24.38620885543388,33.706919736517364,34.66361864084976,34.994340946660934,24.38620885543388,0.0,0.7253330615138619,0.7253330615138619,25.0,0.025,25.0,0.008,0.008,0.0,0.001,1.0,0.0,0.0,1.0,0.0,0.0,0.0,99.1,0.0,0.1,0.8,18,18.0,risk_local_threshold,0.45,True
dapper,congested,118,100.0,1000,25.01023416650803,34.01490807545646,34.75940662114508,34.968506891824205,25.01023416650803,0.0,0.7268033495517163,0.7268033495517163,0.0,0.0,0.0,0.007,0.007,0.0,0.0,0.0,0.0,0.0,0.0,0.0,0.0,0.0,99.3,0.0,0.0,0.7000000000000001,12,12.0,risk_local_threshold,0.45,True
dapper,congested,119,100.0,1000,25.237974362405513,33.930297923071485,34.79939395844596,34.97944595589328,25.237974362405513,0.0,0.7235998627315303,0.7235998627315303,0.0,0.0,0.0,0.005,0.005,0.0,0.0,0.0,0.0,0.0,0.0,0.0,0.0,0.0,99.5,0.0,0.0,0.5,8,8.0,risk_local_threshold,0.45,True
dapper,congested,120,100.0,1000,24.770729236686982,33.99634834863332,34.78821886321599,34.985958566309606,24.770729236686982,0.0,0.724149083598059,0.724149083598059,0.0,0.0,0.0,0.008,0.008,0.0,0.0,0.0,0.0,0.0,0.0,0.0,0.0,0.0,99.2,0.0,0.0,0.8,16,16.0,risk_local_threshold,0.45,True
dapper,congested,121,100.0,1000,24.670024513531853,33.750343569648706,34.75280697328194,34.996277370025744,24.670024513531853,0.0,0.7242193034879331,0.7242193034879331,0.0,0.0,0.0,0.006,0.006,0.0,0.0,0.0,0.0,0.0,0.0,0.0,0.0,0.0,99.4,0.0,0.0,0.6,10,10.0,risk_local_threshold,0.45,True
dapper,congested,122,100.0,1000,24.53787182490916,33.83751458842038,34.770700984913006,34.91653465760954,24.53787182490916,0.0,0.726925307989091,0.726925307989091,0.0,0.0,0.0,0.013,0.013,0.0,0.0,0.0,0.0,0.0,0.0,0.0,0.0,0.0,98.7,0.0,0.0,1.3,14,14.0,risk_local_threshold,0.45,True
dapper,congested,123,100.0,1000,24.972968667791022,34.0068905091913,34.771507219222585,34.98883073588995,24.972968667791022,0.0,0.7231981737549722,0.7231981737549722,0.0,0.0,0.0,0.002,0.002,0.0,0.0,0.0,0.0,0.0,0.0,0.0,0.0,0.0,99.8,0.0,0.0,0.2,4,4.0,risk_local_threshold,0.45,True
dapper,congested,124,100.0,1000,24.68398444976012,33.74309287533703,34.66363593071505,34.94326242767353,24.68398444976012,0.0,0.7246698111318651,0.7246698111318651,0.0,0.0,0.0,0.006,0.006,0.0,0.0,0.0,0.0,0.0,0.0,0.0,0.0,0.0,99.4,0.0,0.0,0.6,10,10.0,risk_local_threshold,0.45,True
dapper,congested,125,100.0,1000,24.725669553063664,34.05786747219948,34.83418763630404,34.99974319601896,24.725669553063664,0.0,0.7228975062228786,0.7228975062228786,25.0,0.025,25.0,0.012,0.012,0.0,0.001,1.0,0.0,0.0,1.0,0.0,0.0,0.0,98.7,0.0,0.1,1.2,16,16.0,risk_local_threshold,0.45,True
dapper,congested,126,100.0,1000,24.961010734873252,33.97988585528562,34.774114294105054,34.99086328598782,24.961010734873252,0.0,0.7258907807888281,0.7258907807888281,0.0,0.0,0.0,0.002,0.002,0.0,0.0,0.0,0.0,0.0,0.0,0.0,0.0,0.0,99.8,0.0,0.0,0.2,4,4.0,risk_local_threshold,0.45,True
dapper,congested,127,100.0,1000,24.79915459305446,33.97839515917549,34.71031183612322,34.99801668883106,24.79915459305446,0.0,0.7241769809830646,0.7241769809830646,0.0,0.0,0.0,0.01,0.01,0.0,0.0,0.0,0.0,0.0,0.0,0.0,0.0,0.0,99.0,0.0,0.0,1.0,18,18.0,risk_local_threshold,0.45,True
dapper,congested,128,100.0,1000,24.671514882986425,34.08647701991846,34.783499539553866,34.99302751306131,24.671514882986425,0.0,0.72324842617587,0.72324842617587,0.0,0.0,0.0,0.008,0.008,0.0,0.0,0.0,0.0,0.0,0.0,0.0,0.0,0.0,99.2,0.0,0.0,0.8,12,12.0,risk_local_threshold,0.45,True
dapper,congested,129,100.0,1000,24.599702966215787,33.90591045177916,34.77957296022762,34.981958638619645,24.599702966215787,0.0,0.7227863941222297,0.7227863941222297,0.0,0.0,0.0,0.013,0.013,0.0,0.0,0.0,0.0,0.0,0.0,0.0,0.0,0.0,98.7,0.0,0.0,1.3,20,20.0,risk_local_threshold,0.45,True
dapper,lossy,100,100.0,1000,25.284238375351617,34.04718924628941,34.84826155800029,34.98907189172226,31.857325313088005,0.0,0.7261089761349956,0.7418683904352356,18000.0,18.0,18000.0,0.0,0.0,0.0,0.72,0.8111111111111111,0.13055555555555556,0.094,0.6805555555555556,0.0,0.18888888888888888,0.0,28.000000000000004,0.0,72.0,0.0,364,364.0,risk_local_threshold,0.45,True
dapper,lossy,101,100.0,1000,25.059527190349893,34.120642165867906,34.8265496982896,34.99538718567808,31.68360404093288,0.0,0.7233638220296621,0.7383227658545507,17675.0,17.675,17675.0,0.0,0.0,0.0,0.707,0.8330975954738331,0.13295615275813297,0.094,0.7001414427157001,0.0,0.1669024045261669,0.0,29.299999999999997,0.0,70.7,0.0,366,366.0,risk_local_threshold,0.45,True
dapper,lossy,102,100.0,1000,24.993003502753638,33.78557770295638,34.81151542684563,34.990087052311324,30.926238985640797,0.0,0.7247993890094673,0.7385327568542848,17225.0,17.225,17225.0,0.0,0.0,0.0,0.689,0.8113207547169812,0.12336719883889695,0.085,0.6879535558780842,0.0,0.18867924528301888,0.0,31.1,0.0,68.89999999999999,0.0,390,390.0,risk_local_threshold,0.45,True
dapper,lossy,103,100.0,1000,25.072925546868568,34.23372242321619,34.794279965090745,34.9768308072483,32.53725996440561,0.0,0.7255664298957895,0.7431153918263849,18675.0,18.675,18675.0,0.0,0.0,0.0,0.747,0.7991967871485943,0.14457831325301204,0.108,0.6546184738955824,0.0,0.20080321285140562,0.0,25.3,0.0,74.7,0.0,340,340.0,risk_local_threshold,0.45,True
dapper,lossy,104,100.0,1000,24.952721574773207,33.7641107522445,34.821547122134376,34.99174516374082,32.954498342235674,0.0,0.725270205207262,0.7428455742749839,18200.0,18.2,18200.0,0.0,0.0,0.0,0.728,0.8063186813186813,0.15796703296703296,0.115,0.6483516483516484,0.0,0.1936813186813187,0.0,27.200000000000003,0.0,72.8,0.0,362,362.0,risk_local_threshold,0.45,True
dapper,lossy,105,100.0,1000,25.095152971928933,33.826524025580916,34.67873591147265,34.99594666457182,31.650482579457197,0.0,0.7248747477212536,0.7392192203397958,18825.0,18.825,18825.0,0.0,0.0,0.0,0.753,0.8273572377158035,0.12350597609561753,0.093,0.703851261620186,0.0,0.17264276228419656,0.0,24.7,0.0,75.3,0.0,344,344.0,risk_local_threshold,0.45,True
dapper,lossy,106,100.0,1000,24.856568122610433,33.832964597231225,34.72189143706977,34.99784375073101,31.50890321788417,0.0,0.7235813767870335,0.7392206310961336,17800.0,17.8,17800.0,0.0,0.0,0.0,0.712,0.8539325842696629,0.13342696629213482,0.095,0.7205056179775281,0.0,0.14606741573033707,0.0,28.799999999999997,0.0,71.2,0.0,389,389.0,risk_local_threshold,0.45,True
dapper,lossy,107,100.0,1000,24.68158080592215,34.00414573371424,34.83973190471446,34.99325658145116,31.19660512918917,0.0,0.7241940517114336,0.7388308468489646,18025.0,18.025,18025.0,0.0,0.0,0.0,0.721,0.8099861303744799,0.1276005547850208,0.092,0.6823855755894591,0.0,0.1900138696255201,0.0,27.900000000000002,0.0,72.1,0.0,354,354.0,risk_local_threshold,0.45,True
dapper,lossy,108,100.0,1000,25.047265262517854,34.05795037600457,34.73288919337191,34.96757252768798,31.073612955374518,0.0,0.7235643813542582,0.7373909269007133,18325.0,18.325,18325.0,0.0,0.0,0.0,0.733,0.810368349249659,0.11732605729877217,0.086,0.6930422919508867,0.0,0.18963165075034105,0.0,26.700000000000003,0.0,73.3,0.0,364,364.0,risk_local_threshold,0.45,True
dapper,lossy,109,100.0,1000,24.775139056545807,34.049418286887835,34.7919194149339,34.94624843509132,31.96287960801317,0.0,0.7212325912059436,0.7383365724449257,18500.0,18.5,18500.0,0.0,0.0,0.0,0.74,0.827027027027027,0.13783783783783785,0.102,0.6891891891891891,0.0,0.17297297297297298,0.0,26.0,0.0,74.0,0.0,324,324.0,risk_local_threshold,0.45,True
dapper,lossy,110,100.0,1000,25.004520730247734,33.8683404853258,34.86997539103268,34.98456857838196,32.44878696120915,0.0,0.7268739784421301,0.7433964854715304,17950.0,17.95,17950.0,0.0,0.0,0.0,0.718,0.7813370473537604,0.14623955431754876,0.105,0.6350974930362117,0.0,0.21866295264623956,0.0,28.199999999999996,0.0,71.8,0.0,380,380.0,risk_local_threshold,0.45,True
dapper,lossy,111,100.0,1000,24.90307640535743,34.14835345167596,34.756755348825656,34.981698697795565,31.661618369672937,0.0,0.7248703254305311,0.7398456220643752,18200.0,18.2,18200.0,0.0,0.0,0.0,0.728,0.8008241758241759,0.1346153846153846,0.098,0.6662087912087912,0.0,0.19917582417582416,0.0,27.200000000000003,0.0,72.8,0.0,341,341.0,risk_local_threshold,0.45,True
dapper,lossy,112,100.0,1000,24.956367632930085,34.151123089835,34.870234716853815,34.962158450180866,32.0743115042331,0.0,0.7253954496233768,0.7418527868840668,18175.0,18.175,18175.0,0.0,0.0,0.0,0.727,0.797799174690509,0.14167812929848694,0.103,0.656121045392022,0.0,0.20220082530949107,0.0,27.3,0.0,72.7,0.0,342,342.0,risk_local_threshold,0.45,True
dapper,lossy,113,100.0,1000,25.11573781751927,34.14436127878192,34.867885766711,34.99782157537433,31.685721930267743,0.0,0.7254462125679975,0.7402162266401762,18625.0,18.625,18625.0,0.0,0.0,0.0,0.745,0.8053691275167785,0.1261744966442953,0.094,0.6791946308724832,0.0,0.19463087248322147,0.0,25.5,0.0,74.5,0.0,367,367.0,risk_local_threshold,0.45,True
dapper,lossy,114,100.0,1000,25.05695156474369,34.026649628584615,34.857774174382406,34.983091762156874,31.76472240386522,0.0,0.72440817275247,0.7393453718347903,17675.0,17.675,17675.0,0.0,0.0,0.0,0.707,0.8076379066478077,0.1371994342291372,0.097,0.6704384724186704,0.0,0.19236209335219237,0.0,29.299999999999997,0.0,70.7,0.0,359,359.0,risk_local_threshold,0.45,True
dapper,lossy,115,100.0,1000,24.76252752899427,34.140208891814694,34.85306689119638,34.992962372181864,31.597060228847266,0.0,0.7251726691219196,0.7398453016431278,17850.0,17.85,17850.0,0.0,0.0,0.0,0.714,0.7969187675070029,0.13725490196078433,0.098,0.6596638655462185,0.0,0.2030812324929972,0.0,28.599999999999998,0.0,71.39999999999999,0.0,380,380.0,risk_local_threshold,0.45,True
dapper,lossy,116,100.0,1000,24.951356764470432,33.914227978461774,34.857265543400885,34.99525986411179,32.60167100412868,0.0,0.7243445892890008,0.7428840823811076,17975.0,17.975,17975.0,0.0,0.0,0.0,0.719,0.8344923504867872,0.15577190542420027,0.112,0.6787204450625869,0.0,0.16550764951321278,0.0,28.1,0.0,71.89999999999999,0.0,382,382.0,risk_local_threshold,0.45,True
dapper,lossy,117,100.0,1000,25.037129912861214,33.9567672696681,34.764351269100246,34.996388970755305,30.05768402831528,0.0,0.726073452957747,0.7373350959476548,17900.0,17.9,17900.0,0.0,0.0,0.0,0.716,0.7988826815642458,0.1005586592178771,0.072,0.6983240223463687,0.0,0.2011173184357542,0.0,28.4,0.0,71.6,0.0,378,378.0,risk_local_threshold,0.45,True
dapper,lossy,118,100.0,1000,24.83203368389728,33.86314293776527,34.704566823658226,34.94197590424748,31.59642683182519,0.0,0.7277094589160901,0.742481456687588,17425.0,17.425,17425.0,0.0,0.0,0.0,0.697,0.8335724533715926,0.13916786226685796,0.097,0.6944045911047346,0.0,0.16642754662840745,0.0,30.3,0.0,69.69999999999999,0.0,402,402.0,risk_local_threshold,0.45,True
dapper,lossy,119,100.0,1000,25.22380561542694,34.16353447898527,34.88856396573517,34.993426719837316,32.113435816803424,0.0,0.72570145608929,0.7415107092676313,18600.0,18.6,18600.0,0.0,0.0,0.0,0.744,0.8198924731182796,0.13440860215053763,0.1,0.6854838709677419,0.0,0.18010752688172044,0.0,25.6,0.0,74.4,0.0,342,342.0,risk_local_threshold,0.45,True
dapper,lossy,120,100.0,1000,24.94356883456326,33.94762430607923,34.82126839451995,34.99480299428936,31.257672307205212,0.0,0.7242446744200584,0.7384825033900047,18075.0,18.075,18075.0,0.0,0.0,0.0,0.723,0.7980636237897649,0.12448132780082988,0.09,0.673582295988935,0.0,0.20193637621023514,0.0,27.700000000000003,0.0,72.3,0.0,366,366.0,risk_local_threshold,0.45,True
dapper,lossy,121,100.0,1000,24.890186762682326,33.9509837447526,34.75636721943252,34.9865485323475,32.77353024549474,0.0,0.7226738180182367,0.7410438719949963,18675.0,18.675,18675.0,0.0,0.0,0.0,0.747,0.821954484605087,0.1499330655957162,0.112,0.6720214190093708,0.0,0.17804551539491298,0.0,25.3,0.0,74.7,0.0,339,339.0,risk_local_threshold,0.45,True
dapper,lossy,122,100.0,1000,25.08579289471596,34.07524967583675,34.72465675884838,34.92311681265087,31.763246506243785,0.0,0.7253656451784852,0.7408740543618451,18550.0,18.55,18550.0,0.0,0.0,0.0,0.742,0.7951482479784366,0.1280323450134771,0.095,0.6671159029649596,0.0,0.20485175202156333,0.0,25.8,0.0,74.2,0.0,330,330.0,risk_local_threshold,0.45,True
dapper,lossy,123,100.0,1000,24.817178107343594,33.97858252982191,34.71884738710505,34.9640180768012,32.29314773222189,0.0,0.725177200048534,0.7433974475207357,17875.0,17.875,17875.0,0.0,0.0,0.0,0.715,0.8055944055944056,0.15244755244755245,0.109,0.6531468531468532,0.0,0.1944055944055944,0.0,28.499999999999996,0.0,71.5,0.0,380,380.0,risk_local_threshold,0.45,True
dapper,lossy,124,100.0,1000,25.144076835710404,34.0084817041087,34.82162623829404,34.999930978152555,33.825274803426076,0.0,0.7252006399861742,0.7459351026481479,18725.0,18.725,18725.0,0.0,0.0,0.0,0.749,0.835781041388518,0.16688918558077437,0.125,0.6688918558077437,0.0,0.16421895861148197,0.0,25.1,0.0,74.9,0.0,362,362.0,risk_local_threshold,0.45,True
dapper,lossy,125,100.0,1000,25.290207315525716,34.07810779324134,34.85987931432081,34.99675173862079,31.822242841358705,0.0,0.725008358044021,0.7393774547547449,17300.0,17.3,17300.0,0.0,0.0,0.0,0.692,0.8078034682080925,0.13872832369942195,0.096,0.6690751445086706,0.0,0.19219653179190752,0.0,30.8,0.0,69.19999999999999,0.0,374,374.0,risk_local_threshold,0.45,True
dapper,lossy,126,100.0,1000,25.012306557377276,34.01851118868758,34.87231873366858,34.99707928007821,32.11656113797526,0.0,0.7223553858756083,0.7383183297008713,18375.0,18.375,18375.0,0.0,0.0,0.0,0.735,0.8204081632653061,0.13877551020408163,0.102,0.6816326530612244,0.0,0.17959183673469387,0.0,26.5,0.0,73.5,0.0,354,354.0,risk_local_threshold,0.45,True
dapper,lossy,127,100.0,1000,24.933813775828348,34.03862120823819,34.851014551058256,34.985303846764054,32.69662669143229,0.0,0.7254720911704587,0.7435683780371112,18100.0,18.1,18100.0,0.0,0.0,0.0,0.724,0.7720994475138122,0.15469613259668508,0.112,0.6174033149171271,0.0,0.22790055248618785,0.0,27.6,0.0,72.39999999999999,0.0,373,373.0,risk_local_threshold,0.45,True
dapper,lossy,128,100.0,1000,25.361525346794913,34.112832194106765,34.722796126768856,34.99638466136344,32.25036818382081,0.0,0.7258146565752936,0.7414867988063029,17775.0,17.775,17775.0,0.0,0.0,0.0,0.711,0.8270042194092827,0.1420534458509142,0.101,0.6849507735583685,0.0,0.1729957805907173,0.0,28.9,0.0,71.1,0.0,399,399.0,risk_local_threshold,0.45,True
dapper,lossy,129,100.0,1000,24.956002553810663,34.060395492680186,34.85750602439408,34.980831653703675,31.49496513929532,0.0,0.7240405957959037,0.7388445901022926,18725.0,18.725,18725.0,0.0,0.0,0.0,0.749,0.8130841121495327,0.12550066755674233,0.094,0.6875834445927904,0.0,0.18691588785046728,0.0,25.1,0.0,74.9,0.0,351,351.0,risk_local_threshold,0.45,True
dapper,variable,100,100.0,1000,19.847097399190012,33.61420558459003,34.76027410675784,34.95054826151675,21.97468170885308,0.0,0.7259116438296801,0.7309100495998946,5375.0,5.375,5375.0,0.284,0.216,0.0,0.215,0.9116279069767442,0.15348837209302327,0.033,0.7581395348837209,0.0,0.08837209302325581,0.0,56.89999999999999,0.0,21.5,21.6,342,342.0,risk_local_threshold,0.45,True
dapper,variable,101,100.0,1000,19.873228370530978,33.51859359353788,34.716729365681125,34.99816501848515,22.429717590864318,0.0,0.7275598148950951,0.7338505135735993,6025.0,6.025,6025.0,0.256,0.2,0.0,0.241,0.9294605809128631,0.15767634854771784,0.038,0.7717842323651453,0.0,0.07053941908713693,0.0,55.900000000000006,0.0,24.099999999999998,20.0,331,331.0,risk_local_threshold,0.45,True
dapper,variable,102,100.0,1000,21.725835154751234,33.952084801243224,34.85412725538718,34.995332379528136,24.55018827202417,0.0,0.7253923428217819,0.7325011631642455,6075.0,6.075,6075.0,0.167,0.131,0.0,0.243,0.9012345679012346,0.1728395061728395,0.042,0.7283950617283951,0.0,0.09876543209876543,0.0,62.6,0.0,24.3,13.100000000000001,304,304.0,risk_local_threshold,0.45,True
dapper,variable,103,100.0,1000,19.512093113412188,33.581179869308166,34.6745142049723,34.99051342908312,21.536858533775952,0.0,0.7264145780785138,0.7316018841146493,5975.0,5.975,5975.0,0.315,0.239,0.0,0.239,0.9079497907949791,0.12552301255230125,0.03,0.7824267782426778,0.0,0.09205020920502092,0.0,52.2,0.0,23.9,23.9,358,358.0,risk_local_threshold,0.45,True
dapper,variable,104,100.0,1000,21.518439904160722,33.92297556550541,34.71580596411837,34.944614204784195,24.19286560109536,0.0,0.727405744674525,0.7335000817049102,5675.0,5.675,5675.0,0.187,0.143,0.0,0.227,0.920704845814978,0.1762114537444934,0.04,0.7444933920704846,0.0,0.07929515418502203,0.0,63.0,0.0,22.7,14.299999999999999,297,297.0,risk_local_threshold,0.45,True
dapper,variable,105,100.0,1000,20.409246302565197,33.52133876628223,34.7773651787171,34.98077376103997,23.376413958481,0.0,0.726150768098847,0.7330994621409599,6100.0,6.1,6100.0,0.238,0.184,0.0,0.244,0.9467213114754098,0.1762295081967213,0.043,0.7704918032786885,0.0,0.05327868852459016,0.0,57.199999999999996,0.0,24.4,18.4,334,334.0,risk_local_threshold,0.45,True
dapper,variable,106,100.0,1000,21.59372391817589,33.5305156645498,34.67586933903363,34.993851868805095,24.22464112131524,0.0,0.7255234671581106,0.7321782081483472,5525.0,5.525,5525.0,0.175,0.136,0.0,0.221,0.9366515837104072,0.18099547511312217,0.04,0.755656108597285,0.0,0.06334841628959276,0.0,64.3,0.0,22.1,13.600000000000001,290,290.0,risk_local_threshold,0.45,True
dapper,variable,107,100.0,1000,20.056441701403287,33.56666120695883,34.6268453225655,34.98148819897819,22.290948278842663,0.0,0.7240116849833446,0.729203334796121,4925.0,4.925,4925.0,0.261,0.201,0.0,0.197,0.9137055837563451,0.16751269035532995,0.033,0.7461928934010152,0.0,0.08629441624365482,0.0,60.199999999999996,0.0,19.7,20.1,301,301.0,risk_local_threshold,0.45,True
dapper,variable,108,100.0,1000,20.480881005394448,33.99159903353784,34.77692101060002,34.94872090187498,23.301428970536026,0.0,0.7260048286422379,0.7332002127738215,6000.0,6.0,6000.0,0.26,0.196,0.0,0.24,0.925,0.175,0.042,0.75,0.0,0.075,0.0,56.39999999999999,0.0,24.0,19.6,334,334.0,risk_local_threshold,0.45,True
dapper,variable,109,100.0,1000,21.210997956041414,33.76823065319891,34.76110730262953,34.98660651522982,23.060011675214664,0.0,0.7239038673745836,0.7281507289543079,5375.0,5.375,5375.0,0.203,0.156,0.0,0.215,0.9348837209302325,0.12558139534883722,0.027,0.8093023255813954,0.0,0.06511627906976744,0.0,62.9,0.0,21.5,15.6,311,311.0,risk_local_threshold,0.45,True
dapper,variable,110,100.0,1000,20.982663888093814,33.908831310824965,34.67822534775889,34.98146709760653,22.85841796982215,0.0,0.7252583766377324,0.7294279576298566,5500.0,5.5,5500.0,0.226,0.171,0.0,0.22,0.9181818181818182,0.12727272727272726,0.028,0.7909090909090909,0.0,0.08181818181818182,0.0,60.9,0.0,22.0,17.1,315,315.0,risk_local_threshold,0.45,True
dapper,variable,111,100.0,1000,21.15036747714493,33.79838354481562,34.723349040720166,34.97684653932659,23.898246545335653,0.0,0.7257443855359366,0.7321232698987364,6050.0,6.05,6050.0,0.216,0.166,0.0,0.242,0.9297520661157025,0.16942148760330578,0.041,0.7603305785123967,0.0,0.07024793388429752,0.0,59.199999999999996,0.0,24.2,16.6,312,312.0,risk_local_threshold,0.45,True
dapper,variable,112,100.0,1000,21.078172240720427,34.0565418294024,34.79412676903375,34.95854802039493,24.212262504548903,0.0,0.728773769620013,0.7356621447394286,6425.0,6.425,6425.0,0.215,0.162,0.0,0.257,0.9455252918287937,0.17898832684824903,0.046,0.7665369649805448,0.0,0.054474708171206226,0.0,58.099999999999994,0.0,25.7,16.2,324,324.0,risk_local_threshold,0.45,True
dapper,variable,113,100.0,1000,21.273906223598555,33.57682626381407,34.78843892853948,34.96829040868747,22.896912929005918,0.0,0.7263068757945752,0.7298801650003229,5800.0,5.8,5800.0,0.197,0.15,0.0,0.232,0.9396551724137931,0.10344827586206896,0.024,0.8362068965517241,0.0,0.0603448275862069,0.0,61.8,0.0,23.200000000000003,15.0,301,301.0,risk_local_threshold,0.45,True
dapper,variable,114,100.0,1000,19.651478679764644,33.53883646549626,34.61117657596823,34.99588156157893,21.80082481738994,0.0,0.7222741502329159,0.7272650507331792,4450.0,4.45,4450.0,0.266,0.205,0.0,0.178,0.9044943820224719,0.1797752808988764,0.032,0.7247191011235955,0.0,0.09550561797752809,0.0,61.7,0.0,17.8,20.5,333,333.0,risk_local_threshold,0.45,True
dapper,variable,115,100.0,1000,21.45827282696581,33.34691437699113,34.626745067103904,34.87718954629805,24.548942824019623,0.0,0.7230935571850724,0.7305974128658156,5350.0,5.35,5350.0,0.176,0.137,0.0,0.214,0.9065420560747663,0.2102803738317757,0.045,0.6962616822429907,0.0,0.09345794392523364,0.0,64.9,0.0,21.4,13.700000000000001,290,290.0,risk_local_threshold,0.45,True
dapper,variable,116,100.0,1000,20.840460970931165,33.98344969197258,34.76841725790863,34.94714462527301,22.676296011280233,0.0,0.7289372186607409,0.7337824041177154,4900.0,4.9,4900.0,0.239,0.184,0.0,0.196,0.9336734693877551,0.1377551020408163,0.027,0.7959183673469388,0.0,0.0663265306122449,0.0,62.0,0.0,19.6,18.4,294,294.0,risk_local_threshold,0.45,True
dapper,variable,117,100.0,1000,22.76021868961211,34.240173789397694,34.82080355680936,34.990866631104254,24.340232113684532,0.0,0.7236897900442029,0.7274013833791875,6150.0,6.15,6150.0,0.132,0.1,0.0,0.246,0.9146341463414634,0.09349593495934959,0.023,0.8211382113821138,0.0,0.08536585365853659,0.0,65.4,0.0,24.6,10.0,296,296.0,risk_local_threshold,0.45,True
dapper,variable,118,100.0,1000,21.19990772515089,33.5101571170854,34.37942051281876,34.868091607089696,24.795661088368785,0.0,0.7251742139285398,0.7332718839678496,6650.0,6.65,6650.0,0.193,0.148,0.0,0.266,0.9323308270676691,0.19548872180451127,0.052,0.7368421052631579,0.0,0.06766917293233082,0.0,58.599999999999994,0.0,26.6,14.799999999999999,320,320.0,risk_local_threshold,0.45,True
dapper,variable,119,100.0,1000,20.98980792595105,33.65904383541709,34.57959716197339,34.99635852821138,23.759955843587026,0.0,0.7248011782863056,0.731759718303051,5900.0,5.9,5900.0,0.218,0.166,0.0,0.236,0.9279661016949152,0.17372881355932204,0.041,0.7542372881355932,0.0,0.07203389830508475,0.0,59.8,0.0,23.599999999999998,16.6,303,303.0,risk_local_threshold,0.45,True
dapper,variable,120,100.0,1000,21.637219680970638,33.96526001626422,34.71258654891299,34.99491157025027,24.157473320400253,0.0,0.7236256274039456,0.7299055176505913,7075.0,7.075,7075.0,0.179,0.134,0.0,0.283,0.9399293286219081,0.13074204946996468,0.037,0.8091872791519434,0.0,0.06007067137809187,0.0,58.3,0.0,28.299999999999997,13.4,319,319.0,risk_local_threshold,0.45,True
dapper,variable,121,100.0,1000,20.769854338698046,33.76407787463392,34.80089032279628,34.994688323129196,24.68125200719413,0.0,0.7246801812954811,0.7345887093906228,6775.0,6.775,6775.0,0.217,0.168,0.0,0.271,0.948339483394834,0.2140221402214022,0.058,0.7343173431734318,0.0,0.05166051660516605,0.0,56.10000000000001,0.0,27.1,16.8,311,311.0,risk_local_threshold,0.45,True
dapper,variable,122,100.0,1000,21.13175821444513,33.694416258508085,34.631522901173106,34.97317679379236,24.23120819446242,0.0,0.727101792089757,0.7340206501603544,5650.0,5.65,5650.0,0.197,0.151,0.0,0.226,0.9557522123893806,0.19911504424778761,0.045,0.7566371681415929,0.0,0.04424778761061947,0.0,62.3,0.0,22.6,15.1,312,312.0,risk_local_threshold,0.45,True
dapper,variable,123,100.0,1000,21.09321361110236,33.79103353765298,34.79488657343286,34.98222422308634,23.181419503996473,0.0,0.7282104611957531,0.7339684088091011,5550.0,5.55,5550.0,0.215,0.164,0.0,0.222,0.9369369369369369,0.14414414414414414,0.032,0.7927927927927928,0.0,0.06306306306306306,0.0,61.4,0.0,22.2,16.400000000000002,318,318.0,risk_local_threshold,0.45,True
dapper,variable,124,100.0,1000,21.732988484636902,33.61582768332837,34.67732058291188,34.996246009129095,23.750766552712175,0.0,0.7242599698219147,0.7290090601287487,6700.0,6.7,6700.0,0.169,0.132,0.0,0.268,0.8955223880597015,0.11194029850746269,0.03,0.7835820895522388,0.0,0.1044776119402985,0.0,60.0,0.0,26.8,13.200000000000001,338,338.0,risk_local_threshold,0.45,True
dapper,variable,125,100.0,1000,20.769788307085673,33.55572104656107,34.7780426012565,34.94952031560075,23.64318483654006,0.0,0.7246252838037862,0.7310543455649272,5925.0,5.925,5925.0,0.222,0.17,0.0,0.237,0.9409282700421941,0.17721518987341772,0.042,0.7637130801687764,0.0,0.05907172995780591,0.0,59.3,0.0,23.7,17.0,320,320.0,risk_local_threshold,0.45,True
dapper,variable,126,100.0,1000,21.1478810158433,33.75159446968112,34.720173914570076,34.997585709381326,23.72466143080774,0.0,0.730137150017489,0.7363161985328225,5775.0,5.775,5775.0,0.21,0.163,0.0,0.231,0.9307359307359307,0.16883116883116883,0.039,0.7619047619047619,0.0,0.06926406926406926,0.0,60.6,0.0,23.1,16.3,315,315.0,risk_local_threshold,0.45,True
dapper,variable,127,100.0,1000,20.660215773075464,34.01155392391131,34.710521322396545,34.9805264786951,22.9640357303438,0.0,0.7254115546748069,0.7311096624471685,5750.0,5.75,5750.0,0.245,0.187,0.0,0.23,0.9521739130434783,0.14347826086956522,0.033,0.808695652173913,0.0,0.04782608695652174,0.0,58.3,0.0,23.0,18.7,329,329.0,risk_local_threshold,0.45,True
dapper,variable,128,100.0,1000,19.588881490818014,33.63444553862527,34.724924465655434,34.96530254190218,21.60420490748735,0.0,0.7261101277963585,0.7302212879187465,4475.0,4.475,4475.0,0.278,0.214,0.0,0.179,0.9162011173184358,0.16201117318435754,0.029,0.7541899441340782,0.0,0.08379888268156424,0.0,60.699999999999996,0.0,17.9,21.4,299,299.0,risk_local_threshold,0.45,True
dapper,variable,129,100.0,1000,21.009790891695804,33.95183803633796,34.77333674805944,34.967648156933706,23.06959798697679,0.0,0.7216296347896245,0.7265740112000998,5425.0,5.425,5425.0,0.227,0.175,0.0,0.217,0.9447004608294931,0.14746543778801843,0.032,0.7972350230414746,0.0,0.055299539170506916,0.0,60.8,0.0,21.7,17.5,312,312.0,risk_local_threshold,0.45,True
dapper,outage,100,100.0,1000,7.390958833110617,31.53222247776869,33.92161243264051,34.99545577037872,7.390958833110617,0.0,0.7256162643603677,0.7256162643603677,0.0,0.0,0.0,1.0,0.735,0.0,0.0,0.0,0.0,0.0,0.0,0.0,0.0,0.0,22.6,0.0,0.0,77.4,422,422.0,risk_local_threshold,0.45,True
dapper,outage,101,100.0,1000,7.394054329988902,31.520563490832846,34.26171430265933,34.94450915915627,7.394054329988902,0.0,0.7269702216094329,0.7269702216094329,0.0,0.0,0.0,1.0,0.736,0.0,0.0,0.0,0.0,0.0,0.0,0.0,0.0,0.0,21.9,0.0,0.0,78.10000000000001,412,412.0,risk_local_threshold,0.45,True
dapper,outage,102,100.0,1000,7.51680019137851,31.462924322041214,34.417701339171714,34.98162652146018,7.51680019137851,0.0,0.725179462474503,0.725179462474503,0.0,0.0,0.0,1.0,0.731,0.0,0.0,0.0,0.0,0.0,0.0,0.0,0.0,0.0,23.200000000000003,0.0,0.0,76.8,422,422.0,risk_local_threshold,0.45,True
dapper,outage,103,100.0,1000,7.378221024983012,31.251434028184203,34.6042054298873,34.981104653112794,7.378221024983012,0.0,0.7262335249696575,0.7262335249696575,0.0,0.0,0.0,1.0,0.735,0.0,0.0,0.0,0.0,0.0,0.0,0.0,0.0,0.0,23.0,0.0,0.0,77.0,429,429.0,risk_local_threshold,0.45,True
dapper,outage,104,100.0,1000,7.568293210290533,31.59395630138461,34.54533747275368,34.97633437705056,7.568293210290533,0.0,0.7263175970031922,0.7263175970031922,0.0,0.0,0.0,1.0,0.728,0.0,0.0,0.0,0.0,0.0,0.0,0.0,0.0,0.0,23.5,0.0,0.0,76.5,422,422.0,risk_local_threshold,0.45,True
dapper,outage,105,100.0,1000,7.519378267796368,31.402502329388795,34.46505659979935,34.921933732182964,7.519378267796368,0.0,0.7248271436420854,0.7248271436420854,0.0,0.0,0.0,1.0,0.732,0.0,0.0,0.0,0.0,0.0,0.0,0.0,0.0,0.0,22.8,0.0,0.0,77.2,417,417.0,risk_local_threshold,0.45,True
dapper,outage,106,100.0,1000,7.549106265746754,31.449714720334896,34.37540672388598,34.964850295506736,7.549106265746754,0.0,0.7212594093828284,0.7212594093828284,0.0,0.0,0.0,1.0,0.732,0.0,0.0,0.0,0.0,0.0,0.0,0.0,0.0,0.0,22.3,0.0,0.0,77.7,414,414.0,risk_local_threshold,0.45,True
dapper,outage,107,100.0,1000,7.495635529917344,31.80791921566703,34.39018497885919,34.99112443015811,7.495635529917344,0.0,0.7250211366010297,0.7250211366010297,0.0,0.0,0.0,1.0,0.733,0.0,0.0,0.0,0.0,0.0,0.0,0.0,0.0,0.0,23.1,0.0,0.0,76.9,422,422.0,risk_local_threshold,0.45,True
dapper,outage,108,100.0,1000,7.251361824662859,31.14265792210696,34.17418822409749,34.97297658698431,7.251361824662859,0.0,0.7266974788453335,0.7266974788453335,0.0,0.0,0.0,1.0,0.736,0.0,0.0,0.0,0.0,0.0,0.0,0.0,0.0,0.0,23.0,0.0,0.0,77.0,426,426.0,risk_local_threshold,0.45,True
dapper,outage,109,100.0,1000,7.685496458575816,31.705170488180077,34.40871885608117,34.88886016594044,7.685496458575816,0.0,0.7258121030951461,0.7258121030951461,0.0,0.0,0.0,1.0,0.729,0.0,0.0,0.0,0.0,0.0,0.0,0.0,0.0,0.0,23.5,0.0,0.0,76.5,427,427.0,risk_local_threshold,0.45,True
dapper,outage,110,100.0,1000,7.355193804523941,30.694822041353905,34.222511546491425,34.969462845702225,7.355193804523941,0.0,0.7245809511185383,0.7245809511185383,0.0,0.0,0.0,1.0,0.735,0.0,0.0,0.0,0.0,0.0,0.0,0.0,0.0,0.0,22.8,0.0,0.0,77.2,425,425.0,risk_local_threshold,0.45,True
dapper,outage,111,100.0,1000,7.398682547644234,31.455362565824643,34.05726657846486,34.958198085831974,7.398682547644234,0.0,0.7280638471067766,0.7280638471067766,0.0,0.0,0.0,1.0,0.732,0.0,0.0,0.0,0.0,0.0,0.0,0.0,0.0,0.0,22.900000000000002,0.0,0.0,77.10000000000001,414,414.0,risk_local_threshold,0.45,True
dapper,outage,112,100.0,1000,7.370625290236145,31.426397231090824,34.038780941246515,34.949972127365655,7.370625290236145,0.0,0.7280606555765715,0.7280606555765715,0.0,0.0,0.0,1.0,0.734,0.0,0.0,0.0,0.0,0.0,0.0,0.0,0.0,0.0,22.1,0.0,0.0,77.9,412,412.0,risk_local_threshold,0.45,True
dapper,outage,113,100.0,1000,7.147796806593906,30.844985093880027,33.96419838510252,34.91680130902314,7.147796806593906,0.0,0.7299582611154545,0.7299582611154545,0.0,0.0,0.0,1.0,0.737,0.0,0.0,0.0,0.0,0.0,0.0,0.0,0.0,0.0,23.200000000000003,0.0,0.0,76.8,437,437.0,risk_local_threshold,0.45,True
dapper,outage,114,100.0,1000,7.501176014095029,31.4914309836508,34.414218678920534,34.97406829855338,7.501176014095029,0.0,0.7224631994341497,0.7224631994341497,0.0,0.0,0.0,1.0,0.728,0.0,0.0,0.0,0.0,0.0,0.0,0.0,0.0,0.0,22.3,0.0,0.0,77.7,398,398.0,risk_local_threshold,0.45,True
dapper,outage,115,100.0,1000,7.428611862088066,30.652007764158807,34.152857588086846,34.990047900593524,7.428611862088066,0.0,0.7262317832361891,0.7262317832361891,0.0,0.0,0.0,1.0,0.735,0.0,0.0,0.0,0.0,0.0,0.0,0.0,0.0,0.0,22.2,0.0,0.0,77.8,413,413.0,risk_local_threshold,0.45,True
dapper,outage,116,100.0,1000,7.310877248374183,30.959598437937885,34.2744524675671,34.84799240200695,7.310877248374183,0.0,0.727895972888168,0.727895972888168,0.0,0.0,0.0,1.0,0.734,0.0,0.0,0.0,0.0,0.0,0.0,0.0,0.0,0.0,23.5,0.0,0.0,76.5,434,434.0,risk_local_threshold,0.45,True
dapper,outage,117,100.0,1000,7.385847848859415,31.09198240986329,34.14712359689956,34.96597639562117,7.385847848859415,0.0,0.7183856901372877,0.7183856901372877,0.0,0.0,0.0,1.0,0.732,0.0,0.0,0.0,0.0,0.0,0.0,0.0,0.0,0.0,21.9,0.0,0.0,78.10000000000001,403,403.0,risk_local_threshold,0.45,True
dapper,outage,118,100.0,1000,7.254554051460061,31.241459127591458,33.60889001037177,34.741923692424066,7.254554051460061,0.0,0.7269199104810466,0.7269199104810466,0.0,0.0,0.0,1.0,0.737,0.0,0.0,0.0,0.0,0.0,0.0,0.0,0.0,0.0,22.0,0.0,0.0,78.0,408,408.0,risk_local_threshold,0.45,True
dapper,outage,119,100.0,1000,7.544636632920723,31.97128927281031,34.12470746616695,34.92690319762808,7.544636632920723,0.0,0.7220765044472426,0.7220765044472426,0.0,0.0,0.0,1.0,0.733,0.0,0.0,0.0,0.0,0.0,0.0,0.0,0.0,0.0,23.599999999999998,0.0,0.0,76.4,434,434.0,risk_local_threshold,0.45,True
dapper,outage,120,100.0,1000,7.2966883444603,30.892941767709793,34.211465224522804,34.99743937003936,7.2966883444603,0.0,0.7277157448014966,0.7277157448014966,0.0,0.0,0.0,1.0,0.733,0.0,0.0,0.0,0.0,0.0,0.0,0.0,0.0,0.0,22.1,0.0,0.0,77.9,410,410.0,risk_local_threshold,0.45,True
dapper,outage,121,100.0,1000,7.333809267763978,31.109084311834984,33.97165026658857,34.64971422730907,7.333809267763978,0.0,0.7274434266949621,0.7274434266949621,0.0,0.0,0.0,1.0,0.738,0.0,0.0,0.0,0.0,0.0,0.0,0.0,0.0,0.0,22.7,0.0,0.0,77.3,427,427.0,risk_local_threshold,0.45,True
dapper,outage,122,100.0,1000,7.251434439695796,30.60696308430699,34.355640534389124,34.986643071399804,7.251434439695796,0.0,0.7230377555986962,0.7230377555986962,0.0,0.0,0.0,1.0,0.738,0.0,0.0,0.0,0.0,0.0,0.0,0.0,0.0,0.0,21.8,0.0,0.0,78.2,412,412.0,risk_local_threshold,0.45,True
dapper,outage,123,100.0,1000,7.348689071341893,31.31477153672879,33.77157051102519,34.93381679406212,7.348689071341893,0.0,0.7249842011830019,0.7249842011830019,0.0,0.0,0.0,1.0,0.734,0.0,0.0,0.0,0.0,0.0,0.0,0.0,0.0,0.0,22.6,0.0,0.0,77.4,416,416.0,risk_local_threshold,0.45,True
dapper,outage,124,100.0,1000,7.660167119732145,32.1804553486177,34.264528586595944,34.941792593643456,7.660167119732145,0.0,0.7230039723105824,0.7230039723105824,0.0,0.0,0.0,1.0,0.731,0.0,0.0,0.0,0.0,0.0,0.0,0.0,0.0,0.0,22.3,0.0,0.0,77.7,400,400.0,risk_local_threshold,0.45,True
dapper,outage,125,100.0,1000,7.350838089581009,31.434653948905787,34.32904496368304,34.97323235440945,7.350838089581009,0.0,0.7221812250823167,0.7221812250823167,0.0,0.0,0.0,1.0,0.733,0.0,0.0,0.0,0.0,0.0,0.0,0.0,0.0,0.0,23.200000000000003,0.0,0.0,76.8,428,428.0,risk_local_threshold,0.45,True
dapper,outage,126,100.0,1000,7.215129876013096,30.710400018658593,33.86622552192073,34.99530404733341,7.215129876013096,0.0,0.725540342550057,0.725540342550057,0.0,0.0,0.0,1.0,0.738,0.0,0.0,0.0,0.0,0.0,0.0,0.0,0.0,0.0,22.6,0.0,0.0,77.4,428,428.0,risk_local_threshold,0.45,True
dapper,outage,127,100.0,1000,7.168677740371282,30.32721903409148,33.88590346281151,34.91862325958482,7.168677740371282,0.0,0.7321660926795039,0.7321660926795039,0.0,0.0,0.0,1.0,0.738,0.0,0.0,0.0,0.0,0.0,0.0,0.0,0.0,0.0,21.9,0.0,0.0,78.10000000000001,409,409.0,risk_local_threshold,0.45,True
dapper,outage,128,100.0,1000,7.182658284101614,30.07092856934142,34.160945540901714,34.96572059102459,7.182658284101614,0.0,0.7245057292187558,0.7245057292187558,0.0,0.0,0.0,1.0,0.736,0.0,0.0,0.0,0.0,0.0,0.0,0.0,0.0,0.0,23.0,0.0,0.0,77.0,428,428.0,risk_local_threshold,0.45,True
dapper,outage,129,100.0,1000,7.192894149462109,30.305709714834187,34.22738591997794,34.97529884555047,7.192894149462109,0.0,0.7266441172681618,0.7266441172681618,0.0,0.0,0.0,1.0,0.738,0.0,0.0,0.0,0.0,0.0,0.0,0.0,0.0,0.0,21.3,0.0,0.0,78.7,404,404.0,risk_local_threshold,0.45,True
dapper,stable,100,100.0,1000,25.279403323317702,33.96035223762113,34.73962355895296,34.988775105687154,51.53514833678389,0.0,0.7265268897628933,0.792417917211626,21350.0,21.35,21350.0,0.0,0.0,0.0,0.854,0.9918032786885246,0.4953161592505855,0.423,0.4964871194379391,0.0,0.00819672131147541,0.0,14.6,0.0,85.39999999999999,0.0,259,259.0,risk_local_threshold,0.5,False
dapper,stable,101,100.0,1000,24.820657080469697,33.96040511204254,34.788072376532675,34.99828909781833,53.53675771177409,0.0,0.7249338588619687,0.7978649635318986,21700.0,21.7,21700.0,0.0,0.0,0.0,0.868,0.9896313364055299,0.5288018433179723,0.459,0.4608294930875576,0.0,0.010368663594470046,0.0,13.200000000000001,0.0,86.8,0.0,231,231.0,risk_local_threshold,0.5,False
dapper,stable,102,100.0,1000,24.835880473076735,33.70682378335116,34.74818297607158,34.965240972972765,51.8627260021259,0.0,0.727324394359075,0.800034845226407,20900.0,20.9,20900.0,0.0,0.0,0.0,0.836,0.992822966507177,0.5263157894736842,0.44,0.4665071770334928,0.0,0.007177033492822967,0.0,16.400000000000002,0.0,83.6,0.0,284,284.0,risk_local_threshold,0.5,False
dapper,stable,103,100.0,1000,24.972078044518216,34.293187186352334,34.89307765319619,34.99802137082616,53.372703891643845,0.0,0.7236659440861409,0.7991290672988378,21525.0,21.525,21525.0,0.0,0.0,0.0,0.861,0.9883855981416957,0.5342624854819977,0.46,0.454123112659698,0.0,0.011614401858304297,0.0,13.900000000000002,0.0,86.1,0.0,237,237.0,risk_local_threshold,0.5,False
dapper,stable,104,100.0,1000,24.98622097286207,33.860115377670134,34.74837408619961,34.98656616097203,51.037343944723006,0.0,0.7240926018777877,0.7898578469524961,21900.0,21.9,21900.0,0.0,0.0,0.0,0.876,0.9920091324200914,0.4794520547945205,0.42,0.5125570776255708,0.0,0.007990867579908675,0.0,12.4,0.0,87.6,0.0,220,220.0,risk_local_threshold,0.5,False
dapper,stable,105,100.0,1000,24.85634769037545,33.82025179084476,34.62504012903672,34.93314580405199,51.59710330911793,0.0,0.7262361051095783,0.7959250227091806,21250.0,21.25,21250.0,0.0,0.0,0.0,0.85,0.9905882352941177,0.5105882352941177,0.434,0.48,0.0,0.009411764705882352,0.0,15.0,0.0,85.0,0.0,256,256.0,risk_local_threshold,0.5,False
dapper,stable,106,100.0,1000,24.716410963251104,33.86074949026578,34.68730165917939,34.933586993197196,52.69637342008328,0.0,0.7229428904328138,0.7962430814491968,21425.0,21.425,21425.0,0.0,0.0,0.0,0.857,0.9918319719953326,0.5227537922987164,0.448,0.4690781796966161,0.0,0.008168028004667444,0.0,14.299999999999999,0.0,85.7,0.0,252,252.0,risk_local_threshold,0.5,False
dapper,stable,107,100.0,1000,24.88557902804772,33.83424628214373,34.89267109559948,34.9936438529993,53.380353744565205,0.0,0.7245133185042392,0.7993133636844371,22025.0,22.025,22025.0,0.0,0.0,0.0,0.881,0.9886492622020431,0.5187287173666288,0.457,0.4699205448354143,0.0,0.011350737797956867,0.0,11.899999999999999,0.0,88.1,0.0,198,198.0,risk_local_threshold,0.5,False
dapper,stable,108,100.0,1000,25.235897183714567,34.2868707566229,34.87218349603604,34.989690121554816,51.92467360201944,0.0,0.7254394152220247,0.7967132376294662,21500.0,21.5,21500.0,0.0,0.0,0.0,0.86,0.9872093023255814,0.5023255813953489,0.432,0.4848837209302326,0.0,0.012790697674418604,0.0,14.000000000000002,0.0,86.0,0.0,231,231.0,risk_local_threshold,0.5,False
dapper,stable,109,100.0,1000,25.268964708760926,34.15910526808331,34.79620852522923,34.94284900848466,51.53790445445115,0.0,0.7225069831603355,0.7908717000411818,21775.0,21.775,21775.0,0.0,0.0,0.0,0.871,0.9850746268656716,0.4845005740528129,0.422,0.5005740528128588,0.0,0.014925373134328358,0.0,12.9,0.0,87.1,0.0,228,228.0,risk_local_threshold,0.5,False
dapper,stable,110,100.0,1000,24.978043487255007,33.957417382454665,34.80033649104111,34.99011804008187,51.64725260956925,0.0,0.7239727698806182,0.7935801521646344,21400.0,21.4,21400.0,0.0,0.0,0.0,0.856,0.985981308411215,0.5035046728971962,0.431,0.4824766355140187,0.0,0.014018691588785047,0.0,14.399999999999999,0.0,85.6,0.0,261,261.0,risk_local_threshold,0.5,False
dapper,stable,111,100.0,1000,25.491345575881343,33.99942489704205,34.77294614292747,34.98882482505357,52.77932606666301,0.0,0.7264559107913696,0.7988751227250941,20975.0,20.975,20975.0,0.0,0.0,0.0,0.839,0.9916567342073898,0.5256257449344458,0.441,0.466030989272944,0.0,0.00834326579261025,0.0,16.1,0.0,83.89999999999999,0.0,276,276.0,risk_local_threshold,0.5,False
dapper,stable,112,100.0,1000,25.044635098675773,33.93678625080242,34.80594764992258,34.978994945141224,52.774438295965986,0.0,0.7245903067601731,0.7942867336915719,21700.0,21.7,21700.0,0.0,0.0,0.0,0.868,0.9919354838709677,0.5103686635944701,0.443,0.4815668202764977,0.0,0.008064516129032258,0.0,13.200000000000001,0.0,86.8,0.0,220,220.0,risk_local_threshold,0.5,False
dapper,stable,113,100.0,1000,24.924957379086543,33.92528008813723,34.852479041190236,34.99387303551587,50.565197370598845,0.0,0.725184772552611,0.7910288053494875,21600.0,21.6,21600.0,0.0,0.0,0.0,0.864,0.9826388888888888,0.48032407407407407,0.415,0.5023148148148148,0.0,0.017361111111111112,0.0,13.600000000000001,0.0,86.4,0.0,239,239.0,risk_local_threshold,0.5,False
dapper,stable,114,100.0,1000,25.128438548268,33.86993382489312,34.786318253661975,34.99771913787838,53.866453690073165,0.0,0.7237524930795687,0.7977940224588013,21900.0,21.9,21900.0,0.0,0.0,0.0,0.876,0.9908675799086758,0.5308219178082192,0.465,0.4600456621004566,0.0,0.0091324200913242,0.0,12.4,0.0,87.6,0.0,214,214.0,risk_local_threshold,0.5,False
dapper,stable,115,100.0,1000,25.094705607799348,34.162413089123824,34.74465384721523,34.970565607066455,51.94937303752475,0.0,0.7245886848920773,0.7944537871206474,21750.0,21.75,21750.0,0.0,0.0,0.0,0.87,0.9873563218390805,0.5011494252873563,0.436,0.4862068965517241,0.0,0.01264367816091954,0.0,13.0,0.0,87.0,0.0,219,219.0,risk_local_threshold,0.5,False
dapper,stable,116,100.0,1000,25.028301912688907,34.05041769477859,34.88445460350265,34.99403448766891,54.211607535281885,0.0,0.7244573126145593,0.798391101095973,21750.0,21.75,21750.0,0.0,0.0,0.0,0.87,0.9942528735632183,0.5448275862068965,0.474,0.4494252873563218,0.0,0.005747126436781609,0.0,13.0,0.0,87.0,0.0,221,221.0,risk_local_threshold,0.5,False
dapper,stable,117,100.0,1000,24.997182216762514,33.94211020128963,34.806950360419165,34.98156739475102,51.94396103000347,0.0,0.7238166310991714,0.7935256482510197,21850.0,21.85,21850.0,0.0,0.0,0.0,0.874,0.9862700228832952,0.4897025171624714,0.428,0.4965675057208238,0.0,0.013729977116704805,0.0,12.6,0.0,87.4,0.0,226,226.0,risk_local_threshold,0.5,False
dapper,stable,118,100.0,1000,25.026589048763064,34.146334679362305,34.835239525322194,34.964244111574146,52.20873167600773,0.0,0.7280528994609765,0.7960765304196257,21475.0,21.475,21475.0,0.0,0.0,0.0,0.859,0.9906868451688009,0.5075669383003493,0.436,0.4831199068684517,0.0,0.009313154831199068,0.0,14.099999999999998,0.0,85.9,0.0,244,244.0,risk_local_threshold,0.5,False
dapper,stable,119,100.0,1000,24.80107188012856,34.00280379558126,34.81754573602827,34.936826663719394,53.78667209236602,0.0,0.7243707963012889,0.799875204249307,21925.0,21.925,21925.0,0.0,0.0,0.0,0.877,0.9874572405929305,0.5324971493728621,0.467,0.4549600912200684,0.0,0.012542759407069556,0.0,12.3,0.0,87.7,0.0,228,228.0,risk_local_threshold,0.5,False
dapper,stable,120,100.0,1000,25.000139802139184,33.83887438020657,34.75482963071029,34.96519781982063,52.586658253654925,0.0,0.7247996031934949,0.7950348677637523,21800.0,21.8,21800.0,0.0,0.0,0.0,0.872,0.9839449541284404,0.5103211009174312,0.445,0.4736238532110092,0.0,0.016055045871559634,0.0,12.8,0.0,87.2,0.0,212,212.0,risk_local_threshold,0.5,False
dapper,stable,121,100.0,1000,24.870142370806825,34.08802278656587,34.79782372711737,34.96061084968983,51.218892289603616,0.0,0.7235062491591376,0.7917923991779289,21800.0,21.8,21800.0,0.0,0.0,0.0,0.872,0.9862385321100917,0.48394495412844035,0.422,0.5022935779816514,0.0,0.013761467889908258,0.0,12.8,0.0,87.2,0.0,219,219.0,risk_local_threshold,0.5,False
dapper,stable,122,100.0,1000,24.829111935230273,33.958468133447,34.74506049633189,34.924143640943036,53.271418624119164,0.0,0.7259117747422895,0.7982645293058339,21950.0,21.95,21950.0,0.0,0.0,0.0,0.878,0.9886104783599089,0.5148063781321185,0.452,0.47380410022779046,0.0,0.011389521640091117,0.0,12.2,0.0,87.8,0.0,200,200.0,risk_local_threshold,0.5,False
dapper,stable,123,100.0,1000,25.35470141463279,34.01400394209814,34.728637206489786,34.90743937957425,51.64158095400979,0.0,0.7231039957478556,0.7928850748486099,22225.0,22.225,22225.0,0.0,0.0,0.0,0.889,0.9820022497187851,0.4769403824521935,0.424,0.5050618672665916,0.0,0.01799775028121485,0.0,11.1,0.0,88.9,0.0,196,196.0,risk_local_threshold,0.5,False
dapper,stable,124,100.0,1000,25.00583269004324,34.03261405514325,34.80612955591713,34.95256595801938,50.8126236179597,0.0,0.7270004160651047,0.7942088997255117,21000.0,21.0,21000.0,0.0,0.0,0.0,0.84,0.9928571428571429,0.49642857142857144,0.417,0.49642857142857144,0.0,0.007142857142857143,0.0,16.0,0.0,84.0,0.0,280,280.0,risk_local_threshold,0.5,False
dapper,stable,125,100.0,1000,24.9867591189863,33.982185709447386,34.8021659840167,34.99165214842439,53.959249959158115,0.0,0.7268533605073024,0.7989657788847586,21650.0,21.65,21650.0,0.0,0.0,0.0,0.866,0.9919168591224018,0.5323325635103926,0.461,0.45958429561200925,0.0,0.008083140877598153,0.0,13.4,0.0,86.6,0.0,238,238.0,risk_local_threshold,0.5,False
dapper,stable,126,100.0,1000,24.628886386363657,33.70638744138536,34.672811784104226,34.983867296625746,53.134621864449656,0.0,0.726794351381784,0.8009463128693688,21175.0,21.175,21175.0,0.0,0.0,0.0,0.847,0.9881936245572609,0.5419126328217237,0.459,0.4462809917355372,0.0,0.011806375442739079,0.0,15.299999999999999,0.0,84.7,0.0,252,252.0,risk_local_threshold,0.5,False
dapper,stable,127,100.0,1000,25.164646066804526,34.17312143282042,34.80106095916998,34.970740898815485,54.30743225703345,0.0,0.7237258806201099,0.7969399991420358,22125.0,22.125,22125.0,0.0,0.0,0.0,0.885,0.9909604519774011,0.5276836158192091,0.467,0.4632768361581921,0.0,0.00903954802259887,0.0,11.5,0.0,88.5,0.0,207,207.0,risk_local_threshold,0.5,False
dapper,stable,128,100.0,1000,25.178185128090664,33.92859815320874,34.67968897440042,34.972660274630584,53.589153958153254,0.0,0.7271450910033325,0.7988558762020542,21425.0,21.425,21425.0,0.0,0.0,0.0,0.857,0.9836639439906651,0.5309218203033839,0.455,0.45274212368728123,0.0,0.01633605600933489,0.0,14.299999999999999,0.0,85.7,0.0,237,237.0,risk_local_threshold,0.5,False
dapper,stable,129,100.0,1000,25.217209562918274,34.07064808785484,34.83459462785327,34.9933571344785,53.065152250426124,0.0,0.722736266433297,0.7957788932941594,21825.0,21.825,21825.0,0.0,0.0,0.0,0.873,0.9896907216494846,0.5131729667812142,0.448,0.4765177548682703,0.0,0.010309278350515464,0.0,12.7,0.0,87.3,0.0,214,214.0,risk_local_threshold,0.5,False
dapper,congested,100,100.0,1000,24.824557271985057,33.928407620489025,34.77556075006328,34.97404020175507,24.824557271985057,0.0,0.7231225654703062,0.7231225654703062,0.0,0.0,0.0,0.004,0.004,0.0,0.0,0.0,0.0,0.0,0.0,0.0,0.0,0.0,99.6,0.0,0.0,0.4,8,8.0,risk_local_threshold,0.5,False
dapper,congested,101,100.0,1000,25.026673523971784,34.03466107987438,34.84243479054015,34.99327875607795,25.026673523971784,0.0,0.7239603822715144,0.7239603822715144,0.0,0.0,0.0,0.007,0.007,0.0,0.0,0.0,0.0,0.0,0.0,0.0,0.0,0.0,99.3,0.0,0.0,0.7000000000000001,12,12.0,risk_local_threshold,0.5,False
dapper,congested,102,100.0,1000,24.829712790777762,33.96479457393766,34.69588731781126,34.989536221406055,24.829712790777762,0.0,0.7270052366898776,0.7270052366898776,0.0,0.0,0.0,0.008,0.008,0.0,0.0,0.0,0.0,0.0,0.0,0.0,0.0,0.0,99.2,0.0,0.0,0.8,14,14.0,risk_local_threshold,0.5,False
dapper,congested,103,100.0,1000,24.892785643695664,34.09454856492267,34.78542999553827,34.985893217625524,24.892785643695664,0.0,0.7249187188165734,0.7249187188165734,0.0,0.0,0.0,0.006,0.006,0.0,0.0,0.0,0.0,0.0,0.0,0.0,0.0,0.0,99.4,0.0,0.0,0.6,12,12.0,risk_local_threshold,0.5,False
dapper,congested,104,100.0,1000,24.77796847513708,33.81394766067372,34.81048977789511,34.94578824107255,24.77796847513708,0.0,0.7272547943451833,0.7272547943451833,0.0,0.0,0.0,0.008,0.008,0.0,0.0,0.0,0.0,0.0,0.0,0.0,0.0,0.0,99.2,0.0,0.0,0.8,14,14.0,risk_local_threshold,0.5,False
dapper,congested,105,100.0,1000,24.677162661323955,34.007432758127685,34.86009343610894,34.98145078352877,24.677162661323955,0.0,0.7241646482306923,0.7241646482306923,25.0,0.025,25.0,0.008,0.008,0.0,0.001,1.0,0.0,0.0,1.0,0.0,0.0,0.0,99.1,0.0,0.1,0.8,14,14.0,risk_local_threshold,0.5,False
dapper,congested,106,100.0,1000,24.772684967250918,33.98450796903268,34.753821099438774,34.98979405154197,24.772684967250918,0.0,0.7262080408789683,0.7262080408789683,0.0,0.0,0.0,0.007,0.007,0.0,0.0,0.0,0.0,0.0,0.0,0.0,0.0,0.0,99.3,0.0,0.0,0.7000000000000001,8,8.0,risk_local_threshold,0.5,False
dapper,congested,107,100.0,1000,24.763848167260303,33.88426057014752,34.77470672268729,34.998762184541775,24.763848167260303,0.0,0.7257346306649486,0.7257346306649486,0.0,0.0,0.0,0.005,0.005,0.0,0.0,0.0,0.0,0.0,0.0,0.0,0.0,0.0,99.5,0.0,0.0,0.5,8,8.0,risk_local_threshold,0.5,False
dapper,congested,108,100.0,1000,24.953177155047733,33.943119032195405,34.814499351033405,34.99655745974279,24.953177155047733,0.0,0.7244295155267036,0.7244295155267036,0.0,0.0,0.0,0.008,0.008,0.0,0.0,0.0,0.0,0.0,0.0,0.0,0.0,0.0,99.2,0.0,0.0,0.8,14,14.0,risk_local_threshold,0.5,False
dapper,congested,109,100.0,1000,24.847059358357548,33.93181537323021,34.785030538309286,34.98925809716232,24.847059358357548,0.0,0.7234323551786083,0.7234323551786083,0.0,0.0,0.0,0.007,0.007,0.0,0.0,0.0,0.0,0.0,0.0,0.0,0.0,0.0,99.3,0.0,0.0,0.7000000000000001,10,10.0,risk_local_threshold,0.5,False
dapper,congested,110,100.0,1000,24.70223165713215,33.71973175922034,34.60151524624712,34.90888622322395,24.70223165713215,0.0,0.7246938266396346,0.7246938266396346,0.0,0.0,0.0,0.005,0.005,0.0,0.0,0.0,0.0,0.0,0.0,0.0,0.0,0.0,99.5,0.0,0.0,0.5,8,8.0,risk_local_threshold,0.5,False
dapper,congested,111,100.0,1000,24.94253826558974,33.995133250212476,34.74455155405684,34.96241421096305,24.94253826558974,0.0,0.7254545302713125,0.7254545302713125,0.0,0.0,0.0,0.008,0.008,0.0,0.0,0.0,0.0,0.0,0.0,0.0,0.0,0.0,99.2,0.0,0.0,0.8,14,14.0,risk_local_threshold,0.5,False
dapper,congested,112,100.0,1000,24.86963877249279,33.90095224371657,34.76580213455383,34.985906989642146,24.86963877249279,0.0,0.7266076329631779,0.7266076329631779,0.0,0.0,0.0,0.013,0.013,0.0,0.0,0.0,0.0,0.0,0.0,0.0,0.0,0.0,98.7,0.0,0.0,1.3,18,18.0,risk_local_threshold,0.5,False
dapper,congested,113,100.0,1000,24.72292431672843,33.938019364553725,34.77247181035648,34.98424994294581,24.72292431672843,0.0,0.7265134749764945,0.7265134749764945,0.0,0.0,0.0,0.007,0.007,0.0,0.0,0.0,0.0,0.0,0.0,0.0,0.0,0.0,99.3,0.0,0.0,0.7000000000000001,12,12.0,risk_local_threshold,0.5,False
dapper,congested,114,100.0,1000,24.915906991902833,33.99518413696301,34.87476614646897,34.96282987218834,24.915906991902833,0.0,0.7286233928366593,0.7286233928366593,0.0,0.0,0.0,0.008,0.008,0.0,0.0,0.0,0.0,0.0,0.0,0.0,0.0,0.0,99.2,0.0,0.0,0.8,10,10.0,risk_local_threshold,0.5,False
dapper,congested,115,100.0,1000,25.085740611498316,34.01033183391731,34.751795785617006,34.96593743598228,25.085740611498316,0.0,0.722824442674691,0.722824442674691,0.0,0.0,0.0,0.006,0.006,0.0,0.0,0.0,0.0,0.0,0.0,0.0,0.0,0.0,99.4,0.0,0.0,0.6,10,10.0,risk_local_threshold,0.5,False
dapper,congested,116,100.0,1000,25.324934204252145,33.95730249293956,34.77240430108412,34.9771698353159,25.324934204252145,0.0,0.7260315559209485,0.7260315559209485,0.0,0.0,0.0,0.008,0.008,0.0,0.0,0.0,0.0,0.0,0.0,0.0,0.0,0.0,99.2,0.0,0.0,0.8,16,16.0,risk_local_threshold,0.5,False
dapper,congested,117,100.0,1000,24.38620885543388,33.706919736517364,34.66361864084976,34.994340946660934,24.38620885543388,0.0,0.7253330615138619,0.7253330615138619,25.0,0.025,25.0,0.008,0.008,0.0,0.001,1.0,0.0,0.0,1.0,0.0,0.0,0.0,99.1,0.0,0.1,0.8,18,18.0,risk_local_threshold,0.5,False
dapper,congested,118,100.0,1000,25.01023416650803,34.01490807545646,34.75940662114508,34.968506891824205,25.01023416650803,0.0,0.7268033495517163,0.7268033495517163,0.0,0.0,0.0,0.007,0.007,0.0,0.0,0.0,0.0,0.0,0.0,0.0,0.0,0.0,99.3,0.0,0.0,0.7000000000000001,12,12.0,risk_local_threshold,0.5,False
dapper,congested,119,100.0,1000,25.237974362405513,33.930297923071485,34.79939395844596,34.97944595589328,25.237974362405513,0.0,0.7235998627315303,0.7235998627315303,0.0,0.0,0.0,0.005,0.005,0.0,0.0,0.0,0.0,0.0,0.0,0.0,0.0,0.0,99.5,0.0,0.0,0.5,8,8.0,risk_local_threshold,0.5,False
dapper,congested,120,100.0,1000,24.770729236686982,33.99634834863332,34.78821886321599,34.985958566309606,24.770729236686982,0.0,0.724149083598059,0.724149083598059,0.0,0.0,0.0,0.008,0.008,0.0,0.0,0.0,0.0,0.0,0.0,0.0,0.0,0.0,99.2,0.0,0.0,0.8,16,16.0,risk_local_threshold,0.5,False
dapper,congested,121,100.0,1000,24.670024513531853,33.750343569648706,34.75280697328194,34.996277370025744,24.670024513531853,0.0,0.7242193034879331,0.7242193034879331,0.0,0.0,0.0,0.006,0.006,0.0,0.0,0.0,0.0,0.0,0.0,0.0,0.0,0.0,99.4,0.0,0.0,0.6,10,10.0,risk_local_threshold,0.5,False
dapper,congested,122,100.0,1000,24.53787182490916,33.83751458842038,34.770700984913006,34.91653465760954,24.53787182490916,0.0,0.726925307989091,0.726925307989091,0.0,0.0,0.0,0.013,0.013,0.0,0.0,0.0,0.0,0.0,0.0,0.0,0.0,0.0,98.7,0.0,0.0,1.3,14,14.0,risk_local_threshold,0.5,False
dapper,congested,123,100.0,1000,24.972968667791022,34.0068905091913,34.771507219222585,34.98883073588995,24.972968667791022,0.0,0.7231981737549722,0.7231981737549722,0.0,0.0,0.0,0.002,0.002,0.0,0.0,0.0,0.0,0.0,0.0,0.0,0.0,0.0,99.8,0.0,0.0,0.2,4,4.0,risk_local_threshold,0.5,False
dapper,congested,124,100.0,1000,24.68398444976012,33.74309287533703,34.66363593071505,34.94326242767353,24.68398444976012,0.0,0.7246698111318651,0.7246698111318651,0.0,0.0,0.0,0.006,0.006,0.0,0.0,0.0,0.0,0.0,0.0,0.0,0.0,0.0,99.4,0.0,0.0,0.6,10,10.0,risk_local_threshold,0.5,False
dapper,congested,125,100.0,1000,24.725669553063664,34.05786747219948,34.83418763630404,34.99974319601896,24.725669553063664,0.0,0.7228975062228786,0.7228975062228786,25.0,0.025,25.0,0.012,0.012,0.0,0.001,1.0,0.0,0.0,1.0,0.0,0.0,0.0,98.7,0.0,0.1,1.2,16,16.0,risk_local_threshold,0.5,False
dapper,congested,126,100.0,1000,24.961010734873252,33.97988585528562,34.774114294105054,34.99086328598782,24.961010734873252,0.0,0.7258907807888281,0.7258907807888281,0.0,0.0,0.0,0.002,0.002,0.0,0.0,0.0,0.0,0.0,0.0,0.0,0.0,0.0,99.8,0.0,0.0,0.2,4,4.0,risk_local_threshold,0.5,False
dapper,congested,127,100.0,1000,24.79915459305446,33.97839515917549,34.71031183612322,34.99801668883106,24.79915459305446,0.0,0.7241769809830646,0.7241769809830646,0.0,0.0,0.0,0.01,0.01,0.0,0.0,0.0,0.0,0.0,0.0,0.0,0.0,0.0,99.0,0.0,0.0,1.0,18,18.0,risk_local_threshold,0.5,False
dapper,congested,128,100.0,1000,24.671514882986425,34.08647701991846,34.783499539553866,34.99302751306131,24.671514882986425,0.0,0.72324842617587,0.72324842617587,0.0,0.0,0.0,0.008,0.008,0.0,0.0,0.0,0.0,0.0,0.0,0.0,0.0,0.0,99.2,0.0,0.0,0.8,12,12.0,risk_local_threshold,0.5,False
dapper,congested,129,100.0,1000,24.599702966215787,33.90591045177916,34.77957296022762,34.981958638619645,24.599702966215787,0.0,0.7227863941222297,0.7227863941222297,0.0,0.0,0.0,0.013,0.013,0.0,0.0,0.0,0.0,0.0,0.0,0.0,0.0,0.0,98.7,0.0,0.0,1.3,20,20.0,risk_local_threshold,0.5,False
dapper,lossy,100,100.0,1000,25.284238375351617,34.04718924628941,34.84826155800029,34.98907189172226,32.533239877713704,0.0,0.7261089761349956,0.7432626480497828,20850.0,20.85,20850.0,0.0,0.0,0.0,0.834,0.7997601918465228,0.12350119904076738,0.103,0.6762589928057554,0.0,0.20023980815347722,0.0,16.6,0.0,83.39999999999999,0.0,256,256.0,risk_local_threshold,0.5,False
dapper,lossy,101,100.0,1000,25.059527190349893,34.120642165867906,34.8265496982896,34.99538718567808,32.157443627289005,0.0,0.7233638220296621,0.7396015117368129,21225.0,21.225,21225.0,0.0,0.0,0.0,0.849,0.8150765606595995,0.11896348645465253,0.101,0.696113074204947,0.0,0.18492343934040048,0.0,15.1,0.0,84.89999999999999,0.0,236,236.0,risk_local_threshold,0.5,False
dapper,lossy,102,100.0,1000,24.993003502753638,33.78557770295638,34.81151542684563,34.990087052311324,31.57628603555895,0.0,0.7247993890094673,0.7401157638092546,20650.0,20.65,20650.0,0.0,0.0,0.0,0.826,0.7990314769975787,0.11380145278450363,0.094,0.6852300242130751,0.0,0.2009685230024213,0.0,17.4,0.0,82.6,0.0,278,278.0,risk_local_threshold,0.5,False
dapper,lossy,103,100.0,1000,25.072925546868568,34.23372242321619,34.794279965090745,34.9768308072483,33.26052606054678,0.0,0.7255664298957895,0.7445188836128867,21375.0,21.375,21375.0,0.0,0.0,0.0,0.855,0.7976608187134503,0.13801169590643275,0.118,0.6596491228070176,0.0,0.2023391812865497,0.0,14.499999999999998,0.0,85.5,0.0,242,242.0,risk_local_threshold,0.5,False
dapper,lossy,104,100.0,1000,24.952721574773207,33.7641107522445,34.821547122134376,34.99174516374082,33.3837296699427,0.0,0.725270205207262,0.7437567903784865,20925.0,20.925,20925.0,0.0,0.0,0.0,0.837,0.7968936678614098,0.14456391875746716,0.121,0.6523297491039427,0.0,0.2031063321385902,0.0,16.3,0.0,83.7,0.0,250,250.0,risk_local_threshold,0.5,False
dapper,lossy,105,100.0,1000,25.095152971928933,33.826524025580916,34.67873591147265,34.99594666457182,32.19779315290127,0.0,0.7248747477212536,0.7403933667886535,22000.0,22.0,22000.0,0.0,0.0,0.0,0.88,0.8159090909090909,0.11477272727272728,0.101,0.7011363636363637,0.0,0.18409090909090908,0.0,12.0,0.0,88.0,0.0,202,202.0,risk_local_threshold,0.5,False
dapper,lossy,106,100.0,1000,24.856568122610433,33.832964597231225,34.72189143706977,34.99784375073101,32.2216950064618,0.0,0.7235813767870335,0.7405289674763191,21025.0,21.025,21025.0,0.0,0.0,0.0,0.841,0.8275862068965517,0.1248513674197384,0.105,0.7027348394768134,0.0,0.1724137931034483,0.0,15.9,0.0,84.1,0.0,256,256.0,risk_local_threshold,0.5,False
dapper,lossy,107,100.0,1000,24.68158080592215,34.00414573371424,34.83973190471446,34.99325658145116,32.08790350537941,0.0,0.7241940517114336,0.740974429937884,21500.0,21.5,21500.0,0.0,0.0,0.0,0.86,0.7941860465116279,0.12209302325581395,0.105,0.672093023255814,0.0,0.2058139534883721,0.0,14.000000000000002,0.0,86.0,0.0,232,232.0,risk_local_threshold,0.5,False
dapper,lossy,108,100.0,1000,25.047265262517854,34.05795037600457,34.73288919337191,34.96757252768798,31.672017499633206,0.0,0.7235643813542582,0.738635199505916,21450.0,21.45,21450.0,0.0,0.0,0.0,0.858,0.803030303030303,0.10955710955710955,0.094,0.6934731934731935,0.0,0.19696969696969696,0.0,14.2,0.0,85.8,0.0,230,230.0,risk_local_threshold,0.5,False
dapper,lossy,109,100.0,1000,24.775139056545807,34.049418286887835,34.7919194149339,34.94624843509132,32.31298273738161,0.0,0.7212325912059436,0.7391151011029169,21725.0,21.725,21725.0,0.0,0.0,0.0,0.869,0.812428078250863,0.12313003452243959,0.107,0.6892980437284235,0.0,0.18757192174913695,0.0,13.100000000000001,0.0,86.9,0.0,214,214.0,risk_local_threshold,0.5,False
dapper,lossy,110,100.0,1000,25.004520730247734,33.8683404853258,34.86997539103268,34.98456857838196,32.99414682481739,0.0,0.7268739784421301,0.7445485708186724,20600.0,20.6,20600.0,0.0,0.0,0.0,0.824,0.7851941747572816,0.13713592233009708,0.113,0.6480582524271845,0.0,0.21480582524271843,0.0,17.599999999999998,0.0,82.39999999999999,0.0,294,294.0,risk_local_threshold,0.5,False
dapper,lossy,111,100.0,1000,24.90307640535743,34.14835345167596,34.756755348825656,34.981698697795565,32.65734346410263,0.0,0.7248703254305311,0.7420411019386389,21350.0,21.35,21350.0,0.0,0.0,0.0,0.854,0.7892271662763466,0.13114754098360656,0.112,0.65807962529274,0.0,0.2107728337236534,0.0,14.6,0.0,85.39999999999999,0.0,232,232.0,risk_local_threshold,0.5,False
dapper,lossy,112,100.0,1000,24.956367632930085,34.151123089835,34.870234716853815,34.962158450180866,32.85643117850785,0.0,0.7253954496233768,0.7438588274868533,20875.0,20.875,20875.0,0.0,0.0,0.0,0.835,0.7904191616766467,0.13652694610778443,0.114,0.6538922155688622,0.0,0.20958083832335328,0.0,16.5,0.0,83.5,0.0,248,248.0,risk_local_threshold,0.5,False
dapper,lossy,113,100.0,1000,25.11573781751927,34.14436127878192,34.867885766711,34.99782157537433,32.057183915103735,0.0,0.7254462125679975,0.7409449464861043,21150.0,21.15,21150.0,0.0,0.0,0.0,0.846,0.7860520094562647,0.11702127659574468,0.099,0.6690307328605201,0.0,0.21394799054373523,0.0,15.4,0.0,84.6,0.0,239,239.0,risk_local_threshold,0.5,False
dapper,lossy,114,100.0,1000,25.05695156474369,34.026649628584615,34.857774174382406,34.983091762156874,32.68847375577477,0.0,0.72440817275247,0.7416249690363795,21100.0,21.1,21100.0,0.0,0.0,0.0,0.844,0.8021327014218009,0.13033175355450238,0.11,0.6718009478672986,0.0,0.19786729857819904,0.0,15.6,0.0,84.39999999999999,0.0,239,239.0,risk_local_threshold,0.5,False
dapper,lossy,115,100.0,1000,24.76252752899427,34.140208891814694,34.85306689119638,34.992962372181864,32.18660125475701,0.0,0.7251726691219196,0.741306378925517,21225.0,21.225,21225.0,0.0,0.0,0.0,0.849,0.7915194346289752,0.1248527679623086,0.106,0.6666666666666666,0.0,0.20848056537102475,0.0,15.1,0.0,84.89999999999999,0.0,244,244.0,risk_local_threshold,0.5,False
dapper,lossy,116,100.0,1000,24.951356764470432,33.914227978461774,34.857265543400885,34.99525986411179,33.02062281782276,0.0,0.7243445892890008,0.7439956512063737,20950.0,20.95,20950.0,0.0,0.0,0.0,0.838,0.8210023866348448,0.14081145584725538,0.118,0.6801909307875895,0.0,0.17899761336515513,0.0,16.2,0.0,83.8,0.0,266,266.0,risk_local_threshold,0.5,False
dapper,lossy,117,100.0,1000,25.037129912861214,33.9567672696681,34.764351269100246,34.996388970755305,30.46614537272681,0.0,0.726073452957747,0.7384775017633733,21000.0,21.0,21000.0,0.0,0.0,0.0,0.84,0.7869047619047619,0.09285714285714286,0.078,0.694047619047619,0.0,0.2130952380952381,0.0,16.0,0.0,84.0,0.0,258,258.0,risk_local_threshold,0.5,False
dapper,lossy,118,100.0,1000,24.83203368389728,33.86314293776527,34.704566823658226,34.94197590424748,32.245255521052115,0.0,0.7277094589160901,0.7440919354382288,20525.0,20.525,20525.0,0.0,0.0,0.0,0.821,0.8099878197320342,0.12911084043848964,0.106,0.6808769792935444,0.0,0.1900121802679659,0.0,17.9,0.0,82.1,0.0,284,284.0,risk_local_threshold,0.5,False
dapper,lossy,119,100.0,1000,25.22380561542694,34.16353447898527,34.88856396573517,34.993426719837316,32.63366589089448,0.0,0.72570145608929,0.7427204677409522,21225.0,21.225,21225.0,0.0,0.0,0.0,0.849,0.8044758539458187,0.12603062426383982,0.107,0.6784452296819788,0.0,0.1955241460541814,0.0,15.1,0.0,84.89999999999999,0.0,247,247.0,risk_local_threshold,0.5,False
dapper,lossy,120,100.0,1000,24.94356883456326,33.94762430607923,34.82126839451995,34.99480299428936,31.924178681482466,0.0,0.7242446744200584,0.7401275085102786,21350.0,21.35,21350.0,0.0,0.0,0.0,0.854,0.7868852459016393,0.11592505854800937,0.099,0.6709601873536299,0.0,0.21311475409836064,0.0,14.6,0.0,85.39999999999999,0.0,240,240.0,risk_local_threshold,0.5,False
dapper,lossy,121,100.0,1000,24.890186762682326,33.9509837447526,34.75636721943252,34.9865485323475,33.492023508778345,0.0,0.7226738180182367,0.742756023082611,21550.0,21.55,21550.0,0.0,0.0,0.0,0.862,0.8074245939675174,0.14153132250580047,0.122,0.665893271461717,0.0,0.1925754060324826,0.0,13.8,0.0,86.2,0.0,219,219.0,risk_local_threshold,0.5,False
dapper,lossy,122,100.0,1000,25.08579289471596,34.07524967583675,34.72465675884838,34.92311681265087,32.27970571348556,0.0,0.7253656451784852,0.741850036790813,21475.0,21.475,21475.0,0.0,0.0,0.0,0.859,0.7753201396973225,0.11874272409778813,0.102,0.6565774155995343,0.0,0.22467986030267753,0.0,14.099999999999998,0.0,85.9,0.0,224,224.0,risk_local_threshold,0.5,False
dapper,lossy,123,100.0,1000,24.817178107343594,33.97858252982191,34.71884738710505,34.9640180768012,32.754011036090525,0.0,0.725177200048534,0.7442246359291818,20950.0,20.95,20950.0,0.0,0.0,0.0,0.838,0.7947494033412887,0.13723150357995226,0.115,0.6575178997613366,0.0,0.2052505966587112,0.0,16.2,0.0,83.8,0.0,264,264.0,risk_local_threshold,0.5,False
dapper,lossy,124,100.0,1000,25.144076835710404,34.0084817041087,34.82162623829404,34.999930978152555,34.300165164450824,0.0,0.7252006399861742,0.7470393001114992,21200.0,21.2,21200.0,0.0,0.0,0.0,0.848,0.8301886792452831,0.15566037735849056,0.132,0.6745283018867925,0.0,0.16981132075471697,0.0,15.2,0.0,84.8,0.0,266,266.0,risk_local_threshold,0.5,False
dapper,lossy,125,100.0,1000,25.290207315525716,34.07810779324134,34.85987931432081,34.99675173862079,32.330063763065695,0.0,0.725008358044021,0.7403200679179945,20625.0,20.625,20625.0,0.0,0.0,0.0,0.825,0.7890909090909091,0.12484848484848485,0.103,0.6642424242424242,0.0,0.2109090909090909,0.0,17.5,0.0,82.5,0.0,272,272.0,risk_local_threshold,0.5,False
dapper,lossy,126,100.0,1000,25.012306557377276,34.01851118868758,34.87231873366858,34.99707928007821,32.618664549589376,0.0,0.7223553858756083,0.7393635054930499,21400.0,21.4,21400.0,0.0,0.0,0.0,0.856,0.8072429906542056,0.12733644859813084,0.109,0.6799065420560748,0.0,0.1927570093457944,0.0,14.399999999999999,0.0,85.6,0.0,244,244.0,risk_local_threshold,0.5,False
dapper,lossy,127,100.0,1000,24.933813775828348,34.03862120823819,34.851014551058256,34.985303846764054,33.56619168041211,0.0,0.7254720911704587,0.7452382264546936,20750.0,20.75,20750.0,0.0,0.0,0.0,0.83,0.7698795180722892,0.1493975903614458,0.124,0.6204819277108434,0.0,0.23012048192771084,0.0,17.0,0.0,83.0,0.0,260,260.0,risk_local_threshold,0.5,False
dapper,lossy,128,100.0,1000,25.361525346794913,34.112832194106765,34.722796126768856,34.99638466136344,32.76319357328395,0.0,0.7258146565752936,0.7426695638145068,20900.0,20.9,20900.0,0.0,0.0,0.0,0.836,0.8145933014354066,0.1291866028708134,0.108,0.6854066985645934,0.0,0.1854066985645933,0.0,16.400000000000002,0.0,83.6,0.0,277,277.0,risk_local_threshold,0.5,False
dapper,lossy,129,100.0,1000,24.956002553810663,34.060395492680186,34.85750602439408,34.980831653703675,32.07984707065933,0.0,0.7240405957959037,0.7403645338561798,21500.0,21.5,21500.0,0.0,0.0,0.0,0.86,0.8081395348837209,0.1186046511627907,0.102,0.6895348837209302,0.0,0.19186046511627908,0.0,14.000000000000002,0.0,86.0,0.0,239,239.0,risk_local_threshold,0.5,False
dapper,variable,100,100.0,1000,19.847097399190012,33.61420558459003,34.76027410675784,34.95054826151675,21.97468170885308,0.0,0.7259116438296801,0.7309100495998946,5375.0,5.375,5375.0,0.284,0.216,0.0,0.215,0.9116279069767442,0.15348837209302327,0.033,0.7581395348837209,0.0,0.08837209302325581,0.0,56.89999999999999,0.0,21.5,21.6,342,342.0,risk_local_threshold,0.5,False
dapper,variable,101,100.0,1000,19.873228370530978,33.51859359353788,34.716729365681125,34.99816501848515,22.429717590864318,0.0,0.7275598148950951,0.7338505135735993,6025.0,6.025,6025.0,0.256,0.2,0.0,0.241,0.9294605809128631,0.15767634854771784,0.038,0.7717842323651453,0.0,0.07053941908713693,0.0,55.900000000000006,0.0,24.099999999999998,20.0,331,331.0,risk_local_threshold,0.5,False
dapper,variable,102,100.0,1000,21.725835154751234,33.952084801243224,34.85412725538718,34.995332379528136,24.55018827202417,0.0,0.7253923428217819,0.7325011631642455,6075.0,6.075,6075.0,0.167,0.131,0.0,0.243,0.9012345679012346,0.1728395061728395,0.042,0.7283950617283951,0.0,0.09876543209876543,0.0,62.6,0.0,24.3,13.100000000000001,304,304.0,risk_local_threshold,0.5,False
dapper,variable,103,100.0,1000,19.512093113412188,33.581179869308166,34.6745142049723,34.99051342908312,21.536858533775952,0.0,0.7264145780785138,0.7316018841146493,5975.0,5.975,5975.0,0.315,0.239,0.0,0.239,0.9079497907949791,0.12552301255230125,0.03,0.7824267782426778,0.0,0.09205020920502092,0.0,52.2,0.0,23.9,23.9,358,358.0,risk_local_threshold,0.5,False
dapper,variable,104,100.0,1000,21.518439904160722,33.92297556550541,34.71580596411837,34.944614204784195,24.19286560109536,0.0,0.727405744674525,0.7335000817049102,5675.0,5.675,5675.0,0.187,0.143,0.0,0.227,0.920704845814978,0.1762114537444934,0.04,0.7444933920704846,0.0,0.07929515418502203,0.0,63.0,0.0,22.7,14.299999999999999,297,297.0,risk_local_threshold,0.5,False
dapper,variable,105,100.0,1000,20.409246302565197,33.52133876628223,34.7773651787171,34.98077376103997,23.376413958481,0.0,0.726150768098847,0.7330994621409599,6100.0,6.1,6100.0,0.238,0.184,0.0,0.244,0.9467213114754098,0.1762295081967213,0.043,0.7704918032786885,0.0,0.05327868852459016,0.0,57.199999999999996,0.0,24.4,18.4,334,334.0,risk_local_threshold,0.5,False
dapper,variable,106,100.0,1000,21.59372391817589,33.5305156645498,34.67586933903363,34.993851868805095,24.22464112131524,0.0,0.7255234671581106,0.7321782081483472,5525.0,5.525,5525.0,0.175,0.136,0.0,0.221,0.9366515837104072,0.18099547511312217,0.04,0.755656108597285,0.0,0.06334841628959276,0.0,64.3,0.0,22.1,13.600000000000001,290,290.0,risk_local_threshold,0.5,False
dapper,variable,107,100.0,1000,20.056441701403287,33.56666120695883,34.6268453225655,34.98148819897819,22.290948278842663,0.0,0.7240116849833446,0.729203334796121,4925.0,4.925,4925.0,0.261,0.201,0.0,0.197,0.9137055837563451,0.16751269035532995,0.033,0.7461928934010152,0.0,0.08629441624365482,0.0,60.199999999999996,0.0,19.7,20.1,301,301.0,risk_local_threshold,0.5,False
dapper,variable,108,100.0,1000,20.480881005394448,33.99159903353784,34.77692101060002,34.94872090187498,23.301428970536026,0.0,0.7260048286422379,0.7332002127738215,6000.0,6.0,6000.0,0.26,0.196,0.0,0.24,0.925,0.175,0.042,0.75,0.0,0.075,0.0,56.39999999999999,0.0,24.0,19.6,334,334.0,risk_local_threshold,0.5,False
dapper,variable,109,100.0,1000,21.210997956041414,33.76823065319891,34.76110730262953,34.98660651522982,23.060011675214664,0.0,0.7239038673745836,0.7281507289543079,5375.0,5.375,5375.0,0.203,0.156,0.0,0.215,0.9348837209302325,0.12558139534883722,0.027,0.8093023255813954,0.0,0.06511627906976744,0.0,62.9,0.0,21.5,15.6,311,311.0,risk_local_threshold,0.5,False
dapper,variable,110,100.0,1000,20.982663888093814,33.908831310824965,34.67822534775889,34.98146709760653,22.85841796982215,0.0,0.7252583766377324,0.7294279576298566,5500.0,5.5,5500.0,0.226,0.171,0.0,0.22,0.9181818181818182,0.12727272727272726,0.028,0.7909090909090909,0.0,0.08181818181818182,0.0,60.9,0.0,22.0,17.1,315,315.0,risk_local_threshold,0.5,False
dapper,variable,111,100.0,1000,21.15036747714493,33.79838354481562,34.723349040720166,34.97684653932659,23.898246545335653,0.0,0.7257443855359366,0.7321232698987364,6050.0,6.05,6050.0,0.216,0.166,0.0,0.242,0.9297520661157025,0.16942148760330578,0.041,0.7603305785123967,0.0,0.07024793388429752,0.0,59.199999999999996,0.0,24.2,16.6,312,312.0,risk_local_threshold,0.5,False
dapper,variable,112,100.0,1000,21.078172240720427,34.0565418294024,34.79412676903375,34.95854802039493,24.212262504548903,0.0,0.728773769620013,0.7356621447394286,6425.0,6.425,6425.0,0.215,0.162,0.0,0.257,0.9455252918287937,0.17898832684824903,0.046,0.7665369649805448,0.0,0.054474708171206226,0.0,58.099999999999994,0.0,25.7,16.2,324,324.0,risk_local_threshold,0.5,False
dapper,variable,113,100.0,1000,21.273906223598555,33.57682626381407,34.78843892853948,34.96829040868747,22.896912929005918,0.0,0.7263068757945752,0.7298801650003229,5800.0,5.8,5800.0,0.197,0.15,0.0,0.232,0.9396551724137931,0.10344827586206896,0.024,0.8362068965517241,0.0,0.0603448275862069,0.0,61.8,0.0,23.200000000000003,15.0,301,301.0,risk_local_threshold,0.5,False
dapper,variable,114,100.0,1000,19.651478679764644,33.53883646549626,34.61117657596823,34.99588156157893,21.80082481738994,0.0,0.7222741502329159,0.7272650507331792,4450.0,4.45,4450.0,0.266,0.205,0.0,0.178,0.9044943820224719,0.1797752808988764,0.032,0.7247191011235955,0.0,0.09550561797752809,0.0,61.7,0.0,17.8,20.5,333,333.0,risk_local_threshold,0.5,False
dapper,variable,115,100.0,1000,21.45827282696581,33.34691437699113,34.626745067103904,34.87718954629805,24.548942824019623,0.0,0.7230935571850724,0.7305974128658156,5350.0,5.35,5350.0,0.176,0.137,0.0,0.214,0.9065420560747663,0.2102803738317757,0.045,0.6962616822429907,0.0,0.09345794392523364,0.0,64.9,0.0,21.4,13.700000000000001,290,290.0,risk_local_threshold,0.5,False
dapper,variable,116,100.0,1000,20.840460970931165,33.98344969197258,34.76841725790863,34.94714462527301,22.676296011280233,0.0,0.7289372186607409,0.7337824041177154,4900.0,4.9,4900.0,0.239,0.184,0.0,0.196,0.9336734693877551,0.1377551020408163,0.027,0.7959183673469388,0.0,0.0663265306122449,0.0,62.0,0.0,19.6,18.4,294,294.0,risk_local_threshold,0.5,False
dapper,variable,117,100.0,1000,22.76021868961211,34.240173789397694,34.82080355680936,34.990866631104254,24.340232113684532,0.0,0.7236897900442029,0.7274013833791875,6150.0,6.15,6150.0,0.132,0.1,0.0,0.246,0.9146341463414634,0.09349593495934959,0.023,0.8211382113821138,0.0,0.08536585365853659,0.0,65.4,0.0,24.6,10.0,296,296.0,risk_local_threshold,0.5,False
dapper,variable,118,100.0,1000,21.19990772515089,33.5101571170854,34.37942051281876,34.868091607089696,24.795661088368785,0.0,0.7251742139285398,0.7332718839678496,6650.0,6.65,6650.0,0.193,0.148,0.0,0.266,0.9323308270676691,0.19548872180451127,0.052,0.7368421052631579,0.0,0.06766917293233082,0.0,58.599999999999994,0.0,26.6,14.799999999999999,320,320.0,risk_local_threshold,0.5,False
dapper,variable,119,100.0,1000,20.98980792595105,33.65904383541709,34.57959716197339,34.99635852821138,23.759955843587026,0.0,0.7248011782863056,0.731759718303051,5900.0,5.9,5900.0,0.218,0.166,0.0,0.236,0.9279661016949152,0.17372881355932204,0.041,0.7542372881355932,0.0,0.07203389830508475,0.0,59.8,0.0,23.599999999999998,16.6,303,303.0,risk_local_threshold,0.5,False
dapper,variable,120,100.0,1000,21.637219680970638,33.96526001626422,34.71258654891299,34.99491157025027,24.157473320400253,0.0,0.7236256274039456,0.7299055176505913,7075.0,7.075,7075.0,0.179,0.134,0.0,0.283,0.9399293286219081,0.13074204946996468,0.037,0.8091872791519434,0.0,0.06007067137809187,0.0,58.3,0.0,28.299999999999997,13.4,319,319.0,risk_local_threshold,0.5,False
dapper,variable,121,100.0,1000,20.769854338698046,33.76407787463392,34.80089032279628,34.994688323129196,24.68125200719413,0.0,0.7246801812954811,0.7345887093906228,6775.0,6.775,6775.0,0.217,0.168,0.0,0.271,0.948339483394834,0.2140221402214022,0.058,0.7343173431734318,0.0,0.05166051660516605,0.0,56.10000000000001,0.0,27.1,16.8,311,311.0,risk_local_threshold,0.5,False
dapper,variable,122,100.0,1000,21.13175821444513,33.694416258508085,34.631522901173106,34.97317679379236,24.23120819446242,0.0,0.727101792089757,0.7340206501603544,5650.0,5.65,5650.0,0.197,0.151,0.0,0.226,0.9557522123893806,0.19911504424778761,0.045,0.7566371681415929,0.0,0.04424778761061947,0.0,62.3,0.0,22.6,15.1,312,312.0,risk_local_threshold,0.5,False
dapper,variable,123,100.0,1000,21.09321361110236,33.79103353765298,34.79488657343286,34.98222422308634,23.181419503996473,0.0,0.7282104611957531,0.7339684088091011,5550.0,5.55,5550.0,0.215,0.164,0.0,0.222,0.9369369369369369,0.14414414414414414,0.032,0.7927927927927928,0.0,0.06306306306306306,0.0,61.4,0.0,22.2,16.400000000000002,318,318.0,risk_local_threshold,0.5,False
dapper,variable,124,100.0,1000,21.732988484636902,33.61582768332837,34.67732058291188,34.996246009129095,23.750766552712175,0.0,0.7242599698219147,0.7290090601287487,6700.0,6.7,6700.0,0.169,0.132,0.0,0.268,0.8955223880597015,0.11194029850746269,0.03,0.7835820895522388,0.0,0.1044776119402985,0.0,60.0,0.0,26.8,13.200000000000001,338,338.0,risk_local_threshold,0.5,False
dapper,variable,125,100.0,1000,20.769788307085673,33.55572104656107,34.7780426012565,34.94952031560075,23.64318483654006,0.0,0.7246252838037862,0.7310543455649272,5925.0,5.925,5925.0,0.222,0.17,0.0,0.237,0.9409282700421941,0.17721518987341772,0.042,0.7637130801687764,0.0,0.05907172995780591,0.0,59.3,0.0,23.7,17.0,320,320.0,risk_local_threshold,0.5,False
dapper,variable,126,100.0,1000,21.1478810158433,33.75159446968112,34.720173914570076,34.997585709381326,23.72466143080774,0.0,0.730137150017489,0.7363161985328225,5775.0,5.775,5775.0,0.21,0.163,0.0,0.231,0.9307359307359307,0.16883116883116883,0.039,0.7619047619047619,0.0,0.06926406926406926,0.0,60.6,0.0,23.1,16.3,315,315.0,risk_local_threshold,0.5,False
dapper,variable,127,100.0,1000,20.660215773075464,34.01155392391131,34.710521322396545,34.9805264786951,22.9640357303438,0.0,0.7254115546748069,0.7311096624471685,5750.0,5.75,5750.0,0.245,0.187,0.0,0.23,0.9521739130434783,0.14347826086956522,0.033,0.808695652173913,0.0,0.04782608695652174,0.0,58.3,0.0,23.0,18.7,329,329.0,risk_local_threshold,0.5,False
dapper,variable,128,100.0,1000,19.588881490818014,33.63444553862527,34.724924465655434,34.96530254190218,21.60420490748735,0.0,0.7261101277963585,0.7302212879187465,4475.0,4.475,4475.0,0.278,0.214,0.0,0.179,0.9162011173184358,0.16201117318435754,0.029,0.7541899441340782,0.0,0.08379888268156424,0.0,60.699999999999996,0.0,17.9,21.4,299,299.0,risk_local_threshold,0.5,False
dapper,variable,129,100.0,1000,21.009790891695804,33.95183803633796,34.77333674805944,34.967648156933706,23.06959798697679,0.0,0.7216296347896245,0.7265740112000998,5425.0,5.425,5425.0,0.227,0.175,0.0,0.217,0.9447004608294931,0.14746543778801843,0.032,0.7972350230414746,0.0,0.055299539170506916,0.0,60.8,0.0,21.7,17.5,312,312.0,risk_local_threshold,0.5,False
dapper,outage,100,100.0,1000,7.390958833110617,31.53222247776869,33.92161243264051,34.99545577037872,7.390958833110617,0.0,0.7256162643603677,0.7256162643603677,0.0,0.0,0.0,1.0,0.735,0.0,0.0,0.0,0.0,0.0,0.0,0.0,0.0,0.0,22.6,0.0,0.0,77.4,422,422.0,risk_local_threshold,0.5,False
dapper,outage,101,100.0,1000,7.394054329988902,31.520563490832846,34.26171430265933,34.94450915915627,7.394054329988902,0.0,0.7269702216094329,0.7269702216094329,0.0,0.0,0.0,1.0,0.736,0.0,0.0,0.0,0.0,0.0,0.0,0.0,0.0,0.0,21.9,0.0,0.0,78.10000000000001,412,412.0,risk_local_threshold,0.5,False
dapper,outage,102,100.0,1000,7.51680019137851,31.462924322041214,34.417701339171714,34.98162652146018,7.51680019137851,0.0,0.725179462474503,0.725179462474503,0.0,0.0,0.0,1.0,0.731,0.0,0.0,0.0,0.0,0.0,0.0,0.0,0.0,0.0,23.200000000000003,0.0,0.0,76.8,422,422.0,risk_local_threshold,0.5,False
dapper,outage,103,100.0,1000,7.378221024983012,31.251434028184203,34.6042054298873,34.981104653112794,7.378221024983012,0.0,0.7262335249696575,0.7262335249696575,0.0,0.0,0.0,1.0,0.735,0.0,0.0,0.0,0.0,0.0,0.0,0.0,0.0,0.0,23.0,0.0,0.0,77.0,429,429.0,risk_local_threshold,0.5,False
dapper,outage,104,100.0,1000,7.568293210290533,31.59395630138461,34.54533747275368,34.97633437705056,7.568293210290533,0.0,0.7263175970031922,0.7263175970031922,0.0,0.0,0.0,1.0,0.728,0.0,0.0,0.0,0.0,0.0,0.0,0.0,0.0,0.0,23.5,0.0,0.0,76.5,422,422.0,risk_local_threshold,0.5,False
dapper,outage,105,100.0,1000,7.519378267796368,31.402502329388795,34.46505659979935,34.921933732182964,7.519378267796368,0.0,0.7248271436420854,0.7248271436420854,0.0,0.0,0.0,1.0,0.732,0.0,0.0,0.0,0.0,0.0,0.0,0.0,0.0,0.0,22.8,0.0,0.0,77.2,417,417.0,risk_local_threshold,0.5,False
dapper,outage,106,100.0,1000,7.549106265746754,31.449714720334896,34.37540672388598,34.964850295506736,7.549106265746754,0.0,0.7212594093828284,0.7212594093828284,0.0,0.0,0.0,1.0,0.732,0.0,0.0,0.0,0.0,0.0,0.0,0.0,0.0,0.0,22.3,0.0,0.0,77.7,414,414.0,risk_local_threshold,0.5,False
dapper,outage,107,100.0,1000,7.495635529917344,31.80791921566703,34.39018497885919,34.99112443015811,7.495635529917344,0.0,0.7250211366010297,0.7250211366010297,0.0,0.0,0.0,1.0,0.733,0.0,0.0,0.0,0.0,0.0,0.0,0.0,0.0,0.0,23.1,0.0,0.0,76.9,422,422.0,risk_local_threshold,0.5,False
dapper,outage,108,100.0,1000,7.251361824662859,31.14265792210696,34.17418822409749,34.97297658698431,7.251361824662859,0.0,0.7266974788453335,0.7266974788453335,0.0,0.0,0.0,1.0,0.736,0.0,0.0,0.0,0.0,0.0,0.0,0.0,0.0,0.0,23.0,0.0,0.0,77.0,426,426.0,risk_local_threshold,0.5,False
dapper,outage,109,100.0,1000,7.685496458575816,31.705170488180077,34.40871885608117,34.88886016594044,7.685496458575816,0.0,0.7258121030951461,0.7258121030951461,0.0,0.0,0.0,1.0,0.729,0.0,0.0,0.0,0.0,0.0,0.0,0.0,0.0,0.0,23.5,0.0,0.0,76.5,427,427.0,risk_local_threshold,0.5,False
dapper,outage,110,100.0,1000,7.355193804523941,30.694822041353905,34.222511546491425,34.969462845702225,7.355193804523941,0.0,0.7245809511185383,0.7245809511185383,0.0,0.0,0.0,1.0,0.735,0.0,0.0,0.0,0.0,0.0,0.0,0.0,0.0,0.0,22.8,0.0,0.0,77.2,425,425.0,risk_local_threshold,0.5,False
dapper,outage,111,100.0,1000,7.398682547644234,31.455362565824643,34.05726657846486,34.958198085831974,7.398682547644234,0.0,0.7280638471067766,0.7280638471067766,0.0,0.0,0.0,1.0,0.732,0.0,0.0,0.0,0.0,0.0,0.0,0.0,0.0,0.0,22.900000000000002,0.0,0.0,77.10000000000001,414,414.0,risk_local_threshold,0.5,False
dapper,outage,112,100.0,1000,7.370625290236145,31.426397231090824,34.038780941246515,34.949972127365655,7.370625290236145,0.0,0.7280606555765715,0.7280606555765715,0.0,0.0,0.0,1.0,0.734,0.0,0.0,0.0,0.0,0.0,0.0,0.0,0.0,0.0,22.1,0.0,0.0,77.9,412,412.0,risk_local_threshold,0.5,False
dapper,outage,113,100.0,1000,7.147796806593906,30.844985093880027,33.96419838510252,34.91680130902314,7.147796806593906,0.0,0.7299582611154545,0.7299582611154545,0.0,0.0,0.0,1.0,0.737,0.0,0.0,0.0,0.0,0.0,0.0,0.0,0.0,0.0,23.200000000000003,0.0,0.0,76.8,437,437.0,risk_local_threshold,0.5,False
dapper,outage,114,100.0,1000,7.501176014095029,31.4914309836508,34.414218678920534,34.97406829855338,7.501176014095029,0.0,0.7224631994341497,0.7224631994341497,0.0,0.0,0.0,1.0,0.728,0.0,0.0,0.0,0.0,0.0,0.0,0.0,0.0,0.0,22.3,0.0,0.0,77.7,398,398.0,risk_local_threshold,0.5,False
dapper,outage,115,100.0,1000,7.428611862088066,30.652007764158807,34.152857588086846,34.990047900593524,7.428611862088066,0.0,0.7262317832361891,0.7262317832361891,0.0,0.0,0.0,1.0,0.735,0.0,0.0,0.0,0.0,0.0,0.0,0.0,0.0,0.0,22.2,0.0,0.0,77.8,413,413.0,risk_local_threshold,0.5,False
dapper,outage,116,100.0,1000,7.310877248374183,30.959598437937885,34.2744524675671,34.84799240200695,7.310877248374183,0.0,0.727895972888168,0.727895972888168,0.0,0.0,0.0,1.0,0.734,0.0,0.0,0.0,0.0,0.0,0.0,0.0,0.0,0.0,23.5,0.0,0.0,76.5,434,434.0,risk_local_threshold,0.5,False
dapper,outage,117,100.0,1000,7.385847848859415,31.09198240986329,34.14712359689956,34.96597639562117,7.385847848859415,0.0,0.7183856901372877,0.7183856901372877,0.0,0.0,0.0,1.0,0.732,0.0,0.0,0.0,0.0,0.0,0.0,0.0,0.0,0.0,21.9,0.0,0.0,78.10000000000001,403,403.0,risk_local_threshold,0.5,False
dapper,outage,118,100.0,1000,7.254554051460061,31.241459127591458,33.60889001037177,34.741923692424066,7.254554051460061,0.0,0.7269199104810466,0.7269199104810466,0.0,0.0,0.0,1.0,0.737,0.0,0.0,0.0,0.0,0.0,0.0,0.0,0.0,0.0,22.0,0.0,0.0,78.0,408,408.0,risk_local_threshold,0.5,False
dapper,outage,119,100.0,1000,7.544636632920723,31.97128927281031,34.12470746616695,34.92690319762808,7.544636632920723,0.0,0.7220765044472426,0.7220765044472426,0.0,0.0,0.0,1.0,0.733,0.0,0.0,0.0,0.0,0.0,0.0,0.0,0.0,0.0,23.599999999999998,0.0,0.0,76.4,434,434.0,risk_local_threshold,0.5,False
dapper,outage,120,100.0,1000,7.2966883444603,30.892941767709793,34.211465224522804,34.99743937003936,7.2966883444603,0.0,0.7277157448014966,0.7277157448014966,0.0,0.0,0.0,1.0,0.733,0.0,0.0,0.0,0.0,0.0,0.0,0.0,0.0,0.0,22.1,0.0,0.0,77.9,410,410.0,risk_local_threshold,0.5,False
dapper,outage,121,100.0,1000,7.333809267763978,31.109084311834984,33.97165026658857,34.64971422730907,7.333809267763978,0.0,0.7274434266949621,0.7274434266949621,0.0,0.0,0.0,1.0,0.738,0.0,0.0,0.0,0.0,0.0,0.0,0.0,0.0,0.0,22.7,0.0,0.0,77.3,427,427.0,risk_local_threshold,0.5,False
dapper,outage,122,100.0,1000,7.251434439695796,30.60696308430699,34.355640534389124,34.986643071399804,7.251434439695796,0.0,0.7230377555986962,0.7230377555986962,0.0,0.0,0.0,1.0,0.738,0.0,0.0,0.0,0.0,0.0,0.0,0.0,0.0,0.0,21.8,0.0,0.0,78.2,412,412.0,risk_local_threshold,0.5,False
dapper,outage,123,100.0,1000,7.348689071341893,31.31477153672879,33.77157051102519,34.93381679406212,7.348689071341893,0.0,0.7249842011830019,0.7249842011830019,0.0,0.0,0.0,1.0,0.734,0.0,0.0,0.0,0.0,0.0,0.0,0.0,0.0,0.0,22.6,0.0,0.0,77.4,416,416.0,risk_local_threshold,0.5,False
dapper,outage,124,100.0,1000,7.660167119732145,32.1804553486177,34.264528586595944,34.941792593643456,7.660167119732145,0.0,0.7230039723105824,0.7230039723105824,0.0,0.0,0.0,1.0,0.731,0.0,0.0,0.0,0.0,0.0,0.0,0.0,0.0,0.0,22.3,0.0,0.0,77.7,400,400.0,risk_local_threshold,0.5,False
dapper,outage,125,100.0,1000,7.350838089581009,31.434653948905787,34.32904496368304,34.97323235440945,7.350838089581009,0.0,0.7221812250823167,0.7221812250823167,0.0,0.0,0.0,1.0,0.733,0.0,0.0,0.0,0.0,0.0,0.0,0.0,0.0,0.0,23.200000000000003,0.0,0.0,76.8,428,428.0,risk_local_threshold,0.5,False
dapper,outage,126,100.0,1000,7.215129876013096,30.710400018658593,33.86622552192073,34.99530404733341,7.215129876013096,0.0,0.725540342550057,0.725540342550057,0.0,0.0,0.0,1.0,0.738,0.0,0.0,0.0,0.0,0.0,0.0,0.0,0.0,0.0,22.6,0.0,0.0,77.4,428,428.0,risk_local_threshold,0.5,False
dapper,outage,127,100.0,1000,7.168677740371282,30.32721903409148,33.88590346281151,34.91862325958482,7.168677740371282,0.0,0.7321660926795039,0.7321660926795039,0.0,0.0,0.0,1.0,0.738,0.0,0.0,0.0,0.0,0.0,0.0,0.0,0.0,0.0,21.9,0.0,0.0,78.10000000000001,409,409.0,risk_local_threshold,0.5,False
dapper,outage,128,100.0,1000,7.182658284101614,30.07092856934142,34.160945540901714,34.96572059102459,7.182658284101614,0.0,0.7245057292187558,0.7245057292187558,0.0,0.0,0.0,1.0,0.736,0.0,0.0,0.0,0.0,0.0,0.0,0.0,0.0,0.0,23.0,0.0,0.0,77.0,428,428.0,risk_local_threshold,0.5,False
dapper,outage,129,100.0,1000,7.192894149462109,30.305709714834187,34.22738591997794,34.97529884555047,7.192894149462109,0.0,0.7266441172681618,0.7266441172681618,0.0,0.0,0.0,1.0,0.738,0.0,0.0,0.0,0.0,0.0,0.0,0.0,0.0,0.0,21.3,0.0,0.0,78.7,404,404.0,risk_local_threshold,0.5,False
dapper,stable,100,100.0,1000,25.279403323317702,33.96035223762113,34.73962355895296,34.988775105687154,51.53514833678389,0.0,0.7265268897628933,0.792417917211626,21350.0,21.35,21350.0,0.0,0.0,0.0,0.854,0.9918032786885246,0.4953161592505855,0.423,0.4964871194379391,0.0,0.00819672131147541,0.0,14.6,0.0,85.39999999999999,0.0,259,259.0,risk_local_threshold,0.55,False
dapper,stable,101,100.0,1000,24.820657080469697,33.96040511204254,34.788072376532675,34.99828909781833,53.53675771177409,0.0,0.7249338588619687,0.7978649635318986,21700.0,21.7,21700.0,0.0,0.0,0.0,0.868,0.9896313364055299,0.5288018433179723,0.459,0.4608294930875576,0.0,0.010368663594470046,0.0,13.200000000000001,0.0,86.8,0.0,231,231.0,risk_local_threshold,0.55,False
dapper,stable,102,100.0,1000,24.835880473076735,33.70682378335116,34.74818297607158,34.965240972972765,51.8627260021259,0.0,0.727324394359075,0.800034845226407,20900.0,20.9,20900.0,0.0,0.0,0.0,0.836,0.992822966507177,0.5263157894736842,0.44,0.4665071770334928,0.0,0.007177033492822967,0.0,16.400000000000002,0.0,83.6,0.0,284,284.0,risk_local_threshold,0.55,False
dapper,stable,103,100.0,1000,24.972078044518216,34.293187186352334,34.89307765319619,34.99802137082616,53.372703891643845,0.0,0.7236659440861409,0.7991290672988378,21525.0,21.525,21525.0,0.0,0.0,0.0,0.861,0.9883855981416957,0.5342624854819977,0.46,0.454123112659698,0.0,0.011614401858304297,0.0,13.900000000000002,0.0,86.1,0.0,237,237.0,risk_local_threshold,0.55,False
dapper,stable,104,100.0,1000,24.98622097286207,33.860115377670134,34.74837408619961,34.98656616097203,51.037343944723006,0.0,0.7240926018777877,0.7898578469524961,21900.0,21.9,21900.0,0.0,0.0,0.0,0.876,0.9920091324200914,0.4794520547945205,0.42,0.5125570776255708,0.0,0.007990867579908675,0.0,12.4,0.0,87.6,0.0,220,220.0,risk_local_threshold,0.55,False
dapper,stable,105,100.0,1000,24.85634769037545,33.82025179084476,34.62504012903672,34.93314580405199,51.59710330911793,0.0,0.7262361051095783,0.7959250227091806,21250.0,21.25,21250.0,0.0,0.0,0.0,0.85,0.9905882352941177,0.5105882352941177,0.434,0.48,0.0,0.009411764705882352,0.0,15.0,0.0,85.0,0.0,256,256.0,risk_local_threshold,0.55,False
dapper,stable,106,100.0,1000,24.716410963251104,33.86074949026578,34.68730165917939,34.933586993197196,52.69637342008328,0.0,0.7229428904328138,0.7962430814491968,21425.0,21.425,21425.0,0.0,0.0,0.0,0.857,0.9918319719953326,0.5227537922987164,0.448,0.4690781796966161,0.0,0.008168028004667444,0.0,14.299999999999999,0.0,85.7,0.0,252,252.0,risk_local_threshold,0.55,False
dapper,stable,107,100.0,1000,24.88557902804772,33.83424628214373,34.89267109559948,34.9936438529993,53.380353744565205,0.0,0.7245133185042392,0.7993133636844371,22025.0,22.025,22025.0,0.0,0.0,0.0,0.881,0.9886492622020431,0.5187287173666288,0.457,0.4699205448354143,0.0,0.011350737797956867,0.0,11.899999999999999,0.0,88.1,0.0,198,198.0,risk_local_threshold,0.55,False
dapper,stable,108,100.0,1000,25.235897183714567,34.2868707566229,34.87218349603604,34.989690121554816,51.92467360201944,0.0,0.7254394152220247,0.7967132376294662,21500.0,21.5,21500.0,0.0,0.0,0.0,0.86,0.9872093023255814,0.5023255813953489,0.432,0.4848837209302326,0.0,0.012790697674418604,0.0,14.000000000000002,0.0,86.0,0.0,231,231.0,risk_local_threshold,0.55,False
dapper,stable,109,100.0,1000,25.268964708760926,34.15910526808331,34.79620852522923,34.94284900848466,51.53790445445115,0.0,0.7225069831603355,0.7908717000411818,21775.0,21.775,21775.0,0.0,0.0,0.0,0.871,0.9850746268656716,0.4845005740528129,0.422,0.5005740528128588,0.0,0.014925373134328358,0.0,12.9,0.0,87.1,0.0,228,228.0,risk_local_threshold,0.55,False
dapper,stable,110,100.0,1000,24.978043487255007,33.957417382454665,34.80033649104111,34.99011804008187,51.64725260956925,0.0,0.7239727698806182,0.7935801521646344,21400.0,21.4,21400.0,0.0,0.0,0.0,0.856,0.985981308411215,0.5035046728971962,0.431,0.4824766355140187,0.0,0.014018691588785047,0.0,14.399999999999999,0.0,85.6,0.0,261,261.0,risk_local_threshold,0.55,False
dapper,stable,111,100.0,1000,25.491345575881343,33.99942489704205,34.77294614292747,34.98882482505357,52.77932606666301,0.0,0.7264559107913696,0.7988751227250941,20975.0,20.975,20975.0,0.0,0.0,0.0,0.839,0.9916567342073898,0.5256257449344458,0.441,0.466030989272944,0.0,0.00834326579261025,0.0,16.1,0.0,83.89999999999999,0.0,276,276.0,risk_local_threshold,0.55,False
dapper,stable,112,100.0,1000,25.044635098675773,33.93678625080242,34.80594764992258,34.978994945141224,52.774438295965986,0.0,0.7245903067601731,0.7942867336915719,21700.0,21.7,21700.0,0.0,0.0,0.0,0.868,0.9919354838709677,0.5103686635944701,0.443,0.4815668202764977,0.0,0.008064516129032258,0.0,13.200000000000001,0.0,86.8,0.0,220,220.0,risk_local_threshold,0.55,False
dapper,stable,113,100.0,1000,24.924957379086543,33.92528008813723,34.852479041190236,34.99387303551587,50.565197370598845,0.0,0.725184772552611,0.7910288053494875,21600.0,21.6,21600.0,0.0,0.0,0.0,0.864,0.9826388888888888,0.48032407407407407,0.415,0.5023148148148148,0.0,0.017361111111111112,0.0,13.600000000000001,0.0,86.4,0.0,239,239.0,risk_local_threshold,0.55,False
dapper,stable,114,100.0,1000,25.128438548268,33.86993382489312,34.786318253661975,34.99771913787838,53.866453690073165,0.0,0.7237524930795687,0.7977940224588013,21900.0,21.9,21900.0,0.0,0.0,0.0,0.876,0.9908675799086758,0.5308219178082192,0.465,0.4600456621004566,0.0,0.0091324200913242,0.0,12.4,0.0,87.6,0.0,214,214.0,risk_local_threshold,0.55,False
dapper,stable,115,100.0,1000,25.094705607799348,34.162413089123824,34.74465384721523,34.970565607066455,51.94937303752475,0.0,0.7245886848920773,0.7944537871206474,21750.0,21.75,21750.0,0.0,0.0,0.0,0.87,0.9873563218390805,0.5011494252873563,0.436,0.4862068965517241,0.0,0.01264367816091954,0.0,13.0,0.0,87.0,0.0,219,219.0,risk_local_threshold,0.55,False
dapper,stable,116,100.0,1000,25.028301912688907,34.05041769477859,34.88445460350265,34.99403448766891,54.211607535281885,0.0,0.7244573126145593,0.798391101095973,21750.0,21.75,21750.0,0.0,0.0,0.0,0.87,0.9942528735632183,0.5448275862068965,0.474,0.4494252873563218,0.0,0.005747126436781609,0.0,13.0,0.0,87.0,0.0,221,221.0,risk_local_threshold,0.55,False
dapper,stable,117,100.0,1000,24.997182216762514,33.94211020128963,34.806950360419165,34.98156739475102,51.94396103000347,0.0,0.7238166310991714,0.7935256482510197,21850.0,21.85,21850.0,0.0,0.0,0.0,0.874,0.9862700228832952,0.4897025171624714,0.428,0.4965675057208238,0.0,0.013729977116704805,0.0,12.6,0.0,87.4,0.0,226,226.0,risk_local_threshold,0.55,False
dapper,stable,118,100.0,1000,25.026589048763064,34.146334679362305,34.835239525322194,34.964244111574146,52.20873167600773,0.0,0.7280528994609765,0.7960765304196257,21475.0,21.475,21475.0,0.0,0.0,0.0,0.859,0.9906868451688009,0.5075669383003493,0.436,0.4831199068684517,0.0,0.009313154831199068,0.0,14.099999999999998,0.0,85.9,0.0,244,244.0,risk_local_threshold,0.55,False
dapper,stable,119,100.0,1000,24.80107188012856,34.00280379558126,34.81754573602827,34.936826663719394,53.78667209236602,0.0,0.7243707963012889,0.799875204249307,21925.0,21.925,21925.0,0.0,0.0,0.0,0.877,0.9874572405929305,0.5324971493728621,0.467,0.4549600912200684,0.0,0.012542759407069556,0.0,12.3,0.0,87.7,0.0,228,228.0,risk_local_threshold,0.55,False
dapper,stable,120,100.0,1000,25.000139802139184,33.83887438020657,34.75482963071029,34.96519781982063,52.586658253654925,0.0,0.7247996031934949,0.7950348677637523,21800.0,21.8,21800.0,0.0,0.0,0.0,0.872,0.9839449541284404,0.5103211009174312,0.445,0.4736238532110092,0.0,0.016055045871559634,0.0,12.8,0.0,87.2,0.0,212,212.0,risk_local_threshold,0.55,False
dapper,stable,121,100.0,1000,24.870142370806825,34.08802278656587,34.79782372711737,34.96061084968983,51.218892289603616,0.0,0.7235062491591376,0.7917923991779289,21800.0,21.8,21800.0,0.0,0.0,0.0,0.872,0.9862385321100917,0.48394495412844035,0.422,0.5022935779816514,0.0,0.013761467889908258,0.0,12.8,0.0,87.2,0.0,219,219.0,risk_local_threshold,0.55,False
dapper,stable,122,100.0,1000,24.829111935230273,33.958468133447,34.74506049633189,34.924143640943036,53.271418624119164,0.0,0.7259117747422895,0.7982645293058339,21950.0,21.95,21950.0,0.0,0.0,0.0,0.878,0.9886104783599089,0.5148063781321185,0.452,0.47380410022779046,0.0,0.011389521640091117,0.0,12.2,0.0,87.8,0.0,200,200.0,risk_local_threshold,0.55,False
dapper,stable,123,100.0,1000,25.35470141463279,34.01400394209814,34.728637206489786,34.90743937957425,51.64158095400979,0.0,0.7231039957478556,0.7928850748486099,22225.0,22.225,22225.0,0.0,0.0,0.0,0.889,0.9820022497187851,0.4769403824521935,0.424,0.5050618672665916,0.0,0.01799775028121485,0.0,11.1,0.0,88.9,0.0,196,196.0,risk_local_threshold,0.55,False
dapper,stable,124,100.0,1000,25.00583269004324,34.03261405514325,34.80612955591713,34.95256595801938,50.8126236179597,0.0,0.7270004160651047,0.7942088997255117,21000.0,21.0,21000.0,0.0,0.0,0.0,0.84,0.9928571428571429,0.49642857142857144,0.417,0.49642857142857144,0.0,0.007142857142857143,0.0,16.0,0.0,84.0,0.0,280,280.0,risk_local_threshold,0.55,False
dapper,stable,125,100.0,1000,24.9867591189863,33.982185709447386,34.8021659840167,34.99165214842439,53.959249959158115,0.0,0.7268533605073024,0.7989657788847586,21650.0,21.65,21650.0,0.0,0.0,0.0,0.866,0.9919168591224018,0.5323325635103926,0.461,0.45958429561200925,0.0,0.008083140877598153,0.0,13.4,0.0,86.6,0.0,238,238.0,risk_local_threshold,0.55,False
dapper,stable,126,100.0,1000,24.628886386363657,33.70638744138536,34.672811784104226,34.983867296625746,53.134621864449656,0.0,0.726794351381784,0.8009463128693688,21175.0,21.175,21175.0,0.0,0.0,0.0,0.847,0.9881936245572609,0.5419126328217237,0.459,0.4462809917355372,0.0,0.011806375442739079,0.0,15.299999999999999,0.0,84.7,0.0,252,252.0,risk_local_threshold,0.55,False
dapper,stable,127,100.0,1000,25.164646066804526,34.17312143282042,34.80106095916998,34.970740898815485,54.30743225703345,0.0,0.7237258806201099,0.7969399991420358,22125.0,22.125,22125.0,0.0,0.0,0.0,0.885,0.9909604519774011,0.5276836158192091,0.467,0.4632768361581921,0.0,0.00903954802259887,0.0,11.5,0.0,88.5,0.0,207,207.0,risk_local_threshold,0.55,False
dapper,stable,128,100.0,1000,25.178185128090664,33.92859815320874,34.67968897440042,34.972660274630584,53.589153958153254,0.0,0.7271450910033325,0.7988558762020542,21425.0,21.425,21425.0,0.0,0.0,0.0,0.857,0.9836639439906651,0.5309218203033839,0.455,0.45274212368728123,0.0,0.01633605600933489,0.0,14.299999999999999,0.0,85.7,0.0,237,237.0,risk_local_threshold,0.55,False
dapper,stable,129,100.0,1000,25.217209562918274,34.07064808785484,34.83459462785327,34.9933571344785,53.065152250426124,0.0,0.722736266433297,0.7957788932941594,21825.0,21.825,21825.0,0.0,0.0,0.0,0.873,0.9896907216494846,0.5131729667812142,0.448,0.4765177548682703,0.0,0.010309278350515464,0.0,12.7,0.0,87.3,0.0,214,214.0,risk_local_threshold,0.55,False
dapper,congested,100,100.0,1000,24.824557271985057,33.928407620489025,34.77556075006328,34.97404020175507,24.824557271985057,0.0,0.7231225654703062,0.7231225654703062,0.0,0.0,0.0,0.004,0.004,0.0,0.0,0.0,0.0,0.0,0.0,0.0,0.0,0.0,99.6,0.0,0.0,0.4,8,8.0,risk_local_threshold,0.55,False
dapper,congested,101,100.0,1000,25.026673523971784,34.03466107987438,34.84243479054015,34.99327875607795,25.026673523971784,0.0,0.7239603822715144,0.7239603822715144,0.0,0.0,0.0,0.007,0.007,0.0,0.0,0.0,0.0,0.0,0.0,0.0,0.0,0.0,99.3,0.0,0.0,0.7000000000000001,12,12.0,risk_local_threshold,0.55,False
dapper,congested,102,100.0,1000,24.829712790777762,33.96479457393766,34.69588731781126,34.989536221406055,24.829712790777762,0.0,0.7270052366898776,0.7270052366898776,0.0,0.0,0.0,0.008,0.008,0.0,0.0,0.0,0.0,0.0,0.0,0.0,0.0,0.0,99.2,0.0,0.0,0.8,14,14.0,risk_local_threshold,0.55,False
dapper,congested,103,100.0,1000,24.892785643695664,34.09454856492267,34.78542999553827,34.985893217625524,24.892785643695664,0.0,0.7249187188165734,0.7249187188165734,0.0,0.0,0.0,0.006,0.006,0.0,0.0,0.0,0.0,0.0,0.0,0.0,0.0,0.0,99.4,0.0,0.0,0.6,12,12.0,risk_local_threshold,0.55,False
dapper,congested,104,100.0,1000,24.77796847513708,33.81394766067372,34.81048977789511,34.94578824107255,24.77796847513708,0.0,0.7272547943451833,0.7272547943451833,0.0,0.0,0.0,0.008,0.008,0.0,0.0,0.0,0.0,0.0,0.0,0.0,0.0,0.0,99.2,0.0,0.0,0.8,14,14.0,risk_local_threshold,0.55,False
dapper,congested,105,100.0,1000,24.677162661323955,34.007432758127685,34.86009343610894,34.98145078352877,24.677162661323955,0.0,0.7241646482306923,0.7241646482306923,25.0,0.025,25.0,0.008,0.008,0.0,0.001,1.0,0.0,0.0,1.0,0.0,0.0,0.0,99.1,0.0,0.1,0.8,14,14.0,risk_local_threshold,0.55,False
dapper,congested,106,100.0,1000,24.772684967250918,33.98450796903268,34.753821099438774,34.98979405154197,24.772684967250918,0.0,0.7262080408789683,0.7262080408789683,0.0,0.0,0.0,0.007,0.007,0.0,0.0,0.0,0.0,0.0,0.0,0.0,0.0,0.0,99.3,0.0,0.0,0.7000000000000001,8,8.0,risk_local_threshold,0.55,False
dapper,congested,107,100.0,1000,24.763848167260303,33.88426057014752,34.77470672268729,34.998762184541775,24.763848167260303,0.0,0.7257346306649486,0.7257346306649486,0.0,0.0,0.0,0.005,0.005,0.0,0.0,0.0,0.0,0.0,0.0,0.0,0.0,0.0,99.5,0.0,0.0,0.5,8,8.0,risk_local_threshold,0.55,False
dapper,congested,108,100.0,1000,24.953177155047733,33.943119032195405,34.814499351033405,34.99655745974279,24.953177155047733,0.0,0.7244295155267036,0.7244295155267036,0.0,0.0,0.0,0.008,0.008,0.0,0.0,0.0,0.0,0.0,0.0,0.0,0.0,0.0,99.2,0.0,0.0,0.8,14,14.0,risk_local_threshold,0.55,False
dapper,congested,109,100.0,1000,24.847059358357548,33.93181537323021,34.785030538309286,34.98925809716232,24.847059358357548,0.0,0.7234323551786083,0.7234323551786083,0.0,0.0,0.0,0.007,0.007,0.0,0.0,0.0,0.0,0.0,0.0,0.0,0.0,0.0,99.3,0.0,0.0,0.7000000000000001,10,10.0,risk_local_threshold,0.55,False
dapper,congested,110,100.0,1000,24.70223165713215,33.71973175922034,34.60151524624712,34.90888622322395,24.70223165713215,0.0,0.7246938266396346,0.7246938266396346,0.0,0.0,0.0,0.005,0.005,0.0,0.0,0.0,0.0,0.0,0.0,0.0,0.0,0.0,99.5,0.0,0.0,0.5,8,8.0,risk_local_threshold,0.55,False
dapper,congested,111,100.0,1000,24.94253826558974,33.995133250212476,34.74455155405684,34.96241421096305,24.94253826558974,0.0,0.7254545302713125,0.7254545302713125,0.0,0.0,0.0,0.008,0.008,0.0,0.0,0.0,0.0,0.0,0.0,0.0,0.0,0.0,99.2,0.0,0.0,0.8,14,14.0,risk_local_threshold,0.55,False
dapper,congested,112,100.0,1000,24.86963877249279,33.90095224371657,34.76580213455383,34.985906989642146,24.86963877249279,0.0,0.7266076329631779,0.7266076329631779,0.0,0.0,0.0,0.013,0.013,0.0,0.0,0.0,0.0,0.0,0.0,0.0,0.0,0.0,98.7,0.0,0.0,1.3,18,18.0,risk_local_threshold,0.55,False
dapper,congested,113,100.0,1000,24.72292431672843,33.938019364553725,34.77247181035648,34.98424994294581,24.72292431672843,0.0,0.7265134749764945,0.7265134749764945,0.0,0.0,0.0,0.007,0.007,0.0,0.0,0.0,0.0,0.0,0.0,0.0,0.0,0.0,99.3,0.0,0.0,0.7000000000000001,12,12.0,risk_local_threshold,0.55,False
dapper,congested,114,100.0,1000,24.915906991902833,33.99518413696301,34.87476614646897,34.96282987218834,24.915906991902833,0.0,0.7286233928366593,0.7286233928366593,0.0,0.0,0.0,0.008,0.008,0.0,0.0,0.0,0.0,0.0,0.0,0.0,0.0,0.0,99.2,0.0,0.0,0.8,10,10.0,risk_local_threshold,0.55,False
dapper,congested,115,100.0,1000,25.085740611498316,34.01033183391731,34.751795785617006,34.96593743598228,25.085740611498316,0.0,0.722824442674691,0.722824442674691,0.0,0.0,0.0,0.006,0.006,0.0,0.0,0.0,0.0,0.0,0.0,0.0,0.0,0.0,99.4,0.0,0.0,0.6,10,10.0,risk_local_threshold,0.55,False
dapper,congested,116,100.0,1000,25.324934204252145,33.95730249293956,34.77240430108412,34.9771698353159,25.324934204252145,0.0,0.7260315559209485,0.7260315559209485,0.0,0.0,0.0,0.008,0.008,0.0,0.0,0.0,0.0,0.0,0.0,0.0,0.0,0.0,99.2,0.0,0.0,0.8,16,16.0,risk_local_threshold,0.55,False
dapper,congested,117,100.0,1000,24.38620885543388,33.706919736517364,34.66361864084976,34.994340946660934,24.38620885543388,0.0,0.7253330615138619,0.7253330615138619,25.0,0.025,25.0,0.008,0.008,0.0,0.001,1.0,0.0,0.0,1.0,0.0,0.0,0.0,99.1,0.0,0.1,0.8,18,18.0,risk_local_threshold,0.55,False
dapper,congested,118,100.0,1000,25.01023416650803,34.01490807545646,34.75940662114508,34.968506891824205,25.01023416650803,0.0,0.7268033495517163,0.7268033495517163,0.0,0.0,0.0,0.007,0.007,0.0,0.0,0.0,0.0,0.0,0.0,0.0,0.0,0.0,99.3,0.0,0.0,0.7000000000000001,12,12.0,risk_local_threshold,0.55,False
dapper,congested,119,100.0,1000,25.237974362405513,33.930297923071485,34.79939395844596,34.97944595589328,25.237974362405513,0.0,0.7235998627315303,0.7235998627315303,0.0,0.0,0.0,0.005,0.005,0.0,0.0,0.0,0.0,0.0,0.0,0.0,0.0,0.0,99.5,0.0,0.0,0.5,8,8.0,risk_local_threshold,0.55,False
dapper,congested,120,100.0,1000,24.770729236686982,33.99634834863332,34.78821886321599,34.985958566309606,24.770729236686982,0.0,0.724149083598059,0.724149083598059,0.0,0.0,0.0,0.008,0.008,0.0,0.0,0.0,0.0,0.0,0.0,0.0,0.0,0.0,99.2,0.0,0.0,0.8,16,16.0,risk_local_threshold,0.55,False
dapper,congested,121,100.0,1000,24.670024513531853,33.750343569648706,34.75280697328194,34.996277370025744,24.670024513531853,0.0,0.7242193034879331,0.7242193034879331,0.0,0.0,0.0,0.006,0.006,0.0,0.0,0.0,0.0,0.0,0.0,0.0,0.0,0.0,99.4,0.0,0.0,0.6,10,10.0,risk_local_threshold,0.55,False
dapper,congested,122,100.0,1000,24.53787182490916,33.83751458842038,34.770700984913006,34.91653465760954,24.53787182490916,0.0,0.726925307989091,0.726925307989091,0.0,0.0,0.0,0.013,0.013,0.0,0.0,0.0,0.0,0.0,0.0,0.0,0.0,0.0,98.7,0.0,0.0,1.3,14,14.0,risk_local_threshold,0.55,False
dapper,congested,123,100.0,1000,24.972968667791022,34.0068905091913,34.771507219222585,34.98883073588995,24.972968667791022,0.0,0.7231981737549722,0.7231981737549722,0.0,0.0,0.0,0.002,0.002,0.0,0.0,0.0,0.0,0.0,0.0,0.0,0.0,0.0,99.8,0.0,0.0,0.2,4,4.0,risk_local_threshold,0.55,False
dapper,congested,124,100.0,1000,24.68398444976012,33.74309287533703,34.66363593071505,34.94326242767353,24.68398444976012,0.0,0.7246698111318651,0.7246698111318651,0.0,0.0,0.0,0.006,0.006,0.0,0.0,0.0,0.0,0.0,0.0,0.0,0.0,0.0,99.4,0.0,0.0,0.6,10,10.0,risk_local_threshold,0.55,False
dapper,congested,125,100.0,1000,24.725669553063664,34.05786747219948,34.83418763630404,34.99974319601896,24.725669553063664,0.0,0.7228975062228786,0.7228975062228786,25.0,0.025,25.0,0.012,0.012,0.0,0.001,1.0,0.0,0.0,1.0,0.0,0.0,0.0,98.7,0.0,0.1,1.2,16,16.0,risk_local_threshold,0.55,False
dapper,congested,126,100.0,1000,24.961010734873252,33.97988585528562,34.774114294105054,34.99086328598782,24.961010734873252,0.0,0.7258907807888281,0.7258907807888281,0.0,0.0,0.0,0.002,0.002,0.0,0.0,0.0,0.0,0.0,0.0,0.0,0.0,0.0,99.8,0.0,0.0,0.2,4,4.0,risk_local_threshold,0.55,False
dapper,congested,127,100.0,1000,24.79915459305446,33.97839515917549,34.71031183612322,34.99801668883106,24.79915459305446,0.0,0.7241769809830646,0.7241769809830646,0.0,0.0,0.0,0.01,0.01,0.0,0.0,0.0,0.0,0.0,0.0,0.0,0.0,0.0,99.0,0.0,0.0,1.0,18,18.0,risk_local_threshold,0.55,False
dapper,congested,128,100.0,1000,24.671514882986425,34.08647701991846,34.783499539553866,34.99302751306131,24.671514882986425,0.0,0.72324842617587,0.72324842617587,0.0,0.0,0.0,0.008,0.008,0.0,0.0,0.0,0.0,0.0,0.0,0.0,0.0,0.0,99.2,0.0,0.0,0.8,12,12.0,risk_local_threshold,0.55,False
dapper,congested,129,100.0,1000,24.599702966215787,33.90591045177916,34.77957296022762,34.981958638619645,24.599702966215787,0.0,0.7227863941222297,0.7227863941222297,0.0,0.0,0.0,0.013,0.013,0.0,0.0,0.0,0.0,0.0,0.0,0.0,0.0,0.0,98.7,0.0,0.0,1.3,20,20.0,risk_local_threshold,0.55,False
dapper,lossy,100,100.0,1000,25.284238375351617,34.04718924628941,34.84826155800029,34.98907189172226,32.533239877713704,0.0,0.7261089761349956,0.7432626480497828,20850.0,20.85,20850.0,0.0,0.0,0.0,0.834,0.7997601918465228,0.12350119904076738,0.103,0.6762589928057554,0.0,0.20023980815347722,0.0,16.6,0.0,83.39999999999999,0.0,256,256.0,risk_local_threshold,0.55,False
dapper,lossy,101,100.0,1000,25.059527190349893,34.120642165867906,34.8265496982896,34.99538718567808,32.157443627289005,0.0,0.7233638220296621,0.7396015117368129,21225.0,21.225,21225.0,0.0,0.0,0.0,0.849,0.8150765606595995,0.11896348645465253,0.101,0.696113074204947,0.0,0.18492343934040048,0.0,15.1,0.0,84.89999999999999,0.0,236,236.0,risk_local_threshold,0.55,False
dapper,lossy,102,100.0,1000,24.993003502753638,33.78557770295638,34.81151542684563,34.990087052311324,31.57628603555895,0.0,0.7247993890094673,0.7401157638092546,20650.0,20.65,20650.0,0.0,0.0,0.0,0.826,0.7990314769975787,0.11380145278450363,0.094,0.6852300242130751,0.0,0.2009685230024213,0.0,17.4,0.0,82.6,0.0,278,278.0,risk_local_threshold,0.55,False
dapper,lossy,103,100.0,1000,25.072925546868568,34.23372242321619,34.794279965090745,34.9768308072483,33.26052606054678,0.0,0.7255664298957895,0.7445188836128867,21375.0,21.375,21375.0,0.0,0.0,0.0,0.855,0.7976608187134503,0.13801169590643275,0.118,0.6596491228070176,0.0,0.2023391812865497,0.0,14.499999999999998,0.0,85.5,0.0,242,242.0,risk_local_threshold,0.55,False
dapper,lossy,104,100.0,1000,24.952721574773207,33.7641107522445,34.821547122134376,34.99174516374082,33.3837296699427,0.0,0.725270205207262,0.7437567903784865,20925.0,20.925,20925.0,0.0,0.0,0.0,0.837,0.7968936678614098,0.14456391875746716,0.121,0.6523297491039427,0.0,0.2031063321385902,0.0,16.3,0.0,83.7,0.0,250,250.0,risk_local_threshold,0.55,False
dapper,lossy,105,100.0,1000,25.095152971928933,33.826524025580916,34.67873591147265,34.99594666457182,32.19779315290127,0.0,0.7248747477212536,0.7403933667886535,22000.0,22.0,22000.0,0.0,0.0,0.0,0.88,0.8159090909090909,0.11477272727272728,0.101,0.7011363636363637,0.0,0.18409090909090908,0.0,12.0,0.0,88.0,0.0,202,202.0,risk_local_threshold,0.55,False
dapper,lossy,106,100.0,1000,24.856568122610433,33.832964597231225,34.72189143706977,34.99784375073101,32.2216950064618,0.0,0.7235813767870335,0.7405289674763191,21025.0,21.025,21025.0,0.0,0.0,0.0,0.841,0.8275862068965517,0.1248513674197384,0.105,0.7027348394768134,0.0,0.1724137931034483,0.0,15.9,0.0,84.1,0.0,256,256.0,risk_local_threshold,0.55,False
dapper,lossy,107,100.0,1000,24.68158080592215,34.00414573371424,34.83973190471446,34.99325658145116,32.08790350537941,0.0,0.7241940517114336,0.740974429937884,21525.0,21.525,21525.0,0.0,0.0,0.0,0.861,0.794425087108014,0.12195121951219512,0.105,0.6724738675958188,0.0,0.20557491289198607,0.0,13.900000000000002,0.0,86.1,0.0,232,232.0,risk_local_threshold,0.55,False
dapper,lossy,108,100.0,1000,25.047265262517854,34.05795037600457,34.73288919337191,34.96757252768798,31.672017499633206,0.0,0.7235643813542582,0.738635199505916,21450.0,21.45,21450.0,0.0,0.0,0.0,0.858,0.803030303030303,0.10955710955710955,0.094,0.6934731934731935,0.0,0.19696969696969696,0.0,14.2,0.0,85.8,0.0,230,230.0,risk_local_threshold,0.55,False
dapper,lossy,109,100.0,1000,24.775139056545807,34.049418286887835,34.7919194149339,34.94624843509132,32.31298273738161,0.0,0.7212325912059436,0.7391151011029169,21725.0,21.725,21725.0,0.0,0.0,0.0,0.869,0.812428078250863,0.12313003452243959,0.107,0.6892980437284235,0.0,0.18757192174913695,0.0,13.100000000000001,0.0,86.9,0.0,214,214.0,risk_local_threshold,0.55,False
dapper,lossy,110,100.0,1000,25.004520730247734,33.8683404853258,34.86997539103268,34.98456857838196,32.99414682481739,0.0,0.7268739784421301,0.7445485708186724,20600.0,20.6,20600.0,0.0,0.0,0.0,0.824,0.7851941747572816,0.13713592233009708,0.113,0.6480582524271845,0.0,0.21480582524271843,0.0,17.599999999999998,0.0,82.39999999999999,0.0,294,294.0,risk_local_threshold,0.55,False
dapper,lossy,111,100.0,1000,24.90307640535743,34.14835345167596,34.756755348825656,34.981698697795565,32.65734346410263,0.0,0.7248703254305311,0.7420411019386389,21350.0,21.35,21350.0,0.0,0.0,0.0,0.854,0.7892271662763466,0.13114754098360656,0.112,0.65807962529274,0.0,0.2107728337236534,0.0,14.6,0.0,85.39999999999999,0.0,232,232.0,risk_local_threshold,0.55,False
dapper,lossy,112,100.0,1000,24.956367632930085,34.151123089835,34.870234716853815,34.962158450180866,32.85643117850785,0.0,0.7253954496233768,0.7438588274868533,20875.0,20.875,20875.0,0.0,0.0,0.0,0.835,0.7904191616766467,0.13652694610778443,0.114,0.6538922155688622,0.0,0.20958083832335328,0.0,16.5,0.0,83.5,0.0,248,248.0,risk_local_threshold,0.55,False
dapper,lossy,113,100.0,1000,25.11573781751927,34.14436127878192,34.867885766711,34.99782157537433,32.057183915103735,0.0,0.7254462125679975,0.7409449464861043,21150.0,21.15,21150.0,0.0,0.0,0.0,0.846,0.7860520094562647,0.11702127659574468,0.099,0.6690307328605201,0.0,0.21394799054373523,0.0,15.4,0.0,84.6,0.0,239,239.0,risk_local_threshold,0.55,False
dapper,lossy,114,100.0,1000,25.05695156474369,34.026649628584615,34.857774174382406,34.983091762156874,32.68847375577477,0.0,0.72440817275247,0.7416249690363795,21100.0,21.1,21100.0,0.0,0.0,0.0,0.844,0.8021327014218009,0.13033175355450238,0.11,0.6718009478672986,0.0,0.19786729857819904,0.0,15.6,0.0,84.39999999999999,0.0,239,239.0,risk_local_threshold,0.55,False
dapper,lossy,115,100.0,1000,24.76252752899427,34.140208891814694,34.85306689119638,34.992962372181864,32.18660125475701,0.0,0.7251726691219196,0.741306378925517,21225.0,21.225,21225.0,0.0,0.0,0.0,0.849,0.7915194346289752,0.1248527679623086,0.106,0.6666666666666666,0.0,0.20848056537102475,0.0,15.1,0.0,84.89999999999999,0.0,244,244.0,risk_local_threshold,0.55,False
dapper,lossy,116,100.0,1000,24.951356764470432,33.914227978461774,34.857265543400885,34.99525986411179,33.02062281782276,0.0,0.7243445892890008,0.7439956512063737,20950.0,20.95,20950.0,0.0,0.0,0.0,0.838,0.8210023866348448,0.14081145584725538,0.118,0.6801909307875895,0.0,0.17899761336515513,0.0,16.2,0.0,83.8,0.0,266,266.0,risk_local_threshold,0.55,False
dapper,lossy,117,100.0,1000,25.037129912861214,33.9567672696681,34.764351269100246,34.996388970755305,30.46614537272681,0.0,0.726073452957747,0.7384775017633733,21025.0,21.025,21025.0,0.0,0.0,0.0,0.841,0.7859690844233056,0.09274673008323424,0.078,0.6932223543400713,0.0,0.2140309155766944,0.0,15.9,0.0,84.1,0.0,256,256.0,risk_local_threshold,0.55,False
dapper,lossy,118,100.0,1000,24.83203368389728,33.86314293776527,34.704566823658226,34.94197590424748,32.245255521052115,0.0,0.7277094589160901,0.7440919354382288,20525.0,20.525,20525.0,0.0,0.0,0.0,0.821,0.8099878197320342,0.12911084043848964,0.106,0.6808769792935444,0.0,0.1900121802679659,0.0,17.9,0.0,82.1,0.0,284,284.0,risk_local_threshold,0.55,False
dapper,lossy,119,100.0,1000,25.22380561542694,34.16353447898527,34.88856396573517,34.993426719837316,32.63366589089448,0.0,0.72570145608929,0.7427204677409522,21250.0,21.25,21250.0,0.0,0.0,0.0,0.85,0.8047058823529412,0.12588235294117647,0.107,0.6788235294117647,0.0,0.1952941176470588,0.0,15.0,0.0,85.0,0.0,247,247.0,risk_local_threshold,0.55,False
dapper,lossy,120,100.0,1000,24.94356883456326,33.94762430607923,34.82126839451995,34.99480299428936,31.924178681482466,0.0,0.7242446744200584,0.7401275085102786,21350.0,21.35,21350.0,0.0,0.0,0.0,0.854,0.7868852459016393,0.11592505854800937,0.099,0.6709601873536299,0.0,0.21311475409836064,0.0,14.6,0.0,85.39999999999999,0.0,240,240.0,risk_local_threshold,0.55,False
dapper,lossy,121,100.0,1000,24.890186762682326,33.9509837447526,34.75636721943252,34.9865485323475,33.492023508778345,0.0,0.7226738180182367,0.742756023082611,21550.0,21.55,21550.0,0.0,0.0,0.0,0.862,0.8074245939675174,0.14153132250580047,0.122,0.665893271461717,0.0,0.1925754060324826,0.0,13.8,0.0,86.2,0.0,219,219.0,risk_local_threshold,0.55,False
dapper,lossy,122,100.0,1000,25.08579289471596,34.07524967583675,34.72465675884838,34.92311681265087,32.27970571348556,0.0,0.7253656451784852,0.741850036790813,21475.0,21.475,21475.0,0.0,0.0,0.0,0.859,0.7753201396973225,0.11874272409778813,0.102,0.6565774155995343,0.0,0.22467986030267753,0.0,14.099999999999998,0.0,85.9,0.0,224,224.0,risk_local_threshold,0.55,False
dapper,lossy,123,100.0,1000,24.817178107343594,33.97858252982191,34.71884738710505,34.9640180768012,32.754011036090525,0.0,0.725177200048534,0.7442246359291818,20950.0,20.95,20950.0,0.0,0.0,0.0,0.838,0.7947494033412887,0.13723150357995226,0.115,0.6575178997613366,0.0,0.2052505966587112,0.0,16.2,0.0,83.8,0.0,264,264.0,risk_local_threshold,0.55,False
dapper,lossy,124,100.0,1000,25.144076835710404,34.0084817041087,34.82162623829404,34.999930978152555,34.300165164450824,0.0,0.7252006399861742,0.7470393001114992,21200.0,21.2,21200.0,0.0,0.0,0.0,0.848,0.8301886792452831,0.15566037735849056,0.132,0.6745283018867925,0.0,0.16981132075471697,0.0,15.2,0.0,84.8,0.0,266,266.0,risk_local_threshold,0.55,False
dapper,lossy,125,100.0,1000,25.290207315525716,34.07810779324134,34.85987931432081,34.99675173862079,32.330063763065695,0.0,0.725008358044021,0.7403200679179945,20625.0,20.625,20625.0,0.0,0.0,0.0,0.825,0.7890909090909091,0.12484848484848485,0.103,0.6642424242424242,0.0,0.2109090909090909,0.0,17.5,0.0,82.5,0.0,272,272.0,risk_local_threshold,0.55,False
dapper,lossy,126,100.0,1000,25.012306557377276,34.01851118868758,34.87231873366858,34.99707928007821,32.618664549589376,0.0,0.7223553858756083,0.7393635054930499,21400.0,21.4,21400.0,0.0,0.0,0.0,0.856,0.8072429906542056,0.12733644859813084,0.109,0.6799065420560748,0.0,0.1927570093457944,0.0,14.399999999999999,0.0,85.6,0.0,244,244.0,risk_local_threshold,0.55,False
dapper,lossy,127,100.0,1000,24.933813775828348,34.03862120823819,34.851014551058256,34.985303846764054,33.56619168041211,0.0,0.7254720911704587,0.7452382264546936,20750.0,20.75,20750.0,0.0,0.0,0.0,0.83,0.7698795180722892,0.1493975903614458,0.124,0.6204819277108434,0.0,0.23012048192771084,0.0,17.0,0.0,83.0,0.0,260,260.0,risk_local_threshold,0.55,False
dapper,lossy,128,100.0,1000,25.361525346794913,34.112832194106765,34.722796126768856,34.99638466136344,32.76319357328395,0.0,0.7258146565752936,0.7426695638145068,20900.0,20.9,20900.0,0.0,0.0,0.0,0.836,0.8145933014354066,0.1291866028708134,0.108,0.6854066985645934,0.0,0.1854066985645933,0.0,16.400000000000002,0.0,83.6,0.0,277,277.0,risk_local_threshold,0.55,False
dapper,lossy,129,100.0,1000,24.956002553810663,34.060395492680186,34.85750602439408,34.980831653703675,32.07984707065933,0.0,0.7240405957959037,0.7403645338561798,21500.0,21.5,21500.0,0.0,0.0,0.0,0.86,0.8081395348837209,0.1186046511627907,0.102,0.6895348837209302,0.0,0.19186046511627908,0.0,14.000000000000002,0.0,86.0,0.0,239,239.0,risk_local_threshold,0.55,False
dapper,variable,100,100.0,1000,19.847097399190012,33.61420558459003,34.76027410675784,34.95054826151675,21.97468170885308,0.0,0.7259116438296801,0.7309100495998946,5375.0,5.375,5375.0,0.284,0.216,0.0,0.215,0.9116279069767442,0.15348837209302327,0.033,0.7581395348837209,0.0,0.08837209302325581,0.0,56.89999999999999,0.0,21.5,21.6,342,342.0,risk_local_threshold,0.55,False
dapper,variable,101,100.0,1000,19.873228370530978,33.51859359353788,34.716729365681125,34.99816501848515,22.429717590864318,0.0,0.7275598148950951,0.7338505135735993,6025.0,6.025,6025.0,0.256,0.2,0.0,0.241,0.9294605809128631,0.15767634854771784,0.038,0.7717842323651453,0.0,0.07053941908713693,0.0,55.900000000000006,0.0,24.099999999999998,20.0,331,331.0,risk_local_threshold,0.55,False
dapper,variable,102,100.0,1000,21.725835154751234,33.952084801243224,34.85412725538718,34.995332379528136,24.55018827202417,0.0,0.7253923428217819,0.7325011631642455,6075.0,6.075,6075.0,0.167,0.131,0.0,0.243,0.9012345679012346,0.1728395061728395,0.042,0.7283950617283951,0.0,0.09876543209876543,0.0,62.6,0.0,24.3,13.100000000000001,304,304.0,risk_local_threshold,0.55,False
dapper,variable,103,100.0,1000,19.512093113412188,33.581179869308166,34.6745142049723,34.99051342908312,21.536858533775952,0.0,0.7264145780785138,0.7316018841146493,5975.0,5.975,5975.0,0.315,0.239,0.0,0.239,0.9079497907949791,0.12552301255230125,0.03,0.7824267782426778,0.0,0.09205020920502092,0.0,52.2,0.0,23.9,23.9,358,358.0,risk_local_threshold,0.55,False
dapper,variable,104,100.0,1000,21.518439904160722,33.92297556550541,34.71580596411837,34.944614204784195,24.19286560109536,0.0,0.727405744674525,0.7335000817049102,5675.0,5.675,5675.0,0.187,0.143,0.0,0.227,0.920704845814978,0.1762114537444934,0.04,0.7444933920704846,0.0,0.07929515418502203,0.0,63.0,0.0,22.7,14.299999999999999,297,297.0,risk_local_threshold,0.55,False
dapper,variable,105,100.0,1000,20.409246302565197,33.52133876628223,34.7773651787171,34.98077376103997,23.376413958481,0.0,0.726150768098847,0.7330994621409599,6100.0,6.1,6100.0,0.238,0.184,0.0,0.244,0.9467213114754098,0.1762295081967213,0.043,0.7704918032786885,0.0,0.05327868852459016,0.0,57.199999999999996,0.0,24.4,18.4,334,334.0,risk_local_threshold,0.55,False
dapper,variable,106,100.0,1000,21.59372391817589,33.5305156645498,34.67586933903363,34.993851868805095,24.22464112131524,0.0,0.7255234671581106,0.7321782081483472,5525.0,5.525,5525.0,0.175,0.136,0.0,0.221,0.9366515837104072,0.18099547511312217,0.04,0.755656108597285,0.0,0.06334841628959276,0.0,64.3,0.0,22.1,13.600000000000001,290,290.0,risk_local_threshold,0.55,False
dapper,variable,107,100.0,1000,20.056441701403287,33.56666120695883,34.6268453225655,34.98148819897819,22.290948278842663,0.0,0.7240116849833446,0.729203334796121,4925.0,4.925,4925.0,0.261,0.201,0.0,0.197,0.9137055837563451,0.16751269035532995,0.033,0.7461928934010152,0.0,0.08629441624365482,0.0,60.199999999999996,0.0,19.7,20.1,301,301.0,risk_local_threshold,0.55,False
dapper,variable,108,100.0,1000,20.480881005394448,33.99159903353784,34.77692101060002,34.94872090187498,23.301428970536026,0.0,0.7260048286422379,0.7332002127738215,6000.0,6.0,6000.0,0.26,0.196,0.0,0.24,0.925,0.175,0.042,0.75,0.0,0.075,0.0,56.39999999999999,0.0,24.0,19.6,334,334.0,risk_local_threshold,0.55,False
dapper,variable,109,100.0,1000,21.210997956041414,33.76823065319891,34.76110730262953,34.98660651522982,23.060011675214664,0.0,0.7239038673745836,0.7281507289543079,5375.0,5.375,5375.0,0.203,0.156,0.0,0.215,0.9348837209302325,0.12558139534883722,0.027,0.8093023255813954,0.0,0.06511627906976744,0.0,62.9,0.0,21.5,15.6,311,311.0,risk_local_threshold,0.55,False
dapper,variable,110,100.0,1000,20.982663888093814,33.908831310824965,34.67822534775889,34.98146709760653,22.85841796982215,0.0,0.7252583766377324,0.7294279576298566,5500.0,5.5,5500.0,0.226,0.171,0.0,0.22,0.9181818181818182,0.12727272727272726,0.028,0.7909090909090909,0.0,0.08181818181818182,0.0,60.9,0.0,22.0,17.1,315,315.0,risk_local_threshold,0.55,False
dapper,variable,111,100.0,1000,21.15036747714493,33.79838354481562,34.723349040720166,34.97684653932659,23.898246545335653,0.0,0.7257443855359366,0.7321232698987364,6050.0,6.05,6050.0,0.216,0.166,0.0,0.242,0.9297520661157025,0.16942148760330578,0.041,0.7603305785123967,0.0,0.07024793388429752,0.0,59.199999999999996,0.0,24.2,16.6,312,312.0,risk_local_threshold,0.55,False
dapper,variable,112,100.0,1000,21.078172240720427,34.0565418294024,34.79412676903375,34.95854802039493,24.212262504548903,0.0,0.728773769620013,0.7356621447394286,6425.0,6.425,6425.0,0.215,0.162,0.0,0.257,0.9455252918287937,0.17898832684824903,0.046,0.7665369649805448,0.0,0.054474708171206226,0.0,58.099999999999994,0.0,25.7,16.2,324,324.0,risk_local_threshold,0.55,False
dapper,variable,113,100.0,1000,21.273906223598555,33.57682626381407,34.78843892853948,34.96829040868747,22.896912929005918,0.0,0.7263068757945752,0.7298801650003229,5800.0,5.8,5800.0,0.197,0.15,0.0,0.232,0.9396551724137931,0.10344827586206896,0.024,0.8362068965517241,0.0,0.0603448275862069,0.0,61.8,0.0,23.200000000000003,15.0,301,301.0,risk_local_threshold,0.55,False
dapper,variable,114,100.0,1000,19.651478679764644,33.53883646549626,34.61117657596823,34.99588156157893,21.80082481738994,0.0,0.7222741502329159,0.7272650507331792,4450.0,4.45,4450.0,0.266,0.205,0.0,0.178,0.9044943820224719,0.1797752808988764,0.032,0.7247191011235955,0.0,0.09550561797752809,0.0,61.7,0.0,17.8,20.5,333,333.0,risk_local_threshold,0.55,False
dapper,variable,115,100.0,1000,21.45827282696581,33.34691437699113,34.626745067103904,34.87718954629805,24.548942824019623,0.0,0.7230935571850724,0.7305974128658156,5350.0,5.35,5350.0,0.176,0.137,0.0,0.214,0.9065420560747663,0.2102803738317757,0.045,0.6962616822429907,0.0,0.09345794392523364,0.0,64.9,0.0,21.4,13.700000000000001,290,290.0,risk_local_threshold,0.55,False
dapper,variable,116,100.0,1000,20.840460970931165,33.98344969197258,34.76841725790863,34.94714462527301,22.676296011280233,0.0,0.7289372186607409,0.7337824041177154,4900.0,4.9,4900.0,0.239,0.184,0.0,0.196,0.9336734693877551,0.1377551020408163,0.027,0.7959183673469388,0.0,0.0663265306122449,0.0,62.0,0.0,19.6,18.4,294,294.0,risk_local_threshold,0.55,False
dapper,variable,117,100.0,1000,22.76021868961211,34.240173789397694,34.82080355680936,34.990866631104254,24.340232113684532,0.0,0.7236897900442029,0.7274013833791875,6150.0,6.15,6150.0,0.132,0.1,0.0,0.246,0.9146341463414634,0.09349593495934959,0.023,0.8211382113821138,0.0,0.08536585365853659,0.0,65.4,0.0,24.6,10.0,296,296.0,risk_local_threshold,0.55,False
dapper,variable,118,100.0,1000,21.19990772515089,33.5101571170854,34.37942051281876,34.868091607089696,24.795661088368785,0.0,0.7251742139285398,0.7332718839678496,6650.0,6.65,6650.0,0.193,0.148,0.0,0.266,0.9323308270676691,0.19548872180451127,0.052,0.7368421052631579,0.0,0.06766917293233082,0.0,58.599999999999994,0.0,26.6,14.799999999999999,320,320.0,risk_local_threshold,0.55,False
dapper,variable,119,100.0,1000,20.98980792595105,33.65904383541709,34.57959716197339,34.99635852821138,23.759955843587026,0.0,0.7248011782863056,0.731759718303051,5900.0,5.9,5900.0,0.218,0.166,0.0,0.236,0.9279661016949152,0.17372881355932204,0.041,0.7542372881355932,0.0,0.07203389830508475,0.0,59.8,0.0,23.599999999999998,16.6,303,303.0,risk_local_threshold,0.55,False
dapper,variable,120,100.0,1000,21.637219680970638,33.96526001626422,34.71258654891299,34.99491157025027,24.157473320400253,0.0,0.7236256274039456,0.7299055176505913,7075.0,7.075,7075.0,0.179,0.134,0.0,0.283,0.9399293286219081,0.13074204946996468,0.037,0.8091872791519434,0.0,0.06007067137809187,0.0,58.3,0.0,28.299999999999997,13.4,319,319.0,risk_local_threshold,0.55,False
dapper,variable,121,100.0,1000,20.769854338698046,33.76407787463392,34.80089032279628,34.994688323129196,24.68125200719413,0.0,0.7246801812954811,0.7345887093906228,6775.0,6.775,6775.0,0.217,0.168,0.0,0.271,0.948339483394834,0.2140221402214022,0.058,0.7343173431734318,0.0,0.05166051660516605,0.0,56.10000000000001,0.0,27.1,16.8,311,311.0,risk_local_threshold,0.55,False
dapper,variable,122,100.0,1000,21.13175821444513,33.694416258508085,34.631522901173106,34.97317679379236,24.23120819446242,0.0,0.727101792089757,0.7340206501603544,5650.0,5.65,5650.0,0.197,0.151,0.0,0.226,0.9557522123893806,0.19911504424778761,0.045,0.7566371681415929,0.0,0.04424778761061947,0.0,62.3,0.0,22.6,15.1,312,312.0,risk_local_threshold,0.55,False
dapper,variable,123,100.0,1000,21.09321361110236,33.79103353765298,34.79488657343286,34.98222422308634,23.181419503996473,0.0,0.7282104611957531,0.7339684088091011,5550.0,5.55,5550.0,0.215,0.164,0.0,0.222,0.9369369369369369,0.14414414414414414,0.032,0.7927927927927928,0.0,0.06306306306306306,0.0,61.4,0.0,22.2,16.400000000000002,318,318.0,risk_local_threshold,0.55,False
dapper,variable,124,100.0,1000,21.732988484636902,33.61582768332837,34.67732058291188,34.996246009129095,23.750766552712175,0.0,0.7242599698219147,0.7290090601287487,6700.0,6.7,6700.0,0.169,0.132,0.0,0.268,0.8955223880597015,0.11194029850746269,0.03,0.7835820895522388,0.0,0.1044776119402985,0.0,60.0,0.0,26.8,13.200000000000001,338,338.0,risk_local_threshold,0.55,False
dapper,variable,125,100.0,1000,20.769788307085673,33.55572104656107,34.7780426012565,34.94952031560075,23.64318483654006,0.0,0.7246252838037862,0.7310543455649272,5925.0,5.925,5925.0,0.222,0.17,0.0,0.237,0.9409282700421941,0.17721518987341772,0.042,0.7637130801687764,0.0,0.05907172995780591,0.0,59.3,0.0,23.7,17.0,320,320.0,risk_local_threshold,0.55,False
dapper,variable,126,100.0,1000,21.1478810158433,33.75159446968112,34.720173914570076,34.997585709381326,23.72466143080774,0.0,0.730137150017489,0.7363161985328225,5775.0,5.775,5775.0,0.21,0.163,0.0,0.231,0.9307359307359307,0.16883116883116883,0.039,0.7619047619047619,0.0,0.06926406926406926,0.0,60.6,0.0,23.1,16.3,315,315.0,risk_local_threshold,0.55,False
dapper,variable,127,100.0,1000,20.660215773075464,34.01155392391131,34.710521322396545,34.9805264786951,22.9640357303438,0.0,0.7254115546748069,0.7311096624471685,5750.0,5.75,5750.0,0.245,0.187,0.0,0.23,0.9521739130434783,0.14347826086956522,0.033,0.808695652173913,0.0,0.04782608695652174,0.0,58.3,0.0,23.0,18.7,329,329.0,risk_local_threshold,0.55,False
dapper,variable,128,100.0,1000,19.588881490818014,33.63444553862527,34.724924465655434,34.96530254190218,21.60420490748735,0.0,0.7261101277963585,0.7302212879187465,4475.0,4.475,4475.0,0.278,0.214,0.0,0.179,0.9162011173184358,0.16201117318435754,0.029,0.7541899441340782,0.0,0.08379888268156424,0.0,60.699999999999996,0.0,17.9,21.4,299,299.0,risk_local_threshold,0.55,False
dapper,variable,129,100.0,1000,21.009790891695804,33.95183803633796,34.77333674805944,34.967648156933706,23.06959798697679,0.0,0.7216296347896245,0.7265740112000998,5425.0,5.425,5425.0,0.227,0.175,0.0,0.217,0.9447004608294931,0.14746543778801843,0.032,0.7972350230414746,0.0,0.055299539170506916,0.0,60.8,0.0,21.7,17.5,312,312.0,risk_local_threshold,0.55,False
dapper,outage,100,100.0,1000,7.390958833110617,31.53222247776869,33.92161243264051,34.99545577037872,7.390958833110617,0.0,0.7256162643603677,0.7256162643603677,0.0,0.0,0.0,1.0,0.735,0.0,0.0,0.0,0.0,0.0,0.0,0.0,0.0,0.0,22.6,0.0,0.0,77.4,422,422.0,risk_local_threshold,0.55,False
dapper,outage,101,100.0,1000,7.394054329988902,31.520563490832846,34.26171430265933,34.94450915915627,7.394054329988902,0.0,0.7269702216094329,0.7269702216094329,0.0,0.0,0.0,1.0,0.736,0.0,0.0,0.0,0.0,0.0,0.0,0.0,0.0,0.0,21.9,0.0,0.0,78.10000000000001,412,412.0,risk_local_threshold,0.55,False
dapper,outage,102,100.0,1000,7.51680019137851,31.462924322041214,34.417701339171714,34.98162652146018,7.51680019137851,0.0,0.725179462474503,0.725179462474503,0.0,0.0,0.0,1.0,0.731,0.0,0.0,0.0,0.0,0.0,0.0,0.0,0.0,0.0,23.200000000000003,0.0,0.0,76.8,422,422.0,risk_local_threshold,0.55,False
dapper,outage,103,100.0,1000,7.378221024983012,31.251434028184203,34.6042054298873,34.981104653112794,7.378221024983012,0.0,0.7262335249696575,0.7262335249696575,0.0,0.0,0.0,1.0,0.735,0.0,0.0,0.0,0.0,0.0,0.0,0.0,0.0,0.0,23.0,0.0,0.0,77.0,429,429.0,risk_local_threshold,0.55,False
dapper,outage,104,100.0,1000,7.568293210290533,31.59395630138461,34.54533747275368,34.97633437705056,7.568293210290533,0.0,0.7263175970031922,0.7263175970031922,0.0,0.0,0.0,1.0,0.728,0.0,0.0,0.0,0.0,0.0,0.0,0.0,0.0,0.0,23.5,0.0,0.0,76.5,422,422.0,risk_local_threshold,0.55,False
dapper,outage,105,100.0,1000,7.519378267796368,31.402502329388795,34.46505659979935,34.921933732182964,7.519378267796368,0.0,0.7248271436420854,0.7248271436420854,0.0,0.0,0.0,1.0,0.732,0.0,0.0,0.0,0.0,0.0,0.0,0.0,0.0,0.0,22.8,0.0,0.0,77.2,417,417.0,risk_local_threshold,0.55,False
dapper,outage,106,100.0,1000,7.549106265746754,31.449714720334896,34.37540672388598,34.964850295506736,7.549106265746754,0.0,0.7212594093828284,0.7212594093828284,0.0,0.0,0.0,1.0,0.732,0.0,0.0,0.0,0.0,0.0,0.0,0.0,0.0,0.0,22.3,0.0,0.0,77.7,414,414.0,risk_local_threshold,0.55,False
dapper,outage,107,100.0,1000,7.495635529917344,31.80791921566703,34.39018497885919,34.99112443015811,7.495635529917344,0.0,0.7250211366010297,0.7250211366010297,0.0,0.0,0.0,1.0,0.733,0.0,0.0,0.0,0.0,0.0,0.0,0.0,0.0,0.0,23.1,0.0,0.0,76.9,422,422.0,risk_local_threshold,0.55,False
dapper,outage,108,100.0,1000,7.251361824662859,31.14265792210696,34.17418822409749,34.97297658698431,7.251361824662859,0.0,0.7266974788453335,0.7266974788453335,0.0,0.0,0.0,1.0,0.736,0.0,0.0,0.0,0.0,0.0,0.0,0.0,0.0,0.0,23.0,0.0,0.0,77.0,426,426.0,risk_local_threshold,0.55,False
dapper,outage,109,100.0,1000,7.685496458575816,31.705170488180077,34.40871885608117,34.88886016594044,7.685496458575816,0.0,0.7258121030951461,0.7258121030951461,0.0,0.0,0.0,1.0,0.729,0.0,0.0,0.0,0.0,0.0,0.0,0.0,0.0,0.0,23.5,0.0,0.0,76.5,427,427.0,risk_local_threshold,0.55,False
dapper,outage,110,100.0,1000,7.355193804523941,30.694822041353905,34.222511546491425,34.969462845702225,7.355193804523941,0.0,0.7245809511185383,0.7245809511185383,0.0,0.0,0.0,1.0,0.735,0.0,0.0,0.0,0.0,0.0,0.0,0.0,0.0,0.0,22.8,0.0,0.0,77.2,425,425.0,risk_local_threshold,0.55,False
dapper,outage,111,100.0,1000,7.398682547644234,31.455362565824643,34.05726657846486,34.958198085831974,7.398682547644234,0.0,0.7280638471067766,0.7280638471067766,0.0,0.0,0.0,1.0,0.732,0.0,0.0,0.0,0.0,0.0,0.0,0.0,0.0,0.0,22.900000000000002,0.0,0.0,77.10000000000001,414,414.0,risk_local_threshold,0.55,False
dapper,outage,112,100.0,1000,7.370625290236145,31.426397231090824,34.038780941246515,34.949972127365655,7.370625290236145,0.0,0.7280606555765715,0.7280606555765715,0.0,0.0,0.0,1.0,0.734,0.0,0.0,0.0,0.0,0.0,0.0,0.0,0.0,0.0,22.1,0.0,0.0,77.9,412,412.0,risk_local_threshold,0.55,False
dapper,outage,113,100.0,1000,7.147796806593906,30.844985093880027,33.96419838510252,34.91680130902314,7.147796806593906,0.0,0.7299582611154545,0.7299582611154545,0.0,0.0,0.0,1.0,0.737,0.0,0.0,0.0,0.0,0.0,0.0,0.0,0.0,0.0,23.200000000000003,0.0,0.0,76.8,437,437.0,risk_local_threshold,0.55,False
dapper,outage,114,100.0,1000,7.501176014095029,31.4914309836508,34.414218678920534,34.97406829855338,7.501176014095029,0.0,0.7224631994341497,0.7224631994341497,0.0,0.0,0.0,1.0,0.728,0.0,0.0,0.0,0.0,0.0,0.0,0.0,0.0,0.0,22.3,0.0,0.0,77.7,398,398.0,risk_local_threshold,0.55,False
dapper,outage,115,100.0,1000,7.428611862088066,30.652007764158807,34.152857588086846,34.990047900593524,7.428611862088066,0.0,0.7262317832361891,0.7262317832361891,0.0,0.0,0.0,1.0,0.735,0.0,0.0,0.0,0.0,0.0,0.0,0.0,0.0,0.0,22.2,0.0,0.0,77.8,413,413.0,risk_local_threshold,0.55,False
dapper,outage,116,100.0,1000,7.310877248374183,30.959598437937885,34.2744524675671,34.84799240200695,7.310877248374183,0.0,0.727895972888168,0.727895972888168,0.0,0.0,0.0,1.0,0.734,0.0,0.0,0.0,0.0,0.0,0.0,0.0,0.0,0.0,23.5,0.0,0.0,76.5,434,434.0,risk_local_threshold,0.55,False
dapper,outage,117,100.0,1000,7.385847848859415,31.09198240986329,34.14712359689956,34.96597639562117,7.385847848859415,0.0,0.7183856901372877,0.7183856901372877,0.0,0.0,0.0,1.0,0.732,0.0,0.0,0.0,0.0,0.0,0.0,0.0,0.0,0.0,21.9,0.0,0.0,78.10000000000001,403,403.0,risk_local_threshold,0.55,False
dapper,outage,118,100.0,1000,7.254554051460061,31.241459127591458,33.60889001037177,34.741923692424066,7.254554051460061,0.0,0.7269199104810466,0.7269199104810466,0.0,0.0,0.0,1.0,0.737,0.0,0.0,0.0,0.0,0.0,0.0,0.0,0.0,0.0,22.0,0.0,0.0,78.0,408,408.0,risk_local_threshold,0.55,False
dapper,outage,119,100.0,1000,7.544636632920723,31.97128927281031,34.12470746616695,34.92690319762808,7.544636632920723,0.0,0.7220765044472426,0.7220765044472426,0.0,0.0,0.0,1.0,0.733,0.0,0.0,0.0,0.0,0.0,0.0,0.0,0.0,0.0,23.599999999999998,0.0,0.0,76.4,434,434.0,risk_local_threshold,0.55,False
dapper,outage,120,100.0,1000,7.2966883444603,30.892941767709793,34.211465224522804,34.99743937003936,7.2966883444603,0.0,0.7277157448014966,0.7277157448014966,0.0,0.0,0.0,1.0,0.733,0.0,0.0,0.0,0.0,0.0,0.0,0.0,0.0,0.0,22.1,0.0,0.0,77.9,410,410.0,risk_local_threshold,0.55,False
dapper,outage,121,100.0,1000,7.333809267763978,31.109084311834984,33.97165026658857,34.64971422730907,7.333809267763978,0.0,0.7274434266949621,0.7274434266949621,0.0,0.0,0.0,1.0,0.738,0.0,0.0,0.0,0.0,0.0,0.0,0.0,0.0,0.0,22.7,0.0,0.0,77.3,427,427.0,risk_local_threshold,0.55,False
dapper,outage,122,100.0,1000,7.251434439695796,30.60696308430699,34.355640534389124,34.986643071399804,7.251434439695796,0.0,0.7230377555986962,0.7230377555986962,0.0,0.0,0.0,1.0,0.738,0.0,0.0,0.0,0.0,0.0,0.0,0.0,0.0,0.0,21.8,0.0,0.0,78.2,412,412.0,risk_local_threshold,0.55,False
dapper,outage,123,100.0,1000,7.348689071341893,31.31477153672879,33.77157051102519,34.93381679406212,7.348689071341893,0.0,0.7249842011830019,0.7249842011830019,0.0,0.0,0.0,1.0,0.734,0.0,0.0,0.0,0.0,0.0,0.0,0.0,0.0,0.0,22.6,0.0,0.0,77.4,416,416.0,risk_local_threshold,0.55,False
dapper,outage,124,100.0,1000,7.660167119732145,32.1804553486177,34.264528586595944,34.941792593643456,7.660167119732145,0.0,0.7230039723105824,0.7230039723105824,0.0,0.0,0.0,1.0,0.731,0.0,0.0,0.0,0.0,0.0,0.0,0.0,0.0,0.0,22.3,0.0,0.0,77.7,400,400.0,risk_local_threshold,0.55,False
dapper,outage,125,100.0,1000,7.350838089581009,31.434653948905787,34.32904496368304,34.97323235440945,7.350838089581009,0.0,0.7221812250823167,0.7221812250823167,0.0,0.0,0.0,1.0,0.733,0.0,0.0,0.0,0.0,0.0,0.0,0.0,0.0,0.0,23.200000000000003,0.0,0.0,76.8,428,428.0,risk_local_threshold,0.55,False
dapper,outage,126,100.0,1000,7.215129876013096,30.710400018658593,33.86622552192073,34.99530404733341,7.215129876013096,0.0,0.725540342550057,0.725540342550057,0.0,0.0,0.0,1.0,0.738,0.0,0.0,0.0,0.0,0.0,0.0,0.0,0.0,0.0,22.6,0.0,0.0,77.4,428,428.0,risk_local_threshold,0.55,False
dapper,outage,127,100.0,1000,7.168677740371282,30.32721903409148,33.88590346281151,34.91862325958482,7.168677740371282,0.0,0.7321660926795039,0.7321660926795039,0.0,0.0,0.0,1.0,0.738,0.0,0.0,0.0,0.0,0.0,0.0,0.0,0.0,0.0,21.9,0.0,0.0,78.10000000000001,409,409.0,risk_local_threshold,0.55,False
dapper,outage,128,100.0,1000,7.182658284101614,30.07092856934142,34.160945540901714,34.96572059102459,7.182658284101614,0.0,0.7245057292187558,0.7245057292187558,0.0,0.0,0.0,1.0,0.736,0.0,0.0,0.0,0.0,0.0,0.0,0.0,0.0,0.0,23.0,0.0,0.0,77.0,428,428.0,risk_local_threshold,0.55,False
dapper,outage,129,100.0,1000,7.192894149462109,30.305709714834187,34.22738591997794,34.97529884555047,7.192894149462109,0.0,0.7266441172681618,0.7266441172681618,0.0,0.0,0.0,1.0,0.738,0.0,0.0,0.0,0.0,0.0,0.0,0.0,0.0,0.0,21.3,0.0,0.0,78.7,404,404.0,risk_local_threshold,0.55,False
dapper,stable,100,100.0,1000,25.279403323317702,33.96035223762113,34.73962355895296,34.988775105687154,51.53514833678389,0.0,0.7265268897628933,0.792417917211626,21350.0,21.35,21350.0,0.0,0.0,0.0,0.854,0.9918032786885246,0.4953161592505855,0.423,0.4964871194379391,0.0,0.00819672131147541,0.0,14.6,0.0,85.39999999999999,0.0,259,259.0,risk_degraded_threshold,0.55,False
dapper,stable,101,100.0,1000,24.820657080469697,33.96040511204254,34.788072376532675,34.99828909781833,53.53675771177409,0.0,0.7249338588619687,0.7978649635318986,21700.0,21.7,21700.0,0.0,0.0,0.0,0.868,0.9896313364055299,0.5288018433179723,0.459,0.4608294930875576,0.0,0.010368663594470046,0.0,13.200000000000001,0.0,86.8,0.0,231,231.0,risk_degraded_threshold,0.55,False
dapper,stable,102,100.0,1000,24.835880473076735,33.70682378335116,34.74818297607158,34.965240972972765,51.8627260021259,0.0,0.727324394359075,0.800034845226407,20900.0,20.9,20900.0,0.0,0.0,0.0,0.836,0.992822966507177,0.5263157894736842,0.44,0.4665071770334928,0.0,0.007177033492822967,0.0,16.400000000000002,0.0,83.6,0.0,284,284.0,risk_degraded_threshold,0.55,False
dapper,stable,103,100.0,1000,24.972078044518216,34.293187186352334,34.89307765319619,34.99802137082616,53.372703891643845,0.0,0.7236659440861409,0.7991290672988378,21525.0,21.525,21525.0,0.0,0.0,0.0,0.861,0.9883855981416957,0.5342624854819977,0.46,0.454123112659698,0.0,0.011614401858304297,0.0,13.900000000000002,0.0,86.1,0.0,237,237.0,risk_degraded_threshold,0.55,False
dapper,stable,104,100.0,1000,24.98622097286207,33.860115377670134,34.74837408619961,34.98656616097203,51.037343944723006,0.0,0.7240926018777877,0.7898578469524961,21900.0,21.9,21900.0,0.0,0.0,0.0,0.876,0.9920091324200914,0.4794520547945205,0.42,0.5125570776255708,0.0,0.007990867579908675,0.0,12.4,0.0,87.6,0.0,220,220.0,risk_degraded_threshold,0.55,False
dapper,stable,105,100.0,1000,24.85634769037545,33.82025179084476,34.62504012903672,34.93314580405199,51.59710330911793,0.0,0.7262361051095783,0.7959250227091806,21250.0,21.25,21250.0,0.0,0.0,0.0,0.85,0.9905882352941177,0.5105882352941177,0.434,0.48,0.0,0.009411764705882352,0.0,15.0,0.0,85.0,0.0,256,256.0,risk_degraded_threshold,0.55,False
dapper,stable,106,100.0,1000,24.716410963251104,33.86074949026578,34.68730165917939,34.933586993197196,52.69637342008328,0.0,0.7229428904328138,0.7962430814491968,21425.0,21.425,21425.0,0.0,0.0,0.0,0.857,0.9918319719953326,0.5227537922987164,0.448,0.4690781796966161,0.0,0.008168028004667444,0.0,14.299999999999999,0.0,85.7,0.0,252,252.0,risk_degraded_threshold,0.55,False
dapper,stable,107,100.0,1000,24.88557902804772,33.83424628214373,34.89267109559948,34.9936438529993,53.380353744565205,0.0,0.7245133185042392,0.7993133636844371,22025.0,22.025,22025.0,0.0,0.0,0.0,0.881,0.9886492622020431,0.5187287173666288,0.457,0.4699205448354143,0.0,0.011350737797956867,0.0,11.899999999999999,0.0,88.1,0.0,198,198.0,risk_degraded_threshold,0.55,False
dapper,stable,108,100.0,1000,25.235897183714567,34.2868707566229,34.87218349603604,34.989690121554816,51.92467360201944,0.0,0.7254394152220247,0.7967132376294662,21500.0,21.5,21500.0,0.0,0.0,0.0,0.86,0.9872093023255814,0.5023255813953489,0.432,0.4848837209302326,0.0,0.012790697674418604,0.0,14.000000000000002,0.0,86.0,0.0,231,231.0,risk_degraded_threshold,0.55,False
dapper,stable,109,100.0,1000,25.268964708760926,34.15910526808331,34.79620852522923,34.94284900848466,51.53790445445115,0.0,0.7225069831603355,0.7908717000411818,21775.0,21.775,21775.0,0.0,0.0,0.0,0.871,0.9850746268656716,0.4845005740528129,0.422,0.5005740528128588,0.0,0.014925373134328358,0.0,12.9,0.0,87.1,0.0,228,228.0,risk_degraded_threshold,0.55,False
dapper,stable,110,100.0,1000,24.978043487255007,33.957417382454665,34.80033649104111,34.99011804008187,51.64725260956925,0.0,0.7239727698806182,0.7935801521646344,21400.0,21.4,21400.0,0.0,0.0,0.0,0.856,0.985981308411215,0.5035046728971962,0.431,0.4824766355140187,0.0,0.014018691588785047,0.0,14.399999999999999,0.0,85.6,0.0,261,261.0,risk_degraded_threshold,0.55,False
dapper,stable,111,100.0,1000,25.491345575881343,33.99942489704205,34.77294614292747,34.98882482505357,52.77932606666301,0.0,0.7264559107913696,0.7988751227250941,20975.0,20.975,20975.0,0.0,0.0,0.0,0.839,0.9916567342073898,0.5256257449344458,0.441,0.466030989272944,0.0,0.00834326579261025,0.0,16.1,0.0,83.89999999999999,0.0,276,276.0,risk_degraded_threshold,0.55,False
dapper,stable,112,100.0,1000,25.044635098675773,33.93678625080242,34.80594764992258,34.978994945141224,52.774438295965986,0.0,0.7245903067601731,0.7942867336915719,21700.0,21.7,21700.0,0.0,0.0,0.0,0.868,0.9919354838709677,0.5103686635944701,0.443,0.4815668202764977,0.0,0.008064516129032258,0.0,13.200000000000001,0.0,86.8,0.0,220,220.0,risk_degraded_threshold,0.55,False
dapper,stable,113,100.0,1000,24.924957379086543,33.92528008813723,34.852479041190236,34.99387303551587,50.565197370598845,0.0,0.725184772552611,0.7910288053494875,21600.0,21.6,21600.0,0.0,0.0,0.0,0.864,0.9826388888888888,0.48032407407407407,0.415,0.5023148148148148,0.0,0.017361111111111112,0.0,13.600000000000001,0.0,86.4,0.0,239,239.0,risk_degraded_threshold,0.55,False
dapper,stable,114,100.0,1000,25.128438548268,33.86993382489312,34.786318253661975,34.99771913787838,53.866453690073165,0.0,0.7237524930795687,0.7977940224588013,21900.0,21.9,21900.0,0.0,0.0,0.0,0.876,0.9908675799086758,0.5308219178082192,0.465,0.4600456621004566,0.0,0.0091324200913242,0.0,12.4,0.0,87.6,0.0,214,214.0,risk_degraded_threshold,0.55,False
dapper,stable,115,100.0,1000,25.094705607799348,34.162413089123824,34.74465384721523,34.970565607066455,51.94937303752475,0.0,0.7245886848920773,0.7944537871206474,21750.0,21.75,21750.0,0.0,0.0,0.0,0.87,0.9873563218390805,0.5011494252873563,0.436,0.4862068965517241,0.0,0.01264367816091954,0.0,13.0,0.0,87.0,0.0,219,219.0,risk_degraded_threshold,0.55,False
dapper,stable,116,100.0,1000,25.028301912688907,34.05041769477859,34.88445460350265,34.99403448766891,54.211607535281885,0.0,0.7244573126145593,0.798391101095973,21750.0,21.75,21750.0,0.0,0.0,0.0,0.87,0.9942528735632183,0.5448275862068965,0.474,0.4494252873563218,0.0,0.005747126436781609,0.0,13.0,0.0,87.0,0.0,221,221.0,risk_degraded_threshold,0.55,False
dapper,stable,117,100.0,1000,24.997182216762514,33.94211020128963,34.806950360419165,34.98156739475102,51.94396103000347,0.0,0.7238166310991714,0.7935256482510197,21850.0,21.85,21850.0,0.0,0.0,0.0,0.874,0.9862700228832952,0.4897025171624714,0.428,0.4965675057208238,0.0,0.013729977116704805,0.0,12.6,0.0,87.4,0.0,226,226.0,risk_degraded_threshold,0.55,False
dapper,stable,118,100.0,1000,25.026589048763064,34.146334679362305,34.835239525322194,34.964244111574146,52.20873167600773,0.0,0.7280528994609765,0.7960765304196257,21475.0,21.475,21475.0,0.0,0.0,0.0,0.859,0.9906868451688009,0.5075669383003493,0.436,0.4831199068684517,0.0,0.009313154831199068,0.0,14.099999999999998,0.0,85.9,0.0,244,244.0,risk_degraded_threshold,0.55,False
dapper,stable,119,100.0,1000,24.80107188012856,34.00280379558126,34.81754573602827,34.936826663719394,53.78667209236602,0.0,0.7243707963012889,0.799875204249307,21925.0,21.925,21925.0,0.0,0.0,0.0,0.877,0.9874572405929305,0.5324971493728621,0.467,0.4549600912200684,0.0,0.012542759407069556,0.0,12.3,0.0,87.7,0.0,228,228.0,risk_degraded_threshold,0.55,False
dapper,stable,120,100.0,1000,25.000139802139184,33.83887438020657,34.75482963071029,34.96519781982063,52.586658253654925,0.0,0.7247996031934949,0.7950348677637523,21800.0,21.8,21800.0,0.0,0.0,0.0,0.872,0.9839449541284404,0.5103211009174312,0.445,0.4736238532110092,0.0,0.016055045871559634,0.0,12.8,0.0,87.2,0.0,212,212.0,risk_degraded_threshold,0.55,False
dapper,stable,121,100.0,1000,24.870142370806825,34.08802278656587,34.79782372711737,34.96061084968983,51.218892289603616,0.0,0.7235062491591376,0.7917923991779289,21800.0,21.8,21800.0,0.0,0.0,0.0,0.872,0.9862385321100917,0.48394495412844035,0.422,0.5022935779816514,0.0,0.013761467889908258,0.0,12.8,0.0,87.2,0.0,219,219.0,risk_degraded_threshold,0.55,False
dapper,stable,122,100.0,1000,24.829111935230273,33.958468133447,34.74506049633189,34.924143640943036,53.271418624119164,0.0,0.7259117747422895,0.7982645293058339,21950.0,21.95,21950.0,0.0,0.0,0.0,0.878,0.9886104783599089,0.5148063781321185,0.452,0.47380410022779046,0.0,0.011389521640091117,0.0,12.2,0.0,87.8,0.0,200,200.0,risk_degraded_threshold,0.55,False
dapper,stable,123,100.0,1000,25.35470141463279,34.01400394209814,34.728637206489786,34.90743937957425,51.64158095400979,0.0,0.7231039957478556,0.7928850748486099,22225.0,22.225,22225.0,0.0,0.0,0.0,0.889,0.9820022497187851,0.4769403824521935,0.424,0.5050618672665916,0.0,0.01799775028121485,0.0,11.1,0.0,88.9,0.0,196,196.0,risk_degraded_threshold,0.55,False
dapper,stable,124,100.0,1000,25.00583269004324,34.03261405514325,34.80612955591713,34.95256595801938,50.8126236179597,0.0,0.7270004160651047,0.7942088997255117,21000.0,21.0,21000.0,0.0,0.0,0.0,0.84,0.9928571428571429,0.49642857142857144,0.417,0.49642857142857144,0.0,0.007142857142857143,0.0,16.0,0.0,84.0,0.0,280,280.0,risk_degraded_threshold,0.55,False
dapper,stable,125,100.0,1000,24.9867591189863,33.982185709447386,34.8021659840167,34.99165214842439,53.959249959158115,0.0,0.7268533605073024,0.7989657788847586,21650.0,21.65,21650.0,0.0,0.0,0.0,0.866,0.9919168591224018,0.5323325635103926,0.461,0.45958429561200925,0.0,0.008083140877598153,0.0,13.4,0.0,86.6,0.0,238,238.0,risk_degraded_threshold,0.55,False
dapper,stable,126,100.0,1000,24.628886386363657,33.70638744138536,34.672811784104226,34.983867296625746,53.134621864449656,0.0,0.726794351381784,0.8009463128693688,21175.0,21.175,21175.0,0.0,0.0,0.0,0.847,0.9881936245572609,0.5419126328217237,0.459,0.4462809917355372,0.0,0.011806375442739079,0.0,15.299999999999999,0.0,84.7,0.0,252,252.0,risk_degraded_threshold,0.55,False
dapper,stable,127,100.0,1000,25.164646066804526,34.17312143282042,34.80106095916998,34.970740898815485,54.30743225703345,0.0,0.7237258806201099,0.7969399991420358,22125.0,22.125,22125.0,0.0,0.0,0.0,0.885,0.9909604519774011,0.5276836158192091,0.467,0.4632768361581921,0.0,0.00903954802259887,0.0,11.5,0.0,88.5,0.0,207,207.0,risk_degraded_threshold,0.55,False
dapper,stable,128,100.0,1000,25.178185128090664,33.92859815320874,34.67968897440042,34.972660274630584,53.589153958153254,0.0,0.7271450910033325,0.7988558762020542,21425.0,21.425,21425.0,0.0,0.0,0.0,0.857,0.9836639439906651,0.5309218203033839,0.455,0.45274212368728123,0.0,0.01633605600933489,0.0,14.299999999999999,0.0,85.7,0.0,237,237.0,risk_degraded_threshold,0.55,False
dapper,stable,129,100.0,1000,25.217209562918274,34.07064808785484,34.83459462785327,34.9933571344785,53.065152250426124,0.0,0.722736266433297,0.7957788932941594,21825.0,21.825,21825.0,0.0,0.0,0.0,0.873,0.9896907216494846,0.5131729667812142,0.448,0.4765177548682703,0.0,0.010309278350515464,0.0,12.7,0.0,87.3,0.0,214,214.0,risk_degraded_threshold,0.55,False
dapper,congested,100,100.0,1000,19.979964860171386,33.62954226098421,34.65141066569173,34.97404020175507,19.979964860171386,0.0,0.7213391998448537,0.7213391998448537,0.0,0.0,0.0,0.239,0.209,0.0,0.0,0.0,0.0,0.0,0.0,0.0,0.0,0.0,76.1,0.0,0.0,23.9,168,168.0,risk_degraded_threshold,0.55,False
dapper,congested,101,100.0,1000,19.063255644925963,33.89687552536033,34.80933754586383,34.99327875607795,19.063255644925963,0.0,0.7231662417601219,0.7231662417601219,0.0,0.0,0.0,0.288,0.259,0.0,0.0,0.0,0.0,0.0,0.0,0.0,0.0,0.0,71.2,0.0,0.0,28.799999999999997,245,245.0,risk_degraded_threshold,0.55,False
dapper,congested,102,100.0,1000,20.118871222162618,33.73690727141874,34.61179172094809,34.95025721174826,20.118871222162618,0.0,0.7272520569362192,0.7272520569362192,0.0,0.0,0.0,0.223,0.198,0.0,0.0,0.0,0.0,0.0,0.0,0.0,0.0,0.0,77.7,0.0,0.0,22.3,185,185.0,risk_degraded_threshold,0.55,False
dapper,congested,103,100.0,1000,20.70108568218076,33.928101927867694,34.66206746564975,34.985893217625524,20.70108568218076,0.0,0.7243315568210799,0.7243315568210799,0.0,0.0,0.0,0.207,0.183,0.0,0.0,0.0,0.0,0.0,0.0,0.0,0.0,0.0,79.3,0.0,0.0,20.7,164,164.0,risk_degraded_threshold,0.55,False
dapper,congested,104,100.0,1000,20.092124255383325,33.06868754390645,34.54261099547648,34.94139484896046,20.092124255383325,0.0,0.726047265451992,0.726047265451992,0.0,0.0,0.0,0.225,0.2,0.0,0.0,0.0,0.0,0.0,0.0,0.0,0.0,0.0,77.5,0.0,0.0,22.5,167,167.0,risk_degraded_threshold,0.55,False
dapper,congested,105,100.0,1000,20.453832313359527,33.87250247635813,34.86009343610894,34.98145078352877,20.453832313359527,0.0,0.7239733440554502,0.7239733440554502,25.0,0.025,25.0,0.207,0.185,0.0,0.001,1.0,0.0,0.0,1.0,0.0,0.0,0.0,79.2,0.0,0.1,20.7,188,188.0,risk_degraded_threshold,0.55,False
dapper,congested,106,100.0,1000,20.525020997929897,33.72404115487048,34.70581626162212,34.98979405154197,20.525020997929897,0.0,0.7250209970598772,0.7250209970598772,0.0,0.0,0.0,0.202,0.184,0.0,0.0,0.0,0.0,0.0,0.0,0.0,0.0,0.0,79.80000000000001,0.0,0.0,20.200000000000003,182,182.0,risk_degraded_threshold,0.55,False
dapper,congested,107,100.0,1000,19.738668818161266,33.636776777784355,34.75951823316668,34.94833905393857,19.738668818161266,0.0,0.7240512980844152,0.7240512980844152,0.0,0.0,0.0,0.238,0.212,0.0,0.0,0.0,0.0,0.0,0.0,0.0,0.0,0.0,76.2,0.0,0.0,23.799999999999997,198,198.0,risk_degraded_threshold,0.55,False
dapper,congested,108,100.0,1000,19.852098857092543,33.71445231105829,34.79939129825002,34.99655745974279,19.852098857092543,0.0,0.722290615989806,0.722290615989806,0.0,0.0,0.0,0.234,0.214,0.0,0.0,0.0,0.0,0.0,0.0,0.0,0.0,0.0,76.6,0.0,0.0,23.400000000000002,212,212.0,risk_degraded_threshold,0.55,False
dapper,congested,109,100.0,1000,20.093560958924595,33.660501241566834,34.695566388216335,34.98925809716232,20.093560958924595,0.0,0.7236253897022922,0.7236253897022922,0.0,0.0,0.0,0.228,0.202,0.0,0.0,0.0,0.0,0.0,0.0,0.0,0.0,0.0,77.2,0.0,0.0,22.8,186,186.0,risk_degraded_threshold,0.55,False
dapper,congested,110,100.0,1000,20.815973632054686,33.557284574366,34.5830630335746,34.90888622322395,20.815973632054686,0.0,0.7249869975935881,0.7249869975935881,0.0,0.0,0.0,0.183,0.166,0.0,0.0,0.0,0.0,0.0,0.0,0.0,0.0,0.0,81.69999999999999,0.0,0.0,18.3,182,182.0,risk_degraded_threshold,0.55,False
dapper,congested,111,100.0,1000,19.6763684174277,33.865487488542676,34.72270019600682,34.96241421096305,19.6763684174277,0.0,0.7252637263933288,0.7252637263933288,0.0,0.0,0.0,0.252,0.226,0.0,0.0,0.0,0.0,0.0,0.0,0.0,0.0,0.0,74.8,0.0,0.0,25.2,218,218.0,risk_degraded_threshold,0.55,False
dapper,congested,112,100.0,1000,19.788976005515572,33.60789794181311,34.70251475934818,34.985906989642146,19.788976005515572,0.0,0.7272150832006326,0.7272150832006326,0.0,0.0,0.0,0.246,0.22,0.0,0.0,0.0,0.0,0.0,0.0,0.0,0.0,0.0,75.4,0.0,0.0,24.6,196,196.0,risk_degraded_threshold,0.55,False
dapper,congested,113,100.0,1000,19.681410135604935,33.76878380904294,34.68712577922179,34.98424994294581,19.681410135604935,0.0,0.7258341531608131,0.7258341531608131,0.0,0.0,0.0,0.239,0.22,0.0,0.0,0.0,0.0,0.0,0.0,0.0,0.0,0.0,76.1,0.0,0.0,23.9,224,224.0,risk_degraded_threshold,0.55,False
dapper,congested,114,100.0,1000,19.411642861835396,33.74388475757143,34.81550796069282,34.950166610266486,19.411642861835396,0.0,0.7306559253689513,0.7306559253689513,0.0,0.0,0.0,0.261,0.233,0.0,0.0,0.0,0.0,0.0,0.0,0.0,0.0,0.0,73.9,0.0,0.0,26.1,190,190.0,risk_degraded_threshold,0.55,False
dapper,congested,115,100.0,1000,20.686546232173587,33.70542014872765,34.74232408658665,34.95249465072264,20.686546232173587,0.0,0.723005646090937,0.723005646090937,0.0,0.0,0.0,0.206,0.185,0.0,0.0,0.0,0.0,0.0,0.0,0.0,0.0,0.0,79.4,0.0,0.0,20.599999999999998,178,178.0,risk_degraded_threshold,0.55,False
dapper,congested,116,100.0,1000,20.435909435701383,33.72135022389804,34.69191428404744,34.9771698353159,20.435909435701383,0.0,0.7249888025986322,0.7249888025986322,0.0,0.0,0.0,0.234,0.207,0.0,0.0,0.0,0.0,0.0,0.0,0.0,0.0,0.0,76.6,0.0,0.0,23.400000000000002,187,187.0,risk_degraded_threshold,0.55,False
dapper,congested,117,100.0,1000,20.299443028346307,33.61147292873944,34.55365802433682,34.994340946660934,20.299443028346307,0.0,0.7248116122152558,0.7248116122152558,25.0,0.025,25.0,0.204,0.184,0.0,0.001,1.0,0.0,0.0,1.0,0.0,0.0,0.0,79.5,0.0,0.1,20.4,194,194.0,risk_degraded_threshold,0.55,False
dapper,congested,118,100.0,1000,20.814284010102433,33.81108267251912,34.739463150780566,34.94095401442569,20.814284010102433,0.0,0.728611183899678,0.728611183899678,0.0,0.0,0.0,0.202,0.181,0.0,0.0,0.0,0.0,0.0,0.0,0.0,0.0,0.0,79.80000000000001,0.0,0.0,20.200000000000003,179,179.0,risk_degraded_threshold,0.55,False
dapper,congested,119,100.0,1000,20.487628716268606,33.74526838280483,34.76804334340868,34.97944595589328,20.487628716268606,0.0,0.7246982316649254,0.7246982316649254,0.0,0.0,0.0,0.215,0.196,0.0,0.0,0.0,0.0,0.0,0.0,0.0,0.0,0.0,78.5,0.0,0.0,21.5,187,187.0,risk_degraded_threshold,0.55,False
dapper,congested,120,100.0,1000,19.890419365627007,33.77546157725305,34.773357817889625,34.985958566309606,19.890419365627007,0.0,0.7237406980278699,0.7237406980278699,0.0,0.0,0.0,0.233,0.213,0.0,0.0,0.0,0.0,0.0,0.0,0.0,0.0,0.0,76.7,0.0,0.0,23.3,222,222.0,risk_degraded_threshold,0.55,False
dapper,congested,121,100.0,1000,19.424604628808137,33.479193780417866,34.7194150235305,34.996277370025744,19.424604628808137,0.0,0.7230528352723077,0.7230528352723077,0.0,0.0,0.0,0.255,0.229,0.0,0.0,0.0,0.0,0.0,0.0,0.0,0.0,0.0,74.5,0.0,0.0,25.5,228,228.0,risk_degraded_threshold,0.55,False
dapper,congested,122,100.0,1000,19.929105773408992,33.54021751803886,34.732205072585096,34.91653465760954,19.929105773408992,0.0,0.7256064982248076,0.7256064982248076,0.0,0.0,0.0,0.226,0.202,0.0,0.0,0.0,0.0,0.0,0.0,0.0,0.0,0.0,77.4,0.0,0.0,22.6,194,194.0,risk_degraded_threshold,0.55,False
dapper,congested,123,100.0,1000,20.46325770235387,33.78503726191147,34.762512357680826,34.98883073588995,20.46325770235387,0.0,0.7221532608641584,0.7221532608641584,0.0,0.0,0.0,0.212,0.19,0.0,0.0,0.0,0.0,0.0,0.0,0.0,0.0,0.0,78.8,0.0,0.0,21.2,186,186.0,risk_degraded_threshold,0.55,False
dapper,congested,124,100.0,1000,20.20114178968696,33.433296630020095,34.64413034893433,34.94326242767353,20.20114178968696,0.0,0.7243828404698577,0.7243828404698577,0.0,0.0,0.0,0.211,0.194,0.0,0.0,0.0,0.0,0.0,0.0,0.0,0.0,0.0,78.9,0.0,0.0,21.099999999999998,195,195.0,risk_degraded_threshold,0.55,False
dapper,congested,125,100.0,1000,20.407928497824923,33.95947039375251,34.83418763630404,34.99974319601896,20.407928497824923,0.0,0.7234997839782463,0.7234997839782463,25.0,0.025,25.0,0.221,0.199,0.0,0.001,1.0,0.0,0.0,1.0,0.0,0.0,0.0,77.8,0.0,0.1,22.1,187,187.0,risk_degraded_threshold,0.55,False
dapper,congested,126,100.0,1000,20.251210346246133,33.776766447917566,34.75996907819054,34.99086328598782,20.251210346246133,0.0,0.7260159769890483,0.7260159769890483,0.0,0.0,0.0,0.214,0.196,0.0,0.0,0.0,0.0,0.0,0.0,0.0,0.0,0.0,78.60000000000001,0.0,0.0,21.4,211,211.0,risk_degraded_threshold,0.55,False
dapper,congested,127,100.0,1000,20.347579157673,33.927883874621884,34.685031932570624,34.99801668883106,20.347579157673,0.0,0.7241182681309246,0.7241182681309246,0.0,0.0,0.0,0.226,0.197,0.0,0.0,0.0,0.0,0.0,0.0,0.0,0.0,0.0,77.4,0.0,0.0,22.6,172,172.0,risk_degraded_threshold,0.55,False
dapper,congested,128,100.0,1000,20.385734293339755,34.016834839503055,34.767042486899406,34.99302751306131,20.385734293339755,0.0,0.7244161011739275,0.7244161011739275,0.0,0.0,0.0,0.211,0.186,0.0,0.0,0.0,0.0,0.0,0.0,0.0,0.0,0.0,78.9,0.0,0.0,21.099999999999998,167,167.0,risk_degraded_threshold,0.55,False
dapper,congested,129,100.0,1000,20.278081164616665,33.44804314227109,34.63958633360005,34.981958638619645,20.278081164616665,0.0,0.7199417815607771,0.7199417815607771,0.0,0.0,0.0,0.217,0.193,0.0,0.0,0.0,0.0,0.0,0.0,0.0,0.0,0.0,78.3,0.0,0.0,21.7,174,174.0,risk_degraded_threshold,0.55,False
dapper,lossy,100,100.0,1000,25.284238375351617,34.04718924628941,34.84826155800029,34.98907189172226,31.857325313088005,0.0,0.7261089761349956,0.7418683904352356,18000.0,18.0,18000.0,0.0,0.0,0.0,0.72,0.8111111111111111,0.13055555555555556,0.094,0.6805555555555556,0.0,0.18888888888888888,0.0,28.000000000000004,0.0,72.0,0.0,364,364.0,risk_degraded_threshold,0.55,False
dapper,lossy,101,100.0,1000,25.059527190349893,34.120642165867906,34.8265496982896,34.99538718567808,31.68360404093288,0.0,0.7233638220296621,0.7383227658545507,17675.0,17.675,17675.0,0.0,0.0,0.0,0.707,0.8330975954738331,0.13295615275813297,0.094,0.7001414427157001,0.0,0.1669024045261669,0.0,29.299999999999997,0.0,70.7,0.0,366,366.0,risk_degraded_threshold,0.55,False
dapper,lossy,102,100.0,1000,24.993003502753638,33.78557770295638,34.81151542684563,34.990087052311324,30.926238985640797,0.0,0.7247993890094673,0.7385327568542848,17225.0,17.225,17225.0,0.0,0.0,0.0,0.689,0.8113207547169812,0.12336719883889695,0.085,0.6879535558780842,0.0,0.18867924528301888,0.0,31.1,0.0,68.89999999999999,0.0,390,390.0,risk_degraded_threshold,0.55,False
dapper,lossy,103,100.0,1000,25.072925546868568,34.23372242321619,34.794279965090745,34.9768308072483,32.53725996440561,0.0,0.7255664298957895,0.7431153918263849,18675.0,18.675,18675.0,0.0,0.0,0.0,0.747,0.7991967871485943,0.14457831325301204,0.108,0.6546184738955824,0.0,0.20080321285140562,0.0,25.3,0.0,74.7,0.0,340,340.0,risk_degraded_threshold,0.55,False
dapper,lossy,104,100.0,1000,24.952721574773207,33.7641107522445,34.821547122134376,34.99174516374082,32.954498342235674,0.0,0.725270205207262,0.7428455742749839,18200.0,18.2,18200.0,0.0,0.0,0.0,0.728,0.8063186813186813,0.15796703296703296,0.115,0.6483516483516484,0.0,0.1936813186813187,0.0,27.200000000000003,0.0,72.8,0.0,362,362.0,risk_degraded_threshold,0.55,False
dapper,lossy,105,100.0,1000,25.095152971928933,33.826524025580916,34.67873591147265,34.99594666457182,31.650482579457197,0.0,0.7248747477212536,0.7392192203397958,18825.0,18.825,18825.0,0.0,0.0,0.0,0.753,0.8273572377158035,0.12350597609561753,0.093,0.703851261620186,0.0,0.17264276228419656,0.0,24.7,0.0,75.3,0.0,344,344.0,risk_degraded_threshold,0.55,False
dapper,lossy,106,100.0,1000,24.856568122610433,33.832964597231225,34.72189143706977,34.99784375073101,31.50890321788417,0.0,0.7235813767870335,0.7392206310961336,17800.0,17.8,17800.0,0.0,0.0,0.0,0.712,0.8539325842696629,0.13342696629213482,0.095,0.7205056179775281,0.0,0.14606741573033707,0.0,28.799999999999997,0.0,71.2,0.0,389,389.0,risk_degraded_threshold,0.55,False
dapper,lossy,107,100.0,1000,24.68158080592215,34.00414573371424,34.83973190471446,34.99325658145116,31.19660512918917,0.0,0.7241940517114336,0.7388308468489646,18025.0,18.025,18025.0,0.0,0.0,0.0,0.721,0.8099861303744799,0.1276005547850208,0.092,0.6823855755894591,0.0,0.1900138696255201,0.0,27.900000000000002,0.0,72.1,0.0,354,354.0,risk_degraded_threshold,0.55,False
dapper,lossy,108,100.0,1000,25.047265262517854,34.05795037600457,34.73288919337191,34.96757252768798,31.073612955374518,0.0,0.7235643813542582,0.7373909269007133,18325.0,18.325,18325.0,0.0,0.0,0.0,0.733,0.810368349249659,0.11732605729877217,0.086,0.6930422919508867,0.0,0.18963165075034105,0.0,26.700000000000003,0.0,73.3,0.0,364,364.0,risk_degraded_threshold,0.55,False
dapper,lossy,109,100.0,1000,24.775139056545807,34.049418286887835,34.7919194149339,34.94624843509132,31.96287960801317,0.0,0.7212325912059436,0.7383365724449257,18500.0,18.5,18500.0,0.0,0.0,0.0,0.74,0.827027027027027,0.13783783783783785,0.102,0.6891891891891891,0.0,0.17297297297297298,0.0,26.0,0.0,74.0,0.0,324,324.0,risk_degraded_threshold,0.55,False
dapper,lossy,110,100.0,1000,25.004520730247734,33.8683404853258,34.86997539103268,34.98456857838196,32.44878696120915,0.0,0.7268739784421301,0.7433964854715304,17950.0,17.95,17950.0,0.0,0.0,0.0,0.718,0.7813370473537604,0.14623955431754876,0.105,0.6350974930362117,0.0,0.21866295264623956,0.0,28.199999999999996,0.0,71.8,0.0,380,380.0,risk_degraded_threshold,0.55,False
dapper,lossy,111,100.0,1000,24.90307640535743,34.14835345167596,34.756755348825656,34.981698697795565,31.661618369672937,0.0,0.7248703254305311,0.7398456220643752,18200.0,18.2,18200.0,0.0,0.0,0.0,0.728,0.8008241758241759,0.1346153846153846,0.098,0.6662087912087912,0.0,0.19917582417582416,0.0,27.200000000000003,0.0,72.8,0.0,341,341.0,risk_degraded_threshold,0.55,False
dapper,lossy,112,100.0,1000,24.956367632930085,34.151123089835,34.870234716853815,34.962158450180866,32.0743115042331,0.0,0.7253954496233768,0.7418527868840668,18175.0,18.175,18175.0,0.0,0.0,0.0,0.727,0.797799174690509,0.14167812929848694,0.103,0.656121045392022,0.0,0.20220082530949107,0.0,27.3,0.0,72.7,0.0,342,342.0,risk_degraded_threshold,0.55,False
dapper,lossy,113,100.0,1000,25.11573781751927,34.14436127878192,34.867885766711,34.99782157537433,31.685721930267743,0.0,0.7254462125679975,0.7402162266401762,18625.0,18.625,18625.0,0.0,0.0,0.0,0.745,0.8053691275167785,0.1261744966442953,0.094,0.6791946308724832,0.0,0.19463087248322147,0.0,25.5,0.0,74.5,0.0,367,367.0,risk_degraded_threshold,0.55,False
dapper,lossy,114,100.0,1000,25.05695156474369,34.026649628584615,34.857774174382406,34.983091762156874,31.76472240386522,0.0,0.72440817275247,0.7393453718347903,17675.0,17.675,17675.0,0.0,0.0,0.0,0.707,0.8076379066478077,0.1371994342291372,0.097,0.6704384724186704,0.0,0.19236209335219237,0.0,29.299999999999997,0.0,70.7,0.0,359,359.0,risk_degraded_threshold,0.55,False
dapper,lossy,115,100.0,1000,24.76252752899427,34.140208891814694,34.85306689119638,34.992962372181864,31.597060228847266,0.0,0.7251726691219196,0.7398453016431278,17850.0,17.85,17850.0,0.0,0.0,0.0,0.714,0.7969187675070029,0.13725490196078433,0.098,0.6596638655462185,0.0,0.2030812324929972,0.0,28.599999999999998,0.0,71.39999999999999,0.0,380,380.0,risk_degraded_threshold,0.55,False
dapper,lossy,116,100.0,1000,24.951356764470432,33.914227978461774,34.857265543400885,34.99525986411179,32.60167100412868,0.0,0.7243445892890008,0.7428840823811076,17975.0,17.975,17975.0,0.0,0.0,0.0,0.719,0.8344923504867872,0.15577190542420027,0.112,0.6787204450625869,0.0,0.16550764951321278,0.0,28.1,0.0,71.89999999999999,0.0,382,382.0,risk_degraded_threshold,0.55,False
dapper,lossy,117,100.0,1000,25.037129912861214,33.9567672696681,34.764351269100246,34.996388970755305,30.05768402831528,0.0,0.726073452957747,0.7373350959476548,17900.0,17.9,17900.0,0.0,0.0,0.0,0.716,0.7988826815642458,0.1005586592178771,0.072,0.6983240223463687,0.0,0.2011173184357542,0.0,28.4,0.0,71.6,0.0,378,378.0,risk_degraded_threshold,0.55,False
dapper,lossy,118,100.0,1000,24.83203368389728,33.86314293776527,34.704566823658226,34.94197590424748,31.59642683182519,0.0,0.7277094589160901,0.742481456687588,17425.0,17.425,17425.0,0.0,0.0,0.0,0.697,0.8335724533715926,0.13916786226685796,0.097,0.6944045911047346,0.0,0.16642754662840745,0.0,30.3,0.0,69.69999999999999,0.0,402,402.0,risk_degraded_threshold,0.55,False
dapper,lossy,119,100.0,1000,25.22380561542694,34.16353447898527,34.88856396573517,34.993426719837316,32.113435816803424,0.0,0.72570145608929,0.7415107092676313,18600.0,18.6,18600.0,0.0,0.0,0.0,0.744,0.8198924731182796,0.13440860215053763,0.1,0.6854838709677419,0.0,0.18010752688172044,0.0,25.6,0.0,74.4,0.0,342,342.0,risk_degraded_threshold,0.55,False
dapper,lossy,120,100.0,1000,24.94356883456326,33.94762430607923,34.82126839451995,34.99480299428936,31.257672307205212,0.0,0.7242446744200584,0.7384825033900047,18075.0,18.075,18075.0,0.0,0.0,0.0,0.723,0.7980636237897649,0.12448132780082988,0.09,0.673582295988935,0.0,0.20193637621023514,0.0,27.700000000000003,0.0,72.3,0.0,366,366.0,risk_degraded_threshold,0.55,False
dapper,lossy,121,100.0,1000,24.890186762682326,33.9509837447526,34.75636721943252,34.9865485323475,32.77353024549474,0.0,0.7226738180182367,0.7410438719949963,18675.0,18.675,18675.0,0.0,0.0,0.0,0.747,0.821954484605087,0.1499330655957162,0.112,0.6720214190093708,0.0,0.17804551539491298,0.0,25.3,0.0,74.7,0.0,339,339.0,risk_degraded_threshold,0.55,False
dapper,lossy,122,100.0,1000,25.08579289471596,34.07524967583675,34.72465675884838,34.92311681265087,31.763246506243785,0.0,0.7253656451784852,0.7408740543618451,18550.0,18.55,18550.0,0.0,0.0,0.0,0.742,0.7951482479784366,0.1280323450134771,0.095,0.6671159029649596,0.0,0.20485175202156333,0.0,25.8,0.0,74.2,0.0,330,330.0,risk_degraded_threshold,0.55,False
dapper,lossy,123,100.0,1000,24.817178107343594,33.97858252982191,34.71884738710505,34.9640180768012,32.29314773222189,0.0,0.725177200048534,0.7433974475207357,17875.0,17.875,17875.0,0.0,0.0,0.0,0.715,0.8055944055944056,0.15244755244755245,0.109,0.6531468531468532,0.0,0.1944055944055944,0.0,28.499999999999996,0.0,71.5,0.0,380,380.0,risk_degraded_threshold,0.55,False
dapper,lossy,124,100.0,1000,25.144076835710404,34.0084817041087,34.82162623829404,34.999930978152555,33.825274803426076,0.0,0.7252006399861742,0.7459351026481479,18725.0,18.725,18725.0,0.0,0.0,0.0,0.749,0.835781041388518,0.16688918558077437,0.125,0.6688918558077437,0.0,0.16421895861148197,0.0,25.1,0.0,74.9,0.0,362,362.0,risk_degraded_threshold,0.55,False
dapper,lossy,125,100.0,1000,25.290207315525716,34.07810779324134,34.85987931432081,34.99675173862079,31.822242841358705,0.0,0.725008358044021,0.7393774547547449,17300.0,17.3,17300.0,0.0,0.0,0.0,0.692,0.8078034682080925,0.13872832369942195,0.096,0.6690751445086706,0.0,0.19219653179190752,0.0,30.8,0.0,69.19999999999999,0.0,374,374.0,risk_degraded_threshold,0.55,False
dapper,lossy,126,100.0,1000,25.012306557377276,34.01851118868758,34.87231873366858,34.99707928007821,32.11656113797526,0.0,0.7223553858756083,0.7383183297008713,18375.0,18.375,18375.0,0.0,0.0,0.0,0.735,0.8204081632653061,0.13877551020408163,0.102,0.6816326530612244,0.0,0.17959183673469387,0.0,26.5,0.0,73.5,0.0,354,354.0,risk_degraded_threshold,0.55,False
dapper,lossy,127,100.0,1000,24.933813775828348,34.03862120823819,34.851014551058256,34.985303846764054,32.69662669143229,0.0,0.7254720911704587,0.7435683780371112,18100.0,18.1,18100.0,0.0,0.0,0.0,0.724,0.7720994475138122,0.15469613259668508,0.112,0.6174033149171271,0.0,0.22790055248618785,0.0,27.6,0.0,72.39999999999999,0.0,373,373.0,risk_degraded_threshold,0.55,False
dapper,lossy,128,100.0,1000,25.361525346794913,34.112832194106765,34.722796126768856,34.99638466136344,32.25036818382081,0.0,0.7258146565752936,0.7414867988063029,17775.0,17.775,17775.0,0.0,0.0,0.0,0.711,0.8270042194092827,0.1420534458509142,0.101,0.6849507735583685,0.0,0.1729957805907173,0.0,28.9,0.0,71.1,0.0,399,399.0,risk_degraded_threshold,0.55,False
dapper,lossy,129,100.0,1000,24.956002553810663,34.060395492680186,34.85750602439408,34.980831653703675,31.49496513929532,0.0,0.7240405957959037,0.7388445901022926,18725.0,18.725,18725.0,0.0,0.0,0.0,0.749,0.8130841121495327,0.12550066755674233,0.094,0.6875834445927904,0.0,0.18691588785046728,0.0,25.1,0.0,74.9,0.0,351,351.0,risk_degraded_threshold,0.55,False
dapper,variable,100,100.0,1000,19.460816798382304,33.60376556212947,34.614025148870844,34.95054826151675,21.588401108045367,0.0,0.7262678011591402,0.7312662069293547,5375.0,5.375,5375.0,0.3,0.232,0.0,0.215,0.9116279069767442,0.15348837209302327,0.033,0.7581395348837209,0.0,0.08837209302325581,0.0,55.300000000000004,0.0,21.5,23.200000000000003,361,361.0,risk_degraded_threshold,0.55,False
dapper,variable,101,100.0,1000,19.75138014604515,33.51859359353788,34.716729365681125,34.99816501848515,22.30786936637849,0.0,0.7275828486798812,0.7338735473583852,6025.0,6.025,6025.0,0.263,0.206,0.0,0.241,0.9294605809128631,0.15767634854771784,0.038,0.7717842323651453,0.0,0.07053941908713693,0.0,55.2,0.0,24.099999999999998,20.7,337,337.0,risk_degraded_threshold,0.55,False
dapper,variable,102,100.0,1000,21.365680026499554,33.952084801243224,34.85412725538718,34.995332379528136,24.19003314377249,0.0,0.7256630672710426,0.7327718876135063,6075.0,6.075,6075.0,0.185,0.148,0.0,0.243,0.9012345679012346,0.1728395061728395,0.042,0.7283950617283951,0.0,0.09876543209876543,0.0,60.8,0.0,24.3,14.899999999999999,326,326.0,risk_degraded_threshold,0.55,False
dapper,variable,103,100.0,1000,19.164978283992685,33.581179869308166,34.6745142049723,34.99051342908312,21.189743704356445,0.0,0.7261665375694124,0.7313538436055479,5975.0,5.975,5975.0,0.331,0.254,0.0,0.239,0.9079497907949791,0.12552301255230125,0.03,0.7824267782426778,0.0,0.09205020920502092,0.0,50.6,0.0,23.9,25.5,377,377.0,risk_degraded_threshold,0.55,False
dapper,variable,104,100.0,1000,21.253591119582204,33.92297556550541,34.71580596411837,34.944614204784195,23.928016816516845,0.0,0.7273803590186863,0.7334746960490713,5675.0,5.675,5675.0,0.199,0.154,0.0,0.227,0.920704845814978,0.1762114537444934,0.04,0.7444933920704846,0.0,0.07929515418502203,0.0,61.9,0.0,22.7,15.4,315,315.0,risk_degraded_threshold,0.55,False
dapper,variable,105,100.0,1000,20.121104086553874,33.42269885584057,34.77268554020445,34.98077376103997,23.088271742469676,0.0,0.7262225515376083,0.7331712455797211,6100.0,6.1,6100.0,0.249,0.195,0.0,0.244,0.9467213114754098,0.1762295081967213,0.043,0.7704918032786885,0.0,0.05327868852459016,0.0,56.10000000000001,0.0,24.4,19.5,354,354.0,risk_degraded_threshold,0.55,False
dapper,variable,106,100.0,1000,21.25874653071206,33.414978958514645,34.636628816385,34.993851868805095,23.889663733851414,0.0,0.7252896140550908,0.7319443550453275,5525.0,5.525,5525.0,0.189,0.149,0.0,0.221,0.9366515837104072,0.18099547511312217,0.04,0.755656108597285,0.0,0.06334841628959276,0.0,62.9,0.0,22.1,15.0,304,304.0,risk_degraded_threshold,0.55,False
dapper,variable,107,100.0,1000,19.707741124337538,33.48424468379383,34.58847159910239,34.98148819897819,21.942247701776914,0.0,0.7237029945186234,0.7288946443313998,4925.0,4.925,4925.0,0.279,0.216,0.0,0.197,0.9137055837563451,0.16751269035532995,0.033,0.7461928934010152,0.0,0.08629441624365482,0.0,58.4,0.0,19.7,21.9,313,313.0,risk_degraded_threshold,0.55,False
dapper,variable,108,100.0,1000,20.2322215942594,33.98898454789754,34.77692101060002,34.94872090187498,23.052769559400982,0.0,0.7255046151643268,0.7326999992959105,6000.0,6.0,6000.0,0.269,0.205,0.0,0.24,0.925,0.175,0.042,0.75,0.0,0.075,0.0,55.50000000000001,0.0,24.0,20.5,344,344.0,risk_degraded_threshold,0.55,False
dapper,variable,109,100.0,1000,20.502885253060377,33.697547011131824,34.74575634448063,34.98660651522982,22.351898972233627,0.0,0.7239232361961503,0.7281700977758744,5375.0,5.375,5375.0,0.233,0.185,0.0,0.215,0.9348837209302325,0.12558139534883722,0.027,0.8093023255813954,0.0,0.06511627906976744,0.0,59.9,0.0,21.5,18.6,349,349.0,risk_degraded_threshold,0.55,False
dapper,variable,110,100.0,1000,20.702419807538718,33.908831310824965,34.67822534775889,34.98146709760653,22.578173889267052,0.0,0.7254560539097629,0.7296256349018871,5500.0,5.5,5500.0,0.239,0.183,0.0,0.22,0.9181818181818182,0.12727272727272726,0.028,0.7909090909090909,0.0,0.08181818181818182,0.0,59.699999999999996,0.0,22.0,18.3,331,331.0,risk_degraded_threshold,0.55,False
dapper,variable,111,100.0,1000,20.807082031205987,33.79838354481562,34.723349040720166,34.97684653932659,23.554961099396714,0.0,0.7254716860360131,0.731850570398813,6050.0,6.05,6050.0,0.23,0.18,0.0,0.242,0.9297520661157025,0.16942148760330578,0.041,0.7603305785123967,0.0,0.07024793388429752,0.0,57.8,0.0,24.2,18.0,333,333.0,risk_degraded_threshold,0.55,False
dapper,variable,112,100.0,1000,20.768811392369642,34.054797671088146,34.79412676903375,34.95854802039493,23.902901656198118,0.0,0.7290182523783542,0.7359066274977699,6425.0,6.425,6425.0,0.226,0.173,0.0,0.257,0.9455252918287937,0.17898832684824903,0.046,0.7665369649805448,0.0,0.054474708171206226,0.0,56.99999999999999,0.0,25.7,17.299999999999997,340,340.0,risk_degraded_threshold,0.55,False
dapper,variable,113,100.0,1000,20.86157884222799,33.540637824646566,34.78843892853948,34.96829040868747,22.484585547635348,0.0,0.7259862495146492,0.7295595387203971,5800.0,5.8,5800.0,0.215,0.167,0.0,0.232,0.9396551724137931,0.10344827586206896,0.024,0.8362068965517241,0.0,0.0603448275862069,0.0,60.0,0.0,23.200000000000003,16.8,321,321.0,risk_degraded_threshold,0.55,False
dapper,variable,114,100.0,1000,19.033745127100286,33.48332670674215,34.60911767944269,34.99588156157893,21.183091264725583,0.0,0.7226250743562973,0.7276159748565606,4450.0,4.45,4450.0,0.294,0.23,0.0,0.178,0.9044943820224719,0.1797752808988764,0.032,0.7247191011235955,0.0,0.09550561797752809,0.0,58.9,0.0,17.8,23.3,364,364.0,risk_degraded_threshold,0.55,False
dapper,variable,115,100.0,1000,20.84413385562255,33.34691437699113,34.626745067103904,34.87718954629805,23.934803852676364,0.0,0.7235321987867724,0.7310360544675155,5350.0,5.35,5350.0,0.203,0.162,0.0,0.214,0.9065420560747663,0.2102803738317757,0.045,0.6962616822429907,0.0,0.09345794392523364,0.0,62.2,0.0,21.4,16.400000000000002,318,318.0,risk_degraded_threshold,0.55,False
dapper,variable,116,100.0,1000,20.373061510506123,33.965989123336286,34.76841725790863,34.94714462527301,22.208896550855194,0.0,0.729259922622877,0.7341051080798515,4900.0,4.9,4900.0,0.26,0.203,0.0,0.196,0.9336734693877551,0.1377551020408163,0.027,0.7959183673469388,0.0,0.0663265306122449,0.0,59.9,0.0,19.6,20.5,320,320.0,risk_degraded_threshold,0.55,False
dapper,variable,117,100.0,1000,22.16862897842625,34.152698342113844,34.80942052512287,34.990866631104254,23.74864240249867,0.0,0.7230696412648215,0.7267812345998061,6150.0,6.15,6150.0,0.158,0.125,0.0,0.246,0.9146341463414634,0.09349593495934959,0.023,0.8211382113821138,0.0,0.08536585365853659,0.0,62.8,0.0,24.6,12.6,328,328.0,risk_degraded_threshold,0.55,False
dapper,variable,118,100.0,1000,21.05661479436689,33.50668710267774,34.34933137003848,34.868091607089696,24.652368157584785,0.0,0.7249974545601368,0.7330951245994464,6650.0,6.65,6650.0,0.2,0.154,0.0,0.266,0.9323308270676691,0.19548872180451127,0.052,0.7368421052631579,0.0,0.06766917293233082,0.0,57.9,0.0,26.6,15.5,330,330.0,risk_degraded_threshold,0.55,False
dapper,variable,119,100.0,1000,20.828633121057177,33.65904383541709,34.57959716197339,34.99635852821138,23.598781038693144,0.0,0.7242884096819676,0.731246949698713,5900.0,5.9,5900.0,0.227,0.174,0.0,0.236,0.9279661016949152,0.17372881355932204,0.041,0.7542372881355932,0.0,0.07203389830508475,0.0,58.9,0.0,23.599999999999998,17.5,313,313.0,risk_degraded_threshold,0.55,False
dapper,variable,120,100.0,1000,21.425675277288754,33.96526001626422,34.71258654891299,34.99491157025027,23.94592891671837,0.0,0.7237542737603327,0.7300341640069783,7075.0,7.075,7075.0,0.188,0.143,0.0,0.283,0.9399293286219081,0.13074204946996468,0.037,0.8091872791519434,0.0,0.06007067137809187,0.0,57.4,0.0,28.299999999999997,14.299999999999999,335,335.0,risk_degraded_threshold,0.55,False
dapper,variable,121,100.0,1000,20.474134293357512,33.76407787463392,34.80089032279628,34.994688323129196,24.385531961853594,0.0,0.7239382495018549,0.7338467775969966,6775.0,6.775,6775.0,0.23,0.18,0.0,0.271,0.948339483394834,0.2140221402214022,0.058,0.7343173431734318,0.0,0.05166051660516605,0.0,54.900000000000006,0.0,27.1,18.0,330,330.0,risk_degraded_threshold,0.55,False
dapper,variable,122,100.0,1000,20.62686245092677,33.66024019530863,34.631522901173106,34.97317679379236,23.72631243094406,0.0,0.7279696908642019,0.7348885489347994,5650.0,5.65,5650.0,0.218,0.172,0.0,0.226,0.9557522123893806,0.19911504424778761,0.045,0.7566371681415929,0.0,0.04424778761061947,0.0,60.199999999999996,0.0,22.6,17.2,340,340.0,risk_degraded_threshold,0.55,False
dapper,variable,123,100.0,1000,20.723267066711397,33.79103353765298,34.79488657343286,34.98222422308634,22.81147295960551,0.0,0.7279997125145207,0.7337576601278686,5550.0,5.55,5550.0,0.232,0.18,0.0,0.222,0.9369369369369369,0.14414414414414414,0.032,0.7927927927927928,0.0,0.06306306306306306,0.0,59.699999999999996,0.0,22.2,18.099999999999998,336,336.0,risk_degraded_threshold,0.55,False
dapper,variable,124,100.0,1000,21.574966841780007,33.61582768332837,34.67732058291188,34.996246009129095,23.592744909855274,0.0,0.7245130019066961,0.7292620922135302,6700.0,6.7,6700.0,0.177,0.14,0.0,0.268,0.8955223880597015,0.11194029850746269,0.03,0.7835820895522388,0.0,0.1044776119402985,0.0,59.199999999999996,0.0,26.8,14.000000000000002,348,348.0,risk_degraded_threshold,0.55,False
dapper,variable,125,100.0,1000,20.500162229260045,33.55572104656107,34.7780426012565,34.94952031560075,23.373558758714434,0.0,0.7243026692955644,0.7307317310567055,5925.0,5.925,5925.0,0.234,0.181,0.0,0.237,0.9409282700421941,0.17721518987341772,0.042,0.7637130801687764,0.0,0.05907172995780591,0.0,58.199999999999996,0.0,23.7,18.099999999999998,342,342.0,risk_degraded_threshold,0.55,False
dapper,variable,126,100.0,1000,21.0310494348979,33.75159446968112,34.720173914570076,34.997585709381326,23.607829849862338,0.0,0.7300748338709231,0.7362538823862564,5775.0,5.775,5775.0,0.215,0.168,0.0,0.231,0.9307359307359307,0.16883116883116883,0.039,0.7619047619047619,0.0,0.06926406926406926,0.0,60.099999999999994,0.0,23.1,16.8,325,325.0,risk_degraded_threshold,0.55,False
dapper,variable,127,100.0,1000,20.364165917773192,33.93141159455818,34.70618338050205,34.9805264786951,22.66798587504153,0.0,0.725603464306236,0.7313015720785977,5750.0,5.75,5750.0,0.257,0.198,0.0,0.23,0.9521739130434783,0.14347826086956522,0.033,0.808695652173913,0.0,0.04782608695652174,0.0,57.099999999999994,0.0,23.0,19.900000000000002,345,345.0,risk_degraded_threshold,0.55,False
dapper,variable,128,100.0,1000,19.20503123407136,33.63444553862527,34.724924465655434,34.96530254190218,21.220354650740695,0.0,0.7258155923604042,0.729926752482792,4475.0,4.475,4475.0,0.295,0.23,0.0,0.179,0.9162011173184358,0.16201117318435754,0.029,0.7541899441340782,0.0,0.08379888268156424,0.0,59.0,0.0,17.9,23.1,315,315.0,risk_degraded_threshold,0.55,False
dapper,variable,129,100.0,1000,20.835651442429818,33.95183803633796,34.77333674805944,34.967648156933706,22.8954585377108,0.0,0.7216444626176008,0.7265888390280761,5425.0,5.425,5425.0,0.236,0.184,0.0,0.217,0.9447004608294931,0.14746543778801843,0.032,0.7972350230414746,0.0,0.055299539170506916,0.0,59.9,0.0,21.7,18.4,328,328.0,risk_degraded_threshold,0.55,False
dapper,outage,100,100.0,1000,7.390958833110617,31.53222247776869,33.92161243264051,34.99545577037872,7.390958833110617,0.0,0.7256162643603677,0.7256162643603677,0.0,0.0,0.0,1.0,0.735,0.0,0.0,0.0,0.0,0.0,0.0,0.0,0.0,0.0,22.6,0.0,0.0,77.4,422,422.0,risk_degraded_threshold,0.55,False
dapper,outage,101,100.0,1000,7.394054329988902,31.520563490832846,34.26171430265933,34.94450915915627,7.394054329988902,0.0,0.7269702216094329,0.7269702216094329,0.0,0.0,0.0,1.0,0.736,0.0,0.0,0.0,0.0,0.0,0.0,0.0,0.0,0.0,21.9,0.0,0.0,78.10000000000001,412,412.0,risk_degraded_threshold,0.55,False
dapper,outage,102,100.0,1000,7.51680019137851,31.462924322041214,34.417701339171714,34.98162652146018,7.51680019137851,0.0,0.725179462474503,0.725179462474503,0.0,0.0,0.0,1.0,0.731,0.0,0.0,0.0,0.0,0.0,0.0,0.0,0.0,0.0,23.200000000000003,0.0,0.0,76.8,422,422.0,risk_degraded_threshold,0.55,False
dapper,outage,103,100.0,1000,7.378221024983012,31.251434028184203,34.6042054298873,34.981104653112794,7.378221024983012,0.0,0.7262335249696575,0.7262335249696575,0.0,0.0,0.0,1.0,0.735,0.0,0.0,0.0,0.0,0.0,0.0,0.0,0.0,0.0,23.0,0.0,0.0,77.0,429,429.0,risk_degraded_threshold,0.55,False
dapper,outage,104,100.0,1000,7.568293210290533,31.59395630138461,34.54533747275368,34.97633437705056,7.568293210290533,0.0,0.7263175970031922,0.7263175970031922,0.0,0.0,0.0,1.0,0.728,0.0,0.0,0.0,0.0,0.0,0.0,0.0,0.0,0.0,23.5,0.0,0.0,76.5,422,422.0,risk_degraded_threshold,0.55,False
dapper,outage,105,100.0,1000,7.519378267796368,31.402502329388795,34.46505659979935,34.921933732182964,7.519378267796368,0.0,0.7248271436420854,0.7248271436420854,0.0,0.0,0.0,1.0,0.732,0.0,0.0,0.0,0.0,0.0,0.0,0.0,0.0,0.0,22.8,0.0,0.0,77.2,417,417.0,risk_degraded_threshold,0.55,False
dapper,outage,106,100.0,1000,7.549106265746754,31.449714720334896,34.37540672388598,34.964850295506736,7.549106265746754,0.0,0.7212594093828284,0.7212594093828284,0.0,0.0,0.0,1.0,0.732,0.0,0.0,0.0,0.0,0.0,0.0,0.0,0.0,0.0,22.3,0.0,0.0,77.7,414,414.0,risk_degraded_threshold,0.55,False
dapper,outage,107,100.0,1000,7.495635529917344,31.80791921566703,34.39018497885919,34.99112443015811,7.495635529917344,0.0,0.7250211366010297,0.7250211366010297,0.0,0.0,0.0,1.0,0.733,0.0,0.0,0.0,0.0,0.0,0.0,0.0,0.0,0.0,23.1,0.0,0.0,76.9,422,422.0,risk_degraded_threshold,0.55,False
dapper,outage,108,100.0,1000,7.251361824662859,31.14265792210696,34.17418822409749,34.97297658698431,7.251361824662859,0.0,0.7266974788453335,0.7266974788453335,0.0,0.0,0.0,1.0,0.736,0.0,0.0,0.0,0.0,0.0,0.0,0.0,0.0,0.0,23.0,0.0,0.0,77.0,426,426.0,risk_degraded_threshold,0.55,False
dapper,outage,109,100.0,1000,7.685496458575816,31.705170488180077,34.40871885608117,34.88886016594044,7.685496458575816,0.0,0.7258121030951461,0.7258121030951461,0.0,0.0,0.0,1.0,0.729,0.0,0.0,0.0,0.0,0.0,0.0,0.0,0.0,0.0,23.5,0.0,0.0,76.5,427,427.0,risk_degraded_threshold,0.55,False
dapper,outage,110,100.0,1000,7.355193804523941,30.694822041353905,34.222511546491425,34.969462845702225,7.355193804523941,0.0,0.7245809511185383,0.7245809511185383,0.0,0.0,0.0,1.0,0.735,0.0,0.0,0.0,0.0,0.0,0.0,0.0,0.0,0.0,22.8,0.0,0.0,77.2,425,425.0,risk_degraded_threshold,0.55,False
dapper,outage,111,100.0,1000,7.398682547644234,31.455362565824643,34.05726657846486,34.958198085831974,7.398682547644234,0.0,0.7280638471067766,0.7280638471067766,0.0,0.0,0.0,1.0,0.732,0.0,0.0,0.0,0.0,0.0,0.0,0.0,0.0,0.0,22.900000000000002,0.0,0.0,77.10000000000001,414,414.0,risk_degraded_threshold,0.55,False
dapper,outage,112,100.0,1000,7.370625290236145,31.426397231090824,34.038780941246515,34.949972127365655,7.370625290236145,0.0,0.7280606555765715,0.7280606555765715,0.0,0.0,0.0,1.0,0.734,0.0,0.0,0.0,0.0,0.0,0.0,0.0,0.0,0.0,22.1,0.0,0.0,77.9,412,412.0,risk_degraded_threshold,0.55,False
dapper,outage,113,100.0,1000,7.147796806593906,30.844985093880027,33.96419838510252,34.91680130902314,7.147796806593906,0.0,0.7299582611154545,0.7299582611154545,0.0,0.0,0.0,1.0,0.737,0.0,0.0,0.0,0.0,0.0,0.0,0.0,0.0,0.0,23.200000000000003,0.0,0.0,76.8,437,437.0,risk_degraded_threshold,0.55,False
dapper,outage,114,100.0,1000,7.501176014095029,31.4914309836508,34.414218678920534,34.97406829855338,7.501176014095029,0.0,0.7224631994341497,0.7224631994341497,0.0,0.0,0.0,1.0,0.728,0.0,0.0,0.0,0.0,0.0,0.0,0.0,0.0,0.0,22.3,0.0,0.0,77.7,398,398.0,risk_degraded_threshold,0.55,False
dapper,outage,115,100.0,1000,7.428611862088066,30.652007764158807,34.152857588086846,34.990047900593524,7.428611862088066,0.0,0.7262317832361891,0.7262317832361891,0.0,0.0,0.0,1.0,0.735,0.0,0.0,0.0,0.0,0.0,0.0,0.0,0.0,0.0,22.2,0.0,0.0,77.8,413,413.0,risk_degraded_threshold,0.55,False
dapper,outage,116,100.0,1000,7.310877248374183,30.959598437937885,34.2744524675671,34.84799240200695,7.310877248374183,0.0,0.727895972888168,0.727895972888168,0.0,0.0,0.0,1.0,0.734,0.0,0.0,0.0,0.0,0.0,0.0,0.0,0.0,0.0,23.5,0.0,0.0,76.5,434,434.0,risk_degraded_threshold,0.55,False
dapper,outage,117,100.0,1000,7.385847848859415,31.09198240986329,34.14712359689956,34.96597639562117,7.385847848859415,0.0,0.7183856901372877,0.7183856901372877,0.0,0.0,0.0,1.0,0.732,0.0,0.0,0.0,0.0,0.0,0.0,0.0,0.0,0.0,21.9,0.0,0.0,78.10000000000001,403,403.0,risk_degraded_threshold,0.55,False
dapper,outage,118,100.0,1000,7.254554051460061,31.241459127591458,33.60889001037177,34.741923692424066,7.254554051460061,0.0,0.7269199104810466,0.7269199104810466,0.0,0.0,0.0,1.0,0.737,0.0,0.0,0.0,0.0,0.0,0.0,0.0,0.0,0.0,22.0,0.0,0.0,78.0,408,408.0,risk_degraded_threshold,0.55,False
dapper,outage,119,100.0,1000,7.544636632920723,31.97128927281031,34.12470746616695,34.92690319762808,7.544636632920723,0.0,0.7220765044472426,0.7220765044472426,0.0,0.0,0.0,1.0,0.733,0.0,0.0,0.0,0.0,0.0,0.0,0.0,0.0,0.0,23.599999999999998,0.0,0.0,76.4,434,434.0,risk_degraded_threshold,0.55,False
dapper,outage,120,100.0,1000,7.2966883444603,30.892941767709793,34.211465224522804,34.99743937003936,7.2966883444603,0.0,0.7277157448014966,0.7277157448014966,0.0,0.0,0.0,1.0,0.733,0.0,0.0,0.0,0.0,0.0,0.0,0.0,0.0,0.0,22.1,0.0,0.0,77.9,410,410.0,risk_degraded_threshold,0.55,False
dapper,outage,121,100.0,1000,7.333809267763978,31.109084311834984,33.97165026658857,34.64971422730907,7.333809267763978,0.0,0.7274434266949621,0.7274434266949621,0.0,0.0,0.0,1.0,0.738,0.0,0.0,0.0,0.0,0.0,0.0,0.0,0.0,0.0,22.7,0.0,0.0,77.3,427,427.0,risk_degraded_threshold,0.55,False
dapper,outage,122,100.0,1000,7.251434439695796,30.60696308430699,34.355640534389124,34.986643071399804,7.251434439695796,0.0,0.7230377555986962,0.7230377555986962,0.0,0.0,0.0,1.0,0.738,0.0,0.0,0.0,0.0,0.0,0.0,0.0,0.0,0.0,21.8,0.0,0.0,78.2,412,412.0,risk_degraded_threshold,0.55,False
dapper,outage,123,100.0,1000,7.348689071341893,31.31477153672879,33.77157051102519,34.93381679406212,7.348689071341893,0.0,0.7249842011830019,0.7249842011830019,0.0,0.0,0.0,1.0,0.734,0.0,0.0,0.0,0.0,0.0,0.0,0.0,0.0,0.0,22.6,0.0,0.0,77.4,416,416.0,risk_degraded_threshold,0.55,False
dapper,outage,124,100.0,1000,7.660167119732145,32.1804553486177,34.264528586595944,34.941792593643456,7.660167119732145,0.0,0.7230039723105824,0.7230039723105824,0.0,0.0,0.0,1.0,0.731,0.0,0.0,0.0,0.0,0.0,0.0,0.0,0.0,0.0,22.3,0.0,0.0,77.7,400,400.0,risk_degraded_threshold,0.55,False
dapper,outage,125,100.0,1000,7.350838089581009,31.434653948905787,34.32904496368304,34.97323235440945,7.350838089581009,0.0,0.7221812250823167,0.7221812250823167,0.0,0.0,0.0,1.0,0.733,0.0,0.0,0.0,0.0,0.0,0.0,0.0,0.0,0.0,23.200000000000003,0.0,0.0,76.8,428,428.0,risk_degraded_threshold,0.55,False
dapper,outage,126,100.0,1000,7.215129876013096,30.710400018658593,33.86622552192073,34.99530404733341,7.215129876013096,0.0,0.725540342550057,0.725540342550057,0.0,0.0,0.0,1.0,0.738,0.0,0.0,0.0,0.0,0.0,0.0,0.0,0.0,0.0,22.6,0.0,0.0,77.4,428,428.0,risk_degraded_threshold,0.55,False
dapper,outage,127,100.0,1000,7.168677740371282,30.32721903409148,33.88590346281151,34.91862325958482,7.168677740371282,0.0,0.7321660926795039,0.7321660926795039,0.0,0.0,0.0,1.0,0.738,0.0,0.0,0.0,0.0,0.0,0.0,0.0,0.0,0.0,21.9,0.0,0.0,78.10000000000001,409,409.0,risk_degraded_threshold,0.55,False
dapper,outage,128,100.0,1000,7.182658284101614,30.07092856934142,34.160945540901714,34.96572059102459,7.182658284101614,0.0,0.7245057292187558,0.7245057292187558,0.0,0.0,0.0,1.0,0.736,0.0,0.0,0.0,0.0,0.0,0.0,0.0,0.0,0.0,23.0,0.0,0.0,77.0,428,428.0,risk_degraded_threshold,0.55,False
dapper,outage,129,100.0,1000,7.192894149462109,30.305709714834187,34.22738591997794,34.97529884555047,7.192894149462109,0.0,0.7266441172681618,0.7266441172681618,0.0,0.0,0.0,1.0,0.738,0.0,0.0,0.0,0.0,0.0,0.0,0.0,0.0,0.0,21.3,0.0,0.0,78.7,404,404.0,risk_degraded_threshold,0.55,False
dapper,stable,100,100.0,1000,25.279403323317702,33.96035223762113,34.73962355895296,34.988775105687154,51.53514833678389,0.0,0.7265268897628933,0.792417917211626,21350.0,21.35,21350.0,0.0,0.0,0.0,0.854,0.9918032786885246,0.4953161592505855,0.423,0.4964871194379391,0.0,0.00819672131147541,0.0,14.6,0.0,85.39999999999999,0.0,259,259.0,risk_degraded_threshold,0.6,True
dapper,stable,101,100.0,1000,24.820657080469697,33.96040511204254,34.788072376532675,34.99828909781833,53.53675771177409,0.0,0.7249338588619687,0.7978649635318986,21700.0,21.7,21700.0,0.0,0.0,0.0,0.868,0.9896313364055299,0.5288018433179723,0.459,0.4608294930875576,0.0,0.010368663594470046,0.0,13.200000000000001,0.0,86.8,0.0,231,231.0,risk_degraded_threshold,0.6,True
dapper,stable,102,100.0,1000,24.835880473076735,33.70682378335116,34.74818297607158,34.965240972972765,51.8627260021259,0.0,0.727324394359075,0.800034845226407,20900.0,20.9,20900.0,0.0,0.0,0.0,0.836,0.992822966507177,0.5263157894736842,0.44,0.4665071770334928,0.0,0.007177033492822967,0.0,16.400000000000002,0.0,83.6,0.0,284,284.0,risk_degraded_threshold,0.6,True
dapper,stable,103,100.0,1000,24.972078044518216,34.293187186352334,34.89307765319619,34.99802137082616,53.372703891643845,0.0,0.7236659440861409,0.7991290672988378,21525.0,21.525,21525.0,0.0,0.0,0.0,0.861,0.9883855981416957,0.5342624854819977,0.46,0.454123112659698,0.0,0.011614401858304297,0.0,13.900000000000002,0.0,86.1,0.0,237,237.0,risk_degraded_threshold,0.6,True
dapper,stable,104,100.0,1000,24.98622097286207,33.860115377670134,34.74837408619961,34.98656616097203,51.037343944723006,0.0,0.7240926018777877,0.7898578469524961,21900.0,21.9,21900.0,0.0,0.0,0.0,0.876,0.9920091324200914,0.4794520547945205,0.42,0.5125570776255708,0.0,0.007990867579908675,0.0,12.4,0.0,87.6,0.0,220,220.0,risk_degraded_threshold,0.6,True
dapper,stable,105,100.0,1000,24.85634769037545,33.82025179084476,34.62504012903672,34.93314580405199,51.59710330911793,0.0,0.7262361051095783,0.7959250227091806,21250.0,21.25,21250.0,0.0,0.0,0.0,0.85,0.9905882352941177,0.5105882352941177,0.434,0.48,0.0,0.009411764705882352,0.0,15.0,0.0,85.0,0.0,256,256.0,risk_degraded_threshold,0.6,True
dapper,stable,106,100.0,1000,24.716410963251104,33.86074949026578,34.68730165917939,34.933586993197196,52.69637342008328,0.0,0.7229428904328138,0.7962430814491968,21425.0,21.425,21425.0,0.0,0.0,0.0,0.857,0.9918319719953326,0.5227537922987164,0.448,0.4690781796966161,0.0,0.008168028004667444,0.0,14.299999999999999,0.0,85.7,0.0,252,252.0,risk_degraded_threshold,0.6,True
dapper,stable,107,100.0,1000,24.88557902804772,33.83424628214373,34.89267109559948,34.9936438529993,53.380353744565205,0.0,0.7245133185042392,0.7993133636844371,22025.0,22.025,22025.0,0.0,0.0,0.0,0.881,0.9886492622020431,0.5187287173666288,0.457,0.4699205448354143,0.0,0.011350737797956867,0.0,11.899999999999999,0.0,88.1,0.0,198,198.0,risk_degraded_threshold,0.6,True
dapper,stable,108,100.0,1000,25.235897183714567,34.2868707566229,34.87218349603604,34.989690121554816,51.92467360201944,0.0,0.7254394152220247,0.7967132376294662,21500.0,21.5,21500.0,0.0,0.0,0.0,0.86,0.9872093023255814,0.5023255813953489,0.432,0.4848837209302326,0.0,0.012790697674418604,0.0,14.000000000000002,0.0,86.0,0.0,231,231.0,risk_degraded_threshold,0.6,True
dapper,stable,109,100.0,1000,25.268964708760926,34.15910526808331,34.79620852522923,34.94284900848466,51.53790445445115,0.0,0.7225069831603355,0.7908717000411818,21775.0,21.775,21775.0,0.0,0.0,0.0,0.871,0.9850746268656716,0.4845005740528129,0.422,0.5005740528128588,0.0,0.014925373134328358,0.0,12.9,0.0,87.1,0.0,228,228.0,risk_degraded_threshold,0.6,True
dapper,stable,110,100.0,1000,24.978043487255007,33.957417382454665,34.80033649104111,34.99011804008187,51.64725260956925,0.0,0.7239727698806182,0.7935801521646344,21400.0,21.4,21400.0,0.0,0.0,0.0,0.856,0.985981308411215,0.5035046728971962,0.431,0.4824766355140187,0.0,0.014018691588785047,0.0,14.399999999999999,0.0,85.6,0.0,261,261.0,risk_degraded_threshold,0.6,True
dapper,stable,111,100.0,1000,25.491345575881343,33.99942489704205,34.77294614292747,34.98882482505357,52.77932606666301,0.0,0.7264559107913696,0.7988751227250941,20975.0,20.975,20975.0,0.0,0.0,0.0,0.839,0.9916567342073898,0.5256257449344458,0.441,0.466030989272944,0.0,0.00834326579261025,0.0,16.1,0.0,83.89999999999999,0.0,276,276.0,risk_degraded_threshold,0.6,True
dapper,stable,112,100.0,1000,25.044635098675773,33.93678625080242,34.80594764992258,34.978994945141224,52.774438295965986,0.0,0.7245903067601731,0.7942867336915719,21700.0,21.7,21700.0,0.0,0.0,0.0,0.868,0.9919354838709677,0.5103686635944701,0.443,0.4815668202764977,0.0,0.008064516129032258,0.0,13.200000000000001,0.0,86.8,0.0,220,220.0,risk_degraded_threshold,0.6,True
dapper,stable,113,100.0,1000,24.924957379086543,33.92528008813723,34.852479041190236,34.99387303551587,50.565197370598845,0.0,0.725184772552611,0.7910288053494875,21600.0,21.6,21600.0,0.0,0.0,0.0,0.864,0.9826388888888888,0.48032407407407407,0.415,0.5023148148148148,0.0,0.017361111111111112,0.0,13.600000000000001,0.0,86.4,0.0,239,239.0,risk_degraded_threshold,0.6,True
dapper,stable,114,100.0,1000,25.128438548268,33.86993382489312,34.786318253661975,34.99771913787838,53.866453690073165,0.0,0.7237524930795687,0.7977940224588013,21900.0,21.9,21900.0,0.0,0.0,0.0,0.876,0.9908675799086758,0.5308219178082192,0.465,0.4600456621004566,0.0,0.0091324200913242,0.0,12.4,0.0,87.6,0.0,214,214.0,risk_degraded_threshold,0.6,True
dapper,stable,115,100.0,1000,25.094705607799348,34.162413089123824,34.74465384721523,34.970565607066455,51.94937303752475,0.0,0.7245886848920773,0.7944537871206474,21750.0,21.75,21750.0,0.0,0.0,0.0,0.87,0.9873563218390805,0.5011494252873563,0.436,0.4862068965517241,0.0,0.01264367816091954,0.0,13.0,0.0,87.0,0.0,219,219.0,risk_degraded_threshold,0.6,True
dapper,stable,116,100.0,1000,25.028301912688907,34.05041769477859,34.88445460350265,34.99403448766891,54.211607535281885,0.0,0.7244573126145593,0.798391101095973,21750.0,21.75,21750.0,0.0,0.0,0.0,0.87,0.9942528735632183,0.5448275862068965,0.474,0.4494252873563218,0.0,0.005747126436781609,0.0,13.0,0.0,87.0,0.0,221,221.0,risk_degraded_threshold,0.6,True
dapper,stable,117,100.0,1000,24.997182216762514,33.94211020128963,34.806950360419165,34.98156739475102,51.94396103000347,0.0,0.7238166310991714,0.7935256482510197,21850.0,21.85,21850.0,0.0,0.0,0.0,0.874,0.9862700228832952,0.4897025171624714,0.428,0.4965675057208238,0.0,0.013729977116704805,0.0,12.6,0.0,87.4,0.0,226,226.0,risk_degraded_threshold,0.6,True
dapper,stable,118,100.0,1000,25.026589048763064,34.146334679362305,34.835239525322194,34.964244111574146,52.20873167600773,0.0,0.7280528994609765,0.7960765304196257,21475.0,21.475,21475.0,0.0,0.0,0.0,0.859,0.9906868451688009,0.5075669383003493,0.436,0.4831199068684517,0.0,0.009313154831199068,0.0,14.099999999999998,0.0,85.9,0.0,244,244.0,risk_degraded_threshold,0.6,True
dapper,stable,119,100.0,1000,24.80107188012856,34.00280379558126,34.81754573602827,34.936826663719394,53.78667209236602,0.0,0.7243707963012889,0.799875204249307,21925.0,21.925,21925.0,0.0,0.0,0.0,0.877,0.9874572405929305,0.5324971493728621,0.467,0.4549600912200684,0.0,0.012542759407069556,0.0,12.3,0.0,87.7,0.0,228,228.0,risk_degraded_threshold,0.6,True
dapper,stable,120,100.0,1000,25.000139802139184,33.83887438020657,34.75482963071029,34.96519781982063,52.586658253654925,0.0,0.7247996031934949,0.7950348677637523,21800.0,21.8,21800.0,0.0,0.0,0.0,0.872,0.9839449541284404,0.5103211009174312,0.445,0.4736238532110092,0.0,0.016055045871559634,0.0,12.8,0.0,87.2,0.0,212,212.0,risk_degraded_threshold,0.6,True
dapper,stable,121,100.0,1000,24.870142370806825,34.08802278656587,34.79782372711737,34.96061084968983,51.218892289603616,0.0,0.7235062491591376,0.7917923991779289,21800.0,21.8,21800.0,0.0,0.0,0.0,0.872,0.9862385321100917,0.48394495412844035,0.422,0.5022935779816514,0.0,0.013761467889908258,0.0,12.8,0.0,87.2,0.0,219,219.0,risk_degraded_threshold,0.6,True
dapper,stable,122,100.0,1000,24.829111935230273,33.958468133447,34.74506049633189,34.924143640943036,53.271418624119164,0.0,0.7259117747422895,0.7982645293058339,21950.0,21.95,21950.0,0.0,0.0,0.0,0.878,0.9886104783599089,0.5148063781321185,0.452,0.47380410022779046,0.0,0.011389521640091117,0.0,12.2,0.0,87.8,0.0,200,200.0,risk_degraded_threshold,0.6,True
dapper,stable,123,100.0,1000,25.35470141463279,34.01400394209814,34.728637206489786,34.90743937957425,51.64158095400979,0.0,0.7231039957478556,0.7928850748486099,22225.0,22.225,22225.0,0.0,0.0,0.0,0.889,0.9820022497187851,0.4769403824521935,0.424,0.5050618672665916,0.0,0.01799775028121485,0.0,11.1,0.0,88.9,0.0,196,196.0,risk_degraded_threshold,0.6,True
dapper,stable,124,100.0,1000,25.00583269004324,34.03261405514325,34.80612955591713,34.95256595801938,50.8126236179597,0.0,0.7270004160651047,0.7942088997255117,21000.0,21.0,21000.0,0.0,0.0,0.0,0.84,0.9928571428571429,0.49642857142857144,0.417,0.49642857142857144,0.0,0.007142857142857143,0.0,16.0,0.0,84.0,0.0,280,280.0,risk_degraded_threshold,0.6,True
dapper,stable,125,100.0,1000,24.9867591189863,33.982185709447386,34.8021659840167,34.99165214842439,53.959249959158115,0.0,0.7268533605073024,0.7989657788847586,21650.0,21.65,21650.0,0.0,0.0,0.0,0.866,0.9919168591224018,0.5323325635103926,0.461,0.45958429561200925,0.0,0.008083140877598153,0.0,13.4,0.0,86.6,0.0,238,238.0,risk_degraded_threshold,0.6,True
dapper,stable,126,100.0,1000,24.628886386363657,33.70638744138536,34.672811784104226,34.983867296625746,53.134621864449656,0.0,0.726794351381784,0.8009463128693688,21175.0,21.175,21175.0,0.0,0.0,0.0,0.847,0.9881936245572609,0.5419126328217237,0.459,0.4462809917355372,0.0,0.011806375442739079,0.0,15.299999999999999,0.0,84.7,0.0,252,252.0,risk_degraded_threshold,0.6,True
dapper,stable,127,100.0,1000,25.164646066804526,34.17312143282042,34.80106095916998,34.970740898815485,54.30743225703345,0.0,0.7237258806201099,0.7969399991420358,22125.0,22.125,22125.0,0.0,0.0,0.0,0.885,0.9909604519774011,0.5276836158192091,0.467,0.4632768361581921,0.0,0.00903954802259887,0.0,11.5,0.0,88.5,0.0,207,207.0,risk_degraded_threshold,0.6,True
dapper,stable,128,100.0,1000,25.178185128090664,33.92859815320874,34.67968897440042,34.972660274630584,53.589153958153254,0.0,0.7271450910033325,0.7988558762020542,21425.0,21.425,21425.0,0.0,0.0,0.0,0.857,0.9836639439906651,0.5309218203033839,0.455,0.45274212368728123,0.0,0.01633605600933489,0.0,14.299999999999999,0.0,85.7,0.0,237,237.0,risk_degraded_threshold,0.6,True
dapper,stable,129,100.0,1000,25.217209562918274,34.07064808785484,34.83459462785327,34.9933571344785,53.065152250426124,0.0,0.722736266433297,0.7957788932941594,21825.0,21.825,21825.0,0.0,0.0,0.0,0.873,0.9896907216494846,0.5131729667812142,0.448,0.4765177548682703,0.0,0.010309278350515464,0.0,12.7,0.0,87.3,0.0,214,214.0,risk_degraded_threshold,0.6,True
dapper,congested,100,100.0,1000,24.824557271985057,33.928407620489025,34.77556075006328,34.97404020175507,24.824557271985057,0.0,0.7231225654703062,0.7231225654703062,0.0,0.0,0.0,0.004,0.004,0.0,0.0,0.0,0.0,0.0,0.0,0.0,0.0,0.0,99.6,0.0,0.0,0.4,8,8.0,risk_degraded_threshold,0.6,True
dapper,congested,101,100.0,1000,25.026673523971784,34.03466107987438,34.84243479054015,34.99327875607795,25.026673523971784,0.0,0.7239603822715144,0.7239603822715144,0.0,0.0,0.0,0.007,0.007,0.0,0.0,0.0,0.0,0.0,0.0,0.0,0.0,0.0,99.3,0.0,0.0,0.7000000000000001,12,12.0,risk_degraded_threshold,0.6,True
dapper,congested,102,100.0,1000,24.829712790777762,33.96479457393766,34.69588731781126,34.989536221406055,24.829712790777762,0.0,0.7270052366898776,0.7270052366898776,0.0,0.0,0.0,0.008,0.008,0.0,0.0,0.0,0.0,0.0,0.0,0.0,0.0,0.0,99.2,0.0,0.0,0.8,14,14.0,risk_degraded_threshold,0.6,True
dapper,congested,103,100.0,1000,24.892785643695664,34.09454856492267,34.78542999553827,34.985893217625524,24.892785643695664,0.0,0.7249187188165734,0.7249187188165734,0.0,0.0,0.0,0.006,0.006,0.0,0.0,0.0,0.0,0.0,0.0,0.0,0.0,0.0,99.4,0.0,0.0,0.6,12,12.0,risk_degraded_threshold,0.6,True
dapper,congested,104,100.0,1000,24.77796847513708,33.81394766067372,34.81048977789511,34.94578824107255,24.77796847513708,0.0,0.7272547943451833,0.7272547943451833,0.0,0.0,0.0,0.008,0.008,0.0,0.0,0.0,0.0,0.0,0.0,0.0,0.0,0.0,99.2,0.0,0.0,0.8,14,14.0,risk_degraded_threshold,0.6,True
dapper,congested,105,100.0,1000,24.677162661323955,34.007432758127685,34.86009343610894,34.98145078352877,24.677162661323955,0.0,0.7241646482306923,0.7241646482306923,25.0,0.025,25.0,0.008,0.008,0.0,0.001,1.0,0.0,0.0,1.0,0.0,0.0,0.0,99.1,0.0,0.1,0.8,14,14.0,risk_degraded_threshold,0.6,True
dapper,congested,106,100.0,1000,24.772684967250918,33.98450796903268,34.753821099438774,34.98979405154197,24.772684967250918,0.0,0.7262080408789683,0.7262080408789683,0.0,0.0,0.0,0.007,0.007,0.0,0.0,0.0,0.0,0.0,0.0,0.0,0.0,0.0,99.3,0.0,0.0,0.7000000000000001,8,8.0,risk_degraded_threshold,0.6,True
dapper,congested,107,100.0,1000,24.763848167260303,33.88426057014752,34.77470672268729,34.998762184541775,24.763848167260303,0.0,0.7257346306649486,0.7257346306649486,0.0,0.0,0.0,0.005,0.005,0.0,0.0,0.0,0.0,0.0,0.0,0.0,0.0,0.0,99.5,0.0,0.0,0.5,8,8.0,risk_degraded_threshold,0.6,True
dapper,congested,108,100.0,1000,24.953177155047733,33.943119032195405,34.814499351033405,34.99655745974279,24.953177155047733,0.0,0.7244295155267036,0.7244295155267036,0.0,0.0,0.0,0.008,0.008,0.0,0.0,0.0,0.0,0.0,0.0,0.0,0.0,0.0,99.2,0.0,0.0,0.8,14,14.0,risk_degraded_threshold,0.6,True
dapper,congested,109,100.0,1000,24.847059358357548,33.93181537323021,34.785030538309286,34.98925809716232,24.847059358357548,0.0,0.7234323551786083,0.7234323551786083,0.0,0.0,0.0,0.007,0.007,0.0,0.0,0.0,0.0,0.0,0.0,0.0,0.0,0.0,99.3,0.0,0.0,0.7000000000000001,10,10.0,risk_degraded_threshold,0.6,True
dapper,congested,110,100.0,1000,24.70223165713215,33.71973175922034,34.60151524624712,34.90888622322395,24.70223165713215,0.0,0.7246938266396346,0.7246938266396346,0.0,0.0,0.0,0.005,0.005,0.0,0.0,0.0,0.0,0.0,0.0,0.0,0.0,0.0,99.5,0.0,0.0,0.5,8,8.0,risk_degraded_threshold,0.6,True
dapper,congested,111,100.0,1000,24.94253826558974,33.995133250212476,34.74455155405684,34.96241421096305,24.94253826558974,0.0,0.7254545302713125,0.7254545302713125,0.0,0.0,0.0,0.008,0.008,0.0,0.0,0.0,0.0,0.0,0.0,0.0,0.0,0.0,99.2,0.0,0.0,0.8,14,14.0,risk_degraded_threshold,0.6,True
dapper,congested,112,100.0,1000,24.86963877249279,33.90095224371657,34.76580213455383,34.985906989642146,24.86963877249279,0.0,0.7266076329631779,0.7266076329631779,0.0,0.0,0.0,0.013,0.013,0.0,0.0,0.0,0.0,0.0,0.0,0.0,0.0,0.0,98.7,0.0,0.0,1.3,18,18.0,risk_degraded_threshold,0.6,True
dapper,congested,113,100.0,1000,24.72292431672843,33.938019364553725,34.77247181035648,34.98424994294581,24.72292431672843,0.0,0.7265134749764945,0.7265134749764945,0.0,0.0,0.0,0.007,0.007,0.0,0.0,0.0,0.0,0.0,0.0,0.0,0.0,0.0,99.3,0.0,0.0,0.7000000000000001,12,12.0,risk_degraded_threshold,0.6,True
dapper,congested,114,100.0,1000,24.915906991902833,33.99518413696301,34.87476614646897,34.96282987218834,24.915906991902833,0.0,0.7286233928366593,0.7286233928366593,0.0,0.0,0.0,0.008,0.008,0.0,0.0,0.0,0.0,0.0,0.0,0.0,0.0,0.0,99.2,0.0,0.0,0.8,10,10.0,risk_degraded_threshold,0.6,True
dapper,congested,115,100.0,1000,25.085740611498316,34.01033183391731,34.751795785617006,34.96593743598228,25.085740611498316,0.0,0.722824442674691,0.722824442674691,0.0,0.0,0.0,0.006,0.006,0.0,0.0,0.0,0.0,0.0,0.0,0.0,0.0,0.0,99.4,0.0,0.0,0.6,10,10.0,risk_degraded_threshold,0.6,True
dapper,congested,116,100.0,1000,25.324934204252145,33.95730249293956,34.77240430108412,34.9771698353159,25.324934204252145,0.0,0.7260315559209485,0.7260315559209485,0.0,0.0,0.0,0.008,0.008,0.0,0.0,0.0,0.0,0.0,0.0,0.0,0.0,0.0,99.2,0.0,0.0,0.8,16,16.0,risk_degraded_threshold,0.6,True
dapper,congested,117,100.0,1000,24.38620885543388,33.706919736517364,34.66361864084976,34.994340946660934,24.38620885543388,0.0,0.7253330615138619,0.7253330615138619,25.0,0.025,25.0,0.008,0.008,0.0,0.001,1.0,0.0,0.0,1.0,0.0,0.0,0.0,99.1,0.0,0.1,0.8,18,18.0,risk_degraded_threshold,0.6,True
dapper,congested,118,100.0,1000,25.01023416650803,34.01490807545646,34.75940662114508,34.968506891824205,25.01023416650803,0.0,0.7268033495517163,0.7268033495517163,0.0,0.0,0.0,0.007,0.007,0.0,0.0,0.0,0.0,0.0,0.0,0.0,0.0,0.0,99.3,0.0,0.0,0.7000000000000001,12,12.0,risk_degraded_threshold,0.6,True
dapper,congested,119,100.0,1000,25.237974362405513,33.930297923071485,34.79939395844596,34.97944595589328,25.237974362405513,0.0,0.7235998627315303,0.7235998627315303,0.0,0.0,0.0,0.005,0.005,0.0,0.0,0.0,0.0,0.0,0.0,0.0,0.0,0.0,99.5,0.0,0.0,0.5,8,8.0,risk_degraded_threshold,0.6,True
dapper,congested,120,100.0,1000,24.770729236686982,33.99634834863332,34.78821886321599,34.985958566309606,24.770729236686982,0.0,0.724149083598059,0.724149083598059,0.0,0.0,0.0,0.008,0.008,0.0,0.0,0.0,0.0,0.0,0.0,0.0,0.0,0.0,99.2,0.0,0.0,0.8,16,16.0,risk_degraded_threshold,0.6,True
dapper,congested,121,100.0,1000,24.670024513531853,33.750343569648706,34.75280697328194,34.996277370025744,24.670024513531853,0.0,0.7242193034879331,0.7242193034879331,0.0,0.0,0.0,0.006,0.006,0.0,0.0,0.0,0.0,0.0,0.0,0.0,0.0,0.0,99.4,0.0,0.0,0.6,10,10.0,risk_degraded_threshold,0.6,True
dapper,congested,122,100.0,1000,24.53787182490916,33.83751458842038,34.770700984913006,34.91653465760954,24.53787182490916,0.0,0.726925307989091,0.726925307989091,0.0,0.0,0.0,0.013,0.013,0.0,0.0,0.0,0.0,0.0,0.0,0.0,0.0,0.0,98.7,0.0,0.0,1.3,14,14.0,risk_degraded_threshold,0.6,True
dapper,congested,123,100.0,1000,24.972968667791022,34.0068905091913,34.771507219222585,34.98883073588995,24.972968667791022,0.0,0.7231981737549722,0.7231981737549722,0.0,0.0,0.0,0.002,0.002,0.0,0.0,0.0,0.0,0.0,0.0,0.0,0.0,0.0,99.8,0.0,0.0,0.2,4,4.0,risk_degraded_threshold,0.6,True
dapper,congested,124,100.0,1000,24.68398444976012,33.74309287533703,34.66363593071505,34.94326242767353,24.68398444976012,0.0,0.7246698111318651,0.7246698111318651,0.0,0.0,0.0,0.006,0.006,0.0,0.0,0.0,0.0,0.0,0.0,0.0,0.0,0.0,99.4,0.0,0.0,0.6,10,10.0,risk_degraded_threshold,0.6,True
dapper,congested,125,100.0,1000,24.725669553063664,34.05786747219948,34.83418763630404,34.99974319601896,24.725669553063664,0.0,0.7228975062228786,0.7228975062228786,25.0,0.025,25.0,0.012,0.012,0.0,0.001,1.0,0.0,0.0,1.0,0.0,0.0,0.0,98.7,0.0,0.1,1.2,16,16.0,risk_degraded_threshold,0.6,True
dapper,congested,126,100.0,1000,24.961010734873252,33.97988585528562,34.774114294105054,34.99086328598782,24.961010734873252,0.0,0.7258907807888281,0.7258907807888281,0.0,0.0,0.0,0.002,0.002,0.0,0.0,0.0,0.0,0.0,0.0,0.0,0.0,0.0,99.8,0.0,0.0,0.2,4,4.0,risk_degraded_threshold,0.6,True
dapper,congested,127,100.0,1000,24.79915459305446,33.97839515917549,34.71031183612322,34.99801668883106,24.79915459305446,0.0,0.7241769809830646,0.7241769809830646,0.0,0.0,0.0,0.01,0.01,0.0,0.0,0.0,0.0,0.0,0.0,0.0,0.0,0.0,99.0,0.0,0.0,1.0,18,18.0,risk_degraded_threshold,0.6,True
dapper,congested,128,100.0,1000,24.671514882986425,34.08647701991846,34.783499539553866,34.99302751306131,24.671514882986425,0.0,0.72324842617587,0.72324842617587,0.0,0.0,0.0,0.008,0.008,0.0,0.0,0.0,0.0,0.0,0.0,0.0,0.0,0.0,99.2,0.0,0.0,0.8,12,12.0,risk_degraded_threshold,0.6,True
dapper,congested,129,100.0,1000,24.599702966215787,33.90591045177916,34.77957296022762,34.981958638619645,24.599702966215787,0.0,0.7227863941222297,0.7227863941222297,0.0,0.0,0.0,0.013,0.013,0.0,0.0,0.0,0.0,0.0,0.0,0.0,0.0,0.0,98.7,0.0,0.0,1.3,20,20.0,risk_degraded_threshold,0.6,True
dapper,lossy,100,100.0,1000,25.284238375351617,34.04718924628941,34.84826155800029,34.98907189172226,31.857325313088005,0.0,0.7261089761349956,0.7418683904352356,18000.0,18.0,18000.0,0.0,0.0,0.0,0.72,0.8111111111111111,0.13055555555555556,0.094,0.6805555555555556,0.0,0.18888888888888888,0.0,28.000000000000004,0.0,72.0,0.0,364,364.0,risk_degraded_threshold,0.6,True
dapper,lossy,101,100.0,1000,25.059527190349893,34.120642165867906,34.8265496982896,34.99538718567808,31.68360404093288,0.0,0.7233638220296621,0.7383227658545507,17675.0,17.675,17675.0,0.0,0.0,0.0,0.707,0.8330975954738331,0.13295615275813297,0.094,0.7001414427157001,0.0,0.1669024045261669,0.0,29.299999999999997,0.0,70.7,0.0,366,366.0,risk_degraded_threshold,0.6,True
dapper,lossy,102,100.0,1000,24.993003502753638,33.78557770295638,34.81151542684563,34.990087052311324,30.926238985640797,0.0,0.7247993890094673,0.7385327568542848,17225.0,17.225,17225.0,0.0,0.0,0.0,0.689,0.8113207547169812,0.12336719883889695,0.085,0.6879535558780842,0.0,0.18867924528301888,0.0,31.1,0.0,68.89999999999999,0.0,390,390.0,risk_degraded_threshold,0.6,True
dapper,lossy,103,100.0,1000,25.072925546868568,34.23372242321619,34.794279965090745,34.9768308072483,32.53725996440561,0.0,0.7255664298957895,0.7431153918263849,18675.0,18.675,18675.0,0.0,0.0,0.0,0.747,0.7991967871485943,0.14457831325301204,0.108,0.6546184738955824,0.0,0.20080321285140562,0.0,25.3,0.0,74.7,0.0,340,340.0,risk_degraded_threshold,0.6,True
dapper,lossy,104,100.0,1000,24.952721574773207,33.7641107522445,34.821547122134376,34.99174516374082,32.954498342235674,0.0,0.725270205207262,0.7428455742749839,18200.0,18.2,18200.0,0.0,0.0,0.0,0.728,0.8063186813186813,0.15796703296703296,0.115,0.6483516483516484,0.0,0.1936813186813187,0.0,27.200000000000003,0.0,72.8,0.0,362,362.0,risk_degraded_threshold,0.6,True
dapper,lossy,105,100.0,1000,25.095152971928933,33.826524025580916,34.67873591147265,34.99594666457182,31.650482579457197,0.0,0.7248747477212536,0.7392192203397958,18825.0,18.825,18825.0,0.0,0.0,0.0,0.753,0.8273572377158035,0.12350597609561753,0.093,0.703851261620186,0.0,0.17264276228419656,0.0,24.7,0.0,75.3,0.0,344,344.0,risk_degraded_threshold,0.6,True
dapper,lossy,106,100.0,1000,24.856568122610433,33.832964597231225,34.72189143706977,34.99784375073101,31.50890321788417,0.0,0.7235813767870335,0.7392206310961336,17800.0,17.8,17800.0,0.0,0.0,0.0,0.712,0.8539325842696629,0.13342696629213482,0.095,0.7205056179775281,0.0,0.14606741573033707,0.0,28.799999999999997,0.0,71.2,0.0,389,389.0,risk_degraded_threshold,0.6,True
dapper,lossy,107,100.0,1000,24.68158080592215,34.00414573371424,34.83973190471446,34.99325658145116,31.19660512918917,0.0,0.7241940517114336,0.7388308468489646,18025.0,18.025,18025.0,0.0,0.0,0.0,0.721,0.8099861303744799,0.1276005547850208,0.092,0.6823855755894591,0.0,0.1900138696255201,0.0,27.900000000000002,0.0,72.1,0.0,354,354.0,risk_degraded_threshold,0.6,True
dapper,lossy,108,100.0,1000,25.047265262517854,34.05795037600457,34.73288919337191,34.96757252768798,31.073612955374518,0.0,0.7235643813542582,0.7373909269007133,18325.0,18.325,18325.0,0.0,0.0,0.0,0.733,0.810368349249659,0.11732605729877217,0.086,0.6930422919508867,0.0,0.18963165075034105,0.0,26.700000000000003,0.0,73.3,0.0,364,364.0,risk_degraded_threshold,0.6,True
dapper,lossy,109,100.0,1000,24.775139056545807,34.049418286887835,34.7919194149339,34.94624843509132,31.96287960801317,0.0,0.7212325912059436,0.7383365724449257,18500.0,18.5,18500.0,0.0,0.0,0.0,0.74,0.827027027027027,0.13783783783783785,0.102,0.6891891891891891,0.0,0.17297297297297298,0.0,26.0,0.0,74.0,0.0,324,324.0,risk_degraded_threshold,0.6,True
dapper,lossy,110,100.0,1000,25.004520730247734,33.8683404853258,34.86997539103268,34.98456857838196,32.44878696120915,0.0,0.7268739784421301,0.7433964854715304,17950.0,17.95,17950.0,0.0,0.0,0.0,0.718,0.7813370473537604,0.14623955431754876,0.105,0.6350974930362117,0.0,0.21866295264623956,0.0,28.199999999999996,0.0,71.8,0.0,380,380.0,risk_degraded_threshold,0.6,True
dapper,lossy,111,100.0,1000,24.90307640535743,34.14835345167596,34.756755348825656,34.981698697795565,31.661618369672937,0.0,0.7248703254305311,0.7398456220643752,18200.0,18.2,18200.0,0.0,0.0,0.0,0.728,0.8008241758241759,0.1346153846153846,0.098,0.6662087912087912,0.0,0.19917582417582416,0.0,27.200000000000003,0.0,72.8,0.0,341,341.0,risk_degraded_threshold,0.6,True
dapper,lossy,112,100.0,1000,24.956367632930085,34.151123089835,34.870234716853815,34.962158450180866,32.0743115042331,0.0,0.7253954496233768,0.7418527868840668,18175.0,18.175,18175.0,0.0,0.0,0.0,0.727,0.797799174690509,0.14167812929848694,0.103,0.656121045392022,0.0,0.20220082530949107,0.0,27.3,0.0,72.7,0.0,342,342.0,risk_degraded_threshold,0.6,True
dapper,lossy,113,100.0,1000,25.11573781751927,34.14436127878192,34.867885766711,34.99782157537433,31.685721930267743,0.0,0.7254462125679975,0.7402162266401762,18625.0,18.625,18625.0,0.0,0.0,0.0,0.745,0.8053691275167785,0.1261744966442953,0.094,0.6791946308724832,0.0,0.19463087248322147,0.0,25.5,0.0,74.5,0.0,367,367.0,risk_degraded_threshold,0.6,True
dapper,lossy,114,100.0,1000,25.05695156474369,34.026649628584615,34.857774174382406,34.983091762156874,31.76472240386522,0.0,0.72440817275247,0.7393453718347903,17675.0,17.675,17675.0,0.0,0.0,0.0,0.707,0.8076379066478077,0.1371994342291372,0.097,0.6704384724186704,0.0,0.19236209335219237,0.0,29.299999999999997,0.0,70.7,0.0,359,359.0,risk_degraded_threshold,0.6,True
dapper,lossy,115,100.0,1000,24.76252752899427,34.140208891814694,34.85306689119638,34.992962372181864,31.597060228847266,0.0,0.7251726691219196,0.7398453016431278,17850.0,17.85,17850.0,0.0,0.0,0.0,0.714,0.7969187675070029,0.13725490196078433,0.098,0.6596638655462185,0.0,0.2030812324929972,0.0,28.599999999999998,0.0,71.39999999999999,0.0,380,380.0,risk_degraded_threshold,0.6,True
dapper,lossy,116,100.0,1000,24.951356764470432,33.914227978461774,34.857265543400885,34.99525986411179,32.60167100412868,0.0,0.7243445892890008,0.7428840823811076,17975.0,17.975,17975.0,0.0,0.0,0.0,0.719,0.8344923504867872,0.15577190542420027,0.112,0.6787204450625869,0.0,0.16550764951321278,0.0,28.1,0.0,71.89999999999999,0.0,382,382.0,risk_degraded_threshold,0.6,True
dapper,lossy,117,100.0,1000,25.037129912861214,33.9567672696681,34.764351269100246,34.996388970755305,30.05768402831528,0.0,0.726073452957747,0.7373350959476548,17900.0,17.9,17900.0,0.0,0.0,0.0,0.716,0.7988826815642458,0.1005586592178771,0.072,0.6983240223463687,0.0,0.2011173184357542,0.0,28.4,0.0,71.6,0.0,378,378.0,risk_degraded_threshold,0.6,True
dapper,lossy,118,100.0,1000,24.83203368389728,33.86314293776527,34.704566823658226,34.94197590424748,31.59642683182519,0.0,0.7277094589160901,0.742481456687588,17425.0,17.425,17425.0,0.0,0.0,0.0,0.697,0.8335724533715926,0.13916786226685796,0.097,0.6944045911047346,0.0,0.16642754662840745,0.0,30.3,0.0,69.69999999999999,0.0,402,402.0,risk_degraded_threshold,0.6,True
dapper,lossy,119,100.0,1000,25.22380561542694,34.16353447898527,34.88856396573517,34.993426719837316,32.113435816803424,0.0,0.72570145608929,0.7415107092676313,18600.0,18.6,18600.0,0.0,0.0,0.0,0.744,0.8198924731182796,0.13440860215053763,0.1,0.6854838709677419,0.0,0.18010752688172044,0.0,25.6,0.0,74.4,0.0,342,342.0,risk_degraded_threshold,0.6,True
dapper,lossy,120,100.0,1000,24.94356883456326,33.94762430607923,34.82126839451995,34.99480299428936,31.257672307205212,0.0,0.7242446744200584,0.7384825033900047,18075.0,18.075,18075.0,0.0,0.0,0.0,0.723,0.7980636237897649,0.12448132780082988,0.09,0.673582295988935,0.0,0.20193637621023514,0.0,27.700000000000003,0.0,72.3,0.0,366,366.0,risk_degraded_threshold,0.6,True
dapper,lossy,121,100.0,1000,24.890186762682326,33.9509837447526,34.75636721943252,34.9865485323475,32.77353024549474,0.0,0.7226738180182367,0.7410438719949963,18675.0,18.675,18675.0,0.0,0.0,0.0,0.747,0.821954484605087,0.1499330655957162,0.112,0.6720214190093708,0.0,0.17804551539491298,0.0,25.3,0.0,74.7,0.0,339,339.0,risk_degraded_threshold,0.6,True
dapper,lossy,122,100.0,1000,25.08579289471596,34.07524967583675,34.72465675884838,34.92311681265087,31.763246506243785,0.0,0.7253656451784852,0.7408740543618451,18550.0,18.55,18550.0,0.0,0.0,0.0,0.742,0.7951482479784366,0.1280323450134771,0.095,0.6671159029649596,0.0,0.20485175202156333,0.0,25.8,0.0,74.2,0.0,330,330.0,risk_degraded_threshold,0.6,True
dapper,lossy,123,100.0,1000,24.817178107343594,33.97858252982191,34.71884738710505,34.9640180768012,32.29314773222189,0.0,0.725177200048534,0.7433974475207357,17875.0,17.875,17875.0,0.0,0.0,0.0,0.715,0.8055944055944056,0.15244755244755245,0.109,0.6531468531468532,0.0,0.1944055944055944,0.0,28.499999999999996,0.0,71.5,0.0,380,380.0,risk_degraded_threshold,0.6,True
dapper,lossy,124,100.0,1000,25.144076835710404,34.0084817041087,34.82162623829404,34.999930978152555,33.825274803426076,0.0,0.7252006399861742,0.7459351026481479,18725.0,18.725,18725.0,0.0,0.0,0.0,0.749,0.835781041388518,0.16688918558077437,0.125,0.6688918558077437,0.0,0.16421895861148197,0.0,25.1,0.0,74.9,0.0,362,362.0,risk_degraded_threshold,0.6,True
dapper,lossy,125,100.0,1000,25.290207315525716,34.07810779324134,34.85987931432081,34.99675173862079,31.822242841358705,0.0,0.725008358044021,0.7393774547547449,17300.0,17.3,17300.0,0.0,0.0,0.0,0.692,0.8078034682080925,0.13872832369942195,0.096,0.6690751445086706,0.0,0.19219653179190752,0.0,30.8,0.0,69.19999999999999,0.0,374,374.0,risk_degraded_threshold,0.6,True
dapper,lossy,126,100.0,1000,25.012306557377276,34.01851118868758,34.87231873366858,34.99707928007821,32.11656113797526,0.0,0.7223553858756083,0.7383183297008713,18375.0,18.375,18375.0,0.0,0.0,0.0,0.735,0.8204081632653061,0.13877551020408163,0.102,0.6816326530612244,0.0,0.17959183673469387,0.0,26.5,0.0,73.5,0.0,354,354.0,risk_degraded_threshold,0.6,True
dapper,lossy,127,100.0,1000,24.933813775828348,34.03862120823819,34.851014551058256,34.985303846764054,32.69662669143229,0.0,0.7254720911704587,0.7435683780371112,18100.0,18.1,18100.0,0.0,0.0,0.0,0.724,0.7720994475138122,0.15469613259668508,0.112,0.6174033149171271,0.0,0.22790055248618785,0.0,27.6,0.0,72.39999999999999,0.0,373,373.0,risk_degraded_threshold,0.6,True
dapper,lossy,128,100.0,1000,25.361525346794913,34.112832194106765,34.722796126768856,34.99638466136344,32.25036818382081,0.0,0.7258146565752936,0.7414867988063029,17775.0,17.775,17775.0,0.0,0.0,0.0,0.711,0.8270042194092827,0.1420534458509142,0.101,0.6849507735583685,0.0,0.1729957805907173,0.0,28.9,0.0,71.1,0.0,399,399.0,risk_degraded_threshold,0.6,True
dapper,lossy,129,100.0,1000,24.956002553810663,34.060395492680186,34.85750602439408,34.980831653703675,31.49496513929532,0.0,0.7240405957959037,0.7388445901022926,18725.0,18.725,18725.0,0.0,0.0,0.0,0.749,0.8130841121495327,0.12550066755674233,0.094,0.6875834445927904,0.0,0.18691588785046728,0.0,25.1,0.0,74.9,0.0,351,351.0,risk_degraded_threshold,0.6,True
dapper,variable,100,100.0,1000,19.847097399190012,33.61420558459003,34.76027410675784,34.95054826151675,21.97468170885308,0.0,0.7259116438296801,0.7309100495998946,5375.0,5.375,5375.0,0.284,0.216,0.0,0.215,0.9116279069767442,0.15348837209302327,0.033,0.7581395348837209,0.0,0.08837209302325581,0.0,56.89999999999999,0.0,21.5,21.6,342,342.0,risk_degraded_threshold,0.6,True
dapper,variable,101,100.0,1000,19.873228370530978,33.51859359353788,34.716729365681125,34.99816501848515,22.429717590864318,0.0,0.7275598148950951,0.7338505135735993,6025.0,6.025,6025.0,0.256,0.2,0.0,0.241,0.9294605809128631,0.15767634854771784,0.038,0.7717842323651453,0.0,0.07053941908713693,0.0,55.900000000000006,0.0,24.099999999999998,20.0,331,331.0,risk_degraded_threshold,0.6,True
dapper,variable,102,100.0,1000,21.725835154751234,33.952084801243224,34.85412725538718,34.995332379528136,24.55018827202417,0.0,0.7253923428217819,0.7325011631642455,6075.0,6.075,6075.0,0.167,0.131,0.0,0.243,0.9012345679012346,0.1728395061728395,0.042,0.7283950617283951,0.0,0.09876543209876543,0.0,62.6,0.0,24.3,13.100000000000001,304,304.0,risk_degraded_threshold,0.6,True
dapper,variable,103,100.0,1000,19.512093113412188,33.581179869308166,34.6745142049723,34.99051342908312,21.536858533775952,0.0,0.7264145780785138,0.7316018841146493,5975.0,5.975,5975.0,0.315,0.239,0.0,0.239,0.9079497907949791,0.12552301255230125,0.03,0.7824267782426778,0.0,0.09205020920502092,0.0,52.2,0.0,23.9,23.9,358,358.0,risk_degraded_threshold,0.6,True
dapper,variable,104,100.0,1000,21.518439904160722,33.92297556550541,34.71580596411837,34.944614204784195,24.19286560109536,0.0,0.727405744674525,0.7335000817049102,5675.0,5.675,5675.0,0.187,0.143,0.0,0.227,0.920704845814978,0.1762114537444934,0.04,0.7444933920704846,0.0,0.07929515418502203,0.0,63.0,0.0,22.7,14.299999999999999,297,297.0,risk_degraded_threshold,0.6,True
dapper,variable,105,100.0,1000,20.409246302565197,33.52133876628223,34.7773651787171,34.98077376103997,23.376413958481,0.0,0.726150768098847,0.7330994621409599,6100.0,6.1,6100.0,0.238,0.184,0.0,0.244,0.9467213114754098,0.1762295081967213,0.043,0.7704918032786885,0.0,0.05327868852459016,0.0,57.199999999999996,0.0,24.4,18.4,334,334.0,risk_degraded_threshold,0.6,True
dapper,variable,106,100.0,1000,21.59372391817589,33.5305156645498,34.67586933903363,34.993851868805095,24.22464112131524,0.0,0.7255234671581106,0.7321782081483472,5525.0,5.525,5525.0,0.175,0.136,0.0,0.221,0.9366515837104072,0.18099547511312217,0.04,0.755656108597285,0.0,0.06334841628959276,0.0,64.3,0.0,22.1,13.600000000000001,290,290.0,risk_degraded_threshold,0.6,True
dapper,variable,107,100.0,1000,20.056441701403287,33.56666120695883,34.6268453225655,34.98148819897819,22.290948278842663,0.0,0.7240116849833446,0.729203334796121,4925.0,4.925,4925.0,0.261,0.201,0.0,0.197,0.9137055837563451,0.16751269035532995,0.033,0.7461928934010152,0.0,0.08629441624365482,0.0,60.199999999999996,0.0,19.7,20.1,301,301.0,risk_degraded_threshold,0.6,True
dapper,variable,108,100.0,1000,20.480881005394448,33.99159903353784,34.77692101060002,34.94872090187498,23.301428970536026,0.0,0.7260048286422379,0.7332002127738215,6000.0,6.0,6000.0,0.26,0.196,0.0,0.24,0.925,0.175,0.042,0.75,0.0,0.075,0.0,56.39999999999999,0.0,24.0,19.6,334,334.0,risk_degraded_threshold,0.6,True
dapper,variable,109,100.0,1000,21.210997956041414,33.76823065319891,34.76110730262953,34.98660651522982,23.060011675214664,0.0,0.7239038673745836,0.7281507289543079,5375.0,5.375,5375.0,0.203,0.156,0.0,0.215,0.9348837209302325,0.12558139534883722,0.027,0.8093023255813954,0.0,0.06511627906976744,0.0,62.9,0.0,21.5,15.6,311,311.0,risk_degraded_threshold,0.6,True
dapper,variable,110,100.0,1000,20.982663888093814,33.908831310824965,34.67822534775889,34.98146709760653,22.85841796982215,0.0,0.7252583766377324,0.7294279576298566,5500.0,5.5,5500.0,0.226,0.171,0.0,0.22,0.9181818181818182,0.12727272727272726,0.028,0.7909090909090909,0.0,0.08181818181818182,0.0,60.9,0.0,22.0,17.1,315,315.0,risk_degraded_threshold,0.6,True
dapper,variable,111,100.0,1000,21.15036747714493,33.79838354481562,34.723349040720166,34.97684653932659,23.898246545335653,0.0,0.7257443855359366,0.7321232698987364,6050.0,6.05,6050.0,0.216,0.166,0.0,0.242,0.9297520661157025,0.16942148760330578,0.041,0.7603305785123967,0.0,0.07024793388429752,0.0,59.199999999999996,0.0,24.2,16.6,312,312.0,risk_degraded_threshold,0.6,True
dapper,variable,112,100.0,1000,21.078172240720427,34.0565418294024,34.79412676903375,34.95854802039493,24.212262504548903,0.0,0.728773769620013,0.7356621447394286,6425.0,6.425,6425.0,0.215,0.162,0.0,0.257,0.9455252918287937,0.17898832684824903,0.046,0.7665369649805448,0.0,0.054474708171206226,0.0,58.099999999999994,0.0,25.7,16.2,324,324.0,risk_degraded_threshold,0.6,True
dapper,variable,113,100.0,1000,21.273906223598555,33.57682626381407,34.78843892853948,34.96829040868747,22.896912929005918,0.0,0.7263068757945752,0.7298801650003229,5800.0,5.8,5800.0,0.197,0.15,0.0,0.232,0.9396551724137931,0.10344827586206896,0.024,0.8362068965517241,0.0,0.0603448275862069,0.0,61.8,0.0,23.200000000000003,15.0,301,301.0,risk_degraded_threshold,0.6,True
dapper,variable,114,100.0,1000,19.651478679764644,33.53883646549626,34.61117657596823,34.99588156157893,21.80082481738994,0.0,0.7222741502329159,0.7272650507331792,4450.0,4.45,4450.0,0.266,0.205,0.0,0.178,0.9044943820224719,0.1797752808988764,0.032,0.7247191011235955,0.0,0.09550561797752809,0.0,61.7,0.0,17.8,20.5,333,333.0,risk_degraded_threshold,0.6,True
dapper,variable,115,100.0,1000,21.45827282696581,33.34691437699113,34.626745067103904,34.87718954629805,24.548942824019623,0.0,0.7230935571850724,0.7305974128658156,5350.0,5.35,5350.0,0.176,0.137,0.0,0.214,0.9065420560747663,0.2102803738317757,0.045,0.6962616822429907,0.0,0.09345794392523364,0.0,64.9,0.0,21.4,13.700000000000001,290,290.0,risk_degraded_threshold,0.6,True
dapper,variable,116,100.0,1000,20.840460970931165,33.98344969197258,34.76841725790863,34.94714462527301,22.676296011280233,0.0,0.7289372186607409,0.7337824041177154,4900.0,4.9,4900.0,0.239,0.184,0.0,0.196,0.9336734693877551,0.1377551020408163,0.027,0.7959183673469388,0.0,0.0663265306122449,0.0,62.0,0.0,19.6,18.4,294,294.0,risk_degraded_threshold,0.6,True
dapper,variable,117,100.0,1000,22.76021868961211,34.240173789397694,34.82080355680936,34.990866631104254,24.340232113684532,0.0,0.7236897900442029,0.7274013833791875,6150.0,6.15,6150.0,0.132,0.1,0.0,0.246,0.9146341463414634,0.09349593495934959,0.023,0.8211382113821138,0.0,0.08536585365853659,0.0,65.4,0.0,24.6,10.0,296,296.0,risk_degraded_threshold,0.6,True
dapper,variable,118,100.0,1000,21.19990772515089,33.5101571170854,34.37942051281876,34.868091607089696,24.795661088368785,0.0,0.7251742139285398,0.7332718839678496,6650.0,6.65,6650.0,0.193,0.148,0.0,0.266,0.9323308270676691,0.19548872180451127,0.052,0.7368421052631579,0.0,0.06766917293233082,0.0,58.599999999999994,0.0,26.6,14.799999999999999,320,320.0,risk_degraded_threshold,0.6,True
dapper,variable,119,100.0,1000,20.98980792595105,33.65904383541709,34.57959716197339,34.99635852821138,23.759955843587026,0.0,0.7248011782863056,0.731759718303051,5900.0,5.9,5900.0,0.218,0.166,0.0,0.236,0.9279661016949152,0.17372881355932204,0.041,0.7542372881355932,0.0,0.07203389830508475,0.0,59.8,0.0,23.599999999999998,16.6,303,303.0,risk_degraded_threshold,0.6,True
dapper,variable,120,100.0,1000,21.637219680970638,33.96526001626422,34.71258654891299,34.99491157025027,24.157473320400253,0.0,0.7236256274039456,0.7299055176505913,7075.0,7.075,7075.0,0.179,0.134,0.0,0.283,0.9399293286219081,0.13074204946996468,0.037,0.8091872791519434,0.0,0.06007067137809187,0.0,58.3,0.0,28.299999999999997,13.4,319,319.0,risk_degraded_threshold,0.6,True
dapper,variable,121,100.0,1000,20.769854338698046,33.76407787463392,34.80089032279628,34.994688323129196,24.68125200719413,0.0,0.7246801812954811,0.7345887093906228,6775.0,6.775,6775.0,0.217,0.168,0.0,0.271,0.948339483394834,0.2140221402214022,0.058,0.7343173431734318,0.0,0.05166051660516605,0.0,56.10000000000001,0.0,27.1,16.8,311,311.0,risk_degraded_threshold,0.6,True
dapper,variable,122,100.0,1000,21.13175821444513,33.694416258508085,34.631522901173106,34.97317679379236,24.23120819446242,0.0,0.727101792089757,0.7340206501603544,5650.0,5.65,5650.0,0.197,0.151,0.0,0.226,0.9557522123893806,0.19911504424778761,0.045,0.7566371681415929,0.0,0.04424778761061947,0.0,62.3,0.0,22.6,15.1,312,312.0,risk_degraded_threshold,0.6,True
dapper,variable,123,100.0,1000,21.09321361110236,33.79103353765298,34.79488657343286,34.98222422308634,23.181419503996473,0.0,0.7282104611957531,0.7339684088091011,5550.0,5.55,5550.0,0.215,0.164,0.0,0.222,0.9369369369369369,0.14414414414414414,0.032,0.7927927927927928,0.0,0.06306306306306306,0.0,61.4,0.0,22.2,16.400000000000002,318,318.0,risk_degraded_threshold,0.6,True
dapper,variable,124,100.0,1000,21.732988484636902,33.61582768332837,34.67732058291188,34.996246009129095,23.750766552712175,0.0,0.7242599698219147,0.7290090601287487,6700.0,6.7,6700.0,0.169,0.132,0.0,0.268,0.8955223880597015,0.11194029850746269,0.03,0.7835820895522388,0.0,0.1044776119402985,0.0,60.0,0.0,26.8,13.200000000000001,338,338.0,risk_degraded_threshold,0.6,True
dapper,variable,125,100.0,1000,20.769788307085673,33.55572104656107,34.7780426012565,34.94952031560075,23.64318483654006,0.0,0.7246252838037862,0.7310543455649272,5925.0,5.925,5925.0,0.222,0.17,0.0,0.237,0.9409282700421941,0.17721518987341772,0.042,0.7637130801687764,0.0,0.05907172995780591,0.0,59.3,0.0,23.7,17.0,320,320.0,risk_degraded_threshold,0.6,True
dapper,variable,126,100.0,1000,21.1478810158433,33.75159446968112,34.720173914570076,34.997585709381326,23.72466143080774,0.0,0.730137150017489,0.7363161985328225,5775.0,5.775,5775.0,0.21,0.163,0.0,0.231,0.9307359307359307,0.16883116883116883,0.039,0.7619047619047619,0.0,0.06926406926406926,0.0,60.6,0.0,23.1,16.3,315,315.0,risk_degraded_threshold,0.6,True
dapper,variable,127,100.0,1000,20.660215773075464,34.01155392391131,34.710521322396545,34.9805264786951,22.9640357303438,0.0,0.7254115546748069,0.7311096624471685,5750.0,5.75,5750.0,0.245,0.187,0.0,0.23,0.9521739130434783,0.14347826086956522,0.033,0.808695652173913,0.0,0.04782608695652174,0.0,58.3,0.0,23.0,18.7,329,329.0,risk_degraded_threshold,0.6,True
dapper,variable,128,100.0,1000,19.588881490818014,33.63444553862527,34.724924465655434,34.96530254190218,21.60420490748735,0.0,0.7261101277963585,0.7302212879187465,4475.0,4.475,4475.0,0.278,0.214,0.0,0.179,0.9162011173184358,0.16201117318435754,0.029,0.7541899441340782,0.0,0.08379888268156424,0.0,60.699999999999996,0.0,17.9,21.4,299,299.0,risk_degraded_threshold,0.6,True
dapper,variable,129,100.0,1000,21.009790891695804,33.95183803633796,34.77333674805944,34.967648156933706,23.06959798697679,0.0,0.7216296347896245,0.7265740112000998,5425.0,5.425,5425.0,0.227,0.175,0.0,0.217,0.9447004608294931,0.14746543778801843,0.032,0.7972350230414746,0.0,0.055299539170506916,0.0,60.8,0.0,21.7,17.5,312,312.0,risk_degraded_threshold,0.6,True
dapper,outage,100,100.0,1000,7.390958833110617,31.53222247776869,33.92161243264051,34.99545577037872,7.390958833110617,0.0,0.7256162643603677,0.7256162643603677,0.0,0.0,0.0,1.0,0.735,0.0,0.0,0.0,0.0,0.0,0.0,0.0,0.0,0.0,22.6,0.0,0.0,77.4,422,422.0,risk_degraded_threshold,0.6,True
dapper,outage,101,100.0,1000,7.394054329988902,31.520563490832846,34.26171430265933,34.94450915915627,7.394054329988902,0.0,0.7269702216094329,0.7269702216094329,0.0,0.0,0.0,1.0,0.736,0.0,0.0,0.0,0.0,0.0,0.0,0.0,0.0,0.0,21.9,0.0,0.0,78.10000000000001,412,412.0,risk_degraded_threshold,0.6,True
dapper,outage,102,100.0,1000,7.51680019137851,31.462924322041214,34.417701339171714,34.98162652146018,7.51680019137851,0.0,0.725179462474503,0.725179462474503,0.0,0.0,0.0,1.0,0.731,0.0,0.0,0.0,0.0,0.0,0.0,0.0,0.0,0.0,23.200000000000003,0.0,0.0,76.8,422,422.0,risk_degraded_threshold,0.6,True
dapper,outage,103,100.0,1000,7.378221024983012,31.251434028184203,34.6042054298873,34.981104653112794,7.378221024983012,0.0,0.7262335249696575,0.7262335249696575,0.0,0.0,0.0,1.0,0.735,0.0,0.0,0.0,0.0,0.0,0.0,0.0,0.0,0.0,23.0,0.0,0.0,77.0,429,429.0,risk_degraded_threshold,0.6,True
dapper,outage,104,100.0,1000,7.568293210290533,31.59395630138461,34.54533747275368,34.97633437705056,7.568293210290533,0.0,0.7263175970031922,0.7263175970031922,0.0,0.0,0.0,1.0,0.728,0.0,0.0,0.0,0.0,0.0,0.0,0.0,0.0,0.0,23.5,0.0,0.0,76.5,422,422.0,risk_degraded_threshold,0.6,True
dapper,outage,105,100.0,1000,7.519378267796368,31.402502329388795,34.46505659979935,34.921933732182964,7.519378267796368,0.0,0.7248271436420854,0.7248271436420854,0.0,0.0,0.0,1.0,0.732,0.0,0.0,0.0,0.0,0.0,0.0,0.0,0.0,0.0,22.8,0.0,0.0,77.2,417,417.0,risk_degraded_threshold,0.6,True
dapper,outage,106,100.0,1000,7.549106265746754,31.449714720334896,34.37540672388598,34.964850295506736,7.549106265746754,0.0,0.7212594093828284,0.7212594093828284,0.0,0.0,0.0,1.0,0.732,0.0,0.0,0.0,0.0,0.0,0.0,0.0,0.0,0.0,22.3,0.0,0.0,77.7,414,414.0,risk_degraded_threshold,0.6,True
dapper,outage,107,100.0,1000,7.495635529917344,31.80791921566703,34.39018497885919,34.99112443015811,7.495635529917344,0.0,0.7250211366010297,0.7250211366010297,0.0,0.0,0.0,1.0,0.733,0.0,0.0,0.0,0.0,0.0,0.0,0.0,0.0,0.0,23.1,0.0,0.0,76.9,422,422.0,risk_degraded_threshold,0.6,True
dapper,outage,108,100.0,1000,7.251361824662859,31.14265792210696,34.17418822409749,34.97297658698431,7.251361824662859,0.0,0.7266974788453335,0.7266974788453335,0.0,0.0,0.0,1.0,0.736,0.0,0.0,0.0,0.0,0.0,0.0,0.0,0.0,0.0,23.0,0.0,0.0,77.0,426,426.0,risk_degraded_threshold,0.6,True
dapper,outage,109,100.0,1000,7.685496458575816,31.705170488180077,34.40871885608117,34.88886016594044,7.685496458575816,0.0,0.7258121030951461,0.7258121030951461,0.0,0.0,0.0,1.0,0.729,0.0,0.0,0.0,0.0,0.0,0.0,0.0,0.0,0.0,23.5,0.0,0.0,76.5,427,427.0,risk_degraded_threshold,0.6,True
dapper,outage,110,100.0,1000,7.355193804523941,30.694822041353905,34.222511546491425,34.969462845702225,7.355193804523941,0.0,0.7245809511185383,0.7245809511185383,0.0,0.0,0.0,1.0,0.735,0.0,0.0,0.0,0.0,0.0,0.0,0.0,0.0,0.0,22.8,0.0,0.0,77.2,425,425.0,risk_degraded_threshold,0.6,True
dapper,outage,111,100.0,1000,7.398682547644234,31.455362565824643,34.05726657846486,34.958198085831974,7.398682547644234,0.0,0.7280638471067766,0.7280638471067766,0.0,0.0,0.0,1.0,0.732,0.0,0.0,0.0,0.0,0.0,0.0,0.0,0.0,0.0,22.900000000000002,0.0,0.0,77.10000000000001,414,414.0,risk_degraded_threshold,0.6,True
dapper,outage,112,100.0,1000,7.370625290236145,31.426397231090824,34.038780941246515,34.949972127365655,7.370625290236145,0.0,0.7280606555765715,0.7280606555765715,0.0,0.0,0.0,1.0,0.734,0.0,0.0,0.0,0.0,0.0,0.0,0.0,0.0,0.0,22.1,0.0,0.0,77.9,412,412.0,risk_degraded_threshold,0.6,True
dapper,outage,113,100.0,1000,7.147796806593906,30.844985093880027,33.96419838510252,34.91680130902314,7.147796806593906,0.0,0.7299582611154545,0.7299582611154545,0.0,0.0,0.0,1.0,0.737,0.0,0.0,0.0,0.0,0.0,0.0,0.0,0.0,0.0,23.200000000000003,0.0,0.0,76.8,437,437.0,risk_degraded_threshold,0.6,True
dapper,outage,114,100.0,1000,7.501176014095029,31.4914309836508,34.414218678920534,34.97406829855338,7.501176014095029,0.0,0.7224631994341497,0.7224631994341497,0.0,0.0,0.0,1.0,0.728,0.0,0.0,0.0,0.0,0.0,0.0,0.0,0.0,0.0,22.3,0.0,0.0,77.7,398,398.0,risk_degraded_threshold,0.6,True
dapper,outage,115,100.0,1000,7.428611862088066,30.652007764158807,34.152857588086846,34.990047900593524,7.428611862088066,0.0,0.7262317832361891,0.7262317832361891,0.0,0.0,0.0,1.0,0.735,0.0,0.0,0.0,0.0,0.0,0.0,0.0,0.0,0.0,22.2,0.0,0.0,77.8,413,413.0,risk_degraded_threshold,0.6,True
dapper,outage,116,100.0,1000,7.310877248374183,30.959598437937885,34.2744524675671,34.84799240200695,7.310877248374183,0.0,0.727895972888168,0.727895972888168,0.0,0.0,0.0,1.0,0.734,0.0,0.0,0.0,0.0,0.0,0.0,0.0,0.0,0.0,23.5,0.0,0.0,76.5,434,434.0,risk_degraded_threshold,0.6,True
dapper,outage,117,100.0,1000,7.385847848859415,31.09198240986329,34.14712359689956,34.96597639562117,7.385847848859415,0.0,0.7183856901372877,0.7183856901372877,0.0,0.0,0.0,1.0,0.732,0.0,0.0,0.0,0.0,0.0,0.0,0.0,0.0,0.0,21.9,0.0,0.0,78.10000000000001,403,403.0,risk_degraded_threshold,0.6,True
dapper,outage,118,100.0,1000,7.254554051460061,31.241459127591458,33.60889001037177,34.741923692424066,7.254554051460061,0.0,0.7269199104810466,0.7269199104810466,0.0,0.0,0.0,1.0,0.737,0.0,0.0,0.0,0.0,0.0,0.0,0.0,0.0,0.0,22.0,0.0,0.0,78.0,408,408.0,risk_degraded_threshold,0.6,True
dapper,outage,119,100.0,1000,7.544636632920723,31.97128927281031,34.12470746616695,34.92690319762808,7.544636632920723,0.0,0.7220765044472426,0.7220765044472426,0.0,0.0,0.0,1.0,0.733,0.0,0.0,0.0,0.0,0.0,0.0,0.0,0.0,0.0,23.599999999999998,0.0,0.0,76.4,434,434.0,risk_degraded_threshold,0.6,True
dapper,outage,120,100.0,1000,7.2966883444603,30.892941767709793,34.211465224522804,34.99743937003936,7.2966883444603,0.0,0.7277157448014966,0.7277157448014966,0.0,0.0,0.0,1.0,0.733,0.0,0.0,0.0,0.0,0.0,0.0,0.0,0.0,0.0,22.1,0.0,0.0,77.9,410,410.0,risk_degraded_threshold,0.6,True
dapper,outage,121,100.0,1000,7.333809267763978,31.109084311834984,33.97165026658857,34.64971422730907,7.333809267763978,0.0,0.7274434266949621,0.7274434266949621,0.0,0.0,0.0,1.0,0.738,0.0,0.0,0.0,0.0,0.0,0.0,0.0,0.0,0.0,22.7,0.0,0.0,77.3,427,427.0,risk_degraded_threshold,0.6,True
dapper,outage,122,100.0,1000,7.251434439695796,30.60696308430699,34.355640534389124,34.986643071399804,7.251434439695796,0.0,0.7230377555986962,0.7230377555986962,0.0,0.0,0.0,1.0,0.738,0.0,0.0,0.0,0.0,0.0,0.0,0.0,0.0,0.0,21.8,0.0,0.0,78.2,412,412.0,risk_degraded_threshold,0.6,True
dapper,outage,123,100.0,1000,7.348689071341893,31.31477153672879,33.77157051102519,34.93381679406212,7.348689071341893,0.0,0.7249842011830019,0.7249842011830019,0.0,0.0,0.0,1.0,0.734,0.0,0.0,0.0,0.0,0.0,0.0,0.0,0.0,0.0,22.6,0.0,0.0,77.4,416,416.0,risk_degraded_threshold,0.6,True
dapper,outage,124,100.0,1000,7.660167119732145,32.1804553486177,34.264528586595944,34.941792593643456,7.660167119732145,0.0,0.7230039723105824,0.7230039723105824,0.0,0.0,0.0,1.0,0.731,0.0,0.0,0.0,0.0,0.0,0.0,0.0,0.0,0.0,22.3,0.0,0.0,77.7,400,400.0,risk_degraded_threshold,0.6,True
dapper,outage,125,100.0,1000,7.350838089581009,31.434653948905787,34.32904496368304,34.97323235440945,7.350838089581009,0.0,0.7221812250823167,0.7221812250823167,0.0,0.0,0.0,1.0,0.733,0.0,0.0,0.0,0.0,0.0,0.0,0.0,0.0,0.0,23.200000000000003,0.0,0.0,76.8,428,428.0,risk_degraded_threshold,0.6,True
dapper,outage,126,100.0,1000,7.215129876013096,30.710400018658593,33.86622552192073,34.99530404733341,7.215129876013096,0.0,0.725540342550057,0.725540342550057,0.0,0.0,0.0,1.0,0.738,0.0,0.0,0.0,0.0,0.0,0.0,0.0,0.0,0.0,22.6,0.0,0.0,77.4,428,428.0,risk_degraded_threshold,0.6,True
dapper,outage,127,100.0,1000,7.168677740371282,30.32721903409148,33.88590346281151,34.91862325958482,7.168677740371282,0.0,0.7321660926795039,0.7321660926795039,0.0,0.0,0.0,1.0,0.738,0.0,0.0,0.0,0.0,0.0,0.0,0.0,0.0,0.0,21.9,0.0,0.0,78.10000000000001,409,409.0,risk_degraded_threshold,0.6,True
dapper,outage,128,100.0,1000,7.182658284101614,30.07092856934142,34.160945540901714,34.96572059102459,7.182658284101614,0.0,0.7245057292187558,0.7245057292187558,0.0,0.0,0.0,1.0,0.736,0.0,0.0,0.0,0.0,0.0,0.0,0.0,0.0,0.0,23.0,0.0,0.0,77.0,428,428.0,risk_degraded_threshold,0.6,True
dapper,outage,129,100.0,1000,7.192894149462109,30.305709714834187,34.22738591997794,34.97529884555047,7.192894149462109,0.0,0.7266441172681618,0.7266441172681618,0.0,0.0,0.0,1.0,0.738,0.0,0.0,0.0,0.0,0.0,0.0,0.0,0.0,0.0,21.3,0.0,0.0,78.7,404,404.0,risk_degraded_threshold,0.6,True
dapper,stable,100,100.0,1000,25.279403323317702,33.96035223762113,34.73962355895296,34.988775105687154,51.53514833678389,0.0,0.7265268897628933,0.792417917211626,21350.0,21.35,21350.0,0.0,0.0,0.0,0.854,0.9918032786885246,0.4953161592505855,0.423,0.4964871194379391,0.0,0.00819672131147541,0.0,14.6,0.0,85.39999999999999,0.0,259,259.0,risk_degraded_threshold,0.65,False
dapper,stable,101,100.0,1000,24.820657080469697,33.96040511204254,34.788072376532675,34.99828909781833,53.53675771177409,0.0,0.7249338588619687,0.7978649635318986,21700.0,21.7,21700.0,0.0,0.0,0.0,0.868,0.9896313364055299,0.5288018433179723,0.459,0.4608294930875576,0.0,0.010368663594470046,0.0,13.200000000000001,0.0,86.8,0.0,231,231.0,risk_degraded_threshold,0.65,False
dapper,stable,102,100.0,1000,24.835880473076735,33.70682378335116,34.74818297607158,34.965240972972765,51.8627260021259,0.0,0.727324394359075,0.800034845226407,20900.0,20.9,20900.0,0.0,0.0,0.0,0.836,0.992822966507177,0.5263157894736842,0.44,0.4665071770334928,0.0,0.007177033492822967,0.0,16.400000000000002,0.0,83.6,0.0,284,284.0,risk_degraded_threshold,0.65,False
dapper,stable,103,100.0,1000,24.972078044518216,34.293187186352334,34.89307765319619,34.99802137082616,53.372703891643845,0.0,0.7236659440861409,0.7991290672988378,21525.0,21.525,21525.0,0.0,0.0,0.0,0.861,0.9883855981416957,0.5342624854819977,0.46,0.454123112659698,0.0,0.011614401858304297,0.0,13.900000000000002,0.0,86.1,0.0,237,237.0,risk_degraded_threshold,0.65,False
dapper,stable,104,100.0,1000,24.98622097286207,33.860115377670134,34.74837408619961,34.98656616097203,51.037343944723006,0.0,0.7240926018777877,0.7898578469524961,21900.0,21.9,21900.0,0.0,0.0,0.0,0.876,0.9920091324200914,0.4794520547945205,0.42,0.5125570776255708,0.0,0.007990867579908675,0.0,12.4,0.0,87.6,0.0,220,220.0,risk_degraded_threshold,0.65,False
dapper,stable,105,100.0,1000,24.85634769037545,33.82025179084476,34.62504012903672,34.93314580405199,51.59710330911793,0.0,0.7262361051095783,0.7959250227091806,21250.0,21.25,21250.0,0.0,0.0,0.0,0.85,0.9905882352941177,0.5105882352941177,0.434,0.48,0.0,0.009411764705882352,0.0,15.0,0.0,85.0,0.0,256,256.0,risk_degraded_threshold,0.65,False
dapper,stable,106,100.0,1000,24.716410963251104,33.86074949026578,34.68730165917939,34.933586993197196,52.69637342008328,0.0,0.7229428904328138,0.7962430814491968,21425.0,21.425,21425.0,0.0,0.0,0.0,0.857,0.9918319719953326,0.5227537922987164,0.448,0.4690781796966161,0.0,0.008168028004667444,0.0,14.299999999999999,0.0,85.7,0.0,252,252.0,risk_degraded_threshold,0.65,False
dapper,stable,107,100.0,1000,24.88557902804772,33.83424628214373,34.89267109559948,34.9936438529993,53.380353744565205,0.0,0.7245133185042392,0.7993133636844371,22025.0,22.025,22025.0,0.0,0.0,0.0,0.881,0.9886492622020431,0.5187287173666288,0.457,0.4699205448354143,0.0,0.011350737797956867,0.0,11.899999999999999,0.0,88.1,0.0,198,198.0,risk_degraded_threshold,0.65,False
dapper,stable,108,100.0,1000,25.235897183714567,34.2868707566229,34.87218349603604,34.989690121554816,51.92467360201944,0.0,0.7254394152220247,0.7967132376294662,21500.0,21.5,21500.0,0.0,0.0,0.0,0.86,0.9872093023255814,0.5023255813953489,0.432,0.4848837209302326,0.0,0.012790697674418604,0.0,14.000000000000002,0.0,86.0,0.0,231,231.0,risk_degraded_threshold,0.65,False
dapper,stable,109,100.0,1000,25.268964708760926,34.15910526808331,34.79620852522923,34.94284900848466,51.53790445445115,0.0,0.7225069831603355,0.7908717000411818,21775.0,21.775,21775.0,0.0,0.0,0.0,0.871,0.9850746268656716,0.4845005740528129,0.422,0.5005740528128588,0.0,0.014925373134328358,0.0,12.9,0.0,87.1,0.0,228,228.0,risk_degraded_threshold,0.65,False
dapper,stable,110,100.0,1000,24.978043487255007,33.957417382454665,34.80033649104111,34.99011804008187,51.64725260956925,0.0,0.7239727698806182,0.7935801521646344,21400.0,21.4,21400.0,0.0,0.0,0.0,0.856,0.985981308411215,0.5035046728971962,0.431,0.4824766355140187,0.0,0.014018691588785047,0.0,14.399999999999999,0.0,85.6,0.0,261,261.0,risk_degraded_threshold,0.65,False
dapper,stable,111,100.0,1000,25.491345575881343,33.99942489704205,34.77294614292747,34.98882482505357,52.77932606666301,0.0,0.7264559107913696,0.7988751227250941,20975.0,20.975,20975.0,0.0,0.0,0.0,0.839,0.9916567342073898,0.5256257449344458,0.441,0.466030989272944,0.0,0.00834326579261025,0.0,16.1,0.0,83.89999999999999,0.0,276,276.0,risk_degraded_threshold,0.65,False
dapper,stable,112,100.0,1000,25.044635098675773,33.93678625080242,34.80594764992258,34.978994945141224,52.774438295965986,0.0,0.7245903067601731,0.7942867336915719,21700.0,21.7,21700.0,0.0,0.0,0.0,0.868,0.9919354838709677,0.5103686635944701,0.443,0.4815668202764977,0.0,0.008064516129032258,0.0,13.200000000000001,0.0,86.8,0.0,220,220.0,risk_degraded_threshold,0.65,False
dapper,stable,113,100.0,1000,24.924957379086543,33.92528008813723,34.852479041190236,34.99387303551587,50.565197370598845,0.0,0.725184772552611,0.7910288053494875,21600.0,21.6,21600.0,0.0,0.0,0.0,0.864,0.9826388888888888,0.48032407407407407,0.415,0.5023148148148148,0.0,0.017361111111111112,0.0,13.600000000000001,0.0,86.4,0.0,239,239.0,risk_degraded_threshold,0.65,False
dapper,stable,114,100.0,1000,25.128438548268,33.86993382489312,34.786318253661975,34.99771913787838,53.866453690073165,0.0,0.7237524930795687,0.7977940224588013,21900.0,21.9,21900.0,0.0,0.0,0.0,0.876,0.9908675799086758,0.5308219178082192,0.465,0.4600456621004566,0.0,0.0091324200913242,0.0,12.4,0.0,87.6,0.0,214,214.0,risk_degraded_threshold,0.65,False
dapper,stable,115,100.0,1000,25.094705607799348,34.162413089123824,34.74465384721523,34.970565607066455,51.94937303752475,0.0,0.7245886848920773,0.7944537871206474,21750.0,21.75,21750.0,0.0,0.0,0.0,0.87,0.9873563218390805,0.5011494252873563,0.436,0.4862068965517241,0.0,0.01264367816091954,0.0,13.0,0.0,87.0,0.0,219,219.0,risk_degraded_threshold,0.65,False
dapper,stable,116,100.0,1000,25.028301912688907,34.05041769477859,34.88445460350265,34.99403448766891,54.211607535281885,0.0,0.7244573126145593,0.798391101095973,21750.0,21.75,21750.0,0.0,0.0,0.0,0.87,0.9942528735632183,0.5448275862068965,0.474,0.4494252873563218,0.0,0.005747126436781609,0.0,13.0,0.0,87.0,0.0,221,221.0,risk_degraded_threshold,0.65,False
dapper,stable,117,100.0,1000,24.997182216762514,33.94211020128963,34.806950360419165,34.98156739475102,51.94396103000347,0.0,0.7238166310991714,0.7935256482510197,21850.0,21.85,21850.0,0.0,0.0,0.0,0.874,0.9862700228832952,0.4897025171624714,0.428,0.4965675057208238,0.0,0.013729977116704805,0.0,12.6,0.0,87.4,0.0,226,226.0,risk_degraded_threshold,0.65,False
dapper,stable,118,100.0,1000,25.026589048763064,34.146334679362305,34.835239525322194,34.964244111574146,52.20873167600773,0.0,0.7280528994609765,0.7960765304196257,21475.0,21.475,21475.0,0.0,0.0,0.0,0.859,0.9906868451688009,0.5075669383003493,0.436,0.4831199068684517,0.0,0.009313154831199068,0.0,14.099999999999998,0.0,85.9,0.0,244,244.0,risk_degraded_threshold,0.65,False
dapper,stable,119,100.0,1000,24.80107188012856,34.00280379558126,34.81754573602827,34.936826663719394,53.78667209236602,0.0,0.7243707963012889,0.799875204249307,21925.0,21.925,21925.0,0.0,0.0,0.0,0.877,0.9874572405929305,0.5324971493728621,0.467,0.4549600912200684,0.0,0.012542759407069556,0.0,12.3,0.0,87.7,0.0,228,228.0,risk_degraded_threshold,0.65,False
dapper,stable,120,100.0,1000,25.000139802139184,33.83887438020657,34.75482963071029,34.96519781982063,52.586658253654925,0.0,0.7247996031934949,0.7950348677637523,21800.0,21.8,21800.0,0.0,0.0,0.0,0.872,0.9839449541284404,0.5103211009174312,0.445,0.4736238532110092,0.0,0.016055045871559634,0.0,12.8,0.0,87.2,0.0,212,212.0,risk_degraded_threshold,0.65,False
dapper,stable,121,100.0,1000,24.870142370806825,34.08802278656587,34.79782372711737,34.96061084968983,51.218892289603616,0.0,0.7235062491591376,0.7917923991779289,21800.0,21.8,21800.0,0.0,0.0,0.0,0.872,0.9862385321100917,0.48394495412844035,0.422,0.5022935779816514,0.0,0.013761467889908258,0.0,12.8,0.0,87.2,0.0,219,219.0,risk_degraded_threshold,0.65,False
dapper,stable,122,100.0,1000,24.829111935230273,33.958468133447,34.74506049633189,34.924143640943036,53.271418624119164,0.0,0.7259117747422895,0.7982645293058339,21950.0,21.95,21950.0,0.0,0.0,0.0,0.878,0.9886104783599089,0.5148063781321185,0.452,0.47380410022779046,0.0,0.011389521640091117,0.0,12.2,0.0,87.8,0.0,200,200.0,risk_degraded_threshold,0.65,False
dapper,stable,123,100.0,1000,25.35470141463279,34.01400394209814,34.728637206489786,34.90743937957425,51.64158095400979,0.0,0.7231039957478556,0.7928850748486099,22225.0,22.225,22225.0,0.0,0.0,0.0,0.889,0.9820022497187851,0.4769403824521935,0.424,0.5050618672665916,0.0,0.01799775028121485,0.0,11.1,0.0,88.9,0.0,196,196.0,risk_degraded_threshold,0.65,False
dapper,stable,124,100.0,1000,25.00583269004324,34.03261405514325,34.80612955591713,34.95256595801938,50.8126236179597,0.0,0.7270004160651047,0.7942088997255117,21000.0,21.0,21000.0,0.0,0.0,0.0,0.84,0.9928571428571429,0.49642857142857144,0.417,0.49642857142857144,0.0,0.007142857142857143,0.0,16.0,0.0,84.0,0.0,280,280.0,risk_degraded_threshold,0.65,False
dapper,stable,125,100.0,1000,24.9867591189863,33.982185709447386,34.8021659840167,34.99165214842439,53.959249959158115,0.0,0.7268533605073024,0.7989657788847586,21650.0,21.65,21650.0,0.0,0.0,0.0,0.866,0.9919168591224018,0.5323325635103926,0.461,0.45958429561200925,0.0,0.008083140877598153,0.0,13.4,0.0,86.6,0.0,238,238.0,risk_degraded_threshold,0.65,False
dapper,stable,126,100.0,1000,24.628886386363657,33.70638744138536,34.672811784104226,34.983867296625746,53.134621864449656,0.0,0.726794351381784,0.8009463128693688,21175.0,21.175,21175.0,0.0,0.0,0.0,0.847,0.9881936245572609,0.5419126328217237,0.459,0.4462809917355372,0.0,0.011806375442739079,0.0,15.299999999999999,0.0,84.7,0.0,252,252.0,risk_degraded_threshold,0.65,False
dapper,stable,127,100.0,1000,25.164646066804526,34.17312143282042,34.80106095916998,34.970740898815485,54.30743225703345,0.0,0.7237258806201099,0.7969399991420358,22125.0,22.125,22125.0,0.0,0.0,0.0,0.885,0.9909604519774011,0.5276836158192091,0.467,0.4632768361581921,0.0,0.00903954802259887,0.0,11.5,0.0,88.5,0.0,207,207.0,risk_degraded_threshold,0.65,False
dapper,stable,128,100.0,1000,25.178185128090664,33.92859815320874,34.67968897440042,34.972660274630584,53.589153958153254,0.0,0.7271450910033325,0.7988558762020542,21425.0,21.425,21425.0,0.0,0.0,0.0,0.857,0.9836639439906651,0.5309218203033839,0.455,0.45274212368728123,0.0,0.01633605600933489,0.0,14.299999999999999,0.0,85.7,0.0,237,237.0,risk_degraded_threshold,0.65,False
dapper,stable,129,100.0,1000,25.217209562918274,34.07064808785484,34.83459462785327,34.9933571344785,53.065152250426124,0.0,0.722736266433297,0.7957788932941594,21825.0,21.825,21825.0,0.0,0.0,0.0,0.873,0.9896907216494846,0.5131729667812142,0.448,0.4765177548682703,0.0,0.010309278350515464,0.0,12.7,0.0,87.3,0.0,214,214.0,risk_degraded_threshold,0.65,False
dapper,congested,100,100.0,1000,24.931615048786146,33.928407620489025,34.77556075006328,34.97404020175507,24.931615048786146,0.0,0.7231503929045445,0.7231503929045445,0.0,0.0,0.0,0.0,0.0,0.0,0.0,0.0,0.0,0.0,0.0,0.0,0.0,0.0,100.0,0.0,0.0,0.0,0,0.0,risk_degraded_threshold,0.65,False
dapper,congested,101,100.0,1000,25.188437717504375,34.03466107987438,34.84243479054015,34.99327875607795,25.188437717504375,0.0,0.7240147265422211,0.7240147265422211,0.0,0.0,0.0,0.0,0.0,0.0,0.0,0.0,0.0,0.0,0.0,0.0,0.0,0.0,100.0,0.0,0.0,0.0,0,0.0,risk_degraded_threshold,0.65,False
dapper,congested,102,100.0,1000,25.03548939727799,33.96479457393766,34.69588731781126,34.989536221406055,25.03548939727799,0.0,0.7265290036152598,0.7265290036152598,0.0,0.0,0.0,0.0,0.0,0.0,0.0,0.0,0.0,0.0,0.0,0.0,0.0,0.0,100.0,0.0,0.0,0.0,0,0.0,risk_degraded_threshold,0.65,False
dapper,congested,103,100.0,1000,25.03328827891089,34.09454856492267,34.78542999553827,34.985893217625524,25.03328827891089,0.0,0.7249975495254066,0.7249975495254066,0.0,0.0,0.0,0.0,0.0,0.0,0.0,0.0,0.0,0.0,0.0,0.0,0.0,0.0,100.0,0.0,0.0,0.0,0,0.0,risk_degraded_threshold,0.65,False
dapper,congested,104,100.0,1000,24.969774547081954,33.81394766067372,34.81048977789511,34.94578824107255,24.969774547081954,0.0,0.7273630134211108,0.7273630134211108,0.0,0.0,0.0,0.0,0.0,0.0,0.0,0.0,0.0,0.0,0.0,0.0,0.0,0.0,100.0,0.0,0.0,0.0,0,0.0,risk_degraded_threshold,0.65,False
dapper,congested,105,100.0,1000,24.881530354040223,34.02785562253984,34.86009343610894,34.98145078352877,24.881530354040223,0.0,0.7241433821596263,0.7241433821596263,25.0,0.025,25.0,0.0,0.0,0.0,0.001,1.0,0.0,0.0,1.0,0.0,0.0,0.0,99.9,0.0,0.1,0.0,2,2.0,risk_degraded_threshold,0.65,False
dapper,congested,106,100.0,1000,24.9413023153378,33.98450796903268,34.753821099438774,34.98979405154197,24.9413023153378,0.0,0.7260421946156992,0.7260421946156992,0.0,0.0,0.0,0.0,0.0,0.0,0.0,0.0,0.0,0.0,0.0,0.0,0.0,0.0,100.0,0.0,0.0,0.0,0,0.0,risk_degraded_threshold,0.65,False
dapper,congested,107,100.0,1000,24.886925897119337,33.88426057014752,34.77470672268729,34.998762184541775,24.886925897119337,0.0,0.7258328653791636,0.7258328653791636,0.0,0.0,0.0,0.0,0.0,0.0,0.0,0.0,0.0,0.0,0.0,0.0,0.0,0.0,100.0,0.0,0.0,0.0,0,0.0,risk_degraded_threshold,0.65,False
dapper,congested,108,100.0,1000,25.12572335979201,33.943119032195405,34.814499351033405,34.99655745974279,25.12572335979201,0.0,0.7241104019978909,0.7241104019978909,0.0,0.0,0.0,0.0,0.0,0.0,0.0,0.0,0.0,0.0,0.0,0.0,0.0,0.0,100.0,0.0,0.0,0.0,0,0.0,risk_degraded_threshold,0.65,False
dapper,congested,109,100.0,1000,25.037194206353533,33.93181537323021,34.785030538309286,34.98925809716232,25.037194206353533,0.0,0.7232170518910273,0.7232170518910273,0.0,0.0,0.0,0.0,0.0,0.0,0.0,0.0,0.0,0.0,0.0,0.0,0.0,0.0,100.0,0.0,0.0,0.0,0,0.0,risk_degraded_threshold,0.65,False
dapper,congested,110,100.0,1000,24.809401201588823,33.71973175922034,34.60151524624712,34.90888622322395,24.809401201588823,0.0,0.7246041378695668,0.7246041378695668,0.0,0.0,0.0,0.0,0.0,0.0,0.0,0.0,0.0,0.0,0.0,0.0,0.0,0.0,100.0,0.0,0.0,0.0,0,0.0,risk_degraded_threshold,0.65,False
dapper,congested,111,100.0,1000,25.119606788303717,34.001774933641265,34.74455155405684,34.96241421096305,25.119606788303717,0.0,0.725386178810248,0.725386178810248,0.0,0.0,0.0,0.0,0.0,0.0,0.0,0.0,0.0,0.0,0.0,0.0,0.0,0.0,100.0,0.0,0.0,0.0,0,0.0,risk_degraded_threshold,0.65,False
dapper,congested,112,100.0,1000,25.185269217607274,33.90095224371657,34.76580213455383,34.985906989642146,25.185269217607274,0.0,0.7266896434568639,0.7266896434568639,0.0,0.0,0.0,0.0,0.0,0.0,0.0,0.0,0.0,0.0,0.0,0.0,0.0,0.0,100.0,0.0,0.0,0.0,0,0.0,risk_degraded_threshold,0.65,False
dapper,congested,113,100.0,1000,24.906335043070264,33.941743755105556,34.77247181035648,34.98424994294581,24.906335043070264,0.0,0.7265627615919971,0.7265627615919971,0.0,0.0,0.0,0.0,0.0,0.0,0.0,0.0,0.0,0.0,0.0,0.0,0.0,0.0,100.0,0.0,0.0,0.0,0,0.0,risk_degraded_threshold,0.65,False
dapper,congested,114,100.0,1000,25.106436885026124,33.99518413696301,34.87476614646897,34.96282987218834,25.106436885026124,0.0,0.7286951154525153,0.7286951154525153,0.0,0.0,0.0,0.0,0.0,0.0,0.0,0.0,0.0,0.0,0.0,0.0,0.0,0.0,100.0,0.0,0.0,0.0,0,0.0,risk_degraded_threshold,0.65,False
dapper,congested,115,100.0,1000,25.22862077033868,34.01033183391731,34.751795785617006,34.96593743598228,25.22862077033868,0.0,0.7228431329922943,0.7228431329922943,0.0,0.0,0.0,0.0,0.0,0.0,0.0,0.0,0.0,0.0,0.0,0.0,0.0,0.0,100.0,0.0,0.0,0.0,0,0.0,risk_degraded_threshold,0.65,False
dapper,congested,116,100.0,1000,25.532666746770744,33.96456327797874,34.77240430108412,34.9771698353159,25.532666746770744,0.0,0.725945101429929,0.725945101429929,0.0,0.0,0.0,0.0,0.0,0.0,0.0,0.0,0.0,0.0,0.0,0.0,0.0,0.0,100.0,0.0,0.0,0.0,0,0.0,risk_degraded_threshold,0.65,False
dapper,congested,117,100.0,1000,24.586721544902087,33.766185707586004,34.70675091481512,34.994340946660934,24.586721544902087,0.0,0.7255476583450682,0.7255476583450682,25.0,0.025,25.0,0.0,0.0,0.0,0.001,1.0,0.0,0.0,1.0,0.0,0.0,0.0,99.9,0.0,0.1,0.0,2,2.0,risk_degraded_threshold,0.65,False
dapper,congested,118,100.0,1000,25.162494743028066,34.01490807545646,34.75940662114508,34.968506891824205,25.162494743028066,0.0,0.7267436342489003,0.7267436342489003,0.0,0.0,0.0,0.0,0.0,0.0,0.0,0.0,0.0,0.0,0.0,0.0,0.0,0.0,100.0,0.0,0.0,0.0,0,0.0,risk_degraded_threshold,0.65,False
dapper,congested,119,100.0,1000,25.33798431808029,33.930297923071485,34.79939395844596,34.97944595589328,25.33798431808029,0.0,0.7233345714577454,0.7233345714577454,0.0,0.0,0.0,0.0,0.0,0.0,0.0,0.0,0.0,0.0,0.0,0.0,0.0,0.0,100.0,0.0,0.0,0.0,0,0.0,risk_degraded_threshold,0.65,False
dapper,congested,120,100.0,1000,24.938916091364213,33.99634834863332,34.78821886321599,34.985958566309606,24.938916091364213,0.0,0.7244242831436923,0.7244242831436923,0.0,0.0,0.0,0.0,0.0,0.0,0.0,0.0,0.0,0.0,0.0,0.0,0.0,0.0,100.0,0.0,0.0,0.0,0,0.0,risk_degraded_threshold,0.65,False
dapper,congested,121,100.0,1000,24.80917420207108,33.750343569648706,34.75280697328194,34.996277370025744,24.80917420207108,0.0,0.7240164055794182,0.7240164055794182,0.0,0.0,0.0,0.0,0.0,0.0,0.0,0.0,0.0,0.0,0.0,0.0,0.0,0.0,100.0,0.0,0.0,0.0,0,0.0,risk_degraded_threshold,0.65,False
dapper,congested,122,100.0,1000,24.869545093034485,33.85721546067485,34.770700984913006,34.91653465760954,24.869545093034485,0.0,0.7271559083016325,0.7271559083016325,0.0,0.0,0.0,0.0,0.0,0.0,0.0,0.0,0.0,0.0,0.0,0.0,0.0,0.0,100.0,0.0,0.0,0.0,0,0.0,risk_degraded_threshold,0.65,False
dapper,congested,123,100.0,1000,25.019147835962976,34.0068905091913,34.771507219222585,34.98883073588995,25.019147835962976,0.0,0.723120628404554,0.723120628404554,0.0,0.0,0.0,0.0,0.0,0.0,0.0,0.0,0.0,0.0,0.0,0.0,0.0,0.0,100.0,0.0,0.0,0.0,0,0.0,risk_degraded_threshold,0.65,False
dapper,congested,124,100.0,1000,24.84861311989367,33.78084958434015,34.66363593071505,34.94326242767353,24.84861311989367,0.0,0.7246412727356085,0.7246412727356085,0.0,0.0,0.0,0.0,0.0,0.0,0.0,0.0,0.0,0.0,0.0,0.0,0.0,0.0,100.0,0.0,0.0,0.0,0,0.0,risk_degraded_threshold,0.65,False
dapper,congested,125,100.0,1000,25.028806878728822,34.05786747219948,34.83418763630404,34.99974319601896,25.028806878728822,0.0,0.7225453340361464,0.7225453340361464,25.0,0.025,25.0,0.0,0.0,0.0,0.001,1.0,0.0,0.0,1.0,0.0,0.0,0.0,99.9,0.0,0.1,0.0,2,2.0,risk_degraded_threshold,0.65,False
dapper,congested,126,100.0,1000,25.01200503410485,33.97988585528562,34.774114294105054,34.99086328598782,25.01200503410485,0.0,0.7260325028592299,0.7260325028592299,0.0,0.0,0.0,0.0,0.0,0.0,0.0,0.0,0.0,0.0,0.0,0.0,0.0,0.0,100.0,0.0,0.0,0.0,0,0.0,risk_degraded_threshold,0.65,False
dapper,congested,127,100.0,1000,25.067778068181923,34.00531179234195,34.71031183612322,34.99801668883106,25.067778068181923,0.0,0.7239904038714414,0.7239904038714414,0.0,0.0,0.0,0.0,0.0,0.0,0.0,0.0,0.0,0.0,0.0,0.0,0.0,0.0,100.0,0.0,0.0,0.0,0,0.0,risk_degraded_threshold,0.65,False
dapper,congested,128,100.0,1000,24.85704421534759,34.08647701991846,34.783499539553866,34.99302751306131,24.85704421534759,0.0,0.7235741311250974,0.7235741311250974,0.0,0.0,0.0,0.0,0.0,0.0,0.0,0.0,0.0,0.0,0.0,0.0,0.0,0.0,100.0,0.0,0.0,0.0,0,0.0,risk_degraded_threshold,0.65,False
dapper,congested,129,100.0,1000,24.920063724669387,33.90591045177916,34.77957296022762,34.981958638619645,24.920063724669387,0.0,0.7225927676936471,0.7225927676936471,0.0,0.0,0.0,0.0,0.0,0.0,0.0,0.0,0.0,0.0,0.0,0.0,0.0,0.0,100.0,0.0,0.0,0.0,0,0.0,risk_degraded_threshold,0.65,False
dapper,lossy,100,100.0,1000,25.284238375351617,34.04718924628941,34.84826155800029,34.98907189172226,31.857325313088005,0.0,0.7261089761349956,0.7418683904352356,18000.0,18.0,18000.0,0.0,0.0,0.0,0.72,0.8111111111111111,0.13055555555555556,0.094,0.6805555555555556,0.0,0.18888888888888888,0.0,28.000000000000004,0.0,72.0,0.0,364,364.0,risk_degraded_threshold,0.65,False
dapper,lossy,101,100.0,1000,25.059527190349893,34.120642165867906,34.8265496982896,34.99538718567808,31.68360404093288,0.0,0.7233638220296621,0.7383227658545507,17675.0,17.675,17675.0,0.0,0.0,0.0,0.707,0.8330975954738331,0.13295615275813297,0.094,0.7001414427157001,0.0,0.1669024045261669,0.0,29.299999999999997,0.0,70.7,0.0,366,366.0,risk_degraded_threshold,0.65,False
dapper,lossy,102,100.0,1000,24.993003502753638,33.78557770295638,34.81151542684563,34.990087052311324,30.926238985640797,0.0,0.7247993890094673,0.7385327568542848,17225.0,17.225,17225.0,0.0,0.0,0.0,0.689,0.8113207547169812,0.12336719883889695,0.085,0.6879535558780842,0.0,0.18867924528301888,0.0,31.1,0.0,68.89999999999999,0.0,390,390.0,risk_degraded_threshold,0.65,False
dapper,lossy,103,100.0,1000,25.072925546868568,34.23372242321619,34.794279965090745,34.9768308072483,32.53725996440561,0.0,0.7255664298957895,0.7431153918263849,18675.0,18.675,18675.0,0.0,0.0,0.0,0.747,0.7991967871485943,0.14457831325301204,0.108,0.6546184738955824,0.0,0.20080321285140562,0.0,25.3,0.0,74.7,0.0,340,340.0,risk_degraded_threshold,0.65,False
dapper,lossy,104,100.0,1000,24.952721574773207,33.7641107522445,34.821547122134376,34.99174516374082,32.954498342235674,0.0,0.725270205207262,0.7428455742749839,18200.0,18.2,18200.0,0.0,0.0,0.0,0.728,0.8063186813186813,0.15796703296703296,0.115,0.6483516483516484,0.0,0.1936813186813187,0.0,27.200000000000003,0.0,72.8,0.0,362,362.0,risk_degraded_threshold,0.65,False
dapper,lossy,105,100.0,1000,25.095152971928933,33.826524025580916,34.67873591147265,34.99594666457182,31.650482579457197,0.0,0.7248747477212536,0.7392192203397958,18825.0,18.825,18825.0,0.0,0.0,0.0,0.753,0.8273572377158035,0.12350597609561753,0.093,0.703851261620186,0.0,0.17264276228419656,0.0,24.7,0.0,75.3,0.0,344,344.0,risk_degraded_threshold,0.65,False
dapper,lossy,106,100.0,1000,24.856568122610433,33.832964597231225,34.72189143706977,34.99784375073101,31.50890321788417,0.0,0.7235813767870335,0.7392206310961336,17800.0,17.8,17800.0,0.0,0.0,0.0,0.712,0.8539325842696629,0.13342696629213482,0.095,0.7205056179775281,0.0,0.14606741573033707,0.0,28.799999999999997,0.0,71.2,0.0,389,389.0,risk_degraded_threshold,0.65,False
dapper,lossy,107,100.0,1000,24.68158080592215,34.00414573371424,34.83973190471446,34.99325658145116,31.19660512918917,0.0,0.7241940517114336,0.7388308468489646,18025.0,18.025,18025.0,0.0,0.0,0.0,0.721,0.8099861303744799,0.1276005547850208,0.092,0.6823855755894591,0.0,0.1900138696255201,0.0,27.900000000000002,0.0,72.1,0.0,354,354.0,risk_degraded_threshold,0.65,False
dapper,lossy,108,100.0,1000,25.047265262517854,34.05795037600457,34.73288919337191,34.96757252768798,31.073612955374518,0.0,0.7235643813542582,0.7373909269007133,18325.0,18.325,18325.0,0.0,0.0,0.0,0.733,0.810368349249659,0.11732605729877217,0.086,0.6930422919508867,0.0,0.18963165075034105,0.0,26.700000000000003,0.0,73.3,0.0,364,364.0,risk_degraded_threshold,0.65,False
dapper,lossy,109,100.0,1000,24.775139056545807,34.049418286887835,34.7919194149339,34.94624843509132,31.96287960801317,0.0,0.7212325912059436,0.7383365724449257,18500.0,18.5,18500.0,0.0,0.0,0.0,0.74,0.827027027027027,0.13783783783783785,0.102,0.6891891891891891,0.0,0.17297297297297298,0.0,26.0,0.0,74.0,0.0,324,324.0,risk_degraded_threshold,0.65,False
dapper,lossy,110,100.0,1000,25.004520730247734,33.8683404853258,34.86997539103268,34.98456857838196,32.44878696120915,0.0,0.7268739784421301,0.7433964854715304,17950.0,17.95,17950.0,0.0,0.0,0.0,0.718,0.7813370473537604,0.14623955431754876,0.105,0.6350974930362117,0.0,0.21866295264623956,0.0,28.199999999999996,0.0,71.8,0.0,380,380.0,risk_degraded_threshold,0.65,False
dapper,lossy,111,100.0,1000,24.90307640535743,34.14835345167596,34.756755348825656,34.981698697795565,31.661618369672937,0.0,0.7248703254305311,0.7398456220643752,18200.0,18.2,18200.0,0.0,0.0,0.0,0.728,0.8008241758241759,0.1346153846153846,0.098,0.6662087912087912,0.0,0.19917582417582416,0.0,27.200000000000003,0.0,72.8,0.0,341,341.0,risk_degraded_threshold,0.65,False
dapper,lossy,112,100.0,1000,24.956367632930085,34.151123089835,34.870234716853815,34.962158450180866,32.0743115042331,0.0,0.7253954496233768,0.7418527868840668,18175.0,18.175,18175.0,0.0,0.0,0.0,0.727,0.797799174690509,0.14167812929848694,0.103,0.656121045392022,0.0,0.20220082530949107,0.0,27.3,0.0,72.7,0.0,342,342.0,risk_degraded_threshold,0.65,False
dapper,lossy,113,100.0,1000,25.11573781751927,34.14436127878192,34.867885766711,34.99782157537433,31.685721930267743,0.0,0.7254462125679975,0.7402162266401762,18625.0,18.625,18625.0,0.0,0.0,0.0,0.745,0.8053691275167785,0.1261744966442953,0.094,0.6791946308724832,0.0,0.19463087248322147,0.0,25.5,0.0,74.5,0.0,367,367.0,risk_degraded_threshold,0.65,False
dapper,lossy,114,100.0,1000,25.05695156474369,34.026649628584615,34.857774174382406,34.983091762156874,31.76472240386522,0.0,0.72440817275247,0.7393453718347903,17675.0,17.675,17675.0,0.0,0.0,0.0,0.707,0.8076379066478077,0.1371994342291372,0.097,0.6704384724186704,0.0,0.19236209335219237,0.0,29.299999999999997,0.0,70.7,0.0,359,359.0,risk_degraded_threshold,0.65,False
dapper,lossy,115,100.0,1000,24.76252752899427,34.140208891814694,34.85306689119638,34.992962372181864,31.597060228847266,0.0,0.7251726691219196,0.7398453016431278,17850.0,17.85,17850.0,0.0,0.0,0.0,0.714,0.7969187675070029,0.13725490196078433,0.098,0.6596638655462185,0.0,0.2030812324929972,0.0,28.599999999999998,0.0,71.39999999999999,0.0,380,380.0,risk_degraded_threshold,0.65,False
dapper,lossy,116,100.0,1000,24.951356764470432,33.914227978461774,34.857265543400885,34.99525986411179,32.60167100412868,0.0,0.7243445892890008,0.7428840823811076,17975.0,17.975,17975.0,0.0,0.0,0.0,0.719,0.8344923504867872,0.15577190542420027,0.112,0.6787204450625869,0.0,0.16550764951321278,0.0,28.1,0.0,71.89999999999999,0.0,382,382.0,risk_degraded_threshold,0.65,False
dapper,lossy,117,100.0,1000,25.037129912861214,33.9567672696681,34.764351269100246,34.996388970755305,30.05768402831528,0.0,0.726073452957747,0.7373350959476548,17900.0,17.9,17900.0,0.0,0.0,0.0,0.716,0.7988826815642458,0.1005586592178771,0.072,0.6983240223463687,0.0,0.2011173184357542,0.0,28.4,0.0,71.6,0.0,378,378.0,risk_degraded_threshold,0.65,False
dapper,lossy,118,100.0,1000,24.83203368389728,33.86314293776527,34.704566823658226,34.94197590424748,31.59642683182519,0.0,0.7277094589160901,0.742481456687588,17425.0,17.425,17425.0,0.0,0.0,0.0,0.697,0.8335724533715926,0.13916786226685796,0.097,0.6944045911047346,0.0,0.16642754662840745,0.0,30.3,0.0,69.69999999999999,0.0,402,402.0,risk_degraded_threshold,0.65,False
dapper,lossy,119,100.0,1000,25.22380561542694,34.16353447898527,34.88856396573517,34.993426719837316,32.113435816803424,0.0,0.72570145608929,0.7415107092676313,18600.0,18.6,18600.0,0.0,0.0,0.0,0.744,0.8198924731182796,0.13440860215053763,0.1,0.6854838709677419,0.0,0.18010752688172044,0.0,25.6,0.0,74.4,0.0,342,342.0,risk_degraded_threshold,0.65,False
dapper,lossy,120,100.0,1000,24.94356883456326,33.94762430607923,34.82126839451995,34.99480299428936,31.257672307205212,0.0,0.7242446744200584,0.7384825033900047,18075.0,18.075,18075.0,0.0,0.0,0.0,0.723,0.7980636237897649,0.12448132780082988,0.09,0.673582295988935,0.0,0.20193637621023514,0.0,27.700000000000003,0.0,72.3,0.0,366,366.0,risk_degraded_threshold,0.65,False
dapper,lossy,121,100.0,1000,24.890186762682326,33.9509837447526,34.75636721943252,34.9865485323475,32.77353024549474,0.0,0.7226738180182367,0.7410438719949963,18675.0,18.675,18675.0,0.0,0.0,0.0,0.747,0.821954484605087,0.1499330655957162,0.112,0.6720214190093708,0.0,0.17804551539491298,0.0,25.3,0.0,74.7,0.0,339,339.0,risk_degraded_threshold,0.65,False
dapper,lossy,122,100.0,1000,25.08579289471596,34.07524967583675,34.72465675884838,34.92311681265087,31.763246506243785,0.0,0.7253656451784852,0.7408740543618451,18550.0,18.55,18550.0,0.0,0.0,0.0,0.742,0.7951482479784366,0.1280323450134771,0.095,0.6671159029649596,0.0,0.20485175202156333,0.0,25.8,0.0,74.2,0.0,330,330.0,risk_degraded_threshold,0.65,False
dapper,lossy,123,100.0,1000,24.817178107343594,33.97858252982191,34.71884738710505,34.9640180768012,32.29314773222189,0.0,0.725177200048534,0.7433974475207357,17875.0,17.875,17875.0,0.0,0.0,0.0,0.715,0.8055944055944056,0.15244755244755245,0.109,0.6531468531468532,0.0,0.1944055944055944,0.0,28.499999999999996,0.0,71.5,0.0,380,380.0,risk_degraded_threshold,0.65,False
dapper,lossy,124,100.0,1000,25.144076835710404,34.0084817041087,34.82162623829404,34.999930978152555,33.825274803426076,0.0,0.7252006399861742,0.7459351026481479,18725.0,18.725,18725.0,0.0,0.0,0.0,0.749,0.835781041388518,0.16688918558077437,0.125,0.6688918558077437,0.0,0.16421895861148197,0.0,25.1,0.0,74.9,0.0,362,362.0,risk_degraded_threshold,0.65,False
dapper,lossy,125,100.0,1000,25.290207315525716,34.07810779324134,34.85987931432081,34.99675173862079,31.822242841358705,0.0,0.725008358044021,0.7393774547547449,17300.0,17.3,17300.0,0.0,0.0,0.0,0.692,0.8078034682080925,0.13872832369942195,0.096,0.6690751445086706,0.0,0.19219653179190752,0.0,30.8,0.0,69.19999999999999,0.0,374,374.0,risk_degraded_threshold,0.65,False
dapper,lossy,126,100.0,1000,25.012306557377276,34.01851118868758,34.87231873366858,34.99707928007821,32.11656113797526,0.0,0.7223553858756083,0.7383183297008713,18375.0,18.375,18375.0,0.0,0.0,0.0,0.735,0.8204081632653061,0.13877551020408163,0.102,0.6816326530612244,0.0,0.17959183673469387,0.0,26.5,0.0,73.5,0.0,354,354.0,risk_degraded_threshold,0.65,False
dapper,lossy,127,100.0,1000,24.933813775828348,34.03862120823819,34.851014551058256,34.985303846764054,32.69662669143229,0.0,0.7254720911704587,0.7435683780371112,18100.0,18.1,18100.0,0.0,0.0,0.0,0.724,0.7720994475138122,0.15469613259668508,0.112,0.6174033149171271,0.0,0.22790055248618785,0.0,27.6,0.0,72.39999999999999,0.0,373,373.0,risk_degraded_threshold,0.65,False
dapper,lossy,128,100.0,1000,25.361525346794913,34.112832194106765,34.722796126768856,34.99638466136344,32.25036818382081,0.0,0.7258146565752936,0.7414867988063029,17775.0,17.775,17775.0,0.0,0.0,0.0,0.711,0.8270042194092827,0.1420534458509142,0.101,0.6849507735583685,0.0,0.1729957805907173,0.0,28.9,0.0,71.1,0.0,399,399.0,risk_degraded_threshold,0.65,False
dapper,lossy,129,100.0,1000,24.956002553810663,34.060395492680186,34.85750602439408,34.980831653703675,31.49496513929532,0.0,0.7240405957959037,0.7388445901022926,18725.0,18.725,18725.0,0.0,0.0,0.0,0.749,0.8130841121495327,0.12550066755674233,0.094,0.6875834445927904,0.0,0.18691588785046728,0.0,25.1,0.0,74.9,0.0,351,351.0,risk_degraded_threshold,0.65,False
dapper,variable,100,100.0,1000,19.88432481747889,33.61420558459003,34.76027410675784,34.95054826151675,22.01190912714196,0.0,0.7259494975552994,0.730947903325514,5375.0,5.375,5375.0,0.282,0.214,0.0,0.215,0.9116279069767442,0.15348837209302327,0.033,0.7581395348837209,0.0,0.08837209302325581,0.0,57.099999999999994,0.0,21.5,21.4,338,338.0,risk_degraded_threshold,0.65,False
dapper,variable,101,100.0,1000,19.95785345569506,33.51859359353788,34.716729365681125,34.99816501848515,22.5143426760284,0.0,0.7274250735029988,0.7337157721815029,6025.0,6.025,6025.0,0.253,0.197,0.0,0.241,0.9294605809128631,0.15767634854771784,0.038,0.7717842323651453,0.0,0.07053941908713693,0.0,56.2,0.0,24.099999999999998,19.7,329,329.0,risk_degraded_threshold,0.65,False
dapper,variable,102,100.0,1000,21.834264010846912,33.952084801243224,34.85412725538718,34.995332379528136,24.658617128119847,0.0,0.7252911865625793,0.732400006905043,6075.0,6.075,6075.0,0.163,0.127,0.0,0.243,0.9012345679012346,0.1728395061728395,0.042,0.7283950617283951,0.0,0.09876543209876543,0.0,63.0,0.0,24.3,12.7,298,298.0,risk_degraded_threshold,0.65,False
dapper,variable,103,100.0,1000,19.512093113412188,33.581179869308166,34.6745142049723,34.99051342908312,21.536858533775952,0.0,0.7264145780785138,0.7316018841146493,5975.0,5.975,5975.0,0.315,0.239,0.0,0.239,0.9079497907949791,0.12552301255230125,0.03,0.7824267782426778,0.0,0.09205020920502092,0.0,52.2,0.0,23.9,23.9,358,358.0,risk_degraded_threshold,0.65,False
dapper,variable,104,100.0,1000,21.518439904160722,33.92297556550541,34.71580596411837,34.944614204784195,24.19286560109536,0.0,0.727405744674525,0.7335000817049102,5675.0,5.675,5675.0,0.187,0.143,0.0,0.227,0.920704845814978,0.1762114537444934,0.04,0.7444933920704846,0.0,0.07929515418502203,0.0,63.0,0.0,22.7,14.299999999999999,297,297.0,risk_degraded_threshold,0.65,False
dapper,variable,105,100.0,1000,20.409246302565197,33.52133876628223,34.7773651787171,34.98077376103997,23.376413958481,0.0,0.726150768098847,0.7330994621409599,6100.0,6.1,6100.0,0.238,0.184,0.0,0.244,0.9467213114754098,0.1762295081967213,0.043,0.7704918032786885,0.0,0.05327868852459016,0.0,57.199999999999996,0.0,24.4,18.4,334,334.0,risk_degraded_threshold,0.65,False
dapper,variable,106,100.0,1000,21.621797773151822,33.5305156645498,34.67586933903363,34.993851868805095,24.252714976291177,0.0,0.7254470682295528,0.7321018092197896,5525.0,5.525,5525.0,0.174,0.135,0.0,0.221,0.9366515837104072,0.18099547511312217,0.04,0.755656108597285,0.0,0.06334841628959276,0.0,64.4,0.0,22.1,13.5,288,288.0,risk_degraded_threshold,0.65,False
dapper,variable,107,100.0,1000,20.234451338400376,33.6513949971422,34.722410045883045,34.98148819897819,22.468957915839745,0.0,0.7237161358789629,0.7289077856917393,4925.0,4.925,4925.0,0.254,0.194,0.0,0.197,0.9137055837563451,0.16751269035532995,0.033,0.7461928934010152,0.0,0.08629441624365482,0.0,60.9,0.0,19.7,19.400000000000002,293,293.0,risk_degraded_threshold,0.65,False
dapper,variable,108,100.0,1000,20.50931185101458,33.99159903353784,34.77692101060002,34.94872090187498,23.329859816156162,0.0,0.7260340756214905,0.7332294597530742,6000.0,6.0,6000.0,0.259,0.195,0.0,0.24,0.925,0.175,0.042,0.75,0.0,0.075,0.0,56.49999999999999,0.0,24.0,19.5,332,332.0,risk_degraded_threshold,0.65,False
dapper,variable,109,100.0,1000,21.210997956041414,33.76823065319891,34.76110730262953,34.98660651522982,23.060011675214664,0.0,0.7239038673745836,0.7281507289543079,5375.0,5.375,5375.0,0.203,0.156,0.0,0.215,0.9348837209302325,0.12558139534883722,0.027,0.8093023255813954,0.0,0.06511627906976744,0.0,62.9,0.0,21.5,15.6,311,311.0,risk_degraded_threshold,0.65,False
dapper,variable,110,100.0,1000,20.982663888093814,33.908831310824965,34.67822534775889,34.98146709760653,22.85841796982215,0.0,0.7252583766377324,0.7294279576298566,5500.0,5.5,5500.0,0.226,0.171,0.0,0.22,0.9181818181818182,0.12727272727272726,0.028,0.7909090909090909,0.0,0.08181818181818182,0.0,60.9,0.0,22.0,17.1,315,315.0,risk_degraded_threshold,0.65,False
dapper,variable,111,100.0,1000,21.16809675678184,33.79838354481562,34.723349040720166,34.97684653932659,23.915975824972563,0.0,0.7256479697289735,0.7320268540917734,6050.0,6.05,6050.0,0.215,0.165,0.0,0.242,0.9297520661157025,0.16942148760330578,0.041,0.7603305785123967,0.0,0.07024793388429752,0.0,59.3,0.0,24.2,16.5,310,310.0,risk_degraded_threshold,0.65,False
dapper,variable,112,100.0,1000,21.078172240720427,34.0565418294024,34.79412676903375,34.95854802039493,24.212262504548903,0.0,0.728773769620013,0.7356621447394286,6425.0,6.425,6425.0,0.215,0.162,0.0,0.257,0.9455252918287937,0.17898832684824903,0.046,0.7665369649805448,0.0,0.054474708171206226,0.0,58.099999999999994,0.0,25.7,16.2,324,324.0,risk_degraded_threshold,0.65,False
dapper,variable,113,100.0,1000,21.31694882499063,33.57682626381407,34.78843892853948,34.96829040868747,22.939955530397988,0.0,0.7264232866327129,0.7299965758384606,5800.0,5.8,5800.0,0.195,0.148,0.0,0.232,0.9396551724137931,0.10344827586206896,0.024,0.8362068965517241,0.0,0.0603448275862069,0.0,62.0,0.0,23.200000000000003,14.799999999999999,297,297.0,risk_degraded_threshold,0.65,False
dapper,variable,114,100.0,1000,19.67604199921086,33.53883646549626,34.61117657596823,34.99588156157893,21.825388136836153,0.0,0.7223593713543665,0.7273502718546296,4450.0,4.45,4450.0,0.265,0.204,0.0,0.178,0.9044943820224719,0.1797752808988764,0.032,0.7247191011235955,0.0,0.09550561797752809,0.0,61.8,0.0,17.8,20.4,331,331.0,risk_degraded_threshold,0.65,False
dapper,variable,115,100.0,1000,21.574672548111323,33.364621656107765,34.626745067103904,34.87718954629805,24.665342545165135,0.0,0.7231527813269875,0.7306566370077305,5350.0,5.35,5350.0,0.171,0.132,0.0,0.214,0.9065420560747663,0.2102803738317757,0.045,0.6962616822429907,0.0,0.09345794392523364,0.0,65.4,0.0,21.4,13.200000000000001,282,282.0,risk_degraded_threshold,0.65,False
dapper,variable,116,100.0,1000,20.906294903309245,33.98344969197258,34.76841725790863,34.94714462527301,22.74212994365831,0.0,0.7290119598437401,0.7338571453007148,4900.0,4.9,4900.0,0.236,0.181,0.0,0.196,0.9336734693877551,0.1377551020408163,0.027,0.7959183673469388,0.0,0.0663265306122449,0.0,62.3,0.0,19.6,18.099999999999998,288,288.0,risk_degraded_threshold,0.65,False
dapper,variable,117,100.0,1000,22.79278973468874,34.240173789397694,34.82080355680936,34.990866631104254,24.372803158761158,0.0,0.7236089220200427,0.7273205153550273,6150.0,6.15,6150.0,0.131,0.099,0.0,0.246,0.9146341463414634,0.09349593495934959,0.023,0.8211382113821138,0.0,0.08536585365853659,0.0,65.5,0.0,24.6,9.9,294,294.0,risk_degraded_threshold,0.65,False
dapper,variable,118,100.0,1000,21.261636132643194,33.51310316081959,34.400172701004855,34.868091607089696,24.857389495861092,0.0,0.7252176136214916,0.7333152836608016,6650.0,6.65,6650.0,0.191,0.146,0.0,0.266,0.9323308270676691,0.19548872180451127,0.052,0.7368421052631579,0.0,0.06766917293233082,0.0,58.8,0.0,26.6,14.6,318,318.0,risk_degraded_threshold,0.65,False
dapper,variable,119,100.0,1000,21.014738694675003,33.65904383541709,34.57959716197339,34.99635852821138,23.784886612310977,0.0,0.7246782245108351,0.7316367645275803,5900.0,5.9,5900.0,0.217,0.165,0.0,0.236,0.9279661016949152,0.17372881355932204,0.041,0.7542372881355932,0.0,0.07203389830508475,0.0,59.9,0.0,23.599999999999998,16.5,301,301.0,risk_degraded_threshold,0.65,False
dapper,variable,120,100.0,1000,21.652203797202326,33.96526001626422,34.71258654891299,34.99491157025027,24.172457436631948,0.0,0.7236302032790113,0.7299100935256569,7075.0,7.075,7075.0,0.178,0.133,0.0,0.283,0.9399293286219081,0.13074204946996468,0.037,0.8091872791519434,0.0,0.06007067137809187,0.0,58.4,0.0,28.299999999999997,13.3,317,317.0,risk_degraded_threshold,0.65,False
dapper,variable,121,100.0,1000,20.769854338698046,33.76407787463392,34.80089032279628,34.994688323129196,24.68125200719413,0.0,0.7246801812954811,0.7345887093906228,6775.0,6.775,6775.0,0.217,0.168,0.0,0.271,0.948339483394834,0.2140221402214022,0.058,0.7343173431734318,0.0,0.05166051660516605,0.0,56.10000000000001,0.0,27.1,16.8,311,311.0,risk_degraded_threshold,0.65,False
dapper,variable,122,100.0,1000,21.16350775983448,33.694416258508085,34.631522901173106,34.97317679379236,24.26295773985177,0.0,0.7270704428833787,0.7339893009539761,5650.0,5.65,5650.0,0.196,0.15,0.0,0.226,0.9557522123893806,0.19911504424778761,0.045,0.7566371681415929,0.0,0.04424778761061947,0.0,62.4,0.0,22.6,15.0,310,310.0,risk_degraded_threshold,0.65,False
dapper,variable,123,100.0,1000,21.141639097235224,33.79103353765298,34.79488657343286,34.98222422308634,23.229844990129337,0.0,0.7283106253308629,0.7340685729442107,5550.0,5.55,5550.0,0.213,0.162,0.0,0.222,0.9369369369369369,0.14414414414414414,0.032,0.7927927927927928,0.0,0.06306306306306306,0.0,61.6,0.0,22.2,16.2,314,314.0,risk_degraded_threshold,0.65,False
dapper,variable,124,100.0,1000,21.732988484636902,33.61582768332837,34.67732058291188,34.996246009129095,23.750766552712175,0.0,0.7242599698219147,0.7290090601287487,6700.0,6.7,6700.0,0.169,0.132,0.0,0.268,0.8955223880597015,0.11194029850746269,0.03,0.7835820895522388,0.0,0.1044776119402985,0.0,60.0,0.0,26.8,13.200000000000001,338,338.0,risk_degraded_threshold,0.65,False
dapper,variable,125,100.0,1000,20.769788307085673,33.55572104656107,34.7780426012565,34.94952031560075,23.64318483654006,0.0,0.7246252838037862,0.7310543455649272,5925.0,5.925,5925.0,0.222,0.17,0.0,0.237,0.9409282700421941,0.17721518987341772,0.042,0.7637130801687764,0.0,0.05907172995780591,0.0,59.3,0.0,23.7,17.0,320,320.0,risk_degraded_threshold,0.65,False
dapper,variable,126,100.0,1000,21.1478810158433,33.75159446968112,34.720173914570076,34.997585709381326,23.72466143080774,0.0,0.730137150017489,0.7363161985328225,5775.0,5.775,5775.0,0.21,0.163,0.0,0.231,0.9307359307359307,0.16883116883116883,0.039,0.7619047619047619,0.0,0.06926406926406926,0.0,60.6,0.0,23.1,16.3,315,315.0,risk_degraded_threshold,0.65,False
dapper,variable,127,100.0,1000,20.71779492129796,34.01155392391131,34.710521322396545,34.9805264786951,23.02161487856629,0.0,0.7255219403916765,0.7312200481640382,5750.0,5.75,5750.0,0.242,0.184,0.0,0.23,0.9521739130434783,0.14347826086956522,0.033,0.808695652173913,0.0,0.04782608695652174,0.0,58.599999999999994,0.0,23.0,18.4,327,327.0,risk_degraded_threshold,0.65,False
dapper,variable,128,100.0,1000,19.610045047259096,33.63444553862527,34.724924465655434,34.96530254190218,21.62536846392843,0.0,0.7261744085071619,0.7302855686295497,4475.0,4.475,4475.0,0.277,0.213,0.0,0.179,0.9162011173184358,0.16201117318435754,0.029,0.7541899441340782,0.0,0.08379888268156424,0.0,60.8,0.0,17.9,21.3,297,297.0,risk_degraded_threshold,0.65,False
dapper,variable,129,100.0,1000,21.042862199957614,33.95740515939866,34.77333674805944,34.967648156933706,23.1026692952386,0.0,0.7216920602775155,0.7266364366879909,5425.0,5.425,5425.0,0.226,0.174,0.0,0.217,0.9447004608294931,0.14746543778801843,0.032,0.7972350230414746,0.0,0.055299539170506916,0.0,60.9,0.0,21.7,17.4,310,310.0,risk_degraded_threshold,0.65,False
dapper,outage,100,100.0,1000,7.390958833110617,31.53222247776869,33.92161243264051,34.99545577037872,7.390958833110617,0.0,0.7256162643603677,0.7256162643603677,0.0,0.0,0.0,1.0,0.735,0.0,0.0,0.0,0.0,0.0,0.0,0.0,0.0,0.0,22.6,0.0,0.0,77.4,422,422.0,risk_degraded_threshold,0.65,False
dapper,outage,101,100.0,1000,7.394054329988902,31.520563490832846,34.26171430265933,34.94450915915627,7.394054329988902,0.0,0.7269702216094329,0.7269702216094329,0.0,0.0,0.0,1.0,0.736,0.0,0.0,0.0,0.0,0.0,0.0,0.0,0.0,0.0,21.9,0.0,0.0,78.10000000000001,412,412.0,risk_degraded_threshold,0.65,False
dapper,outage,102,100.0,1000,7.51680019137851,31.462924322041214,34.417701339171714,34.98162652146018,7.51680019137851,0.0,0.725179462474503,0.725179462474503,0.0,0.0,0.0,1.0,0.731,0.0,0.0,0.0,0.0,0.0,0.0,0.0,0.0,0.0,23.200000000000003,0.0,0.0,76.8,422,422.0,risk_degraded_threshold,0.65,False
dapper,outage,103,100.0,1000,7.378221024983012,31.251434028184203,34.6042054298873,34.981104653112794,7.378221024983012,0.0,0.7262335249696575,0.7262335249696575,0.0,0.0,0.0,1.0,0.735,0.0,0.0,0.0,0.0,0.0,0.0,0.0,0.0,0.0,23.0,0.0,0.0,77.0,429,429.0,risk_degraded_threshold,0.65,False
dapper,outage,104,100.0,1000,7.568293210290533,31.59395630138461,34.54533747275368,34.97633437705056,7.568293210290533,0.0,0.7263175970031922,0.7263175970031922,0.0,0.0,0.0,1.0,0.728,0.0,0.0,0.0,0.0,0.0,0.0,0.0,0.0,0.0,23.5,0.0,0.0,76.5,422,422.0,risk_degraded_threshold,0.65,False
dapper,outage,105,100.0,1000,7.519378267796368,31.402502329388795,34.46505659979935,34.921933732182964,7.519378267796368,0.0,0.7248271436420854,0.7248271436420854,0.0,0.0,0.0,1.0,0.732,0.0,0.0,0.0,0.0,0.0,0.0,0.0,0.0,0.0,22.8,0.0,0.0,77.2,417,417.0,risk_degraded_threshold,0.65,False
dapper,outage,106,100.0,1000,7.549106265746754,31.449714720334896,34.37540672388598,34.964850295506736,7.549106265746754,0.0,0.7212594093828284,0.7212594093828284,0.0,0.0,0.0,1.0,0.732,0.0,0.0,0.0,0.0,0.0,0.0,0.0,0.0,0.0,22.3,0.0,0.0,77.7,414,414.0,risk_degraded_threshold,0.65,False
dapper,outage,107,100.0,1000,7.495635529917344,31.80791921566703,34.39018497885919,34.99112443015811,7.495635529917344,0.0,0.7250211366010297,0.7250211366010297,0.0,0.0,0.0,1.0,0.733,0.0,0.0,0.0,0.0,0.0,0.0,0.0,0.0,0.0,23.1,0.0,0.0,76.9,422,422.0,risk_degraded_threshold,0.65,False
dapper,outage,108,100.0,1000,7.251361824662859,31.14265792210696,34.17418822409749,34.97297658698431,7.251361824662859,0.0,0.7266974788453335,0.7266974788453335,0.0,0.0,0.0,1.0,0.736,0.0,0.0,0.0,0.0,0.0,0.0,0.0,0.0,0.0,23.0,0.0,0.0,77.0,426,426.0,risk_degraded_threshold,0.65,False
dapper,outage,109,100.0,1000,7.685496458575816,31.705170488180077,34.40871885608117,34.88886016594044,7.685496458575816,0.0,0.7258121030951461,0.7258121030951461,0.0,0.0,0.0,1.0,0.729,0.0,0.0,0.0,0.0,0.0,0.0,0.0,0.0,0.0,23.5,0.0,0.0,76.5,427,427.0,risk_degraded_threshold,0.65,False
dapper,outage,110,100.0,1000,7.355193804523941,30.694822041353905,34.222511546491425,34.969462845702225,7.355193804523941,0.0,0.7245809511185383,0.7245809511185383,0.0,0.0,0.0,1.0,0.735,0.0,0.0,0.0,0.0,0.0,0.0,0.0,0.0,0.0,22.8,0.0,0.0,77.2,425,425.0,risk_degraded_threshold,0.65,False
dapper,outage,111,100.0,1000,7.398682547644234,31.455362565824643,34.05726657846486,34.958198085831974,7.398682547644234,0.0,0.7280638471067766,0.7280638471067766,0.0,0.0,0.0,1.0,0.732,0.0,0.0,0.0,0.0,0.0,0.0,0.0,0.0,0.0,22.900000000000002,0.0,0.0,77.10000000000001,414,414.0,risk_degraded_threshold,0.65,False
dapper,outage,112,100.0,1000,7.370625290236145,31.426397231090824,34.038780941246515,34.949972127365655,7.370625290236145,0.0,0.7280606555765715,0.7280606555765715,0.0,0.0,0.0,1.0,0.734,0.0,0.0,0.0,0.0,0.0,0.0,0.0,0.0,0.0,22.1,0.0,0.0,77.9,412,412.0,risk_degraded_threshold,0.65,False
dapper,outage,113,100.0,1000,7.147796806593906,30.844985093880027,33.96419838510252,34.91680130902314,7.147796806593906,0.0,0.7299582611154545,0.7299582611154545,0.0,0.0,0.0,1.0,0.737,0.0,0.0,0.0,0.0,0.0,0.0,0.0,0.0,0.0,23.200000000000003,0.0,0.0,76.8,437,437.0,risk_degraded_threshold,0.65,False
dapper,outage,114,100.0,1000,7.501176014095029,31.4914309836508,34.414218678920534,34.97406829855338,7.501176014095029,0.0,0.7224631994341497,0.7224631994341497,0.0,0.0,0.0,1.0,0.728,0.0,0.0,0.0,0.0,0.0,0.0,0.0,0.0,0.0,22.3,0.0,0.0,77.7,398,398.0,risk_degraded_threshold,0.65,False
dapper,outage,115,100.0,1000,7.428611862088066,30.652007764158807,34.152857588086846,34.990047900593524,7.428611862088066,0.0,0.7262317832361891,0.7262317832361891,0.0,0.0,0.0,1.0,0.735,0.0,0.0,0.0,0.0,0.0,0.0,0.0,0.0,0.0,22.2,0.0,0.0,77.8,413,413.0,risk_degraded_threshold,0.65,False
dapper,outage,116,100.0,1000,7.310877248374183,30.959598437937885,34.2744524675671,34.84799240200695,7.310877248374183,0.0,0.727895972888168,0.727895972888168,0.0,0.0,0.0,1.0,0.734,0.0,0.0,0.0,0.0,0.0,0.0,0.0,0.0,0.0,23.5,0.0,0.0,76.5,434,434.0,risk_degraded_threshold,0.65,False
dapper,outage,117,100.0,1000,7.385847848859415,31.09198240986329,34.14712359689956,34.96597639562117,7.385847848859415,0.0,0.7183856901372877,0.7183856901372877,0.0,0.0,0.0,1.0,0.732,0.0,0.0,0.0,0.0,0.0,0.0,0.0,0.0,0.0,21.9,0.0,0.0,78.10000000000001,403,403.0,risk_degraded_threshold,0.65,False
dapper,outage,118,100.0,1000,7.254554051460061,31.241459127591458,33.60889001037177,34.741923692424066,7.254554051460061,0.0,0.7269199104810466,0.7269199104810466,0.0,0.0,0.0,1.0,0.737,0.0,0.0,0.0,0.0,0.0,0.0,0.0,0.0,0.0,22.0,0.0,0.0,78.0,408,408.0,risk_degraded_threshold,0.65,False
dapper,outage,119,100.0,1000,7.544636632920723,31.97128927281031,34.12470746616695,34.92690319762808,7.544636632920723,0.0,0.7220765044472426,0.7220765044472426,0.0,0.0,0.0,1.0,0.733,0.0,0.0,0.0,0.0,0.0,0.0,0.0,0.0,0.0,23.599999999999998,0.0,0.0,76.4,434,434.0,risk_degraded_threshold,0.65,False
dapper,outage,120,100.0,1000,7.2966883444603,30.892941767709793,34.211465224522804,34.99743937003936,7.2966883444603,0.0,0.7277157448014966,0.7277157448014966,0.0,0.0,0.0,1.0,0.733,0.0,0.0,0.0,0.0,0.0,0.0,0.0,0.0,0.0,22.1,0.0,0.0,77.9,410,410.0,risk_degraded_threshold,0.65,False
dapper,outage,121,100.0,1000,7.333809267763978,31.109084311834984,33.97165026658857,34.64971422730907,7.333809267763978,0.0,0.7274434266949621,0.7274434266949621,0.0,0.0,0.0,1.0,0.738,0.0,0.0,0.0,0.0,0.0,0.0,0.0,0.0,0.0,22.7,0.0,0.0,77.3,427,427.0,risk_degraded_threshold,0.65,False
dapper,outage,122,100.0,1000,7.251434439695796,30.60696308430699,34.355640534389124,34.986643071399804,7.251434439695796,0.0,0.7230377555986962,0.7230377555986962,0.0,0.0,0.0,1.0,0.738,0.0,0.0,0.0,0.0,0.0,0.0,0.0,0.0,0.0,21.8,0.0,0.0,78.2,412,412.0,risk_degraded_threshold,0.65,False
dapper,outage,123,100.0,1000,7.348689071341893,31.31477153672879,33.77157051102519,34.93381679406212,7.348689071341893,0.0,0.7249842011830019,0.7249842011830019,0.0,0.0,0.0,1.0,0.734,0.0,0.0,0.0,0.0,0.0,0.0,0.0,0.0,0.0,22.6,0.0,0.0,77.4,416,416.0,risk_degraded_threshold,0.65,False
dapper,outage,124,100.0,1000,7.660167119732145,32.1804553486177,34.264528586595944,34.941792593643456,7.660167119732145,0.0,0.7230039723105824,0.7230039723105824,0.0,0.0,0.0,1.0,0.731,0.0,0.0,0.0,0.0,0.0,0.0,0.0,0.0,0.0,22.3,0.0,0.0,77.7,400,400.0,risk_degraded_threshold,0.65,False
dapper,outage,125,100.0,1000,7.350838089581009,31.434653948905787,34.32904496368304,34.97323235440945,7.350838089581009,0.0,0.7221812250823167,0.7221812250823167,0.0,0.0,0.0,1.0,0.733,0.0,0.0,0.0,0.0,0.0,0.0,0.0,0.0,0.0,23.200000000000003,0.0,0.0,76.8,428,428.0,risk_degraded_threshold,0.65,False
dapper,outage,126,100.0,1000,7.215129876013096,30.710400018658593,33.86622552192073,34.99530404733341,7.215129876013096,0.0,0.725540342550057,0.725540342550057,0.0,0.0,0.0,1.0,0.738,0.0,0.0,0.0,0.0,0.0,0.0,0.0,0.0,0.0,22.6,0.0,0.0,77.4,428,428.0,risk_degraded_threshold,0.65,False
dapper,outage,127,100.0,1000,7.168677740371282,30.32721903409148,33.88590346281151,34.91862325958482,7.168677740371282,0.0,0.7321660926795039,0.7321660926795039,0.0,0.0,0.0,1.0,0.738,0.0,0.0,0.0,0.0,0.0,0.0,0.0,0.0,0.0,21.9,0.0,0.0,78.10000000000001,409,409.0,risk_degraded_threshold,0.65,False
dapper,outage,128,100.0,1000,7.182658284101614,30.07092856934142,34.160945540901714,34.96572059102459,7.182658284101614,0.0,0.7245057292187558,0.7245057292187558,0.0,0.0,0.0,1.0,0.736,0.0,0.0,0.0,0.0,0.0,0.0,0.0,0.0,0.0,23.0,0.0,0.0,77.0,428,428.0,risk_degraded_threshold,0.65,False
dapper,outage,129,100.0,1000,7.192894149462109,30.305709714834187,34.22738591997794,34.97529884555047,7.192894149462109,0.0,0.7266441172681618,0.7266441172681618,0.0,0.0,0.0,1.0,0.738,0.0,0.0,0.0,0.0,0.0,0.0,0.0,0.0,0.0,21.3,0.0,0.0,78.7,404,404.0,risk_degraded_threshold,0.65,False
dapper,stable,100,100.0,1000,25.279403323317702,33.96035223762113,34.73962355895296,34.988775105687154,51.53514833678389,0.0,0.7265268897628933,0.792417917211626,21350.0,21.35,21350.0,0.0,0.0,0.0,0.854,0.9918032786885246,0.4953161592505855,0.423,0.4964871194379391,0.0,0.00819672131147541,0.0,14.6,0.0,85.39999999999999,0.0,259,259.0,risk_degraded_threshold,0.7,False
dapper,stable,101,100.0,1000,24.820657080469697,33.96040511204254,34.788072376532675,34.99828909781833,53.53675771177409,0.0,0.7249338588619687,0.7978649635318986,21700.0,21.7,21700.0,0.0,0.0,0.0,0.868,0.9896313364055299,0.5288018433179723,0.459,0.4608294930875576,0.0,0.010368663594470046,0.0,13.200000000000001,0.0,86.8,0.0,231,231.0,risk_degraded_threshold,0.7,False
dapper,stable,102,100.0,1000,24.835880473076735,33.70682378335116,34.74818297607158,34.965240972972765,51.8627260021259,0.0,0.727324394359075,0.800034845226407,20900.0,20.9,20900.0,0.0,0.0,0.0,0.836,0.992822966507177,0.5263157894736842,0.44,0.4665071770334928,0.0,0.007177033492822967,0.0,16.400000000000002,0.0,83.6,0.0,284,284.0,risk_degraded_threshold,0.7,False
dapper,stable,103,100.0,1000,24.972078044518216,34.293187186352334,34.89307765319619,34.99802137082616,53.372703891643845,0.0,0.7236659440861409,0.7991290672988378,21525.0,21.525,21525.0,0.0,0.0,0.0,0.861,0.9883855981416957,0.5342624854819977,0.46,0.454123112659698,0.0,0.011614401858304297,0.0,13.900000000000002,0.0,86.1,0.0,237,237.0,risk_degraded_threshold,0.7,False
dapper,stable,104,100.0,1000,24.98622097286207,33.860115377670134,34.74837408619961,34.98656616097203,51.037343944723006,0.0,0.7240926018777877,0.7898578469524961,21900.0,21.9,21900.0,0.0,0.0,0.0,0.876,0.9920091324200914,0.4794520547945205,0.42,0.5125570776255708,0.0,0.007990867579908675,0.0,12.4,0.0,87.6,0.0,220,220.0,risk_degraded_threshold,0.7,False
dapper,stable,105,100.0,1000,24.85634769037545,33.82025179084476,34.62504012903672,34.93314580405199,51.59710330911793,0.0,0.7262361051095783,0.7959250227091806,21250.0,21.25,21250.0,0.0,0.0,0.0,0.85,0.9905882352941177,0.5105882352941177,0.434,0.48,0.0,0.009411764705882352,0.0,15.0,0.0,85.0,0.0,256,256.0,risk_degraded_threshold,0.7,False
dapper,stable,106,100.0,1000,24.716410963251104,33.86074949026578,34.68730165917939,34.933586993197196,52.69637342008328,0.0,0.7229428904328138,0.7962430814491968,21425.0,21.425,21425.0,0.0,0.0,0.0,0.857,0.9918319719953326,0.5227537922987164,0.448,0.4690781796966161,0.0,0.008168028004667444,0.0,14.299999999999999,0.0,85.7,0.0,252,252.0,risk_degraded_threshold,0.7,False
dapper,stable,107,100.0,1000,24.88557902804772,33.83424628214373,34.89267109559948,34.9936438529993,53.380353744565205,0.0,0.7245133185042392,0.7993133636844371,22025.0,22.025,22025.0,0.0,0.0,0.0,0.881,0.9886492622020431,0.5187287173666288,0.457,0.4699205448354143,0.0,0.011350737797956867,0.0,11.899999999999999,0.0,88.1,0.0,198,198.0,risk_degraded_threshold,0.7,False
dapper,stable,108,100.0,1000,25.235897183714567,34.2868707566229,34.87218349603604,34.989690121554816,51.92467360201944,0.0,0.7254394152220247,0.7967132376294662,21500.0,21.5,21500.0,0.0,0.0,0.0,0.86,0.9872093023255814,0.5023255813953489,0.432,0.4848837209302326,0.0,0.012790697674418604,0.0,14.000000000000002,0.0,86.0,0.0,231,231.0,risk_degraded_threshold,0.7,False
dapper,stable,109,100.0,1000,25.268964708760926,34.15910526808331,34.79620852522923,34.94284900848466,51.53790445445115,0.0,0.7225069831603355,0.7908717000411818,21775.0,21.775,21775.0,0.0,0.0,0.0,0.871,0.9850746268656716,0.4845005740528129,0.422,0.5005740528128588,0.0,0.014925373134328358,0.0,12.9,0.0,87.1,0.0,228,228.0,risk_degraded_threshold,0.7,False
dapper,stable,110,100.0,1000,24.978043487255007,33.957417382454665,34.80033649104111,34.99011804008187,51.64725260956925,0.0,0.7239727698806182,0.7935801521646344,21400.0,21.4,21400.0,0.0,0.0,0.0,0.856,0.985981308411215,0.5035046728971962,0.431,0.4824766355140187,0.0,0.014018691588785047,0.0,14.399999999999999,0.0,85.6,0.0,261,261.0,risk_degraded_threshold,0.7,False
dapper,stable,111,100.0,1000,25.491345575881343,33.99942489704205,34.77294614292747,34.98882482505357,52.77932606666301,0.0,0.7264559107913696,0.7988751227250941,20975.0,20.975,20975.0,0.0,0.0,0.0,0.839,0.9916567342073898,0.5256257449344458,0.441,0.466030989272944,0.0,0.00834326579261025,0.0,16.1,0.0,83.89999999999999,0.0,276,276.0,risk_degraded_threshold,0.7,False
dapper,stable,112,100.0,1000,25.044635098675773,33.93678625080242,34.80594764992258,34.978994945141224,52.774438295965986,0.0,0.7245903067601731,0.7942867336915719,21700.0,21.7,21700.0,0.0,0.0,0.0,0.868,0.9919354838709677,0.5103686635944701,0.443,0.4815668202764977,0.0,0.008064516129032258,0.0,13.200000000000001,0.0,86.8,0.0,220,220.0,risk_degraded_threshold,0.7,False
dapper,stable,113,100.0,1000,24.924957379086543,33.92528008813723,34.852479041190236,34.99387303551587,50.565197370598845,0.0,0.725184772552611,0.7910288053494875,21600.0,21.6,21600.0,0.0,0.0,0.0,0.864,0.9826388888888888,0.48032407407407407,0.415,0.5023148148148148,0.0,0.017361111111111112,0.0,13.600000000000001,0.0,86.4,0.0,239,239.0,risk_degraded_threshold,0.7,False
dapper,stable,114,100.0,1000,25.128438548268,33.86993382489312,34.786318253661975,34.99771913787838,53.866453690073165,0.0,0.7237524930795687,0.7977940224588013,21900.0,21.9,21900.0,0.0,0.0,0.0,0.876,0.9908675799086758,0.5308219178082192,0.465,0.4600456621004566,0.0,0.0091324200913242,0.0,12.4,0.0,87.6,0.0,214,214.0,risk_degraded_threshold,0.7,False
dapper,stable,115,100.0,1000,25.094705607799348,34.162413089123824,34.74465384721523,34.970565607066455,51.94937303752475,0.0,0.7245886848920773,0.7944537871206474,21750.0,21.75,21750.0,0.0,0.0,0.0,0.87,0.9873563218390805,0.5011494252873563,0.436,0.4862068965517241,0.0,0.01264367816091954,0.0,13.0,0.0,87.0,0.0,219,219.0,risk_degraded_threshold,0.7,False
dapper,stable,116,100.0,1000,25.028301912688907,34.05041769477859,34.88445460350265,34.99403448766891,54.211607535281885,0.0,0.7244573126145593,0.798391101095973,21750.0,21.75,21750.0,0.0,0.0,0.0,0.87,0.9942528735632183,0.5448275862068965,0.474,0.4494252873563218,0.0,0.005747126436781609,0.0,13.0,0.0,87.0,0.0,221,221.0,risk_degraded_threshold,0.7,False
dapper,stable,117,100.0,1000,24.997182216762514,33.94211020128963,34.806950360419165,34.98156739475102,51.94396103000347,0.0,0.7238166310991714,0.7935256482510197,21850.0,21.85,21850.0,0.0,0.0,0.0,0.874,0.9862700228832952,0.4897025171624714,0.428,0.4965675057208238,0.0,0.013729977116704805,0.0,12.6,0.0,87.4,0.0,226,226.0,risk_degraded_threshold,0.7,False
dapper,stable,118,100.0,1000,25.026589048763064,34.146334679362305,34.835239525322194,34.964244111574146,52.20873167600773,0.0,0.7280528994609765,0.7960765304196257,21475.0,21.475,21475.0,0.0,0.0,0.0,0.859,0.9906868451688009,0.5075669383003493,0.436,0.4831199068684517,0.0,0.009313154831199068,0.0,14.099999999999998,0.0,85.9,0.0,244,244.0,risk_degraded_threshold,0.7,False
dapper,stable,119,100.0,1000,24.80107188012856,34.00280379558126,34.81754573602827,34.936826663719394,53.78667209236602,0.0,0.7243707963012889,0.799875204249307,21925.0,21.925,21925.0,0.0,0.0,0.0,0.877,0.9874572405929305,0.5324971493728621,0.467,0.4549600912200684,0.0,0.012542759407069556,0.0,12.3,0.0,87.7,0.0,228,228.0,risk_degraded_threshold,0.7,False
dapper,stable,120,100.0,1000,25.000139802139184,33.83887438020657,34.75482963071029,34.96519781982063,52.586658253654925,0.0,0.7247996031934949,0.7950348677637523,21800.0,21.8,21800.0,0.0,0.0,0.0,0.872,0.9839449541284404,0.5103211009174312,0.445,0.4736238532110092,0.0,0.016055045871559634,0.0,12.8,0.0,87.2,0.0,212,212.0,risk_degraded_threshold,0.7,False
dapper,stable,121,100.0,1000,24.870142370806825,34.08802278656587,34.79782372711737,34.96061084968983,51.218892289603616,0.0,0.7235062491591376,0.7917923991779289,21800.0,21.8,21800.0,0.0,0.0,0.0,0.872,0.9862385321100917,0.48394495412844035,0.422,0.5022935779816514,0.0,0.013761467889908258,0.0,12.8,0.0,87.2,0.0,219,219.0,risk_degraded_threshold,0.7,False
dapper,stable,122,100.0,1000,24.829111935230273,33.958468133447,34.74506049633189,34.924143640943036,53.271418624119164,0.0,0.7259117747422895,0.7982645293058339,21950.0,21.95,21950.0,0.0,0.0,0.0,0.878,0.9886104783599089,0.5148063781321185,0.452,0.47380410022779046,0.0,0.011389521640091117,0.0,12.2,0.0,87.8,0.0,200,200.0,risk_degraded_threshold,0.7,False
dapper,stable,123,100.0,1000,25.35470141463279,34.01400394209814,34.728637206489786,34.90743937957425,51.64158095400979,0.0,0.7231039957478556,0.7928850748486099,22225.0,22.225,22225.0,0.0,0.0,0.0,0.889,0.9820022497187851,0.4769403824521935,0.424,0.5050618672665916,0.0,0.01799775028121485,0.0,11.1,0.0,88.9,0.0,196,196.0,risk_degraded_threshold,0.7,False
dapper,stable,124,100.0,1000,25.00583269004324,34.03261405514325,34.80612955591713,34.95256595801938,50.8126236179597,0.0,0.7270004160651047,0.7942088997255117,21000.0,21.0,21000.0,0.0,0.0,0.0,0.84,0.9928571428571429,0.49642857142857144,0.417,0.49642857142857144,0.0,0.007142857142857143,0.0,16.0,0.0,84.0,0.0,280,280.0,risk_degraded_threshold,0.7,False
dapper,stable,125,100.0,1000,24.9867591189863,33.982185709447386,34.8021659840167,34.99165214842439,53.959249959158115,0.0,0.7268533605073024,0.7989657788847586,21650.0,21.65,21650.0,0.0,0.0,0.0,0.866,0.9919168591224018,0.5323325635103926,0.461,0.45958429561200925,0.0,0.008083140877598153,0.0,13.4,0.0,86.6,0.0,238,238.0,risk_degraded_threshold,0.7,False
dapper,stable,126,100.0,1000,24.628886386363657,33.70638744138536,34.672811784104226,34.983867296625746,53.134621864449656,0.0,0.726794351381784,0.8009463128693688,21175.0,21.175,21175.0,0.0,0.0,0.0,0.847,0.9881936245572609,0.5419126328217237,0.459,0.4462809917355372,0.0,0.011806375442739079,0.0,15.299999999999999,0.0,84.7,0.0,252,252.0,risk_degraded_threshold,0.7,False
dapper,stable,127,100.0,1000,25.164646066804526,34.17312143282042,34.80106095916998,34.970740898815485,54.30743225703345,0.0,0.7237258806201099,0.7969399991420358,22125.0,22.125,22125.0,0.0,0.0,0.0,0.885,0.9909604519774011,0.5276836158192091,0.467,0.4632768361581921,0.0,0.00903954802259887,0.0,11.5,0.0,88.5,0.0,207,207.0,risk_degraded_threshold,0.7,False
dapper,stable,128,100.0,1000,25.178185128090664,33.92859815320874,34.67968897440042,34.972660274630584,53.589153958153254,0.0,0.7271450910033325,0.7988558762020542,21425.0,21.425,21425.0,0.0,0.0,0.0,0.857,0.9836639439906651,0.5309218203033839,0.455,0.45274212368728123,0.0,0.01633605600933489,0.0,14.299999999999999,0.0,85.7,0.0,237,237.0,risk_degraded_threshold,0.7,False
dapper,stable,129,100.0,1000,25.217209562918274,34.07064808785484,34.83459462785327,34.9933571344785,53.065152250426124,0.0,0.722736266433297,0.7957788932941594,21825.0,21.825,21825.0,0.0,0.0,0.0,0.873,0.9896907216494846,0.5131729667812142,0.448,0.4765177548682703,0.0,0.010309278350515464,0.0,12.7,0.0,87.3,0.0,214,214.0,risk_degraded_threshold,0.7,False
dapper,congested,100,100.0,1000,24.931615048786146,33.928407620489025,34.77556075006328,34.97404020175507,24.931615048786146,0.0,0.7231503929045445,0.7231503929045445,0.0,0.0,0.0,0.0,0.0,0.0,0.0,0.0,0.0,0.0,0.0,0.0,0.0,0.0,100.0,0.0,0.0,0.0,0,0.0,risk_degraded_threshold,0.7,False
dapper,congested,101,100.0,1000,25.188437717504375,34.03466107987438,34.84243479054015,34.99327875607795,25.188437717504375,0.0,0.7240147265422211,0.7240147265422211,0.0,0.0,0.0,0.0,0.0,0.0,0.0,0.0,0.0,0.0,0.0,0.0,0.0,0.0,100.0,0.0,0.0,0.0,0,0.0,risk_degraded_threshold,0.7,False
dapper,congested,102,100.0,1000,25.03548939727799,33.96479457393766,34.69588731781126,34.989536221406055,25.03548939727799,0.0,0.7265290036152598,0.7265290036152598,0.0,0.0,0.0,0.0,0.0,0.0,0.0,0.0,0.0,0.0,0.0,0.0,0.0,0.0,100.0,0.0,0.0,0.0,0,0.0,risk_degraded_threshold,0.7,False
dapper,congested,103,100.0,1000,25.03328827891089,34.09454856492267,34.78542999553827,34.985893217625524,25.03328827891089,0.0,0.7249975495254066,0.7249975495254066,0.0,0.0,0.0,0.0,0.0,0.0,0.0,0.0,0.0,0.0,0.0,0.0,0.0,0.0,100.0,0.0,0.0,0.0,0,0.0,risk_degraded_threshold,0.7,False
dapper,congested,104,100.0,1000,24.969774547081954,33.81394766067372,34.81048977789511,34.94578824107255,24.969774547081954,0.0,0.7273630134211108,0.7273630134211108,0.0,0.0,0.0,0.0,0.0,0.0,0.0,0.0,0.0,0.0,0.0,0.0,0.0,0.0,100.0,0.0,0.0,0.0,0,0.0,risk_degraded_threshold,0.7,False
dapper,congested,105,100.0,1000,24.881530354040223,34.02785562253984,34.86009343610894,34.98145078352877,24.881530354040223,0.0,0.7241433821596263,0.7241433821596263,25.0,0.025,25.0,0.0,0.0,0.0,0.001,1.0,0.0,0.0,1.0,0.0,0.0,0.0,99.9,0.0,0.1,0.0,2,2.0,risk_degraded_threshold,0.7,False
dapper,congested,106,100.0,1000,24.9413023153378,33.98450796903268,34.753821099438774,34.98979405154197,24.9413023153378,0.0,0.7260421946156992,0.7260421946156992,0.0,0.0,0.0,0.0,0.0,0.0,0.0,0.0,0.0,0.0,0.0,0.0,0.0,0.0,100.0,0.0,0.0,0.0,0,0.0,risk_degraded_threshold,0.7,False
dapper,congested,107,100.0,1000,24.886925897119337,33.88426057014752,34.77470672268729,34.998762184541775,24.886925897119337,0.0,0.7258328653791636,0.7258328653791636,0.0,0.0,0.0,0.0,0.0,0.0,0.0,0.0,0.0,0.0,0.0,0.0,0.0,0.0,100.0,0.0,0.0,0.0,0,0.0,risk_degraded_threshold,0.7,False
dapper,congested,108,100.0,1000,25.12572335979201,33.943119032195405,34.814499351033405,34.99655745974279,25.12572335979201,0.0,0.7241104019978909,0.7241104019978909,0.0,0.0,0.0,0.0,0.0,0.0,0.0,0.0,0.0,0.0,0.0,0.0,0.0,0.0,100.0,0.0,0.0,0.0,0,0.0,risk_degraded_threshold,0.7,False
dapper,congested,109,100.0,1000,25.037194206353533,33.93181537323021,34.785030538309286,34.98925809716232,25.037194206353533,0.0,0.7232170518910273,0.7232170518910273,0.0,0.0,0.0,0.0,0.0,0.0,0.0,0.0,0.0,0.0,0.0,0.0,0.0,0.0,100.0,0.0,0.0,0.0,0,0.0,risk_degraded_threshold,0.7,False
dapper,congested,110,100.0,1000,24.809401201588823,33.71973175922034,34.60151524624712,34.90888622322395,24.809401201588823,0.0,0.7246041378695668,0.7246041378695668,0.0,0.0,0.0,0.0,0.0,0.0,0.0,0.0,0.0,0.0,0.0,0.0,0.0,0.0,100.0,0.0,0.0,0.0,0,0.0,risk_degraded_threshold,0.7,False
dapper,congested,111,100.0,1000,25.119606788303717,34.001774933641265,34.74455155405684,34.96241421096305,25.119606788303717,0.0,0.725386178810248,0.725386178810248,0.0,0.0,0.0,0.0,0.0,0.0,0.0,0.0,0.0,0.0,0.0,0.0,0.0,0.0,100.0,0.0,0.0,0.0,0,0.0,risk_degraded_threshold,0.7,False
dapper,congested,112,100.0,1000,25.185269217607274,33.90095224371657,34.76580213455383,34.985906989642146,25.185269217607274,0.0,0.7266896434568639,0.7266896434568639,0.0,0.0,0.0,0.0,0.0,0.0,0.0,0.0,0.0,0.0,0.0,0.0,0.0,0.0,100.0,0.0,0.0,0.0,0,0.0,risk_degraded_threshold,0.7,False
dapper,congested,113,100.0,1000,24.906335043070264,33.941743755105556,34.77247181035648,34.98424994294581,24.906335043070264,0.0,0.7265627615919971,0.7265627615919971,0.0,0.0,0.0,0.0,0.0,0.0,0.0,0.0,0.0,0.0,0.0,0.0,0.0,0.0,100.0,0.0,0.0,0.0,0,0.0,risk_degraded_threshold,0.7,False
dapper,congested,114,100.0,1000,25.106436885026124,33.99518413696301,34.87476614646897,34.96282987218834,25.106436885026124,0.0,0.7286951154525153,0.7286951154525153,0.0,0.0,0.0,0.0,0.0,0.0,0.0,0.0,0.0,0.0,0.0,0.0,0.0,0.0,100.0,0.0,0.0,0.0,0,0.0,risk_degraded_threshold,0.7,False
dapper,congested,115,100.0,1000,25.22862077033868,34.01033183391731,34.751795785617006,34.96593743598228,25.22862077033868,0.0,0.7228431329922943,0.7228431329922943,0.0,0.0,0.0,0.0,0.0,0.0,0.0,0.0,0.0,0.0,0.0,0.0,0.0,0.0,100.0,0.0,0.0,0.0,0,0.0,risk_degraded_threshold,0.7,False
dapper,congested,116,100.0,1000,25.532666746770744,33.96456327797874,34.77240430108412,34.9771698353159,25.532666746770744,0.0,0.725945101429929,0.725945101429929,0.0,0.0,0.0,0.0,0.0,0.0,0.0,0.0,0.0,0.0,0.0,0.0,0.0,0.0,100.0,0.0,0.0,0.0,0,0.0,risk_degraded_threshold,0.7,False
dapper,congested,117,100.0,1000,24.586721544902087,33.766185707586004,34.70675091481512,34.994340946660934,24.586721544902087,0.0,0.7255476583450682,0.7255476583450682,25.0,0.025,25.0,0.0,0.0,0.0,0.001,1.0,0.0,0.0,1.0,0.0,0.0,0.0,99.9,0.0,0.1,0.0,2,2.0,risk_degraded_threshold,0.7,False
dapper,congested,118,100.0,1000,25.162494743028066,34.01490807545646,34.75940662114508,34.968506891824205,25.162494743028066,0.0,0.7267436342489003,0.7267436342489003,0.0,0.0,0.0,0.0,0.0,0.0,0.0,0.0,0.0,0.0,0.0,0.0,0.0,0.0,100.0,0.0,0.0,0.0,0,0.0,risk_degraded_threshold,0.7,False
dapper,congested,119,100.0,1000,25.33798431808029,33.930297923071485,34.79939395844596,34.97944595589328,25.33798431808029,0.0,0.7233345714577454,0.7233345714577454,0.0,0.0,0.0,0.0,0.0,0.0,0.0,0.0,0.0,0.0,0.0,0.0,0.0,0.0,100.0,0.0,0.0,0.0,0,0.0,risk_degraded_threshold,0.7,False
dapper,congested,120,100.0,1000,24.938916091364213,33.99634834863332,34.78821886321599,34.985958566309606,24.938916091364213,0.0,0.7244242831436923,0.7244242831436923,0.0,0.0,0.0,0.0,0.0,0.0,0.0,0.0,0.0,0.0,0.0,0.0,0.0,0.0,100.0,0.0,0.0,0.0,0,0.0,risk_degraded_threshold,0.7,False
dapper,congested,121,100.0,1000,24.80917420207108,33.750343569648706,34.75280697328194,34.996277370025744,24.80917420207108,0.0,0.7240164055794182,0.7240164055794182,0.0,0.0,0.0,0.0,0.0,0.0,0.0,0.0,0.0,0.0,0.0,0.0,0.0,0.0,100.0,0.0,0.0,0.0,0,0.0,risk_degraded_threshold,0.7,False
dapper,congested,122,100.0,1000,24.869545093034485,33.85721546067485,34.770700984913006,34.91653465760954,24.869545093034485,0.0,0.7271559083016325,0.7271559083016325,0.0,0.0,0.0,0.0,0.0,0.0,0.0,0.0,0.0,0.0,0.0,0.0,0.0,0.0,100.0,0.0,0.0,0.0,0,0.0,risk_degraded_threshold,0.7,False
dapper,congested,123,100.0,1000,25.019147835962976,34.0068905091913,34.771507219222585,34.98883073588995,25.019147835962976,0.0,0.723120628404554,0.723120628404554,0.0,0.0,0.0,0.0,0.0,0.0,0.0,0.0,0.0,0.0,0.0,0.0,0.0,0.0,100.0,0.0,0.0,0.0,0,0.0,risk_degraded_threshold,0.7,False
dapper,congested,124,100.0,1000,24.84861311989367,33.78084958434015,34.66363593071505,34.94326242767353,24.84861311989367,0.0,0.7246412727356085,0.7246412727356085,0.0,0.0,0.0,0.0,0.0,0.0,0.0,0.0,0.0,0.0,0.0,0.0,0.0,0.0,100.0,0.0,0.0,0.0,0,0.0,risk_degraded_threshold,0.7,False
dapper,congested,125,100.0,1000,25.028806878728822,34.05786747219948,34.83418763630404,34.99974319601896,25.028806878728822,0.0,0.7225453340361464,0.7225453340361464,25.0,0.025,25.0,0.0,0.0,0.0,0.001,1.0,0.0,0.0,1.0,0.0,0.0,0.0,99.9,0.0,0.1,0.0,2,2.0,risk_degraded_threshold,0.7,False
dapper,congested,126,100.0,1000,25.01200503410485,33.97988585528562,34.774114294105054,34.99086328598782,25.01200503410485,0.0,0.7260325028592299,0.7260325028592299,0.0,0.0,0.0,0.0,0.0,0.0,0.0,0.0,0.0,0.0,0.0,0.0,0.0,0.0,100.0,0.0,0.0,0.0,0,0.0,risk_degraded_threshold,0.7,False
dapper,congested,127,100.0,1000,25.067778068181923,34.00531179234195,34.71031183612322,34.99801668883106,25.067778068181923,0.0,0.7239904038714414,0.7239904038714414,0.0,0.0,0.0,0.0,0.0,0.0,0.0,0.0,0.0,0.0,0.0,0.0,0.0,0.0,100.0,0.0,0.0,0.0,0,0.0,risk_degraded_threshold,0.7,False
dapper,congested,128,100.0,1000,24.85704421534759,34.08647701991846,34.783499539553866,34.99302751306131,24.85704421534759,0.0,0.7235741311250974,0.7235741311250974,0.0,0.0,0.0,0.0,0.0,0.0,0.0,0.0,0.0,0.0,0.0,0.0,0.0,0.0,100.0,0.0,0.0,0.0,0,0.0,risk_degraded_threshold,0.7,False
dapper,congested,129,100.0,1000,24.920063724669387,33.90591045177916,34.77957296022762,34.981958638619645,24.920063724669387,0.0,0.7225927676936471,0.7225927676936471,0.0,0.0,0.0,0.0,0.0,0.0,0.0,0.0,0.0,0.0,0.0,0.0,0.0,0.0,100.0,0.0,0.0,0.0,0,0.0,risk_degraded_threshold,0.7,False
dapper,lossy,100,100.0,1000,25.284238375351617,34.04718924628941,34.84826155800029,34.98907189172226,31.857325313088005,0.0,0.7261089761349956,0.7418683904352356,18000.0,18.0,18000.0,0.0,0.0,0.0,0.72,0.8111111111111111,0.13055555555555556,0.094,0.6805555555555556,0.0,0.18888888888888888,0.0,28.000000000000004,0.0,72.0,0.0,364,364.0,risk_degraded_threshold,0.7,False
dapper,lossy,101,100.0,1000,25.059527190349893,34.120642165867906,34.8265496982896,34.99538718567808,31.68360404093288,0.0,0.7233638220296621,0.7383227658545507,17675.0,17.675,17675.0,0.0,0.0,0.0,0.707,0.8330975954738331,0.13295615275813297,0.094,0.7001414427157001,0.0,0.1669024045261669,0.0,29.299999999999997,0.0,70.7,0.0,366,366.0,risk_degraded_threshold,0.7,False
dapper,lossy,102,100.0,1000,24.993003502753638,33.78557770295638,34.81151542684563,34.990087052311324,30.926238985640797,0.0,0.7247993890094673,0.7385327568542848,17225.0,17.225,17225.0,0.0,0.0,0.0,0.689,0.8113207547169812,0.12336719883889695,0.085,0.6879535558780842,0.0,0.18867924528301888,0.0,31.1,0.0,68.89999999999999,0.0,390,390.0,risk_degraded_threshold,0.7,False
dapper,lossy,103,100.0,1000,25.072925546868568,34.23372242321619,34.794279965090745,34.9768308072483,32.53725996440561,0.0,0.7255664298957895,0.7431153918263849,18675.0,18.675,18675.0,0.0,0.0,0.0,0.747,0.7991967871485943,0.14457831325301204,0.108,0.6546184738955824,0.0,0.20080321285140562,0.0,25.3,0.0,74.7,0.0,340,340.0,risk_degraded_threshold,0.7,False
dapper,lossy,104,100.0,1000,24.952721574773207,33.7641107522445,34.821547122134376,34.99174516374082,32.954498342235674,0.0,0.725270205207262,0.7428455742749839,18200.0,18.2,18200.0,0.0,0.0,0.0,0.728,0.8063186813186813,0.15796703296703296,0.115,0.6483516483516484,0.0,0.1936813186813187,0.0,27.200000000000003,0.0,72.8,0.0,362,362.0,risk_degraded_threshold,0.7,False
dapper,lossy,105,100.0,1000,25.095152971928933,33.826524025580916,34.67873591147265,34.99594666457182,31.650482579457197,0.0,0.7248747477212536,0.7392192203397958,18825.0,18.825,18825.0,0.0,0.0,0.0,0.753,0.8273572377158035,0.12350597609561753,0.093,0.703851261620186,0.0,0.17264276228419656,0.0,24.7,0.0,75.3,0.0,344,344.0,risk_degraded_threshold,0.7,False
dapper,lossy,106,100.0,1000,24.856568122610433,33.832964597231225,34.72189143706977,34.99784375073101,31.50890321788417,0.0,0.7235813767870335,0.7392206310961336,17800.0,17.8,17800.0,0.0,0.0,0.0,0.712,0.8539325842696629,0.13342696629213482,0.095,0.7205056179775281,0.0,0.14606741573033707,0.0,28.799999999999997,0.0,71.2,0.0,389,389.0,risk_degraded_threshold,0.7,False
dapper,lossy,107,100.0,1000,24.68158080592215,34.00414573371424,34.83973190471446,34.99325658145116,31.19660512918917,0.0,0.7241940517114336,0.7388308468489646,18025.0,18.025,18025.0,0.0,0.0,0.0,0.721,0.8099861303744799,0.1276005547850208,0.092,0.6823855755894591,0.0,0.1900138696255201,0.0,27.900000000000002,0.0,72.1,0.0,354,354.0,risk_degraded_threshold,0.7,False
dapper,lossy,108,100.0,1000,25.047265262517854,34.05795037600457,34.73288919337191,34.96757252768798,31.073612955374518,0.0,0.7235643813542582,0.7373909269007133,18325.0,18.325,18325.0,0.0,0.0,0.0,0.733,0.810368349249659,0.11732605729877217,0.086,0.6930422919508867,0.0,0.18963165075034105,0.0,26.700000000000003,0.0,73.3,0.0,364,364.0,risk_degraded_threshold,0.7,False
dapper,lossy,109,100.0,1000,24.775139056545807,34.049418286887835,34.7919194149339,34.94624843509132,31.96287960801317,0.0,0.7212325912059436,0.7383365724449257,18500.0,18.5,18500.0,0.0,0.0,0.0,0.74,0.827027027027027,0.13783783783783785,0.102,0.6891891891891891,0.0,0.17297297297297298,0.0,26.0,0.0,74.0,0.0,324,324.0,risk_degraded_threshold,0.7,False
dapper,lossy,110,100.0,1000,25.004520730247734,33.8683404853258,34.86997539103268,34.98456857838196,32.44878696120915,0.0,0.7268739784421301,0.7433964854715304,17950.0,17.95,17950.0,0.0,0.0,0.0,0.718,0.7813370473537604,0.14623955431754876,0.105,0.6350974930362117,0.0,0.21866295264623956,0.0,28.199999999999996,0.0,71.8,0.0,380,380.0,risk_degraded_threshold,0.7,False
dapper,lossy,111,100.0,1000,24.90307640535743,34.14835345167596,34.756755348825656,34.981698697795565,31.661618369672937,0.0,0.7248703254305311,0.7398456220643752,18200.0,18.2,18200.0,0.0,0.0,0.0,0.728,0.8008241758241759,0.1346153846153846,0.098,0.6662087912087912,0.0,0.19917582417582416,0.0,27.200000000000003,0.0,72.8,0.0,341,341.0,risk_degraded_threshold,0.7,False
dapper,lossy,112,100.0,1000,24.956367632930085,34.151123089835,34.870234716853815,34.962158450180866,32.0743115042331,0.0,0.7253954496233768,0.7418527868840668,18175.0,18.175,18175.0,0.0,0.0,0.0,0.727,0.797799174690509,0.14167812929848694,0.103,0.656121045392022,0.0,0.20220082530949107,0.0,27.3,0.0,72.7,0.0,342,342.0,risk_degraded_threshold,0.7,False
dapper,lossy,113,100.0,1000,25.11573781751927,34.14436127878192,34.867885766711,34.99782157537433,31.685721930267743,0.0,0.7254462125679975,0.7402162266401762,18625.0,18.625,18625.0,0.0,0.0,0.0,0.745,0.8053691275167785,0.1261744966442953,0.094,0.6791946308724832,0.0,0.19463087248322147,0.0,25.5,0.0,74.5,0.0,367,367.0,risk_degraded_threshold,0.7,False
dapper,lossy,114,100.0,1000,25.05695156474369,34.026649628584615,34.857774174382406,34.983091762156874,31.76472240386522,0.0,0.72440817275247,0.7393453718347903,17675.0,17.675,17675.0,0.0,0.0,0.0,0.707,0.8076379066478077,0.1371994342291372,0.097,0.6704384724186704,0.0,0.19236209335219237,0.0,29.299999999999997,0.0,70.7,0.0,359,359.0,risk_degraded_threshold,0.7,False
dapper,lossy,115,100.0,1000,24.76252752899427,34.140208891814694,34.85306689119638,34.992962372181864,31.597060228847266,0.0,0.7251726691219196,0.7398453016431278,17850.0,17.85,17850.0,0.0,0.0,0.0,0.714,0.7969187675070029,0.13725490196078433,0.098,0.6596638655462185,0.0,0.2030812324929972,0.0,28.599999999999998,0.0,71.39999999999999,0.0,380,380.0,risk_degraded_threshold,0.7,False
dapper,lossy,116,100.0,1000,24.951356764470432,33.914227978461774,34.857265543400885,34.99525986411179,32.60167100412868,0.0,0.7243445892890008,0.7428840823811076,17975.0,17.975,17975.0,0.0,0.0,0.0,0.719,0.8344923504867872,0.15577190542420027,0.112,0.6787204450625869,0.0,0.16550764951321278,0.0,28.1,0.0,71.89999999999999,0.0,382,382.0,risk_degraded_threshold,0.7,False
dapper,lossy,117,100.0,1000,25.037129912861214,33.9567672696681,34.764351269100246,34.996388970755305,30.05768402831528,0.0,0.726073452957747,0.7373350959476548,17900.0,17.9,17900.0,0.0,0.0,0.0,0.716,0.7988826815642458,0.1005586592178771,0.072,0.6983240223463687,0.0,0.2011173184357542,0.0,28.4,0.0,71.6,0.0,378,378.0,risk_degraded_threshold,0.7,False
dapper,lossy,118,100.0,1000,24.83203368389728,33.86314293776527,34.704566823658226,34.94197590424748,31.59642683182519,0.0,0.7277094589160901,0.742481456687588,17425.0,17.425,17425.0,0.0,0.0,0.0,0.697,0.8335724533715926,0.13916786226685796,0.097,0.6944045911047346,0.0,0.16642754662840745,0.0,30.3,0.0,69.69999999999999,0.0,402,402.0,risk_degraded_threshold,0.7,False
dapper,lossy,119,100.0,1000,25.22380561542694,34.16353447898527,34.88856396573517,34.993426719837316,32.113435816803424,0.0,0.72570145608929,0.7415107092676313,18600.0,18.6,18600.0,0.0,0.0,0.0,0.744,0.8198924731182796,0.13440860215053763,0.1,0.6854838709677419,0.0,0.18010752688172044,0.0,25.6,0.0,74.4,0.0,342,342.0,risk_degraded_threshold,0.7,False
dapper,lossy,120,100.0,1000,24.94356883456326,33.94762430607923,34.82126839451995,34.99480299428936,31.257672307205212,0.0,0.7242446744200584,0.7384825033900047,18075.0,18.075,18075.0,0.0,0.0,0.0,0.723,0.7980636237897649,0.12448132780082988,0.09,0.673582295988935,0.0,0.20193637621023514,0.0,27.700000000000003,0.0,72.3,0.0,366,366.0,risk_degraded_threshold,0.7,False
dapper,lossy,121,100.0,1000,24.890186762682326,33.9509837447526,34.75636721943252,34.9865485323475,32.77353024549474,0.0,0.7226738180182367,0.7410438719949963,18675.0,18.675,18675.0,0.0,0.0,0.0,0.747,0.821954484605087,0.1499330655957162,0.112,0.6720214190093708,0.0,0.17804551539491298,0.0,25.3,0.0,74.7,0.0,339,339.0,risk_degraded_threshold,0.7,False
dapper,lossy,122,100.0,1000,25.08579289471596,34.07524967583675,34.72465675884838,34.92311681265087,31.763246506243785,0.0,0.7253656451784852,0.7408740543618451,18550.0,18.55,18550.0,0.0,0.0,0.0,0.742,0.7951482479784366,0.1280323450134771,0.095,0.6671159029649596,0.0,0.20485175202156333,0.0,25.8,0.0,74.2,0.0,330,330.0,risk_degraded_threshold,0.7,False
dapper,lossy,123,100.0,1000,24.817178107343594,33.97858252982191,34.71884738710505,34.9640180768012,32.29314773222189,0.0,0.725177200048534,0.7433974475207357,17875.0,17.875,17875.0,0.0,0.0,0.0,0.715,0.8055944055944056,0.15244755244755245,0.109,0.6531468531468532,0.0,0.1944055944055944,0.0,28.499999999999996,0.0,71.5,0.0,380,380.0,risk_degraded_threshold,0.7,False
dapper,lossy,124,100.0,1000,25.144076835710404,34.0084817041087,34.82162623829404,34.999930978152555,33.825274803426076,0.0,0.7252006399861742,0.7459351026481479,18725.0,18.725,18725.0,0.0,0.0,0.0,0.749,0.835781041388518,0.16688918558077437,0.125,0.6688918558077437,0.0,0.16421895861148197,0.0,25.1,0.0,74.9,0.0,362,362.0,risk_degraded_threshold,0.7,False
dapper,lossy,125,100.0,1000,25.290207315525716,34.07810779324134,34.85987931432081,34.99675173862079,31.822242841358705,0.0,0.725008358044021,0.7393774547547449,17300.0,17.3,17300.0,0.0,0.0,0.0,0.692,0.8078034682080925,0.13872832369942195,0.096,0.6690751445086706,0.0,0.19219653179190752,0.0,30.8,0.0,69.19999999999999,0.0,374,374.0,risk_degraded_threshold,0.7,False
dapper,lossy,126,100.0,1000,25.012306557377276,34.01851118868758,34.87231873366858,34.99707928007821,32.11656113797526,0.0,0.7223553858756083,0.7383183297008713,18375.0,18.375,18375.0,0.0,0.0,0.0,0.735,0.8204081632653061,0.13877551020408163,0.102,0.6816326530612244,0.0,0.17959183673469387,0.0,26.5,0.0,73.5,0.0,354,354.0,risk_degraded_threshold,0.7,False
dapper,lossy,127,100.0,1000,24.933813775828348,34.03862120823819,34.851014551058256,34.985303846764054,32.69662669143229,0.0,0.7254720911704587,0.7435683780371112,18100.0,18.1,18100.0,0.0,0.0,0.0,0.724,0.7720994475138122,0.15469613259668508,0.112,0.6174033149171271,0.0,0.22790055248618785,0.0,27.6,0.0,72.39999999999999,0.0,373,373.0,risk_degraded_threshold,0.7,False
dapper,lossy,128,100.0,1000,25.361525346794913,34.112832194106765,34.722796126768856,34.99638466136344,32.25036818382081,0.0,0.7258146565752936,0.7414867988063029,17775.0,17.775,17775.0,0.0,0.0,0.0,0.711,0.8270042194092827,0.1420534458509142,0.101,0.6849507735583685,0.0,0.1729957805907173,0.0,28.9,0.0,71.1,0.0,399,399.0,risk_degraded_threshold,0.7,False
dapper,lossy,129,100.0,1000,24.956002553810663,34.060395492680186,34.85750602439408,34.980831653703675,31.49496513929532,0.0,0.7240405957959037,0.7388445901022926,18725.0,18.725,18725.0,0.0,0.0,0.0,0.749,0.8130841121495327,0.12550066755674233,0.094,0.6875834445927904,0.0,0.18691588785046728,0.0,25.1,0.0,74.9,0.0,351,351.0,risk_degraded_threshold,0.7,False
dapper,variable,100,100.0,1000,19.88432481747889,33.61420558459003,34.76027410675784,34.95054826151675,22.01190912714196,0.0,0.7259494975552994,0.730947903325514,5375.0,5.375,5375.0,0.282,0.214,0.0,0.215,0.9116279069767442,0.15348837209302327,0.033,0.7581395348837209,0.0,0.08837209302325581,0.0,57.099999999999994,0.0,21.5,21.4,338,338.0,risk_degraded_threshold,0.7,False
dapper,variable,101,100.0,1000,19.95785345569506,33.51859359353788,34.716729365681125,34.99816501848515,22.5143426760284,0.0,0.7274250735029988,0.7337157721815029,6025.0,6.025,6025.0,0.253,0.197,0.0,0.241,0.9294605809128631,0.15767634854771784,0.038,0.7717842323651453,0.0,0.07053941908713693,0.0,56.2,0.0,24.099999999999998,19.7,329,329.0,risk_degraded_threshold,0.7,False
dapper,variable,102,100.0,1000,21.834264010846912,33.952084801243224,34.85412725538718,34.995332379528136,24.658617128119847,0.0,0.7252911865625793,0.732400006905043,6075.0,6.075,6075.0,0.163,0.127,0.0,0.243,0.9012345679012346,0.1728395061728395,0.042,0.7283950617283951,0.0,0.09876543209876543,0.0,63.0,0.0,24.3,12.7,298,298.0,risk_degraded_threshold,0.7,False
dapper,variable,103,100.0,1000,19.512093113412188,33.581179869308166,34.6745142049723,34.99051342908312,21.536858533775952,0.0,0.7264145780785138,0.7316018841146493,5975.0,5.975,5975.0,0.315,0.239,0.0,0.239,0.9079497907949791,0.12552301255230125,0.03,0.7824267782426778,0.0,0.09205020920502092,0.0,52.2,0.0,23.9,23.9,358,358.0,risk_degraded_threshold,0.7,False
dapper,variable,104,100.0,1000,21.518439904160722,33.92297556550541,34.71580596411837,34.944614204784195,24.19286560109536,0.0,0.727405744674525,0.7335000817049102,5675.0,5.675,5675.0,0.187,0.143,0.0,0.227,0.920704845814978,0.1762114537444934,0.04,0.7444933920704846,0.0,0.07929515418502203,0.0,63.0,0.0,22.7,14.299999999999999,297,297.0,risk_degraded_threshold,0.7,False
dapper,variable,105,100.0,1000,20.409246302565197,33.52133876628223,34.7773651787171,34.98077376103997,23.376413958481,0.0,0.726150768098847,0.7330994621409599,6100.0,6.1,6100.0,0.238,0.184,0.0,0.244,0.9467213114754098,0.1762295081967213,0.043,0.7704918032786885,0.0,0.05327868852459016,0.0,57.199999999999996,0.0,24.4,18.4,334,334.0,risk_degraded_threshold,0.7,False
dapper,variable,106,100.0,1000,21.621797773151822,33.5305156645498,34.67586933903363,34.993851868805095,24.252714976291177,0.0,0.7254470682295528,0.7321018092197896,5525.0,5.525,5525.0,0.174,0.135,0.0,0.221,0.9366515837104072,0.18099547511312217,0.04,0.755656108597285,0.0,0.06334841628959276,0.0,64.4,0.0,22.1,13.5,288,288.0,risk_degraded_threshold,0.7,False
dapper,variable,107,100.0,1000,20.234451338400376,33.6513949971422,34.722410045883045,34.98148819897819,22.468957915839745,0.0,0.7237161358789629,0.7289077856917393,4925.0,4.925,4925.0,0.254,0.194,0.0,0.197,0.9137055837563451,0.16751269035532995,0.033,0.7461928934010152,0.0,0.08629441624365482,0.0,60.9,0.0,19.7,19.400000000000002,293,293.0,risk_degraded_threshold,0.7,False
dapper,variable,108,100.0,1000,20.50931185101458,33.99159903353784,34.77692101060002,34.94872090187498,23.329859816156162,0.0,0.7260340756214905,0.7332294597530742,6000.0,6.0,6000.0,0.259,0.195,0.0,0.24,0.925,0.175,0.042,0.75,0.0,0.075,0.0,56.49999999999999,0.0,24.0,19.5,332,332.0,risk_degraded_threshold,0.7,False
dapper,variable,109,100.0,1000,21.210997956041414,33.76823065319891,34.76110730262953,34.98660651522982,23.060011675214664,0.0,0.7239038673745836,0.7281507289543079,5375.0,5.375,5375.0,0.203,0.156,0.0,0.215,0.9348837209302325,0.12558139534883722,0.027,0.8093023255813954,0.0,0.06511627906976744,0.0,62.9,0.0,21.5,15.6,311,311.0,risk_degraded_threshold,0.7,False
dapper,variable,110,100.0,1000,20.982663888093814,33.908831310824965,34.67822534775889,34.98146709760653,22.85841796982215,0.0,0.7252583766377324,0.7294279576298566,5500.0,5.5,5500.0,0.226,0.171,0.0,0.22,0.9181818181818182,0.12727272727272726,0.028,0.7909090909090909,0.0,0.08181818181818182,0.0,60.9,0.0,22.0,17.1,315,315.0,risk_degraded_threshold,0.7,False
dapper,variable,111,100.0,1000,21.16809675678184,33.79838354481562,34.723349040720166,34.97684653932659,23.915975824972563,0.0,0.7256479697289735,0.7320268540917734,6050.0,6.05,6050.0,0.215,0.165,0.0,0.242,0.9297520661157025,0.16942148760330578,0.041,0.7603305785123967,0.0,0.07024793388429752,0.0,59.3,0.0,24.2,16.5,310,310.0,risk_degraded_threshold,0.7,False
dapper,variable,112,100.0,1000,21.078172240720427,34.0565418294024,34.79412676903375,34.95854802039493,24.212262504548903,0.0,0.728773769620013,0.7356621447394286,6425.0,6.425,6425.0,0.215,0.162,0.0,0.257,0.9455252918287937,0.17898832684824903,0.046,0.7665369649805448,0.0,0.054474708171206226,0.0,58.099999999999994,0.0,25.7,16.2,324,324.0,risk_degraded_threshold,0.7,False
dapper,variable,113,100.0,1000,21.31694882499063,33.57682626381407,34.78843892853948,34.96829040868747,22.939955530397988,0.0,0.7264232866327129,0.7299965758384606,5800.0,5.8,5800.0,0.195,0.148,0.0,0.232,0.9396551724137931,0.10344827586206896,0.024,0.8362068965517241,0.0,0.0603448275862069,0.0,62.0,0.0,23.200000000000003,14.799999999999999,297,297.0,risk_degraded_threshold,0.7,False
dapper,variable,114,100.0,1000,19.67604199921086,33.53883646549626,34.61117657596823,34.99588156157893,21.825388136836153,0.0,0.7223593713543665,0.7273502718546296,4450.0,4.45,4450.0,0.265,0.204,0.0,0.178,0.9044943820224719,0.1797752808988764,0.032,0.7247191011235955,0.0,0.09550561797752809,0.0,61.8,0.0,17.8,20.4,331,331.0,risk_degraded_threshold,0.7,False
dapper,variable,115,100.0,1000,21.574672548111323,33.364621656107765,34.626745067103904,34.87718954629805,24.665342545165135,0.0,0.7231527813269875,0.7306566370077305,5350.0,5.35,5350.0,0.171,0.132,0.0,0.214,0.9065420560747663,0.2102803738317757,0.045,0.6962616822429907,0.0,0.09345794392523364,0.0,65.4,0.0,21.4,13.200000000000001,282,282.0,risk_degraded_threshold,0.7,False
dapper,variable,116,100.0,1000,20.906294903309245,33.98344969197258,34.76841725790863,34.94714462527301,22.74212994365831,0.0,0.7290119598437401,0.7338571453007148,4900.0,4.9,4900.0,0.236,0.181,0.0,0.196,0.9336734693877551,0.1377551020408163,0.027,0.7959183673469388,0.0,0.0663265306122449,0.0,62.3,0.0,19.6,18.099999999999998,288,288.0,risk_degraded_threshold,0.7,False
dapper,variable,117,100.0,1000,22.79278973468874,34.240173789397694,34.82080355680936,34.990866631104254,24.372803158761158,0.0,0.7236089220200427,0.7273205153550273,6150.0,6.15,6150.0,0.131,0.099,0.0,0.246,0.9146341463414634,0.09349593495934959,0.023,0.8211382113821138,0.0,0.08536585365853659,0.0,65.5,0.0,24.6,9.9,294,294.0,risk_degraded_threshold,0.7,False
dapper,variable,118,100.0,1000,21.261636132643194,33.51310316081959,34.400172701004855,34.868091607089696,24.857389495861092,0.0,0.7252176136214916,0.7333152836608016,6650.0,6.65,6650.0,0.191,0.146,0.0,0.266,0.9323308270676691,0.19548872180451127,0.052,0.7368421052631579,0.0,0.06766917293233082,0.0,58.8,0.0,26.6,14.6,318,318.0,risk_degraded_threshold,0.7,False
dapper,variable,119,100.0,1000,21.014738694675003,33.65904383541709,34.57959716197339,34.99635852821138,23.784886612310977,0.0,0.7246782245108351,0.7316367645275803,5900.0,5.9,5900.0,0.217,0.165,0.0,0.236,0.9279661016949152,0.17372881355932204,0.041,0.7542372881355932,0.0,0.07203389830508475,0.0,59.9,0.0,23.599999999999998,16.5,301,301.0,risk_degraded_threshold,0.7,False
dapper,variable,120,100.0,1000,21.652203797202326,33.96526001626422,34.71258654891299,34.99491157025027,24.172457436631948,0.0,0.7236302032790113,0.7299100935256569,7075.0,7.075,7075.0,0.178,0.133,0.0,0.283,0.9399293286219081,0.13074204946996468,0.037,0.8091872791519434,0.0,0.06007067137809187,0.0,58.4,0.0,28.299999999999997,13.3,317,317.0,risk_degraded_threshold,0.7,False
dapper,variable,121,100.0,1000,20.769854338698046,33.76407787463392,34.80089032279628,34.994688323129196,24.68125200719413,0.0,0.7246801812954811,0.7345887093906228,6775.0,6.775,6775.0,0.217,0.168,0.0,0.271,0.948339483394834,0.2140221402214022,0.058,0.7343173431734318,0.0,0.05166051660516605,0.0,56.10000000000001,0.0,27.1,16.8,311,311.0,risk_degraded_threshold,0.7,False
dapper,variable,122,100.0,1000,21.16350775983448,33.694416258508085,34.631522901173106,34.97317679379236,24.26295773985177,0.0,0.7270704428833787,0.7339893009539761,5650.0,5.65,5650.0,0.196,0.15,0.0,0.226,0.9557522123893806,0.19911504424778761,0.045,0.7566371681415929,0.0,0.04424778761061947,0.0,62.4,0.0,22.6,15.0,310,310.0,risk_degraded_threshold,0.7,False
dapper,variable,123,100.0,1000,21.141639097235224,33.79103353765298,34.79488657343286,34.98222422308634,23.229844990129337,0.0,0.7283106253308629,0.7340685729442107,5550.0,5.55,5550.0,0.213,0.162,0.0,0.222,0.9369369369369369,0.14414414414414414,0.032,0.7927927927927928,0.0,0.06306306306306306,0.0,61.6,0.0,22.2,16.2,314,314.0,risk_degraded_threshold,0.7,False
dapper,variable,124,100.0,1000,21.732988484636902,33.61582768332837,34.67732058291188,34.996246009129095,23.750766552712175,0.0,0.7242599698219147,0.7290090601287487,6700.0,6.7,6700.0,0.169,0.132,0.0,0.268,0.8955223880597015,0.11194029850746269,0.03,0.7835820895522388,0.0,0.1044776119402985,0.0,60.0,0.0,26.8,13.200000000000001,338,338.0,risk_degraded_threshold,0.7,False
dapper,variable,125,100.0,1000,20.769788307085673,33.55572104656107,34.7780426012565,34.94952031560075,23.64318483654006,0.0,0.7246252838037862,0.7310543455649272,5925.0,5.925,5925.0,0.222,0.17,0.0,0.237,0.9409282700421941,0.17721518987341772,0.042,0.7637130801687764,0.0,0.05907172995780591,0.0,59.3,0.0,23.7,17.0,320,320.0,risk_degraded_threshold,0.7,False
dapper,variable,126,100.0,1000,21.1478810158433,33.75159446968112,34.720173914570076,34.997585709381326,23.72466143080774,0.0,0.730137150017489,0.7363161985328225,5775.0,5.775,5775.0,0.21,0.163,0.0,0.231,0.9307359307359307,0.16883116883116883,0.039,0.7619047619047619,0.0,0.06926406926406926,0.0,60.6,0.0,23.1,16.3,315,315.0,risk_degraded_threshold,0.7,False
dapper,variable,127,100.0,1000,20.71779492129796,34.01155392391131,34.710521322396545,34.9805264786951,23.02161487856629,0.0,0.7255219403916765,0.7312200481640382,5750.0,5.75,5750.0,0.242,0.184,0.0,0.23,0.9521739130434783,0.14347826086956522,0.033,0.808695652173913,0.0,0.04782608695652174,0.0,58.599999999999994,0.0,23.0,18.4,327,327.0,risk_degraded_threshold,0.7,False
dapper,variable,128,100.0,1000,19.610045047259096,33.63444553862527,34.724924465655434,34.96530254190218,21.62536846392843,0.0,0.7261744085071619,0.7302855686295497,4475.0,4.475,4475.0,0.277,0.213,0.0,0.179,0.9162011173184358,0.16201117318435754,0.029,0.7541899441340782,0.0,0.08379888268156424,0.0,60.8,0.0,17.9,21.3,297,297.0,risk_degraded_threshold,0.7,False
dapper,variable,129,100.0,1000,21.042862199957614,33.95740515939866,34.77333674805944,34.967648156933706,23.1026692952386,0.0,0.7216920602775155,0.7266364366879909,5425.0,5.425,5425.0,0.226,0.174,0.0,0.217,0.9447004608294931,0.14746543778801843,0.032,0.7972350230414746,0.0,0.055299539170506916,0.0,60.9,0.0,21.7,17.4,310,310.0,risk_degraded_threshold,0.7,False
dapper,outage,100,100.0,1000,7.446714291411041,31.53222247776869,33.92161243264051,34.99545577037872,7.446714291411041,0.0,0.7254223554055131,0.7254223554055131,0.0,0.0,0.0,0.995,0.734,0.0,0.0,0.0,0.0,0.0,0.0,0.0,0.0,0.0,23.3,0.0,0.0,76.7,434,434.0,risk_degraded_threshold,0.7,False
dapper,outage,101,100.0,1000,7.413752113862492,31.553700853085505,34.22577439688038,34.94450915915627,7.413752113862492,0.0,0.7253470030632312,0.7253470030632312,0.0,0.0,0.0,0.995,0.736,0.0,0.0,0.0,0.0,0.0,0.0,0.0,0.0,0.0,22.400000000000002,0.0,0.0,77.60000000000001,424,424.0,risk_degraded_threshold,0.7,False
dapper,outage,102,100.0,1000,7.579779553981256,31.635317153845644,34.45008003322146,34.98162652146018,7.579779553981256,0.0,0.7226172984843661,0.7226172984843661,0.0,0.0,0.0,0.996,0.73,0.0,0.0,0.0,0.0,0.0,0.0,0.0,0.0,0.0,23.200000000000003,0.0,0.0,76.8,422,422.0,risk_degraded_threshold,0.7,False
dapper,outage,103,100.0,1000,7.378221024983012,31.251434028184203,34.6042054298873,34.981104653112794,7.378221024983012,0.0,0.7262335249696575,0.7262335249696575,0.0,0.0,0.0,0.998,0.735,0.0,0.0,0.0,0.0,0.0,0.0,0.0,0.0,0.0,23.200000000000003,0.0,0.0,76.8,433,433.0,risk_degraded_threshold,0.7,False
dapper,outage,104,100.0,1000,7.514508357313176,31.407716152011293,34.462241251115486,34.97633437705056,7.514508357313176,0.0,0.724250137941655,0.724250137941655,0.0,0.0,0.0,0.996,0.73,0.0,0.0,0.0,0.0,0.0,0.0,0.0,0.0,0.0,23.5,0.0,0.0,76.5,425,425.0,risk_degraded_threshold,0.7,False
dapper,outage,105,100.0,1000,7.519378267796368,31.402502329388795,34.46505659979935,34.921933732182964,7.519378267796368,0.0,0.7248271436420854,0.7248271436420854,0.0,0.0,0.0,0.998,0.732,0.0,0.0,0.0,0.0,0.0,0.0,0.0,0.0,0.0,23.0,0.0,0.0,77.0,421,421.0,risk_degraded_threshold,0.7,False
dapper,outage,106,100.0,1000,7.5124699024681005,31.34695816355631,34.720335427969765,34.964850295506736,7.5124699024681005,0.0,0.7207519772197819,0.7207519772197819,0.0,0.0,0.0,0.996,0.729,0.0,0.0,0.0,0.0,0.0,0.0,0.0,0.0,0.0,23.200000000000003,0.0,0.0,76.8,426,426.0,risk_degraded_threshold,0.7,False
dapper,outage,107,100.0,1000,7.40926867593973,31.630380506319103,34.39018497885919,34.99112443015811,7.40926867593973,0.0,0.7283599533225688,0.7283599533225688,0.0,0.0,0.0,0.996,0.735,0.0,0.0,0.0,0.0,0.0,0.0,0.0,0.0,0.0,23.1,0.0,0.0,76.9,428,428.0,risk_degraded_threshold,0.7,False
dapper,outage,108,100.0,1000,7.2840437359743895,31.287388150954527,34.4116622616014,34.97297658698431,7.2840437359743895,0.0,0.7264050832927598,0.7264050832927598,0.0,0.0,0.0,0.999,0.735,0.0,0.0,0.0,0.0,0.0,0.0,0.0,0.0,0.0,23.1,0.0,0.0,76.9,426,426.0,risk_degraded_threshold,0.7,False
dapper,outage,109,100.0,1000,7.539874642502674,31.591023417029582,34.21060539791293,34.88886016594044,7.539874642502674,0.0,0.7237115471635583,0.7237115471635583,0.0,0.0,0.0,0.996,0.73,0.0,0.0,0.0,0.0,0.0,0.0,0.0,0.0,0.0,23.7,0.0,0.0,76.3,433,433.0,risk_degraded_threshold,0.7,False
dapper,outage,110,100.0,1000,7.329058580224207,30.67231223293088,34.01137091256242,34.969462845702225,7.329058580224207,0.0,0.7246198555677845,0.7246198555677845,0.0,0.0,0.0,0.999,0.736,0.0,0.0,0.0,0.0,0.0,0.0,0.0,0.0,0.0,22.900000000000002,0.0,0.0,77.10000000000001,429,429.0,risk_degraded_threshold,0.7,False
dapper,outage,111,100.0,1000,7.398682547644234,31.455362565824643,34.05726657846486,34.958198085831974,7.398682547644234,0.0,0.7280638471067766,0.7280638471067766,0.0,0.0,0.0,0.999,0.732,0.0,0.0,0.0,0.0,0.0,0.0,0.0,0.0,0.0,23.0,0.0,0.0,77.0,416,416.0,risk_degraded_threshold,0.7,False
dapper,outage,112,100.0,1000,7.470472565668501,31.426397231090824,34.05914762114258,34.949972127365655,7.470472565668501,0.0,0.7262004613994949,0.7262004613994949,0.0,0.0,0.0,0.995,0.732,0.0,0.0,0.0,0.0,0.0,0.0,0.0,0.0,0.0,22.6,0.0,0.0,77.4,424,424.0,risk_degraded_threshold,0.7,False
dapper,outage,113,100.0,1000,7.1978919094266365,30.971451715225236,34.00927403255564,34.91680130902314,7.1978919094266365,0.0,0.7304690133663934,0.7304690133663934,0.0,0.0,0.0,0.999,0.736,0.0,0.0,0.0,0.0,0.0,0.0,0.0,0.0,0.0,23.200000000000003,0.0,0.0,76.8,435,435.0,risk_degraded_threshold,0.7,False
dapper,outage,114,100.0,1000,7.475132645601041,31.379878987890745,34.3347375983846,34.96299426694395,7.475132645601041,0.0,0.7243486896801387,0.7243486896801387,0.0,0.0,0.0,0.998,0.728,0.0,0.0,0.0,0.0,0.0,0.0,0.0,0.0,0.0,22.5,0.0,0.0,77.5,404,404.0,risk_degraded_threshold,0.7,False
dapper,outage,115,100.0,1000,7.4606589501506075,30.668028466521616,34.190946063378654,34.990047900593524,7.4606589501506075,0.0,0.7267064540726501,0.7267064540726501,0.0,0.0,0.0,0.995,0.732,0.0,0.0,0.0,0.0,0.0,0.0,0.0,0.0,0.0,22.8,0.0,0.0,77.2,421,421.0,risk_degraded_threshold,0.7,False
dapper,outage,116,100.0,1000,7.296954949345298,30.611496128561665,34.226525242860625,34.84799240200695,7.296954949345298,0.0,0.7275652253870237,0.7275652253870237,0.0,0.0,0.0,0.998,0.734,0.0,0.0,0.0,0.0,0.0,0.0,0.0,0.0,0.0,23.599999999999998,0.0,0.0,76.4,436,436.0,risk_degraded_threshold,0.7,False
dapper,outage,117,100.0,1000,7.328857850295344,30.835588377152018,34.08781976184034,34.96597639562117,7.328857850295344,0.0,0.7179499393041596,0.7179499393041596,0.0,0.0,0.0,0.995,0.734,0.0,0.0,0.0,0.0,0.0,0.0,0.0,0.0,0.0,22.0,0.0,0.0,78.0,413,413.0,risk_degraded_threshold,0.7,False
dapper,outage,118,100.0,1000,7.336283909336087,31.3320726827291,33.60940787877941,34.966209979583226,7.336283909336087,0.0,0.723881980138349,0.723881980138349,0.0,0.0,0.0,0.994,0.734,0.0,0.0,0.0,0.0,0.0,0.0,0.0,0.0,0.0,22.5,0.0,0.0,77.5,414,414.0,risk_degraded_threshold,0.7,False
dapper,outage,119,100.0,1000,7.61252364299166,32.02872145731929,34.1247306844555,34.92690319762808,7.61252364299166,0.0,0.7208119573423359,0.7208119573423359,0.0,0.0,0.0,0.995,0.73,0.0,0.0,0.0,0.0,0.0,0.0,0.0,0.0,0.0,24.4,0.0,0.0,75.6,444,444.0,risk_degraded_threshold,0.7,False
dapper,outage,120,100.0,1000,7.492311833366255,31.644928792519465,34.45950410996746,34.99743937003936,7.492311833366255,0.0,0.726259284760188,0.726259284760188,0.0,0.0,0.0,0.996,0.73,0.0,0.0,0.0,0.0,0.0,0.0,0.0,0.0,0.0,22.7,0.0,0.0,77.3,420,420.0,risk_degraded_threshold,0.7,False
dapper,outage,121,100.0,1000,7.566715358011038,31.572825576406295,34.211596088588905,34.8856072400352,7.566715358011038,0.0,0.7245274074691401,0.7245274074691401,0.0,0.0,0.0,0.996,0.734,0.0,0.0,0.0,0.0,0.0,0.0,0.0,0.0,0.0,23.1,0.0,0.0,76.9,431,431.0,risk_degraded_threshold,0.7,False
dapper,outage,122,100.0,1000,7.251434439695796,30.60696308430699,34.355640534389124,34.986643071399804,7.251434439695796,0.0,0.7230377555986962,0.7230377555986962,0.0,0.0,0.0,0.999,0.738,0.0,0.0,0.0,0.0,0.0,0.0,0.0,0.0,0.0,21.9,0.0,0.0,78.10000000000001,414,414.0,risk_degraded_threshold,0.7,False
dapper,outage,123,100.0,1000,7.333034718914068,31.210003709684482,33.64578767916997,34.93381679406212,7.333034718914068,0.0,0.7256390010379217,0.7256390010379217,0.0,0.0,0.0,0.996,0.733,0.0,0.0,0.0,0.0,0.0,0.0,0.0,0.0,0.0,22.8,0.0,0.0,77.2,421,421.0,risk_degraded_threshold,0.7,False
dapper,outage,124,100.0,1000,7.660167119732145,32.1804553486177,34.264528586595944,34.941792593643456,7.660167119732145,0.0,0.7230039723105824,0.7230039723105824,0.0,0.0,0.0,0.998,0.731,0.0,0.0,0.0,0.0,0.0,0.0,0.0,0.0,0.0,22.5,0.0,0.0,77.5,404,404.0,risk_degraded_threshold,0.7,False
dapper,outage,125,100.0,1000,7.36608557791907,31.434653948905787,34.30788692356725,34.91034758935038,7.36608557791907,0.0,0.7237382038286617,0.7237382038286617,0.0,0.0,0.0,0.997,0.734,0.0,0.0,0.0,0.0,0.0,0.0,0.0,0.0,0.0,23.0,0.0,0.0,77.0,432,432.0,risk_degraded_threshold,0.7,False
dapper,outage,126,100.0,1000,7.2068716483043955,30.776850812183564,33.86622552192073,34.99530404733341,7.2068716483043955,0.0,0.725799303234349,0.725799303234349,0.0,0.0,0.0,0.998,0.738,0.0,0.0,0.0,0.0,0.0,0.0,0.0,0.0,0.0,22.7,0.0,0.0,77.3,432,432.0,risk_degraded_threshold,0.7,False
dapper,outage,127,100.0,1000,7.242063921354138,30.691196946755017,33.87114191104161,34.91862325958482,7.242063921354138,0.0,0.7289563035927699,0.7289563035927699,0.0,0.0,0.0,0.995,0.737,0.0,0.0,0.0,0.0,0.0,0.0,0.0,0.0,0.0,22.5,0.0,0.0,77.5,427,427.0,risk_degraded_threshold,0.7,False
dapper,outage,128,100.0,1000,7.22896481243869,30.07092856934142,34.052288987957425,34.96572059102459,7.22896481243869,0.0,0.7265884647377602,0.7265884647377602,0.0,0.0,0.0,0.996,0.735,0.0,0.0,0.0,0.0,0.0,0.0,0.0,0.0,0.0,22.900000000000002,0.0,0.0,77.10000000000001,426,426.0,risk_degraded_threshold,0.7,False
dapper,outage,129,100.0,1000,7.307866510764769,30.629461259979696,34.39394499533483,34.95816763511239,7.307866510764769,0.0,0.7280769964445843,0.7280769964445843,0.0,0.0,0.0,0.998,0.735,0.0,0.0,0.0,0.0,0.0,0.0,0.0,0.0,0.0,21.7,0.0,0.0,78.3,408,408.0,risk_degraded_threshold,0.7,False
dapper,stable,100,100.0,1000,25.279403323317702,33.96035223762113,34.73962355895296,34.988775105687154,51.53514833678389,0.0,0.7265268897628933,0.792417917211626,21350.0,21.35,21350.0,0.0,0.0,0.0,0.854,0.9918032786885246,0.4953161592505855,0.423,0.4964871194379391,0.0,0.00819672131147541,0.0,14.6,0.0,85.39999999999999,0.0,259,259.0,risk_degraded_threshold,0.75,False
dapper,stable,101,100.0,1000,24.820657080469697,33.96040511204254,34.788072376532675,34.99828909781833,53.53675771177409,0.0,0.7249338588619687,0.7978649635318986,21700.0,21.7,21700.0,0.0,0.0,0.0,0.868,0.9896313364055299,0.5288018433179723,0.459,0.4608294930875576,0.0,0.010368663594470046,0.0,13.200000000000001,0.0,86.8,0.0,231,231.0,risk_degraded_threshold,0.75,False
dapper,stable,102,100.0,1000,24.835880473076735,33.70682378335116,34.74818297607158,34.965240972972765,51.8627260021259,0.0,0.727324394359075,0.800034845226407,20900.0,20.9,20900.0,0.0,0.0,0.0,0.836,0.992822966507177,0.5263157894736842,0.44,0.4665071770334928,0.0,0.007177033492822967,0.0,16.400000000000002,0.0,83.6,0.0,284,284.0,risk_degraded_threshold,0.75,False
dapper,stable,103,100.0,1000,24.972078044518216,34.293187186352334,34.89307765319619,34.99802137082616,53.372703891643845,0.0,0.7236659440861409,0.7991290672988378,21525.0,21.525,21525.0,0.0,0.0,0.0,0.861,0.9883855981416957,0.5342624854819977,0.46,0.454123112659698,0.0,0.011614401858304297,0.0,13.900000000000002,0.0,86.1,0.0,237,237.0,risk_degraded_threshold,0.75,False
dapper,stable,104,100.0,1000,24.98622097286207,33.860115377670134,34.74837408619961,34.98656616097203,51.037343944723006,0.0,0.7240926018777877,0.7898578469524961,21900.0,21.9,21900.0,0.0,0.0,0.0,0.876,0.9920091324200914,0.4794520547945205,0.42,0.5125570776255708,0.0,0.007990867579908675,0.0,12.4,0.0,87.6,0.0,220,220.0,risk_degraded_threshold,0.75,False
dapper,stable,105,100.0,1000,24.85634769037545,33.82025179084476,34.62504012903672,34.93314580405199,51.59710330911793,0.0,0.7262361051095783,0.7959250227091806,21250.0,21.25,21250.0,0.0,0.0,0.0,0.85,0.9905882352941177,0.5105882352941177,0.434,0.48,0.0,0.009411764705882352,0.0,15.0,0.0,85.0,0.0,256,256.0,risk_degraded_threshold,0.75,False
dapper,stable,106,100.0,1000,24.716410963251104,33.86074949026578,34.68730165917939,34.933586993197196,52.69637342008328,0.0,0.7229428904328138,0.7962430814491968,21425.0,21.425,21425.0,0.0,0.0,0.0,0.857,0.9918319719953326,0.5227537922987164,0.448,0.4690781796966161,0.0,0.008168028004667444,0.0,14.299999999999999,0.0,85.7,0.0,252,252.0,risk_degraded_threshold,0.75,False
dapper,stable,107,100.0,1000,24.88557902804772,33.83424628214373,34.89267109559948,34.9936438529993,53.380353744565205,0.0,0.7245133185042392,0.7993133636844371,22025.0,22.025,22025.0,0.0,0.0,0.0,0.881,0.9886492622020431,0.5187287173666288,0.457,0.4699205448354143,0.0,0.011350737797956867,0.0,11.899999999999999,0.0,88.1,0.0,198,198.0,risk_degraded_threshold,0.75,False
dapper,stable,108,100.0,1000,25.235897183714567,34.2868707566229,34.87218349603604,34.989690121554816,51.92467360201944,0.0,0.7254394152220247,0.7967132376294662,21500.0,21.5,21500.0,0.0,0.0,0.0,0.86,0.9872093023255814,0.5023255813953489,0.432,0.4848837209302326,0.0,0.012790697674418604,0.0,14.000000000000002,0.0,86.0,0.0,231,231.0,risk_degraded_threshold,0.75,False
dapper,stable,109,100.0,1000,25.268964708760926,34.15910526808331,34.79620852522923,34.94284900848466,51.53790445445115,0.0,0.7225069831603355,0.7908717000411818,21775.0,21.775,21775.0,0.0,0.0,0.0,0.871,0.9850746268656716,0.4845005740528129,0.422,0.5005740528128588,0.0,0.014925373134328358,0.0,12.9,0.0,87.1,0.0,228,228.0,risk_degraded_threshold,0.75,False
dapper,stable,110,100.0,1000,24.978043487255007,33.957417382454665,34.80033649104111,34.99011804008187,51.64725260956925,0.0,0.7239727698806182,0.7935801521646344,21400.0,21.4,21400.0,0.0,0.0,0.0,0.856,0.985981308411215,0.5035046728971962,0.431,0.4824766355140187,0.0,0.014018691588785047,0.0,14.399999999999999,0.0,85.6,0.0,261,261.0,risk_degraded_threshold,0.75,False
dapper,stable,111,100.0,1000,25.491345575881343,33.99942489704205,34.77294614292747,34.98882482505357,52.77932606666301,0.0,0.7264559107913696,0.7988751227250941,20975.0,20.975,20975.0,0.0,0.0,0.0,0.839,0.9916567342073898,0.5256257449344458,0.441,0.466030989272944,0.0,0.00834326579261025,0.0,16.1,0.0,83.89999999999999,0.0,276,276.0,risk_degraded_threshold,0.75,False
dapper,stable,112,100.0,1000,25.044635098675773,33.93678625080242,34.80594764992258,34.978994945141224,52.774438295965986,0.0,0.7245903067601731,0.7942867336915719,21700.0,21.7,21700.0,0.0,0.0,0.0,0.868,0.9919354838709677,0.5103686635944701,0.443,0.4815668202764977,0.0,0.008064516129032258,0.0,13.200000000000001,0.0,86.8,0.0,220,220.0,risk_degraded_threshold,0.75,False
dapper,stable,113,100.0,1000,24.924957379086543,33.92528008813723,34.852479041190236,34.99387303551587,50.565197370598845,0.0,0.725184772552611,0.7910288053494875,21600.0,21.6,21600.0,0.0,0.0,0.0,0.864,0.9826388888888888,0.48032407407407407,0.415,0.5023148148148148,0.0,0.017361111111111112,0.0,13.600000000000001,0.0,86.4,0.0,239,239.0,risk_degraded_threshold,0.75,False
dapper,stable,114,100.0,1000,25.128438548268,33.86993382489312,34.786318253661975,34.99771913787838,53.866453690073165,0.0,0.7237524930795687,0.7977940224588013,21900.0,21.9,21900.0,0.0,0.0,0.0,0.876,0.9908675799086758,0.5308219178082192,0.465,0.4600456621004566,0.0,0.0091324200913242,0.0,12.4,0.0,87.6,0.0,214,214.0,risk_degraded_threshold,0.75,False
dapper,stable,115,100.0,1000,25.094705607799348,34.162413089123824,34.74465384721523,34.970565607066455,51.94937303752475,0.0,0.7245886848920773,0.7944537871206474,21750.0,21.75,21750.0,0.0,0.0,0.0,0.87,0.9873563218390805,0.5011494252873563,0.436,0.4862068965517241,0.0,0.01264367816091954,0.0,13.0,0.0,87.0,0.0,219,219.0,risk_degraded_threshold,0.75,False
dapper,stable,116,100.0,1000,25.028301912688907,34.05041769477859,34.88445460350265,34.99403448766891,54.211607535281885,0.0,0.7244573126145593,0.798391101095973,21750.0,21.75,21750.0,0.0,0.0,0.0,0.87,0.9942528735632183,0.5448275862068965,0.474,0.4494252873563218,0.0,0.005747126436781609,0.0,13.0,0.0,87.0,0.0,221,221.0,risk_degraded_threshold,0.75,False
dapper,stable,117,100.0,1000,24.997182216762514,33.94211020128963,34.806950360419165,34.98156739475102,51.94396103000347,0.0,0.7238166310991714,0.7935256482510197,21850.0,21.85,21850.0,0.0,0.0,0.0,0.874,0.9862700228832952,0.4897025171624714,0.428,0.4965675057208238,0.0,0.013729977116704805,0.0,12.6,0.0,87.4,0.0,226,226.0,risk_degraded_threshold,0.75,False
dapper,stable,118,100.0,1000,25.026589048763064,34.146334679362305,34.835239525322194,34.964244111574146,52.20873167600773,0.0,0.7280528994609765,0.7960765304196257,21475.0,21.475,21475.0,0.0,0.0,0.0,0.859,0.9906868451688009,0.5075669383003493,0.436,0.4831199068684517,0.0,0.009313154831199068,0.0,14.099999999999998,0.0,85.9,0.0,244,244.0,risk_degraded_threshold,0.75,False
dapper,stable,119,100.0,1000,24.80107188012856,34.00280379558126,34.81754573602827,34.936826663719394,53.78667209236602,0.0,0.7243707963012889,0.799875204249307,21925.0,21.925,21925.0,0.0,0.0,0.0,0.877,0.9874572405929305,0.5324971493728621,0.467,0.4549600912200684,0.0,0.012542759407069556,0.0,12.3,0.0,87.7,0.0,228,228.0,risk_degraded_threshold,0.75,False
dapper,stable,120,100.0,1000,25.000139802139184,33.83887438020657,34.75482963071029,34.96519781982063,52.586658253654925,0.0,0.7247996031934949,0.7950348677637523,21800.0,21.8,21800.0,0.0,0.0,0.0,0.872,0.9839449541284404,0.5103211009174312,0.445,0.4736238532110092,0.0,0.016055045871559634,0.0,12.8,0.0,87.2,0.0,212,212.0,risk_degraded_threshold,0.75,False
dapper,stable,121,100.0,1000,24.870142370806825,34.08802278656587,34.79782372711737,34.96061084968983,51.218892289603616,0.0,0.7235062491591376,0.7917923991779289,21800.0,21.8,21800.0,0.0,0.0,0.0,0.872,0.9862385321100917,0.48394495412844035,0.422,0.5022935779816514,0.0,0.013761467889908258,0.0,12.8,0.0,87.2,0.0,219,219.0,risk_degraded_threshold,0.75,False
dapper,stable,122,100.0,1000,24.829111935230273,33.958468133447,34.74506049633189,34.924143640943036,53.271418624119164,0.0,0.7259117747422895,0.7982645293058339,21950.0,21.95,21950.0,0.0,0.0,0.0,0.878,0.9886104783599089,0.5148063781321185,0.452,0.47380410022779046,0.0,0.011389521640091117,0.0,12.2,0.0,87.8,0.0,200,200.0,risk_degraded_threshold,0.75,False
dapper,stable,123,100.0,1000,25.35470141463279,34.01400394209814,34.728637206489786,34.90743937957425,51.64158095400979,0.0,0.7231039957478556,0.7928850748486099,22225.0,22.225,22225.0,0.0,0.0,0.0,0.889,0.9820022497187851,0.4769403824521935,0.424,0.5050618672665916,0.0,0.01799775028121485,0.0,11.1,0.0,88.9,0.0,196,196.0,risk_degraded_threshold,0.75,False
dapper,stable,124,100.0,1000,25.00583269004324,34.03261405514325,34.80612955591713,34.95256595801938,50.8126236179597,0.0,0.7270004160651047,0.7942088997255117,21000.0,21.0,21000.0,0.0,0.0,0.0,0.84,0.9928571428571429,0.49642857142857144,0.417,0.49642857142857144,0.0,0.007142857142857143,0.0,16.0,0.0,84.0,0.0,280,280.0,risk_degraded_threshold,0.75,False
dapper,stable,125,100.0,1000,24.9867591189863,33.982185709447386,34.8021659840167,34.99165214842439,53.959249959158115,0.0,0.7268533605073024,0.7989657788847586,21650.0,21.65,21650.0,0.0,0.0,0.0,0.866,0.9919168591224018,0.5323325635103926,0.461,0.45958429561200925,0.0,0.008083140877598153,0.0,13.4,0.0,86.6,0.0,238,238.0,risk_degraded_threshold,0.75,False
dapper,stable,126,100.0,1000,24.628886386363657,33.70638744138536,34.672811784104226,34.983867296625746,53.134621864449656,0.0,0.726794351381784,0.8009463128693688,21175.0,21.175,21175.0,0.0,0.0,0.0,0.847,0.9881936245572609,0.5419126328217237,0.459,0.4462809917355372,0.0,0.011806375442739079,0.0,15.299999999999999,0.0,84.7,0.0,252,252.0,risk_degraded_threshold,0.75,False
dapper,stable,127,100.0,1000,25.164646066804526,34.17312143282042,34.80106095916998,34.970740898815485,54.30743225703345,0.0,0.7237258806201099,0.7969399991420358,22125.0,22.125,22125.0,0.0,0.0,0.0,0.885,0.9909604519774011,0.5276836158192091,0.467,0.4632768361581921,0.0,0.00903954802259887,0.0,11.5,0.0,88.5,0.0,207,207.0,risk_degraded_threshold,0.75,False
dapper,stable,128,100.0,1000,25.178185128090664,33.92859815320874,34.67968897440042,34.972660274630584,53.589153958153254,0.0,0.7271450910033325,0.7988558762020542,21425.0,21.425,21425.0,0.0,0.0,0.0,0.857,0.9836639439906651,0.5309218203033839,0.455,0.45274212368728123,0.0,0.01633605600933489,0.0,14.299999999999999,0.0,85.7,0.0,237,237.0,risk_degraded_threshold,0.75,False
dapper,stable,129,100.0,1000,25.217209562918274,34.07064808785484,34.83459462785327,34.9933571344785,53.065152250426124,0.0,0.722736266433297,0.7957788932941594,21825.0,21.825,21825.0,0.0,0.0,0.0,0.873,0.9896907216494846,0.5131729667812142,0.448,0.4765177548682703,0.0,0.010309278350515464,0.0,12.7,0.0,87.3,0.0,214,214.0,risk_degraded_threshold,0.75,False
dapper,congested,100,100.0,1000,24.931615048786146,33.928407620489025,34.77556075006328,34.97404020175507,24.931615048786146,0.0,0.7231503929045445,0.7231503929045445,0.0,0.0,0.0,0.0,0.0,0.0,0.0,0.0,0.0,0.0,0.0,0.0,0.0,0.0,100.0,0.0,0.0,0.0,0,0.0,risk_degraded_threshold,0.75,False
dapper,congested,101,100.0,1000,25.188437717504375,34.03466107987438,34.84243479054015,34.99327875607795,25.188437717504375,0.0,0.7240147265422211,0.7240147265422211,0.0,0.0,0.0,0.0,0.0,0.0,0.0,0.0,0.0,0.0,0.0,0.0,0.0,0.0,100.0,0.0,0.0,0.0,0,0.0,risk_degraded_threshold,0.75,False
dapper,congested,102,100.0,1000,25.03548939727799,33.96479457393766,34.69588731781126,34.989536221406055,25.03548939727799,0.0,0.7265290036152598,0.7265290036152598,0.0,0.0,0.0,0.0,0.0,0.0,0.0,0.0,0.0,0.0,0.0,0.0,0.0,0.0,100.0,0.0,0.0,0.0,0,0.0,risk_degraded_threshold,0.75,False
dapper,congested,103,100.0,1000,25.03328827891089,34.09454856492267,34.78542999553827,34.985893217625524,25.03328827891089,0.0,0.7249975495254066,0.7249975495254066,0.0,0.0,0.0,0.0,0.0,0.0,0.0,0.0,0.0,0.0,0.0,0.0,0.0,0.0,100.0,0.0,0.0,0.0,0,0.0,risk_degraded_threshold,0.75,False
dapper,congested,104,100.0,1000,24.969774547081954,33.81394766067372,34.81048977789511,34.94578824107255,24.969774547081954,0.0,0.7273630134211108,0.7273630134211108,0.0,0.0,0.0,0.0,0.0,0.0,0.0,0.0,0.0,0.0,0.0,0.0,0.0,0.0,100.0,0.0,0.0,0.0,0,0.0,risk_degraded_threshold,0.75,False
dapper,congested,105,100.0,1000,24.881530354040223,34.02785562253984,34.86009343610894,34.98145078352877,24.881530354040223,0.0,0.7241433821596263,0.7241433821596263,25.0,0.025,25.0,0.0,0.0,0.0,0.001,1.0,0.0,0.0,1.0,0.0,0.0,0.0,99.9,0.0,0.1,0.0,2,2.0,risk_degraded_threshold,0.75,False
dapper,congested,106,100.0,1000,24.9413023153378,33.98450796903268,34.753821099438774,34.98979405154197,24.9413023153378,0.0,0.7260421946156992,0.7260421946156992,0.0,0.0,0.0,0.0,0.0,0.0,0.0,0.0,0.0,0.0,0.0,0.0,0.0,0.0,100.0,0.0,0.0,0.0,0,0.0,risk_degraded_threshold,0.75,False
dapper,congested,107,100.0,1000,24.886925897119337,33.88426057014752,34.77470672268729,34.998762184541775,24.886925897119337,0.0,0.7258328653791636,0.7258328653791636,0.0,0.0,0.0,0.0,0.0,0.0,0.0,0.0,0.0,0.0,0.0,0.0,0.0,0.0,100.0,0.0,0.0,0.0,0,0.0,risk_degraded_threshold,0.75,False
dapper,congested,108,100.0,1000,25.12572335979201,33.943119032195405,34.814499351033405,34.99655745974279,25.12572335979201,0.0,0.7241104019978909,0.7241104019978909,0.0,0.0,0.0,0.0,0.0,0.0,0.0,0.0,0.0,0.0,0.0,0.0,0.0,0.0,100.0,0.0,0.0,0.0,0,0.0,risk_degraded_threshold,0.75,False
dapper,congested,109,100.0,1000,25.037194206353533,33.93181537323021,34.785030538309286,34.98925809716232,25.037194206353533,0.0,0.7232170518910273,0.7232170518910273,0.0,0.0,0.0,0.0,0.0,0.0,0.0,0.0,0.0,0.0,0.0,0.0,0.0,0.0,100.0,0.0,0.0,0.0,0,0.0,risk_degraded_threshold,0.75,False
dapper,congested,110,100.0,1000,24.809401201588823,33.71973175922034,34.60151524624712,34.90888622322395,24.809401201588823,0.0,0.7246041378695668,0.7246041378695668,0.0,0.0,0.0,0.0,0.0,0.0,0.0,0.0,0.0,0.0,0.0,0.0,0.0,0.0,100.0,0.0,0.0,0.0,0,0.0,risk_degraded_threshold,0.75,False
dapper,congested,111,100.0,1000,25.119606788303717,34.001774933641265,34.74455155405684,34.96241421096305,25.119606788303717,0.0,0.725386178810248,0.725386178810248,0.0,0.0,0.0,0.0,0.0,0.0,0.0,0.0,0.0,0.0,0.0,0.0,0.0,0.0,100.0,0.0,0.0,0.0,0,0.0,risk_degraded_threshold,0.75,False
dapper,congested,112,100.0,1000,25.185269217607274,33.90095224371657,34.76580213455383,34.985906989642146,25.185269217607274,0.0,0.7266896434568639,0.7266896434568639,0.0,0.0,0.0,0.0,0.0,0.0,0.0,0.0,0.0,0.0,0.0,0.0,0.0,0.0,100.0,0.0,0.0,0.0,0,0.0,risk_degraded_threshold,0.75,False
dapper,congested,113,100.0,1000,24.906335043070264,33.941743755105556,34.77247181035648,34.98424994294581,24.906335043070264,0.0,0.7265627615919971,0.7265627615919971,0.0,0.0,0.0,0.0,0.0,0.0,0.0,0.0,0.0,0.0,0.0,0.0,0.0,0.0,100.0,0.0,0.0,0.0,0,0.0,risk_degraded_threshold,0.75,False
dapper,congested,114,100.0,1000,25.106436885026124,33.99518413696301,34.87476614646897,34.96282987218834,25.106436885026124,0.0,0.7286951154525153,0.7286951154525153,0.0,0.0,0.0,0.0,0.0,0.0,0.0,0.0,0.0,0.0,0.0,0.0,0.0,0.0,100.0,0.0,0.0,0.0,0,0.0,risk_degraded_threshold,0.75,False
dapper,congested,115,100.0,1000,25.22862077033868,34.01033183391731,34.751795785617006,34.96593743598228,25.22862077033868,0.0,0.7228431329922943,0.7228431329922943,0.0,0.0,0.0,0.0,0.0,0.0,0.0,0.0,0.0,0.0,0.0,0.0,0.0,0.0,100.0,0.0,0.0,0.0,0,0.0,risk_degraded_threshold,0.75,False
dapper,congested,116,100.0,1000,25.532666746770744,33.96456327797874,34.77240430108412,34.9771698353159,25.532666746770744,0.0,0.725945101429929,0.725945101429929,0.0,0.0,0.0,0.0,0.0,0.0,0.0,0.0,0.0,0.0,0.0,0.0,0.0,0.0,100.0,0.0,0.0,0.0,0,0.0,risk_degraded_threshold,0.75,False
dapper,congested,117,100.0,1000,24.586721544902087,33.766185707586004,34.70675091481512,34.994340946660934,24.586721544902087,0.0,0.7255476583450682,0.7255476583450682,25.0,0.025,25.0,0.0,0.0,0.0,0.001,1.0,0.0,0.0,1.0,0.0,0.0,0.0,99.9,0.0,0.1,0.0,2,2.0,risk_degraded_threshold,0.75,False
dapper,congested,118,100.0,1000,25.162494743028066,34.01490807545646,34.75940662114508,34.968506891824205,25.162494743028066,0.0,0.7267436342489003,0.7267436342489003,0.0,0.0,0.0,0.0,0.0,0.0,0.0,0.0,0.0,0.0,0.0,0.0,0.0,0.0,100.0,0.0,0.0,0.0,0,0.0,risk_degraded_threshold,0.75,False
dapper,congested,119,100.0,1000,25.33798431808029,33.930297923071485,34.79939395844596,34.97944595589328,25.33798431808029,0.0,0.7233345714577454,0.7233345714577454,0.0,0.0,0.0,0.0,0.0,0.0,0.0,0.0,0.0,0.0,0.0,0.0,0.0,0.0,100.0,0.0,0.0,0.0,0,0.0,risk_degraded_threshold,0.75,False
dapper,congested,120,100.0,1000,24.938916091364213,33.99634834863332,34.78821886321599,34.985958566309606,24.938916091364213,0.0,0.7244242831436923,0.7244242831436923,0.0,0.0,0.0,0.0,0.0,0.0,0.0,0.0,0.0,0.0,0.0,0.0,0.0,0.0,100.0,0.0,0.0,0.0,0,0.0,risk_degraded_threshold,0.75,False
dapper,congested,121,100.0,1000,24.80917420207108,33.750343569648706,34.75280697328194,34.996277370025744,24.80917420207108,0.0,0.7240164055794182,0.7240164055794182,0.0,0.0,0.0,0.0,0.0,0.0,0.0,0.0,0.0,0.0,0.0,0.0,0.0,0.0,100.0,0.0,0.0,0.0,0,0.0,risk_degraded_threshold,0.75,False
dapper,congested,122,100.0,1000,24.869545093034485,33.85721546067485,34.770700984913006,34.91653465760954,24.869545093034485,0.0,0.7271559083016325,0.7271559083016325,0.0,0.0,0.0,0.0,0.0,0.0,0.0,0.0,0.0,0.0,0.0,0.0,0.0,0.0,100.0,0.0,0.0,0.0,0,0.0,risk_degraded_threshold,0.75,False
dapper,congested,123,100.0,1000,25.019147835962976,34.0068905091913,34.771507219222585,34.98883073588995,25.019147835962976,0.0,0.723120628404554,0.723120628404554,0.0,0.0,0.0,0.0,0.0,0.0,0.0,0.0,0.0,0.0,0.0,0.0,0.0,0.0,100.0,0.0,0.0,0.0,0,0.0,risk_degraded_threshold,0.75,False
dapper,congested,124,100.0,1000,24.84861311989367,33.78084958434015,34.66363593071505,34.94326242767353,24.84861311989367,0.0,0.7246412727356085,0.7246412727356085,0.0,0.0,0.0,0.0,0.0,0.0,0.0,0.0,0.0,0.0,0.0,0.0,0.0,0.0,100.0,0.0,0.0,0.0,0,0.0,risk_degraded_threshold,0.75,False
dapper,congested,125,100.0,1000,25.028806878728822,34.05786747219948,34.83418763630404,34.99974319601896,25.028806878728822,0.0,0.7225453340361464,0.7225453340361464,25.0,0.025,25.0,0.0,0.0,0.0,0.001,1.0,0.0,0.0,1.0,0.0,0.0,0.0,99.9,0.0,0.1,0.0,2,2.0,risk_degraded_threshold,0.75,False
dapper,congested,126,100.0,1000,25.01200503410485,33.97988585528562,34.774114294105054,34.99086328598782,25.01200503410485,0.0,0.7260325028592299,0.7260325028592299,0.0,0.0,0.0,0.0,0.0,0.0,0.0,0.0,0.0,0.0,0.0,0.0,0.0,0.0,100.0,0.0,0.0,0.0,0,0.0,risk_degraded_threshold,0.75,False
dapper,congested,127,100.0,1000,25.067778068181923,34.00531179234195,34.71031183612322,34.99801668883106,25.067778068181923,0.0,0.7239904038714414,0.7239904038714414,0.0,0.0,0.0,0.0,0.0,0.0,0.0,0.0,0.0,0.0,0.0,0.0,0.0,0.0,100.0,0.0,0.0,0.0,0,0.0,risk_degraded_threshold,0.75,False
dapper,congested,128,100.0,1000,24.85704421534759,34.08647701991846,34.783499539553866,34.99302751306131,24.85704421534759,0.0,0.7235741311250974,0.7235741311250974,0.0,0.0,0.0,0.0,0.0,0.0,0.0,0.0,0.0,0.0,0.0,0.0,0.0,0.0,100.0,0.0,0.0,0.0,0,0.0,risk_degraded_threshold,0.75,False
dapper,congested,129,100.0,1000,24.920063724669387,33.90591045177916,34.77957296022762,34.981958638619645,24.920063724669387,0.0,0.7225927676936471,0.7225927676936471,0.0,0.0,0.0,0.0,0.0,0.0,0.0,0.0,0.0,0.0,0.0,0.0,0.0,0.0,100.0,0.0,0.0,0.0,0,0.0,risk_degraded_threshold,0.75,False
dapper,lossy,100,100.0,1000,25.284238375351617,34.04718924628941,34.84826155800029,34.98907189172226,31.857325313088005,0.0,0.7261089761349956,0.7418683904352356,18000.0,18.0,18000.0,0.0,0.0,0.0,0.72,0.8111111111111111,0.13055555555555556,0.094,0.6805555555555556,0.0,0.18888888888888888,0.0,28.000000000000004,0.0,72.0,0.0,364,364.0,risk_degraded_threshold,0.75,False
dapper,lossy,101,100.0,1000,25.059527190349893,34.120642165867906,34.8265496982896,34.99538718567808,31.68360404093288,0.0,0.7233638220296621,0.7383227658545507,17675.0,17.675,17675.0,0.0,0.0,0.0,0.707,0.8330975954738331,0.13295615275813297,0.094,0.7001414427157001,0.0,0.1669024045261669,0.0,29.299999999999997,0.0,70.7,0.0,366,366.0,risk_degraded_threshold,0.75,False
dapper,lossy,102,100.0,1000,24.993003502753638,33.78557770295638,34.81151542684563,34.990087052311324,30.926238985640797,0.0,0.7247993890094673,0.7385327568542848,17225.0,17.225,17225.0,0.0,0.0,0.0,0.689,0.8113207547169812,0.12336719883889695,0.085,0.6879535558780842,0.0,0.18867924528301888,0.0,31.1,0.0,68.89999999999999,0.0,390,390.0,risk_degraded_threshold,0.75,False
dapper,lossy,103,100.0,1000,25.072925546868568,34.23372242321619,34.794279965090745,34.9768308072483,32.53725996440561,0.0,0.7255664298957895,0.7431153918263849,18675.0,18.675,18675.0,0.0,0.0,0.0,0.747,0.7991967871485943,0.14457831325301204,0.108,0.6546184738955824,0.0,0.20080321285140562,0.0,25.3,0.0,74.7,0.0,340,340.0,risk_degraded_threshold,0.75,False
dapper,lossy,104,100.0,1000,24.952721574773207,33.7641107522445,34.821547122134376,34.99174516374082,32.954498342235674,0.0,0.725270205207262,0.7428455742749839,18200.0,18.2,18200.0,0.0,0.0,0.0,0.728,0.8063186813186813,0.15796703296703296,0.115,0.6483516483516484,0.0,0.1936813186813187,0.0,27.200000000000003,0.0,72.8,0.0,362,362.0,risk_degraded_threshold,0.75,False
dapper,lossy,105,100.0,1000,25.095152971928933,33.826524025580916,34.67873591147265,34.99594666457182,31.650482579457197,0.0,0.7248747477212536,0.7392192203397958,18825.0,18.825,18825.0,0.0,0.0,0.0,0.753,0.8273572377158035,0.12350597609561753,0.093,0.703851261620186,0.0,0.17264276228419656,0.0,24.7,0.0,75.3,0.0,344,344.0,risk_degraded_threshold,0.75,False
dapper,lossy,106,100.0,1000,24.856568122610433,33.832964597231225,34.72189143706977,34.99784375073101,31.50890321788417,0.0,0.7235813767870335,0.7392206310961336,17800.0,17.8,17800.0,0.0,0.0,0.0,0.712,0.8539325842696629,0.13342696629213482,0.095,0.7205056179775281,0.0,0.14606741573033707,0.0,28.799999999999997,0.0,71.2,0.0,389,389.0,risk_degraded_threshold,0.75,False
dapper,lossy,107,100.0,1000,24.68158080592215,34.00414573371424,34.83973190471446,34.99325658145116,31.19660512918917,0.0,0.7241940517114336,0.7388308468489646,18025.0,18.025,18025.0,0.0,0.0,0.0,0.721,0.8099861303744799,0.1276005547850208,0.092,0.6823855755894591,0.0,0.1900138696255201,0.0,27.900000000000002,0.0,72.1,0.0,354,354.0,risk_degraded_threshold,0.75,False
dapper,lossy,108,100.0,1000,25.047265262517854,34.05795037600457,34.73288919337191,34.96757252768798,31.073612955374518,0.0,0.7235643813542582,0.7373909269007133,18325.0,18.325,18325.0,0.0,0.0,0.0,0.733,0.810368349249659,0.11732605729877217,0.086,0.6930422919508867,0.0,0.18963165075034105,0.0,26.700000000000003,0.0,73.3,0.0,364,364.0,risk_degraded_threshold,0.75,False
dapper,lossy,109,100.0,1000,24.775139056545807,34.049418286887835,34.7919194149339,34.94624843509132,31.96287960801317,0.0,0.7212325912059436,0.7383365724449257,18500.0,18.5,18500.0,0.0,0.0,0.0,0.74,0.827027027027027,0.13783783783783785,0.102,0.6891891891891891,0.0,0.17297297297297298,0.0,26.0,0.0,74.0,0.0,324,324.0,risk_degraded_threshold,0.75,False
dapper,lossy,110,100.0,1000,25.004520730247734,33.8683404853258,34.86997539103268,34.98456857838196,32.44878696120915,0.0,0.7268739784421301,0.7433964854715304,17950.0,17.95,17950.0,0.0,0.0,0.0,0.718,0.7813370473537604,0.14623955431754876,0.105,0.6350974930362117,0.0,0.21866295264623956,0.0,28.199999999999996,0.0,71.8,0.0,380,380.0,risk_degraded_threshold,0.75,False
dapper,lossy,111,100.0,1000,24.90307640535743,34.14835345167596,34.756755348825656,34.981698697795565,31.661618369672937,0.0,0.7248703254305311,0.7398456220643752,18200.0,18.2,18200.0,0.0,0.0,0.0,0.728,0.8008241758241759,0.1346153846153846,0.098,0.6662087912087912,0.0,0.19917582417582416,0.0,27.200000000000003,0.0,72.8,0.0,341,341.0,risk_degraded_threshold,0.75,False
dapper,lossy,112,100.0,1000,24.956367632930085,34.151123089835,34.870234716853815,34.962158450180866,32.0743115042331,0.0,0.7253954496233768,0.7418527868840668,18175.0,18.175,18175.0,0.0,0.0,0.0,0.727,0.797799174690509,0.14167812929848694,0.103,0.656121045392022,0.0,0.20220082530949107,0.0,27.3,0.0,72.7,0.0,342,342.0,risk_degraded_threshold,0.75,False
dapper,lossy,113,100.0,1000,25.11573781751927,34.14436127878192,34.867885766711,34.99782157537433,31.685721930267743,0.0,0.7254462125679975,0.7402162266401762,18625.0,18.625,18625.0,0.0,0.0,0.0,0.745,0.8053691275167785,0.1261744966442953,0.094,0.6791946308724832,0.0,0.19463087248322147,0.0,25.5,0.0,74.5,0.0,367,367.0,risk_degraded_threshold,0.75,False
dapper,lossy,114,100.0,1000,25.05695156474369,34.026649628584615,34.857774174382406,34.983091762156874,31.76472240386522,0.0,0.72440817275247,0.7393453718347903,17675.0,17.675,17675.0,0.0,0.0,0.0,0.707,0.8076379066478077,0.1371994342291372,0.097,0.6704384724186704,0.0,0.19236209335219237,0.0,29.299999999999997,0.0,70.7,0.0,359,359.0,risk_degraded_threshold,0.75,False
dapper,lossy,115,100.0,1000,24.76252752899427,34.140208891814694,34.85306689119638,34.992962372181864,31.597060228847266,0.0,0.7251726691219196,0.7398453016431278,17850.0,17.85,17850.0,0.0,0.0,0.0,0.714,0.7969187675070029,0.13725490196078433,0.098,0.6596638655462185,0.0,0.2030812324929972,0.0,28.599999999999998,0.0,71.39999999999999,0.0,380,380.0,risk_degraded_threshold,0.75,False
dapper,lossy,116,100.0,1000,24.951356764470432,33.914227978461774,34.857265543400885,34.99525986411179,32.60167100412868,0.0,0.7243445892890008,0.7428840823811076,17975.0,17.975,17975.0,0.0,0.0,0.0,0.719,0.8344923504867872,0.15577190542420027,0.112,0.6787204450625869,0.0,0.16550764951321278,0.0,28.1,0.0,71.89999999999999,0.0,382,382.0,risk_degraded_threshold,0.75,False
dapper,lossy,117,100.0,1000,25.037129912861214,33.9567672696681,34.764351269100246,34.996388970755305,30.05768402831528,0.0,0.726073452957747,0.7373350959476548,17900.0,17.9,17900.0,0.0,0.0,0.0,0.716,0.7988826815642458,0.1005586592178771,0.072,0.6983240223463687,0.0,0.2011173184357542,0.0,28.4,0.0,71.6,0.0,378,378.0,risk_degraded_threshold,0.75,False
dapper,lossy,118,100.0,1000,24.83203368389728,33.86314293776527,34.704566823658226,34.94197590424748,31.59642683182519,0.0,0.7277094589160901,0.742481456687588,17425.0,17.425,17425.0,0.0,0.0,0.0,0.697,0.8335724533715926,0.13916786226685796,0.097,0.6944045911047346,0.0,0.16642754662840745,0.0,30.3,0.0,69.69999999999999,0.0,402,402.0,risk_degraded_threshold,0.75,False
dapper,lossy,119,100.0,1000,25.22380561542694,34.16353447898527,34.88856396573517,34.993426719837316,32.113435816803424,0.0,0.72570145608929,0.7415107092676313,18600.0,18.6,18600.0,0.0,0.0,0.0,0.744,0.8198924731182796,0.13440860215053763,0.1,0.6854838709677419,0.0,0.18010752688172044,0.0,25.6,0.0,74.4,0.0,342,342.0,risk_degraded_threshold,0.75,False
dapper,lossy,120,100.0,1000,24.94356883456326,33.94762430607923,34.82126839451995,34.99480299428936,31.257672307205212,0.0,0.7242446744200584,0.7384825033900047,18075.0,18.075,18075.0,0.0,0.0,0.0,0.723,0.7980636237897649,0.12448132780082988,0.09,0.673582295988935,0.0,0.20193637621023514,0.0,27.700000000000003,0.0,72.3,0.0,366,366.0,risk_degraded_threshold,0.75,False
dapper,lossy,121,100.0,1000,24.890186762682326,33.9509837447526,34.75636721943252,34.9865485323475,32.77353024549474,0.0,0.7226738180182367,0.7410438719949963,18675.0,18.675,18675.0,0.0,0.0,0.0,0.747,0.821954484605087,0.1499330655957162,0.112,0.6720214190093708,0.0,0.17804551539491298,0.0,25.3,0.0,74.7,0.0,339,339.0,risk_degraded_threshold,0.75,False
dapper,lossy,122,100.0,1000,25.08579289471596,34.07524967583675,34.72465675884838,34.92311681265087,31.763246506243785,0.0,0.7253656451784852,0.7408740543618451,18550.0,18.55,18550.0,0.0,0.0,0.0,0.742,0.7951482479784366,0.1280323450134771,0.095,0.6671159029649596,0.0,0.20485175202156333,0.0,25.8,0.0,74.2,0.0,330,330.0,risk_degraded_threshold,0.75,False
dapper,lossy,123,100.0,1000,24.817178107343594,33.97858252982191,34.71884738710505,34.9640180768012,32.29314773222189,0.0,0.725177200048534,0.7433974475207357,17875.0,17.875,17875.0,0.0,0.0,0.0,0.715,0.8055944055944056,0.15244755244755245,0.109,0.6531468531468532,0.0,0.1944055944055944,0.0,28.499999999999996,0.0,71.5,0.0,380,380.0,risk_degraded_threshold,0.75,False
dapper,lossy,124,100.0,1000,25.144076835710404,34.0084817041087,34.82162623829404,34.999930978152555,33.825274803426076,0.0,0.7252006399861742,0.7459351026481479,18725.0,18.725,18725.0,0.0,0.0,0.0,0.749,0.835781041388518,0.16688918558077437,0.125,0.6688918558077437,0.0,0.16421895861148197,0.0,25.1,0.0,74.9,0.0,362,362.0,risk_degraded_threshold,0.75,False
dapper,lossy,125,100.0,1000,25.290207315525716,34.07810779324134,34.85987931432081,34.99675173862079,31.822242841358705,0.0,0.725008358044021,0.7393774547547449,17300.0,17.3,17300.0,0.0,0.0,0.0,0.692,0.8078034682080925,0.13872832369942195,0.096,0.6690751445086706,0.0,0.19219653179190752,0.0,30.8,0.0,69.19999999999999,0.0,374,374.0,risk_degraded_threshold,0.75,False
dapper,lossy,126,100.0,1000,25.012306557377276,34.01851118868758,34.87231873366858,34.99707928007821,32.11656113797526,0.0,0.7223553858756083,0.7383183297008713,18375.0,18.375,18375.0,0.0,0.0,0.0,0.735,0.8204081632653061,0.13877551020408163,0.102,0.6816326530612244,0.0,0.17959183673469387,0.0,26.5,0.0,73.5,0.0,354,354.0,risk_degraded_threshold,0.75,False
dapper,lossy,127,100.0,1000,24.933813775828348,34.03862120823819,34.851014551058256,34.985303846764054,32.69662669143229,0.0,0.7254720911704587,0.7435683780371112,18100.0,18.1,18100.0,0.0,0.0,0.0,0.724,0.7720994475138122,0.15469613259668508,0.112,0.6174033149171271,0.0,0.22790055248618785,0.0,27.6,0.0,72.39999999999999,0.0,373,373.0,risk_degraded_threshold,0.75,False
dapper,lossy,128,100.0,1000,25.361525346794913,34.112832194106765,34.722796126768856,34.99638466136344,32.25036818382081,0.0,0.7258146565752936,0.7414867988063029,17775.0,17.775,17775.0,0.0,0.0,0.0,0.711,0.8270042194092827,0.1420534458509142,0.101,0.6849507735583685,0.0,0.1729957805907173,0.0,28.9,0.0,71.1,0.0,399,399.0,risk_degraded_threshold,0.75,False
dapper,lossy,129,100.0,1000,24.956002553810663,34.060395492680186,34.85750602439408,34.980831653703675,31.49496513929532,0.0,0.7240405957959037,0.7388445901022926,18725.0,18.725,18725.0,0.0,0.0,0.0,0.749,0.8130841121495327,0.12550066755674233,0.094,0.6875834445927904,0.0,0.18691588785046728,0.0,25.1,0.0,74.9,0.0,351,351.0,risk_degraded_threshold,0.75,False
dapper,variable,100,100.0,1000,19.88432481747889,33.61420558459003,34.76027410675784,34.95054826151675,22.01190912714196,0.0,0.7259494975552994,0.730947903325514,5375.0,5.375,5375.0,0.282,0.214,0.0,0.215,0.9116279069767442,0.15348837209302327,0.033,0.7581395348837209,0.0,0.08837209302325581,0.0,57.099999999999994,0.0,21.5,21.4,338,338.0,risk_degraded_threshold,0.75,False
dapper,variable,101,100.0,1000,19.95785345569506,33.51859359353788,34.716729365681125,34.99816501848515,22.5143426760284,0.0,0.7274250735029988,0.7337157721815029,6025.0,6.025,6025.0,0.253,0.197,0.0,0.241,0.9294605809128631,0.15767634854771784,0.038,0.7717842323651453,0.0,0.07053941908713693,0.0,56.2,0.0,24.099999999999998,19.7,329,329.0,risk_degraded_threshold,0.75,False
dapper,variable,102,100.0,1000,21.834264010846912,33.952084801243224,34.85412725538718,34.995332379528136,24.658617128119847,0.0,0.7252911865625793,0.732400006905043,6075.0,6.075,6075.0,0.163,0.127,0.0,0.243,0.9012345679012346,0.1728395061728395,0.042,0.7283950617283951,0.0,0.09876543209876543,0.0,63.0,0.0,24.3,12.7,298,298.0,risk_degraded_threshold,0.75,False
dapper,variable,103,100.0,1000,19.512093113412188,33.581179869308166,34.6745142049723,34.99051342908312,21.536858533775952,0.0,0.7264145780785138,0.7316018841146493,5975.0,5.975,5975.0,0.315,0.239,0.0,0.239,0.9079497907949791,0.12552301255230125,0.03,0.7824267782426778,0.0,0.09205020920502092,0.0,52.2,0.0,23.9,23.9,358,358.0,risk_degraded_threshold,0.75,False
dapper,variable,104,100.0,1000,21.518439904160722,33.92297556550541,34.71580596411837,34.944614204784195,24.19286560109536,0.0,0.727405744674525,0.7335000817049102,5675.0,5.675,5675.0,0.187,0.143,0.0,0.227,0.920704845814978,0.1762114537444934,0.04,0.7444933920704846,0.0,0.07929515418502203,0.0,63.0,0.0,22.7,14.299999999999999,297,297.0,risk_degraded_threshold,0.75,False
dapper,variable,105,100.0,1000,20.409246302565197,33.52133876628223,34.7773651787171,34.98077376103997,23.376413958481,0.0,0.726150768098847,0.7330994621409599,6100.0,6.1,6100.0,0.238,0.184,0.0,0.244,0.9467213114754098,0.1762295081967213,0.043,0.7704918032786885,0.0,0.05327868852459016,0.0,57.199999999999996,0.0,24.4,18.4,334,334.0,risk_degraded_threshold,0.75,False
dapper,variable,106,100.0,1000,21.621797773151822,33.5305156645498,34.67586933903363,34.993851868805095,24.252714976291177,0.0,0.7254470682295528,0.7321018092197896,5525.0,5.525,5525.0,0.174,0.135,0.0,0.221,0.9366515837104072,0.18099547511312217,0.04,0.755656108597285,0.0,0.06334841628959276,0.0,64.4,0.0,22.1,13.5,288,288.0,risk_degraded_threshold,0.75,False
dapper,variable,107,100.0,1000,20.234451338400376,33.6513949971422,34.722410045883045,34.98148819897819,22.468957915839745,0.0,0.7237161358789629,0.7289077856917393,4925.0,4.925,4925.0,0.254,0.194,0.0,0.197,0.9137055837563451,0.16751269035532995,0.033,0.7461928934010152,0.0,0.08629441624365482,0.0,60.9,0.0,19.7,19.400000000000002,293,293.0,risk_degraded_threshold,0.75,False
dapper,variable,108,100.0,1000,20.50931185101458,33.99159903353784,34.77692101060002,34.94872090187498,23.329859816156162,0.0,0.7260340756214905,0.7332294597530742,6000.0,6.0,6000.0,0.259,0.195,0.0,0.24,0.925,0.175,0.042,0.75,0.0,0.075,0.0,56.49999999999999,0.0,24.0,19.5,332,332.0,risk_degraded_threshold,0.75,False
dapper,variable,109,100.0,1000,21.210997956041414,33.76823065319891,34.76110730262953,34.98660651522982,23.060011675214664,0.0,0.7239038673745836,0.7281507289543079,5375.0,5.375,5375.0,0.203,0.156,0.0,0.215,0.9348837209302325,0.12558139534883722,0.027,0.8093023255813954,0.0,0.06511627906976744,0.0,62.9,0.0,21.5,15.6,311,311.0,risk_degraded_threshold,0.75,False
dapper,variable,110,100.0,1000,20.982663888093814,33.908831310824965,34.67822534775889,34.98146709760653,22.85841796982215,0.0,0.7252583766377324,0.7294279576298566,5500.0,5.5,5500.0,0.226,0.171,0.0,0.22,0.9181818181818182,0.12727272727272726,0.028,0.7909090909090909,0.0,0.08181818181818182,0.0,60.9,0.0,22.0,17.1,315,315.0,risk_degraded_threshold,0.75,False
dapper,variable,111,100.0,1000,21.16809675678184,33.79838354481562,34.723349040720166,34.97684653932659,23.915975824972563,0.0,0.7256479697289735,0.7320268540917734,6050.0,6.05,6050.0,0.215,0.165,0.0,0.242,0.9297520661157025,0.16942148760330578,0.041,0.7603305785123967,0.0,0.07024793388429752,0.0,59.3,0.0,24.2,16.5,310,310.0,risk_degraded_threshold,0.75,False
dapper,variable,112,100.0,1000,21.078172240720427,34.0565418294024,34.79412676903375,34.95854802039493,24.212262504548903,0.0,0.728773769620013,0.7356621447394286,6425.0,6.425,6425.0,0.215,0.162,0.0,0.257,0.9455252918287937,0.17898832684824903,0.046,0.7665369649805448,0.0,0.054474708171206226,0.0,58.099999999999994,0.0,25.7,16.2,324,324.0,risk_degraded_threshold,0.75,False
dapper,variable,113,100.0,1000,21.31694882499063,33.57682626381407,34.78843892853948,34.96829040868747,22.939955530397988,0.0,0.7264232866327129,0.7299965758384606,5800.0,5.8,5800.0,0.195,0.148,0.0,0.232,0.9396551724137931,0.10344827586206896,0.024,0.8362068965517241,0.0,0.0603448275862069,0.0,62.0,0.0,23.200000000000003,14.799999999999999,297,297.0,risk_degraded_threshold,0.75,False
dapper,variable,114,100.0,1000,19.67604199921086,33.53883646549626,34.61117657596823,34.99588156157893,21.825388136836153,0.0,0.7223593713543665,0.7273502718546296,4450.0,4.45,4450.0,0.265,0.204,0.0,0.178,0.9044943820224719,0.1797752808988764,0.032,0.7247191011235955,0.0,0.09550561797752809,0.0,61.8,0.0,17.8,20.4,331,331.0,risk_degraded_threshold,0.75,False
dapper,variable,115,100.0,1000,21.574672548111323,33.364621656107765,34.626745067103904,34.87718954629805,24.665342545165135,0.0,0.7231527813269875,0.7306566370077305,5350.0,5.35,5350.0,0.171,0.132,0.0,0.214,0.9065420560747663,0.2102803738317757,0.045,0.6962616822429907,0.0,0.09345794392523364,0.0,65.4,0.0,21.4,13.200000000000001,282,282.0,risk_degraded_threshold,0.75,False
dapper,variable,116,100.0,1000,20.906294903309245,33.98344969197258,34.76841725790863,34.94714462527301,22.74212994365831,0.0,0.7290119598437401,0.7338571453007148,4900.0,4.9,4900.0,0.236,0.181,0.0,0.196,0.9336734693877551,0.1377551020408163,0.027,0.7959183673469388,0.0,0.0663265306122449,0.0,62.3,0.0,19.6,18.099999999999998,288,288.0,risk_degraded_threshold,0.75,False
dapper,variable,117,100.0,1000,22.79278973468874,34.240173789397694,34.82080355680936,34.990866631104254,24.372803158761158,0.0,0.7236089220200427,0.7273205153550273,6150.0,6.15,6150.0,0.131,0.099,0.0,0.246,0.9146341463414634,0.09349593495934959,0.023,0.8211382113821138,0.0,0.08536585365853659,0.0,65.5,0.0,24.6,9.9,294,294.0,risk_degraded_threshold,0.75,False
dapper,variable,118,100.0,1000,21.261636132643194,33.51310316081959,34.400172701004855,34.868091607089696,24.857389495861092,0.0,0.7252176136214916,0.7333152836608016,6650.0,6.65,6650.0,0.191,0.146,0.0,0.266,0.9323308270676691,0.19548872180451127,0.052,0.7368421052631579,0.0,0.06766917293233082,0.0,58.8,0.0,26.6,14.6,318,318.0,risk_degraded_threshold,0.75,False
dapper,variable,119,100.0,1000,21.014738694675003,33.65904383541709,34.57959716197339,34.99635852821138,23.784886612310977,0.0,0.7246782245108351,0.7316367645275803,5900.0,5.9,5900.0,0.217,0.165,0.0,0.236,0.9279661016949152,0.17372881355932204,0.041,0.7542372881355932,0.0,0.07203389830508475,0.0,59.9,0.0,23.599999999999998,16.5,301,301.0,risk_degraded_threshold,0.75,False
dapper,variable,120,100.0,1000,21.652203797202326,33.96526001626422,34.71258654891299,34.99491157025027,24.172457436631948,0.0,0.7236302032790113,0.7299100935256569,7075.0,7.075,7075.0,0.178,0.133,0.0,0.283,0.9399293286219081,0.13074204946996468,0.037,0.8091872791519434,0.0,0.06007067137809187,0.0,58.4,0.0,28.299999999999997,13.3,317,317.0,risk_degraded_threshold,0.75,False
dapper,variable,121,100.0,1000,20.769854338698046,33.76407787463392,34.80089032279628,34.994688323129196,24.68125200719413,0.0,0.7246801812954811,0.7345887093906228,6775.0,6.775,6775.0,0.217,0.168,0.0,0.271,0.948339483394834,0.2140221402214022,0.058,0.7343173431734318,0.0,0.05166051660516605,0.0,56.10000000000001,0.0,27.1,16.8,311,311.0,risk_degraded_threshold,0.75,False
dapper,variable,122,100.0,1000,21.16350775983448,33.694416258508085,34.631522901173106,34.97317679379236,24.26295773985177,0.0,0.7270704428833787,0.7339893009539761,5650.0,5.65,5650.0,0.196,0.15,0.0,0.226,0.9557522123893806,0.19911504424778761,0.045,0.7566371681415929,0.0,0.04424778761061947,0.0,62.4,0.0,22.6,15.0,310,310.0,risk_degraded_threshold,0.75,False
dapper,variable,123,100.0,1000,21.141639097235224,33.79103353765298,34.79488657343286,34.98222422308634,23.229844990129337,0.0,0.7283106253308629,0.7340685729442107,5550.0,5.55,5550.0,0.213,0.162,0.0,0.222,0.9369369369369369,0.14414414414414414,0.032,0.7927927927927928,0.0,0.06306306306306306,0.0,61.6,0.0,22.2,16.2,314,314.0,risk_degraded_threshold,0.75,False
dapper,variable,124,100.0,1000,21.732988484636902,33.61582768332837,34.67732058291188,34.996246009129095,23.750766552712175,0.0,0.7242599698219147,0.7290090601287487,6700.0,6.7,6700.0,0.169,0.132,0.0,0.268,0.8955223880597015,0.11194029850746269,0.03,0.7835820895522388,0.0,0.1044776119402985,0.0,60.0,0.0,26.8,13.200000000000001,338,338.0,risk_degraded_threshold,0.75,False
dapper,variable,125,100.0,1000,20.769788307085673,33.55572104656107,34.7780426012565,34.94952031560075,23.64318483654006,0.0,0.7246252838037862,0.7310543455649272,5925.0,5.925,5925.0,0.222,0.17,0.0,0.237,0.9409282700421941,0.17721518987341772,0.042,0.7637130801687764,0.0,0.05907172995780591,0.0,59.3,0.0,23.7,17.0,320,320.0,risk_degraded_threshold,0.75,False
dapper,variable,126,100.0,1000,21.1478810158433,33.75159446968112,34.720173914570076,34.997585709381326,23.72466143080774,0.0,0.730137150017489,0.7363161985328225,5775.0,5.775,5775.0,0.21,0.163,0.0,0.231,0.9307359307359307,0.16883116883116883,0.039,0.7619047619047619,0.0,0.06926406926406926,0.0,60.6,0.0,23.1,16.3,315,315.0,risk_degraded_threshold,0.75,False
dapper,variable,127,100.0,1000,20.71779492129796,34.01155392391131,34.710521322396545,34.9805264786951,23.02161487856629,0.0,0.7255219403916765,0.7312200481640382,5750.0,5.75,5750.0,0.242,0.184,0.0,0.23,0.9521739130434783,0.14347826086956522,0.033,0.808695652173913,0.0,0.04782608695652174,0.0,58.599999999999994,0.0,23.0,18.4,327,327.0,risk_degraded_threshold,0.75,False
dapper,variable,128,100.0,1000,19.610045047259096,33.63444553862527,34.724924465655434,34.96530254190218,21.62536846392843,0.0,0.7261744085071619,0.7302855686295497,4475.0,4.475,4475.0,0.277,0.213,0.0,0.179,0.9162011173184358,0.16201117318435754,0.029,0.7541899441340782,0.0,0.08379888268156424,0.0,60.8,0.0,17.9,21.3,297,297.0,risk_degraded_threshold,0.75,False
dapper,variable,129,100.0,1000,21.042862199957614,33.95740515939866,34.77333674805944,34.967648156933706,23.1026692952386,0.0,0.7216920602775155,0.7266364366879909,5425.0,5.425,5425.0,0.226,0.174,0.0,0.217,0.9447004608294931,0.14746543778801843,0.032,0.7972350230414746,0.0,0.055299539170506916,0.0,60.9,0.0,21.7,17.4,310,310.0,risk_degraded_threshold,0.75,False
dapper,outage,100,100.0,1000,7.7868275519742,31.65903570840861,33.79126579937476,34.99545577037872,7.7868275519742,0.0,0.7295087958228632,0.7295087958228632,0.0,0.0,0.0,0.95,0.713,0.0,0.0,0.0,0.0,0.0,0.0,0.0,0.0,0.0,27.0,0.0,0.0,73.0,482,482.0,risk_degraded_threshold,0.75,False
dapper,outage,101,100.0,1000,8.26855263132205,31.865038165588775,34.30174756793631,34.94450915915627,8.26855263132205,0.0,0.7272222053284488,0.7272222053284488,0.0,0.0,0.0,0.938,0.707,0.0,0.0,0.0,0.0,0.0,0.0,0.0,0.0,0.0,28.1,0.0,0.0,71.89999999999999,484,484.0,risk_degraded_threshold,0.75,False
dapper,outage,102,100.0,1000,8.068754227405998,31.84242010842933,34.5452629326959,34.98162652146018,8.068754227405998,0.0,0.72115364429387,0.72115364429387,0.0,0.0,0.0,0.947,0.708,0.0,0.0,0.0,0.0,0.0,0.0,0.0,0.0,0.0,27.200000000000003,0.0,0.0,72.8,478,478.0,risk_degraded_threshold,0.75,False
dapper,outage,103,100.0,1000,7.8413858219259405,31.755021744666657,34.63214523272188,34.98947525596243,7.8413858219259405,0.0,0.7275298373562946,0.7275298373562946,0.0,0.0,0.0,0.96,0.717,0.0,0.0,0.0,0.0,0.0,0.0,0.0,0.0,0.0,26.5,0.0,0.0,73.5,474,474.0,risk_degraded_threshold,0.75,False
dapper,outage,104,100.0,1000,8.044531402231494,31.52779383974357,34.41215090062751,34.97633437705056,8.044531402231494,0.0,0.7239586167327813,0.7239586167327813,0.0,0.0,0.0,0.952,0.708,0.0,0.0,0.0,0.0,0.0,0.0,0.0,0.0,0.0,27.800000000000004,0.0,0.0,72.2,475,475.0,risk_degraded_threshold,0.75,False
dapper,outage,105,100.0,1000,7.900854023928669,31.297789072157283,34.25741039194792,34.99010808535235,7.900854023928669,0.0,0.7242933649880403,0.7242933649880403,0.0,0.0,0.0,0.959,0.715,0.0,0.0,0.0,0.0,0.0,0.0,0.0,0.0,0.0,26.900000000000002,0.0,0.0,73.1,470,470.0,risk_degraded_threshold,0.75,False
dapper,outage,106,100.0,1000,7.826929774703511,31.438214805655555,34.36176073384123,34.964850295506736,7.826929774703511,0.0,0.7244372696221565,0.7244372696221565,0.0,0.0,0.0,0.947,0.715,0.0,0.0,0.0,0.0,0.0,0.0,0.0,0.0,0.0,26.5,0.0,0.0,73.5,476,476.0,risk_degraded_threshold,0.75,False
dapper,outage,107,100.0,1000,7.947011976634754,31.959307762217968,34.39018497885919,34.99112443015811,7.947011976634754,0.0,0.7245216229433659,0.7245216229433659,0.0,0.0,0.0,0.958,0.713,0.0,0.0,0.0,0.0,0.0,0.0,0.0,0.0,0.0,26.8,0.0,0.0,73.2,472,472.0,risk_degraded_threshold,0.75,False
dapper,outage,108,100.0,1000,7.981255849671831,32.0392133078264,34.1908070309717,34.767191938502904,7.981255849671831,0.0,0.7231217891087562,0.7231217891087562,0.0,0.0,0.0,0.95,0.713,0.0,0.0,0.0,0.0,0.0,0.0,0.0,0.0,0.0,27.3,0.0,0.0,72.7,475,475.0,risk_degraded_threshold,0.75,False
dapper,outage,109,100.0,1000,7.882742194371863,31.333444632705103,34.22128411616697,34.89323371936709,7.882742194371863,0.0,0.7230181171311101,0.7230181171311101,0.0,0.0,0.0,0.955,0.716,0.0,0.0,0.0,0.0,0.0,0.0,0.0,0.0,0.0,26.900000000000002,0.0,0.0,73.1,486,486.0,risk_degraded_threshold,0.75,False
dapper,outage,110,100.0,1000,7.821777068459874,31.67043492458134,34.172232340732556,34.98118598130211,7.821777068459874,0.0,0.7215480807732674,0.7215480807732674,0.0,0.0,0.0,0.956,0.715,0.0,0.0,0.0,0.0,0.0,0.0,0.0,0.0,0.0,27.200000000000003,0.0,0.0,72.8,475,475.0,risk_degraded_threshold,0.75,False
dapper,outage,111,100.0,1000,7.788682182926322,31.396411668881825,34.34374065694303,34.986083609288876,7.788682182926322,0.0,0.7294334500310343,0.7294334500310343,0.0,0.0,0.0,0.957,0.717,0.0,0.0,0.0,0.0,0.0,0.0,0.0,0.0,0.0,26.3,0.0,0.0,73.7,471,471.0,risk_degraded_threshold,0.75,False
dapper,outage,112,100.0,1000,7.751286093008189,31.6292960558516,34.033991809405975,34.9537027609169,7.751286093008189,0.0,0.7268796266428694,0.7268796266428694,0.0,0.0,0.0,0.946,0.718,0.0,0.0,0.0,0.0,0.0,0.0,0.0,0.0,0.0,27.0,0.0,0.0,73.0,489,489.0,risk_degraded_threshold,0.75,False
dapper,outage,113,100.0,1000,7.566003927751859,30.851332435922636,34.45236729409328,34.97118437033218,7.566003927751859,0.0,0.7293231338760644,0.7293231338760644,0.0,0.0,0.0,0.968,0.719,0.0,0.0,0.0,0.0,0.0,0.0,0.0,0.0,0.0,26.400000000000002,0.0,0.0,73.6,485,485.0,risk_degraded_threshold,0.75,False
dapper,outage,114,100.0,1000,8.060178010393775,31.662287553533048,34.352894563033054,34.970921327373986,8.060178010393775,0.0,0.7261847007252543,0.7261847007252543,0.0,0.0,0.0,0.943,0.702,0.0,0.0,0.0,0.0,0.0,0.0,0.0,0.0,0.0,27.800000000000004,0.0,0.0,72.2,473,473.0,risk_degraded_threshold,0.75,False
dapper,outage,115,100.0,1000,7.707114961267667,30.374260991123503,34.08465620418518,34.97773855780493,7.707114961267667,0.0,0.7216537434607709,0.7216537434607709,0.0,0.0,0.0,0.946,0.716,0.0,0.0,0.0,0.0,0.0,0.0,0.0,0.0,0.0,26.400000000000002,0.0,0.0,73.6,475,475.0,risk_degraded_threshold,0.75,False
dapper,outage,116,100.0,1000,7.791194245388793,31.48931406498723,34.12576808924172,34.8019627534505,7.791194245388793,0.0,0.7267943030398415,0.7267943030398415,0.0,0.0,0.0,0.953,0.714,0.0,0.0,0.0,0.0,0.0,0.0,0.0,0.0,0.0,27.3,0.0,0.0,72.7,476,476.0,risk_degraded_threshold,0.75,False
dapper,outage,117,100.0,1000,8.26149763701249,31.951724509365153,34.60499279297485,34.94987091991031,8.26149763701249,0.0,0.7183764864830048,0.7183764864830048,0.0,0.0,0.0,0.921,0.697,0.0,0.0,0.0,0.0,0.0,0.0,0.0,0.0,0.0,28.299999999999997,0.0,0.0,71.7,483,483.0,risk_degraded_threshold,0.75,False
dapper,outage,118,100.0,1000,8.062716509555015,31.17735272051105,34.17541328798313,34.89637732357622,8.062716509555015,0.0,0.7205213612936625,0.7205213612936625,0.0,0.0,0.0,0.937,0.705,0.0,0.0,0.0,0.0,0.0,0.0,0.0,0.0,0.0,27.900000000000002,0.0,0.0,72.1,475,475.0,risk_degraded_threshold,0.75,False
dapper,outage,119,100.0,1000,8.169627309262255,32.14477334202121,34.35883061732579,34.70001459054177,8.169627309262255,0.0,0.7218330255258146,0.7218330255258146,0.0,0.0,0.0,0.955,0.708,0.0,0.0,0.0,0.0,0.0,0.0,0.0,0.0,0.0,27.800000000000004,0.0,0.0,72.2,477,477.0,risk_degraded_threshold,0.75,False
dapper,outage,120,100.0,1000,8.160846603799952,31.94846354128109,34.36435538871563,34.860804496778314,8.160846603799952,0.0,0.727951582413754,0.727951582413754,0.0,0.0,0.0,0.937,0.702,0.0,0.0,0.0,0.0,0.0,0.0,0.0,0.0,0.0,27.500000000000004,0.0,0.0,72.5,471,471.0,risk_degraded_threshold,0.75,False
dapper,outage,121,100.0,1000,8.088241810938007,32.19923544210894,34.37383366402953,34.8856072400352,8.088241810938007,0.0,0.7269401674964941,0.7269401674964941,0.0,0.0,0.0,0.95,0.713,0.0,0.0,0.0,0.0,0.0,0.0,0.0,0.0,0.0,27.1,0.0,0.0,72.89999999999999,470,470.0,risk_degraded_threshold,0.75,False
dapper,outage,122,100.0,1000,8.094742010790466,31.31987615348652,34.57600998968645,34.986643071399804,8.094742010790466,0.0,0.7227525134882298,0.7227525134882298,0.0,0.0,0.0,0.942,0.708,0.0,0.0,0.0,0.0,0.0,0.0,0.0,0.0,0.0,27.6,0.0,0.0,72.39999999999999,469,469.0,risk_degraded_threshold,0.75,False
dapper,outage,123,100.0,1000,8.007826341987979,31.37037277206782,33.86454518312228,34.93381679406212,8.007826341987979,0.0,0.7245731811201416,0.7245731811201416,0.0,0.0,0.0,0.946,0.71,0.0,0.0,0.0,0.0,0.0,0.0,0.0,0.0,0.0,27.1,0.0,0.0,72.89999999999999,477,477.0,risk_degraded_threshold,0.75,False
dapper,outage,124,100.0,1000,8.101897232752812,31.457514210057283,34.1965689538055,34.941792593643456,8.101897232752812,0.0,0.7287940738826317,0.7287940738826317,0.0,0.0,0.0,0.947,0.71,0.0,0.0,0.0,0.0,0.0,0.0,0.0,0.0,0.0,27.0,0.0,0.0,73.0,474,474.0,risk_degraded_threshold,0.75,False
dapper,outage,125,100.0,1000,7.890851332214584,31.072742830041392,34.44093272299383,34.97323235440945,7.890851332214584,0.0,0.7230149916504078,0.7230149916504078,0.0,0.0,0.0,0.947,0.708,0.0,0.0,0.0,0.0,0.0,0.0,0.0,0.0,0.0,27.500000000000004,0.0,0.0,72.5,461,461.0,risk_degraded_threshold,0.75,False
dapper,outage,126,100.0,1000,7.998493281737587,31.62838468974047,34.13997114445811,34.95989934345035,7.998493281737587,0.0,0.7252802155609661,0.7252802155609661,0.0,0.0,0.0,0.948,0.713,0.0,0.0,0.0,0.0,0.0,0.0,0.0,0.0,0.0,27.200000000000003,0.0,0.0,72.8,484,484.0,risk_degraded_threshold,0.75,False
dapper,outage,127,100.0,1000,7.9325417892314105,30.919428160845857,33.51139128521,34.75384005988377,7.9325417892314105,0.0,0.7283808214893558,0.7283808214893558,0.0,0.0,0.0,0.937,0.709,0.0,0.0,0.0,0.0,0.0,0.0,0.0,0.0,0.0,27.800000000000004,0.0,0.0,72.2,478,478.0,risk_degraded_threshold,0.75,False
dapper,outage,128,100.0,1000,7.874193932003353,30.937070781873906,34.15088761027033,34.96572059102459,7.874193932003353,0.0,0.7265470989954962,0.7265470989954962,0.0,0.0,0.0,0.95,0.713,0.0,0.0,0.0,0.0,0.0,0.0,0.0,0.0,0.0,26.900000000000002,0.0,0.0,73.1,471,471.0,risk_degraded_threshold,0.75,False
dapper,outage,129,100.0,1000,7.760871817313112,31.327879745966126,34.14295219456807,34.97529884555047,7.760871817313112,0.0,0.7236549728104829,0.7236549728104829,0.0,0.0,0.0,0.941,0.719,0.0,0.0,0.0,0.0,0.0,0.0,0.0,0.0,0.0,26.200000000000003,0.0,0.0,73.8,487,487.0,risk_degraded_threshold,0.75,False
dapper,stable,100,100.0,1000,25.279403323317702,33.96035223762113,34.73962355895296,34.988775105687154,51.53514833678389,0.0,0.7265268897628933,0.792417917211626,21350.0,21.35,21350.0,0.0,0.0,0.0,0.854,0.9918032786885246,0.4953161592505855,0.423,0.4964871194379391,0.0,0.00819672131147541,0.0,14.6,0.0,85.39999999999999,0.0,259,259.0,risk_degraded_threshold,0.8,False
dapper,stable,101,100.0,1000,24.820657080469697,33.96040511204254,34.788072376532675,34.99828909781833,53.53675771177409,0.0,0.7249338588619687,0.7978649635318986,21700.0,21.7,21700.0,0.0,0.0,0.0,0.868,0.9896313364055299,0.5288018433179723,0.459,0.4608294930875576,0.0,0.010368663594470046,0.0,13.200000000000001,0.0,86.8,0.0,231,231.0,risk_degraded_threshold,0.8,False
dapper,stable,102,100.0,1000,24.835880473076735,33.70682378335116,34.74818297607158,34.965240972972765,51.8627260021259,0.0,0.727324394359075,0.800034845226407,20900.0,20.9,20900.0,0.0,0.0,0.0,0.836,0.992822966507177,0.5263157894736842,0.44,0.4665071770334928,0.0,0.007177033492822967,0.0,16.400000000000002,0.0,83.6,0.0,284,284.0,risk_degraded_threshold,0.8,False
dapper,stable,103,100.0,1000,24.972078044518216,34.293187186352334,34.89307765319619,34.99802137082616,53.372703891643845,0.0,0.7236659440861409,0.7991290672988378,21525.0,21.525,21525.0,0.0,0.0,0.0,0.861,0.9883855981416957,0.5342624854819977,0.46,0.454123112659698,0.0,0.011614401858304297,0.0,13.900000000000002,0.0,86.1,0.0,237,237.0,risk_degraded_threshold,0.8,False
dapper,stable,104,100.0,1000,24.98622097286207,33.860115377670134,34.74837408619961,34.98656616097203,51.037343944723006,0.0,0.7240926018777877,0.7898578469524961,21900.0,21.9,21900.0,0.0,0.0,0.0,0.876,0.9920091324200914,0.4794520547945205,0.42,0.5125570776255708,0.0,0.007990867579908675,0.0,12.4,0.0,87.6,0.0,220,220.0,risk_degraded_threshold,0.8,False
dapper,stable,105,100.0,1000,24.85634769037545,33.82025179084476,34.62504012903672,34.93314580405199,51.59710330911793,0.0,0.7262361051095783,0.7959250227091806,21250.0,21.25,21250.0,0.0,0.0,0.0,0.85,0.9905882352941177,0.5105882352941177,0.434,0.48,0.0,0.009411764705882352,0.0,15.0,0.0,85.0,0.0,256,256.0,risk_degraded_threshold,0.8,False
dapper,stable,106,100.0,1000,24.716410963251104,33.86074949026578,34.68730165917939,34.933586993197196,52.69637342008328,0.0,0.7229428904328138,0.7962430814491968,21425.0,21.425,21425.0,0.0,0.0,0.0,0.857,0.9918319719953326,0.5227537922987164,0.448,0.4690781796966161,0.0,0.008168028004667444,0.0,14.299999999999999,0.0,85.7,0.0,252,252.0,risk_degraded_threshold,0.8,False
dapper,stable,107,100.0,1000,24.88557902804772,33.83424628214373,34.89267109559948,34.9936438529993,53.380353744565205,0.0,0.7245133185042392,0.7993133636844371,22025.0,22.025,22025.0,0.0,0.0,0.0,0.881,0.9886492622020431,0.5187287173666288,0.457,0.4699205448354143,0.0,0.011350737797956867,0.0,11.899999999999999,0.0,88.1,0.0,198,198.0,risk_degraded_threshold,0.8,False
dapper,stable,108,100.0,1000,25.235897183714567,34.2868707566229,34.87218349603604,34.989690121554816,51.92467360201944,0.0,0.7254394152220247,0.7967132376294662,21500.0,21.5,21500.0,0.0,0.0,0.0,0.86,0.9872093023255814,0.5023255813953489,0.432,0.4848837209302326,0.0,0.012790697674418604,0.0,14.000000000000002,0.0,86.0,0.0,231,231.0,risk_degraded_threshold,0.8,False
dapper,stable,109,100.0,1000,25.268964708760926,34.15910526808331,34.79620852522923,34.94284900848466,51.53790445445115,0.0,0.7225069831603355,0.7908717000411818,21775.0,21.775,21775.0,0.0,0.0,0.0,0.871,0.9850746268656716,0.4845005740528129,0.422,0.5005740528128588,0.0,0.014925373134328358,0.0,12.9,0.0,87.1,0.0,228,228.0,risk_degraded_threshold,0.8,False
dapper,stable,110,100.0,1000,24.978043487255007,33.957417382454665,34.80033649104111,34.99011804008187,51.64725260956925,0.0,0.7239727698806182,0.7935801521646344,21400.0,21.4,21400.0,0.0,0.0,0.0,0.856,0.985981308411215,0.5035046728971962,0.431,0.4824766355140187,0.0,0.014018691588785047,0.0,14.399999999999999,0.0,85.6,0.0,261,261.0,risk_degraded_threshold,0.8,False
dapper,stable,111,100.0,1000,25.491345575881343,33.99942489704205,34.77294614292747,34.98882482505357,52.77932606666301,0.0,0.7264559107913696,0.7988751227250941,20975.0,20.975,20975.0,0.0,0.0,0.0,0.839,0.9916567342073898,0.5256257449344458,0.441,0.466030989272944,0.0,0.00834326579261025,0.0,16.1,0.0,83.89999999999999,0.0,276,276.0,risk_degraded_threshold,0.8,False
dapper,stable,112,100.0,1000,25.044635098675773,33.93678625080242,34.80594764992258,34.978994945141224,52.774438295965986,0.0,0.7245903067601731,0.7942867336915719,21700.0,21.7,21700.0,0.0,0.0,0.0,0.868,0.9919354838709677,0.5103686635944701,0.443,0.4815668202764977,0.0,0.008064516129032258,0.0,13.200000000000001,0.0,86.8,0.0,220,220.0,risk_degraded_threshold,0.8,False
dapper,stable,113,100.0,1000,24.924957379086543,33.92528008813723,34.852479041190236,34.99387303551587,50.565197370598845,0.0,0.725184772552611,0.7910288053494875,21600.0,21.6,21600.0,0.0,0.0,0.0,0.864,0.9826388888888888,0.48032407407407407,0.415,0.5023148148148148,0.0,0.017361111111111112,0.0,13.600000000000001,0.0,86.4,0.0,239,239.0,risk_degraded_threshold,0.8,False
dapper,stable,114,100.0,1000,25.128438548268,33.86993382489312,34.786318253661975,34.99771913787838,53.866453690073165,0.0,0.7237524930795687,0.7977940224588013,21900.0,21.9,21900.0,0.0,0.0,0.0,0.876,0.9908675799086758,0.5308219178082192,0.465,0.4600456621004566,0.0,0.0091324200913242,0.0,12.4,0.0,87.6,0.0,214,214.0,risk_degraded_threshold,0.8,False
dapper,stable,115,100.0,1000,25.094705607799348,34.162413089123824,34.74465384721523,34.970565607066455,51.94937303752475,0.0,0.7245886848920773,0.7944537871206474,21750.0,21.75,21750.0,0.0,0.0,0.0,0.87,0.9873563218390805,0.5011494252873563,0.436,0.4862068965517241,0.0,0.01264367816091954,0.0,13.0,0.0,87.0,0.0,219,219.0,risk_degraded_threshold,0.8,False
dapper,stable,116,100.0,1000,25.028301912688907,34.05041769477859,34.88445460350265,34.99403448766891,54.211607535281885,0.0,0.7244573126145593,0.798391101095973,21750.0,21.75,21750.0,0.0,0.0,0.0,0.87,0.9942528735632183,0.5448275862068965,0.474,0.4494252873563218,0.0,0.005747126436781609,0.0,13.0,0.0,87.0,0.0,221,221.0,risk_degraded_threshold,0.8,False
dapper,stable,117,100.0,1000,24.997182216762514,33.94211020128963,34.806950360419165,34.98156739475102,51.94396103000347,0.0,0.7238166310991714,0.7935256482510197,21850.0,21.85,21850.0,0.0,0.0,0.0,0.874,0.9862700228832952,0.4897025171624714,0.428,0.4965675057208238,0.0,0.013729977116704805,0.0,12.6,0.0,87.4,0.0,226,226.0,risk_degraded_threshold,0.8,False
dapper,stable,118,100.0,1000,25.026589048763064,34.146334679362305,34.835239525322194,34.964244111574146,52.20873167600773,0.0,0.7280528994609765,0.7960765304196257,21475.0,21.475,21475.0,0.0,0.0,0.0,0.859,0.9906868451688009,0.5075669383003493,0.436,0.4831199068684517,0.0,0.009313154831199068,0.0,14.099999999999998,0.0,85.9,0.0,244,244.0,risk_degraded_threshold,0.8,False
dapper,stable,119,100.0,1000,24.80107188012856,34.00280379558126,34.81754573602827,34.936826663719394,53.78667209236602,0.0,0.7243707963012889,0.799875204249307,21925.0,21.925,21925.0,0.0,0.0,0.0,0.877,0.9874572405929305,0.5324971493728621,0.467,0.4549600912200684,0.0,0.012542759407069556,0.0,12.3,0.0,87.7,0.0,228,228.0,risk_degraded_threshold,0.8,False
dapper,stable,120,100.0,1000,25.000139802139184,33.83887438020657,34.75482963071029,34.96519781982063,52.586658253654925,0.0,0.7247996031934949,0.7950348677637523,21800.0,21.8,21800.0,0.0,0.0,0.0,0.872,0.9839449541284404,0.5103211009174312,0.445,0.4736238532110092,0.0,0.016055045871559634,0.0,12.8,0.0,87.2,0.0,212,212.0,risk_degraded_threshold,0.8,False
dapper,stable,121,100.0,1000,24.870142370806825,34.08802278656587,34.79782372711737,34.96061084968983,51.218892289603616,0.0,0.7235062491591376,0.7917923991779289,21800.0,21.8,21800.0,0.0,0.0,0.0,0.872,0.9862385321100917,0.48394495412844035,0.422,0.5022935779816514,0.0,0.013761467889908258,0.0,12.8,0.0,87.2,0.0,219,219.0,risk_degraded_threshold,0.8,False
dapper,stable,122,100.0,1000,24.829111935230273,33.958468133447,34.74506049633189,34.924143640943036,53.271418624119164,0.0,0.7259117747422895,0.7982645293058339,21950.0,21.95,21950.0,0.0,0.0,0.0,0.878,0.9886104783599089,0.5148063781321185,0.452,0.47380410022779046,0.0,0.011389521640091117,0.0,12.2,0.0,87.8,0.0,200,200.0,risk_degraded_threshold,0.8,False
dapper,stable,123,100.0,1000,25.35470141463279,34.01400394209814,34.728637206489786,34.90743937957425,51.64158095400979,0.0,0.7231039957478556,0.7928850748486099,22225.0,22.225,22225.0,0.0,0.0,0.0,0.889,0.9820022497187851,0.4769403824521935,0.424,0.5050618672665916,0.0,0.01799775028121485,0.0,11.1,0.0,88.9,0.0,196,196.0,risk_degraded_threshold,0.8,False
dapper,stable,124,100.0,1000,25.00583269004324,34.03261405514325,34.80612955591713,34.95256595801938,50.8126236179597,0.0,0.7270004160651047,0.7942088997255117,21000.0,21.0,21000.0,0.0,0.0,0.0,0.84,0.9928571428571429,0.49642857142857144,0.417,0.49642857142857144,0.0,0.007142857142857143,0.0,16.0,0.0,84.0,0.0,280,280.0,risk_degraded_threshold,0.8,False
dapper,stable,125,100.0,1000,24.9867591189863,33.982185709447386,34.8021659840167,34.99165214842439,53.959249959158115,0.0,0.7268533605073024,0.7989657788847586,21650.0,21.65,21650.0,0.0,0.0,0.0,0.866,0.9919168591224018,0.5323325635103926,0.461,0.45958429561200925,0.0,0.008083140877598153,0.0,13.4,0.0,86.6,0.0,238,238.0,risk_degraded_threshold,0.8,False
dapper,stable,126,100.0,1000,24.628886386363657,33.70638744138536,34.672811784104226,34.983867296625746,53.134621864449656,0.0,0.726794351381784,0.8009463128693688,21175.0,21.175,21175.0,0.0,0.0,0.0,0.847,0.9881936245572609,0.5419126328217237,0.459,0.4462809917355372,0.0,0.011806375442739079,0.0,15.299999999999999,0.0,84.7,0.0,252,252.0,risk_degraded_threshold,0.8,False
dapper,stable,127,100.0,1000,25.164646066804526,34.17312143282042,34.80106095916998,34.970740898815485,54.30743225703345,0.0,0.7237258806201099,0.7969399991420358,22125.0,22.125,22125.0,0.0,0.0,0.0,0.885,0.9909604519774011,0.5276836158192091,0.467,0.4632768361581921,0.0,0.00903954802259887,0.0,11.5,0.0,88.5,0.0,207,207.0,risk_degraded_threshold,0.8,False
dapper,stable,128,100.0,1000,25.178185128090664,33.92859815320874,34.67968897440042,34.972660274630584,53.589153958153254,0.0,0.7271450910033325,0.7988558762020542,21425.0,21.425,21425.0,0.0,0.0,0.0,0.857,0.9836639439906651,0.5309218203033839,0.455,0.45274212368728123,0.0,0.01633605600933489,0.0,14.299999999999999,0.0,85.7,0.0,237,237.0,risk_degraded_threshold,0.8,False
dapper,stable,129,100.0,1000,25.217209562918274,34.07064808785484,34.83459462785327,34.9933571344785,53.065152250426124,0.0,0.722736266433297,0.7957788932941594,21825.0,21.825,21825.0,0.0,0.0,0.0,0.873,0.9896907216494846,0.5131729667812142,0.448,0.4765177548682703,0.0,0.010309278350515464,0.0,12.7,0.0,87.3,0.0,214,214.0,risk_degraded_threshold,0.8,False
dapper,congested,100,100.0,1000,24.931615048786146,33.928407620489025,34.77556075006328,34.97404020175507,24.931615048786146,0.0,0.7231503929045445,0.7231503929045445,0.0,0.0,0.0,0.0,0.0,0.0,0.0,0.0,0.0,0.0,0.0,0.0,0.0,0.0,100.0,0.0,0.0,0.0,0,0.0,risk_degraded_threshold,0.8,False
dapper,congested,101,100.0,1000,25.188437717504375,34.03466107987438,34.84243479054015,34.99327875607795,25.188437717504375,0.0,0.7240147265422211,0.7240147265422211,0.0,0.0,0.0,0.0,0.0,0.0,0.0,0.0,0.0,0.0,0.0,0.0,0.0,0.0,100.0,0.0,0.0,0.0,0,0.0,risk_degraded_threshold,0.8,False
dapper,congested,102,100.0,1000,25.03548939727799,33.96479457393766,34.69588731781126,34.989536221406055,25.03548939727799,0.0,0.7265290036152598,0.7265290036152598,0.0,0.0,0.0,0.0,0.0,0.0,0.0,0.0,0.0,0.0,0.0,0.0,0.0,0.0,100.0,0.0,0.0,0.0,0,0.0,risk_degraded_threshold,0.8,False
dapper,congested,103,100.0,1000,25.03328827891089,34.09454856492267,34.78542999553827,34.985893217625524,25.03328827891089,0.0,0.7249975495254066,0.7249975495254066,0.0,0.0,0.0,0.0,0.0,0.0,0.0,0.0,0.0,0.0,0.0,0.0,0.0,0.0,100.0,0.0,0.0,0.0,0,0.0,risk_degraded_threshold,0.8,False
dapper,congested,104,100.0,1000,24.969774547081954,33.81394766067372,34.81048977789511,34.94578824107255,24.969774547081954,0.0,0.7273630134211108,0.7273630134211108,0.0,0.0,0.0,0.0,0.0,0.0,0.0,0.0,0.0,0.0,0.0,0.0,0.0,0.0,100.0,0.0,0.0,0.0,0,0.0,risk_degraded_threshold,0.8,False
dapper,congested,105,100.0,1000,24.881530354040223,34.02785562253984,34.86009343610894,34.98145078352877,24.881530354040223,0.0,0.7241433821596263,0.7241433821596263,25.0,0.025,25.0,0.0,0.0,0.0,0.001,1.0,0.0,0.0,1.0,0.0,0.0,0.0,99.9,0.0,0.1,0.0,2,2.0,risk_degraded_threshold,0.8,False
dapper,congested,106,100.0,1000,24.9413023153378,33.98450796903268,34.753821099438774,34.98979405154197,24.9413023153378,0.0,0.7260421946156992,0.7260421946156992,0.0,0.0,0.0,0.0,0.0,0.0,0.0,0.0,0.0,0.0,0.0,0.0,0.0,0.0,100.0,0.0,0.0,0.0,0,0.0,risk_degraded_threshold,0.8,False
dapper,congested,107,100.0,1000,24.886925897119337,33.88426057014752,34.77470672268729,34.998762184541775,24.886925897119337,0.0,0.7258328653791636,0.7258328653791636,0.0,0.0,0.0,0.0,0.0,0.0,0.0,0.0,0.0,0.0,0.0,0.0,0.0,0.0,100.0,0.0,0.0,0.0,0,0.0,risk_degraded_threshold,0.8,False
dapper,congested,108,100.0,1000,25.12572335979201,33.943119032195405,34.814499351033405,34.99655745974279,25.12572335979201,0.0,0.7241104019978909,0.7241104019978909,0.0,0.0,0.0,0.0,0.0,0.0,0.0,0.0,0.0,0.0,0.0,0.0,0.0,0.0,100.0,0.0,0.0,0.0,0,0.0,risk_degraded_threshold,0.8,False
dapper,congested,109,100.0,1000,25.037194206353533,33.93181537323021,34.785030538309286,34.98925809716232,25.037194206353533,0.0,0.7232170518910273,0.7232170518910273,0.0,0.0,0.0,0.0,0.0,0.0,0.0,0.0,0.0,0.0,0.0,0.0,0.0,0.0,100.0,0.0,0.0,0.0,0,0.0,risk_degraded_threshold,0.8,False
dapper,congested,110,100.0,1000,24.809401201588823,33.71973175922034,34.60151524624712,34.90888622322395,24.809401201588823,0.0,0.7246041378695668,0.7246041378695668,0.0,0.0,0.0,0.0,0.0,0.0,0.0,0.0,0.0,0.0,0.0,0.0,0.0,0.0,100.0,0.0,0.0,0.0,0,0.0,risk_degraded_threshold,0.8,False
dapper,congested,111,100.0,1000,25.119606788303717,34.001774933641265,34.74455155405684,34.96241421096305,25.119606788303717,0.0,0.725386178810248,0.725386178810248,0.0,0.0,0.0,0.0,0.0,0.0,0.0,0.0,0.0,0.0,0.0,0.0,0.0,0.0,100.0,0.0,0.0,0.0,0,0.0,risk_degraded_threshold,0.8,False
dapper,congested,112,100.0,1000,25.185269217607274,33.90095224371657,34.76580213455383,34.985906989642146,25.185269217607274,0.0,0.7266896434568639,0.7266896434568639,0.0,0.0,0.0,0.0,0.0,0.0,0.0,0.0,0.0,0.0,0.0,0.0,0.0,0.0,100.0,0.0,0.0,0.0,0,0.0,risk_degraded_threshold,0.8,False
dapper,congested,113,100.0,1000,24.906335043070264,33.941743755105556,34.77247181035648,34.98424994294581,24.906335043070264,0.0,0.7265627615919971,0.7265627615919971,0.0,0.0,0.0,0.0,0.0,0.0,0.0,0.0,0.0,0.0,0.0,0.0,0.0,0.0,100.0,0.0,0.0,0.0,0,0.0,risk_degraded_threshold,0.8,False
dapper,congested,114,100.0,1000,25.106436885026124,33.99518413696301,34.87476614646897,34.96282987218834,25.106436885026124,0.0,0.7286951154525153,0.7286951154525153,0.0,0.0,0.0,0.0,0.0,0.0,0.0,0.0,0.0,0.0,0.0,0.0,0.0,0.0,100.0,0.0,0.0,0.0,0,0.0,risk_degraded_threshold,0.8,False
dapper,congested,115,100.0,1000,25.22862077033868,34.01033183391731,34.751795785617006,34.96593743598228,25.22862077033868,0.0,0.7228431329922943,0.7228431329922943,0.0,0.0,0.0,0.0,0.0,0.0,0.0,0.0,0.0,0.0,0.0,0.0,0.0,0.0,100.0,0.0,0.0,0.0,0,0.0,risk_degraded_threshold,0.8,False
dapper,congested,116,100.0,1000,25.532666746770744,33.96456327797874,34.77240430108412,34.9771698353159,25.532666746770744,0.0,0.725945101429929,0.725945101429929,0.0,0.0,0.0,0.0,0.0,0.0,0.0,0.0,0.0,0.0,0.0,0.0,0.0,0.0,100.0,0.0,0.0,0.0,0,0.0,risk_degraded_threshold,0.8,False
dapper,congested,117,100.0,1000,24.586721544902087,33.766185707586004,34.70675091481512,34.994340946660934,24.586721544902087,0.0,0.7255476583450682,0.7255476583450682,25.0,0.025,25.0,0.0,0.0,0.0,0.001,1.0,0.0,0.0,1.0,0.0,0.0,0.0,99.9,0.0,0.1,0.0,2,2.0,risk_degraded_threshold,0.8,False
dapper,congested,118,100.0,1000,25.162494743028066,34.01490807545646,34.75940662114508,34.968506891824205,25.162494743028066,0.0,0.7267436342489003,0.7267436342489003,0.0,0.0,0.0,0.0,0.0,0.0,0.0,0.0,0.0,0.0,0.0,0.0,0.0,0.0,100.0,0.0,0.0,0.0,0,0.0,risk_degraded_threshold,0.8,False
dapper,congested,119,100.0,1000,25.33798431808029,33.930297923071485,34.79939395844596,34.97944595589328,25.33798431808029,0.0,0.7233345714577454,0.7233345714577454,0.0,0.0,0.0,0.0,0.0,0.0,0.0,0.0,0.0,0.0,0.0,0.0,0.0,0.0,100.0,0.0,0.0,0.0,0,0.0,risk_degraded_threshold,0.8,False
dapper,congested,120,100.0,1000,24.938916091364213,33.99634834863332,34.78821886321599,34.985958566309606,24.938916091364213,0.0,0.7244242831436923,0.7244242831436923,0.0,0.0,0.0,0.0,0.0,0.0,0.0,0.0,0.0,0.0,0.0,0.0,0.0,0.0,100.0,0.0,0.0,0.0,0,0.0,risk_degraded_threshold,0.8,False
dapper,congested,121,100.0,1000,24.80917420207108,33.750343569648706,34.75280697328194,34.996277370025744,24.80917420207108,0.0,0.7240164055794182,0.7240164055794182,0.0,0.0,0.0,0.0,0.0,0.0,0.0,0.0,0.0,0.0,0.0,0.0,0.0,0.0,100.0,0.0,0.0,0.0,0,0.0,risk_degraded_threshold,0.8,False
dapper,congested,122,100.0,1000,24.869545093034485,33.85721546067485,34.770700984913006,34.91653465760954,24.869545093034485,0.0,0.7271559083016325,0.7271559083016325,0.0,0.0,0.0,0.0,0.0,0.0,0.0,0.0,0.0,0.0,0.0,0.0,0.0,0.0,100.0,0.0,0.0,0.0,0,0.0,risk_degraded_threshold,0.8,False
dapper,congested,123,100.0,1000,25.019147835962976,34.0068905091913,34.771507219222585,34.98883073588995,25.019147835962976,0.0,0.723120628404554,0.723120628404554,0.0,0.0,0.0,0.0,0.0,0.0,0.0,0.0,0.0,0.0,0.0,0.0,0.0,0.0,100.0,0.0,0.0,0.0,0,0.0,risk_degraded_threshold,0.8,False
dapper,congested,124,100.0,1000,24.84861311989367,33.78084958434015,34.66363593071505,34.94326242767353,24.84861311989367,0.0,0.7246412727356085,0.7246412727356085,0.0,0.0,0.0,0.0,0.0,0.0,0.0,0.0,0.0,0.0,0.0,0.0,0.0,0.0,100.0,0.0,0.0,0.0,0,0.0,risk_degraded_threshold,0.8,False
dapper,congested,125,100.0,1000,25.028806878728822,34.05786747219948,34.83418763630404,34.99974319601896,25.028806878728822,0.0,0.7225453340361464,0.7225453340361464,25.0,0.025,25.0,0.0,0.0,0.0,0.001,1.0,0.0,0.0,1.0,0.0,0.0,0.0,99.9,0.0,0.1,0.0,2,2.0,risk_degraded_threshold,0.8,False
dapper,congested,126,100.0,1000,25.01200503410485,33.97988585528562,34.774114294105054,34.99086328598782,25.01200503410485,0.0,0.7260325028592299,0.7260325028592299,0.0,0.0,0.0,0.0,0.0,0.0,0.0,0.0,0.0,0.0,0.0,0.0,0.0,0.0,100.0,0.0,0.0,0.0,0,0.0,risk_degraded_threshold,0.8,False
dapper,congested,127,100.0,1000,25.067778068181923,34.00531179234195,34.71031183612322,34.99801668883106,25.067778068181923,0.0,0.7239904038714414,0.7239904038714414,0.0,0.0,0.0,0.0,0.0,0.0,0.0,0.0,0.0,0.0,0.0,0.0,0.0,0.0,100.0,0.0,0.0,0.0,0,0.0,risk_degraded_threshold,0.8,False
dapper,congested,128,100.0,1000,24.85704421534759,34.08647701991846,34.783499539553866,34.99302751306131,24.85704421534759,0.0,0.7235741311250974,0.7235741311250974,0.0,0.0,0.0,0.0,0.0,0.0,0.0,0.0,0.0,0.0,0.0,0.0,0.0,0.0,100.0,0.0,0.0,0.0,0,0.0,risk_degraded_threshold,0.8,False
dapper,congested,129,100.0,1000,24.920063724669387,33.90591045177916,34.77957296022762,34.981958638619645,24.920063724669387,0.0,0.7225927676936471,0.7225927676936471,0.0,0.0,0.0,0.0,0.0,0.0,0.0,0.0,0.0,0.0,0.0,0.0,0.0,0.0,100.0,0.0,0.0,0.0,0,0.0,risk_degraded_threshold,0.8,False
dapper,lossy,100,100.0,1000,25.284238375351617,34.04718924628941,34.84826155800029,34.98907189172226,31.857325313088005,0.0,0.7261089761349956,0.7418683904352356,18000.0,18.0,18000.0,0.0,0.0,0.0,0.72,0.8111111111111111,0.13055555555555556,0.094,0.6805555555555556,0.0,0.18888888888888888,0.0,28.000000000000004,0.0,72.0,0.0,364,364.0,risk_degraded_threshold,0.8,False
dapper,lossy,101,100.0,1000,25.059527190349893,34.120642165867906,34.8265496982896,34.99538718567808,31.68360404093288,0.0,0.7233638220296621,0.7383227658545507,17675.0,17.675,17675.0,0.0,0.0,0.0,0.707,0.8330975954738331,0.13295615275813297,0.094,0.7001414427157001,0.0,0.1669024045261669,0.0,29.299999999999997,0.0,70.7,0.0,366,366.0,risk_degraded_threshold,0.8,False
dapper,lossy,102,100.0,1000,24.993003502753638,33.78557770295638,34.81151542684563,34.990087052311324,30.926238985640797,0.0,0.7247993890094673,0.7385327568542848,17225.0,17.225,17225.0,0.0,0.0,0.0,0.689,0.8113207547169812,0.12336719883889695,0.085,0.6879535558780842,0.0,0.18867924528301888,0.0,31.1,0.0,68.89999999999999,0.0,390,390.0,risk_degraded_threshold,0.8,False
dapper,lossy,103,100.0,1000,25.072925546868568,34.23372242321619,34.794279965090745,34.9768308072483,32.53725996440561,0.0,0.7255664298957895,0.7431153918263849,18675.0,18.675,18675.0,0.0,0.0,0.0,0.747,0.7991967871485943,0.14457831325301204,0.108,0.6546184738955824,0.0,0.20080321285140562,0.0,25.3,0.0,74.7,0.0,340,340.0,risk_degraded_threshold,0.8,False
dapper,lossy,104,100.0,1000,24.952721574773207,33.7641107522445,34.821547122134376,34.99174516374082,32.954498342235674,0.0,0.725270205207262,0.7428455742749839,18200.0,18.2,18200.0,0.0,0.0,0.0,0.728,0.8063186813186813,0.15796703296703296,0.115,0.6483516483516484,0.0,0.1936813186813187,0.0,27.200000000000003,0.0,72.8,0.0,362,362.0,risk_degraded_threshold,0.8,False
dapper,lossy,105,100.0,1000,25.095152971928933,33.826524025580916,34.67873591147265,34.99594666457182,31.650482579457197,0.0,0.7248747477212536,0.7392192203397958,18825.0,18.825,18825.0,0.0,0.0,0.0,0.753,0.8273572377158035,0.12350597609561753,0.093,0.703851261620186,0.0,0.17264276228419656,0.0,24.7,0.0,75.3,0.0,344,344.0,risk_degraded_threshold,0.8,False
dapper,lossy,106,100.0,1000,24.856568122610433,33.832964597231225,34.72189143706977,34.99784375073101,31.50890321788417,0.0,0.7235813767870335,0.7392206310961336,17800.0,17.8,17800.0,0.0,0.0,0.0,0.712,0.8539325842696629,0.13342696629213482,0.095,0.7205056179775281,0.0,0.14606741573033707,0.0,28.799999999999997,0.0,71.2,0.0,389,389.0,risk_degraded_threshold,0.8,False
dapper,lossy,107,100.0,1000,24.68158080592215,34.00414573371424,34.83973190471446,34.99325658145116,31.19660512918917,0.0,0.7241940517114336,0.7388308468489646,18025.0,18.025,18025.0,0.0,0.0,0.0,0.721,0.8099861303744799,0.1276005547850208,0.092,0.6823855755894591,0.0,0.1900138696255201,0.0,27.900000000000002,0.0,72.1,0.0,354,354.0,risk_degraded_threshold,0.8,False
dapper,lossy,108,100.0,1000,25.047265262517854,34.05795037600457,34.73288919337191,34.96757252768798,31.073612955374518,0.0,0.7235643813542582,0.7373909269007133,18325.0,18.325,18325.0,0.0,0.0,0.0,0.733,0.810368349249659,0.11732605729877217,0.086,0.6930422919508867,0.0,0.18963165075034105,0.0,26.700000000000003,0.0,73.3,0.0,364,364.0,risk_degraded_threshold,0.8,False
dapper,lossy,109,100.0,1000,24.775139056545807,34.049418286887835,34.7919194149339,34.94624843509132,31.96287960801317,0.0,0.7212325912059436,0.7383365724449257,18500.0,18.5,18500.0,0.0,0.0,0.0,0.74,0.827027027027027,0.13783783783783785,0.102,0.6891891891891891,0.0,0.17297297297297298,0.0,26.0,0.0,74.0,0.0,324,324.0,risk_degraded_threshold,0.8,False
dapper,lossy,110,100.0,1000,25.004520730247734,33.8683404853258,34.86997539103268,34.98456857838196,32.44878696120915,0.0,0.7268739784421301,0.7433964854715304,17950.0,17.95,17950.0,0.0,0.0,0.0,0.718,0.7813370473537604,0.14623955431754876,0.105,0.6350974930362117,0.0,0.21866295264623956,0.0,28.199999999999996,0.0,71.8,0.0,380,380.0,risk_degraded_threshold,0.8,False
dapper,lossy,111,100.0,1000,24.90307640535743,34.14835345167596,34.756755348825656,34.981698697795565,31.661618369672937,0.0,0.7248703254305311,0.7398456220643752,18200.0,18.2,18200.0,0.0,0.0,0.0,0.728,0.8008241758241759,0.1346153846153846,0.098,0.6662087912087912,0.0,0.19917582417582416,0.0,27.200000000000003,0.0,72.8,0.0,341,341.0,risk_degraded_threshold,0.8,False
dapper,lossy,112,100.0,1000,24.956367632930085,34.151123089835,34.870234716853815,34.962158450180866,32.0743115042331,0.0,0.7253954496233768,0.7418527868840668,18175.0,18.175,18175.0,0.0,0.0,0.0,0.727,0.797799174690509,0.14167812929848694,0.103,0.656121045392022,0.0,0.20220082530949107,0.0,27.3,0.0,72.7,0.0,342,342.0,risk_degraded_threshold,0.8,False
dapper,lossy,113,100.0,1000,25.11573781751927,34.14436127878192,34.867885766711,34.99782157537433,31.685721930267743,0.0,0.7254462125679975,0.7402162266401762,18625.0,18.625,18625.0,0.0,0.0,0.0,0.745,0.8053691275167785,0.1261744966442953,0.094,0.6791946308724832,0.0,0.19463087248322147,0.0,25.5,0.0,74.5,0.0,367,367.0,risk_degraded_threshold,0.8,False
dapper,lossy,114,100.0,1000,25.05695156474369,34.026649628584615,34.857774174382406,34.983091762156874,31.76472240386522,0.0,0.72440817275247,0.7393453718347903,17675.0,17.675,17675.0,0.0,0.0,0.0,0.707,0.8076379066478077,0.1371994342291372,0.097,0.6704384724186704,0.0,0.19236209335219237,0.0,29.299999999999997,0.0,70.7,0.0,359,359.0,risk_degraded_threshold,0.8,False
dapper,lossy,115,100.0,1000,24.76252752899427,34.140208891814694,34.85306689119638,34.992962372181864,31.597060228847266,0.0,0.7251726691219196,0.7398453016431278,17850.0,17.85,17850.0,0.0,0.0,0.0,0.714,0.7969187675070029,0.13725490196078433,0.098,0.6596638655462185,0.0,0.2030812324929972,0.0,28.599999999999998,0.0,71.39999999999999,0.0,380,380.0,risk_degraded_threshold,0.8,False
dapper,lossy,116,100.0,1000,24.951356764470432,33.914227978461774,34.857265543400885,34.99525986411179,32.60167100412868,0.0,0.7243445892890008,0.7428840823811076,17975.0,17.975,17975.0,0.0,0.0,0.0,0.719,0.8344923504867872,0.15577190542420027,0.112,0.6787204450625869,0.0,0.16550764951321278,0.0,28.1,0.0,71.89999999999999,0.0,382,382.0,risk_degraded_threshold,0.8,False
dapper,lossy,117,100.0,1000,25.037129912861214,33.9567672696681,34.764351269100246,34.996388970755305,30.05768402831528,0.0,0.726073452957747,0.7373350959476548,17900.0,17.9,17900.0,0.0,0.0,0.0,0.716,0.7988826815642458,0.1005586592178771,0.072,0.6983240223463687,0.0,0.2011173184357542,0.0,28.4,0.0,71.6,0.0,378,378.0,risk_degraded_threshold,0.8,False
dapper,lossy,118,100.0,1000,24.83203368389728,33.86314293776527,34.704566823658226,34.94197590424748,31.59642683182519,0.0,0.7277094589160901,0.742481456687588,17425.0,17.425,17425.0,0.0,0.0,0.0,0.697,0.8335724533715926,0.13916786226685796,0.097,0.6944045911047346,0.0,0.16642754662840745,0.0,30.3,0.0,69.69999999999999,0.0,402,402.0,risk_degraded_threshold,0.8,False
dapper,lossy,119,100.0,1000,25.22380561542694,34.16353447898527,34.88856396573517,34.993426719837316,32.113435816803424,0.0,0.72570145608929,0.7415107092676313,18600.0,18.6,18600.0,0.0,0.0,0.0,0.744,0.8198924731182796,0.13440860215053763,0.1,0.6854838709677419,0.0,0.18010752688172044,0.0,25.6,0.0,74.4,0.0,342,342.0,risk_degraded_threshold,0.8,False
dapper,lossy,120,100.0,1000,24.94356883456326,33.94762430607923,34.82126839451995,34.99480299428936,31.257672307205212,0.0,0.7242446744200584,0.7384825033900047,18075.0,18.075,18075.0,0.0,0.0,0.0,0.723,0.7980636237897649,0.12448132780082988,0.09,0.673582295988935,0.0,0.20193637621023514,0.0,27.700000000000003,0.0,72.3,0.0,366,366.0,risk_degraded_threshold,0.8,False
dapper,lossy,121,100.0,1000,24.890186762682326,33.9509837447526,34.75636721943252,34.9865485323475,32.77353024549474,0.0,0.7226738180182367,0.7410438719949963,18675.0,18.675,18675.0,0.0,0.0,0.0,0.747,0.821954484605087,0.1499330655957162,0.112,0.6720214190093708,0.0,0.17804551539491298,0.0,25.3,0.0,74.7,0.0,339,339.0,risk_degraded_threshold,0.8,False
dapper,lossy,122,100.0,1000,25.08579289471596,34.07524967583675,34.72465675884838,34.92311681265087,31.763246506243785,0.0,0.7253656451784852,0.7408740543618451,18550.0,18.55,18550.0,0.0,0.0,0.0,0.742,0.7951482479784366,0.1280323450134771,0.095,0.6671159029649596,0.0,0.20485175202156333,0.0,25.8,0.0,74.2,0.0,330,330.0,risk_degraded_threshold,0.8,False
dapper,lossy,123,100.0,1000,24.817178107343594,33.97858252982191,34.71884738710505,34.9640180768012,32.29314773222189,0.0,0.725177200048534,0.7433974475207357,17875.0,17.875,17875.0,0.0,0.0,0.0,0.715,0.8055944055944056,0.15244755244755245,0.109,0.6531468531468532,0.0,0.1944055944055944,0.0,28.499999999999996,0.0,71.5,0.0,380,380.0,risk_degraded_threshold,0.8,False
dapper,lossy,124,100.0,1000,25.144076835710404,34.0084817041087,34.82162623829404,34.999930978152555,33.825274803426076,0.0,0.7252006399861742,0.7459351026481479,18725.0,18.725,18725.0,0.0,0.0,0.0,0.749,0.835781041388518,0.16688918558077437,0.125,0.6688918558077437,0.0,0.16421895861148197,0.0,25.1,0.0,74.9,0.0,362,362.0,risk_degraded_threshold,0.8,False
dapper,lossy,125,100.0,1000,25.290207315525716,34.07810779324134,34.85987931432081,34.99675173862079,31.822242841358705,0.0,0.725008358044021,0.7393774547547449,17300.0,17.3,17300.0,0.0,0.0,0.0,0.692,0.8078034682080925,0.13872832369942195,0.096,0.6690751445086706,0.0,0.19219653179190752,0.0,30.8,0.0,69.19999999999999,0.0,374,374.0,risk_degraded_threshold,0.8,False
dapper,lossy,126,100.0,1000,25.012306557377276,34.01851118868758,34.87231873366858,34.99707928007821,32.11656113797526,0.0,0.7223553858756083,0.7383183297008713,18375.0,18.375,18375.0,0.0,0.0,0.0,0.735,0.8204081632653061,0.13877551020408163,0.102,0.6816326530612244,0.0,0.17959183673469387,0.0,26.5,0.0,73.5,0.0,354,354.0,risk_degraded_threshold,0.8,False
dapper,lossy,127,100.0,1000,24.933813775828348,34.03862120823819,34.851014551058256,34.985303846764054,32.69662669143229,0.0,0.7254720911704587,0.7435683780371112,18100.0,18.1,18100.0,0.0,0.0,0.0,0.724,0.7720994475138122,0.15469613259668508,0.112,0.6174033149171271,0.0,0.22790055248618785,0.0,27.6,0.0,72.39999999999999,0.0,373,373.0,risk_degraded_threshold,0.8,False
dapper,lossy,128,100.0,1000,25.361525346794913,34.112832194106765,34.722796126768856,34.99638466136344,32.25036818382081,0.0,0.7258146565752936,0.7414867988063029,17775.0,17.775,17775.0,0.0,0.0,0.0,0.711,0.8270042194092827,0.1420534458509142,0.101,0.6849507735583685,0.0,0.1729957805907173,0.0,28.9,0.0,71.1,0.0,399,399.0,risk_degraded_threshold,0.8,False
dapper,lossy,129,100.0,1000,24.956002553810663,34.060395492680186,34.85750602439408,34.980831653703675,31.49496513929532,0.0,0.7240405957959037,0.7388445901022926,18725.0,18.725,18725.0,0.0,0.0,0.0,0.749,0.8130841121495327,0.12550066755674233,0.094,0.6875834445927904,0.0,0.18691588785046728,0.0,25.1,0.0,74.9,0.0,351,351.0,risk_degraded_threshold,0.8,False
dapper,variable,100,100.0,1000,19.88432481747889,33.61420558459003,34.76027410675784,34.95054826151675,22.01190912714196,0.0,0.7259494975552994,0.730947903325514,5375.0,5.375,5375.0,0.282,0.214,0.0,0.215,0.9116279069767442,0.15348837209302327,0.033,0.7581395348837209,0.0,0.08837209302325581,0.0,57.099999999999994,0.0,21.5,21.4,338,338.0,risk_degraded_threshold,0.8,False
dapper,variable,101,100.0,1000,19.95785345569506,33.51859359353788,34.716729365681125,34.99816501848515,22.5143426760284,0.0,0.7274250735029988,0.7337157721815029,6025.0,6.025,6025.0,0.253,0.197,0.0,0.241,0.9294605809128631,0.15767634854771784,0.038,0.7717842323651453,0.0,0.07053941908713693,0.0,56.2,0.0,24.099999999999998,19.7,329,329.0,risk_degraded_threshold,0.8,False
dapper,variable,102,100.0,1000,21.834264010846912,33.952084801243224,34.85412725538718,34.995332379528136,24.658617128119847,0.0,0.7252911865625793,0.732400006905043,6075.0,6.075,6075.0,0.163,0.127,0.0,0.243,0.9012345679012346,0.1728395061728395,0.042,0.7283950617283951,0.0,0.09876543209876543,0.0,63.0,0.0,24.3,12.7,298,298.0,risk_degraded_threshold,0.8,False
dapper,variable,103,100.0,1000,19.512093113412188,33.581179869308166,34.6745142049723,34.99051342908312,21.536858533775952,0.0,0.7264145780785138,0.7316018841146493,5975.0,5.975,5975.0,0.315,0.239,0.0,0.239,0.9079497907949791,0.12552301255230125,0.03,0.7824267782426778,0.0,0.09205020920502092,0.0,52.2,0.0,23.9,23.9,358,358.0,risk_degraded_threshold,0.8,False
dapper,variable,104,100.0,1000,21.518439904160722,33.92297556550541,34.71580596411837,34.944614204784195,24.19286560109536,0.0,0.727405744674525,0.7335000817049102,5675.0,5.675,5675.0,0.187,0.143,0.0,0.227,0.920704845814978,0.1762114537444934,0.04,0.7444933920704846,0.0,0.07929515418502203,0.0,63.0,0.0,22.7,14.299999999999999,297,297.0,risk_degraded_threshold,0.8,False
dapper,variable,105,100.0,1000,20.409246302565197,33.52133876628223,34.7773651787171,34.98077376103997,23.376413958481,0.0,0.726150768098847,0.7330994621409599,6100.0,6.1,6100.0,0.238,0.184,0.0,0.244,0.9467213114754098,0.1762295081967213,0.043,0.7704918032786885,0.0,0.05327868852459016,0.0,57.199999999999996,0.0,24.4,18.4,334,334.0,risk_degraded_threshold,0.8,False
dapper,variable,106,100.0,1000,21.621797773151822,33.5305156645498,34.67586933903363,34.993851868805095,24.252714976291177,0.0,0.7254470682295528,0.7321018092197896,5525.0,5.525,5525.0,0.174,0.135,0.0,0.221,0.9366515837104072,0.18099547511312217,0.04,0.755656108597285,0.0,0.06334841628959276,0.0,64.4,0.0,22.1,13.5,288,288.0,risk_degraded_threshold,0.8,False
dapper,variable,107,100.0,1000,20.234451338400376,33.6513949971422,34.722410045883045,34.98148819897819,22.468957915839745,0.0,0.7237161358789629,0.7289077856917393,4925.0,4.925,4925.0,0.254,0.194,0.0,0.197,0.9137055837563451,0.16751269035532995,0.033,0.7461928934010152,0.0,0.08629441624365482,0.0,60.9,0.0,19.7,19.400000000000002,293,293.0,risk_degraded_threshold,0.8,False
dapper,variable,108,100.0,1000,20.50931185101458,33.99159903353784,34.77692101060002,34.94872090187498,23.329859816156162,0.0,0.7260340756214905,0.7332294597530742,6000.0,6.0,6000.0,0.259,0.195,0.0,0.24,0.925,0.175,0.042,0.75,0.0,0.075,0.0,56.49999999999999,0.0,24.0,19.5,332,332.0,risk_degraded_threshold,0.8,False
dapper,variable,109,100.0,1000,21.210997956041414,33.76823065319891,34.76110730262953,34.98660651522982,23.060011675214664,0.0,0.7239038673745836,0.7281507289543079,5375.0,5.375,5375.0,0.203,0.156,0.0,0.215,0.9348837209302325,0.12558139534883722,0.027,0.8093023255813954,0.0,0.06511627906976744,0.0,62.9,0.0,21.5,15.6,311,311.0,risk_degraded_threshold,0.8,False
dapper,variable,110,100.0,1000,20.982663888093814,33.908831310824965,34.67822534775889,34.98146709760653,22.85841796982215,0.0,0.7252583766377324,0.7294279576298566,5500.0,5.5,5500.0,0.226,0.171,0.0,0.22,0.9181818181818182,0.12727272727272726,0.028,0.7909090909090909,0.0,0.08181818181818182,0.0,60.9,0.0,22.0,17.1,315,315.0,risk_degraded_threshold,0.8,False
dapper,variable,111,100.0,1000,21.16809675678184,33.79838354481562,34.723349040720166,34.97684653932659,23.915975824972563,0.0,0.7256479697289735,0.7320268540917734,6050.0,6.05,6050.0,0.215,0.165,0.0,0.242,0.9297520661157025,0.16942148760330578,0.041,0.7603305785123967,0.0,0.07024793388429752,0.0,59.3,0.0,24.2,16.5,310,310.0,risk_degraded_threshold,0.8,False
dapper,variable,112,100.0,1000,21.078172240720427,34.0565418294024,34.79412676903375,34.95854802039493,24.212262504548903,0.0,0.728773769620013,0.7356621447394286,6425.0,6.425,6425.0,0.215,0.162,0.0,0.257,0.9455252918287937,0.17898832684824903,0.046,0.7665369649805448,0.0,0.054474708171206226,0.0,58.099999999999994,0.0,25.7,16.2,324,324.0,risk_degraded_threshold,0.8,False
dapper,variable,113,100.0,1000,21.31694882499063,33.57682626381407,34.78843892853948,34.96829040868747,22.939955530397988,0.0,0.7264232866327129,0.7299965758384606,5800.0,5.8,5800.0,0.195,0.148,0.0,0.232,0.9396551724137931,0.10344827586206896,0.024,0.8362068965517241,0.0,0.0603448275862069,0.0,62.0,0.0,23.200000000000003,14.799999999999999,297,297.0,risk_degraded_threshold,0.8,False
dapper,variable,114,100.0,1000,19.67604199921086,33.53883646549626,34.61117657596823,34.99588156157893,21.825388136836153,0.0,0.7223593713543665,0.7273502718546296,4450.0,4.45,4450.0,0.265,0.204,0.0,0.178,0.9044943820224719,0.1797752808988764,0.032,0.7247191011235955,0.0,0.09550561797752809,0.0,61.8,0.0,17.8,20.4,331,331.0,risk_degraded_threshold,0.8,False
dapper,variable,115,100.0,1000,21.574672548111323,33.364621656107765,34.626745067103904,34.87718954629805,24.665342545165135,0.0,0.7231527813269875,0.7306566370077305,5350.0,5.35,5350.0,0.171,0.132,0.0,0.214,0.9065420560747663,0.2102803738317757,0.045,0.6962616822429907,0.0,0.09345794392523364,0.0,65.4,0.0,21.4,13.200000000000001,282,282.0,risk_degraded_threshold,0.8,False
dapper,variable,116,100.0,1000,20.906294903309245,33.98344969197258,34.76841725790863,34.94714462527301,22.74212994365831,0.0,0.7290119598437401,0.7338571453007148,4900.0,4.9,4900.0,0.236,0.181,0.0,0.196,0.9336734693877551,0.1377551020408163,0.027,0.7959183673469388,0.0,0.0663265306122449,0.0,62.3,0.0,19.6,18.099999999999998,288,288.0,risk_degraded_threshold,0.8,False
dapper,variable,117,100.0,1000,22.79278973468874,34.240173789397694,34.82080355680936,34.990866631104254,24.372803158761158,0.0,0.7236089220200427,0.7273205153550273,6150.0,6.15,6150.0,0.131,0.099,0.0,0.246,0.9146341463414634,0.09349593495934959,0.023,0.8211382113821138,0.0,0.08536585365853659,0.0,65.5,0.0,24.6,9.9,294,294.0,risk_degraded_threshold,0.8,False
dapper,variable,118,100.0,1000,21.261636132643194,33.51310316081959,34.400172701004855,34.868091607089696,24.857389495861092,0.0,0.7252176136214916,0.7333152836608016,6650.0,6.65,6650.0,0.191,0.146,0.0,0.266,0.9323308270676691,0.19548872180451127,0.052,0.7368421052631579,0.0,0.06766917293233082,0.0,58.8,0.0,26.6,14.6,318,318.0,risk_degraded_threshold,0.8,False
dapper,variable,119,100.0,1000,21.014738694675003,33.65904383541709,34.57959716197339,34.99635852821138,23.784886612310977,0.0,0.7246782245108351,0.7316367645275803,5900.0,5.9,5900.0,0.217,0.165,0.0,0.236,0.9279661016949152,0.17372881355932204,0.041,0.7542372881355932,0.0,0.07203389830508475,0.0,59.9,0.0,23.599999999999998,16.5,301,301.0,risk_degraded_threshold,0.8,False
dapper,variable,120,100.0,1000,21.652203797202326,33.96526001626422,34.71258654891299,34.99491157025027,24.172457436631948,0.0,0.7236302032790113,0.7299100935256569,7075.0,7.075,7075.0,0.178,0.133,0.0,0.283,0.9399293286219081,0.13074204946996468,0.037,0.8091872791519434,0.0,0.06007067137809187,0.0,58.4,0.0,28.299999999999997,13.3,317,317.0,risk_degraded_threshold,0.8,False
dapper,variable,121,100.0,1000,20.769854338698046,33.76407787463392,34.80089032279628,34.994688323129196,24.68125200719413,0.0,0.7246801812954811,0.7345887093906228,6775.0,6.775,6775.0,0.217,0.168,0.0,0.271,0.948339483394834,0.2140221402214022,0.058,0.7343173431734318,0.0,0.05166051660516605,0.0,56.10000000000001,0.0,27.1,16.8,311,311.0,risk_degraded_threshold,0.8,False
dapper,variable,122,100.0,1000,21.16350775983448,33.694416258508085,34.631522901173106,34.97317679379236,24.26295773985177,0.0,0.7270704428833787,0.7339893009539761,5650.0,5.65,5650.0,0.196,0.15,0.0,0.226,0.9557522123893806,0.19911504424778761,0.045,0.7566371681415929,0.0,0.04424778761061947,0.0,62.4,0.0,22.6,15.0,310,310.0,risk_degraded_threshold,0.8,False
dapper,variable,123,100.0,1000,21.141639097235224,33.79103353765298,34.79488657343286,34.98222422308634,23.229844990129337,0.0,0.7283106253308629,0.7340685729442107,5550.0,5.55,5550.0,0.213,0.162,0.0,0.222,0.9369369369369369,0.14414414414414414,0.032,0.7927927927927928,0.0,0.06306306306306306,0.0,61.6,0.0,22.2,16.2,314,314.0,risk_degraded_threshold,0.8,False
dapper,variable,124,100.0,1000,21.732988484636902,33.61582768332837,34.67732058291188,34.996246009129095,23.750766552712175,0.0,0.7242599698219147,0.7290090601287487,6700.0,6.7,6700.0,0.169,0.132,0.0,0.268,0.8955223880597015,0.11194029850746269,0.03,0.7835820895522388,0.0,0.1044776119402985,0.0,60.0,0.0,26.8,13.200000000000001,338,338.0,risk_degraded_threshold,0.8,False
dapper,variable,125,100.0,1000,20.769788307085673,33.55572104656107,34.7780426012565,34.94952031560075,23.64318483654006,0.0,0.7246252838037862,0.7310543455649272,5925.0,5.925,5925.0,0.222,0.17,0.0,0.237,0.9409282700421941,0.17721518987341772,0.042,0.7637130801687764,0.0,0.05907172995780591,0.0,59.3,0.0,23.7,17.0,320,320.0,risk_degraded_threshold,0.8,False
dapper,variable,126,100.0,1000,21.1478810158433,33.75159446968112,34.720173914570076,34.997585709381326,23.72466143080774,0.0,0.730137150017489,0.7363161985328225,5775.0,5.775,5775.0,0.21,0.163,0.0,0.231,0.9307359307359307,0.16883116883116883,0.039,0.7619047619047619,0.0,0.06926406926406926,0.0,60.6,0.0,23.1,16.3,315,315.0,risk_degraded_threshold,0.8,False
dapper,variable,127,100.0,1000,20.71779492129796,34.01155392391131,34.710521322396545,34.9805264786951,23.02161487856629,0.0,0.7255219403916765,0.7312200481640382,5750.0,5.75,5750.0,0.242,0.184,0.0,0.23,0.9521739130434783,0.14347826086956522,0.033,0.808695652173913,0.0,0.04782608695652174,0.0,58.599999999999994,0.0,23.0,18.4,327,327.0,risk_degraded_threshold,0.8,False
dapper,variable,128,100.0,1000,19.610045047259096,33.63444553862527,34.724924465655434,34.96530254190218,21.62536846392843,0.0,0.7261744085071619,0.7302855686295497,4475.0,4.475,4475.0,0.277,0.213,0.0,0.179,0.9162011173184358,0.16201117318435754,0.029,0.7541899441340782,0.0,0.08379888268156424,0.0,60.8,0.0,17.9,21.3,297,297.0,risk_degraded_threshold,0.8,False
dapper,variable,129,100.0,1000,21.042862199957614,33.95740515939866,34.77333674805944,34.967648156933706,23.1026692952386,0.0,0.7216920602775155,0.7266364366879909,5425.0,5.425,5425.0,0.226,0.174,0.0,0.217,0.9447004608294931,0.14746543778801843,0.032,0.7972350230414746,0.0,0.055299539170506916,0.0,60.9,0.0,21.7,17.4,310,310.0,risk_degraded_threshold,0.8,False
dapper,outage,100,100.0,1000,9.26314196462084,32.02460720049727,34.01583096140946,34.90469636273541,9.26314196462084,0.0,0.7246520536841501,0.7246520536841501,0.0,0.0,0.0,0.858,0.654,0.0,0.0,0.0,0.0,0.0,0.0,0.0,0.0,0.0,34.5,0.0,0.0,65.5,455,455.0,risk_degraded_threshold,0.8,False
dapper,outage,101,100.0,1000,9.557200994521416,32.45257826624517,34.525302465585,34.94731139076998,9.557200994521416,0.0,0.724070605338537,0.724070605338537,0.0,0.0,0.0,0.864,0.652,0.0,0.0,0.0,0.0,0.0,0.0,0.0,0.0,0.0,34.699999999999996,0.0,0.0,65.3,457,457.0,risk_degraded_threshold,0.8,False
dapper,outage,102,100.0,1000,9.264985055399853,31.992502151434426,34.48651459082661,34.84490704018726,9.264985055399853,0.0,0.7215646394370109,0.7215646394370109,0.0,0.0,0.0,0.868,0.655,0.0,0.0,0.0,0.0,0.0,0.0,0.0,0.0,0.0,34.300000000000004,0.0,0.0,65.7,463,463.0,risk_degraded_threshold,0.8,False
dapper,outage,103,100.0,1000,8.913928847330965,32.21460692186435,34.518317637289286,34.98947525596243,8.913928847330965,0.0,0.7252268861285954,0.7252268861285954,0.0,0.0,0.0,0.887,0.672,0.0,0.0,0.0,0.0,0.0,0.0,0.0,0.0,0.0,32.800000000000004,0.0,0.0,67.2,479,479.0,risk_degraded_threshold,0.8,False
dapper,outage,104,100.0,1000,9.32442580557558,32.63669091648599,34.544336825639185,34.977260811445746,9.32442580557558,0.0,0.7208774885135769,0.7208774885135769,0.0,0.0,0.0,0.872,0.657,0.0,0.0,0.0,0.0,0.0,0.0,0.0,0.0,0.0,34.300000000000004,0.0,0.0,65.7,462,462.0,risk_degraded_threshold,0.8,False
dapper,outage,105,100.0,1000,9.164938401705738,32.02030022083762,34.41366016503965,34.97403511561464,9.164938401705738,0.0,0.7239378619322203,0.7239378619322203,0.0,0.0,0.0,0.886,0.663,0.0,0.0,0.0,0.0,0.0,0.0,0.0,0.0,0.0,33.6,0.0,0.0,66.4,464,464.0,risk_degraded_threshold,0.8,False
dapper,outage,106,100.0,1000,9.21188309047549,32.41288545302102,34.632334902610694,34.964850295506736,9.21188309047549,0.0,0.7257376598320456,0.7257376598320456,0.0,0.0,0.0,0.875,0.661,0.0,0.0,0.0,0.0,0.0,0.0,0.0,0.0,0.0,33.5,0.0,0.0,66.5,472,472.0,risk_degraded_threshold,0.8,False
dapper,outage,107,100.0,1000,9.250782360440123,32.511955624008046,34.25996947636591,34.944391495367164,9.250782360440123,0.0,0.7252073360662392,0.7252073360662392,0.0,0.0,0.0,0.877,0.657,0.0,0.0,0.0,0.0,0.0,0.0,0.0,0.0,0.0,34.0,0.0,0.0,66.0,470,470.0,risk_degraded_threshold,0.8,False
dapper,outage,108,100.0,1000,9.033063968028975,32.23511617656688,34.31519598718727,34.91701997161742,9.033063968028975,0.0,0.7270810591539101,0.7270810591539101,0.0,0.0,0.0,0.878,0.665,0.0,0.0,0.0,0.0,0.0,0.0,0.0,0.0,0.0,33.5,0.0,0.0,66.5,475,475.0,risk_degraded_threshold,0.8,False
dapper,outage,109,100.0,1000,9.319557940031277,31.975987169917545,34.583338978355876,34.89323371936709,9.319557940031277,0.0,0.7227856483539283,0.7227856483539283,0.0,0.0,0.0,0.878,0.662,0.0,0.0,0.0,0.0,0.0,0.0,0.0,0.0,0.0,33.7,0.0,0.0,66.3,466,466.0,risk_degraded_threshold,0.8,False
dapper,outage,110,100.0,1000,9.227491971176839,32.40894973253517,34.27231155151924,34.99137808563876,9.227491971176839,0.0,0.718786481580307,0.718786481580307,0.0,0.0,0.0,0.877,0.658,0.0,0.0,0.0,0.0,0.0,0.0,0.0,0.0,0.0,34.2,0.0,0.0,65.8,465,465.0,risk_degraded_threshold,0.8,False
dapper,outage,111,100.0,1000,9.22507167968787,32.03419468296226,34.364237497274104,34.986083609288876,9.22507167968787,0.0,0.7252190085413924,0.7252190085413924,0.0,0.0,0.0,0.875,0.658,0.0,0.0,0.0,0.0,0.0,0.0,0.0,0.0,0.0,34.2,0.0,0.0,65.8,475,475.0,risk_degraded_threshold,0.8,False
dapper,outage,112,100.0,1000,9.277272827424795,31.925877213016957,34.137919904144574,34.9537027609169,9.277272827424795,0.0,0.7251382477677801,0.7251382477677801,0.0,0.0,0.0,0.872,0.66,0.0,0.0,0.0,0.0,0.0,0.0,0.0,0.0,0.0,33.900000000000006,0.0,0.0,66.10000000000001,463,463.0,risk_degraded_threshold,0.8,False
dapper,outage,113,100.0,1000,8.846190582998725,31.567586523733315,34.17033206764254,34.97118437033218,8.846190582998725,0.0,0.7248795972631262,0.7248795972631262,0.0,0.0,0.0,0.896,0.672,0.0,0.0,0.0,0.0,0.0,0.0,0.0,0.0,0.0,32.800000000000004,0.0,0.0,67.2,469,469.0,risk_degraded_threshold,0.8,False
dapper,outage,114,100.0,1000,9.429749590380775,31.923605845626774,34.21988244878156,34.970921327373986,9.429749590380775,0.0,0.7266428749090336,0.7266428749090336,0.0,0.0,0.0,0.849,0.642,0.0,0.0,0.0,0.0,0.0,0.0,0.0,0.0,0.0,35.6,0.0,0.0,64.4,465,465.0,risk_degraded_threshold,0.8,False
dapper,outage,115,100.0,1000,9.161141203178577,31.545702557120663,34.58851811776371,34.990047900593524,9.161141203178577,0.0,0.7251092918018951,0.7251092918018951,0.0,0.0,0.0,0.862,0.655,0.0,0.0,0.0,0.0,0.0,0.0,0.0,0.0,0.0,34.4,0.0,0.0,65.60000000000001,467,467.0,risk_degraded_threshold,0.8,False
dapper,outage,116,100.0,1000,8.838806887922365,31.740799792058507,34.226525242860625,34.997319860382795,8.838806887922365,0.0,0.7268022909841769,0.7268022909841769,0.0,0.0,0.0,0.892,0.671,0.0,0.0,0.0,0.0,0.0,0.0,0.0,0.0,0.0,32.800000000000004,0.0,0.0,67.2,474,474.0,risk_degraded_threshold,0.8,False
dapper,outage,117,100.0,1000,9.687710699540027,32.21300975019065,34.60499279297485,34.94987091991031,9.687710699540027,0.0,0.7180288130622018,0.7180288130622018,0.0,0.0,0.0,0.842,0.637,0.0,0.0,0.0,0.0,0.0,0.0,0.0,0.0,0.0,36.3,0.0,0.0,63.7,457,457.0,risk_degraded_threshold,0.8,False
dapper,outage,118,100.0,1000,9.43691554420578,31.32480850211643,34.031611009589035,34.98157564960942,9.43691554420578,0.0,0.7225739304931518,0.7225739304931518,0.0,0.0,0.0,0.847,0.644,0.0,0.0,0.0,0.0,0.0,0.0,0.0,0.0,0.0,35.6,0.0,0.0,64.4,459,459.0,risk_degraded_threshold,0.8,False
dapper,outage,119,100.0,1000,9.00317167938647,32.55545632545551,34.438053517057625,34.98167944202057,9.00317167938647,0.0,0.7221431441389027,0.7221431441389027,0.0,0.0,0.0,0.895,0.673,0.0,0.0,0.0,0.0,0.0,0.0,0.0,0.0,0.0,32.5,0.0,0.0,67.5,470,470.0,risk_degraded_threshold,0.8,False
dapper,outage,120,100.0,1000,9.577976856680019,32.60421328191344,34.51257878732954,34.99928906391148,9.577976856680019,0.0,0.7302107240118539,0.7302107240118539,0.0,0.0,0.0,0.852,0.645,0.0,0.0,0.0,0.0,0.0,0.0,0.0,0.0,0.0,35.199999999999996,0.0,0.0,64.8,452,452.0,risk_degraded_threshold,0.8,False
dapper,outage,121,100.0,1000,9.289839349120681,32.22228162157419,34.370107934419494,34.94382633902894,9.289839349120681,0.0,0.7292662825564288,0.7292662825564288,0.0,0.0,0.0,0.868,0.66,0.0,0.0,0.0,0.0,0.0,0.0,0.0,0.0,0.0,34.0,0.0,0.0,66.0,471,471.0,risk_degraded_threshold,0.8,False
dapper,outage,122,100.0,1000,9.267184213204777,32.156745342626316,34.47202696540529,34.986643071399804,9.267184213204777,0.0,0.7232291887354881,0.7232291887354881,0.0,0.0,0.0,0.865,0.654,0.0,0.0,0.0,0.0,0.0,0.0,0.0,0.0,0.0,34.4,0.0,0.0,65.60000000000001,457,457.0,risk_degraded_threshold,0.8,False
dapper,outage,123,100.0,1000,9.280112567762336,31.790775964619193,34.23570658349421,34.99250648214106,9.280112567762336,0.0,0.7238979066243255,0.7238979066243255,0.0,0.0,0.0,0.863,0.652,0.0,0.0,0.0,0.0,0.0,0.0,0.0,0.0,0.0,34.699999999999996,0.0,0.0,65.3,470,470.0,risk_degraded_threshold,0.8,False
dapper,outage,124,100.0,1000,9.3055816115238,32.099339544563,34.163727807391396,34.941792593643456,9.3055816115238,0.0,0.7288612551948659,0.7288612551948659,0.0,0.0,0.0,0.864,0.658,0.0,0.0,0.0,0.0,0.0,0.0,0.0,0.0,0.0,34.0,0.0,0.0,66.0,466,466.0,risk_degraded_threshold,0.8,False
dapper,outage,125,100.0,1000,8.949016368168337,31.671158150751353,34.44093272299383,34.97323235440945,8.949016368168337,0.0,0.7225772360805462,0.7225772360805462,0.0,0.0,0.0,0.874,0.663,0.0,0.0,0.0,0.0,0.0,0.0,0.0,0.0,0.0,33.6,0.0,0.0,66.4,465,465.0,risk_degraded_threshold,0.8,False
dapper,outage,126,100.0,1000,9.517122938514069,32.499213445794354,34.4337426245596,34.95989934345035,9.517122938514069,0.0,0.7238478269710125,0.7238478269710125,0.0,0.0,0.0,0.866,0.655,0.0,0.0,0.0,0.0,0.0,0.0,0.0,0.0,0.0,34.4,0.0,0.0,65.60000000000001,465,465.0,risk_degraded_threshold,0.8,False
dapper,outage,127,100.0,1000,9.630610908728691,31.53456042267076,34.14173031257359,34.972638580730106,9.630610908728691,0.0,0.722739518693453,0.722739518693453,0.0,0.0,0.0,0.846,0.64,0.0,0.0,0.0,0.0,0.0,0.0,0.0,0.0,0.0,35.9,0.0,0.0,64.1,455,455.0,risk_degraded_threshold,0.8,False
dapper,outage,128,100.0,1000,9.095670411128578,31.630396089565597,34.22010021483316,34.919090437119564,9.095670411128578,0.0,0.7268004792985818,0.7268004792985818,0.0,0.0,0.0,0.875,0.661,0.0,0.0,0.0,0.0,0.0,0.0,0.0,0.0,0.0,33.800000000000004,0.0,0.0,66.2,471,471.0,risk_degraded_threshold,0.8,False
dapper,outage,129,100.0,1000,9.788713235631091,31.85630149209794,34.34075212841223,34.97529884555047,9.788713235631091,0.0,0.7236782704464201,0.7236782704464201,0.0,0.0,0.0,0.833,0.635,0.0,0.0,0.0,0.0,0.0,0.0,0.0,0.0,0.0,36.5,0.0,0.0,63.5,461,461.0,risk_degraded_threshold,0.8,False
dapper,stable,100,100.0,1000,25.279403323317702,33.96035223762113,34.73962355895296,34.988775105687154,51.53514833678389,0.0,0.7265268897628933,0.792417917211626,21350.0,21.35,21350.0,0.0,0.0,0.0,0.854,0.9918032786885246,0.4953161592505855,0.423,0.4964871194379391,0.0,0.00819672131147541,0.0,14.6,0.0,85.39999999999999,0.0,259,259.0,risk_degraded_threshold,0.85,False
dapper,stable,101,100.0,1000,24.820657080469697,33.96040511204254,34.788072376532675,34.99828909781833,53.53675771177409,0.0,0.7249338588619687,0.7978649635318986,21700.0,21.7,21700.0,0.0,0.0,0.0,0.868,0.9896313364055299,0.5288018433179723,0.459,0.4608294930875576,0.0,0.010368663594470046,0.0,13.200000000000001,0.0,86.8,0.0,231,231.0,risk_degraded_threshold,0.85,False
dapper,stable,102,100.0,1000,24.835880473076735,33.70682378335116,34.74818297607158,34.965240972972765,51.8627260021259,0.0,0.727324394359075,0.800034845226407,20900.0,20.9,20900.0,0.0,0.0,0.0,0.836,0.992822966507177,0.5263157894736842,0.44,0.4665071770334928,0.0,0.007177033492822967,0.0,16.400000000000002,0.0,83.6,0.0,284,284.0,risk_degraded_threshold,0.85,False
dapper,stable,103,100.0,1000,24.972078044518216,34.293187186352334,34.89307765319619,34.99802137082616,53.372703891643845,0.0,0.7236659440861409,0.7991290672988378,21525.0,21.525,21525.0,0.0,0.0,0.0,0.861,0.9883855981416957,0.5342624854819977,0.46,0.454123112659698,0.0,0.011614401858304297,0.0,13.900000000000002,0.0,86.1,0.0,237,237.0,risk_degraded_threshold,0.85,False
dapper,stable,104,100.0,1000,24.98622097286207,33.860115377670134,34.74837408619961,34.98656616097203,51.037343944723006,0.0,0.7240926018777877,0.7898578469524961,21900.0,21.9,21900.0,0.0,0.0,0.0,0.876,0.9920091324200914,0.4794520547945205,0.42,0.5125570776255708,0.0,0.007990867579908675,0.0,12.4,0.0,87.6,0.0,220,220.0,risk_degraded_threshold,0.85,False
dapper,stable,105,100.0,1000,24.85634769037545,33.82025179084476,34.62504012903672,34.93314580405199,51.59710330911793,0.0,0.7262361051095783,0.7959250227091806,21250.0,21.25,21250.0,0.0,0.0,0.0,0.85,0.9905882352941177,0.5105882352941177,0.434,0.48,0.0,0.009411764705882352,0.0,15.0,0.0,85.0,0.0,256,256.0,risk_degraded_threshold,0.85,False
dapper,stable,106,100.0,1000,24.716410963251104,33.86074949026578,34.68730165917939,34.933586993197196,52.69637342008328,0.0,0.7229428904328138,0.7962430814491968,21425.0,21.425,21425.0,0.0,0.0,0.0,0.857,0.9918319719953326,0.5227537922987164,0.448,0.4690781796966161,0.0,0.008168028004667444,0.0,14.299999999999999,0.0,85.7,0.0,252,252.0,risk_degraded_threshold,0.85,False
dapper,stable,107,100.0,1000,24.88557902804772,33.83424628214373,34.89267109559948,34.9936438529993,53.380353744565205,0.0,0.7245133185042392,0.7993133636844371,22025.0,22.025,22025.0,0.0,0.0,0.0,0.881,0.9886492622020431,0.5187287173666288,0.457,0.4699205448354143,0.0,0.011350737797956867,0.0,11.899999999999999,0.0,88.1,0.0,198,198.0,risk_degraded_threshold,0.85,False
dapper,stable,108,100.0,1000,25.235897183714567,34.2868707566229,34.87218349603604,34.989690121554816,51.92467360201944,0.0,0.7254394152220247,0.7967132376294662,21500.0,21.5,21500.0,0.0,0.0,0.0,0.86,0.9872093023255814,0.5023255813953489,0.432,0.4848837209302326,0.0,0.012790697674418604,0.0,14.000000000000002,0.0,86.0,0.0,231,231.0,risk_degraded_threshold,0.85,False
dapper,stable,109,100.0,1000,25.268964708760926,34.15910526808331,34.79620852522923,34.94284900848466,51.53790445445115,0.0,0.7225069831603355,0.7908717000411818,21775.0,21.775,21775.0,0.0,0.0,0.0,0.871,0.9850746268656716,0.4845005740528129,0.422,0.5005740528128588,0.0,0.014925373134328358,0.0,12.9,0.0,87.1,0.0,228,228.0,risk_degraded_threshold,0.85,False
dapper,stable,110,100.0,1000,24.978043487255007,33.957417382454665,34.80033649104111,34.99011804008187,51.64725260956925,0.0,0.7239727698806182,0.7935801521646344,21400.0,21.4,21400.0,0.0,0.0,0.0,0.856,0.985981308411215,0.5035046728971962,0.431,0.4824766355140187,0.0,0.014018691588785047,0.0,14.399999999999999,0.0,85.6,0.0,261,261.0,risk_degraded_threshold,0.85,False
dapper,stable,111,100.0,1000,25.491345575881343,33.99942489704205,34.77294614292747,34.98882482505357,52.77932606666301,0.0,0.7264559107913696,0.7988751227250941,20975.0,20.975,20975.0,0.0,0.0,0.0,0.839,0.9916567342073898,0.5256257449344458,0.441,0.466030989272944,0.0,0.00834326579261025,0.0,16.1,0.0,83.89999999999999,0.0,276,276.0,risk_degraded_threshold,0.85,False
dapper,stable,112,100.0,1000,25.044635098675773,33.93678625080242,34.80594764992258,34.978994945141224,52.774438295965986,0.0,0.7245903067601731,0.7942867336915719,21700.0,21.7,21700.0,0.0,0.0,0.0,0.868,0.9919354838709677,0.5103686635944701,0.443,0.4815668202764977,0.0,0.008064516129032258,0.0,13.200000000000001,0.0,86.8,0.0,220,220.0,risk_degraded_threshold,0.85,False
dapper,stable,113,100.0,1000,24.924957379086543,33.92528008813723,34.852479041190236,34.99387303551587,50.565197370598845,0.0,0.725184772552611,0.7910288053494875,21600.0,21.6,21600.0,0.0,0.0,0.0,0.864,0.9826388888888888,0.48032407407407407,0.415,0.5023148148148148,0.0,0.017361111111111112,0.0,13.600000000000001,0.0,86.4,0.0,239,239.0,risk_degraded_threshold,0.85,False
dapper,stable,114,100.0,1000,25.128438548268,33.86993382489312,34.786318253661975,34.99771913787838,53.866453690073165,0.0,0.7237524930795687,0.7977940224588013,21900.0,21.9,21900.0,0.0,0.0,0.0,0.876,0.9908675799086758,0.5308219178082192,0.465,0.4600456621004566,0.0,0.0091324200913242,0.0,12.4,0.0,87.6,0.0,214,214.0,risk_degraded_threshold,0.85,False
dapper,stable,115,100.0,1000,25.094705607799348,34.162413089123824,34.74465384721523,34.970565607066455,51.94937303752475,0.0,0.7245886848920773,0.7944537871206474,21750.0,21.75,21750.0,0.0,0.0,0.0,0.87,0.9873563218390805,0.5011494252873563,0.436,0.4862068965517241,0.0,0.01264367816091954,0.0,13.0,0.0,87.0,0.0,219,219.0,risk_degraded_threshold,0.85,False
dapper,stable,116,100.0,1000,25.028301912688907,34.05041769477859,34.88445460350265,34.99403448766891,54.211607535281885,0.0,0.7244573126145593,0.798391101095973,21750.0,21.75,21750.0,0.0,0.0,0.0,0.87,0.9942528735632183,0.5448275862068965,0.474,0.4494252873563218,0.0,0.005747126436781609,0.0,13.0,0.0,87.0,0.0,221,221.0,risk_degraded_threshold,0.85,False
dapper,stable,117,100.0,1000,24.997182216762514,33.94211020128963,34.806950360419165,34.98156739475102,51.94396103000347,0.0,0.7238166310991714,0.7935256482510197,21850.0,21.85,21850.0,0.0,0.0,0.0,0.874,0.9862700228832952,0.4897025171624714,0.428,0.4965675057208238,0.0,0.013729977116704805,0.0,12.6,0.0,87.4,0.0,226,226.0,risk_degraded_threshold,0.85,False
dapper,stable,118,100.0,1000,25.026589048763064,34.146334679362305,34.835239525322194,34.964244111574146,52.20873167600773,0.0,0.7280528994609765,0.7960765304196257,21475.0,21.475,21475.0,0.0,0.0,0.0,0.859,0.9906868451688009,0.5075669383003493,0.436,0.4831199068684517,0.0,0.009313154831199068,0.0,14.099999999999998,0.0,85.9,0.0,244,244.0,risk_degraded_threshold,0.85,False
dapper,stable,119,100.0,1000,24.80107188012856,34.00280379558126,34.81754573602827,34.936826663719394,53.78667209236602,0.0,0.7243707963012889,0.799875204249307,21925.0,21.925,21925.0,0.0,0.0,0.0,0.877,0.9874572405929305,0.5324971493728621,0.467,0.4549600912200684,0.0,0.012542759407069556,0.0,12.3,0.0,87.7,0.0,228,228.0,risk_degraded_threshold,0.85,False
dapper,stable,120,100.0,1000,25.000139802139184,33.83887438020657,34.75482963071029,34.96519781982063,52.586658253654925,0.0,0.7247996031934949,0.7950348677637523,21800.0,21.8,21800.0,0.0,0.0,0.0,0.872,0.9839449541284404,0.5103211009174312,0.445,0.4736238532110092,0.0,0.016055045871559634,0.0,12.8,0.0,87.2,0.0,212,212.0,risk_degraded_threshold,0.85,False
dapper,stable,121,100.0,1000,24.870142370806825,34.08802278656587,34.79782372711737,34.96061084968983,51.218892289603616,0.0,0.7235062491591376,0.7917923991779289,21800.0,21.8,21800.0,0.0,0.0,0.0,0.872,0.9862385321100917,0.48394495412844035,0.422,0.5022935779816514,0.0,0.013761467889908258,0.0,12.8,0.0,87.2,0.0,219,219.0,risk_degraded_threshold,0.85,False
dapper,stable,122,100.0,1000,24.829111935230273,33.958468133447,34.74506049633189,34.924143640943036,53.271418624119164,0.0,0.7259117747422895,0.7982645293058339,21950.0,21.95,21950.0,0.0,0.0,0.0,0.878,0.9886104783599089,0.5148063781321185,0.452,0.47380410022779046,0.0,0.011389521640091117,0.0,12.2,0.0,87.8,0.0,200,200.0,risk_degraded_threshold,0.85,False
dapper,stable,123,100.0,1000,25.35470141463279,34.01400394209814,34.728637206489786,34.90743937957425,51.64158095400979,0.0,0.7231039957478556,0.7928850748486099,22225.0,22.225,22225.0,0.0,0.0,0.0,0.889,0.9820022497187851,0.4769403824521935,0.424,0.5050618672665916,0.0,0.01799775028121485,0.0,11.1,0.0,88.9,0.0,196,196.0,risk_degraded_threshold,0.85,False
dapper,stable,124,100.0,1000,25.00583269004324,34.03261405514325,34.80612955591713,34.95256595801938,50.8126236179597,0.0,0.7270004160651047,0.7942088997255117,21000.0,21.0,21000.0,0.0,0.0,0.0,0.84,0.9928571428571429,0.49642857142857144,0.417,0.49642857142857144,0.0,0.007142857142857143,0.0,16.0,0.0,84.0,0.0,280,280.0,risk_degraded_threshold,0.85,False
dapper,stable,125,100.0,1000,24.9867591189863,33.982185709447386,34.8021659840167,34.99165214842439,53.959249959158115,0.0,0.7268533605073024,0.7989657788847586,21650.0,21.65,21650.0,0.0,0.0,0.0,0.866,0.9919168591224018,0.5323325635103926,0.461,0.45958429561200925,0.0,0.008083140877598153,0.0,13.4,0.0,86.6,0.0,238,238.0,risk_degraded_threshold,0.85,False
dapper,stable,126,100.0,1000,24.628886386363657,33.70638744138536,34.672811784104226,34.983867296625746,53.134621864449656,0.0,0.726794351381784,0.8009463128693688,21175.0,21.175,21175.0,0.0,0.0,0.0,0.847,0.9881936245572609,0.5419126328217237,0.459,0.4462809917355372,0.0,0.011806375442739079,0.0,15.299999999999999,0.0,84.7,0.0,252,252.0,risk_degraded_threshold,0.85,False
dapper,stable,127,100.0,1000,25.164646066804526,34.17312143282042,34.80106095916998,34.970740898815485,54.30743225703345,0.0,0.7237258806201099,0.7969399991420358,22125.0,22.125,22125.0,0.0,0.0,0.0,0.885,0.9909604519774011,0.5276836158192091,0.467,0.4632768361581921,0.0,0.00903954802259887,0.0,11.5,0.0,88.5,0.0,207,207.0,risk_degraded_threshold,0.85,False
dapper,stable,128,100.0,1000,25.178185128090664,33.92859815320874,34.67968897440042,34.972660274630584,53.589153958153254,0.0,0.7271450910033325,0.7988558762020542,21425.0,21.425,21425.0,0.0,0.0,0.0,0.857,0.9836639439906651,0.5309218203033839,0.455,0.45274212368728123,0.0,0.01633605600933489,0.0,14.299999999999999,0.0,85.7,0.0,237,237.0,risk_degraded_threshold,0.85,False
dapper,stable,129,100.0,1000,25.217209562918274,34.07064808785484,34.83459462785327,34.9933571344785,53.065152250426124,0.0,0.722736266433297,0.7957788932941594,21825.0,21.825,21825.0,0.0,0.0,0.0,0.873,0.9896907216494846,0.5131729667812142,0.448,0.4765177548682703,0.0,0.010309278350515464,0.0,12.7,0.0,87.3,0.0,214,214.0,risk_degraded_threshold,0.85,False
dapper,congested,100,100.0,1000,24.931615048786146,33.928407620489025,34.77556075006328,34.97404020175507,24.931615048786146,0.0,0.7231503929045445,0.7231503929045445,0.0,0.0,0.0,0.0,0.0,0.0,0.0,0.0,0.0,0.0,0.0,0.0,0.0,0.0,100.0,0.0,0.0,0.0,0,0.0,risk_degraded_threshold,0.85,False
dapper,congested,101,100.0,1000,25.188437717504375,34.03466107987438,34.84243479054015,34.99327875607795,25.188437717504375,0.0,0.7240147265422211,0.7240147265422211,0.0,0.0,0.0,0.0,0.0,0.0,0.0,0.0,0.0,0.0,0.0,0.0,0.0,0.0,100.0,0.0,0.0,0.0,0,0.0,risk_degraded_threshold,0.85,False
dapper,congested,102,100.0,1000,25.03548939727799,33.96479457393766,34.69588731781126,34.989536221406055,25.03548939727799,0.0,0.7265290036152598,0.7265290036152598,0.0,0.0,0.0,0.0,0.0,0.0,0.0,0.0,0.0,0.0,0.0,0.0,0.0,0.0,100.0,0.0,0.0,0.0,0,0.0,risk_degraded_threshold,0.85,False
dapper,congested,103,100.0,1000,25.03328827891089,34.09454856492267,34.78542999553827,34.985893217625524,25.03328827891089,0.0,0.7249975495254066,0.7249975495254066,0.0,0.0,0.0,0.0,0.0,0.0,0.0,0.0,0.0,0.0,0.0,0.0,0.0,0.0,100.0,0.0,0.0,0.0,0,0.0,risk_degraded_threshold,0.85,False
dapper,congested,104,100.0,1000,24.969774547081954,33.81394766067372,34.81048977789511,34.94578824107255,24.969774547081954,0.0,0.7273630134211108,0.7273630134211108,0.0,0.0,0.0,0.0,0.0,0.0,0.0,0.0,0.0,0.0,0.0,0.0,0.0,0.0,100.0,0.0,0.0,0.0,0,0.0,risk_degraded_threshold,0.85,False
dapper,congested,105,100.0,1000,24.881530354040223,34.02785562253984,34.86009343610894,34.98145078352877,24.881530354040223,0.0,0.7241433821596263,0.7241433821596263,25.0,0.025,25.0,0.0,0.0,0.0,0.001,1.0,0.0,0.0,1.0,0.0,0.0,0.0,99.9,0.0,0.1,0.0,2,2.0,risk_degraded_threshold,0.85,False
dapper,congested,106,100.0,1000,24.9413023153378,33.98450796903268,34.753821099438774,34.98979405154197,24.9413023153378,0.0,0.7260421946156992,0.7260421946156992,0.0,0.0,0.0,0.0,0.0,0.0,0.0,0.0,0.0,0.0,0.0,0.0,0.0,0.0,100.0,0.0,0.0,0.0,0,0.0,risk_degraded_threshold,0.85,False
dapper,congested,107,100.0,1000,24.886925897119337,33.88426057014752,34.77470672268729,34.998762184541775,24.886925897119337,0.0,0.7258328653791636,0.7258328653791636,0.0,0.0,0.0,0.0,0.0,0.0,0.0,0.0,0.0,0.0,0.0,0.0,0.0,0.0,100.0,0.0,0.0,0.0,0,0.0,risk_degraded_threshold,0.85,False
dapper,congested,108,100.0,1000,25.12572335979201,33.943119032195405,34.814499351033405,34.99655745974279,25.12572335979201,0.0,0.7241104019978909,0.7241104019978909,0.0,0.0,0.0,0.0,0.0,0.0,0.0,0.0,0.0,0.0,0.0,0.0,0.0,0.0,100.0,0.0,0.0,0.0,0,0.0,risk_degraded_threshold,0.85,False
dapper,congested,109,100.0,1000,25.037194206353533,33.93181537323021,34.785030538309286,34.98925809716232,25.037194206353533,0.0,0.7232170518910273,0.7232170518910273,0.0,0.0,0.0,0.0,0.0,0.0,0.0,0.0,0.0,0.0,0.0,0.0,0.0,0.0,100.0,0.0,0.0,0.0,0,0.0,risk_degraded_threshold,0.85,False
dapper,congested,110,100.0,1000,24.809401201588823,33.71973175922034,34.60151524624712,34.90888622322395,24.809401201588823,0.0,0.7246041378695668,0.7246041378695668,0.0,0.0,0.0,0.0,0.0,0.0,0.0,0.0,0.0,0.0,0.0,0.0,0.0,0.0,100.0,0.0,0.0,0.0,0,0.0,risk_degraded_threshold,0.85,False
dapper,congested,111,100.0,1000,25.119606788303717,34.001774933641265,34.74455155405684,34.96241421096305,25.119606788303717,0.0,0.725386178810248,0.725386178810248,0.0,0.0,0.0,0.0,0.0,0.0,0.0,0.0,0.0,0.0,0.0,0.0,0.0,0.0,100.0,0.0,0.0,0.0,0,0.0,risk_degraded_threshold,0.85,False
dapper,congested,112,100.0,1000,25.185269217607274,33.90095224371657,34.76580213455383,34.985906989642146,25.185269217607274,0.0,0.7266896434568639,0.7266896434568639,0.0,0.0,0.0,0.0,0.0,0.0,0.0,0.0,0.0,0.0,0.0,0.0,0.0,0.0,100.0,0.0,0.0,0.0,0,0.0,risk_degraded_threshold,0.85,False
dapper,congested,113,100.0,1000,24.906335043070264,33.941743755105556,34.77247181035648,34.98424994294581,24.906335043070264,0.0,0.7265627615919971,0.7265627615919971,0.0,0.0,0.0,0.0,0.0,0.0,0.0,0.0,0.0,0.0,0.0,0.0,0.0,0.0,100.0,0.0,0.0,0.0,0,0.0,risk_degraded_threshold,0.85,False
dapper,congested,114,100.0,1000,25.106436885026124,33.99518413696301,34.87476614646897,34.96282987218834,25.106436885026124,0.0,0.7286951154525153,0.7286951154525153,0.0,0.0,0.0,0.0,0.0,0.0,0.0,0.0,0.0,0.0,0.0,0.0,0.0,0.0,100.0,0.0,0.0,0.0,0,0.0,risk_degraded_threshold,0.85,False
dapper,congested,115,100.0,1000,25.22862077033868,34.01033183391731,34.751795785617006,34.96593743598228,25.22862077033868,0.0,0.7228431329922943,0.7228431329922943,0.0,0.0,0.0,0.0,0.0,0.0,0.0,0.0,0.0,0.0,0.0,0.0,0.0,0.0,100.0,0.0,0.0,0.0,0,0.0,risk_degraded_threshold,0.85,False
dapper,congested,116,100.0,1000,25.532666746770744,33.96456327797874,34.77240430108412,34.9771698353159,25.532666746770744,0.0,0.725945101429929,0.725945101429929,0.0,0.0,0.0,0.0,0.0,0.0,0.0,0.0,0.0,0.0,0.0,0.0,0.0,0.0,100.0,0.0,0.0,0.0,0,0.0,risk_degraded_threshold,0.85,False
dapper,congested,117,100.0,1000,24.586721544902087,33.766185707586004,34.70675091481512,34.994340946660934,24.586721544902087,0.0,0.7255476583450682,0.7255476583450682,25.0,0.025,25.0,0.0,0.0,0.0,0.001,1.0,0.0,0.0,1.0,0.0,0.0,0.0,99.9,0.0,0.1,0.0,2,2.0,risk_degraded_threshold,0.85,False
dapper,congested,118,100.0,1000,25.162494743028066,34.01490807545646,34.75940662114508,34.968506891824205,25.162494743028066,0.0,0.7267436342489003,0.7267436342489003,0.0,0.0,0.0,0.0,0.0,0.0,0.0,0.0,0.0,0.0,0.0,0.0,0.0,0.0,100.0,0.0,0.0,0.0,0,0.0,risk_degraded_threshold,0.85,False
dapper,congested,119,100.0,1000,25.33798431808029,33.930297923071485,34.79939395844596,34.97944595589328,25.33798431808029,0.0,0.7233345714577454,0.7233345714577454,0.0,0.0,0.0,0.0,0.0,0.0,0.0,0.0,0.0,0.0,0.0,0.0,0.0,0.0,100.0,0.0,0.0,0.0,0,0.0,risk_degraded_threshold,0.85,False
dapper,congested,120,100.0,1000,24.938916091364213,33.99634834863332,34.78821886321599,34.985958566309606,24.938916091364213,0.0,0.7244242831436923,0.7244242831436923,0.0,0.0,0.0,0.0,0.0,0.0,0.0,0.0,0.0,0.0,0.0,0.0,0.0,0.0,100.0,0.0,0.0,0.0,0,0.0,risk_degraded_threshold,0.85,False
dapper,congested,121,100.0,1000,24.80917420207108,33.750343569648706,34.75280697328194,34.996277370025744,24.80917420207108,0.0,0.7240164055794182,0.7240164055794182,0.0,0.0,0.0,0.0,0.0,0.0,0.0,0.0,0.0,0.0,0.0,0.0,0.0,0.0,100.0,0.0,0.0,0.0,0,0.0,risk_degraded_threshold,0.85,False
dapper,congested,122,100.0,1000,24.869545093034485,33.85721546067485,34.770700984913006,34.91653465760954,24.869545093034485,0.0,0.7271559083016325,0.7271559083016325,0.0,0.0,0.0,0.0,0.0,0.0,0.0,0.0,0.0,0.0,0.0,0.0,0.0,0.0,100.0,0.0,0.0,0.0,0,0.0,risk_degraded_threshold,0.85,False
dapper,congested,123,100.0,1000,25.019147835962976,34.0068905091913,34.771507219222585,34.98883073588995,25.019147835962976,0.0,0.723120628404554,0.723120628404554,0.0,0.0,0.0,0.0,0.0,0.0,0.0,0.0,0.0,0.0,0.0,0.0,0.0,0.0,100.0,0.0,0.0,0.0,0,0.0,risk_degraded_threshold,0.85,False
dapper,congested,124,100.0,1000,24.84861311989367,33.78084958434015,34.66363593071505,34.94326242767353,24.84861311989367,0.0,0.7246412727356085,0.7246412727356085,0.0,0.0,0.0,0.0,0.0,0.0,0.0,0.0,0.0,0.0,0.0,0.0,0.0,0.0,100.0,0.0,0.0,0.0,0,0.0,risk_degraded_threshold,0.85,False
dapper,congested,125,100.0,1000,25.028806878728822,34.05786747219948,34.83418763630404,34.99974319601896,25.028806878728822,0.0,0.7225453340361464,0.7225453340361464,25.0,0.025,25.0,0.0,0.0,0.0,0.001,1.0,0.0,0.0,1.0,0.0,0.0,0.0,99.9,0.0,0.1,0.0,2,2.0,risk_degraded_threshold,0.85,False
dapper,congested,126,100.0,1000,25.01200503410485,33.97988585528562,34.774114294105054,34.99086328598782,25.01200503410485,0.0,0.7260325028592299,0.7260325028592299,0.0,0.0,0.0,0.0,0.0,0.0,0.0,0.0,0.0,0.0,0.0,0.0,0.0,0.0,100.0,0.0,0.0,0.0,0,0.0,risk_degraded_threshold,0.85,False
dapper,congested,127,100.0,1000,25.067778068181923,34.00531179234195,34.71031183612322,34.99801668883106,25.067778068181923,0.0,0.7239904038714414,0.7239904038714414,0.0,0.0,0.0,0.0,0.0,0.0,0.0,0.0,0.0,0.0,0.0,0.0,0.0,0.0,100.0,0.0,0.0,0.0,0,0.0,risk_degraded_threshold,0.85,False
dapper,congested,128,100.0,1000,24.85704421534759,34.08647701991846,34.783499539553866,34.99302751306131,24.85704421534759,0.0,0.7235741311250974,0.7235741311250974,0.0,0.0,0.0,0.0,0.0,0.0,0.0,0.0,0.0,0.0,0.0,0.0,0.0,0.0,100.0,0.0,0.0,0.0,0,0.0,risk_degraded_threshold,0.85,False
dapper,congested,129,100.0,1000,24.920063724669387,33.90591045177916,34.77957296022762,34.981958638619645,24.920063724669387,0.0,0.7225927676936471,0.7225927676936471,0.0,0.0,0.0,0.0,0.0,0.0,0.0,0.0,0.0,0.0,0.0,0.0,0.0,0.0,100.0,0.0,0.0,0.0,0,0.0,risk_degraded_threshold,0.85,False
dapper,lossy,100,100.0,1000,25.284238375351617,34.04718924628941,34.84826155800029,34.98907189172226,31.857325313088005,0.0,0.7261089761349956,0.7418683904352356,18000.0,18.0,18000.0,0.0,0.0,0.0,0.72,0.8111111111111111,0.13055555555555556,0.094,0.6805555555555556,0.0,0.18888888888888888,0.0,28.000000000000004,0.0,72.0,0.0,364,364.0,risk_degraded_threshold,0.85,False
dapper,lossy,101,100.0,1000,25.059527190349893,34.120642165867906,34.8265496982896,34.99538718567808,31.68360404093288,0.0,0.7233638220296621,0.7383227658545507,17675.0,17.675,17675.0,0.0,0.0,0.0,0.707,0.8330975954738331,0.13295615275813297,0.094,0.7001414427157001,0.0,0.1669024045261669,0.0,29.299999999999997,0.0,70.7,0.0,366,366.0,risk_degraded_threshold,0.85,False
dapper,lossy,102,100.0,1000,24.993003502753638,33.78557770295638,34.81151542684563,34.990087052311324,30.926238985640797,0.0,0.7247993890094673,0.7385327568542848,17225.0,17.225,17225.0,0.0,0.0,0.0,0.689,0.8113207547169812,0.12336719883889695,0.085,0.6879535558780842,0.0,0.18867924528301888,0.0,31.1,0.0,68.89999999999999,0.0,390,390.0,risk_degraded_threshold,0.85,False
dapper,lossy,103,100.0,1000,25.072925546868568,34.23372242321619,34.794279965090745,34.9768308072483,32.53725996440561,0.0,0.7255664298957895,0.7431153918263849,18675.0,18.675,18675.0,0.0,0.0,0.0,0.747,0.7991967871485943,0.14457831325301204,0.108,0.6546184738955824,0.0,0.20080321285140562,0.0,25.3,0.0,74.7,0.0,340,340.0,risk_degraded_threshold,0.85,False
dapper,lossy,104,100.0,1000,24.952721574773207,33.7641107522445,34.821547122134376,34.99174516374082,32.954498342235674,0.0,0.725270205207262,0.7428455742749839,18200.0,18.2,18200.0,0.0,0.0,0.0,0.728,0.8063186813186813,0.15796703296703296,0.115,0.6483516483516484,0.0,0.1936813186813187,0.0,27.200000000000003,0.0,72.8,0.0,362,362.0,risk_degraded_threshold,0.85,False
dapper,lossy,105,100.0,1000,25.095152971928933,33.826524025580916,34.67873591147265,34.99594666457182,31.650482579457197,0.0,0.7248747477212536,0.7392192203397958,18825.0,18.825,18825.0,0.0,0.0,0.0,0.753,0.8273572377158035,0.12350597609561753,0.093,0.703851261620186,0.0,0.17264276228419656,0.0,24.7,0.0,75.3,0.0,344,344.0,risk_degraded_threshold,0.85,False
dapper,lossy,106,100.0,1000,24.856568122610433,33.832964597231225,34.72189143706977,34.99784375073101,31.50890321788417,0.0,0.7235813767870335,0.7392206310961336,17800.0,17.8,17800.0,0.0,0.0,0.0,0.712,0.8539325842696629,0.13342696629213482,0.095,0.7205056179775281,0.0,0.14606741573033707,0.0,28.799999999999997,0.0,71.2,0.0,389,389.0,risk_degraded_threshold,0.85,False
dapper,lossy,107,100.0,1000,24.68158080592215,34.00414573371424,34.83973190471446,34.99325658145116,31.19660512918917,0.0,0.7241940517114336,0.7388308468489646,18025.0,18.025,18025.0,0.0,0.0,0.0,0.721,0.8099861303744799,0.1276005547850208,0.092,0.6823855755894591,0.0,0.1900138696255201,0.0,27.900000000000002,0.0,72.1,0.0,354,354.0,risk_degraded_threshold,0.85,False
dapper,lossy,108,100.0,1000,25.047265262517854,34.05795037600457,34.73288919337191,34.96757252768798,31.073612955374518,0.0,0.7235643813542582,0.7373909269007133,18325.0,18.325,18325.0,0.0,0.0,0.0,0.733,0.810368349249659,0.11732605729877217,0.086,0.6930422919508867,0.0,0.18963165075034105,0.0,26.700000000000003,0.0,73.3,0.0,364,364.0,risk_degraded_threshold,0.85,False
dapper,lossy,109,100.0,1000,24.775139056545807,34.049418286887835,34.7919194149339,34.94624843509132,31.96287960801317,0.0,0.7212325912059436,0.7383365724449257,18500.0,18.5,18500.0,0.0,0.0,0.0,0.74,0.827027027027027,0.13783783783783785,0.102,0.6891891891891891,0.0,0.17297297297297298,0.0,26.0,0.0,74.0,0.0,324,324.0,risk_degraded_threshold,0.85,False
dapper,lossy,110,100.0,1000,25.004520730247734,33.8683404853258,34.86997539103268,34.98456857838196,32.44878696120915,0.0,0.7268739784421301,0.7433964854715304,17950.0,17.95,17950.0,0.0,0.0,0.0,0.718,0.7813370473537604,0.14623955431754876,0.105,0.6350974930362117,0.0,0.21866295264623956,0.0,28.199999999999996,0.0,71.8,0.0,380,380.0,risk_degraded_threshold,0.85,False
dapper,lossy,111,100.0,1000,24.90307640535743,34.14835345167596,34.756755348825656,34.981698697795565,31.661618369672937,0.0,0.7248703254305311,0.7398456220643752,18200.0,18.2,18200.0,0.0,0.0,0.0,0.728,0.8008241758241759,0.1346153846153846,0.098,0.6662087912087912,0.0,0.19917582417582416,0.0,27.200000000000003,0.0,72.8,0.0,341,341.0,risk_degraded_threshold,0.85,False
dapper,lossy,112,100.0,1000,24.956367632930085,34.151123089835,34.870234716853815,34.962158450180866,32.0743115042331,0.0,0.7253954496233768,0.7418527868840668,18175.0,18.175,18175.0,0.0,0.0,0.0,0.727,0.797799174690509,0.14167812929848694,0.103,0.656121045392022,0.0,0.20220082530949107,0.0,27.3,0.0,72.7,0.0,342,342.0,risk_degraded_threshold,0.85,False
dapper,lossy,113,100.0,1000,25.11573781751927,34.14436127878192,34.867885766711,34.99782157537433,31.685721930267743,0.0,0.7254462125679975,0.7402162266401762,18625.0,18.625,18625.0,0.0,0.0,0.0,0.745,0.8053691275167785,0.1261744966442953,0.094,0.6791946308724832,0.0,0.19463087248322147,0.0,25.5,0.0,74.5,0.0,367,367.0,risk_degraded_threshold,0.85,False
dapper,lossy,114,100.0,1000,25.05695156474369,34.026649628584615,34.857774174382406,34.983091762156874,31.76472240386522,0.0,0.72440817275247,0.7393453718347903,17675.0,17.675,17675.0,0.0,0.0,0.0,0.707,0.8076379066478077,0.1371994342291372,0.097,0.6704384724186704,0.0,0.19236209335219237,0.0,29.299999999999997,0.0,70.7,0.0,359,359.0,risk_degraded_threshold,0.85,False
dapper,lossy,115,100.0,1000,24.76252752899427,34.140208891814694,34.85306689119638,34.992962372181864,31.597060228847266,0.0,0.7251726691219196,0.7398453016431278,17850.0,17.85,17850.0,0.0,0.0,0.0,0.714,0.7969187675070029,0.13725490196078433,0.098,0.6596638655462185,0.0,0.2030812324929972,0.0,28.599999999999998,0.0,71.39999999999999,0.0,380,380.0,risk_degraded_threshold,0.85,False
dapper,lossy,116,100.0,1000,24.951356764470432,33.914227978461774,34.857265543400885,34.99525986411179,32.60167100412868,0.0,0.7243445892890008,0.7428840823811076,17975.0,17.975,17975.0,0.0,0.0,0.0,0.719,0.8344923504867872,0.15577190542420027,0.112,0.6787204450625869,0.0,0.16550764951321278,0.0,28.1,0.0,71.89999999999999,0.0,382,382.0,risk_degraded_threshold,0.85,False
dapper,lossy,117,100.0,1000,25.037129912861214,33.9567672696681,34.764351269100246,34.996388970755305,30.05768402831528,0.0,0.726073452957747,0.7373350959476548,17900.0,17.9,17900.0,0.0,0.0,0.0,0.716,0.7988826815642458,0.1005586592178771,0.072,0.6983240223463687,0.0,0.2011173184357542,0.0,28.4,0.0,71.6,0.0,378,378.0,risk_degraded_threshold,0.85,False
dapper,lossy,118,100.0,1000,24.83203368389728,33.86314293776527,34.704566823658226,34.94197590424748,31.59642683182519,0.0,0.7277094589160901,0.742481456687588,17425.0,17.425,17425.0,0.0,0.0,0.0,0.697,0.8335724533715926,0.13916786226685796,0.097,0.6944045911047346,0.0,0.16642754662840745,0.0,30.3,0.0,69.69999999999999,0.0,402,402.0,risk_degraded_threshold,0.85,False
dapper,lossy,119,100.0,1000,25.22380561542694,34.16353447898527,34.88856396573517,34.993426719837316,32.113435816803424,0.0,0.72570145608929,0.7415107092676313,18600.0,18.6,18600.0,0.0,0.0,0.0,0.744,0.8198924731182796,0.13440860215053763,0.1,0.6854838709677419,0.0,0.18010752688172044,0.0,25.6,0.0,74.4,0.0,342,342.0,risk_degraded_threshold,0.85,False
dapper,lossy,120,100.0,1000,24.94356883456326,33.94762430607923,34.82126839451995,34.99480299428936,31.257672307205212,0.0,0.7242446744200584,0.7384825033900047,18075.0,18.075,18075.0,0.0,0.0,0.0,0.723,0.7980636237897649,0.12448132780082988,0.09,0.673582295988935,0.0,0.20193637621023514,0.0,27.700000000000003,0.0,72.3,0.0,366,366.0,risk_degraded_threshold,0.85,False
dapper,lossy,121,100.0,1000,24.890186762682326,33.9509837447526,34.75636721943252,34.9865485323475,32.77353024549474,0.0,0.7226738180182367,0.7410438719949963,18675.0,18.675,18675.0,0.0,0.0,0.0,0.747,0.821954484605087,0.1499330655957162,0.112,0.6720214190093708,0.0,0.17804551539491298,0.0,25.3,0.0,74.7,0.0,339,339.0,risk_degraded_threshold,0.85,False
dapper,lossy,122,100.0,1000,25.08579289471596,34.07524967583675,34.72465675884838,34.92311681265087,31.763246506243785,0.0,0.7253656451784852,0.7408740543618451,18550.0,18.55,18550.0,0.0,0.0,0.0,0.742,0.7951482479784366,0.1280323450134771,0.095,0.6671159029649596,0.0,0.20485175202156333,0.0,25.8,0.0,74.2,0.0,330,330.0,risk_degraded_threshold,0.85,False
dapper,lossy,123,100.0,1000,24.817178107343594,33.97858252982191,34.71884738710505,34.9640180768012,32.29314773222189,0.0,0.725177200048534,0.7433974475207357,17875.0,17.875,17875.0,0.0,0.0,0.0,0.715,0.8055944055944056,0.15244755244755245,0.109,0.6531468531468532,0.0,0.1944055944055944,0.0,28.499999999999996,0.0,71.5,0.0,380,380.0,risk_degraded_threshold,0.85,False
dapper,lossy,124,100.0,1000,25.144076835710404,34.0084817041087,34.82162623829404,34.999930978152555,33.825274803426076,0.0,0.7252006399861742,0.7459351026481479,18725.0,18.725,18725.0,0.0,0.0,0.0,0.749,0.835781041388518,0.16688918558077437,0.125,0.6688918558077437,0.0,0.16421895861148197,0.0,25.1,0.0,74.9,0.0,362,362.0,risk_degraded_threshold,0.85,False
dapper,lossy,125,100.0,1000,25.290207315525716,34.07810779324134,34.85987931432081,34.99675173862079,31.822242841358705,0.0,0.725008358044021,0.7393774547547449,17300.0,17.3,17300.0,0.0,0.0,0.0,0.692,0.8078034682080925,0.13872832369942195,0.096,0.6690751445086706,0.0,0.19219653179190752,0.0,30.8,0.0,69.19999999999999,0.0,374,374.0,risk_degraded_threshold,0.85,False
dapper,lossy,126,100.0,1000,25.012306557377276,34.01851118868758,34.87231873366858,34.99707928007821,32.11656113797526,0.0,0.7223553858756083,0.7383183297008713,18375.0,18.375,18375.0,0.0,0.0,0.0,0.735,0.8204081632653061,0.13877551020408163,0.102,0.6816326530612244,0.0,0.17959183673469387,0.0,26.5,0.0,73.5,0.0,354,354.0,risk_degraded_threshold,0.85,False
dapper,lossy,127,100.0,1000,24.933813775828348,34.03862120823819,34.851014551058256,34.985303846764054,32.69662669143229,0.0,0.7254720911704587,0.7435683780371112,18100.0,18.1,18100.0,0.0,0.0,0.0,0.724,0.7720994475138122,0.15469613259668508,0.112,0.6174033149171271,0.0,0.22790055248618785,0.0,27.6,0.0,72.39999999999999,0.0,373,373.0,risk_degraded_threshold,0.85,False
dapper,lossy,128,100.0,1000,25.361525346794913,34.112832194106765,34.722796126768856,34.99638466136344,32.25036818382081,0.0,0.7258146565752936,0.7414867988063029,17775.0,17.775,17775.0,0.0,0.0,0.0,0.711,0.8270042194092827,0.1420534458509142,0.101,0.6849507735583685,0.0,0.1729957805907173,0.0,28.9,0.0,71.1,0.0,399,399.0,risk_degraded_threshold,0.85,False
dapper,lossy,129,100.0,1000,24.956002553810663,34.060395492680186,34.85750602439408,34.980831653703675,31.49496513929532,0.0,0.7240405957959037,0.7388445901022926,18725.0,18.725,18725.0,0.0,0.0,0.0,0.749,0.8130841121495327,0.12550066755674233,0.094,0.6875834445927904,0.0,0.18691588785046728,0.0,25.1,0.0,74.9,0.0,351,351.0,risk_degraded_threshold,0.85,False
dapper,variable,100,100.0,1000,19.88432481747889,33.61420558459003,34.76027410675784,34.95054826151675,22.01190912714196,0.0,0.7259494975552994,0.730947903325514,5375.0,5.375,5375.0,0.282,0.214,0.0,0.215,0.9116279069767442,0.15348837209302327,0.033,0.7581395348837209,0.0,0.08837209302325581,0.0,57.099999999999994,0.0,21.5,21.4,338,338.0,risk_degraded_threshold,0.85,False
dapper,variable,101,100.0,1000,19.95785345569506,33.51859359353788,34.716729365681125,34.99816501848515,22.5143426760284,0.0,0.7274250735029988,0.7337157721815029,6025.0,6.025,6025.0,0.253,0.197,0.0,0.241,0.9294605809128631,0.15767634854771784,0.038,0.7717842323651453,0.0,0.07053941908713693,0.0,56.2,0.0,24.099999999999998,19.7,329,329.0,risk_degraded_threshold,0.85,False
dapper,variable,102,100.0,1000,21.834264010846912,33.952084801243224,34.85412725538718,34.995332379528136,24.658617128119847,0.0,0.7252911865625793,0.732400006905043,6075.0,6.075,6075.0,0.163,0.127,0.0,0.243,0.9012345679012346,0.1728395061728395,0.042,0.7283950617283951,0.0,0.09876543209876543,0.0,63.0,0.0,24.3,12.7,298,298.0,risk_degraded_threshold,0.85,False
dapper,variable,103,100.0,1000,19.512093113412188,33.581179869308166,34.6745142049723,34.99051342908312,21.536858533775952,0.0,0.7264145780785138,0.7316018841146493,5975.0,5.975,5975.0,0.315,0.239,0.0,0.239,0.9079497907949791,0.12552301255230125,0.03,0.7824267782426778,0.0,0.09205020920502092,0.0,52.2,0.0,23.9,23.9,358,358.0,risk_degraded_threshold,0.85,False
dapper,variable,104,100.0,1000,21.518439904160722,33.92297556550541,34.71580596411837,34.944614204784195,24.19286560109536,0.0,0.727405744674525,0.7335000817049102,5675.0,5.675,5675.0,0.187,0.143,0.0,0.227,0.920704845814978,0.1762114537444934,0.04,0.7444933920704846,0.0,0.07929515418502203,0.0,63.0,0.0,22.7,14.299999999999999,297,297.0,risk_degraded_threshold,0.85,False
dapper,variable,105,100.0,1000,20.409246302565197,33.52133876628223,34.7773651787171,34.98077376103997,23.376413958481,0.0,0.726150768098847,0.7330994621409599,6100.0,6.1,6100.0,0.238,0.184,0.0,0.244,0.9467213114754098,0.1762295081967213,0.043,0.7704918032786885,0.0,0.05327868852459016,0.0,57.199999999999996,0.0,24.4,18.4,334,334.0,risk_degraded_threshold,0.85,False
dapper,variable,106,100.0,1000,21.621797773151822,33.5305156645498,34.67586933903363,34.993851868805095,24.252714976291177,0.0,0.7254470682295528,0.7321018092197896,5525.0,5.525,5525.0,0.174,0.135,0.0,0.221,0.9366515837104072,0.18099547511312217,0.04,0.755656108597285,0.0,0.06334841628959276,0.0,64.4,0.0,22.1,13.5,288,288.0,risk_degraded_threshold,0.85,False
dapper,variable,107,100.0,1000,20.234451338400376,33.6513949971422,34.722410045883045,34.98148819897819,22.468957915839745,0.0,0.7237161358789629,0.7289077856917393,4925.0,4.925,4925.0,0.254,0.194,0.0,0.197,0.9137055837563451,0.16751269035532995,0.033,0.7461928934010152,0.0,0.08629441624365482,0.0,60.9,0.0,19.7,19.400000000000002,293,293.0,risk_degraded_threshold,0.85,False
dapper,variable,108,100.0,1000,20.50931185101458,33.99159903353784,34.77692101060002,34.94872090187498,23.329859816156162,0.0,0.7260340756214905,0.7332294597530742,6000.0,6.0,6000.0,0.259,0.195,0.0,0.24,0.925,0.175,0.042,0.75,0.0,0.075,0.0,56.49999999999999,0.0,24.0,19.5,332,332.0,risk_degraded_threshold,0.85,False
dapper,variable,109,100.0,1000,21.210997956041414,33.76823065319891,34.76110730262953,34.98660651522982,23.060011675214664,0.0,0.7239038673745836,0.7281507289543079,5375.0,5.375,5375.0,0.203,0.156,0.0,0.215,0.9348837209302325,0.12558139534883722,0.027,0.8093023255813954,0.0,0.06511627906976744,0.0,62.9,0.0,21.5,15.6,311,311.0,risk_degraded_threshold,0.85,False
dapper,variable,110,100.0,1000,20.982663888093814,33.908831310824965,34.67822534775889,34.98146709760653,22.85841796982215,0.0,0.7252583766377324,0.7294279576298566,5500.0,5.5,5500.0,0.226,0.171,0.0,0.22,0.9181818181818182,0.12727272727272726,0.028,0.7909090909090909,0.0,0.08181818181818182,0.0,60.9,0.0,22.0,17.1,315,315.0,risk_degraded_threshold,0.85,False
dapper,variable,111,100.0,1000,21.16809675678184,33.79838354481562,34.723349040720166,34.97684653932659,23.915975824972563,0.0,0.7256479697289735,0.7320268540917734,6050.0,6.05,6050.0,0.215,0.165,0.0,0.242,0.9297520661157025,0.16942148760330578,0.041,0.7603305785123967,0.0,0.07024793388429752,0.0,59.3,0.0,24.2,16.5,310,310.0,risk_degraded_threshold,0.85,False
dapper,variable,112,100.0,1000,21.078172240720427,34.0565418294024,34.79412676903375,34.95854802039493,24.212262504548903,0.0,0.728773769620013,0.7356621447394286,6425.0,6.425,6425.0,0.215,0.162,0.0,0.257,0.9455252918287937,0.17898832684824903,0.046,0.7665369649805448,0.0,0.054474708171206226,0.0,58.099999999999994,0.0,25.7,16.2,324,324.0,risk_degraded_threshold,0.85,False
dapper,variable,113,100.0,1000,21.31694882499063,33.57682626381407,34.78843892853948,34.96829040868747,22.939955530397988,0.0,0.7264232866327129,0.7299965758384606,5800.0,5.8,5800.0,0.195,0.148,0.0,0.232,0.9396551724137931,0.10344827586206896,0.024,0.8362068965517241,0.0,0.0603448275862069,0.0,62.0,0.0,23.200000000000003,14.799999999999999,297,297.0,risk_degraded_threshold,0.85,False
dapper,variable,114,100.0,1000,19.67604199921086,33.53883646549626,34.61117657596823,34.99588156157893,21.825388136836153,0.0,0.7223593713543665,0.7273502718546296,4450.0,4.45,4450.0,0.265,0.204,0.0,0.178,0.9044943820224719,0.1797752808988764,0.032,0.7247191011235955,0.0,0.09550561797752809,0.0,61.8,0.0,17.8,20.4,331,331.0,risk_degraded_threshold,0.85,False
dapper,variable,115,100.0,1000,21.574672548111323,33.364621656107765,34.626745067103904,34.87718954629805,24.665342545165135,0.0,0.7231527813269875,0.7306566370077305,5350.0,5.35,5350.0,0.171,0.132,0.0,0.214,0.9065420560747663,0.2102803738317757,0.045,0.6962616822429907,0.0,0.09345794392523364,0.0,65.4,0.0,21.4,13.200000000000001,282,282.0,risk_degraded_threshold,0.85,False
dapper,variable,116,100.0,1000,20.906294903309245,33.98344969197258,34.76841725790863,34.94714462527301,22.74212994365831,0.0,0.7290119598437401,0.7338571453007148,4900.0,4.9,4900.0,0.236,0.181,0.0,0.196,0.9336734693877551,0.1377551020408163,0.027,0.7959183673469388,0.0,0.0663265306122449,0.0,62.3,0.0,19.6,18.099999999999998,288,288.0,risk_degraded_threshold,0.85,False
dapper,variable,117,100.0,1000,22.79278973468874,34.240173789397694,34.82080355680936,34.990866631104254,24.372803158761158,0.0,0.7236089220200427,0.7273205153550273,6150.0,6.15,6150.0,0.131,0.099,0.0,0.246,0.9146341463414634,0.09349593495934959,0.023,0.8211382113821138,0.0,0.08536585365853659,0.0,65.5,0.0,24.6,9.9,294,294.0,risk_degraded_threshold,0.85,False
dapper,variable,118,100.0,1000,21.261636132643194,33.51310316081959,34.400172701004855,34.868091607089696,24.857389495861092,0.0,0.7252176136214916,0.7333152836608016,6650.0,6.65,6650.0,0.191,0.146,0.0,0.266,0.9323308270676691,0.19548872180451127,0.052,0.7368421052631579,0.0,0.06766917293233082,0.0,58.8,0.0,26.6,14.6,318,318.0,risk_degraded_threshold,0.85,False
dapper,variable,119,100.0,1000,21.014738694675003,33.65904383541709,34.57959716197339,34.99635852821138,23.784886612310977,0.0,0.7246782245108351,0.7316367645275803,5900.0,5.9,5900.0,0.217,0.165,0.0,0.236,0.9279661016949152,0.17372881355932204,0.041,0.7542372881355932,0.0,0.07203389830508475,0.0,59.9,0.0,23.599999999999998,16.5,301,301.0,risk_degraded_threshold,0.85,False
dapper,variable,120,100.0,1000,21.652203797202326,33.96526001626422,34.71258654891299,34.99491157025027,24.172457436631948,0.0,0.7236302032790113,0.7299100935256569,7075.0,7.075,7075.0,0.178,0.133,0.0,0.283,0.9399293286219081,0.13074204946996468,0.037,0.8091872791519434,0.0,0.06007067137809187,0.0,58.4,0.0,28.299999999999997,13.3,317,317.0,risk_degraded_threshold,0.85,False
dapper,variable,121,100.0,1000,20.769854338698046,33.76407787463392,34.80089032279628,34.994688323129196,24.68125200719413,0.0,0.7246801812954811,0.7345887093906228,6775.0,6.775,6775.0,0.217,0.168,0.0,0.271,0.948339483394834,0.2140221402214022,0.058,0.7343173431734318,0.0,0.05166051660516605,0.0,56.10000000000001,0.0,27.1,16.8,311,311.0,risk_degraded_threshold,0.85,False
dapper,variable,122,100.0,1000,21.16350775983448,33.694416258508085,34.631522901173106,34.97317679379236,24.26295773985177,0.0,0.7270704428833787,0.7339893009539761,5650.0,5.65,5650.0,0.196,0.15,0.0,0.226,0.9557522123893806,0.19911504424778761,0.045,0.7566371681415929,0.0,0.04424778761061947,0.0,62.4,0.0,22.6,15.0,310,310.0,risk_degraded_threshold,0.85,False
dapper,variable,123,100.0,1000,21.141639097235224,33.79103353765298,34.79488657343286,34.98222422308634,23.229844990129337,0.0,0.7283106253308629,0.7340685729442107,5550.0,5.55,5550.0,0.213,0.162,0.0,0.222,0.9369369369369369,0.14414414414414414,0.032,0.7927927927927928,0.0,0.06306306306306306,0.0,61.6,0.0,22.2,16.2,314,314.0,risk_degraded_threshold,0.85,False
dapper,variable,124,100.0,1000,21.732988484636902,33.61582768332837,34.67732058291188,34.996246009129095,23.750766552712175,0.0,0.7242599698219147,0.7290090601287487,6700.0,6.7,6700.0,0.169,0.132,0.0,0.268,0.8955223880597015,0.11194029850746269,0.03,0.7835820895522388,0.0,0.1044776119402985,0.0,60.0,0.0,26.8,13.200000000000001,338,338.0,risk_degraded_threshold,0.85,False
dapper,variable,125,100.0,1000,20.769788307085673,33.55572104656107,34.7780426012565,34.94952031560075,23.64318483654006,0.0,0.7246252838037862,0.7310543455649272,5925.0,5.925,5925.0,0.222,0.17,0.0,0.237,0.9409282700421941,0.17721518987341772,0.042,0.7637130801687764,0.0,0.05907172995780591,0.0,59.3,0.0,23.7,17.0,320,320.0,risk_degraded_threshold,0.85,False
dapper,variable,126,100.0,1000,21.1478810158433,33.75159446968112,34.720173914570076,34.997585709381326,23.72466143080774,0.0,0.730137150017489,0.7363161985328225,5775.0,5.775,5775.0,0.21,0.163,0.0,0.231,0.9307359307359307,0.16883116883116883,0.039,0.7619047619047619,0.0,0.06926406926406926,0.0,60.6,0.0,23.1,16.3,315,315.0,risk_degraded_threshold,0.85,False
dapper,variable,127,100.0,1000,20.71779492129796,34.01155392391131,34.710521322396545,34.9805264786951,23.02161487856629,0.0,0.7255219403916765,0.7312200481640382,5750.0,5.75,5750.0,0.242,0.184,0.0,0.23,0.9521739130434783,0.14347826086956522,0.033,0.808695652173913,0.0,0.04782608695652174,0.0,58.599999999999994,0.0,23.0,18.4,327,327.0,risk_degraded_threshold,0.85,False
dapper,variable,128,100.0,1000,19.610045047259096,33.63444553862527,34.724924465655434,34.96530254190218,21.62536846392843,0.0,0.7261744085071619,0.7302855686295497,4475.0,4.475,4475.0,0.277,0.213,0.0,0.179,0.9162011173184358,0.16201117318435754,0.029,0.7541899441340782,0.0,0.08379888268156424,0.0,60.8,0.0,17.9,21.3,297,297.0,risk_degraded_threshold,0.85,False
dapper,variable,129,100.0,1000,21.042862199957614,33.95740515939866,34.77333674805944,34.967648156933706,23.1026692952386,0.0,0.7216920602775155,0.7266364366879909,5425.0,5.425,5425.0,0.226,0.174,0.0,0.217,0.9447004608294931,0.14746543778801843,0.032,0.7972350230414746,0.0,0.055299539170506916,0.0,60.9,0.0,21.7,17.4,310,310.0,risk_degraded_threshold,0.85,False
dapper,outage,100,100.0,1000,9.423596592339058,32.17601180225002,34.0765681634534,34.90469636273541,9.423596592339058,0.0,0.7248577031901147,0.7248577031901147,0.0,0.0,0.0,0.851,0.648,0.0,0.0,0.0,0.0,0.0,0.0,0.0,0.0,0.0,35.199999999999996,0.0,0.0,64.8,449,449.0,risk_degraded_threshold,0.85,False
dapper,outage,101,100.0,1000,9.688337439027615,32.45257826624517,34.525302465585,34.94731139076998,9.688337439027615,0.0,0.7241470194512951,0.7241470194512951,0.0,0.0,0.0,0.857,0.646,0.0,0.0,0.0,0.0,0.0,0.0,0.0,0.0,0.0,35.4,0.0,0.0,64.60000000000001,451,451.0,risk_degraded_threshold,0.85,False
dapper,outage,102,100.0,1000,9.535343748245127,32.155113407652564,34.57671739952734,34.89771462379806,9.535343748245127,0.0,0.7223426644408621,0.7223426644408621,0.0,0.0,0.0,0.855,0.644,0.0,0.0,0.0,0.0,0.0,0.0,0.0,0.0,0.0,35.6,0.0,0.0,64.4,452,452.0,risk_degraded_threshold,0.85,False
dapper,outage,103,100.0,1000,9.192904517461985,32.17433916188154,34.518317637289286,34.98947525596243,9.192904517461985,0.0,0.7251553801481002,0.7251553801481002,0.0,0.0,0.0,0.871,0.659,0.0,0.0,0.0,0.0,0.0,0.0,0.0,0.0,0.0,34.1,0.0,0.0,65.9,471,471.0,risk_degraded_threshold,0.85,False
dapper,outage,104,100.0,1000,9.55222538619511,32.63674417312889,34.544336825639185,34.977260811445746,9.55222538619511,0.0,0.7214348055552022,0.7214348055552022,0.0,0.0,0.0,0.86,0.646,0.0,0.0,0.0,0.0,0.0,0.0,0.0,0.0,0.0,35.4,0.0,0.0,64.60000000000001,444,444.0,risk_degraded_threshold,0.85,False
dapper,outage,105,100.0,1000,9.51593874619528,32.605275679959504,34.48191399231073,34.97403511561464,9.51593874619528,0.0,0.7224227732229431,0.7224227732229431,0.0,0.0,0.0,0.874,0.652,0.0,0.0,0.0,0.0,0.0,0.0,0.0,0.0,0.0,34.8,0.0,0.0,65.2,456,456.0,risk_degraded_threshold,0.85,False
dapper,outage,106,100.0,1000,9.48222649960767,32.31335278133145,34.632334902610694,34.964850295506736,9.48222649960767,0.0,0.7254525708327416,0.7254525708327416,0.0,0.0,0.0,0.857,0.649,0.0,0.0,0.0,0.0,0.0,0.0,0.0,0.0,0.0,35.099999999999994,0.0,0.0,64.9,454,454.0,risk_degraded_threshold,0.85,False
dapper,outage,107,100.0,1000,9.466478563292691,32.34467209171535,34.25996947636591,34.944391495367164,9.466478563292691,0.0,0.7233600309709848,0.7233600309709848,0.0,0.0,0.0,0.857,0.645,0.0,0.0,0.0,0.0,0.0,0.0,0.0,0.0,0.0,35.5,0.0,0.0,64.5,452,452.0,risk_degraded_threshold,0.85,False
dapper,outage,108,100.0,1000,9.366075327499663,32.72457678295695,34.404427188822204,34.91701997161742,9.366075327499663,0.0,0.7270580338033266,0.7270580338033266,0.0,0.0,0.0,0.867,0.653,0.0,0.0,0.0,0.0,0.0,0.0,0.0,0.0,0.0,34.699999999999996,0.0,0.0,65.3,463,463.0,risk_degraded_threshold,0.85,False
dapper,outage,109,100.0,1000,9.592901151396683,32.18835141956603,34.58612819399445,34.89323371936709,9.592901151396683,0.0,0.7207962669933806,0.7207962669933806,0.0,0.0,0.0,0.862,0.651,0.0,0.0,0.0,0.0,0.0,0.0,0.0,0.0,0.0,34.9,0.0,0.0,65.10000000000001,456,456.0,risk_degraded_threshold,0.85,False
dapper,outage,110,100.0,1000,9.433312190501688,31.918948767575245,34.221781693966655,34.99137808563876,9.433312190501688,0.0,0.719071274622293,0.719071274622293,0.0,0.0,0.0,0.861,0.647,0.0,0.0,0.0,0.0,0.0,0.0,0.0,0.0,0.0,35.3,0.0,0.0,64.7,451,451.0,risk_degraded_threshold,0.85,False
dapper,outage,111,100.0,1000,9.716407470580808,32.686606765680885,34.50545222530196,34.986083609288876,9.716407470580808,0.0,0.7246225674023861,0.7246225674023861,0.0,0.0,0.0,0.856,0.64,0.0,0.0,0.0,0.0,0.0,0.0,0.0,0.0,0.0,36.0,0.0,0.0,64.0,461,461.0,risk_degraded_threshold,0.85,False
dapper,outage,112,100.0,1000,9.689737747353577,32.286354557333595,34.28116442012365,34.9537027609169,9.689737747353577,0.0,0.7255124883339984,0.7255124883339984,0.0,0.0,0.0,0.852,0.644,0.0,0.0,0.0,0.0,0.0,0.0,0.0,0.0,0.0,35.6,0.0,0.0,64.4,445,445.0,risk_degraded_threshold,0.85,False
dapper,outage,113,100.0,1000,8.951478784501804,31.633569303023076,34.20347076150854,34.97118437033218,8.951478784501804,0.0,0.7258662131907161,0.7258662131907161,0.0,0.0,0.0,0.892,0.668,0.0,0.0,0.0,0.0,0.0,0.0,0.0,0.0,0.0,33.2,0.0,0.0,66.8,465,465.0,risk_degraded_threshold,0.85,False
dapper,outage,114,100.0,1000,10.017002095603479,32.73463360854179,34.352894563033054,34.970921327373986,10.017002095603479,0.0,0.7278765308431274,0.7278765308431274,0.0,0.0,0.0,0.83,0.622,0.0,0.0,0.0,0.0,0.0,0.0,0.0,0.0,0.0,37.8,0.0,0.0,62.2,437,437.0,risk_degraded_threshold,0.85,False
dapper,outage,115,100.0,1000,9.574250747807259,31.97154488879182,34.56846618466178,34.990047900593524,9.574250747807259,0.0,0.7243695862923017,0.7243695862923017,0.0,0.0,0.0,0.842,0.638,0.0,0.0,0.0,0.0,0.0,0.0,0.0,0.0,0.0,36.199999999999996,0.0,0.0,63.800000000000004,453,453.0,risk_degraded_threshold,0.85,False
dapper,outage,116,100.0,1000,9.18008557169572,31.764521480031163,34.35337244800727,34.997319860382795,9.18008557169572,0.0,0.7268869997099955,0.7268869997099955,0.0,0.0,0.0,0.877,0.657,0.0,0.0,0.0,0.0,0.0,0.0,0.0,0.0,0.0,34.300000000000004,0.0,0.0,65.7,457,457.0,risk_degraded_threshold,0.85,False
dapper,outage,117,100.0,1000,10.154361994285555,32.433745898987304,34.691017670099555,34.96597639562117,10.154361994285555,0.0,0.7161970008741261,0.7161970008741261,0.0,0.0,0.0,0.819,0.617,0.0,0.0,0.0,0.0,0.0,0.0,0.0,0.0,0.0,38.3,0.0,0.0,61.7,431,431.0,risk_degraded_threshold,0.85,False
dapper,outage,118,100.0,1000,9.888184663425262,31.74765797154819,34.18803178636263,34.98157564960942,9.888184663425262,0.0,0.7219956498873114,0.7219956498873114,0.0,0.0,0.0,0.828,0.626,0.0,0.0,0.0,0.0,0.0,0.0,0.0,0.0,0.0,37.4,0.0,0.0,62.6,435,435.0,risk_degraded_threshold,0.85,False
dapper,outage,119,100.0,1000,9.17843691731376,32.45276575756106,34.438053517057625,34.98167944202057,9.17843691731376,0.0,0.722738272425463,0.722738272425463,0.0,0.0,0.0,0.883,0.664,0.0,0.0,0.0,0.0,0.0,0.0,0.0,0.0,0.0,33.6,0.0,0.0,66.4,456,456.0,risk_degraded_threshold,0.85,False
dapper,outage,120,100.0,1000,9.746783254018178,32.66157741253737,34.548783553508216,34.99928906391148,9.746783254018178,0.0,0.7304764820270848,0.7304764820270848,0.0,0.0,0.0,0.839,0.637,0.0,0.0,0.0,0.0,0.0,0.0,0.0,0.0,0.0,36.3,0.0,0.0,63.7,446,446.0,risk_degraded_threshold,0.85,False
dapper,outage,121,100.0,1000,9.651996430609781,32.32560752472116,34.370107934419494,34.94382633902894,9.651996430609781,0.0,0.7299332063862005,0.7299332063862005,0.0,0.0,0.0,0.854,0.644,0.0,0.0,0.0,0.0,0.0,0.0,0.0,0.0,0.0,35.6,0.0,0.0,64.4,451,451.0,risk_degraded_threshold,0.85,False
dapper,outage,122,100.0,1000,9.602341888329107,31.903398853365562,34.465118070016516,34.986643071399804,9.602341888329107,0.0,0.7239590530110824,0.7239590530110824,0.0,0.0,0.0,0.842,0.637,0.0,0.0,0.0,0.0,0.0,0.0,0.0,0.0,0.0,36.3,0.0,0.0,63.7,443,443.0,risk_degraded_threshold,0.85,False
dapper,outage,123,100.0,1000,9.790992666419166,32.10140598905637,34.23570658349421,34.99250648214106,9.790992666419166,0.0,0.7248561486784175,0.7248561486784175,0.0,0.0,0.0,0.842,0.633,0.0,0.0,0.0,0.0,0.0,0.0,0.0,0.0,0.0,36.7,0.0,0.0,63.3,450,450.0,risk_degraded_threshold,0.85,False
dapper,outage,124,100.0,1000,9.640378579030674,32.42299312520103,34.17390709712928,34.941792593643456,9.640378579030674,0.0,0.7291540054644802,0.7291540054644802,0.0,0.0,0.0,0.849,0.645,0.0,0.0,0.0,0.0,0.0,0.0,0.0,0.0,0.0,35.5,0.0,0.0,64.5,449,449.0,risk_degraded_threshold,0.85,False
dapper,outage,125,100.0,1000,9.046909639186513,31.706304092642625,34.479271182293445,34.97323235440945,9.046909639186513,0.0,0.7226140705096902,0.7226140705096902,0.0,0.0,0.0,0.868,0.659,0.0,0.0,0.0,0.0,0.0,0.0,0.0,0.0,0.0,34.1,0.0,0.0,65.9,460,460.0,risk_degraded_threshold,0.85,False
dapper,outage,126,100.0,1000,9.84170969050302,32.500227779323836,34.337928056243854,34.95989934345035,9.84170969050302,0.0,0.7261976725045758,0.7261976725045758,0.0,0.0,0.0,0.85,0.641,0.0,0.0,0.0,0.0,0.0,0.0,0.0,0.0,0.0,35.9,0.0,0.0,64.1,445,445.0,risk_degraded_threshold,0.85,False
dapper,outage,127,100.0,1000,10.092411651933189,31.891793687222425,34.17477223228683,34.972638580730106,10.092411651933189,0.0,0.722262343353433,0.722262343353433,0.0,0.0,0.0,0.83,0.626,0.0,0.0,0.0,0.0,0.0,0.0,0.0,0.0,0.0,37.4,0.0,0.0,62.6,437,437.0,risk_degraded_threshold,0.85,False
dapper,outage,128,100.0,1000,9.290329717029145,31.825027898181872,34.31275530202791,34.919090437119564,9.290329717029145,0.0,0.7265103798049667,0.7265103798049667,0.0,0.0,0.0,0.864,0.652,0.0,0.0,0.0,0.0,0.0,0.0,0.0,0.0,0.0,34.8,0.0,0.0,65.2,461,461.0,risk_degraded_threshold,0.85,False
dapper,outage,129,100.0,1000,10.044788695691778,31.602108542033875,34.372732921596146,34.97529884555047,10.044788695691778,0.0,0.7224627831940932,0.7224627831940932,0.0,0.0,0.0,0.816,0.621,0.0,0.0,0.0,0.0,0.0,0.0,0.0,0.0,0.0,37.9,0.0,0.0,62.1,439,439.0,risk_degraded_threshold,0.85,False
dapper,stable,100,100.0,1000,25.279403323317702,33.96035223762113,34.73962355895296,34.988775105687154,25.279403323317702,0.0,0.7265268897628933,0.7265268897628933,0.0,0.0,0.0,0.0,0.0,0.0,0.0,0.0,0.0,0.0,0.0,0.0,0.0,0.0,100.0,0.0,0.0,0.0,0,0.0,local_confidence_threshold,0.65,False
dapper,stable,101,100.0,1000,24.820657080469697,33.96040511204254,34.788072376532675,34.99828909781833,24.820657080469697,0.0,0.7249338588619687,0.7249338588619687,0.0,0.0,0.0,0.0,0.0,0.0,0.0,0.0,0.0,0.0,0.0,0.0,0.0,0.0,100.0,0.0,0.0,0.0,0,0.0,local_confidence_threshold,0.65,False
dapper,stable,102,100.0,1000,24.835880473076735,33.70682378335116,34.74818297607158,34.965240972972765,24.835880473076735,0.0,0.727324394359075,0.727324394359075,0.0,0.0,0.0,0.0,0.0,0.0,0.0,0.0,0.0,0.0,0.0,0.0,0.0,0.0,100.0,0.0,0.0,0.0,0,0.0,local_confidence_threshold,0.65,False
dapper,stable,103,100.0,1000,24.972078044518216,34.293187186352334,34.89307765319619,34.99802137082616,24.972078044518216,0.0,0.7236659440861409,0.7236659440861409,0.0,0.0,0.0,0.0,0.0,0.0,0.0,0.0,0.0,0.0,0.0,0.0,0.0,0.0,100.0,0.0,0.0,0.0,0,0.0,local_confidence_threshold,0.65,False
dapper,stable,104,100.0,1000,24.98622097286207,33.860115377670134,34.74837408619961,34.98656616097203,24.98622097286207,0.0,0.7240926018777877,0.7240926018777877,0.0,0.0,0.0,0.0,0.0,0.0,0.0,0.0,0.0,0.0,0.0,0.0,0.0,0.0,100.0,0.0,0.0,0.0,0,0.0,local_confidence_threshold,0.65,False
dapper,stable,105,100.0,1000,24.85634769037545,33.82025179084476,34.62504012903672,34.93314580405199,24.85634769037545,0.0,0.7262361051095783,0.7262361051095783,0.0,0.0,0.0,0.0,0.0,0.0,0.0,0.0,0.0,0.0,0.0,0.0,0.0,0.0,100.0,0.0,0.0,0.0,0,0.0,local_confidence_threshold,0.65,False
dapper,stable,106,100.0,1000,24.716410963251104,33.86074949026578,34.68730165917939,34.933586993197196,24.716410963251104,0.0,0.7229428904328138,0.7229428904328138,0.0,0.0,0.0,0.0,0.0,0.0,0.0,0.0,0.0,0.0,0.0,0.0,0.0,0.0,100.0,0.0,0.0,0.0,0,0.0,local_confidence_threshold,0.65,False
dapper,stable,107,100.0,1000,24.88557902804772,33.83424628214373,34.89267109559948,34.9936438529993,24.88557902804772,0.0,0.7245133185042392,0.7245133185042392,0.0,0.0,0.0,0.0,0.0,0.0,0.0,0.0,0.0,0.0,0.0,0.0,0.0,0.0,100.0,0.0,0.0,0.0,0,0.0,local_confidence_threshold,0.65,False
dapper,stable,108,100.0,1000,25.235897183714567,34.2868707566229,34.87218349603604,34.989690121554816,25.235897183714567,0.0,0.7254394152220247,0.7254394152220247,0.0,0.0,0.0,0.0,0.0,0.0,0.0,0.0,0.0,0.0,0.0,0.0,0.0,0.0,100.0,0.0,0.0,0.0,0,0.0,local_confidence_threshold,0.65,False
dapper,stable,109,100.0,1000,25.268964708760926,34.15910526808331,34.79620852522923,34.94284900848466,25.268964708760926,0.0,0.7225069831603355,0.7225069831603355,0.0,0.0,0.0,0.0,0.0,0.0,0.0,0.0,0.0,0.0,0.0,0.0,0.0,0.0,100.0,0.0,0.0,0.0,0,0.0,local_confidence_threshold,0.65,False
dapper,stable,110,100.0,1000,24.978043487255007,33.957417382454665,34.80033649104111,34.99011804008187,24.978043487255007,0.0,0.7239727698806182,0.7239727698806182,0.0,0.0,0.0,0.0,0.0,0.0,0.0,0.0,0.0,0.0,0.0,0.0,0.0,0.0,100.0,0.0,0.0,0.0,0,0.0,local_confidence_threshold,0.65,False
dapper,stable,111,100.0,1000,25.491345575881343,33.99942489704205,34.77294614292747,34.98882482505357,25.491345575881343,0.0,0.7264559107913696,0.7264559107913696,0.0,0.0,0.0,0.0,0.0,0.0,0.0,0.0,0.0,0.0,0.0,0.0,0.0,0.0,100.0,0.0,0.0,0.0,0,0.0,local_confidence_threshold,0.65,False
dapper,stable,112,100.0,1000,25.044635098675773,33.93678625080242,34.80594764992258,34.978994945141224,25.044635098675773,0.0,0.7245903067601731,0.7245903067601731,0.0,0.0,0.0,0.0,0.0,0.0,0.0,0.0,0.0,0.0,0.0,0.0,0.0,0.0,100.0,0.0,0.0,0.0,0,0.0,local_confidence_threshold,0.65,False
dapper,stable,113,100.0,1000,24.924957379086543,33.92528008813723,34.852479041190236,34.99387303551587,24.924957379086543,0.0,0.725184772552611,0.725184772552611,0.0,0.0,0.0,0.0,0.0,0.0,0.0,0.0,0.0,0.0,0.0,0.0,0.0,0.0,100.0,0.0,0.0,0.0,0,0.0,local_confidence_threshold,0.65,False
dapper,stable,114,100.0,1000,25.128438548268,33.86993382489312,34.786318253661975,34.99771913787838,25.128438548268,0.0,0.7237524930795687,0.7237524930795687,0.0,0.0,0.0,0.0,0.0,0.0,0.0,0.0,0.0,0.0,0.0,0.0,0.0,0.0,100.0,0.0,0.0,0.0,0,0.0,local_confidence_threshold,0.65,False
dapper,stable,115,100.0,1000,25.094705607799348,34.162413089123824,34.74465384721523,34.970565607066455,25.094705607799348,0.0,0.7245886848920773,0.7245886848920773,0.0,0.0,0.0,0.0,0.0,0.0,0.0,0.0,0.0,0.0,0.0,0.0,0.0,0.0,100.0,0.0,0.0,0.0,0,0.0,local_confidence_threshold,0.65,False
dapper,stable,116,100.0,1000,25.028301912688907,34.05041769477859,34.88445460350265,34.99403448766891,25.028301912688907,0.0,0.7244573126145593,0.7244573126145593,0.0,0.0,0.0,0.0,0.0,0.0,0.0,0.0,0.0,0.0,0.0,0.0,0.0,0.0,100.0,0.0,0.0,0.0,0,0.0,local_confidence_threshold,0.65,False
dapper,stable,117,100.0,1000,24.997182216762514,33.94211020128963,34.806950360419165,34.98156739475102,24.997182216762514,0.0,0.7238166310991714,0.7238166310991714,0.0,0.0,0.0,0.0,0.0,0.0,0.0,0.0,0.0,0.0,0.0,0.0,0.0,0.0,100.0,0.0,0.0,0.0,0,0.0,local_confidence_threshold,0.65,False
dapper,stable,118,100.0,1000,25.026589048763064,34.146334679362305,34.835239525322194,34.964244111574146,25.026589048763064,0.0,0.7280528994609765,0.7280528994609765,0.0,0.0,0.0,0.0,0.0,0.0,0.0,0.0,0.0,0.0,0.0,0.0,0.0,0.0,100.0,0.0,0.0,0.0,0,0.0,local_confidence_threshold,0.65,False
dapper,stable,119,100.0,1000,24.80107188012856,34.00280379558126,34.81754573602827,34.936826663719394,24.80107188012856,0.0,0.7243707963012889,0.7243707963012889,0.0,0.0,0.0,0.0,0.0,0.0,0.0,0.0,0.0,0.0,0.0,0.0,0.0,0.0,100.0,0.0,0.0,0.0,0,0.0,local_confidence_threshold,0.65,False
dapper,stable,120,100.0,1000,25.000139802139184,33.83887438020657,34.75482963071029,34.96519781982063,25.000139802139184,0.0,0.7247996031934949,0.7247996031934949,0.0,0.0,0.0,0.0,0.0,0.0,0.0,0.0,0.0,0.0,0.0,0.0,0.0,0.0,100.0,0.0,0.0,0.0,0,0.0,local_confidence_threshold,0.65,False
dapper,stable,121,100.0,1000,24.870142370806825,34.08802278656587,34.79782372711737,34.96061084968983,24.870142370806825,0.0,0.7235062491591376,0.7235062491591376,0.0,0.0,0.0,0.0,0.0,0.0,0.0,0.0,0.0,0.0,0.0,0.0,0.0,0.0,100.0,0.0,0.0,0.0,0,0.0,local_confidence_threshold,0.65,False
dapper,stable,122,100.0,1000,24.829111935230273,33.958468133447,34.74506049633189,34.924143640943036,24.829111935230273,0.0,0.7259117747422895,0.7259117747422895,0.0,0.0,0.0,0.0,0.0,0.0,0.0,0.0,0.0,0.0,0.0,0.0,0.0,0.0,100.0,0.0,0.0,0.0,0,0.0,local_confidence_threshold,0.65,False
dapper,stable,123,100.0,1000,25.35470141463279,34.01400394209814,34.728637206489786,34.90743937957425,25.35470141463279,0.0,0.7231039957478556,0.7231039957478556,0.0,0.0,0.0,0.0,0.0,0.0,0.0,0.0,0.0,0.0,0.0,0.0,0.0,0.0,100.0,0.0,0.0,0.0,0,0.0,local_confidence_threshold,0.65,False
dapper,stable,124,100.0,1000,25.00583269004324,34.03261405514325,34.80612955591713,34.95256595801938,25.00583269004324,0.0,0.7270004160651047,0.7270004160651047,0.0,0.0,0.0,0.0,0.0,0.0,0.0,0.0,0.0,0.0,0.0,0.0,0.0,0.0,100.0,0.0,0.0,0.0,0,0.0,local_confidence_threshold,0.65,False
dapper,stable,125,100.0,1000,24.9867591189863,33.982185709447386,34.8021659840167,34.99165214842439,24.9867591189863,0.0,0.7268533605073024,0.7268533605073024,0.0,0.0,0.0,0.0,0.0,0.0,0.0,0.0,0.0,0.0,0.0,0.0,0.0,0.0,100.0,0.0,0.0,0.0,0,0.0,local_confidence_threshold,0.65,False
dapper,stable,126,100.0,1000,24.628886386363657,33.70638744138536,34.672811784104226,34.983867296625746,24.628886386363657,0.0,0.726794351381784,0.726794351381784,0.0,0.0,0.0,0.0,0.0,0.0,0.0,0.0,0.0,0.0,0.0,0.0,0.0,0.0,100.0,0.0,0.0,0.0,0,0.0,local_confidence_threshold,0.65,False
dapper,stable,127,100.0,1000,25.164646066804526,34.17312143282042,34.80106095916998,34.970740898815485,25.164646066804526,0.0,0.7237258806201099,0.7237258806201099,0.0,0.0,0.0,0.0,0.0,0.0,0.0,0.0,0.0,0.0,0.0,0.0,0.0,0.0,100.0,0.0,0.0,0.0,0,0.0,local_confidence_threshold,0.65,False
dapper,stable,128,100.0,1000,25.178185128090664,33.92859815320874,34.67968897440042,34.972660274630584,25.178185128090664,0.0,0.7271450910033325,0.7271450910033325,0.0,0.0,0.0,0.0,0.0,0.0,0.0,0.0,0.0,0.0,0.0,0.0,0.0,0.0,100.0,0.0,0.0,0.0,0,0.0,local_confidence_threshold,0.65,False
dapper,stable,129,100.0,1000,25.217209562918274,34.07064808785484,34.83459462785327,34.9933571344785,25.217209562918274,0.0,0.722736266433297,0.722736266433297,0.0,0.0,0.0,0.0,0.0,0.0,0.0,0.0,0.0,0.0,0.0,0.0,0.0,0.0,100.0,0.0,0.0,0.0,0,0.0,local_confidence_threshold,0.65,False
dapper,congested,100,100.0,1000,24.824557271985057,33.928407620489025,34.77556075006328,34.97404020175507,24.824557271985057,0.0,0.7231225654703062,0.7231225654703062,0.0,0.0,0.0,0.004,0.004,0.0,0.0,0.0,0.0,0.0,0.0,0.0,0.0,0.0,99.6,0.0,0.0,0.4,8,8.0,local_confidence_threshold,0.65,False
dapper,congested,101,100.0,1000,25.026673523971784,34.03466107987438,34.84243479054015,34.99327875607795,25.026673523971784,0.0,0.7239603822715144,0.7239603822715144,0.0,0.0,0.0,0.007,0.007,0.0,0.0,0.0,0.0,0.0,0.0,0.0,0.0,0.0,99.3,0.0,0.0,0.7000000000000001,12,12.0,local_confidence_threshold,0.65,False
dapper,congested,102,100.0,1000,24.829712790777762,33.96479457393766,34.69588731781126,34.989536221406055,24.829712790777762,0.0,0.7270052366898776,0.7270052366898776,0.0,0.0,0.0,0.008,0.008,0.0,0.0,0.0,0.0,0.0,0.0,0.0,0.0,0.0,99.2,0.0,0.0,0.8,14,14.0,local_confidence_threshold,0.65,False
dapper,congested,103,100.0,1000,24.892785643695664,34.09454856492267,34.78542999553827,34.985893217625524,24.892785643695664,0.0,0.7249187188165734,0.7249187188165734,0.0,0.0,0.0,0.006,0.006,0.0,0.0,0.0,0.0,0.0,0.0,0.0,0.0,0.0,99.4,0.0,0.0,0.6,12,12.0,local_confidence_threshold,0.65,False
dapper,congested,104,100.0,1000,24.77796847513708,33.81394766067372,34.81048977789511,34.94578824107255,24.77796847513708,0.0,0.7272547943451833,0.7272547943451833,0.0,0.0,0.0,0.008,0.008,0.0,0.0,0.0,0.0,0.0,0.0,0.0,0.0,0.0,99.2,0.0,0.0,0.8,14,14.0,local_confidence_threshold,0.65,False
dapper,congested,105,100.0,1000,24.677162661323955,34.007432758127685,34.86009343610894,34.98145078352877,24.677162661323955,0.0,0.7241646482306923,0.7241646482306923,0.0,0.0,0.0,0.008,0.008,0.0,0.0,0.0,0.0,0.0,0.0,0.0,0.0,0.0,99.2,0.0,0.0,0.8,12,12.0,local_confidence_threshold,0.65,False
dapper,congested,106,100.0,1000,24.772684967250918,33.98450796903268,34.753821099438774,34.98979405154197,24.772684967250918,0.0,0.7262080408789683,0.7262080408789683,0.0,0.0,0.0,0.007,0.007,0.0,0.0,0.0,0.0,0.0,0.0,0.0,0.0,0.0,99.3,0.0,0.0,0.7000000000000001,8,8.0,local_confidence_threshold,0.65,False
dapper,congested,107,100.0,1000,24.763848167260303,33.88426057014752,34.77470672268729,34.998762184541775,24.763848167260303,0.0,0.7257346306649486,0.7257346306649486,0.0,0.0,0.0,0.005,0.005,0.0,0.0,0.0,0.0,0.0,0.0,0.0,0.0,0.0,99.5,0.0,0.0,0.5,8,8.0,local_confidence_threshold,0.65,False
dapper,congested,108,100.0,1000,24.953177155047733,33.943119032195405,34.814499351033405,34.99655745974279,24.953177155047733,0.0,0.7244295155267036,0.7244295155267036,0.0,0.0,0.0,0.008,0.008,0.0,0.0,0.0,0.0,0.0,0.0,0.0,0.0,0.0,99.2,0.0,0.0,0.8,14,14.0,local_confidence_threshold,0.65,False
dapper,congested,109,100.0,1000,24.847059358357548,33.93181537323021,34.785030538309286,34.98925809716232,24.847059358357548,0.0,0.7234323551786083,0.7234323551786083,0.0,0.0,0.0,0.007,0.007,0.0,0.0,0.0,0.0,0.0,0.0,0.0,0.0,0.0,99.3,0.0,0.0,0.7000000000000001,10,10.0,local_confidence_threshold,0.65,False
dapper,congested,110,100.0,1000,24.70223165713215,33.71973175922034,34.60151524624712,34.90888622322395,24.70223165713215,0.0,0.7246938266396346,0.7246938266396346,0.0,0.0,0.0,0.005,0.005,0.0,0.0,0.0,0.0,0.0,0.0,0.0,0.0,0.0,99.5,0.0,0.0,0.5,8,8.0,local_confidence_threshold,0.65,False
dapper,congested,111,100.0,1000,24.94253826558974,33.995133250212476,34.74455155405684,34.96241421096305,24.94253826558974,0.0,0.7254545302713125,0.7254545302713125,0.0,0.0,0.0,0.008,0.008,0.0,0.0,0.0,0.0,0.0,0.0,0.0,0.0,0.0,99.2,0.0,0.0,0.8,14,14.0,local_confidence_threshold,0.65,False
dapper,congested,112,100.0,1000,24.86963877249279,33.90095224371657,34.76580213455383,34.985906989642146,24.86963877249279,0.0,0.7266076329631779,0.7266076329631779,0.0,0.0,0.0,0.013,0.013,0.0,0.0,0.0,0.0,0.0,0.0,0.0,0.0,0.0,98.7,0.0,0.0,1.3,18,18.0,local_confidence_threshold,0.65,False
dapper,congested,113,100.0,1000,24.72292431672843,33.938019364553725,34.77247181035648,34.98424994294581,24.72292431672843,0.0,0.7265134749764945,0.7265134749764945,0.0,0.0,0.0,0.007,0.007,0.0,0.0,0.0,0.0,0.0,0.0,0.0,0.0,0.0,99.3,0.0,0.0,0.7000000000000001,12,12.0,local_confidence_threshold,0.65,False
dapper,congested,114,100.0,1000,24.915906991902833,33.99518413696301,34.87476614646897,34.96282987218834,24.915906991902833,0.0,0.7286233928366593,0.7286233928366593,0.0,0.0,0.0,0.008,0.008,0.0,0.0,0.0,0.0,0.0,0.0,0.0,0.0,0.0,99.2,0.0,0.0,0.8,10,10.0,local_confidence_threshold,0.65,False
dapper,congested,115,100.0,1000,25.085740611498316,34.01033183391731,34.751795785617006,34.96593743598228,25.085740611498316,0.0,0.722824442674691,0.722824442674691,0.0,0.0,0.0,0.006,0.006,0.0,0.0,0.0,0.0,0.0,0.0,0.0,0.0,0.0,99.4,0.0,0.0,0.6,10,10.0,local_confidence_threshold,0.65,False
dapper,congested,116,100.0,1000,25.324934204252145,33.95730249293956,34.77240430108412,34.9771698353159,25.324934204252145,0.0,0.7260315559209485,0.7260315559209485,0.0,0.0,0.0,0.008,0.008,0.0,0.0,0.0,0.0,0.0,0.0,0.0,0.0,0.0,99.2,0.0,0.0,0.8,16,16.0,local_confidence_threshold,0.65,False
dapper,congested,117,100.0,1000,24.38620885543388,33.706919736517364,34.66361864084976,34.994340946660934,24.38620885543388,0.0,0.7253330615138619,0.7253330615138619,0.0,0.0,0.0,0.008,0.008,0.0,0.0,0.0,0.0,0.0,0.0,0.0,0.0,0.0,99.2,0.0,0.0,0.8,16,16.0,local_confidence_threshold,0.65,False
dapper,congested,118,100.0,1000,25.01023416650803,34.01490807545646,34.75940662114508,34.968506891824205,25.01023416650803,0.0,0.7268033495517163,0.7268033495517163,0.0,0.0,0.0,0.007,0.007,0.0,0.0,0.0,0.0,0.0,0.0,0.0,0.0,0.0,99.3,0.0,0.0,0.7000000000000001,12,12.0,local_confidence_threshold,0.65,False
dapper,congested,119,100.0,1000,25.237974362405513,33.930297923071485,34.79939395844596,34.97944595589328,25.237974362405513,0.0,0.7235998627315303,0.7235998627315303,0.0,0.0,0.0,0.005,0.005,0.0,0.0,0.0,0.0,0.0,0.0,0.0,0.0,0.0,99.5,0.0,0.0,0.5,8,8.0,local_confidence_threshold,0.65,False
dapper,congested,120,100.0,1000,24.770729236686982,33.99634834863332,34.78821886321599,34.985958566309606,24.770729236686982,0.0,0.724149083598059,0.724149083598059,0.0,0.0,0.0,0.008,0.008,0.0,0.0,0.0,0.0,0.0,0.0,0.0,0.0,0.0,99.2,0.0,0.0,0.8,16,16.0,local_confidence_threshold,0.65,False
dapper,congested,121,100.0,1000,24.670024513531853,33.750343569648706,34.75280697328194,34.996277370025744,24.670024513531853,0.0,0.7242193034879331,0.7242193034879331,0.0,0.0,0.0,0.006,0.006,0.0,0.0,0.0,0.0,0.0,0.0,0.0,0.0,0.0,99.4,0.0,0.0,0.6,10,10.0,local_confidence_threshold,0.65,False
dapper,congested,122,100.0,1000,24.53787182490916,33.83751458842038,34.770700984913006,34.91653465760954,24.53787182490916,0.0,0.726925307989091,0.726925307989091,0.0,0.0,0.0,0.013,0.013,0.0,0.0,0.0,0.0,0.0,0.0,0.0,0.0,0.0,98.7,0.0,0.0,1.3,14,14.0,local_confidence_threshold,0.65,False
dapper,congested,123,100.0,1000,24.972968667791022,34.0068905091913,34.771507219222585,34.98883073588995,24.972968667791022,0.0,0.7231981737549722,0.7231981737549722,0.0,0.0,0.0,0.002,0.002,0.0,0.0,0.0,0.0,0.0,0.0,0.0,0.0,0.0,99.8,0.0,0.0,0.2,4,4.0,local_confidence_threshold,0.65,False
dapper,congested,124,100.0,1000,24.68398444976012,33.74309287533703,34.66363593071505,34.94326242767353,24.68398444976012,0.0,0.7246698111318651,0.7246698111318651,0.0,0.0,0.0,0.006,0.006,0.0,0.0,0.0,0.0,0.0,0.0,0.0,0.0,0.0,99.4,0.0,0.0,0.6,10,10.0,local_confidence_threshold,0.65,False
dapper,congested,125,100.0,1000,24.725669553063664,34.05786747219948,34.83418763630404,34.99974319601896,24.725669553063664,0.0,0.7228975062228786,0.7228975062228786,0.0,0.0,0.0,0.012,0.012,0.0,0.0,0.0,0.0,0.0,0.0,0.0,0.0,0.0,98.8,0.0,0.0,1.2,14,14.0,local_confidence_threshold,0.65,False
dapper,congested,126,100.0,1000,24.961010734873252,33.97988585528562,34.774114294105054,34.99086328598782,24.961010734873252,0.0,0.7258907807888281,0.7258907807888281,0.0,0.0,0.0,0.002,0.002,0.0,0.0,0.0,0.0,0.0,0.0,0.0,0.0,0.0,99.8,0.0,0.0,0.2,4,4.0,local_confidence_threshold,0.65,False
dapper,congested,127,100.0,1000,24.79915459305446,33.97839515917549,34.71031183612322,34.99801668883106,24.79915459305446,0.0,0.7241769809830646,0.7241769809830646,0.0,0.0,0.0,0.01,0.01,0.0,0.0,0.0,0.0,0.0,0.0,0.0,0.0,0.0,99.0,0.0,0.0,1.0,18,18.0,local_confidence_threshold,0.65,False
dapper,congested,128,100.0,1000,24.671514882986425,34.08647701991846,34.783499539553866,34.99302751306131,24.671514882986425,0.0,0.72324842617587,0.72324842617587,0.0,0.0,0.0,0.008,0.008,0.0,0.0,0.0,0.0,0.0,0.0,0.0,0.0,0.0,99.2,0.0,0.0,0.8,12,12.0,local_confidence_threshold,0.65,False
dapper,congested,129,100.0,1000,24.599702966215787,33.90591045177916,34.77957296022762,34.981958638619645,24.599702966215787,0.0,0.7227863941222297,0.7227863941222297,0.0,0.0,0.0,0.013,0.013,0.0,0.0,0.0,0.0,0.0,0.0,0.0,0.0,0.0,98.7,0.0,0.0,1.3,20,20.0,local_confidence_threshold,0.65,False
dapper,lossy,100,100.0,1000,25.284238375351617,34.04718924628941,34.84826155800029,34.98907189172226,25.284238375351617,0.0,0.7261089761349956,0.7261089761349956,0.0,0.0,0.0,0.0,0.0,0.0,0.0,0.0,0.0,0.0,0.0,0.0,0.0,0.0,100.0,0.0,0.0,0.0,0,0.0,local_confidence_threshold,0.65,False
dapper,lossy,101,100.0,1000,25.059527190349893,34.120642165867906,34.8265496982896,34.99538718567808,25.059527190349893,0.0,0.7233638220296621,0.7233638220296621,0.0,0.0,0.0,0.0,0.0,0.0,0.0,0.0,0.0,0.0,0.0,0.0,0.0,0.0,100.0,0.0,0.0,0.0,0,0.0,local_confidence_threshold,0.65,False
dapper,lossy,102,100.0,1000,24.993003502753638,33.78557770295638,34.81151542684563,34.990087052311324,24.993003502753638,0.0,0.7247993890094673,0.7247993890094673,0.0,0.0,0.0,0.0,0.0,0.0,0.0,0.0,0.0,0.0,0.0,0.0,0.0,0.0,100.0,0.0,0.0,0.0,0,0.0,local_confidence_threshold,0.65,False
dapper,lossy,103,100.0,1000,25.072925546868568,34.23372242321619,34.794279965090745,34.9768308072483,25.072925546868568,0.0,0.7255664298957895,0.7255664298957895,0.0,0.0,0.0,0.0,0.0,0.0,0.0,0.0,0.0,0.0,0.0,0.0,0.0,0.0,100.0,0.0,0.0,0.0,0,0.0,local_confidence_threshold,0.65,False
dapper,lossy,104,100.0,1000,24.952721574773207,33.7641107522445,34.821547122134376,34.99174516374082,24.952721574773207,0.0,0.725270205207262,0.725270205207262,0.0,0.0,0.0,0.0,0.0,0.0,0.0,0.0,0.0,0.0,0.0,0.0,0.0,0.0,100.0,0.0,0.0,0.0,0,0.0,local_confidence_threshold,0.65,False
dapper,lossy,105,100.0,1000,25.095152971928933,33.826524025580916,34.67873591147265,34.99594666457182,25.095152971928933,0.0,0.7248747477212536,0.7248747477212536,0.0,0.0,0.0,0.0,0.0,0.0,0.0,0.0,0.0,0.0,0.0,0.0,0.0,0.0,100.0,0.0,0.0,0.0,0,0.0,local_confidence_threshold,0.65,False
dapper,lossy,106,100.0,1000,24.856568122610433,33.832964597231225,34.72189143706977,34.99784375073101,24.856568122610433,0.0,0.7235813767870335,0.7235813767870335,0.0,0.0,0.0,0.0,0.0,0.0,0.0,0.0,0.0,0.0,0.0,0.0,0.0,0.0,100.0,0.0,0.0,0.0,0,0.0,local_confidence_threshold,0.65,False
dapper,lossy,107,100.0,1000,24.68158080592215,34.00414573371424,34.83973190471446,34.99325658145116,24.68158080592215,0.0,0.7241940517114336,0.7241940517114336,0.0,0.0,0.0,0.0,0.0,0.0,0.0,0.0,0.0,0.0,0.0,0.0,0.0,0.0,100.0,0.0,0.0,0.0,0,0.0,local_confidence_threshold,0.65,False
dapper,lossy,108,100.0,1000,25.047265262517854,34.05795037600457,34.73288919337191,34.96757252768798,25.047265262517854,0.0,0.7235643813542582,0.7235643813542582,0.0,0.0,0.0,0.0,0.0,0.0,0.0,0.0,0.0,0.0,0.0,0.0,0.0,0.0,100.0,0.0,0.0,0.0,0,0.0,local_confidence_threshold,0.65,False
dapper,lossy,109,100.0,1000,24.775139056545807,34.049418286887835,34.7919194149339,34.94624843509132,24.775139056545807,0.0,0.7212325912059436,0.7212325912059436,0.0,0.0,0.0,0.0,0.0,0.0,0.0,0.0,0.0,0.0,0.0,0.0,0.0,0.0,100.0,0.0,0.0,0.0,0,0.0,local_confidence_threshold,0.65,False
dapper,lossy,110,100.0,1000,25.004520730247734,33.8683404853258,34.86997539103268,34.98456857838196,25.004520730247734,0.0,0.7268739784421301,0.7268739784421301,0.0,0.0,0.0,0.0,0.0,0.0,0.0,0.0,0.0,0.0,0.0,0.0,0.0,0.0,100.0,0.0,0.0,0.0,0,0.0,local_confidence_threshold,0.65,False
dapper,lossy,111,100.0,1000,24.90307640535743,34.14835345167596,34.756755348825656,34.981698697795565,24.90307640535743,0.0,0.7248703254305311,0.7248703254305311,0.0,0.0,0.0,0.0,0.0,0.0,0.0,0.0,0.0,0.0,0.0,0.0,0.0,0.0,100.0,0.0,0.0,0.0,0,0.0,local_confidence_threshold,0.65,False
dapper,lossy,112,100.0,1000,24.956367632930085,34.151123089835,34.870234716853815,34.962158450180866,24.956367632930085,0.0,0.7253954496233768,0.7253954496233768,0.0,0.0,0.0,0.0,0.0,0.0,0.0,0.0,0.0,0.0,0.0,0.0,0.0,0.0,100.0,0.0,0.0,0.0,0,0.0,local_confidence_threshold,0.65,False
dapper,lossy,113,100.0,1000,25.11573781751927,34.14436127878192,34.867885766711,34.99782157537433,25.11573781751927,0.0,0.7254462125679975,0.7254462125679975,0.0,0.0,0.0,0.0,0.0,0.0,0.0,0.0,0.0,0.0,0.0,0.0,0.0,0.0,100.0,0.0,0.0,0.0,0,0.0,local_confidence_threshold,0.65,False
dapper,lossy,114,100.0,1000,25.05695156474369,34.026649628584615,34.857774174382406,34.983091762156874,25.05695156474369,0.0,0.72440817275247,0.72440817275247,0.0,0.0,0.0,0.0,0.0,0.0,0.0,0.0,0.0,0.0,0.0,0.0,0.0,0.0,100.0,0.0,0.0,0.0,0,0.0,local_confidence_threshold,0.65,False
dapper,lossy,115,100.0,1000,24.76252752899427,34.140208891814694,34.85306689119638,34.992962372181864,24.76252752899427,0.0,0.7251726691219196,0.7251726691219196,0.0,0.0,0.0,0.0,0.0,0.0,0.0,0.0,0.0,0.0,0.0,0.0,0.0,0.0,100.0,0.0,0.0,0.0,0,0.0,local_confidence_threshold,0.65,False
dapper,lossy,116,100.0,1000,24.951356764470432,33.914227978461774,34.857265543400885,34.99525986411179,24.951356764470432,0.0,0.7243445892890008,0.7243445892890008,0.0,0.0,0.0,0.0,0.0,0.0,0.0,0.0,0.0,0.0,0.0,0.0,0.0,0.0,100.0,0.0,0.0,0.0,0,0.0,local_confidence_threshold,0.65,False
dapper,lossy,117,100.0,1000,25.037129912861214,33.9567672696681,34.764351269100246,34.996388970755305,25.037129912861214,0.0,0.726073452957747,0.726073452957747,0.0,0.0,0.0,0.0,0.0,0.0,0.0,0.0,0.0,0.0,0.0,0.0,0.0,0.0,100.0,0.0,0.0,0.0,0,0.0,local_confidence_threshold,0.65,False
dapper,lossy,118,100.0,1000,24.83203368389728,33.86314293776527,34.704566823658226,34.94197590424748,24.83203368389728,0.0,0.7277094589160901,0.7277094589160901,0.0,0.0,0.0,0.0,0.0,0.0,0.0,0.0,0.0,0.0,0.0,0.0,0.0,0.0,100.0,0.0,0.0,0.0,0,0.0,local_confidence_threshold,0.65,False
dapper,lossy,119,100.0,1000,25.22380561542694,34.16353447898527,34.88856396573517,34.993426719837316,25.22380561542694,0.0,0.72570145608929,0.72570145608929,0.0,0.0,0.0,0.0,0.0,0.0,0.0,0.0,0.0,0.0,0.0,0.0,0.0,0.0,100.0,0.0,0.0,0.0,0,0.0,local_confidence_threshold,0.65,False
dapper,lossy,120,100.0,1000,24.94356883456326,33.94762430607923,34.82126839451995,34.99480299428936,24.94356883456326,0.0,0.7242446744200584,0.7242446744200584,0.0,0.0,0.0,0.0,0.0,0.0,0.0,0.0,0.0,0.0,0.0,0.0,0.0,0.0,100.0,0.0,0.0,0.0,0,0.0,local_confidence_threshold,0.65,False
dapper,lossy,121,100.0,1000,24.890186762682326,33.9509837447526,34.75636721943252,34.9865485323475,24.890186762682326,0.0,0.7226738180182367,0.7226738180182367,0.0,0.0,0.0,0.0,0.0,0.0,0.0,0.0,0.0,0.0,0.0,0.0,0.0,0.0,100.0,0.0,0.0,0.0,0,0.0,local_confidence_threshold,0.65,False
dapper,lossy,122,100.0,1000,25.08579289471596,34.07524967583675,34.72465675884838,34.92311681265087,25.08579289471596,0.0,0.7253656451784852,0.7253656451784852,0.0,0.0,0.0,0.0,0.0,0.0,0.0,0.0,0.0,0.0,0.0,0.0,0.0,0.0,100.0,0.0,0.0,0.0,0,0.0,local_confidence_threshold,0.65,False
dapper,lossy,123,100.0,1000,24.817178107343594,33.97858252982191,34.71884738710505,34.9640180768012,24.817178107343594,0.0,0.725177200048534,0.725177200048534,0.0,0.0,0.0,0.0,0.0,0.0,0.0,0.0,0.0,0.0,0.0,0.0,0.0,0.0,100.0,0.0,0.0,0.0,0,0.0,local_confidence_threshold,0.65,False
dapper,lossy,124,100.0,1000,25.144076835710404,34.0084817041087,34.82162623829404,34.999930978152555,25.144076835710404,0.0,0.7252006399861742,0.7252006399861742,0.0,0.0,0.0,0.0,0.0,0.0,0.0,0.0,0.0,0.0,0.0,0.0,0.0,0.0,100.0,0.0,0.0,0.0,0,0.0,local_confidence_threshold,0.65,False
dapper,lossy,125,100.0,1000,25.290207315525716,34.07810779324134,34.85987931432081,34.99675173862079,25.290207315525716,0.0,0.725008358044021,0.725008358044021,0.0,0.0,0.0,0.0,0.0,0.0,0.0,0.0,0.0,0.0,0.0,0.0,0.0,0.0,100.0,0.0,0.0,0.0,0,0.0,local_confidence_threshold,0.65,False
dapper,lossy,126,100.0,1000,25.012306557377276,34.01851118868758,34.87231873366858,34.99707928007821,25.012306557377276,0.0,0.7223553858756083,0.7223553858756083,0.0,0.0,0.0,0.0,0.0,0.0,0.0,0.0,0.0,0.0,0.0,0.0,0.0,0.0,100.0,0.0,0.0,0.0,0,0.0,local_confidence_threshold,0.65,False
dapper,lossy,127,100.0,1000,24.933813775828348,34.03862120823819,34.851014551058256,34.985303846764054,24.933813775828348,0.0,0.7254720911704587,0.7254720911704587,0.0,0.0,0.0,0.0,0.0,0.0,0.0,0.0,0.0,0.0,0.0,0.0,0.0,0.0,100.0,0.0,0.0,0.0,0,0.0,local_confidence_threshold,0.65,False
dapper,lossy,128,100.0,1000,25.361525346794913,34.112832194106765,34.722796126768856,34.99638466136344,25.361525346794913,0.0,0.7258146565752936,0.7258146565752936,0.0,0.0,0.0,0.0,0.0,0.0,0.0,0.0,0.0,0.0,0.0,0.0,0.0,0.0,100.0,0.0,0.0,0.0,0,0.0,local_confidence_threshold,0.65,False
dapper,lossy,129,100.0,1000,24.956002553810663,34.060395492680186,34.85750602439408,34.980831653703675,24.956002553810663,0.0,0.7240405957959037,0.7240405957959037,0.0,0.0,0.0,0.0,0.0,0.0,0.0,0.0,0.0,0.0,0.0,0.0,0.0,0.0,100.0,0.0,0.0,0.0,0,0.0,local_confidence_threshold,0.65,False
dapper,variable,100,100.0,1000,19.847097399190012,33.61420558459003,34.76027410675784,34.95054826151675,19.847097399190012,0.0,0.725680446030306,0.725680446030306,0.0,0.0,0.0,0.284,0.216,0.0,0.0,0.0,0.0,0.0,0.0,0.0,0.0,0.0,78.4,0.0,0.0,21.6,154,154.0,local_confidence_threshold,0.65,False
dapper,variable,101,100.0,1000,19.873228370530978,33.51859359353788,34.716729365681125,34.99816501848515,19.873228370530978,0.0,0.7271437035603974,0.7271437035603974,0.0,0.0,0.0,0.256,0.2,0.0,0.0,0.0,0.0,0.0,0.0,0.0,0.0,0.0,80.0,0.0,0.0,20.0,142,142.0,local_confidence_threshold,0.65,False
dapper,variable,102,100.0,1000,21.725835154751234,33.952084801243224,34.85412725538718,34.995332379528136,21.725835154751234,0.0,0.7253923428217819,0.7253923428217819,0.0,0.0,0.0,0.167,0.131,0.0,0.0,0.0,0.0,0.0,0.0,0.0,0.0,0.0,86.9,0.0,0.0,13.100000000000001,94,94.0,local_confidence_threshold,0.65,False
dapper,variable,103,100.0,1000,19.512093113412188,33.581179869308166,34.6745142049723,34.99051342908312,19.512093113412188,0.0,0.7261937654458711,0.7261937654458711,0.0,0.0,0.0,0.315,0.239,0.0,0.0,0.0,0.0,0.0,0.0,0.0,0.0,0.0,76.1,0.0,0.0,23.9,168,168.0,local_confidence_threshold,0.65,False
dapper,variable,104,100.0,1000,21.518439904160722,33.92297556550541,34.71580596411837,34.944614204784195,21.518439904160722,0.0,0.7272218707282757,0.7272218707282757,0.0,0.0,0.0,0.187,0.143,0.0,0.0,0.0,0.0,0.0,0.0,0.0,0.0,0.0,85.7,0.0,0.0,14.299999999999999,102,102.0,local_confidence_threshold,0.65,False
dapper,variable,105,100.0,1000,20.409246302565197,33.52133876628223,34.7773651787171,34.98077376103997,20.409246302565197,0.0,0.726150768098847,0.726150768098847,0.0,0.0,0.0,0.238,0.184,0.0,0.0,0.0,0.0,0.0,0.0,0.0,0.0,0.0,81.6,0.0,0.0,18.4,128,128.0,local_confidence_threshold,0.65,False
dapper,variable,106,100.0,1000,21.59372391817589,33.5305156645498,34.67586933903363,34.993851868805095,21.59372391817589,0.0,0.7255234671581106,0.7255234671581106,0.0,0.0,0.0,0.175,0.136,0.0,0.0,0.0,0.0,0.0,0.0,0.0,0.0,0.0,86.4,0.0,0.0,13.600000000000001,96,96.0,local_confidence_threshold,0.65,False
dapper,variable,107,100.0,1000,20.056441701403287,33.56666120695883,34.6268453225655,34.98148819897819,20.056441701403287,0.0,0.723739164005539,0.723739164005539,0.0,0.0,0.0,0.261,0.201,0.0,0.0,0.0,0.0,0.0,0.0,0.0,0.0,0.0,79.9,0.0,0.0,20.1,146,146.0,local_confidence_threshold,0.65,False
dapper,variable,108,100.0,1000,20.480881005394448,33.99159903353784,34.77692101060002,34.94872090187498,20.480881005394448,0.0,0.7257838058382391,0.7257838058382391,0.0,0.0,0.0,0.26,0.196,0.0,0.0,0.0,0.0,0.0,0.0,0.0,0.0,0.0,80.4,0.0,0.0,19.6,140,140.0,local_confidence_threshold,0.65,False
dapper,variable,109,100.0,1000,21.210997956041414,33.76823065319891,34.76110730262953,34.98660651522982,21.210997956041414,0.0,0.7237472249348079,0.7237472249348079,0.0,0.0,0.0,0.203,0.156,0.0,0.0,0.0,0.0,0.0,0.0,0.0,0.0,0.0,84.39999999999999,0.0,0.0,15.6,114,114.0,local_confidence_threshold,0.65,False
dapper,variable,110,100.0,1000,20.982663888093814,33.908831310824965,34.67822534775889,34.98146709760653,20.982663888093814,0.0,0.7252583766377324,0.7252583766377324,0.0,0.0,0.0,0.226,0.171,0.0,0.0,0.0,0.0,0.0,0.0,0.0,0.0,0.0,82.89999999999999,0.0,0.0,17.1,124,124.0,local_confidence_threshold,0.65,False
dapper,variable,111,100.0,1000,21.15036747714493,33.79838354481562,34.723349040720166,34.97684653932659,21.15036747714493,0.0,0.7256303758132654,0.7256303758132654,0.0,0.0,0.0,0.216,0.166,0.0,0.0,0.0,0.0,0.0,0.0,0.0,0.0,0.0,83.39999999999999,0.0,0.0,16.6,122,122.0,local_confidence_threshold,0.65,False
dapper,variable,112,100.0,1000,21.078172240720427,34.0565418294024,34.79412676903375,34.95854802039493,21.078172240720427,0.0,0.728773769620013,0.728773769620013,0.0,0.0,0.0,0.215,0.162,0.0,0.0,0.0,0.0,0.0,0.0,0.0,0.0,0.0,83.8,0.0,0.0,16.2,118,118.0,local_confidence_threshold,0.65,False
dapper,variable,113,100.0,1000,21.273906223598555,33.57682626381407,34.78843892853948,34.96829040868747,21.273906223598555,0.0,0.7259076767330915,0.7259076767330915,0.0,0.0,0.0,0.197,0.15,0.0,0.0,0.0,0.0,0.0,0.0,0.0,0.0,0.0,85.0,0.0,0.0,15.0,108,108.0,local_confidence_threshold,0.65,False
dapper,variable,114,100.0,1000,19.651478679764644,33.53883646549626,34.61117657596823,34.99588156157893,19.651478679764644,0.0,0.7219795376567065,0.7219795376567065,0.0,0.0,0.0,0.266,0.205,0.0,0.0,0.0,0.0,0.0,0.0,0.0,0.0,0.0,79.5,0.0,0.0,20.5,150,150.0,local_confidence_threshold,0.65,False
dapper,variable,115,100.0,1000,21.45827282696581,33.34691437699113,34.626745067103904,34.87718954629805,21.45827282696581,0.0,0.7230935571850724,0.7230935571850724,0.0,0.0,0.0,0.176,0.137,0.0,0.0,0.0,0.0,0.0,0.0,0.0,0.0,0.0,86.3,0.0,0.0,13.700000000000001,108,108.0,local_confidence_threshold,0.65,False
dapper,variable,116,100.0,1000,20.840460970931165,33.98344969197258,34.76841725790863,34.94714462527301,20.840460970931165,0.0,0.7289372186607409,0.7289372186607409,0.0,0.0,0.0,0.239,0.184,0.0,0.0,0.0,0.0,0.0,0.0,0.0,0.0,0.0,81.6,0.0,0.0,18.4,136,136.0,local_confidence_threshold,0.65,False
dapper,variable,117,100.0,1000,22.76021868961211,34.240173789397694,34.82080355680936,34.990866631104254,22.76021868961211,0.0,0.7236897900442029,0.7236897900442029,0.0,0.0,0.0,0.132,0.1,0.0,0.0,0.0,0.0,0.0,0.0,0.0,0.0,0.0,90.0,0.0,0.0,10.0,70,70.0,local_confidence_threshold,0.65,False
dapper,variable,118,100.0,1000,21.19990772515089,33.5101571170854,34.37942051281876,34.868091607089696,21.19990772515089,0.0,0.7249084744953512,0.7249084744953512,0.0,0.0,0.0,0.193,0.148,0.0,0.0,0.0,0.0,0.0,0.0,0.0,0.0,0.0,85.2,0.0,0.0,14.799999999999999,110,110.0,local_confidence_threshold,0.65,False
dapper,variable,119,100.0,1000,20.98980792595105,33.65904383541709,34.57959716197339,34.99635852821138,20.98980792595105,0.0,0.7244109584616726,0.7244109584616726,0.0,0.0,0.0,0.218,0.166,0.0,0.0,0.0,0.0,0.0,0.0,0.0,0.0,0.0,83.39999999999999,0.0,0.0,16.6,116,116.0,local_confidence_threshold,0.65,False
dapper,variable,120,100.0,1000,21.637219680970638,33.96526001626422,34.71258654891299,34.99491157025027,21.637219680970638,0.0,0.7236256274039456,0.7236256274039456,0.0,0.0,0.0,0.179,0.134,0.0,0.0,0.0,0.0,0.0,0.0,0.0,0.0,0.0,86.6,0.0,0.0,13.4,98,98.0,local_confidence_threshold,0.65,False
dapper,variable,121,100.0,1000,20.769854338698046,33.76407787463392,34.80089032279628,34.994688323129196,20.769854338698046,0.0,0.7246801812954811,0.7246801812954811,0.0,0.0,0.0,0.217,0.168,0.0,0.0,0.0,0.0,0.0,0.0,0.0,0.0,0.0,83.2,0.0,0.0,16.8,118,118.0,local_confidence_threshold,0.65,False
dapper,variable,122,100.0,1000,21.13175821444513,33.694416258508085,34.631522901173106,34.97317679379236,21.13175821444513,0.0,0.727101792089757,0.727101792089757,0.0,0.0,0.0,0.197,0.151,0.0,0.0,0.0,0.0,0.0,0.0,0.0,0.0,0.0,84.89999999999999,0.0,0.0,15.1,110,110.0,local_confidence_threshold,0.65,False
dapper,variable,123,100.0,1000,21.09321361110236,33.79103353765298,34.79488657343286,34.98222422308634,21.09321361110236,0.0,0.7282104611957531,0.7282104611957531,0.0,0.0,0.0,0.215,0.164,0.0,0.0,0.0,0.0,0.0,0.0,0.0,0.0,0.0,83.6,0.0,0.0,16.400000000000002,119,119.0,local_confidence_threshold,0.65,False
dapper,variable,124,100.0,1000,21.732988484636902,33.61582768332837,34.67732058291188,34.996246009129095,21.732988484636902,0.0,0.7242599698219147,0.7242599698219147,0.0,0.0,0.0,0.169,0.132,0.0,0.0,0.0,0.0,0.0,0.0,0.0,0.0,0.0,86.8,0.0,0.0,13.200000000000001,94,94.0,local_confidence_threshold,0.65,False
dapper,variable,125,100.0,1000,20.769788307085673,33.55572104656107,34.7780426012565,34.94952031560075,20.769788307085673,0.0,0.7246252838037862,0.7246252838037862,0.0,0.0,0.0,0.222,0.17,0.0,0.0,0.0,0.0,0.0,0.0,0.0,0.0,0.0,83.0,0.0,0.0,17.0,124,124.0,local_confidence_threshold,0.65,False
dapper,variable,126,100.0,1000,21.1478810158433,33.75159446968112,34.720173914570076,34.997585709381326,21.1478810158433,0.0,0.7296789516875403,0.7296789516875403,0.0,0.0,0.0,0.21,0.163,0.0,0.0,0.0,0.0,0.0,0.0,0.0,0.0,0.0,83.7,0.0,0.0,16.3,115,115.0,local_confidence_threshold,0.65,False
dapper,variable,127,100.0,1000,20.660215773075464,34.01155392391131,34.710521322396545,34.9805264786951,20.660215773075464,0.0,0.7254115546748069,0.7254115546748069,0.0,0.0,0.0,0.245,0.187,0.0,0.0,0.0,0.0,0.0,0.0,0.0,0.0,0.0,81.3,0.0,0.0,18.7,132,132.0,local_confidence_threshold,0.65,False
dapper,variable,128,100.0,1000,19.588881490818014,33.63444553862527,34.724924465655434,34.96530254190218,19.588881490818014,0.0,0.7260593204690197,0.7260593204690197,0.0,0.0,0.0,0.278,0.214,0.0,0.0,0.0,0.0,0.0,0.0,0.0,0.0,0.0,78.60000000000001,0.0,0.0,21.4,154,154.0,local_confidence_threshold,0.65,False
dapper,variable,129,100.0,1000,21.009790891695804,33.95183803633796,34.77333674805944,34.967648156933706,21.009790891695804,0.0,0.7216296347896245,0.7216296347896245,0.0,0.0,0.0,0.227,0.175,0.0,0.0,0.0,0.0,0.0,0.0,0.0,0.0,0.0,82.5,0.0,0.0,17.5,120,120.0,local_confidence_threshold,0.65,False
dapper,outage,100,100.0,1000,7.390958833110617,31.53222247776869,33.92161243264051,34.99545577037872,7.390958833110617,0.0,0.7256162643603677,0.7256162643603677,0.0,0.0,0.0,1.0,0.735,0.0,0.0,0.0,0.0,0.0,0.0,0.0,0.0,0.0,22.6,0.0,0.0,77.4,422,422.0,local_confidence_threshold,0.65,False
dapper,outage,101,100.0,1000,7.394054329988902,31.520563490832846,34.26171430265933,34.94450915915627,7.394054329988902,0.0,0.7269702216094329,0.7269702216094329,0.0,0.0,0.0,1.0,0.736,0.0,0.0,0.0,0.0,0.0,0.0,0.0,0.0,0.0,21.9,0.0,0.0,78.10000000000001,412,412.0,local_confidence_threshold,0.65,False
dapper,outage,102,100.0,1000,7.51680019137851,31.462924322041214,34.417701339171714,34.98162652146018,7.51680019137851,0.0,0.725179462474503,0.725179462474503,0.0,0.0,0.0,1.0,0.731,0.0,0.0,0.0,0.0,0.0,0.0,0.0,0.0,0.0,23.200000000000003,0.0,0.0,76.8,422,422.0,local_confidence_threshold,0.65,False
dapper,outage,103,100.0,1000,7.378221024983012,31.251434028184203,34.6042054298873,34.981104653112794,7.378221024983012,0.0,0.7262335249696575,0.7262335249696575,0.0,0.0,0.0,1.0,0.735,0.0,0.0,0.0,0.0,0.0,0.0,0.0,0.0,0.0,23.0,0.0,0.0,77.0,429,429.0,local_confidence_threshold,0.65,False
dapper,outage,104,100.0,1000,7.568293210290533,31.59395630138461,34.54533747275368,34.97633437705056,7.568293210290533,0.0,0.7263175970031922,0.7263175970031922,0.0,0.0,0.0,1.0,0.728,0.0,0.0,0.0,0.0,0.0,0.0,0.0,0.0,0.0,23.5,0.0,0.0,76.5,422,422.0,local_confidence_threshold,0.65,False
dapper,outage,105,100.0,1000,7.519378267796368,31.402502329388795,34.46505659979935,34.921933732182964,7.519378267796368,0.0,0.7248271436420854,0.7248271436420854,0.0,0.0,0.0,1.0,0.732,0.0,0.0,0.0,0.0,0.0,0.0,0.0,0.0,0.0,22.8,0.0,0.0,77.2,417,417.0,local_confidence_threshold,0.65,False
dapper,outage,106,100.0,1000,7.549106265746754,31.449714720334896,34.37540672388598,34.964850295506736,7.549106265746754,0.0,0.7212594093828284,0.7212594093828284,0.0,0.0,0.0,1.0,0.732,0.0,0.0,0.0,0.0,0.0,0.0,0.0,0.0,0.0,22.3,0.0,0.0,77.7,414,414.0,local_confidence_threshold,0.65,False
dapper,outage,107,100.0,1000,7.495635529917344,31.80791921566703,34.39018497885919,34.99112443015811,7.495635529917344,0.0,0.7250211366010297,0.7250211366010297,0.0,0.0,0.0,1.0,0.733,0.0,0.0,0.0,0.0,0.0,0.0,0.0,0.0,0.0,23.1,0.0,0.0,76.9,422,422.0,local_confidence_threshold,0.65,False
dapper,outage,108,100.0,1000,7.251361824662859,31.14265792210696,34.17418822409749,34.97297658698431,7.251361824662859,0.0,0.7266974788453335,0.7266974788453335,0.0,0.0,0.0,1.0,0.736,0.0,0.0,0.0,0.0,0.0,0.0,0.0,0.0,0.0,23.0,0.0,0.0,77.0,426,426.0,local_confidence_threshold,0.65,False
dapper,outage,109,100.0,1000,7.685496458575816,31.705170488180077,34.40871885608117,34.88886016594044,7.685496458575816,0.0,0.7258121030951461,0.7258121030951461,0.0,0.0,0.0,1.0,0.729,0.0,0.0,0.0,0.0,0.0,0.0,0.0,0.0,0.0,23.5,0.0,0.0,76.5,427,427.0,local_confidence_threshold,0.65,False
dapper,outage,110,100.0,1000,7.355193804523941,30.694822041353905,34.222511546491425,34.969462845702225,7.355193804523941,0.0,0.7245809511185383,0.7245809511185383,0.0,0.0,0.0,1.0,0.735,0.0,0.0,0.0,0.0,0.0,0.0,0.0,0.0,0.0,22.8,0.0,0.0,77.2,425,425.0,local_confidence_threshold,0.65,False
dapper,outage,111,100.0,1000,7.398682547644234,31.455362565824643,34.05726657846486,34.958198085831974,7.398682547644234,0.0,0.7280638471067766,0.7280638471067766,0.0,0.0,0.0,1.0,0.732,0.0,0.0,0.0,0.0,0.0,0.0,0.0,0.0,0.0,22.900000000000002,0.0,0.0,77.10000000000001,414,414.0,local_confidence_threshold,0.65,False
dapper,outage,112,100.0,1000,7.370625290236145,31.426397231090824,34.038780941246515,34.949972127365655,7.370625290236145,0.0,0.7280606555765715,0.7280606555765715,0.0,0.0,0.0,1.0,0.734,0.0,0.0,0.0,0.0,0.0,0.0,0.0,0.0,0.0,22.1,0.0,0.0,77.9,412,412.0,local_confidence_threshold,0.65,False
dapper,outage,113,100.0,1000,7.147796806593906,30.844985093880027,33.96419838510252,34.91680130902314,7.147796806593906,0.0,0.7299582611154545,0.7299582611154545,0.0,0.0,0.0,1.0,0.737,0.0,0.0,0.0,0.0,0.0,0.0,0.0,0.0,0.0,23.200000000000003,0.0,0.0,76.8,437,437.0,local_confidence_threshold,0.65,False
dapper,outage,114,100.0,1000,7.501176014095029,31.4914309836508,34.414218678920534,34.97406829855338,7.501176014095029,0.0,0.7224631994341497,0.7224631994341497,0.0,0.0,0.0,1.0,0.728,0.0,0.0,0.0,0.0,0.0,0.0,0.0,0.0,0.0,22.3,0.0,0.0,77.7,398,398.0,local_confidence_threshold,0.65,False
dapper,outage,115,100.0,1000,7.428611862088066,30.652007764158807,34.152857588086846,34.990047900593524,7.428611862088066,0.0,0.7262317832361891,0.7262317832361891,0.0,0.0,0.0,1.0,0.735,0.0,0.0,0.0,0.0,0.0,0.0,0.0,0.0,0.0,22.2,0.0,0.0,77.8,413,413.0,local_confidence_threshold,0.65,False
dapper,outage,116,100.0,1000,7.310877248374183,30.959598437937885,34.2744524675671,34.84799240200695,7.310877248374183,0.0,0.727895972888168,0.727895972888168,0.0,0.0,0.0,1.0,0.734,0.0,0.0,0.0,0.0,0.0,0.0,0.0,0.0,0.0,23.5,0.0,0.0,76.5,434,434.0,local_confidence_threshold,0.65,False
dapper,outage,117,100.0,1000,7.385847848859415,31.09198240986329,34.14712359689956,34.96597639562117,7.385847848859415,0.0,0.7183856901372877,0.7183856901372877,0.0,0.0,0.0,1.0,0.732,0.0,0.0,0.0,0.0,0.0,0.0,0.0,0.0,0.0,21.9,0.0,0.0,78.10000000000001,403,403.0,local_confidence_threshold,0.65,False
dapper,outage,118,100.0,1000,7.254554051460061,31.241459127591458,33.60889001037177,34.741923692424066,7.254554051460061,0.0,0.7269199104810466,0.7269199104810466,0.0,0.0,0.0,1.0,0.737,0.0,0.0,0.0,0.0,0.0,0.0,0.0,0.0,0.0,22.0,0.0,0.0,78.0,408,408.0,local_confidence_threshold,0.65,False
dapper,outage,119,100.0,1000,7.544636632920723,31.97128927281031,34.12470746616695,34.92690319762808,7.544636632920723,0.0,0.7220765044472426,0.7220765044472426,0.0,0.0,0.0,1.0,0.733,0.0,0.0,0.0,0.0,0.0,0.0,0.0,0.0,0.0,23.599999999999998,0.0,0.0,76.4,434,434.0,local_confidence_threshold,0.65,False
dapper,outage,120,100.0,1000,7.2966883444603,30.892941767709793,34.211465224522804,34.99743937003936,7.2966883444603,0.0,0.7277157448014966,0.7277157448014966,0.0,0.0,0.0,1.0,0.733,0.0,0.0,0.0,0.0,0.0,0.0,0.0,0.0,0.0,22.1,0.0,0.0,77.9,410,410.0,local_confidence_threshold,0.65,False
dapper,outage,121,100.0,1000,7.333809267763978,31.109084311834984,33.97165026658857,34.64971422730907,7.333809267763978,0.0,0.7274434266949621,0.7274434266949621,0.0,0.0,0.0,1.0,0.738,0.0,0.0,0.0,0.0,0.0,0.0,0.0,0.0,0.0,22.7,0.0,0.0,77.3,427,427.0,local_confidence_threshold,0.65,False
dapper,outage,122,100.0,1000,7.251434439695796,30.60696308430699,34.355640534389124,34.986643071399804,7.251434439695796,0.0,0.7230377555986962,0.7230377555986962,0.0,0.0,0.0,1.0,0.738,0.0,0.0,0.0,0.0,0.0,0.0,0.0,0.0,0.0,21.8,0.0,0.0,78.2,412,412.0,local_confidence_threshold,0.65,False
dapper,outage,123,100.0,1000,7.348689071341893,31.31477153672879,33.77157051102519,34.93381679406212,7.348689071341893,0.0,0.7249842011830019,0.7249842011830019,0.0,0.0,0.0,1.0,0.734,0.0,0.0,0.0,0.0,0.0,0.0,0.0,0.0,0.0,22.6,0.0,0.0,77.4,416,416.0,local_confidence_threshold,0.65,False
dapper,outage,124,100.0,1000,7.660167119732145,32.1804553486177,34.264528586595944,34.941792593643456,7.660167119732145,0.0,0.7230039723105824,0.7230039723105824,0.0,0.0,0.0,1.0,0.731,0.0,0.0,0.0,0.0,0.0,0.0,0.0,0.0,0.0,22.3,0.0,0.0,77.7,400,400.0,local_confidence_threshold,0.65,False
dapper,outage,125,100.0,1000,7.350838089581009,31.434653948905787,34.32904496368304,34.97323235440945,7.350838089581009,0.0,0.7221812250823167,0.7221812250823167,0.0,0.0,0.0,1.0,0.733,0.0,0.0,0.0,0.0,0.0,0.0,0.0,0.0,0.0,23.200000000000003,0.0,0.0,76.8,428,428.0,local_confidence_threshold,0.65,False
dapper,outage,126,100.0,1000,7.215129876013096,30.710400018658593,33.86622552192073,34.99530404733341,7.215129876013096,0.0,0.725540342550057,0.725540342550057,0.0,0.0,0.0,1.0,0.738,0.0,0.0,0.0,0.0,0.0,0.0,0.0,0.0,0.0,22.6,0.0,0.0,77.4,428,428.0,local_confidence_threshold,0.65,False
dapper,outage,127,100.0,1000,7.168677740371282,30.32721903409148,33.88590346281151,34.91862325958482,7.168677740371282,0.0,0.7321660926795039,0.7321660926795039,0.0,0.0,0.0,1.0,0.738,0.0,0.0,0.0,0.0,0.0,0.0,0.0,0.0,0.0,21.9,0.0,0.0,78.10000000000001,409,409.0,local_confidence_threshold,0.65,False
dapper,outage,128,100.0,1000,7.182658284101614,30.07092856934142,34.160945540901714,34.96572059102459,7.182658284101614,0.0,0.7245057292187558,0.7245057292187558,0.0,0.0,0.0,1.0,0.736,0.0,0.0,0.0,0.0,0.0,0.0,0.0,0.0,0.0,23.0,0.0,0.0,77.0,428,428.0,local_confidence_threshold,0.65,False
dapper,outage,129,100.0,1000,7.192894149462109,30.305709714834187,34.22738591997794,34.97529884555047,7.192894149462109,0.0,0.7266441172681618,0.7266441172681618,0.0,0.0,0.0,1.0,0.738,0.0,0.0,0.0,0.0,0.0,0.0,0.0,0.0,0.0,21.3,0.0,0.0,78.7,404,404.0,local_confidence_threshold,0.65,False
dapper,stable,100,100.0,1000,25.279403323317702,33.96035223762113,34.73962355895296,34.988775105687154,33.715746504662,0.0,0.7265268897628933,0.7539994708268191,8075.0,8.075,8074.999999999999,0.0,0.0,0.0,0.323,0.9969040247678018,0.4241486068111455,0.137,0.5727554179566563,0.0,0.0030959752321981426,0.0,67.7,0.0,32.300000000000004,0.0,451,451.0,local_confidence_threshold,0.7,False
dapper,stable,101,100.0,1000,24.820657080469697,33.96040511204254,34.788072376532675,34.99828909781833,35.80965613113685,0.0,0.7249338588619687,0.7604932135145293,8500.0,8.5,8500.0,0.0,0.0,0.0,0.34,0.9852941176470589,0.5147058823529411,0.175,0.47058823529411764,0.0,0.014705882352941176,0.0,66.0,0.0,34.0,0.0,443,443.0,local_confidence_threshold,0.7,False
dapper,stable,102,100.0,1000,24.835880473076735,33.70682378335116,34.74818297607158,34.965240972972765,35.32873535062359,0.0,0.727324394359075,0.7620493986861979,7800.0,7.8,7800.0,0.0,0.0,0.0,0.312,0.9935897435897436,0.5512820512820513,0.172,0.4423076923076923,0.0,0.00641025641025641,0.0,68.8,0.0,31.2,0.0,433,433.0,local_confidence_threshold,0.7,False
dapper,stable,103,100.0,1000,24.972078044518216,34.293187186352334,34.89307765319619,34.99802137082616,36.749287774304975,0.0,0.7236659440861409,0.7619671770803346,8500.0,8.5,8500.0,0.0,0.0,0.0,0.34,0.9882352941176471,0.55,0.187,0.43823529411764706,0.0,0.011764705882352941,0.0,66.0,0.0,34.0,0.0,469,469.0,local_confidence_threshold,0.7,False
dapper,stable,104,100.0,1000,24.98622097286207,33.860115377670134,34.74837408619961,34.98656616097203,35.19248774017014,0.0,0.7240926018777877,0.7558171921585335,8150.0,8.15,8150.0,0.0,0.0,0.0,0.326,0.9938650306748467,0.5061349693251533,0.165,0.48773006134969327,0.0,0.006134969325153374,0.0,67.4,0.0,32.6,0.0,447,447.0,local_confidence_threshold,0.7,False
dapper,stable,105,100.0,1000,24.85634769037545,33.82025179084476,34.62504012903672,34.93314580405199,34.558608700142884,0.0,0.7262361051095783,0.7582672698361398,8000.0,8.0,8000.0,0.0,0.0,0.0,0.32,0.9875,0.4875,0.156,0.5,0.0,0.0125,0.0,68.0,0.0,32.0,0.0,426,426.0,local_confidence_threshold,0.7,False
dapper,stable,106,100.0,1000,24.716410963251104,33.86074949026578,34.68730165917939,34.933586993197196,36.78392433659795,0.0,0.7229428904328138,0.7607565024431198,9100.0,9.1,9100.0,0.0,0.0,0.0,0.364,0.989010989010989,0.5192307692307693,0.189,0.4697802197802198,0.0,0.01098901098901099,0.0,63.6,0.0,36.4,0.0,454,454.0,local_confidence_threshold,0.7,False
dapper,stable,107,100.0,1000,24.88557902804772,33.83424628214373,34.89267109559948,34.9936438529993,35.639334332343864,0.0,0.7245133185042392,0.7600064082155318,8150.0,8.15,8150.0,0.0,0.0,0.0,0.326,0.9846625766871165,0.5276073619631901,0.172,0.4570552147239264,0.0,0.015337423312883436,0.0,67.4,0.0,32.6,0.0,413,413.0,local_confidence_threshold,0.7,False
dapper,stable,108,100.0,1000,25.235897183714567,34.2868707566229,34.87218349603604,34.989690121554816,36.13775048466307,0.0,0.7254394152220247,0.7607563476816438,8375.0,8.375,8375.0,0.0,0.0,0.0,0.335,0.9850746268656716,0.5223880597014925,0.175,0.4626865671641791,0.0,0.014925373134328358,0.0,66.5,0.0,33.5,0.0,444,444.0,local_confidence_threshold,0.7,False
dapper,stable,109,100.0,1000,25.268964708760926,34.15910526808331,34.79620852522923,34.94284900848466,35.91667827452648,0.0,0.7225069831603355,0.7576170045442204,8950.0,8.95,8950.0,0.0,0.0,0.0,0.358,0.9916201117318436,0.4748603351955307,0.17,0.5167597765363129,0.0,0.008379888268156424,0.0,64.2,0.0,35.8,0.0,452,452.0,local_confidence_threshold,0.7,False
dapper,stable,110,100.0,1000,24.978043487255007,33.957417382454665,34.80033649104111,34.99011804008187,34.63037348151051,0.0,0.7239727698806182,0.755166526245457,8125.0,8.125,8125.0,0.0,0.0,0.0,0.325,0.9815384615384616,0.48615384615384616,0.158,0.49538461538461537,0.0,0.018461538461538463,0.0,67.5,0.0,32.5,0.0,457,457.0,local_confidence_threshold,0.7,False
dapper,stable,111,100.0,1000,25.491345575881343,33.99942489704205,34.77294614292747,34.98882482505357,36.48518553128677,0.0,0.7264559107913696,0.762350956046795,8300.0,8.3,8300.0,0.0,0.0,0.0,0.332,1.0,0.5331325301204819,0.177,0.46686746987951805,0.0,0.0,0.0,66.8,0.0,33.2,0.0,446,446.0,local_confidence_threshold,0.7,False
dapper,stable,112,100.0,1000,25.044635098675773,33.93678625080242,34.80594764992258,34.978994945141224,35.438019051723444,0.0,0.7245903067601731,0.757203783967665,8300.0,8.3,8300.0,0.0,0.0,0.0,0.332,1.0,0.49698795180722893,0.165,0.5030120481927711,0.0,0.0,0.0,66.8,0.0,33.2,0.0,411,411.0,local_confidence_threshold,0.7,False
dapper,stable,113,100.0,1000,24.924957379086543,33.92528008813723,34.852479041190236,34.99387303551587,35.4074701754398,0.0,0.725184772552611,0.758197784044154,8675.0,8.675,8675.0,0.0,0.0,0.0,0.347,0.9769452449567724,0.4899135446685879,0.17,0.48703170028818443,0.0,0.023054755043227664,0.0,65.3,0.0,34.699999999999996,0.0,455,455.0,local_confidence_threshold,0.7,False
dapper,stable,114,100.0,1000,25.128438548268,33.86993382489312,34.786318253661975,34.99771913787838,36.17571210231629,0.0,0.7237524930795687,0.7583532253256514,8350.0,8.35,8350.0,0.0,0.0,0.0,0.334,0.9910179640718563,0.5329341317365269,0.178,0.45808383233532934,0.0,0.008982035928143712,0.0,66.60000000000001,0.0,33.4,0.0,462,462.0,local_confidence_threshold,0.7,False
dapper,stable,115,100.0,1000,25.094705607799348,34.162413089123824,34.74465384721523,34.970565607066455,35.00401597516271,0.0,0.7245886848920773,0.7569281110291837,8325.0,8.325,8325.0,0.0,0.0,0.0,0.333,0.987987987987988,0.4804804804804805,0.16,0.5075075075075075,0.0,0.012012012012012012,0.0,66.7,0.0,33.300000000000004,0.0,462,462.0,local_confidence_threshold,0.7,False
dapper,stable,116,100.0,1000,25.028301912688907,34.05041769477859,34.88445460350265,34.99403448766891,36.61454325025659,0.0,0.7244573126145593,0.7611856897874097,8550.0,8.55,8550.0,0.0,0.0,0.0,0.342,0.9941520467836257,0.5526315789473685,0.189,0.4415204678362573,0.0,0.005847953216374269,0.0,65.8,0.0,34.2,0.0,432,432.0,local_confidence_threshold,0.7,False
dapper,stable,117,100.0,1000,24.997182216762514,33.94211020128963,34.806950360419165,34.98156739475102,36.12635049577098,0.0,0.7238166310991714,0.7591524742046413,8525.0,8.525,8525.0,0.0,0.0,0.0,0.341,0.9824046920821115,0.5131964809384164,0.175,0.46920821114369504,0.0,0.017595307917888565,0.0,65.9,0.0,34.1,0.0,463,463.0,local_confidence_threshold,0.7,False
dapper,stable,118,100.0,1000,25.026589048763064,34.146334679362305,34.835239525322194,34.964244111574146,33.86101594078299,0.0,0.7280528994609765,0.7565750249419361,7400.0,7.4,7400.0,0.0,0.0,0.0,0.296,0.9898648648648649,0.4797297297297297,0.142,0.5101351351351351,0.0,0.010135135135135136,0.0,70.39999999999999,0.0,29.599999999999998,0.0,437,437.0,local_confidence_threshold,0.7,False
dapper,stable,119,100.0,1000,24.80107188012856,34.00280379558126,34.81754573602827,34.936826663719394,35.996158237633885,0.0,0.7243707963012889,0.7607752718083104,8400.0,8.4,8400.0,0.0,0.0,0.0,0.336,0.9821428571428571,0.5416666666666666,0.182,0.44047619047619047,0.0,0.017857142857142856,0.0,66.4,0.0,33.6,0.0,452,452.0,local_confidence_threshold,0.7,False
dapper,stable,120,100.0,1000,25.000139802139184,33.83887438020657,34.75482963071029,34.96519781982063,35.35042793533374,0.0,0.7247996031934949,0.7580425291995315,8350.0,8.35,8350.0,0.0,0.0,0.0,0.334,0.9820359281437125,0.5059880239520959,0.169,0.47604790419161674,0.0,0.017964071856287425,0.0,66.60000000000001,0.0,33.4,0.0,461,461.0,local_confidence_threshold,0.7,False
dapper,stable,121,100.0,1000,24.870142370806825,34.08802278656587,34.79782372711737,34.96061084968983,35.603452711225195,0.0,0.7235062491591376,0.7587811883915196,9025.0,9.025,9025.0,0.0,0.0,0.0,0.361,0.9861495844875346,0.48753462603878117,0.176,0.4986149584487535,0.0,0.013850415512465374,0.0,63.9,0.0,36.1,0.0,452,452.0,local_confidence_threshold,0.7,False
dapper,stable,122,100.0,1000,24.829111935230273,33.958468133447,34.74506049633189,34.924143640943036,36.48943310468413,0.0,0.7259117747422895,0.7632281561709761,8525.0,8.525,8525.0,0.0,0.0,0.0,0.341,0.9912023460410557,0.5366568914956011,0.183,0.45454545454545453,0.0,0.008797653958944282,0.0,65.9,0.0,34.1,0.0,447,447.0,local_confidence_threshold,0.7,False
dapper,stable,123,100.0,1000,25.35470141463279,34.01400394209814,34.728637206489786,34.90743937957425,36.02764729696637,0.0,0.7231039957478556,0.757947305463741,8500.0,8.5,8500.0,0.0,0.0,0.0,0.34,0.9852941176470589,0.5088235294117647,0.173,0.4764705882352941,0.0,0.014705882352941176,0.0,66.0,0.0,34.0,0.0,429,429.0,local_confidence_threshold,0.7,False
dapper,stable,124,100.0,1000,25.00583269004324,34.03261405514325,34.80612955591713,34.95256595801938,34.35849595384652,0.0,0.7270004160651047,0.7573146147573018,7825.0,7.825,7825.0,0.0,0.0,0.0,0.313,0.9968051118210862,0.48242811501597443,0.151,0.5143769968051118,0.0,0.003194888178913738,0.0,68.7,0.0,31.3,0.0,425,425.0,local_confidence_threshold,0.7,False
dapper,stable,125,100.0,1000,24.9867591189863,33.982185709447386,34.8021659840167,34.99165214842439,35.55850317137404,0.0,0.7268533605073024,0.7601542447389699,7700.0,7.7,7700.0,0.0,0.0,0.0,0.308,0.987012987012987,0.5422077922077922,0.167,0.4448051948051948,0.0,0.012987012987012988,0.0,69.19999999999999,0.0,30.8,0.0,410,410.0,local_confidence_threshold,0.7,False
dapper,stable,126,100.0,1000,24.628886386363657,33.70638744138536,34.672811784104226,34.983867296625746,36.143822332725875,0.0,0.726794351381784,0.7639907586953874,7975.0,7.975,7975.0,0.0,0.0,0.0,0.319,0.9843260188087775,0.5705329153605015,0.182,0.41379310344827586,0.0,0.01567398119122257,0.0,68.10000000000001,0.0,31.900000000000002,0.0,408,408.0,local_confidence_threshold,0.7,False
dapper,stable,127,100.0,1000,25.164646066804526,34.17312143282042,34.80106095916998,34.970740898815485,36.04464470814827,0.0,0.7237258806201099,0.7577776216870085,8425.0,8.425,8425.0,0.0,0.0,0.0,0.337,0.9910979228486647,0.5133531157270029,0.173,0.47774480712166173,0.0,0.008902077151335312,0.0,66.3,0.0,33.7,0.0,446,446.0,local_confidence_threshold,0.7,False
dapper,stable,128,100.0,1000,25.178185128090664,33.92859815320874,34.67968897440042,34.972660274630584,36.04280353839758,0.0,0.7271450910033325,0.7627158012707507,8225.0,8.225,8225.0,0.0,0.0,0.0,0.329,0.9817629179331308,0.5319148936170213,0.175,0.44984802431610943,0.0,0.0182370820668693,0.0,67.10000000000001,0.0,32.9,0.0,439,439.0,local_confidence_threshold,0.7,False
dapper,stable,129,100.0,1000,25.217209562918274,34.07064808785484,34.83459462785327,34.9933571344785,36.049549057703246,0.0,0.722736266433297,0.7570612740735841,8950.0,8.95,8950.0,0.0,0.0,0.0,0.358,0.9972067039106145,0.48324022346368717,0.173,0.5139664804469274,0.0,0.002793296089385475,0.0,64.2,0.0,35.8,0.0,476,476.0,local_confidence_threshold,0.7,False
dapper,congested,100,100.0,1000,24.824557271985057,33.928407620489025,34.77556075006328,34.97404020175507,24.824557271985057,0.0,0.7231225654703062,0.7231225654703062,0.0,0.0,0.0,0.004,0.004,0.0,0.0,0.0,0.0,0.0,0.0,0.0,0.0,0.0,99.6,0.0,0.0,0.4,8,8.0,local_confidence_threshold,0.7,False
dapper,congested,101,100.0,1000,25.026673523971784,34.03466107987438,34.84243479054015,34.99327875607795,25.026673523971784,0.0,0.7239603822715144,0.7239603822715144,0.0,0.0,0.0,0.007,0.007,0.0,0.0,0.0,0.0,0.0,0.0,0.0,0.0,0.0,99.3,0.0,0.0,0.7000000000000001,12,12.0,local_confidence_threshold,0.7,False
dapper,congested,102,100.0,1000,24.829712790777762,33.96479457393766,34.69588731781126,34.989536221406055,24.829712790777762,0.0,0.7270052366898776,0.7270052366898776,0.0,0.0,0.0,0.008,0.008,0.0,0.0,0.0,0.0,0.0,0.0,0.0,0.0,0.0,99.2,0.0,0.0,0.8,14,14.0,local_confidence_threshold,0.7,False
dapper,congested,103,100.0,1000,24.892785643695664,34.09454856492267,34.78542999553827,34.985893217625524,24.892785643695664,0.0,0.7249187188165734,0.7249187188165734,0.0,0.0,0.0,0.006,0.006,0.0,0.0,0.0,0.0,0.0,0.0,0.0,0.0,0.0,99.4,0.0,0.0,0.6,12,12.0,local_confidence_threshold,0.7,False
dapper,congested,104,100.0,1000,24.77796847513708,33.81394766067372,34.81048977789511,34.94578824107255,24.77796847513708,0.0,0.7272547943451833,0.7272547943451833,0.0,0.0,0.0,0.008,0.008,0.0,0.0,0.0,0.0,0.0,0.0,0.0,0.0,0.0,99.2,0.0,0.0,0.8,14,14.0,local_confidence_threshold,0.7,False
dapper,congested,105,100.0,1000,24.677162661323955,34.007432758127685,34.86009343610894,34.98145078352877,24.677162661323955,0.0,0.7241646482306923,0.7241646482306923,0.0,0.0,0.0,0.008,0.008,0.0,0.0,0.0,0.0,0.0,0.0,0.0,0.0,0.0,99.2,0.0,0.0,0.8,12,12.0,local_confidence_threshold,0.7,False
dapper,congested,106,100.0,1000,24.772684967250918,33.98450796903268,34.753821099438774,34.98979405154197,24.772684967250918,0.0,0.7262080408789683,0.7262080408789683,0.0,0.0,0.0,0.007,0.007,0.0,0.0,0.0,0.0,0.0,0.0,0.0,0.0,0.0,99.3,0.0,0.0,0.7000000000000001,8,8.0,local_confidence_threshold,0.7,False
dapper,congested,107,100.0,1000,24.763848167260303,33.88426057014752,34.77470672268729,34.998762184541775,24.763848167260303,0.0,0.7257346306649486,0.7257346306649486,0.0,0.0,0.0,0.005,0.005,0.0,0.0,0.0,0.0,0.0,0.0,0.0,0.0,0.0,99.5,0.0,0.0,0.5,8,8.0,local_confidence_threshold,0.7,False
dapper,congested,108,100.0,1000,24.953177155047733,33.943119032195405,34.814499351033405,34.99655745974279,24.953177155047733,0.0,0.7244295155267036,0.7244295155267036,0.0,0.0,0.0,0.008,0.008,0.0,0.0,0.0,0.0,0.0,0.0,0.0,0.0,0.0,99.2,0.0,0.0,0.8,14,14.0,local_confidence_threshold,0.7,False
dapper,congested,109,100.0,1000,24.847059358357548,33.93181537323021,34.785030538309286,34.98925809716232,24.847059358357548,0.0,0.7234323551786083,0.7234323551786083,0.0,0.0,0.0,0.007,0.007,0.0,0.0,0.0,0.0,0.0,0.0,0.0,0.0,0.0,99.3,0.0,0.0,0.7000000000000001,10,10.0,local_confidence_threshold,0.7,False
dapper,congested,110,100.0,1000,24.70223165713215,33.71973175922034,34.60151524624712,34.90888622322395,24.70223165713215,0.0,0.7246938266396346,0.7246938266396346,0.0,0.0,0.0,0.005,0.005,0.0,0.0,0.0,0.0,0.0,0.0,0.0,0.0,0.0,99.5,0.0,0.0,0.5,8,8.0,local_confidence_threshold,0.7,False
dapper,congested,111,100.0,1000,24.94253826558974,33.995133250212476,34.74455155405684,34.96241421096305,24.94253826558974,0.0,0.7254545302713125,0.7254545302713125,0.0,0.0,0.0,0.008,0.008,0.0,0.0,0.0,0.0,0.0,0.0,0.0,0.0,0.0,99.2,0.0,0.0,0.8,14,14.0,local_confidence_threshold,0.7,False
dapper,congested,112,100.0,1000,24.86963877249279,33.90095224371657,34.76580213455383,34.985906989642146,24.86963877249279,0.0,0.7266076329631779,0.7266076329631779,0.0,0.0,0.0,0.013,0.013,0.0,0.0,0.0,0.0,0.0,0.0,0.0,0.0,0.0,98.7,0.0,0.0,1.3,18,18.0,local_confidence_threshold,0.7,False
dapper,congested,113,100.0,1000,24.72292431672843,33.938019364553725,34.77247181035648,34.98424994294581,24.72292431672843,0.0,0.7265134749764945,0.7265134749764945,0.0,0.0,0.0,0.007,0.007,0.0,0.0,0.0,0.0,0.0,0.0,0.0,0.0,0.0,99.3,0.0,0.0,0.7000000000000001,12,12.0,local_confidence_threshold,0.7,False
dapper,congested,114,100.0,1000,24.915906991902833,33.99518413696301,34.87476614646897,34.96282987218834,24.915906991902833,0.0,0.7286233928366593,0.7286233928366593,0.0,0.0,0.0,0.008,0.008,0.0,0.0,0.0,0.0,0.0,0.0,0.0,0.0,0.0,99.2,0.0,0.0,0.8,10,10.0,local_confidence_threshold,0.7,False
dapper,congested,115,100.0,1000,25.085740611498316,34.01033183391731,34.751795785617006,34.96593743598228,25.085740611498316,0.0,0.722824442674691,0.722824442674691,0.0,0.0,0.0,0.006,0.006,0.0,0.0,0.0,0.0,0.0,0.0,0.0,0.0,0.0,99.4,0.0,0.0,0.6,10,10.0,local_confidence_threshold,0.7,False
dapper,congested,116,100.0,1000,25.324934204252145,33.95730249293956,34.77240430108412,34.9771698353159,25.324934204252145,0.0,0.7260315559209485,0.7260315559209485,0.0,0.0,0.0,0.008,0.008,0.0,0.0,0.0,0.0,0.0,0.0,0.0,0.0,0.0,99.2,0.0,0.0,0.8,16,16.0,local_confidence_threshold,0.7,False
dapper,congested,117,100.0,1000,24.38620885543388,33.706919736517364,34.66361864084976,34.994340946660934,24.38620885543388,0.0,0.7253330615138619,0.7253330615138619,0.0,0.0,0.0,0.008,0.008,0.0,0.0,0.0,0.0,0.0,0.0,0.0,0.0,0.0,99.2,0.0,0.0,0.8,16,16.0,local_confidence_threshold,0.7,False
dapper,congested,118,100.0,1000,25.01023416650803,34.01490807545646,34.75940662114508,34.968506891824205,25.01023416650803,0.0,0.7268033495517163,0.7268033495517163,0.0,0.0,0.0,0.007,0.007,0.0,0.0,0.0,0.0,0.0,0.0,0.0,0.0,0.0,99.3,0.0,0.0,0.7000000000000001,12,12.0,local_confidence_threshold,0.7,False
dapper,congested,119,100.0,1000,25.237974362405513,33.930297923071485,34.79939395844596,34.97944595589328,25.237974362405513,0.0,0.7235998627315303,0.7235998627315303,0.0,0.0,0.0,0.005,0.005,0.0,0.0,0.0,0.0,0.0,0.0,0.0,0.0,0.0,99.5,0.0,0.0,0.5,8,8.0,local_confidence_threshold,0.7,False
dapper,congested,120,100.0,1000,24.770729236686982,33.99634834863332,34.78821886321599,34.985958566309606,24.770729236686982,0.0,0.724149083598059,0.724149083598059,0.0,0.0,0.0,0.008,0.008,0.0,0.0,0.0,0.0,0.0,0.0,0.0,0.0,0.0,99.2,0.0,0.0,0.8,16,16.0,local_confidence_threshold,0.7,False
dapper,congested,121,100.0,1000,24.670024513531853,33.750343569648706,34.75280697328194,34.996277370025744,24.670024513531853,0.0,0.7242193034879331,0.7242193034879331,0.0,0.0,0.0,0.006,0.006,0.0,0.0,0.0,0.0,0.0,0.0,0.0,0.0,0.0,99.4,0.0,0.0,0.6,10,10.0,local_confidence_threshold,0.7,False
dapper,congested,122,100.0,1000,24.53787182490916,33.83751458842038,34.770700984913006,34.91653465760954,24.53787182490916,0.0,0.726925307989091,0.726925307989091,0.0,0.0,0.0,0.013,0.013,0.0,0.0,0.0,0.0,0.0,0.0,0.0,0.0,0.0,98.7,0.0,0.0,1.3,14,14.0,local_confidence_threshold,0.7,False
dapper,congested,123,100.0,1000,24.972968667791022,34.0068905091913,34.771507219222585,34.98883073588995,24.972968667791022,0.0,0.7231981737549722,0.7231981737549722,0.0,0.0,0.0,0.002,0.002,0.0,0.0,0.0,0.0,0.0,0.0,0.0,0.0,0.0,99.8,0.0,0.0,0.2,4,4.0,local_confidence_threshold,0.7,False
dapper,congested,124,100.0,1000,24.68398444976012,33.74309287533703,34.66363593071505,34.94326242767353,24.68398444976012,0.0,0.7246698111318651,0.7246698111318651,0.0,0.0,0.0,0.006,0.006,0.0,0.0,0.0,0.0,0.0,0.0,0.0,0.0,0.0,99.4,0.0,0.0,0.6,10,10.0,local_confidence_threshold,0.7,False
dapper,congested,125,100.0,1000,24.725669553063664,34.05786747219948,34.83418763630404,34.99974319601896,24.725669553063664,0.0,0.7228975062228786,0.7228975062228786,0.0,0.0,0.0,0.012,0.012,0.0,0.0,0.0,0.0,0.0,0.0,0.0,0.0,0.0,98.8,0.0,0.0,1.2,14,14.0,local_confidence_threshold,0.7,False
dapper,congested,126,100.0,1000,24.961010734873252,33.97988585528562,34.774114294105054,34.99086328598782,24.961010734873252,0.0,0.7258907807888281,0.7258907807888281,0.0,0.0,0.0,0.002,0.002,0.0,0.0,0.0,0.0,0.0,0.0,0.0,0.0,0.0,99.8,0.0,0.0,0.2,4,4.0,local_confidence_threshold,0.7,False
dapper,congested,127,100.0,1000,24.79915459305446,33.97839515917549,34.71031183612322,34.99801668883106,24.79915459305446,0.0,0.7241769809830646,0.7241769809830646,0.0,0.0,0.0,0.01,0.01,0.0,0.0,0.0,0.0,0.0,0.0,0.0,0.0,0.0,99.0,0.0,0.0,1.0,18,18.0,local_confidence_threshold,0.7,False
dapper,congested,128,100.0,1000,24.671514882986425,34.08647701991846,34.783499539553866,34.99302751306131,24.671514882986425,0.0,0.72324842617587,0.72324842617587,0.0,0.0,0.0,0.008,0.008,0.0,0.0,0.0,0.0,0.0,0.0,0.0,0.0,0.0,99.2,0.0,0.0,0.8,12,12.0,local_confidence_threshold,0.7,False
dapper,congested,129,100.0,1000,24.599702966215787,33.90591045177916,34.77957296022762,34.981958638619645,24.599702966215787,0.0,0.7227863941222297,0.7227863941222297,0.0,0.0,0.0,0.013,0.013,0.0,0.0,0.0,0.0,0.0,0.0,0.0,0.0,0.0,98.7,0.0,0.0,1.3,20,20.0,local_confidence_threshold,0.7,False
dapper,lossy,100,100.0,1000,25.284238375351617,34.04718924628941,34.84826155800029,34.98907189172226,27.67889841109561,0.0,0.7261089761349956,0.7329329839631612,6725.0,6.725,6725.0,0.0,0.0,0.0,0.269,0.7881040892193308,0.12639405204460966,0.034,0.6617100371747212,0.0,0.21189591078066913,0.0,73.1,0.0,26.900000000000002,0.0,378,378.0,local_confidence_threshold,0.7,False
dapper,lossy,101,100.0,1000,25.059527190349893,34.120642165867906,34.8265496982896,34.99538718567808,27.248417975118148,0.0,0.7233638220296621,0.7297264148940876,7100.0,7.1,7100.0,0.0,0.0,0.0,0.284,0.8345070422535211,0.10915492957746478,0.031,0.7253521126760564,0.0,0.16549295774647887,0.0,71.6,0.0,28.4,0.0,421,421.0,local_confidence_threshold,0.7,False
dapper,lossy,102,100.0,1000,24.993003502753638,33.78557770295638,34.81151542684563,34.990087052311324,26.97772815898244,0.0,0.7247993890094673,0.7302743492363755,6525.0,6.525,6525.0,0.0,0.0,0.0,0.261,0.789272030651341,0.1111111111111111,0.029,0.6781609195402298,0.0,0.210727969348659,0.0,73.9,0.0,26.1,0.0,374,374.0,local_confidence_threshold,0.7,False
dapper,lossy,103,100.0,1000,25.072925546868568,34.23372242321619,34.794279965090745,34.9768308072483,28.214716980100977,0.0,0.7255664298957895,0.7347393789936293,6850.0,6.85,6850.0,0.0,0.0,0.0,0.274,0.8138686131386861,0.1678832116788321,0.046,0.6459854014598541,0.0,0.18613138686131386,0.0,72.6,0.0,27.400000000000002,0.0,370,370.0,local_confidence_threshold,0.7,False
dapper,lossy,104,100.0,1000,24.952721574773207,33.7641107522445,34.821547122134376,34.99174516374082,27.91993589147866,0.0,0.725270205207262,0.7334060519450111,7425.0,7.425,7425.0,0.0,0.0,0.0,0.297,0.7946127946127947,0.1447811447811448,0.043,0.6498316498316499,0.0,0.2053872053872054,0.0,70.3,0.0,29.7,0.0,401,401.0,local_confidence_threshold,0.7,False
dapper,lossy,105,100.0,1000,25.095152971928933,33.826524025580916,34.67873591147265,34.99594666457182,27.668891450352515,0.0,0.7248747477212536,0.7323233196203546,6875.0,6.875,6875.0,0.0,0.0,0.0,0.275,0.8290909090909091,0.13454545454545455,0.037,0.6945454545454546,0.0,0.1709090909090909,0.0,72.5,0.0,27.500000000000004,0.0,402,402.0,local_confidence_threshold,0.7,False
dapper,lossy,106,100.0,1000,24.856568122610433,33.832964597231225,34.72189143706977,34.99784375073101,27.246782697481695,0.0,0.7235813767870335,0.7304763600042793,7050.0,7.05,7050.0,0.0,0.0,0.0,0.282,0.8687943262411347,0.12056737588652482,0.034,0.74822695035461,0.0,0.13120567375886524,0.0,71.8,0.0,28.199999999999996,0.0,385,385.0,local_confidence_threshold,0.7,False
dapper,lossy,107,100.0,1000,24.68158080592215,34.00414573371424,34.83973190471446,34.99325658145116,26.85717906006026,0.0,0.7241940517114336,0.7305535153912753,6675.0,6.675,6675.0,0.0,0.0,0.0,0.267,0.8052434456928839,0.11610486891385768,0.031,0.6891385767790262,0.0,0.1947565543071161,0.0,73.3,0.0,26.700000000000003,0.0,388,388.0,local_confidence_threshold,0.7,False
dapper,lossy,108,100.0,1000,25.047265262517854,34.05795037600457,34.73288919337191,34.96757252768798,27.491069260099923,0.0,0.7235643813542582,0.7304031565106719,7275.0,7.275,7275.0,0.0,0.0,0.0,0.291,0.7972508591065293,0.12027491408934708,0.035,0.6769759450171822,0.0,0.2027491408934708,0.0,70.89999999999999,0.0,29.099999999999998,0.0,392,392.0,local_confidence_threshold,0.7,False
dapper,lossy,109,100.0,1000,24.775139056545807,34.049418286887835,34.7919194149339,34.94624843509132,27.589732778494557,0.0,0.7212325912059436,0.7291233874104239,7550.0,7.55,7550.0,0.0,0.0,0.0,0.302,0.8443708609271523,0.1291390728476821,0.039,0.7152317880794702,0.0,0.15562913907284767,0.0,69.8,0.0,30.2,0.0,418,418.0,local_confidence_threshold,0.7,False
dapper,lossy,110,100.0,1000,25.004520730247734,33.8683404853258,34.86997539103268,34.98456857838196,27.82373247821354,0.0,0.7268739784421301,0.7343317580751318,6750.0,6.75,6750.0,0.0,0.0,0.0,0.27,0.7888888888888889,0.14444444444444443,0.039,0.6444444444444445,0.0,0.2111111111111111,0.0,73.0,0.0,27.0,0.0,398,398.0,local_confidence_threshold,0.7,False
dapper,lossy,111,100.0,1000,24.90307640535743,34.14835345167596,34.756755348825656,34.981698697795565,27.40844811213243,0.0,0.7248703254305311,0.7319174461369129,6900.0,6.9,6900.0,0.0,0.0,0.0,0.276,0.7898550724637681,0.13043478260869565,0.036,0.6594202898550725,0.0,0.21014492753623187,0.0,72.39999999999999,0.0,27.6,0.0,408,408.0,local_confidence_threshold,0.7,False
dapper,lossy,112,100.0,1000,24.956367632930085,34.151123089835,34.870234716853815,34.962158450180866,27.943920042457275,0.0,0.7253954496233768,0.733824362902984,7100.0,7.1,7100.0,0.0,0.0,0.0,0.284,0.823943661971831,0.15140845070422534,0.043,0.6725352112676056,0.0,0.176056338028169,0.0,71.6,0.0,28.4,0.0,417,417.0,local_confidence_threshold,0.7,False
dapper,lossy,113,100.0,1000,25.11573781751927,34.14436127878192,34.867885766711,34.99782157537433,27.760083420700553,0.0,0.7254462125679975,0.7326167965939174,7225.0,7.225,7225.0,0.0,0.0,0.0,0.289,0.7820069204152249,0.1314878892733564,0.038,0.6505190311418685,0.0,0.2179930795847751,0.0,71.1,0.0,28.9,0.0,413,413.0,local_confidence_threshold,0.7,False
dapper,lossy,114,100.0,1000,25.05695156474369,34.026649628584615,34.857774174382406,34.983091762156874,27.12533714125512,0.0,0.72440817275247,0.730364229112955,6775.0,6.775,6775.0,0.0,0.0,0.0,0.271,0.8154981549815498,0.11070110701107011,0.03,0.7047970479704797,0.0,0.18450184501845018,0.0,72.89999999999999,0.0,27.1,0.0,384,384.0,local_confidence_threshold,0.7,False
dapper,lossy,115,100.0,1000,24.76252752899427,34.140208891814694,34.85306689119638,34.992962372181864,27.332002828483752,0.0,0.7251726691219196,0.7323390260437027,7200.0,7.2,7200.0,0.0,0.0,0.0,0.288,0.7951388888888888,0.1284722222222222,0.037,0.6666666666666666,0.0,0.2048611111111111,0.0,71.2,0.0,28.799999999999997,0.0,415,415.0,local_confidence_threshold,0.7,False
dapper,lossy,116,100.0,1000,24.951356764470432,33.914227978461774,34.857265543400885,34.99525986411179,28.298872150412905,0.0,0.7243445892890008,0.7338536852284578,7450.0,7.45,7450.0,0.0,0.0,0.0,0.298,0.8322147651006712,0.1644295302013423,0.049,0.6677852348993288,0.0,0.16778523489932887,0.0,70.19999999999999,0.0,29.799999999999997,0.0,417,417.0,local_confidence_threshold,0.7,False
dapper,lossy,117,100.0,1000,25.037129912861214,33.9567672696681,34.764351269100246,34.996388970755305,26.961569004714846,0.0,0.726073452957747,0.7314772037325477,7350.0,7.35,7350.0,0.0,0.0,0.0,0.294,0.7959183673469388,0.09523809523809523,0.028,0.7006802721088435,0.0,0.20408163265306123,0.0,70.6,0.0,29.4,0.0,407,407.0,local_confidence_threshold,0.7,False
dapper,lossy,118,100.0,1000,24.83203368389728,33.86314293776527,34.704566823658226,34.94197590424748,26.96644349463498,0.0,0.7277094589160901,0.7336522855122739,6425.0,6.425,6425.0,0.0,0.0,0.0,0.257,0.8054474708171206,0.11673151750972763,0.03,0.688715953307393,0.0,0.19455252918287938,0.0,74.3,0.0,25.7,0.0,373,373.0,local_confidence_threshold,0.7,False
dapper,lossy,119,100.0,1000,25.22380561542694,34.16353447898527,34.88856396573517,34.993426719837316,27.921986373093546,0.0,0.72570145608929,0.7331940059927962,7525.0,7.525,7525.0,0.0,0.0,0.0,0.301,0.8305647840531561,0.12956810631229235,0.039,0.7009966777408638,0.0,0.16943521594684385,0.0,69.89999999999999,0.0,30.099999999999998,0.0,438,438.0,local_confidence_threshold,0.7,False
dapper,lossy,120,100.0,1000,24.94356883456326,33.94762430607923,34.82126839451995,34.99480299428936,27.30921815915243,0.0,0.7242446744200584,0.731318482487183,6900.0,6.9,6900.0,0.0,0.0,0.0,0.276,0.7898550724637681,0.12318840579710146,0.034,0.6666666666666666,0.0,0.21014492753623187,0.0,72.39999999999999,0.0,27.6,0.0,388,388.0,local_confidence_threshold,0.7,False
dapper,lossy,121,100.0,1000,24.890186762682326,33.9509837447526,34.75636721943252,34.9865485323475,27.988439454786114,0.0,0.7226738180182367,0.7318628622769285,7325.0,7.325,7325.0,0.0,0.0,0.0,0.293,0.7815699658703071,0.15017064846416384,0.044,0.6313993174061433,0.0,0.21843003412969283,0.0,70.7,0.0,29.299999999999997,0.0,428,428.0,local_confidence_threshold,0.7,False
dapper,lossy,122,100.0,1000,25.08579289471596,34.07524967583675,34.72465675884838,34.92311681265087,27.67889512418323,0.0,0.7253656451784852,0.733183461520892,6650.0,6.65,6650.0,0.0,0.0,0.0,0.266,0.8082706766917294,0.13909774436090225,0.037,0.6691729323308271,0.0,0.19172932330827067,0.0,73.4,0.0,26.6,0.0,371,371.0,local_confidence_threshold,0.7,False
dapper,lossy,123,100.0,1000,24.817178107343594,33.97858252982191,34.71884738710505,34.9640180768012,27.857987549636114,0.0,0.725177200048534,0.7342554483928629,7350.0,7.35,7350.0,0.0,0.0,0.0,0.294,0.7925170068027211,0.14965986394557823,0.044,0.6428571428571429,0.0,0.20748299319727892,0.0,70.6,0.0,29.4,0.0,423,423.0,local_confidence_threshold,0.7,False
dapper,lossy,124,100.0,1000,25.144076835710404,34.0084817041087,34.82162623829404,34.999930978152555,28.540596318116688,0.0,0.7252006399861742,0.7354329224470368,7275.0,7.275,7275.0,0.0,0.0,0.0,0.291,0.8247422680412371,0.16838487972508592,0.049,0.6563573883161512,0.0,0.17525773195876287,0.0,70.89999999999999,0.0,29.099999999999998,0.0,410,410.0,local_confidence_threshold,0.7,False
dapper,lossy,125,100.0,1000,25.290207315525716,34.07810779324134,34.85987931432081,34.99675173862079,27.60425377356946,0.0,0.725008358044021,0.7314986949513265,6675.0,6.675,6675.0,0.0,0.0,0.0,0.267,0.8239700374531835,0.12734082397003746,0.034,0.6966292134831461,0.0,0.1760299625468165,0.0,73.3,0.0,26.700000000000003,0.0,379,379.0,local_confidence_threshold,0.7,False
dapper,lossy,126,100.0,1000,25.012306557377276,34.01851118868758,34.87231873366858,34.99707928007821,27.76810162669617,0.0,0.7223553858756083,0.7303240683889018,7500.0,7.5,7500.0,0.0,0.0,0.0,0.3,0.8133333333333334,0.13333333333333333,0.04,0.68,0.0,0.18666666666666668,0.0,70.0,0.0,30.0,0.0,436,436.0,local_confidence_threshold,0.7,False
dapper,lossy,127,100.0,1000,24.933813775828348,34.03862120823819,34.851014551058256,34.985303846764054,28.1653169270784,0.0,0.7254720911704587,0.7348206650543513,7200.0,7.2,7200.0,0.0,0.0,0.0,0.288,0.7534722222222222,0.16319444444444445,0.047,0.5902777777777778,0.0,0.2465277777777778,0.0,71.2,0.0,28.799999999999997,0.0,410,410.0,local_confidence_threshold,0.7,False
dapper,lossy,128,100.0,1000,25.361525346794913,34.112832194106765,34.722796126768856,34.99638466136344,27.579126453826497,0.0,0.7258146565752936,0.7321241916931471,7000.0,7.0,7000.0,0.0,0.0,0.0,0.28,0.8142857142857143,0.11785714285714285,0.033,0.6964285714285714,0.0,0.18571428571428572,0.0,72.0,0.0,28.000000000000004,0.0,376,376.0,local_confidence_threshold,0.7,False
dapper,lossy,129,100.0,1000,24.956002553810663,34.060395492680186,34.85750602439408,34.980831653703675,27.77294465055539,0.0,0.7240405957959037,0.7320804685537196,6950.0,6.95,6950.0,0.0,0.0,0.0,0.278,0.8237410071942446,0.14388489208633093,0.04,0.6798561151079137,0.0,0.17625899280575538,0.0,72.2,0.0,27.800000000000004,0.0,402,402.0,local_confidence_threshold,0.7,False
dapper,variable,100,100.0,1000,19.847097399190012,33.61420558459003,34.76027410675784,34.95054826151675,20.361293677547255,0.0,0.7259116438296801,0.7274666239949101,1875.0,1.875,1875.0,0.284,0.216,0.0,0.075,0.8933333333333333,0.10666666666666667,0.008,0.7866666666666666,0.0,0.10666666666666667,0.0,70.89999999999999,0.0,7.5,21.6,273,273.0,local_confidence_threshold,0.7,False
dapper,variable,101,100.0,1000,19.873228370530978,33.51859359353788,34.716729365681125,34.99816501848515,21.034750330155067,0.0,0.7275598148950951,0.7309529578653645,2025.0,2.025,2025.0,0.256,0.2,0.0,0.081,0.9259259259259259,0.20987654320987653,0.017,0.7160493827160493,0.0,0.07407407407407407,0.0,71.89999999999999,0.0,8.1,20.0,260,260.0,local_confidence_threshold,0.7,False
dapper,variable,102,100.0,1000,21.725835154751234,33.952084801243224,34.85412725538718,34.995332379528136,23.09386915693416,0.0,0.7253923428217819,0.7296134640052043,2250.0,2.25,2250.0,0.167,0.131,0.0,0.09,0.9333333333333333,0.2222222222222222,0.02,0.7111111111111111,0.0,0.06666666666666667,0.0,77.9,0.0,9.0,13.100000000000001,239,239.0,local_confidence_threshold,0.7,False
dapper,variable,103,100.0,1000,19.512093113412188,33.581179869308166,34.6745142049723,34.99051342908312,20.624248801099267,0.0,0.7261937654458711,0.7295398143742786,2625.0,2.625,2625.0,0.315,0.239,0.0,0.105,0.9428571428571428,0.1523809523809524,0.016,0.7904761904761904,0.0,0.05714285714285714,0.0,65.60000000000001,0.0,10.5,23.9,322,322.0,local_confidence_threshold,0.7,False
dapper,variable,104,100.0,1000,21.518439904160722,33.92297556550541,34.71580596411837,34.944614204784195,22.483133759847064,0.0,0.7272218707282757,0.7298572938363489,2275.0,2.275,2275.0,0.187,0.143,0.0,0.091,0.9230769230769231,0.15384615384615385,0.014,0.7692307692307693,0.0,0.07692307692307693,0.0,76.6,0.0,9.1,14.299999999999999,254,254.0,local_confidence_threshold,0.7,False
dapper,variable,105,100.0,1000,20.409246302565197,33.52133876628223,34.7773651787171,34.98077376103997,21.368097095744282,0.0,0.726150768098847,0.7291004538530045,2200.0,2.2,2200.0,0.238,0.184,0.0,0.088,0.9545454545454546,0.1590909090909091,0.014,0.7954545454545454,0.0,0.045454545454545456,0.0,72.8,0.0,8.799999999999999,18.4,263,263.0,local_confidence_threshold,0.7,False
dapper,variable,106,100.0,1000,21.59372391817589,33.5305156645498,34.67586933903363,34.993851868805095,22.481752715220036,0.0,0.7255234671581106,0.7281593600976858,2125.0,2.125,2125.0,0.175,0.136,0.0,0.085,0.9294117647058824,0.15294117647058825,0.013,0.7764705882352941,0.0,0.07058823529411765,0.0,77.9,0.0,8.5,13.600000000000001,229,229.0,local_confidence_threshold,0.7,False
dapper,variable,107,100.0,1000,20.056441701403287,33.56666120695883,34.6268453225655,34.98148819897819,20.857115085267594,0.0,0.7240116849833446,0.7265734167039742,2150.0,2.15,2150.0,0.261,0.201,0.0,0.086,0.9302325581395349,0.13953488372093023,0.012,0.7906976744186046,0.0,0.06976744186046512,0.0,71.3,0.0,8.6,20.1,277,277.0,local_confidence_threshold,0.7,False
dapper,variable,108,100.0,1000,20.480881005394448,33.99159903353784,34.77692101060002,34.94872090187498,21.980710421202108,0.0,0.7260048286422379,0.7309713998008432,2350.0,2.35,2350.0,0.26,0.196,0.0,0.094,0.8829787234042553,0.23404255319148937,0.022,0.648936170212766,0.0,0.11702127659574468,0.0,71.0,0.0,9.4,19.6,278,278.0,local_confidence_threshold,0.7,False
dapper,variable,109,100.0,1000,21.210997956041414,33.76823065319891,34.76110730262953,34.98660651522982,21.83332316133735,0.0,0.7239038673745836,0.7258886165176195,2225.0,2.225,2225.0,0.203,0.156,0.0,0.089,0.9325842696629213,0.10112359550561797,0.009,0.8314606741573034,0.0,0.06741573033707865,0.0,75.5,0.0,8.9,15.6,261,261.0,local_confidence_threshold,0.7,False
dapper,variable,110,100.0,1000,20.982663888093814,33.908831310824965,34.67822534775889,34.98146709760653,21.44477545578031,0.0,0.7252583766377324,0.7265590757038658,1925.0,1.925,1925.0,0.226,0.171,0.0,0.077,0.935064935064935,0.09090909090909091,0.007,0.8441558441558441,0.0,0.06493506493506493,0.0,75.2,0.0,7.7,17.1,246,246.0,local_confidence_threshold,0.7,False
dapper,variable,111,100.0,1000,21.15036747714493,33.79838354481562,34.723349040720166,34.97684653932659,22.087684842655115,0.0,0.7257443855359366,0.7283854313705298,2200.0,2.2,2200.0,0.216,0.166,0.0,0.088,0.9318181818181818,0.1590909090909091,0.014,0.7727272727272727,0.0,0.06818181818181818,0.0,74.6,0.0,8.799999999999999,16.6,249,249.0,local_confidence_threshold,0.7,False
dapper,variable,112,100.0,1000,21.078172240720427,34.0565418294024,34.79412676903375,34.95854802039493,21.947928138456,0.0,0.728773769620013,0.7312861814886071,2375.0,2.375,2375.0,0.215,0.162,0.0,0.095,0.9052631578947369,0.1368421052631579,0.013,0.7684210526315789,0.0,0.09473684210526316,0.0,74.3,0.0,9.5,16.2,260,260.0,local_confidence_threshold,0.7,False
dapper,variable,113,100.0,1000,21.273906223598555,33.57682626381407,34.78843892853948,34.96829040868747,21.595911920351142,0.0,0.7263068757945752,0.7272796101943941,1950.0,1.95,1950.0,0.197,0.15,0.0,0.078,0.9358974358974359,0.0641025641025641,0.005,0.8717948717948718,0.0,0.0641025641025641,0.0,77.2,0.0,7.8,15.0,231,231.0,local_confidence_threshold,0.7,False
dapper,variable,114,100.0,1000,19.651478679764644,33.53883646549626,34.61117657596823,34.99588156157893,20.50054047444884,0.0,0.7222741502329159,0.724694505433041,1875.0,1.875,1875.0,0.266,0.205,0.0,0.075,0.9333333333333333,0.17333333333333334,0.013,0.76,0.0,0.06666666666666667,0.0,72.0,0.0,7.5,20.5,261,261.0,local_confidence_threshold,0.7,False
dapper,variable,115,100.0,1000,21.45827282696581,33.34691437699113,34.626745067103904,34.87718954629805,22.77837006130007,0.0,0.7230935571850724,0.727076837359499,2225.0,2.225,2225.0,0.176,0.137,0.0,0.089,0.9101123595505618,0.21348314606741572,0.019,0.6966292134831461,0.0,0.0898876404494382,0.0,77.4,0.0,8.9,13.700000000000001,235,235.0,local_confidence_threshold,0.7,False
dapper,variable,116,100.0,1000,20.840460970931165,33.98344969197258,34.76841725790863,34.94714462527301,21.893113245717277,0.0,0.7289372186607409,0.7319136299806684,1950.0,1.95,1950.0,0.239,0.184,0.0,0.078,0.9743589743589743,0.20512820512820512,0.016,0.7692307692307693,0.0,0.02564102564102564,0.0,73.8,0.0,7.8,18.4,252,252.0,local_confidence_threshold,0.7,False
dapper,variable,117,100.0,1000,22.76021868961211,34.240173789397694,34.82080355680936,34.990866631104254,23.30435459422047,0.0,0.7236897900442029,0.7252251430837507,2375.0,2.375,2375.0,0.132,0.1,0.0,0.095,0.9157894736842105,0.08421052631578947,0.008,0.8315789473684211,0.0,0.08421052631578947,0.0,80.5,0.0,9.5,10.0,225,225.0,local_confidence_threshold,0.7,False
dapper,variable,118,100.0,1000,21.19990772515089,33.5101571170854,34.37942051281876,34.868091607089696,22.36606838540726,0.0,0.7251742139285398,0.7287584686631103,2400.0,2.4,2400.0,0.193,0.148,0.0,0.096,0.9166666666666666,0.17708333333333334,0.017,0.7395833333333334,0.0,0.08333333333333333,0.0,75.6,0.0,9.6,14.799999999999999,261,261.0,local_confidence_threshold,0.7,False
dapper,variable,119,100.0,1000,20.98980792595105,33.65904383541709,34.57959716197339,34.99635852821138,22.22188021795166,0.0,0.7246615933519791,0.7281780598791509,2250.0,2.25,2250.0,0.218,0.166,0.0,0.09,0.9222222222222223,0.2,0.018,0.7222222222222222,0.0,0.07777777777777778,0.0,74.4,0.0,9.0,16.6,245,245.0,local_confidence_threshold,0.7,False
dapper,variable,120,100.0,1000,21.637219680970638,33.96526001626422,34.71258654891299,34.99491157025027,22.61331709552751,0.0,0.7236256274039456,0.7264927171861314,2850.0,2.85,2850.0,0.179,0.134,0.0,0.114,0.9473684210526315,0.12280701754385964,0.014,0.8245614035087719,0.0,0.05263157894736842,0.0,75.2,0.0,11.4,13.4,270,270.0,local_confidence_threshold,0.7,False
dapper,variable,121,100.0,1000,20.769854338698046,33.76407787463392,34.80089032279628,34.994688323129196,22.556070238253007,0.0,0.7246801812954811,0.7301185471800397,2725.0,2.725,2725.0,0.217,0.168,0.0,0.109,0.9724770642201835,0.23853211009174313,0.026,0.7339449541284404,0.0,0.027522935779816515,0.0,72.3,0.0,10.9,16.8,283,283.0,local_confidence_threshold,0.7,False
dapper,variable,122,100.0,1000,21.13175821444513,33.694416258508085,34.631522901173106,34.97317679379236,22.577413225524552,0.0,0.727101792089757,0.7310648980947129,2225.0,2.225,2225.0,0.197,0.151,0.0,0.089,0.9775280898876404,0.23595505617977527,0.021,0.7415730337078652,0.0,0.02247191011235955,0.0,76.0,0.0,8.9,15.1,243,243.0,local_confidence_threshold,0.7,False
dapper,variable,123,100.0,1000,21.09321361110236,33.79103353765298,34.79488657343286,34.98222422308634,22.21358653640726,0.0,0.7282104611957531,0.7319453175342353,2150.0,2.15,2150.0,0.215,0.164,0.0,0.086,0.9651162790697675,0.19767441860465115,0.017,0.7674418604651163,0.0,0.03488372093023256,0.0,75.0,0.0,8.6,16.400000000000002,255,255.0,local_confidence_threshold,0.7,False
dapper,variable,124,100.0,1000,21.732988484636902,33.61582768332837,34.67732058291188,34.996246009129095,22.388543321884928,0.0,0.7242599698219147,0.7262426254542265,2625.0,2.625,2625.0,0.169,0.132,0.0,0.105,0.8857142857142857,0.08571428571428572,0.009,0.8,0.0,0.11428571428571428,0.0,76.3,0.0,10.5,13.200000000000001,257,257.0,local_confidence_threshold,0.7,False
dapper,variable,125,100.0,1000,20.769788307085673,33.55572104656107,34.7780426012565,34.94952031560075,21.96536782976212,0.0,0.7246252838037862,0.7280491378246255,2225.0,2.225,2225.0,0.222,0.17,0.0,0.089,0.9325842696629213,0.20224719101123595,0.018,0.7303370786516854,0.0,0.06741573033707865,0.0,74.1,0.0,8.9,17.0,261,261.0,local_confidence_threshold,0.7,False
dapper,variable,126,100.0,1000,21.1478810158433,33.75159446968112,34.720173914570076,34.997585709381326,22.447826996657557,0.0,0.7299377493938444,0.7334865148818951,2525.0,2.525,2525.0,0.21,0.163,0.0,0.101,0.9306930693069307,0.18811881188118812,0.019,0.7425742574257426,0.0,0.06930693069306931,0.0,73.6,0.0,10.100000000000001,16.3,268,268.0,local_confidence_threshold,0.7,False
dapper,variable,127,100.0,1000,20.660215773075464,34.01155392391131,34.710521322396545,34.9805264786951,21.650626406706817,0.0,0.7254115546748069,0.7284733137283249,2275.0,2.275,2275.0,0.245,0.187,0.0,0.091,0.967032967032967,0.15384615384615385,0.014,0.8131868131868132,0.0,0.03296703296703297,0.0,72.2,0.0,9.1,18.7,265,265.0,local_confidence_threshold,0.7,False
dapper,variable,128,100.0,1000,19.588881490818014,33.63444553862527,34.724924465655434,34.96530254190218,20.169029363549104,0.0,0.7260593204690197,0.7274065057730177,1700.0,1.7,1700.0,0.278,0.214,0.0,0.068,0.8970588235294118,0.11764705882352941,0.008,0.7794117647058824,0.0,0.10294117647058823,0.0,71.8,0.0,6.800000000000001,21.4,257,257.0,local_confidence_threshold,0.7,False
dapper,variable,129,100.0,1000,21.009790891695804,33.95183803633796,34.77333674805944,34.967648156933706,22.023780845037624,0.0,0.7216296347896245,0.7247101165909067,2500.0,2.5,2500.0,0.227,0.175,0.0,0.1,0.96,0.16,0.016,0.8,0.0,0.04,0.0,72.5,0.0,10.0,17.5,280,280.0,local_confidence_threshold,0.7,False
dapper,outage,100,100.0,1000,7.390958833110617,31.53222247776869,33.92161243264051,34.99545577037872,7.390958833110617,0.0,0.7256162643603677,0.7256162643603677,0.0,0.0,0.0,1.0,0.735,0.0,0.0,0.0,0.0,0.0,0.0,0.0,0.0,0.0,22.6,0.0,0.0,77.4,422,422.0,local_confidence_threshold,0.7,False
dapper,outage,101,100.0,1000,7.394054329988902,31.520563490832846,34.26171430265933,34.94450915915627,7.394054329988902,0.0,0.7269702216094329,0.7269702216094329,0.0,0.0,0.0,1.0,0.736,0.0,0.0,0.0,0.0,0.0,0.0,0.0,0.0,0.0,21.9,0.0,0.0,78.10000000000001,412,412.0,local_confidence_threshold,0.7,False
dapper,outage,102,100.0,1000,7.51680019137851,31.462924322041214,34.417701339171714,34.98162652146018,7.51680019137851,0.0,0.725179462474503,0.725179462474503,0.0,0.0,0.0,1.0,0.731,0.0,0.0,0.0,0.0,0.0,0.0,0.0,0.0,0.0,23.200000000000003,0.0,0.0,76.8,422,422.0,local_confidence_threshold,0.7,False
dapper,outage,103,100.0,1000,7.378221024983012,31.251434028184203,34.6042054298873,34.981104653112794,7.378221024983012,0.0,0.7262335249696575,0.7262335249696575,0.0,0.0,0.0,1.0,0.735,0.0,0.0,0.0,0.0,0.0,0.0,0.0,0.0,0.0,23.0,0.0,0.0,77.0,429,429.0,local_confidence_threshold,0.7,False
dapper,outage,104,100.0,1000,7.568293210290533,31.59395630138461,34.54533747275368,34.97633437705056,7.568293210290533,0.0,0.7263175970031922,0.7263175970031922,0.0,0.0,0.0,1.0,0.728,0.0,0.0,0.0,0.0,0.0,0.0,0.0,0.0,0.0,23.5,0.0,0.0,76.5,422,422.0,local_confidence_threshold,0.7,False
dapper,outage,105,100.0,1000,7.519378267796368,31.402502329388795,34.46505659979935,34.921933732182964,7.519378267796368,0.0,0.7248271436420854,0.7248271436420854,0.0,0.0,0.0,1.0,0.732,0.0,0.0,0.0,0.0,0.0,0.0,0.0,0.0,0.0,22.8,0.0,0.0,77.2,417,417.0,local_confidence_threshold,0.7,False
dapper,outage,106,100.0,1000,7.549106265746754,31.449714720334896,34.37540672388598,34.964850295506736,7.549106265746754,0.0,0.7212594093828284,0.7212594093828284,0.0,0.0,0.0,1.0,0.732,0.0,0.0,0.0,0.0,0.0,0.0,0.0,0.0,0.0,22.3,0.0,0.0,77.7,414,414.0,local_confidence_threshold,0.7,False
dapper,outage,107,100.0,1000,7.495635529917344,31.80791921566703,34.39018497885919,34.99112443015811,7.495635529917344,0.0,0.7250211366010297,0.7250211366010297,0.0,0.0,0.0,1.0,0.733,0.0,0.0,0.0,0.0,0.0,0.0,0.0,0.0,0.0,23.1,0.0,0.0,76.9,422,422.0,local_confidence_threshold,0.7,False
dapper,outage,108,100.0,1000,7.251361824662859,31.14265792210696,34.17418822409749,34.97297658698431,7.251361824662859,0.0,0.7266974788453335,0.7266974788453335,0.0,0.0,0.0,1.0,0.736,0.0,0.0,0.0,0.0,0.0,0.0,0.0,0.0,0.0,23.0,0.0,0.0,77.0,426,426.0,local_confidence_threshold,0.7,False
dapper,outage,109,100.0,1000,7.685496458575816,31.705170488180077,34.40871885608117,34.88886016594044,7.685496458575816,0.0,0.7258121030951461,0.7258121030951461,0.0,0.0,0.0,1.0,0.729,0.0,0.0,0.0,0.0,0.0,0.0,0.0,0.0,0.0,23.5,0.0,0.0,76.5,427,427.0,local_confidence_threshold,0.7,False
dapper,outage,110,100.0,1000,7.355193804523941,30.694822041353905,34.222511546491425,34.969462845702225,7.355193804523941,0.0,0.7245809511185383,0.7245809511185383,0.0,0.0,0.0,1.0,0.735,0.0,0.0,0.0,0.0,0.0,0.0,0.0,0.0,0.0,22.8,0.0,0.0,77.2,425,425.0,local_confidence_threshold,0.7,False
dapper,outage,111,100.0,1000,7.398682547644234,31.455362565824643,34.05726657846486,34.958198085831974,7.398682547644234,0.0,0.7280638471067766,0.7280638471067766,0.0,0.0,0.0,1.0,0.732,0.0,0.0,0.0,0.0,0.0,0.0,0.0,0.0,0.0,22.900000000000002,0.0,0.0,77.10000000000001,414,414.0,local_confidence_threshold,0.7,False
dapper,outage,112,100.0,1000,7.370625290236145,31.426397231090824,34.038780941246515,34.949972127365655,7.370625290236145,0.0,0.7280606555765715,0.7280606555765715,0.0,0.0,0.0,1.0,0.734,0.0,0.0,0.0,0.0,0.0,0.0,0.0,0.0,0.0,22.1,0.0,0.0,77.9,412,412.0,local_confidence_threshold,0.7,False
dapper,outage,113,100.0,1000,7.147796806593906,30.844985093880027,33.96419838510252,34.91680130902314,7.147796806593906,0.0,0.7299582611154545,0.7299582611154545,0.0,0.0,0.0,1.0,0.737,0.0,0.0,0.0,0.0,0.0,0.0,0.0,0.0,0.0,23.200000000000003,0.0,0.0,76.8,437,437.0,local_confidence_threshold,0.7,False
dapper,outage,114,100.0,1000,7.501176014095029,31.4914309836508,34.414218678920534,34.97406829855338,7.501176014095029,0.0,0.7224631994341497,0.7224631994341497,0.0,0.0,0.0,1.0,0.728,0.0,0.0,0.0,0.0,0.0,0.0,0.0,0.0,0.0,22.3,0.0,0.0,77.7,398,398.0,local_confidence_threshold,0.7,False
dapper,outage,115,100.0,1000,7.428611862088066,30.652007764158807,34.152857588086846,34.990047900593524,7.428611862088066,0.0,0.7262317832361891,0.7262317832361891,0.0,0.0,0.0,1.0,0.735,0.0,0.0,0.0,0.0,0.0,0.0,0.0,0.0,0.0,22.2,0.0,0.0,77.8,413,413.0,local_confidence_threshold,0.7,False
dapper,outage,116,100.0,1000,7.310877248374183,30.959598437937885,34.2744524675671,34.84799240200695,7.310877248374183,0.0,0.727895972888168,0.727895972888168,0.0,0.0,0.0,1.0,0.734,0.0,0.0,0.0,0.0,0.0,0.0,0.0,0.0,0.0,23.5,0.0,0.0,76.5,434,434.0,local_confidence_threshold,0.7,False
dapper,outage,117,100.0,1000,7.385847848859415,31.09198240986329,34.14712359689956,34.96597639562117,7.385847848859415,0.0,0.7183856901372877,0.7183856901372877,0.0,0.0,0.0,1.0,0.732,0.0,0.0,0.0,0.0,0.0,0.0,0.0,0.0,0.0,21.9,0.0,0.0,78.10000000000001,403,403.0,local_confidence_threshold,0.7,False
dapper,outage,118,100.0,1000,7.254554051460061,31.241459127591458,33.60889001037177,34.741923692424066,7.254554051460061,0.0,0.7269199104810466,0.7269199104810466,0.0,0.0,0.0,1.0,0.737,0.0,0.0,0.0,0.0,0.0,0.0,0.0,0.0,0.0,22.0,0.0,0.0,78.0,408,408.0,local_confidence_threshold,0.7,False
dapper,outage,119,100.0,1000,7.544636632920723,31.97128927281031,34.12470746616695,34.92690319762808,7.544636632920723,0.0,0.7220765044472426,0.7220765044472426,0.0,0.0,0.0,1.0,0.733,0.0,0.0,0.0,0.0,0.0,0.0,0.0,0.0,0.0,23.599999999999998,0.0,0.0,76.4,434,434.0,local_confidence_threshold,0.7,False
dapper,outage,120,100.0,1000,7.2966883444603,30.892941767709793,34.211465224522804,34.99743937003936,7.2966883444603,0.0,0.7277157448014966,0.7277157448014966,0.0,0.0,0.0,1.0,0.733,0.0,0.0,0.0,0.0,0.0,0.0,0.0,0.0,0.0,22.1,0.0,0.0,77.9,410,410.0,local_confidence_threshold,0.7,False
dapper,outage,121,100.0,1000,7.333809267763978,31.109084311834984,33.97165026658857,34.64971422730907,7.333809267763978,0.0,0.7274434266949621,0.7274434266949621,0.0,0.0,0.0,1.0,0.738,0.0,0.0,0.0,0.0,0.0,0.0,0.0,0.0,0.0,22.7,0.0,0.0,77.3,427,427.0,local_confidence_threshold,0.7,False
dapper,outage,122,100.0,1000,7.251434439695796,30.60696308430699,34.355640534389124,34.986643071399804,7.251434439695796,0.0,0.7230377555986962,0.7230377555986962,0.0,0.0,0.0,1.0,0.738,0.0,0.0,0.0,0.0,0.0,0.0,0.0,0.0,0.0,21.8,0.0,0.0,78.2,412,412.0,local_confidence_threshold,0.7,False
dapper,outage,123,100.0,1000,7.348689071341893,31.31477153672879,33.77157051102519,34.93381679406212,7.348689071341893,0.0,0.7249842011830019,0.7249842011830019,0.0,0.0,0.0,1.0,0.734,0.0,0.0,0.0,0.0,0.0,0.0,0.0,0.0,0.0,22.6,0.0,0.0,77.4,416,416.0,local_confidence_threshold,0.7,False
dapper,outage,124,100.0,1000,7.660167119732145,32.1804553486177,34.264528586595944,34.941792593643456,7.660167119732145,0.0,0.7230039723105824,0.7230039723105824,0.0,0.0,0.0,1.0,0.731,0.0,0.0,0.0,0.0,0.0,0.0,0.0,0.0,0.0,22.3,0.0,0.0,77.7,400,400.0,local_confidence_threshold,0.7,False
dapper,outage,125,100.0,1000,7.350838089581009,31.434653948905787,34.32904496368304,34.97323235440945,7.350838089581009,0.0,0.7221812250823167,0.7221812250823167,0.0,0.0,0.0,1.0,0.733,0.0,0.0,0.0,0.0,0.0,0.0,0.0,0.0,0.0,23.200000000000003,0.0,0.0,76.8,428,428.0,local_confidence_threshold,0.7,False
dapper,outage,126,100.0,1000,7.215129876013096,30.710400018658593,33.86622552192073,34.99530404733341,7.215129876013096,0.0,0.725540342550057,0.725540342550057,0.0,0.0,0.0,1.0,0.738,0.0,0.0,0.0,0.0,0.0,0.0,0.0,0.0,0.0,22.6,0.0,0.0,77.4,428,428.0,local_confidence_threshold,0.7,False
dapper,outage,127,100.0,1000,7.168677740371282,30.32721903409148,33.88590346281151,34.91862325958482,7.168677740371282,0.0,0.7321660926795039,0.7321660926795039,0.0,0.0,0.0,1.0,0.738,0.0,0.0,0.0,0.0,0.0,0.0,0.0,0.0,0.0,21.9,0.0,0.0,78.10000000000001,409,409.0,local_confidence_threshold,0.7,False
dapper,outage,128,100.0,1000,7.182658284101614,30.07092856934142,34.160945540901714,34.96572059102459,7.182658284101614,0.0,0.7245057292187558,0.7245057292187558,0.0,0.0,0.0,1.0,0.736,0.0,0.0,0.0,0.0,0.0,0.0,0.0,0.0,0.0,23.0,0.0,0.0,77.0,428,428.0,local_confidence_threshold,0.7,False
dapper,outage,129,100.0,1000,7.192894149462109,30.305709714834187,34.22738591997794,34.97529884555047,7.192894149462109,0.0,0.7266441172681618,0.7266441172681618,0.0,0.0,0.0,1.0,0.738,0.0,0.0,0.0,0.0,0.0,0.0,0.0,0.0,0.0,21.3,0.0,0.0,78.7,404,404.0,local_confidence_threshold,0.7,False
dapper,stable,100,100.0,1000,25.279403323317702,33.96035223762113,34.73962355895296,34.988775105687154,38.46451824119885,0.0,0.7265268897628933,0.7658486428911071,11375.0,11.375,11375.0,0.0,0.0,0.0,0.455,0.9978021978021978,0.46593406593406594,0.212,0.5318681318681319,0.0,0.002197802197802198,0.0,54.50000000000001,0.0,45.5,0.0,521,521.0,local_confidence_threshold,0.72,False
dapper,stable,101,100.0,1000,24.820657080469697,33.96040511204254,34.788072376532675,34.99828909781833,39.97553672329309,0.0,0.7249338588619687,0.7709773390549629,11650.0,11.65,11650.0,0.0,0.0,0.0,0.466,0.9871244635193133,0.5171673819742489,0.241,0.4699570815450644,0.0,0.012875536480686695,0.0,53.400000000000006,0.0,46.6,0.0,467,467.0,local_confidence_threshold,0.72,False
dapper,stable,102,100.0,1000,24.835880473076735,33.70682378335116,34.74818297607158,34.965240972972765,40.21659643320605,0.0,0.727324394359075,0.7753694777792032,11300.0,11.3,11300.0,0.0,0.0,0.0,0.452,0.995575221238938,0.5575221238938053,0.252,0.43805309734513276,0.0,0.004424778761061947,0.0,54.800000000000004,0.0,45.2,0.0,505,505.0,local_confidence_threshold,0.72,False
dapper,stable,103,100.0,1000,24.972078044518216,34.293187186352334,34.89307765319619,34.99802137082616,41.586382480651984,0.0,0.7236659440861409,0.7750818537548193,12325.0,12.325,12325.0,0.0,0.0,0.0,0.493,0.9858012170385395,0.5415821501014199,0.267,0.44421906693711966,0.0,0.014198782961460446,0.0,50.7,0.0,49.3,0.0,485,485.0,local_confidence_threshold,0.72,False
dapper,stable,104,100.0,1000,24.98622097286207,33.860115377670134,34.74837408619961,34.98656616097203,40.36206123673863,0.0,0.7240926018777877,0.7698701101396664,12250.0,12.25,12250.0,0.0,0.0,0.0,0.49,0.9918367346938776,0.5102040816326531,0.25,0.4816326530612245,0.0,0.00816326530612245,0.0,51.0,0.0,49.0,0.0,503,503.0,local_confidence_threshold,0.72,False
dapper,stable,105,100.0,1000,24.85634769037545,33.82025179084476,34.62504012903672,34.93314580405199,39.29536395153925,0.0,0.7262361051095783,0.7714591589924393,11325.0,11.325,11325.0,0.0,0.0,0.0,0.453,0.9911699779249448,0.5143487858719646,0.233,0.4768211920529801,0.0,0.008830022075055188,0.0,54.7,0.0,45.300000000000004,0.0,489,489.0,local_confidence_threshold,0.72,False
dapper,stable,106,100.0,1000,24.716410963251104,33.86074949026578,34.68730165917939,34.933586993197196,40.98410349450622,0.0,0.7229428904328138,0.7720668634914334,12475.0,12.475,12475.0,0.0,0.0,0.0,0.499,0.9899799599198397,0.5170340681362725,0.258,0.4729458917835671,0.0,0.01002004008016032,0.0,50.1,0.0,49.9,0.0,496,496.0,local_confidence_threshold,0.72,False
dapper,stable,107,100.0,1000,24.88557902804772,33.83424628214373,34.89267109559948,34.9936438529993,39.77462049380204,0.0,0.7245133185042392,0.7715378585771694,11625.0,11.625,11625.0,0.0,0.0,0.0,0.465,0.989247311827957,0.5161290322580645,0.24,0.4731182795698925,0.0,0.010752688172043012,0.0,53.5,0.0,46.5,0.0,487,487.0,local_confidence_threshold,0.72,False
dapper,stable,108,100.0,1000,25.235897183714567,34.2868707566229,34.87218349603604,34.989690121554816,40.43343314609487,0.0,0.7254394152220247,0.7730031513137475,11550.0,11.55,11550.0,0.0,0.0,0.0,0.462,0.9826839826839827,0.5324675324675324,0.246,0.45021645021645024,0.0,0.017316017316017316,0.0,53.800000000000004,0.0,46.2,0.0,500,500.0,local_confidence_threshold,0.72,False
dapper,stable,109,100.0,1000,25.268964708760926,34.15910526808331,34.79620852522923,34.94284900848466,39.84550726108116,0.0,0.7225069831603355,0.7675705567138307,12150.0,12.15,12150.0,0.0,0.0,0.0,0.486,0.9897119341563786,0.4794238683127572,0.233,0.5102880658436214,0.0,0.0102880658436214,0.0,51.4,0.0,48.6,0.0,470,470.0,local_confidence_threshold,0.72,False
dapper,stable,110,100.0,1000,24.978043487255007,33.957417382454665,34.80033649104111,34.99011804008187,40.59693931046879,0.0,0.7239727698806182,0.7714579798176275,12325.0,12.325,12325.0,0.0,0.0,0.0,0.493,0.9878296146044625,0.5172413793103449,0.255,0.47058823529411764,0.0,0.012170385395537525,0.0,50.7,0.0,49.3,0.0,507,507.0,local_confidence_threshold,0.72,False
dapper,stable,111,100.0,1000,25.491345575881343,33.99942489704205,34.77294614292747,34.98882482505357,40.75053203038289,0.0,0.7264559107913696,0.7738548435508934,11400.0,11.4,11400.0,0.0,0.0,0.0,0.456,0.9956140350877193,0.5372807017543859,0.245,0.4583333333333333,0.0,0.0043859649122807015,0.0,54.400000000000006,0.0,45.6,0.0,494,494.0,local_confidence_threshold,0.72,False
dapper,stable,112,100.0,1000,25.044635098675773,33.93678625080242,34.80594764992258,34.978994945141224,39.94363705961507,0.0,0.7245903067601731,0.768650039391782,11675.0,11.675,11675.0,0.0,0.0,0.0,0.467,0.9978586723768736,0.5096359743040685,0.238,0.48822269807280516,0.0,0.0021413276231263384,0.0,53.300000000000004,0.0,46.7,0.0,490,490.0,local_confidence_threshold,0.72,False
dapper,stable,113,100.0,1000,24.924957379086543,33.92528008813723,34.852479041190236,34.99387303551587,39.16909956113965,0.0,0.725184772552611,0.7681722878410294,11675.0,11.675,11675.0,0.0,0.0,0.0,0.467,0.9807280513918629,0.4925053533190578,0.23,0.48822269807280516,0.0,0.019271948608137045,0.0,53.300000000000004,0.0,46.7,0.0,499,499.0,local_confidence_threshold,0.72,False
dapper,stable,114,100.0,1000,25.128438548268,33.86993382489312,34.786318253661975,34.99771913787838,40.632193325093624,0.0,0.7237524930795687,0.7700784101123852,11825.0,11.825,11825.0,0.0,0.0,0.0,0.473,0.9873150105708245,0.5264270613107822,0.249,0.4608879492600423,0.0,0.012684989429175475,0.0,52.7,0.0,47.3,0.0,490,490.0,local_confidence_threshold,0.72,False
dapper,stable,115,100.0,1000,25.094705607799348,34.162413089123824,34.74465384721523,34.970565607066455,39.681817767117074,0.0,0.7245886848920773,0.7692980365383507,11900.0,11.9,11900.0,0.0,0.0,0.0,0.476,0.9873949579831933,0.4957983193277311,0.236,0.49159663865546216,0.0,0.012605042016806723,0.0,52.400000000000006,0.0,47.599999999999994,0.0,510,510.0,local_confidence_threshold,0.72,False
dapper,stable,116,100.0,1000,25.028301912688907,34.05041769477859,34.88445460350265,34.99403448766891,40.704372716726006,0.0,0.7244573126145593,0.7720609156694407,12025.0,12.025,12025.0,0.0,0.0,0.0,0.481,0.9937629937629938,0.5322245322245323,0.256,0.46153846153846156,0.0,0.006237006237006237,0.0,51.9,0.0,48.1,0.0,488,488.0,local_confidence_threshold,0.72,False
dapper,stable,117,100.0,1000,24.997182216762514,33.94211020128963,34.806950360419165,34.98156739475102,39.789762526125735,0.0,0.7238166310991714,0.7690509932205271,11900.0,11.9,11900.0,0.0,0.0,0.0,0.476,0.9789915966386554,0.4894957983193277,0.233,0.4894957983193277,0.0,0.02100840336134454,0.0,52.400000000000006,0.0,47.599999999999994,0.0,512,512.0,local_confidence_threshold,0.72,False
dapper,stable,118,100.0,1000,25.026589048763064,34.146334679362305,34.835239525322194,34.964244111574146,38.51762366376096,0.0,0.7280528994609765,0.7689875002041718,10875.0,10.875,10875.0,0.0,0.0,0.0,0.435,0.9908045977011494,0.5011494252873563,0.218,0.4896551724137931,0.0,0.009195402298850575,0.0,56.49999999999999,0.0,43.5,0.0,506,506.0,local_confidence_threshold,0.72,False
dapper,stable,119,100.0,1000,24.80107188012856,34.00280379558126,34.81754573602827,34.936826663719394,40.58945963431239,0.0,0.7243707963012889,0.7734606100938579,11750.0,11.75,11750.0,0.0,0.0,0.0,0.47,0.9872340425531915,0.5446808510638298,0.256,0.4425531914893617,0.0,0.01276595744680851,0.0,53.0,0.0,47.0,0.0,498,498.0,local_confidence_threshold,0.72,False
dapper,stable,120,100.0,1000,25.000139802139184,33.83887438020657,34.75482963071029,34.96519781982063,40.12489074185028,0.0,0.7247996031934949,0.7712133193155133,11950.0,11.95,11950.0,0.0,0.0,0.0,0.478,0.9790794979079498,0.5167364016736402,0.247,0.46234309623430964,0.0,0.02092050209205021,0.0,52.2,0.0,47.8,0.0,482,482.0,local_confidence_threshold,0.72,False
dapper,stable,121,100.0,1000,24.870142370806825,34.08802278656587,34.79782372711737,34.96061084968983,38.951505042579754,0.0,0.7235062491591376,0.7681417131968871,11800.0,11.8,11800.0,0.0,0.0,0.0,0.472,0.9851694915254238,0.4872881355932203,0.23,0.4978813559322034,0.0,0.014830508474576272,0.0,52.800000000000004,0.0,47.199999999999996,0.0,488,488.0,local_confidence_threshold,0.72,False
dapper,stable,122,100.0,1000,24.829111935230273,33.958468133447,34.74506049633189,34.924143640943036,39.41905640328399,0.0,0.7259117747422895,0.7707512581619044,11250.0,11.25,11250.0,0.0,0.0,0.0,0.45,0.9888888888888889,0.5111111111111111,0.23,0.4777777777777778,0.0,0.011111111111111112,0.0,55.00000000000001,0.0,45.0,0.0,491,491.0,local_confidence_threshold,0.72,False
dapper,stable,123,100.0,1000,25.35470141463279,34.01400394209814,34.728637206489786,34.90743937957425,39.92147313975115,0.0,0.7231039957478556,0.7689652911415169,11950.0,11.95,11950.0,0.0,0.0,0.0,0.478,0.9790794979079498,0.4916317991631799,0.235,0.4874476987447699,0.0,0.02092050209205021,0.0,52.2,0.0,47.8,0.0,512,512.0,local_confidence_threshold,0.72,False
dapper,stable,124,100.0,1000,25.00583269004324,34.03261405514325,34.80612955591713,34.95256595801938,38.48774707455122,0.0,0.7270004160651047,0.7686860685565109,11350.0,11.35,11350.0,0.0,0.0,0.0,0.454,0.9933920704845814,0.4801762114537445,0.218,0.513215859030837,0.0,0.006607929515418502,0.0,54.6,0.0,45.4,0.0,499,499.0,local_confidence_threshold,0.72,False
dapper,stable,125,100.0,1000,24.9867591189863,33.982185709447386,34.8021659840167,34.99165214842439,39.848136879352715,0.0,0.7268533605073024,0.771915445100969,11325.0,11.325,11325.0,0.0,0.0,0.0,0.453,0.9911699779249448,0.5165562913907285,0.234,0.4746136865342163,0.0,0.008830022075055188,0.0,54.7,0.0,45.300000000000004,0.0,490,490.0,local_confidence_threshold,0.72,False
dapper,stable,126,100.0,1000,24.628886386363657,33.70638744138536,34.672811784104226,34.983867296625746,40.70059731074269,0.0,0.726794351381784,0.7760796131691747,11325.0,11.325,11325.0,0.0,0.0,0.0,0.453,0.9823399558498896,0.5629139072847682,0.255,0.4194260485651214,0.0,0.017660044150110375,0.0,54.7,0.0,45.300000000000004,0.0,491,491.0,local_confidence_threshold,0.72,False
dapper,stable,127,100.0,1000,25.164646066804526,34.17312143282042,34.80106095916998,34.970740898815485,40.69465217460983,0.0,0.7237258806201099,0.7697407566050545,12150.0,12.15,12150.0,0.0,0.0,0.0,0.486,0.9938271604938271,0.5102880658436214,0.248,0.4835390946502058,0.0,0.006172839506172839,0.0,51.4,0.0,48.6,0.0,514,514.0,local_confidence_threshold,0.72,False
dapper,stable,128,100.0,1000,25.178185128090664,33.92859815320874,34.67968897440042,34.972660274630584,39.870700471581195,0.0,0.7271450910033325,0.7722179050539155,11100.0,11.1,11100.0,0.0,0.0,0.0,0.444,0.9864864864864865,0.5315315315315315,0.236,0.45495495495495497,0.0,0.013513513513513514,0.0,55.60000000000001,0.0,44.4,0.0,497,497.0,local_confidence_threshold,0.72,False
dapper,stable,129,100.0,1000,25.217209562918274,34.07064808785484,34.83459462785327,34.9933571344785,41.56851426512337,0.0,0.722736266433297,0.7718471667363553,12550.0,12.55,12550.0,0.0,0.0,0.0,0.502,0.9920318725099602,0.5199203187250996,0.261,0.4721115537848606,0.0,0.00796812749003984,0.0,49.8,0.0,50.2,0.0,503,503.0,local_confidence_threshold,0.72,False
dapper,congested,100,100.0,1000,24.824557271985057,33.928407620489025,34.77556075006328,34.97404020175507,24.824557271985057,0.0,0.7231225654703062,0.7231225654703062,0.0,0.0,0.0,0.004,0.004,0.0,0.0,0.0,0.0,0.0,0.0,0.0,0.0,0.0,99.6,0.0,0.0,0.4,8,8.0,local_confidence_threshold,0.72,False
dapper,congested,101,100.0,1000,25.026673523971784,34.03466107987438,34.84243479054015,34.99327875607795,25.026673523971784,0.0,0.7239603822715144,0.7239603822715144,0.0,0.0,0.0,0.007,0.007,0.0,0.0,0.0,0.0,0.0,0.0,0.0,0.0,0.0,99.3,0.0,0.0,0.7000000000000001,12,12.0,local_confidence_threshold,0.72,False
dapper,congested,102,100.0,1000,24.829712790777762,33.96479457393766,34.69588731781126,34.989536221406055,24.829712790777762,0.0,0.7270052366898776,0.7270052366898776,0.0,0.0,0.0,0.008,0.008,0.0,0.0,0.0,0.0,0.0,0.0,0.0,0.0,0.0,99.2,0.0,0.0,0.8,14,14.0,local_confidence_threshold,0.72,False
dapper,congested,103,100.0,1000,24.892785643695664,34.09454856492267,34.78542999553827,34.985893217625524,24.892785643695664,0.0,0.7249187188165734,0.7249187188165734,0.0,0.0,0.0,0.006,0.006,0.0,0.0,0.0,0.0,0.0,0.0,0.0,0.0,0.0,99.4,0.0,0.0,0.6,12,12.0,local_confidence_threshold,0.72,False
dapper,congested,104,100.0,1000,24.77796847513708,33.81394766067372,34.81048977789511,34.94578824107255,24.77796847513708,0.0,0.7272547943451833,0.7272547943451833,0.0,0.0,0.0,0.008,0.008,0.0,0.0,0.0,0.0,0.0,0.0,0.0,0.0,0.0,99.2,0.0,0.0,0.8,14,14.0,local_confidence_threshold,0.72,False
dapper,congested,105,100.0,1000,24.677162661323955,34.007432758127685,34.86009343610894,34.98145078352877,24.677162661323955,0.0,0.7241646482306923,0.7241646482306923,25.0,0.025,25.0,0.008,0.008,0.0,0.001,1.0,0.0,0.0,1.0,0.0,0.0,0.0,99.1,0.0,0.1,0.8,14,14.0,local_confidence_threshold,0.72,False
dapper,congested,106,100.0,1000,24.772684967250918,33.98450796903268,34.753821099438774,34.98979405154197,24.772684967250918,0.0,0.7262080408789683,0.7262080408789683,0.0,0.0,0.0,0.007,0.007,0.0,0.0,0.0,0.0,0.0,0.0,0.0,0.0,0.0,99.3,0.0,0.0,0.7000000000000001,8,8.0,local_confidence_threshold,0.72,False
dapper,congested,107,100.0,1000,24.763848167260303,33.88426057014752,34.77470672268729,34.998762184541775,24.763848167260303,0.0,0.7257346306649486,0.7257346306649486,0.0,0.0,0.0,0.005,0.005,0.0,0.0,0.0,0.0,0.0,0.0,0.0,0.0,0.0,99.5,0.0,0.0,0.5,8,8.0,local_confidence_threshold,0.72,False
dapper,congested,108,100.0,1000,24.953177155047733,33.943119032195405,34.814499351033405,34.99655745974279,24.953177155047733,0.0,0.7244295155267036,0.7244295155267036,0.0,0.0,0.0,0.008,0.008,0.0,0.0,0.0,0.0,0.0,0.0,0.0,0.0,0.0,99.2,0.0,0.0,0.8,14,14.0,local_confidence_threshold,0.72,False
dapper,congested,109,100.0,1000,24.847059358357548,33.93181537323021,34.785030538309286,34.98925809716232,24.847059358357548,0.0,0.7234323551786083,0.7234323551786083,0.0,0.0,0.0,0.007,0.007,0.0,0.0,0.0,0.0,0.0,0.0,0.0,0.0,0.0,99.3,0.0,0.0,0.7000000000000001,10,10.0,local_confidence_threshold,0.72,False
dapper,congested,110,100.0,1000,24.70223165713215,33.71973175922034,34.60151524624712,34.90888622322395,24.70223165713215,0.0,0.7246938266396346,0.7246938266396346,0.0,0.0,0.0,0.005,0.005,0.0,0.0,0.0,0.0,0.0,0.0,0.0,0.0,0.0,99.5,0.0,0.0,0.5,8,8.0,local_confidence_threshold,0.72,False
dapper,congested,111,100.0,1000,24.94253826558974,33.995133250212476,34.74455155405684,34.96241421096305,24.94253826558974,0.0,0.7254545302713125,0.7254545302713125,0.0,0.0,0.0,0.008,0.008,0.0,0.0,0.0,0.0,0.0,0.0,0.0,0.0,0.0,99.2,0.0,0.0,0.8,14,14.0,local_confidence_threshold,0.72,False
dapper,congested,112,100.0,1000,24.86963877249279,33.90095224371657,34.76580213455383,34.985906989642146,24.86963877249279,0.0,0.7266076329631779,0.7266076329631779,0.0,0.0,0.0,0.013,0.013,0.0,0.0,0.0,0.0,0.0,0.0,0.0,0.0,0.0,98.7,0.0,0.0,1.3,18,18.0,local_confidence_threshold,0.72,False
dapper,congested,113,100.0,1000,24.72292431672843,33.938019364553725,34.77247181035648,34.98424994294581,24.72292431672843,0.0,0.7265134749764945,0.7265134749764945,0.0,0.0,0.0,0.007,0.007,0.0,0.0,0.0,0.0,0.0,0.0,0.0,0.0,0.0,99.3,0.0,0.0,0.7000000000000001,12,12.0,local_confidence_threshold,0.72,False
dapper,congested,114,100.0,1000,24.915906991902833,33.99518413696301,34.87476614646897,34.96282987218834,24.915906991902833,0.0,0.7286233928366593,0.7286233928366593,0.0,0.0,0.0,0.008,0.008,0.0,0.0,0.0,0.0,0.0,0.0,0.0,0.0,0.0,99.2,0.0,0.0,0.8,10,10.0,local_confidence_threshold,0.72,False
dapper,congested,115,100.0,1000,25.085740611498316,34.01033183391731,34.751795785617006,34.96593743598228,25.085740611498316,0.0,0.722824442674691,0.722824442674691,0.0,0.0,0.0,0.006,0.006,0.0,0.0,0.0,0.0,0.0,0.0,0.0,0.0,0.0,99.4,0.0,0.0,0.6,10,10.0,local_confidence_threshold,0.72,False
dapper,congested,116,100.0,1000,25.324934204252145,33.95730249293956,34.77240430108412,34.9771698353159,25.324934204252145,0.0,0.7260315559209485,0.7260315559209485,0.0,0.0,0.0,0.008,0.008,0.0,0.0,0.0,0.0,0.0,0.0,0.0,0.0,0.0,99.2,0.0,0.0,0.8,16,16.0,local_confidence_threshold,0.72,False
dapper,congested,117,100.0,1000,24.38620885543388,33.706919736517364,34.66361864084976,34.994340946660934,24.38620885543388,0.0,0.7253330615138619,0.7253330615138619,0.0,0.0,0.0,0.008,0.008,0.0,0.0,0.0,0.0,0.0,0.0,0.0,0.0,0.0,99.2,0.0,0.0,0.8,16,16.0,local_confidence_threshold,0.72,False
dapper,congested,118,100.0,1000,25.01023416650803,34.01490807545646,34.75940662114508,34.968506891824205,25.01023416650803,0.0,0.7268033495517163,0.7268033495517163,0.0,0.0,0.0,0.007,0.007,0.0,0.0,0.0,0.0,0.0,0.0,0.0,0.0,0.0,99.3,0.0,0.0,0.7000000000000001,12,12.0,local_confidence_threshold,0.72,False
dapper,congested,119,100.0,1000,25.237974362405513,33.930297923071485,34.79939395844596,34.97944595589328,25.237974362405513,0.0,0.7235998627315303,0.7235998627315303,0.0,0.0,0.0,0.005,0.005,0.0,0.0,0.0,0.0,0.0,0.0,0.0,0.0,0.0,99.5,0.0,0.0,0.5,8,8.0,local_confidence_threshold,0.72,False
dapper,congested,120,100.0,1000,24.770729236686982,33.99634834863332,34.78821886321599,34.985958566309606,24.770729236686982,0.0,0.724149083598059,0.724149083598059,0.0,0.0,0.0,0.008,0.008,0.0,0.0,0.0,0.0,0.0,0.0,0.0,0.0,0.0,99.2,0.0,0.0,0.8,16,16.0,local_confidence_threshold,0.72,False
dapper,congested,121,100.0,1000,24.670024513531853,33.750343569648706,34.75280697328194,34.996277370025744,24.670024513531853,0.0,0.7242193034879331,0.7242193034879331,0.0,0.0,0.0,0.006,0.006,0.0,0.0,0.0,0.0,0.0,0.0,0.0,0.0,0.0,99.4,0.0,0.0,0.6,10,10.0,local_confidence_threshold,0.72,False
dapper,congested,122,100.0,1000,24.53787182490916,33.83751458842038,34.770700984913006,34.91653465760954,24.53787182490916,0.0,0.726925307989091,0.726925307989091,0.0,0.0,0.0,0.013,0.013,0.0,0.0,0.0,0.0,0.0,0.0,0.0,0.0,0.0,98.7,0.0,0.0,1.3,14,14.0,local_confidence_threshold,0.72,False
dapper,congested,123,100.0,1000,24.972968667791022,34.0068905091913,34.771507219222585,34.98883073588995,24.972968667791022,0.0,0.7231981737549722,0.7231981737549722,0.0,0.0,0.0,0.002,0.002,0.0,0.0,0.0,0.0,0.0,0.0,0.0,0.0,0.0,99.8,0.0,0.0,0.2,4,4.0,local_confidence_threshold,0.72,False
dapper,congested,124,100.0,1000,24.68398444976012,33.74309287533703,34.66363593071505,34.94326242767353,24.68398444976012,0.0,0.7246698111318651,0.7246698111318651,0.0,0.0,0.0,0.006,0.006,0.0,0.0,0.0,0.0,0.0,0.0,0.0,0.0,0.0,99.4,0.0,0.0,0.6,10,10.0,local_confidence_threshold,0.72,False
dapper,congested,125,100.0,1000,24.725669553063664,34.05786747219948,34.83418763630404,34.99974319601896,24.725669553063664,0.0,0.7228975062228786,0.7228975062228786,0.0,0.0,0.0,0.012,0.012,0.0,0.0,0.0,0.0,0.0,0.0,0.0,0.0,0.0,98.8,0.0,0.0,1.2,14,14.0,local_confidence_threshold,0.72,False
dapper,congested,126,100.0,1000,24.961010734873252,33.97988585528562,34.774114294105054,34.99086328598782,24.961010734873252,0.0,0.7258907807888281,0.7258907807888281,0.0,0.0,0.0,0.002,0.002,0.0,0.0,0.0,0.0,0.0,0.0,0.0,0.0,0.0,99.8,0.0,0.0,0.2,4,4.0,local_confidence_threshold,0.72,False
dapper,congested,127,100.0,1000,24.79915459305446,33.97839515917549,34.71031183612322,34.99801668883106,24.79915459305446,0.0,0.7241769809830646,0.7241769809830646,0.0,0.0,0.0,0.01,0.01,0.0,0.0,0.0,0.0,0.0,0.0,0.0,0.0,0.0,99.0,0.0,0.0,1.0,18,18.0,local_confidence_threshold,0.72,False
dapper,congested,128,100.0,1000,24.671514882986425,34.08647701991846,34.783499539553866,34.99302751306131,24.671514882986425,0.0,0.72324842617587,0.72324842617587,0.0,0.0,0.0,0.008,0.008,0.0,0.0,0.0,0.0,0.0,0.0,0.0,0.0,0.0,99.2,0.0,0.0,0.8,12,12.0,local_confidence_threshold,0.72,False
dapper,congested,129,100.0,1000,24.599702966215787,33.90591045177916,34.77957296022762,34.981958638619645,24.599702966215787,0.0,0.7227863941222297,0.7227863941222297,0.0,0.0,0.0,0.013,0.013,0.0,0.0,0.0,0.0,0.0,0.0,0.0,0.0,0.0,98.7,0.0,0.0,1.3,20,20.0,local_confidence_threshold,0.72,False
dapper,lossy,100,100.0,1000,25.284238375351617,34.04718924628941,34.84826155800029,34.98907189172226,29.20291681959575,0.0,0.7261089761349956,0.7367837484046327,9725.0,9.725,9725.0,0.0,0.0,0.0,0.389,0.8020565552699229,0.14395886889460155,0.056,0.6580976863753213,0.0,0.19794344473007713,0.0,61.1,0.0,38.9,0.0,458,458.0,local_confidence_threshold,0.72,False
dapper,lossy,101,100.0,1000,25.059527190349893,34.120642165867906,34.8265496982896,34.99538718567808,28.405536684205494,0.0,0.7233638220296621,0.7323570236331657,9800.0,9.8,9800.0,0.0,0.0,0.0,0.392,0.8316326530612245,0.11989795918367346,0.047,0.7117346938775511,0.0,0.1683673469387755,0.0,60.8,0.0,39.2,0.0,461,461.0,local_confidence_threshold,0.72,False
dapper,lossy,102,100.0,1000,24.993003502753638,33.78557770295638,34.81151542684563,34.990087052311324,27.92239161692137,0.0,0.7247993890094673,0.7329590871903799,9350.0,9.35,9350.0,0.0,0.0,0.0,0.374,0.8048128342245989,0.11497326203208556,0.043,0.6898395721925134,0.0,0.19518716577540107,0.0,62.6,0.0,37.4,0.0,432,432.0,local_confidence_threshold,0.72,False
dapper,lossy,103,100.0,1000,25.072925546868568,34.23372242321619,34.794279965090745,34.9768308072483,29.150014489289575,0.0,0.7255664298957895,0.7369160230311232,9625.0,9.625,9625.0,0.0,0.0,0.0,0.385,0.8077922077922078,0.15584415584415584,0.06,0.6519480519480519,0.0,0.19220779220779222,0.0,61.5,0.0,38.5,0.0,459,459.0,local_confidence_threshold,0.72,False
dapper,lossy,104,100.0,1000,24.952721574773207,33.7641107522445,34.821547122134376,34.99174516374082,29.114221391382802,0.0,0.725270205207262,0.7359470180378634,9950.0,9.95,9950.0,0.0,0.0,0.0,0.398,0.7964824120603015,0.1507537688442211,0.06,0.6457286432160804,0.0,0.20351758793969849,0.0,60.199999999999996,0.0,39.800000000000004,0.0,447,447.0,local_confidence_threshold,0.72,False
dapper,lossy,105,100.0,1000,25.095152971928933,33.826524025580916,34.67873591147265,34.99594666457182,28.301089484020412,0.0,0.7248747477212536,0.7338003344223616,9775.0,9.775,9775.0,0.0,0.0,0.0,0.391,0.8286445012787724,0.11764705882352941,0.046,0.710997442455243,0.0,0.17135549872122763,0.0,60.9,0.0,39.1,0.0,466,466.0,local_confidence_threshold,0.72,False
dapper,lossy,106,100.0,1000,24.856568122610433,33.832964597231225,34.72189143706977,34.99784375073101,29.034475331274635,0.0,0.7235813767870335,0.7347232778910736,9925.0,9.925,9925.0,0.0,0.0,0.0,0.397,0.8765743073047859,0.15113350125944586,0.06,0.72544080604534,0.0,0.12342569269521411,0.0,60.3,0.0,39.7,0.0,433,433.0,local_confidence_threshold,0.72,False
dapper,lossy,107,100.0,1000,24.68158080592215,34.00414573371424,34.83973190471446,34.99325658145116,28.29620366309426,0.0,0.7241940517114336,0.7336797170246037,9775.0,9.775,9775.0,0.0,0.0,0.0,0.391,0.8184143222506394,0.13043478260869565,0.051,0.6879795396419437,0.0,0.1815856777493606,0.0,60.9,0.0,39.1,0.0,454,454.0,local_confidence_threshold,0.72,False
dapper,lossy,108,100.0,1000,25.047265262517854,34.05795037600457,34.73288919337191,34.96757252768798,28.12165238512712,0.0,0.7235643813542582,0.7319426325303947,10000.0,10.0,10000.0,0.0,0.0,0.0,0.4,0.8175,0.11,0.044,0.7075,0.0,0.1825,0.0,60.0,0.0,40.0,0.0,458,458.0,local_confidence_threshold,0.72,False
dapper,lossy,109,100.0,1000,24.775139056545807,34.049418286887835,34.7919194149339,34.94624843509132,29.22390614906216,0.0,0.7212325912059436,0.7333165959519058,10600.0,10.6,10600.0,0.0,0.0,0.0,0.424,0.839622641509434,0.14858490566037735,0.063,0.6910377358490566,0.0,0.16037735849056603,0.0,57.599999999999994,0.0,42.4,0.0,476,476.0,local_confidence_threshold,0.72,False
dapper,lossy,110,100.0,1000,25.004520730247734,33.8683404853258,34.86997539103268,34.98456857838196,28.998160854087608,0.0,0.7268739784421301,0.7369334936503089,9650.0,9.65,9650.0,0.0,0.0,0.0,0.386,0.7953367875647669,0.14507772020725387,0.056,0.6502590673575129,0.0,0.20466321243523317,0.0,61.4,0.0,38.6,0.0,476,476.0,local_confidence_threshold,0.72,False
dapper,lossy,111,100.0,1000,24.90307640535743,34.14835345167596,34.756755348825656,34.981698697795565,28.342178127630344,0.0,0.7248703254305311,0.7337689168155818,9600.0,9.6,9600.0,0.0,0.0,0.0,0.384,0.7916666666666666,0.12760416666666666,0.049,0.6640625,0.0,0.20833333333333334,0.0,61.6,0.0,38.4,0.0,472,472.0,local_confidence_threshold,0.72,False
dapper,lossy,112,100.0,1000,24.956367632930085,34.151123089835,34.870234716853815,34.962158450180866,28.98924838116587,0.0,0.7253954496233768,0.7363824928260372,9675.0,9.675,9675.0,0.0,0.0,0.0,0.387,0.8191214470284238,0.14987080103359174,0.058,0.6692506459948321,0.0,0.18087855297157623,0.0,61.3,0.0,38.7,0.0,475,475.0,local_confidence_threshold,0.72,False
dapper,lossy,113,100.0,1000,25.11573781751927,34.14436127878192,34.867885766711,34.99782157537433,28.511834802236407,0.0,0.7254462125679975,0.734502224999714,9875.0,9.875,9875.0,0.0,0.0,0.0,0.395,0.8075949367088607,0.1240506329113924,0.049,0.6835443037974683,0.0,0.19240506329113924,0.0,60.5,0.0,39.5,0.0,477,477.0,local_confidence_threshold,0.72,False
dapper,lossy,114,100.0,1000,25.05695156474369,34.026649628584615,34.857774174382406,34.983091762156874,28.129534719104324,0.0,0.72440817275247,0.7327069191561091,9675.0,9.675,9675.0,0.0,0.0,0.0,0.387,0.7906976744186046,0.11627906976744186,0.045,0.6744186046511628,0.0,0.20930232558139536,0.0,61.3,0.0,38.7,0.0,454,454.0,local_confidence_threshold,0.72,False
dapper,lossy,115,100.0,1000,24.76252752899427,34.140208891814694,34.85306689119638,34.992962372181864,28.192392262144086,0.0,0.7251726691219196,0.7344134435618805,9900.0,9.9,9900.0,0.0,0.0,0.0,0.396,0.8080808080808081,0.12626262626262627,0.05,0.6818181818181818,0.0,0.1919191919191919,0.0,60.4,0.0,39.6,0.0,473,473.0,local_confidence_threshold,0.72,False
dapper,lossy,116,100.0,1000,24.951356764470432,33.914227978461774,34.857265543400885,34.99525986411179,29.367714966451,0.0,0.7243445892890008,0.7362725797598282,9675.0,9.675,9675.0,0.0,0.0,0.0,0.387,0.813953488372093,0.16795865633074936,0.065,0.6459948320413437,0.0,0.18604651162790697,0.0,61.3,0.0,38.7,0.0,465,465.0,local_confidence_threshold,0.72,False
dapper,lossy,117,100.0,1000,25.037129912861214,33.9567672696681,34.764351269100246,34.996388970755305,27.72492345011363,0.0,0.726073452957747,0.7334472131296872,9600.0,9.6,9600.0,0.0,0.0,0.0,0.384,0.8046875,0.1015625,0.039,0.703125,0.0,0.1953125,0.0,61.6,0.0,38.4,0.0,469,469.0,local_confidence_threshold,0.72,False
dapper,lossy,118,100.0,1000,24.83203368389728,33.86314293776527,34.704566823658226,34.94197590424748,27.934082994412865,0.0,0.7277094589160901,0.7359873613103532,9100.0,9.1,9100.0,0.0,0.0,0.0,0.364,0.8021978021978022,0.12087912087912088,0.044,0.6813186813186813,0.0,0.1978021978021978,0.0,63.6,0.0,36.4,0.0,444,444.0,local_confidence_threshold,0.72,False
dapper,lossy,119,100.0,1000,25.22380561542694,34.16353447898527,34.88856396573517,34.993426719837316,28.918014402855626,0.0,0.72570145608929,0.7358690385794526,9925.0,9.925,9925.0,0.0,0.0,0.0,0.397,0.8337531486146096,0.13602015113350127,0.054,0.6977329974811083,0.0,0.16624685138539042,0.0,60.3,0.0,39.7,0.0,468,468.0,local_confidence_threshold,0.72,False
dapper,lossy,120,100.0,1000,24.94356883456326,33.94762430607923,34.82126839451995,34.99480299428936,28.163077669344492,0.0,0.7242446744200584,0.7334400701541621,9825.0,9.825,9825.0,0.0,0.0,0.0,0.393,0.8040712468193384,0.11704834605597965,0.046,0.6870229007633588,0.0,0.19592875318066158,0.0,60.699999999999996,0.0,39.300000000000004,0.0,469,469.0,local_confidence_threshold,0.72,False
dapper,lossy,121,100.0,1000,24.890186762682326,33.9509837447526,34.75636721943252,34.9865485323475,29.11907907358071,0.0,0.7226738180182367,0.7344764143804803,10075.0,10.075,10075.0,0.0,0.0,0.0,0.403,0.8089330024813896,0.1488833746898263,0.06,0.6600496277915633,0.0,0.19106699751861042,0.0,59.699999999999996,0.0,40.300000000000004,0.0,472,472.0,local_confidence_threshold,0.72,False
dapper,lossy,122,100.0,1000,25.08579289471596,34.07524967583675,34.72465675884838,34.92311681265087,28.80124127470475,0.0,0.7253656451784852,0.7358869271069551,9325.0,9.325,9325.0,0.0,0.0,0.0,0.373,0.7935656836461126,0.14209115281501342,0.053,0.6514745308310992,0.0,0.2064343163538874,0.0,62.7,0.0,37.3,0.0,447,447.0,local_confidence_threshold,0.72,False
dapper,lossy,123,100.0,1000,24.817178107343594,33.97858252982191,34.71884738710505,34.9640180768012,28.825351669668233,0.0,0.725177200048534,0.7367340627373428,10075.0,10.075,10075.0,0.0,0.0,0.0,0.403,0.7866004962779156,0.14392059553349876,0.058,0.6426799007444168,0.0,0.21339950372208435,0.0,59.699999999999996,0.0,40.300000000000004,0.0,497,497.0,local_confidence_threshold,0.72,False
dapper,lossy,124,100.0,1000,25.144076835710404,34.0084817041087,34.82162623829404,34.999930978152555,29.301348991963156,0.0,0.7252006399861742,0.7372067012498495,9825.0,9.825,9825.0,0.0,0.0,0.0,0.393,0.821882951653944,0.15267175572519084,0.06,0.6692111959287532,0.0,0.178117048346056,0.0,60.699999999999996,0.0,39.300000000000004,0.0,468,468.0,local_confidence_threshold,0.72,False
dapper,lossy,125,100.0,1000,25.290207315525716,34.07810779324134,34.85987931432081,34.99675173862079,28.282324877959145,0.0,0.725008358044021,0.7331929892731189,9400.0,9.4,9400.0,0.0,0.0,0.0,0.376,0.8085106382978723,0.11702127659574468,0.044,0.6914893617021277,0.0,0.19148936170212766,0.0,62.4,0.0,37.6,0.0,451,451.0,local_confidence_threshold,0.72,False
dapper,lossy,126,100.0,1000,25.012306557377276,34.01851118868758,34.87231873366858,34.99707928007821,28.866182761772674,0.0,0.7223553858756083,0.7328774383487481,10425.0,10.425,10425.0,0.0,0.0,0.0,0.417,0.8129496402877698,0.1342925659472422,0.056,0.6786570743405276,0.0,0.18705035971223022,0.0,58.3,0.0,41.699999999999996,0.0,478,478.0,local_confidence_threshold,0.72,False
dapper,lossy,127,100.0,1000,24.933813775828348,34.03862120823819,34.851014551058256,34.985303846764054,29.384525996197024,0.0,0.7254720911704587,0.7373035999957376,9900.0,9.9,9900.0,0.0,0.0,0.0,0.396,0.76010101010101,0.16161616161616163,0.064,0.5984848484848485,0.0,0.2398989898989899,0.0,60.4,0.0,39.6,0.0,486,486.0,local_confidence_threshold,0.72,False
dapper,lossy,128,100.0,1000,25.361525346794913,34.112832194106765,34.722796126768856,34.99638466136344,28.633167162401094,0.0,0.7258146565752936,0.7347288295970195,9450.0,9.45,9450.0,0.0,0.0,0.0,0.378,0.8201058201058201,0.12698412698412698,0.048,0.6931216931216931,0.0,0.17989417989417988,0.0,62.2,0.0,37.8,0.0,458,458.0,local_confidence_threshold,0.72,False
dapper,lossy,129,100.0,1000,24.956002553810663,34.060395492680186,34.85750602439408,34.980831653703675,28.203556270424606,0.0,0.7240405957959037,0.7329941244274121,9700.0,9.7,9700.0,0.0,0.0,0.0,0.388,0.8221649484536082,0.11855670103092783,0.046,0.7036082474226805,0.0,0.17783505154639176,0.0,61.199999999999996,0.0,38.800000000000004,0.0,470,470.0,local_confidence_threshold,0.72,False
dapper,variable,100,100.0,1000,19.847097399190012,33.61420558459003,34.76027410675784,34.95054826151675,20.789910229838448,0.0,0.7259116438296801,0.7287061541907339,3000.0,3.0,3000.0,0.284,0.216,0.0,0.12,0.9166666666666666,0.125,0.015,0.7916666666666666,0.0,0.08333333333333333,0.0,66.4,0.0,12.0,21.6,324,324.0,local_confidence_threshold,0.72,False
dapper,variable,101,100.0,1000,19.873228370530978,33.51859359353788,34.716729365681125,34.99816501848515,21.420278036720777,0.0,0.7275598148950951,0.7319547581342171,3025.0,3.025,3025.0,0.256,0.2,0.0,0.121,0.9256198347107438,0.19008264462809918,0.023,0.7355371900826446,0.0,0.0743801652892562,0.0,67.9,0.0,12.1,20.0,305,305.0,local_confidence_threshold,0.72,False
dapper,variable,102,100.0,1000,21.725835154751234,33.952084801243224,34.85412725538718,34.995332379528136,23.293886233368237,0.0,0.7253923428217819,0.730175580136435,3375.0,3.375,3375.0,0.167,0.131,0.0,0.135,0.9037037037037037,0.17037037037037037,0.023,0.7333333333333333,0.0,0.0962962962962963,0.0,73.4,0.0,13.5,13.100000000000001,283,283.0,local_confidence_threshold,0.72,False
dapper,variable,103,100.0,1000,19.512093113412188,33.581179869308166,34.6745142049723,34.99051342908312,20.86343993025717,0.0,0.7264145780785138,0.7304202385399484,3450.0,3.45,3450.0,0.315,0.239,0.0,0.138,0.9202898550724637,0.14492753623188406,0.02,0.7753623188405797,0.0,0.07971014492753623,0.0,62.3,0.0,13.8,23.9,360,360.0,local_confidence_threshold,0.72,False
dapper,variable,104,100.0,1000,21.518439904160722,33.92297556550541,34.71580596411837,34.944614204784195,22.68232267545613,0.0,0.7272218707282757,0.7304392766211969,3025.0,3.025,3025.0,0.187,0.143,0.0,0.121,0.9090909090909091,0.14049586776859505,0.017,0.768595041322314,0.0,0.09090909090909091,0.0,73.6,0.0,12.1,14.299999999999999,290,290.0,local_confidence_threshold,0.72,False
dapper,variable,105,100.0,1000,20.409246302565197,33.52133876628223,34.7773651787171,34.98077376103997,21.559139418176347,0.0,0.726150768098847,0.7295898270863734,2775.0,2.775,2775.0,0.238,0.184,0.0,0.111,0.9459459459459459,0.15315315315315314,0.017,0.7927927927927928,0.0,0.05405405405405406,0.0,70.5,0.0,11.1,18.4,288,288.0,local_confidence_threshold,0.72,False
dapper,variable,106,100.0,1000,21.59372391817589,33.5305156645498,34.67586933903363,34.993851868805095,22.835750356230502,0.0,0.7255234671581106,0.7292864177642682,2950.0,2.95,2950.0,0.175,0.136,0.0,0.118,0.923728813559322,0.16101694915254236,0.019,0.7627118644067796,0.0,0.07627118644067797,0.0,74.6,0.0,11.799999999999999,13.600000000000001,253,253.0,local_confidence_threshold,0.72,False
dapper,variable,107,100.0,1000,20.056441701403287,33.56666120695883,34.6268453225655,34.98148819897819,21.326576450041898,0.0,0.7240116849833446,0.7277678518320924,2850.0,2.85,2850.0,0.261,0.201,0.0,0.114,0.9385964912280702,0.16666666666666666,0.019,0.7719298245614035,0.0,0.06140350877192982,0.0,68.5,0.0,11.4,20.1,292,292.0,local_confidence_threshold,0.72,False
dapper,variable,108,100.0,1000,20.480881005394448,33.99159903353784,34.77692101060002,34.94872090187498,22.177528162425283,0.0,0.7260048286422379,0.7314980016846105,3275.0,3.275,3275.0,0.26,0.196,0.0,0.131,0.9083969465648855,0.19083969465648856,0.025,0.7175572519083969,0.0,0.0916030534351145,0.0,67.30000000000001,0.0,13.100000000000001,19.6,309,309.0,local_confidence_threshold,0.72,False
dapper,variable,109,100.0,1000,21.210997956041414,33.76823065319891,34.76110730262953,34.98660651522982,21.83332316133735,0.0,0.7239038673745836,0.7258886165176195,2825.0,2.825,2825.0,0.203,0.156,0.0,0.113,0.9292035398230089,0.07964601769911504,0.009,0.8495575221238938,0.0,0.07079646017699115,0.0,73.1,0.0,11.3,15.6,280,280.0,local_confidence_threshold,0.72,False
dapper,variable,110,100.0,1000,20.982663888093814,33.908831310824965,34.67822534775889,34.98146709760653,21.9124761941018,0.0,0.7252583766377324,0.7276799101553608,2900.0,2.9,2900.0,0.226,0.171,0.0,0.116,0.9224137931034483,0.1206896551724138,0.014,0.8017241379310345,0.0,0.07758620689655173,0.0,71.3,0.0,11.600000000000001,17.1,264,264.0,local_confidence_threshold,0.72,False
dapper,variable,111,100.0,1000,21.15036747714493,33.79838354481562,34.723349040720166,34.97684653932659,22.528750344806575,0.0,0.7257443855359366,0.729442890878062,3150.0,3.15,3150.0,0.216,0.166,0.0,0.126,0.9365079365079365,0.16666666666666666,0.021,0.7698412698412699,0.0,0.06349206349206349,0.0,70.8,0.0,12.6,16.6,295,295.0,local_confidence_threshold,0.72,False
dapper,variable,112,100.0,1000,21.078172240720427,34.0565418294024,34.79412676903375,34.95854802039493,22.681207745994165,0.0,0.728773769620013,0.7330692249159613,3400.0,3.4,3400.0,0.215,0.162,0.0,0.136,0.9191176470588235,0.17647058823529413,0.024,0.7426470588235294,0.0,0.08088235294117647,0.0,70.19999999999999,0.0,13.600000000000001,16.2,294,294.0,local_confidence_threshold,0.72,False
dapper,variable,113,100.0,1000,21.273906223598555,33.57682626381407,34.78843892853948,34.96829040868747,21.73527570171861,0.0,0.7263068757945752,0.7276434528625502,2900.0,2.9,2900.0,0.197,0.15,0.0,0.116,0.9310344827586207,0.0603448275862069,0.007,0.8706896551724138,0.0,0.06896551724137931,0.0,73.4,0.0,11.600000000000001,15.0,272,272.0,local_confidence_threshold,0.72,False
dapper,variable,114,100.0,1000,19.651478679764644,33.53883646549626,34.61117657596823,34.99588156157893,20.70012878542765,0.0,0.7222741502329159,0.7251195331477597,2500.0,2.5,2500.0,0.266,0.205,0.0,0.1,0.93,0.16,0.016,0.77,0.0,0.07,0.0,69.5,0.0,10.0,20.5,291,291.0,local_confidence_threshold,0.72,False
dapper,variable,115,100.0,1000,21.45827282696581,33.34691437699113,34.626745067103904,34.87718954629805,23.31078006522255,0.0,0.7230935571850724,0.7284607193704262,2975.0,2.975,2975.0,0.176,0.137,0.0,0.119,0.8907563025210085,0.226890756302521,0.027,0.6638655462184874,0.0,0.1092436974789916,0.0,74.4,0.0,11.899999999999999,13.700000000000001,263,263.0,local_confidence_threshold,0.72,False
dapper,variable,116,100.0,1000,20.840460970931165,33.98344969197258,34.76841725790863,34.94714462527301,22.11503421467616,0.0,0.7289372186607409,0.7325164907933187,2725.0,2.725,2725.0,0.239,0.184,0.0,0.109,0.9541284403669725,0.1743119266055046,0.019,0.7798165137614679,0.0,0.045871559633027525,0.0,70.7,0.0,10.9,18.4,279,279.0,local_confidence_threshold,0.72,False
dapper,variable,117,100.0,1000,22.76021868961211,34.240173789397694,34.82080355680936,34.990866631104254,23.86611230634976,0.0,0.7236897900442029,0.7263362991651354,3325.0,3.325,3325.0,0.132,0.1,0.0,0.133,0.9097744360902256,0.12030075187969924,0.016,0.7894736842105263,0.0,0.09022556390977443,0.0,76.7,0.0,13.3,10.0,258,258.0,local_confidence_threshold,0.72,False
dapper,variable,118,100.0,1000,21.19990772515089,33.5101571170854,34.37942051281876,34.868091607089696,22.868522298647346,0.0,0.7251742139285398,0.7299037322775268,3500.0,3.5,3500.0,0.193,0.148,0.0,0.14,0.9214285714285714,0.17142857142857143,0.024,0.75,0.0,0.07857142857142857,0.0,71.2,0.0,14.000000000000002,14.799999999999999,299,299.0,local_confidence_threshold,0.72,False
dapper,variable,119,100.0,1000,20.98980792595105,33.65904383541709,34.57959716197339,34.99635852821138,23.089564833002584,0.0,0.7248011782863056,0.7304912988957176,3450.0,3.45,3450.0,0.218,0.166,0.0,0.138,0.9202898550724637,0.2246376811594203,0.031,0.6956521739130435,0.0,0.07971014492753623,0.0,69.6,0.0,13.8,16.6,290,290.0,local_confidence_threshold,0.72,False
dapper,variable,120,100.0,1000,21.637219680970638,33.96526001626422,34.71258654891299,34.99491157025027,23.083030128332606,0.0,0.7236256274039456,0.727756086610209,3800.0,3.8,3800.0,0.179,0.134,0.0,0.152,0.9342105263157895,0.13815789473684212,0.021,0.7960526315789473,0.0,0.06578947368421052,0.0,71.39999999999999,0.0,15.2,13.4,306,306.0,local_confidence_threshold,0.72,False
dapper,variable,121,100.0,1000,20.769854338698046,33.76407787463392,34.80089032279628,34.994688323129196,22.9462205649789,0.0,0.7246801812954811,0.7311616414603106,3675.0,3.675,3675.0,0.217,0.168,0.0,0.147,0.9591836734693877,0.21768707482993196,0.032,0.7414965986394558,0.0,0.04081632653061224,0.0,68.5,0.0,14.7,16.8,313,313.0,local_confidence_threshold,0.72,False
dapper,variable,122,100.0,1000,21.13175821444513,33.694416258508085,34.631522901173106,34.97317679379236,22.780001331484904,0.0,0.727101792089757,0.7316136539076262,2925.0,2.925,2925.0,0.197,0.151,0.0,0.117,0.9829059829059829,0.20512820512820512,0.024,0.7777777777777778,0.0,0.017094017094017096,0.0,73.2,0.0,11.700000000000001,15.1,277,277.0,local_confidence_threshold,0.72,False
dapper,variable,123,100.0,1000,21.09321361110236,33.79103353765298,34.79488657343286,34.98222422308634,22.487871002821386,0.0,0.7282104611957531,0.7326907504226321,2875.0,2.875,2875.0,0.215,0.164,0.0,0.115,0.9652173913043478,0.1826086956521739,0.021,0.782608695652174,0.0,0.034782608695652174,0.0,72.1,0.0,11.5,16.400000000000002,274,274.0,local_confidence_threshold,0.72,False
dapper,variable,124,100.0,1000,21.732988484636902,33.61582768332837,34.67732058291188,34.996246009129095,22.65182702170719,0.0,0.7242599698219147,0.7268589379328221,3950.0,3.95,3950.0,0.169,0.132,0.0,0.158,0.9050632911392406,0.08227848101265822,0.013,0.8227848101265823,0.0,0.0949367088607595,0.0,71.0,0.0,15.8,13.200000000000001,316,316.0,local_confidence_threshold,0.72,False
dapper,variable,125,100.0,1000,20.769788307085673,33.55572104656107,34.7780426012565,34.94952031560075,22.346128101685455,0.0,0.7246252838037862,0.7288693812458761,3150.0,3.15,3150.0,0.222,0.17,0.0,0.126,0.9365079365079365,0.18253968253968253,0.023,0.753968253968254,0.0,0.06349206349206349,0.0,70.39999999999999,0.0,12.6,17.0,290,290.0,local_confidence_threshold,0.72,False
dapper,variable,126,100.0,1000,21.1478810158433,33.75159446968112,34.720173914570076,34.997585709381326,22.556215770443035,0.0,0.730137150017489,0.7340074503327794,3225.0,3.225,3225.0,0.21,0.163,0.0,0.129,0.937984496124031,0.16279069767441862,0.021,0.7751937984496124,0.0,0.06201550387596899,0.0,70.8,0.0,12.9,16.3,288,288.0,local_confidence_threshold,0.72,False
dapper,variable,127,100.0,1000,20.660215773075464,34.01155392391131,34.710521322396545,34.9805264786951,22.126424926353458,0.0,0.7254115546748069,0.729799269738801,3000.0,3.0,3000.0,0.245,0.187,0.0,0.12,0.9666666666666667,0.175,0.021,0.7916666666666666,0.0,0.03333333333333333,0.0,69.3,0.0,12.0,18.7,288,288.0,local_confidence_threshold,0.72,False
dapper,variable,128,100.0,1000,19.588881490818014,33.63444553862527,34.724924465655434,34.96530254190218,20.42703210208774,0.0,0.7260593204690197,0.7281098265307603,2425.0,2.425,2425.0,0.278,0.214,0.0,0.097,0.9072164948453608,0.12371134020618557,0.012,0.7835051546391752,0.0,0.09278350515463918,0.0,68.89999999999999,0.0,9.700000000000001,21.4,282,282.0,local_confidence_threshold,0.72,False
dapper,variable,129,100.0,1000,21.009790891695804,33.95183803633796,34.77333674805944,34.967648156933706,22.078638629770403,0.0,0.7216296347896245,0.7248431003836946,3100.0,3.1,3100.0,0.227,0.175,0.0,0.124,0.9274193548387096,0.13709677419354838,0.017,0.7903225806451613,0.0,0.07258064516129033,0.0,70.1,0.0,12.4,17.5,298,298.0,local_confidence_threshold,0.72,False
dapper,outage,100,100.0,1000,7.390958833110617,31.53222247776869,33.92161243264051,34.99545577037872,7.390958833110617,0.0,0.7256162643603677,0.7256162643603677,0.0,0.0,0.0,1.0,0.735,0.0,0.0,0.0,0.0,0.0,0.0,0.0,0.0,0.0,22.6,0.0,0.0,77.4,422,422.0,local_confidence_threshold,0.72,False
dapper,outage,101,100.0,1000,7.394054329988902,31.520563490832846,34.26171430265933,34.94450915915627,7.394054329988902,0.0,0.7269702216094329,0.7269702216094329,0.0,0.0,0.0,1.0,0.736,0.0,0.0,0.0,0.0,0.0,0.0,0.0,0.0,0.0,21.9,0.0,0.0,78.10000000000001,412,412.0,local_confidence_threshold,0.72,False
dapper,outage,102,100.0,1000,7.51680019137851,31.462924322041214,34.417701339171714,34.98162652146018,7.51680019137851,0.0,0.725179462474503,0.725179462474503,0.0,0.0,0.0,1.0,0.731,0.0,0.0,0.0,0.0,0.0,0.0,0.0,0.0,0.0,23.200000000000003,0.0,0.0,76.8,422,422.0,local_confidence_threshold,0.72,False
dapper,outage,103,100.0,1000,7.378221024983012,31.251434028184203,34.6042054298873,34.981104653112794,7.378221024983012,0.0,0.7262335249696575,0.7262335249696575,0.0,0.0,0.0,1.0,0.735,0.0,0.0,0.0,0.0,0.0,0.0,0.0,0.0,0.0,23.0,0.0,0.0,77.0,429,429.0,local_confidence_threshold,0.72,False
dapper,outage,104,100.0,1000,7.568293210290533,31.59395630138461,34.54533747275368,34.97633437705056,7.568293210290533,0.0,0.7263175970031922,0.7263175970031922,0.0,0.0,0.0,1.0,0.728,0.0,0.0,0.0,0.0,0.0,0.0,0.0,0.0,0.0,23.5,0.0,0.0,76.5,422,422.0,local_confidence_threshold,0.72,False
dapper,outage,105,100.0,1000,7.519378267796368,31.402502329388795,34.46505659979935,34.921933732182964,7.519378267796368,0.0,0.7248271436420854,0.7248271436420854,0.0,0.0,0.0,1.0,0.732,0.0,0.0,0.0,0.0,0.0,0.0,0.0,0.0,0.0,22.8,0.0,0.0,77.2,417,417.0,local_confidence_threshold,0.72,False
dapper,outage,106,100.0,1000,7.549106265746754,31.449714720334896,34.37540672388598,34.964850295506736,7.549106265746754,0.0,0.7212594093828284,0.7212594093828284,0.0,0.0,0.0,1.0,0.732,0.0,0.0,0.0,0.0,0.0,0.0,0.0,0.0,0.0,22.3,0.0,0.0,77.7,414,414.0,local_confidence_threshold,0.72,False
dapper,outage,107,100.0,1000,7.495635529917344,31.80791921566703,34.39018497885919,34.99112443015811,7.495635529917344,0.0,0.7250211366010297,0.7250211366010297,0.0,0.0,0.0,1.0,0.733,0.0,0.0,0.0,0.0,0.0,0.0,0.0,0.0,0.0,23.1,0.0,0.0,76.9,422,422.0,local_confidence_threshold,0.72,False
dapper,outage,108,100.0,1000,7.251361824662859,31.14265792210696,34.17418822409749,34.97297658698431,7.251361824662859,0.0,0.7266974788453335,0.7266974788453335,0.0,0.0,0.0,1.0,0.736,0.0,0.0,0.0,0.0,0.0,0.0,0.0,0.0,0.0,23.0,0.0,0.0,77.0,426,426.0,local_confidence_threshold,0.72,False
dapper,outage,109,100.0,1000,7.685496458575816,31.705170488180077,34.40871885608117,34.88886016594044,7.685496458575816,0.0,0.7258121030951461,0.7258121030951461,0.0,0.0,0.0,1.0,0.729,0.0,0.0,0.0,0.0,0.0,0.0,0.0,0.0,0.0,23.5,0.0,0.0,76.5,427,427.0,local_confidence_threshold,0.72,False
dapper,outage,110,100.0,1000,7.355193804523941,30.694822041353905,34.222511546491425,34.969462845702225,7.355193804523941,0.0,0.7245809511185383,0.7245809511185383,0.0,0.0,0.0,1.0,0.735,0.0,0.0,0.0,0.0,0.0,0.0,0.0,0.0,0.0,22.8,0.0,0.0,77.2,425,425.0,local_confidence_threshold,0.72,False
dapper,outage,111,100.0,1000,7.398682547644234,31.455362565824643,34.05726657846486,34.958198085831974,7.398682547644234,0.0,0.7280638471067766,0.7280638471067766,0.0,0.0,0.0,1.0,0.732,0.0,0.0,0.0,0.0,0.0,0.0,0.0,0.0,0.0,22.900000000000002,0.0,0.0,77.10000000000001,414,414.0,local_confidence_threshold,0.72,False
dapper,outage,112,100.0,1000,7.370625290236145,31.426397231090824,34.038780941246515,34.949972127365655,7.370625290236145,0.0,0.7280606555765715,0.7280606555765715,0.0,0.0,0.0,1.0,0.734,0.0,0.0,0.0,0.0,0.0,0.0,0.0,0.0,0.0,22.1,0.0,0.0,77.9,412,412.0,local_confidence_threshold,0.72,False
dapper,outage,113,100.0,1000,7.147796806593906,30.844985093880027,33.96419838510252,34.91680130902314,7.147796806593906,0.0,0.7299582611154545,0.7299582611154545,0.0,0.0,0.0,1.0,0.737,0.0,0.0,0.0,0.0,0.0,0.0,0.0,0.0,0.0,23.200000000000003,0.0,0.0,76.8,437,437.0,local_confidence_threshold,0.72,False
dapper,outage,114,100.0,1000,7.501176014095029,31.4914309836508,34.414218678920534,34.97406829855338,7.501176014095029,0.0,0.7224631994341497,0.7224631994341497,0.0,0.0,0.0,1.0,0.728,0.0,0.0,0.0,0.0,0.0,0.0,0.0,0.0,0.0,22.3,0.0,0.0,77.7,398,398.0,local_confidence_threshold,0.72,False
dapper,outage,115,100.0,1000,7.428611862088066,30.652007764158807,34.152857588086846,34.990047900593524,7.428611862088066,0.0,0.7262317832361891,0.7262317832361891,0.0,0.0,0.0,1.0,0.735,0.0,0.0,0.0,0.0,0.0,0.0,0.0,0.0,0.0,22.2,0.0,0.0,77.8,413,413.0,local_confidence_threshold,0.72,False
dapper,outage,116,100.0,1000,7.310877248374183,30.959598437937885,34.2744524675671,34.84799240200695,7.310877248374183,0.0,0.727895972888168,0.727895972888168,0.0,0.0,0.0,1.0,0.734,0.0,0.0,0.0,0.0,0.0,0.0,0.0,0.0,0.0,23.5,0.0,0.0,76.5,434,434.0,local_confidence_threshold,0.72,False
dapper,outage,117,100.0,1000,7.385847848859415,31.09198240986329,34.14712359689956,34.96597639562117,7.385847848859415,0.0,0.7183856901372877,0.7183856901372877,0.0,0.0,0.0,1.0,0.732,0.0,0.0,0.0,0.0,0.0,0.0,0.0,0.0,0.0,21.9,0.0,0.0,78.10000000000001,403,403.0,local_confidence_threshold,0.72,False
dapper,outage,118,100.0,1000,7.254554051460061,31.241459127591458,33.60889001037177,34.741923692424066,7.254554051460061,0.0,0.7269199104810466,0.7269199104810466,0.0,0.0,0.0,1.0,0.737,0.0,0.0,0.0,0.0,0.0,0.0,0.0,0.0,0.0,22.0,0.0,0.0,78.0,408,408.0,local_confidence_threshold,0.72,False
dapper,outage,119,100.0,1000,7.544636632920723,31.97128927281031,34.12470746616695,34.92690319762808,7.544636632920723,0.0,0.7220765044472426,0.7220765044472426,0.0,0.0,0.0,1.0,0.733,0.0,0.0,0.0,0.0,0.0,0.0,0.0,0.0,0.0,23.599999999999998,0.0,0.0,76.4,434,434.0,local_confidence_threshold,0.72,False
dapper,outage,120,100.0,1000,7.2966883444603,30.892941767709793,34.211465224522804,34.99743937003936,7.2966883444603,0.0,0.7277157448014966,0.7277157448014966,0.0,0.0,0.0,1.0,0.733,0.0,0.0,0.0,0.0,0.0,0.0,0.0,0.0,0.0,22.1,0.0,0.0,77.9,410,410.0,local_confidence_threshold,0.72,False
dapper,outage,121,100.0,1000,7.333809267763978,31.109084311834984,33.97165026658857,34.64971422730907,7.333809267763978,0.0,0.7274434266949621,0.7274434266949621,0.0,0.0,0.0,1.0,0.738,0.0,0.0,0.0,0.0,0.0,0.0,0.0,0.0,0.0,22.7,0.0,0.0,77.3,427,427.0,local_confidence_threshold,0.72,False
dapper,outage,122,100.0,1000,7.251434439695796,30.60696308430699,34.355640534389124,34.986643071399804,7.251434439695796,0.0,0.7230377555986962,0.7230377555986962,0.0,0.0,0.0,1.0,0.738,0.0,0.0,0.0,0.0,0.0,0.0,0.0,0.0,0.0,21.8,0.0,0.0,78.2,412,412.0,local_confidence_threshold,0.72,False
dapper,outage,123,100.0,1000,7.348689071341893,31.31477153672879,33.77157051102519,34.93381679406212,7.348689071341893,0.0,0.7249842011830019,0.7249842011830019,0.0,0.0,0.0,1.0,0.734,0.0,0.0,0.0,0.0,0.0,0.0,0.0,0.0,0.0,22.6,0.0,0.0,77.4,416,416.0,local_confidence_threshold,0.72,False
dapper,outage,124,100.0,1000,7.660167119732145,32.1804553486177,34.264528586595944,34.941792593643456,7.660167119732145,0.0,0.7230039723105824,0.7230039723105824,0.0,0.0,0.0,1.0,0.731,0.0,0.0,0.0,0.0,0.0,0.0,0.0,0.0,0.0,22.3,0.0,0.0,77.7,400,400.0,local_confidence_threshold,0.72,False
dapper,outage,125,100.0,1000,7.350838089581009,31.434653948905787,34.32904496368304,34.97323235440945,7.350838089581009,0.0,0.7221812250823167,0.7221812250823167,0.0,0.0,0.0,1.0,0.733,0.0,0.0,0.0,0.0,0.0,0.0,0.0,0.0,0.0,23.200000000000003,0.0,0.0,76.8,428,428.0,local_confidence_threshold,0.72,False
dapper,outage,126,100.0,1000,7.215129876013096,30.710400018658593,33.86622552192073,34.99530404733341,7.215129876013096,0.0,0.725540342550057,0.725540342550057,0.0,0.0,0.0,1.0,0.738,0.0,0.0,0.0,0.0,0.0,0.0,0.0,0.0,0.0,22.6,0.0,0.0,77.4,428,428.0,local_confidence_threshold,0.72,False
dapper,outage,127,100.0,1000,7.168677740371282,30.32721903409148,33.88590346281151,34.91862325958482,7.168677740371282,0.0,0.7321660926795039,0.7321660926795039,0.0,0.0,0.0,1.0,0.738,0.0,0.0,0.0,0.0,0.0,0.0,0.0,0.0,0.0,21.9,0.0,0.0,78.10000000000001,409,409.0,local_confidence_threshold,0.72,False
dapper,outage,128,100.0,1000,7.182658284101614,30.07092856934142,34.160945540901714,34.96572059102459,7.182658284101614,0.0,0.7245057292187558,0.7245057292187558,0.0,0.0,0.0,1.0,0.736,0.0,0.0,0.0,0.0,0.0,0.0,0.0,0.0,0.0,23.0,0.0,0.0,77.0,428,428.0,local_confidence_threshold,0.72,False
dapper,outage,129,100.0,1000,7.192894149462109,30.305709714834187,34.22738591997794,34.97529884555047,7.192894149462109,0.0,0.7266441172681618,0.7266441172681618,0.0,0.0,0.0,1.0,0.738,0.0,0.0,0.0,0.0,0.0,0.0,0.0,0.0,0.0,21.3,0.0,0.0,78.7,404,404.0,local_confidence_threshold,0.72,False
dapper,stable,100,100.0,1000,25.279403323317702,33.96035223762113,34.73962355895296,34.988775105687154,42.66317113452941,0.0,0.7265268897628933,0.7759103576651624,14450.0,14.45,14450.0,0.0,0.0,0.0,0.578,0.9965397923875432,0.4844290657439446,0.28,0.5121107266435986,0.0,0.0034602076124567475,0.0,42.199999999999996,0.0,57.8,0.0,501,501.0,local_confidence_threshold,0.74,False
dapper,stable,101,100.0,1000,24.820657080469697,33.96040511204254,34.788072376532675,34.99828909781833,44.117773270501985,0.0,0.7249338588619687,0.7805021604376879,14800.0,14.8,14800.0,0.0,0.0,0.0,0.592,0.9881756756756757,0.518581081081081,0.307,0.46959459459459457,0.0,0.011824324324324325,0.0,40.8,0.0,59.199999999999996,0.0,469,469.0,local_confidence_threshold,0.74,False
dapper,stable,102,100.0,1000,24.835880473076735,33.70682378335116,34.74818297607158,34.965240972972765,44.03014492340877,0.0,0.727324394359075,0.7844123472340213,14525.0,14.525,14525.0,0.0,0.0,0.0,0.581,0.9965576592082617,0.5387263339070568,0.313,0.4578313253012048,0.0,0.0034423407917383822,0.0,41.9,0.0,58.099999999999994,0.0,503,503.0,local_confidence_threshold,0.74,False
dapper,stable,103,100.0,1000,24.972078044518216,34.293187186352334,34.89307765319619,34.99802137082616,44.77711225815146,0.0,0.7236659440861409,0.7832747618056105,15200.0,15.2,15200.0,0.0,0.0,0.0,0.608,0.9868421052631579,0.5263157894736842,0.32,0.4605263157894737,0.0,0.013157894736842105,0.0,39.2,0.0,60.8,0.0,447,447.0,local_confidence_threshold,0.74,False
dapper,stable,104,100.0,1000,24.98622097286207,33.860115377670134,34.74837408619961,34.98656616097203,43.915381794461396,0.0,0.7240926018777877,0.7774546487201667,15475.0,15.475,15475.0,0.0,0.0,0.0,0.619,0.9919224555735057,0.49434571890145396,0.306,0.4975767366720517,0.0,0.008077544426494346,0.0,38.1,0.0,61.9,0.0,473,473.0,local_confidence_threshold,0.74,False
dapper,stable,105,100.0,1000,24.85634769037545,33.82025179084476,34.62504012903672,34.93314580405199,43.78478993797652,0.0,0.7262361051095783,0.7815343087515736,14850.0,14.85,14850.0,0.0,0.0,0.0,0.594,0.98989898989899,0.5168350168350169,0.307,0.4730639730639731,0.0,0.010101010101010102,0.0,40.6,0.0,59.4,0.0,476,476.0,local_confidence_threshold,0.74,False
dapper,stable,106,100.0,1000,24.716410963251104,33.86074949026578,34.68730165917939,34.933586993197196,45.23713654290916,0.0,0.7229428904328138,0.781825313527182,15600.0,15.6,15600.0,0.0,0.0,0.0,0.624,0.9919871794871795,0.5224358974358975,0.326,0.46955128205128205,0.0,0.008012820512820512,0.0,37.6,0.0,62.4,0.0,466,466.0,local_confidence_threshold,0.74,False
dapper,stable,107,100.0,1000,24.88557902804772,33.83424628214373,34.89267109559948,34.9936438529993,44.532531216817944,0.0,0.7245133185042392,0.7826639060065552,14975.0,14.975,14975.0,0.0,0.0,0.0,0.599,0.986644407345576,0.5275459098497496,0.316,0.4590984974958264,0.0,0.01335559265442404,0.0,40.1,0.0,59.9,0.0,480,480.0,local_confidence_threshold,0.74,False
dapper,stable,108,100.0,1000,25.235897183714567,34.2868707566229,34.87218349603604,34.989690121554816,45.09446607880731,0.0,0.7254394152220247,0.7841453015999221,15225.0,15.225,15225.0,0.0,0.0,0.0,0.609,0.9852216748768473,0.5303776683087028,0.323,0.4548440065681445,0.0,0.014778325123152709,0.0,39.1,0.0,60.9,0.0,471,471.0,local_confidence_threshold,0.74,False
dapper,stable,109,100.0,1000,25.268964708760926,34.15910526808331,34.79620852522923,34.94284900848466,44.06935366480498,0.0,0.7225069831603355,0.7772445162321365,15475.0,15.475,15475.0,0.0,0.0,0.0,0.619,0.9870759289176091,0.4862681744749596,0.301,0.5008077544426495,0.0,0.012924071082390954,0.0,38.1,0.0,61.9,0.0,458,458.0,local_confidence_threshold,0.74,False
dapper,stable,110,100.0,1000,24.978043487255007,33.957417382454665,34.80033649104111,34.99011804008187,44.549698301549256,0.0,0.7239727698806182,0.7809052987126013,15800.0,15.8,15800.0,0.0,0.0,0.0,0.632,0.9857594936708861,0.504746835443038,0.319,0.4810126582278481,0.0,0.014240506329113924,0.0,36.8,0.0,63.2,0.0,449,449.0,local_confidence_threshold,0.74,False
dapper,stable,111,100.0,1000,25.491345575881343,33.99942489704205,34.77294614292747,34.98882482505357,44.90762372830152,0.0,0.7264559107913696,0.7838983185212438,14525.0,14.525,14525.0,0.0,0.0,0.0,0.581,0.9965576592082617,0.5387263339070568,0.313,0.4578313253012048,0.0,0.0034423407917383822,0.0,41.9,0.0,58.099999999999994,0.0,476,476.0,local_confidence_threshold,0.74,False
dapper,stable,112,100.0,1000,25.044635098675773,33.93678625080242,34.80594764992258,34.978994945141224,44.619108561405795,0.0,0.7245903067601731,0.779228414823151,15325.0,15.325,15325.0,0.0,0.0,0.0,0.613,0.9951060358890701,0.5073409461663948,0.311,0.48776508972267535,0.0,0.004893964110929853,0.0,38.7,0.0,61.3,0.0,468,468.0,local_confidence_threshold,0.74,False
dapper,stable,113,100.0,1000,24.924957379086543,33.92528008813723,34.852479041190236,34.99387303551587,43.20393156170828,0.0,0.725184772552611,0.7773433156921385,14950.0,14.95,14950.0,0.0,0.0,0.0,0.598,0.979933110367893,0.49498327759197325,0.296,0.48494983277591974,0.0,0.020066889632107024,0.0,40.2,0.0,59.8,0.0,479,479.0,local_confidence_threshold,0.74,False
dapper,stable,114,100.0,1000,25.128438548268,33.86993382489312,34.786318253661975,34.99771913787838,45.20087945418371,0.0,0.7237524930795687,0.7811791555845378,15200.0,15.2,15200.0,0.0,0.0,0.0,0.608,0.9884868421052632,0.53125,0.323,0.45723684210526316,0.0,0.011513157894736841,0.0,39.2,0.0,60.8,0.0,468,468.0,local_confidence_threshold,0.74,False
dapper,stable,115,100.0,1000,25.094705607799348,34.162413089123824,34.74465384721523,34.970565607066455,43.32330376874686,0.0,0.7245886848920773,0.7780409476139557,15150.0,15.15,15150.0,0.0,0.0,0.0,0.606,0.9851485148514851,0.4884488448844885,0.296,0.4966996699669967,0.0,0.01485148514851485,0.0,39.4,0.0,60.6,0.0,490,490.0,local_confidence_threshold,0.74,False
dapper,stable,116,100.0,1000,25.028301912688907,34.05041769477859,34.88445460350265,34.99403448766891,44.80997954212056,0.0,0.7244573126145593,0.7814541269070795,15175.0,15.175,15175.0,0.0,0.0,0.0,0.607,0.9934102141680395,0.5304777594728172,0.322,0.46293245469522243,0.0,0.006589785831960461,0.0,39.300000000000004,0.0,60.699999999999996,0.0,453,453.0,local_confidence_threshold,0.74,False
dapper,stable,117,100.0,1000,24.997182216762514,33.94211020128963,34.806950360419165,34.98156739475102,44.050350440593576,0.0,0.7238166310991714,0.7783954743701113,15325.0,15.325,15325.0,0.0,0.0,0.0,0.613,0.9804241435562806,0.4910277324632953,0.301,0.4893964110929853,0.0,0.01957585644371941,0.0,38.7,0.0,61.3,0.0,456,456.0,local_confidence_threshold,0.74,False
dapper,stable,118,100.0,1000,25.026589048763064,34.146334679362305,34.835239525322194,34.964244111574146,43.38408447800709,0.0,0.7280528994609765,0.7801676732658915,14275.0,14.275,14275.0,0.0,0.0,0.0,0.571,0.989492119089317,0.5166374781085814,0.295,0.47285464098073554,0.0,0.010507880910683012,0.0,42.9,0.0,57.099999999999994,0.0,498,498.0,local_confidence_threshold,0.74,False
dapper,stable,119,100.0,1000,24.80107188012856,34.00280379558126,34.81754573602827,34.936826663719394,45.63973342122379,0.0,0.7243707963012889,0.7852810813064195,15325.0,15.325,15325.0,0.0,0.0,0.0,0.613,0.9869494290375204,0.5513866231647635,0.338,0.4355628058727569,0.0,0.013050570962479609,0.0,38.7,0.0,61.3,0.0,484,484.0,local_confidence_threshold,0.74,False
dapper,stable,120,100.0,1000,25.000139802139184,33.83887438020657,34.75482963071029,34.96519781982063,43.806188420534276,0.0,0.7247996031934949,0.779497027691702,14950.0,14.95,14950.0,0.0,0.0,0.0,0.598,0.9816053511705686,0.5100334448160535,0.305,0.47157190635451507,0.0,0.01839464882943144,0.0,40.2,0.0,59.8,0.0,494,494.0,local_confidence_threshold,0.74,False
dapper,stable,121,100.0,1000,24.870142370806825,34.08802278656587,34.79782372711737,34.96061084968983,43.451816639796014,0.0,0.7235062491591376,0.7783505306807424,15350.0,15.35,15350.0,0.0,0.0,0.0,0.614,0.9837133550488599,0.49022801302931596,0.301,0.49348534201954397,0.0,0.016286644951140065,0.0,38.6,0.0,61.4,0.0,466,466.0,local_confidence_threshold,0.74,False
dapper,stable,122,100.0,1000,24.829111935230273,33.958468133447,34.74506049633189,34.924143640943036,43.6621641640027,0.0,0.7259117747422895,0.7802631302125358,14375.0,14.375,14375.0,0.0,0.0,0.0,0.575,0.991304347826087,0.5147826086956522,0.296,0.4765217391304348,0.0,0.008695652173913044,0.0,42.5,0.0,57.49999999999999,0.0,469,469.0,local_confidence_threshold,0.74,False
dapper,stable,123,100.0,1000,25.35470141463279,34.01400394209814,34.728637206489786,34.90743937957425,44.5300551144027,0.0,0.7231039957478556,0.7793247714299801,15600.0,15.6,15600.0,0.0,0.0,0.0,0.624,0.9775641025641025,0.4935897435897436,0.308,0.483974358974359,0.0,0.022435897435897436,0.0,37.6,0.0,62.4,0.0,468,468.0,local_confidence_threshold,0.74,False
dapper,stable,124,100.0,1000,25.00583269004324,34.03261405514325,34.80612955591713,34.95256595801938,42.82471752714575,0.0,0.7270004160651047,0.7790984361542945,14600.0,14.6,14600.0,0.0,0.0,0.0,0.584,0.9948630136986302,0.4914383561643836,0.287,0.5034246575342466,0.0,0.005136986301369863,0.0,41.6,0.0,58.4,0.0,506,506.0,local_confidence_threshold,0.74,False
dapper,stable,125,100.0,1000,24.9867591189863,33.982185709447386,34.8021659840167,34.99165214842439,44.44667324102611,0.0,0.7268533605073024,0.7819429252438251,14775.0,14.775,14775.0,0.0,0.0,0.0,0.591,0.9915397631133672,0.5211505922165821,0.308,0.4703891708967851,0.0,0.008460236886632826,0.0,40.9,0.0,59.099999999999994,0.0,494,494.0,local_confidence_threshold,0.74,False
dapper,stable,126,100.0,1000,24.628886386363657,33.70638744138536,34.672811784104226,34.983867296625746,44.217689293882586,0.0,0.726794351381784,0.784858067110854,14600.0,14.6,14600.0,0.0,0.0,0.0,0.584,0.9845890410958904,0.5376712328767124,0.314,0.4469178082191781,0.0,0.015410958904109588,0.0,41.6,0.0,58.4,0.0,474,474.0,local_confidence_threshold,0.74,False
dapper,stable,127,100.0,1000,25.164646066804526,34.17312143282042,34.80106095916998,34.970740898815485,44.74318860079188,0.0,0.7237258806201099,0.7797646468083115,15800.0,15.8,15800.0,0.0,0.0,0.0,0.632,0.9889240506329114,0.49841772151898733,0.315,0.49050632911392406,0.0,0.011075949367088608,0.0,36.8,0.0,63.2,0.0,502,502.0,local_confidence_threshold,0.74,False
dapper,stable,128,100.0,1000,25.178185128090664,33.92859815320874,34.67968897440042,34.972660274630584,43.992623254029795,0.0,0.7271450910033325,0.7814346985148466,14275.0,14.275,14275.0,0.0,0.0,0.0,0.571,0.9842381786339754,0.5253940455341506,0.3,0.45884413309982486,0.0,0.01576182136602452,0.0,42.9,0.0,57.099999999999994,0.0,491,491.0,local_confidence_threshold,0.74,False
dapper,stable,129,100.0,1000,25.217209562918274,34.07064808785484,34.83459462785327,34.9933571344785,46.00790738932182,0.0,0.722736266433297,0.7819492641355723,15725.0,15.725,15725.0,0.0,0.0,0.0,0.629,0.9904610492845787,0.5294117647058824,0.333,0.4610492845786963,0.0,0.009538950715421303,0.0,37.1,0.0,62.9,0.0,475,475.0,local_confidence_threshold,0.74,False
dapper,congested,100,100.0,1000,24.824557271985057,33.928407620489025,34.77556075006328,34.97404020175507,24.824557271985057,0.0,0.7231225654703062,0.7231225654703062,0.0,0.0,0.0,0.004,0.004,0.0,0.0,0.0,0.0,0.0,0.0,0.0,0.0,0.0,99.6,0.0,0.0,0.4,8,8.0,local_confidence_threshold,0.74,False
dapper,congested,101,100.0,1000,25.026673523971784,34.03466107987438,34.84243479054015,34.99327875607795,25.026673523971784,0.0,0.7239603822715144,0.7239603822715144,0.0,0.0,0.0,0.007,0.007,0.0,0.0,0.0,0.0,0.0,0.0,0.0,0.0,0.0,99.3,0.0,0.0,0.7000000000000001,12,12.0,local_confidence_threshold,0.74,False
dapper,congested,102,100.0,1000,24.829712790777762,33.96479457393766,34.69588731781126,34.989536221406055,24.829712790777762,0.0,0.7270052366898776,0.7270052366898776,0.0,0.0,0.0,0.008,0.008,0.0,0.0,0.0,0.0,0.0,0.0,0.0,0.0,0.0,99.2,0.0,0.0,0.8,14,14.0,local_confidence_threshold,0.74,False
dapper,congested,103,100.0,1000,24.892785643695664,34.09454856492267,34.78542999553827,34.985893217625524,24.892785643695664,0.0,0.7249187188165734,0.7249187188165734,0.0,0.0,0.0,0.006,0.006,0.0,0.0,0.0,0.0,0.0,0.0,0.0,0.0,0.0,99.4,0.0,0.0,0.6,12,12.0,local_confidence_threshold,0.74,False
dapper,congested,104,100.0,1000,24.77796847513708,33.81394766067372,34.81048977789511,34.94578824107255,24.77796847513708,0.0,0.7272547943451833,0.7272547943451833,0.0,0.0,0.0,0.008,0.008,0.0,0.0,0.0,0.0,0.0,0.0,0.0,0.0,0.0,99.2,0.0,0.0,0.8,14,14.0,local_confidence_threshold,0.74,False
dapper,congested,105,100.0,1000,24.677162661323955,34.007432758127685,34.86009343610894,34.98145078352877,24.677162661323955,0.0,0.7241646482306923,0.7241646482306923,25.0,0.025,25.0,0.008,0.008,0.0,0.001,1.0,0.0,0.0,1.0,0.0,0.0,0.0,99.1,0.0,0.1,0.8,14,14.0,local_confidence_threshold,0.74,False
dapper,congested,106,100.0,1000,24.772684967250918,33.98450796903268,34.753821099438774,34.98979405154197,24.772684967250918,0.0,0.7262080408789683,0.7262080408789683,0.0,0.0,0.0,0.007,0.007,0.0,0.0,0.0,0.0,0.0,0.0,0.0,0.0,0.0,99.3,0.0,0.0,0.7000000000000001,8,8.0,local_confidence_threshold,0.74,False
dapper,congested,107,100.0,1000,24.763848167260303,33.88426057014752,34.77470672268729,34.998762184541775,24.763848167260303,0.0,0.7257346306649486,0.7257346306649486,0.0,0.0,0.0,0.005,0.005,0.0,0.0,0.0,0.0,0.0,0.0,0.0,0.0,0.0,99.5,0.0,0.0,0.5,8,8.0,local_confidence_threshold,0.74,False
dapper,congested,108,100.0,1000,24.953177155047733,33.943119032195405,34.814499351033405,34.99655745974279,24.953177155047733,0.0,0.7244295155267036,0.7244295155267036,0.0,0.0,0.0,0.008,0.008,0.0,0.0,0.0,0.0,0.0,0.0,0.0,0.0,0.0,99.2,0.0,0.0,0.8,14,14.0,local_confidence_threshold,0.74,False
dapper,congested,109,100.0,1000,24.847059358357548,33.93181537323021,34.785030538309286,34.98925809716232,24.847059358357548,0.0,0.7234323551786083,0.7234323551786083,0.0,0.0,0.0,0.007,0.007,0.0,0.0,0.0,0.0,0.0,0.0,0.0,0.0,0.0,99.3,0.0,0.0,0.7000000000000001,10,10.0,local_confidence_threshold,0.74,False
dapper,congested,110,100.0,1000,24.70223165713215,33.71973175922034,34.60151524624712,34.90888622322395,24.70223165713215,0.0,0.7246938266396346,0.7246938266396346,0.0,0.0,0.0,0.005,0.005,0.0,0.0,0.0,0.0,0.0,0.0,0.0,0.0,0.0,99.5,0.0,0.0,0.5,8,8.0,local_confidence_threshold,0.74,False
dapper,congested,111,100.0,1000,24.94253826558974,33.995133250212476,34.74455155405684,34.96241421096305,24.94253826558974,0.0,0.7254545302713125,0.7254545302713125,0.0,0.0,0.0,0.008,0.008,0.0,0.0,0.0,0.0,0.0,0.0,0.0,0.0,0.0,99.2,0.0,0.0,0.8,14,14.0,local_confidence_threshold,0.74,False
dapper,congested,112,100.0,1000,24.86963877249279,33.90095224371657,34.76580213455383,34.985906989642146,24.86963877249279,0.0,0.7266076329631779,0.7266076329631779,0.0,0.0,0.0,0.013,0.013,0.0,0.0,0.0,0.0,0.0,0.0,0.0,0.0,0.0,98.7,0.0,0.0,1.3,18,18.0,local_confidence_threshold,0.74,False
dapper,congested,113,100.0,1000,24.72292431672843,33.938019364553725,34.77247181035648,34.98424994294581,24.72292431672843,0.0,0.7265134749764945,0.7265134749764945,0.0,0.0,0.0,0.007,0.007,0.0,0.0,0.0,0.0,0.0,0.0,0.0,0.0,0.0,99.3,0.0,0.0,0.7000000000000001,12,12.0,local_confidence_threshold,0.74,False
dapper,congested,114,100.0,1000,24.915906991902833,33.99518413696301,34.87476614646897,34.96282987218834,24.915906991902833,0.0,0.7286233928366593,0.7286233928366593,0.0,0.0,0.0,0.008,0.008,0.0,0.0,0.0,0.0,0.0,0.0,0.0,0.0,0.0,99.2,0.0,0.0,0.8,10,10.0,local_confidence_threshold,0.74,False
dapper,congested,115,100.0,1000,25.085740611498316,34.01033183391731,34.751795785617006,34.96593743598228,25.085740611498316,0.0,0.722824442674691,0.722824442674691,0.0,0.0,0.0,0.006,0.006,0.0,0.0,0.0,0.0,0.0,0.0,0.0,0.0,0.0,99.4,0.0,0.0,0.6,10,10.0,local_confidence_threshold,0.74,False
dapper,congested,116,100.0,1000,25.324934204252145,33.95730249293956,34.77240430108412,34.9771698353159,25.324934204252145,0.0,0.7260315559209485,0.7260315559209485,0.0,0.0,0.0,0.008,0.008,0.0,0.0,0.0,0.0,0.0,0.0,0.0,0.0,0.0,99.2,0.0,0.0,0.8,16,16.0,local_confidence_threshold,0.74,False
dapper,congested,117,100.0,1000,24.38620885543388,33.706919736517364,34.66361864084976,34.994340946660934,24.38620885543388,0.0,0.7253330615138619,0.7253330615138619,0.0,0.0,0.0,0.008,0.008,0.0,0.0,0.0,0.0,0.0,0.0,0.0,0.0,0.0,99.2,0.0,0.0,0.8,16,16.0,local_confidence_threshold,0.74,False
dapper,congested,118,100.0,1000,25.01023416650803,34.01490807545646,34.75940662114508,34.968506891824205,25.01023416650803,0.0,0.7268033495517163,0.7268033495517163,0.0,0.0,0.0,0.007,0.007,0.0,0.0,0.0,0.0,0.0,0.0,0.0,0.0,0.0,99.3,0.0,0.0,0.7000000000000001,12,12.0,local_confidence_threshold,0.74,False
dapper,congested,119,100.0,1000,25.237974362405513,33.930297923071485,34.79939395844596,34.97944595589328,25.237974362405513,0.0,0.7235998627315303,0.7235998627315303,0.0,0.0,0.0,0.005,0.005,0.0,0.0,0.0,0.0,0.0,0.0,0.0,0.0,0.0,99.5,0.0,0.0,0.5,8,8.0,local_confidence_threshold,0.74,False
dapper,congested,120,100.0,1000,24.770729236686982,33.99634834863332,34.78821886321599,34.985958566309606,24.770729236686982,0.0,0.724149083598059,0.724149083598059,0.0,0.0,0.0,0.008,0.008,0.0,0.0,0.0,0.0,0.0,0.0,0.0,0.0,0.0,99.2,0.0,0.0,0.8,16,16.0,local_confidence_threshold,0.74,False
dapper,congested,121,100.0,1000,24.670024513531853,33.750343569648706,34.75280697328194,34.996277370025744,24.670024513531853,0.0,0.7242193034879331,0.7242193034879331,0.0,0.0,0.0,0.006,0.006,0.0,0.0,0.0,0.0,0.0,0.0,0.0,0.0,0.0,99.4,0.0,0.0,0.6,10,10.0,local_confidence_threshold,0.74,False
dapper,congested,122,100.0,1000,24.53787182490916,33.83751458842038,34.770700984913006,34.91653465760954,24.53787182490916,0.0,0.726925307989091,0.726925307989091,0.0,0.0,0.0,0.013,0.013,0.0,0.0,0.0,0.0,0.0,0.0,0.0,0.0,0.0,98.7,0.0,0.0,1.3,14,14.0,local_confidence_threshold,0.74,False
dapper,congested,123,100.0,1000,24.972968667791022,34.0068905091913,34.771507219222585,34.98883073588995,24.972968667791022,0.0,0.7231981737549722,0.7231981737549722,0.0,0.0,0.0,0.002,0.002,0.0,0.0,0.0,0.0,0.0,0.0,0.0,0.0,0.0,99.8,0.0,0.0,0.2,4,4.0,local_confidence_threshold,0.74,False
dapper,congested,124,100.0,1000,24.68398444976012,33.74309287533703,34.66363593071505,34.94326242767353,24.68398444976012,0.0,0.7246698111318651,0.7246698111318651,0.0,0.0,0.0,0.006,0.006,0.0,0.0,0.0,0.0,0.0,0.0,0.0,0.0,0.0,99.4,0.0,0.0,0.6,10,10.0,local_confidence_threshold,0.74,False
dapper,congested,125,100.0,1000,24.725669553063664,34.05786747219948,34.83418763630404,34.99974319601896,24.725669553063664,0.0,0.7228975062228786,0.7228975062228786,0.0,0.0,0.0,0.012,0.012,0.0,0.0,0.0,0.0,0.0,0.0,0.0,0.0,0.0,98.8,0.0,0.0,1.2,14,14.0,local_confidence_threshold,0.74,False
dapper,congested,126,100.0,1000,24.961010734873252,33.97988585528562,34.774114294105054,34.99086328598782,24.961010734873252,0.0,0.7258907807888281,0.7258907807888281,0.0,0.0,0.0,0.002,0.002,0.0,0.0,0.0,0.0,0.0,0.0,0.0,0.0,0.0,99.8,0.0,0.0,0.2,4,4.0,local_confidence_threshold,0.74,False
dapper,congested,127,100.0,1000,24.79915459305446,33.97839515917549,34.71031183612322,34.99801668883106,24.79915459305446,0.0,0.7241769809830646,0.7241769809830646,0.0,0.0,0.0,0.01,0.01,0.0,0.0,0.0,0.0,0.0,0.0,0.0,0.0,0.0,99.0,0.0,0.0,1.0,18,18.0,local_confidence_threshold,0.74,False
dapper,congested,128,100.0,1000,24.671514882986425,34.08647701991846,34.783499539553866,34.99302751306131,24.671514882986425,0.0,0.72324842617587,0.72324842617587,0.0,0.0,0.0,0.008,0.008,0.0,0.0,0.0,0.0,0.0,0.0,0.0,0.0,0.0,99.2,0.0,0.0,0.8,12,12.0,local_confidence_threshold,0.74,False
dapper,congested,129,100.0,1000,24.599702966215787,33.90591045177916,34.77957296022762,34.981958638619645,24.599702966215787,0.0,0.7227863941222297,0.7227863941222297,0.0,0.0,0.0,0.013,0.013,0.0,0.0,0.0,0.0,0.0,0.0,0.0,0.0,0.0,98.7,0.0,0.0,1.3,20,20.0,local_confidence_threshold,0.74,False
dapper,lossy,100,100.0,1000,25.284238375351617,34.04718924628941,34.84826155800029,34.98907189172226,30.1195620984505,0.0,0.7261089761349956,0.7387405022333208,12325.0,12.325,12325.0,0.0,0.0,0.0,0.493,0.8113590263691683,0.13995943204868155,0.069,0.6713995943204868,0.0,0.18864097363083165,0.0,50.7,0.0,49.3,0.0,476,476.0,local_confidence_threshold,0.74,False
dapper,lossy,101,100.0,1000,25.059527190349893,34.120642165867906,34.8265496982896,34.99538718567808,29.801371678706754,0.0,0.7233638220296621,0.7352937933055652,12575.0,12.575,12575.0,0.0,0.0,0.0,0.503,0.827037773359841,0.13320079522862824,0.067,0.6938369781312127,0.0,0.17296222664015903,0.0,49.7,0.0,50.3,0.0,482,482.0,local_confidence_threshold,0.74,False
dapper,lossy,102,100.0,1000,24.993003502753638,33.78557770295638,34.81151542684563,34.990087052311324,29.284483817566876,0.0,0.7247993890094673,0.7356846198951493,11950.0,11.95,11950.0,0.0,0.0,0.0,0.478,0.8117154811715481,0.1297071129707113,0.062,0.6820083682008368,0.0,0.18828451882845187,0.0,52.2,0.0,47.8,0.0,462,462.0,local_confidence_threshold,0.74,False
dapper,lossy,103,100.0,1000,25.072925546868568,34.23372242321619,34.794279965090745,34.9768308072483,30.086600868190427,0.0,0.7255664298957895,0.7388896762673715,12750.0,12.75,12750.0,0.0,0.0,0.0,0.51,0.8117647058823529,0.14313725490196078,0.073,0.6686274509803921,0.0,0.18823529411764706,0.0,49.0,0.0,51.0,0.0,473,473.0,local_confidence_threshold,0.74,False
dapper,lossy,104,100.0,1000,24.952721574773207,33.7641107522445,34.821547122134376,34.99174516374082,30.53682741906168,0.0,0.725270205207262,0.7386552295445225,12800.0,12.8,12800.0,0.0,0.0,0.0,0.512,0.796875,0.15625,0.08,0.640625,0.0,0.203125,0.0,48.8,0.0,51.2,0.0,457,457.0,local_confidence_threshold,0.74,False
dapper,lossy,105,100.0,1000,25.095152971928933,33.826524025580916,34.67873591147265,34.99594666457182,28.95540870142775,0.0,0.7248747477212536,0.7351363640851145,12375.0,12.375,12375.0,0.0,0.0,0.0,0.495,0.8262626262626263,0.1111111111111111,0.055,0.7151515151515152,0.0,0.17373737373737375,0.0,50.5,0.0,49.5,0.0,498,498.0,local_confidence_threshold,0.74,False
dapper,lossy,106,100.0,1000,24.856568122610433,33.832964597231225,34.72189143706977,34.99784375073101,29.580439165097527,0.0,0.7235813767870335,0.7359931730054957,12875.0,12.875,12875.0,0.0,0.0,0.0,0.515,0.8640776699029126,0.13203883495145632,0.068,0.7320388349514563,0.0,0.13592233009708737,0.0,48.5,0.0,51.5,0.0,457,457.0,local_confidence_threshold,0.74,False
dapper,lossy,107,100.0,1000,24.68158080592215,34.00414573371424,34.83973190471446,34.99325658145116,29.484524280121857,0.0,0.7241940517114336,0.7360684917890513,12750.0,12.75,12750.0,0.0,0.0,0.0,0.51,0.8215686274509804,0.13333333333333333,0.068,0.6882352941176471,0.0,0.1784313725490196,0.0,49.0,0.0,51.0,0.0,471,471.0,local_confidence_threshold,0.74,False
dapper,lossy,108,100.0,1000,25.047265262517854,34.05795037600457,34.73288919337191,34.96757252768798,29.0482000571866,0.0,0.7235643813542582,0.7337875597682421,13175.0,13.175,13175.0,0.0,0.0,0.0,0.527,0.8197343453510436,0.10815939278937381,0.057,0.7115749525616698,0.0,0.18026565464895636,0.0,47.3,0.0,52.7,0.0,486,486.0,local_confidence_threshold,0.74,False
dapper,lossy,109,100.0,1000,24.775139056545807,34.049418286887835,34.7919194149339,34.94624843509132,30.209700167422795,0.0,0.7212325912059436,0.7353980471192054,13475.0,13.475,13475.0,0.0,0.0,0.0,0.539,0.8311688311688312,0.14285714285714285,0.077,0.6883116883116883,0.0,0.16883116883116883,0.0,46.1,0.0,53.900000000000006,0.0,474,474.0,local_confidence_threshold,0.74,False
dapper,lossy,110,100.0,1000,25.004520730247734,33.8683404853258,34.86997539103268,34.98456857838196,30.60528953265669,0.0,0.7268739784421301,0.740025676416559,12450.0,12.45,12450.0,0.0,0.0,0.0,0.498,0.785140562248996,0.15863453815261044,0.079,0.6265060240963856,0.0,0.21485943775100402,0.0,50.2,0.0,49.8,0.0,496,496.0,local_confidence_threshold,0.74,False
dapper,lossy,111,100.0,1000,24.90307640535743,34.14835345167596,34.756755348825656,34.981698697795565,29.03797913978016,0.0,0.7248703254305311,0.7352851049458087,12325.0,12.325,12325.0,0.0,0.0,0.0,0.493,0.7971602434077079,0.11967545638945233,0.059,0.6774847870182555,0.0,0.2028397565922921,0.0,50.7,0.0,49.3,0.0,512,512.0,local_confidence_threshold,0.74,False
dapper,lossy,112,100.0,1000,24.956367632930085,34.151123089835,34.870234716853815,34.962158450180866,30.09726397502421,0.0,0.7253954496233768,0.7385321986800107,12450.0,12.45,12450.0,0.0,0.0,0.0,0.498,0.8192771084337349,0.14859437751004015,0.074,0.6706827309236948,0.0,0.18072289156626506,0.0,50.2,0.0,49.8,0.0,473,473.0,local_confidence_threshold,0.74,False
dapper,lossy,113,100.0,1000,25.11573781751927,34.14436127878192,34.867885766711,34.99782157537433,29.734699070157646,0.0,0.7254462125679975,0.7371225680752951,13075.0,13.075,13075.0,0.0,0.0,0.0,0.523,0.8030592734225621,0.12619502868068833,0.066,0.6768642447418738,0.0,0.19694072657743786,0.0,47.699999999999996,0.0,52.300000000000004,0.0,495,495.0,local_confidence_threshold,0.74,False
dapper,lossy,114,100.0,1000,25.05695156474369,34.026649628584615,34.857774174382406,34.983091762156874,29.540363589851406,0.0,0.72440817275247,0.7354967997945525,12450.0,12.45,12450.0,0.0,0.0,0.0,0.498,0.7871485943775101,0.13052208835341367,0.065,0.6566265060240963,0.0,0.21285140562248997,0.0,50.2,0.0,49.8,0.0,448,448.0,local_confidence_threshold,0.74,False
dapper,lossy,115,100.0,1000,24.76252752899427,34.140208891814694,34.85306689119638,34.992962372181864,29.187886100734218,0.0,0.7251726691219196,0.7364538591730524,12475.0,12.475,12475.0,0.0,0.0,0.0,0.499,0.7895791583166333,0.1282565130260521,0.064,0.6613226452905812,0.0,0.21042084168336672,0.0,50.1,0.0,49.9,0.0,487,487.0,local_confidence_threshold,0.74,False
dapper,lossy,116,100.0,1000,24.951356764470432,33.914227978461774,34.857265543400885,34.99525986411179,29.90006750437582,0.0,0.7243445892890008,0.7375275237381731,12350.0,12.35,12350.0,0.0,0.0,0.0,0.494,0.8178137651821862,0.14777327935222673,0.073,0.6700404858299596,0.0,0.18218623481781376,0.0,50.6,0.0,49.4,0.0,468,468.0,local_confidence_threshold,0.74,False
dapper,lossy,117,100.0,1000,25.037129912861214,33.9567672696681,34.764351269100246,34.996388970755305,28.369440157139774,0.0,0.726073452957747,0.7347389906694434,12200.0,12.2,12200.0,0.0,0.0,0.0,0.488,0.7971311475409836,0.09836065573770492,0.048,0.6987704918032787,0.0,0.2028688524590164,0.0,51.2,0.0,48.8,0.0,489,489.0,local_confidence_threshold,0.74,False
dapper,lossy,118,100.0,1000,24.83203368389728,33.86314293776527,34.704566823658226,34.94197590424748,28.964845598199375,0.0,0.7277094589160901,0.7381142225397928,12125.0,12.125,12125.0,0.0,0.0,0.0,0.485,0.8164948453608247,0.12164948453608247,0.059,0.6948453608247422,0.0,0.18350515463917524,0.0,51.5,0.0,48.5,0.0,492,492.0,local_confidence_threshold,0.74,False
dapper,lossy,119,100.0,1000,25.22380561542694,34.16353447898527,34.88856396573517,34.993426719837316,30.031869351160804,0.0,0.72570145608929,0.7384442915720513,12650.0,12.65,12650.0,0.0,0.0,0.0,0.506,0.8260869565217391,0.1383399209486166,0.07,0.6877470355731226,0.0,0.17391304347826086,0.0,49.4,0.0,50.6,0.0,468,468.0,local_confidence_threshold,0.74,False
dapper,lossy,120,100.0,1000,24.94356883456326,33.94762430607923,34.82126839451995,34.99480299428936,29.351297492972705,0.0,0.7242446744200584,0.7359311587699205,12700.0,12.7,12700.0,0.0,0.0,0.0,0.508,0.8090551181102362,0.12401574803149606,0.063,0.6850393700787402,0.0,0.19094488188976377,0.0,49.2,0.0,50.8,0.0,485,485.0,local_confidence_threshold,0.74,False
dapper,lossy,121,100.0,1000,24.890186762682326,33.9509837447526,34.75636721943252,34.9865485323475,30.388678674167526,0.0,0.7226738180182367,0.7368948981890854,13225.0,13.225,13225.0,0.0,0.0,0.0,0.529,0.8223062381852552,0.14744801512287334,0.078,0.6748582230623819,0.0,0.1776937618147448,0.0,47.099999999999994,0.0,52.900000000000006,0.0,480,480.0,local_confidence_threshold,0.74,False
dapper,lossy,122,100.0,1000,25.08579289471596,34.07524967583675,34.72465675884838,34.92311681265087,29.80318939027302,0.0,0.7253656451784852,0.7378888234707914,12425.0,12.425,12425.0,0.0,0.0,0.0,0.497,0.7947686116700201,0.13480885311871227,0.067,0.6599597585513078,0.0,0.2052313883299799,0.0,50.3,0.0,49.7,0.0,473,473.0,local_confidence_threshold,0.74,False
dapper,lossy,123,100.0,1000,24.817178107343594,33.97858252982191,34.71884738710505,34.9640180768012,30.138477601047068,0.0,0.725177200048534,0.7397951716340226,12575.0,12.575,12575.0,0.0,0.0,0.0,0.503,0.7912524850894632,0.15308151093439365,0.077,0.6381709741550696,0.0,0.20874751491053678,0.0,49.7,0.0,50.3,0.0,498,498.0,local_confidence_threshold,0.74,False
dapper,lossy,124,100.0,1000,25.144076835710404,34.0084817041087,34.82162623829404,34.999930978152555,31.213073959250927,0.0,0.7252006399861742,0.7414064767283983,13100.0,13.1,13100.0,0.0,0.0,0.0,0.524,0.8301526717557252,0.16793893129770993,0.088,0.6622137404580153,0.0,0.16984732824427481,0.0,47.599999999999994,0.0,52.400000000000006,0.0,496,496.0,local_confidence_threshold,0.74,False
dapper,lossy,125,100.0,1000,25.290207315525716,34.07810779324134,34.85987931432081,34.99675173862079,29.868426490916544,0.0,0.725008358044021,0.736306957617815,12425.0,12.425,12425.0,0.0,0.0,0.0,0.497,0.8108651911468813,0.13480885311871227,0.067,0.676056338028169,0.0,0.1891348088531187,0.0,50.3,0.0,49.7,0.0,460,460.0,local_confidence_threshold,0.74,False
dapper,lossy,126,100.0,1000,25.012306557377276,34.01851118868758,34.87231873366858,34.99707928007821,30.084334797920118,0.0,0.7223553858756083,0.7352724605533758,13175.0,13.175,13175.0,0.0,0.0,0.0,0.527,0.8178368121442126,0.13851992409867173,0.073,0.6793168880455408,0.0,0.18216318785578747,0.0,47.3,0.0,52.7,0.0,490,490.0,local_confidence_threshold,0.74,False
dapper,lossy,127,100.0,1000,24.933813775828348,34.03862120823819,34.851014551058256,34.985303846764054,30.500221931770465,0.0,0.7254720911704587,0.7396527159404312,12725.0,12.725,12725.0,0.0,0.0,0.0,0.509,0.7721021611001965,0.15717092337917485,0.08,0.6149312377210217,0.0,0.22789783889980353,0.0,49.1,0.0,50.9,0.0,475,475.0,local_confidence_threshold,0.74,False
dapper,lossy,128,100.0,1000,25.361525346794913,34.112832194106765,34.722796126768856,34.99638466136344,29.896692271097063,0.0,0.7258146565752936,0.7375435460256442,12275.0,12.275,12275.0,0.0,0.0,0.0,0.491,0.8105906313645621,0.1364562118126273,0.067,0.6741344195519349,0.0,0.1894093686354379,0.0,50.9,0.0,49.1,0.0,478,478.0,local_confidence_threshold,0.74,False
dapper,lossy,129,100.0,1000,24.956002553810663,34.060395492680186,34.85750602439408,34.980831653703675,29.21005115579928,0.0,0.7240405957959037,0.7352725928018812,12900.0,12.9,12900.0,0.0,0.0,0.0,0.516,0.8178294573643411,0.1182170542635659,0.061,0.6996124031007752,0.0,0.1821705426356589,0.0,48.4,0.0,51.6,0.0,474,474.0,local_confidence_threshold,0.74,False
dapper,variable,100,100.0,1000,19.847097399190012,33.61420558459003,34.76027410675784,34.95054826151675,21.16045439495522,0.0,0.7259116438296801,0.7294905218926674,4050.0,4.05,4050.0,0.284,0.216,0.0,0.162,0.9074074074074074,0.12962962962962962,0.021,0.7777777777777778,0.0,0.09259259259259259,0.0,62.2,0.0,16.2,21.6,349,349.0,local_confidence_threshold,0.74,False
dapper,variable,101,100.0,1000,19.873228370530978,33.51859359353788,34.716729365681125,34.99816501848515,21.899474155306518,0.0,0.7275598148950951,0.7329217637119149,4125.0,4.125,4125.0,0.256,0.2,0.0,0.165,0.9272727272727272,0.18181818181818182,0.03,0.7454545454545455,0.0,0.07272727272727272,0.0,63.5,0.0,16.5,20.0,333,333.0,local_confidence_threshold,0.74,False
dapper,variable,102,100.0,1000,21.725835154751234,33.952084801243224,34.85412725538718,34.995332379528136,23.673610485833844,0.0,0.7253923428217819,0.7310381998698843,4300.0,4.3,4300.0,0.167,0.131,0.0,0.172,0.9127906976744186,0.1686046511627907,0.029,0.7441860465116279,0.0,0.0872093023255814,0.0,69.69999999999999,0.0,17.2,13.100000000000001,309,309.0,local_confidence_threshold,0.74,False
dapper,variable,103,100.0,1000,19.512093113412188,33.581179869308166,34.6745142049723,34.99051342908312,21.053460801144226,0.0,0.7264145780785138,0.7307344184483415,4125.0,4.125,4125.0,0.315,0.239,0.0,0.165,0.9272727272727272,0.1393939393939394,0.023,0.7878787878787878,0.0,0.07272727272727272,0.0,59.599999999999994,0.0,16.5,23.9,376,376.0,local_confidence_threshold,0.74,False
dapper,variable,104,100.0,1000,21.518439904160722,33.92297556550541,34.71580596411837,34.944614204784195,23.198930040163063,0.0,0.7272218707282757,0.7316926469588831,4100.0,4.1,4100.0,0.187,0.143,0.0,0.164,0.9146341463414634,0.1524390243902439,0.025,0.7621951219512195,0.0,0.08536585365853659,0.0,69.3,0.0,16.400000000000002,14.299999999999999,306,306.0,local_confidence_threshold,0.74,False
dapper,variable,105,100.0,1000,20.409246302565197,33.52133876628223,34.7773651787171,34.98077376103997,22.151051441360913,0.0,0.726150768098847,0.7309585438637767,4050.0,4.05,4050.0,0.238,0.184,0.0,0.162,0.9506172839506173,0.16049382716049382,0.026,0.7901234567901234,0.0,0.04938271604938271,0.0,65.4,0.0,16.2,18.4,323,323.0,local_confidence_threshold,0.74,False
dapper,variable,106,100.0,1000,21.59372391817589,33.5305156645498,34.67586933903363,34.993851868805095,23.409809361649284,0.0,0.7255234671581106,0.7305956711314802,3725.0,3.725,3725.0,0.175,0.136,0.0,0.149,0.9194630872483222,0.18791946308724833,0.028,0.7315436241610739,0.0,0.08053691275167785,0.0,71.5,0.0,14.899999999999999,13.600000000000001,276,276.0,local_confidence_threshold,0.74,False
dapper,variable,107,100.0,1000,20.056441701403287,33.56666120695883,34.6268453225655,34.98148819897819,21.66678074664785,0.0,0.7240116849833446,0.7286024626774745,3600.0,3.6,3600.0,0.261,0.201,0.0,0.144,0.9236111111111112,0.16666666666666666,0.024,0.7569444444444444,0.0,0.0763888888888889,0.0,65.5,0.0,14.399999999999999,20.1,302,302.0,local_confidence_threshold,0.74,False
dapper,variable,108,100.0,1000,20.480881005394448,33.99159903353784,34.77692101060002,34.94872090187498,22.497034064439948,0.0,0.7260048286422379,0.7321043371800199,4275.0,4.275,4275.0,0.26,0.196,0.0,0.171,0.9239766081871345,0.17543859649122806,0.03,0.7485380116959064,0.0,0.07602339181286549,0.0,63.3,0.0,17.1,19.6,330,330.0,local_confidence_threshold,0.74,False
dapper,variable,109,100.0,1000,21.210997956041414,33.76823065319891,34.76110730262953,34.98660651522982,22.319385866891096,0.0,0.7239038673745836,0.7269410648810105,3725.0,3.725,3725.0,0.203,0.156,0.0,0.149,0.9395973154362416,0.10738255033557047,0.016,0.8322147651006712,0.0,0.06040268456375839,0.0,69.5,0.0,14.899999999999999,15.6,290,290.0,local_confidence_threshold,0.74,False
dapper,variable,110,100.0,1000,20.982663888093814,33.908831310824965,34.67822534775889,34.98146709760653,22.197303425579733,0.0,0.7252583766377324,0.7283764624818102,3775.0,3.775,3775.0,0.226,0.171,0.0,0.151,0.9139072847682119,0.11920529801324503,0.018,0.7947019867549668,0.0,0.08609271523178808,0.0,67.80000000000001,0.0,15.1,17.1,291,291.0,local_confidence_threshold,0.74,False
dapper,variable,111,100.0,1000,21.15036747714493,33.79838354481562,34.723349040720166,34.97684653932659,23.192354053899468,0.0,0.7257443855359366,0.7309454228082288,4250.0,4.25,4250.0,0.216,0.166,0.0,0.17,0.9411764705882353,0.18235294117647058,0.031,0.7588235294117647,0.0,0.058823529411764705,0.0,66.4,0.0,17.0,16.6,325,325.0,local_confidence_threshold,0.74,False
dapper,variable,112,100.0,1000,21.078172240720427,34.0565418294024,34.79412676903375,34.95854802039493,23.232396693089672,0.0,0.728773769620013,0.734300795919371,4325.0,4.325,4325.0,0.215,0.162,0.0,0.173,0.930635838150289,0.18497109826589594,0.032,0.7456647398843931,0.0,0.06936416184971098,0.0,66.5,0.0,17.299999999999997,16.2,308,308.0,local_confidence_threshold,0.74,False
dapper,variable,113,100.0,1000,21.273906223598555,33.57682626381407,34.78843892853948,34.96829040868747,22.247029944920175,0.0,0.7263068757945752,0.7285930469510392,3950.0,3.95,3950.0,0.197,0.15,0.0,0.158,0.930379746835443,0.08860759493670886,0.014,0.8417721518987342,0.0,0.06962025316455696,0.0,69.19999999999999,0.0,15.8,15.0,306,306.0,local_confidence_threshold,0.74,False
dapper,variable,114,100.0,1000,19.651478679764644,33.53883646549626,34.61117657596823,34.99588156157893,21.131639467971727,0.0,0.7222741502329159,0.7260433126836965,3050.0,3.05,3050.0,0.266,0.205,0.0,0.122,0.9180327868852459,0.18032786885245902,0.022,0.7377049180327869,0.0,0.08196721311475409,0.0,67.30000000000001,0.0,12.2,20.5,313,313.0,local_confidence_threshold,0.74,False
dapper,variable,115,100.0,1000,21.45827282696581,33.34691437699113,34.626745067103904,34.87718954629805,23.584589488752073,0.0,0.7230935571850724,0.7290478953072912,3800.0,3.8,3800.0,0.176,0.137,0.0,0.152,0.8881578947368421,0.20394736842105263,0.031,0.6842105263157895,0.0,0.1118421052631579,0.0,71.1,0.0,15.2,13.700000000000001,282,282.0,local_confidence_threshold,0.74,False
dapper,variable,116,100.0,1000,20.840460970931165,33.98344969197258,34.76841725790863,34.94714462527301,22.32629129012296,0.0,0.7289372186607409,0.7329964515030831,3525.0,3.525,3525.0,0.239,0.184,0.0,0.141,0.9219858156028369,0.15602836879432624,0.022,0.7659574468085106,0.0,0.07801418439716312,0.0,67.5,0.0,14.099999999999998,18.4,301,301.0,local_confidence_threshold,0.74,False
dapper,variable,117,100.0,1000,22.76021868961211,34.240173789397694,34.82080355680936,34.990866631104254,24.069063656023662,0.0,0.7236897900442029,0.726923718368756,4125.0,4.125,4125.0,0.132,0.1,0.0,0.165,0.9212121212121213,0.11515151515151516,0.019,0.806060606060606,0.0,0.07878787878787878,0.0,73.5,0.0,16.5,10.0,274,274.0,local_confidence_threshold,0.74,False
dapper,variable,118,100.0,1000,21.19990772515089,33.5101571170854,34.37942051281876,34.868091607089696,23.54603412642615,0.0,0.7251742139285398,0.7313095098655831,4675.0,4.675,4675.0,0.193,0.148,0.0,0.187,0.9358288770053476,0.18181818181818182,0.034,0.7540106951871658,0.0,0.06417112299465241,0.0,66.5,0.0,18.7,14.799999999999999,327,327.0,local_confidence_threshold,0.74,False
dapper,variable,119,100.0,1000,20.98980792595105,33.65904383541709,34.57959716197339,34.99635852821138,23.499798748393168,0.0,0.7248011782863056,0.7313772494462732,4275.0,4.275,4275.0,0.218,0.166,0.0,0.171,0.9181286549707602,0.21637426900584794,0.037,0.7017543859649122,0.0,0.08187134502923976,0.0,66.3,0.0,17.1,16.6,300,300.0,local_confidence_threshold,0.74,False
dapper,variable,120,100.0,1000,21.637219680970638,33.96526001626422,34.71258654891299,34.99491157025027,23.389020953937358,0.0,0.7236256274039456,0.7285280418068681,5000.0,5.0,5000.0,0.179,0.134,0.0,0.2,0.925,0.125,0.025,0.8,0.0,0.075,0.0,66.60000000000001,0.0,20.0,13.4,335,335.0,local_confidence_threshold,0.74,False
dapper,variable,121,100.0,1000,20.769854338698046,33.76407787463392,34.80089032279628,34.994688323129196,23.66720546339376,0.0,0.7246801812954811,0.7327497156966906,4950.0,4.95,4950.0,0.217,0.168,0.0,0.198,0.9646464646464646,0.21717171717171718,0.043,0.7474747474747475,0.0,0.03535353535353535,0.0,63.4,0.0,19.8,16.8,328,328.0,local_confidence_threshold,0.74,False
dapper,variable,122,100.0,1000,21.13175821444513,33.694416258508085,34.631522901173106,34.97317679379236,23.279995633514787,0.0,0.727101792089757,0.7325610545163652,3875.0,3.875,3875.0,0.197,0.151,0.0,0.155,0.967741935483871,0.2,0.031,0.7677419354838709,0.0,0.03225806451612903,0.0,69.39999999999999,0.0,15.5,15.1,299,299.0,local_confidence_threshold,0.74,False
dapper,variable,123,100.0,1000,21.09321361110236,33.79103353765298,34.79488657343286,34.98222422308634,22.67608409221439,0.0,0.7282104611957531,0.7330830366981106,3625.0,3.625,3625.0,0.215,0.164,0.0,0.145,0.9448275862068966,0.16551724137931034,0.024,0.7793103448275862,0.0,0.05517241379310345,0.0,69.1,0.0,14.499999999999998,16.400000000000002,294,294.0,local_confidence_threshold,0.74,False
dapper,variable,124,100.0,1000,21.732988484636902,33.61582768332837,34.67732058291188,34.996246009129095,23.496517297263832,0.0,0.7242599698219147,0.7286926546849519,5025.0,5.025,5025.0,0.169,0.132,0.0,0.201,0.9054726368159204,0.12935323383084577,0.026,0.7761194029850746,0.0,0.0945273631840796,0.0,66.7,0.0,20.1,13.200000000000001,345,345.0,local_confidence_threshold,0.74,False
dapper,variable,125,100.0,1000,20.769788307085673,33.55572104656107,34.7780426012565,34.94952031560075,22.909886034472365,0.0,0.7246252838037862,0.7299884125195463,4250.0,4.25,4250.0,0.222,0.17,0.0,0.17,0.9235294117647059,0.18235294117647058,0.031,0.7411764705882353,0.0,0.07647058823529412,0.0,66.0,0.0,17.0,17.0,317,317.0,local_confidence_threshold,0.74,False
dapper,variable,126,100.0,1000,21.1478810158433,33.75159446968112,34.720173914570076,34.997585709381326,22.87582675294693,0.0,0.730137150017489,0.7345619998262066,4200.0,4.2,4200.0,0.21,0.163,0.0,0.168,0.9345238095238095,0.15476190476190477,0.026,0.7797619047619048,0.0,0.06547619047619048,0.0,66.9,0.0,16.8,16.3,309,309.0,local_confidence_threshold,0.74,False
dapper,variable,127,100.0,1000,20.660215773075464,34.01155392391131,34.710521322396545,34.9805264786951,22.277471560129946,0.0,0.7254115546748069,0.7300748311864608,3825.0,3.825,3825.0,0.245,0.187,0.0,0.153,0.9607843137254902,0.1503267973856209,0.023,0.8104575163398693,0.0,0.0392156862745098,0.0,66.0,0.0,15.299999999999999,18.7,313,313.0,local_confidence_threshold,0.74,False
dapper,variable,128,100.0,1000,19.588881490818014,33.63444553862527,34.724924465655434,34.96530254190218,20.824006897864955,0.0,0.7260593204690197,0.728760967067424,3050.0,3.05,3050.0,0.278,0.214,0.0,0.122,0.9016393442622951,0.14754098360655737,0.018,0.7540983606557377,0.0,0.09836065573770492,0.0,66.4,0.0,12.2,21.4,294,294.0,local_confidence_threshold,0.74,False
dapper,variable,129,100.0,1000,21.009790891695804,33.95183803633796,34.77333674805944,34.967648156933706,22.41420901633616,0.0,0.7216296347896245,0.7255752921450418,3925.0,3.925,3925.0,0.227,0.175,0.0,0.157,0.9363057324840764,0.14012738853503184,0.022,0.7961783439490446,0.0,0.06369426751592357,0.0,66.8,0.0,15.7,17.5,306,306.0,local_confidence_threshold,0.74,False
dapper,outage,100,100.0,1000,7.390958833110617,31.53222247776869,33.92161243264051,34.99545577037872,7.390958833110617,0.0,0.7256162643603677,0.7256162643603677,0.0,0.0,0.0,1.0,0.735,0.0,0.0,0.0,0.0,0.0,0.0,0.0,0.0,0.0,22.6,0.0,0.0,77.4,422,422.0,local_confidence_threshold,0.74,False
dapper,outage,101,100.0,1000,7.394054329988902,31.520563490832846,34.26171430265933,34.94450915915627,7.394054329988902,0.0,0.7269702216094329,0.7269702216094329,0.0,0.0,0.0,1.0,0.736,0.0,0.0,0.0,0.0,0.0,0.0,0.0,0.0,0.0,21.9,0.0,0.0,78.10000000000001,412,412.0,local_confidence_threshold,0.74,False
dapper,outage,102,100.0,1000,7.51680019137851,31.462924322041214,34.417701339171714,34.98162652146018,7.51680019137851,0.0,0.725179462474503,0.725179462474503,0.0,0.0,0.0,1.0,0.731,0.0,0.0,0.0,0.0,0.0,0.0,0.0,0.0,0.0,23.200000000000003,0.0,0.0,76.8,422,422.0,local_confidence_threshold,0.74,False
dapper,outage,103,100.0,1000,7.378221024983012,31.251434028184203,34.6042054298873,34.981104653112794,7.378221024983012,0.0,0.7262335249696575,0.7262335249696575,0.0,0.0,0.0,1.0,0.735,0.0,0.0,0.0,0.0,0.0,0.0,0.0,0.0,0.0,23.0,0.0,0.0,77.0,429,429.0,local_confidence_threshold,0.74,False
dapper,outage,104,100.0,1000,7.568293210290533,31.59395630138461,34.54533747275368,34.97633437705056,7.568293210290533,0.0,0.7263175970031922,0.7263175970031922,0.0,0.0,0.0,1.0,0.728,0.0,0.0,0.0,0.0,0.0,0.0,0.0,0.0,0.0,23.5,0.0,0.0,76.5,422,422.0,local_confidence_threshold,0.74,False
dapper,outage,105,100.0,1000,7.519378267796368,31.402502329388795,34.46505659979935,34.921933732182964,7.519378267796368,0.0,0.7248271436420854,0.7248271436420854,0.0,0.0,0.0,1.0,0.732,0.0,0.0,0.0,0.0,0.0,0.0,0.0,0.0,0.0,22.8,0.0,0.0,77.2,417,417.0,local_confidence_threshold,0.74,False
dapper,outage,106,100.0,1000,7.549106265746754,31.449714720334896,34.37540672388598,34.964850295506736,7.549106265746754,0.0,0.7212594093828284,0.7212594093828284,0.0,0.0,0.0,1.0,0.732,0.0,0.0,0.0,0.0,0.0,0.0,0.0,0.0,0.0,22.3,0.0,0.0,77.7,414,414.0,local_confidence_threshold,0.74,False
dapper,outage,107,100.0,1000,7.495635529917344,31.80791921566703,34.39018497885919,34.99112443015811,7.495635529917344,0.0,0.7250211366010297,0.7250211366010297,0.0,0.0,0.0,1.0,0.733,0.0,0.0,0.0,0.0,0.0,0.0,0.0,0.0,0.0,23.1,0.0,0.0,76.9,422,422.0,local_confidence_threshold,0.74,False
dapper,outage,108,100.0,1000,7.251361824662859,31.14265792210696,34.17418822409749,34.97297658698431,7.251361824662859,0.0,0.7266974788453335,0.7266974788453335,0.0,0.0,0.0,1.0,0.736,0.0,0.0,0.0,0.0,0.0,0.0,0.0,0.0,0.0,23.0,0.0,0.0,77.0,426,426.0,local_confidence_threshold,0.74,False
dapper,outage,109,100.0,1000,7.685496458575816,31.705170488180077,34.40871885608117,34.88886016594044,7.685496458575816,0.0,0.7258121030951461,0.7258121030951461,0.0,0.0,0.0,1.0,0.729,0.0,0.0,0.0,0.0,0.0,0.0,0.0,0.0,0.0,23.5,0.0,0.0,76.5,427,427.0,local_confidence_threshold,0.74,False
dapper,outage,110,100.0,1000,7.355193804523941,30.694822041353905,34.222511546491425,34.969462845702225,7.355193804523941,0.0,0.7245809511185383,0.7245809511185383,0.0,0.0,0.0,1.0,0.735,0.0,0.0,0.0,0.0,0.0,0.0,0.0,0.0,0.0,22.8,0.0,0.0,77.2,425,425.0,local_confidence_threshold,0.74,False
dapper,outage,111,100.0,1000,7.398682547644234,31.455362565824643,34.05726657846486,34.958198085831974,7.398682547644234,0.0,0.7280638471067766,0.7280638471067766,0.0,0.0,0.0,1.0,0.732,0.0,0.0,0.0,0.0,0.0,0.0,0.0,0.0,0.0,22.900000000000002,0.0,0.0,77.10000000000001,414,414.0,local_confidence_threshold,0.74,False
dapper,outage,112,100.0,1000,7.370625290236145,31.426397231090824,34.038780941246515,34.949972127365655,7.370625290236145,0.0,0.7280606555765715,0.7280606555765715,0.0,0.0,0.0,1.0,0.734,0.0,0.0,0.0,0.0,0.0,0.0,0.0,0.0,0.0,22.1,0.0,0.0,77.9,412,412.0,local_confidence_threshold,0.74,False
dapper,outage,113,100.0,1000,7.147796806593906,30.844985093880027,33.96419838510252,34.91680130902314,7.147796806593906,0.0,0.7299582611154545,0.7299582611154545,0.0,0.0,0.0,1.0,0.737,0.0,0.0,0.0,0.0,0.0,0.0,0.0,0.0,0.0,23.200000000000003,0.0,0.0,76.8,437,437.0,local_confidence_threshold,0.74,False
dapper,outage,114,100.0,1000,7.501176014095029,31.4914309836508,34.414218678920534,34.97406829855338,7.501176014095029,0.0,0.7224631994341497,0.7224631994341497,0.0,0.0,0.0,1.0,0.728,0.0,0.0,0.0,0.0,0.0,0.0,0.0,0.0,0.0,22.3,0.0,0.0,77.7,398,398.0,local_confidence_threshold,0.74,False
dapper,outage,115,100.0,1000,7.428611862088066,30.652007764158807,34.152857588086846,34.990047900593524,7.428611862088066,0.0,0.7262317832361891,0.7262317832361891,0.0,0.0,0.0,1.0,0.735,0.0,0.0,0.0,0.0,0.0,0.0,0.0,0.0,0.0,22.2,0.0,0.0,77.8,413,413.0,local_confidence_threshold,0.74,False
dapper,outage,116,100.0,1000,7.310877248374183,30.959598437937885,34.2744524675671,34.84799240200695,7.310877248374183,0.0,0.727895972888168,0.727895972888168,0.0,0.0,0.0,1.0,0.734,0.0,0.0,0.0,0.0,0.0,0.0,0.0,0.0,0.0,23.5,0.0,0.0,76.5,434,434.0,local_confidence_threshold,0.74,False
dapper,outage,117,100.0,1000,7.385847848859415,31.09198240986329,34.14712359689956,34.96597639562117,7.385847848859415,0.0,0.7183856901372877,0.7183856901372877,0.0,0.0,0.0,1.0,0.732,0.0,0.0,0.0,0.0,0.0,0.0,0.0,0.0,0.0,21.9,0.0,0.0,78.10000000000001,403,403.0,local_confidence_threshold,0.74,False
dapper,outage,118,100.0,1000,7.254554051460061,31.241459127591458,33.60889001037177,34.741923692424066,7.254554051460061,0.0,0.7269199104810466,0.7269199104810466,0.0,0.0,0.0,1.0,0.737,0.0,0.0,0.0,0.0,0.0,0.0,0.0,0.0,0.0,22.0,0.0,0.0,78.0,408,408.0,local_confidence_threshold,0.74,False
dapper,outage,119,100.0,1000,7.544636632920723,31.97128927281031,34.12470746616695,34.92690319762808,7.544636632920723,0.0,0.7220765044472426,0.7220765044472426,0.0,0.0,0.0,1.0,0.733,0.0,0.0,0.0,0.0,0.0,0.0,0.0,0.0,0.0,23.599999999999998,0.0,0.0,76.4,434,434.0,local_confidence_threshold,0.74,False
dapper,outage,120,100.0,1000,7.2966883444603,30.892941767709793,34.211465224522804,34.99743937003936,7.2966883444603,0.0,0.7277157448014966,0.7277157448014966,0.0,0.0,0.0,1.0,0.733,0.0,0.0,0.0,0.0,0.0,0.0,0.0,0.0,0.0,22.1,0.0,0.0,77.9,410,410.0,local_confidence_threshold,0.74,False
dapper,outage,121,100.0,1000,7.333809267763978,31.109084311834984,33.97165026658857,34.64971422730907,7.333809267763978,0.0,0.7274434266949621,0.7274434266949621,0.0,0.0,0.0,1.0,0.738,0.0,0.0,0.0,0.0,0.0,0.0,0.0,0.0,0.0,22.7,0.0,0.0,77.3,427,427.0,local_confidence_threshold,0.74,False
dapper,outage,122,100.0,1000,7.251434439695796,30.60696308430699,34.355640534389124,34.986643071399804,7.251434439695796,0.0,0.7230377555986962,0.7230377555986962,0.0,0.0,0.0,1.0,0.738,0.0,0.0,0.0,0.0,0.0,0.0,0.0,0.0,0.0,21.8,0.0,0.0,78.2,412,412.0,local_confidence_threshold,0.74,False
dapper,outage,123,100.0,1000,7.348689071341893,31.31477153672879,33.77157051102519,34.93381679406212,7.348689071341893,0.0,0.7249842011830019,0.7249842011830019,0.0,0.0,0.0,1.0,0.734,0.0,0.0,0.0,0.0,0.0,0.0,0.0,0.0,0.0,22.6,0.0,0.0,77.4,416,416.0,local_confidence_threshold,0.74,False
dapper,outage,124,100.0,1000,7.660167119732145,32.1804553486177,34.264528586595944,34.941792593643456,7.660167119732145,0.0,0.7230039723105824,0.7230039723105824,0.0,0.0,0.0,1.0,0.731,0.0,0.0,0.0,0.0,0.0,0.0,0.0,0.0,0.0,22.3,0.0,0.0,77.7,400,400.0,local_confidence_threshold,0.74,False
dapper,outage,125,100.0,1000,7.350838089581009,31.434653948905787,34.32904496368304,34.97323235440945,7.350838089581009,0.0,0.7221812250823167,0.7221812250823167,0.0,0.0,0.0,1.0,0.733,0.0,0.0,0.0,0.0,0.0,0.0,0.0,0.0,0.0,23.200000000000003,0.0,0.0,76.8,428,428.0,local_confidence_threshold,0.74,False
dapper,outage,126,100.0,1000,7.215129876013096,30.710400018658593,33.86622552192073,34.99530404733341,7.215129876013096,0.0,0.725540342550057,0.725540342550057,0.0,0.0,0.0,1.0,0.738,0.0,0.0,0.0,0.0,0.0,0.0,0.0,0.0,0.0,22.6,0.0,0.0,77.4,428,428.0,local_confidence_threshold,0.74,False
dapper,outage,127,100.0,1000,7.168677740371282,30.32721903409148,33.88590346281151,34.91862325958482,7.168677740371282,0.0,0.7321660926795039,0.7321660926795039,0.0,0.0,0.0,1.0,0.738,0.0,0.0,0.0,0.0,0.0,0.0,0.0,0.0,0.0,21.9,0.0,0.0,78.10000000000001,409,409.0,local_confidence_threshold,0.74,False
dapper,outage,128,100.0,1000,7.182658284101614,30.07092856934142,34.160945540901714,34.96572059102459,7.182658284101614,0.0,0.7245057292187558,0.7245057292187558,0.0,0.0,0.0,1.0,0.736,0.0,0.0,0.0,0.0,0.0,0.0,0.0,0.0,0.0,23.0,0.0,0.0,77.0,428,428.0,local_confidence_threshold,0.74,False
dapper,outage,129,100.0,1000,7.192894149462109,30.305709714834187,34.22738591997794,34.97529884555047,7.192894149462109,0.0,0.7266441172681618,0.7266441172681618,0.0,0.0,0.0,1.0,0.738,0.0,0.0,0.0,0.0,0.0,0.0,0.0,0.0,0.0,21.3,0.0,0.0,78.7,404,404.0,local_confidence_threshold,0.74,False
dapper,stable,100,100.0,1000,25.279403323317702,33.96035223762113,34.73962355895296,34.988775105687154,46.849672422801035,0.0,0.7265268897628933,0.7842815648952528,17800.0,17.8,17800.0,0.0,0.0,0.0,0.712,0.9929775280898876,0.4887640449438202,0.348,0.5042134831460674,0.0,0.007022471910112359,0.0,28.799999999999997,0.0,71.2,0.0,427,427.0,local_confidence_threshold,0.76,False
dapper,stable,101,100.0,1000,24.820657080469697,33.96040511204254,34.788072376532675,34.99828909781833,49.042333747559574,0.0,0.7249338588619687,0.7903258175820149,18375.0,18.375,18375.0,0.0,0.0,0.0,0.735,0.9891156462585035,0.5251700680272109,0.386,0.4639455782312925,0.0,0.010884353741496598,0.0,26.5,0.0,73.5,0.0,381,381.0,local_confidence_threshold,0.76,False
dapper,stable,102,100.0,1000,24.835880473076735,33.70682378335116,34.74818297607158,34.965240972972765,48.444962399881156,0.0,0.727324394359075,0.7932693840992529,17975.0,17.975,17975.0,0.0,0.0,0.0,0.719,0.9930458970792768,0.5340751043115438,0.384,0.45897079276773295,0.0,0.006954102920723227,0.0,28.1,0.0,71.89999999999999,0.0,408,408.0,local_confidence_threshold,0.76,False
dapper,stable,103,100.0,1000,24.972078044518216,34.293187186352334,34.89307765319619,34.99802137082616,49.31933588778872,0.0,0.7236659440861409,0.7925773681607771,18525.0,18.525,18525.0,0.0,0.0,0.0,0.741,0.9892037786774629,0.5317139001349528,0.394,0.4574898785425101,0.0,0.010796221322537112,0.0,25.900000000000002,0.0,74.1,0.0,363,363.0,local_confidence_threshold,0.76,False
dapper,stable,104,100.0,1000,24.98622097286207,33.860115377670134,34.74837408619961,34.98656616097203,47.54188786360806,0.0,0.7240926018777877,0.7840336931537445,18475.0,18.475,18475.0,0.0,0.0,0.0,0.739,0.9905277401894452,0.4939106901217862,0.365,0.496617050067659,0.0,0.009472259810554804,0.0,26.1,0.0,73.9,0.0,393,393.0,local_confidence_threshold,0.76,False
dapper,stable,105,100.0,1000,24.85634769037545,33.82025179084476,34.62504012903672,34.93314580405199,47.31603441970037,0.0,0.7262361051095783,0.7886163940565685,17900.0,17.9,17900.0,0.0,0.0,0.0,0.716,0.9902234636871509,0.5097765363128491,0.365,0.48044692737430167,0.0,0.009776536312849162,0.0,28.4,0.0,71.6,0.0,406,406.0,local_confidence_threshold,0.76,False
dapper,stable,106,100.0,1000,24.716410963251104,33.86074949026578,34.68730165917939,34.933586993197196,49.179264157809996,0.0,0.7229428904328138,0.7900458538777034,18600.0,18.6,18600.0,0.0,0.0,0.0,0.744,0.9932795698924731,0.5255376344086021,0.391,0.46774193548387094,0.0,0.006720430107526882,0.0,25.6,0.0,74.4,0.0,390,390.0,local_confidence_threshold,0.76,False
dapper,stable,107,100.0,1000,24.88557902804772,33.83424628214373,34.89267109559948,34.9936438529993,48.847935076203576,0.0,0.7245133185042392,0.7916077288944035,18625.0,18.625,18625.0,0.0,0.0,0.0,0.745,0.9865771812080537,0.5154362416107383,0.384,0.47114093959731546,0.0,0.013422818791946308,0.0,25.5,0.0,74.5,0.0,372,372.0,local_confidence_threshold,0.76,False
dapper,stable,108,100.0,1000,25.235897183714567,34.2868707566229,34.87218349603604,34.989690121554816,48.292449631122636,0.0,0.7254394152220247,0.7909391917237801,18350.0,18.35,18350.0,0.0,0.0,0.0,0.734,0.9863760217983651,0.5095367847411444,0.374,0.4768392370572207,0.0,0.013623978201634877,0.0,26.6,0.0,73.4,0.0,377,377.0,local_confidence_threshold,0.76,False
dapper,stable,109,100.0,1000,25.268964708760926,34.15910526808331,34.79620852522923,34.94284900848466,47.91484461327195,0.0,0.7225069831603355,0.7846697592889675,18725.0,18.725,18725.0,0.0,0.0,0.0,0.749,0.986648865153538,0.48464619492656874,0.363,0.5020026702269693,0.0,0.01335113484646195,0.0,25.1,0.0,74.9,0.0,352,352.0,local_confidence_threshold,0.76,False
dapper,stable,110,100.0,1000,24.978043487255007,33.957417382454665,34.80033649104111,34.99011804008187,48.533111047823944,0.0,0.7239727698806182,0.788691979735828,18775.0,18.775,18775.0,0.0,0.0,0.0,0.751,0.9853528628495339,0.5086551264980027,0.382,0.4766977363515313,0.0,0.014647137150466045,0.0,24.9,0.0,75.1,0.0,373,373.0,local_confidence_threshold,0.76,False
dapper,stable,111,100.0,1000,25.491345575881343,33.99942489704205,34.77294614292747,34.98882482505357,48.880725239753914,0.0,0.7264559107913696,0.7926834103528699,17675.0,17.675,17675.0,0.0,0.0,0.0,0.707,0.9943422913719944,0.5346534653465347,0.378,0.4596888260254597,0.0,0.005657708628005658,0.0,29.299999999999997,0.0,70.7,0.0,394,394.0,local_confidence_threshold,0.76,False
dapper,stable,112,100.0,1000,25.044635098675773,33.93678625080242,34.80594764992258,34.978994945141224,49.045504305113916,0.0,0.7245903067601731,0.7880925587053862,18800.0,18.8,18800.0,0.0,0.0,0.0,0.752,0.9920212765957447,0.5079787234042553,0.382,0.48404255319148937,0.0,0.007978723404255319,0.0,24.8,0.0,75.2,0.0,366,366.0,local_confidence_threshold,0.76,False
dapper,stable,113,100.0,1000,24.924957379086543,33.92528008813723,34.852479041190236,34.99387303551587,47.03753355685411,0.0,0.725184772552611,0.7850416889481868,18350.0,18.35,18350.0,0.0,0.0,0.0,0.734,0.9822888283378747,0.4877384196185286,0.358,0.494550408719346,0.0,0.017711171662125342,0.0,26.6,0.0,73.4,0.0,399,399.0,local_confidence_threshold,0.76,False
dapper,stable,114,100.0,1000,25.128438548268,33.86993382489312,34.786318253661975,34.99771913787838,48.837581369653506,0.0,0.7237524930795687,0.7891584880556752,18375.0,18.375,18375.0,0.0,0.0,0.0,0.735,0.9904761904761905,0.5210884353741496,0.383,0.46938775510204084,0.0,0.009523809523809525,0.0,26.5,0.0,73.5,0.0,398,398.0,local_confidence_threshold,0.76,False
dapper,stable,115,100.0,1000,25.094705607799348,34.162413089123824,34.74465384721523,34.970565607066455,47.732687553699655,0.0,0.7245886848920773,0.7876356766173421,18400.0,18.4,18400.0,0.0,0.0,0.0,0.736,0.9864130434782609,0.501358695652174,0.369,0.485054347826087,0.0,0.01358695652173913,0.0,26.400000000000002,0.0,73.6,0.0,388,388.0,local_confidence_threshold,0.76,False
dapper,stable,116,100.0,1000,25.028301912688907,34.05041769477859,34.88445460350265,34.99403448766891,48.93812683178534,0.0,0.7244573126145593,0.7897696306794659,18250.0,18.25,18250.0,0.0,0.0,0.0,0.73,0.9945205479452055,0.5315068493150685,0.388,0.46301369863013697,0.0,0.005479452054794521,0.0,27.0,0.0,73.0,0.0,381,381.0,local_confidence_threshold,0.76,False
dapper,stable,117,100.0,1000,24.997182216762514,33.94211020128963,34.806950360419165,34.98156739475102,47.96122530893941,0.0,0.7238166310991714,0.7867607549305139,18500.0,18.5,18500.0,0.0,0.0,0.0,0.74,0.9837837837837838,0.4905405405405405,0.363,0.49324324324324326,0.0,0.016216216216216217,0.0,26.0,0.0,74.0,0.0,374,374.0,local_confidence_threshold,0.76,False
dapper,stable,118,100.0,1000,25.026589048763064,34.146334679362305,34.835239525322194,34.964244111574146,47.313441459784194,0.0,0.7280528994609765,0.7880353552310445,17675.0,17.675,17675.0,0.0,0.0,0.0,0.707,0.9886845827439887,0.5063649222065064,0.358,0.4823196605374823,0.0,0.011315417256011316,0.0,29.299999999999997,0.0,70.7,0.0,402,402.0,local_confidence_threshold,0.76,False
dapper,stable,119,100.0,1000,24.80107188012856,34.00280379558126,34.81754573602827,34.936826663719394,48.76215805020829,0.0,0.7243707963012889,0.7912895088522823,18275.0,18.275,18275.0,0.0,0.0,0.0,0.731,0.9863201094391245,0.53077975376197,0.388,0.45554035567715456,0.0,0.013679890560875513,0.0,26.900000000000002,0.0,73.1,0.0,396,396.0,local_confidence_threshold,0.76,False
dapper,stable,120,100.0,1000,25.000139802139184,33.83887438020657,34.75482963071029,34.96519781982063,47.82670115425532,0.0,0.7247996031934949,0.7865599471169074,18300.0,18.3,18300.0,0.0,0.0,0.0,0.732,0.9836065573770492,0.5027322404371585,0.368,0.4808743169398907,0.0,0.01639344262295082,0.0,26.8,0.0,73.2,0.0,406,406.0,local_confidence_threshold,0.76,False
dapper,stable,121,100.0,1000,24.870142370806825,34.08802278656587,34.79782372711737,34.96061084968983,47.130787302481366,0.0,0.7235062491591376,0.7853372151926397,18500.0,18.5,18500.0,0.0,0.0,0.0,0.74,0.9851351351351352,0.4837837837837838,0.358,0.5013513513513513,0.0,0.014864864864864866,0.0,26.0,0.0,74.0,0.0,387,387.0,local_confidence_threshold,0.76,False
dapper,stable,122,100.0,1000,24.829111935230273,33.958468133447,34.74506049633189,34.924143640943036,47.977414130260115,0.0,0.7259117747422895,0.7891899630678786,17875.0,17.875,17875.0,0.0,0.0,0.0,0.715,0.9916083916083916,0.5132867132867133,0.367,0.4783216783216783,0.0,0.008391608391608392,0.0,28.499999999999996,0.0,71.5,0.0,394,394.0,local_confidence_threshold,0.76,False
dapper,stable,123,100.0,1000,25.35470141463279,34.01400394209814,34.728637206489786,34.90743937957425,48.17086103795377,0.0,0.7231039957478556,0.7867566141447757,18825.0,18.825,18825.0,0.0,0.0,0.0,0.753,0.9814077025232404,0.4860557768924303,0.366,0.4953519256308101,0.0,0.01859229747675963,0.0,24.7,0.0,75.3,0.0,366,366.0,local_confidence_threshold,0.76,False
dapper,stable,124,100.0,1000,25.00583269004324,34.03261405514325,34.80612955591713,34.95256595801938,47.0205083636371,0.0,0.7270004160651047,0.788144909545731,17925.0,17.925,17925.0,0.0,0.0,0.0,0.717,0.99302649930265,0.496513249651325,0.356,0.496513249651325,0.0,0.00697350069735007,0.0,28.299999999999997,0.0,71.7,0.0,414,414.0,local_confidence_threshold,0.76,False
dapper,stable,125,100.0,1000,24.9867591189863,33.982185709447386,34.8021659840167,34.99165214842439,49.16425001720061,0.0,0.7268533605073024,0.7916432891326809,18175.0,18.175,18175.0,0.0,0.0,0.0,0.727,0.9917469050894085,0.5295735900962861,0.385,0.4621733149931224,0.0,0.008253094910591471,0.0,27.3,0.0,72.7,0.0,410,410.0,local_confidence_threshold,0.76,False
dapper,stable,126,100.0,1000,24.628886386363657,33.70638744138536,34.672811784104226,34.983867296625746,49.11717662105446,0.0,0.726794351381784,0.7942119766051169,17925.0,17.925,17925.0,0.0,0.0,0.0,0.717,0.9874476987447699,0.5467224546722455,0.392,0.4407252440725244,0.0,0.012552301255230125,0.0,28.299999999999997,0.0,71.7,0.0,398,398.0,local_confidence_threshold,0.76,False
dapper,stable,127,100.0,1000,25.164646066804526,34.17312143282042,34.80106095916998,34.970740898815485,49.41387789331571,0.0,0.7237258806201099,0.7888416000952392,18825.0,18.825,18825.0,0.0,0.0,0.0,0.753,0.9893758300132802,0.5152722443559097,0.388,0.47410358565737054,0.0,0.010624169986719787,0.0,24.7,0.0,75.3,0.0,398,398.0,local_confidence_threshold,0.76,False
dapper,stable,128,100.0,1000,25.178185128090664,33.92859815320874,34.67968897440042,34.972660274630584,48.944176972682094,0.0,0.7271450910033325,0.7915650480632647,17825.0,17.825,17825.0,0.0,0.0,0.0,0.713,0.9845722300140253,0.5329593267882188,0.38,0.45161290322580644,0.0,0.015427769985974754,0.0,28.7,0.0,71.3,0.0,403,403.0,local_confidence_threshold,0.76,False
dapper,stable,129,100.0,1000,25.217209562918274,34.07064808785484,34.83459462785327,34.9933571344785,49.24336788185467,0.0,0.722736266433297,0.7890841100107457,18775.0,18.775,18775.0,0.0,0.0,0.0,0.751,0.9906790945406125,0.5139813581890812,0.386,0.4766977363515313,0.0,0.009320905459387484,0.0,24.9,0.0,75.1,0.0,371,371.0,local_confidence_threshold,0.76,False
dapper,congested,100,100.0,1000,24.824557271985057,33.928407620489025,34.77556075006328,34.97404020175507,24.824557271985057,0.0,0.7231225654703062,0.7231225654703062,0.0,0.0,0.0,0.004,0.004,0.0,0.0,0.0,0.0,0.0,0.0,0.0,0.0,0.0,99.6,0.0,0.0,0.4,8,8.0,local_confidence_threshold,0.76,False
dapper,congested,101,100.0,1000,25.026673523971784,34.03466107987438,34.84243479054015,34.99327875607795,25.026673523971784,0.0,0.7239603822715144,0.7239603822715144,0.0,0.0,0.0,0.007,0.007,0.0,0.0,0.0,0.0,0.0,0.0,0.0,0.0,0.0,99.3,0.0,0.0,0.7000000000000001,12,12.0,local_confidence_threshold,0.76,False
dapper,congested,102,100.0,1000,24.829712790777762,33.96479457393766,34.69588731781126,34.989536221406055,24.829712790777762,0.0,0.7270052366898776,0.7270052366898776,0.0,0.0,0.0,0.008,0.008,0.0,0.0,0.0,0.0,0.0,0.0,0.0,0.0,0.0,99.2,0.0,0.0,0.8,14,14.0,local_confidence_threshold,0.76,False
dapper,congested,103,100.0,1000,24.892785643695664,34.09454856492267,34.78542999553827,34.985893217625524,24.892785643695664,0.0,0.7249187188165734,0.7249187188165734,0.0,0.0,0.0,0.006,0.006,0.0,0.0,0.0,0.0,0.0,0.0,0.0,0.0,0.0,99.4,0.0,0.0,0.6,12,12.0,local_confidence_threshold,0.76,False
dapper,congested,104,100.0,1000,24.77796847513708,33.81394766067372,34.81048977789511,34.94578824107255,24.77796847513708,0.0,0.7272547943451833,0.7272547943451833,0.0,0.0,0.0,0.008,0.008,0.0,0.0,0.0,0.0,0.0,0.0,0.0,0.0,0.0,99.2,0.0,0.0,0.8,14,14.0,local_confidence_threshold,0.76,False
dapper,congested,105,100.0,1000,24.677162661323955,34.007432758127685,34.86009343610894,34.98145078352877,24.677162661323955,0.0,0.7241646482306923,0.7241646482306923,25.0,0.025,25.0,0.008,0.008,0.0,0.001,1.0,0.0,0.0,1.0,0.0,0.0,0.0,99.1,0.0,0.1,0.8,14,14.0,local_confidence_threshold,0.76,False
dapper,congested,106,100.0,1000,24.772684967250918,33.98450796903268,34.753821099438774,34.98979405154197,24.772684967250918,0.0,0.7262080408789683,0.7262080408789683,0.0,0.0,0.0,0.007,0.007,0.0,0.0,0.0,0.0,0.0,0.0,0.0,0.0,0.0,99.3,0.0,0.0,0.7000000000000001,8,8.0,local_confidence_threshold,0.76,False
dapper,congested,107,100.0,1000,24.763848167260303,33.88426057014752,34.77470672268729,34.998762184541775,24.763848167260303,0.0,0.7257346306649486,0.7257346306649486,0.0,0.0,0.0,0.005,0.005,0.0,0.0,0.0,0.0,0.0,0.0,0.0,0.0,0.0,99.5,0.0,0.0,0.5,8,8.0,local_confidence_threshold,0.76,False
dapper,congested,108,100.0,1000,24.953177155047733,33.943119032195405,34.814499351033405,34.99655745974279,24.953177155047733,0.0,0.7244295155267036,0.7244295155267036,0.0,0.0,0.0,0.008,0.008,0.0,0.0,0.0,0.0,0.0,0.0,0.0,0.0,0.0,99.2,0.0,0.0,0.8,14,14.0,local_confidence_threshold,0.76,False
dapper,congested,109,100.0,1000,24.847059358357548,33.93181537323021,34.785030538309286,34.98925809716232,24.847059358357548,0.0,0.7234323551786083,0.7234323551786083,0.0,0.0,0.0,0.007,0.007,0.0,0.0,0.0,0.0,0.0,0.0,0.0,0.0,0.0,99.3,0.0,0.0,0.7000000000000001,10,10.0,local_confidence_threshold,0.76,False
dapper,congested,110,100.0,1000,24.70223165713215,33.71973175922034,34.60151524624712,34.90888622322395,24.70223165713215,0.0,0.7246938266396346,0.7246938266396346,0.0,0.0,0.0,0.005,0.005,0.0,0.0,0.0,0.0,0.0,0.0,0.0,0.0,0.0,99.5,0.0,0.0,0.5,8,8.0,local_confidence_threshold,0.76,False
dapper,congested,111,100.0,1000,24.94253826558974,33.995133250212476,34.74455155405684,34.96241421096305,24.94253826558974,0.0,0.7254545302713125,0.7254545302713125,0.0,0.0,0.0,0.008,0.008,0.0,0.0,0.0,0.0,0.0,0.0,0.0,0.0,0.0,99.2,0.0,0.0,0.8,14,14.0,local_confidence_threshold,0.76,False
dapper,congested,112,100.0,1000,24.86963877249279,33.90095224371657,34.76580213455383,34.985906989642146,24.86963877249279,0.0,0.7266076329631779,0.7266076329631779,0.0,0.0,0.0,0.013,0.013,0.0,0.0,0.0,0.0,0.0,0.0,0.0,0.0,0.0,98.7,0.0,0.0,1.3,18,18.0,local_confidence_threshold,0.76,False
dapper,congested,113,100.0,1000,24.72292431672843,33.938019364553725,34.77247181035648,34.98424994294581,24.72292431672843,0.0,0.7265134749764945,0.7265134749764945,0.0,0.0,0.0,0.007,0.007,0.0,0.0,0.0,0.0,0.0,0.0,0.0,0.0,0.0,99.3,0.0,0.0,0.7000000000000001,12,12.0,local_confidence_threshold,0.76,False
dapper,congested,114,100.0,1000,24.915906991902833,33.99518413696301,34.87476614646897,34.96282987218834,24.915906991902833,0.0,0.7286233928366593,0.7286233928366593,0.0,0.0,0.0,0.008,0.008,0.0,0.0,0.0,0.0,0.0,0.0,0.0,0.0,0.0,99.2,0.0,0.0,0.8,10,10.0,local_confidence_threshold,0.76,False
dapper,congested,115,100.0,1000,25.085740611498316,34.01033183391731,34.751795785617006,34.96593743598228,25.085740611498316,0.0,0.722824442674691,0.722824442674691,0.0,0.0,0.0,0.006,0.006,0.0,0.0,0.0,0.0,0.0,0.0,0.0,0.0,0.0,99.4,0.0,0.0,0.6,10,10.0,local_confidence_threshold,0.76,False
dapper,congested,116,100.0,1000,25.324934204252145,33.95730249293956,34.77240430108412,34.9771698353159,25.324934204252145,0.0,0.7260315559209485,0.7260315559209485,0.0,0.0,0.0,0.008,0.008,0.0,0.0,0.0,0.0,0.0,0.0,0.0,0.0,0.0,99.2,0.0,0.0,0.8,16,16.0,local_confidence_threshold,0.76,False
dapper,congested,117,100.0,1000,24.38620885543388,33.706919736517364,34.66361864084976,34.994340946660934,24.38620885543388,0.0,0.7253330615138619,0.7253330615138619,0.0,0.0,0.0,0.008,0.008,0.0,0.0,0.0,0.0,0.0,0.0,0.0,0.0,0.0,99.2,0.0,0.0,0.8,16,16.0,local_confidence_threshold,0.76,False
dapper,congested,118,100.0,1000,25.01023416650803,34.01490807545646,34.75940662114508,34.968506891824205,25.01023416650803,0.0,0.7268033495517163,0.7268033495517163,0.0,0.0,0.0,0.007,0.007,0.0,0.0,0.0,0.0,0.0,0.0,0.0,0.0,0.0,99.3,0.0,0.0,0.7000000000000001,12,12.0,local_confidence_threshold,0.76,False
dapper,congested,119,100.0,1000,25.237974362405513,33.930297923071485,34.79939395844596,34.97944595589328,25.237974362405513,0.0,0.7235998627315303,0.7235998627315303,0.0,0.0,0.0,0.005,0.005,0.0,0.0,0.0,0.0,0.0,0.0,0.0,0.0,0.0,99.5,0.0,0.0,0.5,8,8.0,local_confidence_threshold,0.76,False
dapper,congested,120,100.0,1000,24.770729236686982,33.99634834863332,34.78821886321599,34.985958566309606,24.770729236686982,0.0,0.724149083598059,0.724149083598059,0.0,0.0,0.0,0.008,0.008,0.0,0.0,0.0,0.0,0.0,0.0,0.0,0.0,0.0,99.2,0.0,0.0,0.8,16,16.0,local_confidence_threshold,0.76,False
dapper,congested,121,100.0,1000,24.670024513531853,33.750343569648706,34.75280697328194,34.996277370025744,24.670024513531853,0.0,0.7242193034879331,0.7242193034879331,0.0,0.0,0.0,0.006,0.006,0.0,0.0,0.0,0.0,0.0,0.0,0.0,0.0,0.0,99.4,0.0,0.0,0.6,10,10.0,local_confidence_threshold,0.76,False
dapper,congested,122,100.0,1000,24.53787182490916,33.83751458842038,34.770700984913006,34.91653465760954,24.53787182490916,0.0,0.726925307989091,0.726925307989091,0.0,0.0,0.0,0.013,0.013,0.0,0.0,0.0,0.0,0.0,0.0,0.0,0.0,0.0,98.7,0.0,0.0,1.3,14,14.0,local_confidence_threshold,0.76,False
dapper,congested,123,100.0,1000,24.972968667791022,34.0068905091913,34.771507219222585,34.98883073588995,24.972968667791022,0.0,0.7231981737549722,0.7231981737549722,0.0,0.0,0.0,0.002,0.002,0.0,0.0,0.0,0.0,0.0,0.0,0.0,0.0,0.0,99.8,0.0,0.0,0.2,4,4.0,local_confidence_threshold,0.76,False
dapper,congested,124,100.0,1000,24.68398444976012,33.74309287533703,34.66363593071505,34.94326242767353,24.68398444976012,0.0,0.7246698111318651,0.7246698111318651,0.0,0.0,0.0,0.006,0.006,0.0,0.0,0.0,0.0,0.0,0.0,0.0,0.0,0.0,99.4,0.0,0.0,0.6,10,10.0,local_confidence_threshold,0.76,False
dapper,congested,125,100.0,1000,24.725669553063664,34.05786747219948,34.83418763630404,34.99974319601896,24.725669553063664,0.0,0.7228975062228786,0.7228975062228786,0.0,0.0,0.0,0.012,0.012,0.0,0.0,0.0,0.0,0.0,0.0,0.0,0.0,0.0,98.8,0.0,0.0,1.2,14,14.0,local_confidence_threshold,0.76,False
dapper,congested,126,100.0,1000,24.961010734873252,33.97988585528562,34.774114294105054,34.99086328598782,24.961010734873252,0.0,0.7258907807888281,0.7258907807888281,0.0,0.0,0.0,0.002,0.002,0.0,0.0,0.0,0.0,0.0,0.0,0.0,0.0,0.0,99.8,0.0,0.0,0.2,4,4.0,local_confidence_threshold,0.76,False
dapper,congested,127,100.0,1000,24.79915459305446,33.97839515917549,34.71031183612322,34.99801668883106,24.79915459305446,0.0,0.7241769809830646,0.7241769809830646,0.0,0.0,0.0,0.01,0.01,0.0,0.0,0.0,0.0,0.0,0.0,0.0,0.0,0.0,99.0,0.0,0.0,1.0,18,18.0,local_confidence_threshold,0.76,False
dapper,congested,128,100.0,1000,24.671514882986425,34.08647701991846,34.783499539553866,34.99302751306131,24.671514882986425,0.0,0.72324842617587,0.72324842617587,0.0,0.0,0.0,0.008,0.008,0.0,0.0,0.0,0.0,0.0,0.0,0.0,0.0,0.0,99.2,0.0,0.0,0.8,12,12.0,local_confidence_threshold,0.76,False
dapper,congested,129,100.0,1000,24.599702966215787,33.90591045177916,34.77957296022762,34.981958638619645,24.599702966215787,0.0,0.7227863941222297,0.7227863941222297,0.0,0.0,0.0,0.013,0.013,0.0,0.0,0.0,0.0,0.0,0.0,0.0,0.0,0.0,98.7,0.0,0.0,1.3,20,20.0,local_confidence_threshold,0.76,False
dapper,lossy,100,100.0,1000,25.284238375351617,34.04718924628941,34.84826155800029,34.98907189172226,31.376437820032777,0.0,0.7261089761349956,0.7411452275089462,15575.0,15.575,15575.0,0.0,0.0,0.0,0.623,0.812199036918138,0.13964686998394862,0.087,0.6725521669341894,0.0,0.18780096308186195,0.0,37.7,0.0,62.3,0.0,436,436.0,local_confidence_threshold,0.76,False
dapper,lossy,101,100.0,1000,25.059527190349893,34.120642165867906,34.8265496982896,34.99538718567808,30.901399387060017,0.0,0.7233638220296621,0.7373508529597359,15150.0,15.15,15150.0,0.0,0.0,0.0,0.606,0.8399339933993399,0.13696369636963696,0.083,0.7029702970297029,0.0,0.16006600660066006,0.0,39.4,0.0,60.6,0.0,454,454.0,local_confidence_threshold,0.76,False
dapper,lossy,102,100.0,1000,24.993003502753638,33.78557770295638,34.81151542684563,34.990087052311324,30.35714578969401,0.0,0.7247993890094673,0.7376931562070108,14425.0,14.425,14425.0,0.0,0.0,0.0,0.577,0.8076256499133448,0.13344887348353554,0.077,0.6741767764298093,0.0,0.1923743500866551,0.0,42.3,0.0,57.699999999999996,0.0,480,480.0,local_confidence_threshold,0.76,False
dapper,lossy,103,100.0,1000,25.072925546868568,34.23372242321619,34.794279965090745,34.9768308072483,31.410670888329957,0.0,0.7255664298957895,0.7413679404452741,15725.0,15.725,15725.0,0.0,0.0,0.0,0.629,0.8028616852146264,0.14626391096979333,0.092,0.6565977742448331,0.0,0.1971383147853736,0.0,37.1,0.0,62.9,0.0,439,439.0,local_confidence_threshold,0.76,False
dapper,lossy,104,100.0,1000,24.952721574773207,33.7641107522445,34.821547122134376,34.99174516374082,31.5064289678231,0.0,0.725270205207262,0.7403331577521682,15650.0,15.65,15650.0,0.0,0.0,0.0,0.626,0.8019169329073482,0.1501597444089457,0.094,0.6517571884984026,0.0,0.19808306709265175,0.0,37.4,0.0,62.6,0.0,435,435.0,local_confidence_threshold,0.76,False
dapper,lossy,105,100.0,1000,25.095152971928933,33.826524025580916,34.67873591147265,34.99594666457182,30.30132031931796,0.0,0.7248747477212536,0.7374979326628736,15900.0,15.9,15900.0,0.0,0.0,0.0,0.636,0.8207547169811321,0.11635220125786164,0.074,0.7044025157232704,0.0,0.1792452830188679,0.0,36.4,0.0,63.6,0.0,444,444.0,local_confidence_threshold,0.76,False
dapper,lossy,106,100.0,1000,24.856568122610433,33.832964597231225,34.72189143706977,34.99784375073101,30.7836824892645,0.0,0.7235813767870335,0.738209591187318,15325.0,15.325,15325.0,0.0,0.0,0.0,0.613,0.866231647634584,0.13866231647634583,0.085,0.7275693311582382,0.0,0.13376835236541598,0.0,38.7,0.0,61.3,0.0,451,451.0,local_confidence_threshold,0.76,False
dapper,lossy,107,100.0,1000,24.68158080592215,34.00414573371424,34.83973190471446,34.99325658145116,30.01980630569478,0.0,0.7241940517114336,0.737268100636252,15300.0,15.3,15300.0,0.0,0.0,0.0,0.612,0.8169934640522876,0.12418300653594772,0.076,0.6928104575163399,0.0,0.1830065359477124,0.0,38.800000000000004,0.0,61.199999999999996,0.0,458,458.0,local_confidence_threshold,0.76,False
dapper,lossy,108,100.0,1000,25.047265262517854,34.05795037600457,34.73288919337191,34.96757252768798,30.13591432701522,0.0,0.7235643813542582,0.7360346705822344,15825.0,15.825,15825.0,0.0,0.0,0.0,0.633,0.8151658767772512,0.11532385466034756,0.073,0.6998420221169036,0.0,0.1848341232227488,0.0,36.7,0.0,63.3,0.0,444,444.0,local_confidence_threshold,0.76,False
dapper,lossy,109,100.0,1000,24.775139056545807,34.049418286887835,34.7919194149339,34.94624843509132,30.9322098271025,0.0,0.7212325912059436,0.7367026087041284,15900.0,15.9,15900.0,0.0,0.0,0.0,0.636,0.8349056603773585,0.13679245283018868,0.087,0.6981132075471698,0.0,0.1650943396226415,0.0,36.4,0.0,63.6,0.0,422,422.0,local_confidence_threshold,0.76,False
dapper,lossy,110,100.0,1000,25.004520730247734,33.8683404853258,34.86997539103268,34.98456857838196,31.58698515499367,0.0,0.7268739784421301,0.7419946643605949,15450.0,15.45,15450.0,0.0,0.0,0.0,0.618,0.7831715210355987,0.15048543689320387,0.093,0.6326860841423948,0.0,0.2168284789644013,0.0,38.2,0.0,61.8,0.0,478,478.0,local_confidence_threshold,0.76,False
dapper,lossy,111,100.0,1000,24.90307640535743,34.14835345167596,34.756755348825656,34.981698697795565,30.405725021555067,0.0,0.7248703254305311,0.7377009091523268,15450.0,15.45,15450.0,0.0,0.0,0.0,0.618,0.8042071197411004,0.127831715210356,0.079,0.6763754045307443,0.0,0.19579288025889968,0.0,38.2,0.0,61.8,0.0,455,455.0,local_confidence_threshold,0.76,False
dapper,lossy,112,100.0,1000,24.956367632930085,34.151123089835,34.870234716853815,34.962158450180866,30.958186962498875,0.0,0.7253954496233768,0.7401224963680629,15275.0,15.275,15275.0,0.0,0.0,0.0,0.611,0.8117839607201309,0.14238952536824878,0.087,0.6693944353518821,0.0,0.18821603927986907,0.0,38.9,0.0,61.1,0.0,447,447.0,local_confidence_threshold,0.76,False
dapper,lossy,113,100.0,1000,25.11573781751927,34.14436127878192,34.867885766711,34.99782157537433,30.47824827792246,0.0,0.7254462125679975,0.738344110313127,15900.0,15.9,15900.0,0.0,0.0,0.0,0.636,0.800314465408805,0.12106918238993711,0.077,0.6792452830188679,0.0,0.19968553459119498,0.0,36.4,0.0,63.6,0.0,461,461.0,local_confidence_threshold,0.76,False
dapper,lossy,114,100.0,1000,25.05695156474369,34.026649628584615,34.857774174382406,34.983091762156874,30.564219085440914,0.0,0.72440817275247,0.7376130433304192,15025.0,15.025,15025.0,0.0,0.0,0.0,0.601,0.8086522462562395,0.13311148086522462,0.08,0.6755407653910149,0.0,0.1913477537437604,0.0,39.900000000000006,0.0,60.099999999999994,0.0,415,415.0,local_confidence_threshold,0.76,False
dapper,lossy,115,100.0,1000,24.76252752899427,34.140208891814694,34.85306689119638,34.992962372181864,30.412128953245926,0.0,0.7251726691219196,0.7383694970044951,15125.0,15.125,15125.0,0.0,0.0,0.0,0.605,0.7966942148760331,0.13388429752066117,0.081,0.6628099173553719,0.0,0.20330578512396694,0.0,39.5,0.0,60.5,0.0,450,450.0,local_confidence_threshold,0.76,False
dapper,lossy,116,100.0,1000,24.951356764470432,33.914227978461774,34.857265543400885,34.99525986411179,31.635366833522667,0.0,0.7243445892890008,0.7411115348790741,15400.0,15.4,15400.0,0.0,0.0,0.0,0.616,0.8295454545454546,0.1590909090909091,0.098,0.6704545454545454,0.0,0.17045454545454544,0.0,38.4,0.0,61.6,0.0,454,454.0,local_confidence_threshold,0.76,False
dapper,lossy,117,100.0,1000,25.037129912861214,33.9567672696681,34.764351269100246,34.996388970755305,29.15863711041917,0.0,0.726073452957747,0.7361168553134503,15050.0,15.05,15050.0,0.0,0.0,0.0,0.602,0.8056478405315615,0.09800664451827243,0.059,0.707641196013289,0.0,0.19435215946843853,0.0,39.800000000000004,0.0,60.199999999999996,0.0,457,457.0,local_confidence_threshold,0.76,False
dapper,lossy,118,100.0,1000,24.83203368389728,33.86314293776527,34.704566823658226,34.94197590424748,30.335092808968135,0.0,0.7277094589160901,0.7405647399266441,14900.0,14.9,14900.0,0.0,0.0,0.0,0.596,0.8305369127516778,0.1325503355704698,0.079,0.697986577181208,0.0,0.16946308724832215,0.0,40.400000000000006,0.0,59.599999999999994,0.0,470,470.0,local_confidence_threshold,0.76,False
dapper,lossy,119,100.0,1000,25.22380561542694,34.16353447898527,34.88856396573517,34.993426719837316,30.89772880555215,0.0,0.72570145608929,0.739844532604644,15175.0,15.175,15175.0,0.0,0.0,0.0,0.607,0.828665568369028,0.13509060955518945,0.082,0.6935749588138386,0.0,0.171334431630972,0.0,39.300000000000004,0.0,60.699999999999996,0.0,444,444.0,local_confidence_threshold,0.76,False
dapper,lossy,120,100.0,1000,24.94356883456326,33.94762430607923,34.82126839451995,34.99480299428936,30.134516330473463,0.0,0.7242446744200584,0.737130713203084,15050.0,15.05,15050.0,0.0,0.0,0.0,0.602,0.8039867109634552,0.12292358803986711,0.074,0.6810631229235881,0.0,0.19601328903654486,0.0,39.800000000000004,0.0,60.199999999999996,0.0,461,461.0,local_confidence_threshold,0.76,False
dapper,lossy,121,100.0,1000,24.890186762682326,33.9509837447526,34.75636721943252,34.9865485323475,31.591541554986758,0.0,0.7226738180182367,0.7392599209135761,15825.0,15.825,15825.0,0.0,0.0,0.0,0.633,0.8199052132701422,0.1500789889415482,0.095,0.669826224328594,0.0,0.18009478672985782,0.0,36.7,0.0,63.3,0.0,446,446.0,local_confidence_threshold,0.76,False
dapper,lossy,122,100.0,1000,25.08579289471596,34.07524967583675,34.72465675884838,34.92311681265087,30.670284124817933,0.0,0.7253656451784852,0.7391981134372043,15350.0,15.35,15350.0,0.0,0.0,0.0,0.614,0.7915309446254072,0.13029315960912052,0.08,0.6612377850162866,0.0,0.20846905537459284,0.0,38.6,0.0,61.4,0.0,422,422.0,local_confidence_threshold,0.76,False
dapper,lossy,123,100.0,1000,24.817178107343594,33.97858252982191,34.71884738710505,34.9640180768012,31.15920352484506,0.0,0.725177200048534,0.7418036497896999,15125.0,15.125,15125.0,0.0,0.0,0.0,0.605,0.7917355371900826,0.15206611570247933,0.092,0.6396694214876033,0.0,0.20826446280991737,0.0,39.5,0.0,60.5,0.0,462,462.0,local_confidence_threshold,0.76,False
dapper,lossy,124,100.0,1000,25.144076835710404,34.0084817041087,34.82162623829404,34.999930978152555,32.41018880112479,0.0,0.7252006399861742,0.7437175775689723,15900.0,15.9,15900.0,0.0,0.0,0.0,0.636,0.8333333333333334,0.1650943396226415,0.105,0.6682389937106918,0.0,0.16666666666666666,0.0,36.4,0.0,63.6,0.0,452,452.0,local_confidence_threshold,0.76,False
dapper,lossy,125,100.0,1000,25.290207315525716,34.07810779324134,34.85987931432081,34.99675173862079,31.040613482435468,0.0,0.725008358044021,0.7383913567994841,14900.0,14.9,14900.0,0.0,0.0,0.0,0.596,0.8154362416107382,0.14093959731543623,0.084,0.674496644295302,0.0,0.18456375838926176,0.0,40.400000000000006,0.0,59.599999999999994,0.0,450,450.0,local_confidence_threshold,0.76,False
dapper,lossy,126,100.0,1000,25.012306557377276,34.01851118868758,34.87231873366858,34.99707928007821,31.099259384178346,0.0,0.7223553858756083,0.7369788991196253,15900.0,15.9,15900.0,0.0,0.0,0.0,0.636,0.8176100628930818,0.13836477987421383,0.088,0.6792452830188679,0.0,0.18238993710691823,0.0,36.4,0.0,63.6,0.0,436,436.0,local_confidence_threshold,0.76,False
dapper,lossy,127,100.0,1000,24.933813775828348,34.03862120823819,34.851014551058256,34.985303846764054,32.002804661448884,0.0,0.7254720911704587,0.7424486810918826,15700.0,15.7,15700.0,0.0,0.0,0.0,0.628,0.7770700636942676,0.1624203821656051,0.102,0.6146496815286624,0.0,0.2229299363057325,0.0,37.2,0.0,62.8,0.0,455,455.0,local_confidence_threshold,0.76,False
dapper,lossy,128,100.0,1000,25.361525346794913,34.112832194106765,34.722796126768856,34.99638466136344,31.28556426084639,0.0,0.7258146565752936,0.7401107496067423,15200.0,15.2,15200.0,0.0,0.0,0.0,0.608,0.8256578947368421,0.14309210526315788,0.087,0.6825657894736842,0.0,0.17434210526315788,0.0,39.2,0.0,60.8,0.0,457,457.0,local_confidence_threshold,0.76,False
dapper,lossy,129,100.0,1000,24.956002553810663,34.060395492680186,34.85750602439408,34.980831653703675,30.33504148479253,0.0,0.7240405957959037,0.7372686736742581,15925.0,15.925,15925.0,0.0,0.0,0.0,0.637,0.8084772370486656,0.12087912087912088,0.077,0.6875981161695447,0.0,0.19152276295133439,0.0,36.3,0.0,63.7,0.0,429,429.0,local_confidence_threshold,0.76,False
dapper,variable,100,100.0,1000,19.847097399190012,33.61420558459003,34.76027410675784,34.95054826151675,21.40213071346716,0.0,0.7259116438296801,0.7299888645285939,4700.0,4.7,4700.0,0.284,0.216,0.0,0.188,0.9042553191489362,0.13297872340425532,0.025,0.7712765957446809,0.0,0.09574468085106383,0.0,59.599999999999994,0.0,18.8,21.6,343,343.0,local_confidence_threshold,0.76,False
dapper,variable,101,100.0,1000,19.873228370530978,33.51859359353788,34.716729365681125,34.99816501848515,22.04776293132051,0.0,0.7275598148950951,0.733171970794994,4950.0,4.95,4950.0,0.256,0.2,0.0,0.198,0.9343434343434344,0.16161616161616163,0.032,0.7727272727272727,0.0,0.06565656565656566,0.0,60.199999999999996,0.0,19.8,20.0,345,345.0,local_confidence_threshold,0.76,False
dapper,variable,102,100.0,1000,21.725835154751234,33.952084801243224,34.85412725538718,34.995332379528136,24.014791668315283,0.0,0.7253923428217819,0.7317422514290638,5225.0,5.225,5225.0,0.167,0.131,0.0,0.209,0.8995215311004785,0.16267942583732056,0.034,0.7368421052631579,0.0,0.10047846889952153,0.0,66.0,0.0,20.9,13.100000000000001,309,309.0,local_confidence_threshold,0.76,False
dapper,variable,103,100.0,1000,19.512093113412188,33.581179869308166,34.6745142049723,34.99051342908312,21.33539145317375,0.0,0.7264145780785138,0.7312545296158864,5125.0,5.125,5125.0,0.315,0.239,0.0,0.205,0.9121951219512195,0.13170731707317074,0.027,0.7804878048780488,0.0,0.08780487804878048,0.0,55.60000000000001,0.0,20.5,23.9,368,368.0,local_confidence_threshold,0.76,False
dapper,variable,104,100.0,1000,21.518439904160722,33.92297556550541,34.71580596411837,34.944614204784195,23.60294037515365,0.0,0.727405744674525,0.7326253703764207,4850.0,4.85,4850.0,0.187,0.143,0.0,0.194,0.9072164948453608,0.15979381443298968,0.031,0.7474226804123711,0.0,0.09278350515463918,0.0,66.3,0.0,19.400000000000002,14.299999999999999,300,300.0,local_confidence_threshold,0.76,False
dapper,variable,105,100.0,1000,20.409246302565197,33.52133876628223,34.7773651787171,34.98077376103997,22.87025597573123,0.0,0.726150768098847,0.7322405621938722,5175.0,5.175,5175.0,0.238,0.184,0.0,0.207,0.9468599033816425,0.17391304347826086,0.036,0.7729468599033816,0.0,0.05314009661835749,0.0,60.9,0.0,20.7,18.4,328,328.0,local_confidence_threshold,0.76,False
dapper,variable,106,100.0,1000,21.59372391817589,33.5305156645498,34.67586933903363,34.993851868805095,23.79795435685627,0.0,0.7255234671581106,0.7314745167313158,4725.0,4.725,4725.0,0.175,0.136,0.0,0.189,0.9312169312169312,0.17989417989417988,0.034,0.7513227513227513,0.0,0.06878306878306878,0.0,67.5,0.0,18.9,13.600000000000001,284,284.0,local_confidence_threshold,0.76,False
dapper,variable,107,100.0,1000,20.056441701403287,33.56666120695883,34.6268453225655,34.98148819897819,22.00366668847367,0.0,0.7240116849833446,0.7289757333768355,4250.0,4.25,4250.0,0.261,0.201,0.0,0.17,0.9176470588235294,0.17058823529411765,0.029,0.7470588235294118,0.0,0.08235294117647059,0.0,62.9,0.0,17.0,20.1,302,302.0,local_confidence_threshold,0.76,False
dapper,variable,108,100.0,1000,20.480881005394448,33.99159903353784,34.77692101060002,34.94872090187498,22.779321787125365,0.0,0.7260048286422379,0.7325353630947719,5100.0,5.1,5100.0,0.26,0.196,0.0,0.204,0.9264705882352942,0.16666666666666666,0.034,0.7598039215686274,0.0,0.07352941176470588,0.0,60.0,0.0,20.4,19.6,347,347.0,local_confidence_threshold,0.76,False
dapper,variable,109,100.0,1000,21.210997956041414,33.76823065319891,34.76110730262953,34.98660651522982,22.80389263191648,0.0,0.7239038673745836,0.7278360123823993,4550.0,4.55,4550.0,0.203,0.156,0.0,0.182,0.9340659340659341,0.12637362637362637,0.023,0.8076923076923077,0.0,0.06593406593406594,0.0,66.2,0.0,18.2,15.6,297,297.0,local_confidence_threshold,0.76,False
dapper,variable,110,100.0,1000,20.982663888093814,33.908831310824965,34.67822534775889,34.98146709760653,22.514292868945603,0.0,0.7252583766377324,0.7289690371520807,4475.0,4.475,4475.0,0.226,0.171,0.0,0.179,0.9106145251396648,0.12849162011173185,0.023,0.7821229050279329,0.0,0.0893854748603352,0.0,65.0,0.0,17.9,17.1,309,309.0,local_confidence_threshold,0.76,False
dapper,variable,111,100.0,1000,21.15036747714493,33.79838354481562,34.723349040720166,34.97684653932659,23.61617288951162,0.0,0.7257443855359366,0.7316374129098151,5200.0,5.2,5200.0,0.216,0.166,0.0,0.208,0.9326923076923077,0.1778846153846154,0.037,0.7548076923076923,0.0,0.0673076923076923,0.0,62.6,0.0,20.8,16.6,324,324.0,local_confidence_threshold,0.76,False
dapper,variable,112,100.0,1000,21.078172240720427,34.0565418294024,34.79412676903375,34.95854802039493,23.997156625846497,0.0,0.728773769620013,0.7353645262695805,5325.0,5.325,5325.0,0.215,0.162,0.0,0.213,0.9436619718309859,0.20187793427230047,0.043,0.7417840375586855,0.0,0.056338028169014086,0.0,62.5,0.0,21.3,16.2,319,319.0,local_confidence_threshold,0.76,False
dapper,variable,113,100.0,1000,21.273906223598555,33.57682626381407,34.78843892853948,34.96829040868747,22.68415676824758,0.0,0.7263068757945752,0.7295810795594698,5050.0,5.05,5050.0,0.197,0.15,0.0,0.202,0.9356435643564357,0.10396039603960396,0.021,0.8316831683168316,0.0,0.06435643564356436,0.0,64.8,0.0,20.200000000000003,15.0,309,309.0,local_confidence_threshold,0.76,False
dapper,variable,114,100.0,1000,19.651478679764644,33.53883646549626,34.61117657596823,34.99588156157893,21.627282098452596,0.0,0.7222741502329159,0.7269843188045412,3800.0,3.8,3800.0,0.266,0.205,0.0,0.152,0.9078947368421053,0.19078947368421054,0.029,0.7171052631578947,0.0,0.09210526315789473,0.0,64.3,0.0,15.2,20.5,329,329.0,local_confidence_threshold,0.76,False
dapper,variable,115,100.0,1000,21.45827282696581,33.34691437699113,34.626745067103904,34.87718954629805,24.141681161411153,0.0,0.7230935571850724,0.7299534482440649,4500.0,4.5,4500.0,0.176,0.137,0.0,0.18,0.9055555555555556,0.21666666666666667,0.039,0.6888888888888889,0.0,0.09444444444444444,0.0,68.30000000000001,0.0,18.0,13.700000000000001,296,296.0,local_confidence_threshold,0.76,False
dapper,variable,116,100.0,1000,20.840460970931165,33.98344969197258,34.76841725790863,34.94714462527301,22.54827485783806,0.0,0.7289372186607409,0.7335050290198417,4300.0,4.3,4300.0,0.239,0.184,0.0,0.172,0.9302325581395349,0.14534883720930233,0.025,0.7848837209302325,0.0,0.06976744186046512,0.0,64.4,0.0,17.2,18.4,304,304.0,local_confidence_threshold,0.76,False
dapper,variable,117,100.0,1000,22.76021868961211,34.240173789397694,34.82080355680936,34.990866631104254,24.340232113684532,0.0,0.7236897900442029,0.7274013833791875,5400.0,5.4,5400.0,0.132,0.1,0.0,0.216,0.9166666666666666,0.10648148148148148,0.023,0.8101851851851852,0.0,0.08333333333333333,0.0,68.4,0.0,21.6,10.0,287,287.0,local_confidence_threshold,0.76,False
dapper,variable,118,100.0,1000,21.19990772515089,33.5101571170854,34.37942051281876,34.868091607089696,23.972189181680616,0.0,0.7251742139285398,0.7320363289733129,5725.0,5.725,5725.0,0.193,0.148,0.0,0.229,0.9344978165938864,0.17467248908296942,0.04,0.759825327510917,0.0,0.06550218340611354,0.0,62.3,0.0,22.900000000000002,14.799999999999999,339,339.0,local_confidence_threshold,0.76,False
dapper,variable,119,100.0,1000,20.98980792595105,33.65904383541709,34.57959716197339,34.99635852821138,23.57588065845889,0.0,0.7248011782863056,0.731495559811568,5200.0,5.2,5200.0,0.218,0.166,0.0,0.208,0.9182692307692307,0.18269230769230768,0.038,0.7355769230769231,0.0,0.08173076923076923,0.0,62.6,0.0,20.8,16.6,317,317.0,local_confidence_threshold,0.76,False
dapper,variable,120,100.0,1000,21.637219680970638,33.96526001626422,34.71258654891299,34.99491157025027,23.59313017384901,0.0,0.7236256274039456,0.7289282718788638,6075.0,6.075,6075.0,0.179,0.134,0.0,0.243,0.934156378600823,0.11522633744855967,0.028,0.8189300411522634,0.0,0.06584362139917696,0.0,62.3,0.0,24.3,13.4,329,329.0,local_confidence_threshold,0.76,False
dapper,variable,121,100.0,1000,20.769854338698046,33.76407787463392,34.80089032279628,34.994688323129196,24.12662861438311,0.0,0.7246801812954811,0.7337104559852973,5650.0,5.65,5650.0,0.217,0.168,0.0,0.226,0.9557522123893806,0.22123893805309736,0.05,0.7345132743362832,0.0,0.04424778761061947,0.0,60.6,0.0,22.6,16.8,329,329.0,local_confidence_threshold,0.76,False
dapper,variable,122,100.0,1000,21.13175821444513,33.694416258508085,34.631522901173106,34.97317679379236,23.46413471688876,0.0,0.727101792089757,0.7329227827804194,4475.0,4.475,4475.0,0.197,0.151,0.0,0.179,0.9664804469273743,0.18994413407821228,0.034,0.776536312849162,0.0,0.0335195530726257,0.0,67.0,0.0,17.9,15.1,305,305.0,local_confidence_threshold,0.76,False
dapper,variable,123,100.0,1000,21.09321361110236,33.79103353765298,34.79488657343286,34.98222422308634,22.805472619119616,0.0,0.7282104611957531,0.7332537938023092,4400.0,4.4,4400.0,0.215,0.164,0.0,0.176,0.9488636363636364,0.14772727272727273,0.026,0.8011363636363636,0.0,0.05113636363636364,0.0,66.0,0.0,17.599999999999998,16.400000000000002,315,315.0,local_confidence_threshold,0.76,False
dapper,variable,124,100.0,1000,21.732988484636902,33.61582768332837,34.67732058291188,34.996246009129095,23.570103288661347,0.0,0.7242599698219147,0.728785321176684,5800.0,5.8,5800.0,0.169,0.132,0.0,0.232,0.896551724137931,0.11637931034482758,0.027,0.7801724137931034,0.0,0.10344827586206896,0.0,63.6,0.0,23.200000000000003,13.200000000000001,349,349.0,local_confidence_threshold,0.76,False
dapper,variable,125,100.0,1000,20.769788307085673,33.55572104656107,34.7780426012565,34.94952031560075,23.26300913730074,0.0,0.7246252838037862,0.7306526986187016,5075.0,5.075,5075.0,0.222,0.17,0.0,0.203,0.9310344827586207,0.17733990147783252,0.036,0.7536945812807881,0.0,0.06896551724137931,0.0,62.7,0.0,20.3,17.0,328,328.0,local_confidence_threshold,0.76,False
dapper,variable,126,100.0,1000,21.1478810158433,33.75159446968112,34.720173914570076,34.997585709381326,23.46494716992476,0.0,0.730137150017489,0.7357955323188445,4975.0,4.975,4975.0,0.21,0.163,0.0,0.199,0.9346733668341709,0.17587939698492464,0.035,0.7587939698492462,0.0,0.06532663316582915,0.0,63.800000000000004,0.0,19.900000000000002,16.3,316,316.0,local_confidence_threshold,0.76,False
dapper,variable,127,100.0,1000,20.660215773075464,34.01155392391131,34.710521322396545,34.9805264786951,22.587120625558075,0.0,0.7254115546748069,0.7307896710907399,4975.0,4.975,4975.0,0.245,0.187,0.0,0.199,0.949748743718593,0.1407035175879397,0.028,0.8090452261306532,0.0,0.05025125628140704,0.0,61.4,0.0,19.900000000000002,18.7,340,340.0,local_confidence_threshold,0.76,False
dapper,variable,128,100.0,1000,19.588881490818014,33.63444553862527,34.724924465655434,34.96530254190218,21.153599042773475,0.0,0.7261101277963585,0.729445543544617,3825.0,3.825,3825.0,0.278,0.214,0.0,0.153,0.9150326797385621,0.1503267973856209,0.023,0.7647058823529411,0.0,0.08496732026143791,0.0,63.3,0.0,15.299999999999999,21.4,306,306.0,local_confidence_threshold,0.76,False
dapper,variable,129,100.0,1000,21.009790891695804,33.95183803633796,34.77333674805944,34.967648156933706,22.599391961763537,0.0,0.7216296347896245,0.725933125951419,4700.0,4.7,4700.0,0.227,0.175,0.0,0.188,0.9414893617021277,0.13297872340425532,0.025,0.8085106382978723,0.0,0.05851063829787234,0.0,63.7,0.0,18.8,17.5,309,309.0,local_confidence_threshold,0.76,False
dapper,outage,100,100.0,1000,7.390958833110617,31.53222247776869,33.92161243264051,34.99545577037872,7.390958833110617,0.0,0.7256162643603677,0.7256162643603677,0.0,0.0,0.0,1.0,0.735,0.0,0.0,0.0,0.0,0.0,0.0,0.0,0.0,0.0,22.6,0.0,0.0,77.4,422,422.0,local_confidence_threshold,0.76,False
dapper,outage,101,100.0,1000,7.394054329988902,31.520563490832846,34.26171430265933,34.94450915915627,7.394054329988902,0.0,0.7269702216094329,0.7269702216094329,0.0,0.0,0.0,1.0,0.736,0.0,0.0,0.0,0.0,0.0,0.0,0.0,0.0,0.0,21.9,0.0,0.0,78.10000000000001,412,412.0,local_confidence_threshold,0.76,False
dapper,outage,102,100.0,1000,7.51680019137851,31.462924322041214,34.417701339171714,34.98162652146018,7.51680019137851,0.0,0.725179462474503,0.725179462474503,0.0,0.0,0.0,1.0,0.731,0.0,0.0,0.0,0.0,0.0,0.0,0.0,0.0,0.0,23.200000000000003,0.0,0.0,76.8,422,422.0,local_confidence_threshold,0.76,False
dapper,outage,103,100.0,1000,7.378221024983012,31.251434028184203,34.6042054298873,34.981104653112794,7.378221024983012,0.0,0.7262335249696575,0.7262335249696575,0.0,0.0,0.0,1.0,0.735,0.0,0.0,0.0,0.0,0.0,0.0,0.0,0.0,0.0,23.0,0.0,0.0,77.0,429,429.0,local_confidence_threshold,0.76,False
dapper,outage,104,100.0,1000,7.568293210290533,31.59395630138461,34.54533747275368,34.97633437705056,7.568293210290533,0.0,0.7263175970031922,0.7263175970031922,0.0,0.0,0.0,1.0,0.728,0.0,0.0,0.0,0.0,0.0,0.0,0.0,0.0,0.0,23.5,0.0,0.0,76.5,422,422.0,local_confidence_threshold,0.76,False
dapper,outage,105,100.0,1000,7.519378267796368,31.402502329388795,34.46505659979935,34.921933732182964,7.519378267796368,0.0,0.7248271436420854,0.7248271436420854,0.0,0.0,0.0,1.0,0.732,0.0,0.0,0.0,0.0,0.0,0.0,0.0,0.0,0.0,22.8,0.0,0.0,77.2,417,417.0,local_confidence_threshold,0.76,False
dapper,outage,106,100.0,1000,7.549106265746754,31.449714720334896,34.37540672388598,34.964850295506736,7.549106265746754,0.0,0.7212594093828284,0.7212594093828284,0.0,0.0,0.0,1.0,0.732,0.0,0.0,0.0,0.0,0.0,0.0,0.0,0.0,0.0,22.3,0.0,0.0,77.7,414,414.0,local_confidence_threshold,0.76,False
dapper,outage,107,100.0,1000,7.495635529917344,31.80791921566703,34.39018497885919,34.99112443015811,7.495635529917344,0.0,0.7250211366010297,0.7250211366010297,0.0,0.0,0.0,1.0,0.733,0.0,0.0,0.0,0.0,0.0,0.0,0.0,0.0,0.0,23.1,0.0,0.0,76.9,422,422.0,local_confidence_threshold,0.76,False
dapper,outage,108,100.0,1000,7.251361824662859,31.14265792210696,34.17418822409749,34.97297658698431,7.251361824662859,0.0,0.7266974788453335,0.7266974788453335,0.0,0.0,0.0,1.0,0.736,0.0,0.0,0.0,0.0,0.0,0.0,0.0,0.0,0.0,23.0,0.0,0.0,77.0,426,426.0,local_confidence_threshold,0.76,False
dapper,outage,109,100.0,1000,7.685496458575816,31.705170488180077,34.40871885608117,34.88886016594044,7.685496458575816,0.0,0.7258121030951461,0.7258121030951461,0.0,0.0,0.0,1.0,0.729,0.0,0.0,0.0,0.0,0.0,0.0,0.0,0.0,0.0,23.5,0.0,0.0,76.5,427,427.0,local_confidence_threshold,0.76,False
dapper,outage,110,100.0,1000,7.355193804523941,30.694822041353905,34.222511546491425,34.969462845702225,7.355193804523941,0.0,0.7245809511185383,0.7245809511185383,0.0,0.0,0.0,1.0,0.735,0.0,0.0,0.0,0.0,0.0,0.0,0.0,0.0,0.0,22.8,0.0,0.0,77.2,425,425.0,local_confidence_threshold,0.76,False
dapper,outage,111,100.0,1000,7.398682547644234,31.455362565824643,34.05726657846486,34.958198085831974,7.398682547644234,0.0,0.7280638471067766,0.7280638471067766,0.0,0.0,0.0,1.0,0.732,0.0,0.0,0.0,0.0,0.0,0.0,0.0,0.0,0.0,22.900000000000002,0.0,0.0,77.10000000000001,414,414.0,local_confidence_threshold,0.76,False
dapper,outage,112,100.0,1000,7.370625290236145,31.426397231090824,34.038780941246515,34.949972127365655,7.370625290236145,0.0,0.7280606555765715,0.7280606555765715,0.0,0.0,0.0,1.0,0.734,0.0,0.0,0.0,0.0,0.0,0.0,0.0,0.0,0.0,22.1,0.0,0.0,77.9,412,412.0,local_confidence_threshold,0.76,False
dapper,outage,113,100.0,1000,7.147796806593906,30.844985093880027,33.96419838510252,34.91680130902314,7.147796806593906,0.0,0.7299582611154545,0.7299582611154545,0.0,0.0,0.0,1.0,0.737,0.0,0.0,0.0,0.0,0.0,0.0,0.0,0.0,0.0,23.200000000000003,0.0,0.0,76.8,437,437.0,local_confidence_threshold,0.76,False
dapper,outage,114,100.0,1000,7.501176014095029,31.4914309836508,34.414218678920534,34.97406829855338,7.501176014095029,0.0,0.7224631994341497,0.7224631994341497,0.0,0.0,0.0,1.0,0.728,0.0,0.0,0.0,0.0,0.0,0.0,0.0,0.0,0.0,22.3,0.0,0.0,77.7,398,398.0,local_confidence_threshold,0.76,False
dapper,outage,115,100.0,1000,7.428611862088066,30.652007764158807,34.152857588086846,34.990047900593524,7.428611862088066,0.0,0.7262317832361891,0.7262317832361891,0.0,0.0,0.0,1.0,0.735,0.0,0.0,0.0,0.0,0.0,0.0,0.0,0.0,0.0,22.2,0.0,0.0,77.8,413,413.0,local_confidence_threshold,0.76,False
dapper,outage,116,100.0,1000,7.310877248374183,30.959598437937885,34.2744524675671,34.84799240200695,7.310877248374183,0.0,0.727895972888168,0.727895972888168,0.0,0.0,0.0,1.0,0.734,0.0,0.0,0.0,0.0,0.0,0.0,0.0,0.0,0.0,23.5,0.0,0.0,76.5,434,434.0,local_confidence_threshold,0.76,False
dapper,outage,117,100.0,1000,7.385847848859415,31.09198240986329,34.14712359689956,34.96597639562117,7.385847848859415,0.0,0.7183856901372877,0.7183856901372877,0.0,0.0,0.0,1.0,0.732,0.0,0.0,0.0,0.0,0.0,0.0,0.0,0.0,0.0,21.9,0.0,0.0,78.10000000000001,403,403.0,local_confidence_threshold,0.76,False
dapper,outage,118,100.0,1000,7.254554051460061,31.241459127591458,33.60889001037177,34.741923692424066,7.254554051460061,0.0,0.7269199104810466,0.7269199104810466,0.0,0.0,0.0,1.0,0.737,0.0,0.0,0.0,0.0,0.0,0.0,0.0,0.0,0.0,22.0,0.0,0.0,78.0,408,408.0,local_confidence_threshold,0.76,False
dapper,outage,119,100.0,1000,7.544636632920723,31.97128927281031,34.12470746616695,34.92690319762808,7.544636632920723,0.0,0.7220765044472426,0.7220765044472426,0.0,0.0,0.0,1.0,0.733,0.0,0.0,0.0,0.0,0.0,0.0,0.0,0.0,0.0,23.599999999999998,0.0,0.0,76.4,434,434.0,local_confidence_threshold,0.76,False
dapper,outage,120,100.0,1000,7.2966883444603,30.892941767709793,34.211465224522804,34.99743937003936,7.2966883444603,0.0,0.7277157448014966,0.7277157448014966,0.0,0.0,0.0,1.0,0.733,0.0,0.0,0.0,0.0,0.0,0.0,0.0,0.0,0.0,22.1,0.0,0.0,77.9,410,410.0,local_confidence_threshold,0.76,False
dapper,outage,121,100.0,1000,7.333809267763978,31.109084311834984,33.97165026658857,34.64971422730907,7.333809267763978,0.0,0.7274434266949621,0.7274434266949621,0.0,0.0,0.0,1.0,0.738,0.0,0.0,0.0,0.0,0.0,0.0,0.0,0.0,0.0,22.7,0.0,0.0,77.3,427,427.0,local_confidence_threshold,0.76,False
dapper,outage,122,100.0,1000,7.251434439695796,30.60696308430699,34.355640534389124,34.986643071399804,7.251434439695796,0.0,0.7230377555986962,0.7230377555986962,0.0,0.0,0.0,1.0,0.738,0.0,0.0,0.0,0.0,0.0,0.0,0.0,0.0,0.0,21.8,0.0,0.0,78.2,412,412.0,local_confidence_threshold,0.76,False
dapper,outage,123,100.0,1000,7.348689071341893,31.31477153672879,33.77157051102519,34.93381679406212,7.348689071341893,0.0,0.7249842011830019,0.7249842011830019,0.0,0.0,0.0,1.0,0.734,0.0,0.0,0.0,0.0,0.0,0.0,0.0,0.0,0.0,22.6,0.0,0.0,77.4,416,416.0,local_confidence_threshold,0.76,False
dapper,outage,124,100.0,1000,7.660167119732145,32.1804553486177,34.264528586595944,34.941792593643456,7.660167119732145,0.0,0.7230039723105824,0.7230039723105824,0.0,0.0,0.0,1.0,0.731,0.0,0.0,0.0,0.0,0.0,0.0,0.0,0.0,0.0,22.3,0.0,0.0,77.7,400,400.0,local_confidence_threshold,0.76,False
dapper,outage,125,100.0,1000,7.350838089581009,31.434653948905787,34.32904496368304,34.97323235440945,7.350838089581009,0.0,0.7221812250823167,0.7221812250823167,0.0,0.0,0.0,1.0,0.733,0.0,0.0,0.0,0.0,0.0,0.0,0.0,0.0,0.0,23.200000000000003,0.0,0.0,76.8,428,428.0,local_confidence_threshold,0.76,False
dapper,outage,126,100.0,1000,7.215129876013096,30.710400018658593,33.86622552192073,34.99530404733341,7.215129876013096,0.0,0.725540342550057,0.725540342550057,0.0,0.0,0.0,1.0,0.738,0.0,0.0,0.0,0.0,0.0,0.0,0.0,0.0,0.0,22.6,0.0,0.0,77.4,428,428.0,local_confidence_threshold,0.76,False
dapper,outage,127,100.0,1000,7.168677740371282,30.32721903409148,33.88590346281151,34.91862325958482,7.168677740371282,0.0,0.7321660926795039,0.7321660926795039,0.0,0.0,0.0,1.0,0.738,0.0,0.0,0.0,0.0,0.0,0.0,0.0,0.0,0.0,21.9,0.0,0.0,78.10000000000001,409,409.0,local_confidence_threshold,0.76,False
dapper,outage,128,100.0,1000,7.182658284101614,30.07092856934142,34.160945540901714,34.96572059102459,7.182658284101614,0.0,0.7245057292187558,0.7245057292187558,0.0,0.0,0.0,1.0,0.736,0.0,0.0,0.0,0.0,0.0,0.0,0.0,0.0,0.0,23.0,0.0,0.0,77.0,428,428.0,local_confidence_threshold,0.76,False
dapper,outage,129,100.0,1000,7.192894149462109,30.305709714834187,34.22738591997794,34.97529884555047,7.192894149462109,0.0,0.7266441172681618,0.7266441172681618,0.0,0.0,0.0,1.0,0.738,0.0,0.0,0.0,0.0,0.0,0.0,0.0,0.0,0.0,21.3,0.0,0.0,78.7,404,404.0,local_confidence_threshold,0.76,False
dapper,stable,100,100.0,1000,25.279403323317702,33.96035223762113,34.73962355895296,34.988775105687154,55.538430839525034,0.0,0.7265268897628933,0.7975273110848559,25000.0,25.0,25000.0,0.0,0.0,0.0,1.0,0.989,0.488,0.488,0.501,0.0,0.011,0.0,0.0,0.0,100.0,0.0,0,0.0,local_confidence_threshold,0.8,False
dapper,stable,101,100.0,1000,24.820657080469697,33.96040511204254,34.788072376532675,34.99828909781833,57.532858530095766,0.0,0.7249338588619687,0.8032529537777608,25000.0,25.0,25000.0,0.0,0.0,0.0,1.0,0.99,0.523,0.523,0.467,0.0,0.01,0.0,0.0,0.0,100.0,0.0,0,0.0,local_confidence_threshold,0.8,False
dapper,stable,102,100.0,1000,24.835880473076735,33.70682378335116,34.74818297607158,34.965240972972765,56.78670183537698,0.0,0.727324394359075,0.8069662402478758,25000.0,25.0,25000.0,0.0,0.0,0.0,1.0,0.99,0.521,0.521,0.469,0.0,0.01,0.0,0.0,0.0,100.0,0.0,0,0.0,local_confidence_threshold,0.8,False
dapper,stable,103,100.0,1000,24.972078044518216,34.293187186352334,34.89307765319619,34.99802137082616,57.97162987433782,0.0,0.7236659440861409,0.8049199076525545,25000.0,25.0,25000.0,0.0,0.0,0.0,1.0,0.99,0.535,0.535,0.455,0.0,0.01,0.0,0.0,0.0,100.0,0.0,0,0.0,local_confidence_threshold,0.8,False
dapper,stable,104,100.0,1000,24.98622097286207,33.860115377670134,34.74837408619961,34.98656616097203,55.46948485185432,0.0,0.7240926018777877,0.7955304872992183,25000.0,25.0,25000.0,0.0,0.0,0.0,1.0,0.99,0.493,0.493,0.497,0.0,0.01,0.0,0.0,0.0,100.0,0.0,0,0.0,local_confidence_threshold,0.8,False
dapper,stable,105,100.0,1000,24.85634769037545,33.82025179084476,34.62504012903672,34.93314580405199,56.68973286328967,0.0,0.7262361051095783,0.8023095380631553,25000.0,25.0,25000.0,0.0,0.0,0.0,1.0,0.99,0.513,0.513,0.477,0.0,0.01,0.0,0.0,0.0,100.0,0.0,0,0.0,local_confidence_threshold,0.8,False
dapper,stable,106,100.0,1000,24.716410963251104,33.86074949026578,34.68730165917939,34.933586993197196,57.345195973617635,0.0,0.7229428904328138,0.8020520489183882,25000.0,25.0,25000.0,0.0,0.0,0.0,1.0,0.992,0.52,0.52,0.472,0.0,0.008,0.0,0.0,0.0,100.0,0.0,0,0.0,local_confidence_threshold,0.8,False
dapper,stable,107,100.0,1000,24.88557902804772,33.83424628214373,34.89267109559948,34.9936438529993,57.40337617146596,0.0,0.7245133185042392,0.8041775947303632,25000.0,25.0,25000.0,0.0,0.0,0.0,1.0,0.989,0.519,0.519,0.47,0.0,0.011,0.0,0.0,0.0,100.0,0.0,0,0.0,local_confidence_threshold,0.8,False
dapper,stable,108,100.0,1000,25.235897183714567,34.2868707566229,34.87218349603604,34.989690121554816,56.042435815974656,0.0,0.7254394152220247,0.8029251703471986,25000.0,25.0,25000.0,0.0,0.0,0.0,1.0,0.988,0.499,0.499,0.489,0.0,0.012,0.0,0.0,0.0,100.0,0.0,0,0.0,local_confidence_threshold,0.8,False
dapper,stable,109,100.0,1000,25.268964708760926,34.15910526808331,34.79620852522923,34.94284900848466,56.37881528857746,0.0,0.7225069831603355,0.7973055668677762,25000.0,25.0,25000.0,0.0,0.0,0.0,1.0,0.987,0.499,0.499,0.488,0.0,0.013,0.0,0.0,0.0,100.0,0.0,0,0.0,local_confidence_threshold,0.8,False
dapper,stable,110,100.0,1000,24.978043487255007,33.957417382454665,34.80033649104111,34.99011804008187,55.963267026831346,0.0,0.7239727698806182,0.7992950985226189,25000.0,25.0,25000.0,0.0,0.0,0.0,1.0,0.984,0.502,0.502,0.482,0.0,0.016,0.0,0.0,0.0,100.0,0.0,0,0.0,local_confidence_threshold,0.8,False
dapper,stable,111,100.0,1000,25.491345575881343,33.99942489704205,34.77294614292747,34.98882482505357,58.211492854764366,0.0,0.7264559107913696,0.8057664818955173,25000.0,25.0,25000.0,0.0,0.0,0.0,1.0,0.991,0.528,0.528,0.463,0.0,0.009,0.0,0.0,0.0,100.0,0.0,0,0.0,local_confidence_threshold,0.8,False
dapper,stable,112,100.0,1000,25.044635098675773,33.93678625080242,34.80594764992258,34.978994945141224,57.24036132371512,0.0,0.7245903067601731,0.8009226898693003,25000.0,25.0,25000.0,0.0,0.0,0.0,1.0,0.992,0.517,0.517,0.475,0.0,0.008,0.0,0.0,0.0,100.0,0.0,0,0.0,local_confidence_threshold,0.8,False
dapper,stable,113,100.0,1000,24.924957379086543,33.92528008813723,34.852479041190236,34.99387303551587,55.010316682467696,0.0,0.725184772552611,0.7975242994668902,25000.0,25.0,25000.0,0.0,0.0,0.0,1.0,0.985,0.488,0.488,0.497,0.0,0.015,0.0,0.0,0.0,100.0,0.0,0,0.0,local_confidence_threshold,0.8,False
dapper,stable,114,100.0,1000,25.128438548268,33.86993382489312,34.786318253661975,34.99771913787838,57.93248284979347,0.0,0.7237524930795687,0.8033240545658997,25000.0,25.0,25000.0,0.0,0.0,0.0,1.0,0.989,0.53,0.53,0.459,0.0,0.011,0.0,0.0,0.0,100.0,0.0,0,0.0,local_confidence_threshold,0.8,False
dapper,stable,115,100.0,1000,25.094705607799348,34.162413089123824,34.74465384721523,34.970565607066455,56.513563879840724,0.0,0.7245886848920773,0.8010527993695287,25000.0,25.0,25000.0,0.0,0.0,0.0,1.0,0.988,0.51,0.51,0.478,0.0,0.012,0.0,0.0,0.0,100.0,0.0,0,0.0,local_confidence_threshold,0.8,False
dapper,stable,116,100.0,1000,25.028301912688907,34.05041769477859,34.88445460350265,34.99403448766891,58.36742048439565,0.0,0.7244573126145593,0.8041615182100852,25000.0,25.0,25000.0,0.0,0.0,0.0,1.0,0.995,0.539,0.539,0.456,0.0,0.005,0.0,0.0,0.0,100.0,0.0,0,0.0,local_confidence_threshold,0.8,False
dapper,stable,117,100.0,1000,24.997182216762514,33.94211020128963,34.806950360419165,34.98156739475102,55.98851512449491,0.0,0.7238166310991714,0.7982096397317744,25000.0,25.0,25000.0,0.0,0.0,0.0,1.0,0.988,0.493,0.493,0.495,0.0,0.012,0.0,0.0,0.0,100.0,0.0,0,0.0,local_confidence_threshold,0.8,False
dapper,stable,118,100.0,1000,25.026589048763064,34.146334679362305,34.835239525322194,34.964244111574146,56.71298899532537,0.0,0.7280528994609765,0.8024783280256713,25000.0,25.0,25000.0,0.0,0.0,0.0,1.0,0.991,0.51,0.51,0.481,0.0,0.009,0.0,0.0,0.0,100.0,0.0,0,0.0,local_confidence_threshold,0.8,False
dapper,stable,119,100.0,1000,24.80107188012856,34.00280379558126,34.81754573602827,34.936826663719394,57.443063475436375,0.0,0.7243707963012889,0.8045675847475898,25000.0,25.0,25000.0,0.0,0.0,0.0,1.0,0.989,0.525,0.525,0.464,0.0,0.011,0.0,0.0,0.0,100.0,0.0,0,0.0,local_confidence_threshold,0.8,False
dapper,stable,120,100.0,1000,25.000139802139184,33.83887438020657,34.75482963071029,34.96519781982063,56.277915757096,0.0,0.7247996031934949,0.8003864086787547,25000.0,25.0,25000.0,0.0,0.0,0.0,1.0,0.985,0.504,0.504,0.481,0.0,0.015,0.0,0.0,0.0,100.0,0.0,0,0.0,local_confidence_threshold,0.8,False
dapper,stable,121,100.0,1000,24.870142370806825,34.08802278656587,34.79782372711737,34.96061084968983,55.19192828265312,0.0,0.7235062491591376,0.7971068302156246,25000.0,25.0,25000.0,0.0,0.0,0.0,1.0,0.987,0.486,0.486,0.501,0.0,0.013,0.0,0.0,0.0,100.0,0.0,0,0.0,local_confidence_threshold,0.8,False
dapper,stable,122,100.0,1000,24.829111935230273,33.958468133447,34.74506049633189,34.924143640943036,57.0885535834798,0.0,0.7259117747422895,0.8033261191388481,25000.0,25.0,25000.0,0.0,0.0,0.0,1.0,0.989,0.514,0.514,0.475,0.0,0.011,0.0,0.0,0.0,100.0,0.0,0,0.0,local_confidence_threshold,0.8,False
dapper,stable,123,100.0,1000,25.35470141463279,34.01400394209814,34.728637206489786,34.90743937957425,54.77079715867195,0.0,0.7231039957478556,0.7969516899915418,25000.0,25.0,25000.0,0.0,0.0,0.0,1.0,0.983,0.475,0.475,0.508,0.0,0.017,0.0,0.0,0.0,100.0,0.0,0,0.0,local_confidence_threshold,0.8,False
dapper,stable,124,100.0,1000,25.00583269004324,34.03261405514325,34.80612955591713,34.95256595801938,55.93766821891825,0.0,0.7270004160651047,0.8013141844269079,25000.0,25.0,25000.0,0.0,0.0,0.0,1.0,0.993,0.498,0.498,0.495,0.0,0.007,0.0,0.0,0.0,100.0,0.0,0,0.0,local_confidence_threshold,0.8,False
dapper,stable,125,100.0,1000,24.9867591189863,33.982185709447386,34.8021659840167,34.99165214842439,58.4405623681783,0.0,0.7268533605073024,0.8052622659120062,25000.0,25.0,25000.0,0.0,0.0,0.0,1.0,0.993,0.533,0.533,0.46,0.0,0.007,0.0,0.0,0.0,100.0,0.0,0,0.0,local_confidence_threshold,0.8,False
dapper,stable,126,100.0,1000,24.628886386363657,33.70638744138536,34.672811784104226,34.983867296625746,57.26466437126896,0.0,0.726794351381784,0.8067886727815479,25000.0,25.0,25000.0,0.0,0.0,0.0,1.0,0.987,0.526,0.526,0.461,0.0,0.013,0.0,0.0,0.0,100.0,0.0,0,0.0,local_confidence_threshold,0.8,False
dapper,stable,127,100.0,1000,25.164646066804526,34.17312143282042,34.80106095916998,34.970740898815485,58.27553534198825,0.0,0.7237258806201099,0.8025952454116121,25000.0,25.0,25000.0,0.0,0.0,0.0,1.0,0.99,0.532,0.532,0.458,0.0,0.01,0.0,0.0,0.0,100.0,0.0,0,0.0,local_confidence_threshold,0.8,False
dapper,stable,128,100.0,1000,25.178185128090664,33.92859815320874,34.67968897440042,34.972660274630584,58.65627045310895,0.0,0.7271450910033325,0.8060690486263641,25000.0,25.0,25000.0,0.0,0.0,0.0,1.0,0.985,0.538,0.538,0.447,0.0,0.015,0.0,0.0,0.0,100.0,0.0,0,0.0,local_confidence_threshold,0.8,False
dapper,stable,129,100.0,1000,25.217209562918274,34.07064808785484,34.83459462785327,34.9933571344785,56.88754349246287,0.0,0.722736266433297,0.8011230361874909,25000.0,25.0,25000.0,0.0,0.0,0.0,1.0,0.989,0.512,0.512,0.477,0.0,0.011,0.0,0.0,0.0,100.0,0.0,0,0.0,local_confidence_threshold,0.8,False
dapper,congested,100,100.0,1000,24.824557271985057,33.928407620489025,34.77556075006328,34.97404020175507,24.824557271985057,0.0,0.7231225654703062,0.7231225654703062,0.0,0.0,0.0,0.004,0.004,0.0,0.0,0.0,0.0,0.0,0.0,0.0,0.0,0.0,99.6,0.0,0.0,0.4,8,8.0,local_confidence_threshold,0.8,False
dapper,congested,101,100.0,1000,25.026673523971784,34.03466107987438,34.84243479054015,34.99327875607795,25.026673523971784,0.0,0.7239603822715144,0.7239603822715144,0.0,0.0,0.0,0.007,0.007,0.0,0.0,0.0,0.0,0.0,0.0,0.0,0.0,0.0,99.3,0.0,0.0,0.7000000000000001,12,12.0,local_confidence_threshold,0.8,False
dapper,congested,102,100.0,1000,24.829712790777762,33.96479457393766,34.69588731781126,34.989536221406055,24.829712790777762,0.0,0.7270052366898776,0.7270052366898776,0.0,0.0,0.0,0.008,0.008,0.0,0.0,0.0,0.0,0.0,0.0,0.0,0.0,0.0,99.2,0.0,0.0,0.8,14,14.0,local_confidence_threshold,0.8,False
dapper,congested,103,100.0,1000,24.892785643695664,34.09454856492267,34.78542999553827,34.985893217625524,24.892785643695664,0.0,0.7249187188165734,0.7249187188165734,0.0,0.0,0.0,0.006,0.006,0.0,0.0,0.0,0.0,0.0,0.0,0.0,0.0,0.0,99.4,0.0,0.0,0.6,12,12.0,local_confidence_threshold,0.8,False
dapper,congested,104,100.0,1000,24.77796847513708,33.81394766067372,34.81048977789511,34.94578824107255,24.77796847513708,0.0,0.7272547943451833,0.7272547943451833,0.0,0.0,0.0,0.008,0.008,0.0,0.0,0.0,0.0,0.0,0.0,0.0,0.0,0.0,99.2,0.0,0.0,0.8,14,14.0,local_confidence_threshold,0.8,False
dapper,congested,105,100.0,1000,24.677162661323955,34.007432758127685,34.86009343610894,34.98145078352877,24.677162661323955,0.0,0.7241646482306923,0.7241646482306923,25.0,0.025,25.0,0.008,0.008,0.0,0.001,1.0,0.0,0.0,1.0,0.0,0.0,0.0,99.1,0.0,0.1,0.8,14,14.0,local_confidence_threshold,0.8,False
dapper,congested,106,100.0,1000,24.772684967250918,33.98450796903268,34.753821099438774,34.98979405154197,24.772684967250918,0.0,0.7262080408789683,0.7262080408789683,0.0,0.0,0.0,0.007,0.007,0.0,0.0,0.0,0.0,0.0,0.0,0.0,0.0,0.0,99.3,0.0,0.0,0.7000000000000001,8,8.0,local_confidence_threshold,0.8,False
dapper,congested,107,100.0,1000,24.763848167260303,33.88426057014752,34.77470672268729,34.998762184541775,24.763848167260303,0.0,0.7257346306649486,0.7257346306649486,0.0,0.0,0.0,0.005,0.005,0.0,0.0,0.0,0.0,0.0,0.0,0.0,0.0,0.0,99.5,0.0,0.0,0.5,8,8.0,local_confidence_threshold,0.8,False
dapper,congested,108,100.0,1000,24.953177155047733,33.943119032195405,34.814499351033405,34.99655745974279,24.953177155047733,0.0,0.7244295155267036,0.7244295155267036,0.0,0.0,0.0,0.008,0.008,0.0,0.0,0.0,0.0,0.0,0.0,0.0,0.0,0.0,99.2,0.0,0.0,0.8,14,14.0,local_confidence_threshold,0.8,False
dapper,congested,109,100.0,1000,24.847059358357548,33.93181537323021,34.785030538309286,34.98925809716232,24.847059358357548,0.0,0.7234323551786083,0.7234323551786083,0.0,0.0,0.0,0.007,0.007,0.0,0.0,0.0,0.0,0.0,0.0,0.0,0.0,0.0,99.3,0.0,0.0,0.7000000000000001,10,10.0,local_confidence_threshold,0.8,False
dapper,congested,110,100.0,1000,24.70223165713215,33.71973175922034,34.60151524624712,34.90888622322395,24.70223165713215,0.0,0.7246938266396346,0.7246938266396346,0.0,0.0,0.0,0.005,0.005,0.0,0.0,0.0,0.0,0.0,0.0,0.0,0.0,0.0,99.5,0.0,0.0,0.5,8,8.0,local_confidence_threshold,0.8,False
dapper,congested,111,100.0,1000,24.94253826558974,33.995133250212476,34.74455155405684,34.96241421096305,24.94253826558974,0.0,0.7254545302713125,0.7254545302713125,0.0,0.0,0.0,0.008,0.008,0.0,0.0,0.0,0.0,0.0,0.0,0.0,0.0,0.0,99.2,0.0,0.0,0.8,14,14.0,local_confidence_threshold,0.8,False
dapper,congested,112,100.0,1000,24.86963877249279,33.90095224371657,34.76580213455383,34.985906989642146,24.86963877249279,0.0,0.7266076329631779,0.7266076329631779,0.0,0.0,0.0,0.013,0.013,0.0,0.0,0.0,0.0,0.0,0.0,0.0,0.0,0.0,98.7,0.0,0.0,1.3,18,18.0,local_confidence_threshold,0.8,False
dapper,congested,113,100.0,1000,24.72292431672843,33.938019364553725,34.77247181035648,34.98424994294581,24.72292431672843,0.0,0.7265134749764945,0.7265134749764945,0.0,0.0,0.0,0.007,0.007,0.0,0.0,0.0,0.0,0.0,0.0,0.0,0.0,0.0,99.3,0.0,0.0,0.7000000000000001,12,12.0,local_confidence_threshold,0.8,False
dapper,congested,114,100.0,1000,24.915906991902833,33.99518413696301,34.87476614646897,34.96282987218834,24.915906991902833,0.0,0.7286233928366593,0.7286233928366593,0.0,0.0,0.0,0.008,0.008,0.0,0.0,0.0,0.0,0.0,0.0,0.0,0.0,0.0,99.2,0.0,0.0,0.8,10,10.0,local_confidence_threshold,0.8,False
dapper,congested,115,100.0,1000,25.085740611498316,34.01033183391731,34.751795785617006,34.96593743598228,25.085740611498316,0.0,0.722824442674691,0.722824442674691,0.0,0.0,0.0,0.006,0.006,0.0,0.0,0.0,0.0,0.0,0.0,0.0,0.0,0.0,99.4,0.0,0.0,0.6,10,10.0,local_confidence_threshold,0.8,False
dapper,congested,116,100.0,1000,25.324934204252145,33.95730249293956,34.77240430108412,34.9771698353159,25.324934204252145,0.0,0.7260315559209485,0.7260315559209485,0.0,0.0,0.0,0.008,0.008,0.0,0.0,0.0,0.0,0.0,0.0,0.0,0.0,0.0,99.2,0.0,0.0,0.8,16,16.0,local_confidence_threshold,0.8,False
dapper,congested,117,100.0,1000,24.38620885543388,33.706919736517364,34.66361864084976,34.994340946660934,24.38620885543388,0.0,0.7253330615138619,0.7253330615138619,25.0,0.025,25.0,0.008,0.008,0.0,0.001,1.0,0.0,0.0,1.0,0.0,0.0,0.0,99.1,0.0,0.1,0.8,18,18.0,local_confidence_threshold,0.8,False
dapper,congested,118,100.0,1000,25.01023416650803,34.01490807545646,34.75940662114508,34.968506891824205,25.01023416650803,0.0,0.7268033495517163,0.7268033495517163,0.0,0.0,0.0,0.007,0.007,0.0,0.0,0.0,0.0,0.0,0.0,0.0,0.0,0.0,99.3,0.0,0.0,0.7000000000000001,12,12.0,local_confidence_threshold,0.8,False
dapper,congested,119,100.0,1000,25.237974362405513,33.930297923071485,34.79939395844596,34.97944595589328,25.237974362405513,0.0,0.7235998627315303,0.7235998627315303,0.0,0.0,0.0,0.005,0.005,0.0,0.0,0.0,0.0,0.0,0.0,0.0,0.0,0.0,99.5,0.0,0.0,0.5,8,8.0,local_confidence_threshold,0.8,False
dapper,congested,120,100.0,1000,24.770729236686982,33.99634834863332,34.78821886321599,34.985958566309606,24.770729236686982,0.0,0.724149083598059,0.724149083598059,0.0,0.0,0.0,0.008,0.008,0.0,0.0,0.0,0.0,0.0,0.0,0.0,0.0,0.0,99.2,0.0,0.0,0.8,16,16.0,local_confidence_threshold,0.8,False
dapper,congested,121,100.0,1000,24.670024513531853,33.750343569648706,34.75280697328194,34.996277370025744,24.670024513531853,0.0,0.7242193034879331,0.7242193034879331,0.0,0.0,0.0,0.006,0.006,0.0,0.0,0.0,0.0,0.0,0.0,0.0,0.0,0.0,99.4,0.0,0.0,0.6,10,10.0,local_confidence_threshold,0.8,False
dapper,congested,122,100.0,1000,24.53787182490916,33.83751458842038,34.770700984913006,34.91653465760954,24.53787182490916,0.0,0.726925307989091,0.726925307989091,0.0,0.0,0.0,0.013,0.013,0.0,0.0,0.0,0.0,0.0,0.0,0.0,0.0,0.0,98.7,0.0,0.0,1.3,14,14.0,local_confidence_threshold,0.8,False
dapper,congested,123,100.0,1000,24.972968667791022,34.0068905091913,34.771507219222585,34.98883073588995,24.972968667791022,0.0,0.7231981737549722,0.7231981737549722,0.0,0.0,0.0,0.002,0.002,0.0,0.0,0.0,0.0,0.0,0.0,0.0,0.0,0.0,99.8,0.0,0.0,0.2,4,4.0,local_confidence_threshold,0.8,False
dapper,congested,124,100.0,1000,24.68398444976012,33.74309287533703,34.66363593071505,34.94326242767353,24.68398444976012,0.0,0.7246698111318651,0.7246698111318651,0.0,0.0,0.0,0.006,0.006,0.0,0.0,0.0,0.0,0.0,0.0,0.0,0.0,0.0,99.4,0.0,0.0,0.6,10,10.0,local_confidence_threshold,0.8,False
dapper,congested,125,100.0,1000,24.725669553063664,34.05786747219948,34.83418763630404,34.99974319601896,24.725669553063664,0.0,0.7228975062228786,0.7228975062228786,25.0,0.025,25.0,0.012,0.012,0.0,0.001,1.0,0.0,0.0,1.0,0.0,0.0,0.0,98.7,0.0,0.1,1.2,16,16.0,local_confidence_threshold,0.8,False
dapper,congested,126,100.0,1000,24.961010734873252,33.97988585528562,34.774114294105054,34.99086328598782,24.961010734873252,0.0,0.7258907807888281,0.7258907807888281,0.0,0.0,0.0,0.002,0.002,0.0,0.0,0.0,0.0,0.0,0.0,0.0,0.0,0.0,99.8,0.0,0.0,0.2,4,4.0,local_confidence_threshold,0.8,False
dapper,congested,127,100.0,1000,24.79915459305446,33.97839515917549,34.71031183612322,34.99801668883106,24.79915459305446,0.0,0.7241769809830646,0.7241769809830646,0.0,0.0,0.0,0.01,0.01,0.0,0.0,0.0,0.0,0.0,0.0,0.0,0.0,0.0,99.0,0.0,0.0,1.0,18,18.0,local_confidence_threshold,0.8,False
dapper,congested,128,100.0,1000,24.671514882986425,34.08647701991846,34.783499539553866,34.99302751306131,24.671514882986425,0.0,0.72324842617587,0.72324842617587,0.0,0.0,0.0,0.008,0.008,0.0,0.0,0.0,0.0,0.0,0.0,0.0,0.0,0.0,99.2,0.0,0.0,0.8,12,12.0,local_confidence_threshold,0.8,False
dapper,congested,129,100.0,1000,24.599702966215787,33.90591045177916,34.77957296022762,34.981958638619645,24.599702966215787,0.0,0.7227863941222297,0.7227863941222297,0.0,0.0,0.0,0.013,0.013,0.0,0.0,0.0,0.0,0.0,0.0,0.0,0.0,0.0,98.7,0.0,0.0,1.3,20,20.0,local_confidence_threshold,0.8,False
dapper,lossy,100,100.0,1000,25.284238375351617,34.04718924628941,34.84826155800029,34.98907189172226,33.077908250776915,0.0,0.7261089761349956,0.7436444530348747,21000.0,21.0,21000.0,0.0,0.0,0.0,0.84,0.8095238095238095,0.13214285714285715,0.111,0.6773809523809524,0.0,0.19047619047619047,0.0,16.0,0.0,84.0,0.0,222,222.0,local_confidence_threshold,0.8,False
dapper,lossy,101,100.0,1000,25.059527190349893,34.120642165867906,34.8265496982896,34.99538718567808,32.22458782473882,0.0,0.7233638220296621,0.7391268728884304,20175.0,20.175,20175.0,0.0,0.0,0.0,0.807,0.8203221809169765,0.12639405204460966,0.102,0.6939281288723668,0.0,0.17967781908302355,0.0,19.3,0.0,80.7,0.0,262,262.0,local_confidence_threshold,0.8,False
dapper,lossy,102,100.0,1000,24.993003502753638,33.78557770295638,34.81151542684563,34.990087052311324,31.484713962604257,0.0,0.7247993890094673,0.7392386392633282,19800.0,19.8,19800.0,0.0,0.0,0.0,0.792,0.8068181818181818,0.11742424242424243,0.093,0.6893939393939394,0.0,0.19318181818181818,0.0,20.8,0.0,79.2,0.0,256,256.0,local_confidence_threshold,0.8,False
dapper,lossy,103,100.0,1000,25.072925546868568,34.23372242321619,34.794279965090745,34.9768308072483,33.861591602320495,0.0,0.7255664298957895,0.7449486385086773,21450.0,21.45,21450.0,0.0,0.0,0.0,0.858,0.8018648018648019,0.14685314685314685,0.126,0.655011655011655,0.0,0.19813519813519814,0.0,14.2,0.0,85.8,0.0,202,202.0,local_confidence_threshold,0.8,False
dapper,lossy,104,100.0,1000,24.952721574773207,33.7641107522445,34.821547122134376,34.99174516374082,34.055985045952404,0.0,0.725270205207262,0.7445841236098383,21075.0,21.075,21075.0,0.0,0.0,0.0,0.843,0.8054567022538552,0.1553973902728351,0.131,0.6500593119810202,0.0,0.19454329774614473,0.0,15.7,0.0,84.3,0.0,234,234.0,local_confidence_threshold,0.8,False
dapper,lossy,105,100.0,1000,25.095152971928933,33.826524025580916,34.67873591147265,34.99594666457182,32.854749306121654,0.0,0.7248747477212536,0.7405036842487754,21075.0,21.075,21075.0,0.0,0.0,0.0,0.843,0.8291814946619217,0.13167259786476868,0.111,0.697508896797153,0.0,0.1708185053380783,0.0,15.7,0.0,84.3,0.0,226,226.0,local_confidence_threshold,0.8,False
dapper,lossy,106,100.0,1000,24.856568122610433,33.832964597231225,34.72189143706977,34.99784375073101,31.96290115643183,0.0,0.7235813767870335,0.7397244424087861,20525.0,20.525,20525.0,0.0,0.0,0.0,0.821,0.8416565164433617,0.12423873325213154,0.102,0.7174177831912302,0.0,0.15834348355663824,0.0,17.9,0.0,82.1,0.0,259,259.0,local_confidence_threshold,0.8,False
dapper,lossy,107,100.0,1000,24.68158080592215,34.00414573371424,34.83973190471446,34.99325658145116,31.95862697847205,0.0,0.7241940517114336,0.7398358390195997,20475.0,20.475,20475.0,0.0,0.0,0.0,0.819,0.8107448107448108,0.12576312576312576,0.103,0.684981684981685,0.0,0.18925518925518925,0.0,18.099999999999998,0.0,81.89999999999999,0.0,234,234.0,local_confidence_threshold,0.8,False
dapper,lossy,108,100.0,1000,25.047265262517854,34.05795037600457,34.73288919337191,34.96757252768798,32.14159813724409,0.0,0.7235643813542582,0.7388334937444485,21050.0,21.05,21050.0,0.0,0.0,0.0,0.842,0.8135391923990499,0.12114014251781473,0.102,0.6923990498812351,0.0,0.18646080760095013,0.0,15.8,0.0,84.2,0.0,238,238.0,local_confidence_threshold,0.8,False
dapper,lossy,109,100.0,1000,24.775139056545807,34.049418286887835,34.7919194149339,34.94624843509132,32.92983492416138,0.0,0.7212325912059436,0.7395091927486296,20800.0,20.8,20800.0,0.0,0.0,0.0,0.832,0.8305288461538461,0.140625,0.117,0.6899038461538461,0.0,0.16947115384615385,0.0,16.8,0.0,83.2,0.0,212,212.0,local_confidence_threshold,0.8,False
dapper,lossy,110,100.0,1000,25.004520730247734,33.8683404853258,34.86997539103268,34.98456857838196,33.75109147578766,0.0,0.7268739784421301,0.7451149558803886,21100.0,21.1,21100.0,0.0,0.0,0.0,0.844,0.7772511848341233,0.14691943127962084,0.124,0.6303317535545023,0.0,0.22274881516587677,0.0,15.6,0.0,84.39999999999999,0.0,222,222.0,local_confidence_threshold,0.8,False
dapper,lossy,111,100.0,1000,24.90307640535743,34.14835345167596,34.756755348825656,34.981698697795565,32.7556557000052,0.0,0.7248703254305311,0.741050003511741,20700.0,20.7,20700.0,0.0,0.0,0.0,0.828,0.8031400966183575,0.13768115942028986,0.114,0.6654589371980676,0.0,0.19685990338164253,0.0,17.2,0.0,82.8,0.0,237,237.0,local_confidence_threshold,0.8,False
dapper,lossy,112,100.0,1000,24.956367632930085,34.151123089835,34.870234716853815,34.962158450180866,33.06019904760227,0.0,0.7253954496233768,0.7429173169802508,21025.0,21.025,21025.0,0.0,0.0,0.0,0.841,0.8026159334126041,0.13912009512485138,0.117,0.6634958382877527,0.0,0.19738406658739596,0.0,15.9,0.0,84.1,0.0,198,198.0,local_confidence_threshold,0.8,False
dapper,lossy,113,100.0,1000,25.11573781751927,34.14436127878192,34.867885766711,34.99782157537433,32.76807563222568,0.0,0.7254462125679975,0.7417740163691323,21525.0,21.525,21525.0,0.0,0.0,0.0,0.861,0.8072009291521487,0.12659698025551683,0.109,0.6806039488966318,0.0,0.19279907084785133,0.0,13.900000000000002,0.0,86.1,0.0,214,214.0,local_confidence_threshold,0.8,False
dapper,lossy,114,100.0,1000,25.05695156474369,34.026649628584615,34.857774174382406,34.983091762156874,32.7952195923254,0.0,0.72440817275247,0.7408514460715853,20475.0,20.475,20475.0,0.0,0.0,0.0,0.819,0.800976800976801,0.13675213675213677,0.112,0.6642246642246642,0.0,0.199023199023199,0.0,18.099999999999998,0.0,81.89999999999999,0.0,236,236.0,local_confidence_threshold,0.8,False
dapper,lossy,115,100.0,1000,24.76252752899427,34.140208891814694,34.85306689119638,34.992962372181864,32.591457014930775,0.0,0.7251726691219196,0.7411248765769434,20725.0,20.725,20725.0,0.0,0.0,0.0,0.829,0.7961399276236429,0.13630880579010857,0.113,0.6598311218335344,0.0,0.20386007237635706,0.0,17.1,0.0,82.89999999999999,0.0,242,242.0,local_confidence_threshold,0.8,False
dapper,lossy,116,100.0,1000,24.951356764470432,33.914227978461774,34.857265543400885,34.99525986411179,33.75244271981009,0.0,0.7243445892890008,0.7443465749595518,21200.0,21.2,21200.0,0.0,0.0,0.0,0.848,0.8313679245283019,0.1509433962264151,0.128,0.6804245283018868,0.0,0.16863207547169812,0.0,15.2,0.0,84.8,0.0,218,218.0,local_confidence_threshold,0.8,False
dapper,lossy,117,100.0,1000,25.037129912861214,33.9567672696681,34.764351269100246,34.996388970755305,31.61921159062746,0.0,0.726073452957747,0.7388234103950774,20975.0,20.975,20975.0,0.0,0.0,0.0,0.839,0.8069129916567342,0.11203814064362336,0.094,0.6948748510131109,0.0,0.19308700834326578,0.0,16.1,0.0,83.89999999999999,0.0,228,228.0,local_confidence_threshold,0.8,False
dapper,lossy,118,100.0,1000,24.83203368389728,33.86314293776527,34.704566823658226,34.94197590424748,33.13647559750792,0.0,0.7277094589160901,0.7443394983302967,20850.0,20.85,20850.0,0.0,0.0,0.0,0.834,0.8261390887290168,0.14268585131894485,0.119,0.6834532374100719,0.0,0.17386091127098321,0.0,16.6,0.0,83.39999999999999,0.0,224,224.0,local_confidence_threshold,0.8,False
dapper,lossy,119,100.0,1000,25.22380561542694,34.16353447898527,34.88856396573517,34.993426719837316,33.49332059248081,0.0,0.72570145608929,0.7433253325212863,21250.0,21.25,21250.0,0.0,0.0,0.0,0.85,0.82,0.1411764705882353,0.12,0.6788235294117647,0.0,0.18,0.0,15.0,0.0,85.0,0.0,206,206.0,local_confidence_threshold,0.8,False
dapper,lossy,120,100.0,1000,24.94356883456326,33.94762430607923,34.82126839451995,34.99480299428936,31.947295635196753,0.0,0.7242446744200584,0.7395697665711806,20675.0,20.675,20675.0,0.0,0.0,0.0,0.827,0.8065296251511487,0.12091898428053205,0.1,0.6856106408706167,0.0,0.19347037484885127,0.0,17.299999999999997,0.0,82.69999999999999,0.0,234,234.0,local_confidence_threshold,0.8,False
dapper,lossy,121,100.0,1000,24.890186762682326,33.9509837447526,34.75636721943252,34.9865485323475,33.665972977219795,0.0,0.7226738180182367,0.7421935993933141,21200.0,21.2,21200.0,0.0,0.0,0.0,0.848,0.8183962264150944,0.1474056603773585,0.125,0.6709905660377359,0.0,0.18160377358490565,0.0,15.2,0.0,84.8,0.0,228,228.0,local_confidence_threshold,0.8,False
dapper,lossy,122,100.0,1000,25.08579289471596,34.07524967583675,34.72465675884838,34.92311681265087,33.14848299825531,0.0,0.7253656451784852,0.7429511511684286,21100.0,21.1,21100.0,0.0,0.0,0.0,0.844,0.7997630331753555,0.1362559241706161,0.115,0.6635071090047393,0.0,0.20023696682464456,0.0,15.6,0.0,84.39999999999999,0.0,198,198.0,local_confidence_threshold,0.8,False
dapper,lossy,123,100.0,1000,24.817178107343594,33.97858252982191,34.71884738710505,34.9640180768012,33.27222887760827,0.0,0.725177200048534,0.7447060908680628,20900.0,20.9,20900.0,0.0,0.0,0.0,0.836,0.8050239234449761,0.1471291866028708,0.123,0.6578947368421053,0.0,0.19497607655502391,0.0,16.400000000000002,0.0,83.6,0.0,232,232.0,local_confidence_threshold,0.8,False
dapper,lossy,124,100.0,1000,25.144076835710404,34.0084817041087,34.82162623829404,34.999930978152555,35.748626623855394,0.0,0.7252006399861742,0.7482219307273581,21700.0,21.7,21700.0,0.0,0.0,0.0,0.868,0.8329493087557603,0.17626728110599077,0.153,0.6566820276497696,0.0,0.16705069124423963,0.0,13.200000000000001,0.0,86.8,0.0,180,180.0,local_confidence_threshold,0.8,False
dapper,lossy,125,100.0,1000,25.290207315525716,34.07810779324134,34.85987931432081,34.99675173862079,33.018076069490185,0.0,0.725008358044021,0.7405345341121349,20425.0,20.425,20425.0,0.0,0.0,0.0,0.817,0.8102815177478581,0.1383108935128519,0.113,0.6719706242350061,0.0,0.189718482252142,0.0,18.3,0.0,81.69999999999999,0.0,234,234.0,local_confidence_threshold,0.8,False
dapper,lossy,126,100.0,1000,25.012306557377276,34.01851118868758,34.87231873366858,34.99707928007821,33.400659346461175,0.0,0.7223553858756083,0.7400923777708844,21025.0,21.025,21025.0,0.0,0.0,0.0,0.841,0.8180737217598097,0.14387633769322236,0.121,0.6741973840665874,0.0,0.18192627824019025,0.0,15.9,0.0,84.1,0.0,218,218.0,local_confidence_threshold,0.8,False
dapper,lossy,127,100.0,1000,24.933813775828348,34.03862120823819,34.851014551058256,34.985303846764054,34.134768350387546,0.0,0.7254720911704587,0.7454736603539254,21225.0,21.225,21225.0,0.0,0.0,0.0,0.849,0.7656065959952886,0.15665488810365136,0.133,0.6089517078916372,0.0,0.23439340400471143,0.0,15.1,0.0,84.89999999999999,0.0,217,217.0,local_confidence_threshold,0.8,False
dapper,lossy,128,100.0,1000,25.361525346794913,34.112832194106765,34.722796126768856,34.99638466136344,33.601660512613925,0.0,0.7258146565752936,0.7430412678333901,21000.0,21.0,21000.0,0.0,0.0,0.0,0.84,0.8214285714285714,0.14404761904761904,0.121,0.6773809523809524,0.0,0.17857142857142858,0.0,16.0,0.0,84.0,0.0,234,234.0,local_confidence_threshold,0.8,False
dapper,lossy,129,100.0,1000,24.956002553810663,34.060395492680186,34.85750602439408,34.980831653703675,32.97878334726652,0.0,0.7240405957959037,0.7404988889435048,21275.0,21.275,21275.0,0.0,0.0,0.0,0.851,0.81786133960047,0.13513513513513514,0.115,0.6827262044653349,0.0,0.18213866039952997,0.0,14.899999999999999,0.0,85.1,0.0,210,210.0,local_confidence_threshold,0.8,False
dapper,variable,100,100.0,1000,19.847097399190012,33.61420558459003,34.76027410675784,34.95054826151675,22.09114799634006,0.0,0.7259116438296801,0.7311100792672693,6225.0,6.225,6225.0,0.284,0.216,0.0,0.249,0.9196787148594378,0.14056224899598393,0.035,0.7791164658634538,0.0,0.08032128514056225,0.0,53.5,0.0,24.9,21.6,329,329.0,local_confidence_threshold,0.8,False
dapper,variable,101,100.0,1000,19.873228370530978,33.51859359353788,34.716729365681125,34.99816501848515,22.86528347161423,0.0,0.7275598148950951,0.7343168957483185,7050.0,7.05,7050.0,0.256,0.2,0.0,0.282,0.9361702127659575,0.15602836879432624,0.044,0.7801418439716312,0.0,0.06382978723404255,0.0,51.800000000000004,0.0,28.199999999999996,20.0,327,327.0,local_confidence_threshold,0.8,False
dapper,variable,102,100.0,1000,21.725835154751234,33.952084801243224,34.85412725538718,34.995332379528136,24.800752453317696,0.0,0.7253923428217819,0.7327717313436155,6975.0,6.975,6975.0,0.167,0.131,0.0,0.279,0.910394265232975,0.16487455197132617,0.046,0.7455197132616488,0.0,0.08960573476702509,0.0,59.0,0.0,27.900000000000002,13.100000000000001,286,286.0,local_confidence_threshold,0.8,False
dapper,variable,103,100.0,1000,19.512093113412188,33.581179869308166,34.6745142049723,34.99051342908312,21.893994661892233,0.0,0.7264145780785138,0.7320027378648507,6700.0,6.7,6700.0,0.315,0.239,0.0,0.268,0.9067164179104478,0.13059701492537312,0.035,0.7761194029850746,0.0,0.09328358208955224,0.0,49.3,0.0,26.8,23.9,336,336.0,local_confidence_threshold,0.8,False
dapper,variable,104,100.0,1000,21.518439904160722,33.92297556550541,34.71580596411837,34.944614204784195,24.553346270316514,0.0,0.727405744674525,0.733810413643097,6575.0,6.575,6575.0,0.187,0.143,0.0,0.263,0.9277566539923955,0.17110266159695817,0.045,0.7566539923954373,0.0,0.07224334600760456,0.0,59.4,0.0,26.3,14.299999999999999,274,274.0,local_confidence_threshold,0.8,False
dapper,variable,105,100.0,1000,20.409246302565197,33.52133876628223,34.7773651787171,34.98077376103997,23.64043185604027,0.0,0.726150768098847,0.7334298152216023,6975.0,6.975,6975.0,0.238,0.184,0.0,0.279,0.9498207885304659,0.16845878136200718,0.047,0.7813620071684588,0.0,0.05017921146953405,0.0,53.7,0.0,27.900000000000002,18.4,317,317.0,local_confidence_threshold,0.8,False
dapper,variable,106,100.0,1000,21.59372391817589,33.5305156645498,34.67586933903363,34.993851868805095,24.709254187620758,0.0,0.7255234671581106,0.7326713537540173,6425.0,6.425,6425.0,0.175,0.136,0.0,0.257,0.9377431906614786,0.1828793774319066,0.047,0.754863813229572,0.0,0.0622568093385214,0.0,60.699999999999996,0.0,25.7,13.600000000000001,278,278.0,local_confidence_threshold,0.8,False
dapper,variable,107,100.0,1000,20.056441701403287,33.56666120695883,34.6268453225655,34.98148819897819,22.699893165970924,0.0,0.7240116849833446,0.7298894811028727,5725.0,5.725,5725.0,0.261,0.201,0.0,0.229,0.925764192139738,0.1703056768558952,0.039,0.7554585152838428,0.0,0.07423580786026202,0.0,56.99999999999999,0.0,22.900000000000002,20.1,294,294.0,local_confidence_threshold,0.8,False
dapper,variable,108,100.0,1000,20.480881005394448,33.99159903353784,34.77692101060002,34.94872090187498,23.77741969344845,0.0,0.7260048286422379,0.7336005259694649,6900.0,6.9,6900.0,0.26,0.196,0.0,0.276,0.927536231884058,0.17753623188405798,0.049,0.75,0.0,0.07246376811594203,0.0,52.800000000000004,0.0,27.6,19.6,313,313.0,local_confidence_threshold,0.8,False
dapper,variable,109,100.0,1000,21.210997956041414,33.76823065319891,34.76110730262953,34.98660651522982,23.524400419434475,0.0,0.7239038673745836,0.7286950103397913,6350.0,6.35,6350.0,0.203,0.156,0.0,0.254,0.9251968503937008,0.13385826771653545,0.034,0.7913385826771654,0.0,0.07480314960629922,0.0,59.0,0.0,25.4,15.6,309,309.0,local_confidence_threshold,0.8,False
dapper,variable,110,100.0,1000,20.982663888093814,33.908831310824965,34.67822534775889,34.98146709760653,23.07510135455121,0.0,0.7252583766377324,0.7297848361688722,6200.0,6.2,6200.0,0.226,0.171,0.0,0.248,0.9193548387096774,0.125,0.031,0.7943548387096774,0.0,0.08064516129032258,0.0,58.099999999999994,0.0,24.8,17.1,303,303.0,local_confidence_threshold,0.8,False
dapper,variable,111,100.0,1000,21.15036747714493,33.79838354481562,34.723349040720166,34.97684653932659,24.007776384944098,0.0,0.7257443855359366,0.7322344482342704,6850.0,6.85,6850.0,0.216,0.166,0.0,0.274,0.9233576642335767,0.15693430656934307,0.043,0.7664233576642335,0.0,0.07664233576642336,0.0,56.00000000000001,0.0,27.400000000000002,16.6,305,305.0,local_confidence_threshold,0.8,False
dapper,variable,112,100.0,1000,21.078172240720427,34.0565418294024,34.79412676903375,34.95854802039493,24.424491208657834,0.0,0.728773769620013,0.7359815847289767,7425.0,7.425,7425.0,0.215,0.162,0.0,0.297,0.9461279461279462,0.16498316498316498,0.049,0.7811447811447811,0.0,0.05387205387205387,0.0,54.1,0.0,29.7,16.2,316,316.0,local_confidence_threshold,0.8,False
dapper,variable,113,100.0,1000,21.273906223598555,33.57682626381407,34.78843892853948,34.96829040868747,23.247734844266386,0.0,0.7263068757945752,0.730384394176901,6800.0,6.8,6800.0,0.197,0.15,0.0,0.272,0.9338235294117647,0.10661764705882353,0.029,0.8272058823529411,0.0,0.0661764705882353,0.0,57.8,0.0,27.200000000000003,15.0,284,284.0,local_confidence_threshold,0.8,False
dapper,variable,114,100.0,1000,19.651478679764644,33.53883646549626,34.61117657596823,34.99588156157893,22.205604150101777,0.0,0.7222741502329159,0.7277804033284867,5300.0,5.3,5300.0,0.266,0.205,0.0,0.212,0.910377358490566,0.1792452830188679,0.038,0.7311320754716981,0.0,0.08962264150943396,0.0,58.3,0.0,21.2,20.5,325,325.0,local_confidence_threshold,0.8,False
dapper,variable,115,100.0,1000,21.45827282696581,33.34691437699113,34.626745067103904,34.87718954629805,24.98825504319995,0.0,0.7230935571850724,0.7311441169345825,6225.0,6.225,6225.0,0.176,0.137,0.0,0.249,0.9076305220883534,0.20883534136546184,0.052,0.6987951807228916,0.0,0.09236947791164658,0.0,61.4,0.0,24.9,13.700000000000001,275,275.0,local_confidence_threshold,0.8,False
dapper,variable,116,100.0,1000,20.840460970931165,33.98344969197258,34.76841725790863,34.94714462527301,23.101326982822126,0.0,0.7289372186607409,0.7343915662377399,5825.0,5.825,5825.0,0.239,0.184,0.0,0.233,0.9356223175965666,0.14163090128755365,0.033,0.7939914163090128,0.0,0.06437768240343347,0.0,58.3,0.0,23.3,18.4,278,278.0,local_confidence_threshold,0.8,False
dapper,variable,117,100.0,1000,22.76021868961211,34.240173789397694,34.82080355680936,34.990866631104254,24.830515891273276,0.0,0.7236897900442029,0.7279961664452956,7150.0,7.15,7150.0,0.132,0.1,0.0,0.286,0.9265734265734266,0.10839160839160839,0.031,0.8181818181818182,0.0,0.07342657342657342,0.0,61.4,0.0,28.599999999999998,10.0,277,277.0,local_confidence_threshold,0.8,False
dapper,variable,118,100.0,1000,21.19990772515089,33.5101571170854,34.37942051281876,34.868091607089696,24.98288085067961,0.0,0.7253170160299028,0.7337172495120705,7850.0,7.85,7850.0,0.193,0.148,0.0,0.314,0.9394904458598726,0.1751592356687898,0.055,0.7643312101910829,0.0,0.06050955414012739,0.0,53.800000000000004,0.0,31.4,14.799999999999999,295,295.0,local_confidence_threshold,0.8,False
dapper,variable,119,100.0,1000,20.98980792595105,33.65904383541709,34.57959716197339,34.99635852821138,23.97418656647004,0.0,0.7248011782863056,0.731938209845586,6775.0,6.775,6775.0,0.218,0.166,0.0,0.271,0.933579335793358,0.16236162361623616,0.044,0.7712177121771218,0.0,0.06642066420664207,0.0,56.3,0.0,27.1,16.6,289,289.0,local_confidence_threshold,0.8,False
dapper,variable,120,100.0,1000,21.637219680970638,33.96526001626422,34.71258654891299,34.99491157025027,24.368127535584275,0.0,0.7236256274039456,0.730168714451096,8050.0,8.05,8050.000000000001,0.179,0.134,0.0,0.322,0.9316770186335404,0.12422360248447205,0.04,0.8074534161490683,0.0,0.06832298136645963,0.0,54.400000000000006,0.0,32.2,13.4,293,293.0,local_confidence_threshold,0.8,False
dapper,variable,121,100.0,1000,20.769854338698046,33.76407787463392,34.80089032279628,34.994688323129196,25.13155158481442,0.0,0.7246801812954811,0.735340335698197,7575.0,7.575,7575.0,0.217,0.168,0.0,0.303,0.9504950495049505,0.2145214521452145,0.065,0.735973597359736,0.0,0.04950495049504951,0.0,52.900000000000006,0.0,30.3,16.8,286,286.0,local_confidence_threshold,0.8,False
dapper,variable,122,100.0,1000,21.13175821444513,33.694416258508085,34.631522901173106,34.97317679379236,24.734623383264406,0.0,0.727101792089757,0.7346366367093042,6825.0,6.825,6825.0,0.197,0.151,0.0,0.273,0.9560439560439561,0.19413919413919414,0.053,0.7619047619047619,0.0,0.04395604395604396,0.0,57.599999999999994,0.0,27.3,15.1,294,294.0,local_confidence_threshold,0.8,False
dapper,variable,123,100.0,1000,21.09321361110236,33.79103353765298,34.79488657343286,34.98222422308634,23.428358565258222,0.0,0.7282104611957531,0.7344075208926206,6575.0,6.575,6575.0,0.215,0.164,0.0,0.263,0.9277566539923955,0.13688212927756654,0.036,0.7908745247148289,0.0,0.07224334600760456,0.0,57.3,0.0,26.3,16.400000000000002,307,307.0,local_confidence_threshold,0.8,False
dapper,variable,124,100.0,1000,21.732988484636902,33.61582768332837,34.67732058291188,34.996246009129095,24.35123541152725,0.0,0.7242599698219147,0.7298716515346408,8025.0,8.025,8025.0,0.169,0.132,0.0,0.321,0.897196261682243,0.12149532710280374,0.039,0.7757009345794392,0.0,0.102803738317757,0.0,54.7,0.0,32.1,13.200000000000001,308,308.0,local_confidence_threshold,0.8,False
dapper,variable,125,100.0,1000,20.769788307085673,33.55572104656107,34.7780426012565,34.94952031560075,24.28615201273698,0.0,0.7247766856990758,0.7320237944292853,6875.0,6.875,6875.0,0.222,0.17,0.0,0.275,0.9345454545454546,0.1890909090909091,0.052,0.7454545454545455,0.0,0.06545454545454546,0.0,55.50000000000001,0.0,27.500000000000004,17.0,292,292.0,local_confidence_threshold,0.8,False
dapper,variable,126,100.0,1000,21.1478810158433,33.75159446968112,34.720173914570076,34.997585709381326,23.985301322362297,0.0,0.730137150017489,0.7368156529514341,6975.0,6.975,6975.0,0.21,0.163,0.0,0.279,0.9175627240143369,0.15412186379928317,0.043,0.7634408602150538,0.0,0.08243727598566308,0.0,55.800000000000004,0.0,27.900000000000002,16.3,298,298.0,local_confidence_threshold,0.8,False
dapper,variable,127,100.0,1000,20.660215773075464,34.01155392391131,34.710521322396545,34.9805264786951,23.24204249923527,0.0,0.7254115546748069,0.7314979399676487,6675.0,6.675,6675.0,0.245,0.187,0.0,0.267,0.9550561797752809,0.13857677902621723,0.037,0.8164794007490637,0.0,0.0449438202247191,0.0,54.6,0.0,26.700000000000003,18.7,317,317.0,local_confidence_threshold,0.8,False
dapper,variable,128,100.0,1000,19.588881490818014,33.63444553862527,34.724924465655434,34.96530254190218,22.02975189006514,0.0,0.7261101277963585,0.7304447450389271,5100.0,5.1,5100.0,0.278,0.214,0.0,0.204,0.9215686274509803,0.1715686274509804,0.035,0.75,0.0,0.0784313725490196,0.0,58.199999999999996,0.0,20.4,21.4,301,301.0,local_confidence_threshold,0.8,False
dapper,variable,129,100.0,1000,21.009790891695804,33.95183803633796,34.77333674805944,34.967648156933706,23.12624688944641,0.0,0.7216296347896245,0.7266039666286128,6200.0,6.2,6200.0,0.227,0.175,0.0,0.248,0.9354838709677419,0.13306451612903225,0.033,0.8024193548387096,0.0,0.06451612903225806,0.0,57.699999999999996,0.0,24.8,17.5,310,310.0,local_confidence_threshold,0.8,False
dapper,outage,100,100.0,1000,7.390958833110617,31.53222247776869,33.92161243264051,34.99545577037872,7.390958833110617,0.0,0.7256162643603677,0.7256162643603677,0.0,0.0,0.0,1.0,0.735,0.0,0.0,0.0,0.0,0.0,0.0,0.0,0.0,0.0,22.6,0.0,0.0,77.4,422,422.0,local_confidence_threshold,0.8,False
dapper,outage,101,100.0,1000,7.394054329988902,31.520563490832846,34.26171430265933,34.94450915915627,7.394054329988902,0.0,0.7269702216094329,0.7269702216094329,0.0,0.0,0.0,1.0,0.736,0.0,0.0,0.0,0.0,0.0,0.0,0.0,0.0,0.0,21.9,0.0,0.0,78.10000000000001,412,412.0,local_confidence_threshold,0.8,False
dapper,outage,102,100.0,1000,7.51680019137851,31.462924322041214,34.417701339171714,34.98162652146018,7.51680019137851,0.0,0.725179462474503,0.725179462474503,0.0,0.0,0.0,1.0,0.731,0.0,0.0,0.0,0.0,0.0,0.0,0.0,0.0,0.0,23.200000000000003,0.0,0.0,76.8,422,422.0,local_confidence_threshold,0.8,False
dapper,outage,103,100.0,1000,7.378221024983012,31.251434028184203,34.6042054298873,34.981104653112794,7.378221024983012,0.0,0.7262335249696575,0.7262335249696575,0.0,0.0,0.0,1.0,0.735,0.0,0.0,0.0,0.0,0.0,0.0,0.0,0.0,0.0,23.0,0.0,0.0,77.0,429,429.0,local_confidence_threshold,0.8,False
dapper,outage,104,100.0,1000,7.568293210290533,31.59395630138461,34.54533747275368,34.97633437705056,7.568293210290533,0.0,0.7263175970031922,0.7263175970031922,0.0,0.0,0.0,1.0,0.728,0.0,0.0,0.0,0.0,0.0,0.0,0.0,0.0,0.0,23.5,0.0,0.0,76.5,422,422.0,local_confidence_threshold,0.8,False
dapper,outage,105,100.0,1000,7.519378267796368,31.402502329388795,34.46505659979935,34.921933732182964,7.519378267796368,0.0,0.7248271436420854,0.7248271436420854,0.0,0.0,0.0,1.0,0.732,0.0,0.0,0.0,0.0,0.0,0.0,0.0,0.0,0.0,22.8,0.0,0.0,77.2,417,417.0,local_confidence_threshold,0.8,False
dapper,outage,106,100.0,1000,7.549106265746754,31.449714720334896,34.37540672388598,34.964850295506736,7.549106265746754,0.0,0.7212594093828284,0.7212594093828284,0.0,0.0,0.0,1.0,0.732,0.0,0.0,0.0,0.0,0.0,0.0,0.0,0.0,0.0,22.3,0.0,0.0,77.7,414,414.0,local_confidence_threshold,0.8,False
dapper,outage,107,100.0,1000,7.495635529917344,31.80791921566703,34.39018497885919,34.99112443015811,7.495635529917344,0.0,0.7250211366010297,0.7250211366010297,0.0,0.0,0.0,1.0,0.733,0.0,0.0,0.0,0.0,0.0,0.0,0.0,0.0,0.0,23.1,0.0,0.0,76.9,422,422.0,local_confidence_threshold,0.8,False
dapper,outage,108,100.0,1000,7.251361824662859,31.14265792210696,34.17418822409749,34.97297658698431,7.251361824662859,0.0,0.7266974788453335,0.7266974788453335,0.0,0.0,0.0,1.0,0.736,0.0,0.0,0.0,0.0,0.0,0.0,0.0,0.0,0.0,23.0,0.0,0.0,77.0,426,426.0,local_confidence_threshold,0.8,False
dapper,outage,109,100.0,1000,7.685496458575816,31.705170488180077,34.40871885608117,34.88886016594044,7.685496458575816,0.0,0.7258121030951461,0.7258121030951461,0.0,0.0,0.0,1.0,0.729,0.0,0.0,0.0,0.0,0.0,0.0,0.0,0.0,0.0,23.5,0.0,0.0,76.5,427,427.0,local_confidence_threshold,0.8,False
dapper,outage,110,100.0,1000,7.355193804523941,30.694822041353905,34.222511546491425,34.969462845702225,7.355193804523941,0.0,0.7245809511185383,0.7245809511185383,0.0,0.0,0.0,1.0,0.735,0.0,0.0,0.0,0.0,0.0,0.0,0.0,0.0,0.0,22.8,0.0,0.0,77.2,425,425.0,local_confidence_threshold,0.8,False
dapper,outage,111,100.0,1000,7.398682547644234,31.455362565824643,34.05726657846486,34.958198085831974,7.398682547644234,0.0,0.7280638471067766,0.7280638471067766,0.0,0.0,0.0,1.0,0.732,0.0,0.0,0.0,0.0,0.0,0.0,0.0,0.0,0.0,22.900000000000002,0.0,0.0,77.10000000000001,414,414.0,local_confidence_threshold,0.8,False
dapper,outage,112,100.0,1000,7.370625290236145,31.426397231090824,34.038780941246515,34.949972127365655,7.370625290236145,0.0,0.7280606555765715,0.7280606555765715,0.0,0.0,0.0,1.0,0.734,0.0,0.0,0.0,0.0,0.0,0.0,0.0,0.0,0.0,22.1,0.0,0.0,77.9,412,412.0,local_confidence_threshold,0.8,False
dapper,outage,113,100.0,1000,7.147796806593906,30.844985093880027,33.96419838510252,34.91680130902314,7.147796806593906,0.0,0.7299582611154545,0.7299582611154545,0.0,0.0,0.0,1.0,0.737,0.0,0.0,0.0,0.0,0.0,0.0,0.0,0.0,0.0,23.200000000000003,0.0,0.0,76.8,437,437.0,local_confidence_threshold,0.8,False
dapper,outage,114,100.0,1000,7.501176014095029,31.4914309836508,34.414218678920534,34.97406829855338,7.501176014095029,0.0,0.7224631994341497,0.7224631994341497,0.0,0.0,0.0,1.0,0.728,0.0,0.0,0.0,0.0,0.0,0.0,0.0,0.0,0.0,22.3,0.0,0.0,77.7,398,398.0,local_confidence_threshold,0.8,False
dapper,outage,115,100.0,1000,7.428611862088066,30.652007764158807,34.152857588086846,34.990047900593524,7.428611862088066,0.0,0.7262317832361891,0.7262317832361891,0.0,0.0,0.0,1.0,0.735,0.0,0.0,0.0,0.0,0.0,0.0,0.0,0.0,0.0,22.2,0.0,0.0,77.8,413,413.0,local_confidence_threshold,0.8,False
dapper,outage,116,100.0,1000,7.310877248374183,30.959598437937885,34.2744524675671,34.84799240200695,7.310877248374183,0.0,0.727895972888168,0.727895972888168,0.0,0.0,0.0,1.0,0.734,0.0,0.0,0.0,0.0,0.0,0.0,0.0,0.0,0.0,23.5,0.0,0.0,76.5,434,434.0,local_confidence_threshold,0.8,False
dapper,outage,117,100.0,1000,7.385847848859415,31.09198240986329,34.14712359689956,34.96597639562117,7.385847848859415,0.0,0.7183856901372877,0.7183856901372877,0.0,0.0,0.0,1.0,0.732,0.0,0.0,0.0,0.0,0.0,0.0,0.0,0.0,0.0,21.9,0.0,0.0,78.10000000000001,403,403.0,local_confidence_threshold,0.8,False
dapper,outage,118,100.0,1000,7.254554051460061,31.241459127591458,33.60889001037177,34.741923692424066,7.254554051460061,0.0,0.7269199104810466,0.7269199104810466,0.0,0.0,0.0,1.0,0.737,0.0,0.0,0.0,0.0,0.0,0.0,0.0,0.0,0.0,22.0,0.0,0.0,78.0,408,408.0,local_confidence_threshold,0.8,False
dapper,outage,119,100.0,1000,7.544636632920723,31.97128927281031,34.12470746616695,34.92690319762808,7.544636632920723,0.0,0.7220765044472426,0.7220765044472426,0.0,0.0,0.0,1.0,0.733,0.0,0.0,0.0,0.0,0.0,0.0,0.0,0.0,0.0,23.599999999999998,0.0,0.0,76.4,434,434.0,local_confidence_threshold,0.8,False
dapper,outage,120,100.0,1000,7.2966883444603,30.892941767709793,34.211465224522804,34.99743937003936,7.2966883444603,0.0,0.7277157448014966,0.7277157448014966,0.0,0.0,0.0,1.0,0.733,0.0,0.0,0.0,0.0,0.0,0.0,0.0,0.0,0.0,22.1,0.0,0.0,77.9,410,410.0,local_confidence_threshold,0.8,False
dapper,outage,121,100.0,1000,7.333809267763978,31.109084311834984,33.97165026658857,34.64971422730907,7.333809267763978,0.0,0.7274434266949621,0.7274434266949621,0.0,0.0,0.0,1.0,0.738,0.0,0.0,0.0,0.0,0.0,0.0,0.0,0.0,0.0,22.7,0.0,0.0,77.3,427,427.0,local_confidence_threshold,0.8,False
dapper,outage,122,100.0,1000,7.251434439695796,30.60696308430699,34.355640534389124,34.986643071399804,7.251434439695796,0.0,0.7230377555986962,0.7230377555986962,0.0,0.0,0.0,1.0,0.738,0.0,0.0,0.0,0.0,0.0,0.0,0.0,0.0,0.0,21.8,0.0,0.0,78.2,412,412.0,local_confidence_threshold,0.8,False
dapper,outage,123,100.0,1000,7.348689071341893,31.31477153672879,33.77157051102519,34.93381679406212,7.348689071341893,0.0,0.7249842011830019,0.7249842011830019,0.0,0.0,0.0,1.0,0.734,0.0,0.0,0.0,0.0,0.0,0.0,0.0,0.0,0.0,22.6,0.0,0.0,77.4,416,416.0,local_confidence_threshold,0.8,False
dapper,outage,124,100.0,1000,7.660167119732145,32.1804553486177,34.264528586595944,34.941792593643456,7.660167119732145,0.0,0.7230039723105824,0.7230039723105824,0.0,0.0,0.0,1.0,0.731,0.0,0.0,0.0,0.0,0.0,0.0,0.0,0.0,0.0,22.3,0.0,0.0,77.7,400,400.0,local_confidence_threshold,0.8,False
dapper,outage,125,100.0,1000,7.350838089581009,31.434653948905787,34.32904496368304,34.97323235440945,7.350838089581009,0.0,0.7221812250823167,0.7221812250823167,0.0,0.0,0.0,1.0,0.733,0.0,0.0,0.0,0.0,0.0,0.0,0.0,0.0,0.0,23.200000000000003,0.0,0.0,76.8,428,428.0,local_confidence_threshold,0.8,False
dapper,outage,126,100.0,1000,7.215129876013096,30.710400018658593,33.86622552192073,34.99530404733341,7.215129876013096,0.0,0.725540342550057,0.725540342550057,0.0,0.0,0.0,1.0,0.738,0.0,0.0,0.0,0.0,0.0,0.0,0.0,0.0,0.0,22.6,0.0,0.0,77.4,428,428.0,local_confidence_threshold,0.8,False
dapper,outage,127,100.0,1000,7.168677740371282,30.32721903409148,33.88590346281151,34.91862325958482,7.168677740371282,0.0,0.7321660926795039,0.7321660926795039,0.0,0.0,0.0,1.0,0.738,0.0,0.0,0.0,0.0,0.0,0.0,0.0,0.0,0.0,21.9,0.0,0.0,78.10000000000001,409,409.0,local_confidence_threshold,0.8,False
dapper,outage,128,100.0,1000,7.182658284101614,30.07092856934142,34.160945540901714,34.96572059102459,7.182658284101614,0.0,0.7245057292187558,0.7245057292187558,0.0,0.0,0.0,1.0,0.736,0.0,0.0,0.0,0.0,0.0,0.0,0.0,0.0,0.0,23.0,0.0,0.0,77.0,428,428.0,local_confidence_threshold,0.8,False
dapper,outage,129,100.0,1000,7.192894149462109,30.305709714834187,34.22738591997794,34.97529884555047,7.192894149462109,0.0,0.7266441172681618,0.7266441172681618,0.0,0.0,0.0,1.0,0.738,0.0,0.0,0.0,0.0,0.0,0.0,0.0,0.0,0.0,21.3,0.0,0.0,78.7,404,404.0,local_confidence_threshold,0.8,False
